Date,CR_CDS_SPREAD.EFAGG9.EUR.SNRFOR.6M,CR_CDS_SPREAD.EFAGG9.EUR.SNRFOR.1Y,CR_CDS_SPREAD.EFAGG9.EUR.SNRFOR.2Y,CR_CDS_SPREAD.EFAGG9.EUR.SNRFOR.3Y,CR_CDS_SPREAD.EFAGG9.EUR.SNRFOR.4Y,CR_CDS_SPREAD.EFAGG9.EUR.SNRFOR.5Y,CR_CDS_SPREAD.EFAGG9.EUR.SNRFOR.7Y,CR_CDS_SPREAD.EFAGG9.EUR.SNRFOR.10Y,CR_CDS_SPREAD.EFAGG9.EUR.SNRFOR.15Y,CR_CDS_SPREAD.EFAGG9.EUR.SNRFOR.20Y,CR_CDS_SPREAD.EFAGG9.EUR.SNRFOR.30Y
2024-09-25,0.0017790900,0.0022296200,0.0029437300,0.0035765100,0.0042644400,0.0049926100,0.0066315000,0.0079911800,0.0090894100,0.0094006600,0.0095874000
2024-09-24,0.0017924400,0.0022200200,0.0029347700,0.0035821300,0.0042743800,0.0049949000,0.0066325400,0.0079853800,0.0090845900,0.0094560300,0.0098284900
2024-09-23,0.0018026300,0.0022405200,0.0029448400,0.0035882200,0.0042782600,0.0050022100,0.0066283800,0.0079636600,0.0090642700,0.0094193700,0.0097544900
2024-09-20,0.0017555900,0.0021963300,0.0028647400,0.0035196800,0.0041805500,0.0049150900,0.0065091500,0.0078166900,0.0089042100,0.0091625700,0.0092747000
2024-09-19,0.0015151200,0.0018985500,0.0025319200,0.0031279200,0.0037610200,0.0044325800,0.0060559000,0.0073946100,0.0084721800,0.0087389600,0.0088550500
2024-09-18,0.0015486100,0.0019380900,0.0025777500,0.0031789300,0.0038181000,0.0045024800,0.0061274700,0.0074665700,0.0085492600,0.0088404100,0.0089950400
2024-09-17,0.0015279800,0.0019140500,0.0025557400,0.0031531800,0.0037940300,0.0044774300,0.0061020200,0.0074356900,0.0085004900,0.0088071900,0.0089475800
2024-09-16,0.0015602200,0.0019555600,0.0026285200,0.0032227300,0.0038672900,0.0045387900,0.0061625800,0.0075065100,0.0085964500,0.0089066600,0.0090900700
2024-09-13,0.0015785800,0.0019506400,0.0026261600,0.0032212600,0.0038694500,0.0045322400,0.0061645300,0.0074978400,0.0085900200,0.0089857000,0.0093793600
2024-09-12,0.0016249900,0.0020019500,0.0026761100,0.0032860200,0.0039490000,0.0046304200,0.0062577600,0.0075932000,0.0086767800,0.0090725200,0.0094528900
2024-09-11,0.0016748900,0.0020595800,0.0027316900,0.0033303000,0.0040072600,0.0047088100,0.0063374900,0.0076824000,0.0087895800,0.0091548800,0.0094876100
2024-09-10,0.0015962000,0.0019947800,0.0026583600,0.0032750600,0.0039250500,0.0046131200,0.0062390200,0.0075719100,0.0086501400,0.0089191200,0.0090729900
2024-09-09,0.0016277600,0.0020083700,0.0026778800,0.0032760600,0.0039278500,0.0046021400,0.0062241000,0.0075618600,0.0086488900,0.0090014900,0.0093509200
2024-09-06,0.0016079600,0.0019981100,0.0026815200,0.0032836300,0.0039545900,0.0046138800,0.0062598500,0.0075805500,0.0086639200,0.0089340600,0.0090445800
2024-09-05,0.0015746900,0.0019591600,0.0026350000,0.0032455500,0.0038926800,0.0045596900,0.0061627000,0.0075132100,0.0085974400,0.0088662000,0.0090192300
2024-09-04,0.0016651300,0.0020467900,0.0027163500,0.0033328100,0.0039712700,0.0046397500,0.0062372600,0.0075777600,0.0086753800,0.0090286000,0.0093597400
2024-09-03,0.0015718300,0.0019682000,0.0026465700,0.0032522400,0.0038889100,0.0045356900,0.0061470300,0.0074797000,0.0085616100,0.0088177900,0.0089277100
2024-09-02,0.0015355900,0.0019325900,0.0026180800,0.0031896300,0.0038144700,0.0044386600,0.0060657300,0.0074054900,0.0084849900,0.0087526100,0.0088539900
2024-08-30,0.0015208800,0.0019131200,0.0026004900,0.0031733000,0.0038059200,0.0044167700,0.0060374200,0.0073351100,0.0084165400,0.0086675600,0.0087717400
2024-08-29,0.0014573200,0.0018401600,0.0025371300,0.0030908200,0.0037439700,0.0043629900,0.0060148000,0.0073352300,0.0084133000,0.0086807300,0.0087817100
2024-08-28,0.0014372900,0.0018135000,0.0024832400,0.0030693000,0.0036964500,0.0043267700,0.0059972300,0.0073053000,0.0083910500,0.0086618600,0.0087682100
2024-08-27,0.0014683100,0.0018529200,0.0025479400,0.0031293800,0.0037265300,0.0043313400,0.0059840100,0.0072522600,0.0083208000,0.0086028600,0.0087315200
2024-08-26,0.0014993100,0.0018606200,0.0025083700,0.0031209300,0.0037345100,0.0043823000,0.0060154700,0.0073508400,0.0084219000,0.0087917200,0.0091240900
2024-08-23,0.0014844100,0.0018702500,0.0025222800,0.0031254400,0.0037324900,0.0043654200,0.0059957100,0.0073194800,0.0083941100,0.0086636600,0.0087707800
2024-08-22,0.0014887885,0.0018764896,0.0025462808,0.0031431200,0.0037516409,0.0043910846,0.0060293655,0.0073488710,0.0084139964,0.0086833526,0.0088020044
2024-08-21,0.0014931800,0.0018827500,0.0025705100,0.0031609000,0.0037708900,0.0044169000,0.0060632100,0.0073783800,0.0084339300,0.0087030900,0.0088333400
2024-08-20,0.0014969100,0.0018879100,0.0025938500,0.0031967000,0.0038214000,0.0044639200,0.0061009100,0.0073661900,0.0084318000,0.0086999000,0.0088565900
2024-08-19,0.0014884900,0.0018601500,0.0025641700,0.0031927200,0.0038191800,0.0044647100,0.0061195600,0.0074106700,0.0084611900,0.0088325300,0.0091718300
2024-08-16,0.0014846600,0.0018787400,0.0025779800,0.0032031300,0.0038431300,0.0044950300,0.0061441900,0.0074414400,0.0084870200,0.0087397500,0.0088783100
2024-08-15,0.0015083100,0.0019110000,0.0026047100,0.0032355800,0.0038910400,0.0045531300,0.0062102000,0.0074601400,0.0084497500,0.0087018400,0.0088435300
2024-08-14,0.0015150900,0.0019105000,0.0026762300,0.0033544900,0.0040268400,0.0047073200,0.0063733700,0.0076186200,0.0086122900,0.0088892700,0.0090372800
2024-08-13,0.0015589100,0.0019549700,0.0027417600,0.0034137300,0.0041073500,0.0048171500,0.0064783600,0.0077266400,0.0086915300,0.0090022100,0.0092050000
2024-08-12,0.0015756000,0.0019515500,0.0027313000,0.0034064400,0.0040733800,0.0047616300,0.0064430700,0.0076908800,0.0086927700,0.0090996600,0.0094872500
2024-08-09,0.0015756800,0.0019519600,0.0027309100,0.0034070200,0.0040913000,0.0047688400,0.0064349400,0.0076849500,0.0087065200,0.0090812900,0.0094192100
2024-08-08,0.0015701600,0.0019740800,0.0027398900,0.0034212500,0.0041092500,0.0047989800,0.0064679200,0.0077167800,0.0087489300,0.0090185900,0.0091339900
2024-08-07,0.0015310200,0.0019456900,0.0027139400,0.0033974300,0.0040843500,0.0047757100,0.0064479200,0.0077140500,0.0087520400,0.0090184900,0.0091274400
2024-08-06,0.0016861400,0.0021056200,0.0028856500,0.0036010700,0.0043279800,0.0050701500,0.0067509400,0.0080387100,0.0091343800,0.0094100000,0.0095251300
2024-08-05,0.0017893800,0.0022155000,0.0030067700,0.0037262800,0.0044370800,0.0051500900,0.0068352700,0.0081089500,0.0091919400,0.0094876300,0.0096534300
2024-08-02,0.0016346600,0.0020371000,0.0027930100,0.0034813800,0.0041772800,0.0048922200,0.0065486800,0.0078265200,0.0089156500,0.0092247000,0.0094098600
2024-08-01,0.0015689500,0.0019148500,0.0026581600,0.0033326200,0.0039939800,0.0046640400,0.0063319700,0.0076022500,0.0087012100,0.0090959100,0.0094927500
2024-07-31,0.0015499900,0.0019028100,0.0026705000,0.0032849400,0.0038920500,0.0045039700,0.0062007700,0.0075606600,0.0086628900,0.0090678300,0.0094739800
2024-07-30,0.0015163200,0.0018535400,0.0026579800,0.0032833000,0.0039175500,0.0045568300,0.0062168000,0.0075185500,0.0086023800,0.0090086400,0.0094126200
2024-07-29,0.0015125400,0.0018527700,0.0026159400,0.0032405200,0.0038660200,0.0045024100,0.0061744300,0.0074913400,0.0085679900,0.0089732600,0.0093664300
2024-07-26,0.0014673000,0.0017928200,0.0025664100,0.0032158700,0.0038554500,0.0044997100,0.0061626400,0.0074147000,0.0084247800,0.0087900900,0.0091465100
2024-07-25,0.0014444300,0.0018108000,0.0025941500,0.0032458900,0.0038879100,0.0045353200,0.0062062100,0.0074487000,0.0084469200,0.0087207000,0.0088462200
2024-07-24,0.0014174300,0.0017873700,0.0025480000,0.0031833400,0.0038127800,0.0044634000,0.0061111500,0.0073628100,0.0083593500,0.0086338000,0.0087739100
2024-07-23,0.0014140500,0.0017766000,0.0025046800,0.0031245000,0.0037463000,0.0043825800,0.0060424400,0.0073386200,0.0083392500,0.0086523400,0.0088479800
2024-07-22,0.0014030500,0.0017335900,0.0025097700,0.0031268400,0.0037457300,0.0043907300,0.0060350700,0.0072647100,0.0082593900,0.0086601700,0.0090207600
2024-07-19,0.0013992600,0.0017675000,0.0025359500,0.0031677200,0.0037951400,0.0044364600,0.0060842500,0.0073204700,0.0083219700,0.0086320600,0.0088275000
2024-07-18,0.0014129200,0.0017417500,0.0024716200,0.0031129000,0.0037384200,0.0043776800,0.0060366200,0.0072860400,0.0082890400,0.0087069800,0.0091166600
2024-07-17,0.0014028800,0.0017168500,0.0024680700,0.0030956700,0.0037179600,0.0043398900,0.0059813200,0.0071458800,0.0081326000,0.0085408500,0.0089296400
2024-07-16,0.0013685800,0.0016837900,0.0024595500,0.0030585700,0.0036629100,0.0042670700,0.0059011900,0.0070720500,0.0080563300,0.0084386200,0.0087969600
2024-07-15,0.0013075300,0.0016507000,0.0024339100,0.0030409500,0.0036400000,0.0042407300,0.0058728800,0.0070253100,0.0079809100,0.0082842400,0.0084735300
2024-07-12,0.0013634600,0.0016821500,0.0024601000,0.0030904100,0.0036990900,0.0043058600,0.0059423300,0.0071072000,0.0080835400,0.0084770100,0.0088164600
2024-07-11,0.0013774900,0.0017266500,0.0025022500,0.0030971700,0.0037289700,0.0043438100,0.0060137100,0.0072970900,0.0083134300,0.0086185200,0.0087946000
2024-07-10,0.0014062100,0.0017199200,0.0024935500,0.0031126200,0.0037460900,0.0043643900,0.0060318200,0.0072819200,0.0082917000,0.0086482100,0.0089898100
2024-07-09,0.0013886400,0.0017419200,0.0025179800,0.0031395600,0.0037693500,0.0043989600,0.0060595400,0.0073203400,0.0083210800,0.0085704200,0.0087081000
2024-07-08,0.0013010500,0.0016582300,0.0024125500,0.0030354800,0.0036670900,0.0042938600,0.0059500200,0.0071951600,0.0082031400,0.0084596600,0.0085994600
2024-07-05,0.0013277100,0.0016797000,0.0024495300,0.0030799000,0.0037363200,0.0044039600,0.0060533700,0.0072773900,0.0082740400,0.0085460900,0.0086705900
2024-07-04,0.0013481400,0.0017103800,0.0024753700,0.0031159700,0.0037600800,0.0044369900,0.0060954900,0.0073600900,0.0083616700,0.0086344200,0.0087744400
2024-07-03,0.0014088300,0.0017774300,0.0025559400,0.0032244400,0.0038970800,0.0045952700,0.0062484800,0.0075330100,0.0085552000,0.0088591700,0.0090367700
2024-07-02,0.0015455400,0.0018908900,0.0026655500,0.0033761800,0.0040786400,0.0047868000,0.0064413000,0.0077414100,0.0087968600,0.0091509200,0.0094908100
2024-07-01,0.0015029400,0.0018750100,0.0026422300,0.0033768300,0.0040909700,0.0048082900,0.0064835000,0.0077541700,0.0087906300,0.0090712000,0.0092524500
2024-06-28,0.0016795700,0.0020443000,0.0028426000,0.0036096300,0.0043512800,0.0050925800,0.0067723500,0.0080439200,0.0090732100,0.0094333200,0.0097720900
2024-06-27,0.0015818700,0.0019773800,0.0027923300,0.0035783500,0.0043271900,0.0050877800,0.0067476200,0.0079943300,0.0090161400,0.0092873800,0.0094056000
2024-06-26,0.0015704100,0.0019625600,0.0027781600,0.0035533000,0.0042983600,0.0050576600,0.0067340600,0.0079541400,0.0089910500,0.0092630100,0.0093860000
2024-06-25,0.0015517900,0.0019372900,0.0027483000,0.0034817300,0.0042111400,0.0049789000,0.0066359700,0.0078851500,0.0089371400,0.0092220700,0.0094073200
2024-06-24,0.0015771800,0.0019212600,0.0027198300,0.0034783000,0.0041879600,0.0049459700,0.0066224100,0.0078830100,0.0089338800,0.0092843400,0.0096142600
2024-06-21,0.0016555100,0.0020660800,0.0028319200,0.0035744400,0.0042882500,0.0050513400,0.0067399800,0.0080861900,0.0091798700,0.0094549800,0.0095728300
2024-06-20,0.0015311400,0.0019263600,0.0027354000,0.0034990800,0.0042196000,0.0049465900,0.0066159000,0.0078433600,0.0088776700,0.0091352700,0.0092786100
2024-06-19,0.0015292700,0.0019249700,0.0027070300,0.0034703900,0.0041878500,0.0049012600,0.0065703100,0.0078167800,0.0088656000,0.0091275700,0.0092673400
2024-06-18,0.0014891400,0.0018798300,0.0026553200,0.0034257200,0.0041266500,0.0048294700,0.0065116100,0.0077896200,0.0088791000,0.0091618600,0.0092946000
2024-06-17,0.0015711600,0.0019667500,0.0027658200,0.0035728200,0.0042735600,0.0049959300,0.0066816600,0.0079311600,0.0089610300,0.0092612900,0.0094080800
2024-06-14,0.0015604500,0.0019349400,0.0026793300,0.0034252300,0.0041127100,0.0048076600,0.0064872900,0.0077952100,0.0088864400,0.0092008700,0.0093992100
2024-06-13,0.0014165600,0.0017434100,0.0024515800,0.0031509300,0.0037960600,0.0044511700,0.0061106100,0.0074386800,0.0084505800,0.0087987800,0.0091563400
2024-06-12,0.0012870900,0.0016387600,0.0023231400,0.0030042500,0.0036200000,0.0042469600,0.0059157800,0.0071886600,0.0082196600,0.0084838400,0.0086223800
2024-06-11,0.0013461700,0.0017007800,0.0023934200,0.0030707000,0.0037006800,0.0043362800,0.0060117300,0.0072846900,0.0083449000,0.0086258500,0.0087471900
2024-06-10,0.0012949300,0.0016266700,0.0023012700,0.0029734500,0.0035938200,0.0041910500,0.0058630200,0.0071123100,0.0081198400,0.0084211900,0.0085915600
2024-06-07,0.0012613900,0.0015574100,0.0022110300,0.0028603400,0.0034624500,0.0040605500,0.0057437800,0.0069986800,0.0080247400,0.0083865900,0.0087274800
2024-06-06,0.0012204700,0.0015444900,0.0022222100,0.0028937800,0.0034972100,0.0040854500,0.0057981200,0.0070699100,0.0080847200,0.0083907500,0.0085680500
2024-06-05,0.0012578500,0.0015524400,0.0022380900,0.0029059700,0.0035101500,0.0041017100,0.0058209000,0.0071001200,0.0081040300,0.0084737700,0.0088340600
2024-06-04,0.0012615600,0.0016001300,0.0022521200,0.0028697700,0.0034902800,0.0040985400,0.0058564100,0.0072682900,0.0083141100,0.0086062000,0.0087546400
2024-06-03,0.0012211200,0.0015467900,0.0021955100,0.0028523400,0.0034572800,0.0040448400,0.0057193300,0.0070037600,0.0080266300,0.0083400600,0.0085236100
2024-05-31,0.0012527200,0.0015447600,0.0022149000,0.0028911500,0.0034878700,0.0040551100,0.0057322800,0.0069705100,0.0079831900,0.0083719800,0.0087604900
2024-05-30,0.0012545000,0.0015555900,0.0022166300,0.0028746400,0.0034700800,0.0040642400,0.0057248700,0.0069364100,0.0079381900,0.0083003100,0.0086582600
2024-05-29,0.0012150200,0.0015405200,0.0021992600,0.0028862200,0.0034761200,0.0040556000,0.0057472700,0.0069808900,0.0079773800,0.0082609600,0.0084493700
2024-05-28,0.0012371200,0.0015386900,0.0021939000,0.0028284100,0.0034292300,0.0039984900,0.0057528300,0.0071318000,0.0081413200,0.0085152000,0.0088789300
2024-05-27,0.0012238300,0.0015611900,0.0022190500,0.0028270400,0.0034246500,0.0040192100,0.0057175400,0.0070896200,0.0080889600,0.0083692600,0.0084975000
2024-05-24,0.0011898700,0.0015189700,0.0022038600,0.0028695300,0.0034655100,0.0040230800,0.0057273300,0.0070397000,0.0080448400,0.0083237000,0.0084507500
2024-05-23,0.0012275900,0.0015659600,0.0022254000,0.0028498400,0.0034447900,0.0040329400,0.0056986100,0.0070225700,0.0080121000,0.0082879900,0.0084144700
2024-05-22,0.0012191600,0.0015539100,0.0022030300,0.0028679600,0.0034704600,0.0040520800,0.0056899700,0.0069444100,0.0079076400,0.0081767400,0.0083044100
2024-05-21,0.0012461900,0.0015439200,0.0022147700,0.0028879900,0.0034779400,0.0040588700,0.0056963200,0.0069252300,0.0078990700,0.0081520900,0.0082930900
2024-05-20,0.0011537900,0.0014354400,0.0021645200,0.0028932100,0.0034862200,0.0040474700,0.0057309700,0.0069640400,0.0079632400,0.0082148200,0.0083382900
2024-05-17,0.0011696800,0.0014882200,0.0022009000,0.0029289100,0.0035102000,0.0040577300,0.0057227200,0.0069147200,0.0079006400,0.0081534200,0.0082878100
2024-05-16,0.0011754600,0.0014772800,0.0021783500,0.0028942000,0.0034864200,0.0040644000,0.0057292300,0.0069827400,0.0079845200,0.0082587100,0.0083802000
2024-05-15,0.0011969300,0.0015405700,0.0022370200,0.0029452800,0.0035364400,0.0041076300,0.0057701500,0.0070404300,0.0080526000,0.0083266200,0.0084500200
2024-05-14,0.0011436200,0.0014649700,0.0022092700,0.0029732500,0.0035648400,0.0041484700,0.0058453200,0.0070885200,0.0080929400,0.0083651300,0.0084849800
2024-05-13,0.0012208700,0.0015547600,0.0022983900,0.0029812400,0.0035779600,0.0041562400,0.0058221300,0.0070993600,0.0080985600,0.0083712300,0.0084978100
2024-05-10,0.0011692900,0.0014892600,0.0022527300,0.0029753800,0.0035746000,0.0041327900,0.0058174400,0.0070063200,0.0079829900,0.0082377900,0.0083774500
2024-05-09,0.0012435500,0.0015901600,0.0023122200,0.0030104100,0.0036093100,0.0041899500,0.0058080000,0.0069692500,0.0079167200,0.0081797200,0.0083028300
2024-05-08,0.0012588400,0.0015987400,0.0023192800,0.0030173700,0.0036183900,0.0042035500,0.0058175400,0.0069829000,0.0079459700,0.0081943000,0.0083339800
2024-05-07,0.0012659700,0.0016264200,0.0023276400,0.0030291700,0.0036324800,0.0042149600,0.0058235500,0.0070003400,0.0079808100,0.0082333700,0.0083725600
2024-05-06,0.0013062500,0.0016967500,0.0023831100,0.0030680000,0.0036978700,0.0042855300,0.0059122200,0.0071562500,0.0081645200,0.0084190800,0.0085427400
2024-05-03,0.0012620400,0.0016394400,0.0023532000,0.0030656700,0.0036969300,0.0042903100,0.0059357000,0.0071852600,0.0081940300,0.0084521000,0.0085779100
2024-05-02,0.0012990800,0.0016819900,0.0024147500,0.0031529500,0.0037958000,0.0044063200,0.0060392600,0.0072597200,0.0082785000,0.0085390100,0.0086639600
2024-05-01,0.0013553200,0.0017524400,0.0024734900,0.0031708900,0.0037994400,0.0044001000,0.0059022100,0.0070030600,0.0079699400,0.0082327400,0.0083483800
2024-04-30,0.0013040500,0.0016894700,0.0024148900,0.0031251100,0.0037654600,0.0043732500,0.0060022200,0.0072574500,0.0082593600,0.0085304200,0.0086546300
2024-04-29,0.0012647200,0.0016443600,0.0023900200,0.0031128700,0.0037620600,0.0043474700,0.0059888600,0.0072586800,0.0082811900,0.0085386300,0.0086807000
2024-04-26,0.0012131600,0.0015818700,0.0023928500,0.0031673200,0.0038367300,0.0043768000,0.0060451400,0.0073801500,0.0084222000,0.0086835900,0.0088270200
2024-04-25,0.0012808800,0.0016635100,0.0024209400,0.0031969400,0.0038722900,0.0044261200,0.0060676600,0.0073857600,0.0084217600,0.0086758600,0.0088110200
2024-04-24,0.0012943700,0.0016825500,0.0024065800,0.0031397900,0.0037901500,0.0043921300,0.0060192300,0.0072591200,0.0082492200,0.0084980400,0.0086277100
2024-04-23,0.0012790400,0.0016642500,0.0023917000,0.0031335600,0.0037830300,0.0043800800,0.0060054200,0.0072615300,0.0082765300,0.0085479000,0.0086650700
2024-04-22,0.0013062000,0.0016574800,0.0024328100,0.0032110200,0.0038981100,0.0044708900,0.0061117300,0.0074481200,0.0084679800,0.0087448100,0.0088671500
2024-04-19,0.0013465300,0.0017039200,0.0024867800,0.0032814000,0.0039757400,0.0045675100,0.0062023400,0.0075374500,0.0085463800,0.0088214800,0.0089489100
2024-04-18,0.0013102000,0.0016962400,0.0024834300,0.0032804300,0.0039746100,0.0045695500,0.0062024900,0.0075279600,0.0085880100,0.0088500400,0.0089849000
2024-04-17,0.0014002100,0.0017589700,0.0025425200,0.0033274600,0.0040290300,0.0046435600,0.0062640900,0.0075849500,0.0086095400,0.0088888100,0.0090140600
2024-04-16,0.0014405500,0.0017976700,0.0025858800,0.0033772400,0.0040724900,0.0046947800,0.0063208400,0.0076272300,0.0086373900,0.0089090100,0.0090273700
2024-04-15,0.0012800300,0.0016590400,0.0024118600,0.0031780300,0.0038495400,0.0044531500,0.0060784400,0.0073601100,0.0083553500,0.0086288400,0.0087485500
2024-04-12,0.0012659700,0.0016464300,0.0023770400,0.0031340100,0.0037851300,0.0043699300,0.0062681200,0.0072287800,0.0082252800,0.0085050800,0.0086323900
2024-04-11,0.0012228700,0.0015773200,0.0022997700,0.0030377700,0.0036692200,0.0042425600,0.0058027800,0.0071003300,0.0081193900,0.0083914800,0.0085068000
2024-04-10,0.0012170300,0.0015405500,0.0022636400,0.0029912100,0.0036215900,0.0041847800,0.0057745200,0.0070852900,0.0081650900,0.0084384500,0.0085445800
2024-04-09,0.0012367700,0.0016170400,0.0023009700,0.0030180500,0.0036446700,0.0042375600,0.0058612600,0.0071845200,0.0083908800,0.0086667600,0.0087616900
2024-04-08,0.0012491500,0.0016531600,0.0023609800,0.0030791000,0.0036581600,0.0042647200,0.0058904900,0.0072011500,0.0083162600,0.0085911900,0.0086979800
2024-04-05,0.0012839700,0.0016852000,0.0023891100,0.0031349500,0.0037054300,0.0043145300,0.0059413700,0.0071991900,0.0082171500,0.0084910000,0.0086085000
2024-04-04,0.0012735400,0.0016403700,0.0023563900,0.0031200700,0.0036888400,0.0042925500,0.0059110000,0.0071832600,0.0082184700,0.0084977300,0.0086188000
2024-04-03,0.0012529300,0.0016345600,0.0023743300,0.0031928500,0.0037547900,0.0043523700,0.0059845400,0.0072764100,0.0083422800,0.0086186600,0.0087320400
2024-04-02,0.0012356200,0.0016122600,0.0023550500,0.0031626100,0.0037469000,0.0043330500,0.0059497500,0.0073225400,0.0084603600,0.0087311900,0.0088284400
2024-04-01,0.0012899900,0.0016517700,0.0023770600,0.0031061800,0.0037344300,0.0043504800,0.0059766100,0.0072382800,0.0083295700,0.0086022800,0.0087168000
2024-03-29,0.0012604300,0.0016249500,0.0023626900,0.0031045100,0.0037308100,0.0043429700,0.0060054400,0.0072838100,0.0083554800,0.0086339300,0.0087516100
2024-03-28,0.0012309500,0.0016218600,0.0023957200,0.0031444300,0.0037455600,0.0043553700,0.0059916100,0.0072025100,0.0082096000,0.0084837600,0.0086098800
2024-03-27,0.0012325900,0.0016472800,0.0023898000,0.0031517500,0.0037733200,0.0044004900,0.0060551600,0.0073331600,0.0083733300,0.0086387800,0.0087795200
2024-03-26,0.0012266500,0.0016255100,0.0023841500,0.0031659200,0.0037823100,0.0044051700,0.0060982700,0.0074218400,0.0084482600,0.0087300500,0.0088557800
2024-03-25,0.0012970100,0.0016776600,0.0024227900,0.0031799100,0.0037939400,0.0044315300,0.0061298800,0.0073670000,0.0083889000,0.0086681500,0.0087921000
2024-03-22,0.0013091100,0.0016917400,0.0024636800,0.0032213100,0.0038466600,0.0044642400,0.0061370400,0.0073989500,0.0084403700,0.0087221400,0.0088448700
2024-03-21,0.0013102400,0.0016999000,0.0024228500,0.0031670000,0.0037907900,0.0044157800,0.0060582600,0.0073237100,0.0083585000,0.0086350000,0.0087533100
2024-03-20,0.0013672200,0.0017769000,0.0025003800,0.0032340600,0.0038588600,0.0045025900,0.0060777700,0.0072829700,0.0082637400,0.0085361400,0.0086594700
2024-03-19,0.0012043500,0.0015866300,0.0023141200,0.0030391500,0.0036164900,0.0041900600,0.0058110800,0.0070026700,0.0079770600,0.0082372000,0.0083534600
2024-03-18,0.0011421100,0.0015015400,0.0022797500,0.0030214800,0.0036050500,0.0041689400,0.0058869200,0.0071593800,0.0081833900,0.0084334100,0.0085534300
2024-03-15,0.0012142700,0.0015731200,0.0022871800,0.0030275800,0.0035966100,0.0041797600,0.0058544500,0.0071532000,0.0081845700,0.0084350000,0.0085669700
2024-03-14,0.0012206800,0.0015853000,0.0022887300,0.0030243900,0.0035866000,0.0041742000,0.0058431000,0.0071317700,0.0081643700,0.0084135100,0.0085246400
2024-03-13,0.0012052600,0.0016149800,0.0023207400,0.0030685900,0.0036325200,0.0042280700,0.0058889900,0.0071915100,0.0082004600,0.0084685300,0.0085835900
2024-03-12,0.0012511600,0.0016592600,0.0023982600,0.0031577700,0.0037485600,0.0043574400,0.0060441600,0.0073538000,0.0084019600,0.0086725800,0.0087853200
2024-03-11,0.0012488800,0.0016678200,0.0024104900,0.0032023800,0.0038075800,0.0044459700,0.0061308200,0.0074737400,0.0085767600,0.0088437800,0.0089466200
2024-03-08,0.0012698500,0.0016782200,0.0023914500,0.0031701500,0.0037844200,0.0044362400,0.0061422100,0.0075927200,0.0088002500,0.0090555000,0.0091492500
2024-03-07,0.0013112100,0.0017449800,0.0024956900,0.0033059600,0.0039261200,0.0045967000,0.0062536300,0.0076156100,0.0088479700,0.0091019700,0.0091924400
2024-03-06,0.0013294200,0.0017687600,0.0025052000,0.0033336900,0.0039664000,0.0046358600,0.0062906300,0.0076179100,0.0087895900,0.0090444300,0.0091406000
2024-03-05,0.0014180300,0.0018337600,0.0025675600,0.0033974400,0.0040231000,0.0047060600,0.0063452700,0.0076727800,0.0088343400,0.0091069300,0.0092056300
2024-03-04,0.0014015100,0.0018417800,0.0025989700,0.0034028300,0.0040048900,0.0047308400,0.0064388900,0.0079228600,0.0090833100,0.0093619700,0.0094654400
2024-03-01,0.0014017100,0.0018416700,0.0025989300,0.0034028600,0.0040299300,0.0047558800,0.0064389600,0.0078979200,0.0090711600,0.0093494400,0.0094532300
2024-02-29,0.0013847900,0.0018131000,0.0025829500,0.0033891000,0.0040259700,0.0047190900,0.0063577100,0.0077305900,0.0087742200,0.0090535800,0.0091746800
2024-02-28,0.0014328200,0.0018307000,0.0026138500,0.0034177100,0.0040416100,0.0047261500,0.0061728400,0.0073082600,0.0083152400,0.0085708700,0.0086746600
2024-02-27,0.0013792400,0.0017987000,0.0025968300,0.0034284700,0.0040615300,0.0047532400,0.0064195000,0.0077481000,0.0087954400,0.0090640300,0.0091753100
2024-02-26,0.0014895800,0.0019094000,0.0026425500,0.0034358600,0.0040857100,0.0047389100,0.0061826100,0.0073337200,0.0083427400,0.0085951100,0.0086956700
2024-02-23,0.0013800000,0.0017820600,0.0025854800,0.0034366400,0.0040734000,0.0047317100,0.0064212200,0.0077451000,0.0088286600,0.0090825200,0.0091947000
2024-02-22,0.0014815300,0.0018700300,0.0026409500,0.0034764500,0.0041051900,0.0047795300,0.0064476000,0.0078014200,0.0089335900,0.0091870000,0.0092930800
2024-02-21,0.0015698900,0.0020392300,0.0027901900,0.0035896400,0.0042176900,0.0049131600,0.0065766700,0.0079936200,0.0091623200,0.0094112000,0.0095084700
2024-02-20,0.0014965800,0.0019434200,0.0027459500,0.0035784900,0.0042180100,0.0049137300,0.0066077000,0.0080178500,0.0091190300,0.0093704500,0.0094778300
2024-02-19,0.0014850200,0.0019316500,0.0027326800,0.0036081600,0.0042712100,0.0049572300,0.0066324600,0.0079769300,0.0091269500,0.0093747900,0.0094728900
2024-02-16,0.0014253700,0.0018515000,0.0027034500,0.0036117300,0.0043043000,0.0049954300,0.0066398300,0.0078531800,0.0088702700,0.0091144100,0.0092300600
2024-02-15,0.0015288100,0.0019819700,0.0027991700,0.0036900700,0.0043826700,0.0050815800,0.0067236900,0.0079548800,0.0089700000,0.0092214300,0.0093529500
2024-02-14,0.0016432300,0.0021240500,0.0028964700,0.0037502100,0.0044288400,0.0051366100,0.0067705800,0.0080251500,0.0090300200,0.0092977100,0.0094139500
2024-02-13,0.0016854300,0.0021151100,0.0029089300,0.0037902800,0.0044799500,0.0051863200,0.0068223000,0.0080651500,0.0090629500,0.0093274700,0.0094479000
2024-02-12,0.0016393800,0.0020675300,0.0028544400,0.0037429400,0.0044282900,0.0051273400,0.0067672800,0.0080012100,0.0090326700,0.0092786500,0.0094056600
2024-02-09,0.0016835700,0.0021255900,0.0029234200,0.0038262500,0.0045230000,0.0052300400,0.0068827500,0.0080880200,0.0091160300,0.0093636800,0.0094758800
2024-02-08,0.0016774700,0.0021739600,0.0029789200,0.0038898400,0.0045937000,0.0053065000,0.0069584600,0.0081681400,0.0092247800,0.0094861700,0.0095900100
2024-02-07,0.0016697900,0.0021650000,0.0029722600,0.0038823500,0.0045835900,0.0053117800,0.0069512900,0.0081826300,0.0092846700,0.0095356200,0.0096389400
2024-02-06,0.0016724900,0.0021401600,0.0029635100,0.0038918900,0.0046016300,0.0053308300,0.0069596900,0.0081507000,0.0091380800,0.0094034700,0.0095189400
2024-02-05,0.0017280200,0.0021558300,0.0029702400,0.0038852000,0.0045889000,0.0053033800,0.0069510000,0.0080953400,0.0090677800,0.0093260100,0.0094361700
2024-02-02,0.0016034200,0.0020281100,0.0028530400,0.0037640400,0.0044630700,0.0051666800,0.0068096200,0.0079409800,0.0089484100,0.0092098500,0.0093239400
2024-02-01,0.0016462200,0.0021330400,0.0029370800,0.0038459300,0.0045412600,0.0052551200,0.0068883400,0.0080364900,0.0090921700,0.0093428200,0.0094542200
2024-01-31,0.0016022600,0.0020677000,0.0028729100,0.0037844400,0.0044793500,0.0051935100,0.0068158200,0.0079400900,0.0089585700,0.0092078600,0.0092997300
2024-01-30,0.0015752800,0.0020496000,0.0028175300,0.0037009700,0.0043681600,0.0050607900,0.0066982800,0.0077814700,0.0087212200,0.0089648700,0.0090629200
2024-01-29,0.0016303000,0.0021165900,0.0028542400,0.0037035400,0.0043736500,0.0050807800,0.0066980000,0.0078179900,0.0087318500,0.0089764900,0.0090817100
2024-01-26,0.0015811100,0.0020382100,0.0028214300,0.0037092600,0.0043935000,0.0050853800,0.0067139500,0.0077863200,0.0087100500,0.0089330600,0.0090343500
2024-01-25,0.0016001700,0.0020220800,0.0028447900,0.0037480500,0.0044692900,0.0051721900,0.0067927400,0.0078204100,0.0087467700,0.0089699200,0.0090726200
2024-01-24,0.0016151300,0.0020936900,0.0028676900,0.0037517900,0.0044521800,0.0051538300,0.0067348300,0.0077928200,0.0086919000,0.0089145000,0.0090202600
2024-01-23,0.0016606100,0.0021304900,0.0029103700,0.0038015400,0.0045064800,0.0052099700,0.0067885800,0.0078469500,0.0087449500,0.0089630900,0.0090660600
2024-01-22,0.0016783500,0.0021160500,0.0028976700,0.0037884500,0.0044958200,0.0052016400,0.0067863400,0.0078572900,0.0087698500,0.0089951900,0.0091161300
2024-01-19,0.0016796200,0.0021555900,0.0029418100,0.0038382800,0.0045630200,0.0052729600,0.0068620200,0.0079323100,0.0088765000,0.0091050700,0.0092094100
2024-01-18,0.0017639800,0.0022182800,0.0030150500,0.0039278300,0.0046533100,0.0053826100,0.0069681900,0.0080229400,0.0089447200,0.0091868800,0.0092883300
2024-01-17,0.0017810800,0.0022926500,0.0030794600,0.0039940900,0.0047276100,0.0054629800,0.0070442600,0.0081010800,0.0090096100,0.0092528900,0.0093565400
2024-01-16,0.0017719100,0.0022845500,0.0030639700,0.0039751800,0.0047040000,0.0054438600,0.0070254900,0.0080742800,0.0090035400,0.0092445400,0.0093452900
2024-01-15,0.0017532200,0.0022520600,0.0030307600,0.0039371300,0.0046700300,0.0053921600,0.0069755700,0.0080390200,0.0089680600,0.0091906200,0.0092906000
2024-01-12,0.0017934700,0.0022475600,0.0030222800,0.0039067400,0.0046474400,0.0053744700,0.0069641800,0.0080770800,0.0090969100,0.0093202700,0.0094090700
2024-01-11,0.0017857000,0.0022478300,0.0030082100,0.0038888000,0.0046062500,0.0053264600,0.0069161500,0.0080286600,0.0090283500,0.0092513600,0.0093438800
2024-01-10,0.0018055400,0.0023228400,0.0030816000,0.0039598600,0.0046818400,0.0054140600,0.0069925600,0.0080574700,0.0089898300,0.0092121500,0.0093148500
2024-01-09,0.0018649900,0.0023527800,0.0031087100,0.0039916900,0.0047192500,0.0054473200,0.0070171700,0.0080301100,0.0089411900,0.0091464700,0.0092407200
2024-01-08,0.0018556800,0.0023804500,0.0031658200,0.0040640000,0.0048132200,0.0055506500,0.0071065300,0.0081456000,0.0090774500,0.0092851000,0.0093800800
2024-01-05,0.0017982900,0.0022506900,0.0030654800,0.0039664100,0.0047240900,0.0054579100,0.0070336300,0.0080805200,0.0090000500,0.0092075000,0.0093041900
2024-01-04,0.0018178400,0.0023324500,0.0031220500,0.0040324400,0.0047815600,0.0055194400,0.0070915900,0.0081410100,0.0090415700,0.0092458100,0.0093407000
2024-01-03,0.0018365300,0.0023539900,0.0031311100,0.0040168700,0.0047627900,0.0055116500,0.0070883000,0.0082026100,0.0091815400,0.0093889800,0.0094738000
2024-01-02,0.0017212800,0.0021945500,0.0029989600,0.0038739900,0.0046240500,0.0054005500,0.0069387200,0.0081783000,0.0092017600,0.0094130000,0.0094814600
2024-01-01,0.0016162700,0.0020773000,0.0028944800,0.0037248900,0.0045020800,0.0052901600,0.0068191200,0.0081158600,0.0091342400,0.0093491200,0.0094364400
2023-12-29,0.0016276300,0.0020918600,0.0028917300,0.0037409000,0.0045061200,0.0052693300,0.0068093400,0.0080138400,0.0090142800,0.0092208800,0.0093024100
2023-12-28,0.0017139600,0.0021470300,0.0029372100,0.0038093600,0.0045464100,0.0053110500,0.0068348600,0.0080306800,0.0090696500,0.0092806900,0.0093591900
2023-12-27,0.0016860900,0.0021431800,0.0029356100,0.0038039800,0.0045623700,0.0053464700,0.0068823400,0.0081150000,0.0092837100,0.0095019700,0.0095717200
2023-12-26,0.0016553000,0.0021119500,0.0029159100,0.0037612000,0.0045298500,0.0053464400,0.0068569400,0.0080171800,0.0091472900,0.0093557500,0.0094195700
2023-12-25,0.0016517700,0.0021114600,0.0029152000,0.0037603700,0.0045289900,0.0053455700,0.0068564300,0.0081779600,0.0093223200,0.0095351300,0.0096029800
2023-12-22,0.0017318000,0.0022639700,0.0030166500,0.0038456900,0.0045728000,0.0053567400,0.0068775400,0.0079993100,0.0090964400,0.0093034400,0.0093735200
2023-12-21,0.0017491100,0.0022724800,0.0030268600,0.0038574200,0.0045857100,0.0053697500,0.0068912700,0.0080242600,0.0089837300,0.0091939500,0.0092894100
2023-12-20,0.0017284000,0.0022404600,0.0029928100,0.0038264800,0.0045635100,0.0053352200,0.0068631200,0.0080692200,0.0089772500,0.0091941300,0.0093033800
2023-12-19,0.0019259000,0.0024366300,0.0031539200,0.0039640700,0.0046682100,0.0054388900,0.0069676700,0.0079928200,0.0088987900,0.0091123600,0.0092171600
2023-12-18,0.0018242600,0.0023097100,0.0030675600,0.0039299500,0.0046492600,0.0054130300,0.0069691000,0.0080614500,0.0089959300,0.0092026900,0.0092930600
2023-12-15,0.0017170700,0.0022276900,0.0030129100,0.0038962800,0.0046213700,0.0053647700,0.0069403300,0.0079918800,0.0089618200,0.0091780700,0.0092759700
2023-12-14,0.0017192200,0.0022254300,0.0030194100,0.0039166800,0.0046511100,0.0054240600,0.0070290700,0.0081184200,0.0090386700,0.0092519000,0.0093501000
2023-12-13,0.0018716500,0.0024302000,0.0032154000,0.0041095100,0.0048256900,0.0056298300,0.0072419700,0.0083597500,0.0092582200,0.0094910700,0.0095990800
2023-12-12,0.0019175800,0.0024847100,0.0032667000,0.0041545100,0.0048669600,0.0056741000,0.0072714500,0.0083630900,0.0092475300,0.0094624900,0.0095718700
2023-12-11,0.0019393400,0.0025080300,0.0032900500,0.0041766700,0.0048899100,0.0056994700,0.0072837900,0.0083724400,0.0092701200,0.0094793600,0.0095798200
2023-12-08,0.0019696200,0.0025462800,0.0033406700,0.0042313200,0.0049269400,0.0057301300,0.0073102600,0.0083768200,0.0092802700,0.0094948400,0.0095979500
2023-12-07,0.0019955400,0.0025672100,0.0033476500,0.0042471400,0.0049807700,0.0058058700,0.0073641300,0.0084209700,0.0092796000,0.0095141700,0.0096242500
2023-12-06,0.0020997600,0.0026238500,0.0034075600,0.0042974800,0.0050277600,0.0058494400,0.0073109000,0.0082460100,0.0090830000,0.0093087100,0.0094176500
2023-12-05,0.0021168000,0.0027004300,0.0034744600,0.0043971700,0.0051153000,0.0059317000,0.0074981800,0.0085424400,0.0094264800,0.0096442700,0.0097559800
2023-12-04,0.0021609800,0.0026906300,0.0034775200,0.0044036800,0.0051413700,0.0059705200,0.0075488700,0.0086224500,0.0095081900,0.0097227800,0.0098278800
2023-12-01,0.0021187000,0.0026410500,0.0034643600,0.0044223400,0.0051824600,0.0060401400,0.0076358300,0.0087527000,0.0096666600,0.0098802100,0.0099786500
2023-11-30,0.0022073100,0.0027550300,0.0035813800,0.0045461200,0.0053047200,0.0061533400,0.0077568100,0.0088410100,0.0097646500,0.0099719300,0.0100647900
2023-11-29,0.0021532100,0.0027482700,0.0035888800,0.0045476300,0.0053277500,0.0062089700,0.0078236200,0.0089526900,0.0098903800,0.0101068000,0.0102035800
2023-11-28,0.0022443200,0.0028411900,0.0037232700,0.0047027500,0.0054967000,0.0063992200,0.0080243300,0.0091718700,0.0101094300,0.0103398600,0.0104347000
2023-11-27,0.0022548700,0.0028039200,0.0036842100,0.0046639200,0.0054530400,0.0063486700,0.0079760900,0.0091216100,0.0100395100,0.0102521500,0.0103498800
2023-11-24,0.0021827800,0.0027848300,0.0036552500,0.0046268400,0.0054116400,0.0063199100,0.0079631100,0.0091244600,0.0100672800,0.0102772000,0.0103704600
2023-11-23,0.0022220300,0.0028249600,0.0036866200,0.0046637400,0.0054516800,0.0063474300,0.0079863100,0.0091514400,0.0100920900,0.0102998600,0.0103923600
2023-11-22,0.0023266100,0.0028919300,0.0037472300,0.0047247500,0.0055198600,0.0064056900,0.0080287900,0.0091792600,0.0101182600,0.0103299000,0.0104257600
2023-11-21,0.0022775900,0.0029143300,0.0037878600,0.0047762200,0.0055667800,0.0064644000,0.0081134900,0.0092698100,0.0102119700,0.0104277800,0.0105266300
2023-11-20,0.0022534400,0.0028802600,0.0037419900,0.0047312500,0.0055271800,0.0064056300,0.0080357600,0.0091651500,0.0100836000,0.0102952200,0.0103948900
2023-11-17,0.0023213200,0.0029683600,0.0038394900,0.0048453600,0.0056600900,0.0065490000,0.0081759000,0.0093177800,0.0102569800,0.0104646900,0.0105548700
2023-11-16,0.0023716300,0.0030098300,0.0038814300,0.0048878700,0.0057065600,0.0066045400,0.0082251400,0.0093641000,0.0103207200,0.0105294500,0.0106036700
2023-11-15,0.0023909000,0.0029754900,0.0038582700,0.0048831600,0.0057104000,0.0066082200,0.0082251700,0.0093894300,0.0103706100,0.0105759300,0.0106565400
2023-11-14,0.0023841100,0.0030526000,0.0039408800,0.0049618200,0.0058095300,0.0067120500,0.0083330200,0.0094797900,0.0104656500,0.0106804200,0.0107721300
2023-11-13,0.0025077900,0.0032066400,0.0041214700,0.0051829800,0.0060578800,0.0069851000,0.0086002600,0.0097536800,0.0107387300,0.0109472000,0.0110331100
2023-11-10,0.0025807500,0.0032985500,0.0042189200,0.0053108400,0.0061750800,0.0070897000,0.0086771800,0.0097811800,0.0107666100,0.0109704400,0.0110519400
2023-11-09,0.0025133000,0.0032203200,0.0041443200,0.0051940100,0.0060752500,0.0070213900,0.0086324400,0.0097989200,0.0107832100,0.0109901300,0.0110733100
2023-11-08,0.0025096300,0.0031991400,0.0041308000,0.0051907600,0.0060773000,0.0070420900,0.0086722800,0.0098452600,0.0108706000,0.0110907600,0.0111872700
2023-11-07,0.0026472200,0.0033016100,0.0042524400,0.0053247900,0.0062086600,0.0072009100,0.0088332300,0.0099954800,0.0109581200,0.0111753400,0.0112774100
2023-11-06,0.0025819200,0.0032987000,0.0042288600,0.0052935800,0.0061901600,0.0071566200,0.0087803700,0.0099355800,0.0108889400,0.0110932600,0.0111794600
2023-11-03,0.0026604800,0.0033162300,0.0042518600,0.0053105900,0.0062269600,0.0072085300,0.0088303900,0.0100017100,0.0109903500,0.0112028400,0.0112929600
2023-11-02,0.0026521800,0.0033713600,0.0043210600,0.0054064400,0.0063328900,0.0073266200,0.0089648900,0.0101346800,0.0111317000,0.0113424500,0.0114304400
2023-11-01,0.0027571800,0.0034941700,0.0044854800,0.0055949300,0.0065157600,0.0075625300,0.0092087800,0.0104003700,0.0113479600,0.0115514300,0.0116360400
2023-10-31,0.0028646700,0.0035484600,0.0045016100,0.0056175900,0.0065386600,0.0075201700,0.0091534400,0.0102843700,0.0112332000,0.0114398700,0.0115284000
2023-10-30,0.0027342000,0.0034700200,0.0044339100,0.0055393000,0.0064708300,0.0074786500,0.0091066900,0.0102800800,0.0112385900,0.0114461200,0.0115338600
2023-10-27,0.0026956400,0.0033589600,0.0043360100,0.0054290100,0.0063358300,0.0073704600,0.0090109200,0.0102170200,0.0112324700,0.0114368700,0.0115114300
2023-10-26,0.0026682100,0.0034060500,0.0043556800,0.0054479600,0.0063856200,0.0074049000,0.0090295200,0.0101982900,0.0111999900,0.0114083300,0.0114854700
2023-10-25,0.0027189900,0.0034469100,0.0044051100,0.0054718100,0.0064437100,0.0075271200,0.0091447000,0.0103128000,0.0112713100,0.0114894200,0.0115513800
2023-10-24,0.0027420500,0.0034423500,0.0043977600,0.0054643300,0.0064470500,0.0075200300,0.0091319100,0.0103123500,0.0113355400,0.0115464800,0.0116239700
2023-10-23,0.0028312600,0.0035371100,0.0045174100,0.0056081600,0.0066069500,0.0076957000,0.0093081500,0.0105110500,0.0116425300,0.0118562600,0.0119124300
2023-10-20,0.0028965300,0.0035188000,0.0045218000,0.0056349400,0.0066224400,0.0076954300,0.0093087500,0.0104740300,0.0115109700,0.0117156800,0.0117737000
2023-10-19,0.0028673200,0.0034860800,0.0044327300,0.0054958000,0.0064498300,0.0075139900,0.0091250900,0.0102342100,0.0112186900,0.0114239300,0.0115066500
2023-10-18,0.0027360800,0.0033306900,0.0042660900,0.0053052900,0.0062469500,0.0073224900,0.0089056400,0.0100415900,0.0109604300,0.0111659500,0.0112577000
2023-10-17,0.0026776900,0.0032624700,0.0041823200,0.0051962700,0.0061051400,0.0071757500,0.0087472500,0.0098878200,0.0108404900,0.0110561700,0.0111639200
2023-10-16,0.0026547600,0.0031792300,0.0041060200,0.0051273000,0.0060459000,0.0070843500,0.0086108200,0.0098477700,0.0108653600,0.0111329600,0.0112625900
2023-10-13,0.0025699400,0.0031555900,0.0040838900,0.0051276100,0.0060364100,0.0070400700,0.0085555800,0.0097970200,0.0108416700,0.0111010100,0.0112435200
2023-10-12,0.0025004900,0.0030753600,0.0039685200,0.0049985000,0.0058854700,0.0068544700,0.0084039000,0.0095849600,0.0106284600,0.0108994700,0.0110265100
2023-10-11,0.0025516900,0.0031201500,0.0040434400,0.0050716300,0.0060017600,0.0069974500,0.0084846500,0.0098145900,0.0108712600,0.0111479100,0.0112815100
2023-10-10,0.0025891300,0.0030934600,0.0040381000,0.0050612700,0.0059610100,0.0069887800,0.0085096700,0.0097846400,0.0108124700,0.0110873000,0.0112198900
2023-10-09,0.0028796100,0.0034274600,0.0043563400,0.0053349100,0.0062729700,0.0072338500,0.0087959200,0.0100118400,0.0110687700,0.0113466900,0.0114763300
2023-10-06,0.0028350900,0.0034574300,0.0044150400,0.0051704800,0.0061088600,0.0071228700,0.0086033300,0.0099349700,0.0110453900,0.0113228300,0.0114459000
2023-10-05,0.0026346100,0.0032046400,0.0041152400,0.0050994400,0.0060120100,0.0070131800,0.0085458300,0.0097976600,0.0108216300,0.0110952900,0.0112263500
2023-10-04,0.0026253900,0.0031315500,0.0040315600,0.0049943300,0.0058931300,0.0068524100,0.0083854600,0.0096514500,0.0106512900,0.0109093000,0.0110595900
2023-10-03,0.0025657500,0.0031255300,0.0040077600,0.0049756100,0.0058593600,0.0068708400,0.0084000600,0.0095872400,0.0104910900,0.0107536700,0.0108881000
2023-10-02,0.0023683500,0.0028786200,0.0037296900,0.0046666000,0.0055039800,0.0064753100,0.0080162100,0.0092024500,0.0101336000,0.0103966300,0.0105285500
2023-09-29,0.0023894300,0.0028709500,0.0037061100,0.0046494100,0.0054786400,0.0064033400,0.0079737400,0.0090850400,0.0100597000,0.0103306300,0.0104677400
2023-09-28,0.0024173800,0.0029505200,0.0038030700,0.0047473100,0.0055920100,0.0065495800,0.0081014600,0.0092644400,0.0101608200,0.0104230100,0.0105689500
2023-09-27,0.0024217900,0.0029165900,0.0037276700,0.0046567900,0.0054847400,0.0063846100,0.0079419100,0.0090808400,0.0100054300,0.0102534100,0.0104045100
2023-09-26,0.0022761900,0.0028122600,0.0036260800,0.0045466900,0.0053904000,0.0063343600,0.0078500300,0.0090760000,0.0099993600,0.0102516300,0.0104100300
2023-09-25,0.0022333900,0.0027520600,0.0035798100,0.0044992900,0.0053118600,0.0062417100,0.0078005800,0.0090026100,0.0099445800,0.0101915100,0.0103400500
2023-09-22,0.0022825300,0.0027975000,0.0036013800,0.0045279100,0.0053273800,0.0062312000,0.0078038900,0.0089122700,0.0098337400,0.0100847800,0.0102425700
2023-09-21,0.0023148100,0.0027742300,0.0035896800,0.0044956800,0.0053106600,0.0062047700,0.0077512500,0.0089301600,0.0098109500,0.0100627600,0.0102268200
2023-09-20,0.0022425100,0.0027470200,0.0035461300,0.0044289400,0.0052434100,0.0060945700,0.0075853300,0.0087514500,0.0096234800,0.0098739400,0.0100391700
2023-09-19,0.0020010400,0.0024455600,0.0032019800,0.0040788500,0.0048233800,0.0056167200,0.0071703100,0.0083245500,0.0092220200,0.0094599100,0.0096307100
2023-09-18,0.0020200300,0.0025307400,0.0032598200,0.0041327600,0.0048757200,0.0056619100,0.0071938200,0.0083215900,0.0092203600,0.0094575800,0.0096250800
2023-09-15,0.0019878500,0.0024875300,0.0032340100,0.0041126700,0.0048510100,0.0056424300,0.0071908300,0.0083262900,0.0092210300,0.0094708100,0.0096357200
2023-09-14,0.0020337300,0.0025414100,0.0032960300,0.0041817200,0.0049302300,0.0057302000,0.0072838200,0.0084195900,0.0093157600,0.0095745300,0.0097469900
2023-09-13,0.0020921500,0.0026204200,0.0033661200,0.0042584600,0.0050212100,0.0058238300,0.0073753500,0.0085094700,0.0094122600,0.0096751300,0.0098516500
2023-09-12,0.0021457900,0.0026754100,0.0033989500,0.0042847100,0.0050333400,0.0058287000,0.0074002700,0.0085051600,0.0093865100,0.0096845600,0.0098913000
2023-09-11,0.0021053300,0.0026295700,0.0033667700,0.0042607600,0.0050124700,0.0058064900,0.0073577800,0.0084768500,0.0093794200,0.0096311200,0.0097830300
2023-09-08,0.0021105100,0.0026408800,0.0034026500,0.0042986900,0.0050752800,0.0058979200,0.0074368800,0.0085803600,0.0095129800,0.0097695400,0.0099367500
2023-09-07,0.0021707800,0.0027045000,0.0034449600,0.0043517900,0.0051093500,0.0059269200,0.0074812300,0.0085765900,0.0094790600,0.0097319900,0.0099026900
2023-09-06,0.0021079900,0.0026325300,0.0033846800,0.0042893900,0.0050708100,0.0058838400,0.0074259000,0.0085699700,0.0094730200,0.0097117400,0.0098837900
2023-09-05,0.0020568100,0.0025753700,0.0033242900,0.0042045100,0.0049724900,0.0057667800,0.0073087000,0.0084499500,0.0093779400,0.0096162700,0.0097797500
2023-09-04,0.0019881300,0.0024920800,0.0032427900,0.0041262700,0.0048916200,0.0056786700,0.0072242900,0.0083657800,0.0092516400,0.0095028800,0.0096571600
2023-09-01,0.0020488600,0.0025771800,0.0033063200,0.0042012600,0.0049415100,0.0057309600,0.0073012000,0.0083984400,0.0092916700,0.0095418000,0.0096933900
2023-08-31,0.0020935100,0.0026321000,0.0033327600,0.0042228700,0.0049603200,0.0057316000,0.0072834200,0.0083620500,0.0092585800,0.0095146700,0.0096713000
2023-08-30,0.0021405600,0.0026769200,0.0033694800,0.0042519100,0.0049883600,0.0057577700,0.0073218700,0.0084133200,0.0093053900,0.0095613300,0.0097185400
2023-08-29,0.0021539600,0.0026490900,0.0033593900,0.0042698900,0.0050294200,0.0057872600,0.0073485800,0.0084832800,0.0094054700,0.0096758500,0.0098445600
2023-08-28,0.0022873200,0.0028036000,0.0034975800,0.0043963600,0.0051729000,0.0059402500,0.0074867400,0.0085980000,0.0095674400,0.0099309100,0.0101175900
2023-08-25,0.0021723600,0.0027496000,0.0034744100,0.0043830800,0.0051477900,0.0059213900,0.0074823100,0.0086198100,0.0093367300,0.0098035500,0.0100152000
2023-08-24,0.0022601100,0.0027352600,0.0034604500,0.0043597900,0.0051471900,0.0059361300,0.0074928000,0.0086812800,0.0093985000,0.0098668100,0.0100841500
2023-08-23,0.0021836800,0.0027636500,0.0034937700,0.0044013700,0.0051828100,0.0059691100,0.0075447000,0.0087324000,0.0094526400,0.0099242400,0.0101435800
2023-08-22,0.0022176000,0.0028027900,0.0035290100,0.0044409800,0.0052391800,0.0060361500,0.0076030700,0.0087920000,0.0095127900,0.0099823800,0.0101962500
2023-08-21,0.0023473100,0.0028352100,0.0035664200,0.0044665800,0.0052840100,0.0060856500,0.0076783500,0.0088480700,0.0095696900,0.0100369600,0.0102436500
2023-08-18,0.0023019900,0.0029070200,0.0035835100,0.0045023200,0.0053081900,0.0060973800,0.0076787500,0.0088134600,0.0095333500,0.0100014700,0.0102099700
2023-08-17,0.0022035300,0.0027910100,0.0034530200,0.0043355200,0.0051389000,0.0059115400,0.0074581200,0.0086676800,0.0093916000,0.0098618600,0.0100651700
2023-08-16,0.0022786500,0.0028892400,0.0034853500,0.0043709100,0.0051315800,0.0058939600,0.0074566300,0.0085707200,0.0092979400,0.0097720800,0.0099773900
2023-08-15,0.0021198200,0.0026872700,0.0033945800,0.0043084000,0.0051003900,0.0058825700,0.0074648100,0.0086685400,0.0094041000,0.0098833600,0.0100916000
2023-08-14,0.0021227100,0.0026943000,0.0033689000,0.0042654500,0.0050324700,0.0058034200,0.0073611400,0.0085193200,0.0092473800,0.0097223000,0.0099321100
2023-08-11,0.0020960100,0.0026593800,0.0033294300,0.0042163300,0.0049742300,0.0057361900,0.0072947500,0.0084525900,0.0091746400,0.0096443700,0.0098534900
2023-08-10,0.0020965200,0.0026598400,0.0033294200,0.0042172700,0.0049713600,0.0057281500,0.0072872400,0.0084448500,0.0091662800,0.0096377300,0.0098500300
2023-08-09,0.0022492200,0.0028558900,0.0034678300,0.0043686900,0.0051098700,0.0058641300,0.0074332600,0.0085239800,0.0092376500,0.0097040400,0.0099171800
2023-08-08,0.0022900200,0.0029092200,0.0035399100,0.0044617800,0.0052128000,0.0059784900,0.0075454600,0.0086118400,0.0093006600,0.0097454200,0.0099484300
2023-08-07,0.0021244500,0.0027374400,0.0034231200,0.0043268500,0.0050917900,0.0058582300,0.0074011500,0.0085639300,0.0092937200,0.0097714700,0.0099852200
2023-08-04,0.0021590700,0.0027806800,0.0034450600,0.0043386100,0.0051163900,0.0058843700,0.0073995900,0.0085566400,0.0092863900,0.0097661400,0.0099846900
2023-08-03,0.0022623900,0.0027944400,0.0034600100,0.0043568700,0.0051375300,0.0059052600,0.0074151300,0.0085675700,0.0092893500,0.0097619200,0.0099723600
2023-08-02,0.0021685900,0.0027945900,0.0034601600,0.0043566800,0.0051372900,0.0059053000,0.0074184700,0.0085730900,0.0092955300,0.0097692600,0.0099826700
2023-08-01,0.0021294900,0.0027386900,0.0034107800,0.0043097600,0.0050744700,0.0058364100,0.0073714100,0.0085278600,0.0092537800,0.0097295800,0.0099430900
2023-07-31,0.0021156800,0.0027197900,0.0033726200,0.0042495700,0.0050136300,0.0057698900,0.0072789100,0.0084341900,0.0091569400,0.0096322900,0.0098507700
2023-07-28,0.0021784200,0.0026828500,0.0033312800,0.0042001000,0.0049569100,0.0057054500,0.0072183700,0.0083716000,0.0090959700,0.0095729400,0.0097914400
2023-07-27,0.0020986800,0.0027017900,0.0033538700,0.0042258800,0.0049830100,0.0057339600,0.0068319200,0.0082607600,0.0089729800,0.0094429700,0.0096585200
2023-07-26,0.0021621700,0.0027849500,0.0034595900,0.0043545800,0.0051229500,0.0058911400,0.0074070200,0.0085542200,0.0092819000,0.0097613300,0.0099774000
2023-07-25,0.0021503600,0.0027681100,0.0034580500,0.0043562800,0.0051380900,0.0059115400,0.0074307300,0.0086020400,0.0093295900,0.0098081700,0.0100279400
2023-07-24,0.0022454700,0.0027704300,0.0034733700,0.0043923700,0.0051810000,0.0059597900,0.0075029500,0.0086833400,0.0094164400,0.0098985000,0.0101193200
2023-07-21,0.0021745100,0.0027990700,0.0034837100,0.0043976800,0.0051718200,0.0059447300,0.0074790200,0.0085739700,0.0093026900,0.0097832300,0.0100031400
2023-07-20,0.0021714000,0.0028014400,0.0034776500,0.0043753400,0.0051495200,0.0059198000,0.0074360700,0.0085454000,0.0092670700,0.0097416300,0.0099600500
2023-07-19,0.0021573200,0.0027836900,0.0034573500,0.0043505600,0.0051204200,0.0058841400,0.0069748800,0.0082975300,0.0089978500,0.0094599800,0.0096788000
2023-07-18,0.0022201600,0.0028635000,0.0035524600,0.0044527000,0.0052516100,0.0060278800,0.0075350600,0.0086443000,0.0093707400,0.0098514600,0.0100737500
2023-07-17,0.0023355300,0.0028866300,0.0035975000,0.0045117400,0.0053013200,0.0060899400,0.0076174900,0.0087199900,0.0094469400,0.0099262500,0.0101482900
2023-07-14,0.0022236600,0.0028668900,0.0035684100,0.0044742600,0.0052537600,0.0060335600,0.0075259800,0.0085747100,0.0092691200,0.0097222100,0.0099312600
2023-07-13,0.0022185500,0.0028646100,0.0035619000,0.0044630900,0.0052419700,0.0060195800,0.0075126900,0.0085826200,0.0092775700,0.0097315900,0.0099464300
2023-07-12,0.0022498300,0.0029103000,0.0036154000,0.0045276700,0.0053295600,0.0061194700,0.0076027400,0.0086761300,0.0093668800,0.0098186700,0.0100352500
2023-07-11,0.0023445200,0.0030316700,0.0037634000,0.0047104000,0.0055435700,0.0063618300,0.0078538100,0.0089347200,0.0096309200,0.0100830700,0.0102953700
2023-07-10,0.0024906700,0.0032217000,0.0039131600,0.0048779600,0.0057118200,0.0065348200,0.0080251200,0.0090877300,0.0097818100,0.0102340800,0.0104475300
2023-07-07,0.0024307000,0.0031437300,0.0038988000,0.0048792800,0.0057332700,0.0065686800,0.0080747700,0.0091630600,0.0098620500,0.0103151700,0.0105204300
2023-07-06,0.0024353200,0.0031477900,0.0039015800,0.0048816900,0.0057426800,0.0065827900,0.0080752100,0.0091472400,0.0098464800,0.0102993700,0.0105034200
2023-07-05,0.0024890700,0.0030768800,0.0038201800,0.0047821700,0.0056178300,0.0064406700,0.0079415800,0.0090185800,0.0097178400,0.0101725300,0.0103782500
2023-07-04,0.0023700700,0.0030584000,0.0037975500,0.0047547500,0.0055863500,0.0064052600,0.0079063200,0.0089833500,0.0096847800,0.0101428600,0.0103525100
2023-07-03,0.0023656100,0.0030555000,0.0037972600,0.0047550900,0.0055959700,0.0064181400,0.0079103400,0.0089908600,0.0096895600,0.0101467400,0.0103648700
2023-06-30,0.0023993300,0.0030971800,0.0038414700,0.0048072200,0.0056550000,0.0064831700,0.0079754800,0.0090474500,0.0097444800,0.0102010700,0.0104178300
2023-06-29,0.0024372200,0.0031504100,0.0039051700,0.0048863700,0.0057528300,0.0065900500,0.0080961800,0.0091762400,0.0098708300,0.0103241500,0.0105384300
2023-06-28,0.0024458900,0.0031634100,0.0039424000,0.0049427900,0.0058078400,0.0066600300,0.0082122700,0.0093063800,0.0100040200,0.0104599600,0.0106754100
2023-06-27,0.0024878900,0.0032161900,0.0040053300,0.0050207700,0.0059013100,0.0067849900,0.0083197700,0.0094128800,0.0101162000,0.0105746000,0.0107876600
2023-06-26,0.0025236600,0.0032618400,0.0040606100,0.0050878500,0.0059760400,0.0068680600,0.0084021900,0.0095423200,0.0102517900,0.0107141900,0.0109279100
2023-06-23,0.0026339000,0.0032638500,0.0040614600,0.0050675200,0.0059774100,0.0068681100,0.0083963000,0.0094974800,0.0102032600,0.0106643200,0.0108793800
2023-06-22,0.0025181100,0.0032527000,0.0040287900,0.0050490700,0.0059389000,0.0068038800,0.0083375000,0.0094201600,0.0101228200,0.0105800700,0.0107909500
2023-06-21,0.0026007800,0.0032200100,0.0040092700,0.0050258700,0.0059029300,0.0067850700,0.0083213700,0.0094785400,0.0101850800,0.0106448700,0.0108582400
2023-06-20,0.0025055200,0.0032411000,0.0040155300,0.0050374500,0.0059267500,0.0067896900,0.0083239100,0.0094547500,0.0101616400,0.0106233100,0.0108397300
2023-06-19,0.0025253200,0.0031273900,0.0039039800,0.0049076900,0.0057735200,0.0066430400,0.0081836100,0.0093350000,0.0100358700,0.0104906200,0.0107007200
2023-06-16,0.0024576900,0.0031807200,0.0039054900,0.0049282200,0.0058009900,0.0066623100,0.0082114300,0.0092944800,0.0099972100,0.0104552500,0.0106677100
2023-06-15,0.0025869700,0.0032095700,0.0039409800,0.0049717900,0.0058584300,0.0067329000,0.0082729900,0.0093698900,0.0100729700,0.0105304300,0.0107408800
2023-06-14,0.0024457200,0.0031634300,0.0038817200,0.0048966700,0.0057775600,0.0066442000,0.0081749200,0.0092565800,0.0099565700,0.0104113600,0.0106195100
2023-06-13,0.0024139700,0.0031130700,0.0038202100,0.0048224700,0.0056805400,0.0065337400,0.0080682500,0.0091500500,0.0098489400,0.0103045300,0.0105150100
2023-06-12,0.0023934000,0.0030876600,0.0037893600,0.0047825300,0.0056349100,0.0064863500,0.0080180100,0.0091001500,0.0097997600,0.0102551400,0.0104661900
2023-06-09,0.0023520000,0.0030406400,0.0037413300,0.0047614600,0.0056240200,0.0065101400,0.0079980500,0.0090764400,0.0097753600,0.0102309700,0.0104418200
2023-06-08,0.0023451700,0.0030307200,0.0037329100,0.0047534100,0.0056154300,0.0064998800,0.0079884900,0.0090666400,0.0097667300,0.0102219900,0.0104307200
2023-06-07,0.0023571000,0.0030466000,0.0037324200,0.0047365000,0.0055949700,0.0064534300,0.0079440900,0.0090078800,0.0097064900,0.0101599900,0.0103687500
2023-06-06,0.0023738000,0.0030685500,0.0037587200,0.0047697900,0.0056317900,0.0064950100,0.0079855700,0.0090495600,0.0097504900,0.0102061900,0.0104148000
2023-06-05,0.0024055500,0.0031095000,0.0038180300,0.0048231100,0.0056839000,0.0065411300,0.0080709900,0.0091484900,0.0098529600,0.0103105000,0.0105191400
2023-06-02,0.0023813200,0.0030799500,0.0037977300,0.0048044800,0.0056484700,0.0065119700,0.0080136500,0.0090720000,0.0097710000,0.0102259900,0.0104343900
2023-06-01,0.0023953200,0.0031013400,0.0037993700,0.0048216400,0.0056908400,0.0065532300,0.0080029000,0.0090289500,0.0097183200,0.0101688700,0.0103747100
2023-05-31,0.0024722900,0.0032058600,0.0039360400,0.0049689100,0.0058485300,0.0067191500,0.0082212000,0.0092716700,0.0099654700,0.0104172400,0.0106273600
2023-05-30,0.0023847800,0.0030895200,0.0038036400,0.0048425900,0.0057143800,0.0066196600,0.0080414600,0.0090696200,0.0097628000,0.0102151000,0.0104252700
2023-05-29,0.0025826100,0.0031775600,0.0038623700,0.0048826000,0.0057927400,0.0066700100,0.0080687500,0.0090734500,0.0097673400,0.0102191400,0.0104242600
2023-05-26,0.0025831300,0.0031782200,0.0038899700,0.0049327600,0.0058173300,0.0066992000,0.0081361800,0.0091568900,0.0098565100,0.0103103700,0.0105120800
2023-05-25,0.0025197600,0.0032699800,0.0040014800,0.0050714500,0.0060010800,0.0069187500,0.0083244800,0.0093447000,0.0100490600,0.0105044200,0.0107014300
2023-05-24,0.0025347900,0.0032921200,0.0040221700,0.0050933400,0.0060258500,0.0069388800,0.0083443500,0.0093644600,0.0100621900,0.0105161000,0.0107213800
2023-05-23,0.0025830500,0.0031782700,0.0038864000,0.0049257100,0.0058363100,0.0067296900,0.0081362400,0.0091569200,0.0098464000,0.0102939800,0.0105008800
2023-05-22,0.0024724100,0.0032060000,0.0039189500,0.0049664700,0.0058646800,0.0067492200,0.0081857000,0.0092062100,0.0098973900,0.0103469600,0.0105525800
2023-05-19,0.0024911400,0.0032302400,0.0039296900,0.0049665200,0.0058961100,0.0067824500,0.0081806200,0.0091848600,0.0098717700,0.0103173900,0.0105239000
2023-05-18,0.0025127300,0.0032636100,0.0039877900,0.0050477000,0.0059743000,0.0068792600,0.0082850200,0.0093052300,0.0099931000,0.0104376100,0.0106430500
2023-05-17,0.0025499100,0.0033144400,0.0040710900,0.0051670100,0.0061104700,0.0070812100,0.0084629100,0.0094897600,0.0101792000,0.0106264300,0.0108313200
2023-05-16,0.0025340700,0.0033117100,0.0040655300,0.0051610800,0.0061008100,0.0070686700,0.0084504900,0.0094774000,0.0101664100,0.0106137300,0.0107564200
2023-05-15,0.0024673800,0.0033652800,0.0041165400,0.0052118200,0.0061713000,0.0070976400,0.0085028200,0.0095226200,0.0102135700,0.0106616800,0.0108045900
2023-05-12,0.0024989800,0.0034110400,0.0041696100,0.0052715700,0.0062245500,0.0071485500,0.0085951800,0.0096235800,0.0103188200,0.0107693900,0.0109141900
2023-05-11,0.0025191100,0.0034386000,0.0042003500,0.0053117100,0.0062967800,0.0072378300,0.0086418100,0.0096609800,0.0103471900,0.0107939700,0.0109436200
2023-05-10,0.0025754400,0.0035154800,0.0042929000,0.0054269300,0.0064309400,0.0073874500,0.0087904700,0.0098091700,0.0104987500,0.0109466400,0.0110931700
2023-05-09,0.0025825700,0.0035278200,0.0043051100,0.0054411400,0.0064414000,0.0073973800,0.0088003700,0.0098190500,0.0105106000,0.0109582400,0.0110971800
2023-05-08,0.0024602500,0.0033607000,0.0042106600,0.0053061400,0.0062982200,0.0072310300,0.0086490200,0.0096750600,0.0103640100,0.0108106500,0.0109513900
2023-05-05,0.0025341647,0.0034640363,0.0042829396,0.0054027947,0.0064044541,0.0073431852,0.0087635961,0.0097859347,0.0104773898,0.0109258314,0.0110674945
2023-05-04,0.0026103000,0.0035705500,0.0043564600,0.0055012100,0.0065124800,0.0074570800,0.0088796900,0.0098980800,0.0105920100,0.0110422400,0.0111848300
2023-05-03,0.0024810800,0.0033917800,0.0041417600,0.0052357900,0.0061959800,0.0071084200,0.0085329700,0.0095523400,0.0102519900,0.0107084900,0.0108549900
2023-05-02,0.0024370300,0.0033214500,0.0040623800,0.0051419400,0.0060719500,0.0069592500,0.0084143400,0.0094338400,0.0101237900,0.0105734600,0.0107179500
2023-05-01,0.0023876700,0.0031111600,0.0038068800,0.0048293600,0.0057383100,0.0066207000,0.0080196300,0.0092351300,0.0099308400,0.0103865000,0.0105355300
2023-04-28,0.0025593800,0.0031895600,0.0039064700,0.0049512200,0.0058513400,0.0067100200,0.0081666200,0.0091868500,0.0123040700,0.0140066000,0.0156662900
2023-04-27,0.0025062700,0.0031234100,0.0038231700,0.0048491600,0.0057658100,0.0066540000,0.0080601800,0.0090744100,0.0121417600,0.0138156500,0.0154411800
2023-04-26,0.0024199500,0.0031984900,0.0039076900,0.0049494400,0.0058731300,0.0067701700,0.0081833300,0.0092028900,0.0122941368,0.0139798744,0.0156151125
2023-04-25,0.0023146600,0.0030463700,0.0037319100,0.0047396300,0.0056350800,0.0065044500,0.0079116600,0.0089264900,0.0119059786,0.0135296286,0.0151029022
2023-04-24,0.0022810700,0.0029974900,0.0036748400,0.0046711900,0.0055597800,0.0064214400,0.0078292000,0.0088443600,0.0117777234,0.0133751197,0.0149212394
2023-04-21,0.0022732698,0.0029872700,0.0036630000,0.0046582900,0.0055449500,0.0064046300,0.0078048100,0.0088142300,0.0117189819,0.0132996974,0.0148279689
2023-04-20,0.0022538800,0.0029618200,0.0036373900,0.0046302800,0.0054967300,0.0063382700,0.0077387500,0.0087483300,0.0116129144,0.0131706938,0.0146751059
2023-04-19,0.0021860600,0.0028630500,0.0035219700,0.0044929400,0.0053458500,0.0061722000,0.0075616300,0.0085627700,0.0113485640,0.0128624556,0.0143228408
2023-04-18,0.0020861500,0.0027164100,0.0033483600,0.0042869600,0.0051091700,0.0059062300,0.0073090900,0.0083199500,0.0110092545,0.0124697125,0.0138769621
2023-04-17,0.0020908772,0.0027253700,0.0033603100,0.0043029600,0.0051251200,0.0059225800,0.0073255400,0.0083364300,0.0110135637,0.0124664255,0.0138647676
2023-04-14,0.0021250300,0.0027727400,0.0034121600,0.0043644100,0.0051982500,0.0060061200,0.0074084300,0.0084189600,0.0111049542,0.0125616416,0.0139620674
2023-04-13,0.0021586900,0.0028221000,0.0034693400,0.0044330900,0.0052737500,0.0060892300,0.0074827700,0.0084868500,0.0111767469,0.0126345737,0.0140344892
2023-04-12,0.0021621100,0.0028265800,0.0034771500,0.0044411500,0.0052865700,0.0061059400,0.0075076600,0.0085178700,0.0111998050,0.0126523497,0.0140455869
2023-04-11,0.0022262700,0.0029256600,0.0035894500,0.0045731500,0.0054360700,0.0062721600,0.0076729900,0.0086826900,0.0113984110,0.0128682826,0.0142765076
2023-04-10,0.0017225400,0.0022674600,0.0031455200,0.0042212500,0.0053233400,0.0064101000,0.0079403200,0.0093599600,0.0122680228,0.0138409660,0.0153461867
2023-04-07,0.0017225400,0.0022674900,0.0031455800,0.0042213300,0.0053239100,0.0064101800,0.0079403800,0.0093599800,0.0122485892,0.0138099925,0.0153024231
2023-04-06,0.0022788800,0.0029995300,0.0036779300,0.0046789500,0.0055550900,0.0064051900,0.0078052600,0.0088145100,0.0115164834,0.0129760590,0.0143695199
2023-04-05,0.0023224400,0.0030614100,0.0037524900,0.0047679500,0.0056573700,0.0065214600,0.0079208700,0.0089297800,0.0116485813,0.0131163051,0.0145158891
2023-04-04,0.0022952100,0.0030255300,0.0037138400,0.0047179600,0.0055991100,0.0064550200,0.0078547900,0.0088639000,0.0115443022,0.0129903757,0.0143676762
2023-04-03,0.0022511700,0.0029630900,0.0036374700,0.0046278100,0.0054585800,0.0063381800,0.0076385700,0.0087484600,0.0113758803,0.0127924753,0.0141400874
2023-03-31,0.0022823100,0.0030041100,0.0036896200,0.0046906500,0.0055324700,0.0064225600,0.0077221900,0.0088313900,0.0114655009,0.0128848141,0.0142333899
2023-03-30,0.0023635600,0.0031200900,0.0038258000,0.0048567600,0.0057244600,0.0066391200,0.0079374600,0.0090457400,0.0117251561,0.0131679845,0.0145372474
2023-03-29,0.0026961900,0.0034467100,0.0042048900,0.0053175700,0.0062551900,0.0072356300,0.0085307900,0.0096367300,0.0124713880,0.0139968727,0.0154428187
2023-03-28,0.0027530100,0.0036715700,0.0044603800,0.0056185800,0.0065964400,0.0076171100,0.0089111500,0.0100164100,0.0129421895,0.0145157516,0.0160054458
2023-03-27,0.0027661400,0.0036890900,0.0044879500,0.0056547300,0.0066394800,0.0076669200,0.0089633700,0.0100702300,0.0129910907,0.0145610582,0.0160455228
2023-03-24,0.0028562300,0.0037917600,0.0046165600,0.0058151000,0.0068020700,0.0077653900,0.0090866700,0.0101057600,0.0130162467,0.0145797018,0.0160561812
2023-03-23,0.0027836300,0.0036954400,0.0045027200,0.0056753700,0.0066398600,0.0075827100,0.0089109000,0.0099341600,0.0127749293,0.0143000293,0.0157384961
2023-03-22,0.0025612300,0.0033602000,0.0041319100,0.0052456800,0.0061294500,0.0070193600,0.0083819600,0.0093394200,0.0119910669,0.0134137991,0.0147540342
2023-03-21,0.0027333500,0.0035931300,0.0044061500,0.0055801100,0.0063964500,0.0074512700,0.0088122900,0.0097690200,0.0125227434,0.0139993865,0.0153886555
2023-03-20,0.0031914400,0.0039894500,0.0048790900,0.0061490400,0.0070448900,0.0081801900,0.0095383600,0.0104936600,0.0134303100,0.0150041400,0.0164829700
2023-03-17,0.0030679300,0.0040755100,0.0050358200,0.0063239000,0.0072555000,0.0083454300,0.0098687000,0.0109549500,0.0142259268,0.0159898027,0.0176725411
2023-03-16,0.0028813300,0.0036027500,0.0044605100,0.0056312100,0.0064630100,0.0073494400,0.0089778700,0.0100663100,0.0132633000,0.0149986300,0.0166778100
2023-03-15,0.0026979300,0.0035680300,0.0044186800,0.0055787400,0.0064023000,0.0072806300,0.0089104000,0.0099999500,0.0131163844,0.0148015626,0.0164248490
2023-03-14,0.0022942643,0.0030210700,0.0037712400,0.0048083500,0.0055291700,0.0063018400,0.0079285800,0.0090150000,0.0117711002,0.0132557380,0.0146792586
2023-03-13,0.0023903000,0.0031339300,0.0039010700,0.0049621500,0.0057152200,0.0065166100,0.0081174100,0.0092092500,0.0119704535,0.0134521249,0.0148661150
2023-03-10,0.0021116367,0.0027594800,0.0034519200,0.0044222200,0.0051060000,0.0058346100,0.0074298800,0.0085177600,0.0110216535,0.0123600570,0.0136311802
2023-03-09,0.0020145958,0.0026240200,0.0032972000,0.0042371800,0.0048975800,0.0056016600,0.0072080000,0.0083026800,0.0106948493,0.0119685577,0.0131722873
2023-03-08,0.0020029713,0.0026003100,0.0032668700,0.0041994500,0.0048444000,0.0055349600,0.0071316200,0.0082201300,0.0105407151,0.0117714687,0.0129287463
2023-03-07,0.0019930800,0.0025789700,0.0032412600,0.0041663900,0.0048119100,0.0055018400,0.0071036400,0.0081953800,0.0104615371,0.0116586833,0.0127785524
2023-03-06,0.0020323600,0.0026001900,0.0032488300,0.0041630700,0.0048188800,0.0055354600,0.0071420100,0.0082367900,0.0104669322,0.0116403717,0.0127322569
2023-03-03,0.0020534661,0.0026280500,0.0032826200,0.0042024900,0.0048634300,0.0055853400,0.0071916400,0.0082862600,0.0104822615,0.0116331106,0.0126981598
2023-03-02,0.0020829082,0.0026666000,0.0033287300,0.0042604200,0.0049341400,0.0056686600,0.0072743900,0.0083687200,0.0105387836,0.0116714492,0.0127138214
2023-03-01,0.0020555784,0.0026324700,0.0032857100,0.0042069200,0.0048749900,0.0056021200,0.0072082500,0.0083028000,0.0104085694,0.0115032026,0.0125047922
2023-02-28,0.0020876855,0.0026744600,0.0033387500,0.0042727400,0.0049485000,0.0056853900,0.0072910200,0.0083852900,0.0104645262,0.0115409278,0.0125200143
2023-02-27,0.0021061700,0.0026990200,0.0033651200,0.0043063900,0.0049812000,0.0057187400,0.0073241500,0.0084182900,0.0104582828,0.0115099905,0.0124607865
2023-02-24,0.0021839643,0.0027387300,0.0034138200,0.0043635400,0.0050331700,0.0057693400,0.0074076600,0.0085011600,0.0105135577,0.0115466957,0.0124748288
2023-02-23,0.0021679650,0.0026604000,0.0033198600,0.0042497200,0.0049018200,0.0056194000,0.0072487900,0.0083366100,0.0102635125,0.0112485737,0.0121277637
2023-02-22,0.0022472658,0.0026986100,0.0033650100,0.0043062000,0.0049811300,0.0057523900,0.0073143500,0.0084024700,0.0102978963,0.0112627227,0.0121180585
2023-02-21,0.0022908761,0.0026920200,0.0033593800,0.0042985300,0.0049588800,0.0057191900,0.0073243400,0.0084183900,0.0102708315,0.0112096979,0.0120362154
2023-02-20,0.0022918200,0.0026354100,0.0032917200,0.0042168400,0.0048879400,0.0056528100,0.0072250200,0.0083195200,0.0101043841,0.0110050389,0.0117921777
2023-02-17,0.0020541300,0.0026324400,0.0032860400,0.0042074200,0.0048753400,0.0056362100,0.0071984300,0.0082866400,0.0100190159,0.0108893067,0.0116441838
2023-02-16,0.0020123300,0.0025704200,0.0032141300,0.0041238300,0.0047747000,0.0055196800,0.0070825800,0.0081711100,0.0098347351,0.0106667290,0.0113827309
2023-02-15,0.0020464800,0.0026184500,0.0032715600,0.0041924600,0.0048499000,0.0056029000,0.0071755000,0.0082701700,0.0099090281,0.0107248959,0.0114212775
2023-02-14,0.0020400400,0.0026102200,0.0032615700,0.0041801800,0.0048451400,0.0056030700,0.0071655200,0.0082538200,0.0098447940,0.0106331536,0.0113003027
2023-02-13,0.0020826000,0.0026689700,0.0033297500,0.0042622400,0.0049167500,0.0056702400,0.0072657100,0.0083206300,0.0098796797,0.0106485813,0.0112934368
2023-02-10,0.0021293900,0.0027289400,0.0034059700,0.0043559200,0.0050485100,0.0058362200,0.0074271600,0.0085336200,0.0100868363,0.0108491893,0.0114825422
2023-02-09,0.0022838600,0.0026263100,0.0032819700,0.0042048100,0.0048643400,0.0056197100,0.0071822500,0.0082705000,0.0097316942,0.0104453789,0.0110324344
2023-02-08,0.0020492500,0.0026262800,0.0032819200,0.0042048900,0.0048548100,0.0056029900,0.0071990900,0.0082871000,0.0097072068,0.0103973690,0.0109591533
2023-02-07,0.0023205800,0.0026685200,0.0033349900,0.0042706800,0.0049475600,0.0057197300,0.0073015100,0.0084020300,0.0097974024,0.0104720944,0.0110152278
2023-02-06,0.0021423700,0.0027456200,0.0034264300,0.0043805800,0.0050676500,0.0058528700,0.0074536400,0.0085661600,0.0099436978,0.0106063010,0.0111334631
2023-02-03,0.0021768200,0.0026138600,0.0032572000,0.0042070900,0.0048904800,0.0056198500,0.0071924200,0.0083202400,0.0096146306,0.0102339212,0.0107204935
2023-02-02,0.0022090909,0.0026582499,0.0033067239,0.0042534429,0.0049395621,0.0056684390,0.0072162935,0.0083290617,0.0095813752,0.0101772569,0.0106392212
2023-02-01,0.0022418403,0.0027033936,0.0033570007,0.0043003064,0.0049891369,0.0057174482,0.0072402462,0.0083378928,0.0095482348,0.0101209064,0.0105585650
2023-01-31,0.0022750751,0.0027493040,0.0034080419,0.0043476863,0.0050392092,0.0057668811,0.0072642784,0.0083467332,0.0095152090,0.0100648680,0.0104785203
2023-01-30,0.0023088027,0.0027959941,0.0034598593,0.0043955882,0.0050897840,0.0058167414,0.0072883904,0.0083555830,0.0094822974,0.0100091397,0.0103990824
2023-01-27,0.0023430303,0.0028434771,0.0035124644,0.0044440179,0.0051408664,0.0058670327,0.0073125824,0.0083644422,0.0094494997,0.0099537201,0.0103202467
2023-01-26,0.0023777652,0.0028917664,0.0035658694,0.0044929812,0.0051924615,0.0059177589,0.0073368548,0.0083733107,0.0094168154,0.0098986073,0.0102420087
2023-01-25,0.0024130152,0.0029408759,0.0036200864,0.0045424839,0.0052445744,0.0059689237,0.0073612077,0.0083821887,0.0093842441,0.0098437997,0.0101643638
2023-01-24,0.0024487876,0.0029908193,0.0036751278,0.0045925321,0.0052972103,0.0060205308,0.0073856414,0.0083910761,0.0093517855,0.0097892955,0.0100873076
2023-01-23,0.0024850904,0.0030416109,0.0037310060,0.0046431317,0.0053503745,0.0060725841,0.0074101562,0.0083999729,0.0093194392,0.0097350931,0.0100108354
2023-01-20,0.0025219314,0.0030932651,0.0037877338,0.0046942887,0.0054040723,0.0061250875,0.0074347524,0.0084088792,0.0092872048,0.0096811908,0.0099349431
2023-01-19,0.0025593186,0.0031457965,0.0038453241,0.0047460094,0.0054583090,0.0061780448,0.0074594302,0.0084177949,0.0092550818,0.0096275870,0.0098596260
2023-01-18,0.0025972600,0.0031992200,0.0039037900,0.0047983000,0.0055130900,0.0062314600,0.0074841900,0.0084267200,0.0092230700,0.0095742800,0.0097848800
2023-01-17,0.0024526900,0.0030249400,0.0037032800,0.0045613100,0.0052778400,0.0059776900,0.0071917300,0.0080946800,0.0088575900,0.0091899100,0.0093831800
2023-01-16,0.0024580600,0.0029765600,0.0036816800,0.0045483900,0.0052871900,0.0059996100,0.0072295200,0.0081346000,0.0089065400,0.0092334300,0.0094100000
2023-01-13,0.0023778400,0.0029997400,0.0037132600,0.0045404000,0.0052545800,0.0059521200,0.0071509000,0.0080526900,0.0088579900,0.0091735800,0.0093429800
2023-01-12,0.0023130300,0.0029095100,0.0036305100,0.0044390400,0.0051457400,0.0058250800,0.0070248900,0.0079280500,0.0087986800,0.0090728700,0.0092266600
2023-01-11,0.0023398900,0.0029434000,0.0036809200,0.0044957500,0.0052143200,0.0059087100,0.0071019300,0.0080092200,0.0088829000,0.0091684500,0.0093307800
2023-01-10,0.0023164880,0.0029266322,0.0036838538,0.0045061081,0.0052237664,0.0059238007,0.0071201516,0.0080302923,0.0088694448,0.0091730838,0.0093460425
2023-01-09,0.0022933200,0.0029099600,0.0036867900,0.0045164900,0.0052332300,0.0059389300,0.0071384200,0.0080514200,0.0088560100,0.0091777200,0.0093613300
2023-01-06,0.0023460800,0.0029608600,0.0037619600,0.0045993200,0.0053305500,0.0060403600,0.0072533700,0.0081632300,0.0090397000,0.0093342700,0.0095008200
2023-01-05,0.0025255500,0.0031738900,0.0040132000,0.0048974400,0.0056569900,0.0064112600,0.0076221900,0.0085203100,0.0093093300,0.0096661400,0.0098584700
2023-01-04,0.0025051700,0.0031522000,0.0039925100,0.0048619800,0.0056181100,0.0063647400,0.0075574400,0.0084739900,0.0092778800,0.0096282900,0.0098212900
2023-01-03,0.0025681000,0.0032111500,0.0040601400,0.0049495100,0.0057266400,0.0064954600,0.0076868200,0.0086044600,0.0094207200,0.0097991600,0.0099864200
2023-01-02,0.0027156500,0.0033568200,0.0042558500,0.0051630200,0.0059584000,0.0067439100,0.0079479100,0.0088652400,0.0097165900,0.0101427700,0.0103256900
2022-12-30,0.0027485400,0.0033746100,0.0042348100,0.0051721500,0.0059706600,0.0067627300,0.0079648900,0.0088816400,0.0098112500,0.0103359200,0.0105321600
2022-12-29,0.0027491400,0.0033759500,0.0042488900,0.0051814300,0.0059812300,0.0067722900,0.0079706800,0.0088771400,0.0098076200,0.0103345400,0.0105351400
2022-12-28,0.0027500400,0.0033757500,0.0042574800,0.0051843000,0.0059845700,0.0067732100,0.0079683500,0.0088761900,0.0098068800,0.0103322000,0.0105293400
2022-12-27,0.0027892900,0.0034165000,0.0043512900,0.0052652600,0.0060707400,0.0068580600,0.0080563700,0.0089738300,0.0099101100,0.0104373000,0.0106317100
2022-12-26,0.0027535500,0.0033730300,0.0043025900,0.0052572500,0.0060629700,0.0068557900,0.0081017800,0.0089970500,0.0099358200,0.0104655800,0.0106639700
2022-12-23,0.0028033100,0.0034344400,0.0043694100,0.0052784400,0.0060848900,0.0068729000,0.0080725700,0.0089706000,0.0099070600,0.0104359800,0.0106344800
2022-12-22,0.0027986000,0.0034297600,0.0043476900,0.0052607400,0.0060664900,0.0068556400,0.0080527400,0.0089533200,0.0098883000,0.0104161700,0.0106125300
2022-12-21,0.0027854500,0.0034289200,0.0043073900,0.0052458300,0.0060560200,0.0068556600,0.0080504400,0.0089586000,0.0098999400,0.0104343100,0.0106395300
2022-12-20,0.0028102700,0.0034541300,0.0043837500,0.0053054200,0.0061193600,0.0069170000,0.0081147700,0.0090188000,0.0099601400,0.0104933500,0.0106948900
2022-12-19,0.0027805900,0.0034010400,0.0042659300,0.0052006300,0.0060142200,0.0068162000,0.0080066000,0.0089193300,0.0098531100,0.0103830500,0.0105876900
2022-12-16,0.0028898700,0.0034050600,0.0042838100,0.0052101200,0.0060174200,0.0068131300,0.0080036100,0.0089322400,0.0098624700,0.0103897200,0.0105922700
2022-12-15,0.0027802300,0.0032815500,0.0042294500,0.0051121300,0.0058985800,0.0066672800,0.0078708900,0.0088001900,0.0097247100,0.0102524300,0.0104616300
2022-12-14,0.0026248700,0.0031141600,0.0039250400,0.0048634700,0.0056233700,0.0063831100,0.0076357300,0.0085344600,0.0094388300,0.0099562100,0.0101636200
2022-12-13,0.0025993000,0.0030907200,0.0039113900,0.0048128000,0.0055683400,0.0063198600,0.0075352500,0.0084547600,0.0093557600,0.0098703000,0.0100730700
2022-12-12,0.0027811200,0.0033071900,0.0041172800,0.0051395700,0.0058931400,0.0066676800,0.0079695700,0.0088511300,0.0097825300,0.0103139000,0.0105246300
2022-12-09,0.0027282300,0.0033441000,0.0042152700,0.0051427900,0.0059225800,0.0066973700,0.0079181000,0.0088444500,0.0097725000,0.0103007300,0.0105078200
2022-12-08,0.0028178600,0.0033447300,0.0041687800,0.0051466500,0.0059462700,0.0067475600,0.0079853800,0.0088635000,0.0097887600,0.0103141600,0.0105204800
2022-12-07,0.0027303400,0.0033421500,0.0041748400,0.0051429600,0.0059493400,0.0067509300,0.0079816600,0.0088606400,0.0097738200,0.0102887500,0.0104841400
2022-12-06,0.0028241100,0.0033333400,0.0041675900,0.0051307900,0.0059369000,0.0067363000,0.0079629100,0.0088442400,0.0097562100,0.0102710800,0.0104679300
2022-12-05,0.0028004500,0.0033150000,0.0041692700,0.0050995100,0.0059093900,0.0067076800,0.0078978600,0.0087947200,0.0097041800,0.0102169700,0.0104108300
2022-12-02,0.0027093100,0.0032585200,0.0041232500,0.0050655100,0.0058850500,0.0066890500,0.0078917600,0.0087912700,0.0097078200,0.0102265400,0.0104261800
2022-12-01,0.0026767300,0.0032384400,0.0040980900,0.0050376100,0.0058541400,0.0066555700,0.0078552500,0.0087533100,0.0096697800,0.0101877600,0.0103833200
2022-11-30,0.0027541600,0.0034199900,0.0042862600,0.0052448100,0.0060612000,0.0068716100,0.0080734200,0.0089680200,0.0098965500,0.0104193900,0.0106136800
2022-11-29,0.0028112300,0.0033885400,0.0042743400,0.0052408700,0.0060810900,0.0069047900,0.0081070100,0.0090072500,0.0099422000,0.0104690000,0.0106658000
2022-11-28,0.0027510700,0.0034132400,0.0043003300,0.0052685600,0.0061126000,0.0069385400,0.0081389800,0.0090402100,0.0099752000,0.0105021000,0.0107014400
2022-11-25,0.0027944800,0.0033538800,0.0042240000,0.0051768300,0.0060091500,0.0068240200,0.0080203500,0.0089222400,0.0098480900,0.0103696900,0.0105661800
2022-11-24,0.0027448400,0.0033176100,0.0041563000,0.0050914900,0.0059294700,0.0067464700,0.0079149500,0.0088278900,0.0097499600,0.0102694500,0.0104637500
2022-11-23,0.0028115600,0.0034071300,0.0042900000,0.0052552900,0.0061029600,0.0069315000,0.0081158900,0.0090145400,0.0099516500,0.0104789200,0.0106742800
2022-11-22,0.0027498800,0.0034629600,0.0043619500,0.0053417600,0.0062111600,0.0070561300,0.0082353100,0.0091337200,0.0100825200,0.0106157200,0.0108115600
2022-11-21,0.0028486600,0.0035802900,0.0044720500,0.0054535300,0.0063573000,0.0072250800,0.0083791900,0.0092932000,0.0102556100,0.0107960800,0.0109941700
2022-11-18,0.0028768800,0.0036136700,0.0045425700,0.0055436500,0.0064350200,0.0073013800,0.0084838500,0.0093830400,0.0103572900,0.0109036900,0.0111033500
2022-11-17,0.0030709800,0.0038271200,0.0047704900,0.0057993300,0.0067100900,0.0075888400,0.0087960500,0.0097050800,0.0106878400,0.0112370800,0.0114397900
2022-11-16,0.0028622700,0.0035824100,0.0044977900,0.0054977900,0.0063975000,0.0072427600,0.0085089100,0.0094413300,0.0104104600,0.0109533900,0.0111540000
2022-11-15,0.0028062600,0.0035162300,0.0044302500,0.0054304300,0.0063330000,0.0071835200,0.0084445500,0.0093747400,0.0103454000,0.0108890500,0.0110866800
2022-11-14,0.0029035600,0.0036377800,0.0045707900,0.0055949600,0.0065224400,0.0074089800,0.0086499700,0.0095800200,0.0105664400,0.0111174500,0.0113165400
2022-11-11,0.0027799800,0.0035114100,0.0044653800,0.0055105100,0.0064838200,0.0074078700,0.0086324500,0.0095604700,0.0105546100,0.0111083200,0.0113035800
2022-11-10,0.0030921000,0.0038484400,0.0048372700,0.0059278200,0.0069743500,0.0079699500,0.0091264300,0.0100526500,0.0110795500,0.0116482800,0.0118464900
2022-11-09,0.0033701100,0.0041768100,0.0051777300,0.0063409900,0.0074419700,0.0084694200,0.0096433700,0.0105646200,0.0116239000,0.0122086300,0.0124114700
2022-11-08,0.0033406000,0.0041430100,0.0051725100,0.0062960600,0.0073813100,0.0083936500,0.0095477900,0.0104777900,0.0115369600,0.0121224800,0.0123254000
2022-11-07,0.0033733100,0.0041792500,0.0052120400,0.0063442900,0.0074522800,0.0084910800,0.0096115500,0.0105398600,0.0116060300,0.0121942900,0.0123944000
2022-11-04,0.0034939600,0.0043207200,0.0053693100,0.0065144600,0.0076359800,0.0086984100,0.0098027100,0.0107345000,0.0118137500,0.0124078300,0.0126075400
2022-11-03,0.0037397500,0.0046165100,0.0056851800,0.0068531200,0.0079895600,0.0090653200,0.0101838800,0.0111162300,0.0122113300,0.0128140100,0.0130221700
2022-11-02,0.0034198700,0.0042340300,0.0052706600,0.0064056300,0.0074960300,0.0085318900,0.0096729400,0.0106031000,0.0116673500,0.0122564800,0.0124626600
2022-11-01,0.0033586700,0.0041646100,0.0051978900,0.0063373700,0.0074287500,0.0084663700,0.0096041900,0.0105324300,0.0115927900,0.0121798000,0.0123857600
2022-10-31,0.0034112300,0.0042267600,0.0052466300,0.0064221900,0.0075345700,0.0085987900,0.0097243100,0.0106545200,0.0117098000,0.0122921800,0.0125021500
2022-10-28,0.0034111000,0.0042202300,0.0052392600,0.0064127500,0.0075098800,0.0085859500,0.0097128500,0.0106435500,0.0116579100,0.0122192800,0.0124453200
2022-10-27,0.0034120300,0.0042250600,0.0052477300,0.0064260800,0.0075287400,0.0086073200,0.0097351500,0.0106650400,0.0115217100,0.0119963500,0.0122212000
2022-10-26,0.0034327500,0.0042510400,0.0052817400,0.0064716600,0.0075849300,0.0086691500,0.0098026200,0.0107325900,0.0118114700,0.0124069300,0.0126095600
2022-10-25,0.0035139300,0.0043498100,0.0053972100,0.0065982800,0.0077329900,0.0088304100,0.0099438200,0.0108681500,0.0119598700,0.0125619800,0.0127649500
2022-10-24,0.0036291800,0.0044784200,0.0055467600,0.0067707500,0.0079331700,0.0090450300,0.0101558300,0.0110800400,0.0121909400,0.0128018200,0.0130067000
2022-10-21,0.0037949700,0.0046549600,0.0057707300,0.0070351500,0.0082615700,0.0094163800,0.0104893700,0.0114067200,0.0125326100,0.0131492100,0.0133539200
2022-10-20,0.0038244300,0.0045602700,0.0056337200,0.0069262300,0.0081603000,0.0093169700,0.0104052800,0.0113163400,0.0124390200,0.0130541800,0.0132583500
2022-10-19,0.0037604700,0.0046431500,0.0057376900,0.0069859100,0.0081839400,0.0093035600,0.0104160800,0.0113422300,0.0124677700,0.0130851100,0.0132929200
2022-10-18,0.0036619300,0.0045215600,0.0056326800,0.0068818900,0.0080895100,0.0092322200,0.0103162000,0.0112335400,0.0123532300,0.0129661200,0.0131673800
2022-10-17,0.0038006700,0.0046686900,0.0058004500,0.0070749900,0.0083047300,0.0094610200,0.0105462000,0.0114629800,0.0126009200,0.0132235600,0.0134296300
2022-10-14,0.0040476800,0.0048143300,0.0059613700,0.0072525500,0.0085021700,0.0096717200,0.0107574100,0.0116741200,0.0128231000,0.0134479700,0.0136467400
2022-10-13,0.0040189100,0.0049435900,0.0060858900,0.0073755700,0.0086243600,0.0097869500,0.0108667800,0.0117760600,0.0129330900,0.0135690600,0.0137866300
2022-10-12,0.0040376300,0.0049425100,0.0060671900,0.0073506800,0.0085816500,0.0097235500,0.0108344600,0.0117576000,0.0129184600,0.0135571500,0.0137749900
2022-10-11,0.0040866700,0.0048209500,0.0059509600,0.0072234300,0.0084524600,0.0096063700,0.0106954100,0.0116137900,0.0127549900,0.0133809600,0.0135909000
2022-10-10,0.0039868900,0.0047067300,0.0058177100,0.0070678100,0.0082712000,0.0094103900,0.0105038000,0.0114227500,0.0125453400,0.0131609100,0.0133679800
2022-10-07,0.0038488700,0.0045489000,0.0056076800,0.0068303400,0.0079930500,0.0090978200,0.0102125400,0.0111358100,0.0122381700,0.0128447100,0.0130502400
2022-10-06,0.0036150600,0.0042857200,0.0053403400,0.0065410300,0.0076901500,0.0088097300,0.0098865300,0.0108042900,0.0118884000,0.0124873800,0.0126968400
2022-10-05,0.0036964100,0.0043753200,0.0054334400,0.0066545900,0.0078262600,0.0089800400,0.0100399600,0.0109607500,0.0120463900,0.0126370800,0.0128447300
2022-10-04,0.0036558100,0.0043466200,0.0054123400,0.0066477800,0.0078229200,0.0089843500,0.0100645600,0.0109868900,0.0120629100,0.0126287800,0.0128510200
2022-10-03,0.0040194500,0.0048063600,0.0059386600,0.0072158700,0.0084837000,0.0097050800,0.0107461500,0.0116829700,0.0126959700,0.0131413900,0.0133638900
2022-09-30,0.0039550700,0.0047304300,0.0058952400,0.0071822100,0.0084880200,0.0097489600,0.0108124200,0.0117597600,0.0127664800,0.0132012300,0.0134108600
2022-09-29,0.0041113000,0.0049181900,0.0060716200,0.0073625500,0.0086524200,0.0098973200,0.0109540500,0.0118983100,0.0129084300,0.0133448400,0.0135608400
2022-09-28,0.0039498000,0.0047323300,0.0059022800,0.0071903000,0.0084906600,0.0097531400,0.0108664400,0.0118230500,0.0128158300,0.0132404900,0.0134600300
2022-09-27,0.0038588700,0.0046321500,0.0058016200,0.0070710300,0.0083610100,0.0096211100,0.0107455100,0.0117100200,0.0126975500,0.0131223600,0.0133306000
2022-09-26,0.0039077600,0.0047170700,0.0059000200,0.0071334300,0.0084176300,0.0096546000,0.0107764600,0.0117238400,0.0127277700,0.0131700900,0.0134045300
2022-09-23,0.0036603300,0.0044326600,0.0055670000,0.0067759000,0.0080279400,0.0092558000,0.0103185400,0.0112666700,0.0122404000,0.0126694500,0.0128984900
2022-09-22,0.0036145800,0.0043746100,0.0054992500,0.0067043000,0.0079195100,0.0091178200,0.0101898600,0.0111306000,0.0120917800,0.0125142400,0.0127333200
2022-09-21,0.0036126800,0.0043949800,0.0055040100,0.0067248200,0.0079289300,0.0090698100,0.0101753200,0.0110939900,0.0120553400,0.0124821600,0.0127166000
2022-09-20,0.0035943200,0.0044957200,0.0056646300,0.0068295200,0.0080102600,0.0090440300,0.0101287200,0.0110498700,0.0119737700,0.0123763000,0.0125944700
2022-09-19,0.0027842200,0.0035105400,0.0046222700,0.0057741400,0.0069421600,0.0081068600,0.0092693500,0.0102445700,0.0111359400,0.0115218500,0.0117454000
2022-09-16,0.0028163600,0.0035366000,0.0046335500,0.0057407800,0.0068992300,0.0080836300,0.0091710300,0.0101589000,0.0110454300,0.0114313100,0.0116570200
2022-09-15,0.0029017100,0.0035270100,0.0046002500,0.0056759900,0.0067950400,0.0079435200,0.0090098300,0.0099737000,0.0108598500,0.0112520500,0.0114847200
2022-09-14,0.0028218600,0.0034789400,0.0045716000,0.0056618700,0.0068269300,0.0080162500,0.0091391300,0.0101158400,0.0110082300,0.0114000300,0.0116314400
2022-09-13,0.0028841500,0.0035729000,0.0046576900,0.0057496700,0.0068968600,0.0080742800,0.0091549400,0.0101253300,0.0110105200,0.0113948900,0.0116182300
2022-09-12,0.0027383000,0.0034826800,0.0045637000,0.0056618400,0.0068028200,0.0079614600,0.0090165400,0.0099846600,0.0108631500,0.0112445300,0.0114646200
2022-09-09,0.0027971700,0.0035522900,0.0046544700,0.0057652500,0.0069364700,0.0081238900,0.0091963500,0.0101647100,0.0110516200,0.0114322500,0.0116452100
2022-09-08,0.0029318700,0.0037148100,0.0048228600,0.0059456400,0.0071177700,0.0083135900,0.0093808800,0.0103498900,0.0112503600,0.0116404500,0.0118666800
2022-09-07,0.0029541900,0.0037445600,0.0048761600,0.0060174200,0.0071944300,0.0083940100,0.0094642900,0.0104301300,0.0113456500,0.0117508800,0.0119984100
2022-09-06,0.0029043300,0.0036817400,0.0048143200,0.0059496500,0.0071432400,0.0083492500,0.0094462800,0.0104189600,0.0113221800,0.0117151200,0.0119460200
2022-09-05,0.0029818900,0.0037768300,0.0049154200,0.0060446100,0.0072186800,0.0084131600,0.0095075200,0.0104789600,0.0113788500,0.0117642900,0.0119820100
2022-09-02,0.0028267100,0.0035979700,0.0047189800,0.0058652300,0.0069957500,0.0081881100,0.0092470700,0.0102134600,0.0111034700,0.0114898400,0.0117134400
2022-09-01,0.0029717700,0.0037680100,0.0049094000,0.0060670100,0.0072091200,0.0084186700,0.0095306800,0.0105037200,0.0113980100,0.0117794600,0.0119977300
2022-08-31,0.0029332900,0.0037236900,0.0048684900,0.0059999200,0.0070371100,0.0081995200,0.0093404100,0.0103112800,0.0112081400,0.0116007700,0.0118362500
2022-08-30,0.0027256400,0.0034485800,0.0045882900,0.0057346700,0.0067609000,0.0079774700,0.0090807300,0.0100524800,0.0109433600,0.0113391600,0.0115818300
2022-08-29,0.0026886200,0.0034423700,0.0045889300,0.0056427200,0.0066756500,0.0078237700,0.0089516100,0.0099295400,0.0107973300,0.0111762300,0.0114065700
2022-08-26,0.0026368500,0.0033743300,0.0044989500,0.0055633800,0.0065691200,0.0077741600,0.0088516100,0.0098226200,0.0106824300,0.0110573600,0.0112841300
2022-08-25,0.0026318500,0.0033775800,0.0044978300,0.0055506800,0.0065363800,0.0077402000,0.0088058200,0.0097765000,0.0106340900,0.0110082000,0.0112335700
2022-08-24,0.0025539700,0.0032704800,0.0043920000,0.0054647100,0.0065333100,0.0077811100,0.0088800900,0.0098711100,0.0107276300,0.0110995500,0.0113240700
2022-08-23,0.0027680100,0.0035397400,0.0046643600,0.0056987900,0.0067176900,0.0078646200,0.0089846000,0.0099692900,0.0108358200,0.0112137000,0.0114502300
2022-08-22,0.0027191900,0.0034631500,0.0045373200,0.0055859800,0.0065656800,0.0077139000,0.0088051200,0.0097849600,0.0106297000,0.0109978600,0.0112301500
2022-08-19,0.0024772000,0.0031040500,0.0040978400,0.0050924400,0.0060475300,0.0070845500,0.0082651400,0.0092470000,0.0100600800,0.0104143100,0.0106296400
2022-08-18,0.0023347100,0.0029377900,0.0039690500,0.0049885500,0.0059420400,0.0069824800,0.0081716300,0.0091512500,0.0099682400,0.0103315600,0.0105613500
2022-08-17,0.0023871400,0.0029972300,0.0040444700,0.0050786900,0.0060018900,0.0070221400,0.0082082600,0.0091804200,0.0099934900,0.0103519100,0.0105737000
2022-08-16,0.0023250600,0.0029263700,0.0039773200,0.0049996900,0.0059154200,0.0069156700,0.0081095800,0.0090800500,0.0098853400,0.0102401100,0.0104613200
2022-08-15,0.0022227600,0.0028026300,0.0038309700,0.0048808600,0.0057963600,0.0068031300,0.0080164600,0.0089826400,0.0097936400,0.0101573800,0.0103906500
2022-08-12,0.0023337400,0.0029480600,0.0039426800,0.0049174800,0.0058237900,0.0068097900,0.0079778000,0.0089498200,0.0097499000,0.0101050900,0.0103294000
2022-08-11,0.0023187500,0.0029180500,0.0039618300,0.0049882300,0.0059251800,0.0069519700,0.0081401600,0.0091155300,0.0099224300,0.0102761300,0.0104928000
2022-08-10,0.0024514000,0.0030710600,0.0041489600,0.0052081200,0.0061513200,0.0071914600,0.0083796700,0.0093490500,0.0101804300,0.0105476600,0.0107783000
2022-08-09,0.0024728300,0.0031075900,0.0041877400,0.0052487800,0.0062300100,0.0072961100,0.0084913600,0.0094685200,0.0103008500,0.0106643400,0.0108914500
2022-08-08,0.0023900600,0.0030885400,0.0041719500,0.0052385500,0.0062141600,0.0072778000,0.0084697300,0.0094431600,0.0102807100,0.0106502400,0.0108819800
2022-08-05,0.0024572900,0.0031619500,0.0042543000,0.0053269400,0.0063108200,0.0073827500,0.0085747300,0.0095473400,0.0103821900,0.0107459700,0.0109698800
2022-08-04,0.0024821700,0.0031882900,0.0042960900,0.0053816300,0.0063439400,0.0074041800,0.0085899400,0.0095535200,0.0104034700,0.0107794100,0.0110106300
2022-08-03,0.0025347900,0.0032301100,0.0043478400,0.0054424200,0.0064410000,0.0075277500,0.0087201700,0.0096913700,0.0105493000,0.0109293300,0.0111643000
2022-08-02,0.0027155900,0.0033872000,0.0045389400,0.0056641600,0.0066484800,0.0077355400,0.0089388800,0.0099053800,0.0107820500,0.0111710600,0.0114061500
2022-08-01,0.0025613300,0.0032744600,0.0044225100,0.0055324700,0.0065244700,0.0076087500,0.0088229900,0.0097940000,0.0106665200,0.0110542600,0.0112819500
2022-07-29,0.0026254100,0.0033619900,0.0045753400,0.0056961100,0.0066684100,0.0077195100,0.0089229600,0.0098852200,0.0107668900,0.0111637700,0.0113881900
2022-07-28,0.0027268000,0.0034700300,0.0046774500,0.0058277000,0.0068507000,0.0079454300,0.0091508000,0.0101168300,0.0110342300,0.0114640400,0.0116900500
2022-07-27,0.0028179100,0.0035679000,0.0047941300,0.0059789000,0.0069865000,0.0080727200,0.0092861200,0.0102472300,0.0112641000,0.0118248000,0.0120646900
2022-07-26,0.0029194500,0.0035818900,0.0048063600,0.0059982200,0.0070153400,0.0081025300,0.0093258200,0.0102944300,0.0113136900,0.0118756600,0.0121150600
2022-07-25,0.0026551500,0.0033779800,0.0045791800,0.0057531900,0.0067438600,0.0077922000,0.0090193100,0.0099824300,0.0109826800,0.0115348200,0.0117657700
2022-07-22,0.0027669100,0.0035172100,0.0047508600,0.0059549700,0.0069691300,0.0080360100,0.0092533700,0.0102177600,0.0112351300,0.0117962500,0.0120306600
2022-07-21,0.0028579800,0.0036250400,0.0048631100,0.0060814900,0.0071044200,0.0082020500,0.0093991800,0.0103602300,0.0113885600,0.0119544800,0.0121928700
2022-07-20,0.0028185600,0.0035678800,0.0048089100,0.0060228700,0.0070456900,0.0081388500,0.0093331100,0.0102884800,0.0113155000,0.0118797300,0.0121115400
2022-07-19,0.0031948900,0.0040050700,0.0053044600,0.0065408500,0.0075753400,0.0086823800,0.0098848300,0.0108434000,0.0119084200,0.0124917400,0.0127351900
2022-07-18,0.0034881300,0.0042156000,0.0055041000,0.0067120600,0.0077482900,0.0088470600,0.0100391900,0.0109974400,0.0120720900,0.0126584400,0.0128985300
2022-07-15,0.0036079900,0.0044356800,0.0057127800,0.0068920100,0.0079436400,0.0090326500,0.0102206700,0.0111880300,0.0122760100,0.0128699100,0.0131161000
2022-07-14,0.0038005500,0.0045042500,0.0057366000,0.0069466500,0.0080431900,0.0091683700,0.0103861000,0.0113613400,0.0124525300,0.0130475800,0.0132964400
2022-07-13,0.0034781500,0.0041432100,0.0053227800,0.0064875300,0.0075444000,0.0086275000,0.0098348000,0.0108120500,0.0118653600,0.0124408000,0.0126767200
2022-07-12,0.0033054800,0.0040553900,0.0052123000,0.0063455000,0.0073768900,0.0084345200,0.0096375600,0.0106193500,0.0116596000,0.0122323300,0.0124740600
2022-07-11,0.0030448800,0.0037589700,0.0048581400,0.0059416400,0.0069308300,0.0079433700,0.0091281300,0.0101020700,0.0111067200,0.0116608600,0.0118882600
2022-07-08,0.0029735900,0.0036780000,0.0047733700,0.0058476100,0.0068344200,0.0078356500,0.0090064700,0.0099818200,0.0109788200,0.0115294300,0.0117574100
2022-07-07,0.0029552400,0.0036522600,0.0047193800,0.0058345400,0.0068594400,0.0078916200,0.0090820600,0.0100604000,0.0110665100,0.0116221500,0.0118573200
2022-07-06,0.0031526800,0.0038870900,0.0049120600,0.0060546600,0.0071257400,0.0081812600,0.0093885800,0.0103864400,0.0114155300,0.0119827600,0.0122215700
2022-07-05,0.0029309400,0.0036217600,0.0046498200,0.0057799500,0.0068643500,0.0079031300,0.0091083100,0.0101091100,0.0111172700,0.0116748400,0.0119119100
2022-07-04,0.0028278100,0.0035047300,0.0045048000,0.0056347600,0.0066801400,0.0077146300,0.0089152800,0.0099071400,0.0108985000,0.0114471400,0.0116799800
2022-07-01,0.0028804500,0.0035586700,0.0045402300,0.0056652200,0.0066919600,0.0077071700,0.0089074700,0.0099044000,0.0108979200,0.0114497200,0.0116870600
2022-06-30,0.0028578000,0.0035314800,0.0045254200,0.0056254200,0.0066626100,0.0076861600,0.0088835800,0.0098895200,0.0108766600,0.0114262500,0.0116659900
2022-06-29,0.0025526500,0.0031612100,0.0041007300,0.0051550900,0.0061232700,0.0071025100,0.0082786600,0.0092678200,0.0102053300,0.0107253200,0.0109590900
2022-06-28,0.0024744800,0.0030712100,0.0039755700,0.0050012100,0.0059369600,0.0068828400,0.0080538800,0.0090395600,0.0099582200,0.0104624400,0.0106915700
2022-06-27,0.0024463700,0.0030290900,0.0039358100,0.0049578000,0.0058963800,0.0068416900,0.0080117900,0.0089945400,0.0098909800,0.0103695300,0.0106079100
2022-06-24,0.0025540100,0.0031675600,0.0040727000,0.0050951200,0.0060287400,0.0069741600,0.0081297200,0.0091049700,0.0100077500,0.0104885000,0.0107269900
2022-06-23,0.0025689800,0.0031710800,0.0040835500,0.0051101900,0.0060516900,0.0069999900,0.0081687800,0.0091535700,0.0100540000,0.0105318800,0.0107744900
2022-06-22,0.0024413200,0.0030188800,0.0039293100,0.0049328000,0.0058734200,0.0068100300,0.0079739300,0.0089553700,0.0098290100,0.0102824400,0.0105229300
2022-06-21,0.0023703500,0.0029506200,0.0038555500,0.0048473700,0.0057804800,0.0067019500,0.0078504000,0.0088264800,0.0096206400,0.0099719900,0.0101809800
2022-06-20,0.0024934500,0.0030932200,0.0040238300,0.0050497200,0.0060180500,0.0069717600,0.0081349700,0.0091238500,0.0099425000,0.0103068900,0.0105201700
2022-06-17,0.0026351700,0.0031715700,0.0040876500,0.0051171000,0.0060798500,0.0070537000,0.0082358200,0.0092074400,0.0100389200,0.0104113300,0.0106274000
2022-06-16,0.0027257500,0.0032723700,0.0042096200,0.0052474100,0.0062176500,0.0071887000,0.0083566800,0.0093365400,0.0101637100,0.0105342300,0.0107587400
2022-06-15,0.0025527700,0.0030767700,0.0039941400,0.0050067800,0.0059617600,0.0069041900,0.0080641000,0.0090407700,0.0098391500,0.0101944900,0.0104063400
2022-06-14,0.0027129900,0.0032804600,0.0042190200,0.0052525400,0.0062214100,0.0071855100,0.0083693700,0.0093577400,0.0101703000,0.0105271600,0.0107363600
2022-06-13,0.0025855500,0.0031935600,0.0041096800,0.0051166300,0.0060675400,0.0070035500,0.0081972300,0.0091899000,0.0100049700,0.0103714600,0.0105944600
2022-06-10,0.0024849500,0.0029976000,0.0038736900,0.0048454700,0.0057493400,0.0066482800,0.0078348500,0.0088235500,0.0096206000,0.0099836700,0.0102085100
2022-06-09,0.0023534500,0.0028495200,0.0036916800,0.0046258700,0.0054952500,0.0063622400,0.0075394600,0.0085261300,0.0092992900,0.0096521000,0.0098754300
2022-06-08,0.0022262800,0.0027109300,0.0035215400,0.0044201100,0.0052533400,0.0060859800,0.0072648000,0.0082577000,0.0090012700,0.0093376100,0.0095473600
2022-06-07,0.0019573100,0.0024560800,0.0032330400,0.0040926600,0.0048878400,0.0056859900,0.0068527300,0.0078421100,0.0085629200,0.0088928300,0.0091031500
2022-06-06,0.0019785100,0.0024248800,0.0031763900,0.0040156400,0.0047817700,0.0055523600,0.0067228300,0.0077122800,0.0084248600,0.0087510100,0.0089577400
2022-06-03,0.0019063500,0.0023449500,0.0031195600,0.0039534800,0.0047695700,0.0055741600,0.0067401600,0.0077449100,0.0084622900,0.0087917800,0.0090028600
2022-06-02,0.0019109800,0.0023508800,0.0031242400,0.0039598900,0.0047717600,0.0055752500,0.0067417100,0.0077459700,0.0084606500,0.0087874500,0.0089970900
2022-06-01,0.0019223800,0.0023642000,0.0031393700,0.0039893400,0.0047752700,0.0055710400,0.0067413800,0.0077435700,0.0084578100,0.0087834600,0.0089899000
2022-05-31,0.0019162100,0.0023526900,0.0031179600,0.0039647000,0.0047579100,0.0055548800,0.0067262300,0.0077229600,0.0084351500,0.0087621900,0.0089728300
2022-05-30,0.0018375500,0.0022616400,0.0030332600,0.0038685100,0.0046684000,0.0054695800,0.0066448000,0.0076391700,0.0083465200,0.0086708000,0.0088798900
2022-05-27,0.0019239400,0.0023706900,0.0031362500,0.0039808000,0.0047678700,0.0055565400,0.0067339200,0.0077288500,0.0084459200,0.0087741500,0.0089825100
2022-05-26,0.0019856400,0.0024890200,0.0032730000,0.0041496700,0.0049474100,0.0057478700,0.0069219500,0.0079075800,0.0086310900,0.0089567500,0.0091567100
2022-05-25,0.0021686000,0.0026572600,0.0034724500,0.0043771400,0.0052147200,0.0060514400,0.0072355100,0.0082245300,0.0089760500,0.0093179400,0.0095287600
2022-05-24,0.0021861800,0.0027438800,0.0035652100,0.0044757200,0.0053180400,0.0061588600,0.0073460100,0.0083342700,0.0090938800,0.0094387800,0.0096499800
2022-05-23,0.0021417700,0.0026840900,0.0035002100,0.0043955000,0.0052395800,0.0060798000,0.0072603900,0.0082445800,0.0090021600,0.0093481500,0.0095622900
2022-05-20,0.0022272400,0.0027210900,0.0035477300,0.0044447800,0.0053023900,0.0061541700,0.0073376800,0.0083235400,0.0090837100,0.0094296600,0.0096404500
2022-05-19,0.0021503100,0.0026949600,0.0035310200,0.0044050800,0.0052848100,0.0061542500,0.0073437800,0.0083345200,0.0091018100,0.0094551700,0.0096802700
2022-05-18,0.0020712700,0.0025833200,0.0034006000,0.0042343100,0.0050960200,0.0059461500,0.0071304100,0.0081252100,0.0088760100,0.0092226600,0.0094528000
2022-05-17,0.0020226600,0.0024556000,0.0032690400,0.0040953300,0.0049645600,0.0058269100,0.0070124900,0.0080031700,0.0087411500,0.0090805400,0.0093109000
2022-05-16,0.0020958400,0.0025147400,0.0033551600,0.0042076800,0.0050956900,0.0059659300,0.0071512400,0.0081381600,0.0088863100,0.0092294100,0.0094874200
2022-05-13,0.0020330100,0.0023867000,0.0032690500,0.0041439400,0.0050625900,0.0059295400,0.0071146700,0.0081023400,0.0088427400,0.0091798400,0.0094277700
2022-05-12,0.0020405800,0.0024017400,0.0032951600,0.0041959400,0.0051368200,0.0060291200,0.0072244000,0.0082212700,0.0089853400,0.0093370200,0.0095635400
2022-05-11,0.0019837100,0.0023268200,0.0032142600,0.0041096700,0.0050432700,0.0059289800,0.0071230700,0.0081202800,0.0088725900,0.0092137900,0.0094632900
2022-05-10,0.0020496800,0.0024169700,0.0033136600,0.0042164300,0.0051614600,0.0060560600,0.0072452900,0.0082357700,0.0090083100,0.0093502100,0.0095680100
2022-05-09,0.0021491000,0.0025353400,0.0034490600,0.0043675300,0.0053258700,0.0062330100,0.0074338900,0.0084332800,0.0092402200,0.0095640600,0.0097726900
2022-05-06,0.0020691300,0.0024535300,0.0033532100,0.0042543200,0.0051957500,0.0060861700,0.0072877500,0.0082915700,0.0091940000,0.0094745700,0.0096773100
2022-05-05,0.0019467500,0.0023050600,0.0031678500,0.0040431000,0.0049646300,0.0058441200,0.0070364900,0.0080336800,0.0087766800,0.0091184000,0.0093338500
2022-05-04,0.0019179600,0.0023344500,0.0032004500,0.0040692900,0.0049820600,0.0058523000,0.0070383800,0.0080291900,0.0087694400,0.0091094500,0.0093249100
2022-05-03,0.0019468300,0.0023037800,0.0031726300,0.0040442900,0.0049468400,0.0058016300,0.0069797500,0.0079634900,0.0086993600,0.0090383900,0.0092568800
2022-05-02,0.0019525200,0.0023166500,0.0031802600,0.0040485600,0.0049669500,0.0058365900,0.0070396100,0.0080456200,0.0087800700,0.0091147000,0.0093272600
2022-04-29,0.0019235200,0.0023432100,0.0031976100,0.0040609600,0.0049756600,0.0058477300,0.0070485700,0.0080516300,0.0087881000,0.0091245800,0.0093396400
2022-04-28,0.0019200100,0.0022852300,0.0031293200,0.0039802200,0.0048812100,0.0057405500,0.0069409000,0.0079444400,0.0086694900,0.0089989500,0.0092088300
2022-04-27,0.0019258300,0.0023457100,0.0031967900,0.0040419200,0.0049328600,0.0057742700,0.0069668000,0.0079607600,0.0086899600,0.0090243300,0.0092395700
2022-04-26,0.0018614600,0.0022176500,0.0030567700,0.0039025900,0.0047885900,0.0056317800,0.0068299700,0.0078315200,0.0085575500,0.0088948700,0.0091184900
2022-04-25,0.0017928500,0.0021952100,0.0030181000,0.0038498600,0.0047217800,0.0055506900,0.0067481800,0.0077524200,0.0084692300,0.0088009400,0.0090217500
2022-04-22,0.0017281100,0.0021128300,0.0029078200,0.0037010800,0.0045476300,0.0053533200,0.0065479100,0.0075474200,0.0082497300,0.0085762300,0.0087973700
2022-04-21,0.0016834400,0.0020583800,0.0028499300,0.0036389000,0.0044755200,0.0052719000,0.0064675500,0.0074682200,0.0081585900,0.0084765900,0.0086862900
2022-04-20,0.0016995400,0.0020708700,0.0028806200,0.0037004300,0.0045406900,0.0053438200,0.0065357400,0.0075433600,0.0082463800,0.0085735800,0.0087951100
2022-04-19,0.0017634300,0.0020943600,0.0029190500,0.0037520500,0.0046044300,0.0054236500,0.0066230700,0.0076275900,0.0083294400,0.0086528000,0.0088690200
2022-04-18,0.0016193300,0.0019789900,0.0028474100,0.0036678200,0.0045439300,0.0053645700,0.0066578500,0.0076724600,0.0083866400,0.0087189800,0.0089427600
2022-04-15,0.0014598000,0.0017840500,0.0026292800,0.0035210200,0.0044736300,0.0053922400,0.0068115300,0.0079096900,0.0086442800,0.0089866300,0.0092186000
2022-04-14,0.0017213100,0.0021035400,0.0029107700,0.0037394200,0.0045868900,0.0054038200,0.0065963400,0.0075982600,0.0082987300,0.0086211200,0.0088359500
2022-04-13,0.0017305700,0.0021127500,0.0029016800,0.0037577000,0.0045985600,0.0054461600,0.0066479300,0.0076450700,0.0083562200,0.0086882600,0.0089132200
2022-04-12,0.0017941100,0.0021822200,0.0029419400,0.0039944800,0.0045840500,0.0053897100,0.0065842700,0.0075889800,0.0082930500,0.0086199600,0.0088415200
2022-04-11,0.0017872000,0.0021132600,0.0029186100,0.0037201400,0.0045734000,0.0053899900,0.0065969300,0.0075837600,0.0082879900,0.0086128500,0.0088279400
2022-04-08,0.0017861600,0.0021107700,0.0029012700,0.0036982800,0.0045437700,0.0053406500,0.0065307500,0.0075287100,0.0082412200,0.0085708500,0.0087825100
2022-04-07,0.0017791200,0.0021041900,0.0028811500,0.0036863300,0.0045407800,0.0053468500,0.0065370400,0.0075472900,0.0082601700,0.0085905400,0.0088040400
2022-04-06,0.0017832900,0.0021080100,0.0028802100,0.0036759500,0.0045259700,0.0053299600,0.0065200600,0.0075290100,0.0082374700,0.0085644400,0.0087757900
2022-04-05,0.0017807300,0.0021078600,0.0029084900,0.0035938900,0.0044219800,0.0052122000,0.0064115300,0.0074218000,0.0081230900,0.0084479300,0.0086604600
2022-04-04,0.0016446900,0.0019542900,0.0027075800,0.0034881900,0.0043004400,0.0050971900,0.0063009700,0.0073028800,0.0080009900,0.0083270800,0.0085434700
2022-04-01,0.0016607900,0.0019780700,0.0026817900,0.0034530400,0.0042816300,0.0050911600,0.0062714600,0.0072875700,0.0079853200,0.0083147100,0.0085365900
2022-03-31,0.0016048200,0.0019708900,0.0027096200,0.0034927300,0.0043160800,0.0051074600,0.0062858500,0.0072867600,0.0079872300,0.0083199200,0.0085461800
2022-03-30,0.0016202200,0.0019892500,0.0027414900,0.0035400800,0.0043792600,0.0051838100,0.0063691900,0.0073556600,0.0080562900,0.0083841900,0.0086042300
2022-03-29,0.0015734600,0.0019299700,0.0026554200,0.0034588100,0.0043123200,0.0051348500,0.0063073500,0.0072869300,0.0079820400,0.0083070000,0.0085267800
2022-03-28,0.0017080000,0.0020977200,0.0028676300,0.0037061900,0.0046038000,0.0054575900,0.0066553300,0.0076461000,0.0083723500,0.0087131100,0.0089379100
2022-03-25,0.0017525600,0.0021534900,0.0029325900,0.0037768600,0.0046814600,0.0055332600,0.0067327100,0.0077258900,0.0084576300,0.0087986200,0.0090223500
2022-03-24,0.0017729400,0.0021743600,0.0029893000,0.0038398300,0.0047370600,0.0055872200,0.0068006400,0.0078085900,0.0085506700,0.0088932800,0.0091177800
2022-03-23,0.0017656600,0.0021582400,0.0029741700,0.0038167800,0.0046993800,0.0055007800,0.0066835100,0.0076708000,0.0084157000,0.0087514900,0.0089735700
2022-03-22,0.0016663200,0.0020414300,0.0028309600,0.0036664400,0.0045368700,0.0053709100,0.0065697900,0.0075613900,0.0083236500,0.0086351500,0.0088417700
2022-03-21,0.0017071900,0.0020862100,0.0028455800,0.0036791800,0.0045367100,0.0053687600,0.0065566100,0.0075302500,0.0083769100,0.0086315100,0.0087955000
2022-03-18,0.0015375100,0.0018840000,0.0026646500,0.0034752200,0.0043107000,0.0051446000,0.0063950800,0.0074209800,0.0082936900,0.0085489200,0.0087355600
2022-03-17,0.0014763800,0.0018106400,0.0025411800,0.0033353500,0.0041561500,0.0049168600,0.0061788300,0.0071864800,0.0080369200,0.0082874000,0.0084701700
2022-03-16,0.0013720900,0.0016860200,0.0024159700,0.0032055200,0.0040330600,0.0048246000,0.0060540800,0.0070502000,0.0078852300,0.0081317200,0.0083102700
2022-03-15,0.0015117900,0.0018584400,0.0025841100,0.0034459800,0.0043384600,0.0052187800,0.0064692300,0.0074787700,0.0083534600,0.0086086100,0.0087906500
2022-03-14,0.0015162700,0.0018741100,0.0026103400,0.0034543500,0.0043306100,0.0051601600,0.0064150800,0.0074096900,0.0082719800,0.0085202500,0.0086934100
2022-03-11,0.0014539800,0.0018656300,0.0025885900,0.0034640600,0.0043519700,0.0052454800,0.0064506200,0.0074494900,0.0083020700,0.0085505900,0.0087253900
2022-03-10,0.0014168200,0.0018579300,0.0025638000,0.0034618700,0.0043789700,0.0052567200,0.0065284900,0.0075140700,0.0083752100,0.0086267300,0.0088042000
2022-03-09,0.0013952100,0.0018264100,0.0025318900,0.0034368100,0.0043589300,0.0052516300,0.0065083300,0.0074921000,0.0083481200,0.0085947500,0.0087667600
2022-03-08,0.0015723700,0.0020238600,0.0027749700,0.0037534800,0.0047489700,0.0057308900,0.0069932100,0.0079988100,0.0088923500,0.0091493400,0.0093143000
2022-03-07,0.0016939000,0.0021644900,0.0028946500,0.0039050900,0.0049507600,0.0059698500,0.0072556500,0.0082669800,0.0091734000,0.0094449200,0.0096383600
2022-03-04,0.0014548600,0.0018518200,0.0025245800,0.0034560700,0.0044604000,0.0054581300,0.0067286800,0.0077523600,0.0086642300,0.0089318500,0.0091274100
2022-03-03,0.0012859700,0.0016003800,0.0022464300,0.0031583500,0.0041221200,0.0050558200,0.0064106000,0.0074250400,0.0083616300,0.0086223400,0.0087991700
2022-03-02,0.0013849600,0.0017228400,0.0023442100,0.0032454500,0.0041890600,0.0051191600,0.0064227500,0.0074678300,0.0084110500,0.0086773000,0.0088617700
2022-03-01,0.0013891900,0.0017328800,0.0023421000,0.0032355900,0.0041882200,0.0051203800,0.0064586000,0.0075206500,0.0084545600,0.0087287200,0.0089290200
2022-02-28,0.0012670300,0.0016174200,0.0022324000,0.0031178700,0.0040253500,0.0049400000,0.0062242800,0.0072645900,0.0081587100,0.0084162600,0.0086044200
2022-02-25,0.0012182200,0.0015173800,0.0021103000,0.0029647400,0.0038384600,0.0047274300,0.0059933300,0.0070264600,0.0079031100,0.0081554700,0.0083401100
2022-02-24,0.0013387900,0.0016664600,0.0022782900,0.0031831000,0.0040728000,0.0050010000,0.0062705800,0.0073014400,0.0082024500,0.0084635700,0.0086507500
2022-02-23,0.0012042700,0.0014985800,0.0020700900,0.0029428100,0.0037909800,0.0046760600,0.0059515000,0.0069684900,0.0078415000,0.0080968800,0.0082836600
2022-02-22,0.0012335100,0.0015364600,0.0021228200,0.0029783600,0.0038231400,0.0047065700,0.0059705800,0.0070024800,0.0078758600,0.0081282200,0.0083118800
2022-02-21,0.0012762100,0.0015914500,0.0021782800,0.0030377200,0.0038865100,0.0047755400,0.0060373000,0.0070763700,0.0079550200,0.0082099200,0.0083952700
2022-02-18,0.0012145600,0.0015540000,0.0021340600,0.0029846900,0.0038125700,0.0046747400,0.0059293800,0.0069823600,0.0078487900,0.0081000000,0.0082848000
2022-02-17,0.0011476200,0.0014698600,0.0020679000,0.0029024500,0.0037226800,0.0045813700,0.0058186600,0.0068624700,0.0077189300,0.0079691700,0.0081558300
2022-02-16,0.0011132000,0.0014255100,0.0020194900,0.0028219500,0.0036546000,0.0045038700,0.0057069900,0.0067335400,0.0075815100,0.0078308500,0.0080165000
2022-02-15,0.0011403900,0.0014523400,0.0020582000,0.0028734300,0.0037183100,0.0045796800,0.0058009200,0.0068295200,0.0076880900,0.0079347700,0.0081130900
2022-02-14,0.0011758800,0.0015017200,0.0021539000,0.0030171100,0.0039002400,0.0047814700,0.0060137800,0.0070310000,0.0078980500,0.0081496900,0.0083326000
2022-02-11,0.0011720100,0.0014931000,0.0020969000,0.0029265400,0.0037536200,0.0046242800,0.0058508500,0.0068851400,0.0077554300,0.0080078400,0.0081930200
2022-02-10,0.0011475900,0.0014638500,0.0020476900,0.0028428600,0.0036844500,0.0045416200,0.0057452600,0.0067784000,0.0076391600,0.0078915400,0.0080836200
2022-02-09,0.0010561100,0.0013571500,0.0019339000,0.0027313400,0.0035301800,0.0043730400,0.0055878900,0.0066189000,0.0074682700,0.0077189500,0.0079471000
2022-02-08,0.0011868000,0.0014744300,0.0020739100,0.0028826000,0.0037406000,0.0046146600,0.0057819700,0.0068170700,0.0076828100,0.0079321100,0.0081124700
2022-02-07,0.0012616400,0.0016013300,0.0022283100,0.0030593400,0.0039245200,0.0047941600,0.0059861300,0.0070419400,0.0079314200,0.0081837700,0.0083637100
2022-02-04,0.0011690300,0.0014847400,0.0021124400,0.0029196800,0.0037191800,0.0045430400,0.0057489800,0.0067888000,0.0076676600,0.0079193700,0.0081075700
2022-02-03,0.0011102400,0.0013763000,0.0019479700,0.0026906700,0.0034683800,0.0042457800,0.0054536500,0.0064969700,0.0073410100,0.0075828500,0.0077682200
2022-02-02,0.0010151600,0.0012675800,0.0017982000,0.0025216100,0.0032650300,0.0040250200,0.0052199200,0.0062510500,0.0070752100,0.0073153900,0.0075036200
2022-02-01,0.0010320400,0.0013078700,0.0018426600,0.0025836300,0.0033230300,0.0040899000,0.0052779700,0.0063047400,0.0071428300,0.0073831200,0.0075669600
2022-01-31,0.0010703500,0.0013525000,0.0018823600,0.0026224100,0.0034029000,0.0041814800,0.0053663300,0.0063880900,0.0072327200,0.0074752700,0.0076617000
2022-01-28,0.0010873500,0.0013506900,0.0018942400,0.0026318200,0.0034062400,0.0041817900,0.0053781300,0.0064077700,0.0072430200,0.0074883100,0.0076821900
2022-01-27,0.0010575900,0.0013146700,0.0018364000,0.0025545500,0.0033113600,0.0040658600,0.0052564400,0.0062830800,0.0071073000,0.0073506400,0.0075450300
2022-01-26,0.0010479500,0.0013022000,0.0018050700,0.0025202600,0.0032652200,0.0040074900,0.0051952800,0.0062204100,0.0070407600,0.0072783700,0.0074645200
2022-01-25,0.0010397600,0.0013007800,0.0017988300,0.0025422800,0.0033132800,0.0040744900,0.0052663900,0.0062740500,0.0070964300,0.0073358400,0.0075228600
2022-01-24,0.0010504800,0.0013443400,0.0018608800,0.0025926200,0.0033480600,0.0041047000,0.0053002600,0.0063328000,0.0071636100,0.0074045400,0.0075916100
2022-01-21,0.0010409500,0.0013245600,0.0018284000,0.0025410100,0.0032762900,0.0040130000,0.0052005300,0.0062357500,0.0070735500,0.0073131700,0.0075002400
2022-01-20,0.0010107700,0.0012879300,0.0017877000,0.0024908400,0.0032195800,0.0039484100,0.0051262100,0.0061613600,0.0069935900,0.0072323300,0.0074199400
2022-01-19,0.0009966000,0.0012716600,0.0018002600,0.0025097500,0.0032403000,0.0039647100,0.0051371100,0.0061695200,0.0070056200,0.0072419300,0.0074261800
2022-01-18,0.0010304800,0.0013151900,0.0018195600,0.0025320800,0.0032631600,0.0039986200,0.0051676300,0.0062000200,0.0070357300,0.0072724700,0.0074574700
2022-01-17,0.0009890900,0.0012570800,0.0017840700,0.0024770500,0.0032043900,0.0039229800,0.0050970700,0.0061219200,0.0069440300,0.0071769600,0.0073599800
2022-01-14,0.0009780700,0.0012480700,0.0017742400,0.0024675600,0.0031837000,0.0038964700,0.0050663500,0.0060873100,0.0069005100,0.0071318600,0.0073157800
2022-01-13,0.0009269100,0.0011841300,0.0016930800,0.0023863900,0.0031038200,0.0038093800,0.0049811600,0.0059772700,0.0067781100,0.0070107500,0.0071984500
2022-01-12,0.0009249000,0.0011818700,0.0016951800,0.0023798300,0.0030871400,0.0037936600,0.0049715100,0.0059861500,0.0067909200,0.0070243300,0.0072114500
2022-01-11,0.0009811100,0.0012477900,0.0017501400,0.0024534800,0.0031650700,0.0038883400,0.0050750000,0.0061132400,0.0069571700,0.0071938800,0.0073778500
2022-01-10,0.0009995500,0.0012664800,0.0017835800,0.0024962700,0.0032217800,0.0039383500,0.0051102000,0.0061303300,0.0069638100,0.0071988200,0.0073856700
2022-01-07,0.0010593200,0.0013082200,0.0017566200,0.0024003300,0.0031216100,0.0038352400,0.0050004500,0.0060410300,0.0068585000,0.0070924400,0.0072817200
2022-01-06,0.0009879500,0.0012625000,0.0017397800,0.0024232900,0.0031145000,0.0038051800,0.0049698500,0.0060048900,0.0068192100,0.0070524300,0.0072430800
2022-01-05,0.0009239600,0.0011710700,0.0016331900,0.0022881300,0.0029662600,0.0036576500,0.0048265800,0.0058439100,0.0066412500,0.0068703400,0.0070588000
2022-01-04,0.0008826700,0.0011261700,0.0015820800,0.0022364000,0.0028869100,0.0035704800,0.0047502600,0.0057711700,0.0065674900,0.0067952900,0.0069836800
2022-01-03,0.0008827300,0.0011362100,0.0015213100,0.0021876500,0.0028944800,0.0035842200,0.0047827300,0.0058049300,0.0065935700,0.0068218800,0.0070106400
2021-12-31,0.0008838800,0.0011362600,0.0015214900,0.0021878100,0.0028946600,0.0035843500,0.0047829800,0.0058050800,0.0065893200,0.0068157700,0.0070039200
2021-12-30,0.0010850000,0.0013700200,0.0016006900,0.0022304900,0.0029223000,0.0035900000,0.0047828600,0.0058431100,0.0066258700,0.0068498600,0.0070343800
2021-12-29,0.0009432800,0.0011878300,0.0017506000,0.0023978700,0.0030657100,0.0037702300,0.0049695200,0.0059939800,0.0067899200,0.0070163200,0.0072027200
2021-12-28,0.0008987500,0.0011060200,0.0016386600,0.0022994700,0.0030084000,0.0037062000,0.0049079200,0.0059124900,0.0067014300,0.0069287800,0.0071159900
2021-12-27,0.0008785000,0.0011087400,0.0016400100,0.0023011800,0.0030129000,0.0037097000,0.0049077200,0.0059100800,0.0066988200,0.0069262500,0.0071140500
2021-12-24,0.0008898800,0.0011229200,0.0016464100,0.0023091300,0.0030349200,0.0037263900,0.0049064400,0.0058975900,0.0066848800,0.0069118600,0.0070989500
2021-12-23,0.0008969100,0.0011288900,0.0016381600,0.0023248800,0.0030412500,0.0037626300,0.0049190000,0.0059082200,0.0066928500,0.0069177800,0.0071015000
2021-12-22,0.0009455000,0.0011582600,0.0016917900,0.0023692800,0.0030886700,0.0038109900,0.0049639900,0.0059485400,0.0067348600,0.0069626400,0.0071513000
2021-12-21,0.0009387700,0.0011508800,0.0016921300,0.0023747100,0.0031029000,0.0038226400,0.0049752200,0.0059626400,0.0067472800,0.0069716600,0.0071553000
2021-12-20,0.0009707500,0.0011939900,0.0017493600,0.0024389500,0.0031685100,0.0039003400,0.0050607900,0.0060572200,0.0068499500,0.0070779300,0.0072646800
2021-12-17,0.0009239000,0.0011664600,0.0016831900,0.0023830500,0.0031093900,0.0038304200,0.0049731000,0.0059556300,0.0067447100,0.0069747800,0.0071656300
2021-12-16,0.0009389300,0.0011859100,0.0017329500,0.0023760800,0.0030734900,0.0037743100,0.0049318800,0.0059524100,0.0067444500,0.0069716900,0.0071577500
2021-12-15,0.0009236700,0.0011377400,0.0019604700,0.0027767500,0.0030929200,0.0038701000,0.0050728000,0.0060798400,0.0068849500,0.0071169300,0.0073057600
2021-12-14,0.0009812400,0.0012093500,0.0017467300,0.0024590800,0.0031961100,0.0039220400,0.0051064000,0.0061051800,0.0069110200,0.0071458600,0.0073386900
2021-12-13,0.0009322800,0.0011783600,0.0017377600,0.0024361200,0.0031458600,0.0038476400,0.0050411700,0.0060416800,0.0068408700,0.0070746000,0.0072669900
2021-12-10,0.0009680500,0.0012048200,0.0017663400,0.0024425500,0.0031680000,0.0038895100,0.0050840000,0.0060864600,0.0068905100,0.0071242000,0.0073153700
2021-12-09,0.0010027500,0.0012182700,0.0017764600,0.0024466700,0.0031619900,0.0038824300,0.0050716900,0.0060948300,0.0069107600,0.0071462800,0.0073385900
2021-12-08,0.0009959500,0.0012199100,0.0017975900,0.0024961900,0.0032289100,0.0039652100,0.0051592600,0.0061509300,0.0069563600,0.0071905900,0.0073791300
2021-12-07,0.0010121300,0.0012409400,0.0018189800,0.0025199000,0.0032529700,0.0039963200,0.0051963200,0.0061257000,0.0069334800,0.0071719800,0.0073650800
2021-12-06,0.0010731800,0.0013169500,0.0019043800,0.0026532100,0.0034163300,0.0041975500,0.0054001100,0.0064380800,0.0072779500,0.0075242500,0.0077194800
2021-12-03,0.0010473000,0.0012762300,0.0018904400,0.0026287300,0.0033477900,0.0041078200,0.0053222600,0.0063706400,0.0072320800,0.0074756500,0.0076635300
2021-12-02,0.0010800000,0.0013151500,0.0019268000,0.0026547200,0.0033887100,0.0041575300,0.0053587800,0.0063930700,0.0072564200,0.0074981000,0.0076800500
2021-12-01,0.0010046000,0.0012588500,0.0018622800,0.0026023100,0.0033423500,0.0041076800,0.0053098100,0.0063186500,0.0071693900,0.0074024900,0.0075766700
2021-11-30,0.0010499500,0.0013264800,0.0019175800,0.0026662600,0.0034242800,0.0041806600,0.0054046000,0.0064530700,0.0073033300,0.0075413100,0.0077215800
2021-11-29,0.0010399400,0.0013053600,0.0018871400,0.0026228300,0.0033677900,0.0041206200,0.0053284800,0.0063742100,0.0072178200,0.0074495800,0.0076272300
2021-11-26,0.0011239200,0.0013799100,0.0019601100,0.0027087500,0.0034691400,0.0042482900,0.0054499400,0.0064922800,0.0073152000,0.0075520700,0.0077386300
2021-11-25,0.0010510600,0.0013207100,0.0018122800,0.0025329300,0.0032611700,0.0040028700,0.0051925100,0.0061946700,0.0070066700,0.0072366200,0.0074211500
2021-11-24,0.0009938900,0.0012491800,0.0018089000,0.0025189900,0.0032386800,0.0039727300,0.0051601900,0.0061861100,0.0069976400,0.0072219700,0.0074003900
2021-11-23,0.0009716600,0.0012192600,0.0017843600,0.0024743500,0.0031866300,0.0039077100,0.0050887600,0.0060958400,0.0068998100,0.0071212500,0.0072969000
2021-11-22,0.0008735900,0.0011005000,0.0016428000,0.0023430200,0.0030517600,0.0037905100,0.0049876700,0.0059808300,0.0067755800,0.0069976100,0.0071760200
2021-11-19,0.0009296600,0.0011706700,0.0017062100,0.0023713800,0.0030808200,0.0037864200,0.0049677000,0.0059767100,0.0067793000,0.0070054900,0.0071885600
2021-11-18,0.0009087200,0.0011433100,0.0016883000,0.0023471700,0.0030477400,0.0037446500,0.0049105400,0.0058852600,0.0066573900,0.0068809400,0.0070656100
2021-11-17,0.0009764900,0.0011991300,0.0017199300,0.0023818200,0.0030607200,0.0037473700,0.0049119000,0.0059342100,0.0067428600,0.0069656700,0.0071450400
2021-11-16,0.0009463100,0.0011625100,0.0016876100,0.0023409200,0.0029906600,0.0036787100,0.0048324200,0.0058529000,0.0066426100,0.0068606400,0.0070366200
2021-11-15,0.0009364100,0.0011468200,0.0016604700,0.0023104500,0.0029788500,0.0036520200,0.0048229200,0.0058347700,0.0066005500,0.0068183000,0.0069976800
2021-11-12,0.0009864100,0.0011723300,0.0016915200,0.0023013700,0.0029805600,0.0036804800,0.0048371800,0.0058204300,0.0066020600,0.0068198300,0.0069975800
2021-11-11,0.0008688700,0.0010367300,0.0015267300,0.0022110200,0.0029343800,0.0036775900,0.0048440700,0.0058029100,0.0065717800,0.0067948500,0.0069809500
2021-11-10,0.0008578000,0.0010237100,0.0015331800,0.0021931900,0.0028763100,0.0036004800,0.0047619000,0.0057314200,0.0064930300,0.0067137900,0.0068978000
2021-11-09,0.0008463500,0.0010096500,0.0015045400,0.0021792200,0.0028723100,0.0035760800,0.0047254400,0.0056870000,0.0064517800,0.0066764800,0.0068669500
2021-11-08,0.0008799100,0.0010764700,0.0015612000,0.0021466100,0.0028350600,0.0035466800,0.0047222300,0.0057165200,0.0064838100,0.0067036200,0.0068844800
2021-11-05,0.0009442300,0.0011262600,0.0016936500,0.0022719200,0.0029000200,0.0035616200,0.0047364800,0.0057505500,0.0065398700,0.0067621800,0.0069427700
2021-11-04,0.0008694200,0.0010653400,0.0015776400,0.0022259500,0.0029077900,0.0035805100,0.0047402700,0.0057039200,0.0064660700,0.0066865800,0.0068678300
2021-11-03,0.0009249500,0.0011042600,0.0016334900,0.0022693300,0.0029592600,0.0036531800,0.0048128100,0.0057795000,0.0065590800,0.0067810000,0.0069615100
2021-11-02,0.0008846300,0.0010848600,0.0017341300,0.0022983500,0.0029987100,0.0037142800,0.0048973300,0.0058944200,0.0066759800,0.0068998800,0.0070838700
2021-11-01,0.0009413400,0.0011512700,0.0016955100,0.0023648100,0.0030611600,0.0037780600,0.0049521000,0.0059402800,0.0067146400,0.0069384600,0.0071222100
2021-10-29,0.0010073200,0.0011975000,0.0017425500,0.0023857000,0.0030810600,0.0037890100,0.0049345000,0.0058895000,0.0066739000,0.0068975000,0.0070830900
2021-10-28,0.0009174400,0.0010943000,0.0016005900,0.0022458700,0.0029344700,0.0036193900,0.0047748000,0.0057274900,0.0064948400,0.0067175400,0.0069049700
2021-10-27,0.0008467100,0.0010349800,0.0015549600,0.0021978900,0.0028752700,0.0035388300,0.0047407100,0.0056936400,0.0064663500,0.0066870000,0.0068689600
2021-10-26,0.0008925900,0.0010916300,0.0016050000,0.0022253700,0.0028785200,0.0035344000,0.0047235500,0.0057344500,0.0065120500,0.0067344500,0.0069190600
2021-10-25,0.0009004100,0.0011274500,0.0016465000,0.0022822000,0.0029329700,0.0036165900,0.0047853100,0.0058099100,0.0066195200,0.0068430500,0.0070237900
2021-10-22,0.0008760100,0.0010982000,0.0016115700,0.0022494500,0.0028827300,0.0035627800,0.0047481700,0.0057713200,0.0065600700,0.0067853900,0.0069723200
2021-10-21,0.0008377100,0.0010236500,0.0015343800,0.0021911900,0.0028615200,0.0035503400,0.0047254900,0.0056849600,0.0064731200,0.0066937100,0.0068751500
2021-10-20,0.0009485000,0.0011608200,0.0017048000,0.0023004000,0.0029323100,0.0035692800,0.0047731000,0.0058077800,0.0066297500,0.0068523700,0.0070317000
2021-10-19,0.0009423500,0.0011574400,0.0016980200,0.0023018600,0.0029453400,0.0035963000,0.0047364800,0.0057141000,0.0065071000,0.0067264300,0.0069046000
2021-10-18,0.0009321400,0.0011846900,0.0017205100,0.0023517500,0.0030057300,0.0036638800,0.0048050800,0.0058078300,0.0066308300,0.0068546800,0.0070362700
2021-10-15,0.0008446300,0.0010972500,0.0016212000,0.0022535000,0.0029291400,0.0036147100,0.0047679700,0.0057459500,0.0065542600,0.0067735900,0.0069496700
2021-10-14,0.0008452100,0.0010780800,0.0016330100,0.0022988500,0.0029916500,0.0037087700,0.0048912000,0.0058753800,0.0066626700,0.0068889100,0.0070763000
2021-10-13,0.0008884400,0.0011540000,0.0017193300,0.0023758500,0.0030807700,0.0037985300,0.0049340700,0.0059013700,0.0067210400,0.0069469300,0.0071282900
2021-10-12,0.0009363100,0.0011909000,0.0017663400,0.0024336500,0.0031392400,0.0038572300,0.0050075600,0.0059743500,0.0067864300,0.0070080000,0.0071847600
2021-10-11,0.0009237300,0.0011983300,0.0017590200,0.0023964900,0.0030943000,0.0038092300,0.0049275100,0.0058860800,0.0066877000,0.0069061700,0.0070818600
2021-10-08,0.0009027200,0.0011445900,0.0017044200,0.0023477100,0.0030227100,0.0037191000,0.0048262300,0.0057913500,0.0065942400,0.0068122500,0.0069892800
2021-10-07,0.0009098000,0.0011574300,0.0017069900,0.0023219700,0.0029916100,0.0036824700,0.0047954600,0.0057560400,0.0065503900,0.0067669100,0.0069428800
2021-10-06,0.0008821800,0.0011481900,0.0016982000,0.0023310200,0.0030189300,0.0037161200,0.0048377000,0.0057723700,0.0065674200,0.0067844700,0.0069608000
2021-10-05,0.0008416400,0.0010968400,0.0016217100,0.0022223500,0.0028851800,0.0035423000,0.0046709000,0.0056356700,0.0064231500,0.0066378000,0.0068120800
2021-10-04,0.0008589300,0.0011192700,0.0016526600,0.0022612300,0.0029084600,0.0035694600,0.0046964600,0.0056580600,0.0064559800,0.0066697900,0.0068429600
2021-10-01,0.0008152200,0.0010693700,0.0015951500,0.0022008600,0.0028353000,0.0034918800,0.0046428900,0.0055960000,0.0063376300,0.0065313900,0.0066780800
2021-09-30,0.0008343900,0.0010822600,0.0016015000,0.0022076000,0.0028345000,0.0034710900,0.0046413700,0.0056555100,0.0064812100,0.0067031100,0.0068810200
2021-09-29,0.0008228600,0.0010684700,0.0015765300,0.0021741100,0.0027894400,0.0034250100,0.0045734100,0.0055853900,0.0064229000,0.0066541000,0.0068364100
2021-09-28,0.0008489800,0.0010780200,0.0015836500,0.0021695400,0.0027900600,0.0034510400,0.0045653100,0.0055686600,0.0064036100,0.0066313600,0.0068115700
2021-09-27,0.0007735800,0.0010072300,0.0015042800,0.0020837900,0.0026929800,0.0033270600,0.0044432600,0.0054191800,0.0062378500,0.0064590200,0.0066344000
2021-09-24,0.0007393700,0.0009681100,0.0014495100,0.0020385300,0.0026562400,0.0033284100,0.0044538700,0.0054490400,0.0062446700,0.0064425600,0.0065835600
2021-09-23,0.0007343600,0.0009530200,0.0013963000,0.0019275000,0.0025570400,0.0032304800,0.0043112300,0.0052817000,0.0060896100,0.0063113600,0.0064895600
2021-09-22,0.0007933900,0.0010060700,0.0014721300,0.0020231900,0.0026492000,0.0033235200,0.0044410000,0.0054442500,0.0062719600,0.0064975900,0.0066784600
2021-09-21,0.0008315000,0.0010550900,0.0015520900,0.0021396700,0.0027684200,0.0034463800,0.0045741600,0.0055710000,0.0064048700,0.0066338700,0.0068184700
2021-09-20,0.0008521200,0.0011052500,0.0015867800,0.0021402100,0.0027728800,0.0034454000,0.0045542300,0.0055546900,0.0063373400,0.0065672700,0.0067601000
2021-09-17,0.0008521200,0.0011052500,0.0015867800,0.0021402100,0.0027728800,0.0034454000,0.0045542300,0.0055546900,0.0063373400,0.0065672700,0.0067601000
2021-09-16,0.0006943900,0.0008535800,0.0013222800,0.0018632700,0.0023946900,0.0030072600,0.0041465700,0.0051254300,0.0056783800,0.0059542900,0.0062087200
2021-09-15,0.0006943900,0.0008535800,0.0013222800,0.0018632700,0.0023946900,0.0030072600,0.0041465700,0.0051254300,0.0056783800,0.0059542900,0.0062087200
2021-09-14,0.0006994100,0.0008600100,0.0013395700,0.0018732900,0.0024108200,0.0030223600,0.0042341100,0.0052558100,0.0058241200,0.0061080300,0.0063673200
2021-09-13,0.0007253800,0.0008972100,0.0013853800,0.0019083800,0.0024463700,0.0030573300,0.0042618400,0.0053225900,0.0058960300,0.0061815500,0.0064417300
2021-09-10,0.0007464300,0.0009439500,0.0014541300,0.0019415200,0.0024697800,0.0030564100,0.0042306500,0.0052910400,0.0058608400,0.0061451900,0.0064044700
2021-09-09,0.0007416300,0.0009093300,0.0013992500,0.0019462400,0.0024597400,0.0030762400,0.0043214700,0.0053847600,0.0059660400,0.0062572200,0.0065230800
2021-09-08,0.0007667900,0.0009421700,0.0014904400,0.0020560800,0.0024453200,0.0030897200,0.0044677600,0.0055373100,0.0061340100,0.0064329800,0.0067052000
2021-09-07,0.0007425000,0.0009142300,0.0013768400,0.0019153800,0.0024415700,0.0030335500,0.0042384800,0.0053132000,0.0058838300,0.0061684600,0.0064240800
2021-09-06,0.0007470300,0.0009443000,0.0014786200,0.0020121700,0.0024498300,0.0030527300,0.0040513500,0.0053846600,0.0059583300,0.0062423100,0.0064983300
2021-09-03,0.0007470300,0.0009443000,0.0014786200,0.0020121700,0.0024498300,0.0030527300,0.0040513500,0.0053846600,0.0059583300,0.0062423100,0.0064983300
2021-09-02,0.0007470300,0.0009443000,0.0014786200,0.0020121700,0.0024498300,0.0030527300,0.0040513500,0.0053846600,0.0059583300,0.0062423100,0.0064983300
2021-09-01,0.0008118800,0.0010273700,0.0015080200,0.0019593000,0.0024728400,0.0030735900,0.0042656200,0.0052012700,0.0057616000,0.0060406300,0.0062897400
2021-08-31,0.0008118800,0.0010273700,0.0015080200,0.0019593000,0.0024728400,0.0030735900,0.0042656200,0.0052012700,0.0057616000,0.0060406300,0.0062897400
2021-08-30,0.0008105200,0.0010026500,0.0015019100,0.0019743400,0.0025071000,0.0031101500,0.0042854500,0.0052320400,0.0057875900,0.0060623900,0.0063070500
2021-08-27,0.0007507200,0.0009642200,0.0014691900,0.0019481200,0.0025152400,0.0031211300,0.0042474800,0.0051914700,0.0057160600,0.0059621500,0.0061663500
2021-08-26,0.0007281000,0.0009199400,0.0014162900,0.0019111300,0.0024834500,0.0031215800,0.0042419200,0.0052106900,0.0057691900,0.0060479500,0.0062952900
2021-08-25,0.0007573400,0.0009276100,0.0014231200,0.0019414700,0.0024772800,0.0030972600,0.0043108000,0.0053000000,0.0058680200,0.0061510400,0.0064011400
2021-08-24,0.0007960400,0.0009746700,0.0014838600,0.0019821400,0.0025221300,0.0031014300,0.0043464700,0.0053096100,0.0058811900,0.0061669900,0.0064217500
2021-08-23,0.0008320400,0.0010183900,0.0014784200,0.0019918400,0.0025169200,0.0030856700,0.0043614500,0.0053836600,0.0059587700,0.0062455200,0.0065152800
2021-08-20,0.0007950800,0.0009718800,0.0014681300,0.0019703300,0.0025545100,0.0032002300,0.0043015900,0.0052660000,0.0058296100,0.0061115200,0.0063770800
2021-08-19,0.0008172700,0.0009988200,0.0014817500,0.0020117100,0.0025660800,0.0031946800,0.0044048000,0.0054160100,0.0059948600,0.0062843000,0.0065573600
2021-08-18,0.0008172700,0.0009988200,0.0014817500,0.0020117100,0.0025660800,0.0031946800,0.0044048000,0.0054160100,0.0059948600,0.0062843000,0.0065573600
2021-08-17,0.0008396300,0.0010272500,0.0015313900,0.0020472700,0.0025640200,0.0031229000,0.0044898000,0.0055530200,0.0061478400,0.0064454100,0.0067265700
2021-08-16,0.0008396300,0.0010272500,0.0015313900,0.0020472700,0.0025640200,0.0031229000,0.0044898000,0.0055530200,0.0061478400,0.0064454100,0.0067265700
2021-08-13,0.0008203400,0.0010221600,0.0015425100,0.0020086400,0.0025326900,0.0031233100,0.0043213800,0.0052745500,0.0060965000,0.0063203000,0.0065077000
2021-08-12,0.0008203400,0.0010221600,0.0015425100,0.0020086400,0.0025326900,0.0031233100,0.0043213800,0.0052745500,0.0060965000,0.0063203000,0.0065077000
2021-08-11,0.0008324700,0.0010372000,0.0015496000,0.0020112500,0.0025465800,0.0031234300,0.0043030700,0.0052866000,0.0060907200,0.0063142800,0.0065041900
2021-08-10,0.0008023400,0.0010214200,0.0015270600,0.0020419500,0.0025304400,0.0031065100,0.0042636200,0.0052957300,0.0061054400,0.0063313100,0.0065234500
2021-08-09,0.0008023400,0.0010214200,0.0015270600,0.0020419500,0.0025304400,0.0031065100,0.0042636200,0.0052957300,0.0061054400,0.0063313100,0.0065234500
2021-08-06,0.0008023400,0.0010214200,0.0015270600,0.0020419500,0.0025304400,0.0031065100,0.0042636200,0.0052957300,0.0061054400,0.0063313100,0.0065234500
2021-08-05,0.0008222500,0.0010229700,0.0014746300,0.0019778000,0.0025021400,0.0030991000,0.0042434400,0.0052561300,0.0060660500,0.0062838600,0.0064673800
2021-08-04,0.0008466400,0.0010711000,0.0015574700,0.0020188400,0.0025517700,0.0031403800,0.0043141500,0.0052949900,0.0061158100,0.0063046400,0.0064632900
2021-08-03,0.0008029900,0.0009883000,0.0014717800,0.0020142500,0.0025261600,0.0031459000,0.0043785500,0.0053989300,0.0062287700,0.0064257200,0.0065915500
2021-08-02,0.0007391900,0.0009173000,0.0014095700,0.0019767900,0.0025304000,0.0031471400,0.0042952000,0.0053033200,0.0060917300,0.0063102300,0.0065015900
2021-07-30,0.0007776700,0.0009694300,0.0014713800,0.0020258200,0.0025863000,0.0031856000,0.0043487600,0.0053431400,0.0060239300,0.0062153000,0.0064039900
2021-07-29,0.0007999300,0.0009719000,0.0014813200,0.0020277200,0.0025765200,0.0031892900,0.0043648900,0.0053791000,0.0060654400,0.0062576800,0.0064468400
2021-07-28,0.0008638200,0.0010485600,0.0015920300,0.0021541100,0.0026345200,0.0032680200,0.0045159800,0.0055354300,0.0062059300,0.0064003400,0.0065940100
2021-07-27,0.0008135100,0.0010130200,0.0015264500,0.0020463400,0.0025957600,0.0032554000,0.0044275400,0.0054814100,0.0061444100,0.0063384700,0.0065321900
2021-07-26,0.0008135100,0.0010130200,0.0015264500,0.0020463400,0.0025957600,0.0032554000,0.0044275400,0.0054814100,0.0061444100,0.0063384700,0.0065321900
2021-07-23,0.0008025300,0.0010004200,0.0015196100,0.0020424500,0.0026050500,0.0032362700,0.0043784000,0.0053662300,0.0060208000,0.0062119600,0.0063994100
2021-07-22,0.0008151300,0.0010153900,0.0015411600,0.0021011700,0.0026791700,0.0033200800,0.0044861200,0.0054917100,0.0061578700,0.0063539700,0.0065471600
2021-07-21,0.0007920400,0.0009603200,0.0015035900,0.0020808000,0.0026711100,0.0033225900,0.0044910500,0.0054898600,0.0061513500,0.0063439600,0.0065338000
2021-07-20,0.0008918200,0.0010803200,0.0016207200,0.0021903100,0.0027691200,0.0034230300,0.0046174900,0.0056180200,0.0062908000,0.0064899300,0.0066874000
2021-07-19,0.0008570300,0.0010382300,0.0015737500,0.0021344800,0.0027204800,0.0033624600,0.0045213600,0.0055190000,0.0061875300,0.0063848300,0.0065792600
2021-07-16,0.0008472700,0.0010468200,0.0015670100,0.0020700200,0.0026368400,0.0032575700,0.0043616700,0.0053006600,0.0057578700,0.0059899000,0.0062356400
2021-07-15,0.0008555300,0.0010569700,0.0015455300,0.0020623700,0.0026081900,0.0032705600,0.0044036600,0.0054061100,0.0058703100,0.0061054500,0.0063542000
2021-07-14,0.0009413200,0.0011627800,0.0016914800,0.0021888900,0.0026802900,0.0033076100,0.0045869900,0.0055768700,0.0060532000,0.0062935900,0.0065481200
2021-07-13,0.0008702900,0.0010747200,0.0015866900,0.0021140700,0.0026374900,0.0033132000,0.0045151700,0.0055170800,0.0059878500,0.0062249700,0.0064757200
2021-07-12,0.0008986200,0.0010753400,0.0016292300,0.0021619200,0.0027228500,0.0033368200,0.0045313100,0.0055376000,0.0060102000,0.0062486400,0.0065012100
2021-07-09,0.0009157200,0.0010964100,0.0016606000,0.0021848700,0.0027416500,0.0033525200,0.0045985300,0.0056084500,0.0060849700,0.0063242100,0.0065778200
2021-07-08,0.0009034400,0.0011145200,0.0016648400,0.0022145000,0.0027744800,0.0033837500,0.0046955300,0.0057244600,0.0062128600,0.0064597400,0.0067211400
2021-07-07,0.0008812200,0.0010881000,0.0016090200,0.0021578000,0.0026950800,0.0032913800,0.0046639300,0.0057118900,0.0062002900,0.0064477000,0.0067115900
2021-07-06,0.0008622900,0.0010739700,0.0015652800,0.0021003100,0.0026254400,0.0033013100,0.0045326400,0.0055776900,0.0062839900,0.0064831600,0.0066750500
2021-07-05,0.0008881600,0.0010760900,0.0016020500,0.0021234700,0.0026529100,0.0032602800,0.0044427300,0.0054283100,0.0061036400,0.0062950300,0.0064804800
2021-07-02,0.0008457000,0.0010248800,0.0015511700,0.0021063900,0.0026669400,0.0032755500,0.0043396400,0.0052810600,0.0059507200,0.0061389500,0.0063199600
2021-07-01,0.0008232300,0.0010249200,0.0015512100,0.0021064200,0.0026669700,0.0032755900,0.0043336800,0.0052704900,0.0059279500,0.0061145800,0.0062952500
2021-06-30,0.0007561800,0.0009417400,0.0014630000,0.0020653800,0.0026386500,0.0033276300,0.0043974100,0.0054666700,0.0061686300,0.0063813200,0.0065917400
2021-06-29,0.0008667000,0.0010707000,0.0016053900,0.0021647700,0.0026728400,0.0033083300,0.0045154100,0.0055669900,0.0062605200,0.0064391800,0.0066311800
2021-06-28,0.0008068200,0.0009959600,0.0015128200,0.0020844000,0.0026328500,0.0032990800,0.0044362600,0.0055197000,0.0060497100,0.0063014100,0.0065648500
2021-06-25,0.0008406000,0.0010178900,0.0015446800,0.0020900300,0.0026586900,0.0032760000,0.0043936300,0.0054204500,0.0061187500,0.0063270900,0.0065303200
2021-06-24,0.0008360000,0.0010037600,0.0015237400,0.0020938600,0.0026540800,0.0033051100,0.0045128500,0.0055360300,0.0060691100,0.0063226700,0.0065858000
2021-06-23,0.0008603500,0.0010427800,0.0015819900,0.0021334300,0.0027119500,0.0033538300,0.0045611700,0.0056061700,0.0063263900,0.0065432100,0.0067554600
2021-06-22,0.0008522000,0.0010531100,0.0016006100,0.0021536600,0.0027277500,0.0033788600,0.0045219300,0.0055599400,0.0060910600,0.0063431000,0.0066058000
2021-06-21,0.0008718500,0.0010849900,0.0016580200,0.0021924500,0.0027633900,0.0034237600,0.0045961800,0.0056374000,0.0063536400,0.0065680800,0.0067789400
2021-06-18,0.0008465600,0.0010538300,0.0016163800,0.0021385900,0.0027183900,0.0033246100,0.0044950900,0.0055208900,0.0062377900,0.0064526600,0.0066649000
2021-06-17,0.0008614100,0.0010718300,0.0016011600,0.0021427800,0.0027029200,0.0033104700,0.0045116500,0.0055576700,0.0062674900,0.0064823200,0.0066957400
2021-06-16,0.0008505700,0.0010308000,0.0015806500,0.0021107600,0.0026679000,0.0032781600,0.0045394200,0.0056149100,0.0063391000,0.0065563400,0.0067679600
2021-06-15,0.0008129600,0.0010121800,0.0015520200,0.0021087000,0.0026692600,0.0033210700,0.0045102800,0.0055648700,0.0062792000,0.0064933600,0.0067023900
2021-06-14,0.0008151000,0.0010144100,0.0015583900,0.0021119300,0.0026882600,0.0033257700,0.0045086100,0.0055412400,0.0062550100,0.0064679600,0.0066751100
2021-06-11,0.0008344900,0.0010115200,0.0015446100,0.0021475600,0.0027420200,0.0034026100,0.0045770500,0.0056170300,0.0063312600,0.0065476100,0.0067565900
2021-06-10,0.0008875000,0.0010755900,0.0016599200,0.0022200200,0.0028060400,0.0034427300,0.0046573700,0.0057010100,0.0064201200,0.0066351300,0.0068428300
2021-06-09,0.0008924100,0.0010814600,0.0016566400,0.0022158100,0.0028187300,0.0034845900,0.0046838000,0.0057352800,0.0064656400,0.0066836500,0.0068941900
2021-06-08,0.0009023400,0.0010938400,0.0016667200,0.0022301200,0.0028199500,0.0034987700,0.0046834800,0.0057382200,0.0064725200,0.0066888100,0.0068969100
2021-06-07,0.0009097100,0.0011026000,0.0016863600,0.0022679900,0.0028907400,0.0035524500,0.0047289800,0.0057857800,0.0065148300,0.0067300000,0.0069374500
2021-06-04,0.0009335500,0.0011316400,0.0017154200,0.0023328800,0.0029222700,0.0035770700,0.0048563000,0.0059604300,0.0067095800,0.0069313100,0.0071453000
2021-06-03,0.0009441900,0.0011447700,0.0017219200,0.0023342800,0.0029306600,0.0036276300,0.0048901800,0.0059600400,0.0067122300,0.0069309600,0.0071403600
2021-06-02,0.0009330500,0.0011626400,0.0017414000,0.0023109900,0.0029019900,0.0035667300,0.0048779300,0.0059207200,0.0066730800,0.0068943300,0.0071078000
2021-06-01,0.0008937900,0.0011141900,0.0016993800,0.0022783700,0.0028783700,0.0035708900,0.0047930400,0.0058486300,0.0065839900,0.0068013000,0.0070115900
2021-05-31,0.0009169500,0.0011427400,0.0017490100,0.0023279300,0.0029176800,0.0036215700,0.0047860000,0.0058531700,0.0065810800,0.0067953200,0.0070028500
2021-05-28,0.0009145900,0.0011398700,0.0017449000,0.0023216900,0.0029241200,0.0036156300,0.0047724700,0.0058669200,0.0066049100,0.0068199300,0.0070267400
2021-05-27,0.0009146300,0.0011092900,0.0016823100,0.0023287300,0.0029591400,0.0036787900,0.0048693400,0.0059596200,0.0067071200,0.0069238900,0.0071314000
2021-05-26,0.0009146300,0.0011092900,0.0016823100,0.0023287300,0.0029591400,0.0036787900,0.0048693400,0.0059596200,0.0067071200,0.0069238900,0.0071314000
2021-05-25,0.0009611900,0.0011664600,0.0018009800,0.0023991700,0.0030188800,0.0037466100,0.0049400200,0.0060192500,0.0067630700,0.0069833400,0.0071952100
2021-05-24,0.0009812600,0.0012222900,0.0018723700,0.0024569200,0.0030801000,0.0038102100,0.0049959800,0.0061047000,0.0068624800,0.0070845000,0.0072957100
2021-05-21,0.0009993000,0.0012120200,0.0018756800,0.0024806800,0.0031238600,0.0038419000,0.0050205100,0.0061049400,0.0068648100,0.0070860100,0.0072941300
2021-05-20,0.0010202300,0.0012370900,0.0018539500,0.0024838800,0.0031237000,0.0038593300,0.0050704600,0.0061139600,0.0068606700,0.0070831500,0.0072936600
2021-05-19,0.0010017700,0.0012145200,0.0018402700,0.0024726700,0.0031330600,0.0038560000,0.0050455800,0.0061032300,0.0068658600,0.0070869400,0.0072931300
2021-05-18,0.0010028600,0.0012504600,0.0018599100,0.0024841600,0.0031040900,0.0038030600,0.0050205800,0.0060665800,0.0068271900,0.0070477600,0.0072541700
2021-05-17,0.0009624500,0.0012045200,0.0018371700,0.0024718800,0.0031071400,0.0038280100,0.0050917100,0.0061608600,0.0069180200,0.0071421900,0.0073540000
2021-05-14,0.0009461600,0.0011850900,0.0018141300,0.0024490300,0.0030924900,0.0038002300,0.0050652800,0.0061217300,0.0068840600,0.0071084600,0.0073193900
2021-05-13,0.0009893000,0.0012385400,0.0018862000,0.0025278700,0.0031975000,0.0039097700,0.0052108100,0.0062617500,0.0070219500,0.0072506300,0.0074663800
2021-05-12,0.0009905300,0.0012389400,0.0018877800,0.0025458700,0.0031976600,0.0039136200,0.0052478600,0.0062942500,0.0070519500,0.0072772000,0.0074900000
2021-05-11,0.0009547500,0.0011866900,0.0018626200,0.0025321900,0.0031874900,0.0039050100,0.0051857400,0.0062372500,0.0069897200,0.0072135100,0.0074250800
2021-05-10,0.0010365800,0.0012636500,0.0018707400,0.0025141600,0.0031263500,0.0038285200,0.0051443900,0.0061722000,0.0069240700,0.0071484900,0.0073623400
2021-05-07,0.0010089800,0.0012291800,0.0019306100,0.0025456100,0.0032116000,0.0038947800,0.0051413100,0.0061971700,0.0069518100,0.0071780900,0.0073946900
2021-05-06,0.0009764400,0.0011892500,0.0018221400,0.0024935900,0.0031531100,0.0038478900,0.0051320300,0.0062038500,0.0069467400,0.0071731400,0.0073913200
2021-05-05,0.0009810100,0.0011961700,0.0018309000,0.0024826800,0.0031193700,0.0038018700,0.0050659400,0.0061656100,0.0069231200,0.0071493000,0.0073645100
2021-05-04,0.0009479700,0.0011868900,0.0017995800,0.0024628700,0.0031151600,0.0038148400,0.0051101900,0.0062040300,0.0069733900,0.0072031900,0.0074200800
2021-05-03,0.0009722100,0.0012173700,0.0018778800,0.0024525900,0.0030662900,0.0037529300,0.0050163300,0.0060694700,0.0068180000,0.0070406000,0.0072513900
2021-04-30,0.0009722100,0.0012173700,0.0018778800,0.0024525900,0.0030662900,0.0037529300,0.0050163300,0.0060694700,0.0068180000,0.0070406000,0.0072513900
2021-04-29,0.0009115000,0.0011106000,0.0017454500,0.0023965700,0.0030619900,0.0037528700,0.0050299100,0.0061026500,0.0068420300,0.0070635100,0.0072742700
2021-04-28,0.0009300100,0.0011347600,0.0017595700,0.0024250700,0.0030809200,0.0037763900,0.0050513900,0.0061055900,0.0068468400,0.0070689500,0.0072806400
2021-04-27,0.0008744200,0.0010939700,0.0017349200,0.0024562900,0.0031404000,0.0038638100,0.0050581700,0.0061454500,0.0068838300,0.0071055400,0.0073173300
2021-04-26,0.0009373200,0.0011423100,0.0017977200,0.0024870600,0.0031899000,0.0039052100,0.0052430400,0.0063391000,0.0071049700,0.0073340100,0.0075523800
2021-04-23,0.0010021000,0.0012552000,0.0019182900,0.0025512400,0.0032080800,0.0039053900,0.0052133000,0.0063173800,0.0070813700,0.0073090600,0.0075251700
2021-04-22,0.0009914900,0.0012091700,0.0018844400,0.0025175200,0.0031904000,0.0039211700,0.0051769000,0.0062794800,0.0070292700,0.0072569300,0.0074753900
2021-04-21,0.0009918100,0.0012426500,0.0018736000,0.0025496600,0.0032022100,0.0039344600,0.0052443900,0.0063240800,0.0070804100,0.0073109300,0.0075315700
2021-04-20,0.0009987500,0.0012497100,0.0018894600,0.0025409300,0.0032076900,0.0039379100,0.0051934300,0.0062564000,0.0070077100,0.0072353400,0.0074530500
2021-04-19,0.0009826200,0.0011989800,0.0018221600,0.0025040100,0.0031654900,0.0038776800,0.0051883300,0.0062714200,0.0070359400,0.0072640400,0.0074818100
2021-04-16,0.0009495700,0.0011973400,0.0018448000,0.0024865700,0.0031214000,0.0038159800,0.0050860300,0.0061349700,0.0068847800,0.0071094400,0.0073237600
2021-04-15,0.0009386200,0.0011839400,0.0018329200,0.0024783600,0.0031287800,0.0038250000,0.0050980500,0.0061715100,0.0069200200,0.0071461700,0.0073633900
2021-04-14,0.0009897400,0.0012133900,0.0018798300,0.0025247500,0.0031731000,0.0039024500,0.0051881800,0.0062580400,0.0069994300,0.0072251800,0.0074423000
2021-04-13,0.0010115900,0.0012397200,0.0019002800,0.0025526500,0.0032167400,0.0039307500,0.0051907100,0.0062624600,0.0070090400,0.0072361100,0.0074536500
2021-04-12,0.0009819100,0.0012048800,0.0018701200,0.0024595900,0.0030891400,0.0037911600,0.0050205800,0.0061141500,0.0068621800,0.0070885900,0.0073055600
2021-04-09,0.0009476400,0.0011635100,0.0017572200,0.0023916800,0.0029984000,0.0036735800,0.0049687500,0.0060262800,0.0067770600,0.0070006100,0.0072154400
2021-04-08,0.0009461300,0.0011618200,0.0017441000,0.0023729200,0.0029898100,0.0036683800,0.0049384700,0.0060238100,0.0067791400,0.0070038300,0.0072192400
2021-04-07,0.0009518500,0.0011689900,0.0017634000,0.0023781300,0.0029903800,0.0036545300,0.0048836100,0.0059989100,0.0067504300,0.0069740100,0.0071876000
2021-04-06,0.0009045800,0.0011399200,0.0017217100,0.0023528700,0.0029575800,0.0036127300,0.0048897400,0.0059621400,0.0067181700,0.0069437900,0.0071592100
2021-04-05,0.0009670900,0.0011890900,0.0017447700,0.0023642400,0.0029465000,0.0035603600,0.0048907700,0.0059582500,0.0066856900,0.0069105600,0.0071288400
2021-04-02,0.0009121100,0.0011515500,0.0017066500,0.0023461000,0.0029547200,0.0035892200,0.0048908000,0.0059583100,0.0066859500,0.0069109800,0.0071294000
2021-04-01,0.0009051100,0.0011133800,0.0017082300,0.0023456200,0.0029533200,0.0035914600,0.0049166200,0.0059950400,0.0067285500,0.0069561400,0.0071767600
2021-03-31,0.0009692000,0.0011922000,0.0017999500,0.0024472200,0.0030507300,0.0036998800,0.0050691800,0.0061610000,0.0069021900,0.0071319300,0.0073536900
2021-03-30,0.0010010100,0.0012629200,0.0018999400,0.0025218200,0.0031117600,0.0037972000,0.0051339900,0.0062164800,0.0069566700,0.0071850900,0.0074040500
2021-03-29,0.0010220500,0.0012567100,0.0018961600,0.0025109200,0.0031125500,0.0037890100,0.0051265300,0.0062049900,0.0069218500,0.0071457600,0.0073608500
2021-03-26,0.0009558000,0.0011774500,0.0018150600,0.0024426200,0.0030610000,0.0037335400,0.0050226100,0.0060849200,0.0068170600,0.0070365100,0.0072434800
2021-03-25,0.0009310800,0.0011764500,0.0018660400,0.0024660900,0.0030908800,0.0037870900,0.0050544600,0.0061224200,0.0068835100,0.0071074000,0.0073160600
2021-03-24,0.0009753100,0.0012073800,0.0018749800,0.0025065700,0.0031543900,0.0038660300,0.0051529900,0.0062100400,0.0069531400,0.0071767500,0.0073890100
2021-03-23,0.0009602500,0.0012173200,0.0018504000,0.0025519400,0.0032196500,0.0039318400,0.0052079900,0.0062661600,0.0070131200,0.0072362200,0.0074429400
2021-03-22,0.0010823400,0.0013387300,0.0019653500,0.0026357900,0.0033076500,0.0040197000,0.0052825000,0.0063411300,0.0070792600,0.0073036700,0.0075137700
2021-03-19,0.0008912500,0.0010942800,0.0017393000,0.0023571500,0.0029892400,0.0036651500,0.0049483400,0.0060085700,0.0067359700,0.0069463500,0.0071478700
2021-03-18,0.0008137700,0.0010540900,0.0016412600,0.0022243700,0.0028273000,0.0034994500,0.0047363900,0.0058026200,0.0065144700,0.0067141400,0.0069070400
2021-03-17,0.0008463700,0.0010717700,0.0016049500,0.0022367600,0.0028374700,0.0035166900,0.0048203800,0.0059087800,0.0066220400,0.0068302200,0.0070312500
2021-03-16,0.0008534700,0.0010539300,0.0015816400,0.0021990800,0.0028062300,0.0034645200,0.0047626800,0.0058427900,0.0065580700,0.0067695100,0.0069740200
2021-03-15,0.0008584300,0.0010634000,0.0016343600,0.0021982000,0.0028074800,0.0034600600,0.0047195500,0.0057801500,0.0065023500,0.0067108700,0.0069092200
2021-03-12,0.0008110700,0.0010280800,0.0015773500,0.0021887800,0.0028302200,0.0035113300,0.0047862000,0.0058678000,0.0065891800,0.0067961200,0.0069940200
2021-03-11,0.0008185400,0.0010377000,0.0016102300,0.0021902000,0.0028093900,0.0034696800,0.0047607400,0.0058115400,0.0065211100,0.0067211600,0.0069103000
2021-03-10,0.0008867900,0.0010954500,0.0016669100,0.0022703300,0.0029254700,0.0036039700,0.0049299200,0.0059660300,0.0066860100,0.0068898900,0.0070821100
2021-03-09,0.0008769300,0.0011110900,0.0016861600,0.0022668800,0.0029379200,0.0036510000,0.0049391800,0.0060094500,0.0067343800,0.0069373700,0.0071255000
2021-03-08,0.0009248600,0.0011421900,0.0017222800,0.0023412900,0.0030082900,0.0037005600,0.0050184300,0.0060610000,0.0067796500,0.0069828400,0.0071728200
2021-03-05,0.0009243400,0.0011404200,0.0017137500,0.0023277200,0.0029989300,0.0037008800,0.0050479500,0.0061103200,0.0068430900,0.0070482000,0.0072387400
2021-03-04,0.0008855400,0.0010934100,0.0017051100,0.0022974600,0.0029412000,0.0036312600,0.0048737400,0.0059157900,0.0066319200,0.0068323700,0.0070172700
2021-03-03,0.0009234600,0.0011592000,0.0017475400,0.0023366600,0.0029484800,0.0036297500,0.0048905900,0.0059359800,0.0066530800,0.0068513900,0.0070337800
2021-03-02,0.0009053000,0.0011367700,0.0017433500,0.0023832500,0.0030029200,0.0036971500,0.0049829400,0.0060367800,0.0067658100,0.0069679500,0.0071550300
2021-03-01,0.0009370400,0.0011781000,0.0017928800,0.0024195000,0.0030482300,0.0037522800,0.0050534400,0.0060919100,0.0068173500,0.0070238900,0.0072153800
2021-02-26,0.0010177300,0.0012753600,0.0018881400,0.0025702800,0.0032093500,0.0039259800,0.0052098200,0.0062507200,0.0069740400,0.0071821100,0.0073768300
2021-02-25,0.0009574600,0.0011693500,0.0017986500,0.0024344000,0.0030740400,0.0038142000,0.0050807900,0.0061207600,0.0068376200,0.0070388100,0.0072260700
2021-02-24,0.0009704500,0.0012170800,0.0017940500,0.0024538500,0.0030829800,0.0037800000,0.0050987700,0.0061235500,0.0068419000,0.0070468100,0.0072381100
2021-02-23,0.0009956300,0.0012357900,0.0018250200,0.0024944900,0.0031399800,0.0038661400,0.0051760100,0.0062135700,0.0067511400,0.0069950800,0.0072394600
2021-02-22,0.0009849800,0.0012028000,0.0018098900,0.0024359100,0.0030667000,0.0037786300,0.0050717600,0.0061050800,0.0068410500,0.0070485000,0.0072402900
2021-02-19,0.0009402700,0.0011777200,0.0017731400,0.0023846700,0.0030132400,0.0037085100,0.0049935000,0.0060352400,0.0067607600,0.0069644200,0.0071548300
2021-02-18,0.0009635600,0.0011751600,0.0017512300,0.0023839100,0.0030150200,0.0036842900,0.0049906200,0.0060337600,0.0067608100,0.0069657700,0.0071585300
2021-02-17,0.0009525100,0.0011613800,0.0017234500,0.0023319900,0.0029521400,0.0036079400,0.0049197100,0.0059632100,0.0066853400,0.0068888700,0.0070809600
2021-02-16,0.0009210100,0.0011228900,0.0016254100,0.0022274000,0.0028352200,0.0035005000,0.0048455900,0.0058892600,0.0066106600,0.0068117400,0.0070022300
2021-02-15,0.0009147100,0.0011174000,0.0016219200,0.0021929400,0.0027948600,0.0034535700,0.0047861100,0.0058163200,0.0065292700,0.0067280200,0.0069173100
2021-02-12,0.0009540600,0.0011626500,0.0017018100,0.0021951100,0.0028158100,0.0034936200,0.0047426800,0.0058006200,0.0065006200,0.0066977900,0.0068854300
2021-02-11,0.0009502100,0.0011578700,0.0016656700,0.0022414300,0.0028230900,0.0034812100,0.0047877700,0.0058223100,0.0065263400,0.0067281600,0.0069218600
2021-02-10,0.0009364000,0.0011397200,0.0016478000,0.0022538500,0.0028710900,0.0035471000,0.0048357100,0.0058836300,0.0065886100,0.0067909700,0.0069855500
2021-02-09,0.0009989000,0.0012181200,0.0017459800,0.0022989500,0.0029021200,0.0035387800,0.0048603200,0.0058899500,0.0066058300,0.0068105500,0.0070064700
2021-02-08,0.0009211800,0.0011536900,0.0016552600,0.0022431100,0.0028408100,0.0035032900,0.0048185800,0.0058541400,0.0065850800,0.0067882500,0.0069807900
2021-02-05,0.0009249800,0.0011489900,0.0016782400,0.0022809400,0.0028936900,0.0035519200,0.0048853000,0.0059100800,0.0064342500,0.0066763400,0.0069269800
2021-02-04,0.0009548600,0.0011620800,0.0017016000,0.0023089800,0.0029218000,0.0035737000,0.0048988300,0.0059172100,0.0065970800,0.0068004200,0.0069990500
2021-02-03,0.0009566000,0.0011658400,0.0016939800,0.0023044000,0.0029187100,0.0035816200,0.0048945700,0.0059273100,0.0066153100,0.0068185600,0.0070155700
2021-02-02,0.0009729100,0.0012169100,0.0017404600,0.0023594300,0.0029886400,0.0036886000,0.0050252500,0.0060772100,0.0067676700,0.0069738600,0.0071747800
2021-02-01,0.0010557000,0.0012873800,0.0018487500,0.0024714000,0.0030859500,0.0037875900,0.0050626400,0.0061054700,0.0068075800,0.0070157500,0.0072158200
2021-01-29,0.0009760700,0.0011874600,0.0017554200,0.0024230400,0.0031087100,0.0038210600,0.0051707700,0.0062259700,0.0069359600,0.0071470800,0.0073498800
2021-01-28,0.0010340800,0.0012591700,0.0018139500,0.0024574200,0.0030824300,0.0037737300,0.0050785300,0.0061104500,0.0067982500,0.0070054600,0.0072056100
2021-01-27,0.0010428000,0.0012687200,0.0018227300,0.0024615200,0.0030907800,0.0037846400,0.0051000900,0.0061313900,0.0068241900,0.0070316600,0.0072321300
2021-01-26,0.0008949000,0.0011307700,0.0016605400,0.0022952400,0.0029247200,0.0036087300,0.0049702400,0.0059980600,0.0066588600,0.0068368000,0.0069999300
2021-01-25,0.0009461300,0.0011898900,0.0017486900,0.0023836200,0.0030370800,0.0037147900,0.0050535100,0.0060905300,0.0067873000,0.0069796400,0.0071716300
2021-01-22,0.0010337300,0.0012660000,0.0018091600,0.0024345300,0.0030751000,0.0037588200,0.0050737700,0.0061182400,0.0068021900,0.0069936200,0.0071864300
2021-01-21,0.0009471500,0.0011933200,0.0017369700,0.0023480300,0.0029823600,0.0036471200,0.0049632300,0.0059950000,0.0066987600,0.0068851600,0.0070674200
2021-01-20,0.0009213700,0.0011718200,0.0017066000,0.0023385200,0.0029790900,0.0036676500,0.0049722400,0.0060035000,0.0066507000,0.0068147400,0.0069704300
2021-01-19,0.0009983300,0.0012364800,0.0017872400,0.0024263500,0.0030646300,0.0037782100,0.0050850300,0.0061133900,0.0067681800,0.0069345500,0.0070920800
2021-01-18,0.0010043800,0.0012336900,0.0017600100,0.0024012700,0.0030527900,0.0038407500,0.0050723500,0.0061377300,0.0067622700,0.0069264800,0.0070850200
2021-01-15,0.0010749200,0.0013190500,0.0018995800,0.0025434600,0.0031889200,0.0039204900,0.0052406500,0.0062803000,0.0069181800,0.0070860200,0.0072492900
2021-01-14,0.0010644100,0.0012909200,0.0018619000,0.0025056300,0.0031471400,0.0038658400,0.0052039800,0.0062344700,0.0068980200,0.0070921800,0.0072913200
2021-01-13,0.0010319400,0.0012522100,0.0018092900,0.0024345000,0.0030562200,0.0037510500,0.0050894200,0.0061185800,0.0067744100,0.0069690200,0.0071706200
2021-01-12,0.0010098100,0.0012584500,0.0018195500,0.0024564600,0.0030881800,0.0037982800,0.0051298900,0.0061570400,0.0068095000,0.0069990300,0.0071931500
2021-01-11,0.0010419500,0.0012974000,0.0018546300,0.0024869100,0.0031171000,0.0038109700,0.0051697800,0.0062057800,0.0068694700,0.0070627700,0.0072607800
2021-01-08,0.0009773800,0.0012000600,0.0017226100,0.0023197700,0.0029263500,0.0035807800,0.0049579900,0.0060075600,0.0066423300,0.0068070300,0.0069694600
2021-01-07,0.0009583600,0.0012066900,0.0017373600,0.0023361400,0.0029397600,0.0035878600,0.0049526100,0.0059882400,0.0066183900,0.0067815700,0.0069426200
2021-01-06,0.0009290400,0.0011702200,0.0016867700,0.0022813200,0.0028817700,0.0035312000,0.0048815000,0.0059160400,0.0065447500,0.0067059600,0.0068669000
2021-01-05,0.0009435700,0.0011577000,0.0017052800,0.0022824800,0.0028824000,0.0035184100,0.0048804000,0.0058990200,0.0065248600,0.0066869200,0.0068477700
2021-01-04,0.0008956300,0.0011007200,0.0016384000,0.0022047800,0.0027875300,0.0034295600,0.0047628600,0.0057827100,0.0064052100,0.0065667900,0.0067268200
2021-01-01,0.0008956300,0.0011007200,0.0016384000,0.0022047800,0.0027875300,0.0034295600,0.0047628600,0.0057827100,0.0064052100,0.0065667900,0.0067268200
2020-12-31,0.0008796600,0.0011073300,0.0016750600,0.0022688800,0.0029100000,0.0035194400,0.0048128700,0.0057803800,0.0063840500,0.0065437000,0.0067039900
2020-12-30,0.0009095800,0.0011459800,0.0016796000,0.0022490500,0.0028420900,0.0034581900,0.0047638600,0.0057471900,0.0063468300,0.0065057100,0.0066662700
2020-12-29,0.0009179900,0.0011564600,0.0016581900,0.0022555700,0.0028518400,0.0034991600,0.0048289500,0.0058546700,0.0064720900,0.0066355700,0.0068002900
2020-12-28,0.0009736300,0.0012120800,0.0017236400,0.0022800900,0.0029042900,0.0035035100,0.0047925800,0.0058039100,0.0064645800,0.0065869500,0.0066622200
2020-12-25,0.0009736300,0.0012120800,0.0017236400,0.0022800900,0.0029042900,0.0035035100,0.0047925800,0.0058039100,0.0064645800,0.0065869500,0.0066622200
2020-12-24,0.0008748100,0.0011024700,0.0016462700,0.0022342600,0.0028573900,0.0034798600,0.0048138000,0.0057953200,0.0064065900,0.0065673300,0.0067295800
2020-12-23,0.0009233100,0.0011630700,0.0017022400,0.0023115000,0.0029094400,0.0035402200,0.0048851400,0.0059107800,0.0065224900,0.0066843000,0.0068515200
2020-12-22,0.0009522800,0.0011910600,0.0017310200,0.0023463500,0.0029608600,0.0036258400,0.0049414500,0.0059585300,0.0065642100,0.0067251500,0.0068938100
2020-12-21,0.0010048400,0.0012219100,0.0017843400,0.0024153400,0.0030586300,0.0037158200,0.0050907300,0.0061216900,0.0067536200,0.0069188700,0.0070905300
2020-12-18,0.0009256600,0.0011107900,0.0015988800,0.0021724200,0.0027604200,0.0033865800,0.0047217300,0.0057420200,0.0063543800,0.0065114300,0.0066698700
2020-12-17,0.0008934000,0.0010718800,0.0015559900,0.0020957200,0.0027023900,0.0033084200,0.0046346200,0.0056138300,0.0062170300,0.0063710400,0.0065256000
2020-12-16,0.0009600200,0.0011525300,0.0016456800,0.0022060700,0.0027946600,0.0034142200,0.0047748300,0.0057960300,0.0064055300,0.0065616400,0.0067200000
2020-12-15,0.0010026200,0.0012285900,0.0017069200,0.0022665200,0.0028550700,0.0034933400,0.0048637600,0.0059003500,0.0065036400,0.0066628800,0.0068279500
2020-12-14,0.0009753500,0.0011720200,0.0016967500,0.0022954200,0.0029027600,0.0035450400,0.0049056800,0.0059145000,0.0065154700,0.0066754800,0.0068389700
2020-12-11,0.0010631800,0.0013017700,0.0018453200,0.0024588400,0.0030838600,0.0037419400,0.0051239500,0.0061508800,0.0067797000,0.0069486700,0.0071198200
2020-12-10,0.0010626800,0.0012733000,0.0017895600,0.0023601100,0.0029480100,0.0035805300,0.0049493100,0.0059614300,0.0065701300,0.0067324800,0.0068986600
2020-12-09,0.0009863400,0.0011833400,0.0016882000,0.0022589400,0.0028550200,0.0034729700,0.0048580300,0.0058871900,0.0064952000,0.0066549000,0.0068197300
2020-12-08,0.0010588100,0.0012698800,0.0017773400,0.0023340100,0.0029261400,0.0035624100,0.0050206900,0.0060475700,0.0066791000,0.0068464100,0.0070160000
2020-12-07,0.0010398600,0.0012468100,0.0017684900,0.0023354200,0.0029413300,0.0035800300,0.0050395100,0.0060614800,0.0066989400,0.0068663800,0.0070342500
2020-12-04,0.0009556400,0.0011602400,0.0016549200,0.0021876600,0.0028022500,0.0034440900,0.0048499300,0.0058488100,0.0064533800,0.0066122000,0.0067754200
2020-12-03,0.0010469800,0.0012563000,0.0017738600,0.0023425400,0.0029416500,0.0035868000,0.0050310500,0.0060586000,0.0066707800,0.0068261200,0.0069889800
2020-12-02,0.0010476600,0.0012710100,0.0017829200,0.0023256500,0.0029229600,0.0035673300,0.0049858700,0.0060034600,0.0065963500,0.0067486300,0.0069100400
2020-12-01,0.0009833500,0.0011939900,0.0017069800,0.0022488000,0.0028903200,0.0035400500,0.0049411900,0.0059615000,0.0066089500,0.0067694400,0.0069270600
2020-11-30,0.0009723600,0.0011797500,0.0016933700,0.0022719000,0.0029489400,0.0036279800,0.0050583200,0.0061040900,0.0067750400,0.0069403600,0.0071001500
2020-11-27,0.0010730500,0.0012877400,0.0018112700,0.0023906900,0.0030095800,0.0036682500,0.0051075600,0.0061426000,0.0068139700,0.0069796100,0.0071419100
2020-11-26,0.0010545900,0.0012652900,0.0017509800,0.0022804900,0.0030001800,0.0037078800,0.0051090100,0.0061355900,0.0067956800,0.0069880800,0.0071901500
2020-11-25,0.0010553900,0.0012511200,0.0017696600,0.0023824600,0.0030484500,0.0037010300,0.0051587400,0.0061998500,0.0068636700,0.0070598300,0.0072654500
2020-11-24,0.0010150200,0.0012118900,0.0016898300,0.0022134200,0.0029248200,0.0036606300,0.0050620200,0.0060688800,0.0067369900,0.0069750300,0.0072049200
2020-11-23,0.0010520600,0.0012770900,0.0017844800,0.0023315400,0.0030262300,0.0037472600,0.0051472700,0.0061502800,0.0067674900,0.0069329000,0.0070964500
2020-11-20,0.0011358700,0.0013632900,0.0018616800,0.0024048500,0.0031020000,0.0038539600,0.0052611300,0.0062716700,0.0068953400,0.0070641500,0.0072305600
2020-11-19,0.0011171600,0.0013402200,0.0018751900,0.0024827500,0.0032154200,0.0039507200,0.0053956000,0.0064373800,0.0071128300,0.0072857800,0.0074522100
2020-11-18,0.0010788200,0.0013097700,0.0018645900,0.0025076600,0.0031874100,0.0038872200,0.0053659600,0.0064412500,0.0070949500,0.0072677300,0.0074365200
2020-11-17,0.0011574500,0.0013890300,0.0019486500,0.0025689700,0.0032437700,0.0039675000,0.0054279500,0.0064668400,0.0071387300,0.0073364700,0.0075395100
2020-11-16,0.0010560200,0.0012699600,0.0018105800,0.0023827100,0.0031033900,0.0038672700,0.0052582100,0.0062756800,0.0069241200,0.0071155900,0.0073133800
2020-11-13,0.0011833500,0.0014181900,0.0020086700,0.0026529700,0.0033398300,0.0041033400,0.0055169200,0.0065582700,0.0072877600,0.0074839400,0.0076726700
2020-11-12,0.0011758900,0.0014090200,0.0019834300,0.0026025200,0.0033441100,0.0041301800,0.0055202100,0.0065483600,0.0072197100,0.0074160900,0.0076133600
2020-11-11,0.0010660800,0.0012802000,0.0018088000,0.0023953600,0.0031598200,0.0039499500,0.0053242700,0.0063503200,0.0070023200,0.0071951100,0.0073917700
2020-11-10,0.0011031200,0.0013402300,0.0018996800,0.0025030800,0.0032141400,0.0039718100,0.0053545700,0.0063685000,0.0069955300,0.0071627900,0.0073267100
2020-11-09,0.0011141000,0.0013543700,0.0019256000,0.0025389600,0.0032853900,0.0040783900,0.0054751800,0.0064853200,0.0071143000,0.0072826100,0.0074489300
2020-11-06,0.0012364900,0.0015039600,0.0021552100,0.0028581200,0.0036310200,0.0044608000,0.0059295200,0.0069472200,0.0076052500,0.0077884800,0.0079657500
2020-11-05,0.0011698200,0.0014331500,0.0020878800,0.0027702900,0.0035619600,0.0044246600,0.0058610200,0.0068640400,0.0075354700,0.0077169500,0.0078899000
2020-11-04,0.0013837800,0.0016784200,0.0024063700,0.0031582300,0.0039810500,0.0049149500,0.0063124400,0.0072981700,0.0079695700,0.0081607800,0.0083453900
2020-11-03,0.0014779300,0.0017586600,0.0025170800,0.0032958800,0.0041378000,0.0050833900,0.0064827500,0.0074650800,0.0081356000,0.0083283000,0.0085132200
2020-11-02,0.0015993600,0.0019145900,0.0027363600,0.0035851400,0.0044548000,0.0054282100,0.0067878900,0.0077617000,0.0084390100,0.0086376600,0.0088259800
2020-10-30,0.0016446800,0.0019640100,0.0027818800,0.0036271500,0.0045021300,0.0054458000,0.0068156600,0.0077970000,0.0084785400,0.0086790100,0.0088681300
2020-10-29,0.0017224000,0.0020418800,0.0028317100,0.0036420700,0.0045160600,0.0054541700,0.0068902000,0.0078720100,0.0085650700,0.0087753900,0.0089772700
2020-10-28,0.0016586500,0.0019668300,0.0027520500,0.0035782400,0.0044451300,0.0053613300,0.0067816600,0.0077655200,0.0084589300,0.0086684400,0.0088703100
2020-10-27,0.0015033800,0.0017985200,0.0025037700,0.0032487400,0.0040641400,0.0049437300,0.0063693800,0.0073597700,0.0080446900,0.0082523100,0.0084567300
2020-10-26,0.0015147400,0.0017919000,0.0024808600,0.0032002600,0.0040039400,0.0048759800,0.0062713600,0.0072500700,0.0079219300,0.0081252600,0.0083257000
2020-10-23,0.0015072300,0.0017886600,0.0024411900,0.0031034500,0.0038486700,0.0047127800,0.0060825600,0.0070561100,0.0077185800,0.0079171600,0.0081127000
2020-10-22,0.0014285400,0.0017113500,0.0023811100,0.0030865700,0.0038763600,0.0047311900,0.0061436700,0.0071260400,0.0077998600,0.0080005200,0.0081983300
2020-10-21,0.0013771000,0.0016554600,0.0023023800,0.0029771400,0.0037701400,0.0046102300,0.0060581700,0.0070540400,0.0077240300,0.0079246400,0.0081252000
2020-10-20,0.0014380700,0.0017107000,0.0023897600,0.0031261900,0.0038879200,0.0047208000,0.0061614700,0.0071404900,0.0078176700,0.0080209400,0.0082249700
2020-10-19,0.0013642100,0.0016330400,0.0023091700,0.0030392300,0.0038210500,0.0046393300,0.0060803400,0.0070762900,0.0075690700,0.0078132100,0.0080729100
2020-10-16,0.0014319800,0.0017138300,0.0023912400,0.0031226700,0.0038957400,0.0047332000,0.0061468200,0.0071128400,0.0076325900,0.0078720200,0.0081209800
2020-10-15,0.0015465600,0.0018510600,0.0025355000,0.0032710100,0.0040443800,0.0048882200,0.0062919500,0.0072572400,0.0079578200,0.0081774700,0.0083907400
2020-10-14,0.0014748800,0.0017145800,0.0023335400,0.0029798800,0.0037140800,0.0045198400,0.0058828400,0.0068355800,0.0075161500,0.0077256500,0.0079297900
2020-10-13,0.0014467700,0.0017004100,0.0023421200,0.0030082300,0.0037321100,0.0044603500,0.0058825000,0.0068457600,0.0073804200,0.0076280400,0.0078824200
2020-10-12,0.0013891600,0.0016379000,0.0022848900,0.0029615000,0.0036777200,0.0044084300,0.0058480400,0.0068175300,0.0075009900,0.0077114800,0.0079183000
2020-10-09,0.0014048900,0.0016566300,0.0022924700,0.0029572600,0.0036960200,0.0044962500,0.0058831800,0.0068478000,0.0075375600,0.0077474800,0.0079511100
2020-10-08,0.0014164700,0.0016701800,0.0023288400,0.0030552400,0.0038188400,0.0045464900,0.0060020300,0.0069849000,0.0076833500,0.0078976500,0.0081063400
2020-10-07,0.0015051300,0.0017527100,0.0024410700,0.0031813900,0.0039444300,0.0046728700,0.0061416700,0.0071211100,0.0078210200,0.0080363600,0.0082441400
2020-10-06,0.0015106300,0.0017605600,0.0024635000,0.0031664900,0.0039085500,0.0047342800,0.0061372400,0.0071072200,0.0076269400,0.0078881700,0.0081557600
2020-10-05,0.0015599600,0.0018162900,0.0025308800,0.0032686200,0.0040616100,0.0049156300,0.0063183800,0.0072968800,0.0078193300,0.0080801000,0.0083445800
2020-10-02,0.0016609200,0.0019354200,0.0026744400,0.0034182500,0.0042229400,0.0050910200,0.0064858400,0.0074598300,0.0079891700,0.0082530700,0.0085190500
2020-10-01,0.0015859300,0.0018722000,0.0026104500,0.0033844200,0.0041987000,0.0050734900,0.0065099600,0.0075154500,0.0080490500,0.0083145300,0.0085811800
2020-09-30,0.0016973400,0.0019992500,0.0027759800,0.0035768700,0.0044047700,0.0052283600,0.0067020100,0.0077223500,0.0082640100,0.0085327300,0.0088034800
2020-09-29,0.0017408200,0.0020104000,0.0027987600,0.0036510500,0.0045099200,0.0053521700,0.0068423800,0.0078750200,0.0084259700,0.0086999300,0.0089757900
2020-09-28,0.0017593100,0.0020600900,0.0028820600,0.0037285100,0.0045662600,0.0053957100,0.0068830000,0.0079027800,0.0084543700,0.0087277200,0.0090026400
2020-09-25,0.0019357500,0.0022273600,0.0030656000,0.0038924500,0.0047439600,0.0055736500,0.0070134100,0.0080037200,0.0085607700,0.0088366300,0.0091102500
2020-09-24,0.0018103300,0.0020793900,0.0028698500,0.0036838400,0.0045261800,0.0053554200,0.0068203100,0.0078317100,0.0083854500,0.0086617600,0.0089408700
2020-09-23,0.0015986000,0.0018500400,0.0025847600,0.0033150100,0.0040805700,0.0048512400,0.0062723700,0.0072538300,0.0077764000,0.0080380100,0.0083063900
2020-09-22,0.0015622600,0.0018089400,0.0025521200,0.0033054900,0.0040938100,0.0048947400,0.0063353400,0.0073496000,0.0078779900,0.0081409500,0.0084087900
2020-09-21,0.0015936000,0.0018364200,0.0025607000,0.0032905000,0.0040612900,0.0048559500,0.0062837700,0.0072943200,0.0078238300,0.0080892100,0.0083595700
2020-09-18,0.0012915400,0.0015186600,0.0021471300,0.0027761400,0.0034636600,0.0042179000,0.0055952400,0.0066037900,0.0071013300,0.0073444700,0.0075874100
2020-09-17,0.0013310900,0.0015835300,0.0022111200,0.0028130800,0.0035015800,0.0042353400,0.0055952400,0.0065919400,0.0070905100,0.0073349400,0.0075797400
2020-09-16,0.0012621400,0.0014851600,0.0021370600,0.0027773100,0.0034710400,0.0041792900,0.0055350800,0.0065115500,0.0070034700,0.0072442900,0.0074845500
2020-09-15,0.0012532900,0.0014847500,0.0021667800,0.0028252100,0.0035433600,0.0042764300,0.0056555300,0.0066621900,0.0071707300,0.0074586800,0.0077296900
2020-09-14,0.0012821900,0.0015290800,0.0022076900,0.0028761500,0.0035999400,0.0043843100,0.0057690800,0.0067855500,0.0072901600,0.0075361400,0.0077810900
2020-09-11,0.0013401200,0.0016154500,0.0022979400,0.0029844800,0.0037125600,0.0044619800,0.0058418300,0.0068383100,0.0073433300,0.0075884000,0.0078293200
2020-09-10,0.0012923300,0.0015594300,0.0022120500,0.0028647200,0.0035690900,0.0043302400,0.0056934100,0.0066790400,0.0071734500,0.0074125200,0.0076508100
2020-09-09,0.0012820700,0.0015689500,0.0022275100,0.0028730200,0.0035813700,0.0042980700,0.0056830500,0.0066662600,0.0071195700,0.0073374600,0.0075679700
2020-09-08,0.0013218300,0.0015925400,0.0022771500,0.0029535100,0.0036704300,0.0044069200,0.0057824400,0.0067775300,0.0072798000,0.0075228000,0.0077644600
2020-09-07,0.0012136100,0.0014469400,0.0021290800,0.0028374500,0.0035606300,0.0042786600,0.0056828500,0.0066700300,0.0071686300,0.0074102100,0.0076513100
2020-09-04,0.0012699200,0.0015224400,0.0022032300,0.0028522900,0.0035343900,0.0042317400,0.0055837500,0.0065651300,0.0070532200,0.0072886300,0.0075232300
2020-09-03,0.0013030100,0.0015771800,0.0022171600,0.0027922500,0.0034549000,0.0041705500,0.0054926400,0.0064521100,0.0069348100,0.0071690600,0.0074034100
2020-09-02,0.0011782600,0.0014276100,0.0020775100,0.0027134000,0.0033979800,0.0040914100,0.0054314700,0.0063870800,0.0068709600,0.0071078000,0.0073439500
2020-09-01,0.0011302300,0.0013697700,0.0019657200,0.0026356900,0.0033909400,0.0041596400,0.0055340900,0.0064696600,0.0069503200,0.0071826100,0.0074124800
2020-08-31,0.0013975500,0.0016729300,0.0023672600,0.0029585100,0.0036156000,0.0043084400,0.0056003300,0.0065075300,0.0069902100,0.0072232500,0.0074542000
2020-08-28,0.0013162200,0.0015781500,0.0022317500,0.0028668900,0.0035474800,0.0042619500,0.0055305100,0.0064329900,0.0069088100,0.0071377000,0.0073634800
2020-08-27,0.0012782100,0.0015324800,0.0021670000,0.0028022000,0.0034824000,0.0042240300,0.0055917300,0.0065379600,0.0070224900,0.0072563300,0.0074877200
2020-08-26,0.0012796900,0.0015358900,0.0022074900,0.0028531000,0.0035439500,0.0042740200,0.0056456000,0.0066200700,0.0071228700,0.0073700800,0.0076173100
2020-08-25,0.0013240200,0.0015889800,0.0022745700,0.0029437200,0.0036379100,0.0043219900,0.0057053700,0.0066603700,0.0071633800,0.0074101100,0.0077213600
2020-08-24,0.0013299900,0.0015990800,0.0022917600,0.0029279400,0.0036162400,0.0043014200,0.0056292900,0.0065773100,0.0070726500,0.0073152700,0.0076214500
2020-08-21,0.0013035000,0.0016570000,0.0023750100,0.0030353300,0.0037410500,0.0044415200,0.0057826900,0.0067458600,0.0073572800,0.0076369000,0.0079228200
2020-08-20,0.0013889300,0.0017538200,0.0024761300,0.0031869900,0.0039180700,0.0046035900,0.0060103900,0.0070004900,0.0076306200,0.0079196300,0.0082161900
2020-08-19,0.0014481200,0.0017658700,0.0025119200,0.0031883000,0.0039115300,0.0046364200,0.0059554200,0.0069303100,0.0074314100,0.0076726500,0.0079780400
2020-08-18,0.0014085100,0.0018525500,0.0026164200,0.0033269400,0.0040633300,0.0048395700,0.0061305500,0.0070545300,0.0076795400,0.0079649400,0.0081326000
2020-08-17,0.0014772500,0.0019376700,0.0027080300,0.0034057700,0.0041382700,0.0048504600,0.0061998100,0.0071490300,0.0077733500,0.0080543900,0.0082141000
2020-08-14,0.0014991300,0.0018937000,0.0026458300,0.0033325100,0.0040472600,0.0047638300,0.0060722700,0.0070052600,0.0076153300,0.0078898100,0.0081632000
2020-08-13,0.0014513000,0.0018454600,0.0025785100,0.0032185100,0.0039009100,0.0046025000,0.0058894200,0.0067923600,0.0073939600,0.0076649200,0.0079355600
2020-08-12,0.0013802200,0.0017463000,0.0024682400,0.0031301000,0.0038318800,0.0045311400,0.0058408300,0.0067696600,0.0073689900,0.0076390200,0.0079088100
2020-08-11,0.0013913800,0.0017713400,0.0025041700,0.0031790800,0.0038924100,0.0046016200,0.0059149300,0.0068210600,0.0074143700,0.0076805200,0.0079454500
2020-08-10,0.0013704800,0.0018065500,0.0025534800,0.0032667400,0.0039907200,0.0046737700,0.0061515100,0.0071090100,0.0077220200,0.0079980900,0.0081572800
2020-08-07,0.0014276500,0.0018857300,0.0026673400,0.0033471600,0.0040771800,0.0047618500,0.0061025500,0.0070079200,0.0076120300,0.0078832900,0.0080391800
2020-08-06,0.0014257800,0.0018879200,0.0026587700,0.0033313800,0.0040542800,0.0047947800,0.0060068900,0.0068713300,0.0074675600,0.0077367400,0.0078923500
2020-08-05,0.0013416300,0.0017761500,0.0025331200,0.0032275400,0.0039580300,0.0046926700,0.0059885900,0.0068921300,0.0074908700,0.0077614000,0.0079178200
2020-08-04,0.0014077000,0.0018531300,0.0026309200,0.0033442600,0.0040914000,0.0048665000,0.0061544400,0.0070601600,0.0076708000,0.0079466300,0.0081055800
2020-08-03,0.0014213800,0.0019167800,0.0027085000,0.0034433100,0.0042001800,0.0049863200,0.0062710500,0.0071828800,0.0077837000,0.0080483300,0.0081796800
2020-07-31,0.0014909400,0.0019449600,0.0027387000,0.0034690800,0.0042233400,0.0050097600,0.0062943900,0.0072090000,0.0078228300,0.0080975200,0.0082520300
2020-07-30,0.0015122600,0.0019768600,0.0027612000,0.0034830100,0.0042193700,0.0049870300,0.0062710100,0.0071840400,0.0077957900,0.0080707100,0.0082270300
2020-07-29,0.0013641600,0.0018065900,0.0025452300,0.0032310400,0.0039344000,0.0046669700,0.0059784400,0.0069014600,0.0075037300,0.0077765900,0.0079367600
2020-07-28,0.0014495400,0.0017602600,0.0024813900,0.0031449500,0.0038358700,0.0045529800,0.0058166400,0.0067150900,0.0071882100,0.0074150200,0.0077023600
2020-07-27,0.0013295000,0.0016819600,0.0023841600,0.0030321400,0.0037113500,0.0044189100,0.0057253200,0.0066488400,0.0072333300,0.0074983500,0.0077679500
2020-07-24,0.0012902900,0.0016281100,0.0023150400,0.0029695900,0.0036384500,0.0043299800,0.0056434200,0.0065634600,0.0071375100,0.0073951100,0.0076552500
2020-07-23,0.0012733400,0.0016218100,0.0023005700,0.0029070000,0.0035693000,0.0042778000,0.0055295600,0.0064583100,0.0070289700,0.0072869000,0.0075493200
2020-07-22,0.0012605400,0.0016047400,0.0022922800,0.0029225200,0.0035901800,0.0042828800,0.0055706700,0.0064823200,0.0070570600,0.0073166600,0.0075801000
2020-07-21,0.0012158700,0.0015283400,0.0022242900,0.0028635600,0.0035361900,0.0042251000,0.0054712800,0.0063548000,0.0069191500,0.0071736000,0.0074316100
2020-07-20,0.0012108100,0.0016841400,0.0024188600,0.0030865200,0.0037811300,0.0044921600,0.0057413500,0.0066293000,0.0072065900,0.0074651000,0.0076137800
2020-07-17,0.0012999000,0.0017794200,0.0025360500,0.0032174900,0.0039273400,0.0046494800,0.0058486100,0.0067014600,0.0072770900,0.0075325300,0.0076744400
2020-07-16,0.0013249500,0.0018084400,0.0025603800,0.0032670000,0.0039740400,0.0047043000,0.0059185100,0.0067797200,0.0073614700,0.0076194800,0.0077625100
2020-07-15,0.0012943900,0.0017705700,0.0025343500,0.0032343700,0.0039485900,0.0046869700,0.0059514700,0.0068531800,0.0074419800,0.0077043100,0.0078519800
2020-07-14,0.0013736000,0.0018617300,0.0026356400,0.0033392700,0.0040601000,0.0048227100,0.0060548000,0.0069530000,0.0075424100,0.0078030700,0.0079467600
2020-07-13,0.0013324600,0.0018242600,0.0026132200,0.0033337300,0.0040696600,0.0048432800,0.0061094200,0.0070228000,0.0076143900,0.0078741900,0.0080150800
2020-07-10,0.0014398500,0.0019258600,0.0027256100,0.0034537500,0.0041972000,0.0049782600,0.0062393800,0.0071502000,0.0077526400,0.0080205000,0.0081688600
2020-07-09,0.0014327500,0.0018667900,0.0026510200,0.0033553700,0.0040841200,0.0048353000,0.0060745400,0.0069658500,0.0074410000,0.0076640900,0.0078487500
2020-07-08,0.0013347400,0.0018049200,0.0025540400,0.0032455500,0.0039639200,0.0047102900,0.0059597100,0.0068623500,0.0074521800,0.0077168600,0.0078664100
2020-07-07,0.0013149200,0.0017973700,0.0025391900,0.0032220300,0.0039271300,0.0046709900,0.0059159100,0.0068230000,0.0074098700,0.0076716600,0.0078186500
2020-07-06,0.0012946000,0.0017764400,0.0025127400,0.0031801400,0.0038820700,0.0046229700,0.0058392700,0.0067371900,0.0073191100,0.0075790600,0.0077250800
2020-07-03,0.0014560300,0.0018926400,0.0026732100,0.0033812900,0.0041121600,0.0048693100,0.0060821800,0.0069651800,0.0074382400,0.0076603700,0.0078441700
2020-07-02,0.0013561700,0.0018292500,0.0026017000,0.0033193200,0.0040530300,0.0048258300,0.0060825600,0.0069931600,0.0075848500,0.0078468500,0.0079908800
2020-07-01,0.0014786400,0.0019249100,0.0027329100,0.0034716600,0.0042223900,0.0050194800,0.0062552500,0.0071683600,0.0077617300,0.0080208200,0.0081583300
2020-06-30,0.0015296500,0.0019922900,0.0028257500,0.0035841200,0.0043565900,0.0051695300,0.0063849600,0.0073206000,0.0079262100,0.0081922800,0.0083335800
2020-06-29,0.0016417700,0.0021309800,0.0029721400,0.0037423100,0.0045308400,0.0053652100,0.0065786800,0.0075122600,0.0081279900,0.0083982900,0.0085406300
2020-06-26,0.0016915800,0.0021886300,0.0030188800,0.0037642200,0.0045441200,0.0053653100,0.0065732300,0.0074989600,0.0081191300,0.0083944900,0.0085443900
2020-06-25,0.0016698900,0.0021646500,0.0029554800,0.0036858800,0.0044219900,0.0052104000,0.0064028500,0.0073286900,0.0079368200,0.0082066600,0.0083546600
2020-06-24,0.0015038700,0.0020184900,0.0027716800,0.0034545300,0.0041309200,0.0048781700,0.0060746000,0.0069947000,0.0075836900,0.0078433700,0.0079828800
2020-06-23,0.0013459900,0.0018473000,0.0025789100,0.0032497200,0.0039046400,0.0046241800,0.0058073300,0.0067281600,0.0073053200,0.0075614300,0.0077041100
2020-06-22,0.0014378300,0.0019440900,0.0026963800,0.0034096200,0.0041022500,0.0047868800,0.0060647000,0.0069848600,0.0075796300,0.0078445600,0.0079905600
2020-06-19,0.0013318700,0.0018216500,0.0025732800,0.0032354800,0.0038835900,0.0046001900,0.0057927000,0.0067042700,0.0072832800,0.0075428700,0.0076896200
2020-06-18,0.0013853900,0.0018289600,0.0025564000,0.0032456100,0.0039126900,0.0045686000,0.0058551300,0.0067685400,0.0072403700,0.0074658300,0.0076550500
2020-06-17,0.0012371500,0.0017038400,0.0024392000,0.0031097100,0.0037463100,0.0043799300,0.0056711300,0.0065861600,0.0071577200,0.0074169800,0.0075672500
2020-06-16,0.0011820900,0.0016382400,0.0023636700,0.0030070500,0.0036432200,0.0043626500,0.0055562800,0.0064690600,0.0070328100,0.0072890100,0.0074379600
2020-06-15,0.0015236200,0.0020688700,0.0028145500,0.0034877400,0.0041399900,0.0048811800,0.0060368700,0.0069322200,0.0075215000,0.0077868700,0.0079346200
2020-06-12,0.0014830200,0.0019854900,0.0027452700,0.0034632100,0.0041525000,0.0049185600,0.0061302000,0.0070524800,0.0075292000,0.0077556000,0.0079422400
2020-06-11,0.0015656500,0.0021280200,0.0029111500,0.0036209100,0.0043062500,0.0050829400,0.0062900700,0.0072073500,0.0078120100,0.0080853600,0.0082378700
2020-06-10,0.0014165300,0.0019669700,0.0026947300,0.0033749600,0.0040039500,0.0047391500,0.0059151300,0.0068308500,0.0074133200,0.0076765500,0.0078283800
2020-06-09,0.0013696500,0.0018958200,0.0026121500,0.0032693400,0.0038770700,0.0045849300,0.0057378200,0.0066504900,0.0072091800,0.0074600100,0.0076070900
2020-06-08,0.0012367700,0.0017702200,0.0024262900,0.0030457900,0.0036419300,0.0043154800,0.0054331000,0.0063238800,0.0067829200,0.0069484200,0.0069869500
2020-06-05,0.0011168900,0.0016059100,0.0022752500,0.0028668400,0.0035106000,0.0042244400,0.0053995600,0.0063278200,0.0067807600,0.0069404500,0.0070283700
2020-06-04,0.0013020900,0.0018205300,0.0025456300,0.0031817500,0.0038659500,0.0046277600,0.0058011700,0.0067072500,0.0071817600,0.0073910100,0.0075234800
2020-06-03,0.0014728000,0.0020046900,0.0027415100,0.0034136100,0.0041107000,0.0048742400,0.0059997800,0.0068916700,0.0073747500,0.0075881300,0.0077211100
2020-06-02,0.0015424600,0.0021459700,0.0029611600,0.0036894800,0.0044147000,0.0052186000,0.0063539600,0.0072583400,0.0077537600,0.0079693700,0.0080979400
2020-06-01,0.0015491700,0.0021282000,0.0029981700,0.0037828300,0.0045554500,0.0054061700,0.0066149500,0.0075429200,0.0080406900,0.0082559300,0.0083834200
2020-05-29,0.0016903400,0.0022637300,0.0031386400,0.0039368100,0.0047154100,0.0055573900,0.0066956300,0.0076210900,0.0081233600,0.0083421000,0.0084711400
2020-05-28,0.0015617700,0.0021050300,0.0029874000,0.0037747500,0.0045133000,0.0053500800,0.0065149100,0.0074438700,0.0079326400,0.0081428600,0.0082658200
2020-05-27,0.0016096300,0.0021652400,0.0030563300,0.0038302000,0.0045747900,0.0053969800,0.0065396900,0.0074451300,0.0079267900,0.0081327500,0.0082526400
2020-05-26,0.0017889000,0.0023976000,0.0033609300,0.0041943900,0.0049844400,0.0058531100,0.0069837800,0.0079113500,0.0084158200,0.0086299400,0.0087502600
2020-05-25,0.0021182400,0.0028202300,0.0038379500,0.0046425500,0.0053851300,0.0062410000,0.0072939700,0.0081789000,0.0086918700,0.0089094400,0.0090310400
2020-05-22,0.0020849600,0.0027800400,0.0037996500,0.0045991100,0.0053663000,0.0062395500,0.0072977900,0.0080539400,0.0085599300,0.0087736400,0.0088921700
2020-05-21,0.0019780100,0.0026327300,0.0037002000,0.0045424000,0.0053477000,0.0062336400,0.0073386800,0.0081357700,0.0086472200,0.0088635500,0.0089832200
2020-05-20,0.0020156700,0.0026136500,0.0036555200,0.0045471000,0.0053665300,0.0062779200,0.0074284000,0.0082675300,0.0088700900,0.0091252300,0.0092473900
2020-05-19,0.0021347400,0.0027713300,0.0038162300,0.0047707600,0.0055927200,0.0065051500,0.0076494700,0.0084859500,0.0090919100,0.0093453700,0.0094591400
2020-05-18,0.0023256700,0.0029939600,0.0040715300,0.0050639600,0.0059126200,0.0068451400,0.0079675100,0.0087864900,0.0094094700,0.0096706100,0.0097885000
2020-05-15,0.0026752700,0.0034016100,0.0045670300,0.0055106700,0.0063903400,0.0072829100,0.0083656800,0.0092955500,0.0099461300,0.0102195700,0.0103441000
2020-05-14,0.0024494600,0.0031341600,0.0042270000,0.0052181800,0.0061007000,0.0070193100,0.0081380100,0.0090642400,0.0097076400,0.0099796800,0.0101043400
2020-05-13,0.0022523400,0.0029758900,0.0040184800,0.0049753600,0.0058278200,0.0067451000,0.0078391100,0.0087749700,0.0093193900,0.0095535100,0.0097713600
2020-05-12,0.0022838300,0.0029371400,0.0039713600,0.0049328700,0.0057591800,0.0066451600,0.0077688700,0.0086793300,0.0093104200,0.0095819000,0.0097150200
2020-05-11,0.0023577000,0.0030264800,0.0040237800,0.0049412300,0.0057743000,0.0066458800,0.0077602000,0.0086741300,0.0092992200,0.0095648000,0.0096898500
2020-05-08,0.0024989000,0.0032074600,0.0042459900,0.0050970400,0.0059153900,0.0067841900,0.0078493500,0.0087441300,0.0093615100,0.0096233600,0.0097459200
2020-05-07,0.0023633200,0.0030324600,0.0040490700,0.0049929200,0.0058431100,0.0067444200,0.0078563900,0.0087704800,0.0094455900,0.0097342500,0.0098668400
2020-05-06,0.0024802400,0.0032170600,0.0041861400,0.0051162700,0.0059352200,0.0068339400,0.0079642300,0.0088697600,0.0094879300,0.0097474000,0.0098658600
2020-05-05,0.0025498200,0.0033066100,0.0042108400,0.0051348300,0.0059285400,0.0068398500,0.0079030800,0.0088023400,0.0094188800,0.0096782300,0.0097996600
2020-05-04,0.0026281600,0.0034053200,0.0043733200,0.0052116300,0.0060171700,0.0069440100,0.0080131500,0.0089270300,0.0095530200,0.0098167300,0.0099443500
2020-05-01,0.0025564700,0.0033253000,0.0042626000,0.0050506200,0.0058253500,0.0067154800,0.0077187300,0.0086339100,0.0092512800,0.0095161700,0.0096486300
2020-04-30,0.0022611300,0.0029576000,0.0038835800,0.0046937800,0.0054780700,0.0063764400,0.0073870100,0.0083238500,0.0089402400,0.0092130300,0.0093575400
2020-04-29,0.0022995200,0.0030012300,0.0038488100,0.0047291100,0.0055332500,0.0063698500,0.0074039900,0.0083508300,0.0089628600,0.0092304700,0.0093708500
2020-04-28,0.0022950700,0.0030038200,0.0039042400,0.0047909600,0.0056127800,0.0064650600,0.0075038700,0.0084414600,0.0090544300,0.0093200600,0.0094567200
2020-04-27,0.0023854900,0.0031064300,0.0040433900,0.0049487100,0.0057775800,0.0066409800,0.0076928900,0.0086130100,0.0092373900,0.0095072800,0.0096433100
2020-04-24,0.0027458900,0.0035061000,0.0044908400,0.0054506400,0.0063117600,0.0072065600,0.0082784400,0.0092101000,0.0098559200,0.0101330500,0.0102719400
2020-04-23,0.0024916900,0.0032155500,0.0041516500,0.0050600700,0.0058821700,0.0067434500,0.0078114700,0.0087286900,0.0093564200,0.0096286300,0.0097672400
2020-04-22,0.0025748000,0.0033199900,0.0043024500,0.0052254900,0.0060703800,0.0069831300,0.0080298500,0.0089469600,0.0095895800,0.0098727300,0.0100309000
2020-04-21,0.0027154900,0.0034857000,0.0044839800,0.0054892500,0.0063717500,0.0072738500,0.0083927300,0.0093212300,0.0099819800,0.0102718500,0.0104338400
2020-04-20,0.0026078700,0.0033443700,0.0042932500,0.0051827000,0.0060062700,0.0068703100,0.0079342500,0.0088384100,0.0094310800,0.0096850000,0.0098310900
2020-04-17,0.0022720900,0.0029282300,0.0038298600,0.0047272600,0.0055338600,0.0063551700,0.0074600100,0.0083925900,0.0090506000,0.0093483600,0.0095237400
2020-04-16,0.0025458700,0.0032685600,0.0042064700,0.0050918800,0.0059034100,0.0067190500,0.0078605300,0.0087817600,0.0094555500,0.0097588000,0.0099349800
2020-04-15,0.0023841300,0.0030681100,0.0039955300,0.0048637700,0.0057451200,0.0065906700,0.0077018300,0.0086603800,0.0093348100,0.0096400400,0.0098182400
2020-04-14,0.0020507100,0.0026842200,0.0036827700,0.0044807500,0.0052744600,0.0061232300,0.0072583200,0.0082967300,0.0089531400,0.0092502200,0.0094240500
2020-04-13,0.0024954100,0.0032914800,0.0042656100,0.0052802500,0.0062678300,0.0072528300,0.0081823100,0.0095413100,0.0102793800,0.0106117300,0.0108070900
2020-04-10,0.0022160200,0.0029258800,0.0038402300,0.0047170600,0.0055486100,0.0064218000,0.0075385600,0.0086890600,0.0093193700,0.0095971200,0.0097598600
2020-04-09,0.0018958500,0.0025063600,0.0035390500,0.0044471900,0.0054319700,0.0063622800,0.0074628500,0.0083766600,0.0089894000,0.0092600000,0.0094190400
2020-04-08,0.0024133300,0.0031736500,0.0042791400,0.0052477700,0.0062681500,0.0072496600,0.0083940500,0.0092937500,0.0099277900,0.0101973900,0.0103414700
2020-04-07,0.0022761400,0.0029928400,0.0041662800,0.0052531600,0.0063602800,0.0074341000,0.0085676200,0.0094906200,0.0101759600,0.0104704800,0.0106235500
2020-04-06,0.0026642300,0.0034823700,0.0046949700,0.0058132700,0.0069449400,0.0080373200,0.0092225100,0.0101514900,0.0108729000,0.0111848500,0.0113499400
2020-04-03,0.0029662900,0.0038235900,0.0050505000,0.0061524700,0.0073151200,0.0084498700,0.0095334200,0.0104421400,0.0111203500,0.0114067500,0.0115591000
2020-04-02,0.0027281300,0.0035663400,0.0047891700,0.0059027800,0.0070566600,0.0080819400,0.0092086400,0.0100865700,0.0107544200,0.0110382900,0.0111889500
2020-04-01,0.0026893200,0.0035025600,0.0047196600,0.0059000800,0.0070385200,0.0081709300,0.0093647100,0.0102951700,0.0110187200,0.0113284400,0.0114867600
2020-03-31,0.0025967200,0.0034088600,0.0045939900,0.0056972900,0.0066593200,0.0077904300,0.0089198100,0.0097909600,0.0104950900,0.0107987500,0.0109569600
2020-03-30,0.0025832400,0.0033717100,0.0045860300,0.0057105500,0.0067006900,0.0078856400,0.0090045600,0.0099087600,0.0105790000,0.0108638900,0.0110144300
2020-03-27,0.0024586300,0.0032246900,0.0043675300,0.0054632200,0.0064631000,0.0075740400,0.0087373300,0.0096549300,0.0103685900,0.0106826500,0.0108526300
2020-03-26,0.0022775000,0.0030188900,0.0041616400,0.0051773600,0.0060305600,0.0070398100,0.0081001000,0.0089680700,0.0096493700,0.0099506700,0.0101140200
2020-03-25,0.0023121300,0.0030363500,0.0042155100,0.0052917400,0.0062640300,0.0073816400,0.0085856600,0.0095486400,0.0102542600,0.0105612500,0.0107247300
2020-03-24,0.0024418500,0.0032400300,0.0044429800,0.0055214400,0.0065313200,0.0075620100,0.0088035500,0.0097197000,0.0104375200,0.0107520800,0.0109178800
2020-03-23,0.0030389100,0.0039478700,0.0053016000,0.0064296200,0.0074840700,0.0086165200,0.0098099800,0.0107187000,0.0114777500,0.0118094800,0.0119808400
2020-03-20,0.0026223900,0.0034211900,0.0047562400,0.0059189600,0.0069894400,0.0082238300,0.0094112400,0.0103211800,0.0110565200,0.0113709500,0.0115188300
2020-03-19,0.0023596300,0.0030584500,0.0044337000,0.0062319600,0.0075225400,0.0089960800,0.0105154200,0.0117039900,0.0122090600,0.0124255700,0.0126197100
2020-03-18,0.0029996600,0.0039815700,0.0054982400,0.0070081100,0.0085163700,0.0101319200,0.0116863900,0.0130154600,0.0137170200,0.0139987000,0.0141534400
2020-03-17,0.0026543700,0.0035368200,0.0048913400,0.0064918000,0.0076709900,0.0090428200,0.0104242200,0.0115395700,0.0122013200,0.0124860100,0.0126659500
2020-03-16,0.0027499700,0.0036158700,0.0049865500,0.0066486300,0.0078491200,0.0092213400,0.0106251400,0.0118120800,0.0125915000,0.0129257000,0.0131099500
2020-03-13,0.0021110100,0.0027125500,0.0039367200,0.0053256700,0.0067965400,0.0081156300,0.0094904700,0.0106542300,0.0112776600,0.0115409600,0.0118053300
2020-03-12,0.0023750500,0.0029843800,0.0040981900,0.0054244200,0.0068699100,0.0082716300,0.0097018200,0.0109105300,0.0116573500,0.0119855800,0.0123083000
2020-03-11,0.0015410200,0.0020302400,0.0029507500,0.0042133900,0.0053407800,0.0064726200,0.0078479200,0.0090007100,0.0096027700,0.0098878500,0.0102037600
2020-03-10,0.0016102400,0.0020780600,0.0030458300,0.0042898500,0.0053672400,0.0064604200,0.0079302600,0.0091962700,0.0098274700,0.0101309500,0.0104591500
2020-03-09,0.0015764300,0.0019622900,0.0029810900,0.0043262500,0.0055332900,0.0067616500,0.0082045600,0.0094701300,0.0102381300,0.0105968300,0.0109214600
2020-03-06,0.0011739100,0.0014379700,0.0020677000,0.0029726400,0.0038471100,0.0047534200,0.0061418200,0.0072823200,0.0077133400,0.0079348700,0.0082532700
2020-03-05,0.0008360400,0.0010618700,0.0015708900,0.0023028200,0.0030872800,0.0039000000,0.0052894500,0.0064060400,0.0069125000,0.0071601700,0.0074458400
2020-03-04,0.0006814500,0.0009140600,0.0013974400,0.0020701800,0.0027695600,0.0035175600,0.0048193200,0.0058694100,0.0063459500,0.0065806200,0.0068551000
2020-03-03,0.0006590600,0.0008741100,0.0013480000,0.0020438100,0.0027926800,0.0035596700,0.0048917100,0.0059809900,0.0064652500,0.0067039100,0.0069831700
2020-03-02,0.0009106400,0.0011520100,0.0016457600,0.0024048000,0.0032367300,0.0040482700,0.0054084200,0.0065276800,0.0070406400,0.0072919900,0.0075819900
2020-02-28,0.0009425200,0.0011788600,0.0016399200,0.0023174900,0.0031078600,0.0038809400,0.0052440700,0.0063540000,0.0068610600,0.0071121500,0.0074076400
2020-02-27,0.0007380200,0.0009245800,0.0013502600,0.0019661800,0.0026844000,0.0033959500,0.0046940200,0.0057459600,0.0062402300,0.0065190400,0.0068321300
2020-02-26,0.0006942000,0.0008957400,0.0012679200,0.0018295800,0.0025040500,0.0031896500,0.0044536300,0.0054766000,0.0059622200,0.0062380700,0.0065591400
2020-02-25,0.0006776200,0.0008750500,0.0012541300,0.0017940000,0.0024466500,0.0031147600,0.0043435600,0.0053409600,0.0058201000,0.0060927300,0.0064116500
2020-02-24,0.0006626200,0.0008258900,0.0011678100,0.0016741300,0.0023256200,0.0029646700,0.0041655300,0.0051194300,0.0054998900,0.0057358400,0.0060626000
2020-02-21,0.0005530900,0.0007146600,0.0010537500,0.0015116200,0.0021228300,0.0027266200,0.0039192300,0.0049341200,0.0053963100,0.0056595500,0.0059680300
2020-02-20,0.0005397200,0.0007009500,0.0010653200,0.0015187300,0.0021124900,0.0027053300,0.0038459700,0.0048317400,0.0052845100,0.0055412500,0.0058421300
2020-02-19,0.0005069100,0.0006638100,0.0009934000,0.0014460100,0.0020545400,0.0026558200,0.0038959100,0.0049214600,0.0053922200,0.0056568700,0.0059598800
2020-02-18,0.0005141700,0.0006681500,0.0010102200,0.0014383600,0.0020286100,0.0026382300,0.0038958600,0.0049011200,0.0053506700,0.0056059400,0.0059049800
2020-02-17,0.0005002100,0.0006578000,0.0009820000,0.0013955700,0.0019896300,0.0026433700,0.0038956400,0.0048856800,0.0053524900,0.0056147100,0.0059143600
2020-02-14,0.0005249400,0.0006861000,0.0009789300,0.0014412600,0.0020607800,0.0026761100,0.0038730900,0.0048839200,0.0053691600,0.0056412100,0.0059515500
2020-02-13,0.0005346500,0.0007025900,0.0010327800,0.0015172900,0.0021235200,0.0027129000,0.0038286300,0.0048037200,0.0052820400,0.0055491500,0.0058529600
2020-02-12,0.0004693000,0.0006186400,0.0009053100,0.0013576000,0.0019603100,0.0025661900,0.0037627100,0.0047372700,0.0052036000,0.0054625300,0.0057541300
2020-02-11,0.0005562600,0.0007281100,0.0010794000,0.0014763900,0.0021192900,0.0027427400,0.0038803900,0.0047654200,0.0052333500,0.0054928400,0.0057841400
2020-02-10,0.0005418700,0.0007110700,0.0010312100,0.0014692200,0.0020959500,0.0027036000,0.0038784400,0.0048404200,0.0053143600,0.0055771400,0.0058724600
2020-02-07,0.0005277900,0.0006935200,0.0010083600,0.0013841400,0.0020231000,0.0026549800,0.0038788900,0.0048270100,0.0053031600,0.0055672300,0.0058640000
2020-02-06,0.0004836100,0.0006394600,0.0009449800,0.0013076900,0.0019391000,0.0025641300,0.0037757800,0.0047410400,0.0052274300,0.0055028100,0.0058222000
2020-02-05,0.0004329800,0.0005828100,0.0008923000,0.0012400800,0.0019356600,0.0026065600,0.0038938800,0.0048917400,0.0053890400,0.0056705200,0.0059964800
2020-02-04,0.0004830500,0.0006465800,0.0009895900,0.0013790900,0.0020599300,0.0027155600,0.0039641200,0.0049551900,0.0054561900,0.0057408000,0.0060718300
2020-02-03,0.0005197800,0.0007109300,0.0010728200,0.0014883400,0.0021826300,0.0028495400,0.0041024000,0.0051062200,0.0056145600,0.0059029900,0.0062379200
2020-01-31,0.0004923300,0.0006790900,0.0010119900,0.0014033400,0.0021161400,0.0027916300,0.0040789500,0.0050991600,0.0056085200,0.0058984700,0.0062367500
2020-01-30,0.0004784500,0.0006923600,0.0010361600,0.0014336000,0.0021407600,0.0028156300,0.0040911700,0.0050890900,0.0055960200,0.0058837600,0.0062178200
2020-01-29,0.0004993500,0.0006760500,0.0010251700,0.0014441300,0.0021198600,0.0027738600,0.0040144700,0.0050127500,0.0055125300,0.0057948900,0.0061203200
2020-01-28,0.0005539700,0.0007370200,0.0010889000,0.0015669500,0.0022612200,0.0029273500,0.0041878200,0.0052332000,0.0057474300,0.0060369000,0.0063666400
2020-01-27,0.0006014900,0.0007966800,0.0011701800,0.0016085400,0.0023161800,0.0029843400,0.0042505200,0.0052528400,0.0057607600,0.0060449200,0.0063677200
2020-01-24,0.0005721900,0.0007403400,0.0011395200,0.0016023500,0.0022636000,0.0028896700,0.0040950700,0.0050780200,0.0054893000,0.0057378600,0.0060681000
2020-01-23,0.0005613400,0.0007239900,0.0010935600,0.0015377000,0.0022363600,0.0028779400,0.0041459500,0.0051702800,0.0055884800,0.0058412600,0.0061769000
2020-01-22,0.0005607600,0.0007260800,0.0010950500,0.0015407800,0.0022369300,0.0028779000,0.0041459400,0.0051702500,0.0055886100,0.0058412700,0.0061763000
2020-01-21,0.0005480400,0.0007120800,0.0010792400,0.0015233700,0.0022209500,0.0028613200,0.0041294100,0.0051538000,0.0055715300,0.0058240700,0.0061593900
2020-01-20,0.0005198400,0.0007040100,0.0010619300,0.0015453300,0.0021987700,0.0028299100,0.0040508100,0.0050632600,0.0054745500,0.0057234700,0.0060540700
2020-01-17,0.0005247500,0.0006848200,0.0010337800,0.0015199700,0.0021831000,0.0028308600,0.0040555100,0.0050693400,0.0054814700,0.0057308800,0.0060619700
2020-01-16,0.0005310700,0.0006924100,0.0010294300,0.0014946400,0.0021692200,0.0028036500,0.0040423400,0.0050839000,0.0054998900,0.0057514400,0.0060851200
2020-01-15,0.0005617000,0.0007297000,0.0010711600,0.0015232000,0.0021982600,0.0028321800,0.0040703900,0.0051074000,0.0055255400,0.0057782900,0.0061133900
2020-01-14,0.0005514000,0.0007229100,0.0010771600,0.0014847200,0.0021710600,0.0028316500,0.0041008300,0.0050998900,0.0055192600,0.0057731100,0.0061102700
2020-01-13,0.0004871500,0.0006694300,0.0010001100,0.0013917800,0.0020933600,0.0027600100,0.0040533500,0.0050701700,0.0054903200,0.0057451600,0.0060839200
2020-01-10,0.0004652800,0.0006402100,0.0009865100,0.0014475200,0.0021370400,0.0027705000,0.0040088200,0.0050467500,0.0054584800,0.0057089100,0.0060432900
2020-01-09,0.0004654100,0.0006405800,0.0009951300,0.0014146700,0.0021235300,0.0027893700,0.0041090000,0.0051272100,0.0055450600,0.0057992200,0.0061383300
2020-01-08,0.0005190800,0.0007134000,0.0010876000,0.0014994400,0.0022026800,0.0028464400,0.0040945900,0.0050850000,0.0054992600,0.0057515500,0.0060884800
2020-01-07,0.0005307293,0.0007384937,0.0011261904,0.0015707207,0.0022562096,0.0028904202,0.0041110370,0.0051002621,0.0055555519,0.0058205758,0.0061468651
2020-01-06,0.0005426400,0.0007644700,0.0011661500,0.0016453900,0.0023110400,0.0029350800,0.0041275500,0.0051155700,0.0056124200,0.0058904300,0.0062058100
2020-01-03,0.0005119700,0.0007183000,0.0010936200,0.0015862400,0.0022554500,0.0028909400,0.0041236200,0.0051398300,0.0056435500,0.0059263300,0.0062486200
2020-01-02,0.0005280600,0.0007171600,0.0010588300,0.0014432800,0.0021689200,0.0028290800,0.0041102700,0.0051145900,0.0056156100,0.0058967400,0.0062171700
2020-01-01,0.0004588600,0.0006507200,0.0010040700,0.0013665300,0.0021338200,0.0028560300,0.0043045800,0.0053245100,0.0058495000,0.0061442400,0.0064800900
2019-12-31,0.0004574000,0.0006486200,0.0009700700,0.0014427900,0.0021623300,0.0028127500,0.0040322400,0.0050716800,0.0055678100,0.0058451600,0.0061599300
2019-12-30,0.0004883600,0.0006748000,0.0010242500,0.0014426800,0.0021588900,0.0028268900,0.0041489300,0.0051504700,0.0055659400,0.0058159200,0.0061448400
2019-12-27,0.0004625200,0.0006673100,0.0010128500,0.0014200400,0.0021508700,0.0028299600,0.0042218700,0.0052322000,0.0057423600,0.0060264300,0.0063455100
2019-12-26,0.0004461300,0.0006504600,0.0009786800,0.0013322500,0.0021341000,0.0028688500,0.0044309000,0.0054636000,0.0059960900,0.0062925400,0.0066254600
2019-12-25,0.0004602000,0.0006706900,0.0010121400,0.0013855000,0.0021483000,0.0028511100,0.0043244100,0.0053509800,0.0058723600,0.0061625400,0.0064884600
2019-12-24,0.0004389700,0.0006399500,0.0009611500,0.0012975600,0.0021042300,0.0028456000,0.0044134000,0.0054386900,0.0059684700,0.0062633700,0.0065947600
2019-12-23,0.0004386100,0.0006395900,0.0009636100,0.0013191400,0.0021118200,0.0028425500,0.0043921500,0.0054216300,0.0059506900,0.0062455500,0.0065771500
2019-12-20,0.0004307100,0.0006270200,0.0009664500,0.0014176600,0.0021409200,0.0028181600,0.0042773600,0.0053288100,0.0058465600,0.0061346300,0.0064584700
2019-12-19,0.0004793500,0.0006596800,0.0009691500,0.0013395700,0.0021250800,0.0028389900,0.0043113900,0.0053502800,0.0058703700,0.0061594800,0.0064835000
2019-12-18,0.0005195400,0.0006869100,0.0009761900,0.0013061700,0.0021135200,0.0028133400,0.0042443600,0.0052726900,0.0056990300,0.0059551000,0.0062913600
2019-12-17,0.0004899500,0.0006729500,0.0009865000,0.0014482000,0.0021639600,0.0028011900,0.0041213700,0.0051637300,0.0056706600,0.0059534200,0.0062721800
2019-12-16,0.0004315700,0.0006340000,0.0009461800,0.0013989400,0.0021075300,0.0027498900,0.0040659700,0.0051020800,0.0056056200,0.0058863900,0.0062027100
2019-12-13,0.0004773700,0.0006340900,0.0009740900,0.0013928800,0.0021037200,0.0027632400,0.0041132200,0.0051224500,0.0056004100,0.0058680900,0.0061717500
2019-12-12,0.0004613100,0.0006586200,0.0009942800,0.0013761700,0.0021749200,0.0028717000,0.0043502900,0.0054182800,0.0059438000,0.0062366300,0.0065656000
2019-12-11,0.0005207300,0.0006999800,0.0010370300,0.0015653700,0.0022880900,0.0029298500,0.0043081600,0.0053943600,0.0059131900,0.0062018700,0.0065262700
2019-12-10,0.0004512100,0.0006056600,0.0009541100,0.0014788900,0.0022338700,0.0028981700,0.0044007100,0.0055130200,0.0060244100,0.0063123600,0.0066434800
2019-12-09,0.0004656800,0.0006293000,0.0009916500,0.0015444200,0.0022553600,0.0029166700,0.0043543100,0.0054515600,0.0059565300,0.0062408500,0.0065678300
2019-12-06,0.0004765800,0.0006442600,0.0010140600,0.0015543600,0.0022638400,0.0029297900,0.0043651100,0.0054575800,0.0059592500,0.0062416900,0.0065663300
2019-12-05,0.0005403800,0.0007281000,0.0011140800,0.0015948500,0.0022998900,0.0029813400,0.0043956000,0.0054465600,0.0058603400,0.0061128500,0.0064534300
2019-12-04,0.0005323000,0.0007512500,0.0011492000,0.0016583400,0.0023774900,0.0030723000,0.0044975800,0.0055776300,0.0061049200,0.0064053700,0.0067557500
2019-12-03,0.0006368200,0.0008382300,0.0012454300,0.0018154400,0.0025129400,0.0031942800,0.0045983000,0.0057018900,0.0062254600,0.0065210400,0.0068629700
2019-12-02,0.0005787100,0.0007664100,0.0011710700,0.0017386000,0.0024316500,0.0031136500,0.0045123900,0.0056186700,0.0061434100,0.0064402400,0.0067829100
2019-11-29,0.0005600700,0.0007503100,0.0011279800,0.0016925900,0.0024033200,0.0031010300,0.0045666200,0.0057092000,0.0061443100,0.0064124500,0.0067779100
2019-11-28,0.0005372000,0.0007523100,0.0011251300,0.0016058400,0.0023674800,0.0030882400,0.0046072400,0.0057158100,0.0061544700,0.0064245400,0.0067919700
2019-11-27,0.0005286700,0.0007410200,0.0011253900,0.0016315100,0.0023632300,0.0030764500,0.0046167300,0.0057232900,0.0061575600,0.0064255500,0.0067912400
2019-11-26,0.0005182300,0.0007582100,0.0011650100,0.0016942200,0.0024066300,0.0031040000,0.0045824300,0.0056668400,0.0061920500,0.0064903200,0.0068370500
2019-11-25,0.0006190400,0.0008477300,0.0012702700,0.0018265400,0.0025657500,0.0032780300,0.0047871100,0.0058966100,0.0064355900,0.0067414700,0.0070959500
2019-11-22,0.0007183900,0.0009244500,0.0013306600,0.0019216400,0.0027011300,0.0034116800,0.0049730200,0.0061535100,0.0065957900,0.0068682300,0.0072389200
2019-11-21,0.0007254000,0.0009095700,0.0013765800,0.0019728000,0.0027056500,0.0034259300,0.0049184900,0.0060479200,0.0064845200,0.0067535800,0.0071189400
2019-11-20,0.0007560900,0.0009887000,0.0014791100,0.0020406200,0.0027790100,0.0035614200,0.0050392500,0.0061183800,0.0065540800,0.0068212700,0.0071826600
2019-11-19,0.0006396100,0.0008749300,0.0013148400,0.0018676200,0.0026573500,0.0034663700,0.0050188400,0.0061143700,0.0065269100,0.0067702300,0.0070838100
2019-11-18,0.0006894600,0.0008694900,0.0013183500,0.0018751200,0.0026701700,0.0034630400,0.0050153000,0.0061289900,0.0065732700,0.0068474100,0.0072196400
2019-11-15,0.0007216600,0.0009037700,0.0013877000,0.0019769700,0.0027032600,0.0034543700,0.0049383700,0.0060551800,0.0064910600,0.0067605800,0.0071275000
2019-11-14,0.0007610300,0.0009596300,0.0014081700,0.0019880600,0.0027589900,0.0035353500,0.0050778000,0.0061947300,0.0066369100,0.0069100900,0.0072820800
2019-11-13,0.0007125900,0.0009312300,0.0013983800,0.0020018400,0.0027464500,0.0034919500,0.0049597600,0.0060912400,0.0066335500,0.0069399500,0.0072916200
2019-11-12,0.0005977600,0.0007937200,0.0012535300,0.0018431900,0.0025834900,0.0033199000,0.0047792400,0.0058998900,0.0063504900,0.0066240800,0.0069853700
2019-11-11,0.0006132400,0.0008446200,0.0013187600,0.0018549600,0.0025965600,0.0033685200,0.0048493200,0.0059173100,0.0064688100,0.0067772400,0.0071226500
2019-11-08,0.0006495700,0.0008627000,0.0013002300,0.0018585400,0.0025857400,0.0033322600,0.0048122200,0.0059021400,0.0064522000,0.0067589300,0.0071022900
2019-11-07,0.0005687600,0.0008079600,0.0012502200,0.0018341500,0.0025503700,0.0032746700,0.0047359400,0.0058497900,0.0064025700,0.0067131200,0.0070628300
2019-11-06,0.0006218000,0.0008302200,0.0012739400,0.0018248400,0.0025799200,0.0033427300,0.0047997000,0.0058815600,0.0064297500,0.0067365700,0.0070822000
2019-11-05,0.0005921900,0.0007965600,0.0012379800,0.0017837200,0.0025261100,0.0032827800,0.0047229100,0.0057983200,0.0062466500,0.0065192400,0.0068795200
2019-11-04,0.0005982200,0.0008406700,0.0012810600,0.0018473700,0.0025805500,0.0033346800,0.0047915100,0.0058723500,0.0063236100,0.0065982000,0.0069611800
2019-11-01,0.0006481800,0.0008973200,0.0013535900,0.0019516000,0.0027116400,0.0034820000,0.0049664500,0.0060721800,0.0065312300,0.0068110400,0.0071817000
2019-10-31,0.0007428600,0.0009692400,0.0014323700,0.0020341200,0.0028035100,0.0035769600,0.0050670200,0.0061685600,0.0066165200,0.0068903000,0.0072551700
2019-10-30,0.0006571100,0.0009399500,0.0013932500,0.0019759400,0.0027195600,0.0034782300,0.0049879000,0.0060838700,0.0066429700,0.0069565900,0.0073095500
2019-10-29,0.0006089200,0.0008701000,0.0013718800,0.0019672300,0.0026912500,0.0034492200,0.0049835900,0.0061192400,0.0066807400,0.0069944400,0.0073462600
2019-10-28,0.0005913100,0.0008414000,0.0012928600,0.0018989900,0.0026364900,0.0033827300,0.0049133900,0.0060819400,0.0066318600,0.0069433700,0.0073016200
2019-10-25,0.0005964300,0.0008399400,0.0013034800,0.0019282300,0.0026530400,0.0033825600,0.0048441800,0.0059823400,0.0065237900,0.0068303100,0.0071825000
2019-10-24,0.0006729500,0.0009150800,0.0013664500,0.0019805900,0.0027011200,0.0034321400,0.0048973100,0.0060077400,0.0064446000,0.0067152100,0.0070836800
2019-10-23,0.0006081300,0.0008693200,0.0013332100,0.0019487600,0.0026908300,0.0034249400,0.0048806100,0.0060009800,0.0065433600,0.0068533100,0.0072140700
2019-10-22,0.0005943400,0.0008170100,0.0012844600,0.0018766900,0.0025879600,0.0033197800,0.0047765000,0.0058657900,0.0062930200,0.0065579800,0.0069195800
2019-10-21,0.0006079100,0.0008840000,0.0013354500,0.0019243900,0.0026703000,0.0034218200,0.0049119400,0.0060074000,0.0065488100,0.0068567100,0.0072122700
2019-10-18,0.0007534600,0.0009705100,0.0014411500,0.0020807400,0.0028267700,0.0035728200,0.0050549200,0.0061782600,0.0066494200,0.0069356900,0.0073128000
2019-10-17,0.0008017700,0.0010259100,0.0014924500,0.0021116200,0.0028869100,0.0036542900,0.0051693600,0.0062684000,0.0067428900,0.0070312500,0.0074116000
2019-10-16,0.0006193000,0.0008881400,0.0013488500,0.0019765700,0.0027153900,0.0034507800,0.0049201500,0.0060450200,0.0066428500,0.0069768400,0.0073505200
2019-10-15,0.0007068400,0.0009568000,0.0014282900,0.0020499800,0.0028380700,0.0036146400,0.0051377400,0.0062803900,0.0067918300,0.0071002700,0.0075031300
2019-10-14,0.0007436500,0.0009880400,0.0014839200,0.0021501100,0.0029570300,0.0037306600,0.0052310800,0.0063801800,0.0069976800,0.0073416200,0.0077260400
2019-10-11,0.0007867800,0.0010046400,0.0014852400,0.0021179900,0.0029106300,0.0036930300,0.0052368100,0.0063764000,0.0069556800,0.0072799300,0.0076431500
2019-10-10,0.0008780500,0.0011483400,0.0016548100,0.0023017500,0.0030883700,0.0038916600,0.0054535000,0.0065983800,0.0071857900,0.0075125900,0.0078732700
2019-10-09,0.0009081800,0.0011584900,0.0016536600,0.0023289500,0.0031546200,0.0039504600,0.0055048000,0.0066267800,0.0073206300,0.0077102000,0.0081519900
2019-10-08,0.0009860800,0.0011966900,0.0017000700,0.0023863000,0.0032269200,0.0040306000,0.0055840300,0.0067668700,0.0073616000,0.0077236100,0.0082073600
2019-10-07,0.0008688100,0.0011103400,0.0016211700,0.0023217900,0.0031688100,0.0039615800,0.0054759400,0.0066246900,0.0073447200,0.0077480500,0.0082055300
2019-10-04,0.0008819900,0.0011445400,0.0016402600,0.0023173000,0.0031392300,0.0039333000,0.0054857000,0.0066654900,0.0072701800,0.0076113200,0.0080008000
2019-10-03,0.0008560300,0.0011100800,0.0016148100,0.0022988100,0.0031464900,0.0039433500,0.0054917400,0.0066681700,0.0072673800,0.0076045600,0.0079893400
2019-10-02,0.0008649000,0.0011165000,0.0016012600,0.0022658700,0.0030673400,0.0038426600,0.0053656200,0.0065141200,0.0070974600,0.0074244400,0.0077963900
2019-10-01,0.0007849800,0.0009852200,0.0014553400,0.0021046900,0.0028551600,0.0035988900,0.0050654900,0.0061603500,0.0066168100,0.0068952300,0.0072683800
2019-09-30,0.0008092000,0.0010492700,0.0015240000,0.0021796000,0.0029456300,0.0036983200,0.0051796600,0.0062903100,0.0068611200,0.0071816700,0.0075462800
2019-09-27,0.0008034400,0.0010228300,0.0015036700,0.0021491900,0.0029410800,0.0037176200,0.0052148300,0.0063596600,0.0070535400,0.0074416200,0.0078820800
2019-09-26,0.0008826100,0.0011198700,0.0016187500,0.0022641300,0.0030294200,0.0038150300,0.0053349100,0.0065159500,0.0071662500,0.0075506400,0.0080075300
2019-09-25,0.0009049800,0.0011162300,0.0015953100,0.0022470900,0.0030268300,0.0037982200,0.0053092500,0.0064519800,0.0071603700,0.0075593200,0.0080140500
2019-09-24,0.0008406200,0.0010304100,0.0014997400,0.0021363100,0.0028894000,0.0036422400,0.0051271800,0.0062519900,0.0069466500,0.0073388900,0.0077891500
2019-09-23,0.0008486900,0.0010168000,0.0014949300,0.0021317400,0.0028711600,0.0036134000,0.0050837700,0.0061989400,0.0067809300,0.0071286300,0.0075796500
2019-09-20,0.0007764700,0.0009533500,0.0014289400,0.0020523900,0.0027680500,0.0034984100,0.0049574100,0.0060681000,0.0067629700,0.0071479200,0.0075743400
2019-09-19,0.0006040100,0.0007559000,0.0012158500,0.0018138800,0.0025027000,0.0031959200,0.0046164300,0.0057173700,0.0063412700,0.0066879100,0.0070808400
2019-09-18,0.0006115600,0.0007560700,0.0012408900,0.0018328600,0.0025009100,0.0032085400,0.0046433800,0.0057664900,0.0063405000,0.0066642800,0.0070373200
2019-09-17,0.0005968600,0.0007685700,0.0012211300,0.0018100500,0.0024823400,0.0031938400,0.0046227100,0.0057183300,0.0062861100,0.0066166600,0.0070085100
2019-09-16,0.0005412300,0.0007102200,0.0011406300,0.0017252000,0.0023702000,0.0030647400,0.0044688500,0.0055341300,0.0059788400,0.0062380400,0.0065445500
2019-09-13,0.0005058800,0.0006526300,0.0010730400,0.0016408900,0.0022697800,0.0029519400,0.0043351600,0.0053887500,0.0059384700,0.0062575400,0.0066317200
2019-09-12,0.0004769200,0.0006163300,0.0010454900,0.0016188700,0.0022539800,0.0029397500,0.0043378200,0.0054031100,0.0059496900,0.0062674000,0.0066430500
2019-09-11,0.0005635900,0.0007294100,0.0012216400,0.0018055600,0.0024681000,0.0031532500,0.0045409200,0.0056500500,0.0062152300,0.0065443200,0.0069334700
2019-09-10,0.0005965400,0.0007355900,0.0011770600,0.0017750300,0.0024426400,0.0031528600,0.0045900000,0.0056755300,0.0061797800,0.0064600200,0.0067772000
2019-09-09,0.0005917500,0.0007050200,0.0011434100,0.0016973800,0.0023380600,0.0030300100,0.0044762300,0.0055460600,0.0059584800,0.0062057900,0.0065322500
2019-09-06,0.0005529000,0.0006894100,0.0010967000,0.0016489500,0.0022809500,0.0029840700,0.0044904900,0.0055850500,0.0060916100,0.0063680200,0.0066734000
2019-09-05,0.0005295900,0.0006613000,0.0010856000,0.0016620100,0.0022960800,0.0029894100,0.0044430900,0.0055082500,0.0060138300,0.0062931300,0.0066030000
2019-09-04,0.0005694000,0.0007102900,0.0011481400,0.0017458000,0.0024115300,0.0031251600,0.0046102500,0.0056942200,0.0062198800,0.0065127900,0.0068417300
2019-09-03,0.0006609100,0.0008205000,0.0012792200,0.0018674000,0.0025467300,0.0032747100,0.0047685500,0.0058222400,0.0063158700,0.0065911000,0.0069009200
2019-09-02,0.0006457800,0.0007755700,0.0012011400,0.0018037400,0.0024828800,0.0032087000,0.0047552300,0.0058684900,0.0063045000,0.0065673000,0.0069157100
2019-08-30,0.0006115200,0.0007349000,0.0011881500,0.0017856400,0.0024595700,0.0031683500,0.0046783700,0.0057639600,0.0061922900,0.0064503900,0.0067926700
2019-08-29,0.0005264000,0.0006369900,0.0011072500,0.0016882700,0.0023256100,0.0029982800,0.0044293200,0.0054916800,0.0058995600,0.0061459400,0.0064739400
2019-08-28,0.0005752800,0.0007130900,0.0011809700,0.0017480200,0.0023851100,0.0030870800,0.0046129100,0.0056906300,0.0062209600,0.0065193000,0.0068577300
2019-08-27,0.0005127400,0.0006347500,0.0010568000,0.0016286900,0.0022661300,0.0029710300,0.0045380100,0.0056144200,0.0061387200,0.0064335500,0.0067682400
2019-08-26,0.0005653900,0.0006835100,0.0011011000,0.0016781900,0.0023275100,0.0030336800,0.0046571500,0.0058202300,0.0062570600,0.0065224300,0.0068778500
2019-08-23,0.0005276200,0.0006562500,0.0011419800,0.0017190400,0.0023603200,0.0030309000,0.0045127800,0.0055957700,0.0061147700,0.0064052200,0.0067312400
2019-08-22,0.0005398500,0.0006632000,0.0011089300,0.0016890000,0.0023255600,0.0030219900,0.0045215300,0.0055788000,0.0060985700,0.0063889900,0.0067141600
2019-08-21,0.0005437100,0.0006473600,0.0011027500,0.0016962300,0.0023436200,0.0030478200,0.0045531800,0.0056187100,0.0060400800,0.0062944000,0.0066320500
2019-08-20,0.0005767100,0.0007126000,0.0012027200,0.0018223200,0.0024988100,0.0032045700,0.0046819500,0.0057661600,0.0062908200,0.0065832500,0.0069125000
2019-08-19,0.0005883200,0.0006974400,0.0011772900,0.0017920100,0.0024773200,0.0032034000,0.0047382900,0.0058203300,0.0062513400,0.0065146100,0.0068664900
2019-08-16,0.0006305600,0.0007741700,0.0012736800,0.0019130900,0.0026345500,0.0033822400,0.0049512000,0.0060594500,0.0066013000,0.0069133600,0.0072782800
2019-08-15,0.0007260400,0.0008692500,0.0014077600,0.0020427300,0.0027932700,0.0035527200,0.0051620900,0.0062909000,0.0067248300,0.0069942100,0.0073677600
2019-08-14,0.0007287800,0.0008981700,0.0014256300,0.0021006200,0.0028735600,0.0036504900,0.0052777300,0.0064214000,0.0069824000,0.0073037700,0.0076776600
2019-08-13,0.0006486200,0.0007736500,0.0013095300,0.0019747200,0.0027387900,0.0034988100,0.0051478500,0.0062823200,0.0067163200,0.0069842800,0.0073517400
2019-08-12,0.0007506100,0.0008893600,0.0014128000,0.0020828000,0.0028466400,0.0036176400,0.0052779800,0.0064206800,0.0068471500,0.0071098600,0.0074641800
2019-08-09,0.0006962000,0.0008322900,0.0013343300,0.0019860800,0.0027221000,0.0034725500,0.0050973800,0.0062157200,0.0066707700,0.0069464500,0.0073109100
2019-08-08,0.0006004600,0.0007481000,0.0012423300,0.0018633800,0.0025791400,0.0033237400,0.0049115700,0.0060226300,0.0065809300,0.0068974100,0.0072552200
2019-08-07,0.0005990500,0.0007423800,0.0012217600,0.0018801100,0.0026284600,0.0033857300,0.0050077500,0.0061274000,0.0066698100,0.0069767700,0.0073299300
2019-08-06,0.0006448600,0.0007983000,0.0012726200,0.0019286600,0.0026788900,0.0034327000,0.0050446800,0.0061654700,0.0067118200,0.0070232100,0.0073817100
2019-08-05,0.0007136900,0.0008849900,0.0013344700,0.0019913400,0.0027617700,0.0035381600,0.0051799900,0.0063141700,0.0068697600,0.0071863600,0.0075515000
2019-08-02,0.0006910400,0.0008514300,0.0012781200,0.0019153100,0.0026451900,0.0034024800,0.0050220700,0.0061175800,0.0066626600,0.0069723600,0.0073294200
2019-08-01,0.0005928700,0.0007338600,0.0012029000,0.0018466400,0.0025558900,0.0032881800,0.0047928600,0.0059039200,0.0064286100,0.0067250200,0.0070648500
2019-07-31,0.0006174100,0.0007570000,0.0011963100,0.0018408000,0.0025555400,0.0032937000,0.0048501100,0.0059682200,0.0064982300,0.0067971400,0.0071385200
2019-07-30,0.0006668900,0.0008141000,0.0012699500,0.0019044000,0.0026188600,0.0033606200,0.0049187100,0.0059830100,0.0065168400,0.0068183300,0.0071617800
2019-07-29,0.0006400800,0.0007626400,0.0012133400,0.0018367500,0.0025399600,0.0032723500,0.0047963600,0.0058740700,0.0062862700,0.0065368100,0.0068744500
2019-07-26,0.0005878900,0.0006966400,0.0011372500,0.0017373900,0.0024165500,0.0031301500,0.0046202700,0.0056752600,0.0060842600,0.0063297800,0.0066555200
2019-07-25,0.0005019000,0.0006223000,0.0010464700,0.0016301100,0.0022809600,0.0029794400,0.0044393600,0.0054715600,0.0059723100,0.0062522300,0.0065663900
2019-07-24,0.0004658300,0.0005834200,0.0010067100,0.0015932200,0.0022488200,0.0029440700,0.0043982900,0.0054255000,0.0059166500,0.0061896100,0.0064949500
2019-07-23,0.0004679300,0.0005843700,0.0010349100,0.0016461500,0.0023282900,0.0030462500,0.0045255700,0.0055849700,0.0060892800,0.0063703200,0.0066845100
2019-07-22,0.0005494600,0.0006740800,0.0011887500,0.0018036100,0.0025136200,0.0032295600,0.0046399300,0.0057290500,0.0062444900,0.0065314200,0.0068520300
2019-07-19,0.0005535900,0.0006852300,0.0011354200,0.0017572500,0.0024623000,0.0031941700,0.0047075500,0.0057751200,0.0062944900,0.0065833600,0.0069055100
2019-07-18,0.0005438700,0.0006729900,0.0011504100,0.0017958300,0.0025140000,0.0032485900,0.0047307700,0.0058326000,0.0063577400,0.0066508500,0.0069786600
2019-07-17,0.0005418200,0.0006697400,0.0011269800,0.0017739600,0.0024891600,0.0032349000,0.0048384600,0.0060161300,0.0065576600,0.0068599300,0.0071987200
2019-07-16,0.0005667000,0.0006961300,0.0011387600,0.0017347300,0.0024345100,0.0031692900,0.0047826300,0.0059264100,0.0064718300,0.0067758000,0.0071153600
2019-07-15,0.0005039900,0.0006287200,0.0011156000,0.0017236500,0.0024093600,0.0031198000,0.0045423100,0.0055910300,0.0061056400,0.0063910300,0.0067084700
2019-07-12,0.0004754600,0.0005833800,0.0010652700,0.0016976600,0.0023834100,0.0031042800,0.0046061400,0.0057349800,0.0062571500,0.0065454200,0.0068637100
2019-07-11,0.0004969900,0.0006209600,0.0010867800,0.0017283100,0.0024417200,0.0031961800,0.0047549900,0.0058814900,0.0064272100,0.0067284700,0.0070612200
2019-07-10,0.0005712300,0.0007021500,0.0011922600,0.0018616300,0.0026125400,0.0033930900,0.0049898300,0.0061477600,0.0067142400,0.0070272300,0.0073730600
2019-07-09,0.0006208900,0.0007728900,0.0012777800,0.0019599400,0.0027100800,0.0034868900,0.0050400500,0.0062010700,0.0067777400,0.0070990900,0.0074566800
2019-07-08,0.0005823800,0.0007186400,0.0011851400,0.0018336200,0.0025629700,0.0033188500,0.0048833400,0.0060499600,0.0066343700,0.0069567500,0.0073138300
2019-07-05,0.0005331600,0.0006513900,0.0010840600,0.0017071700,0.0024110800,0.0031524600,0.0047034000,0.0058504500,0.0064209200,0.0067355600,0.0070834500
2019-07-04,0.0004826400,0.0005967700,0.0010667800,0.0016700200,0.0023436300,0.0030715300,0.0045814700,0.0056811700,0.0061321400,0.0063981500,0.0067434400
2019-07-03,0.0004526600,0.0005838800,0.0010437600,0.0016766600,0.0023453500,0.0031076800,0.0046831500,0.0058286000,0.0063919500,0.0067016900,0.0070435300
2019-07-02,0.0005445000,0.0006735000,0.0011669800,0.0018013100,0.0024892500,0.0032816600,0.0049009300,0.0060384400,0.0066219900,0.0069426800,0.0072960100
2019-07-01,0.0005098700,0.0006293600,0.0011266200,0.0018189000,0.0025663800,0.0033874200,0.0050524000,0.0062459500,0.0068458500,0.0071760800,0.0075403000
2019-06-28,0.0005630700,0.0006894400,0.0012068000,0.0019210100,0.0026997400,0.0035421900,0.0052445700,0.0064665200,0.0070831000,0.0074229800,0.0077979000
2019-06-27,0.0005875800,0.0007209400,0.0012542500,0.0019749900,0.0027689300,0.0036145900,0.0053436700,0.0065902200,0.0072175600,0.0075629400,0.0079425800
2019-06-26,0.0006145400,0.0007577600,0.0012957400,0.0020342700,0.0028600700,0.0037274000,0.0054832200,0.0067512700,0.0073960600,0.0077517400,0.0081432200
2019-06-25,0.0006037800,0.0007459700,0.0012869700,0.0020392000,0.0028803800,0.0037412100,0.0055295500,0.0068329500,0.0074853300,0.0078451700,0.0082420300
2019-06-24,0.0006038700,0.0007380800,0.0012743300,0.0020178300,0.0028315100,0.0037012000,0.0054594500,0.0067116800,0.0073512400,0.0077032900,0.0080907300
2019-06-21,0.0006275600,0.0007561600,0.0012848200,0.0020452300,0.0028780000,0.0037770800,0.0056002100,0.0068887500,0.0074410400,0.0077563200,0.0081414300
2019-06-20,0.0006095900,0.0007669100,0.0013131000,0.0020704200,0.0028897300,0.0037681600,0.0055211600,0.0067897300,0.0074521600,0.0078066100,0.0081749800
2019-06-19,0.0005028100,0.0006527900,0.0012044500,0.0019673800,0.0028012800,0.0037150600,0.0054728000,0.0067703700,0.0074383500,0.0077971800,0.0081725600
2019-06-18,0.0005276300,0.0006601800,0.0012447100,0.0020543000,0.0029288900,0.0038641700,0.0056517300,0.0069974800,0.0076580800,0.0079713500,0.0082264700
2019-06-17,0.0006172700,0.0007644800,0.0014003000,0.0022369700,0.0031647100,0.0041428400,0.0059726700,0.0073253000,0.0081482100,0.0086012100,0.0090984000
2019-06-14,0.0006676400,0.0008224200,0.0014782700,0.0023434400,0.0032973000,0.0042597800,0.0061022900,0.0074970700,0.0081973400,0.0085833100,0.0090081700
2019-06-13,0.0006555400,0.0007975400,0.0014162000,0.0022810700,0.0032248300,0.0042097900,0.0060419400,0.0074505900,0.0081459900,0.0085292000,0.0089497300
2019-06-12,0.0007226500,0.0008539300,0.0014691300,0.0023313000,0.0032765900,0.0042531400,0.0061102900,0.0075031300,0.0080709100,0.0084070700,0.0088398000
2019-06-11,0.0006155400,0.0007626000,0.0013417000,0.0021853200,0.0030997200,0.0040460200,0.0058957400,0.0072348500,0.0078858300,0.0082339900,0.0085996800
2019-06-10,0.0005669200,0.0007074500,0.0013035900,0.0021565900,0.0030675000,0.0039992800,0.0058188900,0.0071683100,0.0078232300,0.0081761800,0.0085495500
2019-06-07,0.0005974100,0.0007358400,0.0013223700,0.0021712600,0.0030907200,0.0040456200,0.0059158300,0.0072690900,0.0079320800,0.0082904400,0.0086718200
2019-06-06,0.0006716100,0.0007980400,0.0013953600,0.0022620900,0.0032104000,0.0041819900,0.0060643700,0.0074257100,0.0079678600,0.0082815700,0.0086757900
2019-06-05,0.0006304600,0.0007591600,0.0013551000,0.0022290400,0.0031831300,0.0041572900,0.0060474300,0.0074122200,0.0079531100,0.0082662300,0.0086594700
2019-06-04,0.0006874600,0.0008262000,0.0014602700,0.0023689700,0.0033766200,0.0043916400,0.0063415900,0.0077407700,0.0083251200,0.0086628000,0.0090851500
2019-06-03,0.0007995100,0.0009874000,0.0016630800,0.0025868200,0.0036431800,0.0046826300,0.0066428600,0.0080132800,0.0087462200,0.0091417100,0.0095605800
2019-05-31,0.0008803100,0.0010327300,0.0016896600,0.0026437900,0.0037090700,0.0047583400,0.0067562000,0.0082002300,0.0089280600,0.0093467500,0.0098664400
2019-05-30,0.0007867000,0.0009400500,0.0015912800,0.0025283900,0.0035727900,0.0046090000,0.0065943700,0.0080256700,0.0087415300,0.0091482800,0.0096400500
2019-05-29,0.0008705500,0.0010264800,0.0016875500,0.0026409500,0.0037111000,0.0047596600,0.0067573900,0.0081971800,0.0087989000,0.0091421300,0.0095583100
2019-05-28,0.0008062800,0.0009652300,0.0016145600,0.0025581900,0.0036024300,0.0046491400,0.0066208700,0.0080510200,0.0086449800,0.0089834000,0.0093932000
2019-05-27,0.0008455400,0.0010046400,0.0016219300,0.0025604200,0.0036275600,0.0046790500,0.0066987500,0.0081319800,0.0087328200,0.0090752300,0.0094900500
2019-05-24,0.0008125000,0.0009808300,0.0016497600,0.0025730300,0.0036273000,0.0046690500,0.0066277400,0.0079975300,0.0085890000,0.0089258200,0.0093331800
2019-05-23,0.0008761300,0.0010855200,0.0017538900,0.0027108600,0.0037860800,0.0048396800,0.0068508300,0.0082904900,0.0090406400,0.0094403800,0.0098484600
2019-05-22,0.0008173000,0.0010168400,0.0016639500,0.0025988200,0.0036546000,0.0046886800,0.0066622500,0.0080854500,0.0088221100,0.0092138500,0.0096129500
2019-05-21,0.0007483100,0.0009289000,0.0015678100,0.0024693100,0.0035096000,0.0045115200,0.0064929800,0.0078653200,0.0085664200,0.0089423800,0.0093340500
2019-05-20,0.0007813800,0.0009309100,0.0015616000,0.0024797100,0.0034924700,0.0045051400,0.0064770000,0.0078978300,0.0084868000,0.0088224100,0.0092279500
2019-05-17,0.0007374300,0.0009184900,0.0015146800,0.0024265900,0.0034512000,0.0044802700,0.0064805000,0.0079033900,0.0086307800,0.0090181500,0.0094136700
2019-05-16,0.0007092100,0.0008833000,0.0015192600,0.0024354000,0.0034586000,0.0044891900,0.0064522800,0.0078767900,0.0085859000,0.0089676500,0.0093670900
2019-05-15,0.0008540300,0.0010554700,0.0017074700,0.0026457900,0.0036992400,0.0047500900,0.0067430200,0.0081853800,0.0089154500,0.0093089300,0.0097207800
2019-05-14,0.0007845000,0.0009724500,0.0016101600,0.0025278900,0.0035551000,0.0045866800,0.0065444700,0.0079653700,0.0086773700,0.0090612300,0.0094634700
2019-05-13,0.0008497900,0.0010421600,0.0016899700,0.0026212700,0.0036693700,0.0047177600,0.0066994200,0.0081386500,0.0088624500,0.0092513500,0.0096573700
2019-05-10,0.0007463800,0.0009049400,0.0015276700,0.0024021300,0.0034221500,0.0044880100,0.0064274700,0.0078484500,0.0084405700,0.0087757000,0.0091761500
2019-05-09,0.0007956700,0.0009974100,0.0016451700,0.0025402900,0.0035848400,0.0046562100,0.0066564700,0.0080952100,0.0088401100,0.0092359500,0.0096364000
2019-05-08,0.0006836600,0.0008578900,0.0014929100,0.0023663900,0.0033476800,0.0043623100,0.0062809000,0.0076140900,0.0081923000,0.0085195500,0.0089111000
2019-05-07,0.0007095500,0.0008791800,0.0014971900,0.0023526500,0.0033415700,0.0043877200,0.0063278600,0.0077350200,0.0083260800,0.0086604700,0.0090600300
2019-05-06,0.0005828200,0.0007983000,0.0013542600,0.0021690500,0.0031231700,0.0041700800,0.0060922700,0.0075094100,0.0082256400,0.0085992300,0.0089653500
2019-05-03,0.0006132700,0.0008047000,0.0014041500,0.0022293300,0.0031753200,0.0041976600,0.0060779500,0.0074697400,0.0080531300,0.0083768200,0.0087519200
2019-05-02,0.0005833900,0.0007646800,0.0013817500,0.0022119800,0.0031138100,0.0041837400,0.0060370100,0.0074683300,0.0080720800,0.0084173500,0.0088325700
2019-05-01,0.0006302800,0.0008504900,0.0014379900,0.0022746400,0.0033017200,0.0044195900,0.0063351100,0.0079255200,0.0087135300,0.0090776200,0.0093449500
2019-04-30,0.0006624400,0.0008965300,0.0015111600,0.0024026600,0.0032806500,0.0043717200,0.0061655400,0.0075965600,0.0083536200,0.0087030600,0.0089590200
2019-04-29,0.0006803300,0.0009349000,0.0015324000,0.0023890700,0.0033328100,0.0044340300,0.0063152400,0.0078088900,0.0085733600,0.0089376400,0.0092259200
2019-04-26,0.0007154400,0.0009767500,0.0015925200,0.0024763600,0.0034337900,0.0045495500,0.0064307200,0.0079375400,0.0087104700,0.0090780500,0.0093678600
2019-04-25,0.0008002200,0.0010420600,0.0016859300,0.0026063100,0.0035827200,0.0047057000,0.0066050400,0.0081409100,0.0087595100,0.0090717100,0.0093814800
2019-04-24,0.0007245700,0.0009902700,0.0016416200,0.0025983200,0.0035221300,0.0046167000,0.0064607300,0.0079666500,0.0087429100,0.0091130600,0.0094061700
2019-04-23,0.0007355800,0.0009690100,0.0015964600,0.0024997100,0.0034718700,0.0045857500,0.0064657900,0.0080369700,0.0086914000,0.0090204400,0.0093455900
2019-04-22,0.0006592100,0.0009047500,0.0015579800,0.0025390800,0.0035168100,0.0045576100,0.0064124200,0.0080180700,0.0088360800,0.0092259100,0.0095366900
2019-04-19,0.0007045100,0.0009244200,0.0015817300,0.0025583100,0.0035301600,0.0045910100,0.0064589700,0.0080071400,0.0086608900,0.0089899300,0.0093156400
2019-04-18,0.0007141600,0.0009462800,0.0015934600,0.0025271500,0.0034477000,0.0045596900,0.0063686100,0.0078926100,0.0085371400,0.0088616400,0.0091830400
2019-04-17,0.0006730300,0.0009579300,0.0015919100,0.0024994600,0.0034796500,0.0046029500,0.0064780900,0.0080381500,0.0088639900,0.0093199100,0.0098106900
2019-04-16,0.0007579400,0.0010380400,0.0017121600,0.0026742500,0.0036056400,0.0047073700,0.0065581500,0.0080250900,0.0087058500,0.0091067800,0.0096035600
2019-04-15,0.0006492200,0.0009897600,0.0017006300,0.0026942000,0.0037433600,0.0048019800,0.0066498400,0.0081755500,0.0089199100,0.0093333000,0.0097669900
2019-04-12,0.0005544400,0.0008541800,0.0015347000,0.0024492800,0.0035354200,0.0047334000,0.0066037400,0.0082876800,0.0090386500,0.0094559900,0.0098943600
2019-04-11,0.0006567200,0.0008781500,0.0016137900,0.0025531100,0.0036658700,0.0048789700,0.0067566800,0.0084500800,0.0093064300,0.0096999800,0.0099863000
2019-04-10,0.0006617500,0.0009250400,0.0016738000,0.0026239200,0.0037874300,0.0049666500,0.0068190200,0.0085431600,0.0094028800,0.0097967900,0.0100821500
2019-04-09,0.0006294300,0.0008854900,0.0016674800,0.0026312300,0.0037747600,0.0050275600,0.0068709000,0.0085781000,0.0094405000,0.0098367800,0.0101251800
2019-04-08,0.0007006900,0.0009628700,0.0017304000,0.0026904300,0.0038532300,0.0050956500,0.0070020300,0.0087080900,0.0095769300,0.0099761500,0.0102666500
2019-04-05,0.0007230400,0.0009479400,0.0017192600,0.0026864500,0.0038436400,0.0050871500,0.0069954800,0.0086997200,0.0093916300,0.0097245100,0.0100278700
2019-04-04,0.0007827400,0.0010503200,0.0018551600,0.0028485100,0.0039991500,0.0052651000,0.0071221100,0.0088582300,0.0097245900,0.0101199300,0.0104024800
2019-04-03,0.0007882200,0.0010483500,0.0018638700,0.0028629200,0.0040771500,0.0053044500,0.0072235400,0.0089624000,0.0098416800,0.0102441300,0.0105340300
2019-04-02,0.0009798600,0.0012272100,0.0020588800,0.0030529500,0.0042252200,0.0054894400,0.0074253700,0.0091414300,0.0100240700,0.0104279600,0.0107181200
2019-04-01,0.0010053400,0.0012144200,0.0020523100,0.0030529100,0.0042282000,0.0054866600,0.0074158700,0.0091259900,0.0098237500,0.0101595100,0.0104651200
2019-03-29,0.0010890400,0.0013568500,0.0022206500,0.0032499100,0.0044525300,0.0057235100,0.0076527300,0.0093755200,0.0102631600,0.0106690900,0.0109586200
2019-03-28,0.0012507300,0.0015475100,0.0024201000,0.0034773800,0.0046823600,0.0059552700,0.0078578500,0.0095543200,0.0104526700,0.0109344000,0.0114256900
2019-03-27,0.0012803500,0.0015456800,0.0024133500,0.0034492400,0.0046561700,0.0059322100,0.0078661200,0.0095914900,0.0104744700,0.0108790100,0.0111752600
2019-03-26,0.0011308400,0.0013392100,0.0022148300,0.0032536500,0.0044607000,0.0057445400,0.0076697600,0.0093904900,0.0100789900,0.0104090700,0.0107152500
2019-03-25,0.0012940500,0.0015736400,0.0024352000,0.0034862500,0.0047297000,0.0060387800,0.0079940400,0.0096760700,0.0105705400,0.0110494200,0.0115422400
2019-03-22,0.0012694800,0.0015549500,0.0024207400,0.0034671000,0.0046744000,0.0059556000,0.0078942300,0.0096290000,0.0105298200,0.0110143600,0.0115170500
2019-03-21,0.0011563100,0.0013938700,0.0022188800,0.0032303800,0.0044170800,0.0057059700,0.0076316200,0.0094029700,0.0104986600,0.0109972000,0.0113585800
2019-03-20,0.0010796300,0.0012603800,0.0020780100,0.0030840500,0.0042456700,0.0055104900,0.0074351700,0.0091559800,0.0098410600,0.0101685300,0.0104708200
2019-03-19,0.0006550800,0.0008208000,0.0015938300,0.0025538400,0.0036640900,0.0049192800,0.0068565100,0.0085950900,0.0094241100,0.0097907500,0.0100726100
2019-03-18,0.0008511400,0.0010285900,0.0017903500,0.0027370400,0.0038323300,0.0050855300,0.0070626200,0.0087199100,0.0095603000,0.0099151000,0.0102015000
2019-03-15,0.0008773200,0.0010529600,0.0018524900,0.0028540800,0.0039131300,0.0051691100,0.0070106200,0.0086729900,0.0094820100,0.0098465800,0.0101115100
2019-03-14,0.0007963700,0.0009551900,0.0017627500,0.0027795500,0.0038763200,0.0051357900,0.0070417400,0.0087625300,0.0095651900,0.0099176700,0.0102059800
2019-03-13,0.0008623900,0.0010053400,0.0017975600,0.0027671600,0.0038994300,0.0051670200,0.0070828700,0.0088005800,0.0095033800,0.0098163300,0.0101320000
2019-03-12,0.0009094500,0.0010888400,0.0018859400,0.0028574100,0.0040233200,0.0053071500,0.0072054600,0.0089378200,0.0099394300,0.0103260400,0.0105666400
2019-03-11,0.0010068200,0.0011874700,0.0020178600,0.0030399100,0.0042178100,0.0054931000,0.0074255900,0.0091470800,0.0099431500,0.0103007500,0.0105843800
2019-03-08,0.0011741900,0.0013512300,0.0021884200,0.0032167300,0.0044084500,0.0056869000,0.0076146500,0.0093400400,0.0099856500,0.0102371600,0.0105262600
2019-03-07,0.0010903800,0.0012738500,0.0020953100,0.0031231500,0.0042891300,0.0055527700,0.0074535600,0.0091653600,0.0098301600,0.0100912600,0.0103849600
2019-03-06,0.0010016600,0.0012108700,0.0020234300,0.0030245200,0.0041918300,0.0054709800,0.0074249000,0.0091764500,0.0099952300,0.0103090300,0.0106057400
2019-03-05,0.0009655231,0.0011891349,0.0019496447,0.0029669929,0.0041401211,0.0055053620,0.0075718067,0.0094216540,0.0102322790,0.0105794142,0.0109291636
2019-03-04,0.0009306900,0.0011677900,0.0018785500,0.0029105600,0.0040890500,0.0055399600,0.0077216200,0.0096734100,0.0104749500,0.0108568900,0.0112624500
2019-03-01,0.0008449800,0.0011116000,0.0019234100,0.0029711200,0.0041173000,0.0053957000,0.0073378900,0.0090971600,0.0098461400,0.0101391500,0.0104177500
2019-02-28,0.0007168000,0.0009745400,0.0018035500,0.0028296300,0.0039540500,0.0051893800,0.0070535000,0.0087347800,0.0094442900,0.0097419200,0.0100314000
2019-02-27,0.0007167100,0.0009616000,0.0018058300,0.0028423400,0.0039862100,0.0052535600,0.0071051400,0.0088053400,0.0094782800,0.0097042700,0.0098823600
2019-02-26,0.0007455900,0.0010089500,0.0018468400,0.0028829300,0.0040377800,0.0053427200,0.0071665600,0.0088852300,0.0095403600,0.0097815100,0.0099923000
2019-02-25,0.0007889600,0.0010351600,0.0019308100,0.0029943300,0.0041875900,0.0054498200,0.0072260600,0.0089097600,0.0094458300,0.0096651000,0.0098976800
2019-02-22,0.0009164900,0.0011649600,0.0020638900,0.0031601100,0.0043402700,0.0056025000,0.0074696100,0.0091195100,0.0098415700,0.0101556600,0.0104265800
2019-02-21,0.0009291525,0.0011640747,0.0020673421,0.0031702587,0.0043624981,0.0056328876,0.0075096378,0.0091741861,0.0097893062,0.0100690356,0.0103865381
2019-02-20,0.0009419900,0.0011631900,0.0020708000,0.0031804400,0.0043848400,0.0056634400,0.0075498800,0.0092291900,0.0097373200,0.0099831500,0.0103466500
2019-02-19,0.0010888100,0.0013690400,0.0023076800,0.0034443500,0.0046972400,0.0060165400,0.0078887500,0.0095748000,0.0100911100,0.0104484100,0.0109712700
2019-02-18,0.0011502900,0.0014139500,0.0023744900,0.0035434300,0.0048161500,0.0061484800,0.0080335400,0.0097262300,0.0102425400,0.0105991700,0.0111110400
2019-02-15,0.0012420100,0.0015265900,0.0025141400,0.0037090800,0.0050118300,0.0063463600,0.0082604800,0.0099483200,0.0104800100,0.0108275500,0.0113359500
2019-02-14,0.0013054200,0.0015978900,0.0025905200,0.0037912400,0.0051044400,0.0064422900,0.0083464500,0.0100439900,0.0105651500,0.0109245300,0.0114341100
2019-02-13,0.0012819200,0.0015853400,0.0025755800,0.0037685400,0.0050717100,0.0064035800,0.0083096500,0.0100055100,0.0105388300,0.0108870200,0.0114006200
2019-02-12,0.0013077200,0.0016078500,0.0026039600,0.0038265500,0.0051063900,0.0064214700,0.0083303800,0.0100342400,0.0105555800,0.0109051500,0.0114237000
2019-02-11,0.0013889800,0.0017049800,0.0027469000,0.0039274100,0.0052054800,0.0065262500,0.0084598200,0.0101645400,0.0106885100,0.0110511300,0.0115578700
2019-02-08,0.0014414800,0.0017640100,0.0028120200,0.0039988900,0.0052901800,0.0066154400,0.0085417000,0.0102488700,0.0107772600,0.0111294500,0.0116451800
2019-02-07,0.0013949100,0.0017128100,0.0027466300,0.0039367000,0.0052149600,0.0065343300,0.0084445700,0.0101416800,0.0106829200,0.0110351400,0.0115423600
2019-02-06,0.0012418800,0.0015502800,0.0025646300,0.0037368300,0.0049980300,0.0063060200,0.0082044400,0.0098822000,0.0104182800,0.0107701800,0.0112855700
2019-02-05,0.0012765100,0.0015956600,0.0026187600,0.0037896600,0.0050553000,0.0063662600,0.0082703300,0.0099267900,0.0104507600,0.0108128800,0.0113164000
2019-02-04,0.0014466500,0.0017754100,0.0028104700,0.0039947500,0.0052679400,0.0065976600,0.0085206600,0.0101927900,0.0107353400,0.0110900600,0.0116133000
2019-02-01,0.0012630100,0.0015919200,0.0025890000,0.0037481200,0.0050018900,0.0063147500,0.0082848700,0.0099675700,0.0105233000,0.0109010000,0.0114060600
2019-01-31,0.0011831500,0.0015229300,0.0025322300,0.0036783500,0.0049284000,0.0062163800,0.0081759800,0.0098623000,0.0103838700,0.0107741800,0.0112698500
2019-01-30,0.0013391500,0.0016791600,0.0026904800,0.0038465500,0.0051189000,0.0064217700,0.0083773000,0.0100651600,0.0105925900,0.0109782700,0.0114625200
2019-01-29,0.0014290500,0.0017744800,0.0027778400,0.0039190900,0.0051777200,0.0064776300,0.0084165700,0.0100318100,0.0106055600,0.0109655300,0.0114713100
2019-01-28,0.0014785700,0.0018203900,0.0028168900,0.0039496300,0.0052003000,0.0064892400,0.0083873900,0.0100830200,0.0106992700,0.0110433800,0.0115028300
2019-01-25,0.0013024500,0.0016236800,0.0026382900,0.0038052300,0.0050744100,0.0063809400,0.0082864300,0.0099801400,0.0105368800,0.0109142400,0.0114196000
2019-01-24,0.0015353300,0.0018816500,0.0028877500,0.0040590400,0.0053150300,0.0066010900,0.0085167700,0.0102027200,0.0107539300,0.0111137600,0.0116165900
2019-01-23,0.0014971300,0.0018223200,0.0028751000,0.0040471800,0.0053195500,0.0066338300,0.0085765800,0.0102357600,0.0107359700,0.0110549600,0.0115151800
2019-01-22,0.0016319600,0.0019480300,0.0030069900,0.0041854500,0.0054551300,0.0067677500,0.0087164800,0.0103754400,0.0110048100,0.0113448000,0.0117881100
2019-01-21,0.0014311600,0.0017454900,0.0028150800,0.0039680200,0.0052406600,0.0065344900,0.0084567100,0.0101174900,0.0106131800,0.0109420500,0.0113978800
2019-01-18,0.0014524400,0.0017820500,0.0028487300,0.0040266600,0.0053103000,0.0066566200,0.0085970300,0.0102404400,0.0108601800,0.0112416800,0.0117521000
2019-01-17,0.0015638800,0.0018879700,0.0029297100,0.0041280000,0.0054132700,0.0067562600,0.0086965300,0.0103490900,0.0110507300,0.0114977200,0.0120383000
2019-01-16,0.0016285000,0.0019527900,0.0030060400,0.0042103600,0.0055124900,0.0068558000,0.0088188200,0.0104740100,0.0111810300,0.0116315500,0.0121731900
2019-01-15,0.0018558100,0.0021844700,0.0032568300,0.0044836700,0.0058219500,0.0071858200,0.0091455500,0.0108110500,0.0115176300,0.0119524100,0.0124895800
2019-01-14,0.0019587800,0.0022974800,0.0033780900,0.0046194300,0.0059678400,0.0073378600,0.0093073700,0.0109717200,0.0117314400,0.0121297000,0.0126123500
2019-01-11,0.0020160500,0.0023615300,0.0034487700,0.0046950800,0.0060535700,0.0074164000,0.0093962000,0.0110562800,0.0117867500,0.0122268600,0.0127817600
2019-01-10,0.0022189200,0.0025740100,0.0036793800,0.0049479700,0.0063308400,0.0077182200,0.0097166700,0.0113901200,0.0121208600,0.0125607300,0.0131138400
2019-01-09,0.0021113200,0.0024686500,0.0035708700,0.0048361200,0.0062141000,0.0075982700,0.0095982300,0.0112820400,0.0119952200,0.0124327400,0.0129897600
2019-01-08,0.0022629500,0.0026148300,0.0037229200,0.0049965100,0.0064112200,0.0078180100,0.0098308900,0.0115069800,0.0122096600,0.0126608500,0.0132192300
2019-01-07,0.0023422795,0.0027071792,0.0038408133,0.0051289205,0.0065477757,0.0079626323,0.0099600219,0.0116665585,0.0123380005,0.0127989914,0.0133835142
2019-01-04,0.0024243900,0.0028027900,0.0039624400,0.0052648400,0.0066872400,0.0081099300,0.0100908500,0.0118283500,0.0124676900,0.0129386400,0.0135498400
2019-01-03,0.0025797300,0.0029815000,0.0040902200,0.0053683800,0.0068251000,0.0082150100,0.0102371000,0.0119288400,0.0125914200,0.0130552000,0.0136764400
2019-01-02,0.0025053000,0.0029094800,0.0039913800,0.0052405900,0.0066347700,0.0079409600,0.0099703300,0.0117131100,0.0123675900,0.0128380600,0.0134500700
2019-01-01,0.0023824000,0.0027836100,0.0039114200,0.0051493400,0.0064839700,0.0077374600,0.0097463700,0.0115617200,0.0122529200,0.0126817600,0.0132567800
2018-12-31,0.0024166400,0.0028301300,0.0039364200,0.0051632200,0.0065096500,0.0078072800,0.0098416900,0.0115907200,0.0122755600,0.0126893100,0.0132607300
2018-12-28,0.0023820100,0.0028190200,0.0038957400,0.0051521300,0.0065575400,0.0079302500,0.0099237800,0.0116223200,0.0123033300,0.0127263900,0.0132869700
2018-12-27,0.0022587800,0.0026525700,0.0037360700,0.0049745100,0.0063484200,0.0076974000,0.0096948100,0.0114025900,0.0120424000,0.0123883000,0.0128578900
2018-12-26,0.0023566000,0.0027503100,0.0039196300,0.0052169800,0.0064761600,0.0076645700,0.0095026100,0.0110278700,0.0115831100,0.0119700400,0.0124933800
2018-12-25,0.0023260000,0.0027308200,0.0039270700,0.0052671100,0.0065265300,0.0077069300,0.0095014900,0.0111129400,0.0117631800,0.0122150600,0.0127942500
2018-12-24,0.0023310900,0.0027381300,0.0038035300,0.0050016400,0.0063438000,0.0075990700,0.0096429300,0.0114069000,0.0120725500,0.0125337700,0.0131268600
2018-12-21,0.0021330600,0.0025146500,0.0035689500,0.0047880900,0.0061109000,0.0074098900,0.0094194500,0.0111468800,0.0118034000,0.0122446000,0.0128249300
2018-12-20,0.0019124700,0.0022742800,0.0033163200,0.0045283700,0.0058600500,0.0071816600,0.0091292300,0.0108302600,0.0114688400,0.0119189300,0.0124753700
2018-12-19,0.0018216400,0.0021882200,0.0032126600,0.0043843000,0.0056681800,0.0069368000,0.0089611700,0.0106660900,0.0113168400,0.0117518900,0.0123283600
2018-12-18,0.0018381100,0.0022033600,0.0032432300,0.0044461800,0.0057647700,0.0070861600,0.0090571500,0.0107661000,0.0114030500,0.0118367700,0.0123941700
2018-12-17,0.0017378700,0.0020863000,0.0031345300,0.0043243500,0.0056403300,0.0069953000,0.0089959400,0.0106716400,0.0112944300,0.0117061400,0.0122579800
2018-12-14,0.0017747900,0.0021249600,0.0031374000,0.0042892300,0.0055872600,0.0068864100,0.0088872500,0.0105664500,0.0111042800,0.0114803300,0.0119903400
2018-12-13,0.0015974600,0.0019270700,0.0029353400,0.0040807100,0.0053585300,0.0066462600,0.0086358000,0.0103223500,0.0108607300,0.0112371900,0.0117491700
2018-12-12,0.0017215900,0.0020547500,0.0030870300,0.0042782300,0.0055812100,0.0068888200,0.0088535700,0.0105787300,0.0111452800,0.0115216600,0.0120547700
2018-12-11,0.0019051800,0.0022766400,0.0033128300,0.0044991400,0.0058276400,0.0071475700,0.0091670000,0.0108501100,0.0115323200,0.0119826100,0.0125482900
2018-12-10,0.0020344300,0.0024002500,0.0034357100,0.0045976200,0.0059444600,0.0072714900,0.0092768300,0.0109588500,0.0116420900,0.0120790200,0.0126625300
2018-12-07,0.0019797400,0.0023559700,0.0033793400,0.0045446100,0.0058820500,0.0072057800,0.0092123400,0.0108951500,0.0115815500,0.0120181700,0.0126063900
2018-12-06,0.0021143800,0.0024947800,0.0035325600,0.0047138700,0.0060625000,0.0074043400,0.0094197800,0.0111076700,0.0117914800,0.0122280200,0.0127942500
2018-12-05,0.0020100800,0.0023617700,0.0033942700,0.0045510800,0.0058842200,0.0072139900,0.0092283800,0.0109023500,0.0115549000,0.0119682200,0.0125348800
2018-12-04,0.0020747700,0.0024076300,0.0034466000,0.0046218000,0.0059473900,0.0073173000,0.0093631400,0.0109757900,0.0115298400,0.0118918300,0.0124079600
2018-12-03,0.0020489400,0.0023958800,0.0034176500,0.0045762100,0.0058988900,0.0072311900,0.0092366800,0.0109116700,0.0114350500,0.0117953500,0.0122961100
2018-11-30,0.0022745300,0.0026451700,0.0036953900,0.0048505000,0.0062129800,0.0075529800,0.0095683100,0.0112594400,0.0118141600,0.0121762300,0.0126903700
2018-11-29,0.0021239200,0.0024964300,0.0035421500,0.0047460500,0.0061305700,0.0074935300,0.0094933800,0.0112527100,0.0119255800,0.0123543900,0.0129214800
2018-11-28,0.0022196900,0.0026058100,0.0036806700,0.0048776600,0.0062472500,0.0075802400,0.0095723200,0.0113068200,0.0119713200,0.0124113300,0.0129662700
2018-11-27,0.0022607900,0.0026577900,0.0037077300,0.0049020100,0.0062654900,0.0075922900,0.0096456300,0.0114228100,0.0120953300,0.0125257500,0.0130999600
2018-11-26,0.0020581300,0.0024224600,0.0034610000,0.0046522300,0.0060122000,0.0073594800,0.0093843500,0.0111218500,0.0117749800,0.0121936700,0.0127458500
2018-11-23,0.0022385900,0.0026085700,0.0036947900,0.0049274600,0.0063074600,0.0076689300,0.0096668600,0.0113774500,0.0119327600,0.0122958100,0.0128135800
2018-11-22,0.0021697600,0.0025429700,0.0036341500,0.0048822200,0.0062898900,0.0076998500,0.0097769800,0.0114766400,0.0121423000,0.0125871900,0.0131489600
2018-11-21,0.0022076200,0.0025945800,0.0036670500,0.0048819200,0.0062716100,0.0076409900,0.0096834600,0.0114148900,0.0120601100,0.0125002900,0.0130556500
2018-11-20,0.0024300100,0.0028196500,0.0038925900,0.0051150300,0.0065072600,0.0078765800,0.0099273000,0.0116721200,0.0122087800,0.0126211700,0.0131688500
2018-11-19,0.0021499000,0.0024823000,0.0034893200,0.0046871500,0.0060207500,0.0073535400,0.0093954300,0.0111756600,0.0117367700,0.0121084200,0.0126142100
2018-11-16,0.0019566400,0.0022989200,0.0032982000,0.0044520600,0.0057515700,0.0070572500,0.0091156600,0.0108622800,0.0114554900,0.0118700700,0.0124179700
2018-11-15,0.0017788000,0.0020818200,0.0030646900,0.0041980400,0.0054599000,0.0067443500,0.0087896900,0.0105402100,0.0111135600,0.0114849100,0.0119857100
2018-11-14,0.0016180900,0.0019408500,0.0028914700,0.0039961600,0.0052010800,0.0064917700,0.0085493100,0.0102497700,0.0108586000,0.0112777300,0.0118201600
2018-11-13,0.0016132600,0.0019266100,0.0028668600,0.0039720000,0.0051782300,0.0064289500,0.0084123100,0.0101302900,0.0107402700,0.0111598500,0.0117106900
2018-11-12,0.0015639900,0.0018614300,0.0028285500,0.0039276900,0.0051509900,0.0064087600,0.0084448500,0.0102114100,0.0108339700,0.0112555600,0.0117946700
2018-11-09,0.0015033600,0.0018059300,0.0027712400,0.0038578600,0.0050647500,0.0063051400,0.0083336800,0.0100960700,0.0106905900,0.0111051500,0.0116299700
2018-11-08,0.0013090200,0.0016296300,0.0025823900,0.0036425500,0.0048551400,0.0060489000,0.0080797200,0.0098620200,0.0103811000,0.0107447600,0.0112240800
2018-11-07,0.0011870100,0.0015783000,0.0025202400,0.0035893800,0.0047750700,0.0060071800,0.0080284100,0.0097889300,0.0102712500,0.0106399400,0.0111178900
2018-11-06,0.0015479900,0.0018875000,0.0028280700,0.0039143100,0.0051122800,0.0063459800,0.0083236100,0.0100237300,0.0105076600,0.0108735700,0.0113453000
2018-11-05,0.0014223200,0.0017377800,0.0027112200,0.0038141200,0.0050373100,0.0062942200,0.0082918000,0.0100350900,0.0105199900,0.0108868800,0.0113713800
2018-11-02,0.0014393200,0.0017560100,0.0027364100,0.0038398300,0.0050684600,0.0063121600,0.0083439700,0.0100834800,0.0105802200,0.0109597800,0.0114445700
2018-11-01,0.0015721600,0.0018765300,0.0028485400,0.0039622300,0.0051911100,0.0064425100,0.0084532600,0.0101707900,0.0107606900,0.0111782400,0.0117136700
2018-10-31,0.0016059300,0.0018967200,0.0028913100,0.0040236300,0.0052881600,0.0065667800,0.0086282800,0.0103697000,0.0110223900,0.0114562600,0.0120072300
2018-10-30,0.0018392500,0.0021350100,0.0031376600,0.0042983300,0.0055849100,0.0069271100,0.0090241300,0.0107173000,0.0113588900,0.0118088100,0.0123540600
2018-10-29,0.0018297900,0.0021278600,0.0031462800,0.0043288900,0.0056744600,0.0070169000,0.0090830500,0.0108418300,0.0114851400,0.0119332800,0.0125015900
2018-10-26,0.0020307200,0.0023602200,0.0034056200,0.0046064200,0.0059575700,0.0072978000,0.0093739000,0.0111479600,0.0116992900,0.0121317000,0.0126806600
2018-10-25,0.0019632700,0.0022947700,0.0033144900,0.0044960800,0.0058237800,0.0071370200,0.0092156900,0.0109970900,0.0115301900,0.0119587400,0.0125193800
2018-10-24,0.0019450100,0.0022593100,0.0033076400,0.0045080300,0.0058522700,0.0071892700,0.0092764100,0.0110528900,0.0115928100,0.0120216600,0.0125796200
2018-10-23,0.0018838600,0.0021983700,0.0032326200,0.0044222000,0.0057511200,0.0070785400,0.0091581300,0.0109286600,0.0114632600,0.0118951900,0.0124549400
2018-10-22,0.0017838100,0.0020810800,0.0030953500,0.0042704200,0.0055744700,0.0068859500,0.0089539400,0.0107220900,0.0112443500,0.0116840100,0.0122283700
2018-10-19,0.0018992600,0.0022147600,0.0032335700,0.0044293300,0.0057553900,0.0070785500,0.0091203000,0.0108746400,0.0114285700,0.0118648500,0.0124183900
2018-10-18,0.0019445700,0.0022663800,0.0032929700,0.0044812600,0.0057904300,0.0071074500,0.0091897900,0.0109535500,0.0115191500,0.0119538400,0.0125035900
2018-10-17,0.0016356500,0.0019108700,0.0029166800,0.0040673200,0.0053306500,0.0066430400,0.0087453300,0.0104546400,0.0110049900,0.0114073100,0.0119136500
2018-10-16,0.0016509800,0.0019414400,0.0029409400,0.0040957400,0.0053649600,0.0066416500,0.0086905800,0.0104407000,0.0109731900,0.0114183500,0.0119721500
2018-10-15,0.0019524400,0.0022844800,0.0033205300,0.0045267300,0.0058615300,0.0071902300,0.0092700700,0.0110394800,0.0115857700,0.0120168400,0.0125719300
2018-10-12,0.0020595500,0.0023767000,0.0034257200,0.0046506500,0.0059937700,0.0073434700,0.0094271800,0.0111924700,0.0117611800,0.0121504800,0.0126714200
2018-10-11,0.0020997700,0.0024352700,0.0034886400,0.0047110700,0.0060639700,0.0074179800,0.0095021700,0.0112675000,0.0118022400,0.0122432500,0.0127996400
2018-10-10,0.0018680100,0.0021855300,0.0032365300,0.0044390000,0.0057437100,0.0070972500,0.0092195600,0.0109358300,0.0114639400,0.0119177200,0.0124623100
2018-10-09,0.0019394000,0.0022645700,0.0033124600,0.0045151300,0.0058494900,0.0071822700,0.0092643600,0.0110377400,0.0115734500,0.0120281100,0.0125751900
2018-10-08,0.0020801200,0.0023920400,0.0034790800,0.0046754200,0.0060432800,0.0073892100,0.0094761400,0.0112537900,0.0118056800,0.0122604300,0.0128082800
2018-10-05,0.0019260100,0.0022112000,0.0033149300,0.0045087100,0.0058542200,0.0071950100,0.0092856000,0.0110922400,0.0116538400,0.0120914900,0.0126472700
2018-10-04,0.0018650300,0.0021030600,0.0031955100,0.0043696600,0.0056986200,0.0070295300,0.0091286200,0.0109324800,0.0114934300,0.0119415900,0.0124833900
2018-10-03,0.0017697300,0.0020109700,0.0030830000,0.0042351500,0.0055391500,0.0068420900,0.0089324400,0.0107427800,0.0113041200,0.0117531700,0.0123004700
2018-10-02,0.0017735700,0.0020401700,0.0031017300,0.0042610100,0.0055492000,0.0068554000,0.0089329700,0.0107052200,0.0113463000,0.0117983000,0.0123447800
2018-10-01,0.0015040000,0.0017293100,0.0027913200,0.0039131300,0.0051632400,0.0064413000,0.0085159200,0.0102941800,0.0108270700,0.0112614000,0.0118140300
2018-09-28,0.0014370600,0.0016513200,0.0027242600,0.0038376100,0.0050682500,0.0063570200,0.0084906900,0.0102228700,0.0107598800,0.0111993800,0.0117602100
2018-09-27,0.0011793700,0.0013728900,0.0023738200,0.0034587200,0.0046584500,0.0059158500,0.0080352500,0.0097575900,0.0102958500,0.0107344400,0.0112933000
2018-09-26,0.0011673000,0.0013561700,0.0023593300,0.0034384000,0.0046494500,0.0059263900,0.0080597900,0.0097439800,0.0102769600,0.0107109500,0.0112645200
2018-09-25,0.0011389300,0.0013302000,0.0023866300,0.0034923200,0.0047085100,0.0059832700,0.0082266400,0.0099625700,0.0105052900,0.0109485100,0.0115048300
2018-09-24,0.0012983600,0.0015062600,0.0025307000,0.0036287100,0.0048379100,0.0061129200,0.0081855000,0.0098798900,0.0104143600,0.0108504700,0.0113986600
2018-09-21,0.0012818100,0.0014862000,0.0025293300,0.0036426100,0.0048380100,0.0060840200,0.0082176900,0.0099645400,0.0105037000,0.0109440500,0.0115077300
2018-09-20,0.0013597700,0.0015738500,0.0025921200,0.0036719700,0.0048678500,0.0061011500,0.0082660500,0.0099911400,0.0105033000,0.0108690500,0.0114548600
2018-09-19,0.0009464600,0.0011741900,0.0021022300,0.0031899300,0.0043791000,0.0055406400,0.0077720700,0.0095654200,0.0099650900,0.0102486700,0.0109060600
2018-09-18,0.0010728600,0.0013203400,0.0022092000,0.0032690300,0.0044639600,0.0056494800,0.0077093700,0.0093359900,0.0097216700,0.0099952600,0.0106347600
2018-09-17,0.0010181900,0.0012422700,0.0021248500,0.0031937800,0.0043736300,0.0055404700,0.0075604800,0.0091626700,0.0094165900,0.0096889100,0.0105477800
2018-09-14,0.0008679000,0.0010796900,0.0020852500,0.0031470700,0.0042851900,0.0054258600,0.0076530000,0.0094344200,0.0096655300,0.0098729500,0.0105221100
2018-09-13,0.0007459000,0.0009623400,0.0019717300,0.0030587500,0.0042137200,0.0053745700,0.0075522300,0.0092730700,0.0094984700,0.0097009200,0.0103382700
2018-09-12,0.0010163500,0.0012482500,0.0022581900,0.0033709400,0.0045537100,0.0057440600,0.0079469200,0.0096614500,0.0096592000,0.0096580800,0.0102216000
2018-09-11,0.0008322900,0.0011829600,0.0022476700,0.0034026100,0.0046100400,0.0058050500,0.0080942100,0.0098896900,0.0102034500,0.0104820100,0.0112594300
2018-09-10,0.0009719400,0.0012564300,0.0023035800,0.0034416300,0.0046731800,0.0059084600,0.0081220300,0.0098716100,0.0098708100,0.0098703500,0.0106351100
2018-09-07,0.0012634000,0.0015911300,0.0026701900,0.0038477300,0.0051036600,0.0063690300,0.0085532900,0.0102810100,0.0105189500,0.0107298600,0.0113816300
2018-09-06,0.0013591600,0.0016708000,0.0027714000,0.0039599300,0.0052461600,0.0065408700,0.0087656900,0.0105377400,0.0107724000,0.0109797500,0.0116237700
2018-09-05,0.0014929200,0.0018285600,0.0029688400,0.0041795900,0.0054883300,0.0067966000,0.0089738400,0.0107809000,0.0110186000,0.0112275100,0.0118719800
2018-09-04,0.0016523900,0.0020101800,0.0031966100,0.0044651300,0.0058178900,0.0071731300,0.0093268000,0.0111351300,0.0113772100,0.0115888000,0.0122262600
2018-09-03,0.0016908400,0.0021364500,0.0033187000,0.0045732000,0.0059143000,0.0072722300,0.0094629500,0.0112980400,0.0116183400,0.0118986200,0.0126572400
2018-08-31,0.0018622600,0.0021880200,0.0033631900,0.0046149000,0.0059445000,0.0072933000,0.0094917900,0.0112979900,0.0116138100,0.0118905800,0.0126528700
2018-08-30,0.0016222700,0.0019661300,0.0031135900,0.0043380400,0.0056401500,0.0069596700,0.0091569700,0.0109046900,0.0111386300,0.0113441800,0.0119732200
2018-08-29,0.0014527300,0.0017850500,0.0029338400,0.0041559900,0.0054073800,0.0066553100,0.0089243200,0.0107432400,0.0109823700,0.0111925500,0.0118365200
2018-08-28,0.0013545700,0.0017003700,0.0028136400,0.0040471500,0.0052798700,0.0065093600,0.0086798500,0.0104806900,0.0107150100,0.0114187100,0.0121136500
2018-08-27,0.0013615400,0.0016988000,0.0028337000,0.0040254000,0.0052960600,0.0065925100,0.0086057200,0.0103227800,0.0105495900,0.0112571500,0.0119278400
2018-08-24,0.0013337000,0.0017186100,0.0028501800,0.0040288400,0.0052971900,0.0065848500,0.0086796400,0.0103739400,0.0106023300,0.0113144900,0.0119890700
2018-08-23,0.0014130100,0.0017679500,0.0028873500,0.0040812500,0.0053496200,0.0066333600,0.0087908500,0.0104959400,0.0107276100,0.0114362900,0.0121194200
2018-08-22,0.0013843500,0.0017488200,0.0028619200,0.0040483300,0.0053088300,0.0065841100,0.0087351300,0.0104348500,0.0106716500,0.0113969600,0.0120897600
2018-08-21,0.0014379000,0.0017997400,0.0029315300,0.0041360000,0.0054157800,0.0067121900,0.0088740900,0.0105894200,0.0108240300,0.0110421700,0.0117681100
2018-08-20,0.0015995800,0.0019816500,0.0031456300,0.0043774600,0.0056991100,0.0070407800,0.0091798700,0.0109322100,0.0111682100,0.0114066100,0.0121250900
2018-08-17,0.0016855700,0.0020825800,0.0032575400,0.0045183400,0.0058443600,0.0071903200,0.0092737400,0.0110653000,0.0111946700,0.0113908500,0.0120634200
2018-08-16,0.0015284800,0.0019028000,0.0030617500,0.0043050200,0.0056136100,0.0069420800,0.0090555600,0.0108399700,0.0109684300,0.0111642100,0.0118398900
2018-08-15,0.0017080100,0.0021263100,0.0033466000,0.0046386900,0.0059444800,0.0072428300,0.0094560100,0.0113281400,0.0116464100,0.0119291200,0.0127759400
2018-08-14,0.0015767500,0.0020050200,0.0031634000,0.0043971600,0.0057097100,0.0070387300,0.0092039400,0.0109525800,0.0111893900,0.0114282100,0.0121475300
2018-08-13,0.0017580400,0.0022150600,0.0033865800,0.0046344200,0.0059651600,0.0073082200,0.0094742100,0.0112229400,0.0114630100,0.0117017100,0.0124138200
2018-08-10,0.0016005500,0.0020303400,0.0031808700,0.0044070300,0.0057141200,0.0070314000,0.0091893000,0.0109285400,0.0111664700,0.0114112500,0.0121402200
2018-08-09,0.0012307300,0.0015986000,0.0027081000,0.0038955300,0.0051606400,0.0064352000,0.0085933700,0.0103147500,0.0105467400,0.0107822900,0.0114975200
2018-08-08,0.0010396700,0.0013918600,0.0024761100,0.0036382600,0.0048756700,0.0061225000,0.0082667700,0.0099778900,0.0102068500,0.0104408300,0.0111594300
2018-08-07,0.0010036400,0.0013406000,0.0024644400,0.0036510400,0.0048793600,0.0060962700,0.0083084300,0.0100666300,0.0102980200,0.0105353400,0.0112656000
2018-08-06,0.0011009900,0.0014484300,0.0026015300,0.0038050800,0.0050589400,0.0062987600,0.0085527900,0.0103200600,0.0105570300,0.0107967700,0.0115268500
2018-08-03,0.0011827200,0.0015482600,0.0026535800,0.0038308800,0.0050855000,0.0063497100,0.0084976700,0.0102099900,0.0104442100,0.0106803100,0.0114018900
2018-08-02,0.0011948300,0.0015635200,0.0026474200,0.0038134600,0.0050559100,0.0063068400,0.0084471000,0.0101525000,0.0103847500,0.0106210200,0.0113442100
2018-08-01,0.0009628400,0.0013167800,0.0023686200,0.0035164900,0.0047279200,0.0059470400,0.0080109300,0.0097206500,0.0099456400,0.0101768400,0.0108869100
2018-07-31,0.0007395100,0.0010446500,0.0021100100,0.0032672500,0.0045016700,0.0057180700,0.0078304200,0.0095044800,0.0097314000,0.0099654800,0.0106822700
2018-07-30,0.0008921100,0.0011859600,0.0022346400,0.0034070500,0.0046849300,0.0059102700,0.0080207100,0.0096536600,0.0098824900,0.0101162500,0.0108283000
2018-07-27,0.0008789800,0.0011950100,0.0021944800,0.0032951900,0.0045194200,0.0057155100,0.0078235800,0.0094277900,0.0096525100,0.0098838300,0.0105937500
2018-07-26,0.0007017200,0.0009998100,0.0020395100,0.0032254500,0.0044881600,0.0056662900,0.0078404800,0.0095098800,0.0098182000,0.0100922300,0.0107350300
2018-07-25,0.0009153500,0.0014192400,0.0025329200,0.0037512200,0.0050464200,0.0062542600,0.0084550400,0.0101439100,0.0103763600,0.0106131200,0.0111292900
2018-07-24,0.0011308800,0.0016209800,0.0027106200,0.0039159800,0.0052272700,0.0064853300,0.0086178000,0.0102684900,0.0104989800,0.0107323600,0.0114511100
2018-07-23,0.0012517900,0.0017658900,0.0029218500,0.0041796400,0.0055199400,0.0067764300,0.0089981700,0.0107104800,0.0109486400,0.0111876500,0.0119149000
2018-07-20,0.0014219900,0.0019486900,0.0030820600,0.0043294100,0.0056913600,0.0070039100,0.0091504900,0.0108094300,0.0111276600,0.0113068600,0.0118868900
2018-07-19,0.0013168700,0.0018338600,0.0029632000,0.0042031300,0.0055574000,0.0068621900,0.0090068700,0.0106619700,0.0109784900,0.0111557800,0.0117327600
2018-07-18,0.0012154800,0.0017137200,0.0028512500,0.0040983900,0.0054301300,0.0066772400,0.0088813100,0.0105700700,0.0108906500,0.0110709200,0.0116526500
2018-07-17,0.0012275700,0.0017790900,0.0029097300,0.0041603300,0.0054728200,0.0067366800,0.0088909500,0.0105742500,0.0108923000,0.0110700300,0.0116486400
2018-07-16,0.0011765700,0.0016907000,0.0027885600,0.0040273900,0.0054043300,0.0067279400,0.0088930300,0.0104902600,0.0108046700,0.0109791800,0.0115509100
2018-07-13,0.0014127500,0.0019883900,0.0031061700,0.0043480400,0.0057005300,0.0070181600,0.0091696200,0.0108255200,0.0111465000,0.0113266800,0.0119009400
2018-07-12,0.0015350700,0.0021414000,0.0032757400,0.0045328000,0.0059026000,0.0072381200,0.0094244100,0.0110535000,0.0113795400,0.0115602500,0.0121374700
2018-07-11,0.0016309500,0.0022433600,0.0034111700,0.0046853600,0.0060694600,0.0074141300,0.0094742800,0.0110773300,0.0113531300,0.0116274600,0.0121825500
2018-07-10,0.0015472600,0.0021446300,0.0032907200,0.0045260300,0.0058905000,0.0072095500,0.0093128200,0.0108992100,0.0111753700,0.0114502100,0.0120069900
2018-07-09,0.0016252500,0.0022296700,0.0034165200,0.0046580100,0.0060394300,0.0073656600,0.0094247800,0.0109890800,0.0112716500,0.0115472800,0.0121036500
2018-07-06,0.0019316000,0.0025796300,0.0038069900,0.0050893200,0.0065158700,0.0078903700,0.0099661500,0.0115413200,0.0118262800,0.0120995400,0.0126537000
2018-07-05,0.0021001800,0.0027718500,0.0040187300,0.0053198200,0.0067649800,0.0081597000,0.0102200700,0.0117883100,0.0120758300,0.0123506700,0.0129034200
2018-07-04,0.0022130700,0.0028949400,0.0041340600,0.0054312400,0.0068689000,0.0082587400,0.0103124100,0.0118556300,0.0121424600,0.0124162500,0.0129665900
2018-07-03,0.0025058800,0.0032485400,0.0045033700,0.0057728400,0.0071910300,0.0085914500,0.0106125100,0.0121167900,0.0122772800,0.0125847800,0.0131859300
2018-07-02,0.0028489300,0.0036371000,0.0049182600,0.0062193600,0.0076723400,0.0091083000,0.0111674000,0.0126793000,0.0128432400,0.0131522900,0.0137514000
2018-06-29,0.0026943300,0.0034557400,0.0047260200,0.0060123500,0.0074438900,0.0088605400,0.0108854900,0.0124070800,0.0125718800,0.0128830400,0.0134826200
2018-06-28,0.0029573000,0.0037658200,0.0050550700,0.0063624400,0.0078221600,0.0092640700,0.0113057800,0.0128327800,0.0129965600,0.0133047100,0.0139072400
2018-06-27,0.0028214600,0.0036302700,0.0048891900,0.0061365700,0.0074915800,0.0087938000,0.0109419900,0.0124730500,0.0126321900,0.0129431500,0.0135452200
2018-06-26,0.0026964800,0.0034718700,0.0047365700,0.0060208800,0.0074552900,0.0088718600,0.0109379500,0.0125010400,0.0127081200,0.0129652300,0.0135760500
2018-06-25,0.0025534300,0.0033027200,0.0045353600,0.0057942700,0.0071896900,0.0085700800,0.0106207700,0.0121867200,0.0123888400,0.0126423300,0.0132506900
2018-06-22,0.0024513600,0.0031805300,0.0044126600,0.0056460900,0.0068772100,0.0081038500,0.0101809400,0.0117468000,0.0119499600,0.0122042000,0.0128235200
2018-06-21,0.0024060200,0.0030694200,0.0042621200,0.0054817600,0.0067637900,0.0080669400,0.0100956000,0.0116487500,0.0118458200,0.0120971200,0.0127113600
2018-06-20,0.0021649500,0.0027903200,0.0039624600,0.0051551700,0.0064095400,0.0076841300,0.0097226700,0.0112757900,0.0114785200,0.0117323200,0.0123512300
2018-06-19,0.0023789800,0.0030577000,0.0042244600,0.0054109500,0.0066719900,0.0079592600,0.0099968400,0.0114945200,0.0116968600,0.0119112900,0.0125310400
2018-06-18,0.0022529600,0.0029273700,0.0041161700,0.0053237100,0.0065931500,0.0078824700,0.0099326700,0.0115082800,0.0117075200,0.0119215400,0.0125472300
2018-06-15,0.0019127400,0.0025533900,0.0037096600,0.0048733200,0.0061147800,0.0073717900,0.0093776300,0.0109176200,0.0112010500,0.0113714200,0.0119367300
2018-06-14,0.0018090500,0.0024305900,0.0035656800,0.0047151500,0.0059375000,0.0071798700,0.0091921300,0.0107490100,0.0110348400,0.0112046700,0.0117710200
2018-06-13,0.0019635000,0.0026860600,0.0038636800,0.0050621500,0.0063324000,0.0076281700,0.0096323900,0.0111805100,0.0113777100,0.0115922900,0.0122142000
2018-06-12,0.0021283400,0.0028707300,0.0040960000,0.0053405600,0.0066687000,0.0080259600,0.0100626600,0.0116020300,0.0118010700,0.0120145800,0.0126327200
2018-06-11,0.0022617000,0.0030337600,0.0042491400,0.0054826600,0.0067848100,0.0081163100,0.0101670100,0.0117429000,0.0119395500,0.0121561900,0.0127824000
2018-06-08,0.0026736700,0.0035096400,0.0047612900,0.0060287500,0.0074091700,0.0088108300,0.0108840100,0.0124685000,0.0126752800,0.0128947800,0.0135201300
2018-06-07,0.0024593600,0.0032663900,0.0044896900,0.0057253900,0.0070590700,0.0084069700,0.0104904500,0.0120660700,0.0122545400,0.0124664100,0.0130650200
2018-06-06,0.0023742800,0.0031641600,0.0043665800,0.0055736700,0.0068826000,0.0082015500,0.0102829200,0.0118159300,0.0120092500,0.0122231500,0.0128323300
2018-06-05,0.0021927500,0.0029661200,0.0041539400,0.0053398900,0.0066136000,0.0079013900,0.0100164200,0.0115682700,0.0117507500,0.0119621100,0.0125849400
2018-06-04,0.0019170100,0.0026353500,0.0037852200,0.0049322100,0.0061800700,0.0074357300,0.0095208400,0.0110355900,0.0113176900,0.0114872800,0.0120413800
2018-06-01,0.0019657000,0.0027270500,0.0040005100,0.0052717700,0.0066618500,0.0080610000,0.0100950500,0.0116198000,0.0118966200,0.0120625000,0.0126080800
2018-05-31,0.0023769800,0.0032748200,0.0046582100,0.0060437200,0.0076058600,0.0091918900,0.0112833300,0.0127132200,0.0129161100,0.0131293800,0.0137431000
2018-05-30,0.0028682800,0.0038460500,0.0054653200,0.0068866000,0.0084425100,0.0099515100,0.0120033800,0.0135504700,0.0139295900,0.0141705000,0.0147428000
2018-05-29,0.0029582600,0.0038846000,0.0056417800,0.0070228000,0.0086147900,0.0102465800,0.0122148000,0.0137396900,0.0141125900,0.0143473100,0.0149103600
2018-05-28,0.0018948800,0.0024040800,0.0038846300,0.0051215000,0.0064386800,0.0078154700,0.0099760000,0.0118820500,0.0124075900,0.0126331300,0.0131785100
2018-05-25,0.0021422600,0.0027198500,0.0040095800,0.0051933300,0.0065199800,0.0079004300,0.0099496900,0.0116446100,0.0121586600,0.0123802300,0.0129151100
2018-05-24,0.0016985700,0.0021187800,0.0031637200,0.0041653700,0.0053551800,0.0066011300,0.0085645500,0.0101546200,0.0106487300,0.0110052000,0.0115423500
2018-05-23,0.0015321400,0.0019052900,0.0028536400,0.0038254200,0.0049968900,0.0062302100,0.0081498500,0.0097114400,0.0102063200,0.0105611600,0.0110839600
2018-05-22,0.0014185000,0.0017638600,0.0026228800,0.0035148600,0.0045905100,0.0057259400,0.0075796200,0.0090844700,0.0095405900,0.0098827900,0.0103921700
2018-05-21,0.0014098000,0.0017588700,0.0026084900,0.0034862000,0.0045457100,0.0056646100,0.0074984400,0.0089975000,0.0094483900,0.0097874300,0.0102925400
2018-05-18,0.0013244900,0.0016257400,0.0024569800,0.0033117100,0.0043349400,0.0054152900,0.0072270600,0.0086866400,0.0091058900,0.0094376000,0.0099419000
2018-05-17,0.0010922900,0.0013476500,0.0021110500,0.0029139100,0.0038719100,0.0048725200,0.0066522800,0.0080946300,0.0085008100,0.0088304300,0.0093433000
2018-05-16,0.0010450900,0.0012860400,0.0020327200,0.0028145700,0.0037389600,0.0047053300,0.0064764600,0.0079180100,0.0083156000,0.0086644700,0.0091694500
2018-05-15,0.0008483200,0.0010448700,0.0018044900,0.0025970900,0.0035009400,0.0044509000,0.0061610000,0.0075555000,0.0079373900,0.0083212000,0.0088147600
2018-05-14,0.0007884300,0.0009736600,0.0016946800,0.0024549900,0.0033411200,0.0042794900,0.0059818200,0.0073723400,0.0077514500,0.0081380200,0.0086295400
2018-05-11,0.0008731400,0.0010741800,0.0018051800,0.0025661200,0.0034548100,0.0043765900,0.0061187600,0.0075204700,0.0079054800,0.0082949500,0.0087939300
2018-05-10,0.0008749100,0.0010795800,0.0018078000,0.0026142300,0.0035447700,0.0045181300,0.0062688300,0.0076879200,0.0080801000,0.0084652500,0.0089611400
2018-05-09,0.0009022400,0.0011156200,0.0018529400,0.0026655400,0.0035987000,0.0045762500,0.0063260500,0.0077415700,0.0081329400,0.0085158500,0.0090126300
2018-05-08,0.0010061700,0.0012468200,0.0020156300,0.0027661800,0.0036687300,0.0045997000,0.0063456000,0.0077610900,0.0081522100,0.0085359000,0.0090299700
2018-05-07,0.0010178500,0.0012570100,0.0019726200,0.0026906400,0.0035828500,0.0044991200,0.0062144000,0.0076305900,0.0080044200,0.0083829600,0.0088693600
2018-05-04,0.0010126600,0.0012504200,0.0019288800,0.0026428600,0.0035524800,0.0045257500,0.0062671300,0.0076360200,0.0080105400,0.0083899100,0.0088768000
2018-05-03,0.0010447500,0.0012932300,0.0019977900,0.0027018400,0.0035691700,0.0044546600,0.0061674100,0.0075785700,0.0079519100,0.0083328600,0.0088181900
2018-05-02,0.0009940100,0.0012549000,0.0018593900,0.0024982800,0.0033564300,0.0042451700,0.0059396600,0.0073016300,0.0076681100,0.0080411200,0.0085341700
2018-05-01,0.0009027100,0.0011428500,0.0018115800,0.0024963700,0.0033464900,0.0042253500,0.0059282700,0.0073158400,0.0076822500,0.0080557200,0.0085494900
2018-04-30,0.0008451700,0.0010729200,0.0017636700,0.0024528900,0.0032941100,0.0041329900,0.0057329300,0.0071802600,0.0075423500,0.0079177300,0.0084175000
2018-04-27,0.0008268100,0.0010487100,0.0017304500,0.0024094000,0.0032394300,0.0040663200,0.0057026100,0.0071422400,0.0075049800,0.0078833100,0.0083829100
2018-04-26,0.0007868000,0.0009960800,0.0016693200,0.0023426300,0.0031726700,0.0040192700,0.0056823500,0.0070618500,0.0074200500,0.0077984800,0.0082944100
2018-04-25,0.0008529000,0.0010784900,0.0017551600,0.0024358400,0.0032557100,0.0040921100,0.0057875800,0.0071706500,0.0075317500,0.0079109400,0.0084120200
2018-04-24,0.0007858900,0.0010005300,0.0016829500,0.0023491200,0.0031443600,0.0039397200,0.0056442200,0.0069877900,0.0073439200,0.0077148100,0.0082045500
2018-04-23,0.0007716800,0.0009782500,0.0016290700,0.0022847900,0.0031155400,0.0039634300,0.0056207000,0.0069670300,0.0073191000,0.0076882400,0.0081761500
2018-04-20,0.0008016700,0.0010095600,0.0016333600,0.0022807200,0.0030944000,0.0039357900,0.0056132400,0.0069486500,0.0073011000,0.0076739100,0.0081626800
2018-04-19,0.0008570800,0.0010812700,0.0017304100,0.0023910700,0.0031905500,0.0040123200,0.0056965300,0.0070506900,0.0074041400,0.0077770900,0.0082705100
2018-04-18,0.0007202200,0.0009206200,0.0015889100,0.0022669800,0.0030536700,0.0038547300,0.0054934100,0.0068585900,0.0072073000,0.0075799300,0.0080647900
2018-04-17,0.0007406500,0.0009457400,0.0015629400,0.0021969200,0.0029736900,0.0037697700,0.0054497000,0.0067603800,0.0071093900,0.0074824200,0.0079675900
2018-04-16,0.0007930600,0.0010441500,0.0016854700,0.0023301200,0.0031041000,0.0038879600,0.0055824200,0.0069026200,0.0072562300,0.0076318800,0.0081201500
2018-04-13,0.0008405800,0.0011077300,0.0017529400,0.0024070300,0.0031980800,0.0039979300,0.0057046000,0.0070322900,0.0073892600,0.0077665900,0.0082611900
2018-04-12,0.0008321300,0.0010935000,0.0017681900,0.0024603100,0.0033059100,0.0041502900,0.0058627400,0.0071970300,0.0075593800,0.0079360800,0.0084289900
2018-04-11,0.0009723700,0.0012758600,0.0019400500,0.0026204900,0.0034521400,0.0042999200,0.0060211200,0.0073404600,0.0077031000,0.0080794900,0.0085698700
2018-04-10,0.0009021600,0.0011841600,0.0018624000,0.0025549600,0.0034323900,0.0042835100,0.0059455700,0.0073208300,0.0076871700,0.0080614600,0.0085501700
2018-04-09,0.0010117400,0.0013275000,0.0020279400,0.0027397100,0.0036153200,0.0044702000,0.0062004800,0.0075505300,0.0079293200,0.0083111900,0.0088046800
2018-04-06,0.0011238000,0.0014706800,0.0021651400,0.0028773900,0.0037359700,0.0045817800,0.0062481200,0.0076239500,0.0080032600,0.0083839800,0.0088757300
2018-04-05,0.0009720600,0.0012753000,0.0019932300,0.0027357300,0.0036500300,0.0045336800,0.0062696300,0.0076397400,0.0080186800,0.0084038100,0.0088980000
2018-04-04,0.0012184200,0.0016010500,0.0023041900,0.0030245300,0.0039648400,0.0048726700,0.0066156800,0.0080097400,0.0084027400,0.0087890800,0.0092870100
2018-04-03,0.0011421500,0.0014984700,0.0022445700,0.0030188600,0.0039857200,0.0049220600,0.0066848500,0.0080768300,0.0084730400,0.0088586300,0.0093549200
2018-04-02,0.0011345600,0.0014917200,0.0022361100,0.0029822300,0.0039224100,0.0048220800,0.0065853500,0.0079991400,0.0083912600,0.0087759900,0.0092762900
2018-03-30,0.0011379900,0.0014959900,0.0022296000,0.0029788800,0.0039118700,0.0048230700,0.0065856800,0.0079749700,0.0083660000,0.0087501800,0.0092492300
2018-03-29,0.0010966900,0.0014415000,0.0021841500,0.0029520100,0.0039082500,0.0048316400,0.0065885700,0.0079766000,0.0083673500,0.0087519800,0.0092515100
2018-03-28,0.0011735700,0.0015382800,0.0022896600,0.0030685400,0.0040439100,0.0049831400,0.0067526300,0.0081507800,0.0085488400,0.0089376000,0.0094419700
2018-03-27,0.0010984600,0.0014514700,0.0021955900,0.0029656200,0.0039465400,0.0048500700,0.0066092800,0.0080127000,0.0084064100,0.0087932300,0.0092953900
2018-03-26,0.0011685700,0.0015405800,0.0023069500,0.0030993500,0.0041023100,0.0050274500,0.0068049400,0.0082409300,0.0086703200,0.0090655000,0.0095730200
2018-03-23,0.0012328300,0.0016165500,0.0023849700,0.0031835200,0.0041799700,0.0051061000,0.0068664700,0.0083037200,0.0087332400,0.0091269500,0.0096286100
2018-03-22,0.0011849000,0.0015595100,0.0022822500,0.0030439000,0.0039699200,0.0048356300,0.0065508900,0.0079900700,0.0084069100,0.0088022700,0.0093085200
2018-03-21,0.0010794500,0.0014177200,0.0020944000,0.0028030900,0.0036873700,0.0044965800,0.0061463000,0.0075972300,0.0079817100,0.0083785400,0.0088819000
2018-03-20,0.0010688600,0.0014398300,0.0021408700,0.0028534500,0.0037003700,0.0044871700,0.0061409300,0.0075387500,0.0078997900,0.0082947900,0.0087927800
2018-03-19,0.0009590900,0.0012734900,0.0019214700,0.0025644900,0.0033361500,0.0040422000,0.0056521900,0.0070238500,0.0073654900,0.0077989000,0.0082863900
2018-03-16,0.0008144900,0.0010885300,0.0016935600,0.0022937400,0.0030327900,0.0037040800,0.0052355300,0.0065628500,0.0068899800,0.0073173200,0.0077989800
2018-03-15,0.0009027400,0.0012018100,0.0018243500,0.0024414700,0.0031835200,0.0038641100,0.0054316800,0.0067848900,0.0071240400,0.0075596000,0.0080463800
2018-03-14,0.0008437500,0.0011299700,0.0017325200,0.0023301000,0.0030489100,0.0037083900,0.0052492300,0.0065743500,0.0069035800,0.0073378200,0.0078210100
2018-03-13,0.0007830100,0.0010301500,0.0016099000,0.0021885700,0.0029127200,0.0035586300,0.0049846600,0.0063141100,0.0066340400,0.0070614100,0.0075341100
2018-03-12,0.0007184800,0.0009505600,0.0015300800,0.0021173600,0.0028208100,0.0034629600,0.0050006000,0.0062684400,0.0065882400,0.0070177400,0.0074932400
2018-03-09,0.0007463200,0.0009813100,0.0015387900,0.0020989500,0.0028475900,0.0035009300,0.0049459300,0.0062677200,0.0065864000,0.0070140600,0.0074843100
2018-03-08,0.0008085700,0.0010610500,0.0016459200,0.0022324800,0.0029600600,0.0036256900,0.0051242700,0.0064511100,0.0067787300,0.0072076800,0.0076789000
2018-03-07,0.0008557800,0.0011187500,0.0017381300,0.0023543200,0.0030925000,0.0037762800,0.0053193600,0.0066447300,0.0069776300,0.0074101800,0.0078902800
2018-03-06,0.0009024400,0.0011754700,0.0017960900,0.0024153300,0.0031781000,0.0038743000,0.0054216200,0.0067649000,0.0071006400,0.0075340500,0.0080079200
2018-03-05,0.0010368300,0.0013374100,0.0020067000,0.0026874800,0.0034236900,0.0041033200,0.0055463800,0.0067545900,0.0070869200,0.0075080800,0.0079754700
2018-03-02,0.0009960800,0.0012862900,0.0019041400,0.0025236200,0.0033040000,0.0040181000,0.0055722800,0.0069272300,0.0072679900,0.0076963800,0.0081819700
2018-03-01,0.0009673600,0.0012534900,0.0018607000,0.0024728300,0.0032259100,0.0039234200,0.0054448900,0.0067511900,0.0070865100,0.0075149600,0.0079936500
2018-02-28,0.0008938700,0.0011653200,0.0017454900,0.0023342600,0.0030437900,0.0037255100,0.0051544300,0.0064708100,0.0067925200,0.0072106400,0.0076738400
2018-02-27,0.0008940500,0.0011636100,0.0017682100,0.0023734100,0.0031138200,0.0037982600,0.0053092000,0.0066017400,0.0069301900,0.0073595400,0.0078326600
2018-02-26,0.0009752100,0.0012640900,0.0019118500,0.0025600800,0.0033474700,0.0040830700,0.0056324600,0.0069599500,0.0073047200,0.0077427600,0.0082336500
2018-02-23,0.0011670800,0.0014955400,0.0021524800,0.0028146200,0.0036619300,0.0044350100,0.0060034200,0.0073638900,0.0077193100,0.0081497000,0.0086447800
2018-02-22,0.0010869500,0.0013976500,0.0020380300,0.0026767100,0.0035012000,0.0042526100,0.0058423300,0.0072116100,0.0075631100,0.0080003000,0.0084929200
2018-02-21,0.0010037800,0.0012929600,0.0019075700,0.0025192000,0.0032981300,0.0040095200,0.0055122800,0.0068046500,0.0071422100,0.0075679300,0.0080402700
2018-02-20,0.0010448400,0.0013308300,0.0019812000,0.0025980000,0.0033760600,0.0040952100,0.0056641100,0.0069841500,0.0073276100,0.0077633500,0.0082472200
2018-02-19,0.0009762400,0.0012514100,0.0018534500,0.0024505100,0.0032301600,0.0039425500,0.0054045200,0.0067216300,0.0070553200,0.0074830900,0.0079646500
2018-02-16,0.0009425900,0.0012091700,0.0018081800,0.0023924600,0.0031333500,0.0038096000,0.0052844300,0.0065550500,0.0068856400,0.0073086600,0.0077812800
2018-02-15,0.0009907300,0.0012626900,0.0018848300,0.0024924700,0.0032646900,0.0039786500,0.0053904500,0.0066899400,0.0070259000,0.0074495900,0.0079172800
2018-02-14,0.0011017500,0.0013993500,0.0020221700,0.0026206300,0.0034007400,0.0041074000,0.0055865000,0.0068712300,0.0072146700,0.0076399100,0.0081080100
2018-02-13,0.0011044900,0.0013976000,0.0020486200,0.0026807500,0.0035243400,0.0042695200,0.0057664100,0.0071185300,0.0074673500,0.0078918000,0.0083685600
2018-02-12,0.0011883700,0.0014912300,0.0020893400,0.0027015900,0.0034859700,0.0041943800,0.0055837400,0.0068337600,0.0071598000,0.0076731300,0.0081324700
2018-02-09,0.0012297200,0.0015391300,0.0021257000,0.0027570200,0.0035184700,0.0042328700,0.0056167600,0.0068837700,0.0072107600,0.0077107000,0.0081685400
2018-02-08,0.0010039200,0.0012639800,0.0017720100,0.0023118100,0.0029788900,0.0035868500,0.0048599400,0.0060076500,0.0063020000,0.0067892900,0.0072327400
2018-02-07,0.0007667300,0.0009801900,0.0014605900,0.0019604600,0.0025637400,0.0031021100,0.0042692200,0.0053964500,0.0056717800,0.0061599400,0.0065866500
2018-02-06,0.0008781800,0.0011121600,0.0015878500,0.0020982500,0.0027134300,0.0032834000,0.0045074000,0.0056670300,0.0059577300,0.0064544100,0.0068969100
2018-02-05,0.0007638800,0.0009813000,0.0014364200,0.0019203000,0.0025096700,0.0030430700,0.0042150800,0.0053206100,0.0055950700,0.0060788300,0.0065297400
2018-02-02,0.0007046200,0.0009096500,0.0013384200,0.0017874700,0.0024004600,0.0029268000,0.0041604700,0.0052364900,0.0055083900,0.0060022200,0.0064529000
2018-02-01,0.0006737800,0.0008722700,0.0012897000,0.0017374200,0.0023130100,0.0028180400,0.0039775700,0.0050473500,0.0053102800,0.0057889200,0.0062236600
2018-01-31,0.0007556400,0.0009737200,0.0013909400,0.0018677400,0.0024197300,0.0029225000,0.0040831100,0.0051768500,0.0054481300,0.0059350900,0.0063791100
2018-01-30,0.0007276700,0.0009402000,0.0013762200,0.0018642100,0.0024656900,0.0029900300,0.0041463200,0.0052262100,0.0054965400,0.0059841000,0.0064330700
2018-01-29,0.0006688500,0.0008659300,0.0012785100,0.0017347900,0.0022973000,0.0027955100,0.0039429500,0.0050371100,0.0053002600,0.0057880300,0.0062275800
2018-01-26,0.0005904500,0.0007727700,0.0011741400,0.0016015000,0.0021413200,0.0026283100,0.0038142000,0.0048667800,0.0051547500,0.0056420200,0.0060744200
2018-01-25,0.0006377600,0.0008263500,0.0012244100,0.0016713700,0.0022197200,0.0027109000,0.0038681200,0.0049799900,0.0052639000,0.0057572300,0.0061958100
2018-01-24,0.0006632600,0.0008604700,0.0012728000,0.0017280800,0.0022912900,0.0027877400,0.0039347000,0.0050097700,0.0052900700,0.0057711500,0.0061958000
2018-01-23,0.0006337100,0.0008293000,0.0012461000,0.0017069500,0.0022728400,0.0027728000,0.0039276200,0.0050062400,0.0052856200,0.0057713000,0.0061958800
2018-01-22,0.0006271900,0.0008212700,0.0012432300,0.0017087200,0.0022767800,0.0027901800,0.0039549600,0.0050395300,0.0053132000,0.0057770800,0.0062023300
2018-01-19,0.0007376500,0.0009499600,0.0013775000,0.0018734200,0.0024366300,0.0029711600,0.0041510700,0.0052589800,0.0055236900,0.0059935500,0.0064302000
2018-01-18,0.0007687400,0.0009864600,0.0014287000,0.0019247400,0.0025434900,0.0030726200,0.0042608800,0.0053653500,0.0056358400,0.0061054100,0.0065481300
2018-01-17,0.0007474100,0.0009647100,0.0014204000,0.0019369800,0.0025527000,0.0030907300,0.0042592900,0.0053444200,0.0056245700,0.0060512900,0.0064687100
2018-01-16,0.0006751500,0.0008729500,0.0013159700,0.0018105600,0.0024001700,0.0029209800,0.0040963100,0.0051770000,0.0054633800,0.0058926100,0.0063027000
2018-01-15,0.0007367500,0.0009517900,0.0013924200,0.0019226300,0.0025010500,0.0030453900,0.0042255200,0.0053261800,0.0056208500,0.0060492900,0.0064671900
2018-01-12,0.0006824300,0.0008821800,0.0013062200,0.0017893500,0.0023878200,0.0029207200,0.0041110800,0.0052252600,0.0055144100,0.0059480700,0.0063624000
2018-01-11,0.0006790000,0.0008785500,0.0013273100,0.0018299400,0.0024386800,0.0029788000,0.0042295000,0.0054145600,0.0057280700,0.0061803600,0.0066117300
2018-01-10,0.0007579500,0.0009706900,0.0014227600,0.0019315900,0.0025534400,0.0031041800,0.0043408200,0.0055280800,0.0058454100,0.0062943400,0.0067292900
2018-01-09,0.0008153900,0.0010403700,0.0014972500,0.0020222100,0.0026487000,0.0032191100,0.0044940500,0.0057151000,0.0060436400,0.0064907100,0.0069349200
2018-01-08,0.0007729000,0.0009822700,0.0014293400,0.0019463100,0.0025555700,0.0031123800,0.0043724600,0.0055875700,0.0059122600,0.0060937500,0.0064632200
2018-01-05,0.0007232300,0.0009277800,0.0013540000,0.0018489100,0.0024535100,0.0029896900,0.0042086000,0.0053799200,0.0056949600,0.0058730000,0.0062313900
2018-01-04,0.0006363500,0.0008234100,0.0012482100,0.0017383200,0.0023357700,0.0028620700,0.0040801500,0.0052384600,0.0055470800,0.0057212300,0.0060703700
2018-01-03,0.0007318300,0.0009309900,0.0013712500,0.0018966900,0.0025216000,0.0030795900,0.0043769900,0.0055809100,0.0059025100,0.0060814200,0.0064490100
2018-01-02,0.0007820700,0.0009932400,0.0014380400,0.0019581800,0.0026614100,0.0032809000,0.0046215200,0.0058825800,0.0062215100,0.0064083100,0.0067838600
2018-01-01,0.0008346800,0.0010606600,0.0014823500,0.0020464900,0.0026832400,0.0033016000,0.0046137100,0.0058603600,0.0061996800,0.0063875400,0.0067581000
2017-12-29,0.0008203100,0.0010424200,0.0015115100,0.0020634300,0.0026922900,0.0032823500,0.0045722900,0.0057920200,0.0061268400,0.0063122600,0.0066785800
2017-12-28,0.0008350200,0.0010532800,0.0015241900,0.0020886600,0.0027168100,0.0032903000,0.0045971600,0.0057968900,0.0061323100,0.0063169300,0.0065304000
2017-12-27,0.0008287500,0.0010444200,0.0015125600,0.0020665600,0.0027296300,0.0033278100,0.0046640300,0.0058940600,0.0062355700,0.0064233300,0.0066401800
2017-12-26,0.0007887800,0.0009942400,0.0014505100,0.0019974600,0.0026866300,0.0032713400,0.0045993700,0.0058264700,0.0061635800,0.0063489300,0.0065630500
2017-12-25,0.0007996300,0.0010171600,0.0014372100,0.0019695700,0.0026792900,0.0032836100,0.0045887100,0.0058206800,0.0061545600,0.0063383200,0.0067191200
2017-12-22,0.0007821500,0.0009944900,0.0014336500,0.0019265000,0.0026497500,0.0032678200,0.0045888000,0.0058048200,0.0061379300,0.0063213900,0.0067017100
2017-12-21,0.0007970500,0.0010118500,0.0014703800,0.0020020200,0.0026895900,0.0032870500,0.0046070900,0.0058224700,0.0061565300,0.0063404100,0.0067218000
2017-12-20,0.0008517400,0.0010834900,0.0015240600,0.0020973300,0.0027257700,0.0033068500,0.0046453600,0.0058306800,0.0061654600,0.0063497600,0.0067321700
2017-12-19,0.0008523500,0.0010835200,0.0015233200,0.0020973400,0.0027273900,0.0033083400,0.0046441900,0.0058328300,0.0061686800,0.0063537300,0.0067371300
2017-12-18,0.0008322800,0.0010581600,0.0015144400,0.0020689200,0.0027355700,0.0033187200,0.0046617200,0.0058677400,0.0062066500,0.0063933700,0.0067791800
2017-12-15,0.0008789000,0.0011252900,0.0015732000,0.0021690400,0.0028318900,0.0034386600,0.0047540000,0.0059600300,0.0063022800,0.0064899500,0.0068792300
2017-12-14,0.0008257900,0.0010555800,0.0015017800,0.0020785400,0.0027569900,0.0033778800,0.0047105400,0.0059286700,0.0062700400,0.0064581000,0.0068466300
2017-12-13,0.0008274000,0.0010575600,0.0015297400,0.0020802900,0.0027629400,0.0033568000,0.0047179000,0.0059323300,0.0062760400,0.0064651500,0.0068541900
2017-12-12,0.0007860100,0.0010088800,0.0014834100,0.0020400900,0.0027332100,0.0032934300,0.0046253700,0.0058319600,0.0061696900,0.0063565500,0.0067405600
2017-12-11,0.0007646500,0.0009836200,0.0014382000,0.0019684700,0.0026310500,0.0032168700,0.0045599700,0.0057520500,0.0060869200,0.0062721100,0.0066512900
2017-12-08,0.0007493200,0.0009634200,0.0014210800,0.0019667000,0.0026415100,0.0032334500,0.0045678100,0.0057505000,0.0060843700,0.0062662800,0.0066448000
2017-12-07,0.0008341600,0.0010706100,0.0015369600,0.0020850200,0.0027743600,0.0033837800,0.0047542200,0.0059443300,0.0062871400,0.0064721000,0.0068598300
2017-12-06,0.0008461600,0.0010851600,0.0015595100,0.0021128700,0.0028103500,0.0034280700,0.0048154600,0.0060125400,0.0063555600,0.0065411800,0.0069331500
2017-12-05,0.0007744300,0.0010031100,0.0014354300,0.0019535900,0.0026548800,0.0032886500,0.0046634600,0.0058715000,0.0062103800,0.0063944200,0.0067792000
2017-12-04,0.0007860400,0.0010142900,0.0014757800,0.0020180500,0.0027029100,0.0033086700,0.0046522300,0.0058460200,0.0061964800,0.0063859200,0.0067712900
2017-12-01,0.0008525600,0.0010941400,0.0015725700,0.0021442700,0.0028902200,0.0035425500,0.0048951000,0.0061536800,0.0065173200,0.0067116500,0.0071119400
2017-11-30,0.0008550900,0.0010974000,0.0015699700,0.0021222800,0.0028285200,0.0034529000,0.0048179500,0.0060532900,0.0064133200,0.0066080900,0.0070059200
2017-11-29,0.0006712200,0.0009311500,0.0014050900,0.0019368400,0.0026214100,0.0032551600,0.0045911600,0.0058066900,0.0061516000,0.0063391400,0.0067226400
2017-11-28,0.0006957800,0.0009543700,0.0013990200,0.0019301000,0.0026835700,0.0033674800,0.0046234700,0.0058655900,0.0062018700,0.0063839000,0.0067668600
2017-11-27,0.0007305600,0.0009600900,0.0014545200,0.0020093500,0.0027457200,0.0034238900,0.0047508000,0.0059595000,0.0062957200,0.0064780400,0.0068660600
2017-11-24,0.0006897800,0.0009090500,0.0014146900,0.0019752700,0.0027073800,0.0033925700,0.0047898000,0.0060009000,0.0063409500,0.0065254300,0.0069165400
2017-11-23,0.0008864200,0.0011739400,0.0016008800,0.0022120800,0.0028571300,0.0035536200,0.0048626400,0.0061128300,0.0064551000,0.0066401900,0.0070366000
2017-11-22,0.0006520600,0.0008769000,0.0014305000,0.0020164200,0.0028063600,0.0035190200,0.0049357000,0.0061641600,0.0065089900,0.0066956100,0.0070952700
2017-11-21,0.0007254700,0.0009621300,0.0015194600,0.0021245700,0.0029263100,0.0036571800,0.0051001200,0.0063827100,0.0067189100,0.0069006000,0.0072989500
2017-11-20,0.0007358700,0.0009613100,0.0015599600,0.0021580700,0.0030008600,0.0037406400,0.0052278800,0.0065167600,0.0068582200,0.0070416100,0.0074402500
2017-11-17,0.0008247700,0.0010785600,0.0016365600,0.0022660800,0.0030697900,0.0038096500,0.0052977200,0.0065787000,0.0069212700,0.0071053000,0.0075072100
2017-11-16,0.0008370600,0.0010884600,0.0016533600,0.0022775000,0.0031275000,0.0038850800,0.0053912200,0.0066403600,0.0069839300,0.0071676100,0.0075713000
2017-11-15,0.0009565000,0.0012371700,0.0018339000,0.0024738200,0.0033552000,0.0041375100,0.0056178500,0.0068937800,0.0072468700,0.0074358300,0.0078539100
2017-11-14,0.0009148800,0.0011910600,0.0017619200,0.0023937300,0.0032618800,0.0040368600,0.0055403000,0.0067899300,0.0071387500,0.0073254500,0.0077376000
2017-11-13,0.0008470100,0.0011023200,0.0017058100,0.0023175200,0.0031824900,0.0039371300,0.0054848500,0.0067366300,0.0070845300,0.0072706400,0.0076799400
2017-11-10,0.0009126400,0.0011835600,0.0017574600,0.0023931500,0.0032669500,0.0040467400,0.0055588800,0.0068137000,0.0071618700,0.0073474300,0.0077592100
2017-11-09,0.0008870800,0.0011629600,0.0017425200,0.0023742300,0.0032281700,0.0040001600,0.0054941700,0.0067712900,0.0071175100,0.0073021100,0.0077117600
2017-11-08,0.0009058300,0.0011699300,0.0017464000,0.0023796200,0.0032477500,0.0040214000,0.0055457100,0.0067972600,0.0071490900,0.0073351600,0.0077544300
2017-11-07,0.0008962900,0.0011693200,0.0017791800,0.0024287100,0.0033097800,0.0040933000,0.0056226100,0.0068734400,0.0072217000,0.0074065900,0.0078260700
2017-11-06,0.0008997600,0.0011729700,0.0017739500,0.0024217100,0.0033292400,0.0041215000,0.0056532300,0.0069058100,0.0072318100,0.0074056500,0.0078224600
2017-11-03,0.0008436500,0.0011042500,0.0017073300,0.0023131600,0.0032230900,0.0040000000,0.0055531500,0.0068114700,0.0071350700,0.0073086300,0.0077215000
2017-11-02,0.0008213400,0.0010745000,0.0016948400,0.0023214800,0.0032773000,0.0040462300,0.0055156800,0.0068182500,0.0071416700,0.0073150200,0.0077279600
2017-11-01,0.0008257100,0.0010807400,0.0016704100,0.0023059700,0.0031679900,0.0039389500,0.0054546100,0.0067355200,0.0070536200,0.0072221300,0.0076270900
2017-10-31,0.0009173100,0.0011912400,0.0018214900,0.0024941900,0.0033763900,0.0041814400,0.0057138100,0.0069654100,0.0072953300,0.0074698800,0.0078575700
2017-10-30,0.0009011500,0.0012021600,0.0018764500,0.0025790500,0.0035305900,0.0043574800,0.0059862700,0.0072047500,0.0075453400,0.0077243500,0.0081114100
2017-10-27,0.0010608500,0.0014147200,0.0021112500,0.0028476500,0.0037861800,0.0046662600,0.0062696900,0.0075338800,0.0078941900,0.0080837200,0.0084888900
2017-10-26,0.0007917900,0.0010325600,0.0017766000,0.0025479300,0.0035051900,0.0044194300,0.0061150800,0.0073122600,0.0076680400,0.0078536400,0.0082477800
2017-10-25,0.0009716300,0.0012637100,0.0020275300,0.0028235700,0.0037970300,0.0047364000,0.0064171600,0.0076454200,0.0080091700,0.0081975500,0.0086049800
2017-10-24,0.0009133000,0.0011827800,0.0019348800,0.0027207100,0.0036864600,0.0046150600,0.0063083600,0.0075224700,0.0078848100,0.0080727900,0.0084762800
2017-10-23,0.0009896200,0.0012817600,0.0020363000,0.0028287700,0.0038147300,0.0047571800,0.0064286600,0.0076510100,0.0080184500,0.0082083600,0.0086057300
2017-10-20,0.0010271000,0.0013318700,0.0020952000,0.0029020900,0.0038733800,0.0048229600,0.0064930100,0.0077293700,0.0080994500,0.0082902000,0.0086904500
2017-10-19,0.0011395800,0.0015150600,0.0023032300,0.0031323000,0.0041284200,0.0050992100,0.0067753400,0.0080237100,0.0084027200,0.0085960800,0.0090068000
2017-10-18,0.0011065700,0.0014302200,0.0022033500,0.0030057600,0.0039855000,0.0049210800,0.0065891100,0.0078329400,0.0082055200,0.0083975100,0.0088060600
2017-10-17,0.0010126200,0.0013164100,0.0020898700,0.0028978600,0.0038864100,0.0048344300,0.0065408300,0.0077677000,0.0081406900,0.0083329000,0.0087468800
2017-10-16,0.0011096800,0.0014862500,0.0022266500,0.0030706600,0.0040396500,0.0050244600,0.0066656100,0.0077905700,0.0081609200,0.0083503600,0.0087627400
2017-10-13,0.0011053500,0.0014302800,0.0022081200,0.0030143700,0.0040100700,0.0049601200,0.0066550300,0.0078998900,0.0082774800,0.0084713600,0.0088906000
2017-10-12,0.0010382100,0.0013461700,0.0021131100,0.0029234800,0.0038943000,0.0048422000,0.0065127300,0.0077527900,0.0081242200,0.0083156600,0.0087285500
2017-10-11,0.0010300000,0.0013403000,0.0021193800,0.0029337000,0.0039395300,0.0049050800,0.0065976800,0.0078350200,0.0082102700,0.0084025500,0.0088180400
2017-10-10,0.0011665200,0.0015105200,0.0023065000,0.0031806400,0.0041650000,0.0051646100,0.0068046800,0.0080221600,0.0084015500,0.0085942500,0.0090035300
2017-10-09,0.0011288100,0.0014619500,0.0022730700,0.0031254600,0.0041460300,0.0051365800,0.0068155300,0.0080844800,0.0084674800,0.0086626200,0.0090721300
2017-10-06,0.0012433000,0.0016053600,0.0024515600,0.0033413200,0.0043834000,0.0053931700,0.0070780200,0.0083519600,0.0087423800,0.0089396600,0.0093507300
2017-10-05,0.0011649700,0.0015098300,0.0023490700,0.0032228600,0.0042603500,0.0052642800,0.0069513400,0.0082361700,0.0086418800,0.0088464700,0.0092671300
2017-10-04,0.0013689900,0.0017621900,0.0026433300,0.0035549600,0.0046311800,0.0056714200,0.0073696000,0.0086723700,0.0090919500,0.0093010500,0.0097163000
2017-10-03,0.0012067100,0.0015571900,0.0024649100,0.0033582400,0.0044233800,0.0054518900,0.0071541500,0.0084598900,0.0088707000,0.0090777900,0.0095000500
2017-10-02,0.0011567000,0.0014953500,0.0023905900,0.0032712400,0.0043194100,0.0053292300,0.0070226700,0.0083241600,0.0087339300,0.0089408100,0.0093621100
2017-09-29,0.0011194900,0.0014553300,0.0023220300,0.0031951900,0.0041479900,0.0051230400,0.0067381600,0.0079582700,0.0083540200,0.0085548600,0.0089684400
2017-09-28,0.0010922200,0.0014397000,0.0023025300,0.0031397500,0.0041590400,0.0051298400,0.0067972900,0.0080984400,0.0084951700,0.0086965400,0.0091114100
2017-09-27,0.0010727800,0.0014147000,0.0022746400,0.0031136800,0.0041577300,0.0051464500,0.0068696200,0.0081525900,0.0085519500,0.0087546600,0.0091684600
2017-09-26,0.0011046900,0.0014485100,0.0023379800,0.0032020100,0.0042823700,0.0052926000,0.0070194500,0.0083233600,0.0087303200,0.0089351400,0.0093545000
2017-09-25,0.0011739300,0.0015388600,0.0024225100,0.0032876900,0.0043417500,0.0053402400,0.0070664700,0.0083532200,0.0087417200,0.0089392400,0.0093591700
2017-09-22,0.0011303500,0.0014848500,0.0023349000,0.0031788100,0.0041988900,0.0051849400,0.0068830800,0.0081578500,0.0085398700,0.0087346700,0.0091465400
2017-09-21,0.0009917200,0.0013074000,0.0021402800,0.0029405500,0.0039407000,0.0048859700,0.0065947100,0.0078582700,0.0082287500,0.0084196300,0.0088400300
2017-09-20,0.0009320300,0.0012280500,0.0020227100,0.0028048000,0.0037670900,0.0046991900,0.0063840100,0.0076327100,0.0079962700,0.0081848600,0.0085965500
2017-09-19,0.0007339800,0.0009614900,0.0017057000,0.0024421700,0.0033810000,0.0042740500,0.0059893900,0.0072215500,0.0075816000,0.0077666100,0.0081619600
2017-09-18,0.0007145200,0.0009380700,0.0017088400,0.0024402600,0.0034321100,0.0043394200,0.0061396500,0.0074041100,0.0077570300,0.0079388000,0.0083288600
2017-09-15,0.0008391900,0.0011051600,0.0019221200,0.0026671100,0.0036661000,0.0045425800,0.0064429000,0.0076998500,0.0080644000,0.0082502100,0.0086520500
2017-09-14,0.0008281300,0.0010904100,0.0019531800,0.0027355300,0.0037842600,0.0047216800,0.0066364200,0.0078738600,0.0082459800,0.0084357300,0.0088175400
2017-09-13,0.0007250600,0.0009556900,0.0017808900,0.0025579500,0.0035577400,0.0045239400,0.0064596300,0.0076343500,0.0079970700,0.0081824500,0.0085542900
2017-09-12,0.0006907300,0.0009110800,0.0017201900,0.0024819100,0.0035427900,0.0045062500,0.0063799900,0.0076411800,0.0080029700,0.0081879700,0.0085920300
2017-09-11,0.0007562800,0.0009997200,0.0018149600,0.0025669200,0.0035872100,0.0045253400,0.0064367200,0.0076884700,0.0080456700,0.0082277100,0.0086284000
2017-09-08,0.0007910000,0.0010435400,0.0019009400,0.0026736000,0.0037201600,0.0046676400,0.0065349300,0.0078316600,0.0082099800,0.0084016400,0.0088110800
2017-09-07,0.0007537400,0.0009963700,0.0018165600,0.0025776300,0.0036055600,0.0045627300,0.0064704500,0.0077425300,0.0081191700,0.0083099600,0.0087154000
2017-09-06,0.0007840600,0.0010347400,0.0018762900,0.0026800300,0.0036893100,0.0046642800,0.0065719700,0.0078023900,0.0081828400,0.0083748900,0.0087829300
2017-09-05,0.0008020900,0.0010619700,0.0018682400,0.0026533400,0.0036619700,0.0045928900,0.0065192200,0.0077812200,0.0081313000,0.0083089800,0.0087111200
2017-09-04,0.0007756300,0.0011012100,0.0019371300,0.0027840900,0.0037820200,0.0047590600,0.0067023600,0.0079017300,0.0082559100,0.0084354400,0.0088310600
2017-09-01,0.0007636900,0.0010849300,0.0019116500,0.0027135200,0.0037453200,0.0046992800,0.0066253500,0.0078765800,0.0082298800,0.0084091100,0.0088037300
2017-08-31,0.0008316200,0.0011805500,0.0020196600,0.0028429700,0.0038951000,0.0048635600,0.0067903600,0.0080471700,0.0084064900,0.0085875500,0.0089772400
2017-08-30,0.0009565900,0.0012924400,0.0021853800,0.0030482500,0.0041576600,0.0051949700,0.0071397800,0.0084037400,0.0087195300,0.0088785900,0.0092274800
2017-08-29,0.0010536700,0.0013916500,0.0023638800,0.0033203300,0.0044658500,0.0055430700,0.0075200200,0.0087847600,0.0091105000,0.0092727300,0.0096343100
2017-08-28,0.0009987100,0.0013250400,0.0022759800,0.0031682600,0.0043119900,0.0053229000,0.0072729600,0.0085339700,0.0088530300,0.0090125800,0.0093654100
2017-08-25,0.0010166200,0.0013486700,0.0022953500,0.0032146500,0.0043341400,0.0053650800,0.0073265400,0.0085736500,0.0088936200,0.0090536500,0.0094079100
2017-08-24,0.0010340000,0.0013663900,0.0023110500,0.0032322200,0.0043526200,0.0054095900,0.0073682400,0.0086120700,0.0089324400,0.0090927900,0.0094486100
2017-08-23,0.0010491400,0.0013875000,0.0023275600,0.0032450800,0.0043623000,0.0054153700,0.0073752700,0.0086200700,0.0089409000,0.0091019400,0.0094586100
2017-08-22,0.0009676500,0.0012832800,0.0022065700,0.0030660400,0.0041783700,0.0052135600,0.0071551500,0.0083816500,0.0086948800,0.0088526600,0.0092143900
2017-08-21,0.0009455900,0.0012551000,0.0021584200,0.0030293000,0.0041193600,0.0051226700,0.0070816400,0.0083244900,0.0086378900,0.0087963400,0.0091566100
2017-08-18,0.0009562500,0.0012679300,0.0021634500,0.0030298400,0.0041116900,0.0051314000,0.0070863200,0.0083245100,0.0086393500,0.0087987700,0.0091597800
2017-08-17,0.0008775400,0.0011663300,0.0020285400,0.0028819700,0.0039298100,0.0048988900,0.0068420000,0.0080581800,0.0083620600,0.0085182400,0.0088699900
2017-08-16,0.0007980400,0.0011123200,0.0019629800,0.0028042000,0.0038431100,0.0048070800,0.0067415700,0.0079620100,0.0082634900,0.0084189400,0.0087673700
2017-08-15,0.0008896900,0.0011823200,0.0020587800,0.0029184300,0.0039775900,0.0049552100,0.0068840000,0.0081108600,0.0084164800,0.0085728700,0.0089263300
2017-08-14,0.0008857400,0.0011777800,0.0020426200,0.0029038100,0.0039532200,0.0049265700,0.0068624400,0.0080834900,0.0083871700,0.0085425600,0.0088946100
2017-08-11,0.0009643400,0.0012796000,0.0021754300,0.0030649500,0.0041404500,0.0051362900,0.0070907600,0.0083208500,0.0086335200,0.0087922100,0.0091531200
2017-08-10,0.0009367300,0.0012432700,0.0021402000,0.0030261600,0.0041050600,0.0051045200,0.0070649700,0.0082994000,0.0086109400,0.0087696800,0.0091300800
2017-08-09,0.0008286000,0.0011677400,0.0020313300,0.0028800800,0.0039306100,0.0049050200,0.0068546400,0.0080847900,0.0084349800,0.0086140600,0.0090068200
2017-08-08,0.0008280300,0.0011013000,0.0019517000,0.0027640900,0.0038076600,0.0047724800,0.0066951000,0.0079100700,0.0082097500,0.0083637800,0.0087206400
2017-08-07,0.0008110800,0.0010791100,0.0019146700,0.0027326900,0.0037599200,0.0047132700,0.0066431600,0.0078589400,0.0081573400,0.0083106200,0.0086806500
2017-08-04,0.0007055300,0.0009833200,0.0017881300,0.0025713600,0.0035723100,0.0045022400,0.0064070100,0.0076027700,0.0078915200,0.0080421400,0.0084028300
2017-08-03,0.0006826500,0.0009521300,0.0017527900,0.0025145200,0.0035147800,0.0044406100,0.0063312600,0.0075273600,0.0078139300,0.0079640400,0.0083218800
2017-08-02,0.0006934600,0.0009674600,0.0017614400,0.0025351900,0.0035225900,0.0044411100,0.0063397300,0.0075311400,0.0078186700,0.0079693000,0.0083277000
2017-08-01,0.0006868000,0.0009581000,0.0017649700,0.0025343700,0.0035338300,0.0044598500,0.0063486900,0.0075445200,0.0078340200,0.0079851200,0.0083441800
2017-07-31,0.0006988000,0.0009740500,0.0017799600,0.0025478000,0.0035525600,0.0044826200,0.0063730700,0.0075734600,0.0078640400,0.0080155100,0.0083755400
2017-07-28,0.0007151800,0.0009966900,0.0018009100,0.0025759800,0.0035807700,0.0045154300,0.0064155300,0.0076122100,0.0079022700,0.0080533200,0.0084142000
2017-07-27,0.0007038400,0.0009813700,0.0017756600,0.0025391700,0.0035326200,0.0044578000,0.0063500900,0.0075415100,0.0078302000,0.0079813500,0.0083402900
2017-07-26,0.0007171300,0.0009996000,0.0018148800,0.0025848000,0.0036051000,0.0045489900,0.0064388400,0.0076402800,0.0079325100,0.0080847000,0.0084433800
2017-07-25,0.0007419698,0.0010105302,0.0018226334,0.0025990557,0.0036110701,0.0045500349,0.0064158991,0.0075830507,0.0078454118,0.0079834510,0.0083354907
2017-07-24,0.0007676700,0.0010215800,0.0018304200,0.0026133900,0.0036170500,0.0045510800,0.0063930400,0.0075262500,0.0077592700,0.0078834700,0.0082289800
2017-07-21,0.0007135800,0.0009954700,0.0017957200,0.0025674800,0.0035618100,0.0044889600,0.0063243500,0.0074491500,0.0076805600,0.0078044300,0.0081469200
2017-07-20,0.0007143600,0.0009978500,0.0018618600,0.0026634100,0.0036700100,0.0046088900,0.0064494000,0.0075734700,0.0078093800,0.0079350800,0.0082717100
2017-07-19,0.0007707600,0.0010741700,0.0019839800,0.0027829300,0.0038247100,0.0047893500,0.0066207500,0.0077492300,0.0079902400,0.0081167000,0.0084594100
2017-07-18,0.0007987800,0.0011131200,0.0020234500,0.0028719500,0.0038958100,0.0048672000,0.0067182200,0.0078525800,0.0080951100,0.0082222900,0.0085650600
2017-07-17,0.0008015900,0.0011201400,0.0020476700,0.0029297900,0.0039604400,0.0049383900,0.0067961500,0.0079267600,0.0081716100,0.0082993800,0.0086447700
2017-07-14,0.0007632700,0.0011493000,0.0020923500,0.0029903800,0.0040310200,0.0050192000,0.0068748600,0.0080032700,0.0082511700,0.0083799500,0.0087282800
2017-07-13,0.0007900900,0.0012004100,0.0021594200,0.0030707700,0.0041304400,0.0051362900,0.0070195600,0.0081406400,0.0084360300,0.0085884700,0.0089741900
2017-07-12,0.0008605500,0.0012741900,0.0022600400,0.0032105500,0.0042938300,0.0053189600,0.0072183100,0.0083600000,0.0086160100,0.0087471200,0.0090935800
2017-07-11,0.0009489000,0.0013779700,0.0023778900,0.0033731600,0.0044790900,0.0055213400,0.0074255700,0.0085923600,0.0088551800,0.0089885800,0.0093296600
2017-07-10,0.0009460800,0.0013748300,0.0023912900,0.0034139800,0.0045449300,0.0055930900,0.0075164600,0.0086609000,0.0089273800,0.0090620800,0.0094056100
2017-07-07,0.0010102000,0.0014653300,0.0024947400,0.0035223700,0.0046543900,0.0057174000,0.0076453100,0.0088286800,0.0090973300,0.0092324800,0.0095810400
2017-07-06,0.0008968400,0.0013090200,0.0022842300,0.0032537800,0.0043385000,0.0053582100,0.0072530500,0.0084188000,0.0086731200,0.0088035800,0.0091553600
2017-07-05,0.0008593149,0.0012659618,0.0022273672,0.0031868670,0.0042611759,0.0052722708,0.0071633351,0.0083181534,0.0085644289,0.0086911774,0.0090382206
2017-07-04,0.0008233600,0.0012243200,0.0021719200,0.0031213300,0.0041852300,0.0051877100,0.0070747300,0.0082187100,0.0084571000,0.0085802100,0.0089225800
2017-07-03,0.0008115100,0.0012011800,0.0021494800,0.0031344500,0.0041944500,0.0051922600,0.0070847800,0.0082189600,0.0084578300,0.0085812600,0.0089239900
2017-06-30,0.0008220700,0.0012164300,0.0021755900,0.0031700600,0.0042411800,0.0052498000,0.0071625000,0.0083019000,0.0085397900,0.0086628300,0.0090080600
2017-06-29,0.0007973200,0.0011811700,0.0021287700,0.0031082600,0.0041703000,0.0051695500,0.0070737700,0.0082176700,0.0084510800,0.0085729900,0.0089152700
2017-06-28,0.0008230700,0.0012188900,0.0021710700,0.0031598900,0.0042279700,0.0052347800,0.0071471000,0.0082962000,0.0085371900,0.0086617300,0.0090074400
2017-06-27,0.0008131500,0.0012069600,0.0021591400,0.0031484400,0.0042160300,0.0052234700,0.0071360700,0.0082840900,0.0086873900,0.0088103900,0.0091307800
2017-06-26,0.0007271800,0.0010971800,0.0020271900,0.0029969300,0.0040331500,0.0050236800,0.0069203100,0.0080611500,0.0082944100,0.0084166800,0.0087611400
2017-06-23,0.0007357100,0.0011170000,0.0020760700,0.0031213200,0.0041951000,0.0052263700,0.0071313600,0.0082803300,0.0085250400,0.0086508500,0.0089963200
2017-06-22,0.0008376100,0.0011607300,0.0021692100,0.0033364400,0.0045039400,0.0056211600,0.0075446700,0.0087003600,0.0089545300,0.0090836300,0.0094334400
2017-06-21,0.0010564400,0.0014213100,0.0025025700,0.0037241600,0.0049690700,0.0061618700,0.0081244500,0.0092907400,0.0096989000,0.0098956100,0.0103343600
2017-06-20,0.0010716200,0.0014445300,0.0024960400,0.0037268400,0.0049613200,0.0061349700,0.0080622600,0.0092318600,0.0096375500,0.0098329500,0.0102689100
2017-06-19,0.0010893400,0.0014686700,0.0025182700,0.0037505200,0.0049872800,0.0061689100,0.0081121800,0.0092785100,0.0096897100,0.0098875900,0.0103212600
2017-06-16,0.0011869400,0.0015921000,0.0026487400,0.0039061700,0.0051498000,0.0063671300,0.0083162100,0.0094542900,0.0098238200,0.0100018000,0.0104402900
2017-06-15,0.0012131400,0.0016190600,0.0026933300,0.0039616100,0.0052135700,0.0064382400,0.0084079700,0.0095400900,0.0099105800,0.0100891600,0.0105228900
2017-06-14,0.0010966000,0.0014623700,0.0025772100,0.0038531700,0.0051117500,0.0063384200,0.0083512300,0.0094399300,0.0098080700,0.0099854300,0.0104233100
2017-06-13,0.0010158500,0.0013478200,0.0024821800,0.0038003800,0.0050857900,0.0063361400,0.0083595100,0.0094111200,0.0097769800,0.0099531800,0.0103853200
2017-06-12,0.0011605200,0.0015543900,0.0027826300,0.0041618900,0.0055318600,0.0068400600,0.0088958500,0.0099652300,0.0103421500,0.0105234700,0.0109656700
2017-06-09,0.0011841400,0.0015898100,0.0028190100,0.0042049900,0.0055806900,0.0068940100,0.0089489900,0.0100183600,0.0103971800,0.0105795400,0.0110159100
2017-06-08,0.0015097700,0.0020194000,0.0035172900,0.0051912800,0.0068531300,0.0084402600,0.0108951300,0.0121616300,0.0126188300,0.0128396100,0.0133505400
2017-06-07,0.0016143300,0.0021331700,0.0034382500,0.0049271600,0.0063993200,0.0078171000,0.0099357100,0.0110309500,0.0114313700,0.0116238400,0.0120565100
2017-06-06,0.0020164100,0.0026014100,0.0039686700,0.0055282400,0.0070843500,0.0085647400,0.0107344500,0.0118560200,0.0124892500,0.0126904300,0.0130917200
2017-06-05,0.0020124800,0.0025976300,0.0039673400,0.0055280700,0.0070861500,0.0085681700,0.0107426900,0.0118653300,0.0124983800,0.0126993600,0.0131008600
2017-06-02,0.0020268000,0.0026158300,0.0039842100,0.0055418600,0.0070903300,0.0085619300,0.0107357300,0.0118590700,0.0124917000,0.0126931100,0.0130948100
2017-06-01,0.0020617700,0.0026575200,0.0040306400,0.0055940200,0.0071479600,0.0086238900,0.0108044300,0.0119307500,0.0125636300,0.0127650500,0.0131690600
2017-05-31,0.0019474700,0.0025407700,0.0039056800,0.0054566500,0.0069962700,0.0084567000,0.0106314000,0.0117531200,0.0123059500,0.0125709200,0.0128223700
2017-05-30,0.0018893700,0.0024673100,0.0038340200,0.0053874400,0.0069071500,0.0083241100,0.0105087600,0.0116323600,0.0120567300,0.0122517400,0.0124360100
2017-05-29,0.0017308400,0.0022587000,0.0035753800,0.0050776000,0.0065444200,0.0079278800,0.0100778900,0.0111826900,0.0115960800,0.0117870200,0.0119680900
2017-05-26,0.0017408100,0.0022716600,0.0035849100,0.0050870500,0.0065543800,0.0079393100,0.0100877300,0.0111935900,0.0116076900,0.0117990600,0.0119805800
2017-05-25,0.0016857800,0.0022073400,0.0035096400,0.0050003500,0.0064580200,0.0078445600,0.0099824800,0.0110864700,0.0114965200,0.0116870100,0.0118676600
2017-05-24,0.0016685700,0.0021854800,0.0034866700,0.0049741800,0.0064299700,0.0078020100,0.0099498200,0.0110587900,0.0114651900,0.0116550800,0.0118351900
2017-05-23,0.0015393100,0.0020209100,0.0032927200,0.0047451400,0.0061676400,0.0075071300,0.0095892400,0.0107202300,0.0111199300,0.0113075300,0.0114860900
2017-05-22,0.0015443000,0.0020393500,0.0033323600,0.0047951600,0.0062379200,0.0075772800,0.0096778300,0.0107994800,0.0111995600,0.0113859600,0.0115629700
2017-05-19,0.0016724400,0.0022306300,0.0035251900,0.0049930200,0.0064586400,0.0078037400,0.0099191000,0.0110574900,0.0114658000,0.0116556600,0.0118360700
2017-05-18,0.0016919100,0.0022453100,0.0035280700,0.0049959500,0.0064545800,0.0077921700,0.0099147100,0.0110645700,0.0114738400,0.0116647900,0.0118463100
2017-05-17,0.0015102700,0.0019989000,0.0032477900,0.0046794000,0.0060988200,0.0074081800,0.0095261500,0.0106781700,0.0110733100,0.0112607900,0.0114396500
2017-05-16,0.0013357200,0.0017912400,0.0030027700,0.0043931900,0.0057716600,0.0070383900,0.0090929800,0.0102279800,0.0106293800,0.0108208300,0.0110040200
2017-05-15,0.0013820300,0.0018358300,0.0030787500,0.0044940600,0.0058991200,0.0071975500,0.0092774000,0.0104422400,0.0108506700,0.0110441900,0.0112285600
2017-05-12,0.0013271400,0.0017622900,0.0030132400,0.0044174600,0.0058135000,0.0070961000,0.0091558000,0.0103296100,0.0107548100,0.0109586200,0.0111532800
2017-05-11,0.0011712700,0.0015669800,0.0028127700,0.0041948000,0.0055678000,0.0068360500,0.0088864900,0.0100552000,0.0104764400,0.0106794400,0.0108740000
2017-05-10,0.0010805600,0.0014340300,0.0026948100,0.0040832500,0.0054698100,0.0067666200,0.0088148000,0.0099921900,0.0104123100,0.0106148000,0.0108090100
2017-05-09,0.0010808300,0.0014464900,0.0026832700,0.0040785100,0.0054845200,0.0067847300,0.0088126900,0.0099802900,0.0103989100,0.0106000000,0.0107926400
2017-05-08,0.0010896400,0.0014692700,0.0028279400,0.0042525900,0.0057236400,0.0070822900,0.0091325700,0.0103080300,0.0107380700,0.0109431000,0.0111390100
2017-05-05,0.0010753400,0.0014521200,0.0028158800,0.0042592500,0.0057437200,0.0071153500,0.0091677500,0.0103439600,0.0107761100,0.0109808500,0.0111761900
2017-05-04,0.0011434400,0.0014911100,0.0029126400,0.0044229300,0.0059380100,0.0073353400,0.0093965000,0.0105892100,0.0110287000,0.0112359600,0.0114335200
2017-05-03,0.0011315400,0.0015186600,0.0029610600,0.0044942500,0.0060470400,0.0074878100,0.0096173300,0.0108143200,0.0112657200,0.0114765300,0.0116767200
2017-05-02,0.0011453400,0.0015870700,0.0030737800,0.0046616800,0.0062447600,0.0077701400,0.0099201800,0.0111304200,0.0115918600,0.0118053700,0.0120074800
2017-05-01,0.0010993100,0.0014933900,0.0030282700,0.0046619800,0.0063434900,0.0079460400,0.0100914700,0.0113173200,0.0119504500,0.0120731300,0.0123310600
2017-04-28,0.0011372400,0.0015101500,0.0030292300,0.0046559100,0.0063462000,0.0079635500,0.0101424000,0.0113908400,0.0119716000,0.0120961900,0.0123629300
2017-04-27,0.0011766900,0.0015902400,0.0030994200,0.0048101500,0.0065099400,0.0081255000,0.0103111100,0.0115647700,0.0122100100,0.0123412400,0.0125772400
2017-04-26,0.0012279600,0.0015576000,0.0030670600,0.0047978200,0.0065032400,0.0081070500,0.0102936900,0.0115491500,0.0130947500,0.0133633000,0.0136221500
2017-04-25,0.0009449248,0.0014438900,0.0031286800,0.0050579600,0.0068075300,0.0084140500,0.0104988500,0.0117930400,0.0132941627,0.0135494260,0.0137954352
2017-04-24,0.0008488900,0.0015626200,0.0033830100,0.0053224400,0.0071375500,0.0087969400,0.0108915100,0.0122045000,0.0136786500,0.0139234400,0.0141593600
2017-04-21,0.0013836700,0.0019953900,0.0040267500,0.0060464000,0.0080142100,0.0097783100,0.0119433200,0.0133363900,0.0148573900,0.0151295000,0.0153907800
2017-04-20,0.0014044600,0.0020253400,0.0040496000,0.0060643500,0.0080269800,0.0097862100,0.0119453000,0.0133321600,0.0148511700,0.0151225500,0.0153832600
2017-04-19,0.0014539600,0.0020556700,0.0040830100,0.0060972900,0.0080595600,0.0098191100,0.0119775300,0.0133682500,0.0148938300,0.0151676400,0.0154311100
2017-04-18,0.0015492200,0.0021528800,0.0041886600,0.0062141500,0.0081878900,0.0099567200,0.0121298300,0.0135292600,0.0150616300,0.0153393100,0.0156062200
2017-04-17,0.0013807500,0.0019521600,0.0041284000,0.0061416400,0.0080759500,0.0098758500,0.0119726100,0.0132573200,0.0147707200,0.0150411200,0.0153003200
2017-04-14,0.0013796300,0.0019506100,0.0041251600,0.0061377200,0.0080716100,0.0098712800,0.0119681800,0.0132517100,0.0147646200,0.0150350600,0.0152944800
2017-04-13,0.0014770200,0.0020882100,0.0041023900,0.0061153200,0.0080851700,0.0098573000,0.0120779700,0.0134988300,0.0150399200,0.0153176200,0.0155844000
2017-04-12,0.0014182000,0.0020378900,0.0040513800,0.0060640900,0.0080345200,0.0098072300,0.0120272800,0.0134494300,0.0149920400,0.0152682000,0.0155332700
2017-04-11,0.0014157600,0.0020203400,0.0040281800,0.0060370100,0.0080046300,0.0097738400,0.0119930600,0.0134142900,0.0149449400,0.0152197700,0.0154833100
2017-04-10,0.0012122500,0.0018324300,0.0038281900,0.0058206600,0.0077716400,0.0095276600,0.0117325100,0.0131449700,0.0146764200,0.0149452100,0.0152034400
2017-04-07,0.0010734300,0.0017307200,0.0037087700,0.0056796900,0.0076086300,0.0093459500,0.0115216400,0.0129235500,0.0144396300,0.0147041100,0.0149584900
2017-04-06,0.0012481600,0.0018940000,0.0038927900,0.0058881500,0.0078414500,0.0095987300,0.0118110600,0.0132276600,0.0147619300,0.0150333300,0.0152939200
2017-04-05,0.0013441100,0.0019922700,0.0039906600,0.0059856500,0.0079399400,0.0096977300,0.0119170500,0.0133356700,0.0148716900,0.0151440500,0.0154049000
2017-04-04,0.0014418900,0.0020723400,0.0040756300,0.0060792900,0.0080439500,0.0098150400,0.0121293800,0.0136751000,0.0152642200,0.0155566400,0.0158366800
2017-04-03,0.0014839500,0.0021173800,0.0041086600,0.0061511300,0.0081559100,0.0099753500,0.0122790600,0.0138279900,0.0154283553,0.0157232695,0.0160057127
2017-03-31,0.0015345900,0.0021811300,0.0041561800,0.0061811200,0.0081686900,0.0099727000,0.0122573300,0.0137981300,0.0153885349,0.0156820396,0.0159631473
2017-03-30,0.0015368500,0.0021724400,0.0041516100,0.0061836700,0.0081812600,0.0099973500,0.0123008600,0.0138510200,0.0154409944,0.0157348490,0.0160163066
2017-03-29,0.0014063700,0.0020908100,0.0040421500,0.0060369800,0.0080062600,0.0098054600,0.0120778200,0.0136064300,0.0151619189,0.0154498236,0.0157255969
2017-03-28,0.0021017600,0.0026318100,0.0044404800,0.0062837000,0.0081913600,0.0099903900,0.0122635100,0.0137924400,0.0153627000,0.0156537700,0.0159325900
2017-03-27,0.0024860900,0.0029567600,0.0047874300,0.0066567100,0.0085944600,0.0104174800,0.0127292700,0.0142824800,0.0158695600,0.0161716900,0.0164597900
2017-03-24,0.0025179200,0.0029945100,0.0048396400,0.0067220700,0.0086981400,0.0105096900,0.0128411900,0.0144090100,0.0160075300,0.0163124000,0.0166030400
2017-03-23,0.0026170300,0.0030890700,0.0049401700,0.0068343800,0.0088121200,0.0106404500,0.0129829800,0.0145595900,0.0161656700,0.0164735600,0.0167664800
2017-03-22,0.0026883100,0.0031392800,0.0050027400,0.0069107600,0.0089060100,0.0107574600,0.0131201900,0.0147131400,0.0163300400,0.0166428100,0.0169408500
2017-03-21,0.0027299200,0.0031875900,0.0050405200,0.0069406000,0.0088739400,0.0107630100,0.0131107100,0.0146907200,0.0163050600,0.0166171300,0.0169144500
2017-03-20,0.0027893300,0.0032197400,0.0050966100,0.0070361700,0.0090150700,0.0109457500,0.0133564600,0.0149799300,0.0166085100,0.0169261800,0.0172270700
2017-03-17,0.0021885600,0.0026833900,0.0045017600,0.0063702400,0.0082718000,0.0101310100,0.0124465100,0.0140188700,0.0155905600,0.0158708200,0.0161341500
2017-03-16,0.0022245300,0.0027275600,0.0045503400,0.0064226500,0.0083292500,0.0101946200,0.0125037500,0.0141128400,0.0157415700,0.0160454700,0.0163294300
2017-03-15,0.0023492800,0.0028343600,0.0046651200,0.0065499000,0.0084719000,0.0103518100,0.0126802700,0.0143058600,0.0159497700,0.0162590800,0.0165477300
2017-03-14,0.0023151700,0.0027896200,0.0046338900,0.0065364400,0.0084745500,0.0103712300,0.0127164800,0.0143604300,0.0160169400,0.0163272400,0.0166164800
2017-03-13,0.0021787500,0.0026663200,0.0044862700,0.0063620500,0.0082663500,0.0101292700,0.0124339400,0.0140440600,0.0156733900,0.0159762200,0.0162596300
2017-03-10,0.0021099900,0.0026305000,0.0044579100,0.0063391700,0.0082488400,0.0101185600,0.0124211500,0.0140362300,0.0156708000,0.0159725600,0.0162543200
2017-03-09,0.0023299500,0.0028006800,0.0046247000,0.0065090300,0.0084201200,0.0102932800,0.0125984300,0.0142169000,0.0158395800,0.0161444800,0.0164288800
2017-03-08,0.0022405700,0.0027115800,0.0045412800,0.0064314700,0.0083453500,0.0102191300,0.0125186000,0.0141393400,0.0157857200,0.0160933300,0.0163800100
2017-03-07,0.0021762900,0.0026761900,0.0045161200,0.0064218800,0.0083475000,0.0102314700,0.0125476600,0.0141784400,0.0158383700,0.0161482600,0.0164378700
2017-03-06,0.0017427800,0.0021571800,0.0042875300,0.0062996400,0.0081741400,0.0100164800,0.0122186700,0.0137717200,0.0153868300,0.0156863500,0.0159655700
2017-03-03,0.0017809900,0.0021902000,0.0042933200,0.0062943500,0.0081631100,0.0099670500,0.0121683800,0.0137099000,0.0152427200,0.0155059000,0.0157527700
2017-03-02,0.0017907600,0.0022144400,0.0043146200,0.0063074700,0.0081688300,0.0099670500,0.0121573200,0.0136927500,0.0152310400,0.0154941900,0.0157417900
2017-03-01,0.0023580900,0.0028417900,0.0046415200,0.0066510600,0.0084812100,0.0102472100,0.0125377900,0.0140644600,0.0156179400,0.0158887700,0.0161437800
2017-02-28,0.0025702300,0.0030364100,0.0048529600,0.0068803400,0.0087291700,0.0105123900,0.0128266200,0.0143709300,0.0159370200,0.0162161400,0.0164792500
2017-02-27,0.0027993000,0.0032439700,0.0050650700,0.0071055400,0.0089642600,0.0107584000,0.0130878600,0.0146450900,0.0162176500,0.0165025800,0.0167704600
2017-02-24,0.0028884700,0.0033196500,0.0051522900,0.0072123000,0.0090857900,0.0108960200,0.0132443800,0.0148034400,0.0163861700,0.0166749900,0.0169459900
2017-02-23,0.0028766500,0.0033234500,0.0051685000,0.0072406300,0.0091261800,0.0109453800,0.0133547800,0.0148776200,0.0164732600,0.0167627600,0.0170340400
2017-02-22,0.0029061600,0.0033438600,0.0051920500,0.0072682900,0.0091586700,0.0109823900,0.0133920200,0.0149092900,0.0165057800,0.0167964600,0.0170687100
2017-02-21,0.0028524400,0.0032915100,0.0051300600,0.0071917800,0.0090688300,0.0108789000,0.0132710100,0.0147748300,0.0163550200,0.0166412000,0.0169090600
2017-02-20,0.0028208100,0.0032630800,0.0051035300,0.0071633900,0.0090385000,0.0108486700,0.0132332200,0.0147364300,0.0163198600,0.0166054900,0.0168731600
2017-02-17,0.0028364400,0.0032812900,0.0051372800,0.0072285500,0.0091337400,0.0109717600,0.0134022500,0.0149311800,0.0165377800,0.0168294900,0.0171025200
2017-02-16,0.0023508700,0.0027444000,0.0048781300,0.0069023000,0.0087956500,0.0106258900,0.0129081000,0.0143830800,0.0159398600,0.0162179800,0.0164774600
2017-02-15,0.0025483800,0.0030063500,0.0048200100,0.0068485800,0.0086970900,0.0104927700,0.0128352300,0.0143148100,0.0158706500,0.0161476600,0.0164074900
2017-02-14,0.0026348000,0.0030849300,0.0049119000,0.0069613200,0.0088296500,0.0106402300,0.0130125200,0.0145095100,0.0160838600,0.0163646300,0.0166277400
2017-02-13,0.0026585900,0.0031175400,0.0049333200,0.0069698800,0.0088353900,0.0106301400,0.0130065900,0.0144874500,0.0160645500,0.0163456200,0.0166093600
2017-02-10,0.0028002800,0.0032446400,0.0050912200,0.0071665400,0.0090587100,0.0108918400,0.0133110700,0.0148237900,0.0164342300,0.0167225300,0.0169928400
2017-02-09,0.0025950800,0.0030537300,0.0048910900,0.0069309600,0.0087983100,0.0105950000,0.0130380900,0.0144860800,0.0160156600,0.0162683000,0.0165069200
2017-02-08,0.0025140500,0.0029735400,0.0048279400,0.0068798000,0.0087625700,0.0105755100,0.0130397100,0.0145021300,0.0160520100,0.0163069300,0.0165480500
2017-02-07,0.0022252800,0.0026859800,0.0045196900,0.0065603100,0.0084063700,0.0101871300,0.0126020000,0.0140403600,0.0155568700,0.0158013200,0.0160327700
2017-02-06,0.0020346700,0.0024973200,0.0043547200,0.0063821800,0.0082616000,0.0100635700,0.0124972800,0.0139512000,0.0154757200,0.0157192700,0.0159498700
2017-02-03,0.0012768300,0.0017231300,0.0038341500,0.0057929500,0.0076549000,0.0094399300,0.0116938500,0.0131377200,0.0145812500,0.0148080300,0.0150232000
2017-02-02,0.0014488100,0.0018818800,0.0039986100,0.0059716700,0.0078429200,0.0096376200,0.0119012400,0.0133527400,0.0148381600,0.0150785800,0.0153063900
2017-02-01,0.0016181500,0.0020360600,0.0041514800,0.0061261500,0.0079929700,0.0097858800,0.0120488200,0.0134886000,0.0149688000,0.0152098900,0.0154379800
2017-01-31,0.0021190300,0.0026316000,0.0044412900,0.0064631200,0.0082766500,0.0100293900,0.0123642200,0.0137298800,0.0152297900,0.0154770600,0.0157114000
2017-01-30,0.0022691900,0.0027608000,0.0045864600,0.0066246900,0.0084508500,0.0102141700,0.0125589700,0.0137428400,0.0152210900,0.0154677300,0.0157012400
2017-01-27,0.0020038200,0.0025069200,0.0043186100,0.0062814600,0.0080876100,0.0098374400,0.0121701700,0.0135862800,0.0150708500,0.0153155500,0.0155482100
2017-01-26,0.0020129000,0.0025766100,0.0044066500,0.0063913600,0.0082173600,0.0099857200,0.0123461200,0.0137766800,0.0152715900,0.0155193800,0.0157548900
2017-01-25,0.0019668200,0.0025636100,0.0043828100,0.0063523400,0.0081585500,0.0099078000,0.0122388800,0.0136417100,0.0151433400,0.0153872800,0.0156189100
2017-01-24,0.0023537200,0.0029034000,0.0047584600,0.0067664400,0.0086121400,0.0103974900,0.0127798400,0.0142119200,0.0157378500,0.0159953000,0.0162393100
2017-01-23,0.0024482700,0.0030615600,0.0049332600,0.0069456300,0.0088079900,0.0106067200,0.0129380800,0.0143776100,0.0158918800,0.0161462900,0.0163874600
2017-01-20,0.0025891300,0.0032266300,0.0053272600,0.0071882900,0.0090912500,0.0109299900,0.0132997900,0.0147659400,0.0163081400,0.0165689200,0.0168151900
2017-01-19,0.0028736000,0.0034890600,0.0055893000,0.0074435900,0.0093465400,0.0111865500,0.0135537200,0.0150185000,0.0165598000,0.0168256500,0.0170768500
2017-01-18,0.0029669200,0.0035814600,0.0056843600,0.0075406700,0.0094453200,0.0112881000,0.0136527100,0.0151177700,0.0166649600,0.0169328500,0.0171861400
2017-01-17,0.0030031600,0.0035728700,0.0056721500,0.0075246700,0.0094247000,0.0112621500,0.0136125800,0.0150744600,0.0165990600,0.0168672200,0.0171210600
2017-01-16,0.0030480700,0.0036263800,0.0057252800,0.0075715300,0.0094782800,0.0113115400,0.0136721200,0.0151386200,0.0166695100,0.0169391600,0.0171944700
2017-01-13,0.0032339100,0.0038000300,0.0058619900,0.0076742300,0.0095433200,0.0113391400,0.0136580000,0.0150901600,0.0165942200,0.0168616100,0.0171145400
2017-01-12,0.0035565400,0.0041112700,0.0062392600,0.0081099500,0.0100432800,0.0118992200,0.0142931000,0.0157791500,0.0173292000,0.0176112700,0.0178776100
2017-01-11,0.0036799300,0.0042276000,0.0063468500,0.0082085700,0.0101348100,0.0119842400,0.0143689200,0.0158437400,0.0173803800,0.0176637300,0.0179318000
2017-01-10,0.0037849800,0.0043226800,0.0064714800,0.0083587600,0.0103127800,0.0121903200,0.0146111300,0.0161117200,0.0176648300,0.0179529600,0.0182254700
2017-01-09,0.0036611800,0.0041955800,0.0063296300,0.0082029000,0.0101441000,0.0120092700,0.0144158100,0.0159074600,0.0174492400,0.0177336400,0.0180025000
2017-01-06,0.0033685600,0.0039215300,0.0060362900,0.0078943300,0.0098153500,0.0116607700,0.0140288700,0.0154811600,0.0170083800,0.0172842400,0.0175461700
2017-01-05,0.0032875300,0.0038500800,0.0059639300,0.0078216400,0.0097424600,0.0115867000,0.0139702300,0.0154482400,0.0169902800,0.0172678600,0.0175317800
2017-01-04,0.0032914800,0.0038677500,0.0059787300,0.0078317700,0.0097488300,0.0115880400,0.0139646300,0.0154356500,0.0169734300,0.0172494100,0.0175114900
2017-01-03,0.0035001300,0.0040388100,0.0061310400,0.0079701000,0.0098689300,0.0116857700,0.0140264200,0.0154727700,0.0169651200,0.0172393500,0.0174998500
2017-01-02,0.0038215600,0.0043747400,0.0065152400,0.0082873800,0.0102409600,0.0121054500,0.0146808200,0.0162259100,0.0177915500,0.0180843900,0.0183626100
2016-12-30,0.0037882700,0.0043366500,0.0064808400,0.0083471100,0.0102744300,0.0121300500,0.0145025900,0.0159872800,0.0175299800,0.0178167800,0.0180889900
2016-12-29,0.0038239900,0.0043671300,0.0064981900,0.0083714900,0.0103092000,0.0121632400,0.0145534300,0.0160375100,0.0175913800,0.0178811900,0.0181565400
2016-12-28,0.0038373800,0.0043826800,0.0065154300,0.0083902800,0.0103284000,0.0121852100,0.0145705100,0.0160474500,0.0175965800,0.0178855600,0.0181600600
2016-12-27,0.0038647400,0.0044092000,0.0065322600,0.0083978700,0.0103238100,0.0121711500,0.0145420500,0.0160131700,0.0175534300,0.0178416800,0.0181154500
2016-12-26,0.0038676300,0.0044125400,0.0065353400,0.0083996300,0.0103235700,0.0121690500,0.0145362500,0.0158547700,0.0173797700,0.0176638600,0.0179333100
2016-12-23,0.0038615000,0.0044056200,0.0065264900,0.0083909800,0.0103184400,0.0121661900,0.0145362300,0.0160074800,0.0175466500,0.0178347100,0.0181080800
2016-12-22,0.0040554400,0.0045926300,0.0067513800,0.0086467000,0.0106114700,0.0124965400,0.0149120200,0.0164094100,0.0179778500,0.0182728900,0.0185514400
2016-12-21,0.0040170800,0.0045587800,0.0067195400,0.0086165000,0.0105816100,0.0124666100,0.0148868500,0.0163868400,0.0179543100,0.0182499600,0.0185291700
2016-12-20,0.0040108500,0.0045519600,0.0067048700,0.0085954500,0.0105538200,0.0124298400,0.0148379200,0.0163302400,0.0178920600,0.0181865700,0.0184654600
2016-12-19,0.0041084200,0.0046400900,0.0067972400,0.0086934000,0.0106576800,0.0125382800,0.0149528300,0.0164529300,0.0180208300,0.0183181700,0.0185991000
2016-12-16,0.0041071500,0.0046388200,0.0067918300,0.0086861700,0.0106440500,0.0125189300,0.0149288800,0.0164199400,0.0179853900,0.0182822200,0.0185625300
2016-12-15,0.0041069100,0.0046384900,0.0067829700,0.0086707100,0.0106221700,0.0124935500,0.0148923800,0.0163785900,0.0179344900,0.0182273600,0.0185035700
2016-12-14,0.0042131200,0.0047454300,0.0069047500,0.0088105500,0.0107802500,0.0126694700,0.0150966300,0.0166086000,0.0181851400,0.0184855100,0.0187683300
2016-12-13,0.0042778600,0.0049391200,0.0069966300,0.0088954800,0.0108601200,0.0127426500,0.0151566900,0.0166563500,0.0182086100,0.0185103900,0.0187940300
2016-12-12,0.0044802100,0.0051361200,0.0072015800,0.0091051200,0.0110809200,0.0129723000,0.0153941000,0.0168952000,0.0184652100,0.0187670900,0.0190501600
2016-12-09,0.0046026900,0.0052692300,0.0073522400,0.0092786000,0.0112780800,0.0131935100,0.0156468000,0.0171728400,0.0187602700,0.0190675600,0.0193548600
2016-12-08,0.0046024300,0.0052213000,0.0072864700,0.0091951500,0.0111709200,0.0130632200,0.0154888900,0.0169930000,0.0185472800,0.0188531000,0.0191398100
2016-12-07,0.0049627400,0.0055804100,0.0076695800,0.0095978700,0.0115946700,0.0135073700,0.0159595000,0.0174827700,0.0190482600,0.0193627000,0.0196566400
2016-12-06,0.0053350500,0.0059658400,0.0080740900,0.0100228100,0.0120422500,0.0139766100,0.0164537000,0.0179913500,0.0195796400,0.0199038700,0.0202064000
2016-12-05,0.0055197900,0.0061877300,0.0083145100,0.0102810600,0.0123211800,0.0142728400,0.0167722300,0.0183236200,0.0199344500,0.0202651900,0.0205747900
2016-12-02,0.0054787100,0.0061370000,0.0082591900,0.0102231200,0.0122607200,0.0142086400,0.0167087200,0.0182599900,0.0198616500,0.0201914300,0.0204993400
2016-12-01,0.0055121000,0.0061713900,0.0082949100,0.0102592200,0.0122958600,0.0142440400,0.0167450400,0.0182920000,0.0199086000,0.0202399600,0.0205506500
2016-11-30,0.0054430900,0.0060973300,0.0082107300,0.0101678100,0.0121941800,0.0141368800,0.0166185400,0.0181583400,0.0197590000,0.0200879900,0.0203968700
2016-11-29,0.0056069700,0.0062638300,0.0083979600,0.0103728500,0.0124221900,0.0143872600,0.0168973000,0.0184532700,0.0200676900,0.0203907900,0.0206995500
2016-11-28,0.0056578500,0.0063461200,0.0084854400,0.0104653400,0.0125225900,0.0144966500,0.0170244400,0.0185982300,0.0202331200,0.0205597600,0.0208729000
2016-11-25,0.0054664000,0.0061502600,0.0082749300,0.0102411000,0.0122808600,0.0142397200,0.0167454400,0.0183054300,0.0199254000,0.0202820200,0.0205915800
2016-11-24,0.0054340000,0.0060698500,0.0081953300,0.0101636100,0.0122035800,0.0141604400,0.0166702300,0.0182300800,0.0198377800,0.0201584800,0.0204648800
2016-11-23,0.0054535300,0.0061416000,0.0082665700,0.0102345800,0.0122762900,0.0142302400,0.0167488100,0.0183087600,0.0199440600,0.0202687900,0.0205808000
2016-11-22,0.0053364800,0.0059728700,0.0080832000,0.0100370800,0.0120622200,0.0140089200,0.0164943000,0.0180443500,0.0196583700,0.0199738700,0.0202752900
2016-11-21,0.0056102800,0.0062804400,0.0084090000,0.0103805200,0.0124251500,0.0143909600,0.0169004900,0.0184629800,0.0200908500,0.0204484200,0.0207588200
2016-11-18,0.0055581600,0.0062316700,0.0083621500,0.0103352800,0.0123828800,0.0143480100,0.0168601400,0.0184266400,0.0200557400,0.0203822400,0.0206953100
2016-11-17,0.0053884600,0.0060866000,0.0082109700,0.0101794900,0.0122192100,0.0141675100,0.0166833200,0.0182457800,0.0198499000,0.0202092400,0.0205227100
2016-11-16,0.0051281000,0.0057950000,0.0078931000,0.0098390200,0.0118439400,0.0137708400,0.0162409600,0.0177776100,0.0194132200,0.0197300400,0.0200352500
2016-11-15,0.0051827600,0.0058329400,0.0079275800,0.0098728600,0.0118765900,0.0138103200,0.0162679400,0.0178062200,0.0193738200,0.0197174500,0.0200466900
2016-11-14,0.0054355700,0.0061356300,0.0082571100,0.0102321300,0.0122664700,0.0142255200,0.0167164200,0.0182688000,0.0199215400,0.0202492000,0.0205649700
2016-11-11,0.0049346500,0.0057053300,0.0078174400,0.0097727800,0.0117970200,0.0137444000,0.0162338800,0.0177842000,0.0194638300,0.0197908200,0.0201419700
2016-11-10,0.0041226300,0.0048265400,0.0068802300,0.0087794200,0.0107385200,0.0126297800,0.0150328100,0.0165309900,0.0181112200,0.0184123100,0.0187037300
2016-11-09,0.0040884700,0.0047822500,0.0068494900,0.0087596100,0.0107321100,0.0126263100,0.0150518900,0.0165619900,0.0181316500,0.0184388200,0.0187383300
2016-11-08,0.0038825700,0.0045422700,0.0065827600,0.0084674100,0.0104088700,0.0122744400,0.0146576200,0.0161466900,0.0177057200,0.0180356200,0.0183236900
2016-11-07,0.0040688300,0.0046808700,0.0067202300,0.0086079300,0.0105502500,0.0124279900,0.0148109200,0.0163017900,0.0178449300,0.0181399500,0.0184252500
2016-11-04,0.0043629900,0.0050585600,0.0071354700,0.0090551900,0.0110398400,0.0129526700,0.0153870400,0.0169107800,0.0185226300,0.0188332700,0.0191349200
2016-11-03,0.0041783000,0.0048507500,0.0069099600,0.0088160700,0.0107816600,0.0126782600,0.0150892500,0.0166016900,0.0181859300,0.0184897600,0.0187846500
2016-11-02,0.0042610000,0.0049304400,0.0069996200,0.0089145700,0.0108917000,0.0127974000,0.0152235400,0.0167390000,0.0183142000,0.0186223600,0.0189216800
2016-11-01,0.0039636700,0.0046827300,0.0067337800,0.0086306800,0.0105882700,0.0124743900,0.0148773600,0.0163752400,0.0179768700,0.0182814500,0.0185444400
2016-10-31,0.0037591900,0.0044336900,0.0064727900,0.0083595100,0.0103039500,0.0121771500,0.0145658500,0.0160555100,0.0175758000,0.0178746100,0.0181657500
2016-10-28,0.0036312800,0.0042989700,0.0063434900,0.0082345700,0.0101799100,0.0120519400,0.0144441400,0.0159340500,0.0174685500,0.0177640600,0.0180184000
2016-10-27,0.0036175300,0.0042829500,0.0063240300,0.0082106600,0.0101457000,0.0120040900,0.0143850200,0.0158654100,0.0172625500,0.0175237500,0.0178097600
2016-10-26,0.0036607700,0.0043077600,0.0063610800,0.0082582500,0.0102053800,0.0120663600,0.0144727700,0.0159639700,0.0173791800,0.0176436600,0.0179010000
2016-10-25,0.0035205300,0.0042330700,0.0062815000,0.0081714200,0.0101097300,0.0119659000,0.0143594900,0.0158480700,0.0169270400,0.0171234400,0.0173452700
2016-10-24,0.0033651600,0.0040450600,0.0060890400,0.0079737000,0.0098983100,0.0117485500,0.0141177300,0.0156019800,0.0167120300,0.0169337700,0.0171478200
2016-10-21,0.0036323400,0.0043414500,0.0064410700,0.0083716300,0.0103304000,0.0121946400,0.0146167900,0.0161369300,0.0162617300,0.0162771500,0.0162907400
2016-10-20,0.0031336700,0.0040753300,0.0063423100,0.0084027900,0.0104181000,0.0122515000,0.0147902500,0.0163970500,0.0166974700,0.0168002000,0.0169002200
2016-10-19,0.0033742800,0.0042164300,0.0065228300,0.0085729800,0.0106135900,0.0123996600,0.0148997700,0.0166046500,0.0169567400,0.0171112000,0.0172134400
2016-10-18,0.0035101000,0.0044298400,0.0067279100,0.0087677500,0.0107990400,0.0125913800,0.0150878700,0.0167799400,0.0172338600,0.0174393400,0.0175916600
2016-10-17,0.0039511200,0.0045543100,0.0068387900,0.0088568500,0.0108700000,0.0126899900,0.0151889500,0.0168531600,0.0173989096,0.0176862808,0.0179532013
2016-10-14,0.0038492800,0.0046282400,0.0068686100,0.0088220100,0.0107826200,0.0126867500,0.0151957200,0.0167754000,0.0174085302,0.0177763907,0.0181584000
2016-10-13,0.0038998600,0.0046589300,0.0068652200,0.0088383200,0.0108140100,0.0127711300,0.0153209600,0.0169363900,0.0176059340,0.0179973276,0.0183726400
2016-10-12,0.0038289400,0.0045830000,0.0067858800,0.0087545800,0.0107248400,0.0126722200,0.0152180000,0.0168195300,0.0174977744,0.0178887900,0.0182153500
2016-10-11,0.0040571300,0.0047726100,0.0069699500,0.0089357600,0.0109028700,0.0128447700,0.0153798600,0.0169648500,0.0176127126,0.0179576763,0.0181364707
2016-10-10,0.0042505000,0.0047511400,0.0070047900,0.0089711300,0.0109401900,0.0128326000,0.0153383900,0.0169106200,0.0175203600,0.0178152800,0.0178460200
2016-10-07,0.0044361100,0.0048363900,0.0070213700,0.0089718000,0.0109620900,0.0128568400,0.0154233700,0.0169427800,0.0175545700,0.0178505700,0.0178807800
2016-10-06,0.0043532800,0.0048374800,0.0070283900,0.0089994400,0.0109905400,0.0128732300,0.0154422200,0.0169442700,0.0175555000,0.0178509200,0.0178809200
2016-10-05,0.0046481900,0.0051479100,0.0073447900,0.0093221300,0.0113205200,0.0132107600,0.0157800400,0.0172925700,0.0179182300,0.0182207600,0.0182507500
2016-10-04,0.0048309300,0.0053534600,0.0075721800,0.0095704400,0.0115907300,0.0134967500,0.0160872900,0.0176274600,0.0182663900,0.0185755900,0.0186073800
2016-10-03,0.0048827000,0.0054087900,0.0076230300,0.0096180900,0.0116372900,0.0135497500,0.0161250500,0.0176666200,0.0183068300,0.0186168400,0.0186479200
2016-09-30,0.0049508900,0.0055000300,0.0077380600,0.0097527900,0.0117924800,0.0137235600,0.0163402500,0.0178977600,0.0185477000,0.0188626900,0.0188982200
2016-09-29,0.0047355500,0.0052592200,0.0074785800,0.0094758800,0.0114903800,0.0133902800,0.0159805400,0.0175236000,0.0181609000,0.0184690000,0.0185000500
2016-09-28,0.0047726000,0.0052922100,0.0075459900,0.0095768600,0.0116359300,0.0135859400,0.0162158100,0.0177837100,0.0184313800,0.0187440500,0.0187757500
2016-09-27,0.0049171600,0.0054798200,0.0077123800,0.0097259500,0.0117697100,0.0137091900,0.0163235000,0.0178810100,0.0185321600,0.0188470900,0.0188817100
2016-09-26,0.0046411600,0.0052451000,0.0074736400,0.0094881000,0.0115335000,0.0134698300,0.0160892400,0.0176492300,0.0182902400,0.0186011200,0.0186363900
2016-09-23,0.0043979100,0.0049864700,0.0071773900,0.0091845900,0.0112196400,0.0131475300,0.0157522900,0.0173086500,0.0179425200,0.0182503800,0.0182833600
2016-09-22,0.0041731600,0.0047645300,0.0069398900,0.0089327200,0.0109525600,0.0128635200,0.0154571400,0.0170016500,0.0176183800,0.0179168700,0.0179472800
2016-09-21,0.0045218500,0.0050290600,0.0071984900,0.0091869800,0.0112034600,0.0131077900,0.0156985700,0.0172268600,0.0178547200,0.0181591400,0.0181923100
2016-09-20,0.0036537500,0.0049682100,0.0070958900,0.0090661400,0.0110677500,0.0129401300,0.0154552200,0.0169697400,0.0175170200,0.0177831800,0.0178217300
2016-09-19,0.0038034000,0.0042889900,0.0064444100,0.0084163800,0.0104196600,0.0123189300,0.0148916500,0.0164210200,0.0169975900,0.0172703800,0.0172926400
2016-09-16,0.0041055300,0.0045347000,0.0067003100,0.0086833500,0.0106977200,0.0126087700,0.0151960100,0.0167363100,0.0173231900,0.0176008900,0.0176293700
2016-09-15,0.0039221300,0.0043351300,0.0064986400,0.0084758600,0.0104856300,0.0123886000,0.0149780400,0.0165107700,0.0170894700,0.0173633800,0.0173901800
2016-09-14,0.0038966800,0.0043133800,0.0064825200,0.0084647700,0.0104801700,0.0123916800,0.0149867500,0.0165261100,0.0171052800,0.0173799200,0.0174070000
2016-09-13,0.0037353700,0.0041660400,0.0063124200,0.0082762300,0.0102745400,0.0121624300,0.0147403900,0.0162655900,0.0168311900,0.0171004100,0.0171295400
2016-09-12,0.0035391197,0.0039796452,0.0061270173,0.0080906391,0.0100857200,0.0119754934,0.0145400080,0.0160603248,0.0166208659,0.0168879249,0.0169181456
2016-09-09,0.0033531800,0.0038015900,0.0059470600,0.0079092100,0.0099003700,0.0117914300,0.0143423500,0.0158576500,0.0164131700,0.0166780800,0.0167093600
2016-09-08,0.0029920800,0.0035225000,0.0056566600,0.0076080800,0.0095828200,0.0114594000,0.0140007000,0.0155113200,0.0160589300,0.0163208000,0.0163497900
2016-09-07,0.0028706500,0.0033653700,0.0055207400,0.0074920800,0.0094449900,0.0113108900,0.0138438500,0.0153520000,0.0158929800,0.0161512600,0.0161778600
2016-09-06,0.0030225775,0.0035073707,0.0056683830,0.0076403369,0.0095941358,0.0114619340,0.0140010319,0.0155119772,0.0160578178,0.0163181823,0.0163447883
2016-09-05,0.0031825456,0.0036553631,0.0058199745,0.0077915275,0.0097456367,0.0116149950,0.0141599985,0.0156736214,0.0162243652,0.0164868296,0.0165134391
2016-09-02,0.0033509800,0.0038096000,0.0059756200,0.0079457100,0.0098995300,0.0117701000,0.0143207700,0.0158369500,0.0163926400,0.0166572200,0.0166838300
2016-09-01,0.0035650710,0.0040519513,0.0062511049,0.0082379507,0.0101949132,0.0120673515,0.0146220165,0.0161366492,0.0166462876,0.0168896583,0.0169254652
2016-08-31,0.0037928400,0.0043097200,0.0065392900,0.0085409400,0.0104991100,0.0123721100,0.0149296000,0.0164420200,0.0169038600,0.0171253400,0.0171706000
2016-08-30,0.0038376300,0.0043412800,0.0065647300,0.0085595800,0.0105151700,0.0123838000,0.0149354000,0.0163861000,0.0168463900,0.0170666300,0.0171104700
2016-08-29,0.0038472600,0.0043535700,0.0067015300,0.0087751900,0.0106973100,0.0125361000,0.0150574500,0.0165658400,0.0170295200,0.0172516600,0.0172958800
2016-08-26,0.0039964400,0.0045077900,0.0067429500,0.0087477800,0.0107137100,0.0125910700,0.0151579500,0.0166137400,0.0170785700,0.0173011600,0.0173468400
2016-08-25,0.0040573300,0.0045800700,0.0068140600,0.0088181300,0.0107838000,0.0126631200,0.0152264500,0.0166787100,0.0171461600,0.0173701600,0.0174159500
2016-08-24,0.0040895800,0.0045882100,0.0068180300,0.0088189000,0.0107815000,0.0126549700,0.0152215100,0.0166673200,0.0171358900,0.0173602100,0.0174047000
2016-08-23,0.0042289200,0.0047262400,0.0069714500,0.0089882700,0.0109687800,0.0128577100,0.0154624200,0.0168993800,0.0173087200,0.0175050600,0.0175614300
2016-08-22,0.0042753600,0.0047970800,0.0070432600,0.0090588100,0.0110388000,0.0129280400,0.0155489200,0.0169403800,0.0173462800,0.0175410300,0.0175972500
2016-08-19,0.0041400800,0.0047008500,0.0069492600,0.0089669500,0.0109471100,0.0128455100,0.0154577200,0.0168560300,0.0172647300,0.0174611800,0.0175191000
2016-08-18,0.0038825400,0.0044139300,0.0066445000,0.0086466300,0.0106113100,0.0124860300,0.0150845900,0.0164780300,0.0168746300,0.0170648800,0.0171214700
2016-08-17,0.0038695700,0.0044390000,0.0066876000,0.0087066000,0.0106893400,0.0125849000,0.0151853800,0.0166006100,0.0170015600,0.0171945100,0.0172557400
2016-08-16,0.0035655300,0.0040694800,0.0062812200,0.0082650400,0.0102089800,0.0120697000,0.0146252400,0.0160144300,0.0164020700,0.0165884800,0.0166452000
2016-08-15,0.0037981800,0.0042869000,0.0065033200,0.0084898400,0.0104410100,0.0123094900,0.0148665400,0.0162444100,0.0166381900,0.0168277900,0.0168815900
2016-08-12,0.0039656100,0.0044674600,0.0066870100,0.0086761200,0.0106420200,0.0125212700,0.0150815400,0.0164651600,0.0168664200,0.0170596100,0.0171162300
2016-08-11,0.0040545600,0.0045262800,0.0067500000,0.0087394700,0.0107057200,0.0125855500,0.0151343000,0.0165324300,0.0169379700,0.0171330500,0.0171864400
2016-08-10,0.0042425300,0.0047423600,0.0069952300,0.0089993000,0.0109845900,0.0128812600,0.0154539200,0.0168666800,0.0172814900,0.0174810400,0.0175368500
2016-08-09,0.0042779900,0.0047611500,0.0070093200,0.0090072600,0.0109878200,0.0128808900,0.0154482000,0.0168529900,0.0172636100,0.0174608400,0.0175145000
2016-08-08,0.0043843800,0.0048600100,0.0071071500,0.0091072500,0.0110866700,0.0129790400,0.0155442300,0.0169438600,0.0173131600,0.0174804800,0.0175253300
2016-08-05,0.0046142800,0.0050985600,0.0073703200,0.0093919500,0.0113916800,0.0133058600,0.0159026800,0.0173102100,0.0176859600,0.0178524000,0.0178934800
2016-08-04,0.0049076000,0.0053794700,0.0076628300,0.0096960400,0.0117083300,0.0136317600,0.0162385700,0.0176590800,0.0180438700,0.0182149500,0.0182561500
2016-08-03,0.0052862100,0.0057882900,0.0080907800,0.0101418200,0.0121723900,0.0141139900,0.0167393900,0.0181702500,0.0185722600,0.0187543700,0.0188036300
2016-08-02,0.0052550100,0.0057911000,0.0080868900,0.0101356000,0.0121643600,0.0141026200,0.0167244300,0.0181517200,0.0185488400,0.0187265100,0.0187745000
2016-08-01,0.0049452200,0.0054330400,0.0077037600,0.0097289100,0.0117293600,0.0136425100,0.0162333000,0.0176452200,0.0180263100,0.0181944900,0.0182349300
2016-07-29,0.0050795100,0.0055774300,0.0078708500,0.0099122600,0.0119303800,0.0138513400,0.0164600900,0.0178872800,0.0182759200,0.0184471300,0.0184883900
2016-07-28,0.0051869300,0.0058010300,0.0081166100,0.0101721100,0.0121954300,0.0140995900,0.0167142800,0.0181496800,0.0186420159,0.0189159540,0.0191578600
2016-07-27,0.0054226900,0.0059332600,0.0082580800,0.0103238400,0.0123487200,0.0142537300,0.0168601000,0.0183119600,0.0187117300,0.0188886700,0.0189322000
2016-07-26,0.0057082300,0.0062856000,0.0086341800,0.0107198500,0.0127745300,0.0147073500,0.0173461000,0.0188151000,0.0192267900,0.0194089200,0.0194566700
2016-07-25,0.0052311800,0.0057736600,0.0080888400,0.0101406200,0.0121614300,0.0140638400,0.0166654800,0.0181176800,0.0185135300,0.0186901400,0.0187371700
2016-07-22,0.0050533214,0.0056008591,0.0079335443,0.0099669834,0.0119723349,0.0138681384,0.0164646449,0.0179261072,0.0184513957,0.0186912250,0.0187525137
2016-07-21,0.0048815100,0.0054332300,0.0077812300,0.0097963200,0.0117861800,0.0136751600,0.0162662300,0.0177365600,0.0183894700,0.0186923100,0.0187678700
2016-07-20,0.0053728400,0.0059632000,0.0083277200,0.0103685200,0.0123824600,0.0142881500,0.0168950700,0.0183790800,0.0188604800,0.0190130100,0.0190917500
2016-07-19,0.0057282000,0.0063507300,0.0086820500,0.0107673100,0.0127968300,0.0146613200,0.0171741300,0.0186516300,0.0191147500,0.0192917400,0.0193496800
2016-07-18,0.0054964600,0.0061193500,0.0084326000,0.0105050300,0.0125190600,0.0143557900,0.0168625700,0.0183305900,0.0188023200,0.0189468800,0.0190144500
2016-07-15,0.0055765100,0.0062074500,0.0084982100,0.0105632400,0.0125611600,0.0143275800,0.0168649400,0.0183217800,0.0187978500,0.0189448800,0.0189952700
2016-07-14,0.0056590500,0.0062456600,0.0085245900,0.0105840100,0.0125685900,0.0143314900,0.0168511700,0.0182950800,0.0187625600,0.0189300100,0.0189977400
2016-07-13,0.0061182500,0.0067578000,0.0090393600,0.0111154800,0.0131048600,0.0148821600,0.0174003800,0.0188414300,0.0192942600,0.0194387300,0.0194894900
2016-07-12,0.0063316700,0.0069100800,0.0091967400,0.0112751800,0.0132603200,0.0150401500,0.0175608200,0.0190037700,0.0194772900,0.0196202500,0.0196865300
2016-07-11,0.0070608900,0.0076666700,0.0099452500,0.0120167400,0.0139777800,0.0157793600,0.0183005200,0.0197465900,0.0202333700,0.0204057900,0.0204761800
2016-07-08,0.0072251938,0.0079586980,0.0103771352,0.0125074257,0.0144438797,0.0162564732,0.0187096469,0.0201616135,0.0204549307,0.0205783987,0.0206429497
2016-07-07,0.0081151872,0.0090044175,0.0113851810,0.0134846027,0.0154300248,0.0172401443,0.0196739815,0.0211044353,0.0213659895,0.0215006266,0.0215984945
2016-07-06,0.0083368020,0.0092175991,0.0116629424,0.0138857699,0.0157849406,0.0175398509,0.0199269589,0.0213792018,0.0213934001,0.0214151067,0.0213710983
2016-07-05,0.0087418171,0.0095430849,0.0118248008,0.0138152174,0.0157014473,0.0174914724,0.0198316659,0.0212904670,0.0217945553,0.0219585202,0.0220720691
2016-07-04,0.0075173677,0.0082942725,0.0106728733,0.0128341896,0.0147482627,0.0165379177,0.0189431431,0.0203482056,0.0205988131,0.0206967183,0.0208052810
2016-07-01,0.0073408281,0.0080446439,0.0102935507,0.0123637635,0.0142305728,0.0160009346,0.0183058482,0.0197185418,0.0199228610,0.0199211992,0.0198906658
2016-06-30,0.0079328208,0.0086841297,0.0110560481,0.0132353580,0.0151200781,0.0168851404,0.0193064724,0.0207213468,0.0206773633,0.0206804889,0.0206889014
2016-06-29,0.0082801135,0.0090675886,0.0114743298,0.0136138869,0.0154664895,0.0172687546,0.0197140541,0.0211314363,0.0214305817,0.0215745555,0.0216642560
2016-06-28,0.0093673922,0.0102487153,0.0126676997,0.0148230563,0.0167069469,0.0184840323,0.0209182501,0.0223642670,0.0226122129,0.0227244992,0.0227931877
2016-06-27,0.0105306584,0.0114739004,0.0137524772,0.0157444361,0.0176286045,0.0193995555,0.0218531726,0.0233065477,0.0235757959,0.0237052037,0.0237568469
2016-06-24,0.0096015273,0.0103172402,0.0126433301,0.0147491470,0.0165638018,0.0183002291,0.0207999250,0.0222304414,0.0223277159,0.0224246692,0.0224887299
2016-06-23,0.0058023221,0.0065518718,0.0087144209,0.0107347419,0.0125842336,0.0143612872,0.0168050711,0.0182248448,0.0183810606,0.0183649018,0.0183076965
2016-06-22,0.0059931747,0.0068430247,0.0090734664,0.0111187094,0.0129818507,0.0147865736,0.0172364077,0.0186470859,0.0190193373,0.0191324086,0.0191733433
2016-06-21,0.0064074952,0.0071338375,0.0094285434,0.0115082815,0.0133825234,0.0151832798,0.0176477657,0.0190955436,0.0193747075,0.0195068464,0.0195758264
2016-06-20,0.0064688187,0.0073437774,0.0095899814,0.0116641409,0.0135246628,0.0153225694,0.0177596322,0.0191763344,0.0196170330,0.0197517489,0.0197326368
2016-06-17,0.0077783027,0.0086691199,0.0108960207,0.0129089401,0.0147599570,0.0165378229,0.0190068901,0.0204722667,0.0207786247,0.0209145995,0.0209905308
2016-06-16,0.0084900432,0.0094581997,0.0116869547,0.0137976477,0.0156166070,0.0173699484,0.0197640701,0.0211799538,0.0213877479,0.0214010663,0.0213339716
2016-06-15,0.0079262600,0.0087834583,0.0110384866,0.0130367303,0.0149016451,0.0166791512,0.0191514017,0.0206067439,0.0208791146,0.0210010246,0.0211047315
2016-06-14,0.0078905746,0.0086840545,0.0110025884,0.0131742223,0.0150133775,0.0167746268,0.0191938079,0.0206068426,0.0205347555,0.0205211659,0.0206089150
2016-06-13,0.0068571530,0.0076398341,0.0100288410,0.0121898694,0.0140369487,0.0158356319,0.0183132023,0.0197803229,0.0200120175,0.0201236434,0.0201975667
2016-06-10,0.0063274687,0.0070290262,0.0093869645,0.0115288490,0.0133884207,0.0151852887,0.0176517272,0.0190975942,0.0193645801,0.0194543141,0.0194846121
2016-06-09,0.0058201522,0.0065605640,0.0087617152,0.0108339326,0.0126685393,0.0144449813,0.0168905635,0.0183091997,0.0183602226,0.0183131886,0.0182958478
2016-06-08,0.0054378071,0.0061942544,0.0083549511,0.0103660162,0.0122246000,0.0140069247,0.0164608966,0.0179144101,0.0180654880,0.0180544158,0.0180358787
2016-06-07,0.0054559202,0.0062426634,0.0083463193,0.0103238444,0.0121987145,0.0140026628,0.0163709763,0.0177682198,0.0181347912,0.0182606903,0.0183430759
2016-06-06,0.0058912364,0.0065932608,0.0086733870,0.0106050777,0.0125036454,0.0142482181,0.0166107491,0.0179322175,0.0181086076,0.0181955510,0.0183084943
2016-06-03,0.0058213855,0.0065320393,0.0086264083,0.0106499809,0.0125139997,0.0142638666,0.0166065179,0.0179700811,0.0179713949,0.0179401159,0.0180128228
2016-06-02,0.0054814022,0.0062306667,0.0082985132,0.0103091374,0.0121852993,0.0139455496,0.0162959171,0.0176190073,0.0177361532,0.0178136504,0.0178863403
2016-06-01,0.0052475454,0.0059677969,0.0080062079,0.0099630966,0.0118469873,0.0135859881,0.0159441557,0.0172651214,0.0174087039,0.0174803622,0.0175122815
2016-05-31,0.0049430575,0.0056595487,0.0076671765,0.0096082200,0.0114938755,0.0132349713,0.0155955049,0.0169179741,0.0170834476,0.0171515497,0.0171896463
2016-05-30,0.0045750338,0.0054035905,0.0073226574,0.0092284248,0.0110815969,0.0128429299,0.0152103114,0.0165217717,0.0166303616,0.0166794917,0.0167309003
2016-05-27,0.0045750194,0.0054035763,0.0073226662,0.0092284336,0.0110815751,0.0128428532,0.0152101023,0.0165213902,0.0166292742,0.0166779365,0.0167291751
2016-05-26,0.0045827286,0.0051330539,0.0071612429,0.0091130394,0.0110173140,0.0127722569,0.0151083175,0.0164125032,0.0165490658,0.0166149393,0.0166676031
2016-05-25,0.0050021546,0.0056145142,0.0076146611,0.0095518687,0.0114038174,0.0131651198,0.0155198941,0.0168102896,0.0169157834,0.0169749711,0.0170506512
2016-05-24,0.0055235580,0.0062066626,0.0082248032,0.0101616584,0.0119977311,0.0137532659,0.0161006404,0.0174476574,0.0174477859,0.0174400301,0.0174975731
2016-05-23,0.0057613131,0.0064815218,0.0085400956,0.0105166918,0.0123843439,0.0141388542,0.0164859778,0.0178139664,0.0178883539,0.0179338069,0.0179738937
2016-05-20,0.0057711993,0.0064606507,0.0085124543,0.0104865622,0.0123359913,0.0140775766,0.0164120445,0.0177777662,0.0176393353,0.0176249636,0.0176130169
2016-05-19,0.0062386891,0.0070663185,0.0090656129,0.0109821371,0.0128613248,0.0146756435,0.0170167539,0.0182977393,0.0179027278,0.0180079996,0.0181240669
2016-05-18,0.0059385172,0.0068275583,0.0089021035,0.0107948385,0.0126759887,0.0144438127,0.0168704944,0.0181651859,0.0165822901,0.0166925471,0.0167647890
2016-05-17,0.0060267839,0.0067535902,0.0088188611,0.0108528350,0.0127166779,0.0144840726,0.0168442911,0.0181234434,0.0183007648,0.0183863139,0.0184723421
2016-05-16,0.0063071048,0.0069579228,0.0089700235,0.0109563684,0.0128165373,0.0145775237,0.0169195683,0.0181962194,0.0183794051,0.0184362450,0.0184939574
2016-05-13,0.0056692461,0.0063960294,0.0083765820,0.0103325862,0.0122008404,0.0139662755,0.0163150624,0.0176225760,0.0177449169,0.0178050739,0.0178590345
2016-05-12,0.0053019738,0.0061080606,0.0080506696,0.0099701176,0.0118223696,0.0135981106,0.0159911384,0.0172626826,0.0174860797,0.0175928735,0.0176521554
2016-05-11,0.0051899986,0.0057561897,0.0076563335,0.0095629443,0.0114964402,0.0133167659,0.0157084590,0.0168978341,0.0171327223,0.0172539434,0.0173493564
2016-05-10,0.0055745281,0.0062790034,0.0080048073,0.0098645404,0.0117068548,0.0134602091,0.0158087962,0.0170553985,0.0171211295,0.0171676603,0.0172015566
2016-05-09,0.0059016024,0.0065950720,0.0084541703,0.0103037990,0.0120966230,0.0138263579,0.0161647082,0.0174274274,0.0174073838,0.0173809446,0.0173997868
2016-05-06,0.0061702439,0.0069716849,0.0087307818,0.0105184675,0.0123022605,0.0140666365,0.0163024940,0.0175819557,0.0176450813,0.0176266624,0.0177132589
2016-05-05,0.0060881079,0.0069153235,0.0086655612,0.0104844771,0.0122823530,0.0140602259,0.0164030771,0.0175862637,0.0174354437,0.0174173664,0.0176707785
2016-05-04,0.0057681191,0.0066083665,0.0083448617,0.0102298392,0.0120811120,0.0138559243,0.0162363611,0.0175117609,0.0177199941,0.0178228630,0.0178905110
2016-05-03,0.0053816495,0.0061109518,0.0078145377,0.0096373924,0.0114868748,0.0132564437,0.0156173034,0.0168535984,0.0169758767,0.0170540974,0.0170731804
2016-05-02,0.0044952047,0.0053078772,0.0069226154,0.0086912319,0.0105899694,0.0124099504,0.0148379821,0.0160668932,0.0165130925,0.0167397684,0.0168537169
2016-04-29,0.0044948127,0.0053074326,0.0069216791,0.0086897786,0.0105901837,0.0124102854,0.0148369380,0.0160650590,0.0165092237,0.0167352862,0.0168491115
2016-04-28,0.0039780339,0.0048033489,0.0064115362,0.0081870590,0.0100320459,0.0118429439,0.0141512241,0.0154036446,0.0158820682,0.0160773980,0.0162396099
2016-04-27,0.0038587021,0.0047232354,0.0062795501,0.0080715781,0.0099428967,0.0117748495,0.0141911545,0.0154144959,0.0156984576,0.0158965494,0.0160446935
2016-04-26,0.0038870589,0.0046890710,0.0062270466,0.0080132657,0.0099228467,0.0117462664,0.0141380720,0.0153163780,0.0157150035,0.0159322776,0.0161393284
2016-04-25,0.0040467204,0.0045777425,0.0061159611,0.0078610925,0.0097406223,0.0115523946,0.0139127198,0.0150458199,0.0152953282,0.0154288874,0.0155710929
2016-04-22,0.0034285285,0.0039823473,0.0056048790,0.0074056903,0.0092715769,0.0110527861,0.0134604415,0.0146744273,0.0148369031,0.0149457099,0.0150809140
2016-04-21,0.0034946238,0.0041139435,0.0057266290,0.0074796350,0.0093082367,0.0111538259,0.0134358402,0.0146874188,0.0148859416,0.0149618449,0.0150774647
2016-04-20,0.0038604516,0.0045939687,0.0063184430,0.0080146600,0.0098945090,0.0116429827,0.0140646607,0.0153537357,0.0156830918,0.0158527054,0.0160108297
2016-04-19,0.0043223942,0.0049348987,0.0066052248,0.0082549036,0.0101157164,0.0118830845,0.0142973462,0.0155311656,0.0156423945,0.0157127500,0.0157770222
2016-04-18,0.0046304254,0.0052752175,0.0069678585,0.0086624667,0.0104942039,0.0121922487,0.0145509785,0.0158530941,0.0159420051,0.0160306665,0.0160863050
2016-04-15,0.0045636264,0.0053455857,0.0071814810,0.0089529333,0.0108379060,0.0125363392,0.0149116610,0.0163395384,0.0164290451,0.0164776199,0.0165051484
2016-04-14,0.0047594625,0.0054171198,0.0070878805,0.0087998847,0.0106378380,0.0123512454,0.0147220827,0.0160087977,0.0162060902,0.0163155230,0.0164087506
2016-04-13,0.0049228748,0.0057224364,0.0073036000,0.0090746409,0.0109430377,0.0126869415,0.0150499690,0.0163584030,0.0167324097,0.0169231120,0.0171104057
2016-04-12,0.0054375947,0.0062665643,0.0078984795,0.0097227459,0.0116134367,0.0133793074,0.0157599194,0.0170467747,0.0175377391,0.0177907899,0.0180055723
2016-04-11,0.0060346189,0.0066089608,0.0081834314,0.0099505815,0.0118194377,0.0135928008,0.0159970344,0.0171834104,0.0175367075,0.0177120503,0.0178402595
2016-04-08,0.0059169700,0.0066226979,0.0084311006,0.0102501850,0.0121011823,0.0138424374,0.0162271318,0.0175162990,0.0177028773,0.0178468148,0.0179122513
2016-04-07,0.0064127287,0.0071761121,0.0089637149,0.0107932629,0.0126204192,0.0143554347,0.0166791692,0.0179598534,0.0181266308,0.0182607679,0.0183227757
2016-04-06,0.0058902810,0.0066757118,0.0083560982,0.0102284739,0.0121076271,0.0138710504,0.0162702258,0.0174858540,0.0177230138,0.0178361649,0.0179117192
2016-04-05,0.0058814973,0.0065527075,0.0083142404,0.0100736376,0.0119434919,0.0137052251,0.0160866209,0.0173979222,0.0175280769,0.0175940881,0.0176600957
2016-04-04,0.0051554335,0.0059434014,0.0078050341,0.0095805120,0.0114560798,0.0131748203,0.0155721910,0.0169908190,0.0169240457,0.0169258956,0.0171565985
2016-04-01,0.0052267593,0.0058920185,0.0077143837,0.0095020704,0.0113618536,0.0130899726,0.0155023488,0.0168273407,0.0166641491,0.0166524075,0.0167801359
2016-03-31,0.0051817405,0.0059341093,0.0075148875,0.0092752392,0.0111513346,0.0129507922,0.0153324103,0.0167138974,0.0168722590,0.0169847695,0.0171330563
2016-03-30,0.0051898127,0.0058429602,0.0074529752,0.0092121635,0.0110846007,0.0128769628,0.0152698208,0.0165849064,0.0167106162,0.0167936405,0.0169207946
2016-03-29,0.0053897273,0.0061683179,0.0077697684,0.0096150082,0.0114740033,0.0132675014,0.0156834274,0.0168448551,0.0170420844,0.0171869125,0.0172977033
2016-03-28,0.0053940168,0.0061052983,0.0077997249,0.0096152715,0.0114473883,0.0131895831,0.0155625577,0.0169493803,0.0171027198,0.0171930956,0.0173399971
2016-03-25,0.0053939909,0.0061052880,0.0077997313,0.0096152521,0.0114472817,0.0131893647,0.0155624927,0.0169494000,0.0171032259,0.0171938227,0.0173407946
2016-03-24,0.0053940018,0.0061053045,0.0077997544,0.0096152574,0.0114471724,0.0131890074,0.0155618929,0.0169478612,0.0170992258,0.0171890398,0.0173359225
2016-03-23,0.0050584900,0.0057486232,0.0074437645,0.0092320481,0.0110585188,0.0127952082,0.0151773838,0.0165613465,0.0166166824,0.0166943419,0.0168309562
2016-03-22,0.0048744992,0.0054065868,0.0072062742,0.0089554434,0.0107532290,0.0124702553,0.0148528778,0.0162260458,0.0160967495,0.0160905406,0.0161995700
2016-03-21,0.0046217319,0.0050780497,0.0068717441,0.0086435384,0.0104286023,0.0121626239,0.0145577012,0.0159077442,0.0158628323,0.0158755041,0.0159899485
2016-03-18,0.0038135684,0.0042662192,0.0058712471,0.0076715928,0.0095121364,0.0113148455,0.0137451798,0.0148928084,0.0150311233,0.0151535621,0.0152714411
2016-03-17,0.0039506638,0.0043060365,0.0060935754,0.0078663123,0.0096253720,0.0113819551,0.0137231779,0.0150395726,0.0150231028,0.0150975633,0.0152053584
2016-03-16,0.0036176145,0.0041401753,0.0058260110,0.0076062895,0.0094115494,0.0111832427,0.0135965537,0.0149325206,0.0150891639,0.0151615682,0.0152506411
2016-03-15,0.0034839746,0.0040308844,0.0055470895,0.0072307002,0.0090010107,0.0107874263,0.0131135972,0.0144539590,0.0146171089,0.0147858011,0.0149352882
2016-03-14,0.0028256305,0.0032896747,0.0049487909,0.0067456153,0.0085463957,0.0103812360,0.0127061594,0.0139707583,0.0140846061,0.0142400194,0.0144243742
2016-03-11,0.0031584243,0.0037182075,0.0053503627,0.0070786283,0.0088732895,0.0106503985,0.0130777900,0.0143721859,0.0143595602,0.0144463147,0.0146656964
2016-03-10,0.0050388297,0.0057602495,0.0076017865,0.0094095568,0.0112387218,0.0129976665,0.0153109811,0.0165670594,0.0167133300,0.0167766140,0.0168235428
2016-03-09,0.0059666384,0.0066792337,0.0085551621,0.0103872969,0.0122649632,0.0140278329,0.0162776196,0.0175926365,0.0177636457,0.0178311852,0.0179457977
2016-03-08,0.0070598185,0.0073734402,0.0091580055,0.0109460002,0.0126394136,0.0143810993,0.0165013427,0.0180446262,0.0179035654,0.0179901428,0.0182446098
2016-03-07,0.0070739331,0.0073660173,0.0091964267,0.0110579621,0.0127310609,0.0144635522,0.0166733332,0.0181621380,0.0180643423,0.0181243534,0.0183549188
2016-03-04,0.0064891334,0.0069287993,0.0087960859,0.0106372491,0.0124158424,0.0141170010,0.0163843716,0.0177916933,0.0177485926,0.0177187760,0.0178410116
2016-03-03,0.0074198868,0.0077739206,0.0096478270,0.0115223285,0.0132024345,0.0149047531,0.0171187425,0.0185756206,0.0184932476,0.0185216664,0.0186745793
2016-03-02,0.0070656964,0.0075263719,0.0093682531,0.0111997411,0.0129848631,0.0146978919,0.0169194911,0.0183139100,0.0183209743,0.0183362257,0.0184247729
2016-03-01,0.0077139700,0.0080827189,0.0100091218,0.0118727970,0.0136419767,0.0153467647,0.0175704846,0.0189862279,0.0189691707,0.0189736267,0.0190660398
2016-02-29,0.0083109925,0.0086130517,0.0105788183,0.0125096633,0.0143218992,0.0159939806,0.0182484722,0.0196319513,0.0195792477,0.0195266488,0.0194249930
2016-02-26,0.0085992036,0.0089448388,0.0109089148,0.0128108860,0.0146170222,0.0163101698,0.0185455188,0.0199782804,0.0198627211,0.0198282284,0.0199370228
2016-02-25,0.0097613408,0.0101930437,0.0120541590,0.0138749880,0.0156454069,0.0173198172,0.0194314541,0.0209583372,0.0210294818,0.0210503552,0.0211129066
2016-02-24,0.0095695521,0.0099155980,0.0119239858,0.0138691397,0.0156717022,0.0173533593,0.0195937795,0.0210722341,0.0209567743,0.0208973334,0.0209603110
2016-02-23,0.0090919840,0.0094670631,0.0114226971,0.0133209921,0.0150918018,0.0167903288,0.0190019429,0.0204745267,0.0204542988,0.0204466819,0.0205040005
2016-02-22,0.0088291574,0.0091732120,0.0110729268,0.0129965574,0.0148000201,0.0164909182,0.0187497244,0.0202346084,0.0202531907,0.0202284822,0.0203149795
2016-02-19,0.0097518258,0.0102089711,0.0119995238,0.0138100624,0.0156073296,0.0172891270,0.0195685657,0.0210315397,0.0211286750,0.0211412613,0.0211704532
2016-02-18,0.0092254984,0.0097942326,0.0115199131,0.0132425301,0.0150267556,0.0167427810,0.0189069295,0.0202344399,0.0202154648,0.0202844210,0.0203262767
2016-02-17,0.0087186508,0.0091090431,0.0110072528,0.0129462158,0.0147525317,0.0164556402,0.0187649246,0.0202564497,0.0201361321,0.0200904803,0.0201506742
2016-02-16,0.0097804156,0.0102232319,0.0120564590,0.0139097519,0.0157067697,0.0174636463,0.0196660524,0.0211490643,0.0210865443,0.0211106017,0.0211068577
2016-02-15,0.0098682123,0.0104631480,0.0124661640,0.0143918066,0.0161980843,0.0179039389,0.0201406555,0.0215396315,0.0214431256,0.0214844662,0.0215842768
2016-02-12,0.0113179560,0.0120462799,0.0140903428,0.0160498733,0.0178160899,0.0195378273,0.0216903725,0.0231055956,0.0233398008,0.0234316416,0.0234215280
2016-02-11,0.0121430431,0.0129499504,0.0148892436,0.0167217621,0.0185650617,0.0202636219,0.0225332648,0.0239225151,0.0240730743,0.0241404227,0.0242201201
2016-02-10,0.0099720535,0.0104330262,0.0126502628,0.0147011771,0.0165126617,0.0182560135,0.0204715456,0.0219641357,0.0223249778,0.0224408907,0.0225350918
2016-02-09,0.0112658657,0.0116814887,0.0137540970,0.0156492549,0.0174346902,0.0191906080,0.0213648081,0.0228476062,0.0232490126,0.0234243105,0.0235466338
2016-02-08,0.0109103425,0.0115370464,0.0134847793,0.0154126681,0.0171875405,0.0188089539,0.0210715960,0.0224911331,0.0227071665,0.0228047526,0.0228749589
2016-02-05,0.0093494329,0.0097508642,0.0118225695,0.0138460903,0.0156234882,0.0173388106,0.0195907539,0.0210391882,0.0212874164,0.0213542082,0.0213788151
2016-02-04,0.0083634455,0.0088816146,0.0111928206,0.0132748159,0.0151397952,0.0169304896,0.0191568974,0.0207425973,0.0215187983,0.0218054655,0.0219168156
2016-02-03,0.0085075562,0.0088796744,0.0109379593,0.0129364190,0.0147874076,0.0165472242,0.0188522304,0.0203806663,0.0206450397,0.0207419716,0.0208318204
2016-02-02,0.0085272711,0.0088417941,0.0108112492,0.0127117295,0.0144697571,0.0161739207,0.0184464197,0.0199462377,0.0199984205,0.0199828931,0.0200762789
2016-02-01,0.0079326870,0.0082704071,0.0102307716,0.0121371939,0.0138827583,0.0155967937,0.0178546153,0.0193605936,0.0196753936,0.0197971669,0.0198847716
2016-01-29,0.0077458244,0.0081080284,0.0099063016,0.0116748582,0.0133831651,0.0150459271,0.0173310476,0.0188815503,0.0188414976,0.0189165573,0.0191667902
2016-01-28,0.0077670002,0.0080065099,0.0098794307,0.0116816038,0.0134213006,0.0151668753,0.0174019855,0.0189571451,0.0192846102,0.0195378754,0.0195379906
2016-01-27,0.0073127605,0.0077517223,0.0096840621,0.0115664028,0.0133519134,0.0151439189,0.0174186230,0.0190043051,0.0199260151,0.0202723559,0.0203132840
2016-01-26,0.0079760953,0.0081571270,0.0101279528,0.0120433805,0.0137939060,0.0155509372,0.0177982999,0.0193301615,0.0199767451,0.0202291045,0.0201895070
2016-01-25,0.0086100939,0.0087170198,0.0105023974,0.0122381425,0.0139192740,0.0155825743,0.0178581916,0.0193598770,0.0196667239,0.0196908898,0.0193644254
2016-01-22,0.0079409291,0.0082515093,0.0101326355,0.0119918538,0.0136859332,0.0153726976,0.0176350941,0.0191227434,0.0194135617,0.0195391359,0.0195706692
2016-01-21,0.0085451404,0.0088316744,0.0107445032,0.0126648000,0.0144054897,0.0161414771,0.0183931867,0.0198707792,0.0203691094,0.0205176704,0.0205275976
2016-01-20,0.0091987410,0.0094910359,0.0114117016,0.0133640073,0.0150309996,0.0166784458,0.0189478664,0.0203670802,0.0203853869,0.0203670543,0.0204416073
2016-01-19,0.0084304902,0.0088947226,0.0107977383,0.0126324321,0.0143332947,0.0160342790,0.0182696861,0.0197317256,0.0201421281,0.0202682085,0.0203489361
2016-01-18,0.0088487094,0.0093515523,0.0112021329,0.0130313312,0.0146564201,0.0162493159,0.0185073555,0.0199279023,0.0200232639,0.0199913434,0.0200486343
2016-01-15,0.0088321767,0.0092932019,0.0110622176,0.0127459371,0.0143465495,0.0159163260,0.0181436089,0.0195910379,0.0196478576,0.0196622526,0.0197276642
2016-01-14,0.0080243771,0.0084717779,0.0102664512,0.0119799547,0.0136121349,0.0152096483,0.0174110957,0.0188651822,0.0191663135,0.0192853075,0.0193515453
2016-01-13,0.0077401388,0.0082328966,0.0099544593,0.0116028348,0.0132237059,0.0147581789,0.0169971831,0.0184930259,0.0187481329,0.0188341494,0.0188707275
2016-01-12,0.0075182892,0.0079313027,0.0097464172,0.0114848801,0.0131150643,0.0147361933,0.0169013636,0.0185181666,0.0192195257,0.0195474835,0.0197752802
2016-01-11,0.0082484800,0.0086419800,0.0103394077,0.0119802980,0.0135156674,0.0149267620,0.0171821263,0.0187830708,0.0191421677,0.0194365594,0.0196579640
2016-01-08,0.0082321713,0.0086308333,0.0103319816,0.0119601630,0.0135444934,0.0150159679,0.0173183088,0.0187491910,0.0186031687,0.0185869221,0.0187764114
2016-01-07,0.0080174979,0.0084047398,0.0100786267,0.0116828790,0.0132739277,0.0147526005,0.0170380238,0.0184868843,0.0184345594,0.0184506141,0.0186425424
2016-01-06,0.0078084226,0.0081845691,0.0098314844,0.0114120235,0.0130087668,0.0144938524,0.0167622749,0.0182282473,0.0182674782,0.0183153056,0.0185096279
2016-01-05,0.0069557022,0.0074027411,0.0091938245,0.0109123604,0.0125570707,0.0141818840,0.0163371177,0.0178720495,0.0183002113,0.0184708695,0.0186021991
2016-01-04,0.0072061462,0.0076307351,0.0093701001,0.0110136760,0.0126291132,0.0142226735,0.0163958019,0.0179410154,0.0183689487,0.0185501795,0.0186764577
2016-01-01,0.0066741953,0.0071061000,0.0088584905,0.0105046850,0.0120973913,0.0136975462,0.0158249790,0.0173753457,0.0178305053,0.0180694605,0.0182591940
2015-12-31,0.0066746030,0.0071065601,0.0088592842,0.0105056964,0.0121001630,0.0137012686,0.0158287595,0.0173790267,0.0178357303,0.0180748302,0.0182647983
2015-12-30,0.0067382332,0.0071267568,0.0088700500,0.0104883896,0.0120746455,0.0136795920,0.0157923945,0.0173679794,0.0179306356,0.0182255788,0.0184539205
2015-12-29,0.0064774840,0.0067941626,0.0085115218,0.0101329160,0.0117639600,0.0133921396,0.0156850331,0.0171557006,0.0175741704,0.0177572291,0.0179047306
2015-12-28,0.0065316457,0.0069543844,0.0085917544,0.0101055767,0.0116802973,0.0132354718,0.0155019884,0.0169983720,0.0171161293,0.0171570326,0.0171721658
2015-12-25,0.0065311665,0.0069541422,0.0085915254,0.0101055160,0.0116804677,0.0132358469,0.0155026214,0.0169990751,0.0171161619,0.0171570558,0.0171721793
2015-12-24,0.0065310920,0.0069541278,0.0085915554,0.0101055710,0.0116805523,0.0132359899,0.0155028202,0.0169992879,0.0171161724,0.0171570633,0.0171721838
2015-12-23,0.0065478690,0.0069380087,0.0085866860,0.0101375143,0.0117095531,0.0132764776,0.0155176905,0.0170259121,0.0172835236,0.0173911575,0.0174725381
2015-12-22,0.0062436890,0.0066291207,0.0083789244,0.0100299204,0.0116020697,0.0132363755,0.0153534183,0.0169369388,0.0174860301,0.0177284587,0.0179238684
2015-12-21,0.0062142997,0.0066187688,0.0083552886,0.0100208060,0.0116728502,0.0133183475,0.0154939828,0.0170389129,0.0177412943,0.0180246156,0.0182756985
2015-12-18,0.0056714150,0.0060718090,0.0077928765,0.0094524573,0.0111109259,0.0127277369,0.0148782964,0.0163802112,0.0169944596,0.0172281585,0.0174301868
2015-12-17,0.0054912082,0.0059329544,0.0076250624,0.0092167366,0.0108626400,0.0124164817,0.0146238012,0.0160612705,0.0161044909,0.0160968305,0.0161653061
2015-12-16,0.0059150905,0.0062755014,0.0079190038,0.0094462683,0.0110442339,0.0125785564,0.0147336607,0.0161473489,0.0161555118,0.0161762417,0.0162533764
2015-12-15,0.0062191111,0.0065956716,0.0082275229,0.0097461081,0.0113599198,0.0128964945,0.0150523147,0.0165023130,0.0166263990,0.0166924396,0.0167419562
2015-12-14,0.0061580459,0.0065715613,0.0083150034,0.0099647071,0.0115898338,0.0131765092,0.0152941199,0.0167860697,0.0172128395,0.0173832031,0.0174292465
2015-12-11,0.0060644235,0.0064185174,0.0080331598,0.0095637157,0.0111893779,0.0127199324,0.0148100850,0.0163179116,0.0168080589,0.0170001529,0.0170100197
2015-12-10,0.0053658655,0.0057247067,0.0073280274,0.0089072129,0.0105328583,0.0120762486,0.0141834448,0.0156625235,0.0159528351,0.0160949521,0.0162011824
2015-12-09,0.0049527927,0.0054016962,0.0069811030,0.0085049453,0.0101513898,0.0116790162,0.0138820620,0.0153405121,0.0154847331,0.0155572599,0.0156110298
2015-12-08,0.0050622233,0.0054000201,0.0069852035,0.0084788383,0.0100938304,0.0115976452,0.0136534996,0.0151306623,0.0155335228,0.0157366569,0.0158071289
2015-12-07,0.0047074060,0.0051251877,0.0067012577,0.0082360267,0.0098829525,0.0114092565,0.0136131706,0.0150656021,0.0155222631,0.0157232154,0.0157435519
2015-12-04,0.0049352313,0.0053019385,0.0068828068,0.0084348041,0.0100773635,0.0116266171,0.0138056406,0.0152072677,0.0155908959,0.0157497397,0.0157887741
2015-12-03,0.0045875152,0.0050245298,0.0066147791,0.0081622404,0.0098241591,0.0113913535,0.0136698568,0.0150926172,0.0155397967,0.0156959550,0.0156730017
2015-12-02,0.0042051933,0.0046361721,0.0061922723,0.0076781164,0.0093482965,0.0108997403,0.0131579752,0.0145976443,0.0149244693,0.0150821462,0.0151541649
2015-12-01,0.0046810669,0.0050921716,0.0066432601,0.0081143251,0.0097899629,0.0113596564,0.0135683522,0.0150442268,0.0155579434,0.0157929751,0.0159889150
2015-11-30,0.0049408238,0.0053486662,0.0069186858,0.0084155843,0.0101128006,0.0116985434,0.0139936944,0.0153945120,0.0156581021,0.0157555019,0.0158131978
2015-11-27,0.0054316858,0.0058688414,0.0074452606,0.0089420122,0.0106108622,0.0121163729,0.0144448619,0.0158642655,0.0161056254,0.0161572004,0.0162223549
2015-11-26,0.0054904602,0.0058559565,0.0074431487,0.0089429388,0.0106116605,0.0121751287,0.0144111928,0.0158953678,0.0162350284,0.0163926202,0.0165217192
2015-11-25,0.0057051518,0.0060270919,0.0075916045,0.0090845157,0.0107462916,0.0123141306,0.0145660610,0.0160777317,0.0164105165,0.0165976469,0.0167595879
2015-11-24,0.0053838530,0.0057152630,0.0072076298,0.0086951666,0.0103822501,0.0119481984,0.0142861900,0.0157551724,0.0158855240,0.0159820985,0.0160717670
2015-11-23,0.0052800402,0.0055397547,0.0071187576,0.0086040185,0.0102434026,0.0118248986,0.0139943428,0.0155641782,0.0161518076,0.0164720362,0.0167537668
2015-11-20,0.0053211244,0.0056980820,0.0072689640,0.0087214096,0.0103977808,0.0119218492,0.0141626529,0.0155935901,0.0157288985,0.0157914987,0.0158378487
2015-11-19,0.0053037859,0.0057284437,0.0073795687,0.0088679225,0.0104956788,0.0120188007,0.0141506896,0.0156524590,0.0161539075,0.0163708802,0.0164142170
2015-11-18,0.0053303529,0.0057234449,0.0072753728,0.0087712680,0.0104403725,0.0120051249,0.0143028972,0.0157266429,0.0158199278,0.0158526246,0.0158234875
2015-11-17,0.0055900916,0.0060155175,0.0076109140,0.0091366004,0.0107700108,0.0123503943,0.0146596858,0.0161523297,0.0164934282,0.0166286673,0.0166257755
2015-11-16,0.0062745109,0.0066345210,0.0081363178,0.0096452367,0.0113144026,0.0128640908,0.0152383360,0.0166391244,0.0165640190,0.0165612639,0.0165295858
2015-11-13,0.0061753954,0.0065534000,0.0081030423,0.0096375542,0.0113164220,0.0128982266,0.0152623018,0.0166803807,0.0165969718,0.0165867493,0.0165469485
2015-11-12,0.0059529337,0.0063387623,0.0079105182,0.0094102211,0.0110736396,0.0126290860,0.0149451743,0.0163492614,0.0162816231,0.0162639685,0.0163498238
2015-11-11,0.0056693885,0.0060425992,0.0075798644,0.0090597273,0.0107181868,0.0122526805,0.0145825860,0.0160084620,0.0158942766,0.0158891200,0.0159531371
2015-11-10,0.0057441526,0.0061346759,0.0077006952,0.0092018280,0.0108568189,0.0124106102,0.0147362980,0.0161625762,0.0161545539,0.0161607364,0.0161467980
2015-11-09,0.0057004552,0.0060804095,0.0076241781,0.0090956993,0.0107472910,0.0122786696,0.0145956948,0.0160387926,0.0162412675,0.0163372585,0.0162232329
2015-11-06,0.0054147540,0.0058047222,0.0073941237,0.0088560647,0.0104469360,0.0119832204,0.0142543341,0.0157574599,0.0164446093,0.0167384736,0.0166039687
2015-11-05,0.0053789594,0.0056980901,0.0072013209,0.0086899578,0.0103543085,0.0119144140,0.0142835257,0.0157115160,0.0156738742,0.0156704206,0.0156570325
2015-11-04,0.0052022978,0.0055650512,0.0071050411,0.0085882333,0.0102423596,0.0118352670,0.0141659498,0.0156414095,0.0159328480,0.0160396229,0.0160172442
2015-11-03,0.0054073301,0.0057374220,0.0073712452,0.0088812616,0.0104465411,0.0119681101,0.0142559374,0.0156790342,0.0162241879,0.0164426714,0.0164691658
2015-11-02,0.0055558908,0.0059176186,0.0074788522,0.0089732989,0.0105633410,0.0121279547,0.0144801453,0.0160056705,0.0167475852,0.0170481329,0.0173131838
2015-10-30,0.0054257815,0.0057867609,0.0073579705,0.0088827706,0.0105371481,0.0121075939,0.0144890250,0.0158759735,0.0160410180,0.0160905358,0.0160825421
2015-10-29,0.0053415411,0.0056644435,0.0072929079,0.0087920018,0.0103799965,0.0119445886,0.0142267680,0.0156830685,0.0161955202,0.0164172557,0.0164387586
2015-10-28,0.0050989831,0.0053775772,0.0069625124,0.0084276143,0.0100112442,0.0115628923,0.0138488652,0.0153439867,0.0158001030,0.0160601177,0.0162202319
2015-10-27,0.0051200040,0.0054721051,0.0070797795,0.0085750342,0.0101718974,0.0117130373,0.0139635394,0.0153844968,0.0157383548,0.0158905776,0.0158799198
2015-10-26,0.0048943043,0.0051962533,0.0068172397,0.0083131363,0.0098750905,0.0114078147,0.0136667517,0.0150684642,0.0156089879,0.0158285831,0.0158006566
2015-10-23,0.0046021883,0.0049437744,0.0065345746,0.0080178832,0.0096340183,0.0111955542,0.0135336865,0.0149625005,0.0155785058,0.0158484149,0.0158985288
2015-10-22,0.0052100105,0.0055546623,0.0071713488,0.0087025731,0.0103351956,0.0119426982,0.0143610661,0.0158778819,0.0165288459,0.0167892172,0.0169650546
2015-10-21,0.0055562165,0.0058896143,0.0075117954,0.0089918186,0.0105899797,0.0121752646,0.0145090299,0.0160325013,0.0166604953,0.0168950304,0.0167710673
2015-10-20,0.0055224803,0.0058472702,0.0075146289,0.0090538878,0.0106808338,0.0123100070,0.0146809776,0.0162261387,0.0170907695,0.0174296868,0.0173694206
2015-10-19,0.0058060602,0.0061702680,0.0077896761,0.0092727580,0.0108791907,0.0124501369,0.0148060508,0.0163376757,0.0168762842,0.0170906574,0.0170239431
2015-10-16,0.0060537408,0.0064221823,0.0080497312,0.0095518337,0.0111624596,0.0127369175,0.0151115222,0.0166394357,0.0171966484,0.0174047141,0.0173598463
2015-10-15,0.0062765853,0.0066415333,0.0082887605,0.0097941732,0.0114078438,0.0129787037,0.0153616903,0.0168879005,0.0174639768,0.0176828779,0.0176112558
2015-10-14,0.0063262173,0.0067026723,0.0083434998,0.0098362435,0.0114636170,0.0130347554,0.0154190373,0.0169460505,0.0175383294,0.0177732211,0.0176739690
2015-10-13,0.0060428218,0.0065168738,0.0081294190,0.0095759636,0.0112739194,0.0128218996,0.0152654606,0.0167815612,0.0175150534,0.0177682864,0.0176546240
2015-10-12,0.0058295492,0.0063437251,0.0079334749,0.0093902443,0.0110503262,0.0126082539,0.0150875947,0.0166027546,0.0170458154,0.0172392948,0.0174030771
2015-10-09,0.0059802501,0.0064528420,0.0081017321,0.0095960267,0.0112249336,0.0128031679,0.0152645881,0.0168156825,0.0174522256,0.0177283501,0.0179290590
2015-10-08,0.0069971111,0.0074072963,0.0090810449,0.0105997226,0.0121886710,0.0137710727,0.0161426094,0.0176853691,0.0182585259,0.0184469809,0.0184097477
2015-10-07,0.0062972016,0.0067168108,0.0083525094,0.0098684922,0.0114559669,0.0130130465,0.0153814523,0.0169173264,0.0173508528,0.0174954465,0.0174439145
2015-10-06,0.0068879163,0.0073468451,0.0089775935,0.0105041429,0.0121031511,0.0136289093,0.0159259695,0.0174086621,0.0173563469,0.0173560038,0.0173796429
2015-10-05,0.0076283902,0.0080822879,0.0096478841,0.0111199513,0.0127342187,0.0142782541,0.0166468418,0.0181457979,0.0182209901,0.0182305167,0.0182421566
2015-10-02,0.0088507782,0.0092310279,0.0108183073,0.0123192683,0.0139564715,0.0155201200,0.0178454781,0.0193466396,0.0194015660,0.0194197956,0.0193510735
2015-10-01,0.0085682374,0.0090765469,0.0107790283,0.0124518094,0.0140108801,0.0155186249,0.0178164412,0.0192942365,0.0193024823,0.0193353107,0.0192866697
2015-09-30,0.0092736685,0.0097676877,0.0112537884,0.0126728867,0.0142159033,0.0157152818,0.0180716716,0.0195641605,0.0197402749,0.0197858224,0.0196850240
2015-09-29,0.0095778135,0.0100708488,0.0115566110,0.0129723998,0.0145180077,0.0159862443,0.0183398800,0.0198296372,0.0199114113,0.0199515152,0.0198842523
2015-09-28,0.0092681931,0.0097441707,0.0112545903,0.0127140355,0.0141994986,0.0154803403,0.0178690175,0.0193354463,0.0193179640,0.0193342534,0.0193534172
2015-09-25,0.0081380622,0.0085751138,0.0100541804,0.0114787864,0.0130345238,0.0144893771,0.0169246326,0.0184257513,0.0186625323,0.0187384950,0.0188489197
2015-09-24,0.0081829703,0.0086035176,0.0101772972,0.0116539717,0.0132358166,0.0145592964,0.0170171105,0.0184935278,0.0191048183,0.0192943406,0.0194807189
2015-09-23,0.0070178372,0.0072187894,0.0086561262,0.0099992432,0.0114207376,0.0128625996,0.0151439427,0.0165763208,0.0171894456,0.0172950779,0.0172705427
2015-09-22,0.0067826375,0.0071111178,0.0086111185,0.0099894683,0.0114096349,0.0128572530,0.0151590716,0.0166348155,0.0173564709,0.0175636234,0.0175286046
2015-09-21,0.0057182805,0.0061634487,0.0077152190,0.0091299861,0.0106093381,0.0120815961,0.0144965630,0.0159984796,0.0166403158,0.0169252752,0.0171682868
2015-09-18,0.0054178268,0.0058723175,0.0074003336,0.0087895715,0.0102759636,0.0117317527,0.0141163637,0.0156041267,0.0162120222,0.0164714252,0.0166557159
2015-09-17,0.0053993899,0.0058312596,0.0073180731,0.0086670986,0.0101136686,0.0115443857,0.0138621062,0.0153081270,0.0159247879,0.0161848722,0.0162252738
2015-09-16,0.0060553819,0.0064098038,0.0078709034,0.0091965490,0.0105666709,0.0119926384,0.0141632131,0.0155702783,0.0159843844,0.0162043557,0.0163115649
2015-09-15,0.0067572784,0.0071895038,0.0085663610,0.0098812925,0.0111607957,0.0125195297,0.0144389908,0.0157354053,0.0155592240,0.0156192093,0.0158205166
2015-09-14,0.0066311161,0.0068819354,0.0083292869,0.0096955548,0.0110337968,0.0123896387,0.0144249174,0.0157649772,0.0158254798,0.0158856214,0.0159906315
2015-09-11,0.0063060552,0.0065989553,0.0080804938,0.0095158763,0.0108783493,0.0122605201,0.0144080196,0.0158290848,0.0161870485,0.0163733872,0.0164833878
2015-09-10,0.0060760351,0.0063978187,0.0078159771,0.0091804555,0.0105304046,0.0118922890,0.0140170743,0.0154259177,0.0158277176,0.0160250190,0.0160714104
2015-09-09,0.0054269861,0.0057416633,0.0072048231,0.0085243927,0.0099050810,0.0112824663,0.0133664551,0.0147236139,0.0153205317,0.0155751180,0.0156594505
2015-09-08,0.0058303272,0.0060099720,0.0074755320,0.0088102767,0.0101645926,0.0115612453,0.0136164613,0.0149760819,0.0153930554,0.0156266385,0.0157281202
2015-09-07,0.0060044743,0.0062023917,0.0076085114,0.0089283830,0.0102873305,0.0116638660,0.0137179295,0.0150333358,0.0152214444,0.0153243126,0.0154154548
2015-09-04,0.0060094497,0.0063080563,0.0077023350,0.0090390641,0.0103873742,0.0117708444,0.0138601127,0.0152310963,0.0155604094,0.0157423095,0.0158113614
2015-09-03,0.0055795127,0.0059118490,0.0073095180,0.0086570735,0.0099903519,0.0113688229,0.0134594670,0.0148401447,0.0151497908,0.0153456678,0.0154015168
2015-09-02,0.0057710075,0.0060216227,0.0075057596,0.0088808634,0.0102187113,0.0116276803,0.0136990311,0.0150820400,0.0155773512,0.0158301710,0.0158815736
2015-09-01,0.0059052703,0.0062261651,0.0076744949,0.0090205280,0.0103392426,0.0117186735,0.0137254478,0.0150760512,0.0154439738,0.0156015003,0.0156742840
2015-08-31,0.0054935904,0.0056703047,0.0071353887,0.0084636487,0.0097982434,0.0111948921,0.0132370291,0.0145796866,0.0151712700,0.0154413574,0.0154663436
2015-08-28,0.0054939659,0.0056710096,0.0071365894,0.0084655627,0.0098023715,0.0112001685,0.0132433724,0.0145875989,0.0151849430,0.0154536192,0.0154504687
2015-08-27,0.0053343962,0.0056965121,0.0070913539,0.0083791917,0.0097089324,0.0110804205,0.0130892717,0.0144357180,0.0148475778,0.0149915481,0.0150287847
2015-08-26,0.0057699808,0.0062783172,0.0076605703,0.0089383390,0.0103005896,0.0116787431,0.0138314116,0.0152478398,0.0157895831,0.0160542809,0.0161305593
2015-08-25,0.0062535130,0.0066526041,0.0080109266,0.0093232423,0.0106592564,0.0120024211,0.0140905091,0.0154104046,0.0152753932,0.0152793534,0.0154201574
2015-08-24,0.0067598673,0.0071035741,0.0085334196,0.0098752547,0.0112005464,0.0124579483,0.0145424114,0.0157851670,0.0156653600,0.0157003238,0.0157897491
2015-08-21,0.0062635771,0.0066119296,0.0080183020,0.0093767873,0.0106882698,0.0119747372,0.0140286722,0.0152840663,0.0151484732,0.0152049248,0.0153441337
2015-08-20,0.0056770226,0.0061304346,0.0074579870,0.0087650300,0.0101229276,0.0114211293,0.0135549033,0.0148465884,0.0148658320,0.0150000656,0.0150878754
2015-08-19,0.0054278259,0.0057552768,0.0071368457,0.0084395184,0.0097417386,0.0110946878,0.0131074396,0.0144151275,0.0146715303,0.0147952528,0.0149052600
2015-08-18,0.0052171942,0.0055371074,0.0069093434,0.0082308736,0.0095143166,0.0108448606,0.0128508505,0.0141324546,0.0144354012,0.0145637416,0.0146730239
2015-08-17,0.0052802636,0.0055262108,0.0069293670,0.0082696459,0.0095559669,0.0108963097,0.0129264565,0.0141965593,0.0145922837,0.0147616658,0.0149122136
2015-08-14,0.0053440955,0.0055153357,0.0069494486,0.0083086008,0.0095977995,0.0109480028,0.0130025074,0.0142609548,0.0147508713,0.0149622799,0.0151553024
2015-08-13,0.0055738006,0.0059402391,0.0072697291,0.0085811707,0.0098666621,0.0111636619,0.0132364301,0.0145543454,0.0147588717,0.0148876866,0.0149644328
2015-08-12,0.0056895877,0.0060182611,0.0074504464,0.0088311772,0.0100987447,0.0114147829,0.0134181237,0.0146851985,0.0148111136,0.0149589310,0.0150613571
2015-08-11,0.0055356427,0.0058810408,0.0072692870,0.0085981208,0.0098890975,0.0111880784,0.0131888020,0.0144730557,0.0147990798,0.0149632141,0.0150258868
2015-08-10,0.0050756674,0.0055350469,0.0069163726,0.0081887609,0.0095261778,0.0107811451,0.0128264494,0.0141732465,0.0148455254,0.0151437877,0.0151934976
2015-08-07,0.0050621298,0.0054445536,0.0068015420,0.0081132257,0.0094024678,0.0107059341,0.0127320672,0.0140333136,0.0145001832,0.0147013024,0.0146601322
2015-08-06,0.0048363192,0.0053012720,0.0066178010,0.0078614960,0.0092144010,0.0104484133,0.0125977693,0.0139953826,0.0151390866,0.0156431752,0.0154120958
2015-08-05,0.0046316956,0.0050451910,0.0064225336,0.0077220414,0.0090601882,0.0103424994,0.0123748004,0.0136294431,0.0141410815,0.0143758149,0.0144677732
2015-08-04,0.0050213293,0.0053406413,0.0067044398,0.0079940008,0.0092823040,0.0105718635,0.0125820889,0.0138661946,0.0143556377,0.0145614988,0.0146003918
2015-08-03,0.0044189827,0.0048442318,0.0062612757,0.0075600161,0.0089175474,0.0102318566,0.0122752773,0.0135037951,0.0140157247,0.0142565782,0.0144752991
2015-07-31,0.0045911971,0.0048820839,0.0062824773,0.0076504352,0.0088900835,0.0102296988,0.0121214091,0.0133157428,0.0134550806,0.0136336664,0.0137418224
2015-07-30,0.0047093345,0.0052028382,0.0064703487,0.0076972165,0.0090703702,0.0102758777,0.0123792304,0.0137278097,0.0144556942,0.0148406226,0.0146664354
2015-07-29,0.0046918599,0.0050681624,0.0064208257,0.0076932211,0.0090185948,0.0102683885,0.0122774483,0.0135605611,0.0140618718,0.0142944070,0.0143424307
2015-07-28,0.0045838785,0.0049065699,0.0062865718,0.0076147393,0.0088600047,0.0102188687,0.0120383901,0.0133086961,0.0135133709,0.0136924331,0.0138312321
2015-07-27,0.0047176900,0.0051179127,0.0064676248,0.0077224101,0.0090324993,0.0103242014,0.0122566888,0.0135918071,0.0140489120,0.0142402142,0.0143983347
2015-07-24,0.0044476709,0.0047194289,0.0060277334,0.0072987183,0.0085775488,0.0098726236,0.0118012755,0.0133062637,0.0136435869,0.0138830496,0.0140131144
2015-07-23,0.0040265346,0.0043502304,0.0057011704,0.0070469656,0.0083180997,0.0096965166,0.0115683506,0.0127408917,0.0125670403,0.0126438692,0.0126714450
2015-07-22,0.0041429984,0.0046094478,0.0057935435,0.0069536875,0.0082859901,0.0095624712,0.0115403832,0.0128078311,0.0130310975,0.0131372110,0.0131937754
2015-07-21,0.0039344254,0.0043852029,0.0055779753,0.0067130009,0.0080071618,0.0092372880,0.0111392527,0.0123259354,0.0126520771,0.0127552007,0.0127252566
2015-07-20,0.0034967412,0.0039731880,0.0051319548,0.0063134001,0.0075322322,0.0087338875,0.0105016444,0.0116988074,0.0118904140,0.0120331039,0.0120169451
2015-07-17,0.0036422132,0.0040703936,0.0052236858,0.0063997370,0.0076622859,0.0089182688,0.0107691005,0.0120067523,0.0121149602,0.0121982399,0.0122739430
2015-07-16,0.0039060858,0.0042829879,0.0055134099,0.0067553924,0.0080309865,0.0093583038,0.0112584246,0.0125463879,0.0125703111,0.0126202502,0.0126433581
2015-07-15,0.0042805225,0.0047130089,0.0061046353,0.0075367443,0.0087325904,0.0100430021,0.0118691326,0.0130466968,0.0132864205,0.0134708796,0.0136034854
2015-07-14,0.0044203564,0.0048885371,0.0061367072,0.0074257387,0.0087552263,0.0100688723,0.0119855441,0.0132966084,0.0134133055,0.0135060228,0.0135893051
2015-07-13,0.0044399967,0.0049586371,0.0062056918,0.0074425960,0.0086660219,0.0098942739,0.0116900424,0.0129067981,0.0132707397,0.0134115255,0.0134015493
2015-07-10,0.0046198557,0.0051023049,0.0064881394,0.0078875123,0.0091213689,0.0104258729,0.0123387837,0.0135919656,0.0139642952,0.0141133285,0.0142431451
2015-07-09,0.0054846941,0.0060038935,0.0074908771,0.0090238855,0.0103019971,0.0116568297,0.0136264292,0.0149363713,0.0153534254,0.0155657350,0.0157458979
2015-07-08,0.0057071350,0.0062065755,0.0077643110,0.0094075237,0.0107155058,0.0121093905,0.0141464168,0.0154554195,0.0161115421,0.0164041846,0.0166751970
2015-07-07,0.0061602229,0.0066649184,0.0081149575,0.0096271232,0.0109309290,0.0123320138,0.0143148402,0.0156803567,0.0161700019,0.0163824896,0.0165503307
2015-07-06,0.0062575042,0.0066818067,0.0080398686,0.0094484735,0.0106727736,0.0120246893,0.0139344063,0.0152471184,0.0156936905,0.0158476594,0.0158176167
2015-07-03,0.0053783928,0.0058495762,0.0072444772,0.0087160882,0.0099660621,0.0112965152,0.0132931920,0.0145887031,0.0150139448,0.0151999286,0.0153588523
2015-07-02,0.0051586243,0.0056009125,0.0069655648,0.0084273779,0.0096435855,0.0109581601,0.0129337008,0.0142376551,0.0147038182,0.0149174335,0.0150860950
2015-07-01,0.0053056957,0.0056948551,0.0069901882,0.0083335628,0.0095136902,0.0107974225,0.0126348473,0.0139046510,0.0142802873,0.0144193943,0.0144284832
2015-06-30,0.0054577477,0.0058870716,0.0072038048,0.0085345886,0.0097667162,0.0110597522,0.0129559058,0.0142295249,0.0147708657,0.0149744436,0.0149813432
2015-06-29,0.0054683720,0.0058538264,0.0071334769,0.0084226877,0.0096106939,0.0109003756,0.0127012910,0.0139557234,0.0142581602,0.0143544096,0.0143497626
2015-06-26,0.0042616534,0.0046187355,0.0058126304,0.0070408095,0.0081405238,0.0093103466,0.0109741608,0.0121135813,0.0122939275,0.0123958338,0.0124512986
2015-06-25,0.0045200579,0.0048642967,0.0060113834,0.0071551815,0.0083606555,0.0095778157,0.0112742173,0.0124932534,0.0126910161,0.0127448859,0.0127251666
2015-06-24,0.0043444475,0.0047444488,0.0060059735,0.0072983608,0.0084225952,0.0096089510,0.0113516034,0.0125157376,0.0129813400,0.0131819074,0.0132368863
2015-06-23,0.0040331779,0.0044152297,0.0056345858,0.0068759213,0.0080442015,0.0092353908,0.0109835834,0.0121468400,0.0123998970,0.0124909790,0.0125474094
2015-06-22,0.0047130652,0.0050748157,0.0063232100,0.0076221226,0.0087168695,0.0098983360,0.0115383155,0.0127033864,0.0129379497,0.0130448630,0.0130470600
2015-06-19,0.0055491910,0.0060424040,0.0073094451,0.0086230848,0.0098365300,0.0110637408,0.0127625853,0.0139336227,0.0142221584,0.0144210962,0.0144264280
2015-06-18,0.0056134427,0.0060580121,0.0073955504,0.0087939084,0.0099733328,0.0112407351,0.0129542299,0.0141781643,0.0147071992,0.0149264915,0.0149616496
2015-06-17,0.0055684642,0.0060110263,0.0072840274,0.0085981375,0.0097555219,0.0109764890,0.0125908214,0.0138145895,0.0141366010,0.0142896573,0.0143684600
2015-06-16,0.0055723887,0.0059512378,0.0071946758,0.0083898902,0.0095419906,0.0106676571,0.0121472858,0.0132882554,0.0132795409,0.0133003785,0.0133382076
2015-06-15,0.0052884453,0.0057044629,0.0069396970,0.0081273154,0.0092959789,0.0104178529,0.0119077807,0.0129949015,0.0130725240,0.0131105882,0.0131015818
2015-06-12,0.0045272182,0.0049835882,0.0062495949,0.0075135144,0.0086335174,0.0097764090,0.0113432249,0.0124363820,0.0127967367,0.0129683684,0.0130384493
2015-06-11,0.0040683160,0.0046069015,0.0059073455,0.0072463246,0.0083269974,0.0094473936,0.0110241552,0.0120913488,0.0125723330,0.0128099793,0.0130058958
2015-06-10,0.0043776470,0.0048730436,0.0060791092,0.0072768670,0.0084019209,0.0095583455,0.0111125081,0.0121847176,0.0126465375,0.0128422917,0.0129093378
2015-06-09,0.0047575702,0.0052303419,0.0064110541,0.0075763510,0.0086641734,0.0098222925,0.0113718648,0.0124751594,0.0128793967,0.0130442228,0.0131201640
2015-06-08,0.0045715463,0.0051032304,0.0063235241,0.0075229662,0.0086579668,0.0098110685,0.0113887206,0.0125482808,0.0129911208,0.0132249331,0.0133213487
2015-06-05,0.0047339561,0.0051370773,0.0063350868,0.0075054921,0.0085989179,0.0097077919,0.0112072370,0.0123150345,0.0124573553,0.0125471127,0.0126248719
2015-06-04,0.0041912065,0.0047793438,0.0059149973,0.0069477061,0.0080956763,0.0092154518,0.0107151245,0.0118629215,0.0119485367,0.0120032949,0.0120310262
2015-06-03,0.0041582680,0.0045986034,0.0057660889,0.0068701393,0.0080022475,0.0091032567,0.0106056156,0.0117289474,0.0118225868,0.0118926255,0.0119622603
2015-06-02,0.0042610652,0.0046891276,0.0058590303,0.0070326768,0.0081414988,0.0092740519,0.0108070522,0.0119121894,0.0122403008,0.0124424404,0.0125766404
2015-06-01,0.0046795172,0.0051999122,0.0063140737,0.0074434202,0.0086337129,0.0097860170,0.0113335875,0.0124633848,0.0125297956,0.0127124638,0.0128210081
2015-05-29,0.0047946141,0.0052404385,0.0063190683,0.0073842928,0.0085303062,0.0096693654,0.0111881918,0.0122930024,0.0121756263,0.0122750438,0.0123855911
2015-05-28,0.0045020422,0.0049236060,0.0060407493,0.0071457595,0.0083310023,0.0094702213,0.0109785532,0.0120770957,0.0121030834,0.0122578290,0.0123931274
2015-05-27,0.0043946566,0.0049063871,0.0060469867,0.0071785224,0.0083118944,0.0094182052,0.0108934938,0.0119632409,0.0119060600,0.0119188200,0.0120135191
2015-05-26,0.0047171794,0.0051717576,0.0063192501,0.0074407502,0.0085860455,0.0097006316,0.0111460920,0.0122162397,0.0121104720,0.0121487249,0.0121751406
2015-05-25,0.0044342570,0.0048776948,0.0060105791,0.0070984176,0.0082365165,0.0093376207,0.0108127272,0.0118466303,0.0117767756,0.0117772702,0.0119420065
2015-05-22,0.0044341446,0.0048776485,0.0060103739,0.0070983621,0.0082365971,0.0093377561,0.0108136261,0.0118490846,0.0117764029,0.0117766683,0.0119395865
2015-05-21,0.0043021865,0.0047453087,0.0058493976,0.0068916661,0.0080297522,0.0091521144,0.0106417476,0.0116893230,0.0116664046,0.0117041304,0.0118660957
2015-05-20,0.0041075317,0.0046000378,0.0057903869,0.0069579368,0.0081299312,0.0092512086,0.0107511364,0.0117955518,0.0119094643,0.0120011148,0.0121407533
2015-05-19,0.0042202442,0.0047055033,0.0058517987,0.0069873954,0.0081531302,0.0092767323,0.0107584989,0.0117979001,0.0118812196,0.0119957943,0.0121223197
2015-05-18,0.0044952144,0.0049533580,0.0060595266,0.0071367144,0.0082680016,0.0093946252,0.0108513045,0.0118962749,0.0118018910,0.0118526883,0.0118720291
2015-05-15,0.0043427568,0.0047793990,0.0059083475,0.0069852716,0.0081243350,0.0092496388,0.0106732529,0.0117145412,0.0117104481,0.0117115036,0.0117082366
2015-05-14,0.0042170526,0.0047604850,0.0058884927,0.0069591781,0.0081045293,0.0092313411,0.0106528171,0.0117112704,0.0116918962,0.0116972815,0.0117024922
2015-05-13,0.0043320677,0.0048149087,0.0059279665,0.0070201711,0.0081378253,0.0092563060,0.0107327729,0.0117745257,0.0116209940,0.0116626371,0.0117282636
2015-05-12,0.0047229283,0.0052006161,0.0063057282,0.0074400400,0.0085365156,0.0096308946,0.0111461940,0.0121899824,0.0120277359,0.0120292562,0.0122689888
2015-05-11,0.0047266090,0.0051917179,0.0062698209,0.0073717006,0.0084459271,0.0095660878,0.0110988196,0.0121313370,0.0119874263,0.0119894350,0.0122048103
2015-05-08,0.0046663979,0.0050353145,0.0061411758,0.0072244548,0.0083535221,0.0094618275,0.0109316797,0.0119720316,0.0118923953,0.0118936879,0.0119749780
2015-05-07,0.0049526018,0.0054443507,0.0065524946,0.0076147908,0.0087131641,0.0098233905,0.0113044100,0.0123430093,0.0122254041,0.0122293034,0.0122637346
2015-05-06,0.0048860658,0.0053683208,0.0064909384,0.0075937212,0.0087119981,0.0098253683,0.0113202811,0.0123524682,0.0123041386,0.0123087279,0.0124194488
2015-05-05,0.0043448454,0.0048252047,0.0059748734,0.0070913880,0.0082095533,0.0093221235,0.0107883200,0.0117990936,0.0118354295,0.0118567260,0.0118863673
2015-05-04,0.0037728186,0.0043008576,0.0054821529,0.0066802184,0.0078102129,0.0089102344,0.0103882335,0.0113854443,0.0115835690,0.0116963708,0.0118281413
2015-05-01,0.0037728149,0.0043008560,0.0054821512,0.0066802332,0.0078102331,0.0089102435,0.0103882309,0.0113854267,0.0115836230,0.0116964836,0.0118283116
2015-04-30,0.0038611301,0.0043907576,0.0055516583,0.0067494035,0.0078792271,0.0089792443,0.0104576793,0.0114560761,0.0116750395,0.0118150842,0.0119504873
2015-04-29,0.0041016225,0.0045130699,0.0056538114,0.0068876208,0.0079328188,0.0090339957,0.0105499643,0.0115542218,0.0118599749,0.0120463083,0.0121933799
2015-04-28,0.0040585151,0.0045218687,0.0056236261,0.0067558520,0.0078617435,0.0089623302,0.0104742522,0.0114907082,0.0114102194,0.0114081240,0.0115341623
2015-04-27,0.0040757353,0.0045736782,0.0057199518,0.0068917851,0.0080235159,0.0091309992,0.0106388040,0.0116432072,0.0117856271,0.0118573609,0.0119408796
2015-04-24,0.0047445975,0.0051089245,0.0062403812,0.0073891544,0.0084400347,0.0095559244,0.0110221572,0.0120536073,0.0121491525,0.0122271067,0.0123464485
2015-04-23,0.0045201454,0.0049447963,0.0060423637,0.0071956924,0.0081691332,0.0092562023,0.0107101343,0.0117454453,0.0118723698,0.0119674483,0.0120654895
2015-04-22,0.0045906253,0.0050731144,0.0061623811,0.0072682532,0.0082884381,0.0093889062,0.0108816362,0.0119528356,0.0120286963,0.0121055642,0.0122312039
2015-04-21,0.0045955790,0.0051194468,0.0062243558,0.0072765633,0.0083627324,0.0094810735,0.0109508975,0.0119941551,0.0120049647,0.0120057505,0.0120028304
2015-04-20,0.0046736251,0.0051952255,0.0062617099,0.0072637636,0.0083354845,0.0094499823,0.0109216253,0.0119863497,0.0119346171,0.0119364231,0.0119339498
2015-04-17,0.0046336861,0.0051416496,0.0062214755,0.0072928856,0.0083820592,0.0094918418,0.0110184502,0.0120724121,0.0119795149,0.0119790043,0.0120953783
2015-04-16,0.0040847006,0.0045816771,0.0056141797,0.0067338987,0.0077915849,0.0089705872,0.0105333122,0.0115602393,0.0116875283,0.0117770470,0.0118690779
2015-04-15,0.0036353771,0.0041831522,0.0051705424,0.0062539716,0.0073171480,0.0084729917,0.0100358072,0.0110657645,0.0111879112,0.0112959223,0.0114242594
2015-04-14,0.0036146099,0.0041260036,0.0051293682,0.0062429857,0.0072799050,0.0084094600,0.0099280131,0.0109385231,0.0111102600,0.0112136808,0.0113117742
2015-04-13,0.0032668076,0.0037105654,0.0047736029,0.0059175856,0.0069882980,0.0080893710,0.0096250460,0.0107315427,0.0111196690,0.0113058056,0.0114811886
2015-04-10,0.0033154438,0.0038420193,0.0048481415,0.0059649878,0.0069990621,0.0081506806,0.0097137256,0.0108121213,0.0110344769,0.0111988349,0.0112897179
2015-04-09,0.0035828598,0.0039856215,0.0049950239,0.0060910300,0.0071467715,0.0082889323,0.0097981943,0.0108715922,0.0110074197,0.0111128866,0.0111537036
2015-04-08,0.0035344177,0.0040747685,0.0051244131,0.0062423307,0.0073064238,0.0084408670,0.0100376163,0.0111872274,0.0114538429,0.0115836615,0.0115263135
2015-04-07,0.0037065774,0.0042861442,0.0052401422,0.0064324844,0.0074838578,0.0086279870,0.0102939278,0.0114253855,0.0119446997,0.0121745232,0.0122443242
2015-04-06,0.0038670433,0.0044738186,0.0054037299,0.0065951824,0.0075997949,0.0087938474,0.0104475958,0.0115588296,0.0118970134,0.0120420267,0.0121792947
2015-04-03,0.0040580763,0.0045755644,0.0054758305,0.0066673868,0.0076715687,0.0088547385,0.0105156981,0.0116136209,0.0118983274,0.0120432044,0.0121423933
2015-04-02,0.0040587346,0.0045762795,0.0054758984,0.0066673028,0.0076727263,0.0088557223,0.0105153689,0.0116112698,0.0118973674,0.0120414140,0.0121431708
2015-04-01,0.0040476174,0.0044585251,0.0053864586,0.0065454881,0.0075571093,0.0087264641,0.0104421896,0.0115458441,0.0117388588,0.0118491085,0.0119448188
2015-03-31,0.0037487112,0.0042697115,0.0052429124,0.0064029250,0.0074264880,0.0085889733,0.0102810267,0.0114081426,0.0115984476,0.0117070997,0.0118072689
2015-03-30,0.0036878156,0.0040955649,0.0052341574,0.0063739706,0.0074599114,0.0085903962,0.0102478514,0.0115083967,0.0118872412,0.0120623727,0.0122009297
2015-03-27,0.0037153784,0.0041443813,0.0052843373,0.0064438425,0.0075441410,0.0086569735,0.0103160166,0.0115738967,0.0120353523,0.0122110083,0.0123258018
2015-03-26,0.0036681611,0.0042820742,0.0053681507,0.0065498470,0.0076112505,0.0087375698,0.0103862580,0.0115519809,0.0122953670,0.0125933201,0.0125823994
2015-03-25,0.0038963390,0.0044000433,0.0054509032,0.0065936214,0.0075248748,0.0086324766,0.0102868228,0.0114953946,0.0117977572,0.0119523522,0.0120794883
2015-03-24,0.0040112657,0.0045390357,0.0055895031,0.0066587878,0.0076792621,0.0087766955,0.0103457081,0.0115893759,0.0116824306,0.0117184868,0.0117724501
2015-03-23,0.0038979520,0.0044146013,0.0054620301,0.0065766806,0.0075118123,0.0086572374,0.0102787887,0.0114662987,0.0117250572,0.0118142683,0.0118973114
2015-03-20,0.0036696539,0.0041377650,0.0051908340,0.0062882874,0.0073057153,0.0084231237,0.0100246824,0.0112187426,0.0113488408,0.0114028272,0.0114802391
2015-03-19,0.0034547269,0.0038782889,0.0049331031,0.0060125404,0.0071052728,0.0081953411,0.0097768581,0.0109765313,0.0109846960,0.0110057148,0.0110777877
2015-03-18,0.0033671431,0.0037809549,0.0048001226,0.0058701575,0.0069376494,0.0080323100,0.0096551930,0.0108533215,0.0110035171,0.0110967247,0.0111773091
2015-03-17,0.0026896885,0.0031465206,0.0042226980,0.0053212225,0.0064035559,0.0074962569,0.0090944767,0.0103132308,0.0105914905,0.0107090839,0.0107697552
2015-03-16,0.0025086383,0.0028825276,0.0039149955,0.0049607557,0.0060479941,0.0071400680,0.0087464933,0.0099022418,0.0101139059,0.0102262587,0.0103299312
2015-03-13,0.0024865922,0.0029272582,0.0039697222,0.0050261396,0.0061001932,0.0072565236,0.0088532169,0.0100091017,0.0101094362,0.0101135842,0.0101122014
2015-03-12,0.0026625558,0.0029825371,0.0040387497,0.0051137595,0.0061834109,0.0073030763,0.0089484438,0.0101621102,0.0102135798,0.0102199557,0.0102796684
2015-03-11,0.0026655267,0.0030244168,0.0041075924,0.0052209390,0.0063119441,0.0073991662,0.0090571978,0.0102920557,0.0106208090,0.0107759462,0.0108072306
2015-03-10,0.0027041449,0.0031539330,0.0042158440,0.0053166947,0.0063982697,0.0075370257,0.0091850303,0.0104085877,0.0107129348,0.0108301371,0.0108632633
2015-03-09,0.0025218630,0.0029581538,0.0040382406,0.0051467623,0.0062177018,0.0073389377,0.0089857969,0.0102069095,0.0105552236,0.0106755813,0.0107086570
2015-03-06,0.0024260411,0.0027598048,0.0038112550,0.0049295601,0.0060202199,0.0070691242,0.0087311715,0.0098910083,0.0103758731,0.0105439385,0.0105297434
2015-03-05,0.0023755807,0.0028140658,0.0038632262,0.0049487632,0.0060179257,0.0071458283,0.0087979263,0.0100237391,0.0102835531,0.0103962893,0.0104389823
2015-03-04,0.0027623375,0.0031954137,0.0042036614,0.0052304438,0.0063138396,0.0074459949,0.0091753914,0.0103940016,0.0104522053,0.0104573087,0.0105008983
2015-03-03,0.0027419865,0.0031137606,0.0041650950,0.0052622662,0.0063540076,0.0074645158,0.0091570323,0.0104120202,0.0106784188,0.0107707794,0.0108369322
2015-03-02,0.0025472602,0.0030040303,0.0039979175,0.0050253173,0.0061144352,0.0072259426,0.0089517577,0.0102263729,0.0104664107,0.0105799725,0.0106845265
2015-02-27,0.0025553969,0.0029424293,0.0039590005,0.0050133324,0.0061075618,0.0072163110,0.0089389020,0.0101884360,0.0104220469,0.0105133927,0.0105306445
2015-02-26,0.0024824850,0.0029312004,0.0039467005,0.0050159034,0.0061393705,0.0072625037,0.0090258194,0.0102587045,0.0104713312,0.0105611577,0.0105847139
2015-02-25,0.0026938286,0.0031522620,0.0041879465,0.0052792023,0.0064160301,0.0075498685,0.0093284610,0.0105700430,0.0107950537,0.0108890824,0.0109237227
2015-02-24,0.0027472848,0.0032150737,0.0042506398,0.0053411309,0.0064773631,0.0076097415,0.0094221804,0.0106788489,0.0109137648,0.0110084423,0.0110245231
2015-02-23,0.0031512929,0.0036310968,0.0046578377,0.0057825230,0.0069026791,0.0080570251,0.0098653438,0.0110839828,0.0114406873,0.0116018091,0.0116525715
2015-02-20,0.0035069279,0.0039394017,0.0049892846,0.0061107753,0.0072375873,0.0083989667,0.0102682518,0.0115230719,0.0118049738,0.0119431170,0.0120596072
2015-02-19,0.0035427974,0.0039783624,0.0050285452,0.0061521035,0.0072790751,0.0084408452,0.0103085934,0.0116013101,0.0118796284,0.0120181559,0.0121357944
2015-02-18,0.0037082433,0.0041365470,0.0052115650,0.0063592680,0.0074971192,0.0086695633,0.0105586075,0.0118567298,0.0121436322,0.0122782999,0.0124090680
2015-02-17,0.0041545380,0.0045545789,0.0056395300,0.0067439272,0.0078623667,0.0090222736,0.0108866449,0.0122335742,0.0122467523,0.0122366932,0.0122362167
2015-02-16,0.0039803146,0.0044491852,0.0054781270,0.0065955580,0.0077330739,0.0089266787,0.0108103253,0.0121201011,0.0122577732,0.0123264494,0.0123755387
2015-02-13,0.0037224205,0.0041874726,0.0052014154,0.0063020547,0.0074361765,0.0086242162,0.0105034433,0.0118425047,0.0119432730,0.0120106392,0.0120870693
2015-02-12,0.0040710446,0.0045441301,0.0055306434,0.0066640812,0.0078113514,0.0090182420,0.0109602435,0.0122237673,0.0123717256,0.0124842186,0.0125882058
2015-02-11,0.0041836720,0.0046626685,0.0056842354,0.0068135337,0.0079832120,0.0091540091,0.0110802437,0.0124286248,0.0123760247,0.0123763797,0.0125098931
2015-02-10,0.0037524200,0.0043161209,0.0052820643,0.0064938844,0.0077883836,0.0089969768,0.0109398355,0.0122070746,0.0124316478,0.0125450518,0.0125907717
2015-02-09,0.0038789167,0.0043929796,0.0055003186,0.0066581685,0.0078270248,0.0090286097,0.0109319904,0.0123914013,0.0123098014,0.0123123279,0.0123692470
2015-02-06,0.0033535478,0.0038471262,0.0048889930,0.0061128391,0.0074137204,0.0085837051,0.0104341043,0.0117468682,0.0121558329,0.0123695927,0.0125655184
2015-02-05,0.0033042069,0.0038804486,0.0049341418,0.0062345960,0.0075699405,0.0087529901,0.0106858333,0.0119621637,0.0125600746,0.0128478189,0.0128664787
2015-02-04,0.0032947608,0.0038612611,0.0049982222,0.0063367973,0.0076471723,0.0088284572,0.0107737163,0.0120808763,0.0125737737,0.0127838336,0.0127850506
2015-02-03,0.0034498037,0.0039968373,0.0051901368,0.0064594648,0.0076654345,0.0088577226,0.0108236614,0.0122695548,0.0125745072,0.0127579807,0.0127976871
2015-02-02,0.0036499562,0.0042082716,0.0054127856,0.0067969828,0.0081334355,0.0093174910,0.0112734713,0.0126009557,0.0131722523,0.0133894495,0.0133317241
2015-01-30,0.0033965841,0.0039416389,0.0050404509,0.0062300801,0.0074443133,0.0086216469,0.0105371840,0.0119763474,0.0118826670,0.0118859244,0.0120112358
2015-01-29,0.0031935662,0.0036639514,0.0047836425,0.0059989369,0.0071704589,0.0083149789,0.0101521375,0.0115839261,0.0118888238,0.0120143139,0.0120518599
2015-01-28,0.0026564089,0.0032546120,0.0043334822,0.0054590714,0.0066125592,0.0077992576,0.0096664237,0.0111792015,0.0113362926,0.0114669628,0.0114961437
2015-01-27,0.0025056417,0.0030342164,0.0040761805,0.0051633675,0.0063388768,0.0074739890,0.0093168835,0.0107545944,0.0109091593,0.0110083469,0.0110693222
2015-01-26,0.0024228121,0.0028957736,0.0039297833,0.0049839161,0.0061416547,0.0072648878,0.0090605127,0.0104673798,0.0106720765,0.0107657797,0.0108369418
2015-01-23,0.0022251299,0.0027176572,0.0037438917,0.0047986526,0.0059531846,0.0071372012,0.0090028177,0.0104754134,0.0105631331,0.0106629001,0.0107350278
2015-01-22,0.0025618364,0.0030615596,0.0041259547,0.0052274087,0.0063687098,0.0075502233,0.0094842516,0.0109462351,0.0110351965,0.0111392711,0.0112319557
2015-01-21,0.0026837744,0.0032614399,0.0042345233,0.0054225698,0.0066839524,0.0078761346,0.0097808915,0.0110850373,0.0115128397,0.0117305692,0.0118213568
2015-01-20,0.0030957842,0.0036020123,0.0046190388,0.0057658836,0.0069773171,0.0082123625,0.0102247903,0.0116216444,0.0117062250,0.0117898295,0.0118718110
2015-01-19,0.0031687856,0.0037465255,0.0047503389,0.0059617490,0.0072674828,0.0084947997,0.0104593058,0.0117802231,0.0122598231,0.0124794085,0.0125546307
2015-01-16,0.0030475394,0.0037627437,0.0048050381,0.0061044694,0.0074612912,0.0086918138,0.0107524787,0.0121906842,0.0127208024,0.0130531565,0.0133574991
2015-01-15,0.0033596059,0.0037996422,0.0048787733,0.0060005480,0.0071581872,0.0083721068,0.0103959123,0.0118884747,0.0121006147,0.0122433465,0.0123692883
2015-01-14,0.0035035034,0.0039227409,0.0050199114,0.0061775897,0.0073875792,0.0085848675,0.0106415361,0.0120480066,0.0123705493,0.0125008305,0.0125085811
2015-01-13,0.0030671670,0.0036368828,0.0048006349,0.0060214101,0.0072473172,0.0084851303,0.0105934533,0.0121225359,0.0127856864,0.0130387449,0.0127371802
2015-01-12,0.0030395744,0.0037108324,0.0048396505,0.0060464759,0.0072786434,0.0085426614,0.0106184301,0.0121534072,0.0127404571,0.0130004056,0.0126914051
2015-01-09,0.0031946137,0.0037273691,0.0048088452,0.0060402718,0.0072795565,0.0084949220,0.0105702904,0.0119909315,0.0123986157,0.0125789751,0.0125885184
2015-01-08,0.0029868275,0.0035311574,0.0046659093,0.0058398378,0.0070373628,0.0082569716,0.0102598281,0.0117235492,0.0119555780,0.0120873343,0.0120595914
2015-01-07,0.0035185808,0.0040992749,0.0051609656,0.0064247176,0.0077458597,0.0090071509,0.0111912735,0.0126201012,0.0134468226,0.0137639853,0.0135709835
2015-01-06,0.0033957809,0.0040210712,0.0051700453,0.0064704074,0.0077681570,0.0090195324,0.0111379719,0.0126018411,0.0130739187,0.0133145581,0.0132888278
2015-01-05,0.0031052003,0.0036356489,0.0047037971,0.0059059841,0.0071526805,0.0083755141,0.0104207676,0.0118149431,0.0121512676,0.0123344924,0.0123574032
2015-01-02,0.0030207792,0.0034609911,0.0044862084,0.0055013293,0.0067009619,0.0078903036,0.0098601790,0.0113576068,0.0113387631,0.0113372846,0.0113171528
2015-01-01,0.0028082971,0.0034074435,0.0044582824,0.0055409284,0.0067903517,0.0079875778,0.0099273533,0.0113621486,0.0116856751,0.0118510222,0.0118571753
2014-12-31,0.0028084999,0.0034077415,0.0044589108,0.0055418704,0.0067913777,0.0079885239,0.0099280556,0.0113627464,0.0116853369,0.0118507873,0.0118569160
2014-12-30,0.0027527347,0.0033741398,0.0044595630,0.0055600581,0.0068421092,0.0080344085,0.0099526894,0.0113660464,0.0119478624,0.0121864867,0.0120455651
2014-12-29,0.0027752833,0.0033967870,0.0044041806,0.0054259386,0.0066841342,0.0079289556,0.0098199784,0.0112739543,0.0111594973,0.0111681011,0.0112309641
2014-12-26,0.0025538254,0.0030885198,0.0041885601,0.0053371730,0.0065538435,0.0077379171,0.0096681913,0.0110218090,0.0114229347,0.0115780931,0.0115396701
2014-12-25,0.0025538379,0.0030885348,0.0041885751,0.0053371880,0.0065538610,0.0077379321,0.0096681938,0.0110217940,0.0114229772,0.0115785129,0.0115399800
2014-12-24,0.0025538728,0.0030885773,0.0041886276,0.0053372580,0.0065539135,0.0077379546,0.0096681913,0.0110218215,0.0114230809,0.0115786696,0.0115402508
2014-12-23,0.0026063909,0.0031546601,0.0042208452,0.0052998189,0.0064991378,0.0076506169,0.0095822819,0.0110340213,0.0113172093,0.0114331253,0.0115370876
2014-12-22,0.0027428354,0.0032980013,0.0043072735,0.0053795865,0.0065172261,0.0077668065,0.0097489448,0.0112725938,0.0114754611,0.0116177804,0.0117414608
2014-12-19,0.0026536820,0.0032022927,0.0042214859,0.0053481483,0.0065795342,0.0077775242,0.0097570995,0.0111945597,0.0115272324,0.0116929971,0.0118430749
2014-12-18,0.0028155672,0.0033204945,0.0043618362,0.0055509670,0.0067479794,0.0079256460,0.0100067392,0.0114299055,0.0117309830,0.0119028395,0.0120596719
2014-12-17,0.0029806949,0.0035565952,0.0045843431,0.0057405721,0.0070060566,0.0082098939,0.0103164654,0.0118048210,0.0121081322,0.0123361593,0.0125427015
2014-12-16,0.0032593694,0.0037930975,0.0048656406,0.0061061506,0.0073379995,0.0085622847,0.0106484117,0.0120854704,0.0123128425,0.0124439534,0.0124797129
2014-12-15,0.0030845301,0.0035660918,0.0047295309,0.0059353075,0.0071055588,0.0082924462,0.0104059460,0.0119198209,0.0122947830,0.0124616393,0.0124259605
2014-12-12,0.0031902955,0.0035246387,0.0046476362,0.0057896662,0.0069782500,0.0080978086,0.0101321862,0.0115604210,0.0118285828,0.0119478377,0.0119922899
2014-12-11,0.0027314552,0.0031841923,0.0042905826,0.0054180650,0.0065686754,0.0077399050,0.0098204916,0.0113141589,0.0115250759,0.0116915752,0.0117496121
2014-12-10,0.0028382415,0.0031465839,0.0042248505,0.0053208628,0.0064759782,0.0075847564,0.0095972879,0.0110130930,0.0112185298,0.0113384027,0.0114470327
2014-12-09,0.0025503222,0.0028524758,0.0039037815,0.0049717721,0.0061125882,0.0072101192,0.0091990523,0.0106006497,0.0108154893,0.0109262027,0.0110107186
2014-12-08,0.0023096726,0.0026829445,0.0035587754,0.0046620378,0.0058220657,0.0068274354,0.0086267093,0.0097716017,0.0102887446,0.0105345987,0.0107632493
2014-12-05,0.0021674017,0.0025674309,0.0035881347,0.0045866302,0.0057240137,0.0068847635,0.0088446577,0.0103529499,0.0102428253,0.0102511285,0.0102563693
2014-12-04,0.0022960850,0.0027602793,0.0037620896,0.0047924556,0.0059595360,0.0070989214,0.0091179488,0.0106108678,0.0105762711,0.0105806928,0.0106519328
2014-12-03,0.0023821337,0.0027973679,0.0038131115,0.0048543412,0.0059921678,0.0071736868,0.0091693070,0.0106911392,0.0104798916,0.0104962791,0.0106961556
2014-12-02,0.0023690819,0.0027135659,0.0037733113,0.0048527774,0.0059735928,0.0071190798,0.0091466182,0.0106007184,0.0106430846,0.0108088889,0.0109686208
2014-12-01,0.0025686005,0.0028698156,0.0039362636,0.0050191622,0.0061566660,0.0072509007,0.0092523071,0.0106493326,0.0108491790,0.0109617771,0.0110675264
2014-11-28,0.0025941251,0.0028432595,0.0039061467,0.0049904587,0.0061237435,0.0072046012,0.0092123831,0.0105932128,0.0108358081,0.0109870518,0.0111111732
2014-11-27,0.0026579261,0.0029169147,0.0039707477,0.0050225416,0.0061666851,0.0073040146,0.0093171226,0.0107491616,0.0107419435,0.0107407504,0.0108333352
2014-11-26,0.0026398736,0.0030159469,0.0040824275,0.0051703519,0.0063191800,0.0074148237,0.0093657662,0.0107493200,0.0109810858,0.0111359229,0.0112752311
2014-11-25,0.0028803322,0.0031872986,0.0042278244,0.0052867704,0.0064210786,0.0075698334,0.0095781381,0.0110212765,0.0109798880,0.0109826137,0.0110965634
2014-11-24,0.0028903708,0.0031772281,0.0042182034,0.0052770797,0.0064312819,0.0075797934,0.0095878045,0.0110317792,0.0110252996,0.0110247587,0.0111009593
2014-11-21,0.0030438541,0.0033763004,0.0044667460,0.0055580511,0.0067085107,0.0078988088,0.0099305612,0.0114242354,0.0112756341,0.0112856335,0.0113925609
2014-11-20,0.0033913993,0.0037234770,0.0048192527,0.0059158620,0.0070649070,0.0082538876,0.0102818227,0.0117719779,0.0115908509,0.0116037223,0.0118277280
2014-11-19,0.0029352764,0.0034205608,0.0044439579,0.0056480765,0.0068830013,0.0080939669,0.0101779452,0.0116041132,0.0117420945,0.0118723082,0.0120117327
2014-11-18,0.0028814045,0.0033751829,0.0043753267,0.0055629989,0.0067980681,0.0079944922,0.0100591920,0.0114810608,0.0118888826,0.0121018770,0.0121804534
2014-11-17,0.0031222254,0.0034766505,0.0045437717,0.0056133539,0.0067419215,0.0079110478,0.0099123098,0.0113901414,0.0115903106,0.0117092924,0.0118076419
2014-11-14,0.0027135985,0.0033002086,0.0043984587,0.0055754654,0.0067839829,0.0079085628,0.0098808680,0.0113176357,0.0115295939,0.0118006878,0.0117232903
2014-11-13,0.0023743277,0.0028614062,0.0038005683,0.0049265227,0.0061408994,0.0072917291,0.0093568084,0.0107392652,0.0109297503,0.0110226862,0.0110959015
2014-11-12,0.0024247861,0.0029119551,0.0038513062,0.0049776560,0.0061923152,0.0073433613,0.0094088764,0.0107920693,0.0109700247,0.0110647593,0.0111527750
2014-11-11,0.0023191130,0.0028993108,0.0039235382,0.0049852425,0.0060989892,0.0073536572,0.0093879348,0.0109591523,0.0108836802,0.0108858972,0.0108872684
2014-11-10,0.0026791350,0.0030430218,0.0040907454,0.0051412097,0.0062919061,0.0074948538,0.0095454104,0.0110531021,0.0109104347,0.0109170597,0.0110930913
2014-11-07,0.0028209801,0.0033036949,0.0043309733,0.0053618122,0.0065267302,0.0077628254,0.0097521588,0.0112729454,0.0112451830,0.0113029600,0.0113395328
2014-11-06,0.0026324731,0.0031767311,0.0041005823,0.0051530265,0.0064277035,0.0076395181,0.0096639663,0.0111098977,0.0113188688,0.0115500354,0.0116849684
2014-11-05,0.0027469370,0.0032357240,0.0041961147,0.0053063143,0.0066102238,0.0077174300,0.0096637089,0.0109954820,0.0115263240,0.0118324091,0.0119518334
2014-11-04,0.0024971736,0.0031700188,0.0041486701,0.0053331932,0.0066401694,0.0078329057,0.0098775828,0.0113161501,0.0119814221,0.0124597239,0.0124439900
2014-11-03,0.0027782691,0.0032472391,0.0041487533,0.0051728600,0.0064598106,0.0075873171,0.0094766033,0.0107593974,0.0113824028,0.0116767688,0.0119471275
2014-10-31,0.0026136764,0.0032630773,0.0042437423,0.0053297975,0.0065868704,0.0077904054,0.0098127065,0.0112643319,0.0114581129,0.0116101775,0.0116857713
2014-10-30,0.0027425242,0.0034066445,0.0044262254,0.0055975097,0.0068732456,0.0080901080,0.0102259453,0.0117126623,0.0120916334,0.0122398418,0.0121985070
2014-10-29,0.0023417476,0.0031409902,0.0041150349,0.0052881413,0.0066109229,0.0077833761,0.0098069932,0.0111701911,0.0117395279,0.0120489852,0.0121322350
2014-10-28,0.0027663593,0.0031463312,0.0042128407,0.0052937996,0.0064600407,0.0075985454,0.0095696793,0.0109691601,0.0111543202,0.0112714471,0.0113982634
2014-10-27,0.0027994705,0.0031817432,0.0042519146,0.0053361605,0.0065048322,0.0076448837,0.0096120836,0.0110149691,0.0111873053,0.0113068967,0.0114506341
2014-10-24,0.0026872438,0.0031796705,0.0041575067,0.0052332457,0.0064789140,0.0076087204,0.0096316205,0.0110143758,0.0112294922,0.0113359443,0.0114118746
2014-10-23,0.0027666207,0.0033676206,0.0043145650,0.0053833325,0.0066401511,0.0077984339,0.0097916255,0.0111905882,0.0113761936,0.0114892059,0.0115995449
2014-10-22,0.0027441398,0.0033883859,0.0043987647,0.0055276726,0.0068110710,0.0079715870,0.0099395155,0.0113062204,0.0117219644,0.0119569558,0.0120946629
2014-10-21,0.0028122388,0.0034647973,0.0044885037,0.0056330439,0.0069275789,0.0080973354,0.0100816104,0.0114590946,0.0119008568,0.0121384710,0.0122582983
2014-10-20,0.0037105639,0.0042081052,0.0052462367,0.0063298011,0.0075398806,0.0087408432,0.0107053303,0.0121167681,0.0124400421,0.0126109345,0.0126866236
2014-10-17,0.0033026882,0.0039203938,0.0049167053,0.0060409486,0.0073173379,0.0084883965,0.0105051647,0.0119053182,0.0121165210,0.0122358276,0.0123434029
2014-10-16,0.0045034945,0.0048485330,0.0059935194,0.0071557657,0.0083038058,0.0094462588,0.0114438539,0.0128633728,0.0128602527,0.0128642187,0.0129507394
2014-10-15,0.0038081646,0.0039701523,0.0049897833,0.0061479302,0.0073089255,0.0084548597,0.0104772780,0.0119062053,0.0118299422,0.0118325977,0.0119428111
2014-10-14,0.0025572809,0.0033197965,0.0042139551,0.0053133615,0.0065395427,0.0077544820,0.0098767562,0.0113837085,0.0120834742,0.0124317539,0.0123694728
2014-10-13,0.0028799477,0.0033858034,0.0043989006,0.0055128917,0.0066354544,0.0078367306,0.0100003629,0.0115600379,0.0122283703,0.0125195644,0.0123585372
2014-10-10,0.0029742010,0.0034975814,0.0044141436,0.0054526999,0.0066410694,0.0078187922,0.0099437014,0.0115480118,0.0118956761,0.0120341781,0.0119982556
2014-10-09,0.0026097921,0.0031255387,0.0040402205,0.0050765046,0.0062682484,0.0074324116,0.0095642287,0.0111782908,0.0116418844,0.0118196540,0.0117522748
2014-10-08,0.0024448000,0.0029571733,0.0038704473,0.0049039163,0.0060916156,0.0072530880,0.0093797249,0.0109908696,0.0114561506,0.0116305896,0.0115588324
2014-10-07,0.0023341955,0.0028423409,0.0037814078,0.0048191165,0.0059966138,0.0071526724,0.0092471581,0.0108281997,0.0111651544,0.0112929248,0.0112966434
2014-10-06,0.0021327137,0.0024797043,0.0034615721,0.0044258526,0.0055431214,0.0067298402,0.0087665168,0.0103726573,0.0103732313,0.0103723739,0.0103715464
2014-10-03,0.0021037796,0.0026981328,0.0035742889,0.0046257641,0.0057935026,0.0069545458,0.0090396630,0.0105256620,0.0108857747,0.0110573992,0.0110449878
2014-10-02,0.0025751252,0.0029514844,0.0038777039,0.0048367357,0.0059605752,0.0070777406,0.0090563830,0.0106447348,0.0106110365,0.0106200878,0.0107680473
2014-10-01,0.0022362211,0.0028671698,0.0037313807,0.0046914586,0.0059049272,0.0070828927,0.0091429898,0.0108359251,0.0114352440,0.0116983696,0.0119367426
2014-09-30,0.0024824441,0.0030512660,0.0038788148,0.0048342940,0.0060872641,0.0072134974,0.0094111331,0.0110452711,0.0114124843,0.0115836056,0.0117333932
2014-09-29,0.0027191158,0.0031094305,0.0041068247,0.0051392903,0.0062417039,0.0074117467,0.0094452256,0.0110067761,0.0110899749,0.0110839410,0.0110931521
2014-09-26,0.0020235772,0.0026875656,0.0035610490,0.0045971438,0.0058414080,0.0070670042,0.0093255364,0.0108679244,0.0113843563,0.0116360949,0.0118637812
2014-09-25,0.0019577392,0.0025707374,0.0034590470,0.0045033024,0.0056943618,0.0068567522,0.0091130179,0.0106119828,0.0111582690,0.0114008439,0.0116225677
2014-09-24,0.0021724089,0.0025777485,0.0035869779,0.0046342428,0.0057288443,0.0069542589,0.0090378575,0.0105785333,0.0104824708,0.0104905215,0.0104962471
2014-09-23,0.0021098880,0.0024302265,0.0034263484,0.0044340213,0.0056206606,0.0068283439,0.0088701115,0.0103626436,0.0102470142,0.0102571449,0.0102632855
2014-09-22,0.0019843355,0.0024405329,0.0033028152,0.0042625021,0.0054977405,0.0064687796,0.0087389995,0.0102704807,0.0103581974,0.0104886607,0.0106034180
2014-09-19,0.0012702329,0.0017957945,0.0027978768,0.0038663471,0.0050452945,0.0062809287,0.0083953853,0.0098089399,0.0098812263,0.0100882171,0.0101111429
2014-09-18,0.0014730754,0.0020352350,0.0030030500,0.0040705138,0.0051882380,0.0064072212,0.0084724538,0.0098781093,0.0100460719,0.0100892420,0.0100291941
2014-09-17,0.0018997697,0.0024083255,0.0032884791,0.0042866445,0.0054604690,0.0066456265,0.0087362969,0.0101979271,0.0103718769,0.0105088810,0.0103217547
2014-09-16,0.0016580800,0.0022563120,0.0032441874,0.0043288988,0.0055455490,0.0068021612,0.0090099042,0.0104592963,0.0105430156,0.0108076269,0.0108160305
2014-09-15,0.0017834581,0.0022759022,0.0032599589,0.0043098489,0.0054847376,0.0067080761,0.0087971266,0.0102400603,0.0102993989,0.0104189940,0.0103161050
2014-09-12,0.0013916483,0.0019480391,0.0029443907,0.0040546714,0.0052562519,0.0065030698,0.0085884529,0.0100915761,0.0100544118,0.0104748642,0.0100860068
2014-09-11,0.0015236291,0.0020639142,0.0030128408,0.0040784730,0.0052450766,0.0064734052,0.0085072603,0.0100417020,0.0100477777,0.0102758156,0.0098257037
2014-09-10,0.0013991882,0.0020143441,0.0029632100,0.0040413682,0.0052746073,0.0065175107,0.0086000113,0.0100630844,0.0103106132,0.0107195058,0.0104214716
2014-09-09,0.0014036183,0.0018751694,0.0029029996,0.0039502597,0.0051329438,0.0064314523,0.0085082489,0.0099449941,0.0099123329,0.0101440689,0.0099078445
2014-09-08,0.0011528156,0.0016484649,0.0026841437,0.0037445423,0.0049080705,0.0062373640,0.0083292429,0.0098076663,0.0097470198,0.0097013905,0.0096463862
2014-09-05,0.0011463685,0.0016264803,0.0026686123,0.0037242573,0.0048664676,0.0062074016,0.0082983968,0.0097572675,0.0096910672,0.0096534292,0.0095620363
2014-09-04,0.0013339558,0.0018629459,0.0028518783,0.0038964071,0.0051471561,0.0064345877,0.0085122496,0.0099913917,0.0101240929,0.0100885969,0.0100386307
2014-09-03,0.0012549210,0.0018414635,0.0029175412,0.0040281098,0.0053328311,0.0066507310,0.0087695721,0.0103589282,0.0103242676,0.0101920579,0.0101604694
2014-09-02,0.0013140512,0.0019238202,0.0029879958,0.0041232961,0.0054383167,0.0067428309,0.0088602033,0.0104468733,0.0104115012,0.0103359689,0.0101897340
2014-09-01,0.0015543196,0.0021442415,0.0031956700,0.0043162919,0.0056208805,0.0069370736,0.0090974998,0.0106850276,0.0106615382,0.0106588813,0.0104618295
2014-08-29,0.0014006015,0.0020257683,0.0031604866,0.0043179819,0.0056550832,0.0069534659,0.0090525661,0.0105848773,0.0108022885,0.0112299189,0.0109282718
2014-08-28,0.0013220176,0.0019414494,0.0031396950,0.0043662181,0.0056954903,0.0070076889,0.0091379786,0.0106596079,0.0108884324,0.0114170659,0.0110660604
2014-08-27,0.0014866177,0.0020223098,0.0031706570,0.0043571700,0.0056810736,0.0070409262,0.0092166625,0.0108058539,0.0107586152,0.0110455232,0.0107763248
2014-08-26,0.0014411479,0.0020751652,0.0032171995,0.0044427886,0.0057384570,0.0070890038,0.0093048578,0.0108257038,0.0110824918,0.0111801623,0.0110315358
2014-08-25,0.0016888379,0.0023006232,0.0035201162,0.0047716894,0.0060928699,0.0074923985,0.0096898231,0.0112722215,0.0114722990,0.0118365173,0.0115623557
2014-08-22,0.0016887860,0.0023006211,0.0035204042,0.0047720923,0.0060930891,0.0074924124,0.0096903865,0.0112751687,0.0114810544,0.0118469966,0.0115802013
2014-08-21,0.0018412825,0.0023973516,0.0035655328,0.0048161993,0.0060927339,0.0074988234,0.0096702162,0.0112099590,0.0115367305,0.0116197506,0.0114277116
2014-08-20,0.0018295365,0.0024526094,0.0036807975,0.0049277669,0.0062378555,0.0076799949,0.0098914423,0.0114952681,0.0114848140,0.0117662447,0.0115066397
2014-08-19,0.0020820114,0.0027260586,0.0039334292,0.0051509418,0.0064744447,0.0078580738,0.0100524927,0.0116314656,0.0118373602,0.0119960837,0.0117367433
2014-08-18,0.0021896718,0.0028046301,0.0039570351,0.0052134667,0.0065461902,0.0079625577,0.0101441951,0.0117338911,0.0118771148,0.0122385260,0.0119627924
2014-08-15,0.0023637377,0.0029896135,0.0041813547,0.0054508899,0.0068111430,0.0081624249,0.0104156146,0.0120088049,0.0120525621,0.0124372724,0.0121938874
2014-08-14,0.0023710579,0.0030297644,0.0040615403,0.0052959295,0.0066479720,0.0080878761,0.0103277982,0.0118815305,0.0121828021,0.0122704422,0.0121554180
2014-08-13,0.0026556199,0.0033619909,0.0044305573,0.0057004537,0.0070268025,0.0085489926,0.0108887467,0.0125391591,0.0125791008,0.0124441742,0.0122236565
2014-08-12,0.0029405660,0.0036488127,0.0048294535,0.0061201827,0.0074537006,0.0089342075,0.0112351170,0.0128439818,0.0127727583,0.0129073900,0.0126569879
2014-08-11,0.0029573902,0.0036536613,0.0048134541,0.0061261975,0.0074573787,0.0089378155,0.0112372237,0.0129012745,0.0128751503,0.0129973010,0.0128970392
2014-08-08,0.0031689928,0.0040711847,0.0052969690,0.0066162115,0.0080136092,0.0094842424,0.0117643569,0.0133857860,0.0135990763,0.0139614623,0.0138572525
2014-08-07,0.0033383569,0.0041018465,0.0052615846,0.0065919503,0.0079995438,0.0095034871,0.0118538436,0.0135078908,0.0136974790,0.0139882134,0.0137967815
2014-08-06,0.0029580942,0.0038469349,0.0049326315,0.0061834207,0.0076546345,0.0091604437,0.0114929727,0.0131480621,0.0136830703,0.0139957732,0.0139021819
2014-08-05,0.0026719900,0.0035132066,0.0046523464,0.0059028332,0.0072560397,0.0087366577,0.0110514802,0.0126885539,0.0128784631,0.0131443670,0.0128544715
2014-08-04,0.0028644406,0.0037852741,0.0049271016,0.0062183462,0.0076596307,0.0091345653,0.0114487673,0.0130091879,0.0132447582,0.0135655596,0.0134967727
2014-08-01,0.0030128921,0.0039950635,0.0051642975,0.0064935207,0.0079204257,0.0094053195,0.0117140804,0.0132788369,0.0136490352,0.0139302986,0.0138878962
2014-07-31,0.0030771095,0.0039517146,0.0050644539,0.0062928422,0.0076517228,0.0091303342,0.0114614418,0.0130592497,0.0130418501,0.0133783158,0.0131195166
2014-07-30,0.0020825626,0.0028817771,0.0040057624,0.0052393828,0.0065947921,0.0079901436,0.0102779165,0.0117799015,0.0120365055,0.0126121332,0.0122014550
2014-07-29,0.0021962802,0.0030469184,0.0040581502,0.0052946698,0.0066595553,0.0080672959,0.0103813115,0.0119280674,0.0122553052,0.0127159403,0.0125544036
2014-07-28,0.0022631258,0.0030454845,0.0040402015,0.0052993759,0.0066768143,0.0080644894,0.0103380218,0.0118020903,0.0120844119,0.0121843823,0.0119523436
2014-07-25,0.0022400189,0.0029419566,0.0040364949,0.0052989416,0.0066258526,0.0080495283,0.0103031055,0.0118664754,0.0119127443,0.0122953192,0.0120168472
2014-07-24,0.0022400456,0.0029419395,0.0040361312,0.0052980884,0.0066241140,0.0080472667,0.0102995176,0.0118609469,0.0119079528,0.0122886445,0.0120010400
2014-07-23,0.0021254147,0.0028837539,0.0039827594,0.0052748376,0.0066590601,0.0080651262,0.0103277564,0.0118396305,0.0121709810,0.0124926459,0.0124196024
2014-07-22,0.0022124283,0.0030256890,0.0041392197,0.0054192661,0.0068082085,0.0082632772,0.0105391963,0.0121126737,0.0123853429,0.0126626548,0.0125897203
2014-07-21,0.0028020215,0.0034619227,0.0045903703,0.0059353173,0.0073681278,0.0088365073,0.0111071728,0.0127352884,0.0124543685,0.0128359484,0.0125363998
2014-07-18,0.0025106919,0.0034099642,0.0045009481,0.0058741854,0.0072837749,0.0087246965,0.0111022831,0.0126978577,0.0135439129,0.0137832322,0.0143170710
2014-07-17,0.0024968583,0.0033488700,0.0045233517,0.0058652367,0.0073054919,0.0087823910,0.0110943089,0.0127461124,0.0131250542,0.0135835524,0.0133796713
2014-07-16,0.0023710634,0.0032069677,0.0043998847,0.0057232879,0.0070659880,0.0085255946,0.0108105330,0.0123695426,0.0125999254,0.0130634405,0.0127873400
2014-07-15,0.0025900100,0.0035127749,0.0046184540,0.0059228559,0.0073487060,0.0088706150,0.0112016530,0.0128166586,0.0132435879,0.0136896384,0.0134839217
2014-07-14,0.0026094991,0.0034274530,0.0045915873,0.0059074735,0.0073343443,0.0088330811,0.0111456560,0.0126950772,0.0127605302,0.0130384089,0.0129155588
2014-07-11,0.0027806011,0.0035309080,0.0047164791,0.0060005646,0.0073553317,0.0088306752,0.0111079472,0.0127038108,0.0125404681,0.0128018565,0.0125767286
2014-07-10,0.0027763259,0.0035323897,0.0047562222,0.0061124265,0.0075041058,0.0089781838,0.0112544781,0.0128432331,0.0127089416,0.0130591400,0.0127595137
2014-07-09,0.0023732505,0.0032099330,0.0044037432,0.0057320631,0.0071480330,0.0086235297,0.0109302677,0.0125182411,0.0129635075,0.0130432230,0.0130190352
2014-07-08,0.0026787176,0.0034546474,0.0046513757,0.0059455964,0.0072792153,0.0086881207,0.0109657894,0.0125248966,0.0126254348,0.0130189545,0.0126964392
2014-07-07,0.0016848338,0.0025679355,0.0036355546,0.0048609434,0.0061720026,0.0076027883,0.0098161113,0.0113401190,0.0116685349,0.0121120648,0.0122485842
2014-07-04,0.0017572759,0.0024981540,0.0036307936,0.0048486524,0.0061431595,0.0075309641,0.0097789686,0.0112378384,0.0114155567,0.0117928742,0.0115942448
2014-07-03,0.0017634162,0.0024525873,0.0036116066,0.0048478389,0.0061413173,0.0075313126,0.0097989133,0.0112405502,0.0113340414,0.0116430071,0.0113669544
2014-07-02,0.0020416934,0.0028504177,0.0039816547,0.0052138815,0.0065132131,0.0079096870,0.0101605395,0.0115852279,0.0116613190,0.0120797896,0.0117352721
2014-07-01,0.0021546341,0.0029727871,0.0041505569,0.0054428807,0.0067453843,0.0081484990,0.0103955811,0.0118728780,0.0121171844,0.0125303558,0.0122992084
2014-06-30,0.0026567112,0.0035659961,0.0047378653,0.0060711027,0.0073970333,0.0088023914,0.0110788791,0.0125549321,0.0126692173,0.0129396615,0.0126203502
2014-06-27,0.0024974974,0.0033560769,0.0045420065,0.0058797943,0.0072210671,0.0086449817,0.0108734393,0.0124428421,0.0126858054,0.0132002095,0.0128702504
2014-06-26,0.0022196538,0.0030577227,0.0042231804,0.0055324109,0.0068687279,0.0082807478,0.0104914317,0.0120599613,0.0122721791,0.0127918011,0.0124689172
2014-06-25,0.0018946551,0.0026316950,0.0037978513,0.0051679155,0.0065074702,0.0079242846,0.0101521606,0.0116475890,0.0118983269,0.0121660730,0.0121467423
2014-06-24,0.0020223826,0.0027038205,0.0039103452,0.0051944631,0.0064673786,0.0078759754,0.0101279991,0.0116240817,0.0117044645,0.0118645057,0.0118053677
2014-06-23,0.0017856121,0.0024824652,0.0036130191,0.0049587151,0.0063461700,0.0077091091,0.0099421173,0.0114097140,0.0118278456,0.0121730452,0.0124446943
2014-06-20,0.0016155582,0.0022838540,0.0033906508,0.0046972371,0.0060333657,0.0074696051,0.0097512547,0.0112381874,0.0112886109,0.0115843286,0.0116439596
2014-06-19,0.0013586734,0.0019612055,0.0031256882,0.0044294458,0.0057931041,0.0072231282,0.0095391439,0.0110401665,0.0111650123,0.0114773029,0.0113367266
2014-06-18,0.0017288424,0.0023488157,0.0035229338,0.0048438871,0.0062105094,0.0076299744,0.0099717252,0.0114565126,0.0116287201,0.0119800388,0.0120359013
2014-06-17,0.0017794935,0.0024259247,0.0036180515,0.0049467320,0.0062725751,0.0076928673,0.0099752779,0.0114905408,0.0116363787,0.0120447268,0.0119561405
2014-06-16,0.0017591192,0.0023532035,0.0035778762,0.0049475547,0.0063794905,0.0078366871,0.0101554283,0.0116982453,0.0119125323,0.0120857748,0.0120167331
2014-06-13,0.0016697064,0.0022795657,0.0034649650,0.0047598244,0.0060961145,0.0074693661,0.0096741033,0.0111623450,0.0115661832,0.0117513020,0.0119147673
2014-06-12,0.0014562051,0.0020403402,0.0032547654,0.0045545331,0.0058524952,0.0072952451,0.0095062576,0.0110292383,0.0113078316,0.0115072561,0.0115582129
2014-06-11,0.0015838183,0.0021094249,0.0033424620,0.0046978227,0.0061022233,0.0076008060,0.0098335041,0.0113805925,0.0116601128,0.0118423291,0.0119164208
2014-06-10,0.0015557901,0.0020740962,0.0032499996,0.0046572502,0.0061724323,0.0076985942,0.0099873667,0.0115243206,0.0116914679,0.0117550205,0.0118395503
2014-06-09,0.0012383934,0.0017683862,0.0029774827,0.0044093055,0.0059922537,0.0075694170,0.0100067341,0.0114387146,0.0116731040,0.0117769920,0.0115583485
2014-06-06,0.0013431158,0.0019893217,0.0032489338,0.0047172786,0.0062596930,0.0080212091,0.0106227578,0.0122534369,0.0121838473,0.0123115306,0.0119823722
2014-06-05,0.0016953873,0.0023588738,0.0036782230,0.0052767061,0.0071185166,0.0089735967,0.0116639135,0.0133830004,0.0134058416,0.0133025720,0.0133233096
2014-06-04,0.0019182898,0.0026196894,0.0039426628,0.0056462125,0.0075156882,0.0094112467,0.0120389637,0.0138579112,0.0140133384,0.0137737772,0.0139735732
2014-06-03,0.0021107159,0.0027081795,0.0041279405,0.0058160742,0.0076752480,0.0094243302,0.0120291099,0.0137616310,0.0136864410,0.0136634551,0.0136359722
2014-06-02,0.0018877410,0.0025585682,0.0039939313,0.0057540053,0.0076207248,0.0094813836,0.0122034630,0.0139030843,0.0139840332,0.0138006177,0.0139269920
2014-05-30,0.0019659792,0.0026075458,0.0040731197,0.0057825075,0.0076435353,0.0093855061,0.0120591767,0.0137799794,0.0138731214,0.0137162795,0.0137915878
2014-05-29,0.0019385890,0.0026013610,0.0040471408,0.0057951182,0.0076114771,0.0095292828,0.0121965171,0.0139308833,0.0138784469,0.0139268416,0.0137961655
2014-05-28,0.0018430416,0.0026005970,0.0040654822,0.0057603092,0.0075535059,0.0094477696,0.0120740834,0.0138995884,0.0138163403,0.0138391220,0.0135629643
2014-05-27,0.0019529069,0.0026842861,0.0040541635,0.0057195868,0.0075364718,0.0093044611,0.0118038969,0.0136658478,0.0140012169,0.0139645011,0.0142001155
2014-05-26,0.0023082849,0.0031159325,0.0045661274,0.0063107346,0.0080729136,0.0100320155,0.0126415536,0.0145114345,0.0144703938,0.0145314580,0.0143578138
2014-05-23,0.0023082192,0.0031160508,0.0045665571,0.0063113958,0.0080735143,0.0100325351,0.0126415655,0.0145106564,0.0144673905,0.0145280837,0.0143490047
2014-05-22,0.0027716684,0.0035912281,0.0050893332,0.0068373653,0.0085833792,0.0104611835,0.0130173131,0.0149006476,0.0149831366,0.0152026008,0.0150956153
2014-05-21,0.0025789764,0.0033758597,0.0048359389,0.0065868721,0.0083793163,0.0102383042,0.0128147153,0.0146925182,0.0148585482,0.0149376644,0.0150260911
2014-05-20,0.0026994012,0.0033839815,0.0047967297,0.0066183490,0.0085541282,0.0104109172,0.0130057297,0.0148774002,0.0151373399,0.0152274084,0.0153149453
2014-05-19,0.0022512266,0.0030213364,0.0043956960,0.0061641596,0.0080026785,0.0098913288,0.0124541637,0.0142940326,0.0145470822,0.0145745978,0.0147312028
2014-05-16,0.0022446347,0.0029597387,0.0044639508,0.0061888330,0.0080152031,0.0098031719,0.0123986310,0.0141762281,0.0143536425,0.0144602647,0.0145313443
2014-05-15,0.0021193588,0.0027311834,0.0041733819,0.0059699596,0.0079116474,0.0097576834,0.0124669436,0.0143544865,0.0142318018,0.0142023001,0.0141935158
2014-05-14,0.0013651687,0.0020275082,0.0034616753,0.0051961130,0.0070022367,0.0087985863,0.0114290225,0.0133154938,0.0132887771,0.0132708859,0.0132118387
2014-05-13,0.0011719019,0.0018656744,0.0032827387,0.0050760261,0.0068649574,0.0087779098,0.0114711503,0.0133182539,0.0133738319,0.0133200845,0.0132958845
2014-05-12,0.0013524749,0.0020370117,0.0035046130,0.0053366867,0.0071765250,0.0089888855,0.0116317199,0.0134901577,0.0134716246,0.0135250024,0.0131873222
2014-05-09,0.0015608714,0.0022240840,0.0037414833,0.0056107326,0.0075022331,0.0092049319,0.0117945371,0.0136642804,0.0135701323,0.0137330727,0.0130796463
2014-05-08,0.0012009766,0.0019675353,0.0035307891,0.0053630019,0.0072916205,0.0091626406,0.0118186016,0.0136919162,0.0137768673,0.0137572246,0.0136183133
2014-05-07,0.0012231819,0.0020268954,0.0037118601,0.0055604447,0.0075165473,0.0094892043,0.0122258800,0.0141405452,0.0140343685,0.0139599831,0.0137380148
2014-05-06,0.0013152152,0.0021453907,0.0039931143,0.0058844347,0.0078087136,0.0098166183,0.0125733477,0.0144771744,0.0143372801,0.0143371131,0.0142590227
2014-05-05,0.0012976501,0.0020581583,0.0039135383,0.0057481470,0.0076673438,0.0096954585,0.0124745038,0.0143382382,0.0142315018,0.0142833807,0.0141358546
2014-05-02,0.0012975654,0.0020581934,0.0039137696,0.0057487270,0.0076683922,0.0096960078,0.0124749484,0.0143384760,0.0142316414,0.0142851628,0.0141368337
2014-05-01,0.0013592465,0.0022694431,0.0042026124,0.0061443583,0.0080451881,0.0100130066,0.0127881310,0.0147112200,0.0148274672,0.0150212115,0.0149355595
2014-04-30,0.0014669051,0.0023058709,0.0041946296,0.0061711911,0.0081917258,0.0101374720,0.0128076209,0.0147860198,0.0147252298,0.0147120821,0.0142911212
2014-04-29,0.0016301838,0.0025020444,0.0044889880,0.0063709838,0.0082823394,0.0102722058,0.0129943758,0.0149562478,0.0151115633,0.0152485529,0.0152585397
2014-04-28,0.0017999612,0.0027178206,0.0047568108,0.0067211866,0.0086953058,0.0106254257,0.0133791733,0.0151994052,0.0153120387,0.0154499046,0.0151314768
2014-04-25,0.0020832943,0.0029414980,0.0048730916,0.0069443568,0.0090348621,0.0109099658,0.0136238082,0.0155529328,0.0155173537,0.0154727620,0.0151332432
2014-04-24,0.0018917155,0.0027859898,0.0045914844,0.0066802276,0.0086802555,0.0106428442,0.0133156850,0.0153422274,0.0154321883,0.0156678837,0.0156043726
2014-04-23,0.0014610084,0.0024762097,0.0044505151,0.0065797102,0.0085654820,0.0104802060,0.0131873625,0.0151994917,0.0153376155,0.0154283191,0.0151282154
2014-04-22,0.0016494883,0.0026611226,0.0046887300,0.0066548616,0.0087186374,0.0106905737,0.0134461875,0.0153673724,0.0150757062,0.0151166296,0.0149674971
2014-04-21,0.0017461770,0.0027683839,0.0048652722,0.0068536216,0.0089015942,0.0108941679,0.0136511401,0.0155858780,0.0152841546,0.0153109739,0.0151981968
2014-04-18,0.0017460765,0.0027683906,0.0048654847,0.0068539898,0.0089020722,0.0108947852,0.0136519100,0.0155866555,0.0152849147,0.0153117087,0.0151990273
2014-04-17,0.0017461466,0.0027683180,0.0048637880,0.0068510795,0.0088973945,0.0108906606,0.0136477969,0.0155826378,0.0152818009,0.0153061482,0.0151966379
2014-04-16,0.0017182798,0.0027475460,0.0048959438,0.0068700801,0.0090219193,0.0109542326,0.0136914246,0.0156488352,0.0153807425,0.0154094912,0.0152648261
2014-04-15,0.0019626179,0.0029960065,0.0051252459,0.0071417564,0.0091921819,0.0112123178,0.0139955060,0.0159479293,0.0160172646,0.0161268599,0.0158377955
2014-04-14,0.0018992603,0.0028305083,0.0049535147,0.0069543888,0.0090410370,0.0110363623,0.0138470694,0.0157604433,0.0159539447,0.0161137652,0.0161169110
2014-04-11,0.0019762063,0.0029689548,0.0050977953,0.0071031981,0.0092612378,0.0112069932,0.0140050394,0.0159950495,0.0160584882,0.0161995716,0.0158463574
2014-04-10,0.0017044864,0.0025709693,0.0045804253,0.0064741949,0.0085019059,0.0105309417,0.0133010059,0.0153838009,0.0155786855,0.0156136417,0.0157537658
2014-04-09,0.0015288961,0.0025181154,0.0046354204,0.0066438044,0.0087035116,0.0107903519,0.0136321892,0.0157069127,0.0153730670,0.0153453413,0.0152696080
2014-04-08,0.0019468400,0.0029049777,0.0047818437,0.0068494002,0.0089685563,0.0110881339,0.0138223535,0.0160374122,0.0156501053,0.0156159917,0.0158341019
2014-04-07,0.0020488003,0.0030156684,0.0048306484,0.0068456147,0.0090894076,0.0111638918,0.0138925894,0.0161502211,0.0156993517,0.0158299583,0.0159520562
2014-04-04,0.0016297808,0.0027830243,0.0047608493,0.0068119305,0.0089983952,0.0110910975,0.0138791147,0.0160712811,0.0157216629,0.0158262223,0.0155528219
2014-04-03,0.0020545446,0.0032104970,0.0052020094,0.0072615346,0.0094544294,0.0116059409,0.0144729034,0.0166872266,0.0163752890,0.0163361090,0.0161628031
2014-04-02,0.0019148956,0.0031436720,0.0051845587,0.0072537974,0.0095244976,0.0117064592,0.0146321220,0.0168224687,0.0162741458,0.0161702838,0.0159325784
2014-04-01,0.0020561880,0.0033822664,0.0053272707,0.0074512810,0.0097391860,0.0119093356,0.0147499174,0.0170379911,0.0167762990,0.0167261264,0.0165840893
2014-03-31,0.0023704295,0.0036599913,0.0056120029,0.0077490940,0.0100633444,0.0123202737,0.0151357931,0.0175024378,0.0168044938,0.0166546862,0.0164575570
2014-03-28,0.0024805782,0.0038128147,0.0058336515,0.0080204681,0.0103029913,0.0125671940,0.0154407658,0.0177639323,0.0179442900,0.0181910485,0.0175485107
2014-03-27,0.0025715190,0.0039019094,0.0060293884,0.0081517034,0.0104429412,0.0127341229,0.0157185213,0.0178884180,0.0174909950,0.0176075863,0.0173056218
2014-03-26,0.0026476437,0.0039337820,0.0058988557,0.0080345818,0.0103462660,0.0126248910,0.0153728349,0.0177640627,0.0180208270,0.0178452478,0.0176748031
2014-03-25,0.0030525123,0.0042031996,0.0062414273,0.0084737526,0.0108239952,0.0130238551,0.0158404104,0.0182050588,0.0175972807,0.0174142557,0.0175670719
2014-03-24,0.0027476347,0.0040897775,0.0060483226,0.0083181618,0.0106598921,0.0129364336,0.0157828724,0.0181600923,0.0184632853,0.0185997611,0.0187290664
2014-03-21,0.0028272022,0.0038759435,0.0060319189,0.0081648209,0.0104122195,0.0127573004,0.0156798389,0.0179034860,0.0176221535,0.0175872328,0.0177918040
2014-03-20,0.0028077506,0.0040266973,0.0060879991,0.0082711777,0.0106653005,0.0128991646,0.0157001312,0.0180544409,0.0177785801,0.0177815000,0.0175543550
2014-03-19,0.0023914197,0.0036041124,0.0056145233,0.0077760384,0.0100733339,0.0122961185,0.0150671312,0.0174028513,0.0170482232,0.0171105580,0.0168415248
2014-03-18,0.0027138642,0.0039536103,0.0059967484,0.0082022156,0.0105012289,0.0127301445,0.0155158063,0.0178542404,0.0175656395,0.0175924071,0.0173504416
2014-03-17,0.0030299140,0.0043341262,0.0064163297,0.0086760322,0.0109275274,0.0131583088,0.0159868373,0.0183035267,0.0180261505,0.0181064521,0.0178274000
2014-03-14,0.0034207480,0.0046248654,0.0068541388,0.0090606416,0.0113625371,0.0136242947,0.0165088138,0.0187604216,0.0185292864,0.0185655697,0.0182734813
2014-03-13,0.0033398317,0.0046099363,0.0067284782,0.0089769002,0.0112650299,0.0135541320,0.0163158134,0.0186108976,0.0182369543,0.0183325066,0.0181141347
2014-03-12,0.0030415405,0.0042828476,0.0064607747,0.0086705694,0.0108906983,0.0131413093,0.0160534932,0.0182489776,0.0179609442,0.0180433358,0.0177927290
2014-03-11,0.0027662662,0.0041437625,0.0061248096,0.0083033616,0.0105438919,0.0127755532,0.0155092100,0.0178710344,0.0180601620,0.0183047562,0.0176922878
2014-03-10,0.0028215886,0.0039814942,0.0060081424,0.0083233225,0.0106803370,0.0128426326,0.0156284970,0.0179731656,0.0173295944,0.0171900297,0.0172872809
2014-03-07,0.0025767300,0.0037899414,0.0059783837,0.0082337424,0.0104653468,0.0126784995,0.0156484213,0.0177847548,0.0174809148,0.0175373631,0.0176361944
2014-03-06,0.0028392686,0.0040474463,0.0062143134,0.0084128283,0.0106557371,0.0128832013,0.0157890106,0.0179972384,0.0176739191,0.0177592618,0.0174867570
2014-03-05,0.0030266768,0.0042905582,0.0064962092,0.0086660836,0.0109333707,0.0131615365,0.0160487030,0.0182795105,0.0179448244,0.0180840308,0.0177476653
2014-03-04,0.0033649982,0.0046816735,0.0068264991,0.0090954744,0.0113052802,0.0135449614,0.0164550186,0.0186572776,0.0183976254,0.0184775641,0.0181819883
2014-03-03,0.0034949691,0.0047809617,0.0068959890,0.0092614971,0.0116059276,0.0138157617,0.0165395291,0.0188483315,0.0185775179,0.0187085762,0.0183729523
2014-02-28,0.0031320580,0.0044006845,0.0064050012,0.0086808485,0.0109799798,0.0131838143,0.0159530004,0.0182625638,0.0179630035,0.0178774435,0.0177639328
2014-02-27,0.0033018483,0.0045634518,0.0066334213,0.0089595632,0.0113394957,0.0134769258,0.0162026390,0.0185510487,0.0177455444,0.0175112300,0.0177705630
2014-02-26,0.0032221098,0.0045097579,0.0069233646,0.0091380828,0.0113239910,0.0135490739,0.0165362619,0.0186429822,0.0182402654,0.0186994785,0.0179650413
2014-02-25,0.0030733243,0.0045557598,0.0067933381,0.0090143179,0.0112701161,0.0133630190,0.0162829545,0.0184143270,0.0187398313,0.0191432279,0.0189507537
2014-02-24,0.0034563994,0.0047311106,0.0068245028,0.0090790686,0.0112819655,0.0135075313,0.0163742530,0.0185434505,0.0182248224,0.0183841983,0.0179947377
2014-02-21,0.0034114724,0.0046761207,0.0069713390,0.0091909359,0.0113486327,0.0136820351,0.0165477079,0.0187170936,0.0181438724,0.0180932717,0.0178329244
2014-02-20,0.0033021211,0.0046610860,0.0070480725,0.0093660026,0.0115386968,0.0138822178,0.0167302048,0.0188339266,0.0185205617,0.0186731019,0.0183367702
2014-02-19,0.0033445292,0.0046072123,0.0069484086,0.0091479727,0.0113343398,0.0136912633,0.0164695063,0.0186470127,0.0182979868,0.0184454089,0.0181536025
2014-02-18,0.0029422791,0.0043128045,0.0067405935,0.0090025473,0.0111381860,0.0135105189,0.0163181983,0.0183781850,0.0179625814,0.0180761999,0.0178364725
2014-02-17,0.0030937628,0.0043238698,0.0065071866,0.0088012087,0.0110183340,0.0133096184,0.0160297986,0.0182575987,0.0179130377,0.0180824351,0.0177672033
2014-02-14,0.0034047224,0.0044864221,0.0064904007,0.0088612505,0.0111855405,0.0134709692,0.0161314011,0.0183072982,0.0182382236,0.0184194321,0.0185692825
2014-02-13,0.0036435941,0.0048576839,0.0071102703,0.0093833247,0.0116641735,0.0139099636,0.0166811540,0.0188207698,0.0185187015,0.0186820075,0.0183440917
2014-02-12,0.0034174827,0.0045791407,0.0067268701,0.0090358797,0.0112891684,0.0135904965,0.0163464252,0.0183894919,0.0182884203,0.0185318211,0.0185552737
2014-02-11,0.0032597120,0.0043325226,0.0066280022,0.0089942224,0.0112710190,0.0136481229,0.0164028673,0.0186267273,0.0183589271,0.0183529887,0.0181552064
2014-02-10,0.0034343503,0.0045234850,0.0067623189,0.0091540042,0.0115688460,0.0138655411,0.0165885646,0.0187757323,0.0184167288,0.0184530145,0.0182598217
2014-02-07,0.0032853016,0.0046512394,0.0070293469,0.0094147475,0.0116507231,0.0138948211,0.0166475535,0.0188682281,0.0185407407,0.0187498221,0.0183678480
2014-02-06,0.0036106738,0.0048122843,0.0072839792,0.0096180441,0.0118655577,0.0141833257,0.0170143829,0.0191320818,0.0187655558,0.0188439105,0.0186001499
2014-02-05,0.0041692157,0.0054692999,0.0078112574,0.0102877071,0.0126235857,0.0149081371,0.0177120774,0.0199213037,0.0198788233,0.0200894806,0.0198642235
2014-02-04,0.0044730335,0.0057748936,0.0082741769,0.0107976855,0.0130487780,0.0154549268,0.0183655881,0.0204382210,0.0204376726,0.0206556963,0.0204222851
2014-02-03,0.0047107234,0.0057740243,0.0080321294,0.0109538037,0.0133660895,0.0156627844,0.0185481523,0.0205831583,0.0205926341,0.0208058085,0.0209746709
2014-01-31,0.0046050148,0.0058149295,0.0083042930,0.0109302052,0.0132118317,0.0156139457,0.0184730276,0.0205382228,0.0209836805,0.0209815137,0.0209274445
2014-01-30,0.0045000834,0.0057139723,0.0082485859,0.0107379828,0.0130907252,0.0153878545,0.0183283112,0.0203788369,0.0205652340,0.0208162751,0.0205144976
2014-01-29,0.0043705040,0.0057598007,0.0081056370,0.0105185435,0.0127822189,0.0150894160,0.0178152520,0.0198935523,0.0196473638,0.0197032403,0.0195562379
2014-01-28,0.0039710926,0.0053344622,0.0075677164,0.0100602509,0.0123451282,0.0145775554,0.0172360510,0.0193512002,0.0189834794,0.0191328300,0.0188486010
2014-01-27,0.0046632603,0.0057918332,0.0084674702,0.0109328151,0.0132430422,0.0155445507,0.0183938301,0.0205083730,0.0204224637,0.0206095541,0.0204486001
2014-01-24,0.0046054409,0.0060816671,0.0083548557,0.0109859060,0.0132097591,0.0155858639,0.0182836949,0.0202863673,0.0202858736,0.0205860448,0.0202831325
2014-01-23,0.0033955806,0.0046653200,0.0069646663,0.0092903357,0.0114261084,0.0137309543,0.0163626339,0.0182631257,0.0185551151,0.0188690078,0.0185190807
2014-01-22,0.0028416673,0.0040114153,0.0061752127,0.0083920064,0.0105553514,0.0127446660,0.0153563493,0.0171195728,0.0174939723,0.0178064982,0.0173972860
2014-01-21,0.0024843429,0.0036043774,0.0057528590,0.0080019568,0.0101758073,0.0123762376,0.0150108530,0.0168914023,0.0170399874,0.0172004350,0.0167908409
2014-01-20,0.0026320005,0.0037892745,0.0058384901,0.0080747201,0.0102977679,0.0124485273,0.0150252671,0.0168658152,0.0170234696,0.0172335578,0.0167880102
2014-01-17,0.0024216261,0.0036070386,0.0057710275,0.0079675241,0.0101523343,0.0122720633,0.0148913127,0.0166659394,0.0170613026,0.0175096609,0.0169684628
2014-01-16,0.0024260857,0.0034618981,0.0055600775,0.0078365769,0.0100974656,0.0122646283,0.0148505861,0.0167273476,0.0166920971,0.0168588414,0.0166893034
2014-01-15,0.0023270229,0.0034933804,0.0055763616,0.0078258021,0.0100826939,0.0122533704,0.0148055859,0.0166415889,0.0169892822,0.0174099569,0.0168735682
2014-01-14,0.0029145165,0.0040066135,0.0061954438,0.0084447593,0.0106747343,0.0128376802,0.0154623035,0.0172034732,0.0175754600,0.0179129560,0.0178570707
2014-01-13,0.0027400407,0.0038887953,0.0060636426,0.0082831796,0.0104970425,0.0126680800,0.0153032556,0.0170045873,0.0173670023,0.0177004991,0.0172804452
2014-01-10,0.0025142332,0.0036381077,0.0057343461,0.0079870654,0.0102876375,0.0124190311,0.0150374504,0.0168226248,0.0169238877,0.0171746242,0.0166824386
2014-01-09,0.0025516431,0.0034329276,0.0057257078,0.0079811208,0.0102594207,0.0124012247,0.0151241474,0.0168043789,0.0169287032,0.0170279797,0.0167252733
2014-01-08,0.0020683789,0.0031723794,0.0054338762,0.0078724718,0.0101649995,0.0123606793,0.0150034097,0.0168049711,0.0170860702,0.0173118355,0.0170275549
2014-01-07,0.0016560995,0.0025792555,0.0049222997,0.0073223245,0.0095740405,0.0118747425,0.0146174382,0.0164449311,0.0158980898,0.0158676943,0.0156868891
2014-01-06,0.0015342466,0.0022599093,0.0047451106,0.0069393043,0.0093025063,0.0115956948,0.0144442629,0.0162411796,0.0156137892,0.0155710277,0.0153717506
2014-01-03,0.0013944169,0.0021686544,0.0047571061,0.0071248562,0.0094824220,0.0118420929,0.0145852414,0.0164452815,0.0167043603,0.0167823533,0.0164254980
2014-01-02,0.0011171887,0.0017919748,0.0043519803,0.0070248176,0.0095785403,0.0121705914,0.0151694831,0.0171145390,0.0163342084,0.0163433444,0.0159801149
2014-01-01,0.0007618365,0.0015804952,0.0041741254,0.0069252945,0.0096166415,0.0121497417,0.0150604356,0.0171323130,0.0159838243,0.0162399124,0.0155892759
2013-12-31,0.0007619994,0.0015807424,0.0041744523,0.0069257738,0.0096172407,0.0121504962,0.0150617063,0.0171345579,0.0159917728,0.0162461195,0.0156072466
2013-12-30,0.0010369023,0.0017749027,0.0043587542,0.0071316833,0.0097834725,0.0122948416,0.0153337590,0.0173134919,0.0164675401,0.0164509728,0.0160527515
2013-12-27,0.0008980724,0.0016274798,0.0041946252,0.0069363786,0.0095274924,0.0120906586,0.0150919632,0.0170767565,0.0164330940,0.0163112549,0.0159413897
2013-12-26,0.0009558281,0.0017125427,0.0042810331,0.0070683574,0.0095630341,0.0122242041,0.0152325708,0.0171746152,0.0165428562,0.0164434176,0.0160630987
2013-12-25,0.0009561993,0.0017128927,0.0042814994,0.0070690454,0.0095639995,0.0122255006,0.0152337107,0.0171755891,0.0165434853,0.0164432469,0.0160631293
2013-12-24,0.0009564455,0.0017132345,0.0042814253,0.0070688470,0.0095639743,0.0122255371,0.0152338330,0.0171753653,0.0165431752,0.0164420124,0.0160597389
2013-12-23,0.0009909387,0.0017461658,0.0043129226,0.0070991418,0.0095987497,0.0122535222,0.0152646799,0.0172048476,0.0165346569,0.0164354703,0.0161033104
2013-12-20,0.0007991496,0.0018597255,0.0044243957,0.0071130299,0.0096849570,0.0121271923,0.0148623500,0.0168767950,0.0172885174,0.0172418540,0.0168745195
2013-12-19,0.0010931207,0.0019229196,0.0042293075,0.0067608707,0.0094623172,0.0119405527,0.0148826634,0.0169225411,0.0162704992,0.0161517333,0.0159100865
2013-12-18,0.0016936785,0.0026313021,0.0051813462,0.0078304424,0.0103037839,0.0128690561,0.0158608521,0.0176575148,0.0172288959,0.0173813402,0.0173376191
2013-12-17,0.0015054589,0.0025349529,0.0052062577,0.0079733060,0.0104395737,0.0130450366,0.0161044310,0.0179907029,0.0175909963,0.0176918870,0.0173685238
2013-12-16,0.0019628936,0.0029208472,0.0056068490,0.0083512512,0.0107341473,0.0133680089,0.0163859239,0.0181358006,0.0182425119,0.0183765260,0.0179018351
2013-12-13,0.0017780604,0.0028921958,0.0056612338,0.0084481023,0.0110312547,0.0135816291,0.0166134288,0.0184744039,0.0178710452,0.0177384857,0.0175746593
2013-12-12,0.0021757533,0.0031348974,0.0057844502,0.0086307120,0.0111561670,0.0136505683,0.0166386225,0.0184036914,0.0185515170,0.0187236617,0.0186793516
2013-12-11,0.0015568566,0.0026892900,0.0055024417,0.0083836326,0.0108613103,0.0134076664,0.0164341809,0.0182966704,0.0184044855,0.0186543952,0.0180135512
2013-12-10,0.0018391051,0.0029168995,0.0056691191,0.0084488065,0.0110465995,0.0135999945,0.0166934318,0.0185807790,0.0182061608,0.0182703816,0.0180143113
2013-12-09,0.0021413159,0.0032533011,0.0061493088,0.0089876481,0.0115637060,0.0141021382,0.0170920705,0.0190461415,0.0187947829,0.0189498945,0.0186153952
2013-12-06,0.0024442271,0.0036166383,0.0065201346,0.0094815058,0.0120252046,0.0145586229,0.0175058297,0.0193510942,0.0196916425,0.0200655531,0.0195349581
2013-12-05,0.0027907331,0.0038882157,0.0067123842,0.0098133991,0.0124858219,0.0149534765,0.0178827820,0.0196815441,0.0196127357,0.0198994094,0.0195657872
2013-12-04,0.0023417860,0.0036288446,0.0064540881,0.0093868190,0.0118632518,0.0145087753,0.0176149482,0.0195101869,0.0194453586,0.0196079415,0.0193357213
2013-12-03,0.0023803525,0.0036264058,0.0063231433,0.0092726777,0.0118196026,0.0144187535,0.0172481293,0.0191419435,0.0190491772,0.0192918649,0.0190163976
2013-12-02,0.0020819075,0.0031569779,0.0056684008,0.0085918014,0.0112393534,0.0137964950,0.0168437534,0.0187003461,0.0183068521,0.0183688194,0.0181341033
2013-11-29,0.0020763738,0.0032409747,0.0057457191,0.0086536354,0.0112558351,0.0138756176,0.0168090322,0.0187193373,0.0183176822,0.0183879251,0.0181576268
2013-11-28,0.0016928749,0.0027865747,0.0052747364,0.0082015881,0.0109290141,0.0134537142,0.0163312501,0.0182670952,0.0178845702,0.0179580379,0.0176883604
2013-11-27,0.0017967138,0.0027610586,0.0053238142,0.0082650227,0.0109818714,0.0135341196,0.0165732126,0.0185000575,0.0181006847,0.0181839223,0.0178785048
2013-11-26,0.0016614120,0.0027297535,0.0056588521,0.0086515794,0.0112765838,0.0138437931,0.0168857839,0.0189842338,0.0187675192,0.0188707256,0.0185252293
2013-11-25,0.0017398512,0.0029131161,0.0058120693,0.0088591876,0.0115534236,0.0141226409,0.0171018483,0.0192157986,0.0190325122,0.0191818590,0.0189063986
2013-11-22,0.0018219937,0.0031087956,0.0059694350,0.0090717777,0.0118370599,0.0144071054,0.0173206774,0.0194501879,0.0193012469,0.0194981223,0.0192954107
2013-11-21,0.0022656264,0.0036093735,0.0065729428,0.0099722777,0.0128637571,0.0153844088,0.0182742280,0.0203216108,0.0200132377,0.0201291875,0.0198089866
2013-11-20,0.0026019727,0.0038598938,0.0068365994,0.0101086808,0.0130103181,0.0155719599,0.0186042406,0.0206748919,0.0200306818,0.0199856042,0.0195843720
2013-11-19,0.0024005535,0.0035371172,0.0068583546,0.0103213871,0.0132022469,0.0156846955,0.0185455830,0.0205815655,0.0205524928,0.0208430304,0.0204920320
2013-11-18,0.0025315601,0.0036810923,0.0069766277,0.0103368106,0.0132279550,0.0157596057,0.0187005694,0.0208620193,0.0207222158,0.0208970666,0.0204899111
2013-11-15,0.0023265986,0.0036451142,0.0072222759,0.0108535931,0.0135733150,0.0163159029,0.0193171288,0.0214866872,0.0212324090,0.0214595504,0.0214707592
2013-11-14,0.0028693343,0.0040361690,0.0073452298,0.0107866316,0.0137142963,0.0162706249,0.0192411084,0.0213380099,0.0212661857,0.0213971483,0.0210388018
2013-11-13,0.0025728603,0.0038386746,0.0072560168,0.0109057740,0.0138095310,0.0163422764,0.0192408732,0.0212519413,0.0214472235,0.0216984437,0.0213621658
2013-11-12,0.0022108194,0.0036338014,0.0069119192,0.0103342111,0.0131037650,0.0157498641,0.0186772514,0.0207706491,0.0207423527,0.0210054996,0.0206473232
2013-11-11,0.0017641279,0.0031382913,0.0062590649,0.0095501060,0.0125040841,0.0151125666,0.0179846996,0.0201076114,0.0195112303,0.0193181065,0.0191878580
2013-11-08,0.0019022614,0.0030660375,0.0063972087,0.0097932515,0.0126743809,0.0152696057,0.0182028328,0.0203111591,0.0202326751,0.0204483188,0.0201729586
2013-11-07,0.0017790331,0.0029494615,0.0061470114,0.0096988640,0.0125839558,0.0152476314,0.0183171772,0.0205038490,0.0200884137,0.0203233938,0.0199340583
2013-11-06,0.0018317161,0.0028885385,0.0064581216,0.0101362738,0.0130821322,0.0157282189,0.0187005732,0.0209032857,0.0206833378,0.0208356518,0.0204274986
2013-11-05,0.0023996987,0.0034439333,0.0072437644,0.0107404415,0.0137425559,0.0162925135,0.0192369491,0.0212933936,0.0216620191,0.0225127741,0.0209877900
2013-11-04,0.0024087395,0.0032970980,0.0071019216,0.0106553112,0.0134654314,0.0162312677,0.0193858376,0.0213792084,0.0214466177,0.0218123416,0.0205379766
2013-11-01,0.0019695059,0.0030961975,0.0069550222,0.0106004737,0.0136010430,0.0162135310,0.0192720452,0.0212143613,0.0215798221,0.0217878229,0.0214097670
2013-10-31,0.0021411457,0.0030873360,0.0069814429,0.0107227917,0.0137245921,0.0163939180,0.0193217592,0.0213266568,0.0212364220,0.0214389724,0.0215007865
2013-10-30,0.0018558303,0.0033279063,0.0075026527,0.0115312661,0.0146087671,0.0173997363,0.0204726501,0.0224545631,0.0222277348,0.0223144273,0.0223895807
2013-10-29,0.0021052091,0.0035232756,0.0076332142,0.0115307130,0.0146175883,0.0173694358,0.0203327864,0.0223712047,0.0222578029,0.0224527931,0.0224982478
2013-10-28,0.0025090995,0.0041103124,0.0084580747,0.0124493306,0.0155549511,0.0183565661,0.0214481699,0.0234182378,0.0234118974,0.0235969584,0.0237235101
2013-10-25,0.0030285268,0.0043561782,0.0087582392,0.0128879843,0.0159564989,0.0187546095,0.0216442643,0.0236096248,0.0236409169,0.0238390785,0.0239603503
2013-10-24,0.0026314513,0.0038805212,0.0081518021,0.0122862588,0.0153189273,0.0182786067,0.0212181409,0.0232191601,0.0232083202,0.0234144274,0.0234745011
2013-10-23,0.0014832291,0.0028952088,0.0072268061,0.0116130352,0.0148437755,0.0175371984,0.0200739876,0.0222614030,0.0223351169,0.0226599807,0.0228923686
2013-10-22,0.0016577858,0.0027023282,0.0070362390,0.0112440112,0.0144895470,0.0175337294,0.0204985702,0.0225964894,0.0220513564,0.0218769358,0.0219906747
2013-10-21,0.0014804671,0.0026368943,0.0070916898,0.0114931712,0.0146997324,0.0176339765,0.0205406725,0.0226284628,0.0223883237,0.0224381914,0.0225530213
2013-10-18,0.0014465165,0.0029175591,0.0072483574,0.0117478578,0.0148714989,0.0178121518,0.0208795720,0.0228739105,0.0225888535,0.0226916496,0.0224152302
2013-10-17,0.0014363699,0.0027684248,0.0070686662,0.0116707082,0.0148673263,0.0177097905,0.0205730319,0.0226047848,0.0223472137,0.0224230159,0.0221021777
2013-10-16,0.0011222990,0.0022541921,0.0065652714,0.0110870310,0.0142316027,0.0172790260,0.0205416567,0.0224886911,0.0219105733,0.0219584719,0.0214957957
2013-10-15,0.0009623556,0.0022748211,0.0066901879,0.0112523662,0.0144010676,0.0173572482,0.0205057682,0.0224595630,0.0220057959,0.0222343577,0.0217852458
2013-10-14,0.0011834668,0.0027041864,0.0078206917,0.0125112607,0.0156632475,0.0185757411,0.0219427843,0.0238736298,0.0240402881,0.0243621877,0.0236746320
2013-10-11,0.0015014852,0.0031150247,0.0081895029,0.0128073761,0.0159320426,0.0187561928,0.0218862719,0.0237812746,0.0235958340,0.0235780511,0.0234247315
2013-10-10,0.0009852483,0.0028977526,0.0079604421,0.0127930802,0.0159551151,0.0189111432,0.0220777294,0.0240059746,0.0236978931,0.0237091947,0.0235850802
2013-10-09,0.0024785618,0.0041444374,0.0091043503,0.0138849359,0.0171785056,0.0199257429,0.0231001247,0.0249061980,0.0249607707,0.0249392868,0.0239041944
2013-10-08,0.0026150660,0.0043636751,0.0095890182,0.0142693178,0.0174445937,0.0203231632,0.0235384100,0.0254578797,0.0252369094,0.0252918464,0.0251261472
2013-10-07,0.0023203729,0.0042957432,0.0094758991,0.0143099591,0.0174326548,0.0204071990,0.0236175496,0.0255641037,0.0252525660,0.0254172022,0.0251323681
2013-10-04,0.0020294300,0.0042777583,0.0094295289,0.0142958086,0.0174563052,0.0203996834,0.0235516929,0.0254922681,0.0251629974,0.0251809917,0.0250716650
2013-10-03,0.0027926231,0.0050457301,0.0100606450,0.0149366985,0.0181021279,0.0210547805,0.0241072677,0.0260640557,0.0258208293,0.0259308000,0.0260139989
2013-10-02,0.0027400305,0.0051340157,0.0102190409,0.0150872191,0.0181248126,0.0211917492,0.0243183551,0.0262827348,0.0258817097,0.0261835390,0.0260692359
2013-10-01,0.0034341938,0.0054250130,0.0105793146,0.0153764013,0.0184595523,0.0214447282,0.0246315532,0.0265612444,0.0263904736,0.0264796529,0.0262653471
2013-09-30,0.0043434932,0.0063825143,0.0117674441,0.0166015692,0.0197448134,0.0227593333,0.0260944913,0.0280608916,0.0279449295,0.0279926398,0.0279422389
2013-09-27,0.0042747071,0.0064408343,0.0118468789,0.0164767373,0.0195188852,0.0224810091,0.0256145675,0.0276148922,0.0273678998,0.0274691415,0.0276387339
2013-09-26,0.0033524255,0.0057254525,0.0109993113,0.0158143865,0.0188955817,0.0218564092,0.0250516458,0.0270653165,0.0267777048,0.0269376267,0.0270456793
2013-09-25,0.0031440872,0.0057420456,0.0108165611,0.0156551696,0.0186749022,0.0217117142,0.0248304173,0.0268460589,0.0270642279,0.0272583879,0.0273957259
2013-09-24,0.0039002144,0.0061676647,0.0114782918,0.0160756934,0.0191175493,0.0221121708,0.0253133666,0.0272536441,0.0272040505,0.0274024703,0.0276200858
2013-09-23,0.0038004618,0.0062209169,0.0113986007,0.0161525702,0.0192079752,0.0221936409,0.0252698555,0.0272148969,0.0271282996,0.0273344184,0.0274811359
2013-09-20,0.0041200567,0.0063397003,0.0114109599,0.0161511377,0.0192134019,0.0222457675,0.0252990140,0.0272156728,0.0271929752,0.0273421907,0.0274605563
2013-09-19,0.0035153487,0.0055172655,0.0108441861,0.0152845166,0.0182089597,0.0211049302,0.0244492893,0.0263915289,0.0264041491,0.0265576387,0.0266781573
2013-09-18,0.0035150094,0.0063661126,0.0118661035,0.0166794320,0.0197106071,0.0226931791,0.0262557384,0.0282670886,0.0281926946,0.0283967290,0.0279316928
2013-09-17,0.0044516921,0.0066571627,0.0124591556,0.0170169825,0.0200296633,0.0231036546,0.0266976180,0.0287220220,0.0289370446,0.0290567405,0.0284573367
2013-09-16,0.0039463108,0.0068177475,0.0122127375,0.0172197693,0.0203026835,0.0232043583,0.0265512220,0.0286557934,0.0284142783,0.0284956832,0.0282485333
2013-09-13,0.0047737001,0.0071765329,0.0126922837,0.0176418435,0.0209178248,0.0237196209,0.0268477628,0.0291790116,0.0283825975,0.0283673067,0.0283500909
2013-09-12,0.0041915031,0.0073682453,0.0127722145,0.0176805529,0.0207164583,0.0237979963,0.0273536562,0.0293571172,0.0300189423,0.0303041251,0.0296624577
2013-09-11,0.0039835633,0.0072030185,0.0126431766,0.0175827107,0.0206060290,0.0236273996,0.0269609640,0.0290840453,0.0294887451,0.0298204855,0.0293632917
2013-09-10,0.0043793951,0.0074152135,0.0127798221,0.0177540683,0.0208291954,0.0237115646,0.0269727080,0.0291311745,0.0288715635,0.0289952169,0.0287715708
2013-09-09,0.0053750244,0.0086838804,0.0140405831,0.0189525232,0.0220461097,0.0249426441,0.0281175300,0.0302762838,0.0301124577,0.0304023715,0.0299869165
2013-09-06,0.0057615764,0.0095287384,0.0148166403,0.0196458270,0.0228225173,0.0256648948,0.0286276345,0.0310090961,0.0315667113,0.0325916611,0.0321188731
2013-09-05,0.0060990948,0.0093088774,0.0146778122,0.0195825313,0.0228051940,0.0256206206,0.0286425298,0.0309068001,0.0307310729,0.0311657513,0.0309918619
2013-09-04,0.0061538782,0.0093102576,0.0146096808,0.0195898012,0.0227608688,0.0256305369,0.0287814974,0.0310228572,0.0307469944,0.0308553746,0.0306503365
2013-09-03,0.0058425691,0.0089308259,0.0141520563,0.0192234744,0.0223843487,0.0252616147,0.0285433926,0.0308664375,0.0313693729,0.0315447403,0.0309096808
2013-09-02,0.0057145338,0.0090335755,0.0142883635,0.0192540089,0.0223643724,0.0251999809,0.0282770673,0.0305798842,0.0309256088,0.0312720704,0.0312638314
2013-08-30,0.0060851704,0.0094105890,0.0146242092,0.0196551274,0.0228979955,0.0258358481,0.0291118147,0.0313843323,0.0319724389,0.0322121486,0.0314035893
2013-08-29,0.0061983515,0.0093469502,0.0147096781,0.0197437756,0.0227954203,0.0257778931,0.0290051693,0.0311098422,0.0315203673,0.0319466272,0.0314194423
2013-08-28,0.0071410214,0.0102907245,0.0154785837,0.0205070869,0.0235427766,0.0264188327,0.0297565538,0.0319671993,0.0323786173,0.0329564117,0.0320254013
2013-08-27,0.0064663198,0.0096964238,0.0151764229,0.0201480089,0.0233184827,0.0263253612,0.0293654797,0.0316122360,0.0321052216,0.0324479110,0.0324832564
2013-08-26,0.0060389580,0.0092456024,0.0146250668,0.0193974554,0.0225051821,0.0253970304,0.0283010672,0.0304662722,0.0314396317,0.0318985077,0.0321015580
2013-08-23,0.0060390814,0.0092461220,0.0146233280,0.0193941010,0.0225012075,0.0253940508,0.0283002382,0.0304679633,0.0314443126,0.0319026999,0.0321060491
2013-08-22,0.0064578407,0.0095243905,0.0149493029,0.0199891769,0.0230112684,0.0260510996,0.0291963121,0.0312991745,0.0319741252,0.0321280992,0.0324126369
2013-08-21,0.0066108905,0.0100767678,0.0155592405,0.0205282689,0.0236755609,0.0267249613,0.0297753771,0.0320050419,0.0325937033,0.0330455153,0.0330353271
2013-08-20,0.0063688839,0.0096325089,0.0147646172,0.0198418961,0.0229185533,0.0258534919,0.0290919799,0.0312731442,0.0314299204,0.0318617997,0.0312814672
2013-08-19,0.0051819719,0.0086633207,0.0141524541,0.0190726051,0.0223559701,0.0251880228,0.0281135886,0.0303466077,0.0310579069,0.0313150862,0.0316008025
2013-08-16,0.0055786148,0.0085697914,0.0138384312,0.0188264744,0.0219403349,0.0248008476,0.0282193218,0.0304550069,0.0306883072,0.0311804959,0.0304455730
2013-08-15,0.0053088921,0.0080551638,0.0135493330,0.0185478484,0.0217551103,0.0246527051,0.0276487578,0.0298453943,0.0301578306,0.0302679669,0.0303875192
2013-08-14,0.0038109040,0.0069223315,0.0122947956,0.0172095546,0.0203942606,0.0232593256,0.0261970963,0.0282902803,0.0287563293,0.0288893724,0.0291687747
2013-08-13,0.0037610725,0.0069783895,0.0122553977,0.0172542366,0.0203584187,0.0232049678,0.0261262200,0.0282080802,0.0285256864,0.0286150027,0.0283146846
2013-08-12,0.0044713240,0.0073492543,0.0126242386,0.0176611352,0.0208236318,0.0236380618,0.0265310214,0.0286197836,0.0285638645,0.0287493489,0.0277663990
2013-08-09,0.0041648686,0.0073931802,0.0126659631,0.0176654466,0.0207567140,0.0236023405,0.0265572578,0.0286002646,0.0289640507,0.0290473342,0.0287395962
2013-08-08,0.0044634820,0.0074346701,0.0127196416,0.0177608843,0.0207964581,0.0237146427,0.0268390613,0.0287964949,0.0290336945,0.0291436047,0.0288954162
2013-08-07,0.0049631044,0.0081112209,0.0133525927,0.0183820538,0.0214021217,0.0242708995,0.0273477111,0.0292688110,0.0295303455,0.0296712264,0.0293776791
2013-08-06,0.0051543986,0.0081140516,0.0133958716,0.0184282860,0.0214484960,0.0243166000,0.0274381019,0.0293825613,0.0295886269,0.0297475856,0.0294620974
2013-08-05,0.0060342647,0.0086517360,0.0138666172,0.0189580771,0.0219043685,0.0247016184,0.0277509708,0.0296069181,0.0297123504,0.0297727053,0.0291554872
2013-08-02,0.0056386686,0.0089663968,0.0142327529,0.0191925491,0.0221905576,0.0249322406,0.0278680120,0.0299104564,0.0302382202,0.0304226210,0.0300579418
2013-08-01,0.0056402907,0.0088794031,0.0141880047,0.0191605166,0.0221952124,0.0249695436,0.0279629644,0.0300166257,0.0302832213,0.0304504810,0.0301149744
2013-07-31,0.0078857262,0.0110707128,0.0163355438,0.0212400779,0.0242421261,0.0269619860,0.0298701542,0.0318981099,0.0320815367,0.0323133151,0.0319073740
2013-07-30,0.0082413602,0.0112372932,0.0164922369,0.0214595087,0.0244840252,0.0272457748,0.0302754591,0.0322222558,0.0325931653,0.0327905115,0.0324040696
2013-07-29,0.0094246237,0.0120969263,0.0173401973,0.0224316200,0.0253747959,0.0281493305,0.0312121572,0.0329683840,0.0329920508,0.0330435009,0.0325021958
2013-07-26,0.0088652798,0.0122771171,0.0175164590,0.0224812799,0.0254508800,0.0282114999,0.0312732544,0.0331118568,0.0334785910,0.0337168970,0.0332445735
2013-07-25,0.0088047486,0.0122258382,0.0175370819,0.0225280154,0.0255023906,0.0282365109,0.0312668235,0.0330921888,0.0334500014,0.0335863815,0.0332761508
2013-07-24,0.0090387666,0.0120737872,0.0173336902,0.0223160254,0.0253544247,0.0280824610,0.0311130787,0.0329692453,0.0332430128,0.0334098357,0.0331029323
2013-07-23,0.0093747871,0.0125806393,0.0178499997,0.0227938585,0.0258485558,0.0285959328,0.0316599794,0.0335787111,0.0339018706,0.0341907334,0.0336895636
2013-07-22,0.0090850862,0.0120763492,0.0174707819,0.0223436297,0.0253367557,0.0280514526,0.0310997943,0.0329035056,0.0331699863,0.0332252710,0.0330419708
2013-07-19,0.0097612741,0.0132012614,0.0187011633,0.0235411182,0.0265488861,0.0292913685,0.0322834688,0.0341853966,0.0345081390,0.0347941658,0.0349239346
2013-07-18,0.0104801595,0.0136317958,0.0191234722,0.0240394087,0.0269817986,0.0297998322,0.0328670258,0.0347018190,0.0349235229,0.0348701647,0.0345595508
2013-07-17,0.0119290657,0.0141774305,0.0197563125,0.0247412508,0.0276282027,0.0304295695,0.0334153165,0.0351963228,0.0354006838,0.0354149199,0.0353958508
2013-07-16,0.0115300639,0.0142280620,0.0197780683,0.0248134075,0.0276457194,0.0304358764,0.0336237329,0.0352487648,0.0358181920,0.0358354087,0.0354045539
2013-07-15,0.0107640221,0.0141014700,0.0195597335,0.0245528444,0.0275107247,0.0303671627,0.0335219866,0.0353363716,0.0358525299,0.0361436353,0.0357732313
2013-07-12,0.0113018428,0.0148890182,0.0203566214,0.0253028815,0.0282070666,0.0311466624,0.0342932631,0.0361573289,0.0366541028,0.0368036259,0.0366235003
2013-07-11,0.0107772389,0.0134409241,0.0190547538,0.0237154428,0.0267956296,0.0295200125,0.0323941245,0.0344789899,0.0346337366,0.0346390590,0.0346439415
2013-07-10,0.0104505280,0.0136406409,0.0190917314,0.0240868114,0.0270519556,0.0298936421,0.0330517720,0.0348531994,0.0353004193,0.0355695906,0.0352503869
2013-07-09,0.0098176762,0.0129772975,0.0183327201,0.0232449938,0.0261729783,0.0289575383,0.0320666577,0.0338407253,0.0344480445,0.0347261296,0.0343703803
2013-07-08,0.0101047299,0.0135995412,0.0189759771,0.0239108696,0.0268187102,0.0296519696,0.0327972062,0.0345611757,0.0350229591,0.0353364471,0.0349780233
2013-07-05,0.0108584153,0.0141803061,0.0197016714,0.0246319281,0.0276539250,0.0304947882,0.0336787461,0.0355672044,0.0361173725,0.0362857481,0.0361128282
2013-07-04,0.0107517172,0.0136090438,0.0191384186,0.0239663766,0.0269280678,0.0296482992,0.0326047893,0.0344711994,0.0348413767,0.0349544662,0.0345676395
2013-07-03,0.0110893413,0.0143892757,0.0200461158,0.0249607923,0.0281053549,0.0308158071,0.0337208849,0.0358189067,0.0362359468,0.0363530152,0.0365293023
2013-07-02,0.0097658389,0.0128718996,0.0181542837,0.0230244813,0.0259138948,0.0286501378,0.0317395269,0.0335353444,0.0340200181,0.0341662973,0.0338170364
2013-07-01,0.0097436159,0.0130355112,0.0183877411,0.0231674561,0.0261981380,0.0289006163,0.0318571976,0.0338336135,0.0344416526,0.0347228150,0.0340764471
2013-06-28,0.0108956256,0.0138414667,0.0191765921,0.0240668993,0.0270263278,0.0298137871,0.0328139263,0.0347844588,0.0352145751,0.0353938229,0.0349795253
2013-06-27,0.0092248890,0.0123434286,0.0178585348,0.0227440894,0.0257541878,0.0285107289,0.0314673883,0.0334454533,0.0337747246,0.0339098031,0.0336216258
2013-06-26,0.0100739411,0.0131346655,0.0185795798,0.0235203587,0.0265735295,0.0292600278,0.0322886211,0.0341336277,0.0344886464,0.0346741368,0.0343408847
2013-06-25,0.0120836875,0.0151366860,0.0206146023,0.0256259289,0.0286402196,0.0313676595,0.0344262057,0.0362835466,0.0363524434,0.0363039169,0.0360844435
2013-06-24,0.0131581884,0.0163837223,0.0219006269,0.0268834877,0.0298028067,0.0327815247,0.0357757683,0.0375770475,0.0378283593,0.0379070224,0.0377017664
2013-06-21,0.0115372286,0.0142554746,0.0196759318,0.0245084485,0.0274851831,0.0301063251,0.0329012546,0.0347937832,0.0348152235,0.0347623755,0.0346272170
2013-06-20,0.0099831352,0.0130131458,0.0185782995,0.0234631670,0.0264417368,0.0292054475,0.0322316028,0.0342417035,0.0345339752,0.0346802158,0.0344231827
2013-06-19,0.0065990498,0.0097011074,0.0153140410,0.0201331582,0.0230701719,0.0257101024,0.0287454245,0.0306914186,0.0311306720,0.0314403910,0.0308422925
2013-06-18,0.0068760177,0.0095526839,0.0151352642,0.0201181825,0.0231462967,0.0257585437,0.0288311184,0.0308494807,0.0311997748,0.0312629754,0.0308662101
2013-06-17,0.0061929121,0.0086386780,0.0141736221,0.0191276054,0.0220965972,0.0247085041,0.0277437459,0.0296789929,0.0299563754,0.0300664018,0.0296455650
2013-06-14,0.0062190572,0.0091997164,0.0148002551,0.0196377717,0.0226535618,0.0252854981,0.0283300880,0.0303756889,0.0307057069,0.0309580766,0.0304162801
2013-06-13,0.0074037727,0.0100816952,0.0156327135,0.0205232981,0.0234180326,0.0261259559,0.0292294742,0.0311550075,0.0311907324,0.0311702966,0.0308908391
2013-06-12,0.0066541906,0.0096859554,0.0153919613,0.0201414474,0.0230897502,0.0257944030,0.0287819349,0.0308875393,0.0311684364,0.0314192873,0.0314848130
2013-06-11,0.0067602040,0.0095321838,0.0151408993,0.0200766521,0.0228909984,0.0256798452,0.0288435959,0.0307521866,0.0310053793,0.0310568413,0.0308754275
2013-06-10,0.0061209326,0.0083524920,0.0139395520,0.0188564356,0.0217950078,0.0243985151,0.0273977257,0.0294115550,0.0293530245,0.0293523605,0.0288798415
2013-06-07,0.0054787526,0.0080917810,0.0136225113,0.0184712325,0.0213819098,0.0239535010,0.0268548253,0.0289156103,0.0289256932,0.0288004554,0.0285188618
2013-06-06,0.0069721640,0.0094800115,0.0151735635,0.0200567765,0.0230268570,0.0256270286,0.0285493056,0.0307394654,0.0306388363,0.0306578002,0.0307621067
2013-06-05,0.0060226392,0.0084904354,0.0140858529,0.0189672092,0.0218835113,0.0245041246,0.0275189123,0.0295635112,0.0295403669,0.0294587287,0.0291765126
2013-06-04,0.0055187201,0.0080028004,0.0135508232,0.0183921593,0.0213379385,0.0238984035,0.0268775782,0.0289092825,0.0290336176,0.0290736772,0.0285881311
2013-06-03,0.0061987921,0.0086520577,0.0142329535,0.0191007705,0.0220261753,0.0246264243,0.0275822644,0.0296272455,0.0296995829,0.0296565165,0.0293533014
2013-05-31,0.0050826287,0.0080354558,0.0136411190,0.0185261406,0.0213258622,0.0240449190,0.0270880075,0.0291562176,0.0294717112,0.0296191874,0.0292851552
2013-05-30,0.0045870111,0.0070642521,0.0126387816,0.0174763950,0.0203588626,0.0229874741,0.0259986441,0.0279459974,0.0283605784,0.0284822718,0.0279840650
2013-05-29,0.0048374615,0.0071789955,0.0127581828,0.0174646893,0.0202940548,0.0229167552,0.0258604152,0.0278519540,0.0277935758,0.0276804522,0.0274616739
2013-05-28,0.0031190992,0.0058918852,0.0113816615,0.0161652854,0.0189896043,0.0215842026,0.0246521673,0.0266808736,0.0268590311,0.0270644780,0.0266165135
2013-05-27,0.0044833807,0.0068901170,0.0124460724,0.0172413382,0.0201726246,0.0227520111,0.0257653917,0.0277035779,0.0282229608,0.0283371430,0.0277856044
2013-05-24,0.0044833581,0.0068515820,0.0124213975,0.0172090758,0.0201529127,0.0227300684,0.0257524946,0.0276979756,0.0282190741,0.0283363425,0.0277855226
2013-05-23,0.0036147104,0.0058586157,0.0113491175,0.0160651038,0.0189710234,0.0215130440,0.0244976146,0.0264208315,0.0269459369,0.0270546099,0.0266083641
2013-05-22,0.0024107424,0.0047950370,0.0102069465,0.0147909230,0.0177621106,0.0201655370,0.0231157464,0.0250549224,0.0253812425,0.0257656185,0.0251027844
2013-05-21,0.0028368508,0.0054373026,0.0111079576,0.0159716812,0.0188878563,0.0216149490,0.0242988748,0.0264629225,0.0262698515,0.0262551700,0.0262644133
2013-05-20,0.0029667306,0.0054284258,0.0111323044,0.0159255487,0.0189147864,0.0215247424,0.0245468316,0.0265471327,0.0267950663,0.0268730158,0.0266110895
2013-05-17,0.0041312984,0.0061997923,0.0118274863,0.0165865174,0.0195198652,0.0220759272,0.0251959380,0.0270052330,0.0272829661,0.0273694455,0.0271337801
2013-05-16,0.0047615777,0.0068296134,0.0125316802,0.0172214584,0.0202458796,0.0227378285,0.0259784696,0.0277814698,0.0283381665,0.0286206122,0.0279397127
2013-05-15,0.0044122596,0.0069084212,0.0125831331,0.0174742074,0.0204796640,0.0230103102,0.0261762756,0.0281356534,0.0284475313,0.0286716193,0.0282020327
2013-05-14,0.0048241755,0.0072674455,0.0129217689,0.0179345295,0.0206999393,0.0233835480,0.0263885448,0.0283919150,0.0287721678,0.0289202294,0.0290362427
2013-05-13,0.0053353185,0.0076853448,0.0133479332,0.0181081471,0.0210848842,0.0236505136,0.0266403644,0.0285636719,0.0289407586,0.0290564088,0.0286015355
2013-05-10,0.0050397749,0.0072311167,0.0129409907,0.0175410648,0.0205837700,0.0231427544,0.0261779090,0.0280500418,0.0285124201,0.0287529866,0.0282216517
2013-05-09,0.0045351145,0.0069374534,0.0126698342,0.0174797773,0.0204939990,0.0230979247,0.0261149851,0.0281349797,0.0284302687,0.0285553736,0.0282508718
2013-05-08,0.0037517548,0.0061838444,0.0118491736,0.0167160941,0.0196846604,0.0222725714,0.0252854337,0.0272750205,0.0276731323,0.0277863103,0.0273710012
2013-05-07,0.0028256141,0.0054037947,0.0111334434,0.0159394537,0.0188954013,0.0214799577,0.0244714391,0.0264613444,0.0267641095,0.0268805958,0.0264724931
2013-05-06,0.0034869770,0.0061020370,0.0118653882,0.0166007098,0.0196000021,0.0221680147,0.0251619085,0.0271531893,0.0274193146,0.0275368974,0.0272202864
2013-05-03,0.0034874606,0.0060997109,0.0118626007,0.0165947769,0.0195960950,0.0221648027,0.0251594593,0.0271508900,0.0274180576,0.0275337328,0.0272054332
2013-05-02,0.0054173346,0.0081462152,0.0137772111,0.0185315772,0.0215326681,0.0240520762,0.0270291831,0.0289551462,0.0293796598,0.0295923353,0.0288202371
2013-05-01,0.0062055947,0.0085144578,0.0142117194,0.0192267214,0.0220966633,0.0246803040,0.0277941901,0.0295730349,0.0299490717,0.0300698415,0.0296339074
2013-04-30,0.0062625129,0.0086278916,0.0142870794,0.0192361975,0.0220863496,0.0246760850,0.0275309383,0.0290724431,0.0295697178,0.0296798333,0.0293137952
2013-04-29,0.0068699400,0.0093358361,0.0149181793,0.0195113673,0.0223428880,0.0249907699,0.0270946101,0.0282990334,0.0279890769,0.0281070325,0.0280608061
2013-04-26,0.0080103361,0.0103126359,0.0162437930,0.0208801578,0.0236722920,0.0264124136,0.0283764799,0.0294826088,0.0294399414,0.0294904882,0.0295310167
2013-04-25,0.0075760936,0.0102687375,0.0158956989,0.0203482333,0.0234251725,0.0259108248,0.0278212429,0.0290750781,0.0290000392,0.0292364176,0.0290617059
2013-04-24,0.0077259335,0.0100360435,0.0156926373,0.0201001407,0.0228823867,0.0255221244,0.0272677252,0.0285248535,0.0283487924,0.0286734497,0.0284368213
2013-04-23,0.0074529293,0.0097233093,0.0156720814,0.0202478082,0.0230061535,0.0256238252,0.0275292638,0.0286399811,0.0288314587,0.0289736131,0.0289520617
2013-04-22,0.0094448505,0.0115519554,0.0176362648,0.0219162865,0.0247276700,0.0270778753,0.0286754886,0.0298065391,0.0301315715,0.0300965996,0.0292641053
2013-04-19,0.0102773234,0.0123812575,0.0183971692,0.0227497915,0.0255115120,0.0278679992,0.0296299951,0.0306972929,0.0319097303,0.0317930955,0.0317262317
2013-04-18,0.0116818363,0.0141299265,0.0196707429,0.0239392803,0.0265488737,0.0288488354,0.0303295701,0.0314447165,0.0321112262,0.0321694336,0.0318574716
2013-04-17,0.0104874957,0.0138651266,0.0193668401,0.0234280470,0.0259388416,0.0283219102,0.0299996011,0.0311673258,0.0317217942,0.0319131809,0.0320702186
2013-04-16,0.0104245703,0.0136424508,0.0191240048,0.0229831438,0.0256288720,0.0279084248,0.0297915227,0.0309617697,0.0315807203,0.0317305327,0.0315520485
2013-04-15,0.0109352636,0.0138740369,0.0193440575,0.0232247698,0.0258445158,0.0280739361,0.0297073529,0.0309409385,0.0318593504,0.0319504042,0.0320267484
2013-04-12,0.0107053441,0.0135424828,0.0188811245,0.0227598753,0.0253712811,0.0275418740,0.0290968044,0.0304272875,0.0314819404,0.0315679752,0.0315413693
2013-04-11,0.0098449981,0.0125613576,0.0179258672,0.0215227299,0.0241335705,0.0262105495,0.0275551254,0.0289025141,0.0295165238,0.0294865076,0.0294264454
2013-04-10,0.0099161157,0.0128755348,0.0180718310,0.0217762169,0.0243825627,0.0264948408,0.0280065017,0.0292808394,0.0298308178,0.0298043814,0.0294526198
2013-04-09,0.0110922022,0.0140137804,0.0192960257,0.0230036527,0.0256529834,0.0277732443,0.0293463624,0.0306709762,0.0311454453,0.0311240413,0.0308998286
2013-04-08,0.0114889735,0.0144583584,0.0197242733,0.0235079175,0.0261458872,0.0282440738,0.0297680539,0.0310525464,0.0318167126,0.0317838694,0.0311450191
2013-04-05,0.0121081286,0.0152808782,0.0203938807,0.0243464338,0.0269261537,0.0290820645,0.0308867017,0.0319057320,0.0321888494,0.0321785170,0.0321552126
2013-04-04,0.0119406314,0.0154309780,0.0208043550,0.0245400263,0.0271315494,0.0294142831,0.0312809149,0.0324634011,0.0330547562,0.0332060621,0.0329381124
2013-04-03,0.0128176302,0.0159555360,0.0213240745,0.0250830583,0.0277459800,0.0298809838,0.0314895834,0.0328149963,0.0336544706,0.0337969512,0.0335532011
2013-04-02,0.0140862553,0.0173071357,0.0226405710,0.0263060925,0.0289943113,0.0311183405,0.0327044788,0.0340537758,0.0343674459,0.0343590405,0.0340645614
2013-04-01,0.0153547318,0.0184553526,0.0238320146,0.0275589641,0.0302572266,0.0324241384,0.0341045694,0.0354642793,0.0360180843,0.0361806750,0.0359718953
2013-03-29,0.0153546840,0.0184515060,0.0238284966,0.0275536230,0.0302542757,0.0324218360,0.0341036182,0.0354635370,0.0360171794,0.0361801548,0.0359716594
2013-03-28,0.0153546726,0.0184514905,0.0238285486,0.0275525702,0.0302535122,0.0324211808,0.0341040455,0.0354640900,0.0360188180,0.0361812221,0.0359713352
2013-03-27,0.0161620195,0.0191783586,0.0245347113,0.0283200374,0.0309380031,0.0331514831,0.0349439678,0.0361148828,0.0367237727,0.0368727764,0.0368291994
2013-03-26,0.0134736209,0.0165138600,0.0223010431,0.0260031406,0.0287169863,0.0308957588,0.0325981518,0.0338756391,0.0347684291,0.0350875418,0.0348570992
2013-03-25,0.0131893268,0.0162979343,0.0221979683,0.0258663962,0.0285767386,0.0307173628,0.0325048058,0.0337448471,0.0343449214,0.0345904344,0.0346162966
2013-03-22,0.0118022075,0.0146243213,0.0203064835,0.0240172531,0.0266690354,0.0287756846,0.0302376576,0.0314685462,0.0322048209,0.0323467070,0.0325588577
2013-03-21,0.0110664817,0.0139897186,0.0197544836,0.0232823937,0.0260117252,0.0281452764,0.0297884499,0.0310614216,0.0310703221,0.0310684463,0.0314149145
2013-03-20,0.0109723512,0.0140894236,0.0196290117,0.0231455924,0.0256993753,0.0278635975,0.0295242486,0.0308522176,0.0320139080,0.0322246228,0.0322920372
2013-03-19,0.0113109262,0.0143067610,0.0200880308,0.0238358993,0.0264264221,0.0285567577,0.0301135842,0.0313952626,0.0320181117,0.0323243162,0.0322946309
2013-03-18,0.0103542994,0.0133134327,0.0191057331,0.0227730278,0.0254035162,0.0274482975,0.0289637647,0.0301649176,0.0307243223,0.0308192818,0.0307048595
2013-03-15,0.0084909282,0.0113154057,0.0171706349,0.0208665982,0.0234291412,0.0256087040,0.0273993335,0.0285296417,0.0286969200,0.0286882723,0.0287380946
2013-03-14,0.0089204711,0.0116928001,0.0176010830,0.0210241866,0.0235523850,0.0256210626,0.0272260690,0.0284478961,0.0291593204,0.0294505587,0.0292546301
2013-03-13,0.0091031327,0.0119742979,0.0179930522,0.0216815659,0.0243006740,0.0263406162,0.0280650875,0.0292168365,0.0297747249,0.0299953957,0.0299869670
2013-03-12,0.0085725409,0.0117392215,0.0175272833,0.0213638966,0.0239864962,0.0260234121,0.0277627398,0.0289550641,0.0294512353,0.0296725205,0.0296707372
2013-03-11,0.0088032815,0.0114985793,0.0175107912,0.0211300438,0.0237174724,0.0258146870,0.0275945636,0.0286961953,0.0294132447,0.0295511080,0.0293746213
2013-03-08,0.0086824866,0.0116308272,0.0175298581,0.0210702760,0.0236477324,0.0257191006,0.0271902619,0.0283007528,0.0288030588,0.0289336744,0.0288749479
2013-03-07,0.0092309998,0.0121248469,0.0181418953,0.0215225110,0.0240667524,0.0261495394,0.0276144724,0.0287507560,0.0292853761,0.0294157097,0.0294783952
2013-03-06,0.0094042798,0.0124107114,0.0183667142,0.0219288690,0.0245264320,0.0265987599,0.0280929093,0.0292123953,0.0297515183,0.0298860876,0.0298651050
2013-03-05,0.0105085998,0.0136284767,0.0193809358,0.0229971714,0.0255799237,0.0277132439,0.0292552691,0.0304289484,0.0309282724,0.0310698367,0.0309900292
2013-03-04,0.0116264338,0.0146173451,0.0203731348,0.0239670454,0.0265990495,0.0286962858,0.0302931651,0.0315273428,0.0322403659,0.0324620565,0.0324458440
2013-03-01,0.0124610789,0.0155971954,0.0214933304,0.0250574971,0.0276813652,0.0298249791,0.0313818839,0.0325762992,0.0332343489,0.0333814131,0.0332738276
2013-02-28,0.0120748895,0.0149505945,0.0210979096,0.0244837727,0.0270433348,0.0292174780,0.0307970996,0.0320168753,0.0327005710,0.0329263409,0.0331058845
2013-02-27,0.0124641075,0.0155812453,0.0216022549,0.0251328052,0.0277966765,0.0299430742,0.0315776533,0.0327860471,0.0333878670,0.0336171078,0.0336079357
2013-02-26,0.0127739815,0.0162846910,0.0220193907,0.0256376630,0.0282545546,0.0304251989,0.0318447779,0.0329867423,0.0330807538,0.0332283403,0.0333021606
2013-02-25,0.0106007724,0.0130165513,0.0187667365,0.0223088699,0.0248467177,0.0269429249,0.0285150696,0.0295861080,0.0299687255,0.0300963006,0.0302014873
2013-02-22,0.0106032046,0.0134909471,0.0194741659,0.0229188553,0.0255166985,0.0276570496,0.0290221918,0.0301250821,0.0305178814,0.0306070012,0.0305630553
2013-02-21,0.0104628268,0.0135029079,0.0196215050,0.0230447603,0.0255864023,0.0277802680,0.0291658286,0.0302735344,0.0304139611,0.0305492215,0.0306532746
2013-02-20,0.0098318020,0.0127822418,0.0188217113,0.0222367483,0.0247513082,0.0268804047,0.0283107630,0.0293675984,0.0293926244,0.0295285679,0.0296336034
2013-02-19,0.0099509543,0.0129357951,0.0191140100,0.0224011055,0.0249927154,0.0271418119,0.0286356525,0.0298238791,0.0300808151,0.0303020377,0.0304768449
2013-02-18,0.0103810723,0.0130925078,0.0190421927,0.0223983378,0.0249221669,0.0270791544,0.0286362047,0.0296866154,0.0295612966,0.0297152595,0.0299097822
2013-02-15,0.0105106295,0.0130294182,0.0189052562,0.0223971094,0.0248373153,0.0270776049,0.0287631719,0.0297806022,0.0302037473,0.0301857415,0.0299047878
2013-02-14,0.0095732175,0.0126071791,0.0187623661,0.0219799121,0.0245317816,0.0266719386,0.0279135272,0.0290463344,0.0292310699,0.0293594691,0.0294615712
2013-02-13,0.0096610859,0.0127817640,0.0188009744,0.0220849570,0.0245756480,0.0267519420,0.0281722728,0.0292730898,0.0291727535,0.0293145379,0.0294242138
2013-02-12,0.0107004002,0.0139456577,0.0197645297,0.0231657088,0.0256361370,0.0278878005,0.0292541259,0.0303997430,0.0303712508,0.0304370207,0.0303106804
2013-02-11,0.0118515212,0.0152155344,0.0207774675,0.0242993484,0.0267423883,0.0290718864,0.0303775236,0.0315697585,0.0316189857,0.0316024846,0.0312238536
2013-02-08,0.0115423366,0.0149766677,0.0204006172,0.0240249294,0.0264813220,0.0286783769,0.0299516324,0.0311426754,0.0305340636,0.0305339749,0.0309497631
2013-02-07,0.0123925485,0.0150842707,0.0208407357,0.0244811335,0.0269067849,0.0290476153,0.0305097870,0.0316160391,0.0312885962,0.0312846762,0.0314660612
2013-02-06,0.0117158451,0.0145744942,0.0203048758,0.0239250436,0.0263463128,0.0285171370,0.0299504206,0.0311493007,0.0314325837,0.0314206736,0.0314531431
2013-02-05,0.0114550433,0.0141716564,0.0198746760,0.0232215966,0.0256942107,0.0278996389,0.0294442846,0.0306417826,0.0312872223,0.0314012474,0.0313385231
2013-02-04,0.0112151240,0.0143648741,0.0197222347,0.0233748310,0.0257957961,0.0279387562,0.0293681155,0.0305985187,0.0307260005,0.0308326681,0.0309766640
2013-02-01,0.0102445043,0.0131651913,0.0188395991,0.0223877751,0.0248172983,0.0269739466,0.0283656344,0.0295131040,0.0292478842,0.0292387937,0.0293648559
2013-01-31,0.0094051624,0.0126650911,0.0182376776,0.0217034473,0.0240815086,0.0262939993,0.0276950111,0.0287846729,0.0287168260,0.0287782318,0.0288275655
2013-01-30,0.0089965293,0.0119830766,0.0177813348,0.0210929599,0.0235490034,0.0257521596,0.0271241172,0.0281367321,0.0279195386,0.0280047342,0.0280726008
2013-01-29,0.0092418810,0.0120266308,0.0177833709,0.0210485826,0.0234069575,0.0255408161,0.0270012297,0.0279880890,0.0278640622,0.0279468333,0.0280126099
2013-01-28,0.0087191028,0.0117194536,0.0175591292,0.0207769058,0.0231239294,0.0253414863,0.0268579451,0.0279773780,0.0284791540,0.0286605975,0.0288099531
2013-01-25,0.0082705890,0.0113324029,0.0171366800,0.0204290518,0.0227368616,0.0249372931,0.0263514053,0.0273390295,0.0272541273,0.0273121489,0.0273590338
2013-01-24,0.0089432015,0.0117331697,0.0172862935,0.0205978334,0.0229574408,0.0251229833,0.0265863997,0.0276317826,0.0274708627,0.0275327266,0.0276918105
2013-01-23,0.0087594723,0.0115852072,0.0172476753,0.0206641769,0.0231742563,0.0253127000,0.0268322389,0.0279919417,0.0280082539,0.0281574965,0.0282145742
2013-01-22,0.0083899877,0.0114943963,0.0172638690,0.0206925081,0.0230712903,0.0252850551,0.0266178295,0.0277545742,0.0273117103,0.0273110351,0.0275498129
2013-01-21,0.0082901896,0.0112178333,0.0169765211,0.0203311931,0.0225710630,0.0247420390,0.0261947597,0.0271529775,0.0274420653,0.0275222279,0.0275894843
2013-01-18,0.0070768213,0.0105211550,0.0166977422,0.0202696348,0.0227179311,0.0249438768,0.0262816939,0.0272924110,0.0271784187,0.0272579190,0.0273246384
2013-01-17,0.0064413013,0.0099363274,0.0156023057,0.0198579654,0.0223104872,0.0245768936,0.0258866018,0.0270680410,0.0265551526,0.0265665648,0.0268523597
2013-01-16,0.0070712407,0.0104463466,0.0163970498,0.0204375681,0.0229111168,0.0251567429,0.0264576021,0.0276356139,0.0272369950,0.0272334705,0.0274636733
2013-01-15,0.0075502954,0.0110042767,0.0169801887,0.0208112676,0.0232554882,0.0255173297,0.0268364141,0.0279923800,0.0278583726,0.0279381017,0.0281595586
2013-01-14,0.0066966205,0.0101494383,0.0161407084,0.0199781480,0.0223681285,0.0246217622,0.0259159778,0.0270109797,0.0268705533,0.0269478509,0.0270097321
2013-01-11,0.0053564465,0.0093578877,0.0151181777,0.0192412604,0.0217198617,0.0240368881,0.0251892577,0.0262744754,0.0259317383,0.0259409014,0.0259533156
2013-01-10,0.0061300826,0.0096129500,0.0154684387,0.0191671763,0.0216419968,0.0239150994,0.0252373487,0.0263628301,0.0260743796,0.0261529244,0.0264104684
2013-01-09,0.0060729093,0.0097423148,0.0153338064,0.0195280464,0.0221488086,0.0244933208,0.0258698262,0.0271686880,0.0272926346,0.0274375468,0.0275046227
2013-01-08,0.0057561196,0.0092897869,0.0152132938,0.0191852736,0.0219158668,0.0241728183,0.0254537702,0.0266450281,0.0261397020,0.0261464516,0.0262728855
2013-01-07,0.0059637062,0.0097108770,0.0154463331,0.0195094668,0.0221291957,0.0243805245,0.0256681670,0.0268539228,0.0265546492,0.0266383129,0.0268734861
2013-01-04,0.0071999044,0.0104558477,0.0162518592,0.0202363701,0.0226900984,0.0249600055,0.0262918326,0.0274102357,0.0274152700,0.0274796089,0.0274235368
2013-01-03,0.0067282796,0.0101388632,0.0159787832,0.0197058862,0.0221712855,0.0243543098,0.0257302639,0.0267435558,0.0267501417,0.0269256454,0.0270703643
2013-01-02,0.0070595707,0.0106465098,0.0163643788,0.0204333760,0.0229568696,0.0252142903,0.0265490968,0.0277154146,0.0279534993,0.0281212242,0.0282937928
2013-01-01,0.0084524365,0.0119794560,0.0178202350,0.0220456269,0.0248203508,0.0271535476,0.0284090954,0.0297165025,0.0296550749,0.0296397049,0.0292013642
2012-12-31,0.0084524718,0.0119795946,0.0178204397,0.0220458534,0.0248205333,0.0271536515,0.0284091425,0.0297165134,0.0296550610,0.0296396590,0.0292012157
2012-12-28,0.0084524675,0.0119800970,0.0178717630,0.0221298807,0.0248210010,0.0271542504,0.0284097748,0.0297167474,0.0296555791,0.0296406638,0.0292035714
2012-12-27,0.0086972199,0.0118346830,0.0175944494,0.0217224892,0.0245420869,0.0268240794,0.0281456398,0.0293863128,0.0292526607,0.0292430270,0.0290729412
2012-12-26,0.0082982084,0.0120041715,0.0177494199,0.0217262905,0.0244800795,0.0267711906,0.0281516722,0.0292817568,0.0291827894,0.0292656433,0.0294417600
2012-12-25,0.0082983736,0.0120043565,0.0177495633,0.0217264609,0.0244802944,0.0267714447,0.0281519560,0.0292820420,0.0291834466,0.0292663121,0.0294422419
2012-12-24,0.0082984203,0.0120044786,0.0177497000,0.0217265961,0.0244804060,0.0267715299,0.0281520314,0.0292821011,0.0291837640,0.0292666879,0.0294425505
2012-12-21,0.0082292363,0.0119106464,0.0176160807,0.0216422611,0.0243853893,0.0265739625,0.0278719482,0.0289184956,0.0286347341,0.0287164774,0.0289945682
2012-12-20,0.0082269445,0.0119305957,0.0176636390,0.0216331099,0.0243794702,0.0266656283,0.0280706612,0.0292027944,0.0292185486,0.0292971488,0.0293507609
2012-12-19,0.0079681260,0.0120289165,0.0177297688,0.0218175982,0.0244987795,0.0267642691,0.0281668888,0.0293072760,0.0291124235,0.0292616051,0.0294834141
2012-12-18,0.0080094802,0.0120488887,0.0178031087,0.0218685329,0.0245135098,0.0267849327,0.0281485367,0.0292192255,0.0294007712,0.0295344782,0.0296449337
2012-12-17,0.0084491032,0.0126997527,0.0184632041,0.0225138889,0.0252490733,0.0275281499,0.0290014601,0.0301204619,0.0301713645,0.0303140918,0.0304312416
2012-12-14,0.0086325723,0.0129799493,0.0186839453,0.0228420745,0.0255700745,0.0278724517,0.0293283279,0.0305188101,0.0309459329,0.0311447307,0.0312246152
2012-12-13,0.0088498633,0.0128313120,0.0183826863,0.0225061839,0.0254726276,0.0276573945,0.0290769526,0.0302523611,0.0300304519,0.0301321526,0.0303771758
2012-12-12,0.0094083830,0.0131355125,0.0193362450,0.0234758274,0.0260068419,0.0283266803,0.0297502264,0.0308322800,0.0311006912,0.0314625804,0.0313836758
2012-12-11,0.0101432721,0.0133822760,0.0197800960,0.0237287241,0.0261823273,0.0285232760,0.0298446750,0.0308000068,0.0315862066,0.0312235127,0.0317794109
2012-12-10,0.0105627067,0.0144053940,0.0204599639,0.0244536312,0.0272153549,0.0294819556,0.0309060232,0.0319287750,0.0322314659,0.0323763501,0.0324927413
2012-12-07,0.0092086220,0.0128274525,0.0192428609,0.0233581581,0.0257430882,0.0281005044,0.0294444668,0.0305475194,0.0316899296,0.0316943443,0.0319655626
2012-12-06,0.0098633398,0.0126283333,0.0191974162,0.0232337821,0.0255707052,0.0278438688,0.0291204304,0.0300303299,0.0310404003,0.0310320843,0.0313301143
2012-12-05,0.0095325724,0.0132533487,0.0190910318,0.0232740738,0.0256845695,0.0277034239,0.0292478259,0.0301487362,0.0310497572,0.0310287997,0.0313593073
2012-12-04,0.0096611957,0.0132619614,0.0190961392,0.0233849501,0.0258554613,0.0280627276,0.0294226615,0.0305272922,0.0308933803,0.0309734024,0.0305808134
2012-12-03,0.0096370427,0.0138505597,0.0195790012,0.0240615035,0.0264928424,0.0287211369,0.0300903710,0.0312837749,0.0312232238,0.0313205323,0.0314180201
2012-11-30,0.0109378801,0.0147318513,0.0207534076,0.0250140823,0.0274622881,0.0295868748,0.0310149864,0.0320804344,0.0323443971,0.0324888559,0.0324545168
2012-11-29,0.0116228609,0.0151612003,0.0210983134,0.0254239512,0.0278461293,0.0300761104,0.0312820944,0.0323649048,0.0329679027,0.0326965902,0.0319413705
2012-11-28,0.0128601047,0.0163497181,0.0219225359,0.0264757054,0.0288353340,0.0310458780,0.0322627480,0.0333674184,0.0345519123,0.0342852100,0.0339699126
2012-11-27,0.0132914222,0.0160473491,0.0217912412,0.0261212114,0.0285486996,0.0306851491,0.0319777146,0.0330285147,0.0338077064,0.0340187162,0.0339772055
2012-11-26,0.0129155769,0.0162729102,0.0222785036,0.0265971821,0.0290051287,0.0311401156,0.0322873410,0.0333466455,0.0331202585,0.0332134822,0.0334172698
2012-11-23,0.0130069906,0.0154281132,0.0219783874,0.0260537710,0.0285131168,0.0307490556,0.0319810799,0.0329518936,0.0340565194,0.0336991914,0.0335195516
2012-11-22,0.0126084563,0.0159207400,0.0217206886,0.0261306108,0.0285783296,0.0307605119,0.0318354517,0.0327845434,0.0328275642,0.0329338456,0.0330208989
2012-11-21,0.0136411153,0.0165248864,0.0223348880,0.0267671297,0.0291346469,0.0314044125,0.0324279479,0.0334476098,0.0340328547,0.0340106602,0.0333256635
2012-11-20,0.0142163683,0.0168526616,0.0225890294,0.0270350643,0.0295555390,0.0317243953,0.0327669967,0.0336496782,0.0336344737,0.0343212037,0.0337946367
2012-11-19,0.0143467742,0.0172242713,0.0231947028,0.0275802029,0.0300240016,0.0322122539,0.0333228734,0.0342621082,0.0342762676,0.0343846134,0.0344731584
2012-11-16,0.0150580679,0.0177685803,0.0245305924,0.0286481678,0.0312142377,0.0334196228,0.0346985130,0.0356684564,0.0356215492,0.0357509944,0.0358475693
2012-11-15,0.0153131332,0.0183509985,0.0243246282,0.0287737423,0.0312601163,0.0334683748,0.0346016774,0.0355840033,0.0353371690,0.0354428259,0.0356692302
2012-11-14,0.0152306608,0.0177303129,0.0241186492,0.0284916823,0.0309929742,0.0332482112,0.0344053041,0.0353470959,0.0360742415,0.0363189656,0.0367496762
2012-11-13,0.0156981894,0.0179860330,0.0238600434,0.0284428866,0.0309661581,0.0331631991,0.0343942592,0.0353665240,0.0363597858,0.0360177185,0.0366429893
2012-11-12,0.0154816631,0.0183828948,0.0238149676,0.0283964672,0.0307852589,0.0329688124,0.0340151427,0.0350492517,0.0349102545,0.0350237435,0.0351769572
2012-11-09,0.0154232508,0.0181658311,0.0236932320,0.0283286984,0.0308326020,0.0329661182,0.0340811685,0.0350593333,0.0350081137,0.0351176648,0.0352295694
2012-11-08,0.0146423244,0.0172611205,0.0227999492,0.0274805095,0.0300104125,0.0321133497,0.0332760237,0.0342363135,0.0354554528,0.0353646201,0.0346775085
2012-11-07,0.0140965868,0.0169647964,0.0223419586,0.0268270809,0.0293455715,0.0315022979,0.0326079479,0.0334850263,0.0332461750,0.0333685037,0.0335314205
2012-11-06,0.0137537204,0.0159576494,0.0217255343,0.0263550641,0.0287587643,0.0308970666,0.0320862322,0.0331497570,0.0342413221,0.0341059788,0.0337061457
2012-11-05,0.0137677471,0.0165689743,0.0222707084,0.0268259379,0.0292301539,0.0314176629,0.0325460357,0.0336361668,0.0341396264,0.0343645947,0.0343707694
2012-11-02,0.0133963603,0.0161584870,0.0221303087,0.0264567496,0.0288608191,0.0309334514,0.0320883756,0.0331044366,0.0334721512,0.0337014067,0.0338117103
2012-11-01,0.0136044608,0.0160280979,0.0221073423,0.0264720571,0.0288965842,0.0309492262,0.0321506613,0.0331622808,0.0336498266,0.0338752981,0.0340587632
2012-10-31,0.0140683570,0.0165865099,0.0222078352,0.0268502834,0.0294517129,0.0316441750,0.0328899816,0.0339275255,0.0349199289,0.0349458011,0.0348204153
2012-10-30,0.0142282773,0.0169606889,0.0225680598,0.0269718722,0.0295477865,0.0316981923,0.0328213901,0.0337239615,0.0335188993,0.0336361077,0.0338548448
2012-10-29,0.0147870980,0.0173887218,0.0233637799,0.0279026009,0.0304791042,0.0327248207,0.0340130470,0.0350996768,0.0365003491,0.0364097508,0.0365915692
2012-10-26,0.0138188214,0.0161135550,0.0226287424,0.0271061092,0.0297289200,0.0319716786,0.0333841086,0.0345426522,0.0355892947,0.0359267161,0.0355391887
2012-10-25,0.0134931951,0.0169379112,0.0224995558,0.0267225845,0.0292193148,0.0313651184,0.0323760490,0.0332509001,0.0333103062,0.0333961141,0.0335871491
2012-10-24,0.0129546882,0.0159251136,0.0219784686,0.0262558762,0.0286216889,0.0307983274,0.0318604483,0.0328276045,0.0330172491,0.0331213004,0.0332089172
2012-10-23,0.0133788230,0.0164398360,0.0221254084,0.0263747073,0.0288794347,0.0311013447,0.0321504118,0.0330832732,0.0331690874,0.0333072798,0.0334163352
2012-10-22,0.0115986651,0.0146311513,0.0203037406,0.0245231457,0.0268936016,0.0291978392,0.0301494339,0.0310329039,0.0307026983,0.0307095772,0.0307145525
2012-10-19,0.0115831212,0.0146552532,0.0199425658,0.0241373492,0.0267291145,0.0289258711,0.0299820322,0.0308041708,0.0309972927,0.0311641845,0.0312989714
2012-10-18,0.0112986803,0.0139502230,0.0192830798,0.0233992452,0.0259439401,0.0280746163,0.0290815536,0.0298975676,0.0301695721,0.0303309175,0.0304608661
2012-10-17,0.0108383694,0.0132825840,0.0187719615,0.0228317253,0.0251323911,0.0272884374,0.0282217901,0.0290826514,0.0291165396,0.0291949255,0.0291391166
2012-10-16,0.0131443134,0.0155794598,0.0218550121,0.0256825162,0.0279704417,0.0298556536,0.0306670284,0.0315082617,0.0319845733,0.0320794991,0.0321552260
2012-10-15,0.0149879582,0.0172210883,0.0228009755,0.0264989220,0.0288637684,0.0306631008,0.0314420918,0.0322020004,0.0324372072,0.0324843405,0.0324195410
2012-10-12,0.0173501827,0.0197042060,0.0239606126,0.0273484962,0.0296139356,0.0313568220,0.0321483627,0.0329439044,0.0341856395,0.0338914221,0.0330310740
2012-10-11,0.0171911929,0.0204156823,0.0244359351,0.0280883093,0.0300820948,0.0319564748,0.0327551069,0.0334660789,0.0334917989,0.0335177101,0.0334786499
2012-10-10,0.0186552424,0.0210292733,0.0249170074,0.0284588344,0.0305031111,0.0324863348,0.0333282308,0.0341278955,0.0345755183,0.0345567772,0.0339539630
2012-10-09,0.0180159699,0.0203941657,0.0244908099,0.0280107366,0.0300779348,0.0319421200,0.0327181774,0.0335765060,0.0340325419,0.0340064685,0.0333927898
2012-10-08,0.0174235119,0.0200174541,0.0239476404,0.0274572648,0.0295661831,0.0313528795,0.0320790640,0.0330782539,0.0338884471,0.0331202174,0.0340738494
2012-10-05,0.0171741231,0.0195475520,0.0233446799,0.0267802071,0.0291045057,0.0308964848,0.0316944345,0.0324759943,0.0325766831,0.0326285770,0.0325832409
2012-10-04,0.0188627146,0.0214093066,0.0254710059,0.0288933879,0.0309284255,0.0326998684,0.0335370422,0.0343995879,0.0343728122,0.0344258433,0.0344766313
2012-10-03,0.0199116708,0.0223637684,0.0263636899,0.0296759989,0.0315763442,0.0331611400,0.0339566804,0.0347466499,0.0348713887,0.0349198464,0.0349002676
2012-10-02,0.0198768048,0.0232820780,0.0271598247,0.0306446463,0.0324659854,0.0341554401,0.0348947363,0.0357204185,0.0356904156,0.0357217512,0.0357391862
2012-10-01,0.0206286670,0.0247403185,0.0285248376,0.0319275642,0.0338337522,0.0354342953,0.0361887702,0.0370130091,0.0369649768,0.0369714168,0.0369771381
2012-09-28,0.0233715376,0.0255807684,0.0292118371,0.0323497956,0.0343744040,0.0357711489,0.0366677706,0.0374460202,0.0371698243,0.0376347282,0.0373029748
2012-09-27,0.0222495548,0.0249820589,0.0284322719,0.0316876412,0.0336097024,0.0351592599,0.0359137194,0.0366781354,0.0373300875,0.0373767326,0.0365641077
2012-09-26,0.0226164277,0.0262757303,0.0297642882,0.0328731309,0.0349273963,0.0362488705,0.0370204462,0.0377428844,0.0376758188,0.0377330622,0.0377476671
2012-09-25,0.0192584091,0.0230945596,0.0269912077,0.0301742472,0.0320216116,0.0334653407,0.0342744306,0.0351464840,0.0349303502,0.0349337679,0.0349359772
2012-09-24,0.0185565079,0.0222326645,0.0262631707,0.0293850468,0.0313200153,0.0327782061,0.0335807695,0.0344459007,0.0341682001,0.0341870542,0.0341941766
2012-09-21,0.0186834934,0.0219154587,0.0256853150,0.0285935058,0.0307004215,0.0319582007,0.0327814169,0.0334834301,0.0335887072,0.0336303619,0.0336753511
2012-09-20,0.0193390891,0.0225197554,0.0262808045,0.0292528796,0.0313354091,0.0327456016,0.0335366782,0.0343412787,0.0343382447,0.0343779538,0.0344108251
2012-09-19,0.0168296344,0.0200409122,0.0239500873,0.0267400685,0.0288254281,0.0299732246,0.0306885815,0.0314098560,0.0315682487,0.0316188051,0.0314986301
2012-09-18,0.0182323331,0.0212658377,0.0252241752,0.0276159070,0.0293236768,0.0306094823,0.0312424941,0.0317917730,0.0318843645,0.0318980624,0.0318148946
2012-09-17,0.0167270376,0.0201144989,0.0241280737,0.0265588993,0.0282609179,0.0296302167,0.0302178042,0.0307642526,0.0308238824,0.0308229744,0.0308221772
2012-09-14,0.0163190463,0.0198330635,0.0238384095,0.0262074003,0.0278399064,0.0291509834,0.0297029086,0.0303332232,0.0303143868,0.0303150077,0.0303670570
2012-09-13,0.0185928006,0.0216094242,0.0257484826,0.0280207163,0.0298493862,0.0311198363,0.0317113533,0.0322116488,0.0323794577,0.0323995040,0.0323123056
2012-09-12,0.0183323981,0.0213463828,0.0252886984,0.0276270228,0.0292560565,0.0305024338,0.0310358203,0.0316565847,0.0318919275,0.0319179418,0.0318062603
2012-09-11,0.0192448892,0.0225810018,0.0266671742,0.0290337546,0.0308051830,0.0320731372,0.0326337267,0.0331410219,0.0331764754,0.0331782525,0.0331067784
2012-09-10,0.0194246761,0.0226287178,0.0265819285,0.0289747105,0.0307527544,0.0319551491,0.0325195307,0.0330066267,0.0331375783,0.0331632395,0.0330806231
2012-09-07,0.0173106594,0.0207228646,0.0245085800,0.0269133681,0.0286072302,0.0298810073,0.0304372995,0.0310439201,0.0309991616,0.0310271215,0.0310338602
2012-09-06,0.0193628721,0.0233072986,0.0274393144,0.0299513948,0.0316693711,0.0328410339,0.0334162373,0.0340339811,0.0341358802,0.0341759560,0.0342093858
2012-09-05,0.0226142046,0.0262472218,0.0302492212,0.0327450257,0.0344650295,0.0356204769,0.0361476314,0.0367675740,0.0369687291,0.0370444304,0.0370182283
2012-09-04,0.0231886618,0.0267180161,0.0307791564,0.0333134087,0.0351092512,0.0362758977,0.0368162233,0.0373236259,0.0387701865,0.0384648116,0.0378779811
2012-09-03,0.0244916501,0.0280654588,0.0319688589,0.0343320866,0.0360978251,0.0372589152,0.0378344529,0.0383519241,0.0386483126,0.0387241950,0.0387424591
2012-08-31,0.0251511962,0.0287250359,0.0326409243,0.0350245338,0.0368110301,0.0379760377,0.0385483908,0.0390745464,0.0392467047,0.0393152402,0.0392832133
2012-08-30,0.0258356011,0.0293598068,0.0333982761,0.0359446880,0.0379104725,0.0390967771,0.0396744387,0.0401614691,0.0403910527,0.0404629035,0.0405240012
2012-08-29,0.0251861684,0.0291677993,0.0330025308,0.0353232414,0.0370529851,0.0382491642,0.0388093421,0.0392791747,0.0398863182,0.0398692532,0.0391422495
2012-08-28,0.0262046372,0.0294917558,0.0332539142,0.0356199100,0.0373856568,0.0385417258,0.0390518676,0.0395171849,0.0401351196,0.0401177164,0.0393989764
2012-08-27,0.0267990019,0.0299385684,0.0335050527,0.0358823983,0.0377186622,0.0388082018,0.0393414926,0.0398368159,0.0401470745,0.0402212120,0.0401099902
2012-08-24,0.0267986450,0.0299359591,0.0335028377,0.0358797712,0.0377151425,0.0388053113,0.0393379893,0.0398314604,0.0401361272,0.0402085604,0.0400885238
2012-08-23,0.0251620781,0.0283466146,0.0320419711,0.0343745879,0.0362177488,0.0374917486,0.0380655510,0.0385667570,0.0389623139,0.0390481661,0.0389258592
2012-08-22,0.0248340913,0.0273684387,0.0310590344,0.0331969902,0.0349839286,0.0363344477,0.0369223784,0.0374510662,0.0377324115,0.0378192006,0.0377394767
2012-08-21,0.0230682611,0.0263365130,0.0299398760,0.0322217887,0.0339656280,0.0351519106,0.0357113553,0.0362323623,0.0365924726,0.0366518521,0.0365062505
2012-08-20,0.0251508938,0.0282301942,0.0316806088,0.0339280480,0.0355598576,0.0365827027,0.0370596087,0.0375113292,0.0375148394,0.0375858757,0.0376576300
2012-08-17,0.0256930092,0.0290907278,0.0328448806,0.0350323432,0.0366230244,0.0378642605,0.0384527041,0.0389685886,0.0394903431,0.0395772053,0.0394405825
2012-08-16,0.0267176334,0.0306288330,0.0342077606,0.0363815638,0.0377266630,0.0388084653,0.0393745316,0.0398836311,0.0406289105,0.0406026627,0.0404251188
2012-08-15,0.0260991122,0.0297088149,0.0335758263,0.0359049151,0.0375944719,0.0387271284,0.0392768016,0.0397876864,0.0414567208,0.0407324736,0.0402596739
2012-08-14,0.0258187749,0.0294920584,0.0333132929,0.0355594689,0.0372452670,0.0384499939,0.0390119290,0.0395370878,0.0399598467,0.0400415816,0.0398653551
2012-08-13,0.0264675317,0.0307838874,0.0343340170,0.0364704725,0.0379868183,0.0392379302,0.0398279824,0.0403634960,0.0409262259,0.0409225010,0.0404123180
2012-08-10,0.0278222028,0.0311800594,0.0349226834,0.0370660276,0.0385750664,0.0396521887,0.0402002997,0.0407242660,0.0410820995,0.0411619072,0.0410596792
2012-08-09,0.0277622034,0.0302830742,0.0333903070,0.0353269220,0.0367771130,0.0378256622,0.0383022965,0.0387777455,0.0388519473,0.0389164948,0.0388946064
2012-08-08,0.0291743086,0.0318062712,0.0354987510,0.0372371160,0.0385838821,0.0397538684,0.0402139054,0.0406794419,0.0424003309,0.0418489720,0.0421407578
2012-08-07,0.0288445247,0.0323959672,0.0353291245,0.0370671608,0.0385199540,0.0394865854,0.0399811640,0.0404587594,0.0406302898,0.0406882929,0.0407420543
2012-08-06,0.0290003736,0.0328299259,0.0354683540,0.0369723468,0.0382548907,0.0392514802,0.0397923560,0.0404116091,0.0405812978,0.0407074010,0.0406304266
2012-08-03,0.0295984386,0.0334679887,0.0365913035,0.0382340172,0.0395129260,0.0405078844,0.0410049696,0.0414665989,0.0416436925,0.0416531278,0.0417159423
2012-08-02,0.0329126308,0.0368345931,0.0396235771,0.0410873390,0.0422802211,0.0431777547,0.0437134028,0.0443241832,0.0448344648,0.0449434575,0.0446113215
2012-08-01,0.0304012205,0.0340194094,0.0364048008,0.0378650472,0.0391171470,0.0400546985,0.0405877404,0.0410802986,0.0415250046,0.0416516009,0.0415578028
2012-07-31,0.0305452451,0.0344130957,0.0369976941,0.0386827813,0.0399750231,0.0409482662,0.0413873018,0.0417743054,0.0419166072,0.0419495488,0.0418299328
2012-07-30,0.0308981721,0.0343851399,0.0372817276,0.0387268820,0.0399239163,0.0407988242,0.0413242143,0.0417771136,0.0418869216,0.0419459282,0.0418613191
2012-07-27,0.0322232697,0.0367032905,0.0397662641,0.0412073676,0.0425131843,0.0434794902,0.0439733597,0.0445067325,0.0448966669,0.0449351380,0.0448232784
2012-07-26,0.0343941665,0.0387402228,0.0417971421,0.0434749638,0.0447141875,0.0455912650,0.0459981465,0.0464724538,0.0469075350,0.0469626548,0.0461444970
2012-07-25,0.0373046708,0.0412644303,0.0442987876,0.0457685005,0.0470599068,0.0479715519,0.0485468696,0.0490135597,0.0492708020,0.0493345055,0.0492146984
2012-07-24,0.0376992110,0.0421415383,0.0451694722,0.0467678491,0.0480822624,0.0490104691,0.0495123482,0.0500370496,0.0510876852,0.0511139811,0.0503607175
2012-07-23,0.0359703761,0.0402228811,0.0434395654,0.0450061987,0.0463342874,0.0472952199,0.0478032120,0.0483309990,0.0486593231,0.0487011319,0.0485008951
2012-07-20,0.0348994499,0.0376336553,0.0407037018,0.0423899299,0.0436707698,0.0446089237,0.0451281964,0.0456784998,0.0460310129,0.0460617004,0.0460843419
2012-07-19,0.0329737411,0.0357292343,0.0389307750,0.0405389607,0.0418632886,0.0428661975,0.0434439097,0.0440582777,0.0442514288,0.0442884048,0.0441056066
2012-07-18,0.0325517668,0.0353902433,0.0385929331,0.0403034535,0.0415232411,0.0424208393,0.0429913223,0.0436033445,0.0438461383,0.0438736972,0.0436631145
2012-07-17,0.0329625138,0.0359150428,0.0392084123,0.0409891519,0.0422016127,0.0430870074,0.0436543501,0.0443117158,0.0445829893,0.0445931662,0.0442893201
2012-07-16,0.0342881939,0.0370322407,0.0397249962,0.0412504224,0.0424578854,0.0433374775,0.0439210297,0.0445060402,0.0445054810,0.0445791693,0.0445243061
2012-07-13,0.0341662785,0.0362721254,0.0388722481,0.0405185069,0.0417270415,0.0426162473,0.0431920614,0.0436389688,0.0436365476,0.0437115911,0.0436517052
2012-07-12,0.0340471860,0.0367251539,0.0396238916,0.0415245123,0.0427418653,0.0436328913,0.0441004288,0.0445438031,0.0444510527,0.0444426428,0.0445161687
2012-07-11,0.0343373590,0.0370467986,0.0397692302,0.0412961226,0.0424987627,0.0433783497,0.0439602083,0.0445652069,0.0445662906,0.0446413700,0.0445784261
2012-07-10,0.0334937793,0.0367833244,0.0396122363,0.0413108645,0.0425322017,0.0434329488,0.0440080716,0.0446126458,0.0447654003,0.0447996580,0.0445231817
2012-07-09,0.0351456859,0.0381506963,0.0409249776,0.0426039508,0.0438238472,0.0447133425,0.0452908124,0.0458776993,0.0459629580,0.0460234084,0.0459284247
2012-07-06,0.0352139459,0.0376020633,0.0401575650,0.0418101361,0.0429653941,0.0437965770,0.0443759564,0.0448451535,0.0450218123,0.0450893832,0.0449805933
2012-07-05,0.0330811528,0.0359196747,0.0384644827,0.0400149905,0.0411084137,0.0418929563,0.0424655473,0.0430708955,0.0431712962,0.0432414992,0.0432951846
2012-07-04,0.0304383825,0.0331022126,0.0360069331,0.0377844106,0.0389337429,0.0397978943,0.0402801356,0.0408390892,0.0407992766,0.0408135169,0.0407897452
2012-07-03,0.0296872664,0.0327887434,0.0354128612,0.0370369732,0.0381752253,0.0390164237,0.0395960943,0.0402011892,0.0402279597,0.0402906934,0.0403441073
2012-07-02,0.0313862109,0.0341598783,0.0370179144,0.0386529324,0.0398465671,0.0407116215,0.0412897329,0.0418634690,0.0415739469,0.0416561608,0.0416737684
2012-06-29,0.0321641466,0.0353842261,0.0382931147,0.0401702308,0.0414721416,0.0424157275,0.0428576519,0.0433351270,0.0433687515,0.0434334820,0.0433619422
2012-06-28,0.0382557544,0.0402991413,0.0434162819,0.0454365123,0.0466704622,0.0474675519,0.0479055749,0.0482827855,0.0485990155,0.0486341939,0.0484606857
2012-06-27,0.0350710142,0.0394270033,0.0422678260,0.0439359940,0.0452961305,0.0462187998,0.0466847042,0.0471814370,0.0472445619,0.0472954811,0.0472249747
2012-06-26,0.0322410011,0.0354477452,0.0396345773,0.0420239682,0.0438205147,0.0452037120,0.0459844630,0.0467396730,0.0463707359,0.0464213205,0.0464646132
2012-06-25,0.0330864673,0.0350879925,0.0393141192,0.0419653598,0.0437579822,0.0451168875,0.0460236533,0.0469258348,0.0466323410,0.0469569843,0.0465973001
2012-06-22,0.0295289542,0.0330636361,0.0372795999,0.0399907320,0.0418748561,0.0433373255,0.0440923736,0.0446370281,0.0446904392,0.0447307618,0.0447638460
2012-06-21,0.0305458508,0.0325427524,0.0369202250,0.0398363615,0.0419155556,0.0435697322,0.0445407971,0.0453853146,0.0451433162,0.0455820829,0.0451066585
2012-06-20,0.0290877500,0.0327692549,0.0372599611,0.0398269689,0.0417833693,0.0432855616,0.0440436689,0.0448160600,0.0446145289,0.0446748515,0.0447332916
2012-06-19,0.0302715322,0.0334639999,0.0380454222,0.0406005670,0.0424665088,0.0438403196,0.0446008112,0.0453616422,0.0455446901,0.0455700573,0.0446660915
2012-06-18,0.0295888103,0.0321337304,0.0366891363,0.0398910553,0.0421207210,0.0438761041,0.0446475862,0.0452856573,0.0452218297,0.0452614550,0.0449562577
2012-06-15,0.0277503299,0.0300796862,0.0344414975,0.0378674616,0.0400453662,0.0417589560,0.0425338257,0.0432183764,0.0432378263,0.0432337503,0.0427551243
2012-06-14,0.0292285531,0.0312159286,0.0356844674,0.0390110023,0.0412631729,0.0430439115,0.0438547201,0.0445877641,0.0446842287,0.0446990375,0.0441832635
2012-06-13,0.0281733983,0.0305251771,0.0348936265,0.0382607057,0.0405095414,0.0423055736,0.0431160001,0.0438732400,0.0447956087,0.0445537318,0.0433291129
2012-06-12,0.0291962911,0.0308976036,0.0352868242,0.0387422750,0.0409966579,0.0427898980,0.0435392745,0.0442070870,0.0441579206,0.0442248851,0.0438735093
2012-06-11,0.0262435521,0.0286692359,0.0329807848,0.0364468555,0.0387645525,0.0405025440,0.0412468844,0.0420205471,0.0420817700,0.0421196143,0.0421516884
2012-06-08,0.0269916317,0.0287265559,0.0331264222,0.0367630332,0.0391246654,0.0409663839,0.0417180047,0.0423710162,0.0425712272,0.0425605730,0.0416912064
2012-06-07,0.0264839303,0.0281078955,0.0328138849,0.0363933825,0.0387020482,0.0405553401,0.0413622736,0.0420924317,0.0421290434,0.0421459849,0.0417413212
2012-06-06,0.0290047213,0.0303970642,0.0349077107,0.0384353748,0.0407030747,0.0425807973,0.0433668759,0.0440816723,0.0445306972,0.0445571007,0.0435996694
2012-06-05,0.0288464622,0.0308534870,0.0358494036,0.0394152055,0.0418345117,0.0435925298,0.0443831950,0.0451961369,0.0452006850,0.0451778336,0.0451628502
2012-06-04,0.0288461289,0.0308533508,0.0358492106,0.0394147581,0.0418314027,0.0435923608,0.0443837918,0.0451975937,0.0452047466,0.0451816464,0.0451665392
2012-06-01,0.0288460310,0.0308533078,0.0358491024,0.0394144710,0.0418279449,0.0435912869,0.0443817631,0.0451940853,0.0451899070,0.0451591411,0.0451348983
2012-05-31,0.0279235213,0.0297632711,0.0345561007,0.0380768965,0.0404445189,0.0421927741,0.0429394219,0.0437370679,0.0441327649,0.0441442433,0.0430957665
2012-05-30,0.0278680067,0.0296367494,0.0347877858,0.0384216575,0.0407709491,0.0424975371,0.0432599390,0.0440882599,0.0447838969,0.0447804343,0.0441693019
2012-05-29,0.0251194219,0.0279622551,0.0331391431,0.0366825575,0.0389125227,0.0405522842,0.0412633838,0.0420761426,0.0430076276,0.0427620878,0.0423810853
2012-05-28,0.0265569734,0.0287917987,0.0338352846,0.0372927473,0.0396209531,0.0413599067,0.0421071489,0.0429085950,0.0429441026,0.0429893016,0.0424939045
2012-05-25,0.0278563227,0.0294233300,0.0342402987,0.0376874625,0.0400055156,0.0417265137,0.0424740569,0.0431434012,0.0430618127,0.0431200940,0.0427347253
2012-05-24,0.0271727733,0.0290890648,0.0340909041,0.0375613875,0.0398789941,0.0416036256,0.0423257555,0.0430781099,0.0429765229,0.0430337237,0.0426244148
2012-05-23,0.0273565300,0.0292643086,0.0347982418,0.0384293067,0.0408029944,0.0425717104,0.0433661328,0.0442073893,0.0445652525,0.0445652960,0.0435545797
2012-05-22,0.0273780500,0.0289030150,0.0338402548,0.0373457073,0.0397530958,0.0415830136,0.0424314485,0.0430778215,0.0430808230,0.0431024501,0.0431121504
2012-05-21,0.0284443524,0.0309333669,0.0361448246,0.0397160644,0.0420457190,0.0437428686,0.0446027590,0.0454672121,0.0456298838,0.0456408143,0.0451605061
2012-05-18,0.0299117628,0.0315296056,0.0362412200,0.0398207891,0.0422227585,0.0439975410,0.0448552973,0.0455031663,0.0461165242,0.0458856196,0.0449076133
2012-05-17,0.0300748978,0.0322228575,0.0368813622,0.0403190080,0.0427409176,0.0445285001,0.0454987452,0.0462095381,0.0463895057,0.0464406351,0.0459900843
2012-05-16,0.0286925573,0.0304070481,0.0356029190,0.0391272486,0.0415435516,0.0433514191,0.0442218529,0.0448436900,0.0448299953,0.0448695994,0.0447886469
2012-05-15,0.0299739609,0.0320191375,0.0362602446,0.0396952375,0.0421777257,0.0440472152,0.0450763176,0.0458281169,0.0457328803,0.0457422084,0.0457616911
2012-05-14,0.0290506482,0.0311535024,0.0357637555,0.0391827374,0.0416766998,0.0435710049,0.0444836629,0.0452061803,0.0452417601,0.0452082608,0.0449049702
2012-05-11,0.0271026437,0.0289053026,0.0327879272,0.0361391406,0.0385580917,0.0404365515,0.0416520782,0.0425349741,0.0429665528,0.0428227562,0.0417818938
2012-05-10,0.0265446570,0.0283680881,0.0329888143,0.0364458342,0.0387247285,0.0404450055,0.0413478249,0.0421402466,0.0421897177,0.0421781513,0.0419268779
2012-05-09,0.0271512292,0.0288979402,0.0335427283,0.0369727850,0.0393937413,0.0412594546,0.0421240172,0.0428287210,0.0426966164,0.0426071194,0.0423703814
2012-05-08,0.0262991068,0.0278350244,0.0320118725,0.0353981686,0.0377462856,0.0395670801,0.0405301671,0.0412806053,0.0413207357,0.0413546427,0.0408720763
2012-05-07,0.0240972210,0.0262274869,0.0306325309,0.0340686239,0.0364188735,0.0382718924,0.0394626693,0.0403876122,0.0405612334,0.0409005281,0.0407331367
2012-05-04,0.0240970441,0.0262230012,0.0306279939,0.0340652049,0.0364146296,0.0382681497,0.0394589694,0.0403822608,0.0405501889,0.0408913540,0.0407175804
2012-05-03,0.0239290482,0.0260179258,0.0305328838,0.0339862276,0.0364080539,0.0383445642,0.0393049620,0.0401188319,0.0402433103,0.0403245243,0.0396942542
2012-05-02,0.0235703212,0.0255084053,0.0305022139,0.0339904671,0.0363598642,0.0382396908,0.0391230188,0.0399034080,0.0398129903,0.0396527346,0.0393005543
2012-05-01,0.0230110883,0.0251907489,0.0299946553,0.0333812960,0.0357811337,0.0377091861,0.0386813121,0.0394765945,0.0396006213,0.0395893709,0.0395886445
2012-04-30,0.0250233894,0.0271726240,0.0313627251,0.0347366779,0.0371001539,0.0389601358,0.0399395781,0.0407504782,0.0409478316,0.0409312078,0.0405582805
2012-04-27,0.0246567633,0.0270720767,0.0315104179,0.0349998450,0.0372752230,0.0390343419,0.0399129110,0.0407083610,0.0413700684,0.0411218820,0.0401346152
2012-04-26,0.0271461848,0.0286962661,0.0331100880,0.0365573692,0.0389068527,0.0407159817,0.0416285483,0.0423508813,0.0427810654,0.0426418342,0.0416842545
2012-04-25,0.0264541369,0.0287040911,0.0326729091,0.0359572895,0.0382824018,0.0400787542,0.0410582341,0.0418622915,0.0420179085,0.0421185169,0.0414775326
2012-04-24,0.0278773145,0.0299931881,0.0344390182,0.0377599805,0.0401857301,0.0420561906,0.0430049214,0.0437300977,0.0438479533,0.0438605011,0.0438837224
2012-04-23,0.0291156131,0.0312030365,0.0353890974,0.0388402638,0.0411025102,0.0427747667,0.0437069422,0.0444745665,0.0444448937,0.0445183154,0.0445264076
2012-04-20,0.0277595296,0.0298141194,0.0342721649,0.0377286776,0.0400195372,0.0417465731,0.0426642037,0.0434111911,0.0431983595,0.0437103064,0.0433425829
2012-04-19,0.0273786681,0.0300392519,0.0344576750,0.0379139309,0.0401219597,0.0417569638,0.0426918030,0.0435974100,0.0430942773,0.0437388877,0.0432105823
2012-04-18,0.0289136511,0.0307861299,0.0343790452,0.0374564787,0.0397305967,0.0414478341,0.0425585562,0.0434365696,0.0434588248,0.0437518130,0.0435376508
2012-04-17,0.0272326338,0.0297393939,0.0335778933,0.0370386694,0.0394288549,0.0412825700,0.0423554896,0.0432124990,0.0432549248,0.0435476276,0.0433558092
2012-04-16,0.0288323146,0.0307949741,0.0346169013,0.0379092675,0.0403724182,0.0422895506,0.0433366355,0.0441088938,0.0442935116,0.0443367591,0.0443417305
2012-04-13,0.0273711563,0.0299570087,0.0340664305,0.0373702209,0.0398679556,0.0418356348,0.0428835949,0.0437258693,0.0438412804,0.0439185612,0.0439792301
2012-04-12,0.0267995299,0.0288234465,0.0325933957,0.0356806492,0.0381072262,0.0400332811,0.0409832632,0.0417463505,0.0420918511,0.0421542297,0.0416411540
2012-04-11,0.0276736707,0.0300497948,0.0339667549,0.0371609001,0.0397079603,0.0417372041,0.0427015235,0.0434870220,0.0436620426,0.0435946165,0.0437072004
2012-04-10,0.0285170184,0.0302258691,0.0342888406,0.0376343929,0.0400412402,0.0419082674,0.0428543929,0.0435869508,0.0435534388,0.0435588331,0.0436187692
2012-04-09,0.0252342950,0.0272103212,0.0312767828,0.0345502198,0.0370070520,0.0389944599,0.0399866075,0.0408012449,0.0409537730,0.0410863916,0.0410818708
2012-04-06,0.0252341684,0.0272061576,0.0312741713,0.0345480054,0.0370044084,0.0389927492,0.0399860834,0.0408008253,0.0409532607,0.0410858993,0.0410815860
2012-04-05,0.0252342523,0.0272047944,0.0312734078,0.0345474054,0.0370033238,0.0389925019,0.0399864572,0.0408015275,0.0409526342,0.0410844667,0.0410797085
2012-04-04,0.0239478423,0.0258222254,0.0296444902,0.0328963806,0.0353613831,0.0373973300,0.0384429339,0.0392862239,0.0392386443,0.0396676536,0.0393830233
2012-04-03,0.0214658078,0.0234270196,0.0272930505,0.0304895594,0.0329495161,0.0350342095,0.0360153879,0.0368382084,0.0367187314,0.0369303795,0.0367199824
2012-04-02,0.0221838434,0.0237234296,0.0276468428,0.0308187696,0.0331825326,0.0351531554,0.0360111146,0.0366945630,0.0368731789,0.0369526966,0.0364487848
2012-03-30,0.0231658400,0.0250935283,0.0289581575,0.0322086948,0.0346142340,0.0366026084,0.0374974069,0.0382841866,0.0383840548,0.0383522256,0.0385066097
2012-03-29,0.0224242149,0.0248931020,0.0286404843,0.0318861873,0.0344606400,0.0365012982,0.0374611695,0.0382744125,0.0383788729,0.0384004147,0.0383834271
2012-03-28,0.0212094175,0.0229782631,0.0267319102,0.0301285507,0.0326930757,0.0347924735,0.0358095756,0.0366370270,0.0369084947,0.0370383084,0.0369943695
2012-03-27,0.0192915780,0.0215108276,0.0254597425,0.0288820536,0.0315366387,0.0335552442,0.0345257616,0.0353318708,0.0354557823,0.0355483713,0.0355673021
2012-03-26,0.0198576215,0.0221899214,0.0259791559,0.0293438820,0.0319943420,0.0340858302,0.0349760184,0.0357418390,0.0358033767,0.0358454684,0.0359365607
2012-03-23,0.0207052854,0.0229049993,0.0266309249,0.0298400083,0.0323978862,0.0345181790,0.0353388556,0.0360708522,0.0360664050,0.0359393112,0.0360937104
2012-03-22,0.0201505146,0.0221001878,0.0257206991,0.0288266329,0.0313871150,0.0333810774,0.0341866083,0.0349472415,0.0351541293,0.0352432406,0.0348576343
2012-03-21,0.0175057842,0.0195664053,0.0234922158,0.0267493522,0.0293478813,0.0313949777,0.0322243541,0.0329405097,0.0329750175,0.0329327940,0.0330461432
2012-03-20,0.0157102026,0.0172650237,0.0207481627,0.0238073148,0.0262508729,0.0282385952,0.0290034260,0.0297043321,0.0296654426,0.0297358646,0.0292547499
2012-03-19,0.0142214105,0.0157256265,0.0191601015,0.0221528148,0.0246196086,0.0265485322,0.0272936326,0.0279835065,0.0280286600,0.0281607197,0.0279833811
2012-03-16,0.0145833589,0.0166349107,0.0200366137,0.0229838200,0.0253741544,0.0271213476,0.0278478300,0.0285356892,0.0287071559,0.0287828917,0.0283399486
2012-03-15,0.0165773159,0.0183707159,0.0213463933,0.0241110936,0.0265731236,0.0282635558,0.0290042217,0.0298552111,0.0300875106,0.0303604376,0.0296961217
2012-03-14,0.0158292149,0.0174590737,0.0204586450,0.0232402261,0.0256450357,0.0274072510,0.0281677072,0.0290192064,0.0292202283,0.0294160183,0.0293060074
2012-03-13,0.0169635869,0.0183713586,0.0212756923,0.0239666975,0.0263822396,0.0281193642,0.0288778579,0.0296857182,0.0298881881,0.0301668506,0.0299694518
2012-03-12,0.0177141183,0.0191895455,0.0220586756,0.0245255312,0.0268232876,0.0285285978,0.0292283641,0.0300229988,0.0298810986,0.0302787025,0.0298491219
2012-03-09,0.0173425497,0.0185290616,0.0215900166,0.0240325144,0.0262969994,0.0279961522,0.0287739223,0.0295179115,0.0298598509,0.0305274996,0.0297534020
2012-03-08,0.0163616488,0.0183313837,0.0212952660,0.0237894781,0.0259116796,0.0276581827,0.0284702262,0.0292829905,0.0294992073,0.0296678115,0.0296724632
2012-03-07,0.0181181441,0.0195037674,0.0223331110,0.0248494292,0.0270231605,0.0289804665,0.0295739235,0.0302957982,0.0305365579,0.0311780827,0.0306761379
2012-03-06,0.0185445550,0.0203703590,0.0233708787,0.0258986047,0.0281920183,0.0299322578,0.0306887427,0.0314935773,0.0314699555,0.0315535950,0.0315931273
2012-03-05,0.0173990539,0.0194017644,0.0222884381,0.0246256239,0.0265254562,0.0281605600,0.0288499982,0.0295214549,0.0295059665,0.0296302837,0.0294676632
2012-03-02,0.0156497728,0.0175108897,0.0207770783,0.0229359512,0.0250269543,0.0267257574,0.0275188156,0.0282206517,0.0283314472,0.0284945612,0.0284331822
2012-03-01,0.0154526126,0.0173493857,0.0202430831,0.0225368478,0.0245327701,0.0261851703,0.0270486236,0.0278897315,0.0283085509,0.0286044213,0.0285329273
2012-02-29,0.0154565247,0.0173679995,0.0204037536,0.0226858024,0.0245308566,0.0261562597,0.0268598275,0.0275172998,0.0274572980,0.0277391629,0.0274209476
2012-02-28,0.0158149451,0.0178437226,0.0206671774,0.0229781544,0.0248411632,0.0265021754,0.0271617858,0.0278402622,0.0280191521,0.0280591163,0.0280785609
2012-02-27,0.0175033709,0.0191483063,0.0219365354,0.0242035215,0.0259934307,0.0275456972,0.0281859643,0.0288063356,0.0290621284,0.0292300243,0.0291597899
2012-02-24,0.0167114046,0.0185394770,0.0217209169,0.0239289148,0.0255660144,0.0271758264,0.0278008905,0.0283827435,0.0282966766,0.0285983553,0.0282332707
2012-02-23,0.0184815785,0.0202742664,0.0231582449,0.0254535597,0.0272017609,0.0287745650,0.0293947766,0.0300734143,0.0300726343,0.0303633501,0.0301513271
2012-02-22,0.0183705879,0.0202012317,0.0233143416,0.0255596878,0.0272528284,0.0288571393,0.0294932651,0.0300763938,0.0302328171,0.0305417618,0.0303248532
2012-02-21,0.0173526566,0.0192214029,0.0225978803,0.0248777017,0.0265771335,0.0281195769,0.0287656980,0.0293273405,0.0294671373,0.0294726187,0.0294959727
2012-02-20,0.0176743686,0.0188522749,0.0221439482,0.0243636834,0.0259321366,0.0275410783,0.0281728079,0.0286485475,0.0287975475,0.0290775813,0.0288617552
2012-02-17,0.0184091385,0.0197502980,0.0230440846,0.0252728940,0.0268639214,0.0284409757,0.0290832528,0.0296251646,0.0296766018,0.0299307090,0.0297520855
2012-02-16,0.0194002821,0.0212262679,0.0242790187,0.0265039396,0.0281516759,0.0297854148,0.0304858937,0.0310954777,0.0314787023,0.0320494239,0.0315762573
2012-02-15,0.0203595082,0.0219092020,0.0248601699,0.0271749764,0.0289301670,0.0305086258,0.0311372583,0.0318187245,0.0318378255,0.0321313100,0.0319445293
2012-02-14,0.0191685498,0.0206126647,0.0233610649,0.0255537503,0.0272432968,0.0288462196,0.0294769160,0.0299718081,0.0301438824,0.0301462734,0.0301845237
2012-02-13,0.0181996991,0.0195135589,0.0221564648,0.0242837585,0.0259648715,0.0275170274,0.0281739659,0.0288048892,0.0289936656,0.0292537799,0.0290874654
2012-02-10,0.0178794394,0.0193034452,0.0219046163,0.0239871629,0.0258823279,0.0274574417,0.0280376733,0.0286799643,0.0287554593,0.0290648245,0.0287997766
2012-02-09,0.0161121738,0.0174879542,0.0200222541,0.0220457911,0.0239726039,0.0255550146,0.0261265062,0.0267592067,0.0267147887,0.0271247664,0.0267588188
2012-02-08,0.0152767328,0.0167946875,0.0191885974,0.0211855202,0.0230626503,0.0247085095,0.0252115969,0.0256663959,0.0258865462,0.0261183850,0.0256750726
2012-02-07,0.0139137754,0.0157475746,0.0179296664,0.0198461132,0.0216308296,0.0234085919,0.0240406106,0.0246445720,0.0249002596,0.0252889760,0.0250861308
2012-02-06,0.0145142668,0.0157101053,0.0181563596,0.0199402311,0.0218322587,0.0234845145,0.0242219961,0.0249339525,0.0253419603,0.0254967043,0.0256304679
2012-02-03,0.0147253405,0.0160649085,0.0184916025,0.0204156156,0.0223368012,0.0239846235,0.0245490876,0.0251339411,0.0252493509,0.0256512081,0.0252748004
2012-02-02,0.0148434850,0.0169341772,0.0193417440,0.0212206880,0.0230730490,0.0247409272,0.0253668746,0.0258845094,0.0261981358,0.0265811391,0.0263241636
2012-02-01,0.0160650008,0.0174605543,0.0198836231,0.0217907060,0.0236219802,0.0251893448,0.0256111931,0.0259807521,0.0262668611,0.0263455894,0.0260301537
2012-01-31,0.0165192256,0.0180756349,0.0206211387,0.0225704282,0.0244545165,0.0260182661,0.0264364718,0.0268024462,0.0268152910,0.0269857129,0.0268351584
2012-01-30,0.0169433549,0.0182227049,0.0209975997,0.0228879411,0.0247281980,0.0261916016,0.0266515317,0.0270149221,0.0271657677,0.0276196812,0.0271273337
2012-01-27,0.0146950586,0.0159387558,0.0189727534,0.0209767992,0.0226120322,0.0240870440,0.0245625105,0.0248541483,0.0246858811,0.0248119632,0.0246609322
2012-01-26,0.0152041755,0.0166351967,0.0193679079,0.0213158249,0.0230582712,0.0244893428,0.0249383714,0.0252345854,0.0254041417,0.0255474393,0.0254122516
2012-01-25,0.0176452415,0.0189753165,0.0215539528,0.0235333763,0.0250795722,0.0264645523,0.0269213756,0.0272356070,0.0273491386,0.0274438784,0.0272883666
2012-01-24,0.0175655279,0.0190244045,0.0214576113,0.0234020086,0.0251153352,0.0264553249,0.0268697740,0.0272938115,0.0273574121,0.0277706101,0.0273758310
2012-01-23,0.0171552496,0.0189121624,0.0210845272,0.0228984168,0.0244181834,0.0257561976,0.0261994183,0.0267084296,0.0266594116,0.0270571832,0.0266306631
2012-01-20,0.0181370314,0.0195286905,0.0219083411,0.0238065438,0.0253877297,0.0266972339,0.0271261361,0.0275946993,0.0275574249,0.0280083727,0.0275289407
2012-01-19,0.0201075589,0.0213873070,0.0240588380,0.0259432073,0.0272632690,0.0285762012,0.0290302494,0.0296093898,0.0296664603,0.0299292931,0.0296125362
2012-01-18,0.0239230877,0.0249102748,0.0273022991,0.0291181422,0.0303598228,0.0315821148,0.0319876588,0.0323950872,0.0325314514,0.0329379733,0.0324915122
2012-01-17,0.0230747834,0.0247137096,0.0273873305,0.0293250192,0.0307619426,0.0321078910,0.0325099211,0.0328255080,0.0329037998,0.0329348150,0.0329022415
2012-01-16,0.0254279599,0.0268340221,0.0293933699,0.0312338022,0.0325115888,0.0336960573,0.0340737844,0.0343389593,0.0343629737,0.0344143026,0.0343430296
2012-01-13,0.0251181717,0.0272312635,0.0293877530,0.0312377688,0.0325901075,0.0339302904,0.0343811517,0.0347237519,0.0348347960,0.0349117449,0.0348826016
2012-01-12,0.0256819999,0.0269639634,0.0294195988,0.0311352177,0.0325106596,0.0335873620,0.0339581883,0.0342793802,0.0340600198,0.0345692855,0.0340322151
2012-01-11,0.0264360404,0.0277537863,0.0303293294,0.0321001770,0.0334239459,0.0344903438,0.0348357037,0.0350569933,0.0350650860,0.0351341088,0.0350728602
2012-01-10,0.0293864446,0.0308373225,0.0326821129,0.0339565397,0.0346500613,0.0354931069,0.0359223736,0.0362985965,0.0362849201,0.0368038009,0.0363457843
2012-01-09,0.0306528651,0.0328603535,0.0346345655,0.0358930063,0.0363881518,0.0372935907,0.0377159944,0.0382406638,0.0389613072,0.0397014128,0.0389322927
2012-01-06,0.0314263681,0.0329846249,0.0344576011,0.0355899069,0.0363716475,0.0371579242,0.0375103120,0.0378015108,0.0377470172,0.0378982474,0.0375886034
2012-01-05,0.0306479977,0.0317552459,0.0335630811,0.0347252400,0.0354413277,0.0362678227,0.0366984413,0.0371645548,0.0371607564,0.0374593582,0.0370685040
2012-01-04,0.0291582074,0.0304183546,0.0322140461,0.0334289246,0.0342192723,0.0349547376,0.0352693170,0.0355215656,0.0354801368,0.0358121651,0.0354770343
2012-01-03,0.0282971467,0.0292493136,0.0312897598,0.0325660530,0.0333246486,0.0340819234,0.0344657843,0.0348376835,0.0346423321,0.0350399472,0.0346176242
2012-01-02,0.0294184252,0.0310831695,0.0326737805,0.0338219656,0.0344107166,0.0353516605,0.0356785712,0.0360243456,0.0360898579,0.0360757324,0.0359493486
2011-12-30,0.0294184034,0.0310831867,0.0326737946,0.0338219758,0.0344521451,0.0353516658,0.0356785746,0.0360243470,0.0360898561,0.0360757411,0.0359493456
2011-12-29,0.0286977699,0.0309066381,0.0328431530,0.0341286374,0.0347367529,0.0355296480,0.0358039260,0.0360673206,0.0359047207,0.0359597732,0.0358068880
2011-12-28,0.0285510096,0.0309468294,0.0328034562,0.0340596057,0.0347057528,0.0354527421,0.0357473377,0.0359993722,0.0356963440,0.0357226943,0.0355749351
2011-12-27,0.0303784941,0.0317777295,0.0333311545,0.0344778513,0.0351597688,0.0358586086,0.0362335046,0.0365413403,0.0363982505,0.0368330768,0.0364027396
2011-12-26,0.0305451267,0.0318720791,0.0333549538,0.0344803080,0.0352378223,0.0359288804,0.0362785337,0.0365788872,0.0363949955,0.0368315620,0.0364024005
2011-12-23,0.0305448978,0.0318720499,0.0333548772,0.0344801059,0.0352318093,0.0359285762,0.0362782409,0.0365785502,0.0363949293,0.0368319633,0.0364032432
2011-12-22,0.0307071749,0.0319864234,0.0334916180,0.0346254522,0.0353729294,0.0360767422,0.0364290500,0.0367320066,0.0367121997,0.0370727839,0.0367197757
2011-12-21,0.0313726028,0.0326234526,0.0343480928,0.0355710161,0.0363265968,0.0370489475,0.0374079286,0.0376951962,0.0376605194,0.0379119558,0.0376066899
2011-12-20,0.0325722084,0.0338553383,0.0356062027,0.0368417392,0.0375901416,0.0383153261,0.0386858025,0.0389881354,0.0390150053,0.0392105442,0.0389606094
2011-12-19,0.0346076503,0.0353401462,0.0374958123,0.0387710045,0.0394467068,0.0401070929,0.0405663814,0.0409931193,0.0410451282,0.0413070896,0.0409716123
2011-12-16,0.0343806876,0.0354574952,0.0375678715,0.0388610008,0.0395115008,0.0401589002,0.0405712592,0.0409531614,0.0409952990,0.0415011531,0.0409103177
2011-12-15,0.0346942298,0.0362075043,0.0381413495,0.0394811261,0.0401808199,0.0408920425,0.0412318926,0.0414423944,0.0414711268,0.0415798951,0.0413188769
2011-12-14,0.0361540853,0.0373309296,0.0390371076,0.0404308526,0.0410944286,0.0417816653,0.0421555995,0.0424745796,0.0425076995,0.0428000815,0.0418698362
2011-12-13,0.0332607298,0.0345366552,0.0360763096,0.0375321240,0.0381761548,0.0388558115,0.0392108511,0.0395653193,0.0400394947,0.0400190573,0.0387926084
2011-12-12,0.0328776993,0.0347408398,0.0364500619,0.0378834517,0.0385188173,0.0392024412,0.0395615717,0.0399770017,0.0399710293,0.0404321977,0.0397634057
2011-12-09,0.0315805526,0.0329400745,0.0350532433,0.0365322927,0.0371412436,0.0378089597,0.0381818983,0.0384456270,0.0385206378,0.0388155541,0.0380123408
2011-12-08,0.0296590330,0.0310147392,0.0329702308,0.0342425626,0.0347216525,0.0352643022,0.0355389737,0.0357209161,0.0358162121,0.0360590432,0.0353917955
2011-12-07,0.0281526323,0.0290302188,0.0310447515,0.0322069043,0.0328267251,0.0335234665,0.0339061056,0.0341791130,0.0345680508,0.0345107914,0.0343768775
2011-12-06,0.0277007055,0.0292954691,0.0305259626,0.0315665179,0.0319899646,0.0324926877,0.0328690317,0.0331643183,0.0335643450,0.0339644602,0.0329903301
2011-12-05,0.0274919183,0.0283985785,0.0302462143,0.0314567318,0.0319547704,0.0325450246,0.0328765517,0.0331367250,0.0332155278,0.0331834309,0.0329791117
2011-12-02,0.0286485998,0.0297029757,0.0318577292,0.0332807342,0.0338379940,0.0345052460,0.0349129456,0.0352783191,0.0354412510,0.0358154878,0.0350494689
2011-12-01,0.0303889335,0.0319948443,0.0338626738,0.0352698318,0.0358114532,0.0364797050,0.0368673077,0.0372731145,0.0372250417,0.0375939435,0.0367537510
2011-11-30,0.0333263469,0.0345726407,0.0370677597,0.0384539645,0.0389985555,0.0396925267,0.0400038176,0.0401882966,0.0398189575,0.0397706292,0.0397348176
2011-11-29,0.0376944407,0.0383253060,0.0408904431,0.0423188164,0.0428656614,0.0435893482,0.0440314618,0.0443062448,0.0444578610,0.0444429159,0.0443771411
2011-11-28,0.0370128836,0.0381519311,0.0403541044,0.0418977848,0.0424102163,0.0431108663,0.0434822046,0.0437946181,0.0437558070,0.0441688056,0.0438284773
2011-11-25,0.0392058606,0.0406742884,0.0431504810,0.0447558616,0.0453050417,0.0460704009,0.0464708958,0.0468201730,0.0465994516,0.0468927874,0.0465628884
2011-11-24,0.0375664374,0.0388747635,0.0416138607,0.0431374957,0.0436613674,0.0444079359,0.0447732109,0.0449819371,0.0449572920,0.0450130283,0.0449645784
2011-11-23,0.0379483151,0.0391390994,0.0415783167,0.0430731414,0.0436733668,0.0444605487,0.0448452550,0.0451408640,0.0451917883,0.0452662080,0.0450764610
2011-11-22,0.0341328654,0.0359832023,0.0387714142,0.0402704051,0.0408596649,0.0415890298,0.0418791063,0.0420980069,0.0424084127,0.0422324011,0.0422930855
2011-11-21,0.0344338099,0.0357714633,0.0381273869,0.0397128928,0.0403911467,0.0411759090,0.0415012797,0.0418299880,0.0415879236,0.0421804951,0.0414875716
2011-11-18,0.0318378012,0.0330898850,0.0356568854,0.0371656382,0.0379053618,0.0387158877,0.0391317558,0.0394679118,0.0394469364,0.0395563996,0.0393923503
2011-11-17,0.0310072816,0.0324517187,0.0348238470,0.0365962625,0.0374633404,0.0383736362,0.0388841613,0.0393946482,0.0393352520,0.0394992250,0.0393129107
2011-11-16,0.0286352340,0.0301264259,0.0329212932,0.0344806154,0.0352837225,0.0360958810,0.0365672529,0.0369275123,0.0368546163,0.0366395980,0.0367430072
2011-11-15,0.0284024395,0.0296668320,0.0322859420,0.0341192141,0.0349054509,0.0356696226,0.0361663677,0.0366246437,0.0365237583,0.0368261213,0.0364885125
2011-11-14,0.0245715585,0.0257158063,0.0283090667,0.0301201466,0.0309194108,0.0316769627,0.0321512659,0.0325899207,0.0327750073,0.0331177028,0.0328437964
2011-11-11,0.0241717713,0.0252167298,0.0278030205,0.0294125701,0.0302208721,0.0309632381,0.0314576640,0.0318706728,0.0320270761,0.0320408449,0.0320300673
2011-11-10,0.0253433687,0.0262941565,0.0287808784,0.0303412242,0.0310970630,0.0317913119,0.0322213165,0.0325674659,0.0326786286,0.0325792580,0.0326147417
2011-11-09,0.0241510821,0.0253539696,0.0276612995,0.0291679304,0.0299053818,0.0305937931,0.0310288806,0.0313930135,0.0315784685,0.0314994811,0.0312364178
2011-11-08,0.0224843235,0.0238377841,0.0263434514,0.0279514205,0.0287338802,0.0294823669,0.0298930478,0.0302224608,0.0301302299,0.0300046774,0.0300369900
2011-11-07,0.0228022768,0.0239786742,0.0267298806,0.0284158409,0.0291536762,0.0298635378,0.0303818406,0.0307706948,0.0309823656,0.0310451234,0.0309966222
2011-11-04,0.0237331491,0.0243961967,0.0268620994,0.0282364305,0.0287310759,0.0291975585,0.0295713851,0.0297904211,0.0303922080,0.0301887440,0.0296833349
2011-11-03,0.0222844319,0.0231924510,0.0259690557,0.0275030664,0.0281623621,0.0288102502,0.0293508276,0.0297426910,0.0299738235,0.0299863616,0.0299728338
2011-11-02,0.0230104728,0.0236993421,0.0262944965,0.0278183836,0.0285300246,0.0292415124,0.0296783621,0.0300136075,0.0303363452,0.0303508982,0.0303380801
2011-11-01,0.0231548663,0.0243104805,0.0268348857,0.0285270252,0.0292083985,0.0298967427,0.0304352403,0.0309260804,0.0308983255,0.0310678988,0.0308431171
2011-10-31,0.0216510288,0.0226737896,0.0245727374,0.0259064576,0.0264303159,0.0269649106,0.0274041920,0.0277891925,0.0280994720,0.0280108918,0.0278641232
2011-10-28,0.0197890806,0.0211103204,0.0231631606,0.0242877815,0.0247526044,0.0252344416,0.0256199915,0.0259584626,0.0261668375,0.0262215982,0.0259845980
2011-10-27,0.0225285412,0.0233476589,0.0250911869,0.0262665723,0.0266596410,0.0270758672,0.0273520668,0.0276317382,0.0278363892,0.0279271218,0.0278564802
2011-10-26,0.0252140206,0.0266551988,0.0288023472,0.0299408970,0.0302012245,0.0304929131,0.0307149851,0.0309088617,0.0308975571,0.0308308324,0.0306416056
2011-10-25,0.0254936845,0.0270499130,0.0288206591,0.0297837865,0.0301440762,0.0305475306,0.0308437501,0.0311361391,0.0310847087,0.0310629301,0.0310250075
2011-10-24,0.0261541407,0.0273732635,0.0288832158,0.0299756681,0.0302785027,0.0306329921,0.0309538523,0.0312683715,0.0314894250,0.0316586616,0.0312162892
2011-10-21,0.0254264570,0.0269919076,0.0286503097,0.0297402080,0.0300536577,0.0304282942,0.0307246630,0.0310027258,0.0313085836,0.0312681642,0.0309812843
2011-10-20,0.0260444591,0.0280687251,0.0297086276,0.0307716362,0.0310234330,0.0313468202,0.0316399738,0.0319361425,0.0322392647,0.0322799402,0.0320463140
2011-10-19,0.0250399640,0.0261968029,0.0277472180,0.0288485702,0.0290972375,0.0294225992,0.0296449856,0.0298649327,0.0306147556,0.0304781051,0.0299083204
2011-10-18,0.0254816941,0.0263460969,0.0282311377,0.0294247373,0.0296408351,0.0299438423,0.0301356003,0.0303354140,0.0306645359,0.0307038325,0.0304743367
2011-10-17,0.0252316874,0.0263574784,0.0280158450,0.0290639486,0.0293337301,0.0297000141,0.0298728951,0.0300410875,0.0305000984,0.0303665711,0.0298448399
2011-10-14,0.0246647949,0.0259127741,0.0282261427,0.0292991437,0.0294718339,0.0297490787,0.0298642807,0.0299766495,0.0300855208,0.0300771436,0.0298493136
2011-10-13,0.0243737903,0.0260257793,0.0281676145,0.0292370371,0.0294470907,0.0297934155,0.0300331819,0.0302668844,0.0304343681,0.0303757352,0.0302102983
2011-10-12,0.0225427193,0.0246935266,0.0268667606,0.0279375034,0.0281059941,0.0284337346,0.0286787413,0.0289263029,0.0290104986,0.0289739473,0.0288150832
2011-10-11,0.0233326150,0.0251673308,0.0267279006,0.0277047478,0.0279618093,0.0284089166,0.0286261343,0.0288513782,0.0294994941,0.0295353550,0.0295105515
2011-10-10,0.0237895689,0.0254742779,0.0272151778,0.0282912034,0.0284486031,0.0288272717,0.0289627708,0.0290963630,0.0290954651,0.0290530338,0.0288653178
2011-10-07,0.0250740429,0.0271703994,0.0290930828,0.0300730673,0.0302496184,0.0306464704,0.0306788812,0.0307295042,0.0307713258,0.0309035230,0.0307418128
2011-10-06,0.0259506870,0.0273007809,0.0290407782,0.0300285390,0.0301561962,0.0304875570,0.0305729156,0.0306653952,0.0306273706,0.0308348063,0.0305103782
2011-10-05,0.0266493629,0.0281338042,0.0298041147,0.0308075451,0.0309581255,0.0313026600,0.0314470007,0.0315843780,0.0317005600,0.0318765572,0.0313573607
2011-10-04,0.0278705911,0.0293210152,0.0313361850,0.0324588866,0.0326022472,0.0329333413,0.0330582701,0.0331659064,0.0334034096,0.0336325469,0.0332206363
2011-10-03,0.0265603790,0.0283779168,0.0305697983,0.0317000574,0.0318582347,0.0321842228,0.0323137165,0.0324513174,0.0325039972,0.0326891399,0.0324813744
2011-09-30,0.0262942106,0.0278639197,0.0299066752,0.0309984755,0.0311331803,0.0314160526,0.0315413280,0.0316592855,0.0317784507,0.0319098927,0.0315735485
2011-09-29,0.0255598950,0.0274243097,0.0293564483,0.0302978511,0.0304547213,0.0307416893,0.0308490004,0.0309076409,0.0310693617,0.0309330190,0.0305701517
2011-09-28,0.0264879365,0.0274431358,0.0291579893,0.0302208591,0.0303589170,0.0306112708,0.0306774036,0.0307040528,0.0310044929,0.0307000833,0.0304892859
2011-09-27,0.0254218627,0.0266986913,0.0284199423,0.0293768195,0.0295199795,0.0297596802,0.0298442111,0.0299023907,0.0297960269,0.0294069274,0.0294776332
2011-09-26,0.0267381843,0.0278655126,0.0298420617,0.0309210421,0.0310559771,0.0312768153,0.0313530286,0.0314127446,0.0315428854,0.0316480901,0.0313438378
2011-09-23,0.0276328473,0.0288230954,0.0310727074,0.0321960626,0.0323651110,0.0326079132,0.0327022697,0.0327913931,0.0326323218,0.0326508861,0.0326065762
2011-09-22,0.0285958742,0.0297757939,0.0319239863,0.0331113470,0.0332655426,0.0334787521,0.0335508192,0.0336063111,0.0336459565,0.0337680164,0.0335026042
2011-09-21,0.0260330834,0.0277362071,0.0297991988,0.0309576034,0.0311695736,0.0314222006,0.0315638115,0.0316661332,0.0318386636,0.0318540809,0.0315469307
2011-09-20,0.0268166631,0.0282533930,0.0303923558,0.0314062814,0.0316130078,0.0318451018,0.0318959480,0.0319184532,0.0318545692,0.0316874611,0.0314493546
2011-09-19,0.0259712645,0.0279319833,0.0301235134,0.0312242910,0.0314579095,0.0317015117,0.0318518880,0.0320087324,0.0318847225,0.0319762102,0.0316812694
2011-09-16,0.0244042337,0.0259172804,0.0278675170,0.0289080194,0.0290959818,0.0292782999,0.0294109849,0.0295534022,0.0295656245,0.0296364773,0.0292856500
2011-09-15,0.0241251054,0.0269312253,0.0289857257,0.0299846585,0.0302201901,0.0304353818,0.0306792487,0.0309099481,0.0308781739,0.0309945246,0.0308206431
2011-09-14,0.0277440879,0.0295491812,0.0314332446,0.0322766236,0.0325005196,0.0326859645,0.0328689804,0.0330766536,0.0330769355,0.0331696185,0.0329807969
2011-09-13,0.0271888981,0.0306382301,0.0327975646,0.0337050063,0.0339439459,0.0341259189,0.0344736785,0.0348371740,0.0350185999,0.0350428263,0.0350128145
2011-09-12,0.0293559708,0.0308975265,0.0330138332,0.0339944310,0.0342171795,0.0343652945,0.0345132989,0.0346824514,0.0347833760,0.0349213806,0.0347422034
2011-09-09,0.0273380869,0.0292531689,0.0308623679,0.0319871915,0.0323251203,0.0325783390,0.0328030901,0.0330528577,0.0331430973,0.0334225905,0.0331334456
2011-09-08,0.0248510786,0.0272415453,0.0295646443,0.0305860989,0.0309359937,0.0311899099,0.0314275643,0.0316823283,0.0318205633,0.0318441679,0.0318462816
2011-09-07,0.0267646178,0.0278976356,0.0297612578,0.0308128856,0.0311504087,0.0313754896,0.0314978223,0.0316481856,0.0316718797,0.0318711571,0.0316623886
2011-09-06,0.0268055672,0.0289414044,0.0303280109,0.0313680890,0.0316895267,0.0318804283,0.0321292779,0.0324362587,0.0323976870,0.0326158353,0.0323802761
2011-09-05,0.0252290074,0.0277323033,0.0292918637,0.0305724086,0.0310393384,0.0313661546,0.0317559528,0.0322021393,0.0324977479,0.0329903508,0.0326736197
2011-09-02,0.0245792697,0.0263441311,0.0280751896,0.0289540080,0.0293073762,0.0295131505,0.0297408242,0.0300199284,0.0300980572,0.0300515696,0.0300971808
2011-09-01,0.0206207160,0.0241277890,0.0261067225,0.0274418532,0.0278742778,0.0281558447,0.0285559418,0.0290480487,0.0288360012,0.0292051282,0.0287391724
2011-08-31,0.0235732044,0.0258246651,0.0270072327,0.0275472353,0.0278360408,0.0279586390,0.0282575451,0.0286015784,0.0288120879,0.0288203516,0.0288350615
2011-08-30,0.0264578290,0.0281487019,0.0294178230,0.0302898211,0.0306380494,0.0307899507,0.0310506075,0.0313811736,0.0314883736,0.0315415033,0.0314880969
2011-08-29,0.0270695524,0.0288459304,0.0305291694,0.0312903095,0.0316510688,0.0317947009,0.0319579688,0.0321785517,0.0322785065,0.0324006318,0.0323028714
2011-08-26,0.0270693138,0.0288457731,0.0305303454,0.0312930460,0.0316613989,0.0317983487,0.0319624456,0.0321846317,0.0322854298,0.0324058167,0.0323001452
2011-08-25,0.0260911225,0.0286641172,0.0302476090,0.0309810652,0.0313957769,0.0315676822,0.0319328912,0.0323504848,0.0324028096,0.0324412498,0.0323993045
2011-08-24,0.0262194019,0.0277545170,0.0300463083,0.0311231250,0.0317791749,0.0321812547,0.0324553528,0.0328509545,0.0328926847,0.0332402370,0.0329503929
2011-08-23,0.0257480094,0.0288357074,0.0308332622,0.0320373304,0.0326080151,0.0329001371,0.0333827310,0.0338739225,0.0340780674,0.0343170397,0.0342046562
2011-08-22,0.0245422393,0.0277390392,0.0299193540,0.0310529088,0.0316382778,0.0319398629,0.0324763450,0.0330241868,0.0331507601,0.0336268361,0.0333239935
2011-08-19,0.0248679264,0.0269903458,0.0290182367,0.0301412061,0.0306490812,0.0308665666,0.0313028900,0.0316916642,0.0318396343,0.0319269791,0.0317948823
2011-08-18,0.0229234925,0.0260680324,0.0283234870,0.0296476847,0.0302644945,0.0305840122,0.0312599829,0.0317417957,0.0319609273,0.0320179239,0.0320503058
2011-08-17,0.0219108874,0.0238334969,0.0260090402,0.0272457956,0.0278497397,0.0281686182,0.0287230950,0.0290753946,0.0292137812,0.0291786698,0.0292830132
2011-08-16,0.0210712859,0.0235327156,0.0263610059,0.0278733239,0.0287481358,0.0293263313,0.0300024674,0.0304986924,0.0304174616,0.0308753935,0.0305260930
2011-08-15,0.0217858399,0.0242469881,0.0263890021,0.0277265539,0.0283640384,0.0286861140,0.0293379196,0.0297909296,0.0300459264,0.0301039938,0.0301483548
2011-08-12,0.0232411285,0.0253765487,0.0276082474,0.0289310646,0.0295684096,0.0298625828,0.0304132942,0.0307604021,0.0308686862,0.0306694067,0.0308801001
2011-08-11,0.0260329220,0.0267569354,0.0289120826,0.0301281549,0.0308028910,0.0311040915,0.0316265268,0.0321017981,0.0321750472,0.0322022669,0.0322004555
2011-08-10,0.0224875411,0.0243726532,0.0268365543,0.0283545293,0.0294481079,0.0301905270,0.0309559103,0.0315395631,0.0316628471,0.0318391657,0.0317492975
2011-08-09,0.0193857362,0.0223535278,0.0248405967,0.0265236171,0.0279038436,0.0289630904,0.0298851343,0.0305749106,0.0308446106,0.0313606643,0.0309254862
2011-08-08,0.0202382906,0.0227575527,0.0253135645,0.0269367159,0.0281172603,0.0289415772,0.0297824439,0.0305156672,0.0304118317,0.0307683907,0.0304366439
2011-08-05,0.0206671071,0.0231106985,0.0256347578,0.0274314732,0.0288106789,0.0298229047,0.0307650872,0.0315482846,0.0315709772,0.0322734354,0.0316571669
2011-08-04,0.0207261220,0.0229567890,0.0256741948,0.0274139114,0.0287325586,0.0296647663,0.0304815665,0.0312341251,0.0310819870,0.0315340345,0.0311512960
2011-08-03,0.0194922010,0.0218340759,0.0243645316,0.0260494126,0.0274161496,0.0284085827,0.0293167564,0.0302660585,0.0303116134,0.0305253750,0.0302717611
2011-08-02,0.0195434174,0.0214574803,0.0235197596,0.0250337499,0.0263606727,0.0273144774,0.0282075350,0.0290610275,0.0290700533,0.0292429827,0.0290786503
2011-08-01,0.0172720770,0.0193097980,0.0216840904,0.0237290760,0.0251070707,0.0261269274,0.0270678748,0.0277647933,0.0277155603,0.0277058590,0.0276562656
2011-07-29,0.0189300277,0.0205335290,0.0224474891,0.0241739063,0.0254614869,0.0263614327,0.0272518175,0.0279393277,0.0279420988,0.0278645667,0.0278691330
2011-07-28,0.0173588540,0.0189193142,0.0210632235,0.0230985078,0.0243908467,0.0253040126,0.0262605654,0.0271841403,0.0271341573,0.0270965317,0.0270093514
2011-07-27,0.0175376052,0.0190887080,0.0213444157,0.0231508489,0.0245482170,0.0255601738,0.0264711928,0.0272724263,0.0272027459,0.0275229913,0.0272097824
2011-07-26,0.0170259692,0.0189129486,0.0208964485,0.0223601144,0.0238352630,0.0249360660,0.0257573535,0.0264498125,0.0264548491,0.0268952358,0.0265412351
2011-07-25,0.0172012661,0.0188916411,0.0208033731,0.0226086733,0.0238426648,0.0246642446,0.0256033308,0.0263849090,0.0263199995,0.0261413659,0.0262749498
2011-07-22,0.0163875313,0.0182197110,0.0200611500,0.0215319516,0.0228048067,0.0236795777,0.0244533268,0.0253112453,0.0251834901,0.0256517959,0.0250964905
2011-07-21,0.0169603710,0.0184843256,0.0203220267,0.0219601185,0.0231928724,0.0240021531,0.0249421319,0.0256374367,0.0256432065,0.0256517790,0.0256761648
2011-07-20,0.0181599962,0.0198092680,0.0220451579,0.0236602647,0.0250740653,0.0260241742,0.0269083456,0.0276375559,0.0275299012,0.0278978924,0.0275182389
2011-07-19,0.0192488458,0.0204716348,0.0229037255,0.0246818028,0.0264051425,0.0276514845,0.0284578423,0.0292576215,0.0294590047,0.0297083145,0.0294324606
2011-07-18,0.0219789073,0.0232251967,0.0252671824,0.0270418711,0.0285752053,0.0295414307,0.0304103693,0.0311948953,0.0312559350,0.0311858537,0.0311672430
2011-07-15,0.0187229281,0.0201167632,0.0229896038,0.0253362040,0.0276473343,0.0295002553,0.0305683526,0.0314929709,0.0316707707,0.0316208610,0.0316421328
2011-07-14,0.0161899817,0.0177475190,0.0201514953,0.0224706215,0.0244667325,0.0260356787,0.0271561935,0.0281214716,0.0281437809,0.0281714452,0.0281998565
2011-07-13,0.0151707213,0.0164295302,0.0192271491,0.0213500644,0.0236980486,0.0256938551,0.0267205684,0.0275540250,0.0276095457,0.0280482105,0.0277062274
2011-07-12,0.0159932107,0.0169349977,0.0198388551,0.0222923956,0.0246121654,0.0265287902,0.0276041687,0.0285647099,0.0285117220,0.0287087303,0.0284193310
2011-07-11,0.0165748176,0.0178135044,0.0206382388,0.0233270833,0.0258721184,0.0279994385,0.0290789814,0.0299567442,0.0299240079,0.0299192824,0.0298670220
2011-07-08,0.0139284342,0.0155237977,0.0184125581,0.0209129710,0.0233457349,0.0254165378,0.0264245824,0.0274337260,0.0272873304,0.0273744900,0.0273323741
2011-07-07,0.0135181481,0.0146219598,0.0171604959,0.0196808971,0.0222068630,0.0244240574,0.0255494951,0.0265912544,0.0267036480,0.0266850457,0.0266111664
2011-07-06,0.0138998101,0.0151265708,0.0177307760,0.0202358533,0.0227493136,0.0249157862,0.0260715463,0.0270624796,0.0271116352,0.0271568520,0.0271529534
2011-07-05,0.0125282408,0.0137098993,0.0164435693,0.0187703448,0.0211990580,0.0233126500,0.0243884951,0.0253682015,0.0255525684,0.0256751673,0.0256230300
2011-07-04,0.0107846732,0.0121889553,0.0151115144,0.0178229937,0.0203117257,0.0225276044,0.0236431709,0.0246371399,0.0246926018,0.0246935548,0.0246985974
2011-07-01,0.0121829216,0.0128604346,0.0153634033,0.0178857723,0.0202743561,0.0223405587,0.0234560237,0.0244654802,0.0245238837,0.0246022905,0.0245875851
2011-06-30,0.0119042789,0.0129533292,0.0155286726,0.0180931759,0.0205210159,0.0225993560,0.0236669575,0.0246949346,0.0247706316,0.0247052390,0.0247908405
2011-06-29,0.0139661447,0.0149660538,0.0175696265,0.0199523535,0.0223614517,0.0243066208,0.0253515179,0.0263605199,0.0264575724,0.0266887675,0.0265608776
2011-06-28,0.0153792075,0.0159370112,0.0183720763,0.0208007002,0.0234574687,0.0256276410,0.0266163667,0.0276141817,0.0278023648,0.0278007344,0.0277664757
2011-06-27,0.0159670519,0.0165754138,0.0194104735,0.0219203282,0.0244982924,0.0264944216,0.0275496606,0.0286660395,0.0288868784,0.0289359182,0.0289344022
2011-06-24,0.0149989548,0.0158643703,0.0186024815,0.0212623029,0.0239991810,0.0261829137,0.0273067497,0.0283463169,0.0284429714,0.0285068232,0.0284719729
2011-06-23,0.0147258763,0.0155801906,0.0182293596,0.0208274615,0.0234845025,0.0255662713,0.0266572625,0.0277045393,0.0278136537,0.0278619955,0.0278821494
2011-06-22,0.0129590009,0.0140725575,0.0167438843,0.0193319557,0.0219291672,0.0239891613,0.0250003573,0.0261046886,0.0261630981,0.0261115114,0.0262158484
2011-06-21,0.0120074265,0.0131883003,0.0158583530,0.0185083738,0.0212415175,0.0234830749,0.0245250554,0.0256138154,0.0256129047,0.0255382266,0.0256286857
2011-06-20,0.0129920795,0.0140615242,0.0167320242,0.0192281598,0.0220729114,0.0243803107,0.0253999773,0.0264557245,0.0266365947,0.0266557334,0.0261829160
2011-06-17,0.0127159664,0.0135788053,0.0161755629,0.0188198913,0.0216129067,0.0238546216,0.0249504869,0.0260439406,0.0260383226,0.0260229215,0.0259852726
2011-06-16,0.0139207152,0.0148725395,0.0175308328,0.0202063810,0.0229881974,0.0251067300,0.0262119960,0.0272863885,0.0273425635,0.0273420073,0.0273965321
2011-06-15,0.0134508344,0.0139484020,0.0166009540,0.0192735082,0.0221361825,0.0243791807,0.0254387553,0.0265265473,0.0264688315,0.0265126580,0.0265044528
2011-06-14,0.0124096591,0.0134521144,0.0161588748,0.0187329421,0.0215386339,0.0237197613,0.0247526753,0.0258297599,0.0257392053,0.0258299286,0.0257823618
2011-06-13,0.0140055542,0.0147617373,0.0174832565,0.0199139671,0.0226746174,0.0247006122,0.0257652169,0.0267649126,0.0269451540,0.0271331468,0.0270345436
2011-06-10,0.0127503493,0.0138815456,0.0168068328,0.0193773050,0.0223101045,0.0245471440,0.0255994267,0.0266619010,0.0268144874,0.0269147193,0.0263821907
2011-06-09,0.0126563969,0.0134432738,0.0161146918,0.0187452087,0.0216669089,0.0239056379,0.0250756062,0.0261304299,0.0261915775,0.0261859171,0.0260981309
2011-06-08,0.0119728131,0.0129290727,0.0155979442,0.0181635512,0.0210043428,0.0231589948,0.0243000193,0.0253314547,0.0254374421,0.0254679498,0.0254902336
2011-06-07,0.0112590760,0.0125188581,0.0152276347,0.0173972955,0.0202136605,0.0223674276,0.0233678661,0.0242543520,0.0245686496,0.0246710367,0.0245329047
2011-06-06,0.0114539233,0.0121143005,0.0150152669,0.0177670457,0.0206496399,0.0228309067,0.0239779233,0.0249923876,0.0251802827,0.0253242280,0.0252346302
2011-06-03,0.0114748137,0.0126461342,0.0155831721,0.0180703797,0.0209017815,0.0229730318,0.0239906608,0.0250504831,0.0251357213,0.0251808385,0.0251561379
2011-06-02,0.0118227051,0.0131313329,0.0160257205,0.0184423926,0.0213212610,0.0233955395,0.0243538638,0.0254675264,0.0256486214,0.0257225796,0.0257391901
2011-06-01,0.0109072511,0.0125165622,0.0154385271,0.0177492861,0.0206255179,0.0227226490,0.0237118191,0.0247391227,0.0249561316,0.0250883272,0.0251117287
2011-05-31,0.0124145338,0.0129842255,0.0157730005,0.0182132308,0.0210761946,0.0230958050,0.0240641428,0.0251459821,0.0253357447,0.0253319996,0.0253656789
2011-05-30,0.0112575541,0.0121440514,0.0150454956,0.0177371784,0.0208624093,0.0232105618,0.0243137115,0.0253895218,0.0255659460,0.0255365438,0.0254254882
2011-05-27,0.0112568626,0.0121440464,0.0150455651,0.0177373569,0.0208435138,0.0232107671,0.0243146457,0.0253919274,0.0255835121,0.0255602504,0.0254576266
2011-05-26,0.0118860608,0.0122116436,0.0148551884,0.0173727484,0.0204502377,0.0228538826,0.0238565811,0.0248801278,0.0250215633,0.0250129263,0.0244614832
2011-05-25,0.0117724550,0.0123741886,0.0150815214,0.0175719478,0.0204524322,0.0226410773,0.0236210314,0.0246943645,0.0247977764,0.0248998812,0.0248377734
2011-05-24,0.0110887573,0.0117148341,0.0145782238,0.0171131165,0.0203521072,0.0230627980,0.0240407546,0.0249987319,0.0252026093,0.0252293990,0.0247630877
2011-05-23,0.0119475031,0.0124815978,0.0151949709,0.0178695964,0.0209867937,0.0235285438,0.0245868809,0.0256417809,0.0258835632,0.0258936523,0.0255292955
2011-05-20,0.0110778986,0.0115309848,0.0140754432,0.0167382804,0.0197973834,0.0223932755,0.0234908423,0.0245221872,0.0246808143,0.0246967373,0.0247564432
2011-05-19,0.0100482414,0.0107160681,0.0134408787,0.0160053899,0.0190086641,0.0216821934,0.0226639207,0.0236546853,0.0236839044,0.0239107763,0.0233913898
2011-05-18,0.0102989635,0.0107225663,0.0133647285,0.0160714368,0.0189667834,0.0215899856,0.0226578699,0.0237017593,0.0238649382,0.0238537339,0.0239157132
2011-05-17,0.0095222848,0.0102842278,0.0129504052,0.0154532522,0.0183426368,0.0210900075,0.0220504534,0.0230162379,0.0232978152,0.0232420023,0.0230029953
2011-05-16,0.0092389947,0.0099720458,0.0124976085,0.0150527535,0.0178326075,0.0205513450,0.0215386676,0.0225304583,0.0227007734,0.0225987073,0.0227603578
2011-05-13,0.0087640140,0.0098112191,0.0125862676,0.0151198924,0.0179673787,0.0208593440,0.0218503276,0.0227917819,0.0227310825,0.0225699691,0.0224757764
2011-05-12,0.0095961080,0.0101123750,0.0127485317,0.0154811901,0.0182281366,0.0209658423,0.0220432893,0.0230922042,0.0231553919,0.0231248976,0.0231552601
2011-05-11,0.0091961073,0.0097530261,0.0124060080,0.0150931724,0.0178026522,0.0205103561,0.0215437681,0.0225704411,0.0227331409,0.0226964864,0.0227282414
2011-05-10,0.0095267707,0.0100603027,0.0128074419,0.0153624395,0.0180986030,0.0208241098,0.0217624225,0.0227536602,0.0230185251,0.0229924218,0.0230724299
2011-05-09,0.0094541726,0.0102854834,0.0131925553,0.0154897338,0.0182514287,0.0210009290,0.0218991285,0.0228491773,0.0232163632,0.0233596752,0.0229666575
2011-05-06,0.0083672818,0.0089975563,0.0116956122,0.0141633455,0.0169581784,0.0198259260,0.0207566838,0.0217677591,0.0220936749,0.0221215181,0.0216424021
2011-05-05,0.0076147270,0.0084092804,0.0110574683,0.0134822791,0.0162124446,0.0190338583,0.0199435407,0.0209348240,0.0211574729,0.0211782883,0.0207460314
2011-05-04,0.0069733974,0.0077347865,0.0103155437,0.0127278830,0.0153510578,0.0181694044,0.0190571434,0.0200187365,0.0202602509,0.0202779106,0.0200245163
2011-05-03,0.0072766447,0.0078011319,0.0106499332,0.0130938533,0.0157084836,0.0185478592,0.0194199213,0.0204348474,0.0207289020,0.0207287076,0.0202366138
2011-05-02,0.0074385217,0.0082950885,0.0108971544,0.0132332706,0.0158925391,0.0187272124,0.0196188181,0.0205410826,0.0207983558,0.0208454986,0.0205203937
2011-04-29,0.0074380909,0.0082951189,0.0108971342,0.0132332057,0.0158750752,0.0187270607,0.0196185841,0.0205407790,0.0208017869,0.0208503381,0.0205229042
2011-04-28,0.0075054792,0.0083633368,0.0111518090,0.0134035955,0.0159621423,0.0187332654,0.0196025031,0.0206077575,0.0209570910,0.0210428212,0.0205550559
2011-04-27,0.0078967266,0.0088708346,0.0116116520,0.0139677087,0.0167268534,0.0197835910,0.0206944665,0.0216105952,0.0219950366,0.0220368549,0.0213843020
2011-04-26,0.0096127530,0.0096283385,0.0121154426,0.0145846182,0.0172088415,0.0200983009,0.0209940030,0.0220039495,0.0222669263,0.0222815414,0.0222853179
2011-04-25,0.0083204012,0.0090258740,0.0118584012,0.0143260896,0.0169310561,0.0198491048,0.0207323074,0.0216873502,0.0219991517,0.0220332811,0.0216864122
2011-04-22,0.0083199845,0.0090259195,0.0118583578,0.0143259513,0.0169122898,0.0198486599,0.0207318016,0.0216867809,0.0219989028,0.0220330274,0.0216859520
2011-04-21,0.0083195417,0.0090258249,0.0118585135,0.0143265733,0.0169438038,0.0198515110,0.0207362622,0.0216933484,0.0220083781,0.0220449954,0.0217023976
2011-04-20,0.0076483639,0.0085928185,0.0113268221,0.0136699624,0.0163165735,0.0192251128,0.0200850820,0.0209861083,0.0212712986,0.0210600395,0.0209103603
2011-04-19,0.0085229956,0.0091653604,0.0118476676,0.0141813843,0.0169152146,0.0198462713,0.0207082498,0.0215737279,0.0219834884,0.0219652670,0.0214473438
2011-04-18,0.0088387964,0.0094732862,0.0125366321,0.0151678908,0.0179827797,0.0208975421,0.0218632772,0.0228460999,0.0229504022,0.0229445982,0.0225799163
2011-04-15,0.0073864613,0.0083331187,0.0110418406,0.0133491091,0.0161204421,0.0190139609,0.0199059747,0.0208163355,0.0208067564,0.0207644966,0.0205803109
2011-04-14,0.0073183396,0.0081714250,0.0110019095,0.0132543752,0.0158636120,0.0185648352,0.0194464341,0.0204412840,0.0208630169,0.0208653796,0.0204074697
2011-04-13,0.0068786790,0.0077070736,0.0103790743,0.0124202653,0.0149730600,0.0176689880,0.0184563508,0.0192964248,0.0197542472,0.0198131854,0.0193429732
2011-04-12,0.0064175364,0.0073791578,0.0098511427,0.0118706567,0.0143186148,0.0169248140,0.0176951603,0.0185012292,0.0189963003,0.0191047780,0.0191273054
2011-04-11,0.0047530656,0.0060300533,0.0090496948,0.0110411874,0.0134889881,0.0161664557,0.0169198270,0.0178711304,0.0180647009,0.0183705351,0.0176741541
2011-04-08,0.0057091205,0.0066317947,0.0091859813,0.0114193478,0.0137988291,0.0163753371,0.0171342549,0.0180871341,0.0182984620,0.0183953229,0.0182781356
2011-04-07,0.0064000585,0.0069947389,0.0093751343,0.0118125816,0.0142378604,0.0168720143,0.0176676990,0.0185940478,0.0188295896,0.0188308322,0.0188040909
2011-04-06,0.0059755211,0.0069743201,0.0096272069,0.0118119017,0.0141304762,0.0166376231,0.0173719368,0.0182751342,0.0183867902,0.0185714369,0.0179377355
2011-04-05,0.0070039323,0.0078170784,0.0105619825,0.0129571344,0.0154816585,0.0182263092,0.0190599507,0.0198652350,0.0202066813,0.0202814999,0.0203167284
2011-04-04,0.0067438243,0.0076335882,0.0106635208,0.0131774451,0.0157345856,0.0185322159,0.0193364470,0.0202309757,0.0203237087,0.0203104331,0.0199519344
2011-04-01,0.0070964513,0.0079698102,0.0110227607,0.0136047942,0.0162023387,0.0190540195,0.0198864148,0.0207792599,0.0209487675,0.0208363120,0.0206748536
2011-03-31,0.0086569387,0.0090600215,0.0121796498,0.0146945280,0.0173130195,0.0201645429,0.0209698808,0.0218721791,0.0219838170,0.0219762665,0.0215404813
2011-03-30,0.0078844424,0.0085390083,0.0114707610,0.0139058577,0.0164720530,0.0193095114,0.0200898340,0.0209009182,0.0212030097,0.0211976748,0.0208168146
2011-03-29,0.0074277890,0.0081194667,0.0110307030,0.0134460280,0.0159789181,0.0188126317,0.0195859132,0.0203941446,0.0207408767,0.0207281504,0.0203759060
2011-03-28,0.0085198675,0.0089098573,0.0119321221,0.0145544339,0.0170309301,0.0197653930,0.0204237174,0.0212265341,0.0213117104,0.0212964906,0.0212527147
2011-03-25,0.0066921404,0.0078958636,0.0115514016,0.0145364456,0.0171692179,0.0201345559,0.0209791942,0.0217911942,0.0218108637,0.0217856192,0.0217005461
2011-03-24,0.0086367271,0.0096678445,0.0123564417,0.0146373953,0.0171843997,0.0200530024,0.0207442264,0.0214247779,0.0219099802,0.0218686591,0.0213219492
2011-03-23,0.0093939890,0.0102869951,0.0129524597,0.0152739606,0.0177465293,0.0205175213,0.0211556538,0.0218299481,0.0224024609,0.0220328221,0.0219730283
2011-03-22,0.0089289157,0.0103262893,0.0130313739,0.0153480813,0.0178474632,0.0206739668,0.0213133703,0.0219864440,0.0221490822,0.0220587551,0.0217458871
2011-03-21,0.0089401567,0.0096973607,0.0125176761,0.0150441100,0.0175133153,0.0203315442,0.0210282733,0.0217506987,0.0220711973,0.0220796722,0.0220359302
2011-03-18,0.0093533394,0.0103683985,0.0129772788,0.0154431290,0.0178677994,0.0206386928,0.0213288584,0.0220306519,0.0223751625,0.0224797201,0.0223813445
2011-03-17,0.0094854489,0.0100975581,0.0132281028,0.0159025457,0.0184131352,0.0213078385,0.0220755729,0.0228066773,0.0230361823,0.0230266439,0.0229541033
2011-03-16,0.0103560704,0.0115590336,0.0144492340,0.0171126209,0.0195897029,0.0224370087,0.0231517658,0.0239540257,0.0242009771,0.0241872048,0.0238732496
2011-03-15,0.0123505828,0.0129212405,0.0156032888,0.0179663016,0.0203722657,0.0231377423,0.0237397012,0.0244557593,0.0246850961,0.0246547819,0.0242706779
2011-03-14,0.0119066138,0.0127908413,0.0157859780,0.0183510116,0.0208216382,0.0236889607,0.0244085962,0.0251528212,0.0253226547,0.0252715678,0.0249696431
2011-03-11,0.0134290385,0.0144086027,0.0174368178,0.0199758517,0.0224941103,0.0254263358,0.0261863122,0.0269377615,0.0272213337,0.0271991322,0.0268746234
2011-03-10,0.0134108682,0.0142662445,0.0167965251,0.0191550015,0.0216012803,0.0244795514,0.0251126878,0.0257795645,0.0259410376,0.0258112418,0.0252425102
2011-03-09,0.0128141081,0.0138732722,0.0163705577,0.0187393857,0.0211284706,0.0239652880,0.0245791921,0.0252448858,0.0254660309,0.0254021773,0.0249204178
2011-03-08,0.0111210927,0.0124037252,0.0154591091,0.0179940448,0.0204005170,0.0232932799,0.0240065103,0.0245199648,0.0246147157,0.0244746447,0.0241681136
2011-03-07,0.0125566316,0.0133148985,0.0158125707,0.0181691592,0.0205497644,0.0234331773,0.0240238037,0.0246176689,0.0246031247,0.0245500181,0.0244291399
2011-03-04,0.0128575889,0.0135203438,0.0156065044,0.0177085153,0.0200508969,0.0229146375,0.0234546583,0.0240331460,0.0241333762,0.0240319761,0.0236376424
2011-03-03,0.0116866550,0.0127408182,0.0150777139,0.0173085193,0.0194896172,0.0222117350,0.0227687781,0.0234824034,0.0237601492,0.0236791147,0.0231530674
2011-03-02,0.0116939521,0.0129845724,0.0150374471,0.0172402872,0.0194794320,0.0223384025,0.0228746452,0.0235217777,0.0240106615,0.0239769274,0.0233626130
2011-03-01,0.0130313239,0.0135939120,0.0155039625,0.0173765282,0.0194903244,0.0222498661,0.0227281129,0.0232568579,0.0236847786,0.0236174774,0.0229213757
2011-02-28,0.0134140951,0.0139687797,0.0159422578,0.0178458921,0.0199369863,0.0227321903,0.0232234624,0.0237592361,0.0241729477,0.0241025564,0.0233635400
2011-02-25,0.0136533042,0.0145942540,0.0170042315,0.0190631011,0.0210387759,0.0237638149,0.0243340766,0.0248965661,0.0253589219,0.0253366356,0.0246333539
2011-02-24,0.0144597885,0.0149356404,0.0176266515,0.0199218179,0.0218869737,0.0246785415,0.0252501548,0.0258157327,0.0261714536,0.0261175159,0.0255875825
2011-02-23,0.0130803179,0.0140768538,0.0170353173,0.0193138323,0.0212217197,0.0239981610,0.0245835918,0.0252219579,0.0253849395,0.0253774109,0.0251011012
2011-02-22,0.0171652189,0.0182359986,0.0198324827,0.0209547309,0.0221290816,0.0241178289,0.0242692962,0.0244214791,0.0246144343,0.0255368733,0.0243703808
2011-02-21,0.0179266215,0.0188306594,0.0204418926,0.0215738759,0.0226300286,0.0245665289,0.0247230209,0.0248866177,0.0251191149,0.0270451179,0.0249019068
2011-02-18,0.0162714402,0.0172289872,0.0189429887,0.0203176781,0.0214326729,0.0233603927,0.0235518124,0.0237679523,0.0240243022,0.0268436777,0.0238470613
2011-02-17,0.0161537502,0.0167404094,0.0182718485,0.0195645425,0.0206944864,0.0225808831,0.0227917685,0.0230109764,0.0233246278,0.0260383519,0.0228704405
2011-02-16,0.0145296393,0.0155585259,0.0173608619,0.0188686509,0.0201536757,0.0221701571,0.0224080642,0.0227055429,0.0229288072,0.0257534883,0.0226809828
2011-02-15,0.0153831758,0.0165876862,0.0185089673,0.0202044166,0.0215243739,0.0235784690,0.0237510671,0.0239450179,0.0238024341,0.0261413179,0.0236101707
2011-02-14,0.0140456672,0.0152732864,0.0178835120,0.0198071956,0.0214136363,0.0237661310,0.0241914495,0.0246612854,0.0249149405,0.0250203336,0.0246475317
2011-02-11,0.0141444486,0.0154214014,0.0177003597,0.0194165934,0.0207778506,0.0227891752,0.0230461974,0.0233328036,0.0237202642,0.0252540046,0.0235627134
2011-02-10,0.0145998981,0.0156197708,0.0174718679,0.0191265294,0.0203989949,0.0222777790,0.0225355196,0.0228559791,0.0232545135,0.0260564120,0.0237755998
2011-02-09,0.0145472862,0.0154726717,0.0171274770,0.0186706981,0.0198814413,0.0216578738,0.0218961735,0.0222103651,0.0226170416,0.0253347868,0.0226076774
2011-02-08,0.0156474241,0.0167080167,0.0181886872,0.0194307428,0.0204516999,0.0220008865,0.0221756627,0.0223680061,0.0227895552,0.0256311070,0.0231884311
2011-02-07,0.0161478409,0.0164715228,0.0178089932,0.0189872569,0.0199201904,0.0213395681,0.0214966291,0.0216929318,0.0216474075,0.0235370607,0.0215884537
2011-02-04,0.0147208372,0.0156710532,0.0172140814,0.0184278365,0.0194371406,0.0209142070,0.0211267272,0.0214022322,0.0217361689,0.0248150965,0.0230519092
2011-02-03,0.0167649479,0.0175884465,0.0191904323,0.0203140350,0.0211589367,0.0224611816,0.0227513703,0.0231322217,0.0233601915,0.0254441931,0.0239387373
2011-02-02,0.0170652774,0.0177037839,0.0190651102,0.0201264444,0.0210172027,0.0223467311,0.0225450844,0.0228051473,0.0228995559,0.0237968054,0.0226752894
2011-02-01,0.0162552816,0.0169519244,0.0184624513,0.0196445263,0.0205370240,0.0218401096,0.0220185413,0.0222355730,0.0224360592,0.0224794894,0.0221554281
2011-01-31,0.0175989965,0.0185366870,0.0202406426,0.0215371391,0.0224343139,0.0237492031,0.0239663402,0.0242231502,0.0241443157,0.0243382687,0.0238982343
2011-01-28,0.0186150165,0.0191845575,0.0208427769,0.0219640706,0.0229132069,0.0242694825,0.0245477691,0.0248610169,0.0250006628,0.0249590358,0.0247253663
2011-01-27,0.0193465215,0.0198763362,0.0216197441,0.0229337409,0.0238876010,0.0252384036,0.0254442617,0.0256502280,0.0259492118,0.0259121470,0.0256073451
2011-01-26,0.0185609356,0.0192448590,0.0210763678,0.0224965612,0.0233737271,0.0246105675,0.0248020600,0.0249872948,0.0247863429,0.0247571536,0.0245220773
2011-01-25,0.0185050163,0.0192216287,0.0212063908,0.0225738445,0.0234719331,0.0247095102,0.0249778809,0.0252560703,0.0251251996,0.0251120544,0.0249508333
2011-01-24,0.0176694070,0.0186278876,0.0205038473,0.0217840260,0.0226711394,0.0238655042,0.0241168376,0.0243709829,0.0244793009,0.0245656811,0.0241647966
2011-01-21,0.0152926704,0.0195326247,0.0212718969,0.0225936568,0.0235186822,0.0247395402,0.0249370312,0.0251824818,0.0255306500,0.0254344379,0.0248231704
2011-01-20,0.0170279304,0.0205181541,0.0221992346,0.0235105166,0.0244747698,0.0257227480,0.0258874920,0.0260851645,0.0258876050,0.0258927050,0.0256438312
2011-01-19,0.0201408417,0.0209650689,0.0225808965,0.0239071257,0.0249238485,0.0262080834,0.0263275176,0.0264613367,0.0262017183,0.0262008532,0.0259790478
2011-01-18,0.0213359941,0.0221013779,0.0243698996,0.0257030957,0.0267401385,0.0280326665,0.0284034295,0.0287857528,0.0286903646,0.0286589221,0.0284018077
2011-01-17,0.0224606833,0.0227357044,0.0243610263,0.0255978660,0.0266920065,0.0280202069,0.0282097743,0.0283745584,0.0284661065,0.0284046850,0.0281354874
2011-01-14,0.0213152639,0.0220850897,0.0240600374,0.0253996973,0.0264176012,0.0277178287,0.0279755224,0.0282460758,0.0284604214,0.0286621200,0.0281451808
2011-01-13,0.0201579039,0.0208508229,0.0227058881,0.0240101791,0.0249921653,0.0262967263,0.0265432711,0.0267254592,0.0271307542,0.0295518628,0.0273076356
2011-01-12,0.0207243079,0.0209928928,0.0227371558,0.0241447655,0.0250844458,0.0263975532,0.0266336504,0.0268763324,0.0266551504,0.0265472896,0.0263488152
2011-01-11,0.0218385059,0.0224106222,0.0243631189,0.0257614257,0.0270021688,0.0281619641,0.0285528029,0.0288892154,0.0290486475,0.0289962385,0.0285618778
2011-01-10,0.0230827271,0.0239723879,0.0256504657,0.0271191506,0.0280948876,0.0292404563,0.0293935348,0.0295835950,0.0294108239,0.0308620412,0.0292803583
2011-01-07,0.0225732275,0.0231601378,0.0247108240,0.0260544860,0.0269447431,0.0281888871,0.0283259702,0.0284984861,0.0282588615,0.0299874823,0.0281608500
2011-01-06,0.0212723613,0.0221078459,0.0237692074,0.0251582041,0.0262492291,0.0272664242,0.0274600540,0.0276569072,0.0275939841,0.0298889094,0.0272310434
2011-01-05,0.0191492655,0.0198630423,0.0214154574,0.0226398091,0.0234831753,0.0248308533,0.0250149489,0.0252003884,0.0249821430,0.0263552860,0.0247747149
2011-01-04,0.0183870088,0.0189682465,0.0204893004,0.0216606381,0.0225291263,0.0238804994,0.0240950190,0.0242958242,0.0244593848,0.0250155346,0.0240383749
2011-01-03,0.0189815819,0.0191014906,0.0212784915,0.0226424108,0.0238164250,0.0249178973,0.0252644458,0.0254505877,0.0254574976,0.0254210902,0.0253291046
2010-12-31,0.0189815587,0.0191015564,0.0212788871,0.0226427065,0.0238199733,0.0249165677,0.0252611312,0.0254446639,0.0254452214,0.0254052946,0.0253090174
2010-12-30,0.0189816464,0.0191983401,0.0213359736,0.0227222760,0.0238917625,0.0249707542,0.0252864323,0.0254564757,0.0254536324,0.0254144628,0.0253203274
2010-12-29,0.0184149139,0.0193939484,0.0213482849,0.0228048842,0.0239135853,0.0249173427,0.0251068253,0.0252125485,0.0251624458,0.0251023915,0.0249178845
2010-12-28,0.0183963058,0.0195343066,0.0213450990,0.0225961298,0.0237250230,0.0247441494,0.0250086233,0.0252791720,0.0255035095,0.0253309280,0.0248754253
2010-12-27,0.0183960580,0.0195341541,0.0213442747,0.0225944352,0.0237262672,0.0247402307,0.0250030425,0.0252716221,0.0254851955,0.0253198028,0.0248294817
2010-12-24,0.0183954905,0.0195340834,0.0213441677,0.0225937246,0.0237290462,0.0247384357,0.0250003026,0.0252679321,0.0254630893,0.0253222931,0.0248310492
2010-12-23,0.0183958760,0.0195069178,0.0213153520,0.0225643366,0.0237025263,0.0247069594,0.0249676295,0.0252336563,0.0254721337,0.0253375293,0.0248093753
2010-12-22,0.0185743889,0.0192670440,0.0211498805,0.0223216392,0.0235009910,0.0245443742,0.0248861506,0.0252109512,0.0254069639,0.0253944740,0.0250559770
2010-12-21,0.0185742667,0.0192738481,0.0211377029,0.0222889382,0.0234749732,0.0245176941,0.0248528191,0.0251733307,0.0253950460,0.0253798845,0.0250499512
2010-12-20,0.0188784758,0.0195148370,0.0212581631,0.0222742029,0.0234879230,0.0245526823,0.0248382499,0.0251306085,0.0252684836,0.0253027854,0.0249975403
2010-12-17,0.0182952909,0.0189390913,0.0207441333,0.0219736953,0.0232035592,0.0242812534,0.0245857495,0.0248568678,0.0248683161,0.0249080652,0.0245466672
2010-12-16,0.0170864014,0.0178883870,0.0195677609,0.0207133194,0.0219419626,0.0230260435,0.0232053277,0.0233796361,0.0236385608,0.0235761959,0.0232320239
2010-12-15,0.0180074300,0.0179809293,0.0191581278,0.0201529761,0.0213011562,0.0222965846,0.0224501584,0.0226390863,0.0226614573,0.0225988428,0.0224508843
2010-12-14,0.0166687199,0.0174309454,0.0191930862,0.0203821672,0.0215672194,0.0225923926,0.0228618443,0.0231128469,0.0232057968,0.0236407585,0.0229511455
2010-12-13,0.0175503967,0.0179722965,0.0198956965,0.0212486148,0.0224791398,0.0235345623,0.0238867121,0.0241875808,0.0243043596,0.0245229211,0.0241809040
2010-12-10,0.0176017798,0.0184441255,0.0199291168,0.0210365598,0.0221240604,0.0230189453,0.0232234538,0.0234241169,0.0235668252,0.0238544673,0.0233566593
2010-12-09,0.0166494242,0.0174162692,0.0191861187,0.0203839593,0.0215814890,0.0225973667,0.0228683881,0.0231206392,0.0232787246,0.0236256537,0.0229464908
2010-12-08,0.0161136674,0.0169396009,0.0185204405,0.0195698471,0.0206198910,0.0214793908,0.0217019996,0.0219391980,0.0220726265,0.0237803871,0.0219364378
2010-12-07,0.0158666499,0.0165955965,0.0178979470,0.0189900275,0.0200935511,0.0210124918,0.0211845236,0.0213733163,0.0214871641,0.0245744756,0.0215301067
2010-12-06,0.0153111438,0.0159224694,0.0176009905,0.0188403398,0.0200092697,0.0209950348,0.0213054472,0.0215715522,0.0217728425,0.0231387123,0.0215588909
2010-12-03,0.0150706842,0.0153108353,0.0168657204,0.0179372911,0.0189039650,0.0196763667,0.0199227302,0.0201097876,0.0200546794,0.0219593278,0.0200625325
2010-12-02,0.0148830841,0.0153873650,0.0169189467,0.0179055109,0.0189317639,0.0197626187,0.0200480564,0.0203328161,0.0203703182,0.0203384963,0.0200793442
2010-12-01,0.0176623295,0.0184453158,0.0199767793,0.0210561652,0.0221585490,0.0230147099,0.0232716651,0.0235170333,0.0233765005,0.0234540323,0.0229567036
2010-11-30,0.0173708828,0.0184218131,0.0204426862,0.0218564248,0.0231914924,0.0242791521,0.0247083644,0.0250382734,0.0258149908,0.0258098450,0.0251136429
2010-11-29,0.0195649491,0.0193049022,0.0207944673,0.0221472011,0.0235249218,0.0246459675,0.0250266950,0.0254233572,0.0256348801,0.0267395916,0.0252783575
2010-11-26,0.0189349030,0.0194954465,0.0214238714,0.0228906835,0.0242161597,0.0252588296,0.0256821448,0.0261068451,0.0263203493,0.0262649938,0.0260511753
2010-11-25,0.0173164921,0.0176566640,0.0195418309,0.0208958821,0.0223160056,0.0234902021,0.0238432609,0.0241900484,0.0246384979,0.0246268252,0.0241761842
2010-11-24,0.0153339904,0.0163819227,0.0186088531,0.0203542932,0.0218345093,0.0230780166,0.0235055267,0.0238762762,0.0241103258,0.0240849512,0.0237427835
2010-11-23,0.0148295704,0.0155492094,0.0177173063,0.0195860319,0.0212626818,0.0227358059,0.0232193916,0.0236783413,0.0237108763,0.0236594886,0.0235158996
2010-11-22,0.0127137987,0.0135407771,0.0157954037,0.0175587512,0.0190767418,0.0204074436,0.0208724086,0.0212651448,0.0215336025,0.0216263718,0.0211891859
2010-11-19,0.0123703515,0.0129643221,0.0150267352,0.0166613745,0.0181612765,0.0194853783,0.0199046272,0.0202761588,0.0202653580,0.0203284789,0.0200489828
2010-11-18,0.0120025868,0.0121983771,0.0137205723,0.0152931325,0.0167917856,0.0181478340,0.0185937810,0.0190633586,0.0192111512,0.0191388537,0.0188610592
2010-11-17,0.0108780457,0.0114713786,0.0135402086,0.0149912390,0.0164692060,0.0178088486,0.0182117704,0.0185810728,0.0185195068,0.0186296842,0.0184284187
2010-11-16,0.0120125675,0.0120241967,0.0139974368,0.0155786087,0.0170407987,0.0183476241,0.0188036100,0.0192152289,0.0193194142,0.0192644413,0.0191383719
2010-11-15,0.0105984662,0.0116024027,0.0137641380,0.0153161931,0.0167275790,0.0179822703,0.0184140565,0.0187675006,0.0188872195,0.0188679875,0.0186649183
2010-11-12,0.0114375531,0.0122220940,0.0144125750,0.0162005431,0.0178366213,0.0193297104,0.0198660050,0.0203445600,0.0202835997,0.0203447232,0.0200859008
2010-11-11,0.0138477067,0.0138922814,0.0156935689,0.0172524062,0.0189118760,0.0204056226,0.0208702547,0.0213653507,0.0213130407,0.0212515811,0.0211140743
2010-11-10,0.0116661660,0.0123548528,0.0146853533,0.0164996855,0.0180629956,0.0194641190,0.0199648552,0.0203783997,0.0204013599,0.0203571683,0.0201808438
2010-11-09,0.0114260915,0.0120928233,0.0143283403,0.0159930165,0.0174062658,0.0186471413,0.0191821551,0.0196250836,0.0195568746,0.0195845311,0.0193744582
2010-11-08,0.0118484761,0.0124006912,0.0142346069,0.0159471491,0.0175042473,0.0189119284,0.0194068021,0.0198586669,0.0198522767,0.0198717271,0.0196626533
2010-11-05,0.0116297932,0.0115111318,0.0130051029,0.0145342702,0.0159847256,0.0173041269,0.0177730568,0.0182622381,0.0184057932,0.0183496274,0.0182106211
2010-11-04,0.0113153849,0.0109372791,0.0125127958,0.0140592005,0.0154134230,0.0166330037,0.0171888493,0.0176941278,0.0176928203,0.0176468660,0.0175381130
2010-11-03,0.0106650832,0.0110336390,0.0125740481,0.0139305486,0.0153828515,0.0167201107,0.0171327392,0.0175331236,0.0175998286,0.0178502684,0.0175279327
2010-11-02,0.0096886673,0.0101521857,0.0119813867,0.0135566416,0.0149619571,0.0162539504,0.0167253089,0.0171181395,0.0172273165,0.0172570241,0.0170943259
2010-11-01,0.0103037363,0.0103323782,0.0115747744,0.0129181534,0.0142851910,0.0155491432,0.0160483843,0.0165622472,0.0165468252,0.0165193245,0.0164511084
2010-10-29,0.0101893630,0.0098767911,0.0113418048,0.0127762299,0.0141481522,0.0154216942,0.0159114090,0.0163578749,0.0163662399,0.0163459170,0.0162907947
2010-10-28,0.0090415406,0.0095534887,0.0110506220,0.0123850909,0.0137493317,0.0150244957,0.0154650363,0.0158728856,0.0160142565,0.0160338680,0.0157127594
2010-10-27,0.0098532395,0.0095944361,0.0110184188,0.0124168186,0.0137296599,0.0149432721,0.0153279670,0.0157103886,0.0157917942,0.0157746338,0.0157268163
2010-10-26,0.0088741859,0.0089564219,0.0105739479,0.0121291638,0.0134389058,0.0146566259,0.0151122631,0.0155047943,0.0156912783,0.0156790720,0.0156424165
2010-10-25,0.0087249130,0.0091270984,0.0106668152,0.0120029457,0.0133043360,0.0145156396,0.0148649360,0.0151936791,0.0153610888,0.0153809360,0.0151375293
2010-10-22,0.0094693432,0.0098388979,0.0112931064,0.0127417996,0.0140240849,0.0151934522,0.0156114860,0.0159661587,0.0162197476,0.0162069903,0.0161674426
2010-10-21,0.0103877047,0.0107201575,0.0117669785,0.0127810980,0.0139849203,0.0150622747,0.0152956690,0.0155091835,0.0158102066,0.0157303951,0.0155570811
2010-10-20,0.0108813081,0.0108048566,0.0120005212,0.0130811834,0.0143029346,0.0153936840,0.0156713688,0.0159301671,0.0164396870,0.0164308138,0.0163959420
2010-10-19,0.0093592251,0.0104212275,0.0118250352,0.0129403708,0.0141023302,0.0151277695,0.0153689822,0.0156198679,0.0160200917,0.0159239708,0.0157195456
2010-10-18,0.0110446257,0.0110041671,0.0118845422,0.0128851028,0.0141108900,0.0152111255,0.0155111623,0.0158066665,0.0162447606,0.0162365742,0.0162084719
2010-10-15,0.0103442826,0.0103970798,0.0117657354,0.0128462155,0.0140261750,0.0150745476,0.0153021353,0.0155678935,0.0159230709,0.0158327516,0.0155155516
2010-10-14,0.0105565145,0.0108117248,0.0117352077,0.0127005769,0.0138603690,0.0148890738,0.0151123892,0.0153917665,0.0158249018,0.0158106856,0.0155162914
2010-10-13,0.0107266688,0.0111187130,0.0117779421,0.0126637106,0.0136642489,0.0145128485,0.0146431415,0.0148095662,0.0166844762,0.0182592330,0.0180749596
2010-10-12,0.0111074004,0.0113751685,0.0120916713,0.0130302393,0.0141466393,0.0151180871,0.0153322886,0.0156198053,0.0160784208,0.0160713916,0.0160474440
2010-10-11,0.0106219809,0.0114360728,0.0121667671,0.0131412975,0.0141480070,0.0149932408,0.0151638393,0.0153693023,0.0156807445,0.0166071334,0.0154348162
2010-10-08,0.0112171294,0.0119736785,0.0126943381,0.0136996095,0.0147046468,0.0155362000,0.0156914962,0.0158762069,0.0163248760,0.0192313449,0.0183357458
2010-10-07,0.0115323889,0.0122387524,0.0131797742,0.0142635422,0.0153610564,0.0162839266,0.0165147568,0.0168043538,0.0169179277,0.0171066740,0.0167315678
2010-10-06,0.0114815782,0.0123317069,0.0132598850,0.0143592686,0.0154701732,0.0164060093,0.0166632849,0.0169705337,0.0171834746,0.0172509841,0.0169566861
2010-10-05,0.0130344722,0.0131876772,0.0138331595,0.0147561003,0.0158191804,0.0166932864,0.0168721365,0.0170962602,0.0172950559,0.0173497625,0.0171359845
2010-10-04,0.0122784579,0.0127874401,0.0136774808,0.0147676294,0.0159295414,0.0169138239,0.0171872044,0.0175080663,0.0176955637,0.0177379994,0.0176038875
2010-10-01,0.0132756907,0.0136888091,0.0144296343,0.0153777949,0.0164216028,0.0172617027,0.0175117079,0.0177974969,0.0181361153,0.0181104894,0.0180431554
2010-09-30,0.0141345315,0.0146791591,0.0154058715,0.0163573262,0.0173195352,0.0180512516,0.0181985123,0.0183659314,0.0201946530,0.0217375796,0.0186759886
2010-09-29,0.0143810665,0.0149646389,0.0157502349,0.0167164118,0.0177145310,0.0184783841,0.0186522327,0.0188518948,0.0199209544,0.0205857835,0.0187571703
2010-09-28,0.0150465404,0.0153867247,0.0162397317,0.0172425781,0.0182561276,0.0190266978,0.0192154516,0.0194530485,0.0199037983,0.0198946889,0.0195158514
2010-09-27,0.0139934769,0.0146338418,0.0155960649,0.0166025677,0.0174896500,0.0181357633,0.0183160646,0.0185495558,0.0187958553,0.0187814346,0.0183221866
2010-09-24,0.0138238580,0.0141843916,0.0152201591,0.0163784414,0.0173628556,0.0181183713,0.0183441206,0.0186181811,0.0188035808,0.0189045852,0.0185781631
2010-09-23,0.0143739765,0.0148447928,0.0157479406,0.0167462475,0.0176893167,0.0183930856,0.0186024960,0.0188680669,0.0191758427,0.0204740968,0.0189794042
2010-09-22,0.0141217767,0.0145238702,0.0154218934,0.0164085669,0.0173375053,0.0180323824,0.0181714243,0.0183588446,0.0185642949,0.0203808065,0.0183449559
2010-09-21,0.0129887334,0.0138289461,0.0147026174,0.0156270373,0.0165041073,0.0171576789,0.0173025502,0.0175480982,0.0177489981,0.0194277304,0.0173277116
2010-09-20,0.0133919965,0.0137559588,0.0146354406,0.0155943025,0.0165205864,0.0172280703,0.0173560764,0.0175324117,0.0178376038,0.0195762928,0.0174966227
2010-09-17,0.0135141188,0.0137948831,0.0146344679,0.0155695817,0.0165135714,0.0172407956,0.0174148260,0.0176664369,0.0179914109,0.0192926219,0.0179745610
2010-09-16,0.0131379684,0.0137004650,0.0145170774,0.0154650254,0.0163081165,0.0169281604,0.0170291411,0.0171714087,0.0173274645,0.0181569108,0.0172000382
2010-09-15,0.0129871141,0.0136445503,0.0146173800,0.0156665334,0.0166057332,0.0173259301,0.0174768483,0.0176115345,0.0176091798,0.0180312977,0.0173674017
2010-09-14,0.0133787831,0.0136744015,0.0145756240,0.0155175199,0.0164021352,0.0170660253,0.0172115724,0.0173715396,0.0173308649,0.0174010271,0.0171583260
2010-09-13,0.0130332654,0.0132214383,0.0139300617,0.0147903749,0.0156662631,0.0163345108,0.0164564615,0.0166276630,0.0167769139,0.0182153687,0.0167161632
2010-09-10,0.0136757200,0.0137495513,0.0145799543,0.0154943310,0.0163789300,0.0170432836,0.0171907707,0.0174054969,0.0174517769,0.0191863010,0.0174085912
2010-09-09,0.0135850254,0.0138029291,0.0146377100,0.0156155985,0.0165040737,0.0171703552,0.0173218665,0.0174833725,0.0174201063,0.0193922460,0.0173969943
2010-09-08,0.0139056093,0.0140401312,0.0148839237,0.0158468395,0.0167940219,0.0175195497,0.0176898250,0.0178848150,0.0180473997,0.0181653175,0.0179642295
2010-09-07,0.0131081789,0.0133676664,0.0142057271,0.0151416465,0.0160260715,0.0166969744,0.0168011827,0.0169151139,0.0171069479,0.0189530526,0.0169791669
2010-09-06,0.0124918590,0.0127812062,0.0135236320,0.0143679959,0.0152703567,0.0159756841,0.0161018609,0.0162719581,0.0163314174,0.0164482787,0.0162525269
2010-09-03,0.0118895193,0.0121614780,0.0129397353,0.0137754830,0.0146465736,0.0153293274,0.0154282233,0.0155361811,0.0156709510,0.0154648198,0.0155147914
2010-09-02,0.0133240806,0.0135734723,0.0143041129,0.0151529969,0.0160155327,0.0166625958,0.0168034309,0.0170094373,0.0170535122,0.0170158120,0.0169185541
2010-09-01,0.0135802411,0.0137681069,0.0146052018,0.0155448161,0.0164840975,0.0172069438,0.0173271160,0.0174196422,0.0176224872,0.0177414897,0.0175298177
2010-08-31,0.0142744426,0.0146831739,0.0154894516,0.0163889115,0.0172608971,0.0178951838,0.0179738298,0.0180589839,0.0182731312,0.0200721452,0.0180671817
2010-08-30,0.0139655330,0.0144265657,0.0153282147,0.0162786427,0.0171770992,0.0178419190,0.0180149338,0.0182288738,0.0181095392,0.0180256211,0.0178794545
2010-08-27,0.0139651031,0.0144264521,0.0153283531,0.0162794951,0.0171792817,0.0178455420,0.0180221060,0.0182426197,0.0181744480,0.0181234766,0.0179963916
2010-08-26,0.0134661396,0.0137156114,0.0145715715,0.0155118876,0.0164587849,0.0171906429,0.0173289841,0.0174266963,0.0174210206,0.0175921716,0.0172928523
2010-08-25,0.0131307161,0.0133809823,0.0143145680,0.0152665613,0.0161623555,0.0168434043,0.0170036946,0.0171415243,0.0171903699,0.0172002867,0.0170907712
2010-08-24,0.0128325610,0.0130542287,0.0139586536,0.0148861276,0.0157874099,0.0164817145,0.0166497586,0.0167906654,0.0169034587,0.0168871152,0.0167801410
2010-08-23,0.0124514731,0.0125096555,0.0133008741,0.0141439421,0.0150667941,0.0157991658,0.0159957706,0.0161460181,0.0162706949,0.0162734269,0.0162483168
2010-08-20,0.0125246486,0.0127273671,0.0135524657,0.0143816437,0.0153281785,0.0160818518,0.0162798919,0.0164371803,0.0164836275,0.0165600323,0.0164570125
2010-08-19,0.0113249886,0.0121069925,0.0129674560,0.0136688243,0.0145692179,0.0152864050,0.0155924900,0.0158617361,0.0162870675,0.0196390109,0.0195362301
2010-08-18,0.0111873150,0.0119151989,0.0128206677,0.0136371266,0.0144899063,0.0151555913,0.0152308801,0.0155173490,0.0157059284,0.0191365128,0.0190552776
2010-08-17,0.0116997120,0.0123527600,0.0133417906,0.0141182355,0.0149956155,0.0156788187,0.0157274526,0.0159092399,0.0160598000,0.0197725093,0.0197081382
2010-08-16,0.0121720033,0.0129357061,0.0138155201,0.0147579486,0.0155889537,0.0162096512,0.0164153636,0.0166678603,0.0172021893,0.0204433557,0.0203970484
2010-08-13,0.0119608361,0.0127461460,0.0134985379,0.0144176809,0.0152161899,0.0158082109,0.0160662031,0.0164398590,0.0168030306,0.0202374949,0.0202117177
2010-08-12,0.0121155863,0.0129807298,0.0138914792,0.0147294812,0.0155676141,0.0161965875,0.0164600026,0.0168221863,0.0169049217,0.0204981868,0.0204924200
2010-08-11,0.0114908614,0.0124985958,0.0134271539,0.0143280221,0.0151329159,0.0157335387,0.0158972892,0.0162210635,0.0161906373,0.0198653226,0.0198794678
2010-08-10,0.0107036528,0.0112345746,0.0119979835,0.0129546626,0.0137803853,0.0144299423,0.0146474653,0.0148599168,0.0151644957,0.0186502375,0.0186820629
2010-08-09,0.0107120934,0.0108583880,0.0116494846,0.0124503041,0.0132812296,0.0139464974,0.0141742901,0.0144088951,0.0147802993,0.0182889884,0.0183384015
2010-08-06,0.0100890701,0.0107042257,0.0115497621,0.0125006383,0.0133005441,0.0139307895,0.0139932668,0.0142341807,0.0146492692,0.0181173231,0.0181843236
2010-08-05,0.0098953266,0.0105252860,0.0113147244,0.0122313675,0.0131072873,0.0138267557,0.0139690000,0.0141650000,0.0143516234,0.0177398813,0.0178231787
2010-08-04,0.0096592759,0.0104048229,0.0110454806,0.0119113371,0.0127327754,0.0133984904,0.0134589995,0.0136072104,0.0140047535,0.0173020179,0.0174005326
2010-08-03,0.0094960491,0.0101249846,0.0107805211,0.0115975530,0.0124473769,0.0131510401,0.0132088092,0.0134509449,0.0138876650,0.0171483419,0.0172631183
2010-08-02,0.0099726688,0.0107405849,0.0114679899,0.0123427459,0.0131553749,0.0138027628,0.0138484078,0.0140495070,0.0141148582,0.0174197144,0.0175537325
2010-07-30,0.0101467670,0.0108044235,0.0116291223,0.0125339831,0.0133518994,0.0140013177,0.0139886904,0.0141559823,0.0144420367,0.0178141278,0.0179690178
2010-07-29,0.0097183056,0.0101151751,0.0108595658,0.0117178469,0.0125056429,0.0131382253,0.0132640966,0.0134807521,0.0136595168,0.0168400380,0.0170033374
2010-07-28,0.0097430319,0.0103025021,0.0108743568,0.0117371740,0.0125568490,0.0132242436,0.0132782320,0.0133966074,0.0137727459,0.0169707046,0.0171522979
2010-07-27,0.0093504030,0.0099369223,0.0106495450,0.0113585812,0.0122073108,0.0129148545,0.0129606983,0.0130335370,0.0135264812,0.0166584958,0.0168534785
2010-07-26,0.0103982364,0.0109946575,0.0118300154,0.0126644907,0.0134614207,0.0140853690,0.0142122610,0.0141857530,0.0148618126,0.0182933962,0.0185259052
2010-07-23,0.0111789363,0.0120428259,0.0129868588,0.0137849207,0.0145569215,0.0151324601,0.0151672316,0.0152697804,0.0161234777,0.0198359449,0.0201080205
2010-07-22,0.0118586267,0.0126442441,0.0132608136,0.0141900514,0.0151034734,0.0158250464,0.0158840337,0.0159119055,0.0169338093,0.0208219043,0.0211284775
2010-07-21,0.0125718436,0.0132748730,0.0139442072,0.0150319125,0.0158233662,0.0163968103,0.0164997204,0.0168980170,0.0166814719,0.0220723707,0.0224196108
2010-07-20,0.0131944966,0.0139506625,0.0145981723,0.0154361966,0.0162513693,0.0168428675,0.0168476107,0.0169501205,0.0175715576,0.0250192165,0.0254380680
2010-07-19,0.0127092923,0.0139275714,0.0146242729,0.0155262049,0.0163329700,0.0169138313,0.0169859382,0.0171243908,0.0175864791,0.0251064640,0.0255521412
2010-07-16,0.0123927594,0.0134216593,0.0141146113,0.0148520614,0.0156435867,0.0162204714,0.0162785438,0.0161706778,0.0170180218,0.0245235367,0.0249836670
2010-07-15,0.0122828316,0.0135553773,0.0142219029,0.0147714603,0.0156397398,0.0163009802,0.0163558444,0.0160489787,0.0168213150,0.0244033512,0.0248859303
2010-07-14,0.0121688127,0.0130485044,0.0135771617,0.0143220699,0.0151721511,0.0158222119,0.0161694404,0.0158942632,0.0165227037,0.0242033477,0.0247064973
2010-07-13,0.0117727198,0.0124917568,0.0132847038,0.0141330715,0.0150614980,0.0158007976,0.0158009511,0.0157959809,0.0165887726,0.0241986351,0.0247262320
2010-07-12,0.0118444767,0.0131722538,0.0138707238,0.0146045850,0.0154747599,0.0161412963,0.0161955952,0.0160273481,0.0172638451,0.0242544326,0.0248078725
2010-07-09,0.0117249600,0.0125137100,0.0134676429,0.0142923343,0.0152457446,0.0160093783,0.0159370000,0.0158230000,0.0171518785,0.0232335267,0.0237872846
2010-07-08,0.0135329657,0.0140257357,0.0147415308,0.0154620722,0.0163519482,0.0170236320,0.0169684787,0.0168916877,0.0178018785,0.0235061934,0.0240903642
2010-07-07,0.0164083499,0.0156433547,0.0163479320,0.0172524222,0.0179032185,0.0182891542,0.0183092500,0.0185493564,0.0179553864,0.0244495267,0.0250820395
2010-07-06,0.0164079632,0.0157179036,0.0164222267,0.0170920931,0.0178517204,0.0183546852,0.0185076417,0.0185536713,0.0175945448,0.0244495267,0.0251069628
2010-07-05,0.0169330000,0.0166959717,0.0172831133,0.0177688917,0.0184110239,0.0187792457,0.0190198210,0.0194090390,0.0186359960,0.0227280566,0.0233623946
2010-07-02,0.0171710904,0.0173950543,0.0178898810,0.0182316938,0.0188762119,0.0192391480,0.0192055763,0.0192583206,0.0186858060,0.0206941234,0.0212928315
2010-07-01,0.0175926527,0.0176613578,0.0180632343,0.0186183898,0.0192951477,0.0196851088,0.0201303764,0.0200737959,0.0199322417,0.0200454978,0.0206459352
2010-06-30,0.0179089015,0.0180557530,0.0186711560,0.0190875542,0.0198457314,0.0203127265,0.0204615039,0.0205321940,0.0210139585,0.0205638309,0.0206734761
2010-06-29,0.0188416460,0.0189177038,0.0195457913,0.0200645500,0.0207852582,0.0211966033,0.0212073500,0.0212433075,0.0214068333,0.0213750000,0.0210773233
2010-06-28,0.0179729900,0.0180397583,0.0187121980,0.0190481500,0.0196869243,0.0200303414,0.0204223700,0.0203975420,0.0207695322,0.0208000151,0.0204787162
2010-06-25,0.0186571241,0.0184551301,0.0191118771,0.0193870533,0.0202642829,0.0208514686,0.0208905120,0.0208172870,0.0209948440,0.0209608345,0.0208796517
2010-06-24,0.0187576389,0.0183739927,0.0193873174,0.0196307713,0.0203852497,0.0208392098,0.0208774489,0.0208764861,0.0209531463,0.0209469413,0.0207673781
2010-06-23,0.0176806667,0.0171789334,0.0178057065,0.0181605704,0.0189640306,0.0194948057,0.0193408858,0.0194102670,0.0187963691,0.0279331554,0.0276504271
2010-06-22,0.0132570400,0.0156407805,0.0165926972,0.0169677211,0.0176623941,0.0180993628,0.0177092678,0.0178676611,0.0175949543,0.0260459375,0.0257420206
2010-06-21,0.0139235767,0.0140785539,0.0146323685,0.0151198436,0.0156666631,0.0159806314,0.0158684778,0.0160830961,0.0165688049,0.0235181343,0.0232073898
2010-06-18,0.0149359167,0.0151737437,0.0148512467,0.0159897599,0.0166372197,0.0170415208,0.0171745899,0.0174089140,0.0170893612,0.0232947418,0.0229510272
2010-06-17,0.0151456675,0.0161481260,0.0155816887,0.0168639563,0.0175424933,0.0179643920,0.0180103016,0.0186526580,0.0185634602,0.0223775178,0.0220128832
2010-06-16,0.0183040370,0.0179114033,0.0187850658,0.0194218888,0.0200279206,0.0203315350,0.0204583910,0.0206684495,0.0204985003,0.0204655674,0.0201006267
2010-06-15,0.0173846333,0.0173702898,0.0180024912,0.0187481157,0.0193564589,0.0196736377,0.0195513846,0.0197707716,0.0209416862,0.0271972627,0.0249468240
2010-06-14,0.0168448167,0.0165961742,0.0172372367,0.0176483000,0.0183976866,0.0188805479,0.0188688228,0.0190357800,0.0214068275,0.0258641945,0.0221560982
2010-06-11,0.0167788900,0.0169571505,0.0173698250,0.0176815357,0.0183674617,0.0187832138,0.0188513638,0.0191040539,0.0211568275,0.0258641945,0.0206917650
2010-06-10,0.0194932930,0.0193933833,0.0201093855,0.0206576737,0.0213280528,0.0216776980,0.0217482508,0.0217217646,0.0221687933,0.0265734445,0.0219961863
2010-06-09,0.0214622049,0.0213723666,0.0220980850,0.0226931420,0.0234278171,0.0238101287,0.0238869867,0.0239167825,0.0242605343,0.0275612822,0.0235411888
2010-06-08,0.0235114300,0.0239602731,0.0246082621,0.0251266614,0.0257595981,0.0259945366,0.0262235296,0.0262456384,0.0266833333,0.0278503837,0.0252719882
2010-06-07,0.0216384135,0.0214283343,0.0221772923,0.0228456594,0.0237107650,0.0242198873,0.0242178893,0.0242647314,0.0245851684,0.0247345665,0.0238610843
2010-06-04,0.0206212933,0.0200639884,0.0207255048,0.0213651664,0.0221861919,0.0226720042,0.0226986290,0.0226943902,0.0229264111,0.0231011388,0.0221621302
2010-06-03,0.0183042128,0.0183620205,0.0191361769,0.0195830561,0.0203808032,0.0208707839,0.0208563833,0.0209645234,0.0207238636,0.0212411975,0.0209890900
2010-06-02,0.0189529950,0.0187346483,0.0193177362,0.0200477169,0.0207639175,0.0211580815,0.0211821765,0.0211262275,0.0213003464,0.0213507439,0.0211063813
2010-06-01,0.0182747625,0.0179312465,0.0188341129,0.0195525450,0.0202846655,0.0207014614,0.0207878029,0.0206792182,0.0208833333,0.0217106667,0.0205795151
2010-05-31,0.0163604833,0.0164065997,0.0169844449,0.0170055391,0.0178639499,0.0184577669,0.0185795953,0.0185326781,0.0197326849,0.0226637225,0.0196370500
2010-05-28,0.0148928667,0.0162737867,0.0167558381,0.0169796235,0.0178368750,0.0184276536,0.0186208723,0.0186280001,0.0197326849,0.0229589558,0.0196563500
2010-05-27,0.0179162757,0.0175345850,0.0183480325,0.0187332689,0.0196016137,0.0201686402,0.0203224146,0.0201722251,0.0202179775,0.0225785090,0.0201566153
2010-05-26,0.0179810975,0.0180789943,0.0186566265,0.0192481441,0.0200283575,0.0204905835,0.0205288987,0.0205813905,0.0203210878,0.0208004136,0.0204767705
2010-05-25,0.0179139178,0.0192391386,0.0190802239,0.0198045701,0.0207939610,0.0214638451,0.0214138023,0.0218602693,0.0221012666,0.0220657091,0.0215311132
2010-05-24,0.0152687875,0.0162654181,0.0166463109,0.0172921518,0.0182354674,0.0189029347,0.0193595600,0.0197419871,0.0193705399,0.0233471206,0.0224017246
2010-05-21,0.0150403100,0.0158414443,0.0164418000,0.0173252686,0.0182867656,0.0189707400,0.0194998783,0.0198061014,0.0190541088,0.0233833024,0.0209245134
2010-05-20,0.0146581498,0.0144226853,0.0157471902,0.0165825003,0.0175383806,0.0182291071,0.0184966401,0.0189343498,0.0183448626,0.0226363702,0.0188911198
2010-05-19,0.0130437600,0.0144847993,0.0151545883,0.0159383984,0.0168538324,0.0175119729,0.0176906498,0.0180523258,0.0176948626,0.0222097035,0.0181738298
2010-05-18,0.0127772357,0.0139306501,0.0145815277,0.0152361198,0.0162544428,0.0170371986,0.0173282910,0.0175646526,0.0173448626,0.0226338702,0.0180314298
2010-05-17,0.0131686967,0.0142246064,0.0151563159,0.0156257942,0.0166652816,0.0174605364,0.0177844352,0.0181339726,0.0169774387,0.0213416502,0.0180741101
2010-05-14,0.0128720225,0.0129201631,0.0138942853,0.0145895224,0.0156685145,0.0165285562,0.0166815556,0.0170202189,0.0168274387,0.0213416502,0.0175635251
2010-05-13,0.0101093899,0.0110265435,0.0118673342,0.0124437714,0.0133652863,0.0140984327,0.0142263646,0.0145550641,0.0154819201,0.0196190900,0.0161002002
2010-05-12,0.0095807500,0.0102238299,0.0112081159,0.0117066765,0.0125778068,0.0132705381,0.0135881675,0.0141018290,0.0150800112,0.0188082554,0.0156931801
2010-05-11,0.0115957517,0.0132116462,0.0142180089,0.0146842384,0.0154178468,0.0158947723,0.0167164167,0.0170739571,0.0168730852,0.0203166390,0.0174045636
2010-05-10,0.0112913150,0.0132181806,0.0142800017,0.0148873235,0.0155794188,0.0160062703,0.0168072325,0.0171400773,0.0176628126,0.0197610087,0.0176981839
2010-05-07,0.0195327325,0.0214786567,0.0220681616,0.0230189068,0.0244036209,0.0253965129,0.0260500379,0.0263811257,0.0249509939,0.0258741986,0.0243812038
2010-05-06,0.0186242627,0.0184559264,0.0202230479,0.0210975119,0.0221325945,0.0227892293,0.0239199691,0.0243233644,0.0242310888,0.0229292935,0.0232070118
2010-05-05,0.0150563015,0.0158071765,0.0173530247,0.0181523129,0.0193305694,0.0202022400,0.0212553720,0.0216635300,0.0212303274,0.0204119352,0.0204927799
2010-05-04,0.0135730775,0.0141486118,0.0151198121,0.0158375351,0.0168803404,0.0176548077,0.0180607364,0.0184295965,0.0188231325,0.0184855876,0.0174919288
2010-05-03,0.0109350575,0.0117776941,0.0126226871,0.0131979720,0.0141972812,0.0149843300,0.0150366617,0.0154576233,0.0167714588,0.0169430975,0.0160468987
2010-04-30,0.0109342800,0.0117826611,0.0126906151,0.0134697030,0.0144483350,0.0152039953,0.0154632367,0.0158352719,0.0167714588,0.0166024725,0.0160521937
2010-04-29,0.0116307433,0.0123183937,0.0132573389,0.0140634028,0.0152082097,0.0161321365,0.0163771798,0.0168018349,0.0176771599,0.0171580424,0.0171019250
2010-04-28,0.0132471600,0.0143893092,0.0150499852,0.0157828586,0.0168367178,0.0176157565,0.0179011224,0.0182619785,0.0194175776,0.0187790564,0.0184003364
2010-04-27,0.0124375178,0.0142158680,0.0149487758,0.0156092789,0.0168277784,0.0177905267,0.0180302634,0.0184497208,0.0187446848,0.0182997914,0.0175792514
2010-04-26,0.0120582050,0.0138497014,0.0144515200,0.0151474325,0.0161957677,0.0169796256,0.0173758557,0.0178523014,0.0176659676,0.0174292864,0.0169011863
2010-04-23,0.0103293500,0.0120785047,0.0131212270,0.0136982106,0.0148286667,0.0157380314,0.0161436688,0.0164918456,0.0168084763,0.0166603999,0.0161402649
2010-04-22,0.0098317725,0.0122399662,0.0135142025,0.0136864951,0.0148671292,0.0158313518,0.0162266156,0.0166462441,0.0167307838,0.0164097366,0.0157511250
2010-04-21,0.0086368850,0.0101448998,0.0113330315,0.0121247780,0.0134506033,0.0146255338,0.0151046950,0.0155700298,0.0152045435,0.0152768862,0.0144635299
2010-04-20,0.0083430025,0.0089450336,0.0098005461,0.0107758166,0.0119152667,0.0129123508,0.0134864133,0.0137346101,0.0141068888,0.0139382038,0.0137265413
2010-04-19,0.0081575038,0.0088356359,0.0098329849,0.0108676462,0.0121110266,0.0132257520,0.0136557914,0.0141388000,0.0143173038,0.0140275299,0.0138257774
2010-04-16,0.0069139127,0.0077682967,0.0088845427,0.0100106193,0.0111751773,0.0122232819,0.0127395152,0.0133517646,0.0134095827,0.0131724436,0.0130323684
2010-04-15,0.0067786677,0.0077742845,0.0088496360,0.0099031213,0.0110511633,0.0120817489,0.0126551987,0.0131463898,0.0130703665,0.0130377035,0.0129083112
2010-04-14,0.0072335178,0.0076261971,0.0085486203,0.0095921998,0.0107528754,0.0118076344,0.0122704867,0.0126932163,0.0128860086,0.0129607772,0.0129075321
2010-04-13,0.0069625603,0.0069109744,0.0078860688,0.0090172065,0.0101645041,0.0112222060,0.0116474389,0.0121298229,0.0125880137,0.0126772886,0.0126993762
2010-04-12,0.0070401182,0.0073415099,0.0081940101,0.0092370348,0.0103600802,0.0113793511,0.0118128258,0.0123136410,0.0127061438,0.0128407813,0.0127765787
2010-04-09,0.0072616145,0.0075605778,0.0083349391,0.0093559640,0.0105041491,0.0115479008,0.0119595706,0.0125367752,0.0131134563,0.0132676357,0.0131342824
2010-04-08,0.0074899163,0.0075149357,0.0085267668,0.0095726451,0.0107558055,0.0118323152,0.0122546611,0.0127657351,0.0133976812,0.0136261599,0.0132812375
2010-04-07,0.0068674401,0.0072562888,0.0081839905,0.0091430826,0.0103049967,0.0113701150,0.0118464181,0.0122820214,0.0125710962,0.0127562325,0.0124274114
2010-04-06,0.0066029751,0.0066769544,0.0076357351,0.0086638859,0.0097238837,0.0106825405,0.0111432142,0.0115931057,0.0118925276,0.0120554999,0.0118573975
2010-04-05,0.0066267477,0.0067937524,0.0076375986,0.0086147032,0.0096948663,0.0106781758,0.0110364290,0.0114481392,0.0120485049,0.0121371037,0.0119598251
2010-04-02,0.0066263670,0.0067937756,0.0076376347,0.0086147292,0.0096954763,0.0106781591,0.0110363990,0.0114480892,0.0120485049,0.0121371037,0.0119596951
2010-04-01,0.0066263927,0.0067938554,0.0076377211,0.0086147292,0.0096960710,0.0106781408,0.0110364040,0.0114481859,0.0120485049,0.0121371037,0.0119597401
2010-03-31,0.0068169558,0.0066082750,0.0076073676,0.0085470234,0.0096666562,0.0106961954,0.0111209721,0.0114770193,0.0121866312,0.0122859325,0.0120946237
2010-03-30,0.0069859964,0.0067161775,0.0074964379,0.0084278435,0.0095059635,0.0104885024,0.0108867319,0.0112685237,0.0119536599,0.0121393771,0.0119492789
2010-03-29,0.0068217482,0.0068901542,0.0076476155,0.0084536508,0.0095244321,0.0104958476,0.0108116897,0.0112658762,0.0122659725,0.0120568059,0.0118474725
2010-03-26,0.0067479649,0.0069829229,0.0075409696,0.0084086885,0.0095212813,0.0105436782,0.0108914961,0.0112845902,0.0122926150,0.0120867809,0.0118832788
2010-03-25,0.0068201888,0.0068126706,0.0075380262,0.0084212411,0.0095446820,0.0105784595,0.0110944784,0.0115347581,0.0123306212,0.0120056388,0.0119272288
2010-03-24,0.0067842175,0.0065351585,0.0073970935,0.0082945213,0.0094271328,0.0104758555,0.0108804483,0.0112715529,0.0123020125,0.0120743038,0.0119910388
2010-03-23,0.0065942258,0.0063330501,0.0070400815,0.0080514878,0.0091704586,0.0102111233,0.0106688903,0.0110924364,0.0119756825,0.0117624133,0.0115792212
2010-03-22,0.0066712871,0.0066694055,0.0072463364,0.0081443911,0.0092935928,0.0103662624,0.0108388596,0.0114295300,0.0120756825,0.0115344137,0.0114306712
2010-03-19,0.0065408535,0.0064236830,0.0071297040,0.0079771898,0.0090557919,0.0100476029,0.0104925635,0.0110452997,0.0114162838,0.0115082137,0.0114335637
2010-03-18,0.0062887608,0.0058638917,0.0068503115,0.0076534671,0.0087059518,0.0096778702,0.0101698425,0.0106322883,0.0109735063,0.0109985242,0.0108917675
2010-03-17,0.0060038975,0.0057820611,0.0066277564,0.0073691653,0.0084439849,0.0094542715,0.0099472906,0.0104248912,0.0109322738,0.0110086005,0.0111101562
2010-03-16,0.0063175525,0.0061520396,0.0068970999,0.0077294674,0.0087962177,0.0097800216,0.0103272057,0.0108174904,0.0112447300,0.0115239625,0.0112876914
2010-03-15,0.0062826107,0.0062541675,0.0069308638,0.0079416152,0.0090216014,0.0100115624,0.0103994941,0.0107180921,0.0113424351,0.0112368975,0.0112428237
2010-03-12,0.0064585183,0.0062402175,0.0070162669,0.0077521632,0.0087957592,0.0097479471,0.0100491792,0.0104792187,0.0110225052,0.0107107175,0.0109600825
2010-03-11,0.0064907945,0.0064265235,0.0072347467,0.0079303520,0.0089068191,0.0097698565,0.0100079599,0.0104923719,0.0110475033,0.0107025299,0.0108867533
2010-03-10,0.0063285640,0.0064905323,0.0070101250,0.0077151306,0.0087009585,0.0095823555,0.0098478783,0.0102533822,0.0108632651,0.0107537445,0.0108124163
2010-03-09,0.0065226385,0.0067327181,0.0071909102,0.0078204552,0.0088571351,0.0097944907,0.0101692605,0.0105872489,0.0109107513,0.0108478275,0.0109024850
2010-03-08,0.0058259983,0.0066348393,0.0071348363,0.0078195624,0.0087471478,0.0095526487,0.0100837535,0.0104259726,0.0109524450,0.0110152949,0.0109891188
2010-03-05,0.0064167138,0.0061751383,0.0072225765,0.0079500797,0.0090382653,0.0100303939,0.0103932369,0.0107005987,0.0112827137,0.0111611050,0.0112524374
2010-03-04,0.0065924788,0.0064903167,0.0073214514,0.0081842553,0.0092116453,0.0101195345,0.0103142356,0.0106552078,0.0115069025,0.0114782163,0.0116066601
2010-03-03,0.0066927490,0.0068231246,0.0078274489,0.0085963266,0.0095407661,0.0103339143,0.0106767213,0.0109424621,0.0114921263,0.0114076138,0.0115854876
2010-03-02,0.0080085217,0.0079334364,0.0085965387,0.0093390504,0.0102640516,0.0110075882,0.0112410350,0.0116422166,0.0121574200,0.0120457175,0.0122426851
2010-03-01,0.0081883773,0.0088000272,0.0093809479,0.0101414164,0.0110319263,0.0117086630,0.0119976110,0.0123013527,0.0126769476,0.0127382949,0.0127579637
2010-02-26,0.0085455403,0.0086607666,0.0092840702,0.0101635899,0.0111797705,0.0119968671,0.0121698911,0.0125355947,0.0129093100,0.0131710400,0.0129885888
2010-02-25,0.0091108710,0.0091759004,0.0098434995,0.0107115320,0.0116937871,0.0124524257,0.0127677898,0.0130790458,0.0132222952,0.0131996738,0.0131373149
2010-02-24,0.0092088647,0.0088837907,0.0097352041,0.0104439401,0.0113884530,0.0121117320,0.0123798392,0.0127068339,0.0130684101,0.0130658136,0.0131199800
2010-02-23,0.0089738800,0.0085105880,0.0091998588,0.0099572216,0.0109106758,0.0116587574,0.0119773048,0.0122240611,0.0125828574,0.0125611049,0.0127118137
2010-02-22,0.0081911446,0.0082288747,0.0089984399,0.0097521088,0.0107304538,0.0115125294,0.0117999022,0.0120088079,0.0122652575,0.0126029238,0.0125455725
2010-02-19,0.0080744578,0.0086556450,0.0093682126,0.0101955685,0.0111287706,0.0118430081,0.0121623499,0.0123851721,0.0125298250,0.0128482987,0.0128954415
2010-02-18,0.0088671225,0.0088403355,0.0097362906,0.0105838935,0.0114858367,0.0121508005,0.0123518357,0.0126992720,0.0130064251,0.0134213974,0.0132478337
2010-02-17,0.0090344673,0.0093683113,0.0100806549,0.0108967945,0.0118424695,0.0125446008,0.0128298933,0.0131071868,0.0133248375,0.0135620399,0.0137507499
2010-02-16,0.0098749913,0.0098655670,0.0104837150,0.0112773842,0.0122269720,0.0129195234,0.0132329399,0.0135340469,0.0137177475,0.0140030687,0.0141570262
2010-02-15,0.0099037470,0.0098148558,0.0106205442,0.0114001453,0.0122768129,0.0128832045,0.0132020479,0.0136110881,0.0135633762,0.0136158337,0.0137258896
2010-02-12,0.0099233572,0.0098510683,0.0104017433,0.0113404139,0.0122551699,0.0129038337,0.0131939943,0.0135737244,0.0135795351,0.0136139400,0.0136844564
2010-02-11,0.0095767194,0.0097634601,0.0102639707,0.0110741247,0.0120263990,0.0127237984,0.0131234235,0.0134865496,0.0134763376,0.0136726328,0.0137457466
2010-02-10,0.0100946611,0.0098592199,0.0104055748,0.0112220433,0.0121904912,0.0128994568,0.0130457044,0.0134181048,0.0139189402,0.0140369119,0.0141143286
2010-02-09,0.0106015194,0.0111584619,0.0120885858,0.0124289013,0.0134178065,0.0141083830,0.0141348137,0.0148048791,0.0152151712,0.0157757227,0.0158653764
2010-02-08,0.0106335489,0.0112879762,0.0121606692,0.0130013209,0.0140514072,0.0147892132,0.0151160911,0.0154937250,0.0154683437,0.0158199663,0.0159125264
2010-02-05,0.0096950888,0.0104652111,0.0112512665,0.0119674060,0.0129052972,0.0135511104,0.0139051086,0.0144734189,0.0145620575,0.0144387114,0.0145211435
2010-02-04,0.0092839200,0.0109176100,0.0113986937,0.0121761170,0.0132522217,0.0140427912,0.0145286782,0.0149169281,0.0151243385,0.0149606286,0.0150439205
2010-02-03,0.0081225425,0.0080422381,0.0090157040,0.0100776694,0.0114118493,0.0125800624,0.0130919383,0.0138950641,0.0139767599,0.0137926501,0.0138674850
2010-02-02,0.0074667953,0.0073698560,0.0083244320,0.0092916118,0.0105468356,0.0116527953,0.0120696825,0.0128525027,0.0131104261,0.0129070140,0.0129752152
2010-02-01,0.0081235857,0.0078293731,0.0088856110,0.0098502526,0.0111427309,0.0122675749,0.0126979713,0.0134006139,0.0139352028,0.0136864251,0.0137568061
2010-01-29,0.0076901163,0.0074718706,0.0084742387,0.0095296142,0.0107887691,0.0118860421,0.0125171799,0.0132920456,0.0134714388,0.0131995302,0.0132655380
2010-01-28,0.0065730046,0.0065813557,0.0076020002,0.0086589708,0.0098731294,0.0109536319,0.0117877257,0.0126582973,0.0132207687,0.0129231671,0.0129859628
2010-01-27,0.0064464243,0.0062281312,0.0071647517,0.0081141992,0.0094162717,0.0106309737,0.0111572310,0.0122603779,0.0129876263,0.0126651342,0.0127248828
2010-01-26,0.0062537488,0.0059105631,0.0067122113,0.0077236857,0.0090128250,0.0102306684,0.0108650182,0.0117688739,0.0124203211,0.0120831619,0.0121384545
2010-01-25,0.0063698075,0.0061301565,0.0071299905,0.0080635928,0.0093793113,0.0106112368,0.0111790715,0.0121061582,0.0128334175,0.0124554051,0.0125106380
2010-01-22,0.0057477062,0.0063893056,0.0073814901,0.0083044487,0.0096484453,0.0109019089,0.0115175920,0.0123528770,0.0130503511,0.0126358799,0.0126901248
2010-01-21,0.0045828292,0.0058844600,0.0067259320,0.0076956462,0.0090095540,0.0102566645,0.0108354042,0.0118195371,0.0122869587,0.0121903900,0.0122409974
2010-01-20,0.0045354998,0.0059719885,0.0068461915,0.0076525698,0.0089835214,0.0102536044,0.0108795989,0.0115676801,0.0124630287,0.0119523642,0.0120002923
2010-01-19,0.0034310330,0.0046327576,0.0053846513,0.0063005025,0.0075514079,0.0087986753,0.0095241805,0.0102162109,0.0109711483,0.0107558720,0.0107974806
2010-01-18,0.0027243795,0.0046017850,0.0052096559,0.0061889930,0.0074194208,0.0086457487,0.0093380635,0.0102099427,0.0108290099,0.0107623679,0.0108024794
2010-01-15,0.0034445918,0.0044394233,0.0052960332,0.0064273326,0.0076969067,0.0089583957,0.0095150787,0.0103331891,0.0111539175,0.0108602972,0.0108992376
2010-01-14,0.0025655005,0.0028407888,0.0041820184,0.0054640590,0.0066346136,0.0078287142,0.0084312489,0.0093030625,0.0099089850,0.0094523251,0.0094848805
2010-01-13,0.0020556985,0.0029685376,0.0039648008,0.0047974712,0.0059742195,0.0072288717,0.0077886658,0.0085493111,0.0096696700,0.0093385900,0.0093694334
2010-01-12,0.0020801763,0.0028043908,0.0038525215,0.0046016158,0.0057373337,0.0069498652,0.0075293542,0.0082874555,0.0090753187,0.0089129388,0.0089411163
2010-01-11,0.0020390205,0.0025663460,0.0037757883,0.0042280435,0.0053472408,0.0065695033,0.0070930988,0.0078516225,0.0086828837,0.0085606387,0.0085864924
2010-01-08,0.0024571726,0.0028872509,0.0040116301,0.0045502881,0.0056661474,0.0068532300,0.0074689255,0.0082147699,0.0087655512,0.0086948112,0.0087198413
2010-01-07,0.0027367340,0.0030021797,0.0040107285,0.0046383081,0.0058107940,0.0070699413,0.0075105017,0.0081909641,0.0088896775,0.0088362876,0.0088604762
2010-01-06,0.0030700181,0.0031441285,0.0038904141,0.0047406128,0.0059884341,0.0073458574,0.0077312936,0.0083482229,0.0089644763,0.0089825212,0.0090058410
2010-01-05,0.0034700833,0.0033178327,0.0045140842,0.0054086917,0.0065126784,0.0076141855,0.0080341169,0.0085834733,0.0089538136,0.0089934324,0.0090155101
2010-01-04,0.0036209810,0.0032321840,0.0044967024,0.0055219867,0.0066833939,0.0078531004,0.0082971686,0.0089125141,0.0093537786,0.0092863587,0.0093078438
2010-01-01,0.0040842095,0.0035207722,0.0046044990,0.0055069749,0.0067210077,0.0079624013,0.0083379630,0.0088439272,0.0095574526,0.0093847262,0.0094051135
2009-12-31,0.0040842095,0.0033661667,0.0045726653,0.0054759665,0.0066993100,0.0079548816,0.0083455556,0.0088549089,0.0095574526,0.0093847262,0.0094037882
2009-12-30,0.0040842265,0.0033661667,0.0045724847,0.0054756783,0.0066995010,0.0079547641,0.0083454320,0.0088547628,0.0095574526,0.0093847262,0.0094024632
2009-12-29,0.0040906865,0.0033660000,0.0045669545,0.0055047792,0.0067151360,0.0079486985,0.0083421933,0.0088595257,0.0095632726,0.0094914688,0.0095080676
2009-12-28,0.0040817397,0.0040482461,0.0047101973,0.0057871999,0.0069935505,0.0081997239,0.0086214695,0.0091954057,0.0096707837,0.0095001775,0.0095154506
2009-12-25,0.0040817397,0.0039558802,0.0047772060,0.0058207999,0.0070190363,0.0082108964,0.0086275874,0.0091859745,0.0096707837,0.0095001775,0.0095141098
2009-12-24,0.0040817397,0.0039558802,0.0047773488,0.0058207999,0.0070194254,0.0082107853,0.0086274208,0.0091858745,0.0096707837,0.0095001775,0.0095127692
2009-12-23,0.0040816137,0.0039499820,0.0049125831,0.0058102846,0.0070064366,0.0081942122,0.0086224195,0.0091853960,0.0096707837,0.0095001775,0.0095114288
2009-12-22,0.0040890983,0.0039331203,0.0049226637,0.0058498967,0.0070383508,0.0082138155,0.0086074492,0.0092903102,0.0098621749,0.0097373463,0.0097475049
2009-12-21,0.0041187515,0.0039345346,0.0049478395,0.0058356191,0.0070397272,0.0082379119,0.0086468508,0.0092652007,0.0099291637,0.0096940787,0.0097028248
2009-12-18,0.0045158223,0.0042582685,0.0048103315,0.0057708071,0.0070153829,0.0082736990,0.0086915344,0.0093305179,0.0100425276,0.0098482924,0.0098557888
2009-12-17,0.0044459017,0.0042098757,0.0048721598,0.0058102144,0.0070242303,0.0082391032,0.0087293759,0.0092954615,0.0100333213,0.0098019899,0.0098080688
2009-12-16,0.0042329660,0.0039811396,0.0047346526,0.0056990174,0.0068981575,0.0081018078,0.0084803505,0.0091197733,0.0098110561,0.0096844475,0.0096890880
2009-12-15,0.0042932588,0.0040853402,0.0047541573,0.0057834040,0.0069770338,0.0081679850,0.0085787029,0.0091425029,0.0098514912,0.0097201900,0.0097234775
2009-12-14,0.0042016127,0.0040274489,0.0047271500,0.0057358412,0.0069391008,0.0081471775,0.0085852281,0.0091936283,0.0097904087,0.0097099726,0.0097118879
2009-12-11,0.0045412773,0.0044411340,0.0050209691,0.0059490844,0.0071785213,0.0084073446,0.0087961774,0.0093846990,0.0097821199,0.0096939333,0.0096944792
2009-12-10,0.0045774628,0.0045887100,0.0054221922,0.0062054324,0.0074363053,0.0086501267,0.0090900406,0.0096968125,0.0101755212,0.0100756614,0.0100748091
2009-12-09,0.0044962078,0.0044531728,0.0050127931,0.0061302660,0.0073443772,0.0085418477,0.0089523725,0.0095808017,0.0101755212,0.0100675414,0.0100652714
2009-12-08,0.0044099070,0.0043123350,0.0048902124,0.0059149024,0.0071317224,0.0083484063,0.0087622111,0.0093929281,0.0098861588,0.0097733669,0.0097697864
2009-12-07,0.0044582348,0.0043043333,0.0049211149,0.0058358569,0.0070395671,0.0082450000,0.0086715719,0.0092464696,0.0097635926,0.0096444204,0.0096395287
2009-12-04,0.0043144707,0.0041127317,0.0047936689,0.0058010856,0.0069855261,0.0081683333,0.0086405714,0.0091226117,0.0101392750,0.0100074457,0.0100009605
2009-12-03,0.0045711232,0.0044483541,0.0048180394,0.0059566171,0.0071634976,0.0083663522,0.0087994511,0.0094250238,0.0101066125,0.0099671689,0.0099593063
2009-12-02,0.0046664197,0.0046358973,0.0053293312,0.0062356161,0.0074873155,0.0087317154,0.0091680125,0.0097568904,0.0104565475,0.0103039650,0.0102943860
2009-12-01,0.0052372436,0.0046921010,0.0057423520,0.0065608901,0.0077776017,0.0089556356,0.0094038888,0.0099203450,0.0106481075,0.0104842738,0.0104730512
2009-11-30,0.0062974505,0.0050879625,0.0059058398,0.0067911517,0.0080816755,0.0093426110,0.0097616448,0.0103771683,0.0111525899,0.0109721445,0.0109588553
2009-11-27,0.0070500225,0.0051367000,0.0060366457,0.0069262050,0.0082197994,0.0094771350,0.0098946433,0.0104318564,0.0110982138,0.0109098488,0.0108950997
2009-11-26,0.0067926900,0.0050414140,0.0059963033,0.0067909438,0.0080558972,0.0092851467,0.0097415586,0.0103185667,0.0108057187,0.0106137576,0.0105979153
2009-11-25,0.0066310338,0.0049936540,0.0055110757,0.0066642200,0.0079324486,0.0091748163,0.0096680822,0.0102258100,0.0107287063,0.0105296205,0.0105124224
2009-11-24,0.0065560338,0.0049638717,0.0056757490,0.0067311853,0.0080248688,0.0092973161,0.0097702933,0.0103006900,0.0107287063,0.0105211347,0.0105024704
2009-11-23,0.0065560338,0.0047996750,0.0054625698,0.0064390149,0.0077504566,0.0090667056,0.0094878688,0.0099589813,0.0105287063,0.0103166832,0.0102969305
2009-11-20,0.0065560338,0.0048654760,0.0056486657,0.0066205410,0.0079283698,0.0092284717,0.0096675974,0.0102790961,0.0107287063,0.0105041835,0.0104825946
2009-11-19,0.0058241347,0.0049831644,0.0055874664,0.0065699481,0.0078697236,0.0091633352,0.0096274596,0.0102179129,0.0104242025,0.0101978272,0.0101754339
2009-11-18,0.0049449144,0.0048777805,0.0056367680,0.0065609450,0.0077924036,0.0089973400,0.0094722715,0.0099973626,0.0105751388,0.0103371482,0.0103129956
2009-11-17,0.0045906920,0.0046094367,0.0051907285,0.0061519868,0.0074183360,0.0086971380,0.0091478956,0.0097560600,0.0103910789,0.0101490448,0.0101239050
2009-11-16,0.0046559527,0.0045173881,0.0052538467,0.0061674530,0.0074098724,0.0086563630,0.0091191640,0.0096571057,0.0102324887,0.0099860943,0.0099599546
2009-11-13,0.0062231938,0.0045465460,0.0052978027,0.0063086132,0.0075364948,0.0087551957,0.0092433375,0.0098207433,0.0104010237,0.0101423906,0.0101144164
2009-11-12,0.0047157493,0.0045803772,0.0052029983,0.0062227326,0.0074738782,0.0087299738,0.0092171285,0.0097242671,0.0103143751,0.0100497910,0.0100206601
2009-11-11,0.0062895725,0.0046203908,0.0050767004,0.0062730878,0.0074826377,0.0086810292,0.0091737176,0.0096969762,0.0103787838,0.0101043978,0.0100736889
2009-11-10,0.0047416687,0.0048086067,0.0054348940,0.0063409171,0.0075699105,0.0087905015,0.0092683607,0.0098211870,0.0102644437,0.0099850270,0.0099532783
2009-11-09,0.0048976947,0.0047941637,0.0055497119,0.0064674038,0.0076770471,0.0088651027,0.0093143909,0.0098736210,0.0103347575,0.0100453247,0.0100119734
2009-11-06,0.0064376150,0.0048057950,0.0056962967,0.0065063287,0.0077802463,0.0090514286,0.0095139525,0.0101554400,0.0105595468,0.0102555470,0.0102200574
2009-11-05,0.0064244425,0.0048459840,0.0057166947,0.0065136333,0.0077836836,0.0090501250,0.0095090250,0.0100891434,0.0106081625,0.0102944601,0.0102573903
2009-11-04,0.0065239503,0.0049639072,0.0057731444,0.0065559966,0.0078004500,0.0090312784,0.0094984175,0.0100329829,0.0104827175,0.0101645265,0.0101264976
2009-11-03,0.0063672853,0.0048869040,0.0054920499,0.0065947773,0.0078889624,0.0091839470,0.0096545621,0.0102394374,0.0107470438,0.0104124313,0.0103720132
2009-11-02,0.0063105324,0.0048855333,0.0054077735,0.0065295618,0.0077989889,0.0090661604,0.0095312885,0.0100783866,0.0105930825,0.0102549925,0.0102137462
2009-10-30,0.0060146560,0.0046970292,0.0052831439,0.0063704691,0.0075740555,0.0087651122,0.0092234400,0.0097808200,0.0105006513,0.0101573189,0.0101150400
2009-10-29,0.0060095701,0.0047339357,0.0053561911,0.0063769112,0.0075880320,0.0087894350,0.0092553685,0.0098304788,0.0103984750,0.0101505175,0.0101068426
2009-10-28,0.0060913087,0.0048401191,0.0053269200,0.0064512497,0.0076158028,0.0087526921,0.0092133670,0.0098123022,0.0103343550,0.0100655670,0.0100208454
2009-10-27,0.0054893079,0.0042651275,0.0048402420,0.0059477547,0.0070840161,0.0082148803,0.0086701333,0.0091917300,0.0097704175,0.0095651850,0.0095213448
2009-10-26,0.0054074997,0.0041084681,0.0048138393,0.0056250245,0.0068372381,0.0080923248,0.0085399042,0.0090499173,0.0097365849,0.0095015450,0.0094566639
2009-10-23,0.0052598233,0.0039077211,0.0046743660,0.0055255534,0.0067575715,0.0080479067,0.0084181729,0.0089972441,0.0096363775,0.0094073868,0.0093616311
2009-10-22,0.0057347370,0.0041661500,0.0050117115,0.0060342210,0.0071503805,0.0082519312,0.0086642118,0.0091527260,0.0097036201,0.0094924188,0.0094449185
2009-10-21,0.0057658316,0.0040959283,0.0048116290,0.0059454098,0.0070536452,0.0081508900,0.0085619885,0.0091046193,0.0097077324,0.0095746763,0.0095254221
2009-10-20,0.0060140705,0.0041776100,0.0051545863,0.0063646988,0.0073436097,0.0082535735,0.0086666452,0.0091499792,0.0095909750,0.0093668850,0.0093173867
2009-10-19,0.0062667501,0.0042566775,0.0048778055,0.0061069409,0.0072312012,0.0083414006,0.0087512100,0.0093680317,0.0098555875,0.0096406812,0.0095883848
2009-10-16,0.0062418163,0.0041458000,0.0052484603,0.0062891293,0.0073171296,0.0082941878,0.0086626637,0.0092152725,0.0098997800,0.0096103426,0.0095568640
2009-10-15,0.0065833446,0.0042757563,0.0050082347,0.0062353733,0.0072471612,0.0082072446,0.0086122805,0.0091650152,0.0095573738,0.0093426625,0.0092893644
2009-10-14,0.0063369674,0.0040245453,0.0050168312,0.0058972383,0.0070052571,0.0081089491,0.0084955094,0.0087743750,0.0093555724,0.0091916575,0.0091379331
2009-10-13,0.0068086369,0.0042282875,0.0049430778,0.0061976963,0.0072648929,0.0082991636,0.0086468905,0.0091821071,0.0096294126,0.0095264454,0.0094694296
2009-10-12,0.0068904893,0.0041843055,0.0049470370,0.0062627845,0.0072831114,0.0082549363,0.0085805081,0.0091003900,0.0094921562,0.0094875975,0.0094294855
2009-10-09,0.0067790120,0.0049182067,0.0054041716,0.0063491357,0.0073697050,0.0083382320,0.0087388948,0.0093565916,0.0097075837,0.0096140258,0.0095537930
2009-10-08,0.0068290940,0.0046631000,0.0054144341,0.0063347185,0.0073593918,0.0083346239,0.0087004639,0.0092091989,0.0095908487,0.0095391485,0.0094780491
2009-10-07,0.0061044705,0.0054815322,0.0058185196,0.0066454420,0.0076195641,0.0085173983,0.0089274706,0.0094385200,0.0100053488,0.0098410175,0.0097766069
2009-10-06,0.0066290965,0.0050814583,0.0054688647,0.0064164305,0.0073805868,0.0082775148,0.0086595933,0.0091624120,0.0096662675,0.0094193563,0.0093563870
2009-10-05,0.0066540800,0.0052331780,0.0061238478,0.0068396152,0.0077105780,0.0084760785,0.0088630694,0.0093274804,0.0094460275,0.0092685863,0.0092053276
2009-10-02,0.0061101460,0.0054193833,0.0063200800,0.0069681456,0.0079724646,0.0088953257,0.0092675267,0.0096955208,0.0101275176,0.0098095550,0.0097412314
2009-10-01,0.0064967064,0.0050199400,0.0059321400,0.0064586947,0.0073837029,0.0082326308,0.0085760992,0.0090282943,0.0094087288,0.0091429534,0.0090779934
2009-09-30,0.0064371076,0.0048834800,0.0054734064,0.0060815950,0.0070202646,0.0079043386,0.0082347493,0.0087456400,0.0091324537,0.0089552484,0.0088903691
2009-09-29,0.0066318280,0.0047751450,0.0055668600,0.0058378232,0.0067774048,0.0076752596,0.0080048487,0.0085603541,0.0089409975,0.0089198100,0.0088539397
2009-09-28,0.0067014424,0.0047998141,0.0055264950,0.0061616433,0.0070040093,0.0077670328,0.0080986856,0.0085733107,0.0089412137,0.0090328088,0.0089648407
2009-09-25,0.0064275478,0.0050323617,0.0060449740,0.0061165530,0.0069376946,0.0076775557,0.0080109121,0.0084692986,0.0090499800,0.0088371788,0.0087694469
2009-09-24,0.0064317255,0.0041873850,0.0062450167,0.0055244837,0.0064312326,0.0073052855,0.0076123961,0.0080597354,0.0085406050,0.0085116175,0.0084451908
2009-09-23,0.0064191855,0.0044352250,0.0061070667,0.0057124522,0.0065129029,0.0072461643,0.0075580643,0.0078886929,0.0083938975,0.0084312075,0.0083642296
2009-09-22,0.0064441725,0.0059367500,0.0063040000,0.0057615965,0.0066191748,0.0074214286,0.0077425714,0.0080263481,0.0086315975,0.0084737125,0.0084052124
2009-09-21,0.0064316533,0.0059478889,0.0062318889,0.0067130853,0.0071169677,0.0073643016,0.0076040100,0.0078163784,0.0084015225,0.0083162600,0.0082228225
2009-09-18,0.0064096620,0.0057025740,0.0049143282,0.0061043745,0.0066919621,0.0071609497,0.0074820096,0.0077867996,0.0083005550,0.0082593384,0.0081895162
2009-09-17,0.0063471120,0.0056499740,0.0047427325,0.0062910953,0.0067389584,0.0070470156,0.0073606300,0.0077654900,0.0080297663,0.0079682349,0.0079496313
2009-09-16,0.0062613860,0.0055305990,0.0058340733,0.0059089956,0.0064843753,0.0069471978,0.0072352237,0.0075512822,0.0081239000,0.0079468961,0.0081087301
2009-09-15,0.0058564484,0.0051862619,0.0058202283,0.0061725115,0.0067172394,0.0071375289,0.0074088554,0.0077836334,0.0080320462,0.0080225037,0.0080574626
2009-09-14,0.0064568359,0.0057326878,0.0061291948,0.0066352421,0.0070910886,0.0074001119,0.0076546500,0.0080116529,0.0082390924,0.0082752012,0.0082012064
2009-09-11,0.0059929752,0.0053345704,0.0060601373,0.0064671842,0.0069382770,0.0072693967,0.0075334810,0.0079456550,0.0082715275,0.0082307550,0.0082424750
2009-09-10,0.0064649504,0.0057695320,0.0062623180,0.0067456480,0.0071715868,0.0074466043,0.0077203029,0.0080990671,0.0084042724,0.0083950999,0.0084049324
2009-09-09,0.0060791373,0.0054392093,0.0062241142,0.0066479083,0.0071725869,0.0075589095,0.0079067933,0.0082468828,0.0084699538,0.0084088088,0.0083880462
2009-09-08,0.0061565912,0.0055227140,0.0062795779,0.0066463496,0.0071029245,0.0074152338,0.0077543622,0.0081316700,0.0086252225,0.0084361763,0.0085363687
2009-09-07,0.0065455693,0.0058867838,0.0062332775,0.0067267868,0.0072147124,0.0075597095,0.0078426105,0.0081239778,0.0086701876,0.0085836262,0.0085893863
2009-09-04,0.0064494246,0.0058152723,0.0061788075,0.0066561616,0.0071697027,0.0075456083,0.0078998333,0.0082412079,0.0086037612,0.0085261537,0.0085417601
2009-09-03,0.0064425756,0.0058240760,0.0060540150,0.0065376753,0.0070530131,0.0074350338,0.0076732800,0.0079767993,0.0082310600,0.0083752884,0.0084272951
2009-09-02,0.0065239610,0.0059128558,0.0062876733,0.0066553510,0.0071272181,0.0074587688,0.0076673194,0.0080496578,0.0083193937,0.0084507937,0.0085620851
2009-09-01,0.0061288310,0.0055690614,0.0059093116,0.0063729833,0.0068501483,0.0071960850,0.0074650350,0.0078287838,0.0079192451,0.0080496401,0.0082222712
2009-08-31,0.0058488571,0.0053283628,0.0055058288,0.0060919856,0.0065809765,0.0069486754,0.0072173967,0.0075934876,0.0078056725,0.0079082725,0.0081800513
2009-08-28,0.0058338141,0.0053283628,0.0055058288,0.0060919856,0.0065806652,0.0069486754,0.0072173967,0.0075934876,0.0078056725,0.0079082725,0.0081765238
2009-08-27,0.0059774580,0.0054736392,0.0056173057,0.0059832665,0.0065456912,0.0070005970,0.0072424758,0.0075984314,0.0078774962,0.0079291150,0.0081967537
2009-08-26,0.0056403339,0.0051782483,0.0055983648,0.0061079425,0.0065129929,0.0067900000,0.0070725833,0.0073805417,0.0078307678,0.0079202502,0.0081696050
2009-08-25,0.0058614030,0.0053950822,0.0056028873,0.0060418592,0.0065437940,0.0069300000,0.0071583333,0.0074956014,0.0081390637,0.0082719338,0.0085136187
2009-08-24,0.0061038753,0.0056327510,0.0058954616,0.0062634768,0.0067065131,0.0070220478,0.0072925167,0.0076075422,0.0081890637,0.0082719338,0.0085113287
2009-08-21,0.0069248902,0.0064068745,0.0062134554,0.0065593855,0.0071437390,0.0076087760,0.0078803656,0.0080698716,0.0082390637,0.0083919338,0.0088559037
2009-08-20,0.0066014491,0.0061233774,0.0064471892,0.0066651544,0.0072156579,0.0076402848,0.0079392881,0.0082194429,0.0085389200,0.0086047988,0.0089080364
2009-08-19,0.0068333596,0.0063548375,0.0068638796,0.0072437778,0.0077017526,0.0080098245,0.0082895677,0.0086478904,0.0089590838,0.0092110588,0.0091768813
2009-08-18,0.0063039157,0.0058775860,0.0065226884,0.0068048050,0.0072473333,0.0075507635,0.0078219910,0.0081698944,0.0086332825,0.0086541799,0.0086899461
2009-08-17,0.0063435572,0.0059297978,0.0065041841,0.0068336635,0.0072559394,0.0075374577,0.0078091832,0.0080681230,0.0084874649,0.0085185763,0.0086406149
2009-08-14,0.0060175443,0.0056395538,0.0062289600,0.0064535413,0.0069305404,0.0072822970,0.0076356700,0.0079287667,0.0084326950,0.0084536899,0.0085712949
2009-08-13,0.0061507115,0.0057792200,0.0062283426,0.0064126671,0.0068218265,0.0071012700,0.0075756413,0.0078412583,0.0082989963,0.0084218687,0.0085355414
2009-08-12,0.0064313240,0.0060584661,0.0063617710,0.0066413309,0.0070729248,0.0073715265,0.0076545073,0.0079018673,0.0083803599,0.0084559524,0.0085665830
2009-08-11,0.0059554078,0.0056246075,0.0061258050,0.0064513143,0.0068660864,0.0071519736,0.0074291150,0.0077341687,0.0081029062,0.0081230013,0.0082259129
2009-08-10,0.0053514391,0.0050672196,0.0055206451,0.0058988767,0.0063866650,0.0067682381,0.0070264977,0.0074568833,0.0076793938,0.0079309461,0.0080281425
2009-08-07,0.0061733838,0.0058605833,0.0060585274,0.0063998245,0.0068476573,0.0071722222,0.0073632667,0.0076442667,0.0079888801,0.0081328650,0.0082291717
2009-08-06,0.0057846138,0.0055056723,0.0059375667,0.0062466037,0.0067000409,0.0070354167,0.0072947292,0.0075593889,0.0079027575,0.0079968287,0.0080882179
2009-08-05,0.0055370421,0.0052836281,0.0057813108,0.0062047474,0.0066690789,0.0070182296,0.0072265575,0.0075230400,0.0079401362,0.0080576425,0.0081463963
2009-08-04,0.0054992493,0.0052610963,0.0056290088,0.0059464710,0.0064794263,0.0069131322,0.0070658750,0.0073711187,0.0078285613,0.0079547188,0.0080390523
2009-08-03,0.0055491101,0.0053224869,0.0056072706,0.0059946103,0.0063829300,0.0066555102,0.0069662128,0.0072946163,0.0073390937,0.0074404251,0.0075162334
2009-07-31,0.0050578332,0.0048637829,0.0054353559,0.0057918244,0.0062145627,0.0065305390,0.0067174129,0.0069287255,0.0071475776,0.0074366374,0.0075093371
2009-07-30,0.0050466090,0.0048655032,0.0055650347,0.0061119450,0.0063562420,0.0064744930,0.0066628714,0.0069230400,0.0072081213,0.0075916137,0.0076626959
2009-07-29,0.0057704859,0.0055777483,0.0059548686,0.0063368564,0.0067270260,0.0069951624,0.0071746077,0.0074671870,0.0076594774,0.0077430313,0.0078123373
2009-07-28,0.0052841978,0.0051208732,0.0058047500,0.0060494206,0.0064424997,0.0067214286,0.0069452143,0.0071919286,0.0074848661,0.0074674837,0.0075312444
2009-07-27,0.0054618048,0.0053066391,0.0054434739,0.0058813346,0.0062693042,0.0065474237,0.0066788043,0.0069627333,0.0072379101,0.0073267450,0.0073862844
2009-07-24,0.0062685025,0.0061061238,0.0063361279,0.0065905647,0.0069842665,0.0072521656,0.0074239596,0.0076346253,0.0078923350,0.0082345299,0.0082980539
2009-07-23,0.0066862732,0.0064904979,0.0066893443,0.0071500381,0.0073619377,0.0074278950,0.0076575788,0.0078484286,0.0082959400,0.0085263001,0.0085885637
2009-07-22,0.0068414502,0.0066181125,0.0066588433,0.0071873819,0.0075547049,0.0077820717,0.0079446498,0.0081410689,0.0084205963,0.0086066813,0.0086659890
2009-07-21,0.0068476465,0.0066011469,0.0069029244,0.0072857800,0.0075657681,0.0077002006,0.0078937275,0.0081176175,0.0084514262,0.0086446147,0.0087006268
2009-07-20,0.0071782814,0.0068958948,0.0069004278,0.0073885024,0.0078043965,0.0080804467,0.0083008350,0.0085448845,0.0088230200,0.0088910525,0.0089450045
2009-07-17,0.0080655586,0.0077214113,0.0080775822,0.0083917072,0.0087306325,0.0089042086,0.0090763317,0.0092399380,0.0100119249,0.0098677600,0.0099235817
2009-07-16,0.0081282968,0.0077545013,0.0081518813,0.0084638769,0.0088500984,0.0090724000,0.0092218929,0.0094494986,0.0101176838,0.0100461688,0.0100988712
2009-07-15,0.0083838714,0.0079706000,0.0080399783,0.0083728918,0.0087107585,0.0088853162,0.0090667391,0.0092512508,0.0096665951,0.0096030337,0.0096494665
2009-07-14,0.0088983428,0.0084303893,0.0086521851,0.0089603460,0.0093089425,0.0094831677,0.0096991011,0.0099251367,0.0105214212,0.0104796538,0.0105260220
2009-07-13,0.0091643219,0.0086522870,0.0088737056,0.0091696864,0.0095357784,0.0097247050,0.0099276943,0.0101697271,0.0102902050,0.0103514964,0.0103930486
2009-07-10,0.0089623980,0.0084323164,0.0086848914,0.0089999107,0.0093378060,0.0095019164,0.0097434620,0.0099195983,0.0102402050,0.0102014964,0.0102382609
2009-07-09,0.0087027047,0.0081596025,0.0083695563,0.0087585860,0.0091631579,0.0094027992,0.0095283340,0.0097654860,0.0104287199,0.0102887233,0.0103215825
2009-07-08,0.0090307558,0.0084378333,0.0085883056,0.0088743325,0.0092333650,0.0094238036,0.0095551371,0.0097101417,0.0102005313,0.0100190275,0.0100469180
2009-07-07,0.0087627012,0.0081590000,0.0083604479,0.0086093542,0.0089355001,0.0090980886,0.0093305817,0.0095559467,0.0099467913,0.0098578699,0.0098812721
2009-07-06,0.0087466298,0.0082646667,0.0084522814,0.0086554083,0.0089169185,0.0090129330,0.0092504740,0.0095771200,0.0099967913,0.0098417984,0.0098611310
2009-07-03,0.0087252012,0.0079436000,0.0081762683,0.0084758617,0.0087733657,0.0089107407,0.0090477242,0.0092862750,0.0099967913,0.0098203699,0.0098356394
2009-07-02,0.0085752012,0.0078337820,0.0081725568,0.0084990940,0.0088309209,0.0090042108,0.0092531970,0.0095022920,0.0099967913,0.0096703699,0.0096814482
2009-07-01,0.0087063175,0.0078074167,0.0080762911,0.0083064583,0.0085808613,0.0086994796,0.0088448036,0.0090699311,0.0097177162,0.0098825201,0.0098897982
2009-06-30,0.0090914425,0.0075395002,0.0078994576,0.0083750363,0.0086514516,0.0087716192,0.0089145440,0.0090900550,0.0097177162,0.0102420915,0.0102454459
2009-06-29,0.0091968175,0.0084233333,0.0087685000,0.0090357500,0.0092922038,0.0093800000,0.0095116000,0.0097218000,0.0100677162,0.0102245201,0.0102236891
2009-06-26,0.0092843175,0.0087803960,0.0090733690,0.0093932320,0.0096840585,0.0098010014,0.0099407160,0.0101406800,0.0102177162,0.0103120201,0.0103069683
2009-06-25,0.0090218175,0.0084844887,0.0087992000,0.0092320050,0.0094733343,0.0095438033,0.0096134741,0.0098427392,0.0100677162,0.0100495201,0.0100404921
2009-06-24,0.0090403062,0.0085671517,0.0088609533,0.0091841833,0.0094152908,0.0094771950,0.0096652250,0.0099052800,0.0101294863,0.0101125012,0.0100992879
2009-06-23,0.0093403062,0.0090973300,0.0092628963,0.0096323850,0.0099182303,0.0100283279,0.0101318220,0.0103466520,0.0103794863,0.0104125012,0.0103946463
2009-06-22,0.0093403062,0.0088768984,0.0092933180,0.0095684438,0.0099117224,0.0100830525,0.0103467367,0.0104051040,0.0105294863,0.0104125012,0.0103903985
2009-06-19,0.0093804288,0.0089911383,0.0091114386,0.0094077839,0.0096470439,0.0097157729,0.0098723380,0.0100848040,0.0104516676,0.0105360200,0.0105093587
2009-06-18,0.0093804288,0.0088881129,0.0091931180,0.0095169524,0.0098557761,0.0100253844,0.0101921700,0.0103501014,0.0106016676,0.0105360200,0.0105050640
2009-06-17,0.0097671275,0.0088405463,0.0091602712,0.0095724060,0.0098610251,0.0099788706,0.0101680000,0.0103936000,0.0099226789,0.0096929800,0.0096605515
2009-06-16,0.0094217850,0.0081464954,0.0085923768,0.0089144083,0.0092436847,0.0094166667,0.0095258333,0.0097413333,0.0096726789,0.0095263133,0.0094905624
2009-06-15,0.0098249178,0.0081150637,0.0083949555,0.0087074147,0.0089976938,0.0091351094,0.0093724000,0.0095836000,0.0095726789,0.0093429800,0.0093041134
2009-06-12,0.0097704286,0.0077090702,0.0079989061,0.0082961384,0.0086243517,0.0088096489,0.0088809086,0.0090524381,0.0090797699,0.0089973674,0.0089562771
2009-06-11,0.0093275714,0.0080179717,0.0082499368,0.0084822177,0.0086460691,0.0086606552,0.0088148125,0.0088666036,0.0089297699,0.0088640341,0.0088199469
2009-06-10,0.0081076667,0.0073770700,0.0076475854,0.0079126945,0.0082107085,0.0083733787,0.0084882252,0.0086133087,0.0089297699,0.0087973674,0.0087500346
2009-06-09,0.0084010000,0.0076036622,0.0079373093,0.0082618007,0.0085218792,0.0086397463,0.0087523987,0.0089411404,0.0090297699,0.0089973674,0.0089453016
2009-06-08,0.0083992500,0.0078404293,0.0080666063,0.0082384291,0.0085228911,0.0086671343,0.0087745316,0.0088734061,0.0087797699,0.0089681174,0.0089125772
2009-06-05,0.0082845000,0.0075683439,0.0079151786,0.0081315533,0.0084145372,0.0085600068,0.0086142480,0.0087615576,0.0087797699,0.0089388674,0.0088798780
2009-06-04,0.0082806667,0.0075083420,0.0078882916,0.0081101360,0.0084145641,0.0085834792,0.0086730321,0.0089008919,0.0090297699,0.0090120103,0.0089488797
2009-06-03,0.0082086667,0.0074119215,0.0076638947,0.0079607538,0.0082659732,0.0084392362,0.0084514197,0.0085582938,0.0087297699,0.0087532450,0.0086883751
2009-06-02,0.0089553748,0.0073949554,0.0076408071,0.0078140515,0.0081874270,0.0084358540,0.0083119490,0.0083983827,0.0092900225,0.0086670000,0.0092744150
2009-06-01,0.0093564024,0.0082900937,0.0084329739,0.0086483881,0.0089650731,0.0091395337,0.0091151044,0.0091790592,0.0098400225,0.0098837775,0.0098244150
2009-05-29,0.0089469024,0.0088837147,0.0090108028,0.0092296879,0.0094869849,0.0095909592,0.0096213146,0.0096747534,0.0101900225,0.0102337775,0.0101744150
2009-05-28,0.0101855000,0.0088272828,0.0089461046,0.0091859982,0.0094810650,0.0096254629,0.0094960266,0.0094190007,0.0100669475,0.0101084538,0.0100470025
2009-05-27,0.0101326400,0.0087360980,0.0088634842,0.0090348977,0.0093171006,0.0094517704,0.0094145319,0.0093813080,0.0099169475,0.0099584538,0.0098970025
2009-05-26,0.0101439125,0.0086734302,0.0088014153,0.0089285751,0.0092345382,0.0093964572,0.0093627241,0.0092936369,0.0097669475,0.0098084538,0.0097470025
2009-05-25,0.0096535528,0.0084839694,0.0084756517,0.0087702543,0.0090384570,0.0091650204,0.0090648276,0.0091876830,0.0091302913,0.0091567651,0.0090889000
2009-05-22,0.0096535053,0.0084839694,0.0084756517,0.0087702543,0.0090380293,0.0091650204,0.0090648276,0.0091876830,0.0091302913,0.0091567651,0.0090889000
2009-05-21,0.0107783016,0.0084969156,0.0084632748,0.0091310668,0.0092296836,0.0091810284,0.0091580000,0.0092125000,0.0091302913,0.0091567651,0.0090889000
2009-05-20,0.0097486065,0.0083755000,0.0082113886,0.0082826830,0.0084328927,0.0084501113,0.0083995714,0.0084311510,0.0087802913,0.0088067651,0.0087389000
2009-05-19,0.0099014086,0.0089236481,0.0088335211,0.0086125785,0.0088067773,0.0088638470,0.0087478710,0.0086459782,0.0086394813,0.0085995675,0.0084607512
2009-05-18,0.0113285000,0.0116213475,0.0102229103,0.0098490762,0.0099049770,0.0098055953,0.0096828488,0.0095136087,0.0098962100,0.0101090000,0.0100235616
2009-05-15,0.0111947200,0.0113122317,0.0107936783,0.0101219888,0.0100074095,0.0097404968,0.0096235568,0.0094240108,0.0101129049,0.0099075000,0.0099005540
2009-05-14,0.0114176908,0.0113863914,0.0108684593,0.0102474766,0.0101570153,0.0099119703,0.0097313456,0.0095311341,0.0102129049,0.0100075000,0.0100786546
2009-05-13,0.0101247275,0.0107844680,0.0098974615,0.0096617813,0.0096002912,0.0093928506,0.0092902303,0.0090737878,0.0094489425,0.0091576267,0.0092948299
2009-05-12,0.0093078362,0.0093349529,0.0087935424,0.0084863983,0.0083551351,0.0081004744,0.0079752165,0.0077971115,0.0076996161,0.0077325000,0.0074867650
2009-05-11,0.0092689375,0.0090469742,0.0086360209,0.0082664160,0.0081619383,0.0079366523,0.0077231186,0.0074900463,0.0075996161,0.0070524158,0.0073867650
2009-05-08,0.0093342716,0.0088639128,0.0084389629,0.0082883544,0.0079395480,0.0074908714,0.0075646407,0.0073974559,0.0077332775,0.0076265000,0.0074797738
2009-05-07,0.0113023195,0.0103082170,0.0099872355,0.0096051161,0.0093487545,0.0089630350,0.0085861626,0.0081304064,0.0083332775,0.0083531166,0.0080797738
2009-05-06,0.0123336600,0.0114979400,0.0111397563,0.0108844451,0.0107834000,0.0105243778,0.0102307352,0.0099449838,0.0097904339,0.0096487966,0.0093355032
2009-05-05,0.0130237150,0.0121838694,0.0116370554,0.0113728731,0.0112575224,0.0109786222,0.0106879849,0.0103432777,0.0103105149,0.0103205342,0.0099880494
2009-05-04,0.0130746667,0.0125581399,0.0122561474,0.0119100944,0.0117794025,0.0114790199,0.0111341762,0.0107014260,0.0108554724,0.0109820426,0.0106310351
2009-05-01,0.0130746667,0.0125581399,0.0122561474,0.0119100944,0.0117788452,0.0114790199,0.0111341762,0.0107014260,0.0108554724,0.0109820426,0.0106338242
2009-04-30,0.0131333475,0.0128774656,0.0123652102,0.0120037177,0.0118450613,0.0115189936,0.0111433973,0.0107810522,0.0108554724,0.0109820426,0.0106366140
2009-04-29,0.0135561675,0.0131088619,0.0127581870,0.0124392546,0.0122941456,0.0119756510,0.0116646380,0.0112895897,0.0113942301,0.0117749987,0.0114076205
2009-04-28,0.0137686689,0.0137113558,0.0132807638,0.0128693408,0.0127072228,0.0123675269,0.0120596502,0.0116881753,0.0116442301,0.0124015000,0.0120177272
2009-04-27,0.0136985400,0.0134951466,0.0130546260,0.0126674202,0.0124813421,0.0121230913,0.0118786555,0.0114663047,0.0115442301,0.0121265000,0.0117543202
2009-04-24,0.0136976892,0.0136081121,0.0129066766,0.0125907354,0.0124214257,0.0120812500,0.0118712071,0.0115079486,0.0115442301,0.0119418299,0.0115783547
2009-04-23,0.0141456950,0.0139153114,0.0133026714,0.0128784544,0.0127208891,0.0123888889,0.0121831011,0.0117974088,0.0119942301,0.0124765000,0.0120999246
2009-04-22,0.0149896096,0.0150470995,0.0143157769,0.0139633098,0.0137738974,0.0133976177,0.0130008496,0.0126831198,0.0119942301,0.0131765000,0.0127821492
2009-04-21,0.0149094710,0.0150866727,0.0145082297,0.0141211091,0.0139388329,0.0135683608,0.0132569880,0.0129347471,0.0121942301,0.0131265000,0.0127369864
2009-04-20,0.0138182040,0.0140566448,0.0135007825,0.0130884249,0.0129670077,0.0126700000,0.0122721439,0.0118949399,0.0118942301,0.0124265000,0.0120609214
2009-04-17,0.0134071142,0.0135102757,0.0128620611,0.0124537387,0.0123016647,0.0119854290,0.0117169724,0.0113877455,0.0117942301,0.0116751632,0.0113346614
2009-04-16,0.0139637113,0.0137117371,0.0129282999,0.0124720375,0.0122267211,0.0118235873,0.0115092861,0.0112000737,0.0110040250,0.0116795725,0.0113419169
2009-04-15,0.0147511066,0.0146945850,0.0138498110,0.0134983608,0.0133363645,0.0129987514,0.0127533947,0.0123728785,0.0124146450,0.0127517500,0.0123863465
2009-04-14,0.0148413140,0.0145039804,0.0140199392,0.0136107586,0.0134038851,0.0130235060,0.0128004458,0.0125032829,0.0123146450,0.0131705000,0.0127964535
2009-04-13,0.0154663181,0.0151315713,0.0145304163,0.0140329585,0.0137920061,0.0133750554,0.0131112319,0.0129003404,0.0129574685,0.0140165000,0.0136219996
2009-04-10,0.0154663181,0.0151315713,0.0145304163,0.0140329585,0.0137913535,0.0133750554,0.0131112319,0.0129003404,0.0130110159,0.0140165000,0.0136255734
2009-04-09,0.0151501451,0.0151315713,0.0145304163,0.0140329585,0.0137907010,0.0133750554,0.0131112319,0.0129003404,0.0130647847,0.0140165000,0.0136291481
2009-04-08,0.0155395544,0.0159698384,0.0152937369,0.0148100383,0.0145867141,0.0141798620,0.0137688691,0.0133638193,0.0135884270,0.0145165000,0.0141190336
2009-04-07,0.0154261259,0.0157539234,0.0147950087,0.0145730128,0.0143759636,0.0139984170,0.0137028195,0.0134976000,0.0137012025,0.0144921515,0.0140990497
2009-04-06,0.0149107830,0.0148409126,0.0140723138,0.0138106017,0.0136097315,0.0132398160,0.0127928257,0.0125478349,0.0127155300,0.0133165000,0.0129586868
2009-04-03,0.0160348833,0.0156865938,0.0151308088,0.0148003785,0.0144796488,0.0139855571,0.0136432871,0.0135045288,0.0139807417,0.0148236429,0.0144291174
2009-04-02,0.0161076574,0.0165448028,0.0157772061,0.0153143627,0.0151274735,0.0147540586,0.0144881558,0.0141299112,0.0146736030,0.0154665000,0.0150588149
2009-04-01,0.0160704062,0.0170656736,0.0164361414,0.0160052305,0.0158574909,0.0155140698,0.0152111869,0.0146751689,0.0152146213,0.0158665000,0.0154523241
2009-03-31,0.0158746833,0.0161771805,0.0155168987,0.0149920540,0.0148125441,0.0144530000,0.0140987163,0.0137231250,0.0141446974,0.0145331667,0.0141575091
2009-03-30,0.0157556113,0.0160958880,0.0153529010,0.0148301800,0.0146320745,0.0142582529,0.0138862329,0.0135626659,0.0137975185,0.0138665000,0.0135116185
2009-03-27,0.0149437961,0.0149878837,0.0145092169,0.0140922479,0.0139065760,0.0135550828,0.0130772640,0.0124367478,0.0132001265,0.0137165000,0.0133689639
2009-03-26,0.0145597961,0.0149840108,0.0143712270,0.0138690494,0.0136626896,0.0132956273,0.0129249111,0.0125187996,0.0134375000,0.0139943333,0.0136433362
2009-03-25,0.0140782961,0.0150750660,0.0145460144,0.0139099292,0.0137323540,0.0133933519,0.0131104434,0.0127830931,0.0134375000,0.0139750000,0.0136280622
2009-03-24,0.0126378395,0.0148729959,0.0139456261,0.0134688550,0.0133153592,0.0130059000,0.0127013382,0.0123660990,0.0119466401,0.0131165000,0.0127942307
2009-03-23,0.0127521728,0.0147436413,0.0139530591,0.0134966730,0.0133217607,0.0129928057,0.0127011171,0.0124041638,0.0131375000,0.0133665000,0.0130415089
2009-03-20,0.0131743333,0.0150073845,0.0143924281,0.0140721921,0.0138609074,0.0134917746,0.0132514819,0.0130732995,0.0136375000,0.0142250000,0.0138827767
2009-03-19,0.0130900000,0.0154630108,0.0144657000,0.0141046808,0.0138804670,0.0134999917,0.0133592440,0.0130665869,0.0136375000,0.0142250000,0.0138864188
2009-03-18,0.0147399753,0.0167450855,0.0161140880,0.0155724663,0.0155051825,0.0152590000,0.0148364409,0.0143462023,0.0139375000,0.0148810000,0.0145306160
2009-03-17,0.0144652222,0.0161203404,0.0156758089,0.0154000900,0.0153327780,0.0150900000,0.0147410917,0.0144208933,0.0139375000,0.0146810000,0.0143390861
2009-03-16,0.0142580000,0.0170918000,0.0162259340,0.0155910000,0.0153978002,0.0150333333,0.0148360000,0.0145048750,0.0139875000,0.0144310000,0.0140986063
2009-03-13,0.0176170422,0.0182788704,0.0176665816,0.0170577143,0.0168723623,0.0165000000,0.0164020000,0.0163128889,0.0150375000,0.0162810000,0.0159101677
2009-03-12,0.0199253600,0.0187981376,0.0175885143,0.0171057725,0.0169375587,0.0165826154,0.0164323133,0.0162068389,0.0150375000,0.0165310000,0.0161587116
2009-03-11,0.0154873333,0.0185950800,0.0173731043,0.0167673033,0.0166609195,0.0163708000,0.0162226000,0.0160551000,0.0148375000,0.0160310000,0.0156740830
2009-03-10,0.0163799722,0.0190597100,0.0182413820,0.0176074540,0.0173992373,0.0170035714,0.0169466667,0.0167401429,0.0151375000,0.0166310000,0.0162649905
2009-03-09,0.0179262716,0.0198992434,0.0192720379,0.0187187929,0.0186386251,0.0183555455,0.0182761111,0.0181162222,0.0159875000,0.0180310000,0.0176388062
2009-03-06,0.0176077778,0.0192806772,0.0186929452,0.0181766229,0.0181477963,0.0179222727,0.0179143333,0.0177613750,0.0160375000,0.0174835000,0.0171077020
2009-03-05,0.0157789630,0.0177310000,0.0168076367,0.0162997558,0.0163842773,0.0162919497,0.0160997504,0.0160250833,0.0156875000,0.0157335000,0.0153993563
2009-03-04,0.0156870386,0.0175600836,0.0164795408,0.0159717280,0.0158238265,0.0155100000,0.0153666700,0.0153147143,0.0146875000,0.0152335000,0.0149138868
2009-03-03,0.0170238419,0.0181482532,0.0170993751,0.0165342976,0.0164985401,0.0162887238,0.0160528450,0.0157861818,0.0148375000,0.0154600000,0.0151396055
2009-03-02,0.0164412890,0.0170664781,0.0167234948,0.0162313405,0.0161915044,0.0159824328,0.0159276599,0.0157294435,0.0160007626,0.0159491339,0.0156227001
2009-02-27,0.0161020567,0.0159171973,0.0151897306,0.0148629616,0.0147855766,0.0145557686,0.0144217332,0.0142408481,0.0143503775,0.0141570587,0.0148188751
2009-02-26,0.0159880662,0.0157728148,0.0149604753,0.0145077986,0.0144423950,0.0142292493,0.0140739665,0.0139921702,0.0139785862,0.0142100000,0.0145444399
2009-02-25,0.0165269637,0.0166000000,0.0157102940,0.0146602857,0.0147761030,0.0147408848,0.0146343864,0.0145655758,0.0147182238,0.0146755888,0.0150880226
2009-02-24,0.0141492593,0.0176333333,0.0167682636,0.0162116667,0.0161317570,0.0158899650,0.0158772598,0.0157138564,0.0159591988,0.0158600000,0.0158799788
2009-02-23,0.0173390000,0.0173775570,0.0166390290,0.0162877083,0.0162942802,0.0161375923,0.0160876410,0.0159937206,0.0159591988,0.0158584799,0.0158799788
2009-02-20,0.0173773062,0.0172817877,0.0166350007,0.0163778095,0.0162945226,0.0160508090,0.0160451885,0.0160501515,0.0161591988,0.0155539799,0.0158799788
2009-02-19,0.0168174863,0.0166950888,0.0159925628,0.0154382705,0.0153884467,0.0151915959,0.0152818567,0.0150593040,0.0151338125,0.0146784539,0.0153542099
2009-02-18,0.0121725000,0.0172803951,0.0166691481,0.0157363374,0.0159370084,0.0159906250,0.0158561667,0.0159519286,0.0153672838,0.0148854024,0.0150866673
2009-02-17,0.0161749075,0.0165481323,0.0157064400,0.0151899013,0.0151986044,0.0150713093,0.0150742823,0.0150254680,0.0150672838,0.0138854024,0.0150866673
2009-02-16,0.0155815424,0.0153562878,0.0146439313,0.0139772011,0.0140491585,0.0139998037,0.0139878263,0.0139947535,0.0140257626,0.0131418225,0.0145410200
2009-02-13,0.0141242190,0.0147540806,0.0140017405,0.0132094359,0.0134032221,0.0134871042,0.0133919826,0.0133487656,0.0140875000,0.0128607251,0.0142621099
2009-02-12,0.0132627000,0.0145024286,0.0135310944,0.0131028805,0.0133340021,0.0134611397,0.0133441835,0.0133159721,0.0133924824,0.0127033875,0.0142366713
2009-02-11,0.0119642222,0.0138952500,0.0126619111,0.0121335654,0.0122948718,0.0123631791,0.0123353085,0.0122604894,0.0123148825,0.0116443575,0.0135461613
2009-02-10,0.0120840123,0.0139520000,0.0125441359,0.0121520335,0.0123948423,0.0125500849,0.0125842446,0.0125405063,0.0124148825,0.0117033575,0.0135461613
2009-02-09,0.0120380185,0.0138972500,0.0121529398,0.0116957276,0.0120659160,0.0123608967,0.0124104004,0.0123608082,0.0121648825,0.0116818575,0.0135461613
2009-02-06,0.0120390185,0.0134799753,0.0124751103,0.0117803868,0.0121442884,0.0124361011,0.0124111378,0.0123738138,0.0121648825,0.0117208575,0.0135461613
2009-02-05,0.0121131259,0.0136072407,0.0130102037,0.0123437143,0.0123827337,0.0123432599,0.0123660900,0.0123350692,0.0125648825,0.0116208575,0.0135461613
2009-02-04,0.0118611852,0.0131172698,0.0127337778,0.0117028000,0.0119412507,0.0121114332,0.0121619489,0.0121498306,0.0121648825,0.0114668575,0.0135461613
2009-02-03,0.0124992934,0.0134850593,0.0128568150,0.0118594827,0.0121910548,0.0124607885,0.0124055298,0.0124125955,0.0122648825,0.0116093575,0.0135461613
2009-02-02,0.0122085185,0.0131534249,0.0129281454,0.0117003401,0.0120941610,0.0124343971,0.0124720079,0.0124430794,0.0121432250,0.0113559425,0.0133709875
2009-01-30,0.0121249354,0.0129124724,0.0128119289,0.0117080069,0.0119052298,0.0120450148,0.0119824764,0.0119201102,0.0119932250,0.0112179425,0.0133709875
2009-01-29,0.0110613580,0.0123654402,0.0121359652,0.0109852706,0.0112687244,0.0115052622,0.0114795106,0.0113338961,0.0114521351,0.0109021587,0.0130727962
2009-01-28,0.0106610278,0.0117966296,0.0114490331,0.0104993088,0.0106273955,0.0107101057,0.0107319243,0.0107181931,0.0107053963,0.0106024625,0.0124813036
2009-01-27,0.0113129299,0.0122404219,0.0119681701,0.0112006971,0.0113738589,0.0115030874,0.0116078419,0.0115663432,0.0110553963,0.0111579625,0.0128954147
2009-01-26,0.0124834683,0.0134045949,0.0129770613,0.0119789818,0.0122521687,0.0124851238,0.0125148308,0.0125048333,0.0124288412,0.0120430449,0.0136641912
2009-01-23,0.0105450000,0.0110754987,0.0118149573,0.0129310413,0.0132953696,0.0136237658,0.0137302135,0.0137366986,0.0133291513,0.0148415531,0.0141221262
2009-01-22,0.0099070000,0.0149883333,0.0140455000,0.0127959573,0.0131233764,0.0134181068,0.0134076566,0.0133243176,0.0133791513,0.0173095781,0.0141221262
2009-01-21,0.0099963333,0.0151887500,0.0140350000,0.0129626069,0.0131558235,0.0133155651,0.0133718752,0.0134098929,0.0139875000,0.0235119500,0.0205643158
2009-01-20,0.0093175000,0.0146537500,0.0132183217,0.0128686863,0.0129427618,0.0129860956,0.0131797593,0.0131448209,0.0135875000,0.0168500000,0.0157992886
2009-01-19,0.0083157500,0.0122311667,0.0108829612,0.0103951767,0.0107734387,0.0111423996,0.0111056772,0.0111963420,0.0107415276,0.0204853250,0.0205917138
2009-01-16,0.0076760000,0.0116305000,0.0106192760,0.0096604410,0.0099434232,0.0102169161,0.0104585000,0.0103636779,0.0103915276,0.0174671250,0.0188227500
2009-01-15,0.0081050000,0.0125000000,0.0110316900,0.0102471453,0.0104985887,0.0107410541,0.0107869707,0.0108151855,0.0105915276,0.0177999250,0.0191688500
2009-01-14,0.0074896667,0.0083890389,0.0087791553,0.0088360340,0.0093416634,0.0098655663,0.0098306330,0.0098460444,0.0096790037,0.0092349375,0.0124217505
2009-01-13,0.0066773333,0.0082047916,0.0084726919,0.0081980111,0.0085267687,0.0088620553,0.0089165380,0.0089069017,0.0082714025,0.0080238099,0.0134803270
2009-01-12,0.0057746667,0.0088877500,0.0079612500,0.0067759855,0.0072387880,0.0077299423,0.0073880584,0.0073628396,0.0079214025,0.0077773099,0.0163200000
2009-01-09,0.0055490000,0.0087666667,0.0077807500,0.0065958503,0.0069315320,0.0072836271,0.0073113313,0.0073805035,0.0073854537,0.0083378537,0.0156011500
2009-01-08,0.0055510000,0.0061623104,0.0073848622,0.0069535006,0.0071505111,0.0073548483,0.0072801241,0.0072964817,0.0073854537,0.0083378537,0.0158674000
2009-01-07,0.0054690000,0.0077765021,0.0071384148,0.0064379233,0.0066142650,0.0067992882,0.0066862428,0.0063639279,0.0067951087,0.0086917400,0.0147757500
2009-01-06,0.0055645000,0.0065496982,0.0084847639,0.0081845216,0.0080681319,0.0079605260,0.0079028688,0.0079414806,0.0078217025,0.0111176947,0.0162401000
2009-01-05,0.0080619663,0.0066175290,0.0075436538,0.0085106525,0.0088181470,0.0091479527,0.0093432793,0.0091621617,0.0090228000,0.0142025000,0.0177045000
2009-01-02,0.0071860000,0.0079834813,0.0108532892,0.0097243649,0.0100288770,0.0103590154,0.0103276660,0.0099658926,0.0150483000,0.0148305000,0.0180772500
2009-01-01,0.0071860000,0.0079876417,0.0107718892,0.0097243649,0.0100355031,0.0103761248,0.0105831260,0.0102827804,0.0150483000,0.0148305000,0.0180772500
2008-12-31,0.0071860000,0.0079834813,0.0107718892,0.0097243649,0.0100338508,0.0103761248,0.0105831260,0.0102827804,0.0150483000,0.0148305000,0.0180772500
2008-12-30,0.0072870000,0.0079896893,0.0108104000,0.0097498917,0.0100353764,0.0103555154,0.0105221067,0.0101418333,0.0150483000,0.0147110000,0.0180772500
2008-12-29,0.0074890000,0.0079723443,0.0107547500,0.0096005629,0.0099371621,0.0103151429,0.0102971997,0.0102511429,0.0150483000,0.0144725000,0.0180772500
2008-12-26,0.0074895000,0.0079628208,0.0099714724,0.0095876195,0.0099393400,0.0103370000,0.0103317552,0.0102407500,0.0150483000,0.0144725000,0.0180772500
2008-12-25,0.0074895000,0.0079302566,0.0088775434,0.0093537080,0.0098098498,0.0103246215,0.0103984574,0.0102879088,0.0150483000,0.0144725000,0.0180772500
2008-12-24,0.0074895000,0.0079302566,0.0088775434,0.0093537080,0.0098082346,0.0103246215,0.0103984574,0.0102879088,0.0150483000,0.0144725000,0.0180772500
2008-12-23,0.0075375000,0.0079302566,0.0088775434,0.0093537080,0.0098066198,0.0103246215,0.0103984574,0.0102879088,0.0150483000,0.0144725000,0.0180772500
2008-12-22,0.0074880000,0.0078215707,0.0089551793,0.0095046946,0.0098973749,0.0103529513,0.0104513628,0.0103600020,0.0150531000,0.0139950000,0.0180772500
2008-12-19,0.0075073333,0.0079091784,0.0089328048,0.0094168576,0.0098321087,0.0103155562,0.0103931103,0.0103917515,0.0156860500,0.0139950000,0.0188227500
2008-12-18,0.0071153333,0.0080610366,0.0091346163,0.0096731764,0.0099916477,0.0103741722,0.0105703724,0.0105498244,0.0153685000,0.0130400000,0.0184500000
2008-12-17,0.0077672500,0.0087796074,0.0096357408,0.0100885999,0.0105208624,0.0110322255,0.0110533758,0.0110802263,0.0125375000,0.0118625000,0.0178125016
2008-12-16,0.0076780000,0.0086506550,0.0095574606,0.0102336585,0.0107309503,0.0113182638,0.0111177240,0.0114736080,0.0127875000,0.0129750000,0.0206769259
2008-12-15,0.0078590000,0.0088713675,0.0095277270,0.0103182706,0.0107767028,0.0113251064,0.0114685381,0.0116047486,0.0129375000,0.0132250000,0.0223668177
2008-12-12,0.0076690000,0.0074287500,0.0087429820,0.0095573823,0.0100594226,0.0106568182,0.0106690064,0.0107094945,0.0125375000,0.0107390000,0.0192753500
2008-12-11,0.0074220000,0.0070976363,0.0085221578,0.0094564965,0.0098391337,0.0103073466,0.0103733767,0.0103379284,0.0123375000,0.0104810000,0.0192753500
2008-12-10,0.0073940000,0.0070784018,0.0085580000,0.0094048024,0.0098084610,0.0103028769,0.0102393879,0.0102767356,0.0111481650,0.0104810000,0.0139350700
2008-12-09,0.0082296667,0.0069910000,0.0086026358,0.0093121865,0.0097231241,0.0102284413,0.0102933444,0.0103201900,0.0114981650,0.0112900000,0.0139350700
2008-12-08,0.0089190000,0.0083006988,0.0099345603,0.0109320970,0.0110850173,0.0113282222,0.0112623333,0.0116317888,0.0117481650,0.0117900000,0.0139350700
2008-12-05,0.0091500000,0.0087078753,0.0105008085,0.0116120079,0.0119646160,0.0124287000,0.0125566564,0.0124608013,0.0124481650,0.0120802950,0.0139350700
2008-12-04,0.0087820000,0.0101943305,0.0100571062,0.0112112254,0.0115283360,0.0119552508,0.0119200769,0.0119218949,0.0121981650,0.0120802950,0.0139350700
2008-12-03,0.0079305000,0.0076153688,0.0088657938,0.0094979329,0.0100617451,0.0107532331,0.0106321667,0.0107639627,0.0098019925,0.0127250000,0.0192221000
2008-12-02,0.0066355000,0.0069386667,0.0081507926,0.0089848427,0.0093951504,0.0099142885,0.0100117778,0.0100818940,0.0092519925,0.0168996500,0.0182902500
2008-12-01,0.0065606000,0.0067487722,0.0078118707,0.0085893162,0.0089608024,0.0094371919,0.0094790813,0.0096009119,0.0090519925,0.0165600000,0.0179175000
2008-11-28,0.0062406667,0.0059882500,0.0071737963,0.0078950555,0.0081939914,0.0085878889,0.0086176250,0.0087192575,0.0088019925,0.0156460000,0.0169324000
2008-11-27,0.0061570000,0.0059090000,0.0069745310,0.0072951018,0.0077511846,0.0083195227,0.0083356000,0.0084875422,0.0086519925,0.0153001500,0.0165596000
2008-11-26,0.0062360000,0.0061095370,0.0069546977,0.0071792222,0.0076602591,0.0082593554,0.0082063750,0.0084854800,0.0086519925,0.0152927500,0.0165596000
2008-11-25,0.0064920000,0.0050640667,0.0069886713,0.0076560740,0.0079485402,0.0083415792,0.0082424167,0.0081768233,0.0088019925,0.0146656500,0.0158674000
2008-11-24,0.0065213333,0.0049890000,0.0068206456,0.0073683935,0.0077774522,0.0083008882,0.0084337686,0.0085961760,0.0086019925,0.0153671000,0.0166129000
2008-11-21,0.0069606667,0.0058083750,0.0072710370,0.0081596203,0.0084962758,0.0089485556,0.0090043750,0.0091572650,0.0093758512,0.0091845988,0.0099234415
2008-11-20,0.0073636667,0.0061746000,0.0077343907,0.0084677830,0.0089177957,0.0095028533,0.0094734055,0.0095672890,0.0097258512,0.0092345988,0.0099716895
2008-11-19,0.0067866667,0.0054450000,0.0073131903,0.0082184675,0.0086324018,0.0091774955,0.0092234822,0.0093551767,0.0094495137,0.0094053613,0.0101502044
2008-11-18,0.0065005000,0.0051430000,0.0068406713,0.0074886444,0.0080230126,0.0087029500,0.0087176111,0.0088203825,0.0086723813,0.0155755000,0.0167992500
2008-11-17,0.0060625000,0.0050582500,0.0065468750,0.0073776000,0.0077874142,0.0083254787,0.0083093750,0.0084220000,0.0083723813,0.0156457000,0.0168791000
2008-11-14,0.0059806667,0.0049790000,0.0064038170,0.0071705000,0.0074555457,0.0078539877,0.0080495178,0.0081511197,0.0080223813,0.0152729000,0.0164797500
2008-11-13,0.0061266667,0.0052346798,0.0064163735,0.0072355156,0.0076295049,0.0081535556,0.0083061309,0.0084416819,0.0083223813,0.0156473500,0.0168791000
2008-11-12,0.0060315000,0.0053858667,0.0064513333,0.0072444000,0.0077630896,0.0084340000,0.0085860000,0.0087522225,0.0083723813,0.0160205500,0.0172785000
2008-11-11,0.0060815000,0.0051690500,0.0066528770,0.0072437660,0.0076730731,0.0082429772,0.0082747164,0.0085900375,0.0083723813,0.0156446500,0.0168791000
2008-11-10,0.0111133903,0.0054684410,0.0064994084,0.0070632812,0.0075477170,0.0081823412,0.0082673528,0.0083856014,0.0083223813,0.0152628500,0.0164797500
2008-11-07,0.0115635066,0.0059273333,0.0069861574,0.0075781448,0.0081431876,0.0088801818,0.0090197500,0.0092227143,0.0086519526,0.0163660000,0.0176512500
2008-11-06,0.0110896920,0.0050644567,0.0069965194,0.0075962638,0.0080129449,0.0085807090,0.0086183260,0.0086388969,0.0086019526,0.0156394000,0.0168791000
2008-11-05,0.0104763418,0.0047031993,0.0064936445,0.0069910263,0.0073548173,0.0078575067,0.0079170253,0.0079983297,0.0137768000,0.0152672000,0.0164797500
2008-11-04,0.0108845148,0.0045990595,0.0065477999,0.0070352395,0.0073745908,0.0078527524,0.0079114752,0.0079006421,0.0134414500,0.0148885500,0.0160804000
2008-11-03,0.0065000000,0.0050837180,0.0069861020,0.0075787635,0.0078587603,0.0082809028,0.0083337665,0.0080687618,0.0079241262,0.0152554000,0.0164797500
2008-10-31,0.0113426405,0.0052585000,0.0073587658,0.0078158697,0.0081300916,0.0085965570,0.0086944609,0.0086995388,0.0089286875,0.0159915500,0.0172785000
2008-10-30,0.0119140003,0.0051837190,0.0082815052,0.0087115364,0.0090241324,0.0095053946,0.0094786702,0.0092336975,0.0095133625,0.0163515000,0.0186456776
2008-10-29,0.0140472163,0.0061073662,0.0095464090,0.0102101518,0.0105212720,0.0110281156,0.0109735213,0.0108911835,0.0111179800,0.0109105651,0.0131302475
2008-10-28,0.0144055673,0.0065159130,0.0103259763,0.0116960407,0.0118123030,0.0121386479,0.0122216465,0.0120312116,0.0117944817,0.0114398950,0.0134132966
2008-10-27,0.0156143975,0.0068958750,0.0091430715,0.0111791887,0.0121426382,0.0134245234,0.0134346902,0.0133299045,0.0130635675,0.0122647413,0.0139934638
2008-10-24,0.0103306079,0.0071827500,0.0112418057,0.0120596805,0.0124834279,0.0131570336,0.0129048330,0.0126743479,0.0129635675,0.0122647413,0.0139934638
2008-10-23,0.0102136015,0.0058379030,0.0103953409,0.0101062416,0.0106031643,0.0113305344,0.0110463587,0.0108899807,0.0112162313,0.0110532575,0.0130663674
2008-10-22,0.0089548848,0.0068939394,0.0078672283,0.0085623473,0.0089809140,0.0095975490,0.0091661799,0.0089055300,0.0079848688,0.0109409989,0.0123725471
2008-10-21,0.0049667993,0.0037927605,0.0064875000,0.0068228333,0.0070928261,0.0075150000,0.0073670367,0.0072523037,0.0077376851,0.0147416500,0.0159472500
2008-10-20,0.0052512912,0.0039775556,0.0051213263,0.0068997169,0.0074450541,0.0081903523,0.0080005977,0.0081245134,0.0079876851,0.0156657000,0.0089742562
2008-10-17,0.0052444676,0.0039402422,0.0052053497,0.0066853467,0.0072347160,0.0079847296,0.0078173987,0.0076883801,0.0132287500,0.0147129500,0.0159206000
2008-10-16,0.0075352125,0.0038529420,0.0050367270,0.0070345028,0.0071020182,0.0073150000,0.0073352803,0.0074833333,0.0081375000,0.0082025149,0.0096750000
2008-10-15,0.0048312015,0.0037977500,0.0050065858,0.0067069844,0.0070206873,0.0074999638,0.0072910856,0.0072653355,0.0078828321,0.0079525149,0.0094250000
2008-10-14,0.0042625000,0.0069637987,0.0047550409,0.0056266190,0.0059697999,0.0064660978,0.0061667831,0.0063973159,0.0065140048,0.0068470288,0.0079250000
2008-10-13,0.0053175000,0.0037722878,0.0052801720,0.0062966940,0.0068037113,0.0075074492,0.0076915435,0.0078344830,0.0079091619,0.0082965037,0.0096125000
2008-10-10,0.0069623813,0.0045424362,0.0060166650,0.0075724500,0.0081598476,0.0089822252,0.0087629384,0.0086454591,0.0090722197,0.0079095637,0.0113000000
2008-10-09,0.0054872776,0.0043033333,0.0056625000,0.0073685870,0.0077722319,0.0083773480,0.0079231576,0.0077022622,0.0089283100,0.0089750000,0.0104875000
2008-10-08,0.0054872776,0.0044665833,0.0064048782,0.0075358745,0.0080187514,0.0087221218,0.0088420614,0.0087831726,0.0089283100,0.0092250000,0.0107375000
2008-10-07,0.0060021513,0.0071257511,0.0080295858,0.0096112659,0.0096973123,0.0100047788,0.0102126953,0.0099487775,0.0107725559,0.0117281636,0.0123038711
2008-10-06,0.0082139003,0.0056046111,0.0077863428,0.0094254141,0.0102315297,0.0113584014,0.0113734711,0.0110333544,0.0118532789,0.0125330563,0.0132588178
2008-10-03,0.0056017400,0.0053561667,0.0075382384,0.0093280218,0.0099126756,0.0107740738,0.0110902874,0.0112734922,0.0118345732,0.0125330563,0.0129671511
2008-10-02,0.0069060370,0.0057574533,0.0078947606,0.0094973978,0.0102135285,0.0112353313,0.0112824320,0.0112654997,0.0114650099,0.0117250000,0.0140500000
2008-10-01,0.0074114008,0.0061376801,0.0086839215,0.0105850245,0.0112592536,0.0122522947,0.0125472404,0.0124191400,0.0142296576,0.0147008039,0.0156125000
2008-09-30,0.0057028936,0.0068468837,0.0095633721,0.0112293307,0.0122828937,0.0137463949,0.0138095000,0.0138368750,0.0136983603,0.0129750000,0.0163000000
2008-09-29,0.0055439716,0.0081485486,0.0098879180,0.0125028543,0.0130674255,0.0139753723,0.0139766738,0.0139691510,0.0150749657,0.0151549235,0.0156392374
2008-09-26,0.0080577622,0.0060710496,0.0081632286,0.0098828571,0.0108790216,0.0122557772,0.0120958371,0.0118782472,0.0128565987,0.0132565000,0.0135002399
2008-09-25,0.0068692288,0.0057734000,0.0082703371,0.0096358272,0.0103092909,0.0112892080,0.0113949153,0.0115242000,0.0119400594,0.0131272301,0.0135002399
2008-09-24,0.0048860454,0.0057530366,0.0076702671,0.0092930422,0.0102113351,0.0114855880,0.0116687500,0.0119310000,0.0116973554,0.0128815000,0.0135500000
2008-09-23,0.0047005080,0.0056687000,0.0074536199,0.0090441870,0.0098641558,0.0110140639,0.0110991111,0.0114629091,0.0114021925,0.0118299162,0.0121417026
2008-09-22,0.0045455702,0.0053260875,0.0073115412,0.0086973377,0.0094319583,0.0104728741,0.0109314281,0.0111096604,0.0114021925,0.0121497566,0.0121417026
2008-09-19,0.0051628204,0.0058521433,0.0078675993,0.0097613421,0.0105257957,0.0116225123,0.0120513466,0.0122452148,0.0123221539,0.0140315000,0.0146500000
2008-09-18,0.0059749519,0.0073972224,0.0096412662,0.0120047783,0.0131811935,0.0148219791,0.0150966212,0.0154157042,0.0159817784,0.0156815000,0.0169250000
2008-09-17,0.0066290821,0.0078363582,0.0103704419,0.0128518188,0.0141695952,0.0160011928,0.0161332643,0.0163102781,0.0168508372,0.0161815000,0.0169250000
2008-09-16,0.0063258739,0.0073620100,0.0095069617,0.0118824173,0.0131263082,0.0148536660,0.0151720357,0.0154986729,0.0160699047,0.0161815000,0.0169250000
2008-09-15,0.0049152059,0.0058945520,0.0080158670,0.0096669659,0.0107175142,0.0121731341,0.0123979220,0.0126262540,0.0124047331,0.0132315000,0.0140375000
2008-09-12,0.0037235360,0.0049988611,0.0066085570,0.0080818753,0.0088902947,0.0100201869,0.0102052455,0.0103855297,0.0105445084,0.0123074286,0.0129035714
2008-09-11,0.0040083632,0.0049359157,0.0066689418,0.0081471093,0.0089934569,0.0101731776,0.0103811818,0.0105831757,0.0108332599,0.0123074286,0.0129035714
2008-09-10,0.0037968463,0.0046505239,0.0062941482,0.0076868307,0.0084712579,0.0095676778,0.0097832789,0.0099987471,0.0099888374,0.0109233701,0.0110608349
2008-09-09,0.0038474007,0.0046564427,0.0061987798,0.0077000593,0.0085171131,0.0096560610,0.0098164562,0.0100729093,0.0101725274,0.0117024286,0.0124235714
2008-09-08,0.0036419027,0.0046157976,0.0059918805,0.0074534018,0.0081800555,0.0092027667,0.0095115724,0.0096426661,0.0097176111,0.0108976667,0.0116666667
2008-09-05,0.0039693452,0.0051104303,0.0069411777,0.0084140335,0.0092453435,0.0104148616,0.0105918904,0.0107872150,0.0110450082,0.0114933333,0.0127916667
2008-09-04,0.0038412554,0.0046556854,0.0061813101,0.0077801277,0.0086055134,0.0097595474,0.0098021005,0.0100184138,0.0102824563,0.0113643333,0.0119083333
2008-09-03,0.0035782216,0.0044360443,0.0059690644,0.0074804035,0.0082324960,0.0092907776,0.0094775983,0.0097719950,0.0097422100,0.0094313263,0.0114250000
2008-09-02,0.0035036375,0.0043894354,0.0057836386,0.0072833366,0.0080208602,0.0090589266,0.0092386994,0.0094475889,0.0094961450,0.0098117638,0.0113250000
2008-09-01,0.0035519689,0.0044347752,0.0060318085,0.0073943101,0.0081629818,0.0092430737,0.0094821269,0.0096549096,0.0097352847,0.0100523559,0.0115075000
2008-08-29,0.0035103678,0.0044167511,0.0059524383,0.0073828406,0.0081186524,0.0091582402,0.0093901022,0.0096088010,0.0095554257,0.0100523559,0.0115075000
2008-08-28,0.0037006881,0.0045799376,0.0062080677,0.0076419965,0.0084404516,0.0095640833,0.0097755075,0.0099382400,0.0103589716,0.0096963402,0.0119500000
2008-08-27,0.0037619647,0.0046338023,0.0062582651,0.0077880341,0.0085655716,0.0096661798,0.0099339792,0.0100690513,0.0101725307,0.0097963402,0.0119750000
2008-08-26,0.0039330872,0.0046019027,0.0061661612,0.0077040156,0.0084682469,0.0095519288,0.0097550397,0.0099099612,0.0100113938,0.0114643333,0.0119750000
2008-08-25,0.0036699542,0.0044484453,0.0060313086,0.0074170046,0.0081557136,0.0092038132,0.0093543224,0.0095400792,0.0096706050,0.0103667437,0.0117832143
2008-08-22,0.0036699542,0.0044484453,0.0060313086,0.0074170046,0.0081552329,0.0092038132,0.0093543224,0.0095400792,0.0096706050,0.0103667437,0.0117832143
2008-08-21,0.0037140627,0.0044497350,0.0061113614,0.0075831893,0.0082981594,0.0093215138,0.0095718210,0.0097635704,0.0097706050,0.0103667437,0.0118457143
2008-08-20,0.0035135694,0.0042141685,0.0057379607,0.0072068300,0.0078873558,0.0088622619,0.0091245765,0.0092015349,0.0095375000,0.0105976667,0.0110046429
2008-08-19,0.0034706794,0.0041777644,0.0055896792,0.0070104380,0.0076903397,0.0086620978,0.0088586235,0.0090153047,0.0091001689,0.0087863613,0.0100248700
2008-08-18,0.0033207098,0.0040143778,0.0052990729,0.0067494667,0.0073904499,0.0083099936,0.0085345537,0.0086954298,0.0086403537,0.0083192363,0.0105750000
2008-08-15,0.0033302173,0.0040183280,0.0053882085,0.0067223305,0.0073821668,0.0083258280,0.0085149690,0.0087153134,0.0087056451,0.0083362475,0.0105750000
2008-08-14,0.0034278214,0.0040235192,0.0054274955,0.0067961353,0.0074689753,0.0084312274,0.0086572123,0.0088346152,0.0088857526,0.0085199188,0.0105750000
2008-08-13,0.0033415976,0.0039588523,0.0053728343,0.0066743072,0.0073424791,0.0082977667,0.0084981323,0.0086827539,0.0089875000,0.0101976667,0.0104750000
2008-08-12,0.0034016596,0.0037957762,0.0051974566,0.0064186637,0.0070462927,0.0079471225,0.0081655452,0.0083300903,0.0086875000,0.0099315000,0.0100125000
2008-08-11,0.0032413691,0.0038543775,0.0052123030,0.0063934496,0.0070411624,0.0079677893,0.0081954371,0.0084037351,0.0087875000,0.0092065000,0.0101250647
2008-08-08,0.0032343663,0.0038688242,0.0053538841,0.0065211334,0.0072052017,0.0081809693,0.0084422326,0.0086520077,0.0089875000,0.0102815000,0.0102477289
2008-08-07,0.0034011172,0.0039356667,0.0054361096,0.0064548183,0.0071678282,0.0081804636,0.0083764652,0.0085889894,0.0089375000,0.0102815000,0.0102477289
2008-08-06,0.0033224091,0.0037893976,0.0051972690,0.0064754640,0.0070917791,0.0079832084,0.0081810003,0.0083966221,0.0085875000,0.0098976667,0.0101166667
2008-08-05,0.0030512667,0.0037752841,0.0051489704,0.0061957880,0.0068365600,0.0077547510,0.0078868866,0.0080771835,0.0083375000,0.0083250000,0.0096627363
2008-08-04,0.0030796805,0.0038014842,0.0051539368,0.0062179589,0.0068562451,0.0077725797,0.0079755105,0.0082841211,0.0083851067,0.0096765000,0.0098000000
2008-08-01,0.0030802442,0.0037372167,0.0051512503,0.0062385205,0.0068590505,0.0077542169,0.0079336392,0.0080818348,0.0082851067,0.0096765000,0.0098000000
2008-07-31,0.0030691321,0.0035507945,0.0048944381,0.0060057625,0.0065757893,0.0074040676,0.0076135906,0.0078830958,0.0078671935,0.0092890000,0.0094953571
2008-07-30,0.0028687316,0.0033471364,0.0045620017,0.0056323235,0.0062116949,0.0070457395,0.0072900661,0.0074702309,0.0075549279,0.0090065000,0.0080993649
2008-07-29,0.0029237576,0.0033454999,0.0046627699,0.0057755539,0.0063355274,0.0071485349,0.0073524966,0.0075335386,0.0077639148,0.0091565000,0.0083234299
2008-07-28,0.0028936384,0.0033055525,0.0045903700,0.0056979598,0.0062774588,0.0071145052,0.0073059841,0.0075357309,0.0079628051,0.0091565000,0.0083234299
2008-07-25,0.0029087836,0.0034955494,0.0046246779,0.0056446288,0.0062347853,0.0070852495,0.0073112140,0.0074473765,0.0077820525,0.0071993500,0.0090216173
2008-07-24,0.0029774650,0.0035821324,0.0046346118,0.0056315634,0.0062027997,0.0070298373,0.0071956170,0.0073286814,0.0077584437,0.0089810000,0.0090216173
2008-07-23,0.0030365608,0.0033576829,0.0047469188,0.0058744687,0.0064235408,0.0072282023,0.0074158247,0.0076124617,0.0076087426,0.0071957863,0.0084096675
2008-07-22,0.0031590712,0.0035456462,0.0050304767,0.0062714037,0.0069186154,0.0078555162,0.0080420280,0.0081950714,0.0082105325,0.0089605276,0.0097666667
2008-07-21,0.0030383426,0.0037884335,0.0049124105,0.0061389940,0.0067206746,0.0075732247,0.0077577193,0.0079525220,0.0082795444,0.0094476667,0.0097666667
2008-07-18,0.0032076888,0.0039730461,0.0050440695,0.0063804758,0.0070513431,0.0080222121,0.0082239904,0.0084778964,0.0085248150,0.0099565000,0.0103750000
2008-07-17,0.0033147321,0.0040105256,0.0054209087,0.0065926417,0.0072509315,0.0082107502,0.0083967332,0.0085454386,0.0086567878,0.0100143333,0.0102750000
2008-07-16,0.0032750222,0.0041856345,0.0056200358,0.0070632149,0.0077461758,0.0087473838,0.0090355964,0.0090722415,0.0093102711,0.0106476667,0.0111750000
2008-07-15,0.0031567276,0.0039239523,0.0053791624,0.0067530662,0.0073498389,0.0082378092,0.0086437413,0.0087837173,0.0089462333,0.0100565000,0.0102104690
2008-07-14,0.0031005011,0.0037495364,0.0052728652,0.0063768134,0.0070369890,0.0079979436,0.0081748571,0.0082936026,0.0086750000,0.0087500000,0.0100353002
2008-07-11,0.0031493362,0.0037398257,0.0049006986,0.0062555680,0.0068405269,0.0077049860,0.0079752418,0.0081190387,0.0081595325,0.0078527762,0.0097143147
2008-07-10,0.0031345409,0.0039347636,0.0049298228,0.0064003821,0.0070133612,0.0079169373,0.0080415875,0.0082710463,0.0085679050,0.0079459526,0.0098646667
2008-07-09,0.0033223228,0.0038830623,0.0053231955,0.0063851086,0.0070039621,0.0079155513,0.0080576871,0.0083081925,0.0085384201,0.0099845000,0.0105620833
2008-07-08,0.0033074080,0.0038518487,0.0054309614,0.0071491873,0.0077284177,0.0086087002,0.0087515895,0.0089817805,0.0093849333,0.0105902143,0.0111553571
2008-07-07,0.0033057051,0.0038560000,0.0053111552,0.0068510529,0.0074982655,0.0084572388,0.0086399788,0.0087607614,0.0093880500,0.0092500000,0.0105924538
2008-07-04,0.0032330615,0.0038136855,0.0055574337,0.0068807614,0.0075370375,0.0085090353,0.0086454438,0.0088345413,0.0091469418,0.0093000000,0.0105954992
2008-07-03,0.0032650428,0.0038506245,0.0054888364,0.0070102246,0.0076365749,0.0085749574,0.0087694211,0.0090172603,0.0093135673,0.0095000000,0.0109916667
2008-07-02,0.0033020970,0.0038755266,0.0054084111,0.0070346992,0.0076373104,0.0085477779,0.0087616908,0.0089343071,0.0092083556,0.0103810000,0.0108583333
2008-07-01,0.0033335511,0.0038999969,0.0054785151,0.0070353014,0.0076787177,0.0086409951,0.0088950924,0.0090806093,0.0090703763,0.0106452857,0.0110686820
2008-06-30,0.0033915274,0.0039228333,0.0057591282,0.0069667856,0.0076260562,0.0086077138,0.0087728880,0.0090090233,0.0089488333,0.0094000000,0.0107573871
2008-06-27,0.0034144441,0.0042118258,0.0058491343,0.0072296636,0.0078854529,0.0088696534,0.0091189305,0.0093496764,0.0093653946,0.0095000000,0.0107159139
2008-06-26,0.0033052414,0.0040974611,0.0054360367,0.0067768137,0.0073771022,0.0082826386,0.0085154834,0.0086338171,0.0088260622,0.0103431429,0.0104258026
2008-06-25,0.0030722200,0.0037570615,0.0050542188,0.0060781033,0.0067974198,0.0078414064,0.0079649687,0.0082638137,0.0084774502,0.0085500000,0.0095156030
2008-06-24,0.0030994534,0.0038352334,0.0052641149,0.0063985959,0.0070294924,0.0079668804,0.0080938619,0.0083615260,0.0085591436,0.0095810000,0.0099500000
2008-06-23,0.0029446018,0.0037106425,0.0051658416,0.0061953437,0.0067048966,0.0074867789,0.0076764406,0.0078911878,0.0083155636,0.0090810000,0.0094916667
2008-06-20,0.0028555749,0.0036079924,0.0048006787,0.0060232510,0.0065553684,0.0073619131,0.0075661045,0.0077533435,0.0078992714,0.0090810000,0.0094083333
2008-06-19,0.0028290180,0.0033605565,0.0044565688,0.0056062101,0.0061342747,0.0069268489,0.0072428396,0.0074886290,0.0076048104,0.0080307475,0.0083338378
2008-06-18,0.0020436667,0.0031989246,0.0043043912,0.0053920410,0.0058849106,0.0066291279,0.0067994243,0.0070738618,0.0071723868,0.0083065000,0.0080120335
2008-06-17,0.0026629052,0.0031457878,0.0040666731,0.0050896752,0.0055887485,0.0063346131,0.0064870297,0.0067534930,0.0070393333,0.0083565000,0.0080620335
2008-06-16,0.0026645024,0.0031437214,0.0041006019,0.0051124969,0.0055872814,0.0063037685,0.0064950918,0.0067614030,0.0069163266,0.0083065000,0.0080120335
2008-06-13,0.0027516838,0.0031733591,0.0043314939,0.0052636160,0.0057292120,0.0064385639,0.0067438456,0.0069676490,0.0072595820,0.0067835850,0.0081357638
2008-06-12,0.0027898033,0.0032494347,0.0044001752,0.0054829150,0.0059958090,0.0067704681,0.0070652789,0.0072985447,0.0076586458,0.0079886038,0.0080413713
2008-06-11,0.0028486169,0.0034069032,0.0045286071,0.0055732083,0.0060901820,0.0068729167,0.0070812509,0.0072803520,0.0073875000,0.0081502143,0.0085403571
2008-06-10,0.0027058144,0.0034037327,0.0045567175,0.0057679075,0.0063029360,0.0071138469,0.0073499107,0.0075181803,0.0077357674,0.0085326101,0.0080391837
2008-06-09,0.0023934943,0.0031932924,0.0043486328,0.0053732626,0.0058932115,0.0066765822,0.0068536763,0.0070401410,0.0070843721,0.0088324286,0.0087972298
2008-06-06,0.0021392505,0.0030473014,0.0041054942,0.0049653640,0.0054281833,0.0061305201,0.0063631585,0.0066187760,0.0064300000,0.0064500000,0.0069021983
2008-06-05,0.0021385669,0.0034782277,0.0039158805,0.0048341206,0.0052382899,0.0058647861,0.0060571049,0.0062245111,0.0102378500,0.0062666667,0.0069825866
2008-06-04,0.0022110676,0.0029358364,0.0039131572,0.0048432612,0.0053058038,0.0060062896,0.0061734141,0.0063120575,0.0065025359,0.0076810000,0.0070811029
2008-06-03,0.0020460860,0.0029437318,0.0037773360,0.0045688811,0.0050396380,0.0057448915,0.0059140492,0.0060196381,0.0060115000,0.0061000000,0.0067201901
2008-06-02,0.0020895736,0.0028078596,0.0036870623,0.0044444463,0.0048629473,0.0054995312,0.0056587575,0.0058034058,0.0058166667,0.0074238571,0.0075794624
2008-05-30,0.0019943085,0.0026069344,0.0034152007,0.0040601836,0.0044873710,0.0051266499,0.0052773951,0.0054594813,0.0082004500,0.0054000000,0.0071208236
2008-05-29,0.0019818000,0.0026353670,0.0036231183,0.0042605788,0.0046791010,0.0053125475,0.0054652378,0.0056687247,0.0057433332,0.0065065000,0.0063116555
2008-05-28,0.0021305000,0.0027298913,0.0037533814,0.0045241184,0.0049132520,0.0055169862,0.0056567130,0.0058369646,0.0058889446,0.0058666667,0.0064339702
2008-05-27,0.0024375040,0.0029189146,0.0039664349,0.0047816386,0.0052732247,0.0060134649,0.0061675026,0.0062475206,0.0064302074,0.0066500000,0.0069885882
2008-05-26,0.0023789100,0.0027116065,0.0038036838,0.0043949271,0.0048376653,0.0055070642,0.0057177574,0.0058178902,0.0060270899,0.0056000000,0.0064332977
2008-05-23,0.0023789100,0.0027302645,0.0038882016,0.0043929215,0.0048364979,0.0055075688,0.0057298550,0.0058330347,0.0061007865,0.0056000000,0.0064332977
2008-05-22,0.0016790000,0.0024263000,0.0033233566,0.0041409618,0.0045812319,0.0052428316,0.0052719301,0.0054477658,0.0056419507,0.0072202857,0.0066789286
2008-05-21,0.0016836667,0.0024234227,0.0030839500,0.0037798165,0.0041146856,0.0046340036,0.0048582059,0.0050250123,0.0049982899,0.0051500000,0.0056264376
2008-05-20,0.0013410000,0.0021983119,0.0030461415,0.0036183176,0.0039902272,0.0045529568,0.0047055479,0.0048216495,0.0047805993,0.0046000000,0.0051263450
2008-05-19,0.0013074564,0.0020788964,0.0027344636,0.0034081313,0.0038088785,0.0044048800,0.0045820201,0.0046464138,0.0045943012,0.0043688687,0.0050013450
2008-05-16,0.0012879225,0.0019503333,0.0027753428,0.0034620742,0.0038308754,0.0043869940,0.0045559672,0.0047322120,0.0047978883,0.0045000000,0.0058225000
2008-05-15,0.0014028000,0.0024927870,0.0030981879,0.0037687286,0.0041709533,0.0047778702,0.0049488461,0.0050323682,0.0048935725,0.0084448500,0.0052213545
2008-05-14,0.0014259917,0.0026600000,0.0031270250,0.0038633417,0.0042596785,0.0048618357,0.0050231123,0.0052148136,0.0079440500,0.0086151500,0.0060129944
2008-05-13,0.0014126456,0.0025274585,0.0032165125,0.0039409900,0.0043346968,0.0049359762,0.0050968028,0.0052693587,0.0079401000,0.0051000000,0.0060129944
2008-05-12,0.0014311500,0.0025345239,0.0033195515,0.0039968718,0.0043846290,0.0049803243,0.0051559720,0.0053631440,0.0052226215,0.0052500000,0.0060153071
2008-05-09,0.0018777836,0.0025345239,0.0033309500,0.0039803340,0.0043779950,0.0049864829,0.0051581729,0.0053327853,0.0054731773,0.0056500000,0.0060153071
2008-05-08,0.0018823333,0.0024535714,0.0032521000,0.0038394231,0.0042183276,0.0047998667,0.0049735000,0.0051174167,0.0050976529,0.0071695714,0.0066051886
2008-05-07,0.0018914134,0.0024029159,0.0032412515,0.0038258696,0.0041730165,0.0047145013,0.0048470015,0.0049673362,0.0050211500,0.0083705000,0.0052209786
2008-05-06,0.0019244982,0.0025597330,0.0033768372,0.0040463330,0.0044557396,0.0050827051,0.0053508858,0.0056680423,0.0054339757,0.0051500000,0.0072202164
2008-05-05,0.0018680995,0.0025042779,0.0032782051,0.0040127659,0.0044231463,0.0050511110,0.0053842668,0.0056124976,0.0050899468,0.0050500000,0.0070356642
2008-05-02,0.0018574659,0.0024759891,0.0032593462,0.0040010965,0.0044626816,0.0051574153,0.0053885501,0.0056015598,0.0050899468,0.0054000000,0.0070356642
2008-05-01,0.0023660000,0.0029527174,0.0039034072,0.0045877363,0.0050340306,0.0057240547,0.0059278594,0.0059978186,0.0059563344,0.0057500000,0.0066977288
2008-04-30,0.0023584149,0.0029604484,0.0039096714,0.0047095937,0.0051725673,0.0058877664,0.0061305833,0.0062806669,0.0061675051,0.0061500000,0.0079687150
2008-04-29,0.0022872364,0.0028450000,0.0036985974,0.0045251429,0.0050319097,0.0057997102,0.0060254955,0.0062497436,0.0062007537,0.0059500000,0.0074839474
2008-04-28,0.0023037500,0.0028200796,0.0038137477,0.0045248597,0.0049638028,0.0056447931,0.0058161987,0.0060291030,0.0057875318,0.0076731429,0.0074839474
2008-04-25,0.0024063830,0.0028945455,0.0039536502,0.0047744545,0.0053300296,0.0061689432,0.0063105610,0.0065181825,0.0065437484,0.0065333333,0.0061000000
2008-04-24,0.0025340000,0.0029796834,0.0041510371,0.0048990000,0.0054365500,0.0062555547,0.0064272949,0.0066423510,0.0069786141,0.0081103750,0.0078846429
2008-04-23,0.0025685000,0.0028730000,0.0039827500,0.0047952959,0.0052733443,0.0060136000,0.0061880630,0.0063605517,0.0064500000,0.0064333333,0.0065000000
2008-04-22,0.0025771283,0.0030536627,0.0039939683,0.0047830785,0.0052790065,0.0060426268,0.0061794757,0.0064086679,0.0065368971,0.0061500000,0.0074610526
2008-04-21,0.0027989571,0.0034798705,0.0043013562,0.0054026318,0.0058868705,0.0066534005,0.0068229349,0.0070746140,0.0067938596,0.0075000000,0.0070000000
2008-04-18,0.0027288762,0.0033352025,0.0042764121,0.0051755844,0.0056920020,0.0064938459,0.0066226571,0.0067128155,0.0059736588,0.0085178750,0.0077966405
2008-04-17,0.0028985591,0.0037941000,0.0045743887,0.0058146507,0.0062688809,0.0070119512,0.0071194534,0.0072001059,0.0068178977,0.0076883175,0.0096431250
2008-04-16,0.0031049300,0.0038490186,0.0051416117,0.0062290196,0.0067446783,0.0075776834,0.0078634195,0.0078852460,0.0078925425,0.0078122962,0.0094043086
2008-04-15,0.0027806000,0.0047291391,0.0063878091,0.0073934044,0.0079756154,0.0089283008,0.0090279666,0.0092701234,0.0091202994,0.0110083916,0.0118021118
2008-04-14,0.0029073333,0.0046662222,0.0064723224,0.0074484646,0.0080529645,0.0090360969,0.0092186556,0.0093053140,0.0092009388,0.0112412867,0.0076011763
2008-04-11,0.0027982500,0.0045231250,0.0061997222,0.0072437988,0.0077941724,0.0087048421,0.0087665000,0.0088709091,0.0087933333,0.0096100000,0.0114471118
2008-04-10,0.0030516308,0.0045994905,0.0063736494,0.0074471192,0.0080451253,0.0090222692,0.0089943926,0.0090804522,0.0092264230,0.0103857500,0.0116038731
2008-04-09,0.0026215000,0.0041999918,0.0058023706,0.0068477565,0.0073822031,0.0082625353,0.0083404353,0.0084388796,0.0086591052,0.0101871975,0.0108504450
2008-04-08,0.0046358333,0.0037660714,0.0053806305,0.0063203216,0.0066733176,0.0073161950,0.0075079551,0.0074598540,0.0076316667,0.0090310000,0.0099726494
2008-04-07,0.0041993333,0.0034362500,0.0046031877,0.0056356554,0.0060614865,0.0067702688,0.0068419440,0.0069898563,0.0068925000,0.0081482500,0.0091180131
2008-04-04,0.0044550000,0.0036967505,0.0050376353,0.0059368212,0.0063601974,0.0070766948,0.0071483040,0.0074157676,0.0075912500,0.0089982500,0.0096353847
2008-04-03,0.0050750000,0.0041213823,0.0052090412,0.0061747948,0.0067203199,0.0075971694,0.0078087000,0.0079775714,0.0081875000,0.0096503223,0.0095416667
2008-04-02,0.0051744096,0.0043628003,0.0059259189,0.0064626828,0.0069937551,0.0078623729,0.0076775727,0.0080453333,0.0072706600,0.0097998912,0.0104790750
2008-04-01,0.0065116667,0.0047000859,0.0067291228,0.0074633899,0.0080444107,0.0090084315,0.0090543523,0.0092327156,0.0135065000,0.0103476667,0.0113413189
2008-03-31,0.0056340620,0.0044719359,0.0064272222,0.0080756776,0.0085447675,0.0093944111,0.0094236399,0.0092021574,0.0095050000,0.0109266667,0.0113377866
2008-03-28,0.0054916272,0.0041198169,0.0066112824,0.0077027755,0.0081169383,0.0088886637,0.0089967396,0.0088609997,0.0089559123,0.0109599323,0.0107935720
2008-03-27,0.0055082303,0.0052580000,0.0064873537,0.0073879892,0.0078577652,0.0086860489,0.0089293750,0.0089027778,0.0089580991,0.0092750000,0.0093399220
2008-03-26,0.0037837500,0.0052727500,0.0067285667,0.0074860760,0.0080210692,0.0089333000,0.0089628895,0.0089436595,0.0089524655,0.0079466638,0.0088975950
2008-03-25,0.0035056411,0.0050873712,0.0066174175,0.0070360728,0.0075884016,0.0085079143,0.0085295453,0.0082628975,0.0073819363,0.0106976667,0.0115243031
2008-03-24,0.0080406037,0.0062360273,0.0070882745,0.0094987443,0.0103189042,0.0116548040,0.0117918646,0.0118530863,0.0135320000,0.0129448970,0.0095770212
2008-03-21,0.0080406037,0.0063411740,0.0088697253,0.0095587443,0.0103439991,0.0116394194,0.0117668646,0.0118530863,0.0135320000,0.0121431960,0.0095770212
2008-03-20,0.0080406037,0.0064522030,0.0089876201,0.0095587443,0.0103433894,0.0116394194,0.0117668646,0.0118530863,0.0135320000,0.0118359940,0.0108770212
2008-03-19,0.0084800000,0.0065932860,0.0084087109,0.0101557364,0.0105783903,0.0114600194,0.0116053188,0.0118880968,0.0116826667,0.0124933333,0.0141305083
2008-03-18,0.0078395378,0.0068376974,0.0090570373,0.0105139597,0.0114574203,0.0129872195,0.0137969518,0.0131958129,0.0125049400,0.0153476667,0.0162260329
2008-03-17,0.0091730000,0.0078140292,0.0106327639,0.0123027009,0.0133832977,0.0151455764,0.0150397273,0.0150037273,0.0155176667,0.0167175293,0.0190568240
2008-03-14,0.0098827022,0.0071902413,0.0101678642,0.0133574091,0.0138979524,0.0150449451,0.0147942611,0.0147861096,0.0144315359,0.0149580980,0.0180699393
2008-03-13,0.0095036795,0.0072491886,0.0101807579,0.0122970085,0.0131136982,0.0145516850,0.0145292700,0.0145913056,0.0136743587,0.0138575021,0.0172267533
2008-03-12,0.0091400877,0.0084675000,0.0099852273,0.0120270730,0.0125806622,0.0136949561,0.0138349733,0.0138187077,0.0138700000,0.0148631175,0.0145339488
2008-03-11,0.0098110640,0.0072662493,0.0101025279,0.0122049557,0.0129279101,0.0142523086,0.0143854683,0.0142882296,0.0140376139,0.0141796083,0.0148529837
2008-03-10,0.0081642511,0.0069832297,0.0097290080,0.0115024686,0.0123443870,0.0137899908,0.0136742062,0.0136816800,0.0140350000,0.0155318767,0.0166478067
2008-03-07,0.0081463130,0.0095121626,0.0095966222,0.0111728809,0.0119524591,0.0133111794,0.0128088880,0.0127370907,0.0129067292,0.0136643630,0.0157881567
2008-03-06,0.0061096261,0.0074268256,0.0082500441,0.0089263487,0.0099317183,0.0115051772,0.0117045463,0.0117927915,0.0116140422,0.0115215178,0.0139903500
2008-03-05,0.0058580298,0.0073430022,0.0071611679,0.0086631184,0.0095401216,0.0109396426,0.0109743078,0.0110794286,0.0114690045,0.0113014413,0.0125753939
2008-03-04,0.0043138825,0.0062116250,0.0076686857,0.0089487124,0.0096662739,0.0108737265,0.0109687523,0.0110061352,0.0112584976,0.0113673422,0.0124429833
2008-03-03,0.0040226125,0.0056879007,0.0078978020,0.0085544520,0.0093949584,0.0107465604,0.0109338719,0.0108884609,0.0107554899,0.0110446083,0.0132508767
2008-02-29,0.0039008183,0.0068078749,0.0068693381,0.0082632935,0.0089812258,0.0101681329,0.0102663108,0.0103860882,0.0108033333,0.0112485854,0.0122667775
2008-02-28,0.0040838841,0.0057752567,0.0066344417,0.0081892472,0.0086827155,0.0095905057,0.0097197200,0.0097295857,0.0099555000,0.0098201767,0.0114591905
2008-02-27,0.0038399409,0.0054496664,0.0062595000,0.0076816460,0.0081808579,0.0090775564,0.0091441820,0.0092045876,0.0094599477,0.0105193025,0.0109185121
2008-02-26,0.0035750000,0.0045946444,0.0065669013,0.0073587197,0.0077733209,0.0085563329,0.0086803006,0.0088522603,0.0083451466,0.0098680740,0.0109500000
2008-02-25,0.0036158536,0.0048948493,0.0070320220,0.0079049222,0.0083404293,0.0091707985,0.0094071701,0.0096418379,0.0094473512,0.0104591700,0.0106120281
2008-02-22,0.0046428000,0.0061085513,0.0074413883,0.0084341248,0.0090822614,0.0101935888,0.0103663246,0.0104387447,0.0099506462,0.0106099279,0.0110098700
2008-02-21,0.0046222500,0.0063323889,0.0074818550,0.0085651844,0.0091652405,0.0102230704,0.0103847739,0.0105401122,0.0104703601,0.0117962588,0.0125652545
2008-02-20,0.0046463333,0.0065329500,0.0073868500,0.0088964675,0.0095592753,0.0107081359,0.0108950763,0.0109834413,0.0110335000,0.0127160867,0.0138205308
2008-02-19,0.0046055000,0.0052720939,0.0073508318,0.0087304146,0.0092305910,0.0101755261,0.0103049580,0.0104091527,0.0104033025,0.0118390400,0.0124480275
2008-02-18,0.0060811425,0.0052680510,0.0066992153,0.0079789991,0.0086095794,0.0096872248,0.0096925690,0.0098236250,0.0098768475,0.0106994115,0.0115527265
2008-02-15,0.0060943140,0.0052610728,0.0065133719,0.0077356586,0.0083413997,0.0093802776,0.0095987403,0.0095892836,0.0092902675,0.0103631067,0.0119197367
2008-02-14,0.0059710000,0.0043106291,0.0063417083,0.0072549044,0.0076468549,0.0084065988,0.0086956803,0.0089078982,0.0087931137,0.0089472766,0.0097220450
2008-02-13,0.0061370000,0.0045356641,0.0066764924,0.0075308082,0.0079818865,0.0088248436,0.0091551856,0.0092759712,0.0091369101,0.0095816741,0.0105450650
2008-02-12,0.0060166133,0.0050290948,0.0067453714,0.0077704882,0.0083976759,0.0094680083,0.0095413654,0.0096050698,0.0096550000,0.0096538150,0.0112023680
2008-02-11,0.0057935000,0.0049845705,0.0066591362,0.0076753515,0.0080909064,0.0088988930,0.0089868906,0.0090927051,0.0092990000,0.0092086634,0.0108131575
2008-02-08,0.0058710650,0.0057291129,0.0063912893,0.0072604583,0.0077352721,0.0085996000,0.0087202469,0.0088990106,0.0091482500,0.0096219725,0.0102450650
2008-02-07,0.0058636525,0.0061882604,0.0065994294,0.0071048428,0.0074636350,0.0081825490,0.0083987118,0.0085387981,0.0087202500,0.0091766667,0.0099194591
2008-02-06,0.0054909440,0.0048678049,0.0060384419,0.0068684121,0.0073359483,0.0081780483,0.0084128669,0.0085819932,0.0087182500,0.0083036000,0.0094786589
2008-02-05,0.0054137500,0.0046930169,0.0060012120,0.0068416210,0.0072294070,0.0079742718,0.0082702823,0.0084374057,0.0084923333,0.0087418407,0.0091920232
2008-02-04,0.0052716667,0.0039551296,0.0055727242,0.0063762044,0.0067529944,0.0074666609,0.0076030826,0.0077337892,0.0079483333,0.0081350867,0.0087397987
2008-02-01,0.0048950000,0.0038826767,0.0054069042,0.0061631728,0.0066116136,0.0074055559,0.0075629965,0.0076653790,0.0077780000,0.0078982467,0.0086301483
2008-01-31,0.0048960000,0.0038629430,0.0052919745,0.0062333108,0.0066339650,0.0073726878,0.0073487557,0.0075796450,0.0074529123,0.0077947367,0.0086381567
2008-01-30,0.0049287500,0.0040718286,0.0054047541,0.0059948728,0.0063016938,0.0069180564,0.0070965193,0.0071540000,0.0073575000,0.0070157900,0.0075650527
2008-01-29,0.0046625000,0.0038403553,0.0052002892,0.0059872220,0.0062986874,0.0069211047,0.0070909815,0.0070035969,0.0070713333,0.0070028173,0.0075928672
2008-01-28,0.0029750000,0.0039744714,0.0046566667,0.0059973332,0.0064011034,0.0071367976,0.0073642306,0.0073269456,0.0083250000,0.0074394750,0.0082763150
2008-01-25,0.0030094422,0.0033059957,0.0048099367,0.0058770701,0.0062532885,0.0069511894,0.0071053055,0.0072387766,0.0072630000,0.0085432500,0.0085916667
2008-01-24,0.0056960000,0.0036550410,0.0051105632,0.0063727444,0.0067342632,0.0074354615,0.0074804788,0.0075323538,0.0080150000,0.0090607500,0.0089010526
2008-01-23,0.0056926000,0.0056014281,0.0066973186,0.0069308571,0.0074371962,0.0083394419,0.0085291022,0.0086936714,0.0083951300,0.0087631575,0.0091061400
2008-01-22,0.0056312500,0.0057128302,0.0064141652,0.0069626457,0.0073473425,0.0081029457,0.0083251282,0.0085074939,0.0085500000,0.0083000000,0.0112556024
2008-01-21,0.0054591667,0.0043510942,0.0061571078,0.0068768471,0.0073475868,0.0082055546,0.0082132897,0.0083462593,0.0077234776,0.0073941925,0.0108029581
2008-01-18,0.0045936000,0.0049213148,0.0055431264,0.0060584180,0.0064422941,0.0071611193,0.0072798390,0.0073979510,0.0075316667,0.0139300050,0.0150705900
2008-01-17,0.0045030000,0.0037942917,0.0054721128,0.0060525285,0.0064095488,0.0070962404,0.0072553930,0.0073431843,0.0070500000,0.0072500000,0.0095384171
2008-01-16,0.0045237500,0.0038482778,0.0051294375,0.0058788823,0.0062514070,0.0069505989,0.0070912786,0.0072040132,0.0073169123,0.0080529640,0.0146739061
2008-01-15,0.0046190000,0.0036204375,0.0052213700,0.0056810344,0.0060625709,0.0067654841,0.0068811167,0.0070150235,0.0071449123,0.0075459521,0.0139336800
2008-01-14,0.0046710000,0.0034975243,0.0052108475,0.0057969810,0.0062358257,0.0070153588,0.0072436134,0.0072282824,0.0073908772,0.0075907447,0.0088026608
2008-01-11,0.0043390596,0.0042343816,0.0052280483,0.0059196128,0.0063257901,0.0070705190,0.0071905830,0.0074089203,0.0074058246,0.0092344509,0.0109218500
2008-01-10,0.0045066667,0.0032253458,0.0044597442,0.0056041922,0.0060123215,0.0067474178,0.0069321673,0.0069386043,0.0069718412,0.0064043962,0.0082931148
2008-01-09,0.0026236600,0.0031384156,0.0042604411,0.0048559574,0.0053580470,0.0061852263,0.0064525606,0.0064608396,0.0064478716,0.0060347116,0.0070245614
2008-01-08,0.0025726800,0.0028024350,0.0040588610,0.0045769448,0.0050048371,0.0057262834,0.0059245089,0.0061325510,0.0062186800,0.0059671882,0.0073367984
2008-01-07,0.0024654633,0.0027271233,0.0037955743,0.0043517125,0.0046422385,0.0051822042,0.0056232601,0.0057640943,0.0058742578,0.0058516937,0.0066367914
2008-01-04,0.0023240289,0.0023748475,0.0032287143,0.0038314079,0.0041992153,0.0048166924,0.0050814539,0.0052934000,0.0053055000,0.0050500000,0.0110209325
2008-01-03,0.0026466667,0.0023198121,0.0035020815,0.0038354847,0.0041570098,0.0047158940,0.0049602062,0.0052430070,0.0050703333,0.0095504850,0.0103469400
2008-01-02,0.0025865081,0.0023638727,0.0032835606,0.0036080283,0.0039575906,0.0045442813,0.0046844724,0.0048358933,0.0046055000,0.0064792500,0.0056101500
2008-01-01,0.0025166667,0.0024933333,0.0032680332,0.0036543221,0.0039670844,0.0045087968,0.0047722461,0.0048220963,0.0054540351,0.0064810000,0.0056226500
2007-12-31,0.0025166667,0.0024933333,0.0032680332,0.0036543221,0.0039668506,0.0045087968,0.0047722461,0.0048220963,0.0052000000,0.0064810000,0.0055226500
2007-12-28,0.0024625000,0.0024933333,0.0032680332,0.0036654332,0.0039806444,0.0045269786,0.0047722461,0.0048098867,0.0052000000,0.0064810000,0.0054226500
2007-12-27,0.0023205000,0.0024789747,0.0033213486,0.0038038158,0.0041142587,0.0046606008,0.0048273321,0.0049975263,0.0043500000,0.0064810000,0.0053427974
2007-12-26,0.0024125000,0.0024409069,0.0033136988,0.0038141396,0.0040920485,0.0045984806,0.0048161805,0.0049611403,0.0043500000,0.0064810000,0.0053427974
2007-12-25,0.0022837500,0.0024956414,0.0033208270,0.0037900751,0.0040788788,0.0045984806,0.0048161805,0.0049451263,0.0043500000,0.0064810000,0.0053427974
2007-12-24,0.0022837500,0.0024956414,0.0033208270,0.0037900751,0.0040681389,0.0045873204,0.0048161805,0.0049451263,0.0043500000,0.0064810000,0.0053927974
2007-12-21,0.0020841667,0.0025143449,0.0032888314,0.0037434374,0.0040496346,0.0045814366,0.0047727375,0.0049451143,0.0043500000,0.0059766667,0.0051427974
2007-12-20,0.0020321268,0.0025238771,0.0030995673,0.0034618517,0.0036990893,0.0041147833,0.0046183219,0.0048009110,0.0055000000,0.0053601743,0.0096981216
2007-12-19,0.0020869173,0.0023840973,0.0029353647,0.0033790042,0.0036711874,0.0041334758,0.0042685030,0.0043851862,0.0053500000,0.0047513704,0.0088986074
2007-12-18,0.0021281955,0.0023840973,0.0029237904,0.0033028497,0.0036255402,0.0041055645,0.0042808175,0.0043935462,0.0047556750,0.0044674950,0.0085506500
2007-12-17,0.0021758592,0.0023833153,0.0028683686,0.0033689443,0.0036355333,0.0040288760,0.0042125372,0.0043817273,0.0051500000,0.0043003885,0.0084690650
2007-12-14,0.0021797420,0.0022941033,0.0027105887,0.0032394961,0.0034875795,0.0038382872,0.0040445912,0.0043242279,0.0041224250,0.0074991750,0.0051145869
2007-12-13,0.0017741667,0.0022111667,0.0027187150,0.0032923750,0.0036064459,0.0040201429,0.0042152222,0.0044297143,0.0056000000,0.0060476667,0.0061354688
2007-12-12,0.0017437500,0.0021060259,0.0026491580,0.0032250371,0.0035540912,0.0039677069,0.0041217131,0.0044407751,0.0058941351,0.0043275885,0.0080371750
2007-12-11,0.0021416983,0.0023143667,0.0029458904,0.0034610202,0.0037749815,0.0041521009,0.0042939578,0.0045620676,0.0067292000,0.0046936443,0.0055348241
2007-12-10,0.0025187500,0.0019270000,0.0031901527,0.0036261448,0.0040049742,0.0044067288,0.0044779657,0.0046444268,0.0066230500,0.0049499193,0.0090872600
2007-12-07,0.0021788211,0.0024125913,0.0031571973,0.0038614124,0.0042418093,0.0047065835,0.0049857199,0.0052196217,0.0046250000,0.0050670551,0.0061270000
2007-12-06,0.0022388211,0.0024938642,0.0033274278,0.0038925909,0.0042999633,0.0048643860,0.0050431461,0.0052015446,0.0053500000,0.0094298800,0.0062805019
2007-12-05,0.0021866667,0.0023458125,0.0032772594,0.0036241048,0.0040278376,0.0046480212,0.0049638526,0.0051414143,0.0049321013,0.0065676667,0.0064038421
2007-12-04,0.0023025000,0.0022860833,0.0032806669,0.0037491800,0.0040738908,0.0046600981,0.0049770496,0.0051466668,0.0054000000,0.0057333333,0.0061416667
2007-12-03,0.0023750000,0.0023378920,0.0031080772,0.0034760873,0.0038360843,0.0045184121,0.0047723940,0.0050871524,0.0056500000,0.0060455194,0.0062204918
2007-11-30,0.0018517500,0.0022678760,0.0031987857,0.0034774839,0.0038930389,0.0044742075,0.0047179486,0.0049082967,0.0069287500,0.0060818282,0.0062204918
2007-11-29,0.0017355000,0.0023623560,0.0032678370,0.0031990000,0.0037769545,0.0045779711,0.0048363313,0.0051026060,0.0070401000,0.0062747963,0.0063954918
2007-11-28,0.0017097860,0.0024494214,0.0031812729,0.0032114346,0.0038389717,0.0047112322,0.0049531653,0.0052609232,0.0044496850,0.0063909170,0.0066204918
2007-11-27,0.0026833333,0.0023227567,0.0034693944,0.0040275000,0.0043894252,0.0049111538,0.0051551840,0.0054157559,0.0055000000,0.0065823509,0.0067141186
2007-11-26,0.0031646000,0.0022383620,0.0034693739,0.0040126228,0.0044074712,0.0049699773,0.0051464404,0.0054073428,0.0050593000,0.0066337963,0.0069978689
2007-11-23,0.0035800000,0.0027400000,0.0040367557,0.0045088945,0.0048769457,0.0054153877,0.0056803416,0.0060693808,0.0095090500,0.0100346633,0.0109223100
2007-11-22,0.0030009535,0.0028041111,0.0040373017,0.0045401185,0.0049196471,0.0054727360,0.0056998384,0.0058815714,0.0100189500,0.0073408939,0.0073452505
2007-11-21,0.0028037320,0.0030405696,0.0037427268,0.0040709938,0.0046267472,0.0053982733,0.0056527416,0.0057083649,0.0100172000,0.0076970631,0.0072119172
2007-11-20,0.0024344923,0.0021257656,0.0031927366,0.0039014855,0.0043848020,0.0050591058,0.0053060750,0.0054502548,0.0054000000,0.0052500000,0.0109025800
2007-11-19,0.0022420000,0.0022340000,0.0028590000,0.0037046360,0.0041317090,0.0047306159,0.0050368314,0.0053654947,0.0053500000,0.0057524204,0.0062776879
2007-11-16,0.0014690000,0.0020523596,0.0030023099,0.0034592032,0.0039183994,0.0045566441,0.0047845581,0.0052542533,0.0053704950,0.0054547538,0.0068557212
2007-11-15,0.0014336667,0.0020076667,0.0029692602,0.0034502795,0.0038529624,0.0044171186,0.0046533485,0.0051215396,0.0071865000,0.0058135655,0.0070240552
2007-11-14,0.0016958200,0.0018946067,0.0026557907,0.0033866483,0.0038543800,0.0045034231,0.0048181508,0.0052163517,0.0049308200,0.0061179731,0.0063221634
2007-11-13,0.0014060000,0.0020655948,0.0026815197,0.0036807806,0.0041991681,0.0049180209,0.0052107791,0.0055999856,0.0056500000,0.0062548409,0.0066971676
2007-11-12,0.0015393782,0.0021123333,0.0027075522,0.0034797082,0.0041155187,0.0049970088,0.0053066507,0.0056346845,0.0056350187,0.0058942926,0.0064627368
2007-11-09,0.0015239818,0.0020781957,0.0028891233,0.0035215907,0.0040847870,0.0048641139,0.0051214527,0.0054510899,0.0069725187,0.0057858037,0.0067436120
2007-11-08,0.0017994133,0.0019398940,0.0028953351,0.0033655257,0.0038628465,0.0045516176,0.0049584103,0.0053161460,0.0057836262,0.0059250154,0.0062139789
2007-11-07,0.0017776550,0.0018768628,0.0027975585,0.0033304441,0.0038285465,0.0045182418,0.0048965568,0.0052554065,0.0054316687,0.0056544184,0.0059936385
2007-11-06,0.0009800000,0.0016282336,0.0025927255,0.0030288145,0.0035358839,0.0042376698,0.0045219848,0.0049471473,0.0051586833,0.0053056504,0.0058925623
2007-11-05,0.0017414650,0.0018387128,0.0025141448,0.0031313126,0.0036791115,0.0044377543,0.0047185711,0.0051761401,0.0051077585,0.0056979453,0.0061321853
2007-11-02,0.0016610650,0.0017943096,0.0020706999,0.0027570369,0.0032633562,0.0039654289,0.0043526953,0.0047628421,0.0049259053,0.0053684161,0.0055889869
2007-11-01,0.0016325000,0.0015979562,0.0021062811,0.0027583821,0.0031408672,0.0036715421,0.0040216220,0.0045047343,0.0046654138,0.0051154258,0.0055695112
2007-10-31,0.0007172414,0.0013565276,0.0018742236,0.0026000000,0.0029027604,0.0033270000,0.0036484560,0.0040848333,0.0042895000,0.0046864947,0.0046183907
2007-10-30,0.0007246896,0.0013550165,0.0019306609,0.0025562577,0.0029166918,0.0034164907,0.0037782458,0.0042229408,0.0045721284,0.0048684754,0.0048901814
2007-10-29,0.0006772415,0.0013725165,0.0019921839,0.0025927577,0.0029585978,0.0034658816,0.0038027089,0.0042455436,0.0045964912,0.0048018088,0.0053865646
2007-10-26,0.0006344830,0.0013560264,0.0020610479,0.0026250371,0.0029703900,0.0034506053,0.0038468034,0.0042082880,0.0045964912,0.0048684754,0.0053921685
2007-10-25,0.0007140230,0.0013457329,0.0021193219,0.0025294594,0.0028417440,0.0032775246,0.0036534486,0.0041416191,0.0045828070,0.0048263566,0.0050455113
2007-10-24,0.0013057322,0.0013428571,0.0018802859,0.0025095371,0.0028308881,0.0032783517,0.0036717098,0.0041592362,0.0045686667,0.0047018088,0.0052717724
2007-10-23,0.0012580175,0.0013500000,0.0019222648,0.0023896037,0.0027492153,0.0032470980,0.0036422861,0.0040936575,0.0046310000,0.0045543018,0.0055081172
2007-10-22,0.0015000000,0.0013119103,0.0019487252,0.0024872363,0.0028843750,0.0034339200,0.0038343694,0.0043392088,0.0046744633,0.0046668984,0.0067788967
2007-10-19,0.0015066667,0.0012713400,0.0017908705,0.0023905090,0.0028304938,0.0034406288,0.0038428539,0.0042840890,0.0045535449,0.0047160414,0.0053492267
2007-10-18,0.0014200000,0.0013223527,0.0021828941,0.0021286250,0.0026495343,0.0033856629,0.0037271405,0.0041863690,0.0044373958,0.0048487668,0.0051469023
2007-10-17,0.0011570887,0.0011354530,0.0017671594,0.0021033494,0.0024369610,0.0028986082,0.0032792564,0.0036404484,0.0038975735,0.0038240300,0.0048824333
2007-10-16,0.0005915000,0.0011237966,0.0016653268,0.0020448060,0.0023078816,0.0026741068,0.0030161417,0.0033733890,0.0039155000,0.0035495141,0.0043688770
2007-10-15,0.0011000000,0.0009632941,0.0011363729,0.0018635052,0.0021081037,0.0024482575,0.0028010961,0.0031964949,0.0032500000,0.0032290133,0.0051760767
2007-10-12,0.0010666667,0.0009625184,0.0015550688,0.0018667514,0.0021070660,0.0024415947,0.0028377874,0.0031225755,0.0032000000,0.0032503503,0.0033626816
2007-10-11,0.0011000000,0.0010314085,0.0015128237,0.0018481681,0.0021037076,0.0024582897,0.0027792999,0.0034107560,0.0041750000,0.0047248333,0.0033626816
2007-10-10,0.0011575000,0.0010045714,0.0015512789,0.0019414066,0.0022228786,0.0026128758,0.0029894947,0.0034530050,0.0046635000,0.0049125225,0.0041682905
2007-10-09,0.0007585000,0.0011193887,0.0016134865,0.0020654075,0.0024116617,0.0028908848,0.0032327706,0.0037190600,0.0041630000,0.0039347838,0.0040672193
2007-10-08,0.0008176667,0.0012677236,0.0016569995,0.0024322873,0.0028638483,0.0034616959,0.0038587678,0.0042740711,0.0043921053,0.0046357899,0.0049999705
2007-10-05,0.0008477500,0.0012927170,0.0016498328,0.0022887141,0.0027789645,0.0034640027,0.0038951606,0.0043484059,0.0044668653,0.0047461438,0.0050912965
2007-10-04,0.0009090000,0.0013168194,0.0015905455,0.0022992497,0.0027743425,0.0034366696,0.0038302190,0.0043209343,0.0044418653,0.0050861222,0.0050712965
2007-10-03,0.0007136667,0.0014482857,0.0014666896,0.0020463547,0.0025778094,0.0033336842,0.0037416497,0.0042380491,0.0043416667,0.0065344900,0.0070429777
2007-10-02,0.0006606035,0.0013404635,0.0013804743,0.0020449372,0.0025338241,0.0032231220,0.0037393287,0.0042433942,0.0043303102,0.0055360362,0.0067400500
2007-10-01,0.0008607544,0.0011707507,0.0013218116,0.0020530468,0.0024696449,0.0030498182,0.0033301429,0.0037883333,0.0042165000,0.0060809800,0.0063984560
2007-09-28,0.0008176133,0.0010791507,0.0015150986,0.0019304556,0.0023415891,0.0029158510,0.0033095786,0.0036826274,0.0038006400,0.0043000000,0.0043422500
2007-09-27,0.0007634737,0.0010574977,0.0015304000,0.0020448734,0.0023581047,0.0027916664,0.0031874600,0.0035717857,0.0044757719,0.0052971733,0.0059099067
2007-09-26,0.0006500000,0.0010328571,0.0015336305,0.0018855194,0.0021785932,0.0025841938,0.0030581818,0.0036192247,0.0038143860,0.0038333333,0.0040072000
2007-09-25,0.0005037500,0.0008869829,0.0012051615,0.0018905505,0.0021922149,0.0026096469,0.0030171709,0.0033171111,0.0038143860,0.0049766967,0.0041136842
2007-09-24,0.0005178000,0.0007689780,0.0013182589,0.0016807632,0.0019903535,0.0024196787,0.0029006767,0.0031937576,0.0037316667,0.0046774505,0.0047556549
2007-09-21,0.0005364683,0.0008744531,0.0013222319,0.0017953356,0.0020812771,0.0024769542,0.0029637290,0.0033544411,0.0036669333,0.0049172025,0.0047513567
2007-09-20,0.0010500000,0.0012078947,0.0017177182,0.0020673576,0.0025580803,0.0032495000,0.0035905010,0.0038853057,0.0040198933,0.0043500000,0.0044500000
2007-09-19,0.0006269730,0.0012936370,0.0016769631,0.0023160661,0.0027356075,0.0033171140,0.0037537600,0.0041876823,0.0042698933,0.0061403997,0.0075556667
2007-09-18,0.0006966667,0.0013257612,0.0021182569,0.0024782168,0.0029480440,0.0036002479,0.0040310569,0.0044182469,0.0047833333,0.0065425547,0.0078165375
2007-09-17,0.0007800000,0.0014120000,0.0021483333,0.0025698182,0.0030601824,0.0037410714,0.0041038775,0.0045765417,0.0050833333,0.0067667333,0.0078172919
2007-09-14,0.0007800000,0.0014174279,0.0021922824,0.0026616731,0.0031169613,0.0037472433,0.0041388692,0.0046415473,0.0050833333,0.0069086000,0.0076897200
2007-09-13,0.0007800000,0.0014174279,0.0021922824,0.0026616731,0.0031169613,0.0037472433,0.0041388692,0.0046415473,0.0050833333,0.0069086000,0.0076897200
2007-09-12,0.0007800000,0.0014174279,0.0021922824,0.0026616731,0.0031169613,0.0037472433,0.0041388692,0.0046415473,0.0050833333,0.0069086000,0.0076897200
2007-09-11,0.0007800000,0.0014174279,0.0021922824,0.0026616731,0.0031169613,0.0037472433,0.0041388692,0.0046415473,0.0050833333,0.0069086000,0.0076897200
2007-09-10,0.0007800000,0.0014174279,0.0021922824,0.0026616731,0.0031169613,0.0037472433,0.0041388692,0.0046415473,0.0050833333,0.0069086000,0.0076897200
2007-09-07,0.0007800000,0.0014174279,0.0021922824,0.0026616731,0.0031169613,0.0037472433,0.0041388692,0.0046415473,0.0050833333,0.0069086000,0.0076897200
2007-09-06,0.0007800000,0.0014174279,0.0021922824,0.0026616731,0.0031169613,0.0037472433,0.0041388692,0.0046415473,0.0050833333,0.0069086000,0.0076897200
2007-09-05,0.0007800000,0.0014174279,0.0021922824,0.0026616731,0.0031169613,0.0037472433,0.0041388692,0.0046415473,0.0050833333,0.0069086000,0.0076897200
2007-09-04,0.0007800000,0.0014174279,0.0021922824,0.0026616731,0.0031169613,0.0037472433,0.0041388692,0.0046415473,0.0050833333,0.0069086000,0.0076897200
2007-09-03,0.0007800000,0.0014174279,0.0021922824,0.0026616731,0.0031169613,0.0037472433,0.0041388692,0.0046415473,0.0050833333,0.0069086000,0.0076897200
2007-08-31,0.0007800000,0.0014174279,0.0021922824,0.0026616731,0.0031169613,0.0037472433,0.0041388692,0.0046415473,0.0050833333,0.0069086000,0.0076897200
2007-08-30,0.0007800000,0.0014174279,0.0021922824,0.0026616731,0.0031169613,0.0037472433,0.0041388692,0.0046415473,0.0050833333,0.0069086000,0.0076897200
2007-08-29,0.0007800000,0.0014174279,0.0021922824,0.0026616731,0.0031169613,0.0037472433,0.0041388692,0.0046415473,0.0050833333,0.0069086000,0.0076897200
2007-08-28,0.0007800000,0.0014174279,0.0021922824,0.0026616731,0.0031169613,0.0037472433,0.0041388692,0.0046415473,0.0050833333,0.0069086000,0.0076897200
2007-08-27,0.0007800000,0.0014174279,0.0021922824,0.0026616731,0.0031169613,0.0037472433,0.0041388692,0.0046415473,0.0050833333,0.0069086000,0.0076897200
2007-08-24,0.0007800000,0.0014174279,0.0021922824,0.0026616731,0.0031169613,0.0037472433,0.0041388692,0.0046415473,0.0050833333,0.0069086000,0.0076897200
2007-08-23,0.0007800000,0.0014174279,0.0021922824,0.0026616731,0.0031169613,0.0037472433,0.0041388692,0.0046415473,0.0050833333,0.0069086000,0.0076897200
2007-08-22,0.0007800000,0.0014174279,0.0021922824,0.0026616731,0.0031169613,0.0037472433,0.0041388692,0.0046415473,0.0050833333,0.0069086000,0.0076897200
2007-08-21,0.0007800000,0.0014174279,0.0021922824,0.0026616731,0.0031169613,0.0037472433,0.0041388692,0.0046415473,0.0050833333,0.0069086000,0.0076897200
2007-08-20,0.0007800000,0.0014174279,0.0021922824,0.0026616731,0.0031169613,0.0037472433,0.0041388692,0.0046415473,0.0050833333,0.0069086000,0.0076897200
2007-08-17,0.0007800000,0.0014174279,0.0021922824,0.0026616731,0.0031169613,0.0037472433,0.0041388692,0.0046415473,0.0050833333,0.0069086000,0.0076897200
2007-08-16,0.0007800000,0.0014174279,0.0021922824,0.0026616731,0.0031169613,0.0037472433,0.0041388692,0.0046415473,0.0050833333,0.0069086000,0.0076897200
2007-08-15,0.0007800000,0.0014174279,0.0021922824,0.0026616731,0.0031169613,0.0037472433,0.0041388692,0.0046415473,0.0050833333,0.0069086000,0.0076897200
2007-08-14,0.0007800000,0.0014174279,0.0021922824,0.0026616731,0.0031169613,0.0037472433,0.0041388692,0.0046415473,0.0050833333,0.0069086000,0.0076897200
2007-08-13,0.0007800000,0.0014174279,0.0021922824,0.0026616731,0.0031169613,0.0037472433,0.0041388692,0.0046415473,0.0050833333,0.0069086000,0.0076897200
2007-08-10,0.0007800000,0.0014174279,0.0021922824,0.0026616731,0.0031169613,0.0037472433,0.0041388692,0.0046415473,0.0050833333,0.0069086000,0.0076897200
2007-08-09,0.0007800000,0.0014174279,0.0021922824,0.0026616731,0.0031169613,0.0037472433,0.0041388692,0.0046415473,0.0050833333,0.0069086000,0.0076897200
2007-08-08,0.0007800000,0.0014174279,0.0021922824,0.0026616731,0.0031169613,0.0037472433,0.0041388692,0.0046415473,0.0050833333,0.0069086000,0.0076897200
2007-08-07,0.0007800000,0.0014174279,0.0021922824,0.0026616731,0.0031169613,0.0037472433,0.0041388692,0.0046415473,0.0050833333,0.0069086000,0.0076897200
2007-08-06,0.0007800000,0.0014174279,0.0021922824,0.0026616731,0.0031169613,0.0037472433,0.0041388692,0.0046415473,0.0050833333,0.0069086000,0.0076897200
2007-08-03,0.0007800000,0.0014174279,0.0021922824,0.0026616731,0.0031169613,0.0037472433,0.0041388692,0.0046415473,0.0050833333,0.0069086000,0.0076897200
2007-08-02,0.0007800000,0.0014174279,0.0021922824,0.0026616731,0.0031169613,0.0037472433,0.0041388692,0.0046415473,0.0050833333,0.0069086000,0.0076897200
2007-08-01,0.0007800000,0.0014174279,0.0021922824,0.0026616731,0.0031169613,0.0037472433,0.0041388692,0.0046415473,0.0050833333,0.0069086000,0.0076897200
2007-07-31,0.0007800000,0.0014174279,0.0021922824,0.0026616731,0.0031169613,0.0037472433,0.0041388692,0.0046415473,0.0050833333,0.0069086000,0.0076897200
2007-07-30,0.0007800000,0.0014174279,0.0021922824,0.0026616731,0.0031169613,0.0037472433,0.0041388692,0.0046415473,0.0050833333,0.0069086000,0.0076897200
2007-07-27,0.0007800000,0.0014174279,0.0021922824,0.0026616731,0.0031169613,0.0037472433,0.0041388692,0.0046415473,0.0050833333,0.0069086000,0.0076897200
2007-07-26,0.0007800000,0.0014174279,0.0021922824,0.0026616731,0.0031169613,0.0037472433,0.0041388692,0.0046415473,0.0050833333,0.0069086000,0.0076897200
2007-07-25,0.0007800000,0.0014174279,0.0021922824,0.0026616731,0.0031169613,0.0037472433,0.0041388692,0.0046415473,0.0050833333,0.0069086000,0.0076897200
2007-07-24,0.0007800000,0.0014174279,0.0021922824,0.0026616731,0.0031169613,0.0037472433,0.0041388692,0.0046415473,0.0050833333,0.0069086000,0.0076897200
2007-07-23,0.0007800000,0.0014174279,0.0021922824,0.0026616731,0.0031169613,0.0037472433,0.0041388692,0.0046415473,0.0050833333,0.0069086000,0.0076897200
2007-07-20,0.0007800000,0.0014174279,0.0021922824,0.0026616731,0.0031169613,0.0037472433,0.0041388692,0.0046415473,0.0050833333,0.0069086000,0.0076897200
2007-07-19,0.0007800000,0.0014174279,0.0021922824,0.0026616731,0.0031169613,0.0037472433,0.0041388692,0.0046415473,0.0050833333,0.0069086000,0.0076897200
2007-07-18,0.0007800000,0.0014174279,0.0021922824,0.0026616731,0.0031169613,0.0037472433,0.0041388692,0.0046415473,0.0050833333,0.0069086000,0.0076897200
2007-07-17,0.0007800000,0.0014174279,0.0021922824,0.0026616731,0.0031169613,0.0037472433,0.0041388692,0.0046415473,0.0050833333,0.0069086000,0.0076897200
2007-07-16,0.0007800000,0.0014174279,0.0021922824,0.0026616731,0.0031169613,0.0037472433,0.0041388692,0.0046415473,0.0050833333,0.0069086000,0.0076897200
2007-07-13,0.0007800000,0.0014174279,0.0021922824,0.0026616731,0.0031169613,0.0037472433,0.0041388692,0.0046415473,0.0050833333,0.0069086000,0.0076897200
2007-07-12,0.0007800000,0.0014174279,0.0021922824,0.0026616731,0.0031169613,0.0037472433,0.0041388692,0.0046415473,0.0050833333,0.0069086000,0.0076897200
2007-07-11,0.0007800000,0.0014174279,0.0021922824,0.0026616731,0.0031169613,0.0037472433,0.0041388692,0.0046415473,0.0050833333,0.0069086000,0.0076897200
2007-07-10,0.0007800000,0.0014174279,0.0021922824,0.0026616731,0.0031169613,0.0037472433,0.0041388692,0.0046415473,0.0050833333,0.0069086000,0.0076897200
2007-07-09,0.0007800000,0.0014174279,0.0021922824,0.0026616731,0.0031169613,0.0037472433,0.0041388692,0.0046415473,0.0050833333,0.0069086000,0.0076897200
2007-07-06,0.0007800000,0.0014174279,0.0021922824,0.0026616731,0.0031169613,0.0037472433,0.0041388692,0.0046415473,0.0050833333,0.0069086000,0.0076897200
2007-07-05,0.0007800000,0.0014174279,0.0021922824,0.0026616731,0.0031169613,0.0037472433,0.0041388692,0.0046415473,0.0050833333,0.0069086000,0.0076897200
2007-07-04,0.0007800000,0.0014174279,0.0021922824,0.0026616731,0.0031169613,0.0037472433,0.0041388692,0.0046415473,0.0050833333,0.0069086000,0.0076897200
2007-07-03,0.0007800000,0.0014174279,0.0021922824,0.0026616731,0.0031169613,0.0037472433,0.0041388692,0.0046415473,0.0050833333,0.0069086000,0.0076897200
2007-07-02,0.0007800000,0.0014174279,0.0021922824,0.0026616731,0.0031169613,0.0037472433,0.0041388692,0.0046415473,0.0050833333,0.0069086000,0.0076897200
2007-06-29,0.0007800000,0.0014174279,0.0021922824,0.0026616731,0.0031169613,0.0037472433,0.0041388692,0.0046415473,0.0050833333,0.0069086000,0.0076897200
2007-06-28,0.0007800000,0.0014174279,0.0021922824,0.0026616731,0.0031169613,0.0037472433,0.0041388692,0.0046415473,0.0050833333,0.0069086000,0.0076897200
2007-06-27,0.0007800000,0.0014174279,0.0021922824,0.0026616731,0.0031169613,0.0037472433,0.0041388692,0.0046415473,0.0050833333,0.0069086000,0.0076897200
2007-06-26,0.0007800000,0.0014174279,0.0021922824,0.0026616731,0.0031169613,0.0037472433,0.0041388692,0.0046415473,0.0050833333,0.0069086000,0.0076897200
2007-06-25,0.0007800000,0.0014174279,0.0021922824,0.0026616731,0.0031169613,0.0037472433,0.0041388692,0.0046415473,0.0050833333,0.0069086000,0.0076897200
2007-06-22,0.0007800000,0.0014174279,0.0021922824,0.0026616731,0.0031169613,0.0037472433,0.0041388692,0.0046415473,0.0050833333,0.0069086000,0.0076897200
2007-06-21,0.0007800000,0.0014174279,0.0021922824,0.0026616731,0.0031169613,0.0037472433,0.0041388692,0.0046415473,0.0050833333,0.0069086000,0.0076897200
2007-06-20,0.0007800000,0.0014174279,0.0021922824,0.0026616731,0.0031169613,0.0037472433,0.0041388692,0.0046415473,0.0050833333,0.0069086000,0.0076897200
2007-06-19,0.0007800000,0.0014174279,0.0021922824,0.0026616731,0.0031169613,0.0037472433,0.0041388692,0.0046415473,0.0050833333,0.0069086000,0.0076897200
2007-06-18,0.0007800000,0.0014174279,0.0021922824,0.0026616731,0.0031169613,0.0037472433,0.0041388692,0.0046415473,0.0050833333,0.0069086000,0.0076897200
2007-06-15,0.0007800000,0.0014174279,0.0021922824,0.0026616731,0.0031169613,0.0037472433,0.0041388692,0.0046415473,0.0050833333,0.0069086000,0.0076897200
2007-06-14,0.0007800000,0.0014174279,0.0021922824,0.0026616731,0.0031169613,0.0037472433,0.0041388692,0.0046415473,0.0050833333,0.0069086000,0.0076897200
2007-06-13,0.0007800000,0.0014174279,0.0021922824,0.0026616731,0.0031169613,0.0037472433,0.0041388692,0.0046415473,0.0050833333,0.0069086000,0.0076897200
2007-06-12,0.0007800000,0.0014174279,0.0021922824,0.0026616731,0.0031169613,0.0037472433,0.0041388692,0.0046415473,0.0050833333,0.0069086000,0.0076897200
2007-06-11,0.0007800000,0.0014174279,0.0021922824,0.0026616731,0.0031169613,0.0037472433,0.0041388692,0.0046415473,0.0050833333,0.0069086000,0.0076897200
2007-06-08,0.0007800000,0.0014174279,0.0021922824,0.0026616731,0.0031169613,0.0037472433,0.0041388692,0.0046415473,0.0050833333,0.0069086000,0.0076897200
2007-06-07,0.0007800000,0.0014174279,0.0021922824,0.0026616731,0.0031169613,0.0037472433,0.0041388692,0.0046415473,0.0050833333,0.0069086000,0.0076897200
2007-06-06,0.0007800000,0.0014174279,0.0021922824,0.0026616731,0.0031169613,0.0037472433,0.0041388692,0.0046415473,0.0050833333,0.0069086000,0.0076897200
2007-06-05,0.0007800000,0.0014174279,0.0021922824,0.0026616731,0.0031169613,0.0037472433,0.0041388692,0.0046415473,0.0050833333,0.0069086000,0.0076897200
2007-06-04,0.0007800000,0.0014174279,0.0021922824,0.0026616731,0.0031169613,0.0037472433,0.0041388692,0.0046415473,0.0050833333,0.0069086000,0.0076897200
2007-06-01,0.0007800000,0.0014174279,0.0021922824,0.0026616731,0.0031169613,0.0037472433,0.0041388692,0.0046415473,0.0050833333,0.0069086000,0.0076897200
2007-05-31,0.0007800000,0.0014174279,0.0021922824,0.0026616731,0.0031169613,0.0037472433,0.0041388692,0.0046415473,0.0050833333,0.0069086000,0.0076897200
2007-05-30,0.0007800000,0.0014174279,0.0021922824,0.0026616731,0.0031169613,0.0037472433,0.0041388692,0.0046415473,0.0050833333,0.0069086000,0.0076897200
2007-05-29,0.0007800000,0.0014174279,0.0021922824,0.0026616731,0.0031169613,0.0037472433,0.0041388692,0.0046415473,0.0050833333,0.0069086000,0.0076897200
2007-05-28,0.0007800000,0.0014174279,0.0021922824,0.0026616731,0.0031169613,0.0037472433,0.0041388692,0.0046415473,0.0050833333,0.0069086000,0.0076897200
2007-05-25,0.0007800000,0.0014174279,0.0021922824,0.0026616731,0.0031169613,0.0037472433,0.0041388692,0.0046415473,0.0050833333,0.0069086000,0.0076897200
2007-05-24,0.0007800000,0.0014174279,0.0021922824,0.0026616731,0.0031169613,0.0037472433,0.0041388692,0.0046415473,0.0050833333,0.0069086000,0.0076897200
2007-05-23,0.0007800000,0.0014174279,0.0021922824,0.0026616731,0.0031169613,0.0037472433,0.0041388692,0.0046415473,0.0050833333,0.0069086000,0.0076897200
2007-05-22,0.0007800000,0.0014174279,0.0021922824,0.0026616731,0.0031169613,0.0037472433,0.0041388692,0.0046415473,0.0050833333,0.0069086000,0.0076897200
2007-05-21,0.0007800000,0.0014174279,0.0021922824,0.0026616731,0.0031169613,0.0037472433,0.0041388692,0.0046415473,0.0050833333,0.0069086000,0.0076897200
2007-05-18,0.0007800000,0.0014174279,0.0021922824,0.0026616731,0.0031169613,0.0037472433,0.0041388692,0.0046415473,0.0050833333,0.0069086000,0.0076897200
2007-05-17,0.0007800000,0.0014174279,0.0021922824,0.0026616731,0.0031169613,0.0037472433,0.0041388692,0.0046415473,0.0050833333,0.0069086000,0.0076897200
2007-05-16,0.0007800000,0.0014174279,0.0021922824,0.0026616731,0.0031169613,0.0037472433,0.0041388692,0.0046415473,0.0050833333,0.0069086000,0.0076897200
2007-05-15,0.0007800000,0.0014174279,0.0021922824,0.0026616731,0.0031169613,0.0037472433,0.0041388692,0.0046415473,0.0050833333,0.0069086000,0.0076897200
2007-05-14,0.0007800000,0.0014174279,0.0021922824,0.0026616731,0.0031169613,0.0037472433,0.0041388692,0.0046415473,0.0050833333,0.0069086000,0.0076897200
2007-05-11,0.0007800000,0.0014174279,0.0021922824,0.0026616731,0.0031169613,0.0037472433,0.0041388692,0.0046415473,0.0050833333,0.0069086000,0.0076897200
2007-05-10,0.0007800000,0.0014174279,0.0021922824,0.0026616731,0.0031169613,0.0037472433,0.0041388692,0.0046415473,0.0050833333,0.0069086000,0.0076897200
2007-05-09,0.0007800000,0.0014174279,0.0021922824,0.0026616731,0.0031169613,0.0037472433,0.0041388692,0.0046415473,0.0050833333,0.0069086000,0.0076897200
2007-05-08,0.0007800000,0.0014174279,0.0021922824,0.0026616731,0.0031169613,0.0037472433,0.0041388692,0.0046415473,0.0050833333,0.0069086000,0.0076897200
2007-05-07,0.0007800000,0.0014174279,0.0021922824,0.0026616731,0.0031169613,0.0037472433,0.0041388692,0.0046415473,0.0050833333,0.0069086000,0.0076897200
2007-05-04,0.0007800000,0.0014174279,0.0021922824,0.0026616731,0.0031169613,0.0037472433,0.0041388692,0.0046415473,0.0050833333,0.0069086000,0.0076897200
2007-05-03,0.0007800000,0.0014174279,0.0021922824,0.0026616731,0.0031169613,0.0037472433,0.0041388692,0.0046415473,0.0050833333,0.0069086000,0.0076897200
2007-05-02,0.0007800000,0.0014174279,0.0021922824,0.0026616731,0.0031169613,0.0037472433,0.0041388692,0.0046415473,0.0050833333,0.0069086000,0.0076897200
2007-05-01,0.0007800000,0.0014174279,0.0021922824,0.0026616731,0.0031169613,0.0037472433,0.0041388692,0.0046415473,0.0050833333,0.0069086000,0.0076897200
2007-04-30,0.0007800000,0.0014174279,0.0021922824,0.0026616731,0.0031169613,0.0037472433,0.0041388692,0.0046415473,0.0050833333,0.0069086000,0.0076897200
2007-04-27,0.0007800000,0.0014174279,0.0021922824,0.0026616731,0.0031169613,0.0037472433,0.0041388692,0.0046415473,0.0050833333,0.0069086000,0.0076897200
2007-04-26,0.0007800000,0.0014174279,0.0021922824,0.0026616731,0.0031169613,0.0037472433,0.0041388692,0.0046415473,0.0050833333,0.0069086000,0.0076897200
2007-04-25,0.0007800000,0.0014174279,0.0021922824,0.0026616731,0.0031169613,0.0037472433,0.0041388692,0.0046415473,0.0050833333,0.0069086000,0.0076897200
2007-04-24,0.0007800000,0.0014174279,0.0021922824,0.0026616731,0.0031169613,0.0037472433,0.0041388692,0.0046415473,0.0050833333,0.0069086000,0.0076897200
2007-04-23,0.0007800000,0.0014174279,0.0021922824,0.0026616731,0.0031169613,0.0037472433,0.0041388692,0.0046415473,0.0050833333,0.0069086000,0.0076897200
2007-04-20,0.0007800000,0.0014174279,0.0021922824,0.0026616731,0.0031169613,0.0037472433,0.0041388692,0.0046415473,0.0050833333,0.0069086000,0.0076897200
2007-04-19,0.0007800000,0.0014174279,0.0021922824,0.0026616731,0.0031169613,0.0037472433,0.0041388692,0.0046415473,0.0050833333,0.0069086000,0.0076897200
2007-04-18,0.0007800000,0.0014174279,0.0021922824,0.0026616731,0.0031169613,0.0037472433,0.0041388692,0.0046415473,0.0050833333,0.0069086000,0.0076897200
2007-04-17,0.0007800000,0.0014174279,0.0021922824,0.0026616731,0.0031169613,0.0037472433,0.0041388692,0.0046415473,0.0050833333,0.0069086000,0.0076897200
2007-04-16,0.0007800000,0.0014174279,0.0021922824,0.0026616731,0.0031169613,0.0037472433,0.0041388692,0.0046415473,0.0050833333,0.0069086000,0.0076897200
2007-04-13,0.0007800000,0.0014174279,0.0021922824,0.0026616731,0.0031169613,0.0037472433,0.0041388692,0.0046415473,0.0050833333,0.0069086000,0.0076897200
2007-04-12,0.0007800000,0.0014174279,0.0021922824,0.0026616731,0.0031169613,0.0037472433,0.0041388692,0.0046415473,0.0050833333,0.0069086000,0.0076897200
2007-04-11,0.0007800000,0.0014174279,0.0021922824,0.0026616731,0.0031169613,0.0037472433,0.0041388692,0.0046415473,0.0050833333,0.0069086000,0.0076897200
2007-04-10,0.0007800000,0.0014174279,0.0021922824,0.0026616731,0.0031169613,0.0037472433,0.0041388692,0.0046415473,0.0050833333,0.0069086000,0.0076897200
2007-04-09,0.0007800000,0.0014174279,0.0021922824,0.0026616731,0.0031169613,0.0037472433,0.0041388692,0.0046415473,0.0050833333,0.0069086000,0.0076897200
2007-04-06,0.0007800000,0.0014174279,0.0021922824,0.0026616731,0.0031169613,0.0037472433,0.0041388692,0.0046415473,0.0050833333,0.0069086000,0.0076897200
2007-04-05,0.0007800000,0.0014174279,0.0021922824,0.0026616731,0.0031169613,0.0037472433,0.0041388692,0.0046415473,0.0050833333,0.0069086000,0.0076897200
2007-04-04,0.0007800000,0.0014174279,0.0021922824,0.0026616731,0.0031169613,0.0037472433,0.0041388692,0.0046415473,0.0050833333,0.0069086000,0.0076897200
2007-04-03,0.0007800000,0.0014174279,0.0021922824,0.0026616731,0.0031169613,0.0037472433,0.0041388692,0.0046415473,0.0050833333,0.0069086000,0.0076897200
2007-04-02,0.0007800000,0.0014174279,0.0021922824,0.0026616731,0.0031169613,0.0037472433,0.0041388692,0.0046415473,0.0050833333,0.0069086000,0.0076897200
2007-03-30,0.0007800000,0.0014174279,0.0021922824,0.0026616731,0.0031169613,0.0037472433,0.0041388692,0.0046415473,0.0050833333,0.0069086000,0.0076897200
2007-03-29,0.0007800000,0.0014174279,0.0021922824,0.0026616731,0.0031169613,0.0037472433,0.0041388692,0.0046415473,0.0050833333,0.0069086000,0.0076897200
2007-03-28,0.0007800000,0.0014174279,0.0021922824,0.0026616731,0.0031169613,0.0037472433,0.0041388692,0.0046415473,0.0050833333,0.0069086000,0.0076897200
2007-03-27,0.0007800000,0.0014174279,0.0021922824,0.0026616731,0.0031169613,0.0037472433,0.0041388692,0.0046415473,0.0050833333,0.0069086000,0.0076897200
2007-03-26,0.0007800000,0.0014174279,0.0021922824,0.0026616731,0.0031169613,0.0037472433,0.0041388692,0.0046415473,0.0050833333,0.0069086000,0.0076897200
2007-03-23,0.0007800000,0.0014174279,0.0021922824,0.0026616731,0.0031169613,0.0037472433,0.0041388692,0.0046415473,0.0050833333,0.0069086000,0.0076897200
2007-03-22,0.0007800000,0.0014174279,0.0021922824,0.0026616731,0.0031169613,0.0037472433,0.0041388692,0.0046415473,0.0050833333,0.0069086000,0.0076897200
2007-03-21,0.0007800000,0.0014174279,0.0021922824,0.0026616731,0.0031169613,0.0037472433,0.0041388692,0.0046415473,0.0050833333,0.0069086000,0.0076897200
2007-03-20,0.0007800000,0.0014174279,0.0021922824,0.0026616731,0.0031169613,0.0037472433,0.0041388692,0.0046415473,0.0050833333,0.0069086000,0.0076897200
2007-03-19,0.0007800000,0.0014174279,0.0021922824,0.0026616731,0.0031169613,0.0037472433,0.0041388692,0.0046415473,0.0050833333,0.0069086000,0.0076897200
2007-03-16,0.0007800000,0.0014174279,0.0021922824,0.0026616731,0.0031169613,0.0037472433,0.0041388692,0.0046415473,0.0050833333,0.0069086000,0.0076897200
2007-03-15,0.0007800000,0.0014174279,0.0021922824,0.0026616731,0.0031169613,0.0037472433,0.0041388692,0.0046415473,0.0050833333,0.0069086000,0.0076897200
2007-03-14,0.0007800000,0.0014174279,0.0021922824,0.0026616731,0.0031169613,0.0037472433,0.0041388692,0.0046415473,0.0050833333,0.0069086000,0.0076897200
2007-03-13,0.0007800000,0.0014174279,0.0021922824,0.0026616731,0.0031169613,0.0037472433,0.0041388692,0.0046415473,0.0050833333,0.0069086000,0.0076897200
2007-03-12,0.0007800000,0.0014174279,0.0021922824,0.0026616731,0.0031169613,0.0037472433,0.0041388692,0.0046415473,0.0050833333,0.0069086000,0.0076897200
2007-03-09,0.0007800000,0.0014174279,0.0021922824,0.0026616731,0.0031169613,0.0037472433,0.0041388692,0.0046415473,0.0050833333,0.0069086000,0.0076897200
2007-03-08,0.0007800000,0.0014174279,0.0021922824,0.0026616731,0.0031169613,0.0037472433,0.0041388692,0.0046415473,0.0050833333,0.0069086000,0.0076897200
2007-03-07,0.0007800000,0.0014174279,0.0021922824,0.0026616731,0.0031169613,0.0037472433,0.0041388692,0.0046415473,0.0050833333,0.0069086000,0.0076897200
2007-03-06,0.0007800000,0.0014174279,0.0021922824,0.0026616731,0.0031169613,0.0037472433,0.0041388692,0.0046415473,0.0050833333,0.0069086000,0.0076897200
2007-03-05,0.0007800000,0.0014174279,0.0021922824,0.0026616731,0.0031169613,0.0037472433,0.0041388692,0.0046415473,0.0050833333,0.0069086000,0.0076897200
2007-03-02,0.0007800000,0.0014174279,0.0021922824,0.0026616731,0.0031169613,0.0037472433,0.0041388692,0.0046415473,0.0050833333,0.0069086000,0.0076897200
2007-03-01,0.0007800000,0.0014174279,0.0021922824,0.0026616731,0.0031169613,0.0037472433,0.0041388692,0.0046415473,0.0050833333,0.0069086000,0.0076897200
2007-02-28,0.0007800000,0.0014174279,0.0021922824,0.0026616731,0.0031169613,0.0037472433,0.0041388692,0.0046415473,0.0050833333,0.0069086000,0.0076897200
2007-02-27,0.0007800000,0.0014174279,0.0021922824,0.0026616731,0.0031169613,0.0037472433,0.0041388692,0.0046415473,0.0050833333,0.0069086000,0.0076897200
2007-02-26,0.0007800000,0.0014174279,0.0021922824,0.0026616731,0.0031169613,0.0037472433,0.0041388692,0.0046415473,0.0050833333,0.0069086000,0.0076897200
2007-02-23,0.0007800000,0.0014174279,0.0021922824,0.0026616731,0.0031169613,0.0037472433,0.0041388692,0.0046415473,0.0050833333,0.0069086000,0.0076897200
2007-02-22,0.0007800000,0.0014174279,0.0021922824,0.0026616731,0.0031169613,0.0037472433,0.0041388692,0.0046415473,0.0050833333,0.0069086000,0.0076897200
2007-02-21,0.0007800000,0.0014174279,0.0021922824,0.0026616731,0.0031169613,0.0037472433,0.0041388692,0.0046415473,0.0050833333,0.0069086000,0.0076897200
2007-02-20,0.0007800000,0.0014174279,0.0021922824,0.0026616731,0.0031169613,0.0037472433,0.0041388692,0.0046415473,0.0050833333,0.0069086000,0.0076897200
2007-02-19,0.0007800000,0.0014174279,0.0021922824,0.0026616731,0.0031169613,0.0037472433,0.0041388692,0.0046415473,0.0050833333,0.0069086000,0.0076897200
2007-02-16,0.0007800000,0.0014174279,0.0021922824,0.0026616731,0.0031169613,0.0037472433,0.0041388692,0.0046415473,0.0050833333,0.0069086000,0.0076897200
2007-02-15,0.0007800000,0.0014174279,0.0021922824,0.0026616731,0.0031169613,0.0037472433,0.0041388692,0.0046415473,0.0050833333,0.0069086000,0.0076897200
2007-02-14,0.0007800000,0.0014174279,0.0021922824,0.0026616731,0.0031169613,0.0037472433,0.0041388692,0.0046415473,0.0050833333,0.0069086000,0.0076897200
2007-02-13,0.0007800000,0.0014174279,0.0021922824,0.0026616731,0.0031169613,0.0037472433,0.0041388692,0.0046415473,0.0050833333,0.0069086000,0.0076897200
2007-02-12,0.0007800000,0.0014174279,0.0021922824,0.0026616731,0.0031169613,0.0037472433,0.0041388692,0.0046415473,0.0050833333,0.0069086000,0.0076897200
2007-02-09,0.0007800000,0.0014174279,0.0021922824,0.0026616731,0.0031169613,0.0037472433,0.0041388692,0.0046415473,0.0050833333,0.0069086000,0.0076897200
2007-02-08,0.0007800000,0.0014174279,0.0021922824,0.0026616731,0.0031169613,0.0037472433,0.0041388692,0.0046415473,0.0050833333,0.0069086000,0.0076897200
2007-02-07,0.0007800000,0.0014174279,0.0021922824,0.0026616731,0.0031169613,0.0037472433,0.0041388692,0.0046415473,0.0050833333,0.0069086000,0.0076897200
2007-02-06,0.0007800000,0.0014174279,0.0021922824,0.0026616731,0.0031169613,0.0037472433,0.0041388692,0.0046415473,0.0050833333,0.0069086000,0.0076897200
2007-02-05,0.0007800000,0.0014174279,0.0021922824,0.0026616731,0.0031169613,0.0037472433,0.0041388692,0.0046415473,0.0050833333,0.0069086000,0.0076897200
2007-02-02,0.0007800000,0.0014174279,0.0021922824,0.0026616731,0.0031169613,0.0037472433,0.0041388692,0.0046415473,0.0050833333,0.0069086000,0.0076897200
2007-02-01,0.0007800000,0.0014174279,0.0021922824,0.0026616731,0.0031169613,0.0037472433,0.0041388692,0.0046415473,0.0050833333,0.0069086000,0.0076897200
2007-01-31,0.0007800000,0.0014174279,0.0021922824,0.0026616731,0.0031169613,0.0037472433,0.0041388692,0.0046415473,0.0050833333,0.0069086000,0.0076897200
2007-01-30,0.0007800000,0.0014174279,0.0021922824,0.0026616731,0.0031169613,0.0037472433,0.0041388692,0.0046415473,0.0050833333,0.0069086000,0.0076897200
2007-01-29,0.0007800000,0.0014174279,0.0021922824,0.0026616731,0.0031169613,0.0037472433,0.0041388692,0.0046415473,0.0050833333,0.0069086000,0.0076897200
2007-01-26,0.0007800000,0.0014174279,0.0021922824,0.0026616731,0.0031169613,0.0037472433,0.0041388692,0.0046415473,0.0050833333,0.0069086000,0.0076897200
2007-01-25,0.0007800000,0.0014174279,0.0021922824,0.0026616731,0.0031169613,0.0037472433,0.0041388692,0.0046415473,0.0050833333,0.0069086000,0.0076897200
2007-01-24,0.0007800000,0.0014174279,0.0021922824,0.0026616731,0.0031169613,0.0037472433,0.0041388692,0.0046415473,0.0050833333,0.0069086000,0.0076897200
2007-01-23,0.0007800000,0.0014174279,0.0021922824,0.0026616731,0.0031169613,0.0037472433,0.0041388692,0.0046415473,0.0050833333,0.0069086000,0.0076897200
2007-01-22,0.0007800000,0.0014174279,0.0021922824,0.0026616731,0.0031169613,0.0037472433,0.0041388692,0.0046415473,0.0050833333,0.0069086000,0.0076897200
2007-01-19,0.0007800000,0.0014174279,0.0021922824,0.0026616731,0.0031169613,0.0037472433,0.0041388692,0.0046415473,0.0050833333,0.0069086000,0.0076897200
2007-01-18,0.0007800000,0.0014174279,0.0021922824,0.0026616731,0.0031169613,0.0037472433,0.0041388692,0.0046415473,0.0050833333,0.0069086000,0.0076897200
2007-01-17,0.0007800000,0.0014174279,0.0021922824,0.0026616731,0.0031169613,0.0037472433,0.0041388692,0.0046415473,0.0050833333,0.0069086000,0.0076897200
2007-01-16,0.0007800000,0.0014174279,0.0021922824,0.0026616731,0.0031169613,0.0037472433,0.0041388692,0.0046415473,0.0050833333,0.0069086000,0.0076897200
2007-01-15,0.0007800000,0.0014174279,0.0021922824,0.0026616731,0.0031169613,0.0037472433,0.0041388692,0.0046415473,0.0050833333,0.0069086000,0.0076897200
2007-01-12,0.0007800000,0.0014174279,0.0021922824,0.0026616731,0.0031169613,0.0037472433,0.0041388692,0.0046415473,0.0050833333,0.0069086000,0.0076897200
2007-01-11,0.0007800000,0.0014174279,0.0021922824,0.0026616731,0.0031169613,0.0037472433,0.0041388692,0.0046415473,0.0050833333,0.0069086000,0.0076897200
2007-01-10,0.0007800000,0.0014174279,0.0021922824,0.0026616731,0.0031169613,0.0037472433,0.0041388692,0.0046415473,0.0050833333,0.0069086000,0.0076897200
2007-01-09,0.0007800000,0.0014174279,0.0021922824,0.0026616731,0.0031169613,0.0037472433,0.0041388692,0.0046415473,0.0050833333,0.0069086000,0.0076897200
2007-01-08,0.0007800000,0.0014174279,0.0021922824,0.0026616731,0.0031169613,0.0037472433,0.0041388692,0.0046415473,0.0050833333,0.0069086000,0.0076897200
2007-01-05,0.0007800000,0.0014174279,0.0021922824,0.0026616731,0.0031169613,0.0037472433,0.0041388692,0.0046415473,0.0050833333,0.0069086000,0.0076897200
2007-01-04,0.0007800000,0.0014174279,0.0021922824,0.0026616731,0.0031169613,0.0037472433,0.0041388692,0.0046415473,0.0050833333,0.0069086000,0.0076897200
2007-01-03,0.0007800000,0.0014174279,0.0021922824,0.0026616731,0.0031169613,0.0037472433,0.0041388692,0.0046415473,0.0050833333,0.0069086000,0.0076897200
2007-01-02,0.0007800000,0.0014174279,0.0021922824,0.0026616731,0.0031169613,0.0037472433,0.0041388692,0.0046415473,0.0050833333,0.0069086000,0.0076897200
2007-01-01,0.0007800000,0.0014174279,0.0021922824,0.0026616731,0.0031169613,0.0037472433,0.0041388692,0.0046415473,0.0050833333,0.0069086000,0.0076897200
