Date,CR_CDS_SPREAD.0H99B7.EUR.SNRFOR.6M,CR_CDS_SPREAD.0H99B7.EUR.SNRFOR.1Y,CR_CDS_SPREAD.0H99B7.EUR.SNRFOR.2Y,CR_CDS_SPREAD.0H99B7.EUR.SNRFOR.3Y,CR_CDS_SPREAD.0H99B7.EUR.SNRFOR.4Y,CR_CDS_SPREAD.0H99B7.EUR.SNRFOR.5Y,CR_CDS_SPREAD.0H99B7.EUR.SNRFOR.7Y,CR_CDS_SPREAD.0H99B7.EUR.SNRFOR.10Y,CR_CDS_SPREAD.0H99B7.EUR.SNRFOR.15Y,CR_CDS_SPREAD.0H99B7.EUR.SNRFOR.20Y,CR_CDS_SPREAD.0H99B7.EUR.SNRFOR.30Y
2024-09-25,0.0016364400,0.0019946200,0.0026321000,0.0034530800,0.0047309600,0.0061293600,0.0085357700,0.0108061600,0.0119616200,0.0123148900,0.0124832700
2024-09-24,0.0016303500,0.0019880000,0.0026317500,0.0034493100,0.0047551400,0.0061364400,0.0085090200,0.0107929100,0.0119431100,0.0122948100,0.0124630000
2024-09-23,0.0016788400,0.0020443000,0.0027144000,0.0035356500,0.0048655000,0.0062696600,0.0086851500,0.0109320100,0.0121034200,0.0124576300,0.0126258600
2024-09-20,0.0017463600,0.0021267100,0.0027618300,0.0035906800,0.0049185400,0.0063298700,0.0086720800,0.0107818700,0.0119258600,0.0122730100,0.0124379100
2024-09-19,0.0013751700,0.0017419500,0.0022445200,0.0029042900,0.0040347600,0.0053281300,0.0076554900,0.0099227500,0.0110930900,0.0114320600,0.0115831900
2024-09-18,0.0013980100,0.0017706300,0.0022794900,0.0029682500,0.0041364100,0.0054577400,0.0078227700,0.0100071600,0.0111443700,0.0114852600,0.0116442200
2024-09-17,0.0013818500,0.0017702900,0.0023013200,0.0029992000,0.0041731700,0.0054824100,0.0078549800,0.0100583900,0.0112200700,0.0115624300,0.0117214300
2024-09-16,0.0013950600,0.0018400300,0.0024094900,0.0030862800,0.0042655000,0.0056223000,0.0079414100,0.0101897600,0.0113602300,0.0117020700,0.0118596300
2024-09-13,0.0013787000,0.0018234400,0.0023896800,0.0031140600,0.0043037000,0.0056312500,0.0080461500,0.0102710400,0.0114608400,0.0118041000,0.0119610700
2024-09-12,0.0014410700,0.0018935000,0.0025079100,0.0032354000,0.0044475000,0.0058242100,0.0080732200,0.0102269800,0.0114204600,0.0117493800,0.0119010000
2024-09-11,0.0015338200,0.0019979700,0.0026797900,0.0033843100,0.0045781400,0.0059778400,0.0081974700,0.0103696300,0.0115546300,0.0118876700,0.0120394400
2024-09-10,0.0014953300,0.0019281600,0.0025523900,0.0032324800,0.0043881700,0.0057254400,0.0079662100,0.0101506600,0.0113508100,0.0116989400,0.0118417900
2024-09-09,0.0012537600,0.0016497600,0.0021753800,0.0027878800,0.0038131400,0.0050232900,0.0072692000,0.0094062800,0.0105806200,0.0109237500,0.0110647400
2024-09-06,0.0012615900,0.0016582000,0.0021850000,0.0027904300,0.0038264700,0.0049983500,0.0072636900,0.0093823600,0.0105545400,0.0108960000,0.0110372100
2024-09-05,0.0012487400,0.0016403600,0.0021557500,0.0027720900,0.0038110700,0.0049708000,0.0072526100,0.0094004100,0.0105685700,0.0109093200,0.0110539600
2024-09-04,0.0012479400,0.0016356600,0.0021465700,0.0027502400,0.0037618600,0.0049297300,0.0072015100,0.0093354900,0.0105125300,0.0108418800,0.0109958100
2024-09-03,0.0012174200,0.0015961100,0.0020944200,0.0026973700,0.0037152300,0.0048453400,0.0071062100,0.0092994800,0.0104936100,0.0108267900,0.0109780000
2024-09-02,0.0011886400,0.0015656300,0.0020507600,0.0025912200,0.0035654900,0.0046815300,0.0068934700,0.0090671100,0.0102461000,0.0105817100,0.0107161300
2024-08-30,0.0011597900,0.0015318600,0.0020323800,0.0026327500,0.0036455400,0.0047190600,0.0069867400,0.0091964600,0.0104049000,0.0107348300,0.0108744700
2024-08-29,0.0011745600,0.0015502100,0.0020352700,0.0026111100,0.0035956200,0.0047151600,0.0069867400,0.0091135100,0.0103039000,0.0106286700,0.0107749100
2024-08-28,0.0011600300,0.0015317300,0.0020228700,0.0026141200,0.0035894500,0.0047229300,0.0069799000,0.0091231500,0.0102875300,0.0106134400,0.0107640200
2024-08-27,0.0011626200,0.0015359500,0.0020124800,0.0026438200,0.0036578900,0.0047925000,0.0070871100,0.0092071800,0.0103796900,0.0107092200,0.0108562100
2024-08-26,0.0011956900,0.0015778700,0.0020887400,0.0027190900,0.0037331900,0.0048503300,0.0071445200,0.0092676400,0.0104555600,0.0107963400,0.0109311500
2024-08-23,0.0012031400,0.0015886900,0.0020934400,0.0027031900,0.0037046300,0.0048435100,0.0071237800,0.0092420200,0.0104280200,0.0107671100,0.0109018800
2024-08-22,0.0012205100,0.0016108700,0.0021302000,0.0027323300,0.0037639300,0.0049048100,0.0071791500,0.0093042700,0.0105023900,0.0108399300,0.0109772300
2024-08-21,0.0012120400,0.0016014400,0.0021290500,0.0027501000,0.0037874500,0.0049480700,0.0072098800,0.0093491300,0.0105404600,0.0108678100,0.0110187200
2024-08-20,0.0012658600,0.0016663400,0.0022023100,0.0028270600,0.0038594300,0.0050403200,0.0072649000,0.0094337000,0.0106227200,0.0109508300,0.0111026100
2024-08-19,0.0012456300,0.0016483300,0.0021562000,0.0027979200,0.0038462700,0.0050202800,0.0073107800,0.0094625500,0.0106142700,0.0109438700,0.0110919800
2024-08-16,0.0012329100,0.0016388300,0.0021528500,0.0028167300,0.0038842400,0.0050939900,0.0073702600,0.0095153100,0.0106632300,0.0109930600,0.0111522400
2024-08-15,0.0012958400,0.0017315700,0.0022397800,0.0029193000,0.0040323100,0.0052909400,0.0075750100,0.0097144400,0.0108488800,0.0111790800,0.0113369700
2024-08-14,0.0013840000,0.0018362300,0.0023836000,0.0030962100,0.0042548800,0.0055561800,0.0078354900,0.0100006000,0.0111546400,0.0114860300,0.0116342800
2024-08-13,0.0014445100,0.0018992000,0.0024301600,0.0031636500,0.0043148900,0.0056858400,0.0079799400,0.0100419100,0.0111771300,0.0115051000,0.0116550500
2024-08-12,0.0014220100,0.0018831400,0.0024749000,0.0032058100,0.0043942400,0.0057357000,0.0080130900,0.0101833800,0.0113155200,0.0116460600,0.0118071300
2024-08-09,0.0014696200,0.0019295800,0.0025344000,0.0032771300,0.0045018000,0.0058487400,0.0081342600,0.0103060700,0.0114584300,0.0117921100,0.0119537800
2024-08-08,0.0014635000,0.0019265600,0.0025494300,0.0032925500,0.0045375600,0.0058989500,0.0081861400,0.0103641400,0.0115280100,0.0118691700,0.0120339300
2024-08-07,0.0014321000,0.0019099900,0.0025285400,0.0032958900,0.0045473700,0.0059106700,0.0081941200,0.0103661100,0.0115256400,0.0118917400,0.0120767800
2024-08-06,0.0015194500,0.0019961400,0.0026764800,0.0034735400,0.0047785600,0.0062017900,0.0084746900,0.0106247900,0.0117734400,0.0121077300,0.0122646800
2024-08-05,0.0016862000,0.0021729300,0.0029393800,0.0037500300,0.0050937400,0.0065506100,0.0088304200,0.0110006400,0.0121666400,0.0125161300,0.0126670600
2024-08-02,0.0015800000,0.0020357700,0.0027156800,0.0034944300,0.0047533000,0.0061382500,0.0084282900,0.0105913200,0.0117563900,0.0120988800,0.0122441300
2024-08-01,0.0013864700,0.0018133400,0.0023988600,0.0031138600,0.0042610100,0.0055231100,0.0077961900,0.0099371400,0.0111327500,0.0114626400,0.0116139500
2024-07-31,0.0013033600,0.0017174400,0.0022839000,0.0029837500,0.0040918500,0.0053120100,0.0075840300,0.0096924600,0.0108699300,0.0111981500,0.0113499800
2024-07-30,0.0013501200,0.0017676400,0.0023323500,0.0030075900,0.0040982400,0.0053288800,0.0075671800,0.0096442800,0.0108008000,0.0111265200,0.0112769500
2024-07-29,0.0013306700,0.0017453000,0.0023039100,0.0029706400,0.0040518300,0.0052909600,0.0075265700,0.0096047200,0.0107768800,0.0111037800,0.0112536200
2024-07-26,0.0013240600,0.0017316100,0.0022914200,0.0029759100,0.0040681700,0.0052944400,0.0075613300,0.0096299100,0.0108106000,0.0111376100,0.0112831600
2024-07-25,0.0013748100,0.0017874000,0.0023414700,0.0029922400,0.0040606600,0.0052770000,0.0075235100,0.0096223100,0.0108017400,0.0111295000,0.0112640900
2024-07-24,0.0012707100,0.0016603300,0.0021679900,0.0027835200,0.0038082000,0.0049623000,0.0071947900,0.0092639300,0.0104469900,0.0107739300,0.0109048300
2024-07-23,0.0012081600,0.0015810900,0.0020661600,0.0026846700,0.0036750200,0.0048033900,0.0070394200,0.0091047800,0.0102822500,0.0106166400,0.0107480100
2024-07-22,0.0011852400,0.0015606300,0.0020720300,0.0026984300,0.0037030800,0.0048359800,0.0070556000,0.0091629800,0.0103463300,0.0106711400,0.0108057300
2024-07-19,0.0012243600,0.0016057900,0.0021361600,0.0027689600,0.0037921600,0.0049387000,0.0071783900,0.0093002500,0.0104911100,0.0108207500,0.0109676300
2024-07-18,0.0011966500,0.0015736200,0.0020826600,0.0027187000,0.0037279800,0.0048662900,0.0071214300,0.0092280700,0.0104055600,0.0107360700,0.0108827400
2024-07-17,0.0012418800,0.0016285800,0.0021183800,0.0027344500,0.0037246000,0.0048990000,0.0071476200,0.0092615100,0.0104262200,0.0107675400,0.0109088200
2024-07-16,0.0011994400,0.0015713600,0.0020589200,0.0026912800,0.0036902500,0.0048437500,0.0070959300,0.0091882300,0.0103420200,0.0106729100,0.0108223500
2024-07-15,0.0011962100,0.0015681400,0.0020649300,0.0026913400,0.0036731200,0.0047994200,0.0070579800,0.0091352000,0.0102884400,0.0106284300,0.0107644400
2024-07-12,0.0012057500,0.0015879800,0.0020544300,0.0027040000,0.0037194900,0.0048632600,0.0071196300,0.0092097400,0.0103738500,0.0107131500,0.0108477100
2024-07-11,0.0012167800,0.0016079800,0.0021093700,0.0027453300,0.0037572100,0.0049074100,0.0071443200,0.0092503500,0.0104131000,0.0107495600,0.0108866800
2024-07-10,0.0012363000,0.0016315000,0.0021958600,0.0028567000,0.0039090100,0.0050551900,0.0072838900,0.0093928900,0.0105668300,0.0108959100,0.0110462500
2024-07-09,0.0012849400,0.0016833900,0.0022483800,0.0029281800,0.0040039700,0.0051763200,0.0074212100,0.0095323100,0.0107133000,0.0110470300,0.0111955300
2024-07-08,0.0012737300,0.0016834300,0.0022264800,0.0029083900,0.0039850800,0.0051566200,0.0074150900,0.0094849900,0.0106448600,0.0109862300,0.0111249700
2024-07-05,0.0013207200,0.0017317500,0.0022990300,0.0030002700,0.0041005700,0.0053019600,0.0075644500,0.0096415900,0.0108077600,0.0111467400,0.0112844000
2024-07-04,0.0013113000,0.0017243400,0.0023029800,0.0030212300,0.0041262800,0.0053420000,0.0075881700,0.0096605900,0.0108342100,0.0111606700,0.0112969800
2024-07-03,0.0013592900,0.0017798100,0.0023821600,0.0031438400,0.0042624300,0.0055108100,0.0077530200,0.0098283800,0.0109992200,0.0113296100,0.0114764300
2024-07-02,0.0013926600,0.0018323100,0.0024512400,0.0032305500,0.0043619400,0.0056132600,0.0078554200,0.0099378600,0.0111164100,0.0114582100,0.0115918700
2024-07-01,0.0013830900,0.0018336200,0.0024613100,0.0032147000,0.0043297700,0.0056020000,0.0078083800,0.0099065400,0.0110710700,0.0114107700,0.0115437900
2024-06-28,0.0014802000,0.0019398500,0.0025934000,0.0033841400,0.0045642500,0.0058550400,0.0080988000,0.0101785200,0.0113431300,0.0116858400,0.0118225200
2024-06-27,0.0015010100,0.0019589900,0.0026030500,0.0033814300,0.0045368100,0.0058280300,0.0080426500,0.0101345000,0.0113000700,0.0116427400,0.0117813000
2024-06-26,0.0014408200,0.0019022100,0.0025378000,0.0033290100,0.0044840600,0.0057428100,0.0079836800,0.0100500200,0.0112115800,0.0115522300,0.0116940100
2024-06-25,0.0014302300,0.0018880600,0.0025057600,0.0032709800,0.0043978700,0.0056697800,0.0078803100,0.0099654800,0.0111272200,0.0114553900,0.0116070600
2024-06-24,0.0014250800,0.0018886400,0.0024865700,0.0032995200,0.0044278800,0.0056916100,0.0079004500,0.0099848900,0.0111682400,0.0114977500,0.0116479600
2024-06-21,0.0014681500,0.0019382000,0.0025445900,0.0033596800,0.0045078300,0.0057844600,0.0080022300,0.0100953400,0.0112798600,0.0116123500,0.0117666400
2024-06-20,0.0014032900,0.0018558900,0.0024719300,0.0032708600,0.0044136900,0.0056670800,0.0078939200,0.0099862200,0.0111761700,0.0115079300,0.0116583300
2024-06-19,0.0013967000,0.0018494300,0.0024817900,0.0032615400,0.0044032800,0.0056641900,0.0078796200,0.0099960100,0.0111837700,0.0115179700,0.0116594500
2024-06-18,0.0013917600,0.0018507600,0.0024577500,0.0032627800,0.0043800400,0.0056449900,0.0078504800,0.0099240900,0.0111012500,0.0114436300,0.0115832300
2024-06-17,0.0014837500,0.0019376600,0.0025696200,0.0034015200,0.0045683100,0.0058618900,0.0080801800,0.0101681700,0.0113401300,0.0116818300,0.0118253100
2024-06-14,0.0014981200,0.0019332200,0.0025610500,0.0033552300,0.0044753900,0.0057761400,0.0079830600,0.0100954000,0.0112521800,0.0115847700,0.0117437300
2024-06-13,0.0013246600,0.0017295300,0.0023106800,0.0030512200,0.0041005400,0.0052799000,0.0075041200,0.0096063000,0.0107811600,0.0111128300,0.0112675900
2024-06-12,0.0012810600,0.0016878600,0.0022488300,0.0029546600,0.0039670700,0.0051344200,0.0073403800,0.0094518400,0.0106194800,0.0109479000,0.0110987500
2024-06-11,0.0013249600,0.0017287000,0.0022853000,0.0030179100,0.0040341800,0.0052203700,0.0074398100,0.0095301100,0.0106998000,0.0110302600,0.0111791900
2024-06-10,0.0012656600,0.0016535200,0.0021952700,0.0028870600,0.0038560200,0.0050094100,0.0072035300,0.0092811500,0.0104463700,0.0107717500,0.0109022300
2024-06-07,0.0012210800,0.0016036100,0.0021469000,0.0027597700,0.0037466500,0.0048762200,0.0070606600,0.0091592700,0.0103471800,0.0106780700,0.0108116500
2024-06-06,0.0011877300,0.0015696900,0.0020781600,0.0027440500,0.0036763400,0.0047836700,0.0069593900,0.0090321100,0.0102134600,0.0105502200,0.0106807900
2024-06-05,0.0011946400,0.0015775200,0.0020948600,0.0027329200,0.0036833800,0.0047883600,0.0069569000,0.0090373400,0.0102068400,0.0105349400,0.0106687500
2024-06-04,0.0011560100,0.0015197800,0.0020712000,0.0026509900,0.0036411400,0.0047325400,0.0069558300,0.0090658200,0.0102153200,0.0105561500,0.0106926100
2024-06-03,0.0011038400,0.0014631300,0.0019882100,0.0026125400,0.0035849100,0.0046561500,0.0069298500,0.0090270600,0.0101798200,0.0105177600,0.0106530700
2024-05-31,0.0011439200,0.0015142500,0.0020274100,0.0026784900,0.0036331700,0.0047214800,0.0069600600,0.0090345800,0.0101990300,0.0105251700,0.0106589300
2024-05-30,0.0011590700,0.0015329600,0.0020574900,0.0026993700,0.0036816100,0.0047576700,0.0070301000,0.0091438700,0.0103137800,0.0106442900,0.0107827800
2024-05-29,0.0011404200,0.0015089300,0.0020498100,0.0026536400,0.0036217400,0.0046924000,0.0069298600,0.0090282900,0.0101985600,0.0105256300,0.0106667700
2024-05-28,0.0011482800,0.0015129400,0.0020389700,0.0026337700,0.0035524400,0.0046071600,0.0068056100,0.0089128800,0.0101106400,0.0104352100,0.0105633600
2024-05-27,0.0011761800,0.0015317300,0.0020608700,0.0026944500,0.0036057700,0.0046692700,0.0068844600,0.0089786600,0.0101657100,0.0104932300,0.0106261500
2024-05-24,0.0011840800,0.0015438800,0.0020727900,0.0026911300,0.0036158700,0.0046807500,0.0068926700,0.0090165300,0.0102199900,0.0105496100,0.0106849300
2024-05-23,0.0011786600,0.0015430100,0.0020601700,0.0026518800,0.0035194100,0.0046075300,0.0067652500,0.0088948100,0.0100822600,0.0104093000,0.0105537400
2024-05-22,0.0011527900,0.0015099700,0.0020354500,0.0026334900,0.0035419800,0.0045806500,0.0067796100,0.0088750800,0.0100484900,0.0103749800,0.0105193200
2024-05-21,0.0011134600,0.0014591700,0.0019690400,0.0026119100,0.0035555800,0.0045635600,0.0068143100,0.0088742500,0.0100407600,0.0103698300,0.0105134000
2024-05-20,0.0011081300,0.0014547600,0.0019575400,0.0025972600,0.0035467800,0.0045782100,0.0068224300,0.0088594100,0.0100120000,0.0103470100,0.0104770500
2024-05-17,0.0011371200,0.0014904700,0.0019818500,0.0026490300,0.0035949400,0.0046380600,0.0068822500,0.0089199100,0.0100879500,0.0104156700,0.0105468200
2024-05-16,0.0011078000,0.0014666700,0.0019815000,0.0025931500,0.0035718000,0.0046344200,0.0068756200,0.0089291100,0.0100875200,0.0104247900,0.0105575700
2024-05-15,0.0011322100,0.0014942400,0.0020220700,0.0026484100,0.0036105700,0.0046943700,0.0069183900,0.0089805800,0.0101470000,0.0104756000,0.0106103100
2024-05-14,0.0011793800,0.0015479900,0.0020769400,0.0027100100,0.0036688800,0.0047728100,0.0069897900,0.0090880300,0.0102460900,0.0105850800,0.0107178100
2024-05-13,0.0011675600,0.0015240300,0.0020809600,0.0027127200,0.0036850300,0.0047445400,0.0069990900,0.0091063700,0.0102893500,0.0106280400,0.0107626500
2024-05-10,0.0011651000,0.0015369600,0.0020642600,0.0027037100,0.0036974000,0.0047576400,0.0070065200,0.0090551300,0.0102256400,0.0105509500,0.0106938100
2024-05-09,0.0011545900,0.0015110400,0.0020805400,0.0027055200,0.0037685800,0.0048306400,0.0071069400,0.0091637500,0.0103392600,0.0106672900,0.0108032600
2024-05-08,0.0011813900,0.0015495900,0.0020811100,0.0027293300,0.0037470000,0.0048193100,0.0070595300,0.0090985900,0.0102692100,0.0105969600,0.0107404100
2024-05-07,0.0011492900,0.0015234600,0.0020629800,0.0027101500,0.0037271500,0.0048051100,0.0070560800,0.0090925100,0.0102485900,0.0105856800,0.0107232300
2024-05-06,0.0011881100,0.0015702500,0.0020976800,0.0028007500,0.0038424400,0.0049344700,0.0071837100,0.0091981000,0.0103747500,0.0107013700,0.0108472200
2024-05-03,0.0012002800,0.0015873900,0.0021256500,0.0028117400,0.0038365200,0.0049388600,0.0071750600,0.0092123900,0.0103855700,0.0107139300,0.0108589400
2024-05-02,0.0012159500,0.0016008000,0.0021556500,0.0028519600,0.0039379000,0.0050611600,0.0073184600,0.0093509900,0.0105150200,0.0108528000,0.0109898200
2024-05-01,0.0012730100,0.0016649100,0.0022293800,0.0029408100,0.0040218400,0.0051746200,0.0074335300,0.0094646400,0.0106507300,0.0109813600,0.0111293700
2024-04-30,0.0012225700,0.0016061500,0.0021774600,0.0028360600,0.0038804000,0.0050251900,0.0072616400,0.0092749200,0.0104564600,0.0107845700,0.0109273300
2024-04-29,0.0011807800,0.0015609000,0.0021020700,0.0027610300,0.0037880000,0.0049045000,0.0071246400,0.0091178100,0.0102829600,0.0106095700,0.0107423200
2024-04-26,0.0012263800,0.0016225000,0.0021623300,0.0028585400,0.0038659500,0.0049923000,0.0071972800,0.0092063800,0.0103669400,0.0107029900,0.0108359600
2024-04-25,0.0012677700,0.0016622000,0.0022210800,0.0029347500,0.0039958800,0.0051338000,0.0073743000,0.0094092700,0.0105953200,0.0109238900,0.0110565300
2024-04-24,0.0012008500,0.0015873500,0.0021406200,0.0028194500,0.0038588800,0.0049867600,0.0072032400,0.0092313800,0.0104055600,0.0107306800,0.0108617600
2024-04-23,0.0011992100,0.0015882400,0.0021455400,0.0028242700,0.0038792000,0.0050057400,0.0072321300,0.0092670600,0.0104321300,0.0107587500,0.0108956400
2024-04-22,0.0012526600,0.0016637000,0.0022342000,0.0029990600,0.0040805600,0.0052135300,0.0074565600,0.0094825200,0.0106700100,0.0109998000,0.0111387800
2024-04-19,0.0012879800,0.0016995300,0.0022753900,0.0030578700,0.0041690600,0.0053274200,0.0075729600,0.0095900700,0.0107736100,0.0111043700,0.0112525300
2024-04-18,0.0012963800,0.0017179200,0.0022902000,0.0030447700,0.0041247700,0.0053103600,0.0075164400,0.0095377800,0.0107051600,0.0110340400,0.0111725500
2024-04-17,0.0013130500,0.0017369200,0.0023210300,0.0030739200,0.0041653100,0.0053581200,0.0075670900,0.0095526400,0.0107253000,0.0110509200,0.0111885600
2024-04-16,0.0013550000,0.0017562100,0.0023576700,0.0030985700,0.0042156900,0.0053881300,0.0076427400,0.0096707100,0.0108528300,0.0111778400,0.0113189600
2024-04-15,0.0012312100,0.0016115700,0.0021818100,0.0028325000,0.0038685300,0.0049872500,0.0072006600,0.0092508600,0.0104212800,0.0107433200,0.0108823200
2024-04-12,0.0012277000,0.0016041100,0.0021239500,0.0028204000,0.0037969100,0.0049078400,0.0071130100,0.0091400400,0.0103074600,0.0106315400,0.0107712000
2024-04-11,0.0012019000,0.0015688800,0.0020781400,0.0027479300,0.0037052200,0.0047864400,0.0070042000,0.0090148700,0.0101833500,0.0105148300,0.0106434800
2024-04-10,0.0011255900,0.0014703600,0.0019689500,0.0025914500,0.0035569400,0.0046303700,0.0068837400,0.0088798300,0.0100437500,0.0103637300,0.0105019400
2024-04-09,0.0011050600,0.0014451900,0.0020059000,0.0025775700,0.0035537700,0.0046297300,0.0068818000,0.0089274000,0.0100911900,0.0104145700,0.0105495300
2024-04-08,0.0011317200,0.0014777900,0.0019946100,0.0026360300,0.0035989300,0.0046714800,0.0069383000,0.0089427900,0.0101058500,0.0104282600,0.0105696000
2024-04-05,0.0011635200,0.0015087800,0.0020122900,0.0026749900,0.0036367500,0.0047574600,0.0070152500,0.0090338000,0.0102030700,0.0105283600,0.0106689700
2024-04-04,0.0011306600,0.0014772700,0.0019988700,0.0026630300,0.0035867200,0.0046702200,0.0068792700,0.0089123000,0.0100879200,0.0104130800,0.0105418900
2024-04-03,0.0011700000,0.0015111900,0.0020840800,0.0027362600,0.0037165500,0.0048026000,0.0070573200,0.0090707200,0.0102391600,0.0105771200,0.0107067200
2024-04-02,0.0011866300,0.0015365300,0.0020991200,0.0027487400,0.0037265500,0.0048000600,0.0070351800,0.0090408300,0.0102136900,0.0105493100,0.0106743000
2024-04-01,0.0011366000,0.0014895300,0.0020522700,0.0027057500,0.0036400100,0.0046860300,0.0069061100,0.0089276700,0.0100963000,0.0104309600,0.0105581000
2024-03-29,0.0011431000,0.0014983900,0.0020605700,0.0027128200,0.0036454900,0.0046982900,0.0069063900,0.0089239100,0.0100918400,0.0104258900,0.0105536900
2024-03-28,0.0011668000,0.0015305800,0.0020991000,0.0027472800,0.0036519300,0.0047443400,0.0068880500,0.0088757600,0.0100364400,0.0103663600,0.0104949900
2024-03-27,0.0012026700,0.0015723700,0.0021803300,0.0027736200,0.0036865600,0.0048041600,0.0069139700,0.0088710300,0.0100191700,0.0103377900,0.0104753700
2024-03-26,0.0011668600,0.0015220100,0.0021579100,0.0027790800,0.0036900400,0.0047972400,0.0069833300,0.0089222800,0.0100557300,0.0103858000,0.0105147300
2024-03-25,0.0011826900,0.0015392600,0.0021000200,0.0028269900,0.0037770100,0.0048357500,0.0071160900,0.0091173800,0.0102716000,0.0106071200,0.0107398700
2024-03-22,0.0011705500,0.0015297000,0.0020780500,0.0027895300,0.0037681700,0.0048125800,0.0070844400,0.0090807000,0.0102607600,0.0105862100,0.0107178600
2024-03-21,0.0011236400,0.0014737300,0.0020294200,0.0027286500,0.0036901400,0.0047288700,0.0069954900,0.0090020000,0.0101626000,0.0104958400,0.0106289700
2024-03-20,0.0012227600,0.0015697700,0.0021313500,0.0028274900,0.0038429300,0.0049128700,0.0071774600,0.0091830000,0.0103030300,0.0106269000,0.0107757200
2024-03-19,0.0010892700,0.0014008700,0.0019174400,0.0025246800,0.0034529200,0.0044135000,0.0067351300,0.0087889100,0.0099379100,0.0102620500,0.0103961100
2024-03-18,0.0011160200,0.0014364300,0.0019270000,0.0025574100,0.0034729100,0.0044140100,0.0067286600,0.0087774800,0.0099372600,0.0102628700,0.0103993100
2024-03-15,0.0010967500,0.0014120500,0.0018920800,0.0025351000,0.0034493900,0.0043776500,0.0066942400,0.0087466600,0.0098948500,0.0102202400,0.0103647200
2024-03-14,0.0010445100,0.0013526600,0.0018710800,0.0024519000,0.0033816400,0.0043089300,0.0066409000,0.0087107500,0.0098669500,0.0101944700,0.0103271800
2024-03-13,0.0010502000,0.0013565400,0.0018460100,0.0024558300,0.0034029200,0.0043283300,0.0066797900,0.0087352000,0.0098761900,0.0102128300,0.0103488500
2024-03-12,0.0010225300,0.0013222200,0.0018318700,0.0024148200,0.0034016700,0.0043396800,0.0067259300,0.0087731600,0.0099255900,0.0102524600,0.0103931100
2024-03-11,0.0010629500,0.0013716900,0.0019005800,0.0025043500,0.0034598000,0.0044071500,0.0067272700,0.0087949300,0.0099353100,0.0102600700,0.0104084100
2024-03-08,0.0010506200,0.0013671500,0.0018709900,0.0024900600,0.0034446000,0.0044058600,0.0067615900,0.0087998100,0.0099528700,0.0102793100,0.0104278800
2024-03-07,0.0010271600,0.0013389800,0.0018134900,0.0024047200,0.0034175900,0.0043966700,0.0068243100,0.0088225300,0.0099711300,0.0103002300,0.0104474600
2024-03-06,0.0010726800,0.0013936700,0.0018897500,0.0025192400,0.0034753100,0.0044763600,0.0068074200,0.0088715100,0.0100110200,0.0103478100,0.0104839900
2024-03-05,0.0011630900,0.0015064700,0.0020236600,0.0026780500,0.0035738900,0.0045318700,0.0068099300,0.0089003700,0.0100612300,0.0103870700,0.0105235300
2024-03-04,0.0011772700,0.0015071300,0.0020293100,0.0026662400,0.0035691600,0.0045484200,0.0068241400,0.0088801100,0.0100384900,0.0103634700,0.0104972200
2024-03-01,0.0011964700,0.0015190800,0.0020777200,0.0027312100,0.0036236500,0.0046084000,0.0068731700,0.0089513500,0.0101124000,0.0104413200,0.0105769400
2024-02-29,0.0012265000,0.0015519100,0.0020696100,0.0027461500,0.0036506100,0.0046279400,0.0068901300,0.0089601500,0.0101033000,0.0104404600,0.0105778300
2024-02-28,0.0011965600,0.0015170200,0.0020476600,0.0027075900,0.0036062000,0.0045709200,0.0068351500,0.0088958500,0.0100469200,0.0103695400,0.0105039100
2024-02-27,0.0011990400,0.0015163000,0.0020487600,0.0027078600,0.0035969900,0.0045523500,0.0068555400,0.0089140400,0.0100587100,0.0103804000,0.0105212100
2024-02-26,0.0011856700,0.0015022000,0.0020040400,0.0026606500,0.0035487000,0.0044801500,0.0068275900,0.0088497000,0.0100052900,0.0103215400,0.0104432400
2024-02-23,0.0011772500,0.0014776100,0.0019877300,0.0026326000,0.0035126900,0.0044492900,0.0067873200,0.0088053500,0.0099581000,0.0102749100,0.0103998500
2024-02-22,0.0011913600,0.0014676600,0.0019894000,0.0026273800,0.0035366100,0.0044726000,0.0068240600,0.0088378900,0.0099780900,0.0102951600,0.0104181700
2024-02-21,0.0012526900,0.0015320900,0.0020434400,0.0027231800,0.0036708500,0.0046433700,0.0070175400,0.0089980300,0.0101248800,0.0104505400,0.0105730700
2024-02-20,0.0012688300,0.0015426800,0.0020680400,0.0027519700,0.0036429500,0.0046315200,0.0069777300,0.0090007900,0.0101177900,0.0104328900,0.0105586200
2024-02-19,0.0012240500,0.0015037500,0.0020245000,0.0026916900,0.0036026400,0.0045664700,0.0069160700,0.0089192400,0.0100359900,0.0103503600,0.0104754400
2024-02-16,0.0012046000,0.0014868900,0.0020388400,0.0027058700,0.0036293700,0.0046124800,0.0069965200,0.0089837100,0.0100762500,0.0103903300,0.0105163200
2024-02-15,0.0012494000,0.0015403800,0.0021271300,0.0028087000,0.0037713800,0.0047932000,0.0071855700,0.0091679000,0.0102778200,0.0105954800,0.0107239000
2024-02-14,0.0012866900,0.0015866900,0.0021989200,0.0028681300,0.0038875000,0.0049449200,0.0073618200,0.0093337700,0.0104287500,0.0107474100,0.0108707900
2024-02-13,0.0013163000,0.0016130100,0.0022162200,0.0028890100,0.0038926200,0.0049919500,0.0074251300,0.0093981100,0.0105023000,0.0108084700,0.0109293900
2024-02-12,0.0013123300,0.0016091000,0.0022193400,0.0029232200,0.0039618600,0.0050180700,0.0074125800,0.0094082500,0.0105261900,0.0108333000,0.0109528700
2024-02-09,0.0013302600,0.0016296600,0.0022166800,0.0029723200,0.0040310000,0.0050916000,0.0074628800,0.0094355300,0.0105502200,0.0108575600,0.0109753400
2024-02-08,0.0013382300,0.0016361600,0.0022660900,0.0029891200,0.0040406500,0.0051270800,0.0075284600,0.0095095000,0.0106141000,0.0109301800,0.0110468900
2024-02-07,0.0013365300,0.0016329600,0.0022847200,0.0029955700,0.0040590200,0.0051463300,0.0075329200,0.0095436700,0.0106691200,0.0109765200,0.0110955400
2024-02-06,0.0013279800,0.0016255100,0.0022506700,0.0029710500,0.0040218500,0.0051081200,0.0075084100,0.0095031400,0.0106537300,0.0109609200,0.0110776700
2024-02-05,0.0013243200,0.0016230600,0.0022593000,0.0029670400,0.0040204800,0.0051058100,0.0075086600,0.0095286600,0.0106865900,0.0109944300,0.0111103900
2024-02-02,0.0013401400,0.0016428800,0.0022661600,0.0030062700,0.0040836100,0.0051687400,0.0075542300,0.0095387700,0.0106828100,0.0109901000,0.0111089700
2024-02-01,0.0013742500,0.0016822900,0.0023471100,0.0030653000,0.0041522700,0.0052696200,0.0076979700,0.0096954100,0.0108520500,0.0111620800,0.0112836200
2024-01-31,0.0013887800,0.0017159300,0.0023407000,0.0031213800,0.0042194100,0.0053173600,0.0077750800,0.0097572400,0.0108980600,0.0112087500,0.0113337600
2024-01-30,0.0012958000,0.0016099900,0.0022612700,0.0029601100,0.0040153100,0.0050872500,0.0075830300,0.0096092500,0.0107386400,0.0110512800,0.0111875500
2024-01-29,0.0012900900,0.0016012300,0.0022756300,0.0029599200,0.0040313900,0.0051109300,0.0075712300,0.0095791800,0.0107134000,0.0110280900,0.0111637600
2024-01-26,0.0012916100,0.0016057200,0.0022414200,0.0029679700,0.0040157500,0.0050974500,0.0075487400,0.0095643900,0.0107281100,0.0110419200,0.0111618900
2024-01-25,0.0013387100,0.0016596400,0.0023193000,0.0030520700,0.0041198700,0.0052138000,0.0076766000,0.0096822100,0.0108329100,0.0111503200,0.0112732600
2024-01-24,0.0013112100,0.0016294700,0.0022315800,0.0030079900,0.0040552600,0.0051384600,0.0075994900,0.0095943100,0.0107299000,0.0110543000,0.0111774200
2024-01-23,0.0013447200,0.0016767100,0.0022983300,0.0030545200,0.0041212600,0.0052174500,0.0076746700,0.0096727700,0.0108188700,0.0111338100,0.0112633800
2024-01-22,0.0013023600,0.0016243100,0.0022287500,0.0029862700,0.0040259000,0.0051017400,0.0075493900,0.0095465100,0.0106880900,0.0110131900,0.0111379800
2024-01-19,0.0013144300,0.0016369800,0.0022813800,0.0030221900,0.0040821600,0.0051796700,0.0076412800,0.0096539900,0.0107909800,0.0111035300,0.0112294800
2024-01-18,0.0013195500,0.0016459900,0.0022724100,0.0030643400,0.0041458200,0.0052520200,0.0077095500,0.0097045800,0.0108217400,0.0111346400,0.0112722300
2024-01-17,0.0013831300,0.0017121800,0.0023501900,0.0031612900,0.0042588800,0.0053794800,0.0078579300,0.0098435500,0.0109595600,0.0112761500,0.0114163200
2024-01-16,0.0013416900,0.0016645400,0.0022906900,0.0030836500,0.0041659700,0.0052574300,0.0077148100,0.0097080100,0.0108248900,0.0111399900,0.0112667300
2024-01-15,0.0013325500,0.0016567600,0.0022419200,0.0030359200,0.0041032300,0.0051827000,0.0076256900,0.0096656100,0.0107706000,0.0110889800,0.0112188200
2024-01-12,0.0012955700,0.0016114900,0.0022401300,0.0029683200,0.0040278500,0.0051186800,0.0076313200,0.0097215600,0.0108234100,0.0111576400,0.0112921400
2024-01-11,0.0012728800,0.0015902300,0.0022095200,0.0029338300,0.0040063300,0.0050840400,0.0076165200,0.0096970400,0.0108104400,0.0111479700,0.0112867100
2024-01-10,0.0012928800,0.0016210100,0.0022200700,0.0029869500,0.0040646600,0.0051466000,0.0076735800,0.0097396400,0.0108385600,0.0111672700,0.0113177500
2024-01-09,0.0013619900,0.0017093200,0.0023084400,0.0031025300,0.0042079000,0.0053283000,0.0078557100,0.0099240200,0.0110216100,0.0113604800,0.0115048200
2024-01-08,0.0014228900,0.0017688400,0.0023861200,0.0032025500,0.0043488100,0.0054979500,0.0080321300,0.0101025200,0.0112004100,0.0115298800,0.0116877100
2024-01-05,0.0014544400,0.0018133100,0.0024785900,0.0032767000,0.0044352300,0.0056129200,0.0081671100,0.0102471000,0.0113635600,0.0116933600,0.0118472700
2024-01-04,0.0014544300,0.0018107300,0.0024741200,0.0032808400,0.0044379700,0.0056206500,0.0081617800,0.0102573200,0.0113843600,0.0117158800,0.0118702800
2024-01-03,0.0014937100,0.0018486900,0.0024817500,0.0033236700,0.0044857000,0.0056541500,0.0081880900,0.0102769900,0.0113929500,0.0117288300,0.0118859300
2024-01-02,0.0013844200,0.0017142600,0.0023178100,0.0031103800,0.0042188000,0.0053326900,0.0078708800,0.0099305600,0.0110274400,0.0113691800,0.0115136400
2024-01-01,0.0013112700,0.0016333000,0.0022017400,0.0030119200,0.0040891000,0.0051552200,0.0076363900,0.0096540300,0.0107548600,0.0110834000,0.0112338800
2023-12-29,0.0013181900,0.0016427200,0.0022279200,0.0030018400,0.0040814800,0.0051662100,0.0076801700,0.0097233600,0.0108311700,0.0111725400,0.0113121900
2023-12-28,0.0013159900,0.0016473200,0.0022636800,0.0030044000,0.0040928400,0.0051849500,0.0076852000,0.0097310000,0.0108319400,0.0111692200,0.0113090800
2023-12-27,0.0013535700,0.0016897600,0.0022822200,0.0030700200,0.0041677300,0.0052713400,0.0077857100,0.0098362200,0.0109438400,0.0112763000,0.0114227900
2023-12-26,0.0013670100,0.0016961200,0.0022749400,0.0030692200,0.0041702800,0.0052755200,0.0077637500,0.0098019000,0.0108982500,0.0112367300,0.0113809700
2023-12-25,0.0013545900,0.0016808200,0.0022916800,0.0030334000,0.0041265300,0.0052367100,0.0077436900,0.0097873100,0.0108820400,0.0112089100,0.0113639700
2023-12-22,0.0013481400,0.0016753400,0.0023002200,0.0030456000,0.0041515900,0.0052688800,0.0078188800,0.0098697000,0.0109736100,0.0113035600,0.0114606200
2023-12-21,0.0013616100,0.0016998500,0.0023365100,0.0030831900,0.0041859600,0.0053069700,0.0078542800,0.0099054200,0.0110108400,0.0113417300,0.0115010400
2023-12-20,0.0013439400,0.0016794700,0.0023022800,0.0030575800,0.0041626700,0.0052768200,0.0078387000,0.0098887700,0.0109916800,0.0113217900,0.0114822300
2023-12-19,0.0013880000,0.0017310800,0.0023337600,0.0031438900,0.0042611500,0.0053938300,0.0079201700,0.0099584700,0.0110576800,0.0113883300,0.0115489800
2023-12-18,0.0014099600,0.0017503000,0.0023666200,0.0031894300,0.0043266200,0.0054685900,0.0080273300,0.0100583800,0.0111586600,0.0114894000,0.0116472000
2023-12-15,0.0013747200,0.0017252000,0.0023466800,0.0031588800,0.0042930800,0.0054403300,0.0080280400,0.0100572500,0.0111553600,0.0114883900,0.0116490500
2023-12-14,0.0013542000,0.0017255100,0.0023421800,0.0031768100,0.0043221300,0.0054723200,0.0080088200,0.0100263000,0.0111102200,0.0114400000,0.0115961000
2023-12-13,0.0015441500,0.0019292000,0.0025947900,0.0035170400,0.0047673500,0.0060207300,0.0085727800,0.0106125700,0.0116708700,0.0120149200,0.0121713000
2023-12-12,0.0016225500,0.0020085100,0.0026577600,0.0036409200,0.0049052600,0.0061712600,0.0086732100,0.0107095000,0.0117707600,0.0121034400,0.0122646200
2023-12-11,0.0015803000,0.0019666500,0.0026919600,0.0035910300,0.0048511400,0.0061312900,0.0087048900,0.0107647200,0.0118210800,0.0121639900,0.0123159000
2023-12-08,0.0016090400,0.0019994700,0.0026738300,0.0036139900,0.0048902500,0.0061724600,0.0087573700,0.0108095200,0.0118822900,0.0122183500,0.0123784000
2023-12-07,0.0015910800,0.0019784900,0.0026845900,0.0035677500,0.0048342500,0.0061147000,0.0086674500,0.0107248400,0.0117896500,0.0121356700,0.0122867300
2023-12-06,0.0015725200,0.0019559100,0.0026763800,0.0035363400,0.0047883900,0.0060638500,0.0087098600,0.0108042000,0.0118778500,0.0122289600,0.0123900300
2023-12-05,0.0016008900,0.0019894300,0.0027008100,0.0035706600,0.0048237000,0.0061303400,0.0088016300,0.0108596900,0.0119383600,0.0122972300,0.0124913800
2023-12-04,0.0015814400,0.0019672800,0.0026736700,0.0035574600,0.0048071200,0.0060860300,0.0086856600,0.0107393500,0.0118078300,0.0121389900,0.0122937800
2023-12-01,0.0015720900,0.0019622400,0.0026396600,0.0035570600,0.0048174800,0.0060843200,0.0086489600,0.0106904800,0.0117560000,0.0120873400,0.0122383600
2023-11-30,0.0015748000,0.0019661500,0.0026870100,0.0035701700,0.0048491600,0.0061370000,0.0087350200,0.0107804400,0.0118446400,0.0121771100,0.0123327700
2023-11-29,0.0015596900,0.0019630300,0.0026501300,0.0035659100,0.0048589900,0.0061393600,0.0087010900,0.0107337300,0.0117853500,0.0121254000,0.0122738500
2023-11-28,0.0016370900,0.0020653800,0.0027939300,0.0037319300,0.0050702300,0.0063877800,0.0089803500,0.0110206800,0.0120863400,0.0124192100,0.0125773900
2023-11-27,0.0015595000,0.0020223300,0.0027728100,0.0036640900,0.0049958500,0.0063029300,0.0088930600,0.0109384100,0.0120086700,0.0123431300,0.0124899400
2023-11-24,0.0015311900,0.0019931200,0.0027148100,0.0036146200,0.0049501400,0.0062277400,0.0087690900,0.0108174800,0.0118777600,0.0122190300,0.0123651200
2023-11-23,0.0015317200,0.0020050400,0.0027247900,0.0036305400,0.0049657500,0.0062493000,0.0088000400,0.0108455900,0.0119150200,0.0122469500,0.0124009900
2023-11-22,0.0015361600,0.0020082500,0.0027371000,0.0036617100,0.0049845300,0.0062829800,0.0088399200,0.0108921200,0.0119495800,0.0122900300,0.0124377000
2023-11-21,0.0016013800,0.0020743700,0.0028391500,0.0037693400,0.0050922000,0.0064305500,0.0089819300,0.0110471100,0.0121154400,0.0124458300,0.0126037500
2023-11-20,0.0015888300,0.0020728200,0.0028077800,0.0037697000,0.0050969200,0.0064298800,0.0089877300,0.0110371800,0.0121063400,0.0124361200,0.0125936500
2023-11-17,0.0016066500,0.0020938600,0.0028389900,0.0038153700,0.0051657100,0.0065118300,0.0090675800,0.0111097000,0.0121849800,0.0125141200,0.0126691800
2023-11-16,0.0016459900,0.0021378300,0.0028907500,0.0038787300,0.0052434600,0.0066056100,0.0091517600,0.0111790500,0.0122757000,0.0126049900,0.0127575700
2023-11-15,0.0016164600,0.0021148200,0.0028648800,0.0038617400,0.0052077000,0.0065522000,0.0091077900,0.0111309700,0.0122184000,0.0125469300,0.0126958900
2023-11-14,0.0016116100,0.0021271500,0.0028928900,0.0039165900,0.0052833400,0.0066550000,0.0092069400,0.0112238800,0.0123078400,0.0126390900,0.0127820900
2023-11-13,0.0017405400,0.0022683900,0.0030719100,0.0041407300,0.0055656800,0.0070049400,0.0095582600,0.0115897200,0.0126731400,0.0130154600,0.0131597000
2023-11-10,0.0017957000,0.0023234200,0.0031426100,0.0042246400,0.0056774100,0.0071271700,0.0096848600,0.0117093000,0.0128040900,0.0131369800,0.0132874800
2023-11-09,0.0017553400,0.0022837500,0.0031119900,0.0041900500,0.0056385600,0.0070763700,0.0096303600,0.0116490300,0.0127408000,0.0130815200,0.0132235400
2023-11-08,0.0017867600,0.0023308600,0.0031872100,0.0042819600,0.0057677800,0.0072227800,0.0097824700,0.0118013000,0.0128920000,0.0132240500,0.0133808000
2023-11-07,0.0018636000,0.0024127100,0.0033187800,0.0044011400,0.0059302100,0.0074202400,0.0100068000,0.0120474900,0.0131462200,0.0134804000,0.0136290600
2023-11-06,0.0018428300,0.0023824900,0.0032856300,0.0043803400,0.0058850900,0.0073719900,0.0099551800,0.0119858000,0.0130867600,0.0134184000,0.0135717600
2023-11-03,0.0018374000,0.0023901200,0.0032534200,0.0043797900,0.0059073100,0.0073891400,0.0099408100,0.0119622100,0.0130590400,0.0133899000,0.0135441800
2023-11-02,0.0018607700,0.0024199700,0.0033059500,0.0044505200,0.0059771000,0.0074870800,0.0100286100,0.0120458100,0.0131388700,0.0134688200,0.0136215800
2023-11-01,0.0019347000,0.0024953900,0.0034143200,0.0045823600,0.0061463500,0.0076833000,0.0102325300,0.0122530600,0.0133366800,0.0136695000,0.0138216200
2023-10-31,0.0019257700,0.0024959200,0.0034275000,0.0045904700,0.0061527100,0.0076982200,0.0102535600,0.0122795100,0.0133281300,0.0136676700,0.0138124700
2023-10-30,0.0019682500,0.0025411400,0.0035115900,0.0046636100,0.0062426500,0.0078049800,0.0103729200,0.0123994400,0.0134647400,0.0137938000,0.0139482500
2023-10-27,0.0019914800,0.0025732600,0.0034994300,0.0047011700,0.0062821100,0.0078551600,0.0104135300,0.0124372100,0.0135045900,0.0138359100,0.0139903600
2023-10-26,0.0020228700,0.0026024500,0.0035278700,0.0047109800,0.0062969200,0.0078681000,0.0104368400,0.0124779300,0.0135623700,0.0139037900,0.0140642700
2023-10-25,0.0019497300,0.0025111200,0.0034079200,0.0045782600,0.0061272100,0.0076683000,0.0102337700,0.0122801300,0.0133583400,0.0137000500,0.0138564700
2023-10-24,0.0018923900,0.0024618400,0.0033684400,0.0045209900,0.0060741900,0.0076110200,0.0101826700,0.0122123200,0.0132906300,0.0136411500,0.0137914600
2023-10-23,0.0019814100,0.0025605200,0.0035066600,0.0046911400,0.0062878400,0.0078697300,0.0104457200,0.0124792200,0.0135616200,0.0139046600,0.0140690800
2023-10-20,0.0020236900,0.0026032400,0.0035234100,0.0046902300,0.0063044000,0.0079081400,0.0104744400,0.0125154500,0.0135991000,0.0139412100,0.0141017000
2023-10-19,0.0019831300,0.0025451100,0.0034753900,0.0046151700,0.0061993200,0.0077851600,0.0103677500,0.0124025400,0.0134815100,0.0138261800,0.0139853500
2023-10-18,0.0019137400,0.0024628700,0.0034198300,0.0045066700,0.0060649600,0.0076282900,0.0102263800,0.0122500700,0.0133299600,0.0136839900,0.0138360200
2023-10-17,0.0018964900,0.0024423900,0.0033346500,0.0044504600,0.0059966200,0.0075306600,0.0101104700,0.0121453400,0.0132189300,0.0135605500,0.0137242000
2023-10-16,0.0018935700,0.0024394000,0.0033228400,0.0044433800,0.0059855900,0.0075173900,0.0100900600,0.0121233100,0.0131943500,0.0135352700,0.0136977500
2023-10-13,0.0018925700,0.0024381500,0.0033157800,0.0044399300,0.0059700300,0.0075022100,0.0100644700,0.0120950000,0.0131637100,0.0135041000,0.0136655100
2023-10-12,0.0018244100,0.0023626600,0.0032441300,0.0043472600,0.0058590400,0.0074001200,0.0099578100,0.0119828900,0.0130523000,0.0133916000,0.0135485600
2023-10-11,0.0018881900,0.0024417500,0.0033498100,0.0044810200,0.0060444300,0.0076147000,0.0102024500,0.0122190900,0.0132924500,0.0136369200,0.0137902600
2023-10-10,0.0018709600,0.0024387400,0.0033690600,0.0045193900,0.0061086600,0.0077047600,0.0102806500,0.0122914400,0.0133595900,0.0137137100,0.0138628200
2023-10-09,0.0019994200,0.0025795700,0.0035566300,0.0047501400,0.0064044300,0.0080712700,0.0106690700,0.0126860700,0.0137712800,0.0141307200,0.0142835900
2023-10-06,0.0020425600,0.0026296900,0.0036271500,0.0047920800,0.0064319300,0.0080987400,0.0106642800,0.0126801700,0.0137477600,0.0141075400,0.0142607600
2023-10-05,0.0020242600,0.0026113100,0.0035544500,0.0047417100,0.0063508000,0.0079710300,0.0105408300,0.0125703000,0.0136358900,0.0139922500,0.0141429500
2023-10-04,0.0019792900,0.0025440200,0.0034704200,0.0046319900,0.0062150900,0.0078126300,0.0103835200,0.0124054100,0.0134788200,0.0138341800,0.0139818900
2023-10-03,0.0019821700,0.0025340900,0.0034437400,0.0045881400,0.0061587900,0.0077449200,0.0103341200,0.0123630900,0.0134357600,0.0137910800,0.0139371000
2023-10-02,0.0018982200,0.0024346500,0.0033080400,0.0044189700,0.0059423900,0.0075042100,0.0100700400,0.0121017500,0.0131527200,0.0135073800,0.0136575400
2023-09-29,0.0018292000,0.0023609600,0.0032524700,0.0043171200,0.0058428300,0.0074128400,0.0100034000,0.0120100800,0.0130221100,0.0133769700,0.0135366900
2023-09-28,0.0019384400,0.0024973300,0.0033949900,0.0045114400,0.0060711300,0.0076489600,0.0102418500,0.0122381600,0.0132364700,0.0135934700,0.0137653600
2023-09-27,0.0019240200,0.0024672900,0.0033703400,0.0044767500,0.0060391000,0.0076050000,0.0102081000,0.0121816300,0.0131807200,0.0135357800,0.0137088300
2023-09-26,0.0019171200,0.0024489700,0.0033421300,0.0044370600,0.0059849000,0.0075456200,0.0101503300,0.0121334200,0.0131502200,0.0134961700,0.0136710500
2023-09-25,0.0018665900,0.0023897400,0.0032589700,0.0042994300,0.0058094900,0.0073686700,0.0099522900,0.0119366300,0.0129581300,0.0133042300,0.0134776900
2023-09-22,0.0018660500,0.0023836800,0.0032307900,0.0042745700,0.0057721400,0.0072960600,0.0098695300,0.0118613800,0.0128780400,0.0132272000,0.0134041800
2023-09-21,0.0018300200,0.0023337500,0.0031632900,0.0041810000,0.0056297500,0.0071525600,0.0097235100,0.0117083300,0.0127351200,0.0130938600,0.0132695300
2023-09-20,0.0017700900,0.0022438300,0.0030590000,0.0040728400,0.0054673400,0.0069272200,0.0094242200,0.0113721400,0.0124258400,0.0127707600,0.0129475300
2023-09-19,0.0016310400,0.0020837800,0.0028129400,0.0037486400,0.0050586700,0.0064393600,0.0089933400,0.0110394800,0.0121316100,0.0124807600,0.0126750700
2023-09-18,0.0016428500,0.0021018600,0.0028433000,0.0037710200,0.0050686000,0.0064948100,0.0090373700,0.0110842900,0.0121925800,0.0125403400,0.0127345100
2023-09-15,0.0016410700,0.0021058400,0.0028484000,0.0037714500,0.0050543300,0.0064196900,0.0088915900,0.0108862000,0.0119843500,0.0123161700,0.0125066400
2023-09-14,0.0016174100,0.0020848900,0.0028568400,0.0037653700,0.0050585000,0.0064460300,0.0089527500,0.0109361700,0.0120503500,0.0123866500,0.0125779900
2023-09-13,0.0016283200,0.0020991100,0.0029288900,0.0038018000,0.0051010200,0.0064943700,0.0090088200,0.0109453800,0.0120559300,0.0123991400,0.0125797300
2023-09-12,0.0015956200,0.0020949700,0.0029181000,0.0038012700,0.0051101600,0.0064709200,0.0089040600,0.0107383800,0.0118708400,0.0121906100,0.0123631200
2023-09-11,0.0014731500,0.0020681600,0.0028696000,0.0037758000,0.0050886400,0.0064506100,0.0088690400,0.0107178300,0.0118758900,0.0121954200,0.0123632900
2023-09-08,0.0015277800,0.0021349300,0.0029165300,0.0038480700,0.0051747200,0.0065449500,0.0089296400,0.0107725300,0.0119267200,0.0122527500,0.0124103100
2023-09-07,0.0015117700,0.0021161300,0.0029050200,0.0038287100,0.0051461400,0.0065346700,0.0089383200,0.0107804700,0.0119425000,0.0122584100,0.0124270100
2023-09-06,0.0015160300,0.0021113200,0.0028806200,0.0038098800,0.0051254900,0.0064652500,0.0088570000,0.0107039200,0.0118784900,0.0121937900,0.0123581200
2023-09-05,0.0014745100,0.0020617300,0.0028191100,0.0037169500,0.0050019400,0.0063253000,0.0087042200,0.0105661500,0.0117388000,0.0120522900,0.0122071000
2023-09-04,0.0014206100,0.0019876800,0.0027540700,0.0036410200,0.0049302800,0.0062269000,0.0086195900,0.0104906400,0.0116598500,0.0119737100,0.0121393500
2023-09-01,0.0014372800,0.0020174100,0.0028110100,0.0036755400,0.0049563100,0.0062789700,0.0086642200,0.0105521900,0.0117223100,0.0120383400,0.0122039300
2023-08-31,0.0014520900,0.0020356100,0.0028005700,0.0036830200,0.0049621400,0.0063153800,0.0087026100,0.0105546200,0.0117153000,0.0120339100,0.0121925600
2023-08-30,0.0014403100,0.0020130800,0.0027780600,0.0037076000,0.0049780800,0.0062953800,0.0087028400,0.0105233000,0.0116406100,0.0119689600,0.0121299800
2023-08-29,0.0014527500,0.0020327200,0.0027993800,0.0037564300,0.0050518000,0.0063849100,0.0088103700,0.0106022500,0.0117158200,0.0120393900,0.0122000500
2023-08-28,0.0015305600,0.0021157600,0.0029463200,0.0039067800,0.0052472500,0.0066571700,0.0091193100,0.0108846300,0.0119922900,0.0123164500,0.0124774700
2023-08-25,0.0015326300,0.0021194700,0.0029471500,0.0039273400,0.0052677600,0.0066737700,0.0091050200,0.0109031500,0.0120134700,0.0123358500,0.0125000300
2023-08-24,0.0015561600,0.0021486400,0.0029501300,0.0039414400,0.0052782200,0.0067097900,0.0091132600,0.0109194800,0.0120335600,0.0123444300,0.0125185000
2023-08-23,0.0015660600,0.0021708400,0.0029842900,0.0040265100,0.0053746000,0.0067648600,0.0091458800,0.0109773800,0.0120944700,0.0124073400,0.0125839200
2023-08-22,0.0016028400,0.0022200500,0.0030739700,0.0041432900,0.0055106800,0.0069147600,0.0093031500,0.0111323100,0.0122613700,0.0125811500,0.0127585600
2023-08-21,0.0016546300,0.0022875400,0.0031554200,0.0042581600,0.0056324400,0.0070549000,0.0094188700,0.0112738000,0.0124126700,0.0127420200,0.0129057300
2023-08-18,0.0017457600,0.0023811500,0.0032573700,0.0043623900,0.0057370700,0.0071658900,0.0094904700,0.0113607800,0.0125381700,0.0128600200,0.0130253000
2023-08-17,0.0016369100,0.0022464400,0.0030576800,0.0040841000,0.0053787600,0.0067473800,0.0090371800,0.0108881600,0.0120649100,0.0123835700,0.0125426400
2023-08-16,0.0014822900,0.0020524500,0.0027721900,0.0037297600,0.0049654200,0.0062745400,0.0085630400,0.0103718500,0.0115180900,0.0118366100,0.0119899200
2023-08-15,0.0014943600,0.0020751700,0.0027805500,0.0036764200,0.0048864000,0.0061707100,0.0084903800,0.0102663700,0.0114301700,0.0117386800,0.0118911100
2023-08-14,0.0013886800,0.0019485600,0.0026107500,0.0035080800,0.0046745600,0.0058855600,0.0081921400,0.0099701900,0.0111342600,0.0114408800,0.0115930400
2023-08-11,0.0013659400,0.0019264400,0.0025919000,0.0034749600,0.0046357400,0.0058387300,0.0081332300,0.0099131100,0.0110734800,0.0113780200,0.0115357500
2023-08-10,0.0013210000,0.0018664100,0.0025729000,0.0034137500,0.0045687000,0.0057841600,0.0080940400,0.0098833700,0.0110469600,0.0113525800,0.0115042000
2023-08-09,0.0013403700,0.0018989400,0.0026422400,0.0034743800,0.0046449700,0.0058667300,0.0081649400,0.0099533000,0.0111156000,0.0114222000,0.0115842300
2023-08-08,0.0013756700,0.0019303300,0.0026993900,0.0035108900,0.0047077500,0.0059798500,0.0083032300,0.0100826500,0.0112460700,0.0115559400,0.0117146000
2023-08-07,0.0013770000,0.0019294100,0.0026200500,0.0034795800,0.0046614100,0.0058933400,0.0081978300,0.0099879100,0.0111485300,0.0114559700,0.0116197200
2023-08-04,0.0013766700,0.0019378500,0.0026086300,0.0035178900,0.0046937200,0.0058785600,0.0081466100,0.0099328400,0.0110866000,0.0113934000,0.0115590000
2023-08-03,0.0013927700,0.0019407500,0.0026459200,0.0035312300,0.0047237100,0.0059721000,0.0082921000,0.0100903500,0.0112479500,0.0115553900,0.0117180400
2023-08-02,0.0013303800,0.0018819900,0.0025692000,0.0034898500,0.0046446600,0.0058304100,0.0081270000,0.0099320000,0.0111022700,0.0114063800,0.0115578800
2023-08-01,0.0013043100,0.0018513100,0.0025374100,0.0034438300,0.0045745400,0.0057644700,0.0080472600,0.0098409700,0.0109985900,0.0112947700,0.0114505500
2023-07-31,0.0012765400,0.0018080800,0.0025484900,0.0034776200,0.0046121800,0.0057965200,0.0080841100,0.0099284900,0.0110908400,0.0113901900,0.0115484000
2023-07-28,0.0012465900,0.0017736800,0.0025109000,0.0034663600,0.0046217400,0.0058322900,0.0081278400,0.0099940000,0.0111705000,0.0114718600,0.0116198200
2023-07-27,0.0012909600,0.0018563500,0.0025619200,0.0034711800,0.0046093600,0.0058248900,0.0081174300,0.0099191900,0.0110741300,0.0113726200,0.0115212900
2023-07-26,0.0013383400,0.0018912900,0.0026698600,0.0035654700,0.0047351300,0.0060319500,0.0083487000,0.0101841500,0.0113600000,0.0116624600,0.0118152500
2023-07-25,0.0013678700,0.0019394600,0.0026848800,0.0036069400,0.0047817800,0.0060035200,0.0082635200,0.0100629100,0.0112247800,0.0115243000,0.0116844000
2023-07-24,0.0013579400,0.0019192100,0.0026326700,0.0035896200,0.0047479500,0.0060715700,0.0083484600,0.0101490800,0.0113190400,0.0116215100,0.0117757200
2023-07-21,0.0013459700,0.0019121400,0.0026461000,0.0035692200,0.0047466400,0.0059645700,0.0082245000,0.0100248300,0.0111793600,0.0114797400,0.0116430200
2023-07-20,0.0013940400,0.0019766000,0.0026704700,0.0036424000,0.0048078300,0.0060024000,0.0082390400,0.0099765000,0.0111226200,0.0114199300,0.0115795800
2023-07-19,0.0013277300,0.0018808100,0.0026143400,0.0035521900,0.0047208100,0.0059528000,0.0082350500,0.0099983600,0.0111484100,0.0114478100,0.0116087000
2023-07-18,0.0013518000,0.0019039200,0.0026507100,0.0035946400,0.0047818100,0.0060556700,0.0083635800,0.0101271100,0.0112892900,0.0115914900,0.0117474600
2023-07-17,0.0013788000,0.0019475700,0.0026794900,0.0036515800,0.0048370700,0.0060866600,0.0083683400,0.0101490200,0.0113025700,0.0116039400,0.0117667500
2023-07-14,0.0013394900,0.0019021300,0.0026282200,0.0035621900,0.0047435600,0.0059701200,0.0082525200,0.0100621900,0.0112256300,0.0115274400,0.0116815800
2023-07-13,0.0013145500,0.0018773300,0.0025857000,0.0035391300,0.0047033500,0.0059425400,0.0082296000,0.0099843900,0.0111264200,0.0114254000,0.0115894700
2023-07-12,0.0013254600,0.0019059400,0.0026464100,0.0036021200,0.0047813000,0.0060538200,0.0083567000,0.0101123000,0.0112510300,0.0115503800,0.0117138800
2023-07-11,0.0014522200,0.0020655400,0.0028421100,0.0038566400,0.0050864400,0.0063777500,0.0086824100,0.0104453300,0.0116003000,0.0119013400,0.0120547300
2023-07-10,0.0016275400,0.0022889300,0.0031332400,0.0041229400,0.0053601700,0.0065582800,0.0089433600,0.0107251700,0.0118957800,0.0122004600,0.0123556300
2023-07-07,0.0014572600,0.0020555900,0.0029271200,0.0039334300,0.0052016300,0.0065845000,0.0089012600,0.0106958800,0.0118679800,0.0121704200,0.0123230200
2023-07-06,0.0015709900,0.0021905000,0.0029527600,0.0040360400,0.0052856900,0.0066201400,0.0088994200,0.0106331900,0.0118012200,0.0121018300,0.0122617500
2023-07-05,0.0014400100,0.0020200000,0.0027545800,0.0037766100,0.0049961200,0.0062957300,0.0085742000,0.0103305800,0.0114955400,0.0117966900,0.0119582900
2023-07-04,0.0013915600,0.0019631900,0.0027180000,0.0037112100,0.0049238100,0.0062045200,0.0084768600,0.0102430300,0.0114095400,0.0117111000,0.0118720000
2023-07-03,0.0013639100,0.0019456400,0.0027171800,0.0037084300,0.0049219800,0.0061994600,0.0084668700,0.0102359600,0.0114000200,0.0117015200,0.0118562500
2023-06-30,0.0013882300,0.0019777700,0.0028072600,0.0037929300,0.0050321900,0.0063135300,0.0085976400,0.0103558200,0.0115158300,0.0118193400,0.0119856400
2023-06-29,0.0014580900,0.0020624700,0.0029042200,0.0039121600,0.0052042500,0.0064981700,0.0087990200,0.0105702700,0.0117537100,0.0120649600,0.0122319500
2023-06-28,0.0015301500,0.0021697100,0.0029437700,0.0040121000,0.0052684800,0.0065572600,0.0088170500,0.0105636500,0.0117389700,0.0120476900,0.0122061100
2023-06-27,0.0015553700,0.0021876900,0.0030641400,0.0040646400,0.0053162600,0.0066419800,0.0089484000,0.0106970400,0.0118688600,0.0121794600,0.0123495600
2023-06-26,0.0015271000,0.0021460400,0.0030018800,0.0040174700,0.0052854300,0.0066121100,0.0089122200,0.0106809800,0.0118637000,0.0121741500,0.0123422500
2023-06-23,0.0015509100,0.0021826600,0.0029693600,0.0040234100,0.0052944600,0.0065908900,0.0088735900,0.0106650400,0.0118663500,0.0121779900,0.0123450000
2023-06-22,0.0015026800,0.0021262900,0.0029570500,0.0039768800,0.0052419300,0.0065301200,0.0087897700,0.0105617600,0.0117546300,0.0120632900,0.0122255600
2023-06-21,0.0014836300,0.0020877400,0.0029381100,0.0039465600,0.0052032500,0.0065266700,0.0088090600,0.0106050600,0.0118048100,0.0121153800,0.0122708400
2023-06-20,0.0015068200,0.0021213800,0.0028759300,0.0038972800,0.0051591200,0.0064390000,0.0087200100,0.0105229200,0.0117353300,0.0120464300,0.0122101400
2023-06-19,0.0014387100,0.0020404000,0.0027848800,0.0038203500,0.0050787900,0.0063596700,0.0085701700,0.0103936800,0.0115983300,0.0119066400,0.0120581600
2023-06-16,0.0014550700,0.0020579700,0.0028314400,0.0038728900,0.0051277200,0.0064358800,0.0086997600,0.0105176500,0.0117207700,0.0120295300,0.0121920200
2023-06-15,0.0015215300,0.0021210200,0.0029382600,0.0040357200,0.0052709900,0.0066274300,0.0089370200,0.0107809200,0.0119651900,0.0122771200,0.0124336800
2023-06-14,0.0014455100,0.0019608800,0.0027541100,0.0039981000,0.0052166800,0.0065719800,0.0088274000,0.0107018600,0.0118933400,0.0122050400,0.0123625300
2023-06-13,0.0017368100,0.0024195300,0.0032446500,0.0042609500,0.0054293900,0.0066469200,0.0088377000,0.0106638700,0.0118623500,0.0121711800,0.0123362400
2023-06-12,0.0016990000,0.0023664700,0.0032637800,0.0042511900,0.0054198800,0.0066202800,0.0088309500,0.0106565900,0.0118556600,0.0121628300,0.0123241400
2023-06-09,0.0016814100,0.0023445200,0.0032466900,0.0042450000,0.0054070800,0.0066229800,0.0088464100,0.0106219400,0.0118222900,0.0121272700,0.0122788300
2023-06-08,0.0017225800,0.0023997700,0.0033109300,0.0043163000,0.0054765100,0.0066969400,0.0089236800,0.0107316400,0.0119399500,0.0122477300,0.0124096800
2023-06-07,0.0017271000,0.0024039500,0.0033077100,0.0043199600,0.0055073700,0.0067598500,0.0089994500,0.0108138200,0.0120212100,0.0123296700,0.0124911000
2023-06-06,0.0017602000,0.0024620800,0.0033309900,0.0043579000,0.0055589400,0.0067944800,0.0090381700,0.0108523700,0.0120939600,0.0124001900,0.0125555200
2023-06-05,0.0017584000,0.0024689300,0.0033851600,0.0044279100,0.0056195800,0.0068537300,0.0090740600,0.0109206800,0.0121928800,0.0124970700,0.0126395300
2023-06-02,0.0018060600,0.0025329400,0.0034230700,0.0044818800,0.0057012500,0.0069186900,0.0091695800,0.0109985400,0.0122393100,0.0125410100,0.0126844300
2023-06-01,0.0018617400,0.0026014500,0.0035003800,0.0045753000,0.0057937800,0.0070457900,0.0092986000,0.0110942200,0.0123115800,0.0126125500,0.0127672100
2023-05-31,0.0019045100,0.0026624400,0.0035659100,0.0046659100,0.0059074700,0.0071750400,0.0094287500,0.0111814400,0.0123505200,0.0126512800,0.0128001400
2023-05-30,0.0018280700,0.0025762500,0.0034702800,0.0045543300,0.0057760200,0.0070189500,0.0092541500,0.0109905500,0.0121660200,0.0124660400,0.0126154300
2023-05-29,0.0018765200,0.0026309600,0.0035382800,0.0046434900,0.0058867800,0.0071608800,0.0093904600,0.0111597000,0.0123356300,0.0126391300,0.0128007400
2023-05-26,0.0018569600,0.0026072700,0.0035213300,0.0046134400,0.0058581200,0.0071378700,0.0093747300,0.0111244500,0.0122997300,0.0126003600,0.0127548200
2023-05-25,0.0019181100,0.0026783200,0.0036359800,0.0047657100,0.0060290800,0.0073018300,0.0095437000,0.0113431700,0.0125481000,0.0128508800,0.0129938400
2023-05-24,0.0019287400,0.0026873800,0.0036291900,0.0047434400,0.0059858000,0.0072877500,0.0094967000,0.0113092400,0.0125494100,0.0128529500,0.0129973100
2023-05-23,0.0018421600,0.0025805600,0.0034906400,0.0045706000,0.0057943600,0.0070730300,0.0092822600,0.0110849300,0.0123059100,0.0126083500,0.0127627300
2023-05-22,0.0018531600,0.0026116300,0.0034774400,0.0045434200,0.0057726100,0.0070400900,0.0092385200,0.0109969400,0.0121824900,0.0124828700,0.0126368200
2023-05-19,0.0018567400,0.0026291600,0.0034963000,0.0045777500,0.0058067400,0.0070829900,0.0092667400,0.0110255100,0.0121734300,0.0124750500,0.0126209600
2023-05-18,0.0018796100,0.0026654300,0.0035709000,0.0046765400,0.0059109100,0.0071996200,0.0093887800,0.0111450500,0.0122909200,0.0126025900,0.0127486600
2023-05-17,0.0019750800,0.0027704600,0.0037006400,0.0048331500,0.0060822700,0.0073891600,0.0095869800,0.0113538100,0.0125224300,0.0128257400,0.0129752900
2023-05-16,0.0019715000,0.0027495700,0.0036247600,0.0047574500,0.0059918900,0.0072624100,0.0094765000,0.0112248000,0.0123929300,0.0126949600,0.0128436300
2023-05-15,0.0019230400,0.0026977100,0.0035800400,0.0047000200,0.0059261500,0.0071668600,0.0093753500,0.0111109700,0.0122530600,0.0125540500,0.0127063000
2023-05-12,0.0019393800,0.0027139000,0.0036355100,0.0047476600,0.0059846400,0.0072221500,0.0094426600,0.0111821000,0.0123120900,0.0126147300,0.0127807700
2023-05-11,0.0019442800,0.0027194400,0.0036567200,0.0047854000,0.0060329100,0.0073044500,0.0095178700,0.0112414500,0.0123686300,0.0126702400,0.0128372300
2023-05-10,0.0019975100,0.0027977800,0.0037521700,0.0049060600,0.0061201000,0.0074044600,0.0096555400,0.0114007000,0.0125304700,0.0128332400,0.0129975300
2023-05-09,0.0019977400,0.0027779600,0.0037875900,0.0049767300,0.0062451600,0.0075730200,0.0097450800,0.0114748800,0.0126177000,0.0129183000,0.0130679500
2023-05-08,0.0019724300,0.0027479100,0.0037708300,0.0049557900,0.0061811000,0.0074882500,0.0096666100,0.0114236600,0.0125743800,0.0128767500,0.0130293700
2023-05-05,0.0020085051,0.0027805363,0.0038169579,0.0050040550,0.0062437376,0.0075530942,0.0097419167,0.0114934717,0.0126459513,0.0129491564,0.0131025744
2023-05-04,0.0020452400,0.0028135500,0.0038636500,0.0050527900,0.0063070100,0.0076185000,0.0098178100,0.0115637100,0.0127179300,0.0130219700,0.0131761900
2023-05-03,0.0019528800,0.0027035200,0.0037078100,0.0048540500,0.0060780100,0.0073417000,0.0095200800,0.0112862800,0.0124349000,0.0127383200,0.0128955600
2023-05-02,0.0019502700,0.0026985600,0.0036972400,0.0048245400,0.0060445000,0.0072900300,0.0094802300,0.0112091200,0.0123545800,0.0126571400,0.0128237300
2023-05-01,0.0018444400,0.0025823700,0.0035537700,0.0046555700,0.0058457100,0.0070735200,0.0092579300,0.0109883600,0.0121194600,0.0124192800,0.0125846300
2023-04-28,0.0018600300,0.0026037200,0.0035912100,0.0046861700,0.0059009700,0.0071377300,0.0093227600,0.0110716500,0.0122134100,0.0125156500,0.0126825600
2023-04-27,0.0018888500,0.0026303500,0.0036323900,0.0047514200,0.0059746700,0.0072217800,0.0093987400,0.0111330300,0.0122911000,0.0125925400,0.0127544000
2023-04-26,0.0019213700,0.0026661500,0.0036848200,0.0047965800,0.0060293700,0.0072767400,0.0094659500,0.0112253000,0.0124147200,0.0127189100,0.0128813300
2023-04-25,0.0018841500,0.0026223000,0.0036074000,0.0046869700,0.0058949000,0.0071068900,0.0093002600,0.0110328800,0.0121838500,0.0124865400,0.0126528100
2023-04-24,0.0018328500,0.0025573800,0.0035445800,0.0045878100,0.0057741400,0.0069520200,0.0091409300,0.0108807100,0.0120404100,0.0123430800,0.0125059400
2023-04-21,0.0018619500,0.0025737500,0.0035124200,0.0045689400,0.0057196700,0.0069117500,0.0091121800,0.0108558400,0.0120167100,0.0123207800,0.0124828100
2023-04-20,0.0017607700,0.0024481300,0.0033416700,0.0043541800,0.0054624300,0.0066099900,0.0088157800,0.0105634000,0.0117315000,0.0120366500,0.0121909100
2023-04-19,0.0016563200,0.0023243900,0.0031667600,0.0041399700,0.0052119500,0.0063339000,0.0085364500,0.0102776200,0.0114460700,0.0117535300,0.0119195500
2023-04-18,0.0016100300,0.0022733400,0.0031088600,0.0040843000,0.0051606600,0.0062668900,0.0084810100,0.0102443900,0.0114096800,0.0117174500,0.0118757600
2023-04-17,0.0016370600,0.0023077500,0.0031706500,0.0041411300,0.0052431900,0.0063678000,0.0085560100,0.0103219900,0.0114998500,0.0118078800,0.0119738500
2023-04-14,0.0016425600,0.0023296800,0.0032123000,0.0041901800,0.0053093800,0.0064460700,0.0086197100,0.0104100100,0.0116266100,0.0119391600,0.0121081600
2023-04-13,0.0016826300,0.0023790900,0.0032790600,0.0042656800,0.0054089500,0.0065640400,0.0087447300,0.0105327000,0.0117461400,0.0120611800,0.0122328700
2023-04-12,0.0016621900,0.0023618700,0.0032787600,0.0042670300,0.0054169600,0.0065784900,0.0087592500,0.0105474900,0.0117538300,0.0120708800,0.0122406200
2023-04-11,0.0017578300,0.0024701400,0.0034221000,0.0044546400,0.0056103800,0.0067945400,0.0089673800,0.0107348900,0.0119299100,0.0122575200,0.0124163600
2023-04-10,0.0018886800,0.0025730000,0.0035270600,0.0045635500,0.0057568100,0.0069609200,0.0091737000,0.0108863800,0.0121107200,0.0124374100,0.0125962300
2023-04-07,0.0019220600,0.0026187300,0.0036008500,0.0046415300,0.0057960000,0.0070003800,0.0092111900,0.0109291000,0.0121585800,0.0124843400,0.0126479900
2023-04-06,0.0019215700,0.0026163800,0.0036068900,0.0046502800,0.0058124000,0.0070293700,0.0092294700,0.0110062600,0.0122468400,0.0125648500,0.0127382900
2023-04-05,0.0019057300,0.0025960100,0.0035563200,0.0045832600,0.0057258600,0.0069388800,0.0091479700,0.0109221000,0.0121691500,0.0124878900,0.0126541700
2023-04-04,0.0017818600,0.0024517900,0.0033744900,0.0043731600,0.0055081400,0.0066630000,0.0088530500,0.0106484600,0.0118689000,0.0121850600,0.0123602900
2023-04-03,0.0017322800,0.0023888800,0.0033348300,0.0043274300,0.0054841600,0.0066358000,0.0088126100,0.0106122500,0.0118234200,0.0121398100,0.0123181400
2023-03-31,0.0017787200,0.0024591600,0.0033946800,0.0044392100,0.0055795600,0.0067575900,0.0089491800,0.0107277500,0.0119334300,0.0122506900,0.0124315900
2023-03-30,0.0018270600,0.0025319300,0.0035410000,0.0045636600,0.0057189300,0.0069083000,0.0090849300,0.0108698600,0.0120840600,0.0123994700,0.0125801500
2023-03-29,0.0019212900,0.0026375500,0.0037213900,0.0048084300,0.0059949100,0.0072310000,0.0094113000,0.0111983100,0.0124120100,0.0127307400,0.0129144200
2023-03-28,0.0019805600,0.0027195300,0.0038481500,0.0049565400,0.0061606000,0.0074195300,0.0096052600,0.0113774900,0.0126013400,0.0129186300,0.0130996300
2023-03-27,0.0019857100,0.0027242100,0.0038658100,0.0049888400,0.0061977000,0.0074671500,0.0096255900,0.0113985900,0.0126328600,0.0129501600,0.0131278900
2023-03-24,0.0020854600,0.0028084900,0.0039738800,0.0051083700,0.0063299100,0.0076059100,0.0097845700,0.0115617400,0.0127819700,0.0131038300,0.0132790000
2023-03-23,0.0019524000,0.0026413100,0.0037450800,0.0048136900,0.0060026400,0.0072461400,0.0094078900,0.0112003400,0.0124199800,0.0127516300,0.0129285400
2023-03-22,0.0018014800,0.0024760400,0.0035313700,0.0045586900,0.0057305000,0.0069467100,0.0090869300,0.0108699100,0.0120874200,0.0124043900,0.0125899400
2023-03-21,0.0018218400,0.0025415300,0.0036289500,0.0046978400,0.0058839100,0.0070910600,0.0092461400,0.0109987400,0.0121951400,0.0125111400,0.0126990700
2023-03-20,0.0021939400,0.0029914300,0.0041691400,0.0052928000,0.0065659900,0.0078507500,0.0099008600,0.0116094300,0.0127671300,0.0130832400,0.0132796300
2023-03-17,0.0019808200,0.0027396600,0.0039974100,0.0050551500,0.0063399700,0.0076522200,0.0097939500,0.0116089700,0.0128331700,0.0131482900,0.0133631800
2023-03-16,0.0019401300,0.0026867400,0.0039026400,0.0049609800,0.0062275800,0.0075208000,0.0096832200,0.0115093800,0.0127338000,0.0130565700,0.0132668000
2023-03-15,0.0020226400,0.0027463700,0.0039655500,0.0050393100,0.0063007100,0.0075533800,0.0097600700,0.0115671700,0.0128059000,0.0131214600,0.0133328800
2023-03-14,0.0017703600,0.0024455100,0.0035106400,0.0044809700,0.0056718700,0.0068806300,0.0090420600,0.0108639700,0.0121056700,0.0124182800,0.0126254800
2023-03-13,0.0018163400,0.0024688300,0.0035575000,0.0045166300,0.0057198400,0.0069429000,0.0091445300,0.0109906800,0.0122277800,0.0125435800,0.0127553600
2023-03-10,0.0016420300,0.0022554600,0.0032177600,0.0041056000,0.0052282700,0.0063660900,0.0085588500,0.0103942300,0.0116333300,0.0119478100,0.0121587600
2023-03-09,0.0015850800,0.0021869000,0.0030931300,0.0039663100,0.0050433700,0.0061279500,0.0082931400,0.0101553600,0.0113879400,0.0117012400,0.0119092200
2023-03-08,0.0015402200,0.0021625400,0.0030054600,0.0038791800,0.0049435500,0.0060070500,0.0081916100,0.0100123700,0.0112288800,0.0115418300,0.0117524800
2023-03-07,0.0015179200,0.0021253200,0.0029910300,0.0038540400,0.0049109100,0.0059698000,0.0081634700,0.0099825700,0.0111920300,0.0115041800,0.0117148100
2023-03-06,0.0014878500,0.0020881400,0.0029682800,0.0038359600,0.0048991200,0.0059493700,0.0081406700,0.0099429800,0.0111312700,0.0114414400,0.0116514400
2023-03-03,0.0015902900,0.0022167100,0.0031273300,0.0040294100,0.0050608300,0.0061096500,0.0083035800,0.0101214300,0.0113359700,0.0116461600,0.0118554700
2023-03-02,0.0016639500,0.0023068100,0.0032441300,0.0041768000,0.0051921400,0.0062424500,0.0084685000,0.0102584000,0.0114718900,0.0117783100,0.0119846000
2023-03-01,0.0016076500,0.0022284500,0.0031364000,0.0040460400,0.0050774000,0.0061310000,0.0083326800,0.0101611200,0.0113747900,0.0116815000,0.0118897200
2023-02-28,0.0016428000,0.0022713000,0.0032051400,0.0041242300,0.0051346500,0.0061648300,0.0083651400,0.0101490700,0.0113489800,0.0116552700,0.0118701700
2023-02-27,0.0016197800,0.0022393300,0.0031963500,0.0041376500,0.0051283100,0.0061371200,0.0083338500,0.0101456800,0.0113435900,0.0116574400,0.0118621300
2023-02-24,0.0016623200,0.0022901300,0.0032435700,0.0042076900,0.0052006300,0.0062041300,0.0083923800,0.0102065500,0.0114036600,0.0117091100,0.0119172500
2023-02-23,0.0016349100,0.0022550600,0.0032041600,0.0041385000,0.0051304100,0.0061253800,0.0083096900,0.0101226000,0.0113048400,0.0116169100,0.0118249500
2023-02-22,0.0017116500,0.0023241800,0.0032933000,0.0042457100,0.0052437100,0.0062537100,0.0084479300,0.0102612700,0.0114580800,0.0117613900,0.0119711900
2023-02-21,0.0017300700,0.0023265500,0.0032872900,0.0042290500,0.0052277900,0.0062381600,0.0084403200,0.0102627300,0.0114628500,0.0117668100,0.0119774600
2023-02-20,0.0016332700,0.0022113000,0.0031504400,0.0040585800,0.0050340500,0.0060088400,0.0082164800,0.0100436700,0.0112420800,0.0115461900,0.0117666900
2023-02-17,0.0016430800,0.0022134600,0.0031509400,0.0040718500,0.0050379900,0.0060140000,0.0082285500,0.0100473400,0.0112450100,0.0115486300,0.0117588200
2023-02-16,0.0016059400,0.0021787500,0.0030948100,0.0039951300,0.0049592700,0.0059330400,0.0081373900,0.0099567200,0.0111475000,0.0114496600,0.0116587300
2023-02-15,0.0016595200,0.0022219200,0.0031505000,0.0040658500,0.0050494000,0.0060255000,0.0082303800,0.0100530200,0.0112477300,0.0115514000,0.0117609200
2023-02-14,0.0017051400,0.0022192100,0.0031566200,0.0040615200,0.0050377400,0.0060219200,0.0082192000,0.0100224800,0.0112159300,0.0115185300,0.0117288300
2023-02-13,0.0017496700,0.0022714200,0.0032306700,0.0041278800,0.0050989900,0.0060800400,0.0082903700,0.0100907800,0.0112790000,0.0115808100,0.0117943600
2023-02-10,0.0017761400,0.0023044300,0.0032716700,0.0041469800,0.0051038200,0.0060767400,0.0082933900,0.0101265500,0.0112977200,0.0115966500,0.0118113300
2023-02-09,0.0016803700,0.0022155100,0.0031606100,0.0040029400,0.0049219300,0.0058598300,0.0080660000,0.0098414400,0.0110107300,0.0112912600,0.0115006600
2023-02-08,0.0017332200,0.0022858200,0.0032697200,0.0041574100,0.0050466600,0.0059806300,0.0081968200,0.0099076000,0.0110637500,0.0113257800,0.0115099200
2023-02-07,0.0017335300,0.0022849900,0.0032805200,0.0041652100,0.0050719000,0.0059991700,0.0082130000,0.0099277800,0.0110867600,0.0113527400,0.0115383700
2023-02-06,0.0017441500,0.0022955800,0.0032695600,0.0041563600,0.0050768000,0.0060141800,0.0082365700,0.0099283700,0.0110621800,0.0113378600,0.0115223100
2023-02-03,0.0016918200,0.0022398600,0.0031992700,0.0040917900,0.0049959000,0.0059187700,0.0081392300,0.0098277400,0.0109584400,0.0112290400,0.0114122300
2023-02-02,0.0016599200,0.0022119700,0.0032065800,0.0041006500,0.0049987000,0.0059262000,0.0081344600,0.0098068000,0.0109204100,0.0111800200,0.0113669200
2023-02-01,0.0018223800,0.0023924300,0.0034604500,0.0044517100,0.0053975900,0.0063530900,0.0085734100,0.0102575600,0.0113857600,0.0116595300,0.0118446200
2023-01-31,0.0018728700,0.0024475000,0.0035201200,0.0045235200,0.0054777400,0.0064220600,0.0086612700,0.0103463700,0.0114808800,0.0117458300,0.0119307600
2023-01-30,0.0018298900,0.0023996900,0.0034617800,0.0044538600,0.0053759600,0.0063297700,0.0085592600,0.0102512000,0.0113797900,0.0116556000,0.0118315700
2023-01-27,0.0018004400,0.0023691700,0.0034170300,0.0043830600,0.0052958100,0.0062356700,0.0084626600,0.0101268400,0.0112556600,0.0115303300,0.0117133800
2023-01-26,0.0018051400,0.0023773700,0.0034459900,0.0044212700,0.0053500300,0.0062921000,0.0085202900,0.0101924000,0.0113338300,0.0116075500,0.0117794000
2023-01-25,0.0019054800,0.0024901300,0.0036133900,0.0046105800,0.0055581100,0.0065097300,0.0087449400,0.0103935300,0.0115275500,0.0118029000,0.0119862300
2023-01-24,0.0018454200,0.0024092700,0.0035333800,0.0045136800,0.0054508900,0.0063953500,0.0086178000,0.0102715900,0.0113995100,0.0116741800,0.0118483800
2023-01-23,0.0017981800,0.0023505600,0.0034342400,0.0043980500,0.0053368800,0.0062553600,0.0084745300,0.0101359000,0.0112725200,0.0115462700,0.0117189600
2023-01-20,0.0018152800,0.0023717300,0.0034799300,0.0044493900,0.0053870300,0.0063112000,0.0085383900,0.0101727400,0.0112905600,0.0115668300,0.0117543600
2023-01-19,0.0018026800,0.0023416200,0.0034285100,0.0043848400,0.0053207600,0.0062315300,0.0084773700,0.0101065500,0.0112343700,0.0115111300,0.0116972400
2023-01-18,0.0016647400,0.0021919200,0.0032032700,0.0041135800,0.0050158600,0.0059046800,0.0081238000,0.0097615900,0.0108830100,0.0111584800,0.0113370000
2023-01-17,0.0017160800,0.0022691800,0.0032929100,0.0042174600,0.0051400300,0.0060539800,0.0082616700,0.0099101100,0.0110332900,0.0113088100,0.0114884500
2023-01-16,0.0017044300,0.0022673300,0.0032498800,0.0041960100,0.0051228400,0.0060449000,0.0082505000,0.0098918700,0.0110149700,0.0112892700,0.0114771400
2023-01-13,0.0017098100,0.0022746500,0.0032490700,0.0042346500,0.0051451900,0.0060505600,0.0082291400,0.0098786500,0.0110034800,0.0112775500,0.0114656900
2023-01-12,0.0016800900,0.0022434600,0.0032054800,0.0042314100,0.0051263200,0.0060225000,0.0082003500,0.0098350800,0.0109522800,0.0112257000,0.0114157200
2023-01-11,0.0017481700,0.0023215600,0.0032954000,0.0043641900,0.0052906200,0.0062022200,0.0083780400,0.0100095400,0.0111185800,0.0113926000,0.0115850300
2023-01-10,0.0018092818,0.0024035859,0.0034679714,0.0045115279,0.0054455466,0.0063774934,0.0085599697,0.0101763746,0.0112441460,0.0115175597,0.0117138389
2023-01-09,0.0018725300,0.0024885100,0.0036495800,0.0046638400,0.0056050100,0.0065577200,0.0087458500,0.0103459900,0.0113711300,0.0116438900,0.0118440800
2023-01-06,0.0020121300,0.0026531900,0.0038853500,0.0049492000,0.0059264600,0.0069165700,0.0091206300,0.0107225100,0.0117477700,0.0120241500,0.0122294500
2023-01-05,0.0020715500,0.0027319700,0.0040048100,0.0050889100,0.0060834600,0.0070904800,0.0093088300,0.0109063900,0.0119402100,0.0122166200,0.0124193700
2023-01-04,0.0020491300,0.0027181600,0.0040150900,0.0051121800,0.0061057300,0.0071183600,0.0093212400,0.0108983100,0.0119318600,0.0122075900,0.0124110500
2023-01-03,0.0021561000,0.0028449200,0.0042053300,0.0053262800,0.0063395300,0.0073683200,0.0095987300,0.0111463700,0.0121809300,0.0124517400,0.0126516900
2023-01-02,0.0023169500,0.0030277400,0.0044275100,0.0056155400,0.0066774300,0.0077762700,0.0099781000,0.0115793000,0.0126187800,0.0128836300,0.0130896500
2022-12-30,0.0023012100,0.0030071600,0.0044235400,0.0056446000,0.0067103900,0.0077934000,0.0099804800,0.0115995100,0.0126386200,0.0129022800,0.0131054500
2022-12-29,0.0023028400,0.0030093600,0.0044403500,0.0056627500,0.0067209900,0.0078045100,0.0099930300,0.0116093400,0.0126471200,0.0129138600,0.0131283100
2022-12-28,0.0022879800,0.0029924900,0.0044270600,0.0056472800,0.0066991900,0.0077758100,0.0099640500,0.0115790700,0.0126051700,0.0128792200,0.0130831600
2022-12-27,0.0023249800,0.0030342100,0.0044767500,0.0056766200,0.0067293700,0.0078076400,0.0100142200,0.0116191700,0.0126557900,0.0129180400,0.0131260900
2022-12-26,0.0023207400,0.0030284200,0.0044577600,0.0056691400,0.0067276200,0.0078127000,0.0100119100,0.0116269400,0.0126648900,0.0129318000,0.0131341500
2022-12-23,0.0023240800,0.0030340500,0.0044871600,0.0056945200,0.0067516800,0.0078347200,0.0100390900,0.0116654000,0.0127044500,0.0129836300,0.0131862600
2022-12-22,0.0023428200,0.0030600500,0.0045091600,0.0057060600,0.0067728700,0.0078605800,0.0100882900,0.0116802500,0.0127089300,0.0129892100,0.0131947400
2022-12-21,0.0023850700,0.0031181800,0.0045625900,0.0057416500,0.0068292500,0.0079302700,0.0101808400,0.0117446400,0.0127723700,0.0130537400,0.0132612600
2022-12-20,0.0024149900,0.0031461100,0.0046253600,0.0058477400,0.0069330000,0.0080364100,0.0102699300,0.0118675200,0.0128978200,0.0131792500,0.0133864500
2022-12-19,0.0023490900,0.0030624400,0.0044913900,0.0056871600,0.0067593300,0.0078433500,0.0100627700,0.0116719200,0.0127015700,0.0129822000,0.0131896000
2022-12-16,0.0023421200,0.0030479500,0.0044343100,0.0056071300,0.0066635200,0.0077395100,0.0099497800,0.0115622800,0.0125969700,0.0128785900,0.0130873600
2022-12-15,0.0022295900,0.0029111100,0.0042085200,0.0053360400,0.0063628900,0.0074000000,0.0096146600,0.0112386200,0.0122600400,0.0125401700,0.0127484100
2022-12-14,0.0020585200,0.0027133900,0.0039535800,0.0050208900,0.0060174600,0.0070240000,0.0092440800,0.0108628300,0.0118734500,0.0121523900,0.0123633000
2022-12-13,0.0020333300,0.0026901600,0.0039489600,0.0050256900,0.0060292900,0.0070295400,0.0092291300,0.0108250800,0.0118260700,0.0120996500,0.0123076700
2022-12-12,0.0022504600,0.0029474200,0.0042932700,0.0054101500,0.0064578200,0.0075031300,0.0097283100,0.0113136200,0.0123369400,0.0126163600,0.0128275400
2022-12-09,0.0022438600,0.0029366200,0.0042729800,0.0053815600,0.0064277600,0.0074748700,0.0097069700,0.0112933800,0.0123167000,0.0125966000,0.0128077700
2022-12-08,0.0022724300,0.0029615700,0.0042863000,0.0053818000,0.0064247200,0.0074723800,0.0097176100,0.0112907400,0.0123177800,0.0125976100,0.0128086100
2022-12-07,0.0022686200,0.0029462600,0.0042354800,0.0052945200,0.0063480400,0.0073856000,0.0096470100,0.0111950400,0.0122166800,0.0124957500,0.0127063100
2022-12-06,0.0022635200,0.0029240600,0.0041782300,0.0052066900,0.0062520600,0.0072690300,0.0095350000,0.0110781400,0.0120992000,0.0123761700,0.0125863600
2022-12-05,0.0022353500,0.0028839700,0.0041195800,0.0051407400,0.0061602500,0.0071677500,0.0094300000,0.0109701300,0.0119959300,0.0122704700,0.0124801400
2022-12-02,0.0021215400,0.0027504500,0.0039826100,0.0050221700,0.0060299400,0.0070227200,0.0092523300,0.0108473700,0.0118869000,0.0121500700,0.0123581700
2022-12-01,0.0020717000,0.0026993300,0.0039180500,0.0049259700,0.0059199200,0.0068908100,0.0091183100,0.0106711700,0.0117026600,0.0119658900,0.0121726000
2022-11-30,0.0021677500,0.0028181800,0.0040702100,0.0051163000,0.0061506700,0.0071954800,0.0094264600,0.0110038200,0.0120448600,0.0123200400,0.0125245900
2022-11-29,0.0021734000,0.0028257400,0.0040885900,0.0051320900,0.0061733100,0.0072091800,0.0094393700,0.0110180700,0.0120716900,0.0123363900,0.0125398900
2022-11-28,0.0022204600,0.0028737600,0.0041454300,0.0051991200,0.0062411200,0.0072812400,0.0095131200,0.0110970300,0.0121530300,0.0124215900,0.0126244000
2022-11-25,0.0021272800,0.0027720600,0.0039988500,0.0050430500,0.0060694500,0.0070945900,0.0093078800,0.0108855900,0.0119492300,0.0122286900,0.0124299900
2022-11-24,0.0021208600,0.0027557300,0.0040215400,0.0050624300,0.0060793800,0.0070929200,0.0092562900,0.0108232000,0.0118965400,0.0121745600,0.0123758600
2022-11-23,0.0022738200,0.0029390700,0.0042808600,0.0053751700,0.0064274100,0.0074736000,0.0096615400,0.0112259600,0.0122910700,0.0125698900,0.0127710300
2022-11-22,0.0023391900,0.0030246400,0.0044143800,0.0055309400,0.0066102300,0.0076775200,0.0098975400,0.0114430000,0.0125174700,0.0127966200,0.0129965400
2022-11-21,0.0024036800,0.0030935700,0.0045284400,0.0056735800,0.0067645200,0.0078346600,0.0100565800,0.0116057500,0.0126740200,0.0129535700,0.0131550100
2022-11-18,0.0024076900,0.0030970100,0.0045402500,0.0056931000,0.0067843800,0.0078523800,0.0100796900,0.0116327600,0.0126989500,0.0129768000,0.0131795400
2022-11-17,0.0024778400,0.0031733100,0.0046351500,0.0058024200,0.0069029100,0.0079784800,0.0102135100,0.0117752500,0.0128481900,0.0131276300,0.0133312400
2022-11-16,0.0023308600,0.0030003200,0.0043788300,0.0055020100,0.0065677000,0.0076126800,0.0098241600,0.0113770700,0.0124455000,0.0127215300,0.0129220500
2022-11-15,0.0023130600,0.0029844600,0.0043643300,0.0054914300,0.0065564400,0.0075999900,0.0098219300,0.0113794200,0.0124465900,0.0127235600,0.0129243300
2022-11-14,0.0023698000,0.0030494200,0.0044651000,0.0056272200,0.0067156000,0.0077787700,0.0100045400,0.0115655300,0.0126350100,0.0129149700,0.0131165300
2022-11-11,0.0024154800,0.0030829700,0.0045008200,0.0056638300,0.0068142300,0.0079278700,0.0101612200,0.0117471500,0.0128277300,0.0131213200,0.0133376900
2022-11-10,0.0026383000,0.0033588100,0.0049160800,0.0061716500,0.0073882400,0.0085634900,0.0108131500,0.0124225300,0.0135071900,0.0138100000,0.0140367500
2022-11-09,0.0028667800,0.0036243800,0.0052559500,0.0066098400,0.0078885900,0.0091161000,0.0113816000,0.0130172500,0.0141169700,0.0144305200,0.0146627000
2022-11-08,0.0028296900,0.0035783500,0.0051750800,0.0065346100,0.0078187300,0.0090538000,0.0113190300,0.0129634700,0.0140576200,0.0143685700,0.0145986100
2022-11-07,0.0028596900,0.0036100100,0.0052343400,0.0066136100,0.0079182100,0.0091710500,0.0114355000,0.0130770600,0.0141692200,0.0144804600,0.0147096800
2022-11-04,0.0029660400,0.0037367400,0.0054485400,0.0068760900,0.0081966500,0.0094690100,0.0117482200,0.0133892500,0.0144824900,0.0147965700,0.0150275200
2022-11-03,0.0030884000,0.0038674300,0.0056326800,0.0071015800,0.0084569500,0.0097622400,0.0120833900,0.0137360600,0.0148414400,0.0151592900,0.0153915100
2022-11-02,0.0029167900,0.0036749000,0.0053313600,0.0067364300,0.0080502300,0.0093129900,0.0115844200,0.0132316100,0.0143314700,0.0146460100,0.0148787300
2022-11-01,0.0029299600,0.0036934500,0.0053819000,0.0068009000,0.0081191700,0.0093832300,0.0116552400,0.0133016900,0.0143970200,0.0147097000,0.0149392800
2022-10-31,0.0029985800,0.0037743600,0.0055113500,0.0069694700,0.0083101400,0.0095954400,0.0118690200,0.0135180000,0.0146150900,0.0149283100,0.0151576700
2022-10-28,0.0030929600,0.0038845700,0.0056759400,0.0071682600,0.0085373400,0.0098509300,0.0121300700,0.0137813000,0.0148805000,0.0151970500,0.0154329100
2022-10-27,0.0031218100,0.0039306900,0.0057525900,0.0072635000,0.0086506000,0.0099782800,0.0122608000,0.0139046400,0.0149981300,0.0153145000,0.0155517800
2022-10-26,0.0032542000,0.0040930900,0.0059478600,0.0074999100,0.0089379000,0.0103085400,0.0125834600,0.0142164600,0.0153151600,0.0156359400,0.0158765200
2022-10-25,0.0033084200,0.0041612500,0.0061040700,0.0077862300,0.0092496500,0.0106440300,0.0129225500,0.0145604900,0.0156631200,0.0159873200,0.0162303500
2022-10-24,0.0035131800,0.0044037400,0.0064207500,0.0081662400,0.0096966600,0.0111535400,0.0134205900,0.0150426300,0.0161382900,0.0164614200,0.0167028500
2022-10-21,0.0038200200,0.0047485900,0.0070318600,0.0089158700,0.0104884900,0.0119933800,0.0142844300,0.0159340200,0.0170298400,0.0173562700,0.0175985300
2022-10-20,0.0037728300,0.0046985100,0.0069688200,0.0088455500,0.0104126400,0.0119140000,0.0142026600,0.0158526600,0.0169537200,0.0172791200,0.0175181600
2022-10-19,0.0037509500,0.0046743800,0.0069415600,0.0088196200,0.0103824000,0.0118828900,0.0141710900,0.0158184200,0.0169201800,0.0172450100,0.0174842900
2022-10-18,0.0036949100,0.0046190500,0.0069088900,0.0088004400,0.0103731500,0.0118786300,0.0141753600,0.0158206500,0.0169173200,0.0172409400,0.0174800300
2022-10-17,0.0039054800,0.0048659600,0.0072798300,0.0092333700,0.0108462600,0.0123898300,0.0146770000,0.0163191600,0.0174131400,0.0177383400,0.0179794500
2022-10-14,0.0040013400,0.0049845600,0.0074633400,0.0094715700,0.0111087900,0.0126832100,0.0149724100,0.0166104400,0.0177084400,0.0180344300,0.0182745700
2022-10-13,0.0041992200,0.0052114900,0.0078123400,0.0098820500,0.0115666000,0.0131785200,0.0154757700,0.0171266200,0.0182262700,0.0185605900,0.0188140400
2022-10-12,0.0041363800,0.0051370200,0.0077029600,0.0097427000,0.0114151200,0.0130175500,0.0153116600,0.0169615300,0.0180597200,0.0183897700,0.0186357700
2022-10-11,0.0041534000,0.0051536200,0.0077213000,0.0097482800,0.0114325700,0.0130512100,0.0153472300,0.0169944300,0.0180934900,0.0184277100,0.0186771400
2022-10-10,0.0041415200,0.0051300900,0.0076602800,0.0096517800,0.0113409100,0.0129606600,0.0152549300,0.0169083000,0.0180038700,0.0183360400,0.0185831500
2022-10-07,0.0040550100,0.0050315300,0.0075088700,0.0094737400,0.0111449400,0.0127463300,0.0150384300,0.0166871800,0.0177917900,0.0181234300,0.0183690300
2022-10-06,0.0039736800,0.0049388800,0.0073690000,0.0093018100,0.0109490100,0.0125328900,0.0148204400,0.0164650700,0.0175718200,0.0179027100,0.0181500200
2022-10-05,0.0039611500,0.0049307100,0.0073568100,0.0092925600,0.0109419800,0.0125282100,0.0148169300,0.0164588400,0.0175631400,0.0178932700,0.0181397900
2022-10-04,0.0038522600,0.0048291900,0.0072545900,0.0091885300,0.0108363400,0.0124221900,0.0147056100,0.0163377300,0.0174288000,0.0177567700,0.0180069600
2022-10-03,0.0043120900,0.0053503000,0.0080494700,0.0101342600,0.0118834900,0.0135617000,0.0158576400,0.0174981200,0.0185897300,0.0189238900,0.0191812700
2022-09-30,0.0043380100,0.0053806000,0.0080943000,0.0101973900,0.0119611700,0.0136490000,0.0159460900,0.0175892400,0.0186829900,0.0190179200,0.0192746000
2022-09-29,0.0044798100,0.0055433800,0.0083136400,0.0104725600,0.0122596600,0.0139732500,0.0162778000,0.0179232300,0.0190123900,0.0193469600,0.0196043300
2022-09-28,0.0044064800,0.0054630200,0.0081500100,0.0102743800,0.0120595000,0.0137630000,0.0160687600,0.0177195100,0.0187954500,0.0191276400,0.0193942100
2022-09-27,0.0043477600,0.0054000100,0.0080072600,0.0100978300,0.0118396800,0.0135101300,0.0158115200,0.0174614300,0.0185391900,0.0188684100,0.0191296100
2022-09-26,0.0043259600,0.0053786200,0.0079555900,0.0100489100,0.0118218200,0.0135214700,0.0158356700,0.0174961200,0.0185678300,0.0189065900,0.0191827700
2022-09-23,0.0041558200,0.0051787800,0.0075834100,0.0095727200,0.0112661500,0.0128869300,0.0151858600,0.0168406100,0.0179073000,0.0182381100,0.0185076700
2022-09-22,0.0040133200,0.0050051600,0.0072957100,0.0092145100,0.0108629200,0.0124397900,0.0147378100,0.0163936900,0.0174609600,0.0177875300,0.0180512000
2022-09-21,0.0038790200,0.0048466200,0.0070165100,0.0088586400,0.0104694000,0.0120125200,0.0143010100,0.0159602200,0.0170252000,0.0173500400,0.0176173000
2022-09-20,0.0038089600,0.0047782700,0.0068061500,0.0085637000,0.0101408100,0.0116368600,0.0138753000,0.0155122600,0.0165437700,0.0168525400,0.0171128200
2022-09-19,0.0032210600,0.0040965900,0.0060549700,0.0078290600,0.0094068500,0.0108361300,0.0131971300,0.0149661200,0.0159072100,0.0161783200,0.0164470900
2022-09-16,0.0032235600,0.0040978400,0.0060114200,0.0077445300,0.0093145100,0.0107719200,0.0131429200,0.0148745200,0.0158118500,0.0160824500,0.0163525600
2022-09-15,0.0030637000,0.0039105000,0.0057956600,0.0075132100,0.0090663400,0.0104993400,0.0128897000,0.0146547000,0.0156047700,0.0158766000,0.0161475500
2022-09-14,0.0030453900,0.0038869800,0.0057415300,0.0074410700,0.0089892200,0.0104177400,0.0128028800,0.0145654900,0.0155103700,0.0157820900,0.0160522500
2022-09-13,0.0030686000,0.0039182900,0.0057209300,0.0073894500,0.0089201400,0.0103411400,0.0127121700,0.0144399200,0.0153805300,0.0156467600,0.0159084400
2022-09-12,0.0029735800,0.0038271100,0.0055957700,0.0072448900,0.0087547400,0.0101581200,0.0125297300,0.0142612500,0.0151981400,0.0154662500,0.0157337600
2022-09-09,0.0031612800,0.0040343900,0.0059095300,0.0076179300,0.0091671900,0.0106076200,0.0129780200,0.0147084700,0.0156467500,0.0159158900,0.0161830300
2022-09-08,0.0032690700,0.0041657000,0.0061176000,0.0078774500,0.0094630600,0.0109365000,0.0133087800,0.0150384400,0.0159781600,0.0162491100,0.0165181300
2022-09-07,0.0033652500,0.0042761200,0.0062771300,0.0080776300,0.0096866100,0.0111817100,0.0135539600,0.0152811000,0.0162212000,0.0164939100,0.0167672200
2022-09-06,0.0033694600,0.0042832800,0.0062943000,0.0081003200,0.0097161700,0.0112170000,0.0135964500,0.0153214200,0.0162642400,0.0165351300,0.0168015600
2022-09-05,0.0034690300,0.0043905700,0.0064712100,0.0083085700,0.0099353900,0.0114463500,0.0138211500,0.0155481500,0.0164836000,0.0167539800,0.0170190500
2022-09-02,0.0033386400,0.0042329200,0.0062966400,0.0081148300,0.0097235600,0.0112253800,0.0136089300,0.0153441700,0.0162811800,0.0165543200,0.0168250400
2022-09-01,0.0035694100,0.0044985500,0.0066697200,0.0085519300,0.0101646900,0.0116922400,0.0140706000,0.0158019700,0.0167391600,0.0170122100,0.0172826400
2022-08-31,0.0035071900,0.0044199900,0.0065474900,0.0084131700,0.0100210300,0.0115120500,0.0138962100,0.0156291500,0.0165656400,0.0168390800,0.0171109100
2022-08-30,0.0034779200,0.0043844900,0.0064781100,0.0083042200,0.0098665200,0.0113468600,0.0137203400,0.0154561600,0.0164033700,0.0166778400,0.0169513800
2022-08-29,0.0033341300,0.0042158900,0.0063473700,0.0080940000,0.0096588900,0.0111793600,0.0135506800,0.0153312200,0.0162826000,0.0165559200,0.0168267200
2022-08-26,0.0033310600,0.0042142400,0.0062544600,0.0080266800,0.0095872100,0.0110703700,0.0134409200,0.0151762600,0.0161178900,0.0163884000,0.0166567400
2022-08-25,0.0033394800,0.0042077000,0.0062123500,0.0079627700,0.0095364900,0.0110105500,0.0133919000,0.0151312300,0.0160704900,0.0163444200,0.0166180000
2022-08-24,0.0033731000,0.0042429500,0.0062643800,0.0080271300,0.0096093400,0.0110909200,0.0134739200,0.0152129100,0.0161490400,0.0164230600,0.0166959600
2022-08-23,0.0032876000,0.0041419700,0.0061269900,0.0078634800,0.0094232300,0.0108879800,0.0132652600,0.0150038400,0.0159394600,0.0162109400,0.0164795600
2022-08-22,0.0033211000,0.0041780800,0.0060700900,0.0077702800,0.0092959400,0.0107496300,0.0131097500,0.0148419200,0.0157866600,0.0160603700,0.0163306100
2022-08-19,0.0028551100,0.0036509700,0.0053854300,0.0069653100,0.0084152900,0.0097983200,0.0121667700,0.0139094800,0.0148551900,0.0151265100,0.0153977700
2022-08-18,0.0027397900,0.0035181100,0.0052019000,0.0067423400,0.0081846100,0.0095396500,0.0119232300,0.0136667300,0.0146098900,0.0148798500,0.0151506200
2022-08-17,0.0027305900,0.0035047400,0.0051630400,0.0066877700,0.0081119800,0.0094494400,0.0118414900,0.0136004900,0.0145425100,0.0148124900,0.0150826300
2022-08-16,0.0025691700,0.0033656000,0.0048851600,0.0063172800,0.0076766100,0.0089551300,0.0113421100,0.0130992600,0.0140438300,0.0143138300,0.0145861000
2022-08-15,0.0023695700,0.0031433100,0.0046638900,0.0061131200,0.0074673600,0.0087569200,0.0111507100,0.0129477400,0.0138972200,0.0141686400,0.0144435200
2022-08-12,0.0024946200,0.0032820200,0.0048522400,0.0063148500,0.0076648300,0.0089565900,0.0113515000,0.0131120800,0.0140562900,0.0143280400,0.0146023700
2022-08-11,0.0025737900,0.0033705300,0.0049923400,0.0064976900,0.0078584800,0.0091600900,0.0115620900,0.0133272100,0.0142626900,0.0145304100,0.0147977200
2022-08-10,0.0027560600,0.0035704700,0.0053151800,0.0069090600,0.0082901900,0.0096045200,0.0120159400,0.0137635600,0.0147035000,0.0149770100,0.0152533000
2022-08-09,0.0028542000,0.0036863300,0.0054444600,0.0070306900,0.0084451700,0.0097979800,0.0121943100,0.0139502400,0.0148956400,0.0151670000,0.0154381500
2022-08-08,0.0028788100,0.0037274100,0.0055124800,0.0071097200,0.0085337700,0.0098946600,0.0122930200,0.0140483400,0.0149958800,0.0152712400,0.0155471700
2022-08-05,0.0030058000,0.0038616500,0.0057003000,0.0073315400,0.0087872300,0.0101772500,0.0125794600,0.0143344800,0.0152757500,0.0155497900,0.0158232600
2022-08-04,0.0030532600,0.0038839800,0.0057562600,0.0074021400,0.0088827700,0.0102937400,0.0127037100,0.0144624300,0.0153718500,0.0156476600,0.0159242100
2022-08-03,0.0033002100,0.0040326000,0.0059973800,0.0076919100,0.0091987500,0.0106327600,0.0130493900,0.0148056600,0.0158224300,0.0161321300,0.0164195000
2022-08-02,0.0033374500,0.0040722400,0.0060927600,0.0078342000,0.0093535000,0.0107922900,0.0132252000,0.0149759400,0.0159865800,0.0162926000,0.0165785200
2022-08-01,0.0031748700,0.0038862000,0.0059258300,0.0076613200,0.0091605700,0.0105760000,0.0130223800,0.0148143300,0.0157687900,0.0160635000,0.0163449200
2022-07-29,0.0033962700,0.0041141600,0.0061776500,0.0079287000,0.0094567900,0.0109151800,0.0133349800,0.0150945600,0.0156357800,0.0158665400,0.0160689400
2022-07-28,0.0035026100,0.0042404600,0.0066150200,0.0084975600,0.0100262200,0.0115099000,0.0139782700,0.0157765700,0.0163266900,0.0165616700,0.0167674800
2022-07-27,0.0036303800,0.0043922700,0.0068748300,0.0088178500,0.0103735700,0.0118806900,0.0143472800,0.0161444500,0.0167011800,0.0169393800,0.0171474100
2022-07-26,0.0036358000,0.0043858700,0.0068627400,0.0088127100,0.0103700400,0.0118804000,0.0143436700,0.0161407600,0.0166934100,0.0169307900,0.0171421200
2022-07-25,0.0034194600,0.0041380500,0.0063932400,0.0082289900,0.0097499300,0.0112251800,0.0136953000,0.0154955300,0.0160519000,0.0162887100,0.0164925300
2022-07-22,0.0034892500,0.0042266000,0.0065769700,0.0084207000,0.0099633600,0.0114600700,0.0139272300,0.0157278000,0.0162858200,0.0165252600,0.0167320200
2022-07-21,0.0036006500,0.0043910200,0.0069039400,0.0088465500,0.0104220400,0.0119543600,0.0144123300,0.0162099000,0.0167648100,0.0170019200,0.0172124600
2022-07-20,0.0036152300,0.0043960200,0.0068908800,0.0088035500,0.0103943800,0.0119296200,0.0143998800,0.0161935100,0.0167082100,0.0169206600,0.0171237500
2022-07-19,0.0039920600,0.0048344900,0.0077726900,0.0098427200,0.0114291600,0.0129839600,0.0154190200,0.0172290300,0.0177630400,0.0179904100,0.0181982100
2022-07-18,0.0042627600,0.0051512900,0.0083620400,0.0105963900,0.0123128200,0.0139672900,0.0164209300,0.0182091900,0.0187667500,0.0190061100,0.0192192300
2022-07-15,0.0042809200,0.0051848400,0.0084277600,0.0107004600,0.0124186800,0.0140763600,0.0165306600,0.0183177000,0.0188680900,0.0191050100,0.0193266000
2022-07-14,0.0043034800,0.0051523700,0.0083649800,0.0106320200,0.0123472600,0.0140027400,0.0164573300,0.0182441200,0.0187911600,0.0190265000,0.0192466400
2022-07-13,0.0040925300,0.0049011800,0.0077992600,0.0100215000,0.0117089100,0.0133361400,0.0157920000,0.0175817300,0.0181347500,0.0183729900,0.0185855500
2022-07-12,0.0039549100,0.0047372600,0.0074839200,0.0096329600,0.0112910700,0.0128921000,0.0153514500,0.0171435100,0.0176992600,0.0179367400,0.0181462300
2022-07-11,0.0038248800,0.0045835000,0.0071991700,0.0092781000,0.0109151200,0.0124971500,0.0149583700,0.0167536200,0.0173060300,0.0175421900,0.0177521100
2022-07-08,0.0036830300,0.0044201300,0.0068892800,0.0088922500,0.0104989500,0.0120526200,0.0145146400,0.0163103600,0.0168602600,0.0170957700,0.0173054000
2022-07-07,0.0037090900,0.0044476600,0.0069166900,0.0089275400,0.0105546500,0.0121265000,0.0145831000,0.0163773300,0.0169315500,0.0171668500,0.0173741000
2022-07-06,0.0036621100,0.0043866900,0.0067489400,0.0087265900,0.0103945600,0.0120026000,0.0144781400,0.0162818200,0.0168470400,0.0170841400,0.0172887900
2022-07-05,0.0034373000,0.0041223800,0.0062416700,0.0081082100,0.0098209800,0.0114094800,0.0138820200,0.0156820500,0.0162250900,0.0164571200,0.0166620900
2022-07-04,0.0031926000,0.0038488900,0.0058204500,0.0074440500,0.0091065000,0.0106556000,0.0131345200,0.0149370000,0.0154816600,0.0157173100,0.0159243000
2022-07-01,0.0032121600,0.0038481500,0.0058092100,0.0074221100,0.0090728200,0.0106186100,0.0130988900,0.0149034700,0.0154471100,0.0156831800,0.0158923400
2022-06-30,0.0032264900,0.0038491100,0.0057891600,0.0073981800,0.0090749700,0.0106433600,0.0131204900,0.0149250500,0.0154692800,0.0157071200,0.0159123200
2022-06-29,0.0029415000,0.0035060400,0.0051648700,0.0066345500,0.0082283200,0.0097276500,0.0122098900,0.0140192600,0.0145565800,0.0147889800,0.0149938900
2022-06-28,0.0028225000,0.0033779800,0.0049162700,0.0063309600,0.0078709600,0.0093314500,0.0118617900,0.0136735200,0.0142190000,0.0144542800,0.0146571400
2022-06-27,0.0028059200,0.0033679000,0.0048935400,0.0062956200,0.0078490500,0.0093190700,0.0118046400,0.0136174300,0.0141660300,0.0144011400,0.0146048900
2022-06-24,0.0028639700,0.0034743700,0.0050880600,0.0065588400,0.0081149600,0.0096039000,0.0120873300,0.0138970400,0.0144442700,0.0146819900,0.0148875800
2022-06-23,0.0029507100,0.0035312900,0.0052039600,0.0066870400,0.0082528600,0.0097524600,0.0122351500,0.0140449100,0.0145893800,0.0148250900,0.0150324100
2022-06-22,0.0029031600,0.0034735100,0.0050940300,0.0065595700,0.0081293700,0.0096286200,0.0121140100,0.0139258200,0.0144723300,0.0147091100,0.0149141200
2022-06-21,0.0028170500,0.0033837000,0.0049343400,0.0063436200,0.0078553800,0.0093066200,0.0118431000,0.0136572800,0.0141940400,0.0144280300,0.0146323500
2022-06-20,0.0030595700,0.0034989200,0.0051623500,0.0066255000,0.0081864000,0.0096781600,0.0121625300,0.0139758600,0.0146819900,0.0150211300,0.0153437400
2022-06-17,0.0031831900,0.0036299600,0.0053648400,0.0067318200,0.0083385600,0.0099340100,0.0124129900,0.0142560800,0.0149762300,0.0153234700,0.0156555600
2022-06-16,0.0031739500,0.0036175900,0.0053650600,0.0067435700,0.0083277600,0.0099010100,0.0123626600,0.0141936800,0.0149137500,0.0152609600,0.0155921700
2022-06-15,0.0030233900,0.0034560100,0.0050366200,0.0063391700,0.0079025500,0.0094554300,0.0119337900,0.0137759100,0.0144979700,0.0148462000,0.0151784200
2022-06-14,0.0030519100,0.0034853500,0.0051849000,0.0064033900,0.0079760600,0.0095379500,0.0120156300,0.0138572000,0.0145843600,0.0149357100,0.0152714400
2022-06-13,0.0029482000,0.0033702600,0.0049353900,0.0061057400,0.0076703400,0.0092243500,0.0117042900,0.0135469900,0.0142714100,0.0146208000,0.0149538600
2022-06-10,0.0027929000,0.0032025300,0.0046012100,0.0056954200,0.0072337600,0.0087619700,0.0112455900,0.0130903800,0.0138149900,0.0141642400,0.0144975300
2022-06-09,0.0026823400,0.0030821500,0.0043520900,0.0053948400,0.0069181500,0.0084315700,0.0109178700,0.0127642100,0.0134885600,0.0138375200,0.0141707700
2022-06-08,0.0026275900,0.0030220000,0.0042291100,0.0052421800,0.0067591600,0.0082663700,0.0107539900,0.0126010200,0.0133253400,0.0136745400,0.0140086900
2022-06-07,0.0026053700,0.0029983300,0.0041881000,0.0051848500,0.0066974000,0.0082002500,0.0106884400,0.0125358200,0.0132574700,0.0136054000,0.0139381200
2022-06-06,0.0025824000,0.0029744900,0.0041417300,0.0051275400,0.0066356700,0.0081341600,0.0106228800,0.0124705800,0.0131864700,0.0135316400,0.0138624900
2022-06-03,0.0026207800,0.0030163200,0.0041903200,0.0051890900,0.0066996700,0.0082013300,0.0106882100,0.0125349500,0.0132563000,0.0136041600,0.0139375600
2022-06-02,0.0026262900,0.0030223500,0.0041928200,0.0051905000,0.0067004400,0.0082016900,0.0106881200,0.0125344900,0.0132588800,0.0136081700,0.0139428600
2022-06-01,0.0026052900,0.0029982600,0.0041829000,0.0051850500,0.0066976100,0.0082004200,0.0106883300,0.0125352700,0.0132586500,0.0136080300,0.0139444100
2022-05-31,0.0026053200,0.0029982400,0.0041829200,0.0051850900,0.0066976600,0.0082004500,0.0106883000,0.0125350900,0.0132585700,0.0136082100,0.0139454900
2022-05-30,0.0025659400,0.0029567300,0.0041068600,0.0050870900,0.0065907600,0.0080847700,0.0105735900,0.0124208500,0.0131410500,0.0134893700,0.0138257600
2022-05-27,0.0026322100,0.0030289900,0.0042725700,0.0053019700,0.0067972700,0.0082830300,0.0107702000,0.0126163700,0.0133370500,0.0136854000,0.0140208800
2022-05-26,0.0027422300,0.0031498100,0.0045125600,0.0055738400,0.0070987500,0.0086135700,0.0110977300,0.0129420100,0.0136602900,0.0140085500,0.0143448400
2022-05-25,0.0028367500,0.0032509500,0.0046987300,0.0057528800,0.0073291700,0.0088944900,0.0114085300,0.0132189700,0.0139392900,0.0142888900,0.0146267100
2022-05-24,0.0028873600,0.0033052000,0.0047968300,0.0058507600,0.0074526600,0.0090431500,0.0115557700,0.0133654200,0.0140934200,0.0144471100,0.0147892400
2022-05-23,0.0028647100,0.0032813000,0.0047504900,0.0057934600,0.0073909700,0.0089771300,0.0114902800,0.0133002400,0.0140259100,0.0143788200,0.0147213200
2022-05-20,0.0028822500,0.0033105700,0.0046542500,0.0057290400,0.0074273100,0.0091096000,0.0116206400,0.0134445700,0.0141772000,0.0145343800,0.0148828000
2022-05-19,0.0028826000,0.0033110500,0.0046649900,0.0057290000,0.0074272900,0.0091096000,0.0116206700,0.0134447000,0.0141702400,0.0145238800,0.0148688300
2022-05-18,0.0027661000,0.0031771300,0.0044091900,0.0054531700,0.0071073100,0.0087464800,0.0112607600,0.0130865900,0.0138200900,0.0141778200,0.0145271600
2022-05-17,0.0026923800,0.0030923900,0.0042442300,0.0052484600,0.0068892400,0.0085153800,0.0110315800,0.0128583700,0.0135896500,0.0139461800,0.0142942800
2022-05-16,0.0027556100,0.0031651600,0.0043865500,0.0054198900,0.0070742000,0.0087135200,0.0112279300,0.0130536400,0.0137852100,0.0141414100,0.0144888800
2022-05-13,0.0027402400,0.0031473900,0.0043678900,0.0053986100,0.0070386500,0.0086639900,0.0112113800,0.0130049100,0.0137343000,0.0140894900,0.0144362700
2022-05-12,0.0027978500,0.0032136200,0.0044804900,0.0055390200,0.0071999000,0.0088455900,0.0113913900,0.0131843500,0.0139171400,0.0142739300,0.0146226100
2022-05-11,0.0027823200,0.0031957100,0.0044541200,0.0055033400,0.0071572300,0.0087960700,0.0113423100,0.0131354700,0.0138665000,0.0142224700,0.0145710000
2022-05-10,0.0028616600,0.0032869300,0.0046411600,0.0057246700,0.0073918300,0.0090435800,0.0115877100,0.0133798300,0.0141075900,0.0144613100,0.0148064000
2022-05-09,0.0029146300,0.0033477000,0.0047607300,0.0058626500,0.0075435100,0.0092085700,0.0117512300,0.0135425500,0.0142716300,0.0146257900,0.0149706100
2022-05-06,0.0027931500,0.0032081400,0.0044929000,0.0055486800,0.0071964200,0.0088290900,0.0113749600,0.0131678100,0.0138971500,0.0142515800,0.0145973700
2022-05-05,0.0026552000,0.0030497500,0.0041366900,0.0051728300,0.0067935400,0.0083999000,0.0109495500,0.0127445000,0.0134830500,0.0138428400,0.0141953500
2022-05-04,0.0025661000,0.0029473700,0.0039760500,0.0049801100,0.0065562200,0.0081189400,0.0106713500,0.0124676600,0.0131990000,0.0135548800,0.0139030400
2022-05-03,0.0025450100,0.0029232600,0.0039331800,0.0049277600,0.0064969100,0.0080528400,0.0106058800,0.0123704000,0.0130975300,0.0134513600,0.0137973200
2022-05-02,0.0025232700,0.0028978100,0.0038673500,0.0048438100,0.0064129800,0.0079695400,0.0105240800,0.0122895700,0.0130200300,0.0133755200,0.0137232600
2022-04-29,0.0025204000,0.0028928700,0.0038664800,0.0048444700,0.0064140600,0.0079703800,0.0105239600,0.0122886600,0.0130289600,0.0133898800,0.0137441500
2022-04-28,0.0024605500,0.0028261400,0.0037361800,0.0046897000,0.0062456400,0.0077886200,0.0103438700,0.0121093200,0.0128401100,0.0131966900,0.0135466600
2022-04-27,0.0024342600,0.0027962000,0.0036877600,0.0046205800,0.0061696800,0.0077059700,0.0102620100,0.0120601200,0.0127881300,0.0131443700,0.0134953400
2022-04-26,0.0023598000,0.0027105700,0.0035016700,0.0044158000,0.0059514200,0.0074745700,0.0100000000,0.0118319000,0.0125710500,0.0129331400,0.0132901200
2022-04-25,0.0022864900,0.0026263500,0.0033562900,0.0042251200,0.0057400400,0.0072429500,0.0097706600,0.0116039700,0.0123365500,0.0126959800,0.0130507100
2022-04-22,0.0022020800,0.0025292800,0.0031663100,0.0040011800,0.0054955600,0.0069783400,0.0095085100,0.0113431600,0.0120712500,0.0124283800,0.0127808000
2022-04-21,0.0021708600,0.0024934500,0.0031138400,0.0039294700,0.0054097500,0.0068787800,0.0094101400,0.0112454100,0.0119729200,0.0123299400,0.0126821700
2022-04-20,0.0022131900,0.0025422700,0.0032181900,0.0040488900,0.0055358500,0.0070113300,0.0095412700,0.0113757900,0.0120983000,0.0124524700,0.0128003400
2022-04-19,0.0022443800,0.0025781300,0.0032705900,0.0041204100,0.0056214700,0.0071107600,0.0096396200,0.0114734300,0.0122033800,0.0125615500,0.0129138800
2022-04-18,0.0022084300,0.0025368700,0.0031900800,0.0040188500,0.0055129600,0.0069954400,0.0095250100,0.0113915500,0.0121225500,0.0124813400,0.0128344500
2022-04-15,0.0022086100,0.0025371800,0.0031905600,0.0040193700,0.0055131200,0.0069953000,0.0095248300,0.0113924100,0.0121245500,0.0124838700,0.0128375500
2022-04-14,0.0022077800,0.0025358200,0.0031886800,0.0040179000,0.0055123000,0.0069950300,0.0095249300,0.0113916100,0.0121245700,0.0124852600,0.0128409000
2022-04-13,0.0022128700,0.0025418100,0.0031997700,0.0040345400,0.0055288400,0.0070115100,0.0095413100,0.0114079200,0.0121424800,0.0125038500,0.0128595500
2022-04-12,0.0021870400,0.0025120900,0.0031516300,0.0039657200,0.0054531000,0.0069289600,0.0094594200,0.0113264000,0.0120566400,0.0124163400,0.0127706900
2022-04-11,0.0021704700,0.0024930800,0.0030957300,0.0039156200,0.0054032700,0.0068794000,0.0094102900,0.0112774400,0.0120183700,0.0123838300,0.0127447600
2022-04-08,0.0021276600,0.0024439100,0.0030610600,0.0038823700,0.0053525200,0.0068132000,0.0093417600,0.0112243200,0.0119620100,0.0123261300,0.0126855400
2022-04-07,0.0021277400,0.0024438900,0.0030610800,0.0038824000,0.0053525600,0.0068132400,0.0093417700,0.0112242800,0.0119620800,0.0123261100,0.0126852400
2022-04-06,0.0021175300,0.0024319000,0.0030388200,0.0038490000,0.0053193500,0.0067802000,0.0093090300,0.0111916300,0.0119288000,0.0122926700,0.0126520600
2022-04-05,0.0020488700,0.0023533800,0.0028747600,0.0036600600,0.0051172300,0.0065651100,0.0090960200,0.0109798700,0.0117219900,0.0120887000,0.0124516100
2022-04-04,0.0020235400,0.0023244300,0.0028334600,0.0036045200,0.0050477200,0.0064819500,0.0090139000,0.0108986100,0.0116279500,0.0119883100,0.0123444800
2022-04-01,0.0020332600,0.0023368600,0.0028670200,0.0036381400,0.0050812300,0.0065152600,0.0090467700,0.0109311800,0.0116562200,0.0120148100,0.0123700100
2022-03-31,0.0020390900,0.0023428900,0.0028781800,0.0036548700,0.0050978600,0.0065317900,0.0090631300,0.0109475400,0.0116746700,0.0120343700,0.0123907100
2022-03-30,0.0020703100,0.0023789400,0.0029490300,0.0037410500,0.0051907100,0.0066312100,0.0090628400,0.0109476800,0.0116695100,0.0120266600,0.0123806000
2022-03-29,0.0020900600,0.0024018000,0.0029716900,0.0037869100,0.0052469300,0.0066975900,0.0091284600,0.0110127900,0.0117447600,0.0121072300,0.0124672800
2022-03-28,0.0022789300,0.0026188200,0.0033690800,0.0042701700,0.0057869800,0.0072934400,0.0098168800,0.0116962600,0.0124203300,0.0127783600,0.0131329300
2022-03-25,0.0022516000,0.0025873100,0.0034541200,0.0044068900,0.0059131400,0.0074091900,0.0099315200,0.0118100400,0.0125359600,0.0128948600,0.0132501700
2022-03-24,0.0022725600,0.0026098600,0.0034914500,0.0044596400,0.0059726700,0.0074754100,0.0099970000,0.0118750300,0.0126105000,0.0129738400,0.0133339900
2022-03-23,0.0022400500,0.0025739900,0.0033856200,0.0043261000,0.0058566200,0.0073765000,0.0099101200,0.0117970800,0.0125273800,0.0128882500,0.0132460900
2022-03-22,0.0022055500,0.0025344000,0.0033220900,0.0042373500,0.0057542300,0.0072607500,0.0097841700,0.0116633100,0.0123909500,0.0127503600,0.0131066300
2022-03-21,0.0021806900,0.0025300800,0.0033094600,0.0042422600,0.0057919200,0.0073273000,0.0098436900,0.0117651400,0.0125000000,0.0128635100,0.0132245500
2022-03-18,0.0019665100,0.0022823200,0.0027697900,0.0037529700,0.0052958700,0.0068267900,0.0094799100,0.0114741100,0.0122271600,0.0125895900,0.0129429300
2022-03-17,0.0019712700,0.0022878100,0.0027691000,0.0037460400,0.0053008800,0.0068435100,0.0095299900,0.0115474400,0.0123051800,0.0126698800,0.0130259100
2022-03-16,0.0020148800,0.0023382900,0.0028750000,0.0038638900,0.0054344800,0.0069925800,0.0096630700,0.0116702500,0.0124225900,0.0127840600,0.0131367600
2022-03-15,0.0021695600,0.0025174300,0.0032593700,0.0043241700,0.0059298500,0.0075220900,0.0101877200,0.0121916600,0.0129412300,0.0133012900,0.0136523600
2022-03-14,0.0021693500,0.0025173100,0.0032405300,0.0043095300,0.0059226800,0.0075222000,0.0101877100,0.0121915600,0.0129472300,0.0133111800,0.0136671600
2022-03-11,0.0022032200,0.0025563900,0.0033218800,0.0044116600,0.0060318000,0.0076380700,0.0103024300,0.0123053900,0.0130619800,0.0134266400,0.0137834900
2022-03-10,0.0022565700,0.0026121500,0.0034287900,0.0045491100,0.0061834500,0.0078035500,0.0104662700,0.0124680000,0.0132325800,0.0136013900,0.0139633100
2022-03-09,0.0022223000,0.0025787100,0.0033883000,0.0045233000,0.0061205200,0.0077041000,0.0103679800,0.0123702800,0.0131310400,0.0134983500,0.0138585600
2022-03-08,0.0023330200,0.0027070700,0.0036466700,0.0048480600,0.0064734800,0.0080844800,0.0107447900,0.0127446200,0.0135113700,0.0138821800,0.0142466700
2022-03-07,0.0023143700,0.0026852700,0.0036211500,0.0047960000,0.0064143100,0.0080183400,0.0106792600,0.0126794200,0.0134366400,0.0138025400,0.0141607200
2022-03-04,0.0021555100,0.0024996500,0.0034295800,0.0043482300,0.0059169700,0.0074722200,0.0101385400,0.0121422400,0.0129099200,0.0132829800,0.0136508500
2022-03-03,0.0019923500,0.0023106200,0.0031393500,0.0039726800,0.0054465100,0.0069087800,0.0095481900,0.0115560100,0.0123207400,0.0126918000,0.0130554500
2022-03-02,0.0019389800,0.0022492200,0.0030289700,0.0038332500,0.0052854100,0.0067264900,0.0093348500,0.0114089700,0.0121676700,0.0125355400,0.0128958700
2022-03-01,0.0018804300,0.0021816300,0.0028714600,0.0036739400,0.0051061500,0.0065276200,0.0091176900,0.0112363500,0.0119980700,0.0123679700,0.0127310000
2022-02-28,0.0018088300,0.0020981000,0.0027204300,0.0034749600,0.0048820300,0.0062789000,0.0088257000,0.0109365400,0.0116964200,0.0120652100,0.0124252900
2022-02-25,0.0017608400,0.0020425600,0.0026323500,0.0033521300,0.0047374700,0.0061130400,0.0086615000,0.0107410400,0.0114903700,0.0118539500,0.0122083100
2022-02-24,0.0018859400,0.0021874300,0.0028976400,0.0036979900,0.0051264600,0.0065441900,0.0090719700,0.0110675700,0.0117598500,0.0120970200,0.0124276000
2022-02-23,0.0017846800,0.0020698100,0.0026798300,0.0034660100,0.0048357400,0.0061957500,0.0086940800,0.0106925400,0.0113880900,0.0117271400,0.0120600000
2022-02-22,0.0018041800,0.0020925600,0.0027467100,0.0035327300,0.0049022300,0.0062620000,0.0087597900,0.0107577500,0.0114445500,0.0117791100,0.0121070500
2022-02-21,0.0017107200,0.0020462400,0.0026693300,0.0034290800,0.0047897300,0.0061292900,0.0086340600,0.0106774300,0.0113644200,0.0116993500,0.0120278300
2022-02-18,0.0016683000,0.0019956700,0.0025620200,0.0033083300,0.0046544200,0.0059801000,0.0084253400,0.0104465800,0.0111315600,0.0114657800,0.0117937200
2022-02-17,0.0016494600,0.0019733400,0.0025063600,0.0032415500,0.0045879300,0.0059138700,0.0083596500,0.0103813200,0.0110691400,0.0114048200,0.0117341700
2022-02-16,0.0016262300,0.0019454400,0.0024396300,0.0031580400,0.0045047900,0.0058645800,0.0082774000,0.0102997600,0.0109889800,0.0113257400,0.0116562300
2022-02-15,0.0016314000,0.0019513400,0.0024619700,0.0031747000,0.0045214100,0.0058811500,0.0082938500,0.0103160600,0.0110016700,0.0113370100,0.0116661500
2022-02-14,0.0016363000,0.0019572300,0.0024998800,0.0032215100,0.0045531900,0.0058974900,0.0083102300,0.0103323900,0.0110119400,0.0113443800,0.0116710900
2022-02-11,0.0015855600,0.0018960700,0.0024132800,0.0030861300,0.0043942500,0.0057148900,0.0080963200,0.0101528800,0.0108739300,0.0112267900,0.0115736300
2022-02-10,0.0015570000,0.0018623400,0.0023409700,0.0030195200,0.0043110300,0.0056152900,0.0079977000,0.0100549800,0.0107828000,0.0111387400,0.0114884600
2022-02-09,0.0015335200,0.0018345000,0.0022819800,0.0029510700,0.0042354400,0.0055323300,0.0079154900,0.0099733900,0.0107004500,0.0110559000,0.0114050700
2022-02-08,0.0015850000,0.0018959100,0.0024077100,0.0030862600,0.0043943700,0.0057150200,0.0080964300,0.0101528700,0.0108761800,0.0112295500,0.0115763100
2022-02-07,0.0015850000,0.0018959100,0.0024077100,0.0030862600,0.0043943700,0.0057150200,0.0080964300,0.0101528700,0.0108761800,0.0112295500,0.0115763100
2022-02-04,0.0015850000,0.0018959100,0.0024077100,0.0030862600,0.0043943700,0.0057150200,0.0080964300,0.0101528700,0.0108761800,0.0112295500,0.0115763100
2022-02-03,0.0015850000,0.0018959100,0.0024077100,0.0030862600,0.0043943700,0.0057150200,0.0080964300,0.0101528700,0.0108761800,0.0112295500,0.0115763100
2022-02-02,0.0015850000,0.0018959100,0.0024077100,0.0030862600,0.0043943700,0.0057150200,0.0080964300,0.0101528700,0.0108761800,0.0112295500,0.0115763100
2022-02-01,0.0015850000,0.0018959100,0.0024077100,0.0030862600,0.0043943700,0.0057150200,0.0080964300,0.0101528700,0.0108761800,0.0112295500,0.0115763100
2022-01-31,0.0015850000,0.0018959100,0.0024077100,0.0030862600,0.0043943700,0.0057150200,0.0080964300,0.0101528700,0.0108761800,0.0112295500,0.0115763100
2022-01-28,0.0015850000,0.0018959100,0.0024077100,0.0030862600,0.0043943700,0.0057150200,0.0080964300,0.0101528700,0.0108761800,0.0112295500,0.0115763100
2022-01-27,0.0013150700,0.0015673300,0.0020900300,0.0027018300,0.0037016600,0.0047282300,0.0067704900,0.0085407100,0.0091867600,0.0095028600,0.0098150700
2022-01-26,0.0012635900,0.0015122100,0.0020077200,0.0026152200,0.0036073100,0.0046255400,0.0066686700,0.0083900200,0.0090343300,0.0093493900,0.0096604700
2022-01-25,0.0013381900,0.0015929800,0.0021342100,0.0027519900,0.0037532100,0.0047813300,0.0068229500,0.0085433100,0.0091861600,0.0095009700,0.0098116700
2022-01-24,0.0013474000,0.0015995500,0.0021367900,0.0027337500,0.0037320400,0.0047565600,0.0067984500,0.0085189900,0.0091623900,0.0094772500,0.0097882800
2022-01-21,0.0012831300,0.0015252400,0.0020446600,0.0025588000,0.0035451600,0.0045565000,0.0065998900,0.0083212300,0.0089628600,0.0092769900,0.0095873400
2022-01-20,0.0012281200,0.0014644400,0.0019516900,0.0024492400,0.0034254300,0.0044258200,0.0064690400,0.0081900300,0.0088296400,0.0091424700,0.0094516600
2022-01-19,0.0012115600,0.0014465500,0.0019277900,0.0024204500,0.0033953900,0.0043946900,0.0064336200,0.0081495700,0.0087878100,0.0091003700,0.0094088900
2022-01-18,0.0012352200,0.0014711500,0.0019483400,0.0024439800,0.0034255400,0.0044319700,0.0064766000,0.0081910300,0.0088336200,0.0091483700,0.0094591000
2022-01-17,0.0012064200,0.0014378200,0.0018831500,0.0023712100,0.0033478700,0.0043489300,0.0063943100,0.0080844500,0.0087272800,0.0090422600,0.0093529700
2022-01-14,0.0011933100,0.0014214000,0.0018574300,0.0023352300,0.0033052000,0.0042990400,0.0063114800,0.0080355600,0.0086749800,0.0089883100,0.0092977900
2022-01-13,0.0011688000,0.0013951000,0.0018149700,0.0022848400,0.0032485900,0.0042357300,0.0062487300,0.0079403500,0.0085749500,0.0088857100,0.0091925300
2022-01-12,0.0011698100,0.0013980300,0.0018301000,0.0023066900,0.0032721700,0.0042607100,0.0062737200,0.0079649300,0.0085998600,0.0089105500,0.0092172300
2022-01-11,0.0011940500,0.0014268900,0.0018911100,0.0023778800,0.0033494500,0.0043448400,0.0063571700,0.0080477700,0.0086812200,0.0089911200,0.0092973500
2022-01-10,0.0012269000,0.0014614300,0.0019270300,0.0024243900,0.0034007500,0.0044015000,0.0064133700,0.0081036000,0.0087383400,0.0090491500,0.0093559000
2022-01-07,0.0012054200,0.0014390700,0.0018986900,0.0023900800,0.0033663400,0.0043670100,0.0063788900,0.0080693000,0.0087085000,0.0090215300,0.0093300700
2022-01-06,0.0012069400,0.0014396200,0.0018927900,0.0023772800,0.0033523600,0.0043515600,0.0063635900,0.0080541000,0.0086906500,0.0090021900,0.0093094400
2022-01-05,0.0011835900,0.0014149000,0.0018579500,0.0023314700,0.0033016100,0.0042954200,0.0063079500,0.0079988400,0.0086319000,0.0089415800,0.0092470300
2022-01-04,0.0011900100,0.0014271700,0.0018743100,0.0023521000,0.0033221200,0.0043159600,0.0063283100,0.0080190600,0.0086524900,0.0089624300,0.0092683400
2022-01-03,0.0012908800,0.0015393500,0.0019617600,0.0024759500,0.0034924700,0.0045336800,0.0065101000,0.0081994700,0.0088331200,0.0091432000,0.0094495000
2021-12-31,0.0012862200,0.0015337800,0.0019589500,0.0024740000,0.0034914300,0.0045333100,0.0065101200,0.0081994000,0.0088333800,0.0091436700,0.0094503700
2021-12-30,0.0012868000,0.0015343800,0.0019584300,0.0024724800,0.0034905800,0.0045331400,0.0065097100,0.0081991000,0.0088330200,0.0091437800,0.0094503700
2021-12-29,0.0012879800,0.0015358600,0.0019559600,0.0024667600,0.0034879900,0.0045337000,0.0065102100,0.0081997300,0.0088339700,0.0091447500,0.0094518800
2021-12-28,0.0012934000,0.0015422200,0.0019463900,0.0024433200,0.0034767900,0.0045345100,0.0065104800,0.0081996900,0.0088343400,0.0091458500,0.0094532900
2021-12-27,0.0012958500,0.0015453800,0.0019476900,0.0024442700,0.0034773400,0.0045349900,0.0065108500,0.0081998200,0.0088347500,0.0091463800,0.0094537800
2021-12-24,0.0012865000,0.0015338600,0.0019426600,0.0024411400,0.0034755200,0.0045339600,0.0065105600,0.0081999100,0.0088350500,0.0091462400,0.0094537500
2021-12-23,0.0012862000,0.0015335200,0.0019419600,0.0024404000,0.0034746400,0.0045328700,0.0065094900,0.0081990500,0.0088343300,0.0091459000,0.0094539100
2021-12-22,0.0012892400,0.0015357700,0.0019446300,0.0024431900,0.0034775800,0.0045359900,0.0065126600,0.0082019800,0.0088362800,0.0091479500,0.0094552800
2021-12-21,0.0012948500,0.0015420100,0.0019507400,0.0024494000,0.0034835200,0.0045421000,0.0065186300,0.0082078300,0.0088428900,0.0091552600,0.0094640600
2021-12-20,0.0012869300,0.0015334700,0.0019422200,0.0024408600,0.0034751800,0.0045338600,0.0065104400,0.0081997800,0.0088348600,0.0091474700,0.0094567900
2021-12-17,0.0012868000,0.0015334900,0.0019422500,0.0024409100,0.0034752500,0.0045339500,0.0065105200,0.0081998200,0.0088348400,0.0091474100,0.0094566800
2021-12-16,0.0012756000,0.0015225900,0.0019276300,0.0024216300,0.0034492300,0.0045006000,0.0064775200,0.0081670600,0.0087995900,0.0091108300,0.0094195800
2021-12-15,0.0012953400,0.0015446500,0.0019738100,0.0024715200,0.0035056300,0.0045642000,0.0065745500,0.0082632600,0.0088977400,0.0092099700,0.0095198600
2021-12-14,0.0012911500,0.0015402400,0.0019676500,0.0024633300,0.0034975300,0.0045559100,0.0065677600,0.0082563600,0.0088905000,0.0092029500,0.0095128300
2021-12-13,0.0012678300,0.0015155000,0.0019346400,0.0024215400,0.0034551100,0.0045126600,0.0065313100,0.0082200800,0.0088526000,0.0091644800,0.0094737900
2021-12-10,0.0012887500,0.0015385700,0.0019525700,0.0024349900,0.0034867900,0.0045626700,0.0066057900,0.0082939500,0.0089317400,0.0092460300,0.0095586700
2021-12-09,0.0012816500,0.0015320600,0.0019484000,0.0024327700,0.0034856400,0.0045627400,0.0066058200,0.0082946900,0.0089339900,0.0092493600,0.0095628800
2021-12-08,0.0012994900,0.0015521100,0.0019770600,0.0024698800,0.0035268400,0.0046088300,0.0066513400,0.0083433800,0.0089853000,0.0093021500,0.0096178600
2021-12-07,0.0012784400,0.0015319000,0.0019643100,0.0024602400,0.0035150000,0.0045940500,0.0066365600,0.0083408600,0.0089834300,0.0093006800,0.0096165000
2021-12-06,0.0013299000,0.0015860600,0.0020585400,0.0025800000,0.0036444800,0.0047341800,0.0067755800,0.0085283000,0.0091765000,0.0094966200,0.0098150200
2021-12-03,0.0013231200,0.0015782600,0.0020438600,0.0025592100,0.0036233600,0.0047128800,0.0067543500,0.0085070100,0.0091539200,0.0094734400,0.0097915900
2021-12-02,0.0013245100,0.0015788900,0.0020411400,0.0025549300,0.0036181300,0.0047064000,0.0067479400,0.0085001300,0.0091475400,0.0094668200,0.0097846900
2021-12-01,0.0012993300,0.0015515600,0.0020000700,0.0025076600,0.0035666800,0.0046503500,0.0066926400,0.0084434700,0.0090906400,0.0094099100,0.0097273700
2021-11-30,0.0013174200,0.0015709100,0.0020247800,0.0025389800,0.0036009500,0.0046877900,0.0067297100,0.0084738400,0.0091221400,0.0094420500,0.0097593800
2021-11-29,0.0013083600,0.0015596600,0.0020070100,0.0025157300,0.0035694100,0.0046478100,0.0066899300,0.0084083600,0.0090537500,0.0093720000,0.0096878500
2021-11-26,0.0013605900,0.0016105000,0.0020597500,0.0025777800,0.0036186400,0.0046843000,0.0067263300,0.0084381800,0.0090884700,0.0094093100,0.0097278300
2021-11-25,0.0012126800,0.0014469800,0.0018733200,0.0023637900,0.0033339000,0.0043277600,0.0063732700,0.0080628900,0.0087067700,0.0090246800,0.0093396400
2021-11-24,0.0012214900,0.0014552800,0.0018783200,0.0023675400,0.0033374600,0.0043309400,0.0063766300,0.0080660800,0.0087101900,0.0090284000,0.0093437200
2021-11-23,0.0012132700,0.0014451800,0.0018555200,0.0023397100,0.0033077000,0.0042998100,0.0063458300,0.0080349700,0.0086801500,0.0089988100,0.0093153200
2021-11-22,0.0011999700,0.0014300600,0.0018383200,0.0023200200,0.0032801700,0.0042655600,0.0063119200,0.0079996000,0.0086424200,0.0089602800,0.0092757500
2021-11-19,0.0011907000,0.0014184800,0.0018282700,0.0023133800,0.0032628900,0.0042435900,0.0062901700,0.0079712700,0.0086122300,0.0089288000,0.0092437500
2021-11-18,0.0011412800,0.0013619600,0.0017466600,0.0022112200,0.0031690300,0.0041820000,0.0062289700,0.0078819400,0.0085199400,0.0088349400,0.0091477500
2021-11-17,0.0011719100,0.0013981500,0.0017966800,0.0022782700,0.0032182800,0.0041812300,0.0062287200,0.0079190700,0.0085604400,0.0088774000,0.0091921500
2021-11-16,0.0011720700,0.0013986300,0.0017967800,0.0022782800,0.0032184600,0.0041812400,0.0062286000,0.0079192500,0.0085607200,0.0088782700,0.0091934300
2021-11-15,0.0011752700,0.0014018500,0.0018000500,0.0022811600,0.0032213800,0.0041845100,0.0062318100,0.0079225300,0.0085648100,0.0088828400,0.0091990900
2021-11-12,0.0011757500,0.0014022200,0.0017992800,0.0022794600,0.0032204500,0.0041841300,0.0062313700,0.0079220700,0.0085660700,0.0088848300,0.0092024700
2021-11-11,0.0011569200,0.0013832100,0.0017765800,0.0022532200,0.0031963000,0.0041623400,0.0062097600,0.0079005800,0.0085448600,0.0088635900,0.0091809300
2021-11-10,0.0011428500,0.0013712500,0.0017665600,0.0022459500,0.0031975300,0.0041721500,0.0062196500,0.0079103000,0.0085566500,0.0088767800,0.0091946700
2021-11-09,0.0011772800,0.0014067600,0.0017998400,0.0022762000,0.0032405900,0.0042282100,0.0062750900,0.0079653100,0.0086122200,0.0089321200,0.0092493400
2021-11-08,0.0011711000,0.0014020200,0.0018018800,0.0022824500,0.0032486900,0.0042383100,0.0062848300,0.0079749500,0.0086224400,0.0089423400,0.0092601200
2021-11-05,0.0011812000,0.0014170700,0.0018435500,0.0023409800,0.0033136800,0.0043103700,0.0063561800,0.0080457300,0.0086956800,0.0090164600,0.0093351200
2021-11-04,0.0012429300,0.0014864500,0.0019746700,0.0024902900,0.0034691300,0.0044720500,0.0065164800,0.0082049700,0.0088508900,0.0091686000,0.0094842500
2021-11-03,0.0012676300,0.0015151000,0.0020276300,0.0025519300,0.0035356200,0.0045439300,0.0065877000,0.0082756900,0.0089253200,0.0092425700,0.0095585100
2021-11-02,0.0012805700,0.0015301300,0.0020472500,0.0025762100,0.0035597400,0.0045678100,0.0066113600,0.0082991400,0.0089607500,0.0092756400,0.0095903400
2021-11-01,0.0012862300,0.0015411600,0.0020617000,0.0025950600,0.0035853100,0.0046007700,0.0066440600,0.0083316100,0.0090252300,0.0093286000,0.0096329900
2021-10-29,0.0012604800,0.0015340500,0.0020419900,0.0025902400,0.0035649500,0.0045653000,0.0066079900,0.0082807000,0.0090576000,0.0093198200,0.0095869800
2021-10-28,0.0011715300,0.0015259400,0.0020448700,0.0026549500,0.0035830500,0.0045379000,0.0065777200,0.0082058000,0.0092285500,0.0093705700,0.0095283000
2021-10-27,0.0011776300,0.0015242800,0.0020425100,0.0026463600,0.0035787400,0.0045257000,0.0065813400,0.0081926400,0.0092064600,0.0093492500,0.0095037100
2021-10-26,0.0011869700,0.0015518900,0.0020591800,0.0026428200,0.0036041500,0.0045718700,0.0066683600,0.0082666100,0.0092650100,0.0094228700,0.0095638900
2021-10-25,0.0012234300,0.0015905700,0.0021225500,0.0027210400,0.0036830400,0.0046549600,0.0067447800,0.0083295200,0.0093294900,0.0094832400,0.0096211800
2021-10-22,0.0012434900,0.0016040400,0.0021483100,0.0027561000,0.0036887800,0.0046415600,0.0067207900,0.0082765200,0.0092644400,0.0093850900,0.0094962200
2021-10-21,0.0012397800,0.0015992400,0.0021457100,0.0027830100,0.0037089200,0.0046429300,0.0067075200,0.0082712300,0.0092600800,0.0093803100,0.0094920200
2021-10-20,0.0012232900,0.0015893100,0.0021435200,0.0028162900,0.0037220500,0.0046526800,0.0066747000,0.0082645000,0.0092520500,0.0093720600,0.0094855800
2021-10-19,0.0011696200,0.0015127000,0.0020869300,0.0028201300,0.0037232400,0.0046283900,0.0066076500,0.0081966500,0.0091748300,0.0092939600,0.0094162600
2021-10-18,0.0011884600,0.0015331800,0.0021204200,0.0028389900,0.0037653300,0.0047112500,0.0067258100,0.0083323600,0.0093201400,0.0094419400,0.0095547600
2021-10-15,0.0011745200,0.0015280800,0.0021007900,0.0028107700,0.0037438200,0.0046774500,0.0066932700,0.0082995400,0.0092872600,0.0094209500,0.0095316600
2021-10-14,0.0012097400,0.0015744100,0.0021610100,0.0028358000,0.0037759700,0.0047287400,0.0067557200,0.0083537200,0.0093405900,0.0094735000,0.0095862500
2021-10-13,0.0012585200,0.0016335100,0.0022338900,0.0029233900,0.0038632100,0.0048372100,0.0068597100,0.0084554900,0.0094428200,0.0095647600,0.0096878800
2021-10-12,0.0012686800,0.0016345900,0.0022312800,0.0029179100,0.0038586000,0.0048347100,0.0068551900,0.0084617900,0.0094332400,0.0095657100,0.0096792700
2021-10-11,0.0012592800,0.0016228400,0.0021996300,0.0028711300,0.0038146600,0.0047988700,0.0068104600,0.0084365000,0.0094264000,0.0095476900,0.0096707800
2021-10-08,0.0012475300,0.0016119900,0.0021832000,0.0027987700,0.0037378000,0.0047280000,0.0067567800,0.0084021500,0.0093983800,0.0095195600,0.0096319700
2021-10-07,0.0012212400,0.0015807400,0.0021475500,0.0028002800,0.0037268300,0.0046954600,0.0067035000,0.0083357700,0.0093232200,0.0094430800,0.0095554700
2021-10-06,0.0012543100,0.0016129400,0.0021903900,0.0028523400,0.0037913400,0.0047627000,0.0068096000,0.0084354100,0.0094299000,0.0095507500,0.0096733200
2021-10-05,0.0011833200,0.0015339500,0.0020600900,0.0026807200,0.0035701400,0.0044975500,0.0065167900,0.0081465500,0.0091268100,0.0092465000,0.0093584500
2021-10-04,0.0011675200,0.0015125400,0.0020506600,0.0026768300,0.0035661400,0.0044910700,0.0065288700,0.0081648400,0.0091577300,0.0092791600,0.0093913200
2021-10-01,0.0011011100,0.0014382500,0.0019668300,0.0026206200,0.0035146600,0.0044136300,0.0064387600,0.0080763900,0.0090617200,0.0091833200,0.0092945800
2021-09-30,0.0011170900,0.0014511100,0.0019876200,0.0026371700,0.0035268100,0.0044355400,0.0064664200,0.0080786400,0.0090628400,0.0091952800,0.0093056200
2021-09-29,0.0011468600,0.0014870600,0.0020246100,0.0026664100,0.0035638800,0.0044884100,0.0065647900,0.0081821900,0.0091796400,0.0093142100,0.0094273000
2021-09-28,0.0011681100,0.0015184800,0.0020477400,0.0026961900,0.0035981300,0.0045329900,0.0065970600,0.0082184900,0.0092168700,0.0093391100,0.0094533500
2021-09-27,0.0011529000,0.0014921400,0.0019933500,0.0026269400,0.0035221600,0.0044638500,0.0064959400,0.0081279700,0.0091221100,0.0092431200,0.0093561400
2021-09-24,0.0011712900,0.0015233400,0.0020160500,0.0026214800,0.0035075400,0.0044388500,0.0064515500,0.0080693700,0.0090540900,0.0091740000,0.0092865400
2021-09-23,0.0011119000,0.0014610200,0.0019359000,0.0025166700,0.0033831500,0.0043168200,0.0063334900,0.0079186700,0.0088761800,0.0089941700,0.0091068800
2021-09-22,0.0011303700,0.0014854900,0.0019833400,0.0025672000,0.0034409000,0.0043783600,0.0063969000,0.0079929500,0.0089445100,0.0090640100,0.0091897300
2021-09-21,0.0011799600,0.0015349900,0.0020419700,0.0026356000,0.0035114100,0.0044745100,0.0064625100,0.0080426800,0.0089997200,0.0091196700,0.0092338800
2021-09-20,0.0012107900,0.0015575000,0.0020697300,0.0026815500,0.0035771800,0.0045326700,0.0065766100,0.0081787900,0.0091472200,0.0092695000,0.0093925800
2021-09-17,0.0009597200,0.0012813600,0.0017251900,0.0022893700,0.0030531900,0.0039121000,0.0059755800,0.0075646200,0.0085435900,0.0086584100,0.0088098900
2021-09-16,0.0009655900,0.0012998400,0.0017477500,0.0023064900,0.0030606300,0.0039115300,0.0059975300,0.0075841600,0.0085681400,0.0086834500,0.0088362700
2021-09-15,0.0009540500,0.0012699000,0.0017120800,0.0022671100,0.0030699900,0.0039211700,0.0060095000,0.0076186600,0.0086030100,0.0087189500,0.0088728500
2021-09-14,0.0009387100,0.0012485700,0.0016753500,0.0022114900,0.0030144400,0.0038660900,0.0059688800,0.0075724900,0.0085530700,0.0086682600,0.0088111900
2021-09-13,0.0009381700,0.0012480300,0.0016732200,0.0022117100,0.0030092700,0.0038598600,0.0059606400,0.0075704200,0.0085542200,0.0086696600,0.0088238500
2021-09-10,0.0009594500,0.0012535200,0.0016822900,0.0022194000,0.0030049600,0.0038577000,0.0059462500,0.0075902200,0.0085770100,0.0086931100,0.0088425100
2021-09-09,0.0009647500,0.0012596400,0.0016850500,0.0022331300,0.0030199800,0.0038668100,0.0059582000,0.0076013200,0.0085893200,0.0087072300,0.0088465700
2021-09-08,0.0009685300,0.0012699100,0.0016825200,0.0022627800,0.0030277600,0.0038677300,0.0059540900,0.0075905400,0.0085947500,0.0087247000,0.0088619000
2021-09-07,0.0009621800,0.0012516200,0.0016712900,0.0022461000,0.0030022600,0.0038185200,0.0059233600,0.0075243000,0.0085233600,0.0086391400,0.0087879800
2021-09-06,0.0009623000,0.0012544100,0.0016819800,0.0022199600,0.0029870300,0.0037988500,0.0058811300,0.0074940800,0.0084910000,0.0086066600,0.0087559700
2021-09-03,0.0009014700,0.0011853300,0.0016272000,0.0021662000,0.0029643000,0.0038215300,0.0058392200,0.0075557000,0.0085555300,0.0086721700,0.0088219800
2021-09-02,0.0009011400,0.0011840200,0.0016121300,0.0021689600,0.0029631100,0.0038084200,0.0058368500,0.0075522600,0.0085531300,0.0086700000,0.0088196300
2021-09-01,0.0008886100,0.0011690100,0.0016125100,0.0021521200,0.0029491400,0.0038091800,0.0058350000,0.0075482300,0.0085517400,0.0086701900,0.0088200700
2021-08-31,0.0009286700,0.0012164500,0.0016394200,0.0021991000,0.0029928600,0.0038468700,0.0059062700,0.0075588200,0.0085894300,0.0087205600,0.0088785400
2021-08-30,0.0009792400,0.0012697300,0.0017112200,0.0022405900,0.0030598800,0.0039286800,0.0059899300,0.0076755400,0.0087118500,0.0088438700,0.0090046100
2021-08-27,0.0010233100,0.0013250900,0.0017571000,0.0022709100,0.0031082000,0.0039593100,0.0060658700,0.0077001900,0.0087372400,0.0088699500,0.0090313500
2021-08-26,0.0009639900,0.0012564200,0.0017086800,0.0022334700,0.0030553100,0.0039238700,0.0059996200,0.0076522900,0.0086707000,0.0088037800,0.0089629200
2021-08-25,0.0009571000,0.0012490600,0.0016683300,0.0021734700,0.0029960100,0.0038507100,0.0059368400,0.0075719700,0.0085899800,0.0087342400,0.0088818600
2021-08-24,0.0009494900,0.0012401400,0.0016563000,0.0021581800,0.0029811300,0.0038378600,0.0059497600,0.0075727000,0.0085857100,0.0087174800,0.0088772200
2021-08-23,0.0009565300,0.0012487000,0.0016811800,0.0022010700,0.0030229100,0.0038535100,0.0059834800,0.0075999400,0.0085937100,0.0087262600,0.0088794700
2021-08-20,0.0010282800,0.0013328900,0.0017457100,0.0022440200,0.0030775200,0.0039294500,0.0060927800,0.0076659200,0.0086621800,0.0087970300,0.0089594200
2021-08-19,0.0009735800,0.0012680600,0.0016850400,0.0021877500,0.0030276100,0.0038566000,0.0060022100,0.0075940700,0.0085733900,0.0087191400,0.0088684000
2021-08-18,0.0009635200,0.0012537000,0.0016764800,0.0021673200,0.0030163700,0.0038536600,0.0059693300,0.0075868700,0.0085795500,0.0087236600,0.0088734800
2021-08-17,0.0009607400,0.0012430900,0.0016671300,0.0021552800,0.0029932700,0.0038421700,0.0059626600,0.0075843600,0.0085800000,0.0087119100,0.0088728800
2021-08-16,0.0009553900,0.0012453800,0.0016860800,0.0022200800,0.0030115000,0.0038636500,0.0059514200,0.0075881000,0.0085805000,0.0087124000,0.0088632100
2021-08-13,0.0009701400,0.0012673600,0.0017075200,0.0022050500,0.0030000200,0.0038590200,0.0059522500,0.0075839100,0.0085802100,0.0087138200,0.0088699000
2021-08-12,0.0009924700,0.0012927300,0.0017333100,0.0022444500,0.0030333500,0.0038930100,0.0059725800,0.0076231900,0.0086278000,0.0087733500,0.0089178300
2021-08-11,0.0010430400,0.0013522600,0.0017803300,0.0022634400,0.0030888700,0.0039581200,0.0060770900,0.0076902600,0.0087547500,0.0088925300,0.0090419300
2021-08-10,0.0010584300,0.0013576800,0.0017768300,0.0022719200,0.0030898800,0.0039434400,0.0060831100,0.0076657300,0.0088961700,0.0090679200,0.0091982200
2021-08-09,0.0010072200,0.0012795200,0.0017471500,0.0022642600,0.0030730000,0.0039480400,0.0060006500,0.0076544200,0.0088812400,0.0090490800,0.0091784400
2021-08-06,0.0009439600,0.0012050900,0.0016955600,0.0022427100,0.0030900500,0.0039601400,0.0060217100,0.0076577100,0.0088897400,0.0090421500,0.0091718200
2021-08-05,0.0010057000,0.0012860700,0.0017532900,0.0022762200,0.0031473100,0.0039921400,0.0060978700,0.0077134700,0.0089313000,0.0090736600,0.0091910300
2021-08-04,0.0010245300,0.0013197900,0.0017901000,0.0023164000,0.0031916200,0.0040421000,0.0061466900,0.0077696300,0.0089906200,0.0090571700,0.0091334400
2021-08-03,0.0010744600,0.0013682700,0.0018347000,0.0023570100,0.0032197200,0.0040624800,0.0061433600,0.0077804200,0.0090189700,0.0091011100,0.0091955600
2021-08-02,0.0010433200,0.0013260700,0.0017731700,0.0022750900,0.0031388400,0.0039986100,0.0061234200,0.0077259200,0.0089379700,0.0091115200,0.0092623900
2021-07-30,0.0010292200,0.0012990700,0.0017546400,0.0022836900,0.0031355500,0.0040003100,0.0060971400,0.0077208800,0.0088931300,0.0090859700,0.0092653100
2021-07-29,0.0010414700,0.0013233600,0.0017832000,0.0023115300,0.0031451100,0.0040185900,0.0060946000,0.0077352600,0.0088327000,0.0090651700,0.0093570300
2021-07-28,0.0011027400,0.0014063900,0.0018610700,0.0023887000,0.0032139900,0.0040979800,0.0061875600,0.0078310100,0.0088384700,0.0090611600,0.0093385600
2021-07-27,0.0011432400,0.0014467900,0.0019117900,0.0024383400,0.0032633300,0.0041563000,0.0062130300,0.0078903700,0.0090337600,0.0092855200,0.0095807500
2021-07-26,0.0011004700,0.0013902400,0.0018148500,0.0023099500,0.0031558800,0.0040255800,0.0061092800,0.0077616300,0.0089021700,0.0091383700,0.0094301400
2021-07-23,0.0010538800,0.0013323700,0.0017950700,0.0023103600,0.0031494100,0.0040084600,0.0061083300,0.0077431400,0.0088668700,0.0091017900,0.0093940000
2021-07-22,0.0010794800,0.0013689400,0.0018221100,0.0023235100,0.0031711700,0.0040318400,0.0061515900,0.0077657800,0.0088914100,0.0091283900,0.0094202200
2021-07-21,0.0010582600,0.0013442000,0.0018419100,0.0024025900,0.0032191900,0.0040780600,0.0061488100,0.0078075600,0.0089381700,0.0091874300,0.0094778300
2021-07-20,0.0010535000,0.0013308200,0.0018285900,0.0024257600,0.0032572500,0.0041346600,0.0062118100,0.0078739800,0.0090196200,0.0092582900,0.0095511700
2021-07-19,0.0010719100,0.0013546400,0.0018263500,0.0024104100,0.0032291700,0.0040853700,0.0061782800,0.0078287700,0.0089714500,0.0092087700,0.0095000100
2021-07-16,0.0010338600,0.0013096100,0.0017931600,0.0023187600,0.0031601800,0.0040158200,0.0060808100,0.0077710600,0.0088957500,0.0091308400,0.0094214300
2021-07-15,0.0010227700,0.0012924100,0.0017784700,0.0023368400,0.0031584100,0.0040224900,0.0060957900,0.0077584000,0.0088753200,0.0091078300,0.0093938500
2021-07-14,0.0010238600,0.0012965500,0.0017865700,0.0023340100,0.0031577300,0.0040237400,0.0060997600,0.0077572800,0.0088881700,0.0091214800,0.0094064000
2021-07-13,0.0010648800,0.0013419100,0.0018265200,0.0023612300,0.0032016600,0.0040634300,0.0061465900,0.0077935500,0.0089229200,0.0091556400,0.0094404100
2021-07-12,0.0010761600,0.0013570000,0.0018428500,0.0023828000,0.0032240400,0.0040890800,0.0061720300,0.0078204200,0.0089485100,0.0091832300,0.0094680900
2021-07-09,0.0011118300,0.0014044700,0.0018800900,0.0024346400,0.0032719100,0.0041506100,0.0062326900,0.0078944000,0.0090174600,0.0092662100,0.0095422300
2021-07-08,0.0011822300,0.0014872200,0.0019578500,0.0025094800,0.0033232600,0.0042050900,0.0063047900,0.0079418100,0.0090714800,0.0093232100,0.0096133400
2021-07-07,0.0010769300,0.0013694300,0.0018368900,0.0024263000,0.0032121700,0.0040724300,0.0061634300,0.0077802600,0.0089030500,0.0091504400,0.0094378100
2021-07-06,0.0011484700,0.0014497500,0.0019094100,0.0024549200,0.0032368300,0.0040790500,0.0062005100,0.0077923800,0.0089213200,0.0091565800,0.0094457200
2021-07-05,0.0010224500,0.0012926000,0.0017638300,0.0023398500,0.0031224700,0.0039631600,0.0060640500,0.0076737400,0.0087889500,0.0090217100,0.0093056000
2021-07-02,0.0010497900,0.0013273700,0.0018033900,0.0023638100,0.0031696300,0.0040161800,0.0061077600,0.0077309300,0.0088525200,0.0090982300,0.0093840100
2021-07-01,0.0010979800,0.0013927500,0.0018661200,0.0024006300,0.0032089100,0.0040536200,0.0061485800,0.0077679300,0.0089053100,0.0091390000,0.0094239700
2021-06-30,0.0010681500,0.0013364400,0.0018039000,0.0023465800,0.0031801200,0.0040404900,0.0061305900,0.0077582500,0.0088732900,0.0091001000,0.0093732300
2021-06-29,0.0010695900,0.0012910300,0.0017822600,0.0023502100,0.0031676800,0.0040347400,0.0060976400,0.0077583700,0.0088550100,0.0090352500,0.0092898800
2021-06-28,0.0011166000,0.0013383000,0.0018120000,0.0023776900,0.0032062900,0.0040403100,0.0061321600,0.0077731100,0.0088881600,0.0091350800,0.0094090600
2021-06-25,0.0011651300,0.0013987500,0.0018265500,0.0023167000,0.0031531900,0.0040209300,0.0061488600,0.0077824000,0.0089053800,0.0091534900,0.0094392200
2021-06-24,0.0011166000,0.0013400900,0.0018315600,0.0023867000,0.0031950000,0.0040548200,0.0061213100,0.0077778900,0.0088987500,0.0091446900,0.0094188700
2021-06-23,0.0011167100,0.0013399300,0.0018077400,0.0023491800,0.0031832000,0.0040775600,0.0061494400,0.0078163400,0.0089521100,0.0091875600,0.0094728400
2021-06-22,0.0010634500,0.0012785200,0.0018057100,0.0023909200,0.0032199200,0.0041370300,0.0061717300,0.0078759300,0.0089962800,0.0092446600,0.0095309700
2021-06-21,0.0012194600,0.0014783600,0.0019324100,0.0024598700,0.0033039400,0.0042123200,0.0063360600,0.0079656900,0.0090846400,0.0093350200,0.0096269700
2021-06-18,0.0012109400,0.0014733000,0.0019674600,0.0025446400,0.0033644400,0.0042076700,0.0063140300,0.0079261400,0.0090437100,0.0092824200,0.0095750100
2021-06-17,0.0012047700,0.0014738800,0.0019447100,0.0025006000,0.0033325000,0.0041684400,0.0062586100,0.0078903400,0.0090075100,0.0092558200,0.0095458200
2021-06-16,0.0011595000,0.0014102800,0.0018583500,0.0023808700,0.0032177100,0.0041043500,0.0061789200,0.0078483600,0.0089851000,0.0092197500,0.0095047300
2021-06-15,0.0011864200,0.0014434500,0.0019117200,0.0024268000,0.0032376800,0.0040989600,0.0061815300,0.0078336400,0.0089681900,0.0092039800,0.0094874500
2021-06-14,0.0012087100,0.0014711300,0.0019341800,0.0024398200,0.0032612800,0.0041207500,0.0062123700,0.0078702800,0.0089917200,0.0092378900,0.0095219500
2021-06-11,0.0012308300,0.0015078900,0.0020189800,0.0025115500,0.0033434100,0.0041671800,0.0062620600,0.0079402400,0.0091145200,0.0093505800,0.0096338100
2021-06-10,0.0011508700,0.0014086300,0.0019269800,0.0024590900,0.0033083500,0.0041552100,0.0062360600,0.0079272300,0.0091046400,0.0093453800,0.0096303200
2021-06-09,0.0011523700,0.0014095500,0.0019252000,0.0024640300,0.0033239000,0.0041717300,0.0062538200,0.0079378200,0.0091150000,0.0093562900,0.0096403100
2021-06-08,0.0012388800,0.0015088700,0.0020301100,0.0025594500,0.0033975500,0.0042238600,0.0063448200,0.0079953400,0.0091741500,0.0094179800,0.0096965100
2021-06-07,0.0012148000,0.0014896300,0.0020071600,0.0025728800,0.0034218300,0.0042576900,0.0063128700,0.0080640600,0.0092391900,0.0094955300,0.0097756700
2021-06-04,0.0011698600,0.0014322800,0.0019449800,0.0025068700,0.0033760000,0.0042419500,0.0063260500,0.0080367400,0.0092173300,0.0094600300,0.0097396700
2021-06-03,0.0012591400,0.0015287800,0.0020473400,0.0025483600,0.0034130200,0.0043012800,0.0064150100,0.0081172600,0.0093056900,0.0095504800,0.0098319900
2021-06-02,0.0011664700,0.0014341800,0.0019750400,0.0025142300,0.0033505900,0.0042191300,0.0062782200,0.0080393200,0.0092059700,0.0094494700,0.0097323200
2021-06-01,0.0011820600,0.0014556200,0.0020167500,0.0025539500,0.0033901800,0.0042595200,0.0062999400,0.0080612400,0.0092253500,0.0094700200,0.0097515800
2021-05-31,0.0012338000,0.0015136300,0.0020936500,0.0026106600,0.0034518900,0.0043500100,0.0064010200,0.0081844500,0.0093398500,0.0095993700,0.0098838200
2021-05-28,0.0012322800,0.0015120400,0.0021011600,0.0026414200,0.0034865700,0.0043654600,0.0064127700,0.0082084500,0.0093662500,0.0096265200,0.0099103400
2021-05-27,0.0012111500,0.0014873300,0.0020708600,0.0026231200,0.0034690200,0.0043695900,0.0064345400,0.0081961100,0.0093610200,0.0096191100,0.0098875300
2021-05-26,0.0012325300,0.0014957500,0.0021226300,0.0027143400,0.0035815600,0.0044772000,0.0065455500,0.0083163900,0.0094943800,0.0097539400,0.0100384800
2021-05-25,0.0012739600,0.0015572500,0.0021764800,0.0027741500,0.0036434900,0.0045345400,0.0066152800,0.0083687200,0.0095615300,0.0098105000,0.0100960100
2021-05-24,0.0012622800,0.0015344800,0.0021708600,0.0027819200,0.0036654500,0.0045721100,0.0066094900,0.0083467800,0.0095033000,0.0097499800,0.0100367900
2021-05-21,0.0013192100,0.0016076900,0.0022455400,0.0028015600,0.0036658000,0.0045419300,0.0066078300,0.0083267500,0.0094968700,0.0097455600,0.0100361600
2021-05-20,0.0012707800,0.0015488400,0.0021575800,0.0027598000,0.0036197900,0.0045017500,0.0065362000,0.0082182900,0.0093781700,0.0096234600,0.0099201200
2021-05-19,0.0012995500,0.0015779100,0.0021528000,0.0027422800,0.0035999000,0.0044938200,0.0065348500,0.0082054000,0.0093680200,0.0096145700,0.0099079400
2021-05-18,0.0012149500,0.0014758400,0.0020396500,0.0026699600,0.0035010200,0.0043550000,0.0063728300,0.0080072300,0.0091515200,0.0094086600,0.0096884900
2021-05-17,0.0010727500,0.0013135000,0.0019314600,0.0026066200,0.0034105000,0.0042856600,0.0061624300,0.0078687500,0.0089922800,0.0092429200,0.0095303800
2021-05-14,0.0011904700,0.0014585200,0.0020248000,0.0026001600,0.0034390900,0.0043085300,0.0063443300,0.0080167900,0.0091606200,0.0094039000,0.0096996700
2021-05-13,0.0012625200,0.0015415600,0.0021205800,0.0026873900,0.0035401100,0.0044122300,0.0064740300,0.0081474000,0.0093092800,0.0095553200,0.0098528100
2021-05-12,0.0012504100,0.0015261600,0.0021118300,0.0026916200,0.0035446200,0.0044036200,0.0064654600,0.0081358500,0.0093030000,0.0095489100,0.0098440300
2021-05-11,0.0012294900,0.0014887500,0.0020544700,0.0026655100,0.0035114600,0.0043645200,0.0063790000,0.0080361700,0.0091890000,0.0094324600,0.0097262900
2021-05-10,0.0011010000,0.0013491800,0.0019097100,0.0025393500,0.0033931300,0.0042392800,0.0061797600,0.0078711700,0.0090017900,0.0092432100,0.0095319500
2021-05-07,0.0011199900,0.0013740100,0.0019235300,0.0025697900,0.0033994100,0.0042612700,0.0062406200,0.0078756800,0.0090070500,0.0092615900,0.0095401800
2021-05-06,0.0011510800,0.0014108500,0.0019636700,0.0026311800,0.0034441100,0.0042890100,0.0063000500,0.0078830500,0.0090148300,0.0092696400,0.0095587400
2021-05-05,0.0012373100,0.0015124800,0.0020631700,0.0027277800,0.0035262300,0.0043552400,0.0063492100,0.0079810800,0.0091242600,0.0093817300,0.0096740300
2021-05-04,0.0011489300,0.0014041600,0.0019382000,0.0025954900,0.0034294500,0.0042865200,0.0063438000,0.0079281600,0.0090611100,0.0093169000,0.0096058800
2021-05-03,0.0011939400,0.0014525900,0.0019717100,0.0025459100,0.0033825400,0.0042659300,0.0063416800,0.0079570600,0.0090874300,0.0093446500,0.0096257500
2021-04-30,0.0011562000,0.0014064100,0.0019451900,0.0025748600,0.0033858600,0.0042417200,0.0062738100,0.0079001800,0.0090225500,0.0092777600,0.0095571300
2021-04-29,0.0011445800,0.0013930100,0.0019243100,0.0025635000,0.0033834100,0.0042451900,0.0062508300,0.0078676400,0.0089873200,0.0092408500,0.0095192500
2021-04-28,0.0011759500,0.0014409900,0.0019898200,0.0025688200,0.0034064900,0.0042891300,0.0063224100,0.0079757400,0.0090972900,0.0093539100,0.0096483600
2021-04-27,0.0013128600,0.0016077500,0.0020914700,0.0025900600,0.0034416600,0.0043135300,0.0064542900,0.0080986300,0.0092416600,0.0095028500,0.0098031500
2021-04-26,0.0012390300,0.0015207600,0.0020354400,0.0025416700,0.0033727500,0.0042700200,0.0063161500,0.0080341300,0.0091668800,0.0094255000,0.0097244900
2021-04-23,0.0013280300,0.0016272000,0.0021374100,0.0026528700,0.0034465900,0.0043211100,0.0063801200,0.0080306200,0.0091747900,0.0094222500,0.0097219300
2021-04-22,0.0012914400,0.0015832900,0.0020301500,0.0025597200,0.0033872500,0.0042503900,0.0063565200,0.0079841400,0.0091357100,0.0093834900,0.0096804100
2021-04-21,0.0012163400,0.0015005100,0.0020276200,0.0025823400,0.0034075800,0.0042617300,0.0063362200,0.0080038600,0.0091345200,0.0093955800,0.0096945700
2021-04-20,0.0012152500,0.0014713300,0.0020000100,0.0025780900,0.0034085400,0.0042622000,0.0063095300,0.0079854200,0.0091341000,0.0093941700,0.0096899600
2021-04-19,0.0011457500,0.0013913600,0.0019110700,0.0024587000,0.0032966700,0.0041540600,0.0062102700,0.0078860300,0.0090322000,0.0092891100,0.0095829700
2021-04-16,0.0011282700,0.0013713500,0.0019066900,0.0024539200,0.0032810500,0.0041312300,0.0061277500,0.0078485400,0.0090000700,0.0092425700,0.0095367300
2021-04-15,0.0011576100,0.0014120000,0.0019556400,0.0024964700,0.0033357000,0.0041823100,0.0061840400,0.0079071500,0.0090560000,0.0093014300,0.0095977300
2021-04-14,0.0012626400,0.0015417900,0.0020674800,0.0025796700,0.0033994300,0.0042427400,0.0063228900,0.0080229200,0.0091760900,0.0094361100,0.0097339900
2021-04-13,0.0011957600,0.0014584300,0.0019978100,0.0025796600,0.0033882700,0.0042088600,0.0062380000,0.0079454400,0.0090919700,0.0093356200,0.0096299500
2021-04-12,0.0012312300,0.0015043600,0.0019821800,0.0024851400,0.0033410500,0.0041994200,0.0062823800,0.0079612400,0.0090852500,0.0093209900,0.0095983700
2021-04-09,0.0011890700,0.0014431900,0.0019371300,0.0024952900,0.0033114000,0.0041448400,0.0062205400,0.0078846400,0.0089669900,0.0091630600,0.0093867000
2021-04-08,0.0010691500,0.0013002200,0.0018206700,0.0024639200,0.0032595200,0.0040686600,0.0060915000,0.0077266700,0.0087895300,0.0089816200,0.0092013200
2021-04-07,0.0011297100,0.0013865700,0.0018891900,0.0024580300,0.0032848200,0.0041361500,0.0062074400,0.0078909000,0.0089547000,0.0091506300,0.0093767000
2021-04-06,0.0011265900,0.0013999900,0.0018444000,0.0023494400,0.0031968800,0.0040852300,0.0061939300,0.0078585200,0.0088977500,0.0090944600,0.0093243500
2021-04-05,0.0011984300,0.0014888500,0.0019432700,0.0024406800,0.0032810500,0.0041664100,0.0062907500,0.0079320800,0.0089682600,0.0091641300,0.0094045300
2021-04-02,0.0011792600,0.0014651900,0.0019345200,0.0024537600,0.0032907900,0.0041688500,0.0062626500,0.0079101300,0.0089435900,0.0091387400,0.0093784400
2021-04-01,0.0011776400,0.0014658900,0.0019403500,0.0024647600,0.0033027800,0.0041814900,0.0062774800,0.0079242900,0.0089595200,0.0091550000,0.0093940300
2021-03-31,0.0012218800,0.0015185500,0.0020317600,0.0025937600,0.0034264400,0.0042980900,0.0063833600,0.0080032500,0.0090326800,0.0092264500,0.0094525100
2021-03-30,0.0011917600,0.0014975900,0.0020298700,0.0026568900,0.0034823400,0.0043489800,0.0063781100,0.0079648400,0.0089849800,0.0091765000,0.0093973700
2021-03-29,0.0012205200,0.0015312900,0.0020601000,0.0026489000,0.0035160700,0.0044229900,0.0064616300,0.0081008600,0.0091302200,0.0093249200,0.0095506000
2021-03-26,0.0012647500,0.0015809000,0.0021039300,0.0026346000,0.0035161100,0.0044168400,0.0064910600,0.0081487900,0.0091864900,0.0093827800,0.0096114200
2021-03-25,0.0012469600,0.0015553300,0.0021344700,0.0026680800,0.0035779800,0.0044870700,0.0065577800,0.0082694700,0.0092987300,0.0094962100,0.0097275000
2021-03-24,0.0013014700,0.0016234000,0.0021650900,0.0027170400,0.0036061500,0.0045233600,0.0065942100,0.0082367300,0.0092610100,0.0094573500,0.0096882500
2021-03-23,0.0012873600,0.0016116500,0.0021878100,0.0027673100,0.0036552400,0.0045632500,0.0066326800,0.0082768200,0.0093080700,0.0095034600,0.0097324400
2021-03-22,0.0013579900,0.0016767100,0.0022220200,0.0027876500,0.0036797400,0.0045931000,0.0066868800,0.0083375500,0.0093590000,0.0095546700,0.0097861300
2021-03-19,0.0010505300,0.0013046100,0.0018436500,0.0024099300,0.0032614300,0.0041113000,0.0062837400,0.0079099200,0.0089318200,0.0091205200,0.0093529000
2021-03-18,0.0011270200,0.0014023200,0.0019319000,0.0024992900,0.0033093500,0.0041163600,0.0062951500,0.0079680200,0.0090045200,0.0091954000,0.0094112400
2021-03-17,0.0011282500,0.0013906000,0.0019601400,0.0025475300,0.0033465800,0.0041599300,0.0063267900,0.0080036100,0.0090518500,0.0092432900,0.0094585200
2021-03-16,0.0010529800,0.0013011900,0.0018622100,0.0024506100,0.0032974300,0.0041200500,0.0062491500,0.0080051000,0.0090501500,0.0092417200,0.0094588700
2021-03-15,0.0011514100,0.0014267600,0.0019928800,0.0025148700,0.0033381900,0.0041600600,0.0063287000,0.0079905500,0.0090274800,0.0092189300,0.0094345900
2021-03-12,0.0011855900,0.0014602800,0.0020169800,0.0025458900,0.0033674300,0.0041998100,0.0063662800,0.0080174400,0.0090627400,0.0092537100,0.0094705900
2021-03-11,0.0011215900,0.0013765600,0.0019384500,0.0024610000,0.0032809700,0.0041028000,0.0062663000,0.0079282300,0.0089595100,0.0091500800,0.0093675300
2021-03-10,0.0010901600,0.0013459400,0.0018798200,0.0024199600,0.0032902500,0.0041324600,0.0063156600,0.0079593800,0.0089890600,0.0091800800,0.0093981900
2021-03-09,0.0010615400,0.0013090400,0.0018655000,0.0024789900,0.0033246300,0.0041273800,0.0063639600,0.0079617700,0.0089841600,0.0091736400,0.0093902700
2021-03-08,0.0012196400,0.0014941800,0.0020467100,0.0025857700,0.0034170400,0.0042644800,0.0064285300,0.0080854300,0.0091199500,0.0093124900,0.0095416000
2021-03-05,0.0011850300,0.0014566200,0.0020407800,0.0025933200,0.0034300600,0.0042770700,0.0064484700,0.0081199800,0.0091579900,0.0093511100,0.0095690700
2021-03-04,0.0011146600,0.0013762500,0.0019143000,0.0024782700,0.0033085100,0.0041363600,0.0063012800,0.0079808300,0.0090164200,0.0092081400,0.0094250200
2021-03-03,0.0011369500,0.0014097200,0.0019853300,0.0025198400,0.0033338200,0.0041495700,0.0063081400,0.0080129500,0.0090562200,0.0092492700,0.0094684200
2021-03-02,0.0010711300,0.0013307600,0.0018842000,0.0024046000,0.0032773200,0.0041302800,0.0062879600,0.0079663600,0.0089962900,0.0091880300,0.0094086300
2021-03-01,0.0012160800,0.0015052600,0.0020777600,0.0025797700,0.0034389400,0.0043122900,0.0064712200,0.0081400300,0.0091694500,0.0093633300,0.0095993600
2021-02-26,0.0012415400,0.0015230100,0.0021605100,0.0026985900,0.0035816600,0.0044676400,0.0066350000,0.0083023100,0.0093422300,0.0095367400,0.0097579300
2021-02-25,0.0012208200,0.0015055300,0.0020844400,0.0025669900,0.0034726600,0.0043760100,0.0065366300,0.0082553000,0.0093042000,0.0094991200,0.0097167300
2021-02-24,0.0011894700,0.0014696600,0.0020814100,0.0026087800,0.0034778200,0.0043555200,0.0065201800,0.0081849900,0.0092116300,0.0094039000,0.0096239600
2021-02-23,0.0011587400,0.0014212900,0.0020636300,0.0025843700,0.0035257400,0.0044458100,0.0065881700,0.0083004600,0.0093294500,0.0095234500,0.0097432700
2021-02-22,0.0012462000,0.0015187000,0.0021055000,0.0025968100,0.0035272200,0.0044382200,0.0066157900,0.0083162300,0.0093624400,0.0095577900,0.0097793500
2021-02-19,0.0011957700,0.0014699900,0.0020287100,0.0025588500,0.0034561000,0.0043386400,0.0065409900,0.0081693300,0.0091974700,0.0093911200,0.0096108800
2021-02-18,0.0011657500,0.0014357000,0.0020101100,0.0025528900,0.0034325800,0.0043023000,0.0065017800,0.0081320300,0.0091587000,0.0093518900,0.0095710800
2021-02-17,0.0012129500,0.0014815700,0.0020494900,0.0025029500,0.0034235300,0.0043364600,0.0065114600,0.0081784200,0.0092003100,0.0093946100,0.0096267800
2021-02-16,0.0011996100,0.0014807000,0.0020559000,0.0025368700,0.0034201400,0.0043009800,0.0064750300,0.0081590400,0.0091719500,0.0093682600,0.0095941700
2021-02-15,0.0011836700,0.0014611400,0.0020617800,0.0025322000,0.0034380000,0.0043400200,0.0065047900,0.0081973400,0.0092107600,0.0094071900,0.0096351100
2021-02-12,0.0011644600,0.0014297700,0.0020801800,0.0025840100,0.0034925900,0.0043959100,0.0065567500,0.0082450000,0.0092539800,0.0094498400,0.0096760700
2021-02-11,0.0011480100,0.0014085800,0.0020745700,0.0025744300,0.0034883300,0.0043902600,0.0065427700,0.0082351800,0.0092448400,0.0094405300,0.0096670000
2021-02-10,0.0011938400,0.0014527100,0.0021315700,0.0026636600,0.0035740800,0.0044703500,0.0066236200,0.0083092600,0.0093219800,0.0095191900,0.0097483900
2021-02-09,0.0012951100,0.0015692700,0.0022736100,0.0027973700,0.0036780900,0.0045721800,0.0067270400,0.0084051700,0.0094167600,0.0096147400,0.0098559600
2021-02-08,0.0011920200,0.0014533800,0.0021148700,0.0026317200,0.0035250500,0.0044152800,0.0065673700,0.0082318100,0.0092410000,0.0094372200,0.0096743400
2021-02-05,0.0012414900,0.0015258100,0.0021626000,0.0026522900,0.0035763200,0.0045062400,0.0066277300,0.0083040300,0.0093169900,0.0095146000,0.0097431600
2021-02-04,0.0012533900,0.0015395000,0.0022447800,0.0027711600,0.0037148400,0.0046537300,0.0067688700,0.0084401800,0.0094412100,0.0096364800,0.0098648400
2021-02-03,0.0013578600,0.0016598800,0.0023875900,0.0029269100,0.0038566800,0.0047998800,0.0069100000,0.0085755700,0.0095972100,0.0097944300,0.0100234300
2021-02-02,0.0014160500,0.0017281100,0.0025087400,0.0030844100,0.0040449700,0.0050158300,0.0071343300,0.0088146000,0.0098369600,0.0100373200,0.0102714100
2021-02-01,0.0014197100,0.0017404100,0.0025498100,0.0031569300,0.0041562700,0.0051521000,0.0072789400,0.0089543100,0.0099713100,0.0101689500,0.0104007000
2021-01-29,0.0015056800,0.0018288000,0.0027148400,0.0033442100,0.0043415200,0.0053429400,0.0074837300,0.0091546000,0.0101673000,0.0103660400,0.0106102900
2021-01-28,0.0015444800,0.0018788300,0.0027628200,0.0033995800,0.0044405700,0.0054731400,0.0076088000,0.0092854600,0.0102916900,0.0104907400,0.0107267900
2021-01-27,0.0016460900,0.0019888900,0.0028713300,0.0035270700,0.0045297000,0.0055515200,0.0076988700,0.0093714700,0.0103809500,0.0105824900,0.0108307200
2021-01-26,0.0016208700,0.0019651900,0.0027852100,0.0034591100,0.0044257300,0.0054224400,0.0075588000,0.0092324100,0.0102406900,0.0104414900,0.0106902400
2021-01-25,0.0015883300,0.0019372300,0.0027976700,0.0034670500,0.0044207700,0.0054128300,0.0075401600,0.0092421800,0.0102077500,0.0104097300,0.0106622600
2021-01-22,0.0015552300,0.0018843200,0.0027167800,0.0033662300,0.0043349600,0.0053217000,0.0074439000,0.0091789300,0.0100772700,0.0102897800,0.0105563500
2021-01-21,0.0014893200,0.0018055200,0.0026208600,0.0032837100,0.0042557500,0.0052408300,0.0073779200,0.0090922700,0.0099897100,0.0102030400,0.0104801200
2021-01-20,0.0015275000,0.0018462900,0.0026522500,0.0033125000,0.0042460400,0.0052408400,0.0073888000,0.0090915300,0.0099922400,0.0102069800,0.0104845000
2021-01-19,0.0015611500,0.0018980700,0.0026572700,0.0033260000,0.0042899900,0.0053119300,0.0074681200,0.0091658700,0.0100620100,0.0102874600,0.0105547200
2021-01-18,0.0016393800,0.0019729200,0.0028047900,0.0034618100,0.0044319700,0.0054472600,0.0076077600,0.0093256900,0.0102254500,0.0104411800,0.0107235400
2021-01-15,0.0016522300,0.0019882400,0.0028040200,0.0034361700,0.0043726100,0.0053644300,0.0075210900,0.0092273200,0.0101267400,0.0103415300,0.0106222200
2021-01-14,0.0016005200,0.0019307500,0.0026626300,0.0032691600,0.0042318500,0.0052179700,0.0073683800,0.0090767000,0.0099714800,0.0101846800,0.0104654800
2021-01-13,0.0015535800,0.0018816100,0.0026607100,0.0032846600,0.0042392100,0.0052309000,0.0073789000,0.0090943400,0.0099927800,0.0102074200,0.0104909900
2021-01-12,0.0016458700,0.0019766200,0.0027334000,0.0033467600,0.0042758200,0.0052585200,0.0074248500,0.0091255500,0.0100256000,0.0102404100,0.0105229500
2021-01-11,0.0015631000,0.0018784000,0.0025908500,0.0032085100,0.0041044700,0.0050590900,0.0072320000,0.0089185800,0.0098211000,0.0100366900,0.0103196700
2021-01-08,0.0014258000,0.0017225400,0.0024251700,0.0029993700,0.0039041300,0.0048620800,0.0070184700,0.0087194000,0.0096173200,0.0098301800,0.0101070200
2021-01-07,0.0015169400,0.0018316100,0.0025552300,0.0031383700,0.0039996100,0.0049258900,0.0070897900,0.0087699600,0.0096727800,0.0098889700,0.0101655000
2021-01-06,0.0014417700,0.0017403100,0.0024479600,0.0030340900,0.0039455000,0.0048862500,0.0070366500,0.0087230200,0.0096244800,0.0098511200,0.0101156200
2021-01-05,0.0014884700,0.0017927600,0.0025018400,0.0031258000,0.0040146600,0.0049475900,0.0070830400,0.0087485600,0.0096508600,0.0098647600,0.0101391200
2021-01-04,0.0014447100,0.0017476400,0.0024362300,0.0030053800,0.0038939400,0.0048189000,0.0069457100,0.0086292500,0.0095312700,0.0097430500,0.0100140000
2021-01-01,0.0014813800,0.0017893000,0.0024880700,0.0030697100,0.0039576900,0.0048971400,0.0070123400,0.0086882200,0.0095847900,0.0097956900,0.0100669800
2020-12-31,0.0014622900,0.0017634500,0.0024788700,0.0030633900,0.0039895100,0.0049405700,0.0070908500,0.0088020700,0.0097093800,0.0099233400,0.0101985100
2020-12-30,0.0014731100,0.0017798800,0.0024632200,0.0030278400,0.0039570700,0.0049099300,0.0070645400,0.0087743300,0.0096775400,0.0098904100,0.0101657200
2020-12-29,0.0014380200,0.0017591600,0.0024567700,0.0030548400,0.0039598600,0.0049013200,0.0070402900,0.0087461200,0.0096360500,0.0098451800,0.0101144400
2020-12-28,0.0014167500,0.0017503900,0.0024094100,0.0030361000,0.0039602700,0.0049054200,0.0070522700,0.0087482000,0.0095455100,0.0097307300,0.0099947000
2020-12-25,0.0013923700,0.0017109800,0.0024184100,0.0030153000,0.0039046000,0.0048525200,0.0069709100,0.0086427300,0.0094416600,0.0096270200,0.0098877200
2020-12-24,0.0014712800,0.0017931600,0.0024529400,0.0030501700,0.0039692600,0.0049208200,0.0070712800,0.0087608200,0.0096725000,0.0098847400,0.0101642300
2020-12-23,0.0014686800,0.0017889700,0.0024334400,0.0029947900,0.0039663400,0.0049441900,0.0071124400,0.0088041900,0.0097202500,0.0099352100,0.0102113100
2020-12-22,0.0014866400,0.0018086600,0.0025228900,0.0031169000,0.0040687200,0.0050423000,0.0071704000,0.0088827600,0.0097847400,0.0100136200,0.0102842900
2020-12-21,0.0015330200,0.0018510300,0.0026066000,0.0032221000,0.0041231600,0.0050693900,0.0072265900,0.0089201300,0.0098258200,0.0100428100,0.0103264700
2020-12-18,0.0014151500,0.0017112300,0.0024139300,0.0030181700,0.0038934900,0.0047990800,0.0069545500,0.0086545900,0.0095561400,0.0097716100,0.0100513700
2020-12-17,0.0013251400,0.0016106600,0.0022475500,0.0028384100,0.0037435400,0.0046650300,0.0068441400,0.0084891900,0.0093818800,0.0096052000,0.0098708400
2020-12-16,0.0013495700,0.0016447800,0.0023588400,0.0029341700,0.0038412000,0.0047439100,0.0069087400,0.0086346300,0.0095535900,0.0097691800,0.0100505100
2020-12-15,0.0013693600,0.0016628400,0.0023914600,0.0030007200,0.0039085900,0.0048282400,0.0069508700,0.0086928800,0.0096109500,0.0098271600,0.0101103600
2020-12-14,0.0013425000,0.0016398200,0.0023497000,0.0029465500,0.0038443800,0.0047453900,0.0068758300,0.0086157700,0.0095316100,0.0097465900,0.0100271000
2020-12-11,0.0014317900,0.0017327800,0.0024380700,0.0030179800,0.0039064600,0.0048139300,0.0069626300,0.0086988400,0.0096179300,0.0098334100,0.0101136500
2020-12-10,0.0013542900,0.0016327800,0.0023435900,0.0028972800,0.0037564000,0.0046360900,0.0067448700,0.0084683700,0.0093715400,0.0095860100,0.0098683900
2020-12-09,0.0013022800,0.0015703200,0.0022141400,0.0027276700,0.0036265300,0.0045245400,0.0066405400,0.0083620400,0.0092608500,0.0094730500,0.0097574300
2020-12-08,0.0013174400,0.0015867900,0.0022443900,0.0027586300,0.0036626900,0.0045499400,0.0067405200,0.0084454700,0.0093589100,0.0095727700,0.0098490100
2020-12-07,0.0013331100,0.0016087800,0.0022509700,0.0027629800,0.0036781300,0.0045751800,0.0067905800,0.0085007100,0.0094207900,0.0096371400,0.0099151500
2020-12-04,0.0012979600,0.0015645300,0.0021521100,0.0026245700,0.0035262800,0.0044105300,0.0066170400,0.0083142800,0.0092391400,0.0094530700,0.0097281200
2020-12-03,0.0013365300,0.0016193600,0.0022303800,0.0027170700,0.0036153500,0.0044974900,0.0067269900,0.0084164100,0.0093424900,0.0095562500,0.0098321000
2020-12-02,0.0014074400,0.0017093800,0.0023179900,0.0028060300,0.0036916300,0.0045805000,0.0068313900,0.0084915900,0.0094134100,0.0096306900,0.0099076700
2020-12-01,0.0013614200,0.0016543700,0.0022525500,0.0027422200,0.0036471700,0.0045386500,0.0067573600,0.0084382800,0.0093548500,0.0095827400,0.0098497300
2020-11-30,0.0013872200,0.0016843100,0.0023196400,0.0028130000,0.0037304700,0.0046345000,0.0068445200,0.0085466400,0.0094620200,0.0096776600,0.0099565500
2020-11-27,0.0013858900,0.0016840500,0.0023211000,0.0028040700,0.0037285000,0.0046304400,0.0068433100,0.0085449900,0.0094607100,0.0096766000,0.0099545700
2020-11-26,0.0014136400,0.0017163200,0.0023578300,0.0028474100,0.0037587900,0.0046471800,0.0068953700,0.0085858500,0.0095016300,0.0097197500,0.0099975800
2020-11-25,0.0013826400,0.0016821500,0.0023333800,0.0028062500,0.0037019800,0.0045981100,0.0068034700,0.0085103200,0.0094240300,0.0096518200,0.0099164300
2020-11-24,0.0013595500,0.0016654100,0.0023088200,0.0027872800,0.0036732400,0.0045679500,0.0067468400,0.0084701800,0.0093841100,0.0095975200,0.0098739500
2020-11-23,0.0013756800,0.0016770100,0.0023850100,0.0028839500,0.0037807900,0.0046802000,0.0068329000,0.0085938700,0.0095086000,0.0097230000,0.0099976600
2020-11-20,0.0014607200,0.0017796200,0.0024581700,0.0029563400,0.0038409400,0.0047493800,0.0069465100,0.0086485600,0.0095777800,0.0097932700,0.0100677000
2020-11-19,0.0014207500,0.0017298500,0.0024054300,0.0029018600,0.0038248600,0.0047586700,0.0069652300,0.0086872800,0.0096077400,0.0098239200,0.0100993500
2020-11-18,0.0014338700,0.0017453500,0.0024375900,0.0029481900,0.0038550900,0.0047772700,0.0069690700,0.0086888300,0.0096225100,0.0098377000,0.0101002700
2020-11-17,0.0014390600,0.0017577300,0.0024822500,0.0030557200,0.0039317500,0.0048361100,0.0070350700,0.0087390500,0.0096701500,0.0098868300,0.0101509300
2020-11-16,0.0014539100,0.0017745200,0.0024724300,0.0030359100,0.0039217700,0.0048347400,0.0070303000,0.0087322300,0.0096526100,0.0098809400,0.0101484100
2020-11-13,0.0015396700,0.0018614100,0.0025853800,0.0031690900,0.0041050100,0.0050460500,0.0072504300,0.0089726300,0.0098908700,0.0101090400,0.0103885800
2020-11-12,0.0015841000,0.0019084900,0.0026290000,0.0032023900,0.0041242800,0.0050485900,0.0072715900,0.0089960800,0.0099178100,0.0101476000,0.0104163300
2020-11-11,0.0014411400,0.0017494400,0.0023910900,0.0028938400,0.0038160000,0.0047450400,0.0069365300,0.0086737100,0.0095910700,0.0098069400,0.0100843200
2020-11-10,0.0014317700,0.0017359900,0.0024033700,0.0029732500,0.0038652600,0.0047622800,0.0069664900,0.0086777800,0.0095883100,0.0098043500,0.0100823300
2020-11-09,0.0013701600,0.0016851600,0.0023232900,0.0028577800,0.0037726500,0.0046869400,0.0068507700,0.0085372400,0.0094387700,0.0096527800,0.0099282900
2020-11-06,0.0015179200,0.0018664300,0.0025686700,0.0031485400,0.0041195500,0.0050857200,0.0072815100,0.0089600400,0.0098399500,0.0100525100,0.0103337000
2020-11-05,0.0015176700,0.0018883200,0.0026108300,0.0032339700,0.0042096200,0.0051864300,0.0073429200,0.0090269900,0.0098323100,0.0100240500,0.0102869200
2020-11-04,0.0017419800,0.0021298100,0.0029583700,0.0036372600,0.0046343300,0.0056414300,0.0078185800,0.0095024200,0.0104055600,0.0106222500,0.0108923400
2020-11-03,0.0017478300,0.0021386600,0.0030101000,0.0037211900,0.0047482100,0.0057872500,0.0079582400,0.0096328100,0.0105272800,0.0107422800,0.0110185000
2020-11-02,0.0018711000,0.0022816500,0.0032290200,0.0039735900,0.0049973100,0.0060560900,0.0082447300,0.0099065400,0.0107991300,0.0110131000,0.0112907800
2020-10-30,0.0019863200,0.0024177500,0.0033972000,0.0041517100,0.0052039300,0.0062861600,0.0084812700,0.0101759900,0.0110768900,0.0112964600,0.0115798400
2020-10-29,0.0019888300,0.0024249700,0.0033533000,0.0040931500,0.0051232100,0.0061869600,0.0083640900,0.0100658500,0.0109696100,0.0111891900,0.0114694900
2020-10-28,0.0019667400,0.0023844000,0.0032358800,0.0039468700,0.0049683000,0.0060203400,0.0081944500,0.0098843600,0.0107950100,0.0110258000,0.0112893800
2020-10-27,0.0018249400,0.0022128400,0.0029736700,0.0035999700,0.0045643400,0.0055647900,0.0077246800,0.0093920300,0.0103584500,0.0105799200,0.0108394800
2020-10-26,0.0017419600,0.0021224600,0.0028630100,0.0034995500,0.0044479500,0.0054396000,0.0076006100,0.0092717100,0.0102268300,0.0104581000,0.0107160200
2020-10-23,0.0017137600,0.0020862400,0.0028204400,0.0034355500,0.0043398100,0.0052949900,0.0074484400,0.0090907900,0.0100504100,0.0102668600,0.0105346000
2020-10-22,0.0017571700,0.0021336500,0.0028958400,0.0035463800,0.0044474000,0.0053987600,0.0075617700,0.0092257500,0.0101837200,0.0104031400,0.0106745600
2020-10-21,0.0016476300,0.0020071900,0.0027178800,0.0033339000,0.0043051100,0.0052892600,0.0074590700,0.0091149200,0.0100601100,0.0102799300,0.0105525100
2020-10-20,0.0016834600,0.0020469900,0.0027547700,0.0033766500,0.0043591400,0.0053540700,0.0075347400,0.0091936600,0.0100764400,0.0103117700,0.0105974900
2020-10-19,0.0016705300,0.0020328000,0.0027157100,0.0033261300,0.0043099600,0.0053064200,0.0074678200,0.0091367700,0.0097933000,0.0100451500,0.0103964100
2020-10-16,0.0017312400,0.0021045700,0.0028346000,0.0034569400,0.0044207900,0.0054141300,0.0075813600,0.0092577600,0.0099955800,0.0102447900,0.0105671800
2020-10-15,0.0018265300,0.0022117600,0.0029415300,0.0035774800,0.0045380400,0.0055379600,0.0077067600,0.0093932300,0.0103451900,0.0105770000,0.0108368700
2020-10-14,0.0017138600,0.0020831300,0.0027867100,0.0033976200,0.0043353400,0.0053038100,0.0074812000,0.0091530300,0.0101222000,0.0103437700,0.0106138800
2020-10-13,0.0017264800,0.0021148500,0.0028270200,0.0034460600,0.0043277800,0.0052529900,0.0074264400,0.0090970000,0.0100319700,0.0102649800,0.0105291200
2020-10-12,0.0016040800,0.0019666700,0.0026335800,0.0032679200,0.0042055900,0.0051621200,0.0073375200,0.0090280400,0.0098965800,0.0101143100,0.0103987000
2020-10-09,0.0016565100,0.0020406900,0.0027147900,0.0033310000,0.0042684100,0.0052239800,0.0074020400,0.0090829400,0.0096784200,0.0098913100,0.0101872400
2020-10-08,0.0016767300,0.0020928900,0.0027781900,0.0034314500,0.0043623100,0.0053133500,0.0074889400,0.0091659200,0.0099817500,0.0101743800,0.0104355200
2020-10-07,0.0017342300,0.0021574400,0.0028690400,0.0035434300,0.0044855200,0.0054574700,0.0076361900,0.0093157600,0.0100858400,0.0102956400,0.0105791300
2020-10-06,0.0017533100,0.0021659300,0.0029087900,0.0035951900,0.0045505000,0.0055316600,0.0077173100,0.0093994300,0.0099936800,0.0102515400,0.0106172300
2020-10-05,0.0018477500,0.0022753500,0.0030734900,0.0037893900,0.0047703600,0.0057780800,0.0079553800,0.0096321300,0.0102280100,0.0104999000,0.0108561000
2020-10-02,0.0019114900,0.0023599300,0.0031794200,0.0039244000,0.0049245100,0.0059519700,0.0081388300,0.0098161700,0.0104152200,0.0106885200,0.0110560500
2020-10-01,0.0018944800,0.0023434500,0.0031788900,0.0039175400,0.0049127600,0.0059373800,0.0081197400,0.0098033900,0.0104014800,0.0106728600,0.0110300900
2020-09-30,0.0019277900,0.0023814900,0.0032686400,0.0040381100,0.0050309900,0.0060449700,0.0082161300,0.0099050000,0.0105019800,0.0107616600,0.0111315700
2020-09-29,0.0019165800,0.0023613200,0.0032587100,0.0040380800,0.0050710700,0.0061236800,0.0082555800,0.0099657100,0.0105596200,0.0108290600,0.0111918400
2020-09-28,0.0019946600,0.0024510700,0.0033516200,0.0041451800,0.0051651500,0.0062228700,0.0084052800,0.0100894200,0.0106873700,0.0109465800,0.0113139400
2020-09-25,0.0021248600,0.0025966200,0.0035122900,0.0043204000,0.0053586600,0.0064272300,0.0086217000,0.0103175600,0.0109206700,0.0111843600,0.0115523000
2020-09-24,0.0020057400,0.0024460200,0.0032918100,0.0040460600,0.0050287500,0.0060408300,0.0082304900,0.0099297800,0.0105328600,0.0108085000,0.0111601500
2020-09-23,0.0018406900,0.0022712400,0.0030577700,0.0037654300,0.0046683000,0.0056114300,0.0077466700,0.0094660600,0.0100602800,0.0103311200,0.0106839000
2020-09-22,0.0018498100,0.0022669300,0.0030093700,0.0037608300,0.0046888100,0.0056349400,0.0078278900,0.0095145300,0.0101024200,0.0103706900,0.0107263500
2020-09-21,0.0018516800,0.0022440500,0.0029599000,0.0037106100,0.0045988200,0.0055208100,0.0077193000,0.0094033400,0.0099732600,0.0102366200,0.0105939700
2020-09-18,0.0015004300,0.0018618200,0.0025303900,0.0031391900,0.0038556500,0.0046432400,0.0068929300,0.0085646600,0.0090829100,0.0093042400,0.0096371900
2020-09-17,0.0015263100,0.0018722600,0.0025759800,0.0032409900,0.0039203300,0.0046663500,0.0069279100,0.0086025800,0.0091769900,0.0094394000,0.0097986300
2020-09-16,0.0015171800,0.0018729800,0.0025054800,0.0032163800,0.0039128600,0.0046681000,0.0069389900,0.0086034900,0.0091912500,0.0094526200,0.0098015000
2020-09-15,0.0015432000,0.0019070500,0.0025455000,0.0032629300,0.0039372800,0.0046780700,0.0069393000,0.0086144900,0.0092009900,0.0094500100,0.0098127900
2020-09-14,0.0015930500,0.0019671200,0.0026891600,0.0033463200,0.0039974800,0.0047480300,0.0069632300,0.0086559200,0.0092232000,0.0094695600,0.0098367200
2020-09-11,0.0015883700,0.0019672200,0.0026609900,0.0032977200,0.0039935500,0.0047646100,0.0069893100,0.0086891900,0.0091945500,0.0094141500,0.0097538900
2020-09-10,0.0015370400,0.0019050800,0.0025429800,0.0031014200,0.0038654700,0.0046838100,0.0069067400,0.0086044600,0.0091063100,0.0093253500,0.0096523800
2020-09-09,0.0015857400,0.0019490200,0.0026106400,0.0031735000,0.0039223000,0.0047173400,0.0069368900,0.0086402100,0.0091523200,0.0093861700,0.0097234400
2020-09-08,0.0015473400,0.0018961100,0.0025396000,0.0031054400,0.0038449400,0.0046318700,0.0068211600,0.0085306700,0.0091174200,0.0093784900,0.0097295400
2020-09-07,0.0015091800,0.0018493200,0.0025035700,0.0030945100,0.0037479700,0.0044788100,0.0067454500,0.0084235800,0.0090148500,0.0092653800,0.0096285400
2020-09-04,0.0014968300,0.0018450200,0.0024794600,0.0030523200,0.0037347200,0.0044553200,0.0067075900,0.0083857500,0.0089745700,0.0092240300,0.0095860500
2020-09-03,0.0014677800,0.0018041100,0.0024011200,0.0029445500,0.0036803400,0.0044416900,0.0066274500,0.0083417200,0.0089223800,0.0091694200,0.0095299000
2020-09-02,0.0014469000,0.0017752800,0.0023609300,0.0029570200,0.0036902000,0.0044280500,0.0066164100,0.0083278600,0.0089050000,0.0091511400,0.0094968400
2020-09-01,0.0015124500,0.0018245900,0.0025234900,0.0031525900,0.0038119100,0.0045123400,0.0067311900,0.0084486800,0.0090232800,0.0092717200,0.0095952700
2020-08-31,0.0016086200,0.0019025500,0.0026820200,0.0034012400,0.0039581100,0.0046040300,0.0068750500,0.0085600200,0.0091238900,0.0093858900,0.0097114500
2020-08-28,0.0016016600,0.0019015800,0.0027040600,0.0034253300,0.0039829800,0.0046262700,0.0069256600,0.0086001600,0.0091692000,0.0094331900,0.0097628300
2020-08-27,0.0016347700,0.0019407100,0.0027514700,0.0034777700,0.0040227300,0.0046580600,0.0070185200,0.0086768300,0.0092606900,0.0095284500,0.0098747800
2020-08-26,0.0016246200,0.0019418700,0.0027184700,0.0034359900,0.0040326100,0.0046787500,0.0070582700,0.0087266900,0.0093135100,0.0095947000,0.0099587100
2020-08-25,0.0016186600,0.0019420100,0.0026441800,0.0033020800,0.0039562900,0.0046563400,0.0069999000,0.0086749400,0.0092571500,0.0095351600,0.0099119600
2020-08-24,0.0016078200,0.0019296200,0.0026914800,0.0033765900,0.0040075800,0.0046908000,0.0070099800,0.0086951700,0.0092759600,0.0095426200,0.0099212000
2020-08-21,0.0017175700,0.0020482200,0.0028666500,0.0036261700,0.0041765500,0.0048363200,0.0071708200,0.0088343600,0.0094054800,0.0096857100,0.0100677300
2020-08-20,0.0017057800,0.0020350300,0.0028039600,0.0035211700,0.0041332400,0.0048310800,0.0071738700,0.0088538200,0.0094252700,0.0097060600,0.0100887800
2020-08-19,0.0016586800,0.0019896000,0.0027184100,0.0034313500,0.0040928400,0.0047812600,0.0071446600,0.0088171800,0.0093964800,0.0096760600,0.0100556600
2020-08-18,0.0016871700,0.0020086200,0.0027544100,0.0034742400,0.0041328000,0.0048274900,0.0071831000,0.0088702900,0.0094401200,0.0097208100,0.0101035600
2020-08-17,0.0016934400,0.0020176500,0.0027734600,0.0034651900,0.0041269600,0.0048514600,0.0071954300,0.0088731000,0.0094441900,0.0097251800,0.0101083000
2020-08-14,0.0016772000,0.0020098700,0.0027469600,0.0034140300,0.0040813700,0.0048092000,0.0071285000,0.0088211100,0.0093895500,0.0096696500,0.0100508900
2020-08-13,0.0016334100,0.0019491200,0.0026660800,0.0033482400,0.0040060500,0.0047079000,0.0070522300,0.0087452300,0.0093159300,0.0095964700,0.0099772500
2020-08-12,0.0016016400,0.0019243300,0.0026074400,0.0032395600,0.0039450400,0.0046817900,0.0069765200,0.0086792900,0.0092451100,0.0095212800,0.0098993900
2020-08-11,0.0016413900,0.0019746300,0.0027076500,0.0034190400,0.0040792700,0.0047903200,0.0070954900,0.0087711000,0.0093312900,0.0095934400,0.0099708800
2020-08-10,0.0016879000,0.0020372500,0.0028446000,0.0035503500,0.0042291100,0.0049484500,0.0072560400,0.0089511200,0.0094670500,0.0097150600,0.0100533500
2020-08-07,0.0017594900,0.0020964300,0.0028878400,0.0036573200,0.0043079600,0.0050337900,0.0073472600,0.0090209700,0.0096041800,0.0098846900,0.0102627600
2020-08-06,0.0018062000,0.0021524600,0.0029965300,0.0037828200,0.0044072800,0.0051138600,0.0074576600,0.0091208800,0.0097031700,0.0099837600,0.0103619400
2020-08-05,0.0017985900,0.0021547200,0.0029723100,0.0037503600,0.0044261000,0.0051780600,0.0074881600,0.0091646100,0.0097362100,0.0100174900,0.0103976600
2020-08-04,0.0018158500,0.0021788100,0.0030260800,0.0037886000,0.0044688000,0.0052315600,0.0075401000,0.0092130300,0.0097956700,0.0100762100,0.0104524100
2020-08-03,0.0018741800,0.0022469400,0.0030844500,0.0039217300,0.0046323200,0.0053838400,0.0077222600,0.0093858900,0.0099698000,0.0102507300,0.0106295600
2020-07-31,0.0018814800,0.0022625200,0.0031609300,0.0039305400,0.0046495500,0.0054448900,0.0077456900,0.0094359700,0.0100081600,0.0102907300,0.0106681100
2020-07-30,0.0019115900,0.0022915200,0.0031804000,0.0040133200,0.0047149700,0.0054893000,0.0078010400,0.0094809100,0.0100679900,0.0103500300,0.0107279900
2020-07-29,0.0018353300,0.0022069800,0.0031176800,0.0038561600,0.0045544000,0.0053165800,0.0076264700,0.0093208900,0.0099069300,0.0101754700,0.0105539200
2020-07-28,0.0019019500,0.0022671400,0.0031561100,0.0039368600,0.0045872400,0.0053565800,0.0076832300,0.0093521300,0.0099427600,0.0102150500,0.0105943000
2020-07-27,0.0019171900,0.0022144000,0.0030913200,0.0038255400,0.0045231500,0.0052627400,0.0075789100,0.0092757600,0.0098630800,0.0101462400,0.0105112600
2020-07-24,0.0019159600,0.0022040300,0.0030450100,0.0037864800,0.0044572800,0.0051963000,0.0075085600,0.0091997300,0.0097881800,0.0100706000,0.0104369700
2020-07-23,0.0018419000,0.0021370600,0.0028884800,0.0036205100,0.0042991600,0.0050595100,0.0073594900,0.0090443900,0.0096275200,0.0098949200,0.0102695800
2020-07-22,0.0018898300,0.0021863800,0.0029565100,0.0037721100,0.0044574000,0.0051977400,0.0075143200,0.0091918700,0.0097747400,0.0100424700,0.0104192000
2020-07-21,0.0018921600,0.0021864100,0.0029689600,0.0037124700,0.0044443400,0.0052387500,0.0075319200,0.0092192200,0.0097967900,0.0100654900,0.0104421100
2020-07-20,0.0019734600,0.0022902100,0.0031314900,0.0039302400,0.0046686700,0.0054768800,0.0077689600,0.0094560500,0.0100393500,0.0103207600,0.0106929500
2020-07-17,0.0020927300,0.0024253300,0.0032952700,0.0041882100,0.0049534800,0.0057681100,0.0080671700,0.0097462700,0.0103284800,0.0106001900,0.0109774100
2020-07-16,0.0021539400,0.0024860100,0.0034410400,0.0043213600,0.0050741400,0.0058942200,0.0081985400,0.0098786300,0.0104599300,0.0107445900,0.0111109900
2020-07-15,0.0021718400,0.0025194000,0.0034660900,0.0044032100,0.0051377600,0.0059676100,0.0082565700,0.0099330400,0.0105179400,0.0108009500,0.0111585700
2020-07-14,0.0022708900,0.0026231400,0.0036776400,0.0046705400,0.0054147200,0.0062415300,0.0085738500,0.0102392400,0.0108276200,0.0111017700,0.0114769300
2020-07-13,0.0023030500,0.0026634300,0.0036802800,0.0046629700,0.0054193700,0.0062852900,0.0085705700,0.0102364800,0.0108259200,0.0111126600,0.0114861700
2020-07-10,0.0023729000,0.0027408900,0.0038152200,0.0048317200,0.0056095000,0.0064815400,0.0087986200,0.0104545400,0.0110461800,0.0113335400,0.0117106700
2020-07-09,0.0023623900,0.0027275300,0.0037566200,0.0048406700,0.0056293400,0.0064759800,0.0088050800,0.0104499900,0.0110405900,0.0113277400,0.0117045400
2020-07-08,0.0023742200,0.0027389400,0.0037807700,0.0047814300,0.0055701400,0.0064378700,0.0087348200,0.0104177200,0.0110031000,0.0112881500,0.0116605400
2020-07-07,0.0023368600,0.0027181800,0.0037993900,0.0048217100,0.0055763700,0.0064157500,0.0087404700,0.0103970700,0.0109812600,0.0112661000,0.0116410400
2020-07-06,0.0023711800,0.0027595000,0.0038256500,0.0048791700,0.0056322200,0.0064766800,0.0087588700,0.0104291900,0.0110125700,0.0112974300,0.0116716800
2020-07-03,0.0024851800,0.0028867500,0.0039828900,0.0051286600,0.0059069200,0.0067562300,0.0090442200,0.0107175100,0.0113002700,0.0115860100,0.0119546800
2020-07-02,0.0024992500,0.0029042000,0.0040539300,0.0051530500,0.0059115400,0.0067759900,0.0090549900,0.0107343400,0.0113033000,0.0115891200,0.0119674500
2020-07-01,0.0025819200,0.0029972600,0.0042053100,0.0053411900,0.0061212100,0.0069988000,0.0092728400,0.0109500600,0.0115359900,0.0118227100,0.0122019900
2020-06-30,0.0026853500,0.0031082800,0.0043572700,0.0055342100,0.0063263100,0.0072200400,0.0095048400,0.0111708200,0.0117558300,0.0120430000,0.0124253900
2020-06-29,0.0027193600,0.0031465900,0.0043710000,0.0056266700,0.0064565600,0.0073517400,0.0096569700,0.0113188100,0.0119077500,0.0121994000,0.0125871600
2020-06-26,0.0026996200,0.0031284800,0.0043527300,0.0055644200,0.0064283000,0.0073362400,0.0096513000,0.0113182200,0.0119134800,0.0122243400,0.0126287000
2020-06-25,0.0027293500,0.0031702200,0.0044294800,0.0055698900,0.0063945400,0.0073146300,0.0096449000,0.0113217600,0.0119745200,0.0123409100,0.0128256900
2020-06-24,0.0027073400,0.0031367200,0.0043618800,0.0054798200,0.0063123700,0.0072202200,0.0095516600,0.0112383900,0.0118933000,0.0122590500,0.0127517800
2020-06-23,0.0025820900,0.0029969600,0.0042214000,0.0053128300,0.0061426600,0.0070262300,0.0093565800,0.0110217100,0.0116829000,0.0120438300,0.0125285300
2020-06-22,0.0026917600,0.0031129500,0.0043477800,0.0054765100,0.0062888500,0.0071839400,0.0095240100,0.0111987500,0.0118616300,0.0122145400,0.0127077000
2020-06-19,0.0025313900,0.0029354200,0.0041446500,0.0052674500,0.0060741600,0.0069340200,0.0093021200,0.0109610900,0.0116144500,0.0119784900,0.0124679200
2020-06-18,0.0025799100,0.0029905700,0.0041498300,0.0052226500,0.0060759200,0.0069888700,0.0093156000,0.0110035700,0.0116707100,0.0120251500,0.0125173800
2020-06-17,0.0025430500,0.0029536300,0.0041387200,0.0052584000,0.0060488300,0.0069076500,0.0092145700,0.0108973100,0.0115496600,0.0119127200,0.0124006900
2020-06-16,0.0024946400,0.0029189000,0.0040627600,0.0052310500,0.0060514200,0.0069210600,0.0092343900,0.0108911800,0.0115522100,0.0119019400,0.0123859300
2020-06-15,0.0028521900,0.0032945500,0.0045809600,0.0058278500,0.0066985800,0.0076253800,0.0099654500,0.0116194700,0.0122865700,0.0126546400,0.0131388700
2020-06-12,0.0027277600,0.0031657100,0.0044176200,0.0055506100,0.0064143300,0.0073503700,0.0096918700,0.0113593000,0.0120270900,0.0123951100,0.0128895700
2020-06-11,0.0028160600,0.0032446000,0.0044883600,0.0056409400,0.0064695200,0.0073858400,0.0097299300,0.0114081000,0.0120698000,0.0124399100,0.0129278100
2020-06-10,0.0025851300,0.0029883800,0.0041151000,0.0052054500,0.0059891800,0.0068533000,0.0092053300,0.0108633500,0.0115349900,0.0119035200,0.0123797700
2020-06-09,0.0023617900,0.0027314600,0.0037454900,0.0048104500,0.0055677300,0.0063789700,0.0087245100,0.0103674900,0.0110368300,0.0114007700,0.0118673600
2020-06-08,0.0021978400,0.0025676800,0.0036106200,0.0046339700,0.0053473500,0.0061231600,0.0084325600,0.0100725800,0.0107344500,0.0110912600,0.0115753300
2020-06-05,0.0022245700,0.0026305600,0.0036969600,0.0048056600,0.0055651300,0.0063733100,0.0086983100,0.0103318600,0.0109819600,0.0113552200,0.0118459500
2020-06-04,0.0026568000,0.0030981900,0.0044469700,0.0056618700,0.0065372900,0.0075055100,0.0098857400,0.0115526800,0.0121990100,0.0125926800,0.0131097100
2020-06-03,0.0028416300,0.0033066000,0.0047194600,0.0060142300,0.0069229700,0.0079134900,0.0102994700,0.0119730000,0.0126353100,0.0130509400,0.0135805200
2020-06-02,0.0031737000,0.0036815200,0.0052805500,0.0067109400,0.0076684000,0.0087108700,0.0110607800,0.0127136600,0.0133744400,0.0138027200,0.0143318900
2020-06-01,0.0033507100,0.0038793800,0.0055911300,0.0070983700,0.0080884200,0.0091646700,0.0115284500,0.0131939400,0.0138558600,0.0142862100,0.0148171000
2020-05-29,0.0034904500,0.0040096300,0.0057743400,0.0072948500,0.0083400200,0.0094490800,0.0118094500,0.0134809200,0.0141572600,0.0145759600,0.0151053800
2020-05-28,0.0034885600,0.0039711600,0.0057343000,0.0072843700,0.0082810800,0.0093682300,0.0116882000,0.0133543000,0.0140250300,0.0144393900,0.0149358500
2020-05-27,0.0035386500,0.0041103500,0.0059483100,0.0075778900,0.0086112500,0.0097329000,0.0120414500,0.0137066300,0.0143730600,0.0147855400,0.0152768900
2020-05-26,0.0037336300,0.0044359100,0.0063592600,0.0081411400,0.0092253300,0.0103950900,0.0126616600,0.0143015400,0.0149791500,0.0153979400,0.0158897300
2020-05-25,0.0039944300,0.0047312600,0.0067673600,0.0087263500,0.0099192300,0.0111586200,0.0133954700,0.0150301900,0.0157059100,0.0161267200,0.0166207100
2020-05-22,0.0040105900,0.0047538700,0.0068149100,0.0087418700,0.0099246700,0.0111635100,0.0134556200,0.0151109400,0.0157957700,0.0162199200,0.0167181200
2020-05-21,0.0040281800,0.0047544500,0.0068317000,0.0087936200,0.0099258000,0.0111575200,0.0134416800,0.0150903000,0.0157691600,0.0161877500,0.0166860500
2020-05-20,0.0041144800,0.0048964700,0.0069149300,0.0089947600,0.0101765400,0.0114125200,0.0137016200,0.0153426000,0.0160115100,0.0164462300,0.0169382600
2020-05-19,0.0042059400,0.0050221600,0.0072097200,0.0092671000,0.0104444100,0.0117150100,0.0139922300,0.0156438300,0.0163052100,0.0167370100,0.0172312700
2020-05-18,0.0045654600,0.0054196100,0.0076506300,0.0098772800,0.0111314500,0.0124365500,0.0147169100,0.0163523300,0.0170347400,0.0174556600,0.0179547600
2020-05-15,0.0047237400,0.0055859100,0.0078980000,0.0101731000,0.0114450200,0.0127909600,0.0150260600,0.0166465700,0.0173292300,0.0177490500,0.0182508400
2020-05-14,0.0047166800,0.0055709900,0.0080293000,0.0102282700,0.0114680700,0.0128105900,0.0151081400,0.0167716700,0.0174631300,0.0178861500,0.0183912900
2020-05-13,0.0046513300,0.0054513700,0.0078560500,0.0100130800,0.0112291600,0.0125493400,0.0148518700,0.0165136000,0.0171984000,0.0176208300,0.0181329300
2020-05-12,0.0045665700,0.0053645700,0.0077007500,0.0098392800,0.0110263000,0.0122982600,0.0145970100,0.0162616700,0.0169320400,0.0173658600,0.0178749000
2020-05-11,0.0045646600,0.0053611000,0.0076673300,0.0097928700,0.0109935200,0.0122742800,0.0145673100,0.0162101000,0.0168806300,0.0173008700,0.0178084200
2020-05-08,0.0046602300,0.0054507100,0.0077522400,0.0098554500,0.0110855600,0.0123751300,0.0146781900,0.0162992400,0.0169516500,0.0173573500,0.0178571400
2020-05-07,0.0046096400,0.0053952000,0.0076835000,0.0097693300,0.0109955700,0.0122812300,0.0145775800,0.0161908700,0.0168417000,0.0172472700,0.0177480400
2020-05-06,0.0045160300,0.0052955400,0.0075322400,0.0096157100,0.0107819000,0.0120364100,0.0143307800,0.0159450400,0.0166081400,0.0170138900,0.0175099900
2020-05-05,0.0043505000,0.0051133300,0.0072531700,0.0092833100,0.0104311700,0.0116687000,0.0139654100,0.0155675500,0.0162138800,0.0166066100,0.0171050600
2020-05-04,0.0043929800,0.0051622800,0.0072897400,0.0093169900,0.0104776300,0.0117201700,0.0140265800,0.0156340000,0.0162735000,0.0166604900,0.0171541000
2020-05-01,0.0041716600,0.0049754300,0.0070070700,0.0089743700,0.0101095200,0.0113386300,0.0136244000,0.0152197200,0.0157892600,0.0161349400,0.0165907000
2020-04-30,0.0040124900,0.0047970100,0.0067636000,0.0087069200,0.0098433600,0.0110595800,0.0133475700,0.0149438600,0.0155117700,0.0158578100,0.0163133600
2020-04-29,0.0042152900,0.0050233300,0.0070163000,0.0090562200,0.0102428500,0.0114878300,0.0137712000,0.0153515500,0.0159200400,0.0162643100,0.0167180200
2020-04-28,0.0042793600,0.0051130900,0.0070198800,0.0091639000,0.0103820300,0.0116301500,0.0138614100,0.0154114600,0.0159770600,0.0163214400,0.0167743000
2020-04-27,0.0043632300,0.0052318000,0.0073157900,0.0093505900,0.0105905900,0.0119001500,0.0141856100,0.0157853700,0.0163773000,0.0167424300,0.0172046700
2020-04-24,0.0046167800,0.0055255400,0.0076406000,0.0097982600,0.0111073800,0.0124575400,0.0147445900,0.0163529500,0.0170034000,0.0173986900,0.0178915200
2020-04-23,0.0046855500,0.0056968400,0.0079128800,0.0099746100,0.0112717000,0.0126546900,0.0149351100,0.0165628700,0.0171496300,0.0175166900,0.0179687100
2020-04-22,0.0047181100,0.0058294700,0.0081374000,0.0102760400,0.0116268300,0.0130415100,0.0153313700,0.0169521600,0.0176063500,0.0179939200,0.0184454400
2020-04-21,0.0051225200,0.0062321100,0.0085044800,0.0107550300,0.0121739000,0.0136094100,0.0159139400,0.0175435800,0.0181989900,0.0185959700,0.0190647300
2020-04-20,0.0048915900,0.0057958000,0.0079127200,0.0100895800,0.0114601200,0.0128459100,0.0151253000,0.0167364300,0.0174034200,0.0178128300,0.0183083500
2020-04-17,0.0045973100,0.0056398500,0.0076965200,0.0098506100,0.0112044900,0.0125618700,0.0148020900,0.0163813900,0.0170332700,0.0174176800,0.0178745100
2020-04-16,0.0045201300,0.0055081300,0.0077195500,0.0099834300,0.0114244800,0.0128499000,0.0151328300,0.0167481300,0.0174079500,0.0177835900,0.0182493000
2020-04-15,0.0047074100,0.0055626500,0.0078134000,0.0099216900,0.0112633600,0.0126757500,0.0149049500,0.0164948400,0.0171372100,0.0175198500,0.0179776200
2020-04-14,0.0043069900,0.0051158800,0.0073627200,0.0094920900,0.0108213500,0.0122384000,0.0144596500,0.0160361000,0.0166722700,0.0170501700,0.0175010600
2020-04-13,0.0047605100,0.0056186600,0.0082064000,0.0106613900,0.0121559200,0.0137032700,0.0159128400,0.0174832200,0.0181578400,0.0185279500,0.0189957700
2020-04-10,0.0051395000,0.0059456900,0.0081978100,0.0107108000,0.0121902500,0.0137057500,0.0159474600,0.0175289100,0.0181556100,0.0185031500,0.0189590000
2020-04-09,0.0049812700,0.0056883400,0.0082992700,0.0107490500,0.0121778000,0.0137018700,0.0159053400,0.0174888300,0.0181852600,0.0185719200,0.0190809100
2020-04-08,0.0057852100,0.0065178100,0.0098371100,0.0127956400,0.0144669000,0.0161774700,0.0184052400,0.0200269400,0.0207938800,0.0211927500,0.0217156600
2020-04-07,0.0052590100,0.0061401700,0.0093626400,0.0121866100,0.0139197100,0.0156311900,0.0178742700,0.0194889500,0.0202669800,0.0206895800,0.0212107800
2020-04-06,0.0048470000,0.0056760600,0.0087107800,0.0115054400,0.0132404700,0.0148923300,0.0171209800,0.0187290200,0.0194591800,0.0198569900,0.0203709200
2020-04-03,0.0051494300,0.0058799700,0.0087451000,0.0114305800,0.0131556000,0.0148172000,0.0170566700,0.0186682800,0.0193364300,0.0196905100,0.0201913800
2020-04-02,0.0046173800,0.0052596400,0.0077576500,0.0101377200,0.0117843700,0.0133772900,0.0156239900,0.0172230300,0.0178922600,0.0182577600,0.0187501100
2020-04-01,0.0038824800,0.0045572800,0.0069659900,0.0092386400,0.0107868300,0.0123506700,0.0146030100,0.0161896900,0.0169157000,0.0173037100,0.0178143300
2020-03-31,0.0036122600,0.0042836100,0.0064991600,0.0084757700,0.0099121200,0.0113584200,0.0135464600,0.0150755000,0.0157796900,0.0161432500,0.0166431200
2020-03-30,0.0035510900,0.0041291500,0.0063016500,0.0083696600,0.0098636100,0.0113437700,0.0135715000,0.0151112100,0.0157473200,0.0160831100,0.0165615500
2020-03-27,0.0032355300,0.0039085400,0.0059347800,0.0079409400,0.0094272900,0.0108585600,0.0130291600,0.0145456400,0.0151578700,0.0154794800,0.0159116700
2020-03-26,0.0029548800,0.0036049200,0.0053641800,0.0072159700,0.0086574700,0.0100808200,0.0122483700,0.0137201600,0.0143049100,0.0146137000,0.0150263600
2020-03-25,0.0031859200,0.0039308000,0.0057450600,0.0074994900,0.0090245200,0.0104442600,0.0125541700,0.0139670700,0.0145366400,0.0148362700,0.0152338900
2020-03-24,0.0035910800,0.0043555900,0.0064988200,0.0084697800,0.0101163400,0.0116486400,0.0137841900,0.0152220400,0.0158149900,0.0161218600,0.0165204800
2020-03-23,0.0041736100,0.0049056300,0.0075168400,0.0098671200,0.0116211600,0.0132518500,0.0154731200,0.0169826900,0.0176657100,0.0180237200,0.0184692600
2020-03-20,0.0034730700,0.0041065800,0.0066775100,0.0090280200,0.0107692200,0.0123467900,0.0145709700,0.0161263700,0.0166980700,0.0170075500,0.0173947700
2020-03-19,0.0035062200,0.0041123100,0.0066086000,0.0088314700,0.0107011400,0.0122751700,0.0145523600,0.0161112100,0.0166598000,0.0169624300,0.0173389800
2020-03-18,0.0040017300,0.0045371600,0.0073003200,0.0097230100,0.0118518600,0.0137104900,0.0160685500,0.0176618000,0.0182754100,0.0185980900,0.0190184900
2020-03-17,0.0032475200,0.0037060800,0.0062154100,0.0083741300,0.0104802400,0.0124173700,0.0147527300,0.0162695900,0.0167894000,0.0170564600,0.0174091500
2020-03-16,0.0030803400,0.0035145800,0.0059973600,0.0082348700,0.0102974200,0.0122622400,0.0146329000,0.0162648300,0.0167775100,0.0169959300,0.0172209700
2020-03-13,0.0024924900,0.0028997700,0.0051111500,0.0071348000,0.0090353700,0.0108729700,0.0132758100,0.0148748700,0.0153338500,0.0155419600,0.0157504200
2020-03-12,0.0029013100,0.0033286100,0.0057731300,0.0079268800,0.0099292000,0.0118623700,0.0142593100,0.0158471000,0.0163597900,0.0165968500,0.0168621600
2020-03-11,0.0020263300,0.0024247200,0.0041978200,0.0058963300,0.0077368000,0.0095248600,0.0119516700,0.0135580700,0.0140805100,0.0143562500,0.0147386400
2020-03-10,0.0018782300,0.0022505400,0.0040445200,0.0057030900,0.0075513400,0.0093622200,0.0118202900,0.0133878800,0.0138983500,0.0141400700,0.0144818200
2020-03-09,0.0022565400,0.0025334000,0.0046351800,0.0064641900,0.0083696100,0.0102995300,0.0128159700,0.0144241900,0.0149103600,0.0150884800,0.0152531100
2020-03-06,0.0014449800,0.0018164900,0.0028170300,0.0041367900,0.0058167600,0.0076506800,0.0100535100,0.0115894000,0.0120422500,0.0122127800,0.0123797500
2020-03-05,0.0011703800,0.0014611900,0.0022311100,0.0033540700,0.0049001000,0.0066265200,0.0089754000,0.0104939100,0.0109429200,0.0111082500,0.0112797600
2020-03-04,0.0010137300,0.0013099500,0.0020369600,0.0030983400,0.0046015900,0.0062828200,0.0086321400,0.0101403800,0.0105878600,0.0107513400,0.0109098200
2020-03-03,0.0010510200,0.0013524900,0.0021351500,0.0032190100,0.0047471100,0.0064521400,0.0088014900,0.0102922800,0.0107565800,0.0109212700,0.0110933800
2020-03-02,0.0012088700,0.0015191400,0.0023771400,0.0035220000,0.0051057500,0.0068550000,0.0092285900,0.0107143400,0.0111915200,0.0113606000,0.0115383100
2020-02-28,0.0011810700,0.0014812700,0.0023095700,0.0033429200,0.0048504800,0.0065313300,0.0089280400,0.0104362200,0.0109481500,0.0111369100,0.0113376000
2020-02-27,0.0009818400,0.0012690800,0.0019294900,0.0027396400,0.0041101000,0.0056260900,0.0079905700,0.0094841700,0.0099207100,0.0100687900,0.0102485600
2020-02-26,0.0008265800,0.0011223000,0.0016962300,0.0024444400,0.0037293400,0.0051433500,0.0075045300,0.0090097700,0.0094408100,0.0095742800,0.0098275100
2020-02-25,0.0008455900,0.0011244000,0.0016883300,0.0024158600,0.0036801500,0.0050659600,0.0074532900,0.0089579200,0.0093911200,0.0095360600,0.0097807400
2020-02-24,0.0007829200,0.0010161200,0.0015067200,0.0021872100,0.0034002300,0.0047012300,0.0071097200,0.0086142300,0.0090523300,0.0091859200,0.0094395200
2020-02-21,0.0006603100,0.0008403300,0.0012543200,0.0019439900,0.0030503300,0.0042612000,0.0066088300,0.0080607200,0.0084896800,0.0086299700,0.0088460600
2020-02-20,0.0006057800,0.0008035300,0.0011839200,0.0018425600,0.0029646900,0.0041516300,0.0064797300,0.0078774000,0.0083119200,0.0084378000,0.0085815000
2020-02-19,0.0005357600,0.0007347500,0.0011133700,0.0017998700,0.0028820800,0.0040666000,0.0064252000,0.0079129500,0.0083505900,0.0084789000,0.0086354800
2020-02-18,0.0005790800,0.0007910900,0.0011881900,0.0018359100,0.0029575000,0.0041257100,0.0065527700,0.0080256700,0.0084549100,0.0085969500,0.0087428500
2020-02-17,0.0005129200,0.0007097800,0.0011006700,0.0017719000,0.0028601300,0.0040240400,0.0064390900,0.0078845300,0.0083101200,0.0084507900,0.0085976100
2020-02-14,0.0005342200,0.0007323600,0.0011247200,0.0017818600,0.0029029600,0.0040710600,0.0064808700,0.0079265000,0.0083525400,0.0084925400,0.0086604300
2020-02-13,0.0005887100,0.0007742600,0.0011795000,0.0018588300,0.0029918100,0.0041726400,0.0065907600,0.0080634900,0.0085015700,0.0086356400,0.0088698900
2020-02-12,0.0005491700,0.0007450000,0.0011373600,0.0018415400,0.0029218500,0.0041026600,0.0064535100,0.0079382000,0.0083704200,0.0085123800,0.0086824600
2020-02-11,0.0006123300,0.0007974300,0.0012144100,0.0019282300,0.0030339500,0.0042378100,0.0065650800,0.0080680900,0.0085134400,0.0086440700,0.0088844700
2020-02-10,0.0006324800,0.0008296200,0.0012823500,0.0019882300,0.0031333500,0.0043528200,0.0066865400,0.0081573300,0.0085985400,0.0087290500,0.0089805900
2020-02-07,0.0007127600,0.0009308600,0.0013965900,0.0021099600,0.0032757500,0.0045268200,0.0068719500,0.0083567700,0.0088049100,0.0089375300,0.0091921500
2020-02-06,0.0006524400,0.0008672900,0.0013406800,0.0020394800,0.0031842200,0.0044075200,0.0067538900,0.0082421200,0.0086857400,0.0088168700,0.0090672800
2020-02-05,0.0006715600,0.0008996600,0.0014055500,0.0021094100,0.0032801500,0.0045290800,0.0068684600,0.0083604100,0.0088026000,0.0089342700,0.0091754400
2020-02-04,0.0007005000,0.0009511800,0.0014735800,0.0021766400,0.0034037200,0.0046707600,0.0070274900,0.0085155100,0.0089586800,0.0090929300,0.0093446400
2020-02-03,0.0007595000,0.0010124100,0.0015496400,0.0022625400,0.0035057600,0.0048030700,0.0071629300,0.0086644700,0.0090973400,0.0092432600,0.0094868000
2020-01-31,0.0007792800,0.0010159100,0.0015992800,0.0023398800,0.0035916200,0.0048804900,0.0072643700,0.0087600000,0.0092086700,0.0093432400,0.0096037500
2020-01-30,0.0007503200,0.0009954900,0.0015347300,0.0022448400,0.0034600900,0.0047192500,0.0070939000,0.0085952000,0.0090379000,0.0091727400,0.0094282000
2020-01-29,0.0006997600,0.0009396700,0.0014769200,0.0021656900,0.0033699800,0.0046169400,0.0070106800,0.0085068700,0.0089409300,0.0090879500,0.0093327700
2020-01-28,0.0007469300,0.0009746800,0.0014848500,0.0021611500,0.0033516800,0.0046052600,0.0069833800,0.0084880000,0.0089318400,0.0090654500,0.0093198300
2020-01-27,0.0007597700,0.0009864600,0.0014925400,0.0021587100,0.0033517200,0.0045917200,0.0069861700,0.0085129600,0.0089601900,0.0090956000,0.0093512400
2020-01-24,0.0006781500,0.0008709800,0.0013354300,0.0020090500,0.0031416100,0.0043397300,0.0067026800,0.0082521300,0.0086955900,0.0088310100,0.0090848800
2020-01-23,0.0007236600,0.0009243800,0.0014025900,0.0020525900,0.0032065700,0.0044001800,0.0067483800,0.0082862500,0.0087192200,0.0088675500,0.0091109300
2020-01-22,0.0006848400,0.0008690800,0.0013351100,0.0020044000,0.0031414100,0.0043347500,0.0066880700,0.0081786600,0.0086089000,0.0087555600,0.0089964300
2020-01-21,0.0007033400,0.0008913400,0.0013487700,0.0020116000,0.0031586900,0.0043305700,0.0066768500,0.0081415100,0.0085716500,0.0087163400,0.0089593800
2020-01-20,0.0006394300,0.0008140700,0.0012636200,0.0019371000,0.0030807100,0.0042559600,0.0066274300,0.0080941300,0.0085374600,0.0086700500,0.0089233400
2020-01-17,0.0006508100,0.0008317800,0.0012718600,0.0019287000,0.0030538200,0.0042262100,0.0065828500,0.0080637700,0.0085037700,0.0086376600,0.0088886900
2020-01-16,0.0006396500,0.0008256500,0.0012663500,0.0019525700,0.0030972500,0.0042680700,0.0066405600,0.0081062900,0.0085338200,0.0086805700,0.0089200100
2020-01-15,0.0006896800,0.0008737000,0.0013346600,0.0020000600,0.0031486100,0.0043378500,0.0067243000,0.0082091800,0.0086414500,0.0087875500,0.0090289800
2020-01-14,0.0006684800,0.0008507100,0.0012944300,0.0019621900,0.0031014600,0.0042846100,0.0066608400,0.0081647000,0.0086060500,0.0087402000,0.0089611500
2020-01-13,0.0006216600,0.0008130200,0.0012565400,0.0019329700,0.0030754700,0.0042522400,0.0066399100,0.0081275600,0.0085596600,0.0087053700,0.0088564800
2020-01-10,0.0006142000,0.0008103200,0.0012347800,0.0018850700,0.0030085000,0.0041727600,0.0065569600,0.0080393400,0.0084824100,0.0086156100,0.0087796400
2020-01-09,0.0005884400,0.0007782900,0.0012144900,0.0018897300,0.0030114500,0.0041802700,0.0065552800,0.0080437300,0.0084736600,0.0086065000,0.0087725300
2020-01-08,0.0006144600,0.0008092900,0.0012725600,0.0019397700,0.0030738700,0.0042524300,0.0066096800,0.0080895000,0.0085167700,0.0086487400,0.0088344400
2020-01-07,0.0006567825,0.0008527624,0.0013007967,0.0019530396,0.0030994882,0.0042887995,0.0066538027,0.0081487728,0.0085808440,0.0087208544,0.0089271535
2020-01-06,0.0007020200,0.0008985700,0.0013296600,0.0019664000,0.0031253200,0.0043254800,0.0066982200,0.0082084800,0.0086454000,0.0087935700,0.0090208400
2020-01-03,0.0006447200,0.0008376800,0.0012405900,0.0018384900,0.0029870200,0.0041817500,0.0065486900,0.0080579400,0.0084940800,0.0086402500,0.0088489400
2020-01-02,0.0005627600,0.0007772500,0.0011531300,0.0017422100,0.0028646100,0.0040356500,0.0063908000,0.0078946500,0.0083286700,0.0084605400,0.0086075700
2020-01-01,0.0006086800,0.0008298900,0.0011971400,0.0017342400,0.0028778800,0.0040605900,0.0063829400,0.0079297200,0.0083746400,0.0085060300,0.0086403400
2019-12-31,0.0005952200,0.0008119100,0.0011833500,0.0017189600,0.0028969700,0.0041004500,0.0064331300,0.0079625000,0.0084093900,0.0085414000,0.0086777900
2019-12-30,0.0005883600,0.0007949800,0.0011648800,0.0017675100,0.0029256400,0.0041170700,0.0064752900,0.0079617600,0.0084078000,0.0085405900,0.0086905500
2019-12-27,0.0006139200,0.0008247600,0.0011719100,0.0017963700,0.0029304700,0.0041171100,0.0064854800,0.0079960200,0.0084405400,0.0085750700,0.0087272300
2019-12-26,0.0006233300,0.0008401500,0.0011584000,0.0017712900,0.0028944200,0.0040801800,0.0064667300,0.0080302000,0.0084772000,0.0086129300,0.0087667700
2019-12-25,0.0006216800,0.0008379000,0.0011543500,0.0018076900,0.0029131900,0.0040889400,0.0064748000,0.0080257400,0.0084724900,0.0086083500,0.0087620600
2019-12-24,0.0005804200,0.0007834100,0.0011210300,0.0017974600,0.0029269600,0.0041130000,0.0065175900,0.0080028600,0.0084472200,0.0085843800,0.0087367100
2019-12-23,0.0005843800,0.0007893300,0.0011399900,0.0017988500,0.0029292000,0.0041164100,0.0065199100,0.0080212100,0.0084555000,0.0086054600,0.0087495900
2019-12-20,0.0006063300,0.0008178500,0.0011733600,0.0018052500,0.0029435200,0.0041368600,0.0065367600,0.0080599900,0.0085142700,0.0086671900,0.0088441100
2019-12-19,0.0006686700,0.0008800000,0.0012178300,0.0017833300,0.0029567300,0.0041708800,0.0065120500,0.0080045200,0.0084908600,0.0086600800,0.0089186600
2019-12-18,0.0006645900,0.0008836400,0.0012350900,0.0018449000,0.0030094600,0.0042288400,0.0065933300,0.0081652700,0.0085874300,0.0087362500,0.0089826300
2019-12-17,0.0006555100,0.0008571300,0.0012294100,0.0018702700,0.0030328500,0.0042478000,0.0066417700,0.0082123200,0.0086363400,0.0087736100,0.0090337800
2019-12-16,0.0006368800,0.0008593200,0.0012520500,0.0018564100,0.0030320700,0.0042473600,0.0066144500,0.0081671700,0.0085854700,0.0087204900,0.0089761000
2019-12-13,0.0006523100,0.0008846100,0.0013096700,0.0019227800,0.0031228400,0.0043574200,0.0067354500,0.0082907500,0.0087103700,0.0088475000,0.0091031400
2019-12-12,0.0006743000,0.0009248500,0.0013800100,0.0020153600,0.0032465400,0.0045132300,0.0069181100,0.0084646400,0.0088708800,0.0090070300,0.0092434100
2019-12-11,0.0006935200,0.0009461000,0.0014006400,0.0020508400,0.0032765000,0.0045507500,0.0069583200,0.0085105000,0.0089175100,0.0090557400,0.0092840200
2019-12-10,0.0006624400,0.0008969700,0.0013663800,0.0020285700,0.0032521200,0.0045188000,0.0069253900,0.0084778000,0.0088842000,0.0090329100,0.0091736700
2019-12-09,0.0006427600,0.0008811700,0.0013766100,0.0021025500,0.0033131400,0.0045717500,0.0070151900,0.0085834700,0.0089933700,0.0091314400,0.0092864800
2019-12-06,0.0006561900,0.0009045000,0.0013792200,0.0020872600,0.0033088200,0.0045704100,0.0070164400,0.0085848200,0.0089923900,0.0091295300,0.0092835800
2019-12-05,0.0006836000,0.0009172800,0.0014431000,0.0021783800,0.0034296000,0.0047016300,0.0071484100,0.0087119500,0.0091223100,0.0092609000,0.0094160800
2019-12-04,0.0006949900,0.0009310400,0.0014530700,0.0022040800,0.0034530200,0.0047427200,0.0071981300,0.0087672200,0.0091842100,0.0093268600,0.0094849200
2019-12-03,0.0007100200,0.0009503900,0.0014756200,0.0022150600,0.0034801200,0.0047775600,0.0072292900,0.0087870300,0.0092254800,0.0093752000,0.0095407500
2019-12-02,0.0006824400,0.0009276200,0.0014418700,0.0021445000,0.0034146500,0.0047258100,0.0071713800,0.0087321000,0.0091605600,0.0093200200,0.0094854700
2019-11-29,0.0006925600,0.0009444600,0.0014942000,0.0022581000,0.0035232800,0.0048201200,0.0073149400,0.0088894900,0.0093443300,0.0094980100,0.0096684000
2019-11-28,0.0007192500,0.0009794500,0.0015185600,0.0022625000,0.0035269900,0.0048259700,0.0073077400,0.0088672800,0.0093520300,0.0095257900,0.0097086600
2019-11-27,0.0006974400,0.0009545600,0.0014971400,0.0022143300,0.0035038600,0.0048139400,0.0072821800,0.0088185000,0.0093545600,0.0095514700,0.0097609900
2019-11-26,0.0007184500,0.0009902600,0.0015280600,0.0022492200,0.0035308400,0.0048611200,0.0073271800,0.0088519100,0.0093771600,0.0095711000,0.0097946000
2019-11-25,0.0007608900,0.0010196400,0.0015615300,0.0022409700,0.0035495800,0.0048829400,0.0073454500,0.0088642200,0.0093823700,0.0095741400,0.0098597600
2019-11-22,0.0007905500,0.0010468300,0.0016229900,0.0023059400,0.0036474600,0.0050056600,0.0074905300,0.0090182200,0.0095183600,0.0097062000,0.0099850600
2019-11-21,0.0007991100,0.0010505900,0.0016281100,0.0023492300,0.0036706100,0.0050263600,0.0075015700,0.0090342900,0.0094845600,0.0096364100,0.0099053500
2019-11-20,0.0008090200,0.0010504900,0.0016213500,0.0023441900,0.0036638200,0.0050134100,0.0074931800,0.0090239700,0.0094740800,0.0096260700,0.0098949800
2019-11-19,0.0007549500,0.0009939200,0.0015254700,0.0022466900,0.0035544600,0.0048890300,0.0073587600,0.0088817900,0.0093311100,0.0094832500,0.0097513600
2019-11-18,0.0007742600,0.0010179900,0.0015281900,0.0022601200,0.0035869900,0.0049437200,0.0074192100,0.0089413900,0.0093899000,0.0095436600,0.0098111000
2019-11-15,0.0007996600,0.0010546500,0.0015607100,0.0022850000,0.0036353900,0.0050062300,0.0074587300,0.0089503100,0.0093820500,0.0095470700,0.0098135900
2019-11-14,0.0008086900,0.0010647600,0.0016079300,0.0023760400,0.0037050400,0.0050746100,0.0075533700,0.0090828400,0.0095195300,0.0096864200,0.0099542400
2019-11-13,0.0008164000,0.0010839500,0.0016195700,0.0023724800,0.0037081200,0.0050671200,0.0075411900,0.0090682000,0.0095145900,0.0096839300,0.0099352200
2019-11-12,0.0007781400,0.0010434500,0.0015466400,0.0022898800,0.0036091300,0.0049705500,0.0074140700,0.0089139100,0.0093552200,0.0095224100,0.0097703600
2019-11-11,0.0007488900,0.0010149100,0.0015764400,0.0023328200,0.0036689100,0.0050406300,0.0075063700,0.0090172900,0.0094635600,0.0096303900,0.0098802200
2019-11-08,0.0007446700,0.0010122900,0.0015677100,0.0023288600,0.0036790000,0.0050689100,0.0075078600,0.0089923900,0.0094493600,0.0096031100,0.0098626200
2019-11-07,0.0007813300,0.0010703100,0.0016191600,0.0023845100,0.0037207400,0.0051115400,0.0075539300,0.0090516700,0.0095104400,0.0096650000,0.0099179900
2019-11-06,0.0007597900,0.0010408300,0.0016605400,0.0024693600,0.0038399000,0.0052482000,0.0077042000,0.0092189200,0.0096785600,0.0098348500,0.0100344900
2019-11-05,0.0008006100,0.0010947500,0.0017466800,0.0025733100,0.0039835600,0.0054490400,0.0079077200,0.0094139400,0.0098735100,0.0100418700,0.0102954900
2019-11-04,0.0008383600,0.0011463000,0.0018240900,0.0026290800,0.0040815000,0.0055838700,0.0080383500,0.0095341600,0.0099782900,0.0101449400,0.0104091000
2019-11-01,0.0009580900,0.0012749000,0.0019691800,0.0028184100,0.0043547500,0.0059171600,0.0083847100,0.0098981600,0.0103537800,0.0105186000,0.0107857700
2019-10-31,0.0009608200,0.0012789100,0.0019798800,0.0028361900,0.0043721400,0.0059344200,0.0083992000,0.0099119900,0.0103743800,0.0105436900,0.0108136500
2019-10-30,0.0009283800,0.0012308200,0.0018981700,0.0027679100,0.0042991000,0.0058537500,0.0082961100,0.0097999100,0.0102619700,0.0104311100,0.0107006700
2019-10-29,0.0009098500,0.0012119700,0.0018431100,0.0027262600,0.0042057100,0.0057342200,0.0081233100,0.0096434700,0.0101017000,0.0102695200,0.0105350700
2019-10-28,0.0008913900,0.0011959000,0.0018628200,0.0027205100,0.0042301500,0.0057798400,0.0082473600,0.0097609900,0.0102448300,0.0104211700,0.0106914100
2019-10-25,0.0008966700,0.0012311600,0.0018868900,0.0027529300,0.0042569800,0.0058181400,0.0082661800,0.0097713900,0.0103353200,0.0105364300,0.0108239400
2019-10-24,0.0009108200,0.0012463400,0.0019460700,0.0028100500,0.0043394400,0.0059103100,0.0083657900,0.0098807100,0.0104478700,0.0106496800,0.0109392000
2019-10-23,0.0009882300,0.0013407400,0.0020562300,0.0029125600,0.0044884700,0.0060864100,0.0085356900,0.0100450000,0.0106109700,0.0108130400,0.0111035400
2019-10-22,0.0009665200,0.0013190200,0.0020369900,0.0028965500,0.0044589000,0.0060517600,0.0085045900,0.0100073400,0.0105610000,0.0107629100,0.0110529900
2019-10-21,0.0009780200,0.0013455800,0.0020360100,0.0029173700,0.0044624800,0.0060655900,0.0084875500,0.0099983000,0.0105639900,0.0107678200,0.0110466300
2019-10-18,0.0010190700,0.0013822200,0.0020935300,0.0029771900,0.0045639400,0.0061806500,0.0086206400,0.0101441600,0.0107116700,0.0109257900,0.0111855000
2019-10-17,0.0008949800,0.0012049800,0.0019082200,0.0028150700,0.0043623100,0.0059549100,0.0083469400,0.0098633800,0.0103988400,0.0106013000,0.0108108500
2019-10-16,0.0009135700,0.0012301500,0.0019644900,0.0028414900,0.0043936400,0.0059836700,0.0083882700,0.0098849500,0.0105020000,0.0107600000,0.0110018000
2019-10-15,0.0009696500,0.0013067000,0.0020213600,0.0028898200,0.0044365200,0.0060263600,0.0084472800,0.0099345600,0.0105521700,0.0108084400,0.0110621200
2019-10-14,0.0009625000,0.0012924800,0.0020654200,0.0029688600,0.0045351600,0.0061499000,0.0085549100,0.0100541500,0.0106871300,0.0109329600,0.0111870900
2019-10-11,0.0009383100,0.0012689500,0.0020499200,0.0029555200,0.0044991400,0.0061072300,0.0085104600,0.0100068900,0.0106536500,0.0109173100,0.0111785500
2019-10-10,0.0010881800,0.0014311000,0.0022969300,0.0032178900,0.0047994600,0.0064090800,0.0088261100,0.0103114300,0.0110652500,0.0113667300,0.0116702800
2019-10-09,0.0011296700,0.0014779500,0.0023605400,0.0032811000,0.0048905900,0.0065232600,0.0089164500,0.0103902300,0.0111378200,0.0114382700,0.0117431800
2019-10-08,0.0011129400,0.0014341500,0.0023240900,0.0032085700,0.0048710700,0.0065488200,0.0089630700,0.0104829900,0.0112204000,0.0115224200,0.0118306500
2019-10-07,0.0011124100,0.0014124500,0.0022733900,0.0031431300,0.0047753800,0.0064379900,0.0088351900,0.0103759700,0.0111220900,0.0114238100,0.0117302500
2019-10-04,0.0011224200,0.0014068100,0.0022477900,0.0031086300,0.0047310300,0.0063723600,0.0087080800,0.0102141500,0.0109539800,0.0112536100,0.0115542800
2019-10-03,0.0011322100,0.0014225000,0.0022268100,0.0030477800,0.0046473000,0.0062383000,0.0085879500,0.0101739600,0.0109381500,0.0112484200,0.0115589400
2019-10-02,0.0010733900,0.0013538800,0.0020995200,0.0029101700,0.0044513900,0.0059963400,0.0082674900,0.0098183000,0.0105668400,0.0108568700,0.0111673000
2019-10-01,0.0009482000,0.0012288300,0.0019677200,0.0027467000,0.0042276000,0.0057227300,0.0079645500,0.0095135500,0.0101909000,0.0104610000,0.0107447500
2019-09-30,0.0009770400,0.0012506900,0.0020179500,0.0028211800,0.0043011000,0.0058000400,0.0080527000,0.0096366900,0.0104188800,0.0107330000,0.0110391500
2019-09-27,0.0009931600,0.0012755500,0.0020027400,0.0028020300,0.0042565600,0.0057346200,0.0080135900,0.0095907800,0.0103625100,0.0106898600,0.0109976700
2019-09-26,0.0010061300,0.0012768600,0.0019845100,0.0027654900,0.0042154400,0.0056863400,0.0079519900,0.0094933200,0.0102649800,0.0105739600,0.0108803400
2019-09-25,0.0010005400,0.0012640200,0.0019535000,0.0026884300,0.0041461100,0.0056143500,0.0078583800,0.0093969000,0.0101745700,0.0104684200,0.0107721300
2019-09-24,0.0009338900,0.0011887600,0.0018508800,0.0025754800,0.0039801500,0.0054065800,0.0076321800,0.0091692400,0.0098946000,0.0101882700,0.0104824400
2019-09-23,0.0009920700,0.0012471500,0.0018877600,0.0025727500,0.0039671600,0.0053727600,0.0076046700,0.0091826000,0.0098110700,0.0100524200,0.0103365000
2019-09-20,0.0009608100,0.0011741300,0.0017918800,0.0024657400,0.0038181100,0.0051948900,0.0074435900,0.0090751100,0.0097085500,0.0099310100,0.0101896700
2019-09-19,0.0007257800,0.0009114300,0.0014514800,0.0019807400,0.0032516200,0.0045430300,0.0067757200,0.0083881700,0.0090309400,0.0092865400,0.0095692900
2019-09-18,0.0006937300,0.0008804100,0.0014118700,0.0019133200,0.0032028300,0.0044955700,0.0067236500,0.0083058300,0.0090348700,0.0093250100,0.0096262100
2019-09-17,0.0007063100,0.0008993600,0.0014106900,0.0019282400,0.0031995100,0.0044913300,0.0067123600,0.0083230800,0.0090519100,0.0093414000,0.0096432800
2019-09-16,0.0006635800,0.0008539600,0.0013503500,0.0018235200,0.0031208400,0.0044315000,0.0066564400,0.0082567600,0.0089589600,0.0092301400,0.0095347400
2019-09-13,0.0006488500,0.0008397600,0.0013380100,0.0018006100,0.0030850000,0.0043939600,0.0066039700,0.0081998800,0.0088135100,0.0090626200,0.0093444900
2019-09-12,0.0006314700,0.0008223100,0.0013356900,0.0018387000,0.0030889400,0.0044004700,0.0066255300,0.0082641000,0.0088870300,0.0091256900,0.0094079000
2019-09-11,0.0007133600,0.0009134500,0.0014711000,0.0019424900,0.0032745700,0.0046204900,0.0068555100,0.0084968800,0.0091143800,0.0093667200,0.0096525200
2019-09-10,0.0007182500,0.0009201100,0.0014697500,0.0019318300,0.0033023100,0.0046585900,0.0068831000,0.0084986200,0.0091175500,0.0093693700,0.0096561500
2019-09-09,0.0007054700,0.0009053300,0.0014620900,0.0018917000,0.0032732800,0.0046512600,0.0068576300,0.0084122800,0.0090262000,0.0092674700,0.0095512400
2019-09-06,0.0007235500,0.0009227300,0.0014800700,0.0019008500,0.0033054700,0.0047059600,0.0069177300,0.0084954600,0.0091115600,0.0093664200,0.0096538600
2019-09-05,0.0007072400,0.0009047600,0.0014310400,0.0019034000,0.0032314300,0.0045588800,0.0067726700,0.0084128900,0.0090254000,0.0092801300,0.0095678400
2019-09-04,0.0007091300,0.0009094500,0.0014524600,0.0019353900,0.0032727200,0.0046010100,0.0068118800,0.0084542600,0.0090658300,0.0093208100,0.0096092500
2019-09-03,0.0007234900,0.0009230700,0.0014579200,0.0019465700,0.0032957500,0.0046462000,0.0068681700,0.0085146700,0.0091280100,0.0093837200,0.0096715100
2019-09-02,0.0006974200,0.0008952400,0.0014094800,0.0018826300,0.0032165400,0.0045406000,0.0067522000,0.0083949800,0.0090053200,0.0092587700,0.0095465700
2019-08-30,0.0006993900,0.0008974000,0.0014011200,0.0018706700,0.0032079200,0.0045414700,0.0067482700,0.0083916100,0.0090005000,0.0092412100,0.0095337500
2019-08-29,0.0007044600,0.0009002100,0.0013923900,0.0018813900,0.0032364200,0.0045813500,0.0068097400,0.0084766300,0.0090916900,0.0093366100,0.0096291200
2019-08-28,0.0007109000,0.0009111300,0.0014332200,0.0019317400,0.0033159400,0.0047045900,0.0069075800,0.0085236000,0.0091264800,0.0093780900,0.0096532500
2019-08-27,0.0007048800,0.0009022000,0.0014427100,0.0019643900,0.0033475100,0.0047497300,0.0069601800,0.0085889600,0.0091961700,0.0094493100,0.0097259700
2019-08-26,0.0007484900,0.0009494400,0.0014869400,0.0019956500,0.0034002100,0.0048005700,0.0069966300,0.0086312700,0.0092391800,0.0094925500,0.0097686900
2019-08-23,0.0007367400,0.0009348500,0.0014913300,0.0020141600,0.0034038700,0.0048323700,0.0070455700,0.0086798600,0.0092917700,0.0095466900,0.0098259400
2019-08-22,0.0007326800,0.0009314200,0.0014987700,0.0020106800,0.0034052600,0.0047973200,0.0070000800,0.0086257800,0.0092355600,0.0094879400,0.0097775900
2019-08-21,0.0007361100,0.0009372900,0.0015145600,0.0020322700,0.0034396600,0.0048244500,0.0070285200,0.0086670200,0.0092882700,0.0095290600,0.0098201200
2019-08-20,0.0007565600,0.0009582300,0.0015707800,0.0021176600,0.0035331900,0.0049393500,0.0071594100,0.0088202400,0.0094316800,0.0096744200,0.0099682200
2019-08-19,0.0007427600,0.0009465700,0.0015899400,0.0021514200,0.0035596800,0.0049658800,0.0071892600,0.0088704400,0.0094838700,0.0097314800,0.0100237900
2019-08-16,0.0008027700,0.0010075700,0.0016855800,0.0022489500,0.0037122800,0.0051584500,0.0073755900,0.0090442800,0.0096711900,0.0099355900,0.0102224500
2019-08-15,0.0008580100,0.0010651600,0.0018041000,0.0024017800,0.0038827200,0.0053469500,0.0075905100,0.0092809500,0.0099242700,0.0101910100,0.0104690600
2019-08-14,0.0008657400,0.0010727900,0.0018130100,0.0024269000,0.0039155400,0.0053919800,0.0076460200,0.0093442800,0.0100172800,0.0102909800,0.0105763700
2019-08-13,0.0008586900,0.0010637600,0.0018010900,0.0023994300,0.0038776500,0.0053382000,0.0075892100,0.0092866500,0.0100537300,0.0103644400,0.0106701100
2019-08-12,0.0008861600,0.0010905000,0.0018445400,0.0024615100,0.0039635500,0.0054466700,0.0077163500,0.0094159900,0.0101726100,0.0104843200,0.0107936100
2019-08-09,0.0008737400,0.0010751500,0.0018177700,0.0024328800,0.0039290800,0.0054080800,0.0076812700,0.0093835600,0.0101042800,0.0104101800,0.0107238500
2019-08-08,0.0008361800,0.0010458400,0.0017762700,0.0023926200,0.0038674100,0.0053340400,0.0075785400,0.0092578100,0.0098804400,0.0101438400,0.0104344200
2019-08-07,0.0009013300,0.0011126400,0.0018772400,0.0024950400,0.0039961100,0.0054887600,0.0077538500,0.0094355000,0.0100690200,0.0103294200,0.0106146200
2019-08-06,0.0009047800,0.0011061000,0.0018485100,0.0024509800,0.0039477200,0.0054371900,0.0077024900,0.0093881000,0.0100974000,0.0103889000,0.0106945300
2019-08-05,0.0010078600,0.0012124700,0.0019365800,0.0025052000,0.0040309400,0.0055524600,0.0078471500,0.0095640400,0.0102773300,0.0105738400,0.0108848000
2019-08-02,0.0008951200,0.0010884700,0.0017419500,0.0022912400,0.0037369800,0.0051864200,0.0074626400,0.0091539800,0.0098469800,0.0101248300,0.0104355400
2019-08-01,0.0007780500,0.0009748700,0.0015640000,0.0020711100,0.0034709900,0.0048714000,0.0071208500,0.0087717300,0.0093755200,0.0096157600,0.0099000700
2019-07-31,0.0007706800,0.0009669100,0.0015634300,0.0020852800,0.0034691500,0.0048506100,0.0071032900,0.0087483800,0.0093719800,0.0096273500,0.0099088000
2019-07-30,0.0008153100,0.0010050500,0.0015933500,0.0021169100,0.0035049800,0.0048870400,0.0071561100,0.0088282700,0.0095123900,0.0097966300,0.0100990900
2019-07-29,0.0007144900,0.0009134200,0.0014535400,0.0019613600,0.0032889200,0.0046292800,0.0068605700,0.0084954900,0.0090960500,0.0093448900,0.0096242100
2019-07-26,0.0006535100,0.0008456900,0.0013706700,0.0019057900,0.0032051800,0.0045319600,0.0067888900,0.0084385900,0.0090483100,0.0092981800,0.0095697900
2019-07-25,0.0006485600,0.0008422500,0.0013652000,0.0019006700,0.0031970800,0.0045177700,0.0067615200,0.0084035800,0.0090120400,0.0092595600,0.0095415900
2019-07-24,0.0006866200,0.0008791900,0.0014192700,0.0019362300,0.0032676300,0.0046024200,0.0068312700,0.0084305400,0.0090297800,0.0092608400,0.0095401500
2019-07-23,0.0007416400,0.0009337900,0.0015089400,0.0020338400,0.0034079700,0.0047559500,0.0070099500,0.0086069200,0.0092077300,0.0094411200,0.0097215800
2019-07-22,0.0007806100,0.0009768200,0.0015560700,0.0020961600,0.0034652500,0.0048345000,0.0070489200,0.0086453700,0.0092322500,0.0094748300,0.0097430400
2019-07-19,0.0007769600,0.0009689800,0.0015610900,0.0021077300,0.0034811900,0.0048589800,0.0070573900,0.0086426600,0.0092302100,0.0094570000,0.0097337800
2019-07-18,0.0008337400,0.0010508400,0.0016298700,0.0021845200,0.0035588700,0.0049382200,0.0071564300,0.0087459400,0.0093264600,0.0095671700,0.0098438500
2019-07-17,0.0007842400,0.0009882800,0.0015583900,0.0021254100,0.0034468900,0.0048009400,0.0070170900,0.0086036400,0.0091852000,0.0094235800,0.0096923900
2019-07-16,0.0007148700,0.0009099500,0.0014452400,0.0019945400,0.0033188500,0.0046687300,0.0068830100,0.0084566300,0.0090468000,0.0092716500,0.0095504500
2019-07-15,0.0007022400,0.0009107900,0.0014479500,0.0019871600,0.0032987400,0.0046203300,0.0068459800,0.0084344800,0.0090223300,0.0092476700,0.0095261400
2019-07-12,0.0007291900,0.0009283500,0.0014969800,0.0020575400,0.0033801500,0.0046918600,0.0069473800,0.0085659800,0.0091652400,0.0093958800,0.0096789000
2019-07-11,0.0006618500,0.0008594400,0.0013929600,0.0019336700,0.0032271200,0.0045367000,0.0067631600,0.0083481100,0.0089399700,0.0091802700,0.0094598200
2019-07-10,0.0006802500,0.0008831000,0.0014308400,0.0019724100,0.0032652300,0.0045828500,0.0068195500,0.0084668700,0.0090611900,0.0092925600,0.0095737000
2019-07-09,0.0007112800,0.0009144200,0.0014940100,0.0020430200,0.0033777800,0.0047150500,0.0069860200,0.0086382300,0.0092386600,0.0094863900,0.0097604100
2019-07-08,0.0006636500,0.0008660100,0.0014112800,0.0019460400,0.0032378800,0.0045649200,0.0068220800,0.0085046600,0.0091065000,0.0093537400,0.0096277700
2019-07-05,0.0006402400,0.0008358000,0.0013480900,0.0018759600,0.0031998800,0.0045323200,0.0067747300,0.0083705400,0.0089685600,0.0092121800,0.0094963100
2019-07-04,0.0005935500,0.0007942400,0.0013131900,0.0018367900,0.0031207300,0.0044521000,0.0066565700,0.0082793500,0.0088764200,0.0091063000,0.0093886400
2019-07-03,0.0005757600,0.0007727900,0.0013131900,0.0018897800,0.0031656200,0.0045143700,0.0067105700,0.0083384200,0.0089359300,0.0091664000,0.0094464700
2019-07-02,0.0006239600,0.0008283500,0.0014004400,0.0020014200,0.0033352500,0.0047328400,0.0069176400,0.0085238100,0.0091184500,0.0093458300,0.0096284900
2019-07-01,0.0006057300,0.0008476600,0.0014531800,0.0020714000,0.0034059400,0.0048004300,0.0069970500,0.0086256700,0.0092211900,0.0094507000,0.0097324100
2019-06-28,0.0007525300,0.0009782500,0.0016235000,0.0022582600,0.0036496400,0.0050770600,0.0072733900,0.0089075500,0.0095005900,0.0097290300,0.0100129300
2019-06-27,0.0007547300,0.0009777500,0.0016463200,0.0023050600,0.0037176900,0.0051601000,0.0073721300,0.0090105200,0.0096099100,0.0098391900,0.0101211100
2019-06-26,0.0007697400,0.0009960200,0.0016411000,0.0022960900,0.0037476200,0.0052308100,0.0074553300,0.0090319500,0.0096293300,0.0098575800,0.0101352000
2019-06-25,0.0007510200,0.0009681600,0.0017093700,0.0024329800,0.0038613700,0.0052900800,0.0075585600,0.0091869100,0.0097945000,0.0100378100,0.0103088700
2019-06-24,0.0007285200,0.0009449800,0.0016202600,0.0023226400,0.0037767000,0.0052390000,0.0074962100,0.0090910400,0.0096947300,0.0099257400,0.0102079500
2019-06-21,0.0006696200,0.0008769300,0.0015503300,0.0022837800,0.0037396500,0.0052364500,0.0075157000,0.0091686600,0.0097761200,0.0100114100,0.0102965800
2019-06-20,0.0006470200,0.0009052700,0.0016087000,0.0022749300,0.0037380900,0.0052442300,0.0074231800,0.0090852200,0.0096812400,0.0099234900,0.0101958000
2019-06-19,0.0006882600,0.0009499100,0.0016981300,0.0023752800,0.0039544400,0.0055440400,0.0077234600,0.0093926400,0.0099952900,0.0102259800,0.0105095300
2019-06-18,0.0008246800,0.0011046900,0.0019373600,0.0026901400,0.0043679100,0.0060473400,0.0082173900,0.0098658300,0.0104661500,0.0106968700,0.0109815700
2019-06-17,0.0009643100,0.0012249200,0.0021480300,0.0029936300,0.0047458700,0.0065030600,0.0086869500,0.0103215000,0.0109303200,0.0111612500,0.0114495700
2019-06-14,0.0009683800,0.0012511600,0.0021703100,0.0030376500,0.0047888400,0.0065550600,0.0086798900,0.0103805200,0.0109925800,0.0112240100,0.0115098500
2019-06-13,0.0009414900,0.0012264100,0.0021426600,0.0030038900,0.0047552600,0.0065190700,0.0086464600,0.0103433700,0.0109561600,0.0111878900,0.0114732700
2019-06-12,0.0009527000,0.0012459400,0.0021639700,0.0030162400,0.0047750500,0.0065286400,0.0086802500,0.0103413100,0.0109548900,0.0111870400,0.0114707600
2019-06-11,0.0009428300,0.0012484400,0.0021391100,0.0029280500,0.0047145900,0.0064886600,0.0086365900,0.0102831700,0.0108953400,0.0111278400,0.0114046100
2019-06-10,0.0009994400,0.0013105700,0.0022516400,0.0030533500,0.0048783800,0.0066822100,0.0088248400,0.0104752400,0.0110908000,0.0113359900,0.0116064300
2019-06-07,0.0010607000,0.0013838400,0.0023458900,0.0032034300,0.0050594400,0.0068897900,0.0090028200,0.0106644600,0.0112919000,0.0115240300,0.0118060200
2019-06-06,0.0011425100,0.0014685300,0.0024878800,0.0033741800,0.0052783900,0.0071446600,0.0092342500,0.0109181600,0.0115461300,0.0117809900,0.0120610500
2019-06-05,0.0011322200,0.0014633300,0.0024900900,0.0033931000,0.0053072200,0.0071879100,0.0092317200,0.0109257100,0.0115416100,0.0117775800,0.0120548200
2019-06-04,0.0012071300,0.0015416300,0.0026043100,0.0035450600,0.0055132900,0.0074297100,0.0094864400,0.0111703400,0.0117819300,0.0120306500,0.0122986000
2019-06-03,0.0013552500,0.0016970200,0.0028233400,0.0037951200,0.0058153600,0.0077793100,0.0098589200,0.0115306800,0.0121522300,0.0123998100,0.0126718600
2019-05-31,0.0013664100,0.0016994800,0.0028259400,0.0037957800,0.0058040900,0.0077520400,0.0098148800,0.0115199200,0.0121467200,0.0123870200,0.0126731800
2019-05-30,0.0011635600,0.0014791400,0.0025448400,0.0034793300,0.0053700200,0.0072199700,0.0092651700,0.0109512000,0.0115767700,0.0118275900,0.0121087500
2019-05-29,0.0012296900,0.0015478200,0.0026424000,0.0036005300,0.0054980100,0.0073662400,0.0094303700,0.0111291300,0.0117564000,0.0120070000,0.0122769000
2019-05-28,0.0011582300,0.0014775200,0.0025485900,0.0035375000,0.0053955000,0.0072110800,0.0092761100,0.0109821900,0.0116050100,0.0118409800,0.0121195400
2019-05-27,0.0012184600,0.0015366500,0.0026079700,0.0035392100,0.0054609000,0.0073263200,0.0094030800,0.0110669000,0.0116885300,0.0119256600,0.0122068000
2019-05-24,0.0012130800,0.0015318600,0.0026152200,0.0035607700,0.0054779500,0.0073486500,0.0094045400,0.0111131300,0.0117384500,0.0119772000,0.0122599100
2019-05-23,0.0012777600,0.0015913100,0.0026716200,0.0036037700,0.0055417200,0.0074364800,0.0095161800,0.0112435100,0.0118794300,0.0121355400,0.0124201000
2019-05-22,0.0011297500,0.0014397500,0.0024446600,0.0032975900,0.0051437100,0.0069507300,0.0089917900,0.0106967400,0.0113387000,0.0115949300,0.0118803300
2019-05-21,0.0011130500,0.0014207700,0.0024239500,0.0032795100,0.0051098400,0.0068933700,0.0089576500,0.0106294800,0.0112759800,0.0115293100,0.0118144800
2019-05-20,0.0010912600,0.0013943200,0.0023854900,0.0032270300,0.0050589700,0.0068527100,0.0088755000,0.0105933700,0.0112494300,0.0114937200,0.0117756900
2019-05-17,0.0010694700,0.0013781900,0.0023679700,0.0031992100,0.0050225200,0.0068086900,0.0088327000,0.0105463600,0.0111919800,0.0114483800,0.0117193300
2019-05-16,0.0009681400,0.0012912500,0.0022675700,0.0030776700,0.0048682700,0.0066142600,0.0086263300,0.0103347500,0.0109774700,0.0112334500,0.0115138100
2019-05-15,0.0011378900,0.0014647200,0.0025195700,0.0033885300,0.0052305400,0.0070312400,0.0090400100,0.0107531300,0.0113914400,0.0116467400,0.0119146600
2019-05-14,0.0012157100,0.0015400700,0.0026450500,0.0035315500,0.0053937600,0.0072117400,0.0092070800,0.0109361500,0.0115840600,0.0118397600,0.0121096100
2019-05-13,0.0013445400,0.0016624100,0.0027745700,0.0036745500,0.0055482500,0.0073795800,0.0093972600,0.0111302500,0.0117817600,0.0120367300,0.0123089900
2019-05-10,0.0013001400,0.0016146300,0.0026629200,0.0035147500,0.0053159000,0.0070819000,0.0090986200,0.0107955200,0.0114592700,0.0117036700,0.0119850700
2019-05-09,0.0013732500,0.0016823500,0.0027225200,0.0035790100,0.0053824700,0.0071442000,0.0091398800,0.0108820800,0.0115459200,0.0118053700,0.0120749200
2019-05-08,0.0011803300,0.0014649800,0.0023827700,0.0031555900,0.0048609100,0.0065386800,0.0085062800,0.0102441700,0.0108970100,0.0111509000,0.0114188000
2019-05-07,0.0010716700,0.0013540900,0.0021636200,0.0028920000,0.0045650100,0.0062097000,0.0081866400,0.0099119900,0.0105802300,0.0108261400,0.0111066700
2019-05-06,0.0008383500,0.0011226300,0.0018346400,0.0025046400,0.0041002400,0.0056726800,0.0076385900,0.0093432500,0.0099943500,0.0102477200,0.0105239600
2019-05-03,0.0008425600,0.0011287800,0.0018459100,0.0025194400,0.0041224700,0.0057027100,0.0076696500,0.0093752800,0.0100290800,0.0102836300,0.0105610900
2019-05-02,0.0008898200,0.0011736100,0.0019193600,0.0025976500,0.0042236100,0.0058205600,0.0078342000,0.0094866500,0.0101463600,0.0104014700,0.0106827900
2019-05-01,0.0008422200,0.0011325100,0.0018856900,0.0025884200,0.0042101800,0.0058030300,0.0078005200,0.0094575400,0.0101261900,0.0103678200,0.0106469200
2019-04-30,0.0009045700,0.0011955700,0.0019813200,0.0027277000,0.0043630400,0.0059692200,0.0079439700,0.0096494400,0.0103151100,0.0105584100,0.0108354700
2019-04-29,0.0009252200,0.0012190600,0.0020251200,0.0027929300,0.0044390900,0.0060681300,0.0080470100,0.0097417700,0.0104038300,0.0106468600,0.0109202500
2019-04-26,0.0009896500,0.0012916500,0.0021123000,0.0029001900,0.0045788200,0.0062285800,0.0082360400,0.0098819900,0.0105488800,0.0108064200,0.0110718400
2019-04-25,0.0010113200,0.0013163500,0.0021298500,0.0029210500,0.0046030700,0.0062649300,0.0082662500,0.0099442700,0.0106050600,0.0108648000,0.0111440900
2019-04-24,0.0009363800,0.0012297400,0.0020089700,0.0027771200,0.0044328900,0.0060556500,0.0080303700,0.0097568500,0.0104281800,0.0106853600,0.0109540400
2019-04-23,0.0009075700,0.0011993900,0.0019566300,0.0027096200,0.0043419100,0.0059570600,0.0079198800,0.0096382300,0.0103063900,0.0105503600,0.0108300000
2019-04-22,0.0009293000,0.0012230600,0.0019681300,0.0027180100,0.0043596900,0.0059774600,0.0079349300,0.0096594300,0.0103218400,0.0105639800,0.0108396000
2019-04-19,0.0009156200,0.0012057100,0.0019526900,0.0027008400,0.0043528700,0.0059808400,0.0079534300,0.0096668800,0.0103300700,0.0105723200,0.0108479500
2019-04-18,0.0009459500,0.0012459500,0.0019741500,0.0026957000,0.0043869400,0.0060493700,0.0080697300,0.0097013300,0.0103667200,0.0106098000,0.0108862600
2019-04-17,0.0009243000,0.0012191600,0.0019768800,0.0027298500,0.0043947600,0.0060357500,0.0080097700,0.0097236000,0.0103895700,0.0106338200,0.0109118300
2019-04-16,0.0009786100,0.0012732600,0.0020477000,0.0028075500,0.0045014800,0.0061703200,0.0081842400,0.0098521000,0.0105198600,0.0107669300,0.0110480400
2019-04-15,0.0009351700,0.0012283600,0.0020066900,0.0027744900,0.0044343300,0.0060753200,0.0080352900,0.0097698500,0.0104221000,0.0106787200,0.0109573000
2019-04-12,0.0009206900,0.0012205600,0.0020477100,0.0028400300,0.0045090000,0.0061482700,0.0081130500,0.0098281700,0.0104796800,0.0107345500,0.0110149500
2019-04-11,0.0009866400,0.0012883000,0.0021680300,0.0030158400,0.0047350800,0.0064244800,0.0084197800,0.0101563700,0.0108199900,0.0110658500,0.0113477300
2019-04-10,0.0010586800,0.0013640400,0.0022842000,0.0031513500,0.0048956000,0.0066185000,0.0086182500,0.0103368000,0.0109923100,0.0112493300,0.0115303500
2019-04-09,0.0010910600,0.0013977200,0.0023254200,0.0031902600,0.0049539100,0.0066923400,0.0087204700,0.0103687500,0.0110381400,0.0112851200,0.0115632300
2019-04-08,0.0011110600,0.0014165600,0.0023185000,0.0031789900,0.0049512700,0.0066819300,0.0086925400,0.0103389500,0.0110060500,0.0112653500,0.0115321600
2019-04-05,0.0010125800,0.0013151300,0.0021436600,0.0029766800,0.0046804900,0.0063451000,0.0083043700,0.0099826800,0.0106424400,0.0108941700,0.0111609100
2019-04-04,0.0010124800,0.0013234300,0.0021490800,0.0029856900,0.0046826600,0.0063336300,0.0082901500,0.0099640900,0.0106259500,0.0108625800,0.0111395700
2019-04-03,0.0009621000,0.0012730400,0.0020758700,0.0029087200,0.0046093300,0.0062498700,0.0082294400,0.0099116500,0.0105708000,0.0108102400,0.0110856900
2019-04-02,0.0010175900,0.0013302100,0.0022032600,0.0030718400,0.0048061200,0.0064715200,0.0084507900,0.0101319100,0.0107814900,0.0110293500,0.0112938400
2019-04-01,0.0010409200,0.0013557800,0.0022884800,0.0031655400,0.0049242900,0.0065989900,0.0085726200,0.0102225000,0.0108847300,0.0111194400,0.0113945100
2019-03-29,0.0011463200,0.0014689300,0.0024614600,0.0033652800,0.0051959400,0.0069336700,0.0088975700,0.0105431300,0.0112052500,0.0114425600,0.0117156000
2019-03-28,0.0011894500,0.0015139900,0.0025286000,0.0034528700,0.0053144800,0.0070926200,0.0090664400,0.0107356400,0.0113919100,0.0116402500,0.0119054900
2019-03-27,0.0011710200,0.0014983100,0.0025321500,0.0034560800,0.0052909800,0.0070353100,0.0089987800,0.0106120400,0.0112773200,0.0115096200,0.0117811400
2019-03-26,0.0011768500,0.0015146200,0.0025744000,0.0035048700,0.0053504500,0.0071140000,0.0090744900,0.0106759000,0.0113402300,0.0115743200,0.0118448700
2019-03-25,0.0013247800,0.0016683400,0.0027841700,0.0037448100,0.0056083300,0.0074041700,0.0093988500,0.0110019200,0.0116722400,0.0119113200,0.0121838500
2019-03-22,0.0013271100,0.0016608900,0.0027408900,0.0036964500,0.0055211700,0.0072469000,0.0091963600,0.0108493300,0.0115095600,0.0117572500,0.0120172100
2019-03-21,0.0011924600,0.0015065600,0.0024952500,0.0034119400,0.0051299300,0.0067485100,0.0086503000,0.0103290500,0.0109737900,0.0112053500,0.0114619200
2019-03-20,0.0012322900,0.0015546400,0.0024605600,0.0033933400,0.0050749700,0.0066552400,0.0086187800,0.0103219500,0.0109210400,0.0111443800,0.0113671600
2019-03-19,0.0007962600,0.0010810100,0.0017285300,0.0024954500,0.0039294100,0.0052658000,0.0072182900,0.0088055000,0.0094837000,0.0097050000,0.0099510700
2019-03-18,0.0008820800,0.0011647300,0.0018219500,0.0026610200,0.0041381100,0.0055197400,0.0074638100,0.0090529000,0.0097314000,0.0099529800,0.0102093400
2019-03-15,0.0009053800,0.0011900300,0.0018824800,0.0027165500,0.0042151900,0.0056240000,0.0075677700,0.0091169500,0.0097907100,0.0100106700,0.0102582300
2019-03-14,0.0008574400,0.0011499500,0.0018681100,0.0027122900,0.0042139200,0.0056258400,0.0075589300,0.0091125200,0.0097593600,0.0099748300,0.0102320400
2019-03-13,0.0009098300,0.0012064500,0.0019809200,0.0028519200,0.0044025600,0.0058522200,0.0077793800,0.0093286300,0.0099763100,0.0101942100,0.0104506300
2019-03-12,0.0009396800,0.0012428700,0.0020882500,0.0029992400,0.0045759400,0.0060568900,0.0079877800,0.0095432400,0.0101929200,0.0104203900,0.0106648900
2019-03-11,0.0010981400,0.0014050600,0.0023230800,0.0032921100,0.0049495200,0.0064991300,0.0084357400,0.0099948300,0.0106623300,0.0108804500,0.0111273100
2019-03-08,0.0012009600,0.0015098400,0.0024499800,0.0034293700,0.0051222400,0.0066982200,0.0086480200,0.0102040000,0.0108892000,0.0111128400,0.0113699600
2019-03-07,0.0011506300,0.0014549100,0.0023414100,0.0032644900,0.0049117000,0.0064433000,0.0083984000,0.0099497900,0.0106244200,0.0108439500,0.0110906900
2019-03-06,0.0009951400,0.0012860800,0.0021019200,0.0029603900,0.0045230300,0.0059714600,0.0079270100,0.0094706100,0.0101409700,0.0103593300,0.0106136100
2019-03-05,0.0009505354,0.0012448129,0.0020653214,0.0029229330,0.0044825085,0.0059321556,0.0078707050,0.0093994779,0.0100667333,0.0102911053,0.0105363438
2019-03-04,0.0009079300,0.0012048700,0.0020293600,0.0028859500,0.0044423500,0.0058931100,0.0078148000,0.0093288800,0.0099930400,0.0102233300,0.0104596400
2019-03-01,0.0009813900,0.0012787800,0.0021292300,0.0030399400,0.0046637600,0.0061791900,0.0080941600,0.0096163500,0.0102892900,0.0105071500,0.0107579400
2019-02-28,0.0010956300,0.0014056800,0.0023197500,0.0033093700,0.0049935400,0.0065698900,0.0084912900,0.0100031900,0.0106703000,0.0108882200,0.0111456800
2019-02-27,0.0011144600,0.0014387800,0.0023639000,0.0033638500,0.0050693800,0.0066689000,0.0085884500,0.0100796100,0.0107482500,0.0109606700,0.0112129200
2019-02-26,0.0011534500,0.0014803300,0.0024572100,0.0034885200,0.0052265600,0.0068694800,0.0087760100,0.0102467700,0.0109232500,0.0111337200,0.0113740700
2019-02-25,0.0011979900,0.0015214400,0.0025504600,0.0036197100,0.0053871000,0.0070553800,0.0089586700,0.0104253100,0.0111190500,0.0113308800,0.0115803400
2019-02-22,0.0012860800,0.0016091600,0.0027168200,0.0038520100,0.0056120700,0.0072991400,0.0092315100,0.0107126600,0.0114781300,0.0117145200,0.0119777100
2019-02-21,0.0012949400,0.0016252500,0.0027507300,0.0038922700,0.0056652900,0.0073593400,0.0093039600,0.0107883100,0.0114826100,0.0116923700,0.0119510800
2019-02-20,0.0012980600,0.0016244800,0.0027892100,0.0039381400,0.0057293700,0.0074224900,0.0093089800,0.0107472400,0.0115232300,0.0117534400,0.0120191800
2019-02-19,0.0013411200,0.0016821400,0.0028934200,0.0040632000,0.0058480700,0.0075672000,0.0094514200,0.0108950400,0.0116893000,0.0119306700,0.0121923600
2019-02-18,0.0013500000,0.0016871200,0.0028815400,0.0040621900,0.0058701600,0.0075942500,0.0095109700,0.0109939500,0.0118042800,0.0120669800,0.0123196300
2019-02-15,0.0013627400,0.0016930500,0.0028845100,0.0040669200,0.0059165100,0.0076416000,0.0095235900,0.0109929200,0.0117963500,0.0120568400,0.0123092600
2019-02-14,0.0013782300,0.0017130300,0.0029303400,0.0041266100,0.0059609400,0.0076930500,0.0096266600,0.0111237300,0.0119319100,0.0121905900,0.0124489600
2019-02-13,0.0013766900,0.0017070100,0.0029441000,0.0041287800,0.0059935700,0.0077296900,0.0096314300,0.0111205000,0.0119198000,0.0121613700,0.0124330500
2019-02-12,0.0014077400,0.0017474600,0.0030108900,0.0041959700,0.0060955500,0.0078634600,0.0097519100,0.0112359100,0.0120204100,0.0122584100,0.0125285400
2019-02-11,0.0015065400,0.0018537300,0.0031736400,0.0043965200,0.0063043700,0.0081206400,0.0099812300,0.0114864200,0.0122875400,0.0125328500,0.0128071900
2019-02-08,0.0015317000,0.0018713200,0.0031390600,0.0043340500,0.0062557400,0.0080572300,0.0098971000,0.0113984500,0.0121897700,0.0124332800,0.0127034500
2019-02-07,0.0013788100,0.0017077200,0.0028947500,0.0040315600,0.0058943400,0.0076429000,0.0094637300,0.0109488900,0.0117113400,0.0119490000,0.0122031800
2019-02-06,0.0012351400,0.0015728800,0.0027141800,0.0038058900,0.0056468200,0.0073733400,0.0091811000,0.0106562700,0.0113264100,0.0115497400,0.0117882100
2019-02-05,0.0012621300,0.0015825800,0.0027503900,0.0038600700,0.0057373200,0.0075033100,0.0093003600,0.0107689200,0.0114556000,0.0116789800,0.0119170100
2019-02-04,0.0014138000,0.0017169100,0.0029603000,0.0041202800,0.0060208800,0.0078144200,0.0096173800,0.0110857900,0.0118613200,0.0121113100,0.0123674100
2019-02-01,0.0013788500,0.0016882600,0.0029524600,0.0041200900,0.0059997300,0.0077743700,0.0095853900,0.0110532200,0.0118261200,0.0120603200,0.0123276700
2019-01-31,0.0013105500,0.0016427300,0.0029360100,0.0041160400,0.0059890200,0.0077598100,0.0095599000,0.0110217400,0.0117310300,0.0119445900,0.0121912200
2019-01-30,0.0014483200,0.0017690600,0.0031455500,0.0043659100,0.0062979600,0.0081154500,0.0099216600,0.0113936800,0.0121966800,0.0124496300,0.0127000400
2019-01-29,0.0015095200,0.0018232700,0.0032342500,0.0044808700,0.0064363500,0.0082852400,0.0100841100,0.0115469800,0.0123766800,0.0126248000,0.0128853200
2019-01-28,0.0015167300,0.0018334800,0.0032860400,0.0045471000,0.0064726900,0.0083118400,0.0101357900,0.0116166500,0.0124367900,0.0127001200,0.0129494200
2019-01-25,0.0015052400,0.0018331500,0.0032650600,0.0045333000,0.0064827200,0.0083248700,0.0101268800,0.0115971600,0.0124104400,0.0126720900,0.0129191100
2019-01-24,0.0016311400,0.0019603200,0.0034298500,0.0047286400,0.0067128000,0.0085817800,0.0104056600,0.0118900700,0.0127076400,0.0129704600,0.0132187000
2019-01-23,0.0015511800,0.0018667700,0.0032727900,0.0045306500,0.0064739100,0.0083122300,0.0101393100,0.0116207600,0.0124349000,0.0126917400,0.0129438300
2019-01-22,0.0014525600,0.0017730400,0.0031068000,0.0043270100,0.0062396600,0.0080533300,0.0098801100,0.0113521100,0.0121622300,0.0124031400,0.0126702700
2019-01-21,0.0013936400,0.0017097900,0.0030037900,0.0041850500,0.0060365900,0.0078147500,0.0096205600,0.0110598100,0.0118248400,0.0120544500,0.0123111500
2019-01-18,0.0013496800,0.0016760600,0.0029634400,0.0041642900,0.0060377900,0.0078092700,0.0095930400,0.0110221000,0.0116890400,0.0118901600,0.0121408700
2019-01-17,0.0013921300,0.0017460300,0.0030783500,0.0042982600,0.0061986100,0.0079955700,0.0097976600,0.0112500000,0.0119191500,0.0121228000,0.0123743500
2019-01-16,0.0013695600,0.0017137200,0.0030603300,0.0042867600,0.0061697100,0.0079606600,0.0097328900,0.0111874000,0.0118568000,0.0120617200,0.0123008300
2019-01-15,0.0014709500,0.0018261100,0.0032508300,0.0045255700,0.0064299400,0.0082565800,0.0100242900,0.0114749300,0.0121581200,0.0123762900,0.0126166600
2019-01-14,0.0015101200,0.0018463000,0.0032764800,0.0045606900,0.0065234900,0.0083715400,0.0101263000,0.0115780900,0.0123481000,0.0125836700,0.0128514800
2019-01-11,0.0013798600,0.0017248100,0.0031151200,0.0043644300,0.0062938300,0.0081094600,0.0098387200,0.0112587700,0.0119342300,0.0121372900,0.0123782100
2019-01-10,0.0014529900,0.0018132700,0.0032248400,0.0045205900,0.0064652600,0.0083092900,0.0100453000,0.0114768700,0.0121480400,0.0123540300,0.0126061700
2019-01-09,0.0013940300,0.0017578200,0.0031714700,0.0044846700,0.0064388800,0.0082748500,0.0100043500,0.0114379300,0.0120976100,0.0123128900,0.0125542200
2019-01-08,0.0015244900,0.0018971500,0.0033731300,0.0047661500,0.0067870100,0.0087001900,0.0104403700,0.0118830400,0.0125630800,0.0127718500,0.0130234500
2019-01-07,0.0016242274,0.0019900313,0.0035041889,0.0049112270,0.0069368265,0.0088695320,0.0106356438,0.0120867981,0.0128373903,0.0130711481,0.0133309254
2019-01-04,0.0017304900,0.0020874600,0.0036403400,0.0050607200,0.0070899500,0.0090421700,0.0108345700,0.0122940500,0.0131176900,0.0133774600,0.0136456600
2019-01-03,0.0017466200,0.0020983900,0.0036306000,0.0050260000,0.0070862900,0.0090199400,0.0108030800,0.0122639100,0.0130851100,0.0133295600,0.0135961100
2019-01-02,0.0014992000,0.0018379700,0.0032641800,0.0045239800,0.0064713100,0.0082934000,0.0100190400,0.0114472100,0.0122281700,0.0124617800,0.0127285000
2019-01-01,0.0014406500,0.0017929500,0.0032329500,0.0044380100,0.0063351500,0.0081222100,0.0098524500,0.0112709500,0.0119649200,0.0121751300,0.0124179100
2018-12-31,0.0014305500,0.0017823800,0.0032164300,0.0043982300,0.0063105500,0.0081003500,0.0098224700,0.0112304300,0.0119219500,0.0121313300,0.0123730700
2018-12-28,0.0014448700,0.0017940900,0.0032345700,0.0044210600,0.0063130700,0.0080965700,0.0098427500,0.0112484000,0.0119551100,0.0121683100,0.0124126500
2018-12-27,0.0014413100,0.0017818300,0.0031628700,0.0043143100,0.0062764100,0.0080587900,0.0097888200,0.0111698500,0.0118660300,0.0120765800,0.0123288500
2018-12-26,0.0014628300,0.0018150600,0.0032242800,0.0043257900,0.0062785700,0.0080540300,0.0098172200,0.0111286500,0.0118261100,0.0120347300,0.0122711300
2018-12-25,0.0014640800,0.0018173000,0.0032254800,0.0043271800,0.0062807900,0.0080572600,0.0098205800,0.0112288200,0.0119330600,0.0121440800,0.0123829100
2018-12-24,0.0014643400,0.0018196300,0.0032233300,0.0043273100,0.0062847500,0.0080674300,0.0098326600,0.0112480500,0.0119540800,0.0121659200,0.0124059700
2018-12-21,0.0014014600,0.0017467600,0.0030764900,0.0042191100,0.0061389000,0.0078881700,0.0095928000,0.0109905600,0.0116842000,0.0118918600,0.0121311900
2018-12-20,0.0014205500,0.0017625800,0.0030980400,0.0042310300,0.0061315300,0.0078649000,0.0095711300,0.0109669000,0.0116646400,0.0118724500,0.0121110300
2018-12-19,0.0013957800,0.0017347600,0.0030453900,0.0041536600,0.0059969600,0.0077085200,0.0094234500,0.0108134700,0.0115211500,0.0117307100,0.0119706100
2018-12-18,0.0013897900,0.0017292300,0.0030301000,0.0041261500,0.0059721300,0.0076885600,0.0094107900,0.0107911200,0.0114865600,0.0116930700,0.0119451500
2018-12-17,0.0013342200,0.0016709200,0.0029391000,0.0040679600,0.0058747000,0.0075862900,0.0092977000,0.0106993500,0.0113963700,0.0116031100,0.0118554600
2018-12-14,0.0012159900,0.0015500200,0.0027907400,0.0038851400,0.0057133300,0.0074099900,0.0091228200,0.0105186200,0.0112132500,0.0114192900,0.0116579000
2018-12-13,0.0011514100,0.0014797000,0.0026961400,0.0037905900,0.0056189400,0.0072887800,0.0089816300,0.0103641200,0.0110559600,0.0112624300,0.0114982500
2018-12-12,0.0011949400,0.0015334100,0.0027884000,0.0039342000,0.0058010600,0.0074941700,0.0091993900,0.0105841000,0.0112749600,0.0114931400,0.0117293300
2018-12-11,0.0013933000,0.0017360900,0.0030767300,0.0043171400,0.0062472300,0.0080108100,0.0097269200,0.0111314500,0.0118289200,0.0120404800,0.0122869300
2018-12-10,0.0015273600,0.0018669100,0.0032872500,0.0046016600,0.0065506500,0.0083501900,0.0100892800,0.0115084600,0.0122463600,0.0124785500,0.0127156300
2018-12-07,0.0014623600,0.0017637700,0.0031618500,0.0044324200,0.0063817500,0.0081274300,0.0098691800,0.0112899300,0.0121112700,0.0123592300,0.0126171000
2018-12-06,0.0015528900,0.0018542400,0.0032804300,0.0045892400,0.0065684600,0.0083265900,0.0100748800,0.0115011700,0.0122888800,0.0125281900,0.0128001100
2018-12-05,0.0014712100,0.0017816500,0.0031431100,0.0043976000,0.0063256100,0.0080391600,0.0097704500,0.0111916300,0.0118670500,0.0120751600,0.0123293100
2018-12-04,0.0014983500,0.0018051600,0.0031590900,0.0044177000,0.0063150600,0.0080146800,0.0097619300,0.0111816900,0.0118620700,0.0120707000,0.0123239700
2018-12-03,0.0013448300,0.0016434800,0.0029233200,0.0041130300,0.0059351000,0.0075636400,0.0092889300,0.0106906200,0.0113749100,0.0115799100,0.0118298900
2018-11-30,0.0015140000,0.0018062800,0.0031700000,0.0044252500,0.0062776300,0.0079554100,0.0096974000,0.0111187000,0.0118137900,0.0120234900,0.0122689400
2018-11-29,0.0014845400,0.0017462700,0.0030622400,0.0042515800,0.0061063900,0.0077457000,0.0094986200,0.0109182600,0.0116141400,0.0118243000,0.0120670900
2018-11-28,0.0013267800,0.0015675700,0.0028077600,0.0039204100,0.0057139200,0.0072948800,0.0090423700,0.0104557100,0.0111488200,0.0113565200,0.0115953300
2018-11-27,0.0013222300,0.0015506700,0.0027692000,0.0038781600,0.0056417200,0.0071993300,0.0089506200,0.0103653200,0.0110575600,0.0112651300,0.0115039400
2018-11-26,0.0012275000,0.0014576300,0.0026339300,0.0037310100,0.0054542200,0.0069800900,0.0087113900,0.0101088400,0.0107978700,0.0110033300,0.0112462400
2018-11-23,0.0012764800,0.0015286900,0.0027462900,0.0038788900,0.0056237900,0.0071661600,0.0088931700,0.0102887700,0.0109828100,0.0111902100,0.0114424400
2018-11-22,0.0012624200,0.0015055900,0.0027512200,0.0038864000,0.0055970900,0.0071090100,0.0088537900,0.0102533900,0.0109446900,0.0111512500,0.0113923000
2018-11-21,0.0012476300,0.0014933200,0.0027367100,0.0038780700,0.0055993900,0.0071122000,0.0088549400,0.0102618300,0.0109528900,0.0111598000,0.0114116900
2018-11-20,0.0013302000,0.0015784000,0.0028843400,0.0040453900,0.0057785900,0.0072985400,0.0090463400,0.0104547100,0.0111478000,0.0113562300,0.0116061800
2018-11-19,0.0012917500,0.0015417400,0.0028201600,0.0039554700,0.0056961900,0.0072171300,0.0089600200,0.0103609600,0.0110520500,0.0112620000,0.0114999300
2018-11-16,0.0013270800,0.0015730200,0.0028659600,0.0040114700,0.0057398800,0.0072546200,0.0089958200,0.0103948900,0.0110867000,0.0113065000,0.0115446200
2018-11-15,0.0013448400,0.0015873800,0.0028473900,0.0040014400,0.0057407600,0.0072565000,0.0090043500,0.0104118400,0.0111040300,0.0113120800,0.0115523900
2018-11-14,0.0012481900,0.0014867800,0.0027076400,0.0038200300,0.0055214200,0.0070033000,0.0087516200,0.0101571500,0.0108496000,0.0110572300,0.0112972600
2018-11-13,0.0012975200,0.0015373400,0.0027417000,0.0038461300,0.0055467500,0.0070324100,0.0087736600,0.0101741700,0.0108670500,0.0110753100,0.0113266800
2018-11-12,0.0013445900,0.0015848700,0.0027415000,0.0038141000,0.0054993300,0.0069823900,0.0087508300,0.0101690200,0.0108641800,0.0110730500,0.0113237900
2018-11-09,0.0012399900,0.0014563800,0.0024902400,0.0034575900,0.0051033400,0.0065430500,0.0083149000,0.0097212200,0.0104206300,0.0106296400,0.0108685000
2018-11-08,0.0011234400,0.0013323500,0.0022447300,0.0031190000,0.0047090200,0.0061052700,0.0078587000,0.0092517800,0.0099484700,0.0101549500,0.0104052700
2018-11-07,0.0009959600,0.0011936600,0.0021061900,0.0029539100,0.0045017300,0.0058712300,0.0076127700,0.0089939400,0.0096830300,0.0098877000,0.0101418000
2018-11-06,0.0010109800,0.0012089600,0.0021377400,0.0029885600,0.0045656600,0.0059496400,0.0076877400,0.0090614900,0.0097396300,0.0099445900,0.0101976100
2018-11-05,0.0010115200,0.0012103100,0.0021436300,0.0029989900,0.0045734400,0.0059578900,0.0076896500,0.0090557800,0.0097330500,0.0099366500,0.0101865600
2018-11-02,0.0009920700,0.0011930300,0.0021340000,0.0029945600,0.0045706500,0.0059568500,0.0076929800,0.0090493300,0.0097362400,0.0099391000,0.0101858600
2018-11-01,0.0010248000,0.0012297000,0.0022096400,0.0031098000,0.0047323100,0.0061547500,0.0078934800,0.0092549800,0.0099418800,0.0101451200,0.0103783900
2018-10-31,0.0010495400,0.0012607700,0.0022932000,0.0032416700,0.0048939100,0.0063361700,0.0080782400,0.0094389400,0.0101339000,0.0103403800,0.0105725900
2018-10-30,0.0011451900,0.0013695100,0.0024268000,0.0034156300,0.0051027200,0.0065732100,0.0083278900,0.0096823100,0.0103844200,0.0105898500,0.0108194200
2018-10-29,0.0011059000,0.0013500200,0.0024613800,0.0034791400,0.0051766800,0.0066637700,0.0083933800,0.0097434800,0.0104657400,0.0106863000,0.0109122000
2018-10-26,0.0012700900,0.0014917200,0.0027427500,0.0038600000,0.0056303900,0.0071879400,0.0089377700,0.0103019800,0.0111424500,0.0113840000,0.0116382500
2018-10-25,0.0011666100,0.0013863100,0.0026741100,0.0038065400,0.0054973700,0.0070263200,0.0087781800,0.0101427000,0.0109783900,0.0112195800,0.0114749200
2018-10-24,0.0011867600,0.0013952700,0.0027640900,0.0038975500,0.0056127700,0.0071484500,0.0089024500,0.0102672100,0.0111019900,0.0113437400,0.0116001100
2018-10-23,0.0012114900,0.0014218200,0.0027802200,0.0039233100,0.0056333900,0.0071888300,0.0089321800,0.0102952300,0.0111309900,0.0113773700,0.0116256600
2018-10-22,0.0011237200,0.0013345300,0.0026595000,0.0038065200,0.0054620600,0.0069961100,0.0087454800,0.0101071500,0.0109399700,0.0111985300,0.0114306900
2018-10-19,0.0011686200,0.0013909100,0.0027089900,0.0038449700,0.0055689100,0.0071371500,0.0088816100,0.0102451900,0.0110839200,0.0113453600,0.0115819900
2018-10-18,0.0012271500,0.0014492300,0.0027178300,0.0038611600,0.0055723400,0.0071347700,0.0088982900,0.0102684500,0.0111083500,0.0113701300,0.0116099900
2018-10-17,0.0012181700,0.0014420600,0.0026735600,0.0037849000,0.0054898900,0.0070490000,0.0088312800,0.0102072900,0.0110443200,0.0113040800,0.0115468100
2018-10-16,0.0011958700,0.0014115800,0.0027329200,0.0038587900,0.0055763800,0.0071263300,0.0088781800,0.0102460200,0.0110799900,0.0113347900,0.0115796200
2018-10-15,0.0012799000,0.0015037200,0.0027992000,0.0039271700,0.0056710100,0.0072478200,0.0090194200,0.0104019900,0.0112418100,0.0114843800,0.0117436700
2018-10-12,0.0012144800,0.0014163300,0.0028450600,0.0040170700,0.0056907800,0.0072423200,0.0089974200,0.0103594800,0.0111921400,0.0114335100,0.0116913800
2018-10-11,0.0012495900,0.0014572200,0.0028089000,0.0039505900,0.0056572000,0.0072086100,0.0089584300,0.0103207600,0.0111655900,0.0114069600,0.0116596200
2018-10-10,0.0012039400,0.0014107500,0.0027443000,0.0038566000,0.0055396300,0.0070854000,0.0088187000,0.0101922100,0.0110385000,0.0112832900,0.0115405800
2018-10-09,0.0012001700,0.0014074600,0.0027442900,0.0038655800,0.0055161100,0.0070509400,0.0087987300,0.0101839000,0.0110333300,0.0112993500,0.0115577100
2018-10-08,0.0011420400,0.0013636400,0.0026564500,0.0037915400,0.0054002200,0.0069279200,0.0086824600,0.0100728800,0.0109230000,0.0111897100,0.0114386100
2018-10-05,0.0011381100,0.0013688300,0.0025314200,0.0035630900,0.0052416600,0.0067567200,0.0084796500,0.0098665200,0.0107131700,0.0109791700,0.0112358100
2018-10-04,0.0010630300,0.0012829200,0.0025220400,0.0035651700,0.0052188100,0.0067233100,0.0084559900,0.0098356900,0.0106703800,0.0109364100,0.0111830600
2018-10-03,0.0010563700,0.0012823300,0.0025033900,0.0035639200,0.0052086900,0.0067061800,0.0084305300,0.0097998600,0.0105427000,0.0107735700,0.0110046200
2018-10-02,0.0011657700,0.0014034400,0.0026034800,0.0036962200,0.0053767800,0.0069004700,0.0086313000,0.0100154600,0.0107869100,0.0110200800,0.0112562100
2018-10-01,0.0010860900,0.0013031400,0.0025673900,0.0036586200,0.0052837000,0.0067822200,0.0085011500,0.0098800000,0.0107501200,0.0109995100,0.0112636600
2018-09-28,0.0012040100,0.0014231400,0.0027515100,0.0038772100,0.0054941900,0.0070182100,0.0087455700,0.0101281000,0.0109823700,0.0112319000,0.0114993700
2018-09-27,0.0011847800,0.0014084800,0.0026577100,0.0037027400,0.0053250500,0.0068334200,0.0085642600,0.0099372200,0.0107618000,0.0110028700,0.0112568200
2018-09-26,0.0011131100,0.0013362800,0.0025437900,0.0035567900,0.0051017600,0.0065766600,0.0082920400,0.0096496100,0.0103667600,0.0105642000,0.0108019100
2018-09-25,0.0011804700,0.0014018000,0.0025568800,0.0035230900,0.0051094300,0.0065653500,0.0082863300,0.0096643900,0.0104361500,0.0106185100,0.0108509900
2018-09-24,0.0009659000,0.0011807600,0.0022131500,0.0030777800,0.0045660600,0.0059559600,0.0076552500,0.0090111300,0.0097428400,0.0099172200,0.0101435900
2018-09-21,0.0009268600,0.0011662300,0.0021485700,0.0030107100,0.0044666100,0.0058339700,0.0074992300,0.0088532700,0.0095119300,0.0096704200,0.0098801800
2018-09-20,0.0009400100,0.0012188500,0.0021371100,0.0030115300,0.0044620600,0.0058049400,0.0074210000,0.0087820700,0.0094648000,0.0096508200,0.0098710100
2018-09-19,0.0007445600,0.0009371900,0.0017926500,0.0025538500,0.0039278600,0.0053073800,0.0069468500,0.0083067800,0.0090218200,0.0092154300,0.0094385300
2018-09-18,0.0008308300,0.0010386000,0.0018817200,0.0027002400,0.0040400000,0.0053582600,0.0069039600,0.0083166600,0.0090253300,0.0092177800,0.0094441800
2018-09-17,0.0007710300,0.0009684300,0.0018424800,0.0026385100,0.0039802000,0.0053030800,0.0068727100,0.0082520200,0.0089412600,0.0091310200,0.0093678500
2018-09-14,0.0007738000,0.0009750600,0.0018481800,0.0026422200,0.0039868100,0.0053085500,0.0068868400,0.0082596200,0.0089386800,0.0091241700,0.0093591100
2018-09-13,0.0007663500,0.0009661300,0.0018234100,0.0025918900,0.0039688900,0.0053216500,0.0069388100,0.0082664800,0.0089561600,0.0091389400,0.0093651900
2018-09-12,0.0008586500,0.0010800700,0.0019395000,0.0027234700,0.0041021800,0.0054278200,0.0070584900,0.0083992600,0.0090911500,0.0092633500,0.0095047300
2018-09-11,0.0008074000,0.0010221100,0.0018952600,0.0026367000,0.0040351500,0.0053516000,0.0070277500,0.0083755300,0.0090673000,0.0092433100,0.0094838200
2018-09-10,0.0007962400,0.0010225800,0.0018989800,0.0026227700,0.0040400500,0.0053754400,0.0070529200,0.0083980200,0.0090788200,0.0092667400,0.0095025100
2018-09-07,0.0008449000,0.0010703200,0.0019610200,0.0027374100,0.0041516500,0.0054618900,0.0071025000,0.0084580700,0.0091530700,0.0093416700,0.0095661000
2018-09-06,0.0008471500,0.0010714500,0.0019634500,0.0027539800,0.0041587500,0.0054789200,0.0070859600,0.0084703700,0.0091656500,0.0093538800,0.0095769900
2018-09-05,0.0008830700,0.0011177300,0.0019946900,0.0027864600,0.0042082800,0.0055285500,0.0071676200,0.0085270000,0.0092213400,0.0094089400,0.0096334500
2018-09-04,0.0008540100,0.0010899200,0.0020399900,0.0028433300,0.0042556300,0.0055686700,0.0071913300,0.0085417400,0.0092402300,0.0094258000,0.0096512400
2018-09-03,0.0008807500,0.0011115400,0.0020776000,0.0029087300,0.0043217500,0.0056592800,0.0072377300,0.0086314800,0.0093318900,0.0095088900,0.0097463200
2018-08-31,0.0008947000,0.0011303400,0.0020962900,0.0029281900,0.0043464700,0.0056792600,0.0072689400,0.0086479700,0.0093470700,0.0095360800,0.0097717700
2018-08-30,0.0009040200,0.0011441100,0.0021109000,0.0029252900,0.0043628100,0.0056924300,0.0073227000,0.0086691100,0.0093707300,0.0095607400,0.0097942600
2018-08-29,0.0009237700,0.0011686000,0.0021150300,0.0029371700,0.0043757200,0.0057107500,0.0073401000,0.0086938900,0.0093981200,0.0095896300,0.0098113800
2018-08-28,0.0009495100,0.0012239000,0.0021057400,0.0029319400,0.0043451300,0.0056819700,0.0072534800,0.0086412400,0.0093459700,0.0095366900,0.0097561400
2018-08-27,0.0010214700,0.0012855700,0.0021832500,0.0030384800,0.0044707000,0.0058251100,0.0074151500,0.0087779400,0.0095023100,0.0096948400,0.0099125300
2018-08-24,0.0010066600,0.0012730500,0.0021626600,0.0029952800,0.0044612800,0.0058175400,0.0074323000,0.0087951600,0.0095273000,0.0097219900,0.0099396000
2018-08-23,0.0010218200,0.0012816700,0.0022203100,0.0031022200,0.0045513100,0.0059090400,0.0074924900,0.0088610800,0.0096403100,0.0098467000,0.0100660000
2018-08-22,0.0010745800,0.0013325400,0.0023127000,0.0032187200,0.0046744400,0.0060443200,0.0076184200,0.0089875500,0.0098538300,0.0100862900,0.0103185400
2018-08-21,0.0010733800,0.0013244400,0.0023570300,0.0033035500,0.0047579200,0.0061356400,0.0076860700,0.0090811100,0.0098633400,0.0100699200,0.0103009500
2018-08-20,0.0011641600,0.0014016100,0.0024583100,0.0034291800,0.0049089500,0.0063051900,0.0078756600,0.0092630900,0.0101497000,0.0103844900,0.0106275100
2018-08-17,0.0011652400,0.0013954100,0.0024453800,0.0034111400,0.0049184600,0.0063194900,0.0079291900,0.0092996500,0.0101903300,0.0104264800,0.0106692300
2018-08-16,0.0011804100,0.0014134000,0.0024632500,0.0034117000,0.0049080800,0.0063133400,0.0079270000,0.0092864900,0.0101744200,0.0104096700,0.0106525900
2018-08-15,0.0011889200,0.0014141000,0.0024638300,0.0034187600,0.0049052100,0.0063123000,0.0079064900,0.0092862600,0.0101510400,0.0103810700,0.0106244200
2018-08-14,0.0011680400,0.0013922200,0.0024198700,0.0033703700,0.0048397400,0.0062332300,0.0078158400,0.0092137200,0.0100757100,0.0103064000,0.0105403600
2018-08-13,0.0011832100,0.0014060800,0.0024379300,0.0033776700,0.0048503800,0.0062463700,0.0078220700,0.0092128300,0.0100576300,0.0102879600,0.0105226700
2018-08-10,0.0011148700,0.0013535600,0.0023552700,0.0032628800,0.0047167200,0.0061009400,0.0076889800,0.0090795800,0.0098060200,0.0100073100,0.0102345400
2018-08-09,0.0010729600,0.0013216600,0.0022852500,0.0031478900,0.0046139400,0.0059909900,0.0076115300,0.0089627400,0.0096776700,0.0098756000,0.0101138000
2018-08-08,0.0010724100,0.0013207100,0.0022847900,0.0031457100,0.0046139500,0.0059909400,0.0076085500,0.0089555600,0.0096719400,0.0098700400,0.0101070800
2018-08-07,0.0010602500,0.0013021400,0.0022814100,0.0031440800,0.0046125700,0.0059925000,0.0075927800,0.0089410500,0.0096647200,0.0098633300,0.0100966300
2018-08-06,0.0010485800,0.0012951900,0.0022912900,0.0031643600,0.0046284000,0.0060166300,0.0075958900,0.0089394300,0.0096905600,0.0098918600,0.0101120700
2018-08-03,0.0010145800,0.0012667900,0.0022856300,0.0032135700,0.0046415600,0.0060343700,0.0075852600,0.0089236100,0.0096730300,0.0098748200,0.0101005100
2018-08-02,0.0009481700,0.0011888900,0.0021758100,0.0031027900,0.0045074500,0.0058742400,0.0073973300,0.0087676800,0.0095172400,0.0097188200,0.0099429000
2018-08-01,0.0008601300,0.0011020600,0.0020511700,0.0029603500,0.0043607000,0.0057124500,0.0072696200,0.0086271300,0.0093624500,0.0095636400,0.0097979200
2018-07-31,0.0009178000,0.0011694000,0.0020940400,0.0029676000,0.0043266100,0.0056599300,0.0071418500,0.0085151300,0.0092390000,0.0094370400,0.0096674700
2018-07-30,0.0009050900,0.0011594300,0.0021512200,0.0030530100,0.0044641000,0.0058027900,0.0073565800,0.0087288800,0.0094749600,0.0096806100,0.0099179900
2018-07-27,0.0008976700,0.0011682700,0.0021494700,0.0030495500,0.0044107800,0.0057401900,0.0072325500,0.0085998800,0.0093245500,0.0095220200,0.0097456400
2018-07-26,0.0009680300,0.0012372800,0.0022406200,0.0031599000,0.0045404100,0.0058792000,0.0073856100,0.0087459400,0.0094688900,0.0096667700,0.0098935100
2018-07-25,0.0011330900,0.0013934100,0.0024490500,0.0034055700,0.0048725300,0.0062502000,0.0078335100,0.0091774500,0.0099159000,0.0101191500,0.0103529000
2018-07-24,0.0011337500,0.0013926200,0.0024712700,0.0034692800,0.0049287300,0.0063251300,0.0078588300,0.0092374600,0.0099894800,0.0102054700,0.0104247700
2018-07-23,0.0012349800,0.0014919000,0.0026029900,0.0036309700,0.0051076500,0.0065103300,0.0080952000,0.0094520200,0.0102858900,0.0105157700,0.0107555000
2018-07-20,0.0011854300,0.0014588900,0.0025612900,0.0036159600,0.0050640300,0.0064704500,0.0080025400,0.0093903100,0.0101157600,0.0103151200,0.0105515700
2018-07-19,0.0011357700,0.0013984300,0.0024534400,0.0034219100,0.0048865400,0.0062710200,0.0078486200,0.0092003300,0.0099525700,0.0101546400,0.0103754900
2018-07-18,0.0011513000,0.0014194900,0.0024904100,0.0034788200,0.0049226500,0.0063192400,0.0078802300,0.0092618200,0.0100313300,0.0102363800,0.0104689100
2018-07-17,0.0012555400,0.0015113200,0.0026022000,0.0036218100,0.0050538900,0.0064581400,0.0080445600,0.0094066500,0.0102718100,0.0105065900,0.0107555500
2018-07-16,0.0012177100,0.0014751300,0.0025380700,0.0035426900,0.0049736200,0.0063736700,0.0079304800,0.0092876300,0.0101287500,0.0103570300,0.0105933600
2018-07-13,0.0012035100,0.0014828900,0.0025588800,0.0035659000,0.0050031200,0.0063932200,0.0079510400,0.0092945000,0.0100088900,0.0102056400,0.0104323800
2018-07-12,0.0011914100,0.0014653900,0.0025219300,0.0034778300,0.0049515600,0.0063424700,0.0079177000,0.0092751900,0.0099907100,0.0101881200,0.0104156500
2018-07-11,0.0011763100,0.0014379100,0.0024846300,0.0034488300,0.0049070000,0.0062932500,0.0078513800,0.0092394300,0.0099562000,0.0101539900,0.0103847800
2018-07-10,0.0010536500,0.0013220400,0.0023202600,0.0032366800,0.0046658700,0.0060220700,0.0075681200,0.0089466300,0.0096616200,0.0098584200,0.0100965200
2018-07-09,0.0011210300,0.0013968500,0.0024371500,0.0033669900,0.0048162700,0.0061820200,0.0077683000,0.0091176200,0.0098441000,0.0100434000,0.0102778800
2018-07-06,0.0011123900,0.0014149200,0.0025133900,0.0035376200,0.0049374000,0.0063038800,0.0078222500,0.0092092000,0.0099803400,0.0101869700,0.0104188900
2018-07-05,0.0011992100,0.0015194600,0.0027064500,0.0037849200,0.0052225400,0.0066110100,0.0081653500,0.0095656600,0.0104395500,0.0106787600,0.0109210200
2018-07-04,0.0015002200,0.0018399800,0.0032244500,0.0044859400,0.0059723200,0.0074076700,0.0089634000,0.0103515200,0.0112271900,0.0114836600,0.0117126500
2018-07-03,0.0015687900,0.0019210100,0.0033679400,0.0046647300,0.0061000700,0.0075033400,0.0090917000,0.0104648300,0.0113526700,0.0116060300,0.0118398500
2018-07-02,0.0015768000,0.0019270400,0.0033860300,0.0046817400,0.0061423900,0.0075734500,0.0091280300,0.0105337500,0.0114031200,0.0116434800,0.0118799400
2018-06-29,0.0014429000,0.0017850100,0.0031699500,0.0044253600,0.0058480400,0.0072538500,0.0087927000,0.0101930300,0.0109768100,0.0112006100,0.0114229400
2018-06-28,0.0014788800,0.0018102600,0.0032201000,0.0044891500,0.0059381300,0.0073587400,0.0089108400,0.0103224800,0.0112294200,0.0114778900,0.0117183600
2018-06-27,0.0014996400,0.0018273600,0.0031785200,0.0044129700,0.0058024500,0.0071724100,0.0087296700,0.0101197400,0.0110215200,0.0112800900,0.0115074200
2018-06-26,0.0015055300,0.0018325900,0.0031633500,0.0043808000,0.0057218400,0.0070495900,0.0086326500,0.0100276000,0.0109390700,0.0111967400,0.0114324900
2018-06-25,0.0014506600,0.0017604800,0.0030568400,0.0042966200,0.0055507900,0.0068126900,0.0083298000,0.0097615000,0.0106785600,0.0109207400,0.0111692400
2018-06-22,0.0013616400,0.0016502100,0.0028334300,0.0039684400,0.0052084600,0.0064550800,0.0079576700,0.0093989300,0.0102997300,0.0105392400,0.0107824200
2018-06-21,0.0013759600,0.0016514700,0.0028340800,0.0039738000,0.0051693000,0.0063556000,0.0078998000,0.0092991600,0.0101756800,0.0104136800,0.0106504400
2018-06-20,0.0012087100,0.0014714000,0.0025506600,0.0035959100,0.0047574900,0.0058827900,0.0074456900,0.0088035800,0.0096346400,0.0098650300,0.0100682000
2018-06-19,0.0012197200,0.0014522600,0.0025215800,0.0035241700,0.0047448500,0.0059098100,0.0074660200,0.0088611400,0.0098966800,0.0101808000,0.0103787200
2018-06-18,0.0011302500,0.0013340800,0.0023508800,0.0032904500,0.0044964200,0.0056440900,0.0071960200,0.0085792600,0.0097843200,0.0101309900,0.0103220900
2018-06-15,0.0011065200,0.0013101500,0.0022924200,0.0032091100,0.0043853200,0.0055036600,0.0070839300,0.0084374000,0.0096412500,0.0099849700,0.0101753700
2018-06-14,0.0010650500,0.0012716600,0.0022713600,0.0031972100,0.0043873400,0.0055319500,0.0070672600,0.0084576200,0.0096607200,0.0099994400,0.0101901300
2018-06-13,0.0011429100,0.0013537300,0.0023904000,0.0033496600,0.0045650700,0.0057314100,0.0072606600,0.0086547800,0.0098628600,0.0101869200,0.0103820700
2018-06-12,0.0011797600,0.0013940400,0.0024292200,0.0033773700,0.0045725800,0.0057237800,0.0072847500,0.0086518300,0.0098585200,0.0101814300,0.0103793500
2018-06-11,0.0011591800,0.0013729300,0.0023759800,0.0033074700,0.0044741500,0.0056319400,0.0071328000,0.0085524000,0.0097509800,0.0100694200,0.0102680300
2018-06-08,0.0012235100,0.0014370300,0.0024534600,0.0033755900,0.0045624900,0.0057059800,0.0072629100,0.0086431100,0.0098376200,0.0101487500,0.0103485200
2018-06-07,0.0010897400,0.0012960000,0.0022687100,0.0031431600,0.0042891700,0.0053942300,0.0069424200,0.0083147500,0.0093626500,0.0096415100,0.0098317600
2018-06-06,0.0010515500,0.0012450400,0.0021888000,0.0030536000,0.0042001100,0.0053043000,0.0068531600,0.0082257600,0.0094539400,0.0097833100,0.0099694400
2018-06-05,0.0009892300,0.0011963000,0.0021107500,0.0029282500,0.0040725300,0.0051716400,0.0067220700,0.0081101500,0.0093243200,0.0096664200,0.0098525000
2018-06-04,0.0009797500,0.0011814200,0.0020955000,0.0029246600,0.0040665600,0.0051525800,0.0067296200,0.0080707500,0.0092745400,0.0096132200,0.0098028900
2018-06-01,0.0010098500,0.0012180700,0.0021348100,0.0029718000,0.0041482500,0.0052624700,0.0068438500,0.0081812600,0.0093914200,0.0097296500,0.0099181600
2018-05-31,0.0010280400,0.0012482800,0.0021736400,0.0030437800,0.0042243600,0.0053523400,0.0068987100,0.0082700300,0.0094854300,0.0098068000,0.0099954300
2018-05-30,0.0010737000,0.0013113100,0.0022744000,0.0031494400,0.0043359300,0.0054587500,0.0070429500,0.0083961600,0.0095972800,0.0099217700,0.0101151900
2018-05-29,0.0011481400,0.0014008100,0.0023871200,0.0032938500,0.0044778500,0.0056184900,0.0071749200,0.0085658100,0.0097649900,0.0100943200,0.0102925300
2018-05-28,0.0010390200,0.0012748900,0.0022070800,0.0030930700,0.0041735200,0.0052443300,0.0067758300,0.0081814100,0.0093582800,0.0097002600,0.0099001900
2018-05-25,0.0010195300,0.0012528000,0.0021721500,0.0030187500,0.0041432100,0.0052250500,0.0067796800,0.0081824600,0.0093592200,0.0097012700,0.0099012400
2018-05-24,0.0010036500,0.0012402700,0.0020976800,0.0028899500,0.0040116700,0.0050712700,0.0066673300,0.0080561300,0.0092218700,0.0095465700,0.0097544800
2018-05-23,0.0009616600,0.0011977600,0.0020387700,0.0028366000,0.0039336300,0.0049808600,0.0065374800,0.0079309500,0.0090280300,0.0093421900,0.0095584700
2018-05-22,0.0009025700,0.0011472600,0.0019470700,0.0026760400,0.0037768100,0.0048126400,0.0064199900,0.0077978700,0.0087398600,0.0090091500,0.0092249100
2018-05-21,0.0009041400,0.0011405100,0.0019328900,0.0026617800,0.0037537500,0.0047885300,0.0063691100,0.0077318700,0.0086738400,0.0089402300,0.0091548300
2018-05-18,0.0008827200,0.0011343600,0.0018897900,0.0025763200,0.0036709500,0.0046957300,0.0063029700,0.0076803700,0.0086285100,0.0088932100,0.0091150600
2018-05-17,0.0008485800,0.0010789300,0.0018296000,0.0025124100,0.0035826800,0.0046196400,0.0062152400,0.0075935800,0.0085255000,0.0087720500,0.0090074400
2018-05-16,0.0008580800,0.0010887300,0.0018163300,0.0024990200,0.0035649400,0.0046010500,0.0061956200,0.0075843000,0.0085073000,0.0087659300,0.0089926300
2018-05-15,0.0008239200,0.0010559700,0.0017494300,0.0024532800,0.0034854600,0.0045110500,0.0060750100,0.0074218200,0.0083544700,0.0086004900,0.0088334100
2018-05-14,0.0007934600,0.0010198300,0.0016914500,0.0023406300,0.0034234200,0.0044365300,0.0060487300,0.0074040100,0.0083442300,0.0086078500,0.0088302600
2018-05-11,0.0007845500,0.0010052100,0.0016891600,0.0023891700,0.0034157300,0.0044472300,0.0059620800,0.0073671300,0.0082952300,0.0085420000,0.0087767300
2018-05-10,0.0007934600,0.0010174600,0.0016852600,0.0023640200,0.0034171600,0.0044417500,0.0060137000,0.0074149700,0.0083454900,0.0086115300,0.0088345700
2018-05-09,0.0008068200,0.0010394400,0.0016531000,0.0023294200,0.0033781400,0.0043959200,0.0060245600,0.0074218100,0.0083321900,0.0085909600,0.0088196100
2018-05-08,0.0007597200,0.0009841500,0.0016223700,0.0022590100,0.0033243300,0.0043254600,0.0059330100,0.0072937500,0.0082005100,0.0084555500,0.0086848600
2018-05-07,0.0007694400,0.0009972200,0.0016658800,0.0023050000,0.0033695600,0.0043691400,0.0059658000,0.0073192100,0.0082248200,0.0084677100,0.0087083600
2018-05-04,0.0007551000,0.0009782600,0.0016310200,0.0022688700,0.0033420400,0.0043442600,0.0059583900,0.0073152300,0.0082204600,0.0084633800,0.0087039800
2018-05-03,0.0007555700,0.0009738900,0.0016534300,0.0023037100,0.0033622700,0.0043537300,0.0059454200,0.0072877600,0.0081761900,0.0084303500,0.0086594600
2018-05-02,0.0007463500,0.0009634000,0.0016458800,0.0023294400,0.0033611400,0.0043555500,0.0058997400,0.0072396600,0.0081365000,0.0083753400,0.0085994400
2018-05-01,0.0007647900,0.0009833700,0.0016868800,0.0023615000,0.0034016200,0.0044062400,0.0059587800,0.0073047500,0.0082005900,0.0084529200,0.0086802700
2018-04-30,0.0007809600,0.0010116800,0.0017006800,0.0023626100,0.0034242200,0.0044246400,0.0060262600,0.0073929100,0.0082980200,0.0085388000,0.0087829000
2018-04-27,0.0007965000,0.0010117700,0.0016946900,0.0023481800,0.0034162000,0.0044202000,0.0060373700,0.0074386800,0.0083625800,0.0086045400,0.0088477700
2018-04-26,0.0007959100,0.0010192100,0.0017348200,0.0024014200,0.0034714900,0.0044724900,0.0060791600,0.0074581500,0.0083803500,0.0086227700,0.0088631000
2018-04-25,0.0008149500,0.0010490600,0.0017877500,0.0024897600,0.0035530600,0.0045817400,0.0061585200,0.0075594400,0.0084887500,0.0087344500,0.0089711100
2018-04-24,0.0008123400,0.0010404400,0.0017541000,0.0024332200,0.0035177300,0.0045318300,0.0061366300,0.0075166100,0.0084456400,0.0086952200,0.0089219000
2018-04-23,0.0008194000,0.0010472600,0.0017651400,0.0024649000,0.0035015300,0.0045137700,0.0060862300,0.0074899000,0.0084077300,0.0086683400,0.0088998900
2018-04-20,0.0008066100,0.0010333100,0.0017333700,0.0024075000,0.0034629500,0.0044713600,0.0060320700,0.0074800500,0.0084230200,0.0086732500,0.0089184100
2018-04-19,0.0007924500,0.0010105900,0.0016918300,0.0023515400,0.0034021400,0.0044063500,0.0059599600,0.0073906400,0.0083375700,0.0085910700,0.0088371200
2018-04-18,0.0007506400,0.0009698700,0.0016396700,0.0022903200,0.0033180100,0.0043108600,0.0058632200,0.0072957700,0.0082430000,0.0084966800,0.0087389000
2018-04-17,0.0007118900,0.0009254200,0.0015792000,0.0022212900,0.0032526400,0.0042589700,0.0058078100,0.0072289500,0.0081690000,0.0084239100,0.0086615700
2018-04-16,0.0007530100,0.0009867100,0.0016662400,0.0023270900,0.0033868100,0.0044119400,0.0059876200,0.0073815100,0.0083142900,0.0085792800,0.0088076400
2018-04-13,0.0007606500,0.0009913500,0.0017209200,0.0024161900,0.0034844900,0.0045029200,0.0060256800,0.0074374500,0.0083790800,0.0086273100,0.0088635300
2018-04-12,0.0008355600,0.0010648800,0.0018471400,0.0025858700,0.0036685800,0.0047050000,0.0062177200,0.0076344600,0.0085783100,0.0088289400,0.0090569900
2018-04-11,0.0008739300,0.0011157500,0.0019280200,0.0026956400,0.0037628000,0.0048202200,0.0063069300,0.0077259900,0.0086720800,0.0089262700,0.0091500000
2018-04-10,0.0008661900,0.0011002100,0.0019104600,0.0026725200,0.0037642700,0.0048175100,0.0063276900,0.0077329800,0.0086901100,0.0089567600,0.0091751800
2018-04-09,0.0008991500,0.0011417400,0.0019820200,0.0027886600,0.0038507500,0.0049130100,0.0064355400,0.0078111100,0.0087976000,0.0090576900,0.0092659600
2018-04-06,0.0009392900,0.0011994800,0.0020432600,0.0028573700,0.0039331600,0.0049975400,0.0065150900,0.0078917000,0.0089425000,0.0092299100,0.0094271400
2018-04-05,0.0009556400,0.0012219100,0.0020628600,0.0028676100,0.0039704000,0.0050487600,0.0065747000,0.0079828200,0.0092281200,0.0095671300,0.0097639400
2018-04-04,0.0010808800,0.0013350700,0.0021991900,0.0030274200,0.0041342800,0.0052169800,0.0067572600,0.0081550600,0.0093881400,0.0097273100,0.0099268600
2018-04-03,0.0009778100,0.0012154000,0.0020026100,0.0027561800,0.0038060700,0.0048276300,0.0063845900,0.0077544500,0.0089728000,0.0093041900,0.0095031900
2018-04-02,0.0009489900,0.0011802800,0.0019514200,0.0027163300,0.0037122800,0.0047200200,0.0062510700,0.0076571300,0.0088583000,0.0091862600,0.0094014700
2018-03-30,0.0009469100,0.0011773500,0.0019442600,0.0027170700,0.0037122600,0.0047208200,0.0062556600,0.0076633800,0.0088658300,0.0091943200,0.0094098800
2018-03-29,0.0009529900,0.0011847700,0.0019455600,0.0027171600,0.0037172300,0.0047296900,0.0062598500,0.0076366800,0.0088354200,0.0091628500,0.0093776400
2018-03-28,0.0008952300,0.0011080700,0.0018596900,0.0025860500,0.0036071800,0.0046143700,0.0061235700,0.0075181800,0.0086625400,0.0089772100,0.0092099700
2018-03-27,0.0009094600,0.0011177600,0.0018353400,0.0025184300,0.0035302600,0.0045241100,0.0060631900,0.0074449300,0.0085174500,0.0087978800,0.0090243400
2018-03-26,0.0009001100,0.0011138400,0.0018234100,0.0025098300,0.0035212800,0.0045148000,0.0060562900,0.0074409600,0.0083400900,0.0085662500,0.0087646000
2018-03-23,0.0008828600,0.0010838600,0.0018026900,0.0024960500,0.0034865900,0.0044742300,0.0059842100,0.0073797400,0.0082857500,0.0085433800,0.0087685400
2018-03-22,0.0007749200,0.0009726300,0.0016138400,0.0022345300,0.0031612400,0.0040883800,0.0055817300,0.0069724600,0.0077822200,0.0080040700,0.0082185200
2018-03-21,0.0007474600,0.0009457900,0.0015367200,0.0021339000,0.0030313400,0.0039423300,0.0054101700,0.0068019300,0.0077112900,0.0079377000,0.0081602000
2018-03-20,0.0008024000,0.0010059500,0.0015777100,0.0021436400,0.0030671800,0.0039761700,0.0054770700,0.0068464700,0.0077155900,0.0079024000,0.0081147200
2018-03-19,0.0006031400,0.0007631200,0.0012721100,0.0017675500,0.0026750600,0.0035669600,0.0051100300,0.0064751700,0.0073938400,0.0076277500,0.0078571400
2018-03-16,0.0005866000,0.0007434400,0.0012437200,0.0017304600,0.0026322300,0.0035231000,0.0050614300,0.0064324000,0.0073474000,0.0075803600,0.0078085600
2018-03-15,0.0005980500,0.0007557400,0.0012584600,0.0017531200,0.0026561000,0.0035514600,0.0050723400,0.0064592600,0.0073697100,0.0076028300,0.0078210100
2018-03-14,0.0005438500,0.0006959000,0.0011977400,0.0017250700,0.0025897300,0.0034783400,0.0049416600,0.0063749200,0.0072621200,0.0074914900,0.0077111700
2018-03-13,0.0005403400,0.0006943500,0.0011895600,0.0016832900,0.0025693100,0.0034513700,0.0049483200,0.0063609700,0.0071617300,0.0073643800,0.0075823400
2018-03-12,0.0005419200,0.0006948900,0.0012063800,0.0017139200,0.0025911400,0.0034808400,0.0049614100,0.0063795700,0.0072966700,0.0075274300,0.0077409600
2018-03-09,0.0005961800,0.0007474400,0.0012854100,0.0017932800,0.0026971200,0.0035818600,0.0051045400,0.0065251600,0.0074272200,0.0076601300,0.0078839500
2018-03-08,0.0006269000,0.0007758900,0.0013065000,0.0017959900,0.0027243800,0.0036103800,0.0051710300,0.0065807100,0.0074783800,0.0077128000,0.0079503300
2018-03-07,0.0006284600,0.0007804300,0.0013219100,0.0018260500,0.0027509900,0.0036544200,0.0052016600,0.0065979400,0.0074690500,0.0077004300,0.0079276700
2018-03-06,0.0006211000,0.0007849500,0.0013212100,0.0018281200,0.0027533300,0.0036465200,0.0051948100,0.0066033900,0.0074315400,0.0076550300,0.0078860100
2018-03-05,0.0006537300,0.0008197800,0.0013866900,0.0019147900,0.0028417200,0.0037552200,0.0052847100,0.0067134200,0.0074414000,0.0076374600,0.0078581200
2018-03-02,0.0006378700,0.0008036600,0.0013285600,0.0018223600,0.0027362200,0.0036317900,0.0051699000,0.0065626500,0.0072914900,0.0074872000,0.0077165200
2018-03-01,0.0005607600,0.0007130000,0.0012342400,0.0017188700,0.0026084600,0.0034720800,0.0049835000,0.0064210200,0.0071559200,0.0073512700,0.0075673900
2018-02-28,0.0005591000,0.0007048300,0.0012351100,0.0016997500,0.0025865500,0.0034454200,0.0049550600,0.0063806300,0.0071283400,0.0073227300,0.0075377900
2018-02-27,0.0005550300,0.0007036300,0.0012283400,0.0016722400,0.0025770400,0.0034451400,0.0049848900,0.0063872700,0.0071364800,0.0073312400,0.0075454200
2018-02-26,0.0005871900,0.0007438500,0.0012614200,0.0017345200,0.0026220700,0.0034982900,0.0049941600,0.0063970700,0.0071371500,0.0073295900,0.0075467100
2018-02-23,0.0006342300,0.0007987200,0.0013261200,0.0018023800,0.0027100800,0.0036061800,0.0051064000,0.0065144900,0.0072644200,0.0074602600,0.0076753300
2018-02-22,0.0005849800,0.0007434600,0.0012283100,0.0016718900,0.0025756300,0.0034644200,0.0049872100,0.0063739100,0.0071465100,0.0073478800,0.0075711200
2018-02-21,0.0005697100,0.0007214600,0.0012077400,0.0016617000,0.0025452400,0.0034068700,0.0049003900,0.0063147300,0.0071526000,0.0073745200,0.0076021700
2018-02-20,0.0005894200,0.0007362500,0.0012228600,0.0016764200,0.0025676900,0.0034384600,0.0049328100,0.0063412900,0.0070752600,0.0072691500,0.0074828300
2018-02-19,0.0005227600,0.0006638300,0.0011195800,0.0015720200,0.0024442300,0.0033224300,0.0048131800,0.0062033200,0.0069310900,0.0071235900,0.0073381500
2018-02-16,0.0005140900,0.0006643000,0.0011424200,0.0016069900,0.0024848800,0.0033347000,0.0048438000,0.0062558100,0.0069845900,0.0071778300,0.0073937800
2018-02-15,0.0005279700,0.0006789100,0.0011792400,0.0016714100,0.0025654800,0.0034376200,0.0049668800,0.0063465200,0.0070785700,0.0072726500,0.0074867700
2018-02-14,0.0006450900,0.0008009000,0.0013504900,0.0018691500,0.0027700800,0.0036531000,0.0051809700,0.0065646400,0.0073108500,0.0075067400,0.0077234500
2018-02-13,0.0006441400,0.0007742800,0.0013410000,0.0018527100,0.0027478800,0.0036155400,0.0051373100,0.0065287700,0.0072687100,0.0074658700,0.0076838100
2018-02-12,0.0006030300,0.0007266000,0.0012651700,0.0017807800,0.0026409400,0.0035077700,0.0049604400,0.0063813300,0.0071264600,0.0073213800,0.0075380300
2018-02-09,0.0006243500,0.0007456600,0.0012760400,0.0017681800,0.0026586700,0.0035380700,0.0050449100,0.0064571100,0.0072050400,0.0074020300,0.0076207800
2018-02-08,0.0005056800,0.0006143200,0.0010734400,0.0015199000,0.0023566900,0.0032132200,0.0046726400,0.0060979300,0.0068485400,0.0070457400,0.0072591500
2018-02-07,0.0004342400,0.0005388500,0.0009598700,0.0013827500,0.0022186700,0.0030821700,0.0045309900,0.0059810800,0.0067413300,0.0069399800,0.0071505900
2018-02-06,0.0005132100,0.0006221100,0.0010540300,0.0014644100,0.0023472200,0.0032094500,0.0047263600,0.0061137700,0.0068800200,0.0070815400,0.0072953600
2018-02-05,0.0004553500,0.0005611800,0.0009819000,0.0013696900,0.0022333000,0.0030871500,0.0045930300,0.0059734700,0.0067324500,0.0069314500,0.0071457800
2018-02-02,0.0004387000,0.0005488000,0.0009198200,0.0013040700,0.0021601900,0.0030183400,0.0044691300,0.0058492300,0.0065813300,0.0067764300,0.0069883600
2018-02-01,0.0004152200,0.0005306000,0.0009613700,0.0013771800,0.0021896700,0.0029902500,0.0044655200,0.0059067000,0.0066479300,0.0068456800,0.0070625400
2018-01-31,0.0004354000,0.0005486700,0.0009556100,0.0013496500,0.0021784500,0.0029966300,0.0044811100,0.0059001700,0.0066361100,0.0068315400,0.0070473100
2018-01-30,0.0004220400,0.0005346900,0.0009284200,0.0013194800,0.0021499600,0.0030141600,0.0044815500,0.0058716300,0.0065840800,0.0067697700,0.0069777500
2018-01-29,0.0004223000,0.0005328200,0.0009251400,0.0013157000,0.0021559000,0.0030252900,0.0045010400,0.0059009900,0.0066110900,0.0067984000,0.0070094800
2018-01-26,0.0004256600,0.0005361500,0.0009245500,0.0013156700,0.0021635700,0.0030233000,0.0045027000,0.0059261200,0.0066658200,0.0068615100,0.0070774700
2018-01-25,0.0004270100,0.0005372000,0.0009337900,0.0013224800,0.0021679600,0.0030352600,0.0045181100,0.0059442500,0.0066699900,0.0068644500,0.0070900800
2018-01-24,0.0004717500,0.0005879800,0.0010046900,0.0013875100,0.0022543700,0.0031155500,0.0046292600,0.0060509900,0.0067938900,0.0069902400,0.0072095200
2018-01-23,0.0004546300,0.0005688100,0.0009689500,0.0013485700,0.0022344800,0.0031119500,0.0046496100,0.0060440900,0.0067700800,0.0069660600,0.0071952400
2018-01-22,0.0004765700,0.0005902300,0.0009854900,0.0014021300,0.0022680900,0.0031478400,0.0046341000,0.0061013800,0.0068200200,0.0070153400,0.0072324800
2018-01-19,0.0005296900,0.0006532500,0.0010599800,0.0014509800,0.0023437800,0.0032213700,0.0047653700,0.0062584400,0.0070069800,0.0072073400,0.0074287800
2018-01-18,0.0005236400,0.0006395000,0.0010473000,0.0014408500,0.0023375100,0.0032211200,0.0047502000,0.0062329600,0.0069782500,0.0071780700,0.0073988800
2018-01-17,0.0005403900,0.0006575300,0.0010647900,0.0014590000,0.0023589500,0.0032473800,0.0047766800,0.0062602800,0.0070020100,0.0072019000,0.0074225600
2018-01-16,0.0005180000,0.0006298400,0.0010323400,0.0014254400,0.0023245600,0.0032242700,0.0047599900,0.0062475400,0.0069780900,0.0071771900,0.0074012600
2018-01-15,0.0005073500,0.0006186300,0.0010107100,0.0014098600,0.0023068800,0.0032257000,0.0047333000,0.0061945300,0.0069208200,0.0071135700,0.0073349700
2018-01-12,0.0004951000,0.0006029300,0.0009966200,0.0013933000,0.0023117300,0.0032350300,0.0047791500,0.0061893400,0.0069185000,0.0070977200,0.0073290200
2018-01-11,0.0005820100,0.0007040700,0.0011016100,0.0014604100,0.0024082000,0.0033481800,0.0049654900,0.0063715200,0.0071071700,0.0072892000,0.0075218900
2018-01-10,0.0005852800,0.0007079200,0.0011065800,0.0014551700,0.0024152800,0.0033641200,0.0050266800,0.0064275600,0.0071579000,0.0073533200,0.0075743200
2018-01-09,0.0005044200,0.0006136800,0.0009945200,0.0013922900,0.0023219600,0.0032693500,0.0049363500,0.0062710600,0.0069889400,0.0071792600,0.0073967200
2018-01-08,0.0004965900,0.0006053200,0.0010733100,0.0015280900,0.0024041400,0.0032986500,0.0047504700,0.0062011500,0.0069350200,0.0071333500,0.0073617800
2018-01-05,0.0005183600,0.0006298300,0.0010812400,0.0015445200,0.0024245400,0.0033138700,0.0047705800,0.0062210500,0.0069650500,0.0071632800,0.0073792100
2018-01-04,0.0005261900,0.0006427300,0.0010941500,0.0015435900,0.0024458600,0.0033548900,0.0048592900,0.0062920200,0.0070310700,0.0072296800,0.0074431000
2018-01-03,0.0005754800,0.0006952600,0.0011885700,0.0016661200,0.0025788900,0.0035108000,0.0049730900,0.0063872200,0.0071344900,0.0073318800,0.0075210800
2018-01-02,0.0005852900,0.0007041500,0.0011956400,0.0016741100,0.0025949200,0.0035320200,0.0050112700,0.0064177300,0.0071498900,0.0073481600,0.0075401400
2018-01-01,0.0005769400,0.0006972700,0.0011634700,0.0016311100,0.0025592300,0.0035277000,0.0050591600,0.0064505500,0.0071785900,0.0073819900,0.0075780700
2017-12-29,0.0005828900,0.0007042600,0.0011852400,0.0016457500,0.0025865500,0.0035259500,0.0050275100,0.0063909900,0.0071128100,0.0073144300,0.0075087300
2017-12-28,0.0005789500,0.0007044400,0.0011874200,0.0016506100,0.0025884400,0.0035274900,0.0050262100,0.0063953200,0.0070753200,0.0072907100,0.0074935200
2017-12-27,0.0005850300,0.0007043900,0.0011916200,0.0016610800,0.0025921000,0.0035302800,0.0050283200,0.0063984200,0.0069392300,0.0071767900,0.0074181300
2017-12-26,0.0005797300,0.0006987000,0.0011973600,0.0016985200,0.0025962800,0.0035334600,0.0050065000,0.0064352500,0.0069812000,0.0072178200,0.0074423400
2017-12-25,0.0005755200,0.0006951400,0.0011635500,0.0016319800,0.0025571500,0.0035283100,0.0050582200,0.0064393000,0.0069858900,0.0072228500,0.0074477700
2017-12-22,0.0005581500,0.0006742500,0.0011780200,0.0016820700,0.0025822100,0.0035156100,0.0050230600,0.0063733000,0.0069149000,0.0071496800,0.0073725100
2017-12-21,0.0005814800,0.0007010500,0.0011980400,0.0016820900,0.0025991800,0.0035445000,0.0050445900,0.0064408100,0.0070120200,0.0072382000,0.0074400000
2017-12-20,0.0005744700,0.0006963600,0.0011657800,0.0016347300,0.0025564400,0.0035381800,0.0050672900,0.0064127000,0.0071934700,0.0073584300,0.0075106700
2017-12-19,0.0005708900,0.0006940800,0.0011679900,0.0016270200,0.0025468900,0.0035220200,0.0050428300,0.0064086000,0.0073197300,0.0075511200,0.0077364200
2017-12-18,0.0005733700,0.0006951900,0.0011656400,0.0016215600,0.0025607800,0.0035264000,0.0050536500,0.0064193300,0.0073158900,0.0075456600,0.0077355500
2017-12-15,0.0005724100,0.0006945900,0.0011685400,0.0016444500,0.0025643000,0.0035388200,0.0050414800,0.0064250200,0.0072674900,0.0074895300,0.0076850500
2017-12-14,0.0005721800,0.0006941100,0.0011685900,0.0016282800,0.0025645200,0.0035221900,0.0050245500,0.0064078800,0.0071569400,0.0073502700,0.0075359100
2017-12-13,0.0005689300,0.0006934300,0.0011621800,0.0016332100,0.0025569200,0.0035266700,0.0050301500,0.0064103200,0.0071668500,0.0073615300,0.0075459400
2017-12-12,0.0005683700,0.0006928000,0.0011634800,0.0016359600,0.0025589900,0.0035266700,0.0050290900,0.0064080500,0.0071916700,0.0073921200,0.0075750400
2017-12-11,0.0005645500,0.0006894100,0.0011615600,0.0016350400,0.0025577300,0.0035267400,0.0050327400,0.0064047600,0.0072492900,0.0074720400,0.0076645500
2017-12-08,0.0005605500,0.0006926800,0.0012038600,0.0017151700,0.0026155300,0.0035485100,0.0050236900,0.0063746800,0.0071256500,0.0073230500,0.0075017000
2017-12-07,0.0005916300,0.0007271700,0.0012442600,0.0017518900,0.0026558400,0.0035978300,0.0050639100,0.0064895500,0.0072873200,0.0075062000,0.0076719300
2017-12-06,0.0005884200,0.0007237100,0.0012121400,0.0017000500,0.0026213400,0.0035837200,0.0050863400,0.0064744400,0.0073720600,0.0076184700,0.0077938500
2017-12-05,0.0005730900,0.0006981400,0.0011869200,0.0016915400,0.0026036700,0.0035272300,0.0049859900,0.0063865000,0.0072628800,0.0074873100,0.0076740000
2017-12-04,0.0005570800,0.0006832900,0.0011813500,0.0017078400,0.0026129300,0.0035336800,0.0049898800,0.0063871700,0.0072062000,0.0074096900,0.0075831700
2017-12-01,0.0005605900,0.0006837500,0.0011810900,0.0017222500,0.0026265200,0.0035801900,0.0050654500,0.0064510500,0.0073857700,0.0076233900,0.0077988000
2017-11-30,0.0005840100,0.0007100000,0.0012475800,0.0018115400,0.0027004300,0.0036321200,0.0050739000,0.0064928400,0.0074139800,0.0076652300,0.0078419200
2017-11-29,0.0006295300,0.0007579600,0.0013464100,0.0019649900,0.0028300500,0.0037397000,0.0051631900,0.0065802600,0.0074944400,0.0077408800,0.0079202300
2017-11-28,0.0006758200,0.0008203700,0.0013929700,0.0020316400,0.0029171000,0.0038215300,0.0052484200,0.0066130900,0.0075361800,0.0077733600,0.0079570700
2017-11-27,0.0006655500,0.0007985400,0.0013873400,0.0020084500,0.0028957100,0.0038045100,0.0052432800,0.0065982000,0.0075379700,0.0077758600,0.0079572700
2017-11-24,0.0006631000,0.0007941900,0.0013809600,0.0020014800,0.0028908900,0.0038205900,0.0052448600,0.0066265100,0.0075674700,0.0078078300,0.0079904100
2017-11-23,0.0006443600,0.0007718800,0.0013510000,0.0019761400,0.0028690700,0.0038168300,0.0052492100,0.0066889300,0.0076337500,0.0078805700,0.0080645200
2017-11-22,0.0006021800,0.0007312400,0.0012992000,0.0018908900,0.0028043800,0.0037654500,0.0052123600,0.0066444900,0.0075683200,0.0078274400,0.0080067900
2017-11-21,0.0006377200,0.0007775300,0.0013283100,0.0019133400,0.0028471400,0.0038318400,0.0053215700,0.0067339900,0.0076632500,0.0079239200,0.0080917500
2017-11-20,0.0006819300,0.0008168800,0.0013998800,0.0020077700,0.0029346400,0.0039073600,0.0053625800,0.0068077000,0.0077389000,0.0080001800,0.0081722400
2017-11-17,0.0006827500,0.0008183500,0.0013800000,0.0019685400,0.0029197600,0.0039100300,0.0053871600,0.0068210400,0.0077589500,0.0080231100,0.0082083100
2017-11-16,0.0007105800,0.0008574300,0.0014252700,0.0020390100,0.0029785200,0.0039429100,0.0054002200,0.0068400700,0.0077887900,0.0080590200,0.0082473200
2017-11-15,0.0007583000,0.0009018700,0.0014778200,0.0020783300,0.0030037300,0.0039745000,0.0054184900,0.0068937100,0.0078509600,0.0081234400,0.0083127100
2017-11-14,0.0006441500,0.0007852800,0.0013632600,0.0019538900,0.0028414100,0.0037615800,0.0051911700,0.0066438900,0.0075987100,0.0078653200,0.0080480700
2017-11-13,0.0006484000,0.0007785700,0.0013003500,0.0018597000,0.0027685700,0.0037408800,0.0052366100,0.0067306100,0.0077021400,0.0079620500,0.0081483500
2017-11-10,0.0006898900,0.0008272400,0.0013678300,0.0019167400,0.0028167100,0.0037603800,0.0051977100,0.0066375000,0.0075867100,0.0078560700,0.0080394400
2017-11-09,0.0006864400,0.0008260000,0.0013396700,0.0018595200,0.0027604100,0.0037082500,0.0051636000,0.0065806900,0.0075317000,0.0077984700,0.0079843500
2017-11-08,0.0006540100,0.0007873100,0.0012812300,0.0018059800,0.0027000900,0.0036290300,0.0050805800,0.0065267600,0.0074962600,0.0077542600,0.0079361000
2017-11-07,0.0006004900,0.0007300400,0.0012071000,0.0017281600,0.0026096000,0.0035254000,0.0049967400,0.0063799000,0.0073427600,0.0076145600,0.0077853900
2017-11-06,0.0005494400,0.0006710400,0.0011187100,0.0016096600,0.0025102200,0.0034303400,0.0048835200,0.0063282000,0.0072688900,0.0075385300,0.0077245000
2017-11-03,0.0005498400,0.0006734000,0.0010988800,0.0015632700,0.0024770900,0.0034218600,0.0049009100,0.0063544200,0.0073004300,0.0075708800,0.0077569000
2017-11-02,0.0005628600,0.0006888100,0.0011457200,0.0016122100,0.0025434500,0.0034552100,0.0049069700,0.0063760100,0.0073178300,0.0075837900,0.0077621500
2017-11-01,0.0004680500,0.0005801300,0.0010268400,0.0015121000,0.0024283700,0.0033689200,0.0048521900,0.0063392900,0.0072758200,0.0075233200,0.0077117200
2017-10-31,0.0004794900,0.0005875200,0.0010604300,0.0015543600,0.0024844700,0.0034344100,0.0049350600,0.0063595300,0.0072835300,0.0075151000,0.0076853400
2017-10-30,0.0005692200,0.0007003400,0.0011771000,0.0016783200,0.0025818100,0.0035051800,0.0049923400,0.0064050600,0.0072825600,0.0074632100,0.0075983500
2017-10-27,0.0005592000,0.0006978600,0.0011937300,0.0017289700,0.0026266500,0.0035392200,0.0049927300,0.0064636300,0.0073536800,0.0075402000,0.0076770700
2017-10-26,0.0005399100,0.0006580400,0.0011845800,0.0017451300,0.0026523500,0.0035665900,0.0049729200,0.0064646500,0.0073574500,0.0075583200,0.0077105800
2017-10-25,0.0006205000,0.0007540600,0.0012861500,0.0018815500,0.0027427400,0.0036118400,0.0049691200,0.0064591600,0.0073441900,0.0075660300,0.0077198300
2017-10-24,0.0006109500,0.0007550300,0.0012924200,0.0018860900,0.0027500800,0.0036184500,0.0049985400,0.0064694100,0.0073791300,0.0076350100,0.0078220500
2017-10-23,0.0006161200,0.0007449100,0.0012977000,0.0018888400,0.0027608300,0.0036374400,0.0050308600,0.0065120200,0.0074206400,0.0076612100,0.0078512200
2017-10-20,0.0005572300,0.0006789800,0.0012259900,0.0018034400,0.0027069000,0.0036137200,0.0050673500,0.0065054600,0.0074030700,0.0076384400,0.0078279400
2017-10-19,0.0005547000,0.0006760300,0.0012159700,0.0017786200,0.0027111800,0.0036515600,0.0051185600,0.0065911100,0.0074969900,0.0077349600,0.0079230500
2017-10-18,0.0005685800,0.0007013100,0.0012049200,0.0017288300,0.0026662500,0.0036230200,0.0051215300,0.0065403700,0.0074470700,0.0076880200,0.0078718800
2017-10-17,0.0005624100,0.0007018100,0.0011973100,0.0017266100,0.0026660000,0.0036285300,0.0051247000,0.0065342100,0.0074431500,0.0076973700,0.0078772800
2017-10-16,0.0005575700,0.0007015300,0.0011585100,0.0017061500,0.0026801200,0.0036655100,0.0051674300,0.0065315600,0.0074391700,0.0076895300,0.0078575900
2017-10-13,0.0005559200,0.0007206200,0.0012310200,0.0017985900,0.0027566700,0.0037361900,0.0052425600,0.0066011100,0.0075070200,0.0077466200,0.0079263700
2017-10-12,0.0005926400,0.0007376900,0.0012485700,0.0018141900,0.0027850000,0.0037594200,0.0052636000,0.0066344900,0.0075420300,0.0077960100,0.0079622300
2017-10-11,0.0005951400,0.0007571200,0.0013084600,0.0018947800,0.0028461800,0.0038095900,0.0052910300,0.0067019300,0.0076131300,0.0078635600,0.0080349300
2017-10-10,0.0006270900,0.0008003900,0.0013299700,0.0019236900,0.0028839800,0.0038495600,0.0053561500,0.0067861500,0.0077034900,0.0079394700,0.0081235100
2017-10-09,0.0005950300,0.0007855200,0.0013105600,0.0019063100,0.0028786300,0.0038591700,0.0053916800,0.0067269400,0.0076421600,0.0078745700,0.0080547600
2017-10-06,0.0005992400,0.0007691500,0.0013062700,0.0019459300,0.0029204600,0.0039117700,0.0054056500,0.0067514000,0.0076664000,0.0078982900,0.0080766800
2017-10-05,0.0006081200,0.0007703400,0.0013026100,0.0019302000,0.0029313500,0.0039639400,0.0055148900,0.0068770900,0.0077950700,0.0080281400,0.0082075800
2017-10-04,0.0006443500,0.0008104800,0.0013828900,0.0020393300,0.0030289300,0.0040410900,0.0055580500,0.0068986400,0.0078155900,0.0080478100,0.0082277300
2017-10-03,0.0006399600,0.0008126300,0.0014126200,0.0020798400,0.0030565400,0.0040517800,0.0055379600,0.0068718400,0.0077807100,0.0080103600,0.0081885800
2017-10-02,0.0006945600,0.0008700500,0.0014550700,0.0021155900,0.0031155300,0.0041455100,0.0056586200,0.0070171000,0.0079311500,0.0081626200,0.0083415800
2017-09-29,0.0007078800,0.0008869000,0.0015281100,0.0022060100,0.0032032400,0.0042179800,0.0056952400,0.0070459200,0.0079568800,0.0081903100,0.0083663000
2017-09-28,0.0006999200,0.0008892200,0.0015246900,0.0022038900,0.0032030400,0.0042191200,0.0057040800,0.0070404600,0.0079264900,0.0081674200,0.0083298100
2017-09-27,0.0006940500,0.0008829700,0.0015267500,0.0022043400,0.0032103800,0.0042307400,0.0057462500,0.0070666700,0.0079533800,0.0081893000,0.0083550500
2017-09-26,0.0007240800,0.0009171500,0.0015723000,0.0022540900,0.0032632600,0.0042866900,0.0058119300,0.0071214400,0.0080081900,0.0082241200,0.0083970000
2017-09-25,0.0007381900,0.0009238600,0.0015839500,0.0022766000,0.0032773900,0.0042749000,0.0057727500,0.0070363300,0.0078928800,0.0080842900,0.0082169400
2017-09-22,0.0007450300,0.0009331400,0.0015900500,0.0022683800,0.0032657800,0.0042672600,0.0057663400,0.0070202500,0.0078890100,0.0080994500,0.0082842400
2017-09-21,0.0007353100,0.0009255600,0.0015615700,0.0022469400,0.0032326300,0.0042044100,0.0056520200,0.0068933100,0.0077078100,0.0078891700,0.0080751800
2017-09-20,0.0007691700,0.0009742800,0.0015774500,0.0022361300,0.0032093400,0.0041746900,0.0056185500,0.0068666600,0.0075416100,0.0076773800,0.0078340300
2017-09-19,0.0006136100,0.0007914700,0.0013703900,0.0019925300,0.0029223400,0.0038483900,0.0052835700,0.0065374000,0.0072322200,0.0074000700,0.0075769900
2017-09-18,0.0006131600,0.0007875800,0.0013680200,0.0019714300,0.0029497800,0.0039218700,0.0054160900,0.0066811100,0.0073874500,0.0075479700,0.0077260200
2017-09-15,0.0006140100,0.0007901200,0.0013793700,0.0019823700,0.0029916600,0.0039952600,0.0055207800,0.0067380400,0.0074524500,0.0076262900,0.0078022000
2017-09-14,0.0006447000,0.0008315100,0.0014191800,0.0020031100,0.0030151800,0.0040259800,0.0055394700,0.0067314700,0.0074435600,0.0076153100,0.0077891500
2017-09-13,0.0006262300,0.0008123700,0.0014053900,0.0020240700,0.0030325900,0.0040402400,0.0055414300,0.0067611300,0.0074764300,0.0076475800,0.0078224600
2017-09-12,0.0006498100,0.0008404900,0.0014533700,0.0021121600,0.0030967700,0.0040803600,0.0055620900,0.0067827100,0.0074975200,0.0076574100,0.0078325300
2017-09-11,0.0006691000,0.0008519200,0.0014652300,0.0021652000,0.0031528400,0.0041392900,0.0056062000,0.0068363000,0.0075491200,0.0077207200,0.0078844100
2017-09-08,0.0006844800,0.0008733500,0.0014895400,0.0022039200,0.0032116300,0.0042173100,0.0057057000,0.0069237900,0.0076374500,0.0078070200,0.0079706900
2017-09-07,0.0007135500,0.0009047300,0.0015680700,0.0022946600,0.0033115700,0.0043262100,0.0057934000,0.0070272600,0.0077539600,0.0079155300,0.0080891100
2017-09-06,0.0007080800,0.0008970000,0.0015686700,0.0022869100,0.0033269400,0.0043560800,0.0058244700,0.0070598000,0.0077727900,0.0079460400,0.0081181400
2017-09-05,0.0007011600,0.0008901300,0.0015684400,0.0023044400,0.0033346700,0.0043615700,0.0058317500,0.0070703200,0.0077862500,0.0079571600,0.0081292900
2017-09-04,0.0007512600,0.0009484300,0.0016522500,0.0024137100,0.0034540100,0.0044987200,0.0059230000,0.0071697700,0.0079006500,0.0080619000,0.0082326400
2017-09-01,0.0007495400,0.0009495300,0.0016566400,0.0024188600,0.0034642300,0.0045030700,0.0059088700,0.0071628300,0.0078807200,0.0080543400,0.0082232000
2017-08-31,0.0007859000,0.0009997700,0.0017338200,0.0025135800,0.0035695600,0.0046129800,0.0060191400,0.0072740500,0.0079903200,0.0081627900,0.0083226500
2017-08-30,0.0008181100,0.0010270500,0.0017987900,0.0025916000,0.0036530900,0.0047015600,0.0061125500,0.0073589100,0.0080771600,0.0082465400,0.0084070800
2017-08-29,0.0008387000,0.0010501100,0.0018431900,0.0026434000,0.0036958900,0.0047465100,0.0061626600,0.0073946300,0.0081218000,0.0082788900,0.0084493900
2017-08-28,0.0008441600,0.0010558100,0.0018256100,0.0026518700,0.0037165300,0.0047798300,0.0061692900,0.0074514800,0.0081820800,0.0083418500,0.0085137600
2017-08-25,0.0008501100,0.0010632200,0.0018413000,0.0026664400,0.0037307100,0.0047932600,0.0061899700,0.0074549100,0.0081845400,0.0083458700,0.0085181200
2017-08-24,0.0008525100,0.0010664600,0.0018467400,0.0026796600,0.0037464600,0.0048112500,0.0062062300,0.0074744600,0.0081900100,0.0083611300,0.0085332000
2017-08-23,0.0008542200,0.0010688800,0.0018807000,0.0027100900,0.0037846900,0.0048571200,0.0062907500,0.0075306700,0.0082493200,0.0084109000,0.0085808100
2017-08-22,0.0008484900,0.0010689800,0.0018655500,0.0026905500,0.0037708200,0.0048405200,0.0062594000,0.0075092600,0.0082231700,0.0083931500,0.0085490000
2017-08-21,0.0008801000,0.0010963500,0.0019125800,0.0027263000,0.0038029000,0.0048779000,0.0063067200,0.0075427900,0.0082553900,0.0084222500,0.0085760700
2017-08-18,0.0008809200,0.0010953000,0.0018855500,0.0027138000,0.0037865300,0.0048717800,0.0062745400,0.0075345200,0.0082260800,0.0083655900,0.0085044900
2017-08-17,0.0008295600,0.0010392000,0.0018237000,0.0026287400,0.0036981900,0.0047555500,0.0061854500,0.0074326900,0.0081528200,0.0083257300,0.0084984600
2017-08-16,0.0008313500,0.0010428500,0.0018176100,0.0026210300,0.0036822000,0.0047415600,0.0061529100,0.0074094300,0.0081257500,0.0082878400,0.0084597700
2017-08-15,0.0008336100,0.0010469600,0.0018444900,0.0026696900,0.0037312300,0.0047979400,0.0062107600,0.0074692500,0.0081884500,0.0083619600,0.0085222100
2017-08-14,0.0008533700,0.0010698400,0.0018949000,0.0027216900,0.0037920300,0.0048591200,0.0062951400,0.0075302100,0.0082619200,0.0084252200,0.0085969300
2017-08-11,0.0009231800,0.0011383300,0.0019709600,0.0028176200,0.0038930900,0.0049574700,0.0063961200,0.0076395500,0.0083610700,0.0085364000,0.0086970200
2017-08-10,0.0008988700,0.0010917400,0.0019253300,0.0027644000,0.0038240700,0.0048829700,0.0063115800,0.0075439600,0.0082779900,0.0084492800,0.0086164900
2017-08-09,0.0008887000,0.0010791500,0.0018720900,0.0026897500,0.0037432600,0.0048040100,0.0062134600,0.0074585700,0.0082035200,0.0083660700,0.0085307800
2017-08-08,0.0008188800,0.0009991900,0.0017650700,0.0025636800,0.0036113700,0.0046464300,0.0060776600,0.0073146500,0.0080457400,0.0082197800,0.0083784700
2017-08-07,0.0008054400,0.0009852000,0.0017541500,0.0025456700,0.0035824400,0.0046172400,0.0060516300,0.0072833000,0.0080114400,0.0081845800,0.0083569200
2017-08-04,0.0008211800,0.0010058400,0.0017564600,0.0025397700,0.0035852900,0.0046276300,0.0060341300,0.0072853100,0.0080132300,0.0081866900,0.0083597600
2017-08-03,0.0008283000,0.0010158200,0.0017690600,0.0025525100,0.0035892900,0.0046349400,0.0060623000,0.0072911000,0.0080198500,0.0081939100,0.0083683900
2017-08-02,0.0008482100,0.0010343700,0.0017916700,0.0025731700,0.0036155700,0.0046579100,0.0060842000,0.0073147800,0.0080436100,0.0082175300,0.0083888300
2017-08-01,0.0008655200,0.0010542500,0.0018001900,0.0025791800,0.0036178000,0.0046665200,0.0060993700,0.0073400300,0.0080705200,0.0082454700,0.0084096800
2017-07-31,0.0008185700,0.0009977000,0.0017447000,0.0025157300,0.0035607700,0.0046022200,0.0060308900,0.0072643700,0.0079961900,0.0081699200,0.0083377200
2017-07-28,0.0008286500,0.0010036400,0.0017236100,0.0024904900,0.0035333400,0.0045729900,0.0059677200,0.0072191600,0.0079625600,0.0081366700,0.0082922800
2017-07-27,0.0007869300,0.0009649000,0.0016803400,0.0024338800,0.0034722600,0.0045040700,0.0059298000,0.0071676000,0.0079062300,0.0080794200,0.0082380500
2017-07-26,0.0007607200,0.0009331000,0.0016487400,0.0024078400,0.0034657100,0.0045000500,0.0059567700,0.0072465400,0.0079831200,0.0081588500,0.0083201400
2017-07-25,0.0008356498,0.0010133077,0.0017435443,0.0025006079,0.0035543514,0.0045950424,0.0060226853,0.0073011691,0.0080392328,0.0082161240,0.0083764048
2017-07-24,0.0009179600,0.0011004100,0.0018438000,0.0025969500,0.0036452600,0.0046920400,0.0060893300,0.0073562100,0.0080957400,0.0082738000,0.0084330500
2017-07-21,0.0007112000,0.0008671500,0.0015378500,0.0022419700,0.0032663700,0.0042903800,0.0056870400,0.0069202300,0.0076585300,0.0078330200,0.0079901900
2017-07-20,0.0007007700,0.0008755900,0.0015384900,0.0022413700,0.0032485200,0.0042565900,0.0056347900,0.0068918200,0.0076314100,0.0078059200,0.0079767600
2017-07-19,0.0007180000,0.0008933100,0.0015791500,0.0022869800,0.0032906200,0.0043057200,0.0056942300,0.0069402200,0.0076827700,0.0078562100,0.0080231800
2017-07-18,0.0007276800,0.0009000000,0.0015906100,0.0023021100,0.0033210100,0.0043385100,0.0057290700,0.0069472900,0.0077020300,0.0078725200,0.0080278300
2017-07-17,0.0007136400,0.0008809800,0.0015753300,0.0022811400,0.0033020400,0.0043212000,0.0057325800,0.0069263600,0.0076774700,0.0078382400,0.0080054900
2017-07-14,0.0007172500,0.0008878800,0.0015854700,0.0022928000,0.0033117300,0.0043296800,0.0057405000,0.0069344600,0.0076756700,0.0078494000,0.0080161000
2017-07-13,0.0007215000,0.0008900300,0.0015863500,0.0022937200,0.0033147700,0.0043346200,0.0057291000,0.0069240200,0.0076649700,0.0078391600,0.0080038800
2017-07-12,0.0007142000,0.0008825000,0.0015699200,0.0022746000,0.0032911000,0.0043074100,0.0056790300,0.0068963600,0.0076375200,0.0078104800,0.0079635400
2017-07-11,0.0007212900,0.0008818700,0.0015808400,0.0022861400,0.0033055900,0.0043356500,0.0057324600,0.0069277900,0.0076741400,0.0078460100,0.0080017800
2017-07-10,0.0006944300,0.0008592700,0.0015566300,0.0022597200,0.0032780400,0.0042953400,0.0056906800,0.0068872700,0.0076478300,0.0078114500,0.0079750800
2017-07-07,0.0007080700,0.0008708100,0.0015779900,0.0022572800,0.0032837600,0.0042995500,0.0056393900,0.0068854600,0.0076467800,0.0078229700,0.0079737300
2017-07-06,0.0006846000,0.0008387900,0.0015335900,0.0022133900,0.0032298900,0.0042409100,0.0055856200,0.0068261000,0.0075858200,0.0077626200,0.0079141200
2017-07-05,0.0006875984,0.0008463361,0.0015284915,0.0022041206,0.0032202456,0.0042316950,0.0055748496,0.0068177699,0.0075770449,0.0077535397,0.0079069518
2017-07-04,0.0006906100,0.0008539500,0.0015234100,0.0021948900,0.0032106300,0.0042225000,0.0055641000,0.0068094500,0.0075682800,0.0077444700,0.0078997900
2017-07-03,0.0007049000,0.0008583000,0.0015237500,0.0021918300,0.0032077200,0.0042198700,0.0055676700,0.0068064300,0.0075500400,0.0077262100,0.0078944000
2017-06-30,0.0007316000,0.0008819800,0.0015468200,0.0022061500,0.0032250600,0.0042381100,0.0055987100,0.0068402700,0.0075852400,0.0077624400,0.0079318700
2017-06-29,0.0007085400,0.0008493200,0.0014873700,0.0021204600,0.0031353900,0.0041440900,0.0054884300,0.0067302700,0.0074782400,0.0076549000,0.0078228600
2017-06-28,0.0006871200,0.0008324700,0.0014445500,0.0020709100,0.0030897200,0.0040968000,0.0054326200,0.0066814800,0.0074347100,0.0076119100,0.0077791500
2017-06-27,0.0006701900,0.0008058400,0.0014099900,0.0020318700,0.0030393700,0.0040439900,0.0053721800,0.0066190700,0.0073809600,0.0075565900,0.0077142600
2017-06-26,0.0006641400,0.0008039700,0.0014052500,0.0020283300,0.0030356400,0.0040400000,0.0053782800,0.0066198000,0.0073705800,0.0075437500,0.0077131700
2017-06-23,0.0006633000,0.0008120200,0.0014162600,0.0020406200,0.0030486500,0.0040527700,0.0053938100,0.0066434100,0.0074093500,0.0075747200,0.0077414500
2017-06-22,0.0006683500,0.0008187200,0.0014192400,0.0020444600,0.0030514300,0.0040536600,0.0054009200,0.0066452800,0.0074111700,0.0075895100,0.0077452900
2017-06-21,0.0006472800,0.0008028200,0.0013880300,0.0020224000,0.0030275200,0.0040248900,0.0053654800,0.0066162300,0.0073879300,0.0075683600,0.0077334400
2017-06-20,0.0006479000,0.0007900400,0.0013804300,0.0020285900,0.0030318400,0.0040194300,0.0053655000,0.0066157400,0.0074207100,0.0076124100,0.0077705300
2017-06-19,0.0006758700,0.0007997400,0.0013921500,0.0020555200,0.0030611000,0.0040526300,0.0054089900,0.0066580900,0.0075918900,0.0078061100,0.0079653600
2017-06-16,0.0006851900,0.0008171800,0.0014329000,0.0021025700,0.0031172800,0.0041204200,0.0054841000,0.0067558300,0.0077026800,0.0079224600,0.0080800500
2017-06-15,0.0006961300,0.0008211100,0.0014397400,0.0021165700,0.0031201600,0.0041199800,0.0054558200,0.0067074400,0.0076518900,0.0078829200,0.0080276600
2017-06-14,0.0006755900,0.0008041200,0.0014195300,0.0021005400,0.0030978400,0.0040881800,0.0054256400,0.0066925800,0.0076540100,0.0078791400,0.0080422700
2017-06-13,0.0007169100,0.0008584500,0.0014970100,0.0021905900,0.0031859300,0.0041883600,0.0055300200,0.0067970800,0.0077640700,0.0079851900,0.0081309200
2017-06-12,0.0007252200,0.0008721200,0.0015216800,0.0022234600,0.0032302000,0.0042342000,0.0055817800,0.0068487700,0.0078191400,0.0080411300,0.0081899600
2017-06-09,0.0007170600,0.0008742900,0.0015402500,0.0022411000,0.0032511000,0.0042640100,0.0055908800,0.0068414700,0.0078110000,0.0080311000,0.0081775500
2017-06-08,0.0007335600,0.0008893800,0.0015680100,0.0022763100,0.0032841200,0.0042990800,0.0056320600,0.0068810100,0.0078476800,0.0080667700,0.0082161000
2017-06-07,0.0007504800,0.0008989800,0.0015835700,0.0022955300,0.0033051400,0.0043230500,0.0056612800,0.0069065500,0.0078712300,0.0080889800,0.0082477900
2017-06-06,0.0007520000,0.0008996300,0.0015906700,0.0023042700,0.0033200500,0.0043363100,0.0056760300,0.0069164100,0.0078704300,0.0080832700,0.0082248800
2017-06-05,0.0007463100,0.0008961500,0.0015823200,0.0022921500,0.0033048400,0.0043203100,0.0056586500,0.0069060800,0.0078586900,0.0080722300,0.0082125200
2017-06-02,0.0007411900,0.0008990700,0.0015871700,0.0022971800,0.0033097200,0.0043260100,0.0056650500,0.0069094400,0.0078598600,0.0080758000,0.0082196500
2017-06-01,0.0007530000,0.0009068600,0.0016032600,0.0023152200,0.0033297700,0.0043467600,0.0056828500,0.0069286800,0.0078648900,0.0080827200,0.0082394100
2017-05-31,0.0007509600,0.0008988300,0.0015904100,0.0023025400,0.0033188400,0.0043334900,0.0056654400,0.0069126000,0.0078569000,0.0080861800,0.0082273800
2017-05-30,0.0007466700,0.0008970700,0.0015881300,0.0023020600,0.0033205600,0.0043381600,0.0056629000,0.0069144900,0.0078834900,0.0081039800,0.0082473800
2017-05-29,0.0007228900,0.0008792100,0.0015742800,0.0022898800,0.0033121000,0.0043353900,0.0056850900,0.0069196100,0.0078949000,0.0081161200,0.0082736400
2017-05-26,0.0007327500,0.0008934800,0.0015868100,0.0023028200,0.0033190200,0.0043360900,0.0056540600,0.0069072100,0.0078815600,0.0081025200,0.0082592700
2017-05-25,0.0007153500,0.0008807800,0.0015689200,0.0022887700,0.0032997700,0.0043171200,0.0056332200,0.0068836000,0.0078587400,0.0080782900,0.0082308500
2017-05-24,0.0007504000,0.0009086800,0.0015958000,0.0023230600,0.0033462600,0.0043680200,0.0056809700,0.0069269800,0.0079034500,0.0081236700,0.0082754600
2017-05-23,0.0007373000,0.0009025100,0.0015868600,0.0023289700,0.0033528300,0.0043752600,0.0056759900,0.0069097200,0.0078846900,0.0081030800,0.0082384100
2017-05-22,0.0007097800,0.0008957800,0.0015784600,0.0023299400,0.0033576300,0.0043846200,0.0056873300,0.0069063000,0.0078779700,0.0080904500,0.0081984800
2017-05-19,0.0007489200,0.0009182100,0.0015961100,0.0023548000,0.0033799400,0.0044094800,0.0057178000,0.0069387500,0.0079036800,0.0081170300,0.0082261700
2017-05-18,0.0007935400,0.0009836400,0.0016826400,0.0024479800,0.0034871900,0.0045249100,0.0058327700,0.0070605300,0.0080175700,0.0082460100,0.0083563200
2017-05-17,0.0007102300,0.0008911500,0.0015525600,0.0023082700,0.0033358300,0.0043684200,0.0056752200,0.0068960400,0.0078627800,0.0080763000,0.0081801600
2017-05-16,0.0006748400,0.0008476800,0.0014983500,0.0022506200,0.0032756700,0.0042993500,0.0056154300,0.0068331700,0.0077846200,0.0080094900,0.0081185200
2017-05-15,0.0006955600,0.0008693800,0.0015413900,0.0023070200,0.0033356400,0.0043628000,0.0056743300,0.0068911800,0.0078623300,0.0080744400,0.0081821600
2017-05-12,0.0006777100,0.0008514700,0.0015333300,0.0022950600,0.0033237900,0.0043496800,0.0056438900,0.0068578600,0.0078296500,0.0080416900,0.0081487900
2017-05-11,0.0006706700,0.0008425600,0.0015184000,0.0022742600,0.0032983000,0.0043198100,0.0056033400,0.0068121900,0.0077709600,0.0079815500,0.0080907700
2017-05-10,0.0006789000,0.0008515200,0.0015311100,0.0022885900,0.0033135500,0.0043336700,0.0056104700,0.0068051100,0.0077742800,0.0079834700,0.0080913100
2017-05-09,0.0006701900,0.0008567100,0.0015396600,0.0022991200,0.0033249700,0.0043457400,0.0056231100,0.0068049200,0.0077489500,0.0079520100,0.0080586400
2017-05-08,0.0007543600,0.0009328400,0.0016543400,0.0024380000,0.0034724900,0.0045007900,0.0057843600,0.0069593100,0.0079179200,0.0081215300,0.0082275900
2017-05-05,0.0007667900,0.0009455200,0.0016720000,0.0024540500,0.0034925800,0.0045217400,0.0058045500,0.0069737000,0.0079205300,0.0081239200,0.0082295400
2017-05-04,0.0007644200,0.0009571200,0.0016712100,0.0024453400,0.0034945000,0.0045282600,0.0057979600,0.0069573200,0.0079171300,0.0081190600,0.0082056700
2017-05-03,0.0007980900,0.0010036600,0.0017352900,0.0025207200,0.0035787400,0.0046211100,0.0058852900,0.0070275600,0.0079924600,0.0081943300,0.0082476400
2017-05-02,0.0008335900,0.0010403400,0.0017722400,0.0025628700,0.0036188800,0.0046682300,0.0058955500,0.0070201000,0.0079826600,0.0081833400,0.0080990400
2017-05-01,0.0008973400,0.0011104800,0.0018509000,0.0026397600,0.0037143100,0.0047823600,0.0060385000,0.0071639400,0.0081250800,0.0083287300,0.0082576600
2017-04-28,0.0008776300,0.0010849400,0.0018223500,0.0026145200,0.0036892000,0.0047494500,0.0059634500,0.0070999600,0.0080528400,0.0082546400,0.0081837900
2017-04-27,0.0008795400,0.0010888900,0.0018324200,0.0026262400,0.0036983300,0.0047596200,0.0059720700,0.0071021600,0.0080671700,0.0082686600,0.0081864000
2017-04-26,0.0008763800,0.0010894900,0.0018391000,0.0026326000,0.0036999200,0.0047603500,0.0059712300,0.0070871800,0.0080519100,0.0082532400,0.0081728200
2017-04-25,0.0008909100,0.0011099000,0.0018820600,0.0026747200,0.0037319000,0.0047951300,0.0059991600,0.0071068400,0.0080471200,0.0082460800,0.0081811600
2017-04-24,0.0008957200,0.0011312200,0.0019081700,0.0027061500,0.0037674100,0.0048262000,0.0060341200,0.0071218200,0.0080252500,0.0082153200,0.0081457500
2017-04-21,0.0011251000,0.0013867300,0.0022847000,0.0031351300,0.0042289300,0.0053192900,0.0065643200,0.0076163000,0.0085239600,0.0087177700,0.0086501200
2017-04-20,0.0011062800,0.0013608000,0.0022681100,0.0031396600,0.0042310600,0.0053301100,0.0065536400,0.0076649100,0.0085720500,0.0087661200,0.0087004900
2017-04-19,0.0011794200,0.0014420200,0.0023895800,0.0032716100,0.0043723000,0.0054800400,0.0066973900,0.0078269500,0.0087372800,0.0089328600,0.0088801600
2017-04-18,0.0011876500,0.0014612700,0.0024117900,0.0032948500,0.0044106900,0.0055202500,0.0067369400,0.0078547100,0.0087696600,0.0089660200,0.0089118900
2017-04-17,0.0011328900,0.0013998500,0.0023591700,0.0032390200,0.0043459500,0.0054430300,0.0066768000,0.0077888500,0.0087047900,0.0089019600,0.0088360900
2017-04-14,0.0011326800,0.0013991200,0.0023574500,0.0032370200,0.0043439500,0.0054408100,0.0066745900,0.0077866100,0.0087025900,0.0088998900,0.0088341500
2017-04-13,0.0011449000,0.0014123800,0.0023319600,0.0031916000,0.0043172300,0.0054240800,0.0066444400,0.0077716500,0.0086857400,0.0088826800,0.0088171800
2017-04-12,0.0011436600,0.0014007300,0.0022944600,0.0031429900,0.0042644100,0.0053715000,0.0065917600,0.0077177300,0.0086305800,0.0088273400,0.0087728000
2017-04-11,0.0011193600,0.0013646600,0.0022422800,0.0030824200,0.0041969300,0.0053027700,0.0065231900,0.0076476800,0.0085604400,0.0087561600,0.0086880600
2017-04-10,0.0010380800,0.0012987500,0.0021384200,0.0029666300,0.0040675800,0.0051769200,0.0063968600,0.0075135800,0.0084266900,0.0086224100,0.0085541600
2017-04-07,0.0010134100,0.0012723100,0.0021005700,0.0029241400,0.0040238400,0.0051274400,0.0063505700,0.0074671500,0.0083804300,0.0085757500,0.0085070000
2017-04-06,0.0010157600,0.0012613400,0.0020860200,0.0029070700,0.0040086700,0.0051110000,0.0063346100,0.0074535700,0.0083684700,0.0085643400,0.0084953700
2017-04-05,0.0009821700,0.0012210400,0.0020275700,0.0028422900,0.0039406300,0.0050362000,0.0062528400,0.0073751800,0.0082880000,0.0084835400,0.0084148600
2017-04-04,0.0009942500,0.0012241700,0.0020303800,0.0028436000,0.0039444300,0.0050360900,0.0062569600,0.0073794400,0.0082902800,0.0084857000,0.0084175700
2017-04-03,0.0009845300,0.0012157600,0.0020199400,0.0028327800,0.0039382000,0.0050209100,0.0062501700,0.0073728300,0.0082821700,0.0084778000,0.0084115000
2017-03-31,0.0009713400,0.0012042600,0.0020031000,0.0028182700,0.0039125800,0.0049970500,0.0062244000,0.0073461900,0.0082417000,0.0084371500,0.0083848600
2017-03-30,0.0009750200,0.0012092200,0.0020047400,0.0028294700,0.0039179500,0.0050067300,0.0062296000,0.0073506200,0.0082459600,0.0084407100,0.0083883600
2017-03-29,0.0009866400,0.0012200200,0.0020147900,0.0028350000,0.0039177100,0.0050085500,0.0062397600,0.0073482900,0.0082306600,0.0084195200,0.0083648600
2017-03-28,0.0009790600,0.0012138400,0.0019937800,0.0027941000,0.0038856000,0.0049844300,0.0062163000,0.0073225200,0.0082039700,0.0083923500,0.0083380600
2017-03-27,0.0009910400,0.0012491700,0.0020390100,0.0028314100,0.0039297400,0.0050289700,0.0062636700,0.0073655900,0.0082472300,0.0084330000,0.0083785700
2017-03-24,0.0009656900,0.0012301300,0.0019947500,0.0027795500,0.0038654400,0.0049601000,0.0061945800,0.0072976100,0.0081915600,0.0083634800,0.0083091700
2017-03-23,0.0010099800,0.0012730600,0.0020579700,0.0028412700,0.0039323300,0.0050266000,0.0062645400,0.0073683100,0.0082653200,0.0084406900,0.0083849100
2017-03-22,0.0010385100,0.0012983700,0.0020986300,0.0028795200,0.0039815100,0.0050747700,0.0063172500,0.0074214300,0.0083146500,0.0085041700,0.0084359500
2017-03-21,0.0009610000,0.0012203400,0.0019875000,0.0027503800,0.0038456700,0.0049262900,0.0061545600,0.0072583100,0.0081062000,0.0082907200,0.0082306500
2017-03-20,0.0009894400,0.0012725700,0.0020186600,0.0027865200,0.0038814600,0.0049653700,0.0061910100,0.0072975400,0.0080306600,0.0081889200,0.0081506400
2017-03-17,0.0007962900,0.0010431000,0.0017287200,0.0024583900,0.0035431800,0.0046224300,0.0058540200,0.0069671500,0.0077007900,0.0078534400,0.0078106900
2017-03-16,0.0007845400,0.0010378800,0.0017172700,0.0024484400,0.0035251500,0.0046003700,0.0058231600,0.0069346700,0.0076646000,0.0078049400,0.0077737000
2017-03-15,0.0008670000,0.0011204000,0.0018496000,0.0026018200,0.0037045800,0.0047939900,0.0060283000,0.0071383500,0.0078722600,0.0080259200,0.0079935500
2017-03-14,0.0009114500,0.0011753400,0.0019203800,0.0026856200,0.0037955800,0.0049009200,0.0061344200,0.0072431600,0.0079805900,0.0081333700,0.0081002700
2017-03-13,0.0008939800,0.0011483000,0.0018916400,0.0026460900,0.0037534100,0.0048566700,0.0060885000,0.0072040600,0.0079412100,0.0080938300,0.0080496600
2017-03-10,0.0008821300,0.0011424000,0.0018829500,0.0026386800,0.0037463100,0.0048509300,0.0060818600,0.0071879800,0.0079260700,0.0080782100,0.0080330700
2017-03-09,0.0008792000,0.0011430500,0.0018700700,0.0026257500,0.0037307000,0.0048340500,0.0060653600,0.0071702900,0.0079088700,0.0080608400,0.0080158600
2017-03-08,0.0008433900,0.0011111800,0.0018296200,0.0025629700,0.0036628500,0.0047602800,0.0059908500,0.0070999600,0.0078357700,0.0079870700,0.0079436700
2017-03-07,0.0008315000,0.0010946100,0.0018228000,0.0025606300,0.0036607800,0.0047591900,0.0059881200,0.0070958100,0.0078339400,0.0079839100,0.0079515500
2017-03-06,0.0008221600,0.0010787700,0.0018019900,0.0025387400,0.0036387000,0.0047365600,0.0059621900,0.0070679500,0.0078198100,0.0079570800,0.0079243700
2017-03-03,0.0008130700,0.0010792700,0.0017966000,0.0025421400,0.0036425700,0.0047411800,0.0059588700,0.0070614200,0.0078065500,0.0079402700,0.0079055900
2017-03-02,0.0008084600,0.0010761300,0.0018019700,0.0025514000,0.0036578800,0.0047652200,0.0059820800,0.0070722400,0.0078181900,0.0079521800,0.0079171500
2017-03-01,0.0008150300,0.0010819000,0.0018119200,0.0025720900,0.0036906300,0.0048145400,0.0060326500,0.0071184800,0.0078668800,0.0080047200,0.0079707500
2017-02-28,0.0009253200,0.0012090400,0.0019737600,0.0027935100,0.0039298200,0.0050833500,0.0063089000,0.0074101900,0.0081465500,0.0082969300,0.0082545000
2017-02-27,0.0009469500,0.0012278100,0.0020041300,0.0028298300,0.0039664100,0.0051231100,0.0063407700,0.0074313100,0.0081806500,0.0083200600,0.0082886900
2017-02-24,0.0009482200,0.0012368500,0.0020095800,0.0028353100,0.0039737300,0.0051295400,0.0063469300,0.0074342200,0.0081703900,0.0083204400,0.0082892400
2017-02-23,0.0009416800,0.0012293200,0.0020066200,0.0028305800,0.0039713500,0.0051253200,0.0063422400,0.0074201900,0.0081682600,0.0083071700,0.0082750400
2017-02-22,0.0009482300,0.0012327000,0.0020168500,0.0028479100,0.0039892300,0.0051446200,0.0063642400,0.0074485100,0.0081837500,0.0083336000,0.0082915900
2017-02-21,0.0009130900,0.0011989100,0.0019812300,0.0028099400,0.0039489100,0.0051041000,0.0063223300,0.0074111500,0.0081459800,0.0082833600,0.0082533100
2017-02-20,0.0008959700,0.0011890500,0.0019750000,0.0028103800,0.0039531300,0.0051079500,0.0063249500,0.0074034700,0.0081402300,0.0082782500,0.0082460300
2017-02-17,0.0009008400,0.0011923900,0.0019807500,0.0028186800,0.0039630900,0.0051136800,0.0063284000,0.0074079600,0.0081486700,0.0082978600,0.0082544600
2017-02-16,0.0008720300,0.0011608700,0.0019338700,0.0027764200,0.0039180600,0.0050580800,0.0062698100,0.0073443800,0.0080975100,0.0082341700,0.0082018100
2017-02-15,0.0008875900,0.0011817400,0.0019663000,0.0028064200,0.0039486400,0.0050917100,0.0062977200,0.0073737000,0.0081226000,0.0082582400,0.0082257500
2017-02-14,0.0009297800,0.0012284000,0.0020492500,0.0029083900,0.0040597900,0.0052142100,0.0064181200,0.0075020700,0.0082532800,0.0083903900,0.0083587700
2017-02-13,0.0009433000,0.0012532400,0.0020903600,0.0029559900,0.0041211800,0.0052763300,0.0064863500,0.0075639800,0.0083015500,0.0084400800,0.0084088700
2017-02-10,0.0010091600,0.0013104900,0.0021800400,0.0030644500,0.0042381500,0.0054160500,0.0066305900,0.0077074600,0.0084451100,0.0085945300,0.0085527500
2017-02-09,0.0010447600,0.0013525800,0.0022348200,0.0031264100,0.0043103900,0.0054881600,0.0067037700,0.0077879600,0.0085396500,0.0086774400,0.0086468600
2017-02-08,0.0010715400,0.0013783000,0.0022793600,0.0031741000,0.0043570100,0.0055479500,0.0067620800,0.0078438900,0.0085929800,0.0087306200,0.0087006200
2017-02-07,0.0010634000,0.0013691500,0.0022833800,0.0031764500,0.0043627800,0.0055523000,0.0067656500,0.0078491700,0.0085979100,0.0087358200,0.0087059500
2017-02-06,0.0010536000,0.0013591500,0.0022876300,0.0031762500,0.0043693000,0.0055576800,0.0067700000,0.0078512500,0.0085879200,0.0087258200,0.0086971100
2017-02-03,0.0010482000,0.0013532400,0.0022704800,0.0031594300,0.0043498600,0.0055337800,0.0067411100,0.0078242500,0.0085621100,0.0086990800,0.0086680100
2017-02-02,0.0010758000,0.0013816200,0.0023121500,0.0032211600,0.0044190400,0.0056046000,0.0068212200,0.0079025500,0.0086534300,0.0087909300,0.0087577000
2017-02-01,0.0010726100,0.0013731500,0.0023105600,0.0032270800,0.0044252600,0.0056196100,0.0068396600,0.0079170400,0.0086675100,0.0088044200,0.0087608800
2017-01-31,0.0010956000,0.0013834100,0.0023183700,0.0032370300,0.0044351600,0.0056271800,0.0068585800,0.0079360200,0.0086710500,0.0088059400,0.0087599200
2017-01-30,0.0011397800,0.0013858600,0.0023124300,0.0032431900,0.0044380900,0.0056270800,0.0068270100,0.0079301500,0.0086595100,0.0087765600,0.0086883300
2017-01-27,0.0010867700,0.0013356700,0.0022725800,0.0031898800,0.0043836600,0.0055639700,0.0067688500,0.0078126100,0.0085436200,0.0086864800,0.0086407300
2017-01-26,0.0011357500,0.0013942100,0.0023353800,0.0032537900,0.0044451900,0.0056288600,0.0068333100,0.0078727700,0.0086169100,0.0087480600,0.0087137800
2017-01-25,0.0011706900,0.0014266100,0.0023582100,0.0032861300,0.0044732200,0.0056665200,0.0068650500,0.0078941700,0.0086235700,0.0087550500,0.0087205500
2017-01-24,0.0012742500,0.0015369600,0.0025435900,0.0034983800,0.0047107500,0.0059203500,0.0071232000,0.0081520000,0.0088822200,0.0090264600,0.0089800800
2017-01-23,0.0012940600,0.0015598500,0.0025755700,0.0035378300,0.0047566000,0.0059721100,0.0071736500,0.0081999300,0.0089326100,0.0090757200,0.0090303500
2017-01-20,0.0012840300,0.0015417100,0.0025506500,0.0035060400,0.0047223100,0.0059348500,0.0071342600,0.0081541300,0.0089014200,0.0090328700,0.0089966400
2017-01-19,0.0012643300,0.0015324200,0.0025414700,0.0034962300,0.0047126600,0.0059238300,0.0071194900,0.0081341400,0.0088722800,0.0090144600,0.0089678300
2017-01-18,0.0012814800,0.0015567300,0.0025662300,0.0035149600,0.0047324500,0.0059445000,0.0071413300,0.0081415600,0.0088918200,0.0090206200,0.0089843500
2017-01-17,0.0012872000,0.0015471900,0.0025532600,0.0035065400,0.0047182400,0.0059239100,0.0071242900,0.0080926400,0.0088458800,0.0089732200,0.0089336500
2017-01-16,0.0012798400,0.0015326400,0.0025339900,0.0034755600,0.0046866200,0.0058911300,0.0070961700,0.0080549400,0.0088052600,0.0089316000,0.0088903500
2017-01-13,0.0012580500,0.0015027300,0.0024796600,0.0033976800,0.0046004400,0.0057949700,0.0070130200,0.0079616300,0.0087136000,0.0088406600,0.0087878200
2017-01-12,0.0011704000,0.0013944100,0.0023235800,0.0032188600,0.0044104300,0.0055937900,0.0068023900,0.0077407700,0.0084937700,0.0086224300,0.0085678600
2017-01-11,0.0009999500,0.0012235500,0.0020307400,0.0028839100,0.0040402300,0.0052023700,0.0063949400,0.0073000000,0.0080395300,0.0081750800,0.0081205200
2017-01-10,0.0010076800,0.0012285800,0.0020225400,0.0028739400,0.0040326800,0.0051921500,0.0063870600,0.0072920300,0.0080324500,0.0081666400,0.0081139900
2017-01-09,0.0010061900,0.0012291400,0.0020457100,0.0028964700,0.0040672400,0.0052239400,0.0064260400,0.0073300800,0.0080822400,0.0082041300,0.0081623900
2017-01-06,0.0009735300,0.0012107800,0.0020424700,0.0029008000,0.0040703700,0.0052301100,0.0064300500,0.0073325600,0.0080766300,0.0081999800,0.0081584900
2017-01-05,0.0010058300,0.0012449600,0.0021047400,0.0029875900,0.0041515300,0.0053167800,0.0065175500,0.0074164700,0.0081746300,0.0082993200,0.0082565200
2017-01-04,0.0010493700,0.0012863200,0.0021873800,0.0030891800,0.0042599000,0.0054368600,0.0066420600,0.0075515200,0.0083189500,0.0084532500,0.0084102400
2017-01-03,0.0010870500,0.0013238000,0.0022452300,0.0031556300,0.0043331000,0.0055053900,0.0067111100,0.0076235600,0.0083783500,0.0085251000,0.0084719300
2017-01-02,0.0011126200,0.0013592200,0.0022997000,0.0032187800,0.0043671900,0.0055318900,0.0067527800,0.0076987800,0.0084574700,0.0086035000,0.0085516200
2016-12-30,0.0011070600,0.0013512500,0.0022701800,0.0032002600,0.0043731900,0.0055571600,0.0067633400,0.0076720900,0.0084424300,0.0085715500,0.0084731900
2016-12-29,0.0010942700,0.0013471300,0.0022680700,0.0032012500,0.0043748400,0.0055588100,0.0067650300,0.0076738400,0.0084429600,0.0085763500,0.0085358600
2016-12-28,0.0010988200,0.0013485200,0.0022668800,0.0032093600,0.0043828300,0.0055662100,0.0067719700,0.0076808400,0.0084489200,0.0085816100,0.0085405400
2016-12-27,0.0011058000,0.0013611300,0.0022814900,0.0032317400,0.0044077500,0.0055850300,0.0067927000,0.0077036000,0.0084734800,0.0086063500,0.0085651300
2016-12-26,0.0011217100,0.0013807000,0.0023100900,0.0032494700,0.0044219700,0.0055954700,0.0067894600,0.0077121300,0.0084823300,0.0086151500,0.0085738300
2016-12-23,0.0011045500,0.0013566800,0.0022756700,0.0032175600,0.0043918200,0.0055757200,0.0067811700,0.0076896800,0.0084580500,0.0085907000,0.0085495200
2016-12-22,0.0011109500,0.0013684700,0.0022808900,0.0032239800,0.0044012100,0.0055857300,0.0067913400,0.0076998400,0.0084696300,0.0086028600,0.0085619700
2016-12-21,0.0011113300,0.0013717400,0.0022809200,0.0032245200,0.0044052400,0.0055896200,0.0067949300,0.0077033700,0.0084724200,0.0086053000,0.0085641900
2016-12-20,0.0011161400,0.0013784100,0.0022778500,0.0032227900,0.0044142900,0.0055957800,0.0068014800,0.0077097800,0.0084785900,0.0086114200,0.0085701600
2016-12-19,0.0011359400,0.0013955200,0.0023035000,0.0032453400,0.0044370700,0.0056267300,0.0068324000,0.0077407600,0.0085085500,0.0086416800,0.0086007800
2016-12-16,0.0011343500,0.0013933400,0.0023012800,0.0032437700,0.0044351500,0.0056247400,0.0068310900,0.0077393700,0.0085053600,0.0086399300,0.0085981500
2016-12-15,0.0011395500,0.0013917300,0.0022994300,0.0032428300,0.0044335700,0.0056229200,0.0068306000,0.0077391700,0.0084940200,0.0086392700,0.0085874100
2016-12-14,0.0011323900,0.0013928100,0.0023000100,0.0032446200,0.0044344900,0.0056209900,0.0068319600,0.0077403500,0.0085072100,0.0086403200,0.0085993900
2016-12-13,0.0011344100,0.0013847100,0.0022919800,0.0032408900,0.0044293600,0.0056098500,0.0068305700,0.0077397000,0.0085035600,0.0086384100,0.0085967900
2016-12-12,0.0011378100,0.0013876500,0.0022933600,0.0032547400,0.0044375700,0.0056280000,0.0068486700,0.0077585700,0.0085113400,0.0086588400,0.0086056900
2016-12-09,0.0011589700,0.0014052500,0.0023249100,0.0032925700,0.0044776000,0.0056644500,0.0068849200,0.0077968300,0.0085734200,0.0087214300,0.0086658900
2016-12-08,0.0011693000,0.0014173500,0.0023449600,0.0033138300,0.0045095700,0.0056909900,0.0069112200,0.0078321000,0.0086284800,0.0087799900,0.0087187800
2016-12-07,0.0011967200,0.0014184100,0.0023479100,0.0033142100,0.0045100300,0.0056941800,0.0069133600,0.0078337100,0.0087311900,0.0089023100,0.0088186900
2016-12-06,0.0012469700,0.0014677100,0.0024088300,0.0033930700,0.0045905000,0.0057797100,0.0069989600,0.0079205200,0.0088152200,0.0089868400,0.0089062200
2016-12-05,0.0012927800,0.0015240900,0.0025064400,0.0035039400,0.0046985300,0.0058986900,0.0071188000,0.0080411400,0.0089486800,0.0091225600,0.0090528400
2016-12-02,0.0012840300,0.0015272000,0.0025140700,0.0035122500,0.0047145000,0.0059134200,0.0071346200,0.0080580500,0.0089619300,0.0091373300,0.0090715400
2016-12-01,0.0012869200,0.0015338700,0.0025196800,0.0035187100,0.0047195600,0.0059156900,0.0071388700,0.0080682700,0.0089720100,0.0091497100,0.0090877300
2016-11-30,0.0012662300,0.0015314200,0.0025133900,0.0035152700,0.0047121400,0.0058991100,0.0071291100,0.0080494200,0.0089187100,0.0091137400,0.0090952800
2016-11-29,0.0012924400,0.0015577600,0.0025535100,0.0035617700,0.0047521300,0.0059453700,0.0071657400,0.0080851200,0.0089550500,0.0091508500,0.0091329900
2016-11-28,0.0013198600,0.0015815600,0.0025838500,0.0036020300,0.0047949800,0.0059812900,0.0072045900,0.0081295500,0.0090044300,0.0092009000,0.0091823600
2016-11-25,0.0013261700,0.0015834300,0.0025870700,0.0036109800,0.0047972500,0.0059711500,0.0072008300,0.0081179000,0.0089951900,0.0091920700,0.0091739900
2016-11-24,0.0012830600,0.0015484400,0.0025333600,0.0035633000,0.0047422700,0.0059103100,0.0071314800,0.0080490300,0.0089039200,0.0090988000,0.0090824900
2016-11-23,0.0013057800,0.0015608700,0.0025478800,0.0035791200,0.0047592700,0.0059319200,0.0071581900,0.0080765400,0.0089496700,0.0091454300,0.0091258300
2016-11-22,0.0013006100,0.0015571000,0.0025456000,0.0035733200,0.0047517900,0.0059345500,0.0071524700,0.0080713900,0.0089287100,0.0091216900,0.0090934600
2016-11-21,0.0013945100,0.0016444700,0.0026630500,0.0036819400,0.0048779400,0.0060650300,0.0072818800,0.0082083900,0.0090650200,0.0092598500,0.0092423900
2016-11-18,0.0014371900,0.0016932100,0.0027222900,0.0037381100,0.0049315000,0.0061260200,0.0073439000,0.0082632000,0.0091465800,0.0093457200,0.0093282800
2016-11-17,0.0014519000,0.0017014700,0.0026994100,0.0036792100,0.0048481500,0.0060241000,0.0072422600,0.0081620400,0.0090240000,0.0092209000,0.0092031800
2016-11-16,0.0014494200,0.0017093800,0.0027182600,0.0036992000,0.0048776200,0.0060556900,0.0072744600,0.0081958000,0.0090959600,0.0092955500,0.0092634600
2016-11-15,0.0014485500,0.0017065500,0.0026987400,0.0036664800,0.0048385300,0.0060151400,0.0072308000,0.0081578200,0.0090243700,0.0092211800,0.0092038100
2016-11-14,0.0015100000,0.0017842800,0.0028123300,0.0037747700,0.0049677900,0.0061572100,0.0073894500,0.0083132000,0.0092255000,0.0094327400,0.0094146700
2016-11-11,0.0013904800,0.0016696700,0.0026529500,0.0035770400,0.0047564500,0.0059325700,0.0071580000,0.0080879100,0.0089944300,0.0092011400,0.0091847900
2016-11-10,0.0013170300,0.0015684100,0.0025015500,0.0033942800,0.0045441300,0.0056899200,0.0069225400,0.0078459600,0.0087227300,0.0089211000,0.0088922400
2016-11-09,0.0013510000,0.0016136700,0.0025389900,0.0034129100,0.0045701200,0.0057221100,0.0069547600,0.0078854400,0.0087996000,0.0090063800,0.0089884800
2016-11-08,0.0012317700,0.0014784300,0.0023409400,0.0031818600,0.0043221400,0.0054526300,0.0066749200,0.0075954900,0.0084770900,0.0086758500,0.0086570300
2016-11-07,0.0012386500,0.0014651100,0.0023229300,0.0031610900,0.0042945700,0.0054305500,0.0066528000,0.0075757800,0.0084533100,0.0086509100,0.0086309500
2016-11-04,0.0012317200,0.0014729800,0.0023447400,0.0031839100,0.0043227100,0.0054542200,0.0066765400,0.0076070600,0.0084959300,0.0086970900,0.0086791900
2016-11-03,0.0011997100,0.0014345500,0.0022856000,0.0031180700,0.0042462700,0.0053807900,0.0066044600,0.0075345700,0.0084226200,0.0086248700,0.0086102600
2016-11-02,0.0011861800,0.0014180000,0.0022513400,0.0030835500,0.0042151200,0.0053481200,0.0065743400,0.0075015800,0.0083980200,0.0086026400,0.0085884900
2016-11-01,0.0011247100,0.0013535300,0.0021664200,0.0029780100,0.0041125700,0.0052364800,0.0064698200,0.0073895100,0.0082847600,0.0084885600,0.0084731500
2016-10-31,0.0010796800,0.0013063000,0.0021099800,0.0029126900,0.0040362800,0.0051591900,0.0063901900,0.0073105300,0.0082034900,0.0084062900,0.0083901500
2016-10-28,0.0010386600,0.0012650900,0.0020522200,0.0028513800,0.0039710800,0.0050950000,0.0063183600,0.0072418100,0.0081299800,0.0083325700,0.0083174600
2016-10-27,0.0010101800,0.0012287400,0.0020109500,0.0028102300,0.0039277500,0.0050427700,0.0062656900,0.0071963100,0.0080781000,0.0082790200,0.0082629800
2016-10-26,0.0010079800,0.0012358700,0.0020152700,0.0028057300,0.0039225800,0.0050390100,0.0062619600,0.0071905000,0.0080770500,0.0082780200,0.0082510200
2016-10-25,0.0010006500,0.0012202400,0.0019924800,0.0027754300,0.0038922700,0.0050138300,0.0062356800,0.0071575200,0.0080398800,0.0082400700,0.0082241900
2016-10-24,0.0009913400,0.0012094600,0.0019770600,0.0027598300,0.0038748200,0.0049867300,0.0062088100,0.0071366000,0.0080047700,0.0082040800,0.0081875400
2016-10-21,0.0009983100,0.0012189400,0.0019956300,0.0027863100,0.0039027800,0.0050153500,0.0062370700,0.0071581500,0.0080427100,0.0082433000,0.0082147500
2016-10-20,0.0010029700,0.0012161500,0.0019793800,0.0027675400,0.0038845700,0.0049978900,0.0062202300,0.0071441700,0.0080214700,0.0082210800,0.0081937200
2016-10-19,0.0010297200,0.0012458700,0.0020209200,0.0028118700,0.0039322700,0.0050485600,0.0062724000,0.0072018500,0.0080762600,0.0082731200,0.0082474800
2016-10-18,0.0010659700,0.0012852700,0.0020788500,0.0028853400,0.0040053700,0.0051195700,0.0063438000,0.0072664600,0.0081423100,0.0083401900,0.0083167100
2016-10-17,0.0010851400,0.0013100800,0.0021109000,0.0029201900,0.0040397600,0.0051529400,0.0063757100,0.0073026800,0.0081806100,0.0083792900,0.0083671400
2016-10-14,0.0010887400,0.0013143400,0.0021079900,0.0029156900,0.0040356100,0.0051502200,0.0063769800,0.0073043100,0.0081843000,0.0083805400,0.0083632000
2016-10-13,0.0010745000,0.0013129700,0.0021079900,0.0029178300,0.0040416600,0.0051586200,0.0063905200,0.0073098800,0.0082025200,0.0083971900,0.0083796000
2016-10-12,0.0010638600,0.0012912100,0.0020821000,0.0028893500,0.0040123800,0.0051269300,0.0063513300,0.0072704400,0.0082207200,0.0083919500,0.0083711600
2016-10-11,0.0010443400,0.0012896300,0.0020772100,0.0028834800,0.0040147100,0.0051296700,0.0063552200,0.0072734700,0.0081537800,0.0083515400,0.0083364800
2016-10-10,0.0010484100,0.0012753500,0.0020475200,0.0028500000,0.0039799800,0.0050946800,0.0063221000,0.0072414000,0.0081035900,0.0082967000,0.0082840000
2016-10-07,0.0010505800,0.0012795200,0.0020590700,0.0028603100,0.0039869900,0.0050987800,0.0063326300,0.0072544800,0.0081221900,0.0083069900,0.0082977800
2016-10-06,0.0010171600,0.0012365100,0.0020200200,0.0028226700,0.0039392500,0.0050489900,0.0062861400,0.0071981800,0.0080433300,0.0082389300,0.0082342600
2016-10-05,0.0010071400,0.0012354900,0.0020216800,0.0028287000,0.0039501400,0.0050631900,0.0063134900,0.0072209400,0.0080719300,0.0082579200,0.0082547700
2016-10-04,0.0009925100,0.0012164000,0.0019977100,0.0027979800,0.0039168300,0.0050257100,0.0062772900,0.0071822700,0.0080077800,0.0082026400,0.0082019700
2016-10-03,0.0009853800,0.0012112300,0.0019949600,0.0027902500,0.0039116700,0.0050149800,0.0062730100,0.0071707400,0.0079085500,0.0080803800,0.0080897600
2016-09-30,0.0009563300,0.0011861100,0.0019783300,0.0027563300,0.0038728200,0.0049700600,0.0062218600,0.0071200000,0.0078754400,0.0080379900,0.0080481700
2016-09-29,0.0009004500,0.0011225100,0.0018688600,0.0026333400,0.0037435800,0.0048324600,0.0060846500,0.0069810300,0.0077144500,0.0078730500,0.0078819100
2016-09-28,0.0009572900,0.0011605200,0.0019222500,0.0026983100,0.0038110700,0.0048960500,0.0061560900,0.0070533600,0.0077788000,0.0079477200,0.0079564000
2016-09-27,0.0009433100,0.0011790000,0.0019541500,0.0027267500,0.0038389600,0.0049290300,0.0061954200,0.0070942000,0.0078542600,0.0080292700,0.0080377300
2016-09-26,0.0008256900,0.0010532100,0.0017666500,0.0024978300,0.0035967200,0.0046671900,0.0059222100,0.0068195600,0.0075587200,0.0077164700,0.0077220600
2016-09-23,0.0007926100,0.0010038300,0.0016943100,0.0024088700,0.0034968100,0.0045597800,0.0058085000,0.0067046600,0.0074362000,0.0076011800,0.0076044600
2016-09-22,0.0007555100,0.0010077100,0.0017080100,0.0024333100,0.0035081200,0.0045678400,0.0057996500,0.0066940400,0.0074005600,0.0075502100,0.0075558500
2016-09-21,0.0009097900,0.0011093300,0.0018403500,0.0026026600,0.0036804700,0.0047274200,0.0059666100,0.0068617500,0.0075962800,0.0077461000,0.0077382200
2016-09-20,0.0007517200,0.0011692200,0.0018859100,0.0026521700,0.0037281500,0.0047719800,0.0059932700,0.0068808900,0.0075413500,0.0076780500,0.0076684300
2016-09-19,0.0007144600,0.0008677000,0.0015373000,0.0022335200,0.0033019200,0.0043557100,0.0056012400,0.0064983900,0.0072210100,0.0073403200,0.0072961400
2016-09-16,0.0007315100,0.0008926300,0.0015869400,0.0023011800,0.0033607800,0.0044263900,0.0056721200,0.0065703900,0.0073100600,0.0074444500,0.0073905000
2016-09-15,0.0007183200,0.0008725800,0.0015468600,0.0022515300,0.0033074900,0.0043678900,0.0056175500,0.0065149800,0.0072523400,0.0073719800,0.0073288500
2016-09-14,0.0007211700,0.0008936200,0.0015771500,0.0022881200,0.0033484500,0.0044027800,0.0056621200,0.0065618400,0.0073045800,0.0074250900,0.0073719900
2016-09-13,0.0007248500,0.0008949800,0.0016018700,0.0023251500,0.0033857800,0.0044416900,0.0056952500,0.0065932600,0.0073268700,0.0074489100,0.0074006800
2016-09-12,0.0007048696,0.0008818690,0.0015794836,0.0023050834,0.0033648956,0.0044196855,0.0056763838,0.0065734553,0.0073106921,0.0074346714,0.0073877637
2016-09-09,0.0006854400,0.0008689500,0.0015574100,0.0022851900,0.0033441400,0.0043977900,0.0056575800,0.0065537100,0.0072945500,0.0074204600,0.0073748700
2016-09-08,0.0006053700,0.0008014000,0.0014630300,0.0021959100,0.0032379500,0.0042855200,0.0055345000,0.0064225800,0.0071330500,0.0072741000,0.0072703300
2016-09-07,0.0006523300,0.0008491800,0.0015394100,0.0023143200,0.0033431500,0.0043859100,0.0056393800,0.0065217200,0.0072396700,0.0073626200,0.0073302500
2016-09-06,0.0006852839,0.0008905820,0.0015876618,0.0023707655,0.0034040988,0.0044491569,0.0057005801,0.0065837645,0.0072955115,0.0074265762,0.0074069741
2016-09-05,0.0007199025,0.0009340025,0.0016374260,0.0024285876,0.0034661587,0.0045133158,0.0057624444,0.0066463993,0.0073517837,0.0074910879,0.0074845013
2016-09-02,0.0007562700,0.0009795400,0.0016887500,0.0024878200,0.0035293500,0.0045784000,0.0058249800,0.0067096300,0.0074084900,0.0075561600,0.0075628400
2016-09-01,0.0007657950,0.0009894796,0.0017139815,0.0025180810,0.0035620188,0.0046188364,0.0058673062,0.0067525328,0.0074571005,0.0076053002,0.0076105098
2016-08-31,0.0007754400,0.0009995200,0.0017395900,0.0025487100,0.0035949900,0.0046596300,0.0059099400,0.0067957100,0.0075060300,0.0076547600,0.0076584800
2016-08-30,0.0007622200,0.0009677500,0.0017251100,0.0025382100,0.0035976500,0.0046686300,0.0059217700,0.0068079200,0.0075159100,0.0076648600,0.0076694500
2016-08-29,0.0007392000,0.0009475200,0.0016930900,0.0025181000,0.0035978600,0.0046949400,0.0059634400,0.0068422100,0.0075528300,0.0077030500,0.0077097900
2016-08-26,0.0007613100,0.0009681100,0.0017378200,0.0025558900,0.0036160200,0.0046923500,0.0059426700,0.0068274800,0.0075216400,0.0076715900,0.0076802900
2016-08-25,0.0007702100,0.0009858500,0.0017591500,0.0025807700,0.0036389600,0.0047144300,0.0059634600,0.0068495400,0.0075398400,0.0076912400,0.0077003800
2016-08-24,0.0007557500,0.0009733700,0.0017472800,0.0025818900,0.0036396900,0.0047097300,0.0059544900,0.0068483600,0.0074727600,0.0076302200,0.0076342500
2016-08-23,0.0007604800,0.0009783200,0.0017563100,0.0025927800,0.0036523800,0.0047242400,0.0059666500,0.0068604300,0.0074843400,0.0076404100,0.0076442600
2016-08-22,0.0007647300,0.0009893200,0.0017833100,0.0026111600,0.0036819800,0.0047615400,0.0060035500,0.0068983000,0.0075237700,0.0076687800,0.0076742800
2016-08-19,0.0007666600,0.0009834300,0.0017706200,0.0025976300,0.0036670300,0.0047448000,0.0059860200,0.0068809400,0.0075098100,0.0076556200,0.0076706700
2016-08-18,0.0007615900,0.0009809200,0.0017654900,0.0025990800,0.0036690500,0.0047469800,0.0059851600,0.0068796600,0.0075185600,0.0076642400,0.0076680200
2016-08-17,0.0007676800,0.0009882900,0.0017756900,0.0026176900,0.0036875800,0.0047666900,0.0059976500,0.0068913100,0.0075305600,0.0076778300,0.0076819200
2016-08-16,0.0007617500,0.0009880900,0.0017882400,0.0026323300,0.0037004500,0.0047784100,0.0060074900,0.0069014900,0.0075409000,0.0076898400,0.0076968500
2016-08-15,0.0007815400,0.0010041800,0.0018141800,0.0026545200,0.0037277200,0.0048097900,0.0060400400,0.0069353900,0.0075761300,0.0077263200,0.0077325200
2016-08-12,0.0007730200,0.0010061100,0.0018410400,0.0026865200,0.0037592400,0.0048422500,0.0060733100,0.0069693700,0.0076051200,0.0077654300,0.0077740000
2016-08-11,0.0007092200,0.0009535900,0.0018198800,0.0026615900,0.0037315400,0.0048112800,0.0060404900,0.0069362400,0.0075903000,0.0077524700,0.0077590600
2016-08-10,0.0006735000,0.0009058500,0.0017697500,0.0026164400,0.0036883200,0.0047699700,0.0059972100,0.0068915600,0.0075401300,0.0076911900,0.0077078200
2016-08-09,0.0006666500,0.0008992100,0.0017423500,0.0025936100,0.0036652900,0.0047519500,0.0059798100,0.0068751500,0.0075131000,0.0076734400,0.0076793800
2016-08-08,0.0006730100,0.0008976100,0.0017012400,0.0025649400,0.0036470200,0.0047442300,0.0059668400,0.0068593800,0.0075038500,0.0076546900,0.0076608100
2016-08-05,0.0007012700,0.0009191200,0.0017498000,0.0026158800,0.0037172100,0.0048256800,0.0060447600,0.0069362000,0.0075758400,0.0077367400,0.0077333800
2016-08-04,0.0007578600,0.0009763600,0.0018132100,0.0026947100,0.0038030900,0.0049176000,0.0061256100,0.0070158000,0.0076529600,0.0077887200,0.0077585200
2016-08-03,0.0007885600,0.0010077300,0.0018790300,0.0027937300,0.0039165800,0.0050446500,0.0062558500,0.0071468100,0.0077967200,0.0079271700,0.0079056900
2016-08-02,0.0007470600,0.0010079100,0.0018884000,0.0028182100,0.0039370500,0.0050610200,0.0062755600,0.0071683800,0.0078500900,0.0080024700,0.0080079600
2016-08-01,0.0007228100,0.0009584300,0.0018472300,0.0027759500,0.0039021900,0.0050314500,0.0062414700,0.0071317400,0.0078011300,0.0079599800,0.0079738000
2016-07-29,0.0007472600,0.0009991500,0.0019358800,0.0028780600,0.0040112200,0.0051480000,0.0063587600,0.0072499100,0.0079933400,0.0081400300,0.0081280600
2016-07-28,0.0007373100,0.0009897200,0.0019718400,0.0029492500,0.0041015700,0.0052624600,0.0064686300,0.0073594800,0.0081887900,0.0083426200,0.0083328800
2016-07-27,0.0008361900,0.0010664600,0.0020160400,0.0029813900,0.0041384400,0.0052973400,0.0065107800,0.0073944600,0.0081000700,0.0082475100,0.0082436300
2016-07-26,0.0008720200,0.0011489500,0.0021022000,0.0030725400,0.0042315800,0.0053927500,0.0066032300,0.0074930600,0.0081346000,0.0082964000,0.0083207400
2016-07-25,0.0009105900,0.0011603700,0.0021033800,0.0030766100,0.0042452300,0.0054155600,0.0066258400,0.0075156400,0.0081446200,0.0082929800,0.0083252700
2016-07-22,0.0009673792,0.0012137999,0.0021775281,0.0031614016,0.0043325666,0.0055043964,0.0067148077,0.0076005157,0.0082301262,0.0083833575,0.0084116123
2016-07-21,0.0010277100,0.0012696900,0.0022542900,0.0032485300,0.0044217000,0.0055946900,0.0068049700,0.0076863500,0.0083165300,0.0084747200,0.0084988500
2016-07-20,0.0011624100,0.0014243200,0.0024096500,0.0034334600,0.0046115400,0.0057841900,0.0069933000,0.0078747500,0.0085204300,0.0086701100,0.0087048600
2016-07-19,0.0012174000,0.0015017000,0.0025257600,0.0035638500,0.0047376100,0.0059144700,0.0071210600,0.0080082900,0.0086606700,0.0088249200,0.0088504600
2016-07-18,0.0012132200,0.0014893300,0.0024815600,0.0035078000,0.0046767600,0.0058468600,0.0070466600,0.0079280700,0.0085739300,0.0087226400,0.0087476500
2016-07-15,0.0013197600,0.0016131400,0.0026294200,0.0036661600,0.0048433400,0.0060099500,0.0072043600,0.0080820000,0.0087329800,0.0088829500,0.0089180100
2016-07-14,0.0013515900,0.0016526700,0.0026847800,0.0037420900,0.0049251100,0.0060955800,0.0072869300,0.0081632400,0.0088024500,0.0089501300,0.0089754800
2016-07-13,0.0014545700,0.0017789400,0.0028725800,0.0039867300,0.0051805600,0.0063620700,0.0075552500,0.0084328600,0.0090850400,0.0092365000,0.0092662500
2016-07-12,0.0015818000,0.0018580600,0.0029169500,0.0040507500,0.0052475700,0.0064298800,0.0076194000,0.0084932200,0.0091262000,0.0092674000,0.0093034500
2016-07-11,0.0017835400,0.0021088300,0.0032445100,0.0044022900,0.0056084100,0.0067969700,0.0079925200,0.0088711200,0.0094920700,0.0096493000,0.0096932600
2016-07-08,0.0020222783,0.0022746246,0.0034371910,0.0046076427,0.0058040590,0.0069769583,0.0081811672,0.0090686882,0.0097946641,0.0099519586,0.0100759069
2016-07-07,0.0020277771,0.0023714873,0.0035415450,0.0047097807,0.0059527757,0.0071241054,0.0083536496,0.0092529589,0.0097984567,0.0099902114,0.0101241658
2016-07-06,0.0021250623,0.0024613910,0.0036478361,0.0048146869,0.0060405796,0.0072346423,0.0084423668,0.0093366458,0.0099890418,0.0101038932,0.0101804951
2016-07-05,0.0019351164,0.0023057058,0.0034941814,0.0046425051,0.0058806183,0.0070832372,0.0082982030,0.0091975519,0.0099585524,0.0101025824,0.0100456859
2016-07-04,0.0018255489,0.0021683788,0.0032958558,0.0044196445,0.0056401949,0.0068115391,0.0080312536,0.0089038104,0.0098269685,0.0099538631,0.0098039525
2016-07-01,0.0019803414,0.0022849574,0.0034050946,0.0045164922,0.0057338618,0.0069146537,0.0081267939,0.0090167629,0.0097665583,0.0098814459,0.0099164787
2016-06-30,0.0019982132,0.0023852337,0.0035484173,0.0046821395,0.0058971238,0.0070601745,0.0082612279,0.0091541432,0.0099088706,0.0100357622,0.0100791977
2016-06-29,0.0019848219,0.0023804916,0.0035756868,0.0047488614,0.0059629962,0.0071491986,0.0083435969,0.0092160736,0.0099604224,0.0100998797,0.0101819024
2016-06-28,0.0024171898,0.0027381401,0.0040202374,0.0052795438,0.0064636068,0.0076518685,0.0088455483,0.0097107126,0.0105412060,0.0106744729,0.0107003165
2016-06-27,0.0027513210,0.0030944451,0.0045442564,0.0059194797,0.0071518162,0.0083577110,0.0095608047,0.0104599911,0.0111756983,0.0113316078,0.0112729466
2016-06-24,0.0027658742,0.0030876131,0.0044894660,0.0057401772,0.0069636595,0.0081533504,0.0093521319,0.0102330078,0.0110055901,0.0111438717,0.0110461170
2016-06-23,0.0018303409,0.0021060002,0.0031342417,0.0041416207,0.0053462176,0.0065396920,0.0077517124,0.0086158072,0.0095022450,0.0096273539,0.0094905980
2016-06-22,0.0017946971,0.0020906669,0.0031610106,0.0042352677,0.0054524574,0.0066403815,0.0078551129,0.0087362982,0.0094735100,0.0096180882,0.0095762937
2016-06-21,0.0017232550,0.0020625399,0.0031610992,0.0042576103,0.0054684648,0.0066503644,0.0078613333,0.0087409815,0.0095955319,0.0097578620,0.0097081496
2016-06-20,0.0018438942,0.0021865328,0.0033117855,0.0044220699,0.0056391062,0.0068438636,0.0080486523,0.0089348581,0.0096289207,0.0097595715,0.0098781655
2016-06-17,0.0021580548,0.0025504045,0.0038113032,0.0050374458,0.0062649438,0.0074869695,0.0086693757,0.0095448831,0.0103476596,0.0105042025,0.0104638345
2016-06-16,0.0024947695,0.0028143942,0.0041488501,0.0054667617,0.0067259062,0.0079676576,0.0091731932,0.0100818054,0.0109038267,0.0110741386,0.0110113491
2016-06-15,0.0024021667,0.0026775453,0.0039326471,0.0051929982,0.0064305235,0.0076647390,0.0088514107,0.0097481797,0.0104436693,0.0105564707,0.0104926982
2016-06-14,0.0023943016,0.0027355031,0.0040137273,0.0052627364,0.0065139597,0.0077522041,0.0089543915,0.0098515666,0.0104634098,0.0106057527,0.0107063741
2016-06-13,0.0021327597,0.0024835042,0.0036610680,0.0047550600,0.0059881915,0.0072170725,0.0084362939,0.0093296030,0.0100666572,0.0101304391,0.0100297582
2016-06-10,0.0019793791,0.0023000156,0.0034381729,0.0044488193,0.0056616943,0.0068728656,0.0080878893,0.0089763375,0.0097047588,0.0098188878,0.0098857918
2016-06-09,0.0017029077,0.0020182538,0.0030825129,0.0040998309,0.0053323914,0.0065556257,0.0077714551,0.0086587657,0.0094601043,0.0096514694,0.0097334717
2016-06-08,0.0017692013,0.0021041908,0.0030233611,0.0038947288,0.0051050784,0.0063140132,0.0075335770,0.0083924690,0.0089744807,0.0090878455,0.0089738846
2016-06-07,0.0016336096,0.0019644060,0.0028956634,0.0038105075,0.0050271110,0.0062436441,0.0074746573,0.0083363215,0.0094567087,0.0096323559,0.0094327558
2016-06-06,0.0016417057,0.0019120821,0.0029261305,0.0039198309,0.0051412823,0.0063548660,0.0075702125,0.0084651415,0.0091836499,0.0093892549,0.0094635951
2016-06-03,0.0018357718,0.0020859410,0.0029823365,0.0038238708,0.0050504123,0.0062649500,0.0074934610,0.0083588788,0.0093621016,0.0094929085,0.0095211142
2016-06-02,0.0016692419,0.0019792860,0.0028950320,0.0037942457,0.0050299412,0.0062559377,0.0074953322,0.0083563378,0.0093733000,0.0094966576,0.0093187921
2016-06-01,0.0015229949,0.0018739637,0.0028069478,0.0037710003,0.0049989776,0.0062335886,0.0074801880,0.0083304881,0.0095144778,0.0096548366,0.0094480912
2016-05-31,0.0016240519,0.0019238070,0.0027811464,0.0036423051,0.0048682380,0.0060936837,0.0073239243,0.0081794093,0.0093240274,0.0093896689,0.0090839518
2016-05-30,0.0015009702,0.0018621008,0.0027506440,0.0036634400,0.0048864035,0.0061114929,0.0073252485,0.0081907675,0.0091977748,0.0093968946,0.0094784513
2016-05-27,0.0015010065,0.0018621085,0.0027507494,0.0036635999,0.0048871104,0.0061122571,0.0073258701,0.0081913003,0.0091984121,0.0093976007,0.0094792910
2016-05-26,0.0015770040,0.0019410911,0.0028457163,0.0038161384,0.0050326391,0.0062494856,0.0074537230,0.0083196875,0.0092353801,0.0094223866,0.0093405794
2016-05-25,0.0015901959,0.0019720248,0.0029008673,0.0038856846,0.0050846125,0.0062832736,0.0074870567,0.0083717119,0.0091387847,0.0092966132,0.0093735063
2016-05-24,0.0018685077,0.0022243784,0.0031879657,0.0041644868,0.0053734022,0.0065879501,0.0077803917,0.0086677771,0.0095216587,0.0096577288,0.0095438041
2016-05-23,0.0020038263,0.0023242746,0.0033379931,0.0043335743,0.0055361692,0.0067419401,0.0079172761,0.0088358749,0.0091512893,0.0092617785,0.0093097432
2016-05-20,0.0019846347,0.0022992703,0.0033544244,0.0043536614,0.0055582591,0.0067675797,0.0079428942,0.0088685412,0.0091889678,0.0092670167,0.0092599083
2016-05-19,0.0019848344,0.0023192681,0.0033584318,0.0043576889,0.0055622865,0.0067676211,0.0079432519,0.0088686818,0.0092330952,0.0093270943,0.0093000333
2016-05-18,0.0019872818,0.0023454153,0.0033755200,0.0043689139,0.0055618988,0.0067693303,0.0079575043,0.0088645506,0.0094322317,0.0095441404,0.0095098447
2016-05-17,0.0018159294,0.0022419222,0.0032261116,0.0042391464,0.0054644536,0.0066778511,0.0078894572,0.0087749460,0.0098056088,0.0099989659,0.0099889871
2016-05-16,0.0020014434,0.0023822155,0.0034410363,0.0044576425,0.0056746862,0.0069004272,0.0081180007,0.0089789692,0.0098495891,0.0099863004,0.0095868988
2016-05-13,0.0019875139,0.0022820348,0.0033922024,0.0044566851,0.0056506057,0.0068609371,0.0080272757,0.0088942202,0.0095036150,0.0096464259,0.0094641367
2016-05-12,0.0020375999,0.0024196726,0.0034385440,0.0044495164,0.0056383978,0.0068268499,0.0080176763,0.0088539345,0.0098909705,0.0100296482,0.0098375656
2016-05-11,0.0019713866,0.0024042657,0.0034533119,0.0044736752,0.0056501655,0.0068315741,0.0080422562,0.0088540071,0.0100815711,0.0102292817,0.0101946298
2016-05-10,0.0019809713,0.0023990234,0.0034511274,0.0044903031,0.0057032701,0.0069204769,0.0081311007,0.0089543152,0.0101223755,0.0102763433,0.0100177780
2016-05-09,0.0020409279,0.0024088339,0.0035009358,0.0045821893,0.0058198004,0.0070511787,0.0082555643,0.0091225816,0.0101555547,0.0103279319,0.0101046002
2016-05-06,0.0020845053,0.0024996250,0.0035850197,0.0046359907,0.0058862119,0.0071432962,0.0083377184,0.0092090812,0.0104379860,0.0106215351,0.0103637936
2016-05-05,0.0020906513,0.0024793720,0.0035428017,0.0045799441,0.0058154813,0.0070493466,0.0082467299,0.0091102932,0.0101014177,0.0103029458,0.0101804500
2016-05-04,0.0021813122,0.0025244725,0.0035665394,0.0046061361,0.0058352133,0.0070549732,0.0082505494,0.0091415445,0.0100198528,0.0101684286,0.0100311328
2016-05-03,0.0020354405,0.0023641861,0.0033984018,0.0044349799,0.0056778820,0.0068992042,0.0080967076,0.0089920466,0.0097837719,0.0099649133,0.0098399687
2016-05-02,0.0018052331,0.0021585958,0.0031848084,0.0042459967,0.0054915525,0.0067273780,0.0079429020,0.0088044816,0.0094527696,0.0096805192,0.0095572877
2016-04-29,0.0019190708,0.0022583672,0.0032454661,0.0042532194,0.0054918207,0.0067282909,0.0079298629,0.0087987938,0.0094454096,0.0096144890,0.0094704056
2016-04-28,0.0019753743,0.0023050449,0.0033043915,0.0043488388,0.0055779333,0.0067960753,0.0079979303,0.0088889966,0.0096817188,0.0098404975,0.0097516521
2016-04-27,0.0019743124,0.0024023794,0.0033225653,0.0043194262,0.0055283811,0.0067441502,0.0079577361,0.0088161794,0.0099040300,0.0100746078,0.0098865292
2016-04-26,0.0018270778,0.0021804202,0.0031347509,0.0041345998,0.0053445448,0.0065551287,0.0077408790,0.0086145970,0.0095173289,0.0096830000,0.0095905091
2016-04-25,0.0017945424,0.0021605873,0.0031068530,0.0040954816,0.0053292059,0.0065537472,0.0077478901,0.0086164561,0.0095607793,0.0097213180,0.0095906399
2016-04-22,0.0017744463,0.0021360478,0.0030979604,0.0040466518,0.0052525711,0.0064506984,0.0076443633,0.0084941775,0.0095153335,0.0096292673,0.0095262085
2016-04-21,0.0017136616,0.0020686164,0.0030303642,0.0040769964,0.0053124200,0.0065416431,0.0077384764,0.0085879338,0.0095860026,0.0097932901,0.0096001493
2016-04-20,0.0017742310,0.0021591737,0.0032255221,0.0042794331,0.0055246956,0.0067500627,0.0079419895,0.0087797852,0.0097828345,0.0099920754,0.0097402846
2016-04-19,0.0017395567,0.0021015830,0.0031869450,0.0042763706,0.0055270979,0.0067557317,0.0079365798,0.0088062436,0.0096017552,0.0098230649,0.0096538132
2016-04-18,0.0019415206,0.0022693423,0.0033931475,0.0045126061,0.0057821060,0.0070441729,0.0081990761,0.0091041983,0.0096444667,0.0099182833,0.0096609369
2016-04-15,0.0019133285,0.0022805785,0.0034180779,0.0045352075,0.0057934981,0.0070167398,0.0081738959,0.0090577260,0.0097624013,0.0099378756,0.0094861361
2016-04-14,0.0019732609,0.0022817690,0.0033680675,0.0044849043,0.0057291610,0.0069543290,0.0081362322,0.0090378676,0.0098187975,0.0099827281,0.0098565500
2016-04-13,0.0021083340,0.0024165423,0.0035569222,0.0047077418,0.0059408959,0.0071554333,0.0083071974,0.0092106344,0.0099517145,0.0101159414,0.0100139127
2016-04-12,0.0024165185,0.0027412097,0.0039209998,0.0050998417,0.0063066451,0.0074953089,0.0086589364,0.0095278592,0.0102435491,0.0104221891,0.0103666742
2016-04-11,0.0025311838,0.0029019500,0.0041544124,0.0054130007,0.0066330309,0.0078440142,0.0089831298,0.0098701084,0.0103724369,0.0105434066,0.0104885504
2016-04-08,0.0026496514,0.0030245399,0.0043045360,0.0055950659,0.0067851423,0.0079590665,0.0091202038,0.0100080211,0.0106016514,0.0107945071,0.0108498710
2016-04-07,0.0026108945,0.0029792794,0.0043261399,0.0056068283,0.0067694324,0.0079322341,0.0090968886,0.0099798023,0.0108453163,0.0109494529,0.0108279692
2016-04-06,0.0025696747,0.0029383569,0.0042078365,0.0054103709,0.0065718283,0.0077391095,0.0089078729,0.0097674671,0.0107280669,0.0108715472,0.0107494399
2016-04-05,0.0023842205,0.0027102503,0.0038948513,0.0050771956,0.0062582503,0.0074277643,0.0086006750,0.0094553844,0.0101717983,0.0103426490,0.0103066241
2016-04-04,0.0021613202,0.0024480388,0.0035941238,0.0047829488,0.0059459192,0.0071175608,0.0082571480,0.0091351260,0.0094175841,0.0096301943,0.0096911210
2016-04-01,0.0022562516,0.0024548573,0.0035833478,0.0047261082,0.0058725614,0.0070290585,0.0081658964,0.0089886237,0.0092454995,0.0094097899,0.0094613544
2016-03-31,0.0020889895,0.0023596932,0.0034953460,0.0046640554,0.0058522988,0.0070255410,0.0081603200,0.0090765382,0.0094482189,0.0095901483,0.0094988904
2016-03-30,0.0021165156,0.0024093278,0.0035620806,0.0047013422,0.0058861406,0.0070471258,0.0081927174,0.0091189553,0.0096548356,0.0097757962,0.0095682037
2016-03-29,0.0021191760,0.0024471375,0.0036201870,0.0047571538,0.0059530918,0.0071474488,0.0083243889,0.0091876079,0.0099994029,0.0101661255,0.0100509296
2016-03-28,0.0019257814,0.0023108225,0.0034829693,0.0045707733,0.0057541057,0.0069278198,0.0081087995,0.0088849520,0.0097621067,0.0099453172,0.0098530357
2016-03-25,0.0019257712,0.0023108255,0.0034830747,0.0045709187,0.0057542246,0.0069278873,0.0081088062,0.0088849353,0.0097621392,0.0099454120,0.0098531881
2016-03-24,0.0020064404,0.0023487615,0.0035103774,0.0045930946,0.0057723001,0.0069373295,0.0081107317,0.0089437358,0.0097154370,0.0098738484,0.0098016685
2016-03-23,0.0017958536,0.0020768190,0.0031867337,0.0042854144,0.0055148260,0.0067094914,0.0078772961,0.0087789953,0.0093926190,0.0095864349,0.0095902257
2016-03-22,0.0018035897,0.0022520693,0.0033296990,0.0043559364,0.0055260238,0.0066802169,0.0078632672,0.0086650568,0.0098693248,0.0100143459,0.0097860894
2016-03-21,0.0019138377,0.0023346555,0.0033849928,0.0043691743,0.0055305601,0.0066696009,0.0078540234,0.0086297575,0.0097569451,0.0099080891,0.0097231226
2016-03-18,0.0016565693,0.0020599214,0.0030098860,0.0039629713,0.0051164639,0.0062594704,0.0074465998,0.0082341346,0.0093398612,0.0094801498,0.0092795848
2016-03-17,0.0016108671,0.0020263747,0.0030245890,0.0040065398,0.0051448652,0.0062818373,0.0074656396,0.0082869010,0.0094068270,0.0095173926,0.0093056688
2016-03-16,0.0019127707,0.0022863243,0.0032472531,0.0041932154,0.0053170052,0.0064518559,0.0076207929,0.0084308222,0.0093019570,0.0093826826,0.0092049411
2016-03-15,0.0016284885,0.0020838800,0.0029988344,0.0039450023,0.0050854722,0.0062254297,0.0073997967,0.0082386901,0.0091677848,0.0092618325,0.0090880659
2016-03-14,0.0015206658,0.0020211494,0.0028925491,0.0038504816,0.0049752410,0.0060934123,0.0072506483,0.0080619429,0.0090866556,0.0091716709,0.0089474761
2016-03-11,0.0019293588,0.0025705344,0.0034373018,0.0044232424,0.0055159365,0.0066063337,0.0077581260,0.0085486269,0.0094676907,0.0095093691,0.0093299888
2016-03-10,0.0022326653,0.0029830277,0.0040911267,0.0052233866,0.0064192196,0.0076118894,0.0087671567,0.0095620290,0.0105715481,0.0107024987,0.0105979649
2016-03-09,0.0025542126,0.0034548183,0.0046384083,0.0058183238,0.0070663898,0.0083106394,0.0095119409,0.0102988487,0.0113488049,0.0115130776,0.0116723398
2016-03-08,0.0024891928,0.0033708231,0.0046668349,0.0058677007,0.0071274030,0.0083621800,0.0095603716,0.0104296712,0.0110716134,0.0112875889,0.0115873099
2016-03-07,0.0024355572,0.0032881074,0.0047664058,0.0060000772,0.0072471825,0.0084703667,0.0096784177,0.0105240952,0.0116441765,0.0117756190,0.0118233789
2016-03-04,0.0028755959,0.0037307397,0.0049614186,0.0061745928,0.0073505113,0.0085452357,0.0096444972,0.0104591983,0.0114375841,0.0115709679,0.0114160060
2016-03-03,0.0031498443,0.0039481300,0.0053334131,0.0065923998,0.0077288956,0.0088953064,0.0100330892,0.0108822954,0.0116663756,0.0117561264,0.0114588032
2016-03-02,0.0031604554,0.0038785144,0.0053279307,0.0066147289,0.0077436417,0.0088910316,0.0100309774,0.0109288450,0.0118533090,0.0119235271,0.0117550237
2016-03-01,0.0032605149,0.0040582239,0.0055927573,0.0069373266,0.0080657633,0.0091986010,0.0103531206,0.0112502067,0.0120916923,0.0122035857,0.0121080551
2016-02-29,0.0032423263,0.0041974025,0.0059373126,0.0073416397,0.0085272190,0.0096945056,0.0108939631,0.0118254937,0.0126481143,0.0128070493,0.0127596204
2016-02-26,0.0036918366,0.0045323633,0.0063097628,0.0076672331,0.0087977743,0.0099063116,0.0110628237,0.0119558788,0.0126270272,0.0127156333,0.0126808012
2016-02-25,0.0037941296,0.0046909032,0.0065694901,0.0079093459,0.0090746151,0.0102047367,0.0113739725,0.0122982238,0.0125592875,0.0126113457,0.0125962181
2016-02-24,0.0036470572,0.0046763192,0.0062736212,0.0076969752,0.0089104054,0.0101090021,0.0112730548,0.0120999715,0.0129818505,0.0131544751,0.0132698392
2016-02-23,0.0036931815,0.0046466890,0.0062219674,0.0075793949,0.0087307731,0.0099030171,0.0110848857,0.0119368546,0.0130321359,0.0130992897,0.0130497103
2016-02-22,0.0038234568,0.0047308714,0.0064245625,0.0077569991,0.0088980415,0.0100363880,0.0112315817,0.0121354229,0.0128409000,0.0128875954,0.0127534471
2016-02-19,0.0041188780,0.0050419173,0.0066934457,0.0080532256,0.0092225091,0.0103943268,0.0116226582,0.0125471488,0.0132463565,0.0133443644,0.0132514632
2016-02-18,0.0040228032,0.0048042043,0.0065141991,0.0078550035,0.0089373195,0.0100380860,0.0112492933,0.0121639048,0.0128480844,0.0129226393,0.0128281853
2016-02-17,0.0044101014,0.0052103744,0.0070826334,0.0084704577,0.0096004527,0.0107258908,0.0119281369,0.0128298141,0.0136833296,0.0137651181,0.0135756189
2016-02-16,0.0047280385,0.0057995945,0.0075867017,0.0090396504,0.0102512429,0.0114290529,0.0127007469,0.0135539548,0.0140760060,0.0141838530,0.0140943471
2016-02-15,0.0054327908,0.0063668669,0.0082148549,0.0097474534,0.0108547083,0.0119801335,0.0131893957,0.0140672010,0.0152402589,0.0153871059,0.0152119491
2016-02-12,0.0058390219,0.0067998947,0.0087226715,0.0102604598,0.0113825429,0.0125138985,0.0137087360,0.0145994026,0.0156371159,0.0157743519,0.0158174406
2016-02-11,0.0058813525,0.0069441710,0.0089676696,0.0105294002,0.0116885233,0.0128584114,0.0140693496,0.0149379038,0.0158194115,0.0159264093,0.0158188910
2016-02-10,0.0054979159,0.0064470006,0.0083802191,0.0099077752,0.0110136475,0.0121171870,0.0133054534,0.0141521649,0.0152058187,0.0153873409,0.0152782541
2016-02-09,0.0054667295,0.0065301133,0.0086116779,0.0101634794,0.0112959994,0.0124295258,0.0136238440,0.0144743828,0.0153485907,0.0154898994,0.0155251526
2016-02-08,0.0054225937,0.0064037960,0.0083815403,0.0099780273,0.0110953829,0.0122186446,0.0134324878,0.0142709807,0.0151099530,0.0152595480,0.0151032628
2016-02-05,0.0047187564,0.0057528122,0.0077188402,0.0093352179,0.0104582911,0.0115734367,0.0127746726,0.0136266774,0.0145563016,0.0147133940,0.0140785473
2016-02-04,0.0052394651,0.0060878905,0.0079507375,0.0094597923,0.0105457374,0.0116183543,0.0127855268,0.0136426992,0.0148415543,0.0150169215,0.0150371660
2016-02-03,0.0052819150,0.0061107731,0.0080033616,0.0095051872,0.0105723734,0.0116324665,0.0128116540,0.0136506434,0.0146714197,0.0148564037,0.0147669659
2016-02-02,0.0048064816,0.0055815812,0.0073524368,0.0088170198,0.0098787518,0.0109373598,0.0121076169,0.0129816511,0.0139628467,0.0141385148,0.0140857402
2016-02-01,0.0046207878,0.0052794758,0.0070369019,0.0083864286,0.0094407770,0.0104813712,0.0116968730,0.0125473933,0.0134687050,0.0136050772,0.0136774710
2016-01-29,0.0044065828,0.0050377669,0.0067683983,0.0081060514,0.0092018106,0.0102782340,0.0114901563,0.0123327735,0.0133071344,0.0134028236,0.0133049919
2016-01-28,0.0041026011,0.0048846021,0.0064479204,0.0078248500,0.0089338531,0.0100323160,0.0112592696,0.0120803549,0.0131940377,0.0133034808,0.0133001699
2016-01-27,0.0042197107,0.0048556157,0.0065010331,0.0078657166,0.0089133515,0.0099735496,0.0111698383,0.0120086491,0.0133671347,0.0135300503,0.0132372302
2016-01-26,0.0041045230,0.0047831940,0.0064887415,0.0078313550,0.0088690874,0.0099182709,0.0110991049,0.0119667417,0.0130597401,0.0132299542,0.0131225002
2016-01-25,0.0040335445,0.0045124674,0.0062778125,0.0075542782,0.0085837933,0.0096458737,0.0108439844,0.0116669932,0.0126233892,0.0127482295,0.0127065210
2016-01-22,0.0038428804,0.0043998773,0.0061838805,0.0074937297,0.0085229544,0.0095845852,0.0107329002,0.0115636956,0.0124498556,0.0125922304,0.0125921924
2016-01-21,0.0042584866,0.0047943101,0.0064374380,0.0077405598,0.0088127963,0.0099025466,0.0111021523,0.0119014765,0.0130779870,0.0131463563,0.0131380757
2016-01-20,0.0040332912,0.0046094088,0.0062925877,0.0076373991,0.0087006896,0.0097895768,0.0109758304,0.0118390214,0.0128985706,0.0130668814,0.0130005171
2016-01-19,0.0037293785,0.0043636074,0.0058823454,0.0071840866,0.0082749050,0.0093410213,0.0105804452,0.0114174883,0.0122953076,0.0123999014,0.0124853414
2016-01-18,0.0038806408,0.0044767277,0.0059805741,0.0072326941,0.0083091204,0.0093873043,0.0106094840,0.0114765565,0.0123403616,0.0124128249,0.0124280796
2016-01-15,0.0038327841,0.0042177657,0.0059383593,0.0072195477,0.0082644395,0.0093217144,0.0105439827,0.0114393868,0.0121726761,0.0123028642,0.0122366655
2016-01-14,0.0036404376,0.0041133591,0.0056396657,0.0069228739,0.0079388668,0.0089702322,0.0102092139,0.0111284360,0.0115471680,0.0117101399,0.0118281565
2016-01-13,0.0029383746,0.0034270796,0.0047552057,0.0059706588,0.0069635605,0.0079945913,0.0091912512,0.0100518627,0.0105211875,0.0107102839,0.0107852146
2016-01-12,0.0031316993,0.0034534429,0.0048623663,0.0060575848,0.0070604125,0.0080998364,0.0092955937,0.0101843929,0.0107336280,0.0108710456,0.0107755296
2016-01-11,0.0030003696,0.0034866906,0.0048367641,0.0060286834,0.0070723635,0.0080903854,0.0093040472,0.0101819139,0.0112001763,0.0113057635,0.0113012496
2016-01-08,0.0030612996,0.0034620954,0.0047897409,0.0059501651,0.0070357485,0.0080981334,0.0093176257,0.0101676599,0.0113042826,0.0113572359,0.0112576260
2016-01-07,0.0030593009,0.0034404856,0.0046852071,0.0057838739,0.0068734047,0.0079204871,0.0091418498,0.0100027844,0.0110581809,0.0111073030,0.0109732104
2016-01-06,0.0030573035,0.0034190108,0.0045829548,0.0056222301,0.0067148068,0.0077467378,0.0089693899,0.0098405824,0.0108174370,0.0108628703,0.0106959804
2016-01-05,0.0026783676,0.0030991644,0.0041896364,0.0051923175,0.0062544447,0.0072526308,0.0084494616,0.0093504452,0.0105723358,0.0107108613,0.0108109542
2016-01-04,0.0027728816,0.0031053646,0.0042086287,0.0051969096,0.0062515105,0.0072251362,0.0084297769,0.0093566513,0.0103599851,0.0105757609,0.0108080228
2016-01-01,0.0027038122,0.0029854581,0.0041009947,0.0051026354,0.0061436336,0.0070666536,0.0082589980,0.0091795509,0.0102157496,0.0103456017,0.0104704460
2015-12-31,0.0027038433,0.0029867882,0.0041034416,0.0051054961,0.0061469329,0.0070709772,0.0082640872,0.0091878624,0.0102154808,0.0103453001,0.0104701014
2015-12-30,0.0027040881,0.0029960224,0.0041203158,0.0051250859,0.0061694559,0.0071005846,0.0082997624,0.0092389870,0.0101782518,0.0104099899,0.0105930805
2015-12-29,0.0027239035,0.0030211457,0.0041448322,0.0051249610,0.0061832343,0.0071555061,0.0083517617,0.0093161275,0.0100269851,0.0103758984,0.0105784977
2015-12-28,0.0027129728,0.0030090697,0.0040515791,0.0050698644,0.0061656320,0.0072565729,0.0084526032,0.0093890618,0.0099983403,0.0102608919,0.0101379607
2015-12-25,0.0027136226,0.0030095728,0.0040523297,0.0050709793,0.0061665450,0.0072564888,0.0084527607,0.0093884315,0.0099962672,0.0102587668,0.0101367237
2015-12-24,0.0027175720,0.0030127475,0.0040569073,0.0050772766,0.0061713326,0.0072555537,0.0084519093,0.0093853170,0.0099559945,0.0100848770,0.0097702904
2015-12-23,0.0027372350,0.0030284797,0.0040796094,0.0051086078,0.0061951416,0.0072507398,0.0084476664,0.0093727174,0.0100375997,0.0101690936,0.0099181129
2015-12-22,0.0027354670,0.0030069284,0.0040932918,0.0051657962,0.0062149422,0.0072278849,0.0084281868,0.0093227993,0.0101159617,0.0102871200,0.0101738711
2015-12-21,0.0027230157,0.0030582574,0.0043052951,0.0053334628,0.0063186197,0.0071943102,0.0084248971,0.0093396380,0.0101373687,0.0104147263,0.0106537262
2015-12-18,0.0027367602,0.0030780227,0.0042403960,0.0052257493,0.0062660087,0.0071864733,0.0084395144,0.0093220903,0.0103601391,0.0106376396,0.0108913155
2015-12-17,0.0024976465,0.0029790330,0.0041222781,0.0051412720,0.0061934937,0.0071579723,0.0083544117,0.0092433437,0.0107832937,0.0108904264,0.0109560193
2015-12-16,0.0026783692,0.0031234323,0.0042792688,0.0053260501,0.0063603407,0.0073080119,0.0085018829,0.0094137937,0.0107351387,0.0108707900,0.0109908897
2015-12-15,0.0026813739,0.0031837531,0.0043259199,0.0053813981,0.0064432045,0.0074409304,0.0086346544,0.0095817053,0.0109192606,0.0109931799,0.0110588811
2015-12-14,0.0028438487,0.0033520090,0.0045639017,0.0056284491,0.0066798159,0.0076533478,0.0088722934,0.0098078442,0.0105995929,0.0107175794,0.0108130189
2015-12-11,0.0026439679,0.0032013363,0.0043809485,0.0054098972,0.0064349057,0.0074032913,0.0086157536,0.0095490327,0.0105983593,0.0107517940,0.0109001506
2015-12-10,0.0025219171,0.0031308311,0.0043756161,0.0053991991,0.0063786474,0.0073022713,0.0085186314,0.0094338277,0.0100164471,0.0101069902,0.0101982097
2015-12-09,0.0026233288,0.0030239664,0.0041172519,0.0051089240,0.0062082962,0.0072415879,0.0084267226,0.0093244344,0.0105053478,0.0105461797,0.0106255600
2015-12-08,0.0026804672,0.0030405408,0.0040942513,0.0051016786,0.0062140728,0.0072616221,0.0084532129,0.0093695919,0.0104938727,0.0105388160,0.0105766779
2015-12-07,0.0027080104,0.0030642246,0.0041278821,0.0051349091,0.0062495149,0.0072972266,0.0084980549,0.0093959995,0.0104505106,0.0105783444,0.0106566997
2015-12-04,0.0029092822,0.0032052729,0.0043250668,0.0053373023,0.0064695232,0.0075046176,0.0087040082,0.0095911957,0.0105489876,0.0107004437,0.0106621391
2015-12-03,0.0028264284,0.0032116583,0.0043622406,0.0053798505,0.0065167322,0.0075517721,0.0087792503,0.0096602380,0.0105886401,0.0106722284,0.0107330063
2015-12-02,0.0028939417,0.0033598479,0.0045486297,0.0055319014,0.0066561336,0.0076388322,0.0088629665,0.0097477594,0.0105712363,0.0107559507,0.0109105246
2015-12-01,0.0029699644,0.0033061646,0.0044927322,0.0054769769,0.0066475660,0.0077087414,0.0089180652,0.0098548641,0.0103037777,0.0104660953,0.0105944898
2015-11-30,0.0029221503,0.0033914789,0.0045022881,0.0054963686,0.0066780085,0.0077813604,0.0089802518,0.0099197518,0.0105112342,0.0106449457,0.0107630239
2015-11-27,0.0030603895,0.0034474244,0.0045928651,0.0055999335,0.0067704925,0.0078830560,0.0090841311,0.0099655369,0.0106118237,0.0107011625,0.0107733389
2015-11-26,0.0031239464,0.0036083607,0.0047452249,0.0057034716,0.0068610299,0.0078989264,0.0091099299,0.0099816391,0.0105064373,0.0106141798,0.0107158820
2015-11-25,0.0029633398,0.0033534775,0.0044161806,0.0054274030,0.0065898837,0.0077206724,0.0089414578,0.0097739361,0.0106653891,0.0106653048,0.0106628188
2015-11-24,0.0030150756,0.0034456595,0.0044671772,0.0054441030,0.0066366061,0.0077092463,0.0088714956,0.0097766135,0.0106541364,0.0108771634,0.0110894277
2015-11-23,0.0028841797,0.0032357316,0.0042289793,0.0052005709,0.0063924571,0.0074709810,0.0085998134,0.0095078724,0.0107819867,0.0109836149,0.0112101511
2015-11-20,0.0027964640,0.0031599869,0.0041814679,0.0051708943,0.0063457857,0.0074519691,0.0086208120,0.0095146455,0.0109741445,0.0111260932,0.0112922661
2015-11-19,0.0028223641,0.0031231200,0.0041057256,0.0050665979,0.0062441126,0.0073557542,0.0085304944,0.0094248026,0.0105473226,0.0107364629,0.0109039904
2015-11-18,0.0028852821,0.0032690572,0.0042625343,0.0052355670,0.0064011656,0.0074657324,0.0086051466,0.0095042005,0.0109663855,0.0111480877,0.0112843463
2015-11-17,0.0027827424,0.0031764804,0.0041540668,0.0051235572,0.0063117007,0.0074128672,0.0085851529,0.0094697758,0.0107812093,0.0109710060,0.0110613464
2015-11-16,0.0028732390,0.0032850905,0.0042928402,0.0052549882,0.0064802244,0.0076297987,0.0088227471,0.0097080109,0.0108260211,0.0109320094,0.0108814455
2015-11-13,0.0027472386,0.0030476235,0.0040506659,0.0050596595,0.0062957438,0.0074922369,0.0087251833,0.0095650877,0.0108338941,0.0109355503,0.0106365333
2015-11-12,0.0024319923,0.0028793965,0.0038725295,0.0049296561,0.0061653679,0.0073455165,0.0086060981,0.0094268723,0.0104769040,0.0104937846,0.0102428596
2015-11-11,0.0023937738,0.0027028853,0.0036423866,0.0046609320,0.0059278556,0.0071531476,0.0083743981,0.0092197225,0.0100862659,0.0101548541,0.0101136428
2015-11-10,0.0024837224,0.0027863872,0.0037505743,0.0047860293,0.0060714650,0.0073123409,0.0085529264,0.0093838661,0.0101139217,0.0101633302,0.0099773801
2015-11-09,0.0026873483,0.0029069598,0.0038417059,0.0047901734,0.0060444268,0.0072915436,0.0084878192,0.0093689860,0.0100951486,0.0102744706,0.0102376609
2015-11-06,0.0022852950,0.0025871031,0.0036166095,0.0046280955,0.0058733999,0.0071121275,0.0083085647,0.0091930097,0.0102734521,0.0103845868,0.0104776700
2015-11-05,0.0021724980,0.0024315425,0.0034171142,0.0044157544,0.0056659833,0.0068812955,0.0081062191,0.0090477180,0.0096823947,0.0098913182,0.0100902899
2015-11-04,0.0022483121,0.0024925210,0.0033359945,0.0042940720,0.0055693715,0.0067927872,0.0080142420,0.0089088630,0.0098467642,0.0100030339,0.0101285945
2015-11-03,0.0022052803,0.0024726449,0.0031051634,0.0040306249,0.0052999126,0.0065434074,0.0077832725,0.0086467657,0.0095240627,0.0096909228,0.0096599187
2015-11-02,0.0025063356,0.0026819660,0.0033329145,0.0043142147,0.0055880365,0.0068149664,0.0080376234,0.0089359962,0.0092990521,0.0094050803,0.0095313825
2015-10-30,0.0023752782,0.0025902620,0.0034338405,0.0044192049,0.0056892324,0.0069317237,0.0081006421,0.0090265234,0.0097773823,0.0099268271,0.0100665699
2015-10-29,0.0022820444,0.0025487404,0.0034276423,0.0043698152,0.0056565396,0.0068941387,0.0080697233,0.0090026870,0.0094089538,0.0095245477,0.0096364834
2015-10-28,0.0022298689,0.0025403818,0.0032838977,0.0042066908,0.0054588610,0.0067052789,0.0078903350,0.0087841660,0.0096036374,0.0097496779,0.0098666058
2015-10-27,0.0023528361,0.0026532699,0.0034949058,0.0044934506,0.0057691267,0.0070194780,0.0082157537,0.0090922982,0.0099601134,0.0099831872,0.0100039032
2015-10-26,0.0023345203,0.0026843917,0.0035175771,0.0045040366,0.0057658185,0.0070049124,0.0082109740,0.0090682633,0.0101132445,0.0102184830,0.0103182553
2015-10-23,0.0026006931,0.0029203588,0.0037207881,0.0046151052,0.0059065327,0.0071304798,0.0082826218,0.0091891794,0.0100239456,0.0101485640,0.0102715747
2015-10-22,0.0031245273,0.0033976951,0.0042546880,0.0051316097,0.0064315448,0.0076771525,0.0088392561,0.0097255508,0.0105671595,0.0106528461,0.0106166537
2015-10-21,0.0033358378,0.0035847905,0.0045729607,0.0055292071,0.0068259262,0.0080532801,0.0092283234,0.0101104034,0.0110056341,0.0111694901,0.0113086696
2015-10-20,0.0033051228,0.0036058420,0.0046745029,0.0057190437,0.0070147789,0.0082350558,0.0094168700,0.0103231839,0.0116353489,0.0117951433,0.0119501941
2015-10-19,0.0035382684,0.0038362791,0.0048490548,0.0058288647,0.0071237476,0.0083575609,0.0095372602,0.0104400863,0.0112419708,0.0113346390,0.0114214840
2015-10-16,0.0038125415,0.0040626322,0.0050957897,0.0060657171,0.0073632925,0.0086137761,0.0097925837,0.0106548891,0.0115068179,0.0116144256,0.0117158878
2015-10-15,0.0038251495,0.0041341415,0.0052080117,0.0061995290,0.0074995859,0.0087531362,0.0099501624,0.0108390894,0.0118409949,0.0120357745,0.0122197511
2015-10-14,0.0038936151,0.0042439938,0.0052491108,0.0061948135,0.0074927213,0.0087572386,0.0099539684,0.0108357661,0.0118165248,0.0120130434,0.0121988684
2015-10-13,0.0036970723,0.0042175865,0.0052028673,0.0062054535,0.0074869780,0.0087389469,0.0100514276,0.0109478818,0.0114235638,0.0115174596,0.0115916258
2015-10-12,0.0033408059,0.0040010499,0.0050907362,0.0061497759,0.0074352117,0.0086867655,0.0099527972,0.0108412699,0.0117233294,0.0117497397,0.0117559806
2015-10-09,0.0037885663,0.0045075859,0.0053995865,0.0064188480,0.0077140133,0.0089600317,0.0103042144,0.0112251499,0.0115307757,0.0116187410,0.0116985448
2015-10-08,0.0039906014,0.0048329455,0.0058742209,0.0069811741,0.0083176522,0.0095922409,0.0109595864,0.0118829804,0.0121250724,0.0122250926,0.0122238325
2015-10-07,0.0041783694,0.0048691579,0.0057426769,0.0068258594,0.0081452436,0.0094177527,0.0108125129,0.0117043618,0.0120651754,0.0122185624,0.0122669537
2015-10-06,0.0043793407,0.0050802423,0.0059779966,0.0070886828,0.0083919482,0.0096820063,0.0111110141,0.0119784441,0.0123336506,0.0124913533,0.0125532881
2015-10-05,0.0044280817,0.0051419812,0.0061629584,0.0072653361,0.0085797122,0.0099031115,0.0113979101,0.0121405661,0.0123405191,0.0124172664,0.0124827250
2015-10-02,0.0046227314,0.0054649797,0.0066141384,0.0077433963,0.0090239860,0.0103174662,0.0118066400,0.0125584016,0.0128358796,0.0129147286,0.0129773050
2015-10-01,0.0045838946,0.0054904390,0.0066663438,0.0078300330,0.0091224262,0.0104160176,0.0117665263,0.0126347558,0.0127100098,0.0128107796,0.0129006331
2015-09-30,0.0052541783,0.0061825764,0.0075376062,0.0087875350,0.0100907575,0.0113812470,0.0129114613,0.0136480591,0.0140979474,0.0142673139,0.0142786019
2015-09-29,0.0058516005,0.0067926896,0.0086194676,0.0100603139,0.0113511359,0.0126758020,0.0142035360,0.0149528118,0.0153431446,0.0154501784,0.0153509126
2015-09-28,0.0060807224,0.0068243310,0.0087564576,0.0100986230,0.0114321560,0.0128409830,0.0142423144,0.0150441542,0.0153382361,0.0154492144,0.0154128625
2015-09-25,0.0056159331,0.0064554762,0.0081645002,0.0095508636,0.0108220643,0.0121411157,0.0136045041,0.0144393371,0.0148495885,0.0150242539,0.0151773352
2015-09-24,0.0063650535,0.0072736397,0.0091663964,0.0104610264,0.0117021505,0.0130401474,0.0143988993,0.0152610942,0.0158685511,0.0159550739,0.0158506371
2015-09-23,0.0047394116,0.0056945321,0.0072412335,0.0084200160,0.0094994539,0.0107195105,0.0119695338,0.0129021908,0.0132767441,0.0133788331,0.0133650741
2015-09-22,0.0050208804,0.0058340336,0.0073501041,0.0085073219,0.0095695441,0.0107444296,0.0119964138,0.0129502396,0.0134721281,0.0135244475,0.0134251575
2015-09-21,0.0031824121,0.0038014157,0.0047488912,0.0056846028,0.0066008374,0.0075956826,0.0088325052,0.0097593896,0.0105493307,0.0106212932,0.0105368690
2015-09-18,0.0027949215,0.0031817958,0.0039734534,0.0047023620,0.0054848610,0.0062993906,0.0075162596,0.0084186503,0.0091755272,0.0093384362,0.0094907521
2015-09-17,0.0027570379,0.0031506199,0.0039144499,0.0046259014,0.0054258187,0.0062281177,0.0073931005,0.0083360899,0.0093196850,0.0094803773,0.0096236585
2015-09-16,0.0029003126,0.0032841718,0.0041225845,0.0048358226,0.0056390142,0.0064397859,0.0076329795,0.0085015634,0.0094909967,0.0096519044,0.0097950729
2015-09-15,0.0031015275,0.0034990618,0.0043475096,0.0050789035,0.0058763735,0.0066816740,0.0079234414,0.0087882096,0.0090543251,0.0091640307,0.0092677680
2015-09-14,0.0031798428,0.0034499636,0.0044101502,0.0050886051,0.0058468856,0.0066609448,0.0079018339,0.0088137719,0.0091555162,0.0093191813,0.0094639613
2015-09-11,0.0030422362,0.0034241173,0.0043028691,0.0050068399,0.0057815254,0.0065860000,0.0078189095,0.0087302686,0.0091768743,0.0093711134,0.0095475851
2015-09-10,0.0030643787,0.0034457946,0.0042629956,0.0049800153,0.0057654918,0.0065799389,0.0078005146,0.0086949105,0.0089151467,0.0089965779,0.0090739492
2015-09-09,0.0030531170,0.0033921314,0.0042013143,0.0049011619,0.0056824194,0.0064912551,0.0077286514,0.0085901182,0.0089287053,0.0090595141,0.0091760903
2015-09-08,0.0031183795,0.0035392095,0.0043481528,0.0050980571,0.0058699106,0.0066860180,0.0078977856,0.0087704573,0.0090717320,0.0091791566,0.0092889645
2015-09-07,0.0034366810,0.0037175311,0.0045584108,0.0053179259,0.0061043184,0.0069162979,0.0081130733,0.0090209016,0.0093715651,0.0095338132,0.0096879356
2015-09-04,0.0035402206,0.0037498332,0.0046803388,0.0053783757,0.0061364377,0.0069333808,0.0081695252,0.0090716657,0.0093840340,0.0095072800,0.0096311349
2015-09-03,0.0033251847,0.0035705479,0.0044647431,0.0051690443,0.0059260067,0.0067252413,0.0079442015,0.0088350839,0.0091064892,0.0092299248,0.0093535502
2015-09-02,0.0032102420,0.0036133522,0.0045263688,0.0053254466,0.0060887013,0.0068555998,0.0080789993,0.0089381340,0.0094627338,0.0096674932,0.0098744270
2015-09-01,0.0032685632,0.0036141272,0.0045535672,0.0053223606,0.0060878623,0.0068607303,0.0080479991,0.0089551385,0.0094740260,0.0097089427,0.0099425990
2015-08-31,0.0030271668,0.0034505217,0.0043162796,0.0050839710,0.0058528957,0.0066002420,0.0077961511,0.0086991136,0.0093824946,0.0097090319,0.0100008472
2015-08-28,0.0030477065,0.0034536650,0.0043058597,0.0050840850,0.0058492743,0.0065967375,0.0078112825,0.0087042467,0.0093799671,0.0097022362,0.0099901410
2015-08-27,0.0031587731,0.0034885666,0.0042783756,0.0051121838,0.0058618210,0.0066155445,0.0078674228,0.0087188803,0.0091205613,0.0092851274,0.0094320868
2015-08-26,0.0033712903,0.0037912159,0.0047180804,0.0055646437,0.0063012729,0.0070486158,0.0082880007,0.0091357344,0.0095602095,0.0097472694,0.0098136689
2015-08-25,0.0033851608,0.0037960184,0.0046751412,0.0055310514,0.0062883199,0.0070446157,0.0082433700,0.0091239949,0.0100337676,0.0102176206,0.0101990780
2015-08-24,0.0036726704,0.0040305428,0.0050400015,0.0058993210,0.0066607544,0.0074128939,0.0086585562,0.0095015653,0.0098564233,0.0100194460,0.0101742666
2015-08-21,0.0033064942,0.0035728495,0.0045182037,0.0051873503,0.0059107244,0.0066487972,0.0078708339,0.0087663708,0.0090651686,0.0092018608,0.0093188343
2015-08-20,0.0031164063,0.0035107851,0.0044215348,0.0051111832,0.0058135152,0.0065294386,0.0077572288,0.0086312185,0.0093832004,0.0095612488,0.0095546666
2015-08-19,0.0030639735,0.0034405872,0.0042941704,0.0049913306,0.0056784371,0.0063828452,0.0076293914,0.0085031161,0.0088783527,0.0090432299,0.0091974870
2015-08-18,0.0029881805,0.0034566056,0.0042533320,0.0049259378,0.0055718672,0.0062286397,0.0074820233,0.0083876717,0.0086454032,0.0087543456,0.0088576747
2015-08-17,0.0029429457,0.0033808467,0.0042195661,0.0048889817,0.0055225232,0.0061824596,0.0074343896,0.0083407114,0.0086392701,0.0087766000,0.0089072178
2015-08-14,0.0028983956,0.0033067481,0.0041860682,0.0048523029,0.0054736162,0.0061366220,0.0073870591,0.0082940139,0.0086331412,0.0087989110,0.0089570379
2015-08-13,0.0028562281,0.0033775821,0.0043378547,0.0050129572,0.0056185848,0.0062654777,0.0074605976,0.0083590114,0.0094402455,0.0095487825,0.0093049675
2015-08-12,0.0034271263,0.0037446304,0.0044604450,0.0050694958,0.0056888255,0.0063464880,0.0075279084,0.0084571884,0.0090234298,0.0091834708,0.0093200423
2015-08-11,0.0032500787,0.0036492988,0.0043829819,0.0050164708,0.0055712333,0.0061853425,0.0073726165,0.0082877385,0.0090459292,0.0092090174,0.0093585743
2015-08-10,0.0029866559,0.0034883655,0.0042099692,0.0048682450,0.0054471894,0.0060492829,0.0072665364,0.0081573125,0.0085043501,0.0086696069,0.0086886253
2015-08-07,0.0030951625,0.0035917870,0.0042268089,0.0048670589,0.0054532224,0.0060751547,0.0073281161,0.0082292450,0.0083658424,0.0084917712,0.0085943789
2015-08-06,0.0029629459,0.0033766872,0.0040956509,0.0047287742,0.0052975897,0.0059019966,0.0071311449,0.0080169891,0.0082933258,0.0084050343,0.0085111874
2015-08-05,0.0027397255,0.0034064785,0.0040843480,0.0046727711,0.0052351650,0.0058388888,0.0070898182,0.0079604680,0.0083572829,0.0085277801,0.0084252886
2015-08-04,0.0028157521,0.0033188954,0.0039546758,0.0045775448,0.0051484460,0.0057280316,0.0069417562,0.0078205174,0.0084490704,0.0087598598,0.0090528686
2015-08-03,0.0027390948,0.0032851429,0.0039098030,0.0045487877,0.0051081490,0.0056899191,0.0069014601,0.0077820547,0.0082693318,0.0084875279,0.0086974136
2015-07-31,0.0025085932,0.0032253839,0.0038668219,0.0044830391,0.0050552180,0.0056290985,0.0068565283,0.0077201726,0.0080702168,0.0082867968,0.0085081324
2015-07-30,0.0029998644,0.0032922743,0.0038265880,0.0044114158,0.0049365710,0.0055755014,0.0068269854,0.0077564114,0.0079281059,0.0080952447,0.0082272159
2015-07-29,0.0027752827,0.0032950970,0.0038013831,0.0043838617,0.0049233178,0.0055553984,0.0068338137,0.0077738044,0.0080146713,0.0082362557,0.0084099609
2015-07-28,0.0028035794,0.0032792768,0.0038008376,0.0043890324,0.0049310161,0.0055509828,0.0068235553,0.0077562999,0.0079844539,0.0081964086,0.0083775357
2015-07-27,0.0028985003,0.0032669619,0.0038583611,0.0044479141,0.0049964478,0.0056107890,0.0068490998,0.0077665722,0.0081243616,0.0083417875,0.0085439535
2015-07-24,0.0027754424,0.0031639317,0.0037408805,0.0043273026,0.0048753846,0.0054803596,0.0067349883,0.0076490737,0.0080187525,0.0081907700,0.0083794504
2015-07-23,0.0028702151,0.0031609904,0.0037347936,0.0042928065,0.0048507807,0.0054509179,0.0066795959,0.0076143166,0.0081443068,0.0083988310,0.0086432385
2015-07-22,0.0027893358,0.0030610043,0.0036708690,0.0042984158,0.0048533164,0.0054430404,0.0066570271,0.0075902426,0.0080649823,0.0082904412,0.0085066075
2015-07-21,0.0026018620,0.0030224772,0.0035842712,0.0042215865,0.0047662694,0.0053521961,0.0065756067,0.0075564298,0.0076302663,0.0077819320,0.0078836028
2015-07-20,0.0026588037,0.0030876404,0.0036431807,0.0042426802,0.0047953255,0.0054089608,0.0066445088,0.0075586661,0.0077359081,0.0078944907,0.0080241704
2015-07-17,0.0027222903,0.0031499539,0.0036750195,0.0042510248,0.0047756852,0.0053643401,0.0065813216,0.0075116911,0.0080694301,0.0083983227,0.0086940994
2015-07-16,0.0027307644,0.0031582519,0.0036794942,0.0042659799,0.0047899757,0.0053895684,0.0066127022,0.0075399693,0.0080658746,0.0083914844,0.0086829045
2015-07-15,0.0028462948,0.0032617527,0.0038046622,0.0043879421,0.0049279027,0.0055442626,0.0067979159,0.0077009164,0.0080539002,0.0082931302,0.0085056154
2015-07-14,0.0027131686,0.0031240311,0.0037193368,0.0043052578,0.0048717088,0.0054387915,0.0066480611,0.0075274348,0.0081417747,0.0084544231,0.0087486574
2015-07-13,0.0027077114,0.0029991783,0.0035333003,0.0040771839,0.0046223461,0.0052118428,0.0064314185,0.0073600034,0.0076433374,0.0078365521,0.0080079294
2015-07-10,0.0028347748,0.0030202200,0.0035869509,0.0041221938,0.0046679454,0.0052526415,0.0064149811,0.0073323345,0.0083121061,0.0084761371,0.0086341412
2015-07-09,0.0030386977,0.0033171052,0.0038624811,0.0044195481,0.0049452543,0.0055506063,0.0067151138,0.0076605366,0.0085933817,0.0088555692,0.0090915563
2015-07-08,0.0029868411,0.0033278825,0.0038695931,0.0044472433,0.0049440644,0.0055228841,0.0067183356,0.0076662007,0.0083165676,0.0084779672,0.0086214760
2015-07-07,0.0028506636,0.0031952244,0.0037206058,0.0042923008,0.0047917579,0.0053623190,0.0065576587,0.0074985666,0.0077819623,0.0079966834,0.0081734504
2015-07-06,0.0027832318,0.0031427771,0.0036410072,0.0041840849,0.0046837271,0.0052816431,0.0064532832,0.0074409815,0.0082504462,0.0084065819,0.0085396267
2015-07-03,0.0025505041,0.0029465852,0.0034230320,0.0039641461,0.0044747458,0.0050739799,0.0062410076,0.0072451908,0.0080765260,0.0082483072,0.0083890778
2015-07-02,0.0026627997,0.0029696668,0.0034286591,0.0039666884,0.0044698493,0.0050890318,0.0062406982,0.0072322059,0.0080210117,0.0081153715,0.0081736729
2015-07-01,0.0026454566,0.0030040634,0.0034924434,0.0040261214,0.0045232597,0.0051104147,0.0062780795,0.0072553724,0.0080600645,0.0082903069,0.0084956902
2015-06-30,0.0027660735,0.0031240709,0.0036705157,0.0042169077,0.0047186516,0.0053049030,0.0064877336,0.0074606792,0.0082664310,0.0084986825,0.0087107478
2015-06-29,0.0027770908,0.0031162312,0.0036575384,0.0042099310,0.0047131802,0.0053049636,0.0065102490,0.0074832022,0.0082997670,0.0085080525,0.0086945647
2015-06-26,0.0026160624,0.0027667796,0.0032477635,0.0037852565,0.0042482739,0.0048209774,0.0060349855,0.0069691636,0.0073320720,0.0075787538,0.0077927102
2015-06-25,0.0024995960,0.0028020063,0.0033645359,0.0038909808,0.0043719122,0.0048920036,0.0060885990,0.0070209573,0.0073932328,0.0075738176,0.0077450929
2015-06-24,0.0024967477,0.0028039376,0.0033603244,0.0038871847,0.0043715184,0.0048954743,0.0060860142,0.0070219271,0.0074559235,0.0076706714,0.0078758644
2015-06-23,0.0025056834,0.0028278669,0.0033585125,0.0038822691,0.0043744192,0.0049049087,0.0060797737,0.0070218201,0.0072875240,0.0074151253,0.0075350433
2015-06-22,0.0026691645,0.0028842248,0.0033178047,0.0038268231,0.0043070866,0.0049031816,0.0060466191,0.0069950240,0.0078016685,0.0079923341,0.0081672434
2015-06-19,0.0029526419,0.0031123569,0.0036021674,0.0041378155,0.0046104280,0.0051815354,0.0063510267,0.0072998964,0.0080784479,0.0082330616,0.0083579369
2015-06-18,0.0029850195,0.0031727958,0.0037287012,0.0042724683,0.0047527649,0.0053280038,0.0065055622,0.0074422048,0.0078029537,0.0080468422,0.0082580357
2015-06-17,0.0029618507,0.0031785591,0.0037236625,0.0042470651,0.0047336671,0.0053080207,0.0064565999,0.0073989181,0.0085191363,0.0087270117,0.0088977844
2015-06-16,0.0029468835,0.0031060474,0.0036848739,0.0042062771,0.0046863059,0.0052325050,0.0063721798,0.0073041211,0.0082867574,0.0084503506,0.0086065654
2015-06-15,0.0027735705,0.0030147551,0.0036261158,0.0041172146,0.0046305842,0.0052117738,0.0063318384,0.0072602613,0.0083391777,0.0085951920,0.0088313573
2015-06-12,0.0025922099,0.0028870091,0.0033983801,0.0039176406,0.0044305786,0.0050504605,0.0062283135,0.0071924355,0.0074746838,0.0076928608,0.0078721500
2015-06-11,0.0025944377,0.0028476693,0.0033539204,0.0038667321,0.0043634193,0.0049649802,0.0061225956,0.0070833069,0.0078700057,0.0080384403,0.0081702312
2015-06-10,0.0025790735,0.0028716392,0.0033642388,0.0039331133,0.0044366750,0.0050745548,0.0062968063,0.0072433015,0.0077618658,0.0081060067,0.0084007578
2015-06-09,0.0026290121,0.0029032319,0.0034510314,0.0040062220,0.0045089278,0.0051142941,0.0063424239,0.0072769768,0.0076941489,0.0079557983,0.0081686882
2015-06-08,0.0027158623,0.0028885496,0.0035011259,0.0040424497,0.0045160031,0.0050639496,0.0062781673,0.0071901498,0.0074178841,0.0075469535,0.0076603448
2015-06-05,0.0025729079,0.0027764314,0.0033345228,0.0038816692,0.0043580502,0.0049650857,0.0061764612,0.0070982528,0.0074881735,0.0076788341,0.0078558541
2015-06-04,0.0023635412,0.0026699408,0.0032428506,0.0038110385,0.0043233081,0.0049315147,0.0061302633,0.0070621702,0.0076180698,0.0078739399,0.0081191711
2015-06-03,0.0023247872,0.0026237916,0.0031926166,0.0037591317,0.0042672761,0.0048668025,0.0060604862,0.0069739841,0.0076663969,0.0079940422,0.0083031782
2015-06-02,0.0023434521,0.0026198644,0.0031769909,0.0037377385,0.0042443451,0.0048453409,0.0060315176,0.0069380220,0.0075744474,0.0078976828,0.0082025103
2015-06-01,0.0023680280,0.0026200043,0.0032128634,0.0037366439,0.0042601855,0.0048387164,0.0060079861,0.0069046221,0.0074390322,0.0076875264,0.0079265880
2015-05-29,0.0022558105,0.0025773973,0.0031262237,0.0036340089,0.0041646269,0.0047564344,0.0059360330,0.0068400890,0.0073337753,0.0075863744,0.0078303160
2015-05-28,0.0023375993,0.0025645545,0.0030480133,0.0035872565,0.0040764907,0.0046663386,0.0059093978,0.0068464290,0.0068479876,0.0069625428,0.0070323097
2015-05-27,0.0022975684,0.0024864272,0.0029995260,0.0035196728,0.0040053635,0.0045956162,0.0058086827,0.0067452533,0.0069537672,0.0071171710,0.0072572405
2015-05-26,0.0022750833,0.0024634669,0.0029729681,0.0034939993,0.0039833440,0.0045771295,0.0057829918,0.0067231872,0.0069350512,0.0070984499,0.0072385938
2015-05-25,0.0020793149,0.0023610220,0.0028997862,0.0034200986,0.0039139864,0.0044899781,0.0056566801,0.0065566722,0.0072848526,0.0076191052,0.0079436795
2015-05-22,0.0020860468,0.0023567583,0.0028974248,0.0034180480,0.0039122557,0.0044864137,0.0056545331,0.0065553524,0.0072846424,0.0076199101,0.0079453056
2015-05-21,0.0021196479,0.0023358754,0.0028860331,0.0034086911,0.0039046414,0.0044696323,0.0056435343,0.0065463497,0.0069565851,0.0071547523,0.0073441964
2015-05-20,0.0022692415,0.0024181417,0.0029674951,0.0034467521,0.0039553352,0.0045244261,0.0056879072,0.0065822999,0.0069206431,0.0070808342,0.0072355210
2015-05-19,0.0021954362,0.0023386562,0.0028095213,0.0032977016,0.0038164277,0.0043949330,0.0055735644,0.0064890112,0.0067712761,0.0069616123,0.0071272114
2015-05-18,0.0020437048,0.0022803497,0.0028074570,0.0033540570,0.0038530335,0.0044047464,0.0056116081,0.0065189429,0.0068102048,0.0069429920,0.0070694738
2015-05-15,0.0020024731,0.0022419043,0.0027460544,0.0032449065,0.0037771405,0.0043621781,0.0055755823,0.0065312947,0.0067827331,0.0068967397,0.0070225315
2015-05-14,0.0020083429,0.0022633647,0.0027305418,0.0032393799,0.0037643866,0.0043625980,0.0055952837,0.0065566509,0.0067294800,0.0068893661,0.0070180938
2015-05-13,0.0019948047,0.0022459966,0.0027153988,0.0032218882,0.0037524473,0.0043528137,0.0055745845,0.0065499138,0.0067302855,0.0068921370,0.0070302011
2015-05-12,0.0019540102,0.0022308016,0.0027187921,0.0032175764,0.0037510774,0.0043442041,0.0055555007,0.0065195131,0.0067189428,0.0068792763,0.0070149008
2015-05-11,0.0018597426,0.0021338932,0.0026112225,0.0031005583,0.0036317805,0.0042225520,0.0054406711,0.0064000374,0.0066447562,0.0068062552,0.0069375743
2015-05-08,0.0018292683,0.0021135769,0.0025937740,0.0030825922,0.0036098712,0.0041968120,0.0054220607,0.0063708338,0.0066046257,0.0067739769,0.0069144466
2015-05-07,0.0018650242,0.0021394219,0.0026918194,0.0032207999,0.0037471465,0.0043023432,0.0055023364,0.0064431383,0.0064821710,0.0064918785,0.0064934564
2015-05-06,0.0018359028,0.0021161191,0.0026585716,0.0031803683,0.0037072516,0.0042717390,0.0054652801,0.0063946371,0.0064997777,0.0065094090,0.0064987438
2015-05-05,0.0017677090,0.0020953959,0.0025915270,0.0030984436,0.0036437994,0.0042223211,0.0054075617,0.0063418136,0.0066350477,0.0068352758,0.0069978592
2015-05-04,0.0017912684,0.0020193069,0.0025413935,0.0030508000,0.0035872435,0.0041462391,0.0053562531,0.0063014359,0.0064966639,0.0065841441,0.0066682936
2015-05-01,0.0018042998,0.0020339760,0.0025514627,0.0030635130,0.0035994316,0.0041596978,0.0053719121,0.0063172982,0.0066370004,0.0067777437,0.0069127437
2015-04-30,0.0018954231,0.0021365318,0.0026215986,0.0031516707,0.0036836032,0.0042527488,0.0054800479,0.0064259390,0.0065552015,0.0066864881,0.0068005589
2015-04-29,0.0018704812,0.0021911650,0.0026699623,0.0032057245,0.0037485406,0.0043213081,0.0055230233,0.0064544627,0.0067256492,0.0068887217,0.0070295406
2015-04-28,0.0020854112,0.0024901595,0.0029902097,0.0035128812,0.0040693899,0.0046737943,0.0058890450,0.0068292507,0.0072484883,0.0075027943,0.0077252456
2015-04-27,0.0019005253,0.0024719317,0.0029541842,0.0034895868,0.0040623807,0.0046812628,0.0058839278,0.0068494942,0.0069184818,0.0070305893,0.0071014239
2015-04-24,0.0019072158,0.0024762786,0.0029944205,0.0035727043,0.0041528908,0.0047654824,0.0059691153,0.0069167927,0.0071056680,0.0072824736,0.0074178218
2015-04-23,0.0019811362,0.0025110435,0.0030654958,0.0036600573,0.0042323394,0.0048068811,0.0060147264,0.0069435101,0.0072634305,0.0074049657,0.0075510822
2015-04-22,0.0020329817,0.0025542958,0.0030734239,0.0036656039,0.0042373206,0.0048191538,0.0060315261,0.0069705288,0.0071447280,0.0072335405,0.0073191821
2015-04-21,0.0020464300,0.0025358123,0.0030727712,0.0036647041,0.0042276793,0.0048231712,0.0060231004,0.0069754383,0.0071794221,0.0073123826,0.0074271594
2015-04-20,0.0018191264,0.0022830405,0.0028333585,0.0033680888,0.0039472154,0.0045542361,0.0058120244,0.0067823036,0.0068481929,0.0069681291,0.0070389109
2015-04-17,0.0019083457,0.0023976955,0.0029206958,0.0034880154,0.0040452471,0.0046306668,0.0058354457,0.0067834694,0.0071130154,0.0073092933,0.0074904423
2015-04-16,0.0017573224,0.0022347443,0.0027491010,0.0033139862,0.0038637554,0.0044439281,0.0056441254,0.0065883317,0.0068962065,0.0070992355,0.0072787524
2015-04-15,0.0015853833,0.0020764813,0.0025688004,0.0031134191,0.0036905116,0.0042845759,0.0055168431,0.0064906660,0.0067242501,0.0068799570,0.0070145029
2015-04-14,0.0016586175,0.0020894252,0.0025644844,0.0030973766,0.0036792379,0.0042777626,0.0055115173,0.0064839409,0.0067516274,0.0069316334,0.0070818619
2015-04-13,0.0016042398,0.0020139908,0.0025116174,0.0030412899,0.0035906136,0.0041535743,0.0053589083,0.0063025493,0.0066118002,0.0068176260,0.0070002490
2015-04-10,0.0015201199,0.0019376083,0.0024576875,0.0029922310,0.0035871319,0.0041311543,0.0053240091,0.0062588514,0.0066237723,0.0068039208,0.0069793936
2015-04-09,0.0014829276,0.0018513025,0.0023259053,0.0027884993,0.0034214877,0.0039693388,0.0051669073,0.0061105713,0.0064085392,0.0065312099,0.0066520514
2015-04-08,0.0014625704,0.0018300689,0.0022983307,0.0027610886,0.0033921273,0.0039418463,0.0051328722,0.0060743661,0.0064116348,0.0065345611,0.0066560466
2015-04-07,0.0014179134,0.0017919067,0.0022645394,0.0027502232,0.0033724558,0.0039284896,0.0050921641,0.0060239341,0.0065020829,0.0067344309,0.0069602198
2015-04-06,0.0016333239,0.0019031356,0.0023683246,0.0028746871,0.0034475844,0.0039859099,0.0052051029,0.0061475086,0.0063966422,0.0066210562,0.0068090704
2015-04-03,0.0016261390,0.0018995437,0.0023738814,0.0028763963,0.0034510688,0.0039834024,0.0051999989,0.0061384039,0.0063944123,0.0066181708,0.0068048104
2015-04-02,0.0015906021,0.0018818468,0.0024024604,0.0028861905,0.0034704003,0.0039730818,0.0051780082,0.0060973897,0.0065510720,0.0067302055,0.0069056087
2015-04-01,0.0015753146,0.0018710466,0.0023747371,0.0028542093,0.0034405462,0.0039522342,0.0051584885,0.0060857574,0.0065533930,0.0067328336,0.0069088574
2015-03-31,0.0015550823,0.0018673887,0.0023437121,0.0028236366,0.0034153041,0.0039492782,0.0051578085,0.0061040571,0.0066440589,0.0068893708,0.0071305913
2015-03-30,0.0015048341,0.0018578899,0.0022658842,0.0027470427,0.0033515371,0.0039416903,0.0051566270,0.0061263983,0.0063970397,0.0066201623,0.0068073732
2015-03-27,0.0014496649,0.0018097321,0.0022627441,0.0027464574,0.0033374186,0.0039187651,0.0051160149,0.0060754230,0.0063997892,0.0066218902,0.0068077645
2015-03-26,0.0014146565,0.0018398065,0.0023730632,0.0029020387,0.0034640211,0.0040306368,0.0051835885,0.0060992567,0.0064316052,0.0066002733,0.0067670853
2015-03-25,0.0014206319,0.0018446909,0.0023811928,0.0029067842,0.0034473894,0.0040078407,0.0051995410,0.0061322671,0.0064768028,0.0066562283,0.0068327735
2015-03-24,0.0013461236,0.0018457163,0.0023950443,0.0029351124,0.0034811051,0.0040356461,0.0052241232,0.0061703708,0.0064186052,0.0065401437,0.0066604810
2015-03-23,0.0014369108,0.0019011608,0.0023648347,0.0028961411,0.0034545000,0.0040940497,0.0053209338,0.0063292559,0.0065081143,0.0066753708,0.0068329186
2015-03-20,0.0015390564,0.0019817897,0.0024625574,0.0029807765,0.0035219020,0.0041251330,0.0053513027,0.0063383495,0.0066131479,0.0067874607,0.0069541947
2015-03-19,0.0016484633,0.0020658380,0.0025643182,0.0030678852,0.0035906191,0.0041564524,0.0053818449,0.0063474562,0.0067198765,0.0069014327,0.0070776233
2015-03-18,0.0016933485,0.0020057225,0.0024696522,0.0029678287,0.0035134608,0.0041275011,0.0053430778,0.0063344089,0.0068710065,0.0071661228,0.0074443352
2015-03-17,0.0017261333,0.0020857980,0.0025524711,0.0030423898,0.0036124829,0.0042527594,0.0054792982,0.0064832166,0.0068392472,0.0070559476,0.0072510399
2015-03-16,0.0018436919,0.0021116096,0.0025632686,0.0030442311,0.0035958885,0.0042319049,0.0054605090,0.0064643673,0.0069368870,0.0072077043,0.0074471526
2015-03-13,0.0017658841,0.0020775235,0.0026378056,0.0031692864,0.0036500182,0.0042188815,0.0054338537,0.0063719565,0.0066410248,0.0068617611,0.0070462494
2015-03-12,0.0016689290,0.0019767779,0.0024773132,0.0030239998,0.0035924355,0.0042005458,0.0054446133,0.0064081274,0.0069848922,0.0073268781,0.0076347137
2015-03-11,0.0013640830,0.0017595539,0.0024398557,0.0030378746,0.0036545581,0.0043142795,0.0055712756,0.0065793691,0.0068783643,0.0070598153,0.0072221829
2015-03-10,0.0010379841,0.0013198020,0.0018886372,0.0024268375,0.0030203696,0.0036774011,0.0049500124,0.0059428081,0.0060793999,0.0061515264,0.0062259010
2015-03-09,0.0011619772,0.0013899608,0.0018200633,0.0022375809,0.0027804030,0.0034490254,0.0046995128,0.0056730945,0.0060741714,0.0063197545,0.0065321382
2015-03-06,0.0010325477,0.0012899790,0.0016975863,0.0021295878,0.0026951482,0.0033770238,0.0046228492,0.0056254733,0.0057798191,0.0060250736,0.0060666129
2015-03-05,0.0010848998,0.0013567628,0.0017622140,0.0021900917,0.0027379905,0.0034274858,0.0046584119,0.0056427262,0.0058333796,0.0060648941,0.0061259451
2015-03-04,0.0011905072,0.0014906786,0.0018854192,0.0022920313,0.0028093507,0.0034544872,0.0046338354,0.0055267048,0.0064253513,0.0066603637,0.0068534706
2015-03-03,0.0011079683,0.0013998761,0.0018061653,0.0022221598,0.0027392462,0.0033844889,0.0045639285,0.0054567728,0.0063628670,0.0065974019,0.0067898491
2015-03-02,0.0010084819,0.0013006492,0.0017676878,0.0022246466,0.0027427012,0.0033901889,0.0045741037,0.0054819225,0.0063687684,0.0065905328,0.0067820041
2015-02-27,0.0010142080,0.0013078586,0.0017824217,0.0022453070,0.0027632442,0.0034105474,0.0045937931,0.0055005621,0.0063650273,0.0065859912,0.0067759620
2015-02-26,0.0011657623,0.0013985111,0.0017309266,0.0022282338,0.0027484857,0.0034203943,0.0047076428,0.0057072829,0.0066275153,0.0068882351,0.0071175536
2015-02-25,0.0011443506,0.0013962938,0.0017682533,0.0022665315,0.0027970071,0.0034569362,0.0047160659,0.0056772261,0.0067714307,0.0070305978,0.0072821903
2015-02-24,0.0010254019,0.0012326843,0.0016005181,0.0021475464,0.0028375212,0.0034961975,0.0049287359,0.0059500315,0.0061565233,0.0063292722,0.0064796234
2015-02-23,0.0010300148,0.0012394360,0.0017037361,0.0022479983,0.0028602579,0.0035424080,0.0049590986,0.0060414558,0.0061655466,0.0063037692,0.0064222898
2015-02-20,0.0009408615,0.0011709948,0.0016698037,0.0022200862,0.0029108286,0.0035739543,0.0050109049,0.0060618590,0.0060511601,0.0061593152,0.0062522102
2015-02-19,0.0009337611,0.0011644950,0.0016210004,0.0021690541,0.0028806038,0.0035542553,0.0049850952,0.0060269157,0.0062479593,0.0064301889,0.0065818481
2015-02-18,0.0010134877,0.0012526010,0.0016263242,0.0022023129,0.0029294980,0.0036600569,0.0050465716,0.0060294524,0.0063285583,0.0065771716,0.0067909833
2015-02-17,0.0010671492,0.0013296889,0.0016917354,0.0022847837,0.0029949579,0.0037627795,0.0051651833,0.0061728802,0.0065129660,0.0068512017,0.0069837976
2015-02-16,0.0010437379,0.0012868626,0.0016555337,0.0022262883,0.0029424052,0.0036775141,0.0050804713,0.0060626149,0.0064255809,0.0067627026,0.0070562757
2015-02-13,0.0010351200,0.0012715454,0.0017182238,0.0023079034,0.0030441190,0.0036851571,0.0051464834,0.0062396781,0.0064875995,0.0066421312,0.0066761582
2015-02-12,0.0010995828,0.0013145286,0.0017582843,0.0023649375,0.0030775355,0.0037379554,0.0051988084,0.0062454115,0.0065508960,0.0066761712,0.0067972772
2015-02-11,0.0010537572,0.0012526340,0.0016587019,0.0022519567,0.0030105029,0.0037362940,0.0052030118,0.0062240322,0.0064129122,0.0066409960,0.0068290846
2015-02-10,0.0009935581,0.0012031037,0.0016966041,0.0023006782,0.0030345323,0.0037330813,0.0051814430,0.0062443316,0.0065204278,0.0067414492,0.0069458782
2015-02-09,0.0009012354,0.0011289842,0.0017248016,0.0023296271,0.0030721815,0.0037694306,0.0052126855,0.0062875484,0.0062339218,0.0063403283,0.0064224550
2015-02-06,0.0008024343,0.0010349668,0.0015992057,0.0021702307,0.0029134937,0.0036165044,0.0050726482,0.0061700952,0.0061283117,0.0061423558,0.0062727160
2015-02-05,0.0008227675,0.0010378017,0.0016377277,0.0022259705,0.0029904410,0.0036605857,0.0051144270,0.0061912404,0.0071599168,0.0071499120,0.0071577568
2015-02-04,0.0009787288,0.0011770198,0.0016754572,0.0022870698,0.0030518346,0.0037663886,0.0052305418,0.0063231441,0.0068118806,0.0070626927,0.0070726864
2015-02-03,0.0009843277,0.0011728882,0.0016725122,0.0022746911,0.0030307054,0.0037523769,0.0052161966,0.0062765607,0.0069627744,0.0071801181,0.0073736735
2015-02-02,0.0009837452,0.0012411386,0.0018199010,0.0024362134,0.0031988267,0.0039489994,0.0054174709,0.0065232431,0.0066161601,0.0067684948,0.0068844573
2015-01-30,0.0009190068,0.0012539642,0.0018357712,0.0024466528,0.0031907351,0.0039454220,0.0054310290,0.0065251974,0.0066258090,0.0067818699,0.0068909177
2015-01-29,0.0008361350,0.0012140271,0.0018244205,0.0024224789,0.0031513138,0.0039271569,0.0054176593,0.0064579904,0.0063471953,0.0065068805,0.0066183478
2015-01-28,0.0009072551,0.0012573702,0.0018628376,0.0024304928,0.0031183579,0.0038791351,0.0053741183,0.0064083233,0.0067390039,0.0070143423,0.0072567756
2015-01-27,0.0008634958,0.0012124520,0.0018464165,0.0024254198,0.0031221125,0.0038136161,0.0052801503,0.0063749043,0.0071120289,0.0074622983,0.0074111837
2015-01-26,0.0008136043,0.0011636338,0.0018372221,0.0023920941,0.0030771058,0.0037958724,0.0052555219,0.0062986749,0.0071617082,0.0072019184,0.0072654903
2015-01-23,0.0009239219,0.0012069691,0.0017134361,0.0022150018,0.0030211636,0.0038304852,0.0052724295,0.0062773850,0.0072093511,0.0073881202,0.0075796419
2015-01-22,0.0009720927,0.0012472019,0.0018466553,0.0024006221,0.0032333004,0.0040298413,0.0054863248,0.0065308457,0.0071820915,0.0074059615,0.0073665787
2015-01-21,0.0010102187,0.0013058085,0.0018978404,0.0025567398,0.0033837331,0.0041789649,0.0056546328,0.0067200166,0.0071359449,0.0073221233,0.0072622056
2015-01-20,0.0011598310,0.0014640232,0.0020314456,0.0026574861,0.0034867841,0.0043233029,0.0057932487,0.0068734860,0.0074164803,0.0074554892,0.0075869310
2015-01-19,0.0011139647,0.0013907783,0.0020649944,0.0026916487,0.0035318792,0.0043698199,0.0058270971,0.0068780829,0.0077640165,0.0078781471,0.0080064694
2015-01-16,0.0011408196,0.0013520759,0.0019823465,0.0025786733,0.0034217324,0.0042525730,0.0057315397,0.0067925925,0.0075139831,0.0077543161,0.0077138480
2015-01-15,0.0008596669,0.0010333966,0.0016174051,0.0022058135,0.0030493597,0.0039029204,0.0053403497,0.0063727325,0.0068569274,0.0074371044,0.0073207662
2015-01-14,0.0007492410,0.0009539542,0.0015423888,0.0021582580,0.0029952674,0.0038705398,0.0053598247,0.0063823076,0.0067051268,0.0066077914,0.0065660251
2015-01-13,0.0008318270,0.0009875618,0.0015553179,0.0021303862,0.0029471757,0.0038126909,0.0053092904,0.0063431088,0.0071671486,0.0075597259,0.0079392115
2015-01-12,0.0007866214,0.0009432906,0.0014699362,0.0020577668,0.0028825313,0.0037553967,0.0052427562,0.0062840455,0.0072600121,0.0076535708,0.0080339881
2015-01-09,0.0007459618,0.0009170940,0.0014152878,0.0020390905,0.0028903806,0.0037778975,0.0052343234,0.0062832280,0.0072080792,0.0073289345,0.0074456767
2015-01-08,0.0007263871,0.0008928592,0.0013850391,0.0019972682,0.0028457636,0.0037330688,0.0051913321,0.0062428564,0.0071591573,0.0072811540,0.0073999673
2015-01-07,0.0008006867,0.0009557846,0.0014773052,0.0020902130,0.0029250115,0.0038107807,0.0052764646,0.0063388780,0.0071821315,0.0073431338,0.0075125336
2015-01-06,0.0007958793,0.0009605482,0.0015025226,0.0021153595,0.0029492438,0.0038396474,0.0053083771,0.0063726185,0.0072247342,0.0073409213,0.0074726160
2015-01-05,0.0006555629,0.0008470747,0.0013572948,0.0019695682,0.0028008285,0.0037086962,0.0051870734,0.0062566772,0.0069484328,0.0072166806,0.0071261868
2015-01-02,0.0006163926,0.0008073291,0.0013528725,0.0018989911,0.0027296517,0.0035877632,0.0051079949,0.0061526996,0.0070618697,0.0074577596,0.0078386202
2015-01-01,0.0006060263,0.0007714457,0.0012917117,0.0018812935,0.0027087101,0.0035929497,0.0051146723,0.0061649920,0.0067165857,0.0069732429,0.0070911273
2014-12-31,0.0006061407,0.0007715271,0.0012918782,0.0018815447,0.0027091593,0.0035933521,0.0051150554,0.0061654214,0.0067175989,0.0069721143,0.0070929601
2014-12-30,0.0006018661,0.0007607314,0.0012738483,0.0018579839,0.0026843140,0.0035682699,0.0050884901,0.0061421637,0.0065127761,0.0067179547,0.0067576424
2014-12-29,0.0005994882,0.0007412202,0.0012640501,0.0018663998,0.0027121815,0.0035695438,0.0050877566,0.0061622386,0.0066256601,0.0068777068,0.0068735569
2014-12-26,0.0004871486,0.0006873023,0.0011819558,0.0018159655,0.0026809610,0.0035406991,0.0050843456,0.0062167245,0.0065254140,0.0066633895,0.0066309670
2014-12-25,0.0004871590,0.0006873073,0.0011819582,0.0018159542,0.0026809174,0.0035406520,0.0050842713,0.0062165953,0.0065252590,0.0066630949,0.0066306116
2014-12-24,0.0004872142,0.0006872829,0.0011814738,0.0018152718,0.0026802567,0.0035403288,0.0050841233,0.0062166109,0.0065255332,0.0066628447,0.0066312685
2014-12-23,0.0004871896,0.0006872251,0.0011813409,0.0018102027,0.0026803554,0.0035404575,0.0050843802,0.0062167818,0.0065257041,0.0066632481,0.0066314493
2014-12-22,0.0005411423,0.0007127971,0.0011911612,0.0017785039,0.0026145092,0.0035032091,0.0050094189,0.0060710250,0.0069492189,0.0072709555,0.0072764466
2014-12-19,0.0005300397,0.0006881251,0.0011682487,0.0017505595,0.0025985192,0.0034717534,0.0049811357,0.0060558044,0.0069192745,0.0072111555,0.0071484760
2014-12-18,0.0005545043,0.0007146694,0.0012142803,0.0018003485,0.0026546567,0.0034973496,0.0050260246,0.0060966511,0.0069221509,0.0072132317,0.0071498789
2014-12-17,0.0006452616,0.0008012621,0.0013741466,0.0019932968,0.0028565298,0.0037193381,0.0052132921,0.0063018251,0.0070058110,0.0073445662,0.0072929260
2014-12-16,0.0007114244,0.0008964105,0.0015077413,0.0021349215,0.0029936573,0.0038612513,0.0053442705,0.0064321851,0.0073367948,0.0074658831,0.0075879750
2014-12-15,0.0006272330,0.0008104304,0.0013714438,0.0019882658,0.0028347977,0.0037212304,0.0052125351,0.0062620681,0.0076939688,0.0078742209,0.0080484656
2014-12-12,0.0005351104,0.0007408426,0.0013664956,0.0019795723,0.0028033529,0.0036794356,0.0052109636,0.0063034276,0.0067310449,0.0070708126,0.0071138795
2014-12-11,0.0005090528,0.0007076472,0.0012869329,0.0019158196,0.0027411818,0.0036089022,0.0051325941,0.0062248965,0.0068310170,0.0071374559,0.0072161039
2014-12-10,0.0005220819,0.0007166327,0.0012666973,0.0018734971,0.0027096785,0.0035622331,0.0050722601,0.0061641295,0.0070054394,0.0074080071,0.0077921321
2014-12-09,0.0005201444,0.0006866418,0.0012315338,0.0018371146,0.0026845900,0.0035506472,0.0050505558,0.0062015150,0.0069156068,0.0069983991,0.0070783924
2014-12-08,0.0004198755,0.0005889646,0.0010955820,0.0017175073,0.0025478396,0.0034284641,0.0049320735,0.0060690895,0.0068392711,0.0071450604,0.0069993192
2014-12-05,0.0004236123,0.0006026925,0.0010849261,0.0017169641,0.0025734015,0.0034377381,0.0049235398,0.0060006899,0.0066847492,0.0069747071,0.0069980277
2014-12-04,0.0004832879,0.0006495053,0.0011110365,0.0018036481,0.0027454889,0.0036462015,0.0052140753,0.0063362524,0.0071775238,0.0078019117,0.0073852655
2014-12-03,0.0004349333,0.0006286714,0.0011549031,0.0018263484,0.0027941262,0.0036716138,0.0052357677,0.0064091723,0.0074096947,0.0078704211,0.0073982412
2014-12-02,0.0005749474,0.0007117566,0.0011993251,0.0018605658,0.0028131765,0.0037146479,0.0052909529,0.0064281317,0.0072331079,0.0077073532,0.0075827020
2014-12-01,0.0006581382,0.0008173497,0.0013610056,0.0019581702,0.0028852668,0.0038094933,0.0054325568,0.0064827864,0.0070479700,0.0072944533,0.0075275514
2014-11-28,0.0005568577,0.0007220898,0.0011510415,0.0018510154,0.0028274767,0.0037742858,0.0053914898,0.0065065893,0.0073609132,0.0075469024,0.0077239504
2014-11-27,0.0005597598,0.0007128946,0.0011059211,0.0018565687,0.0028287827,0.0037691397,0.0053740299,0.0065179593,0.0075888756,0.0078408399,0.0080826031
2014-11-26,0.0005089079,0.0007111732,0.0011869992,0.0019232970,0.0028492773,0.0037651515,0.0054098795,0.0065710610,0.0071910730,0.0075021154,0.0073771131
2014-11-25,0.0005364170,0.0007003710,0.0011448641,0.0018967132,0.0028290386,0.0037653500,0.0054464129,0.0065814351,0.0070900410,0.0075043569,0.0075606571
2014-11-24,0.0004930932,0.0007268570,0.0011868721,0.0020244545,0.0030091492,0.0039408657,0.0056354471,0.0068579334,0.0073657504,0.0076522984,0.0075212171
2014-11-21,0.0005153509,0.0006823193,0.0012494519,0.0021011944,0.0030912520,0.0040294911,0.0056810612,0.0068681808,0.0074856954,0.0078273252,0.0077809156
2014-11-20,0.0005537576,0.0007696775,0.0013950198,0.0022055386,0.0032101226,0.0041642088,0.0057874103,0.0068530928,0.0073175731,0.0075114057,0.0075408651
2014-11-19,0.0006201652,0.0007784221,0.0013623806,0.0022094601,0.0032006279,0.0041443019,0.0058329433,0.0069405610,0.0073433588,0.0077200229,0.0077181319
2014-11-18,0.0006014483,0.0007509757,0.0013287498,0.0021796712,0.0031927493,0.0041442803,0.0058441192,0.0069467647,0.0073569957,0.0077219171,0.0077316944
2014-11-17,0.0005636179,0.0007134592,0.0013086296,0.0021269934,0.0031561786,0.0041381533,0.0058453594,0.0069243304,0.0071950802,0.0075790176,0.0074190988
2014-11-14,0.0006346754,0.0008081536,0.0013663254,0.0021613760,0.0031371878,0.0041087553,0.0057540995,0.0068313930,0.0074305951,0.0076894343,0.0079338736
2014-11-13,0.0006373346,0.0008150720,0.0013728931,0.0021721784,0.0031494895,0.0041189317,0.0057691815,0.0068629387,0.0074316896,0.0076911366,0.0079363739
2014-11-12,0.0006501206,0.0008489400,0.0014039772,0.0022227608,0.0032079831,0.0041657526,0.0058408037,0.0070178580,0.0074741104,0.0076686532,0.0078521852
2014-11-11,0.0005476839,0.0008381626,0.0013375309,0.0021414151,0.0031410673,0.0040994940,0.0057881771,0.0070966670,0.0079613260,0.0081021457,0.0079671223
2014-11-10,0.0005134286,0.0008093148,0.0013583264,0.0021341522,0.0031437582,0.0041235790,0.0058055091,0.0070853566,0.0077202331,0.0081088860,0.0080129270
2014-11-07,0.0005136992,0.0007902280,0.0013713567,0.0021443714,0.0031551100,0.0041627735,0.0058975962,0.0070856131,0.0074055534,0.0079282637,0.0076786337
2014-11-06,0.0005195411,0.0007825158,0.0013470915,0.0021512543,0.0031650378,0.0041712546,0.0059386305,0.0071250707,0.0075874597,0.0080155028,0.0080107417
2014-11-05,0.0005199480,0.0008576119,0.0014495770,0.0022991167,0.0033131626,0.0042949124,0.0060363981,0.0073006456,0.0080196054,0.0086071962,0.0080548365
2014-11-04,0.0004893108,0.0008400550,0.0014916198,0.0023442532,0.0033229013,0.0043459752,0.0061399719,0.0073473802,0.0076768208,0.0080423402,0.0078102556
2014-11-03,0.0005771669,0.0008711786,0.0014609388,0.0023007930,0.0032811889,0.0043153368,0.0060737780,0.0072302233,0.0080559403,0.0084616891,0.0084204660
2014-10-31,0.0005947913,0.0008828019,0.0015434130,0.0023659126,0.0033559733,0.0043696649,0.0060573666,0.0072475902,0.0080308531,0.0082267471,0.0084109777
2014-10-30,0.0007298757,0.0009335836,0.0016385767,0.0024793519,0.0034906179,0.0044926889,0.0061933800,0.0073619419,0.0082398607,0.0086380844,0.0090157566
2014-10-29,0.0006672456,0.0008935012,0.0016012697,0.0024782868,0.0034837069,0.0044611646,0.0061434714,0.0074358200,0.0082149904,0.0084110617,0.0085954470
2014-10-28,0.0005813934,0.0009605301,0.0017643698,0.0025746426,0.0035892928,0.0045763126,0.0062959180,0.0075507593,0.0083751851,0.0089349064,0.0087926006
2014-10-27,0.0005679585,0.0009845095,0.0018535349,0.0026281039,0.0035855420,0.0045800286,0.0063752671,0.0075493314,0.0081199361,0.0084100408,0.0084022950
2014-10-24,0.0005498216,0.0009919280,0.0018902956,0.0026961532,0.0036488144,0.0046199052,0.0064063320,0.0076324309,0.0081049338,0.0083415732,0.0082276121
2014-10-23,0.0006213670,0.0010101798,0.0018964582,0.0027502936,0.0037201883,0.0046819915,0.0064052864,0.0077448825,0.0084880995,0.0084833976,0.0082017207
2014-10-22,0.0005646426,0.0008956563,0.0018290249,0.0027112227,0.0037461910,0.0047615078,0.0065486445,0.0077965966,0.0080146522,0.0082064934,0.0082211589
2014-10-21,0.0006745562,0.0010469565,0.0020145835,0.0028433428,0.0038488234,0.0048249876,0.0065498176,0.0078216319,0.0083223635,0.0085168519,0.0083761645
2014-10-20,0.0007864189,0.0012119445,0.0022313078,0.0030695342,0.0040661657,0.0050210251,0.0067489932,0.0079888347,0.0086118605,0.0089044160,0.0086397886
2014-10-17,0.0008557633,0.0012150405,0.0022174585,0.0030703440,0.0040729807,0.0050214709,0.0067749501,0.0080313150,0.0085041581,0.0087218623,0.0085477679
2014-10-16,0.0012267210,0.0015533376,0.0025094387,0.0034204116,0.0044191142,0.0053512818,0.0071192764,0.0083315441,0.0089397231,0.0092499818,0.0091475134
2014-10-15,0.0009516440,0.0012241290,0.0020222516,0.0028596653,0.0038214701,0.0047552928,0.0064894061,0.0077598969,0.0081154361,0.0082624195,0.0082399974
2014-10-14,0.0005647426,0.0009630758,0.0018731389,0.0027131631,0.0036212435,0.0044852087,0.0062322556,0.0074145552,0.0079079181,0.0081199787,0.0080073196
2014-10-13,0.0007353875,0.0010516488,0.0018575062,0.0026314590,0.0035409370,0.0044337202,0.0061538501,0.0074155043,0.0078159405,0.0079244870,0.0077013685
2014-10-10,0.0008511312,0.0010970513,0.0018627819,0.0026013528,0.0034800850,0.0043566035,0.0060916626,0.0073257138,0.0078416746,0.0080717002,0.0079784855
2014-10-09,0.0007186650,0.0010102867,0.0017464594,0.0024696802,0.0033745005,0.0042355592,0.0059012562,0.0071952964,0.0078418701,0.0081711339,0.0080483488
2014-10-08,0.0006479977,0.0009828580,0.0017322039,0.0024596111,0.0033681233,0.0042497273,0.0059521483,0.0072227159,0.0080226776,0.0086140411,0.0080083013
2014-10-07,0.0006081163,0.0008603278,0.0015951116,0.0023221313,0.0032410726,0.0041233689,0.0058211750,0.0070367032,0.0076597459,0.0079757258,0.0079629185
2014-10-06,0.0005700750,0.0008493534,0.0015620390,0.0022828596,0.0032066178,0.0040733822,0.0057892814,0.0070060349,0.0075995628,0.0079513719,0.0077651574
2014-10-03,0.0007000401,0.0010099096,0.0017432018,0.0024695073,0.0034094538,0.0042479206,0.0059117408,0.0071838647,0.0078409934,0.0082049646,0.0080415227
2014-10-02,0.0007067165,0.0009677714,0.0017611581,0.0024971400,0.0034058939,0.0042718867,0.0059510611,0.0071278083,0.0079719419,0.0081722004,0.0087578215
2014-10-01,0.0007041324,0.0009817615,0.0017609241,0.0024954934,0.0034053966,0.0042729723,0.0059677000,0.0071652809,0.0079755347,0.0081742788,0.0087611291
2014-09-30,0.0006705652,0.0010128514,0.0017625511,0.0025002693,0.0033990365,0.0042765005,0.0059918955,0.0072429076,0.0077269804,0.0079405415,0.0077847731
2014-09-29,0.0007432679,0.0010398087,0.0018244612,0.0025719995,0.0034905894,0.0043672671,0.0060660097,0.0073271701,0.0078784753,0.0081171888,0.0080085803
2014-09-26,0.0006324167,0.0008558316,0.0015967614,0.0023357086,0.0032601796,0.0041057466,0.0058212472,0.0070679595,0.0075106323,0.0077123885,0.0077306895
2014-09-25,0.0005846930,0.0008252432,0.0015787042,0.0023038158,0.0032328089,0.0040729267,0.0057874052,0.0069938815,0.0075151192,0.0077831100,0.0077710257
2014-09-24,0.0004811591,0.0007653801,0.0014783357,0.0021851706,0.0030902870,0.0039030764,0.0056762611,0.0068714495,0.0070569926,0.0072771299,0.0071848565
2014-09-23,0.0004830315,0.0007578714,0.0014900483,0.0021895579,0.0031031439,0.0039185369,0.0056925676,0.0068817745,0.0070573443,0.0073379301,0.0071852870
2014-09-22,0.0004731449,0.0006889531,0.0013391837,0.0020206833,0.0029162859,0.0037373687,0.0054683263,0.0066291941,0.0069145267,0.0074107853,0.0071666569
2014-09-19,0.0003444015,0.0005916233,0.0012028677,0.0018783998,0.0027701239,0.0036321324,0.0053604091,0.0066440009,0.0070013606,0.0072626758,0.0069463228
2014-09-18,0.0004147229,0.0006010548,0.0012657165,0.0019645962,0.0028675853,0.0037111461,0.0054044497,0.0066134189,0.0073303205,0.0077266814,0.0076856842
2014-09-17,0.0004165597,0.0006482727,0.0013212988,0.0020140432,0.0029118029,0.0037592566,0.0054939474,0.0066598334,0.0070948784,0.0075850284,0.0075739014
2014-09-16,0.0004231078,0.0006971800,0.0013401177,0.0020443324,0.0029158716,0.0037866342,0.0055432752,0.0068066425,0.0071719778,0.0074345811,0.0070892909
2014-09-15,0.0003919397,0.0006739255,0.0012879361,0.0019967983,0.0028552718,0.0037242597,0.0054758733,0.0067308388,0.0075950528,0.0077399618,0.0072563306
2014-09-12,0.0003799720,0.0006559764,0.0012393783,0.0019193523,0.0028043651,0.0036439547,0.0053957547,0.0066294337,0.0069126812,0.0072007602,0.0070511995
2014-09-11,0.0003851625,0.0006519637,0.0012451347,0.0019045006,0.0027927262,0.0036312716,0.0053735868,0.0066070828,0.0069161663,0.0071510394,0.0070579557
2014-09-10,0.0004047628,0.0006515400,0.0012618355,0.0019266744,0.0028183437,0.0036587536,0.0054200631,0.0066210720,0.0068831064,0.0070357378,0.0070301478
2014-09-09,0.0004000947,0.0006440307,0.0012128700,0.0018670956,0.0027502836,0.0036040189,0.0053605592,0.0064463719,0.0067781355,0.0070527276,0.0070315147
2014-09-08,0.0003507531,0.0005244931,0.0010714838,0.0017249575,0.0026196410,0.0034782652,0.0052054920,0.0062620728,0.0067924082,0.0069951104,0.0072788710
2014-09-05,0.0003375177,0.0005139901,0.0010493010,0.0017006618,0.0025914715,0.0034728055,0.0052154414,0.0062751267,0.0068010028,0.0069901881,0.0072629818
2014-09-04,0.0002979726,0.0005132840,0.0010786382,0.0017353925,0.0026295570,0.0035192252,0.0052605940,0.0064093729,0.0067355904,0.0068751448,0.0070192090
2014-09-03,0.0003163191,0.0005821113,0.0011550617,0.0017556795,0.0026513850,0.0035285595,0.0052789013,0.0064890683,0.0065209083,0.0065748015,0.0065337504
2014-09-02,0.0003457705,0.0005768549,0.0011632266,0.0017893846,0.0026986927,0.0035605492,0.0053130821,0.0065367709,0.0066361362,0.0067960678,0.0066410611
2014-09-01,0.0004491889,0.0006559183,0.0012130818,0.0018915055,0.0027823395,0.0036771949,0.0055018229,0.0066180910,0.0069936903,0.0072346018,0.0072715407
2014-08-29,0.0004575392,0.0006608044,0.0012037287,0.0018890337,0.0027899032,0.0036771227,0.0055021198,0.0066680748,0.0071987538,0.0075340620,0.0073580521
2014-08-28,0.0004355683,0.0006278428,0.0011847073,0.0018539258,0.0027609512,0.0036569896,0.0054374989,0.0065917255,0.0073697864,0.0078766650,0.0077110634
2014-08-27,0.0004042596,0.0005913341,0.0011576050,0.0018052809,0.0027015839,0.0036063090,0.0053855449,0.0065183103,0.0071527185,0.0074589605,0.0074245016
2014-08-26,0.0004040163,0.0005823693,0.0011825736,0.0018289076,0.0027108897,0.0036223343,0.0053823550,0.0065213921,0.0071113708,0.0073847129,0.0072755501
2014-08-25,0.0004965464,0.0006658809,0.0013499459,0.0020287046,0.0029103364,0.0038203028,0.0056352824,0.0067471076,0.0072559954,0.0076226020,0.0077225022
2014-08-22,0.0004965064,0.0006658447,0.0013496349,0.0020282076,0.0029099121,0.0038200313,0.0056353223,0.0067474755,0.0072572132,0.0076239955,0.0077246564
2014-08-21,0.0004857761,0.0006920655,0.0013849899,0.0020614196,0.0029591818,0.0038619349,0.0057046928,0.0068689307,0.0070790170,0.0073359484,0.0073080357
2014-08-20,0.0004807875,0.0007050032,0.0013887282,0.0020686858,0.0029751433,0.0038881728,0.0056954397,0.0069821407,0.0072958201,0.0074109044,0.0072961294
2014-08-19,0.0004745365,0.0007118448,0.0013631581,0.0020951541,0.0029970462,0.0039043277,0.0057305845,0.0070316499,0.0072939667,0.0074815376,0.0072923776
2014-08-18,0.0004565169,0.0007427193,0.0013841581,0.0021830823,0.0030714310,0.0039698973,0.0057941387,0.0070943234,0.0077339399,0.0078312886,0.0077143452
2014-08-15,0.0004962221,0.0008045541,0.0015075196,0.0022357185,0.0031297096,0.0040265533,0.0058821937,0.0071067264,0.0075989054,0.0078521879,0.0078433744
2014-08-14,0.0005321460,0.0008137034,0.0015356970,0.0022420096,0.0031627818,0.0040570299,0.0058791538,0.0071571265,0.0073644844,0.0076193825,0.0074490793
2014-08-13,0.0005564791,0.0008291293,0.0015096261,0.0022850833,0.0031801068,0.0040846768,0.0058767169,0.0072162935,0.0076186119,0.0078329949,0.0076563796
2014-08-12,0.0006287721,0.0008866088,0.0015732577,0.0023832547,0.0032657588,0.0041796853,0.0059524859,0.0073052013,0.0078012211,0.0079241531,0.0076933453
2014-08-11,0.0006675958,0.0008790821,0.0016044426,0.0024042757,0.0033203263,0.0042494621,0.0060278287,0.0073927317,0.0077318293,0.0078633474,0.0077237546
2014-08-08,0.0007021883,0.0009185464,0.0017832401,0.0026048818,0.0035135602,0.0044549782,0.0063048561,0.0075647694,0.0079111269,0.0080468693,0.0080445309
2014-08-07,0.0006039768,0.0008526406,0.0017041339,0.0024337156,0.0033143353,0.0042325050,0.0060911558,0.0072993321,0.0074629699,0.0076139283,0.0075865878
2014-08-06,0.0006459067,0.0008622200,0.0016599038,0.0023674820,0.0032652015,0.0041946413,0.0060293809,0.0072952258,0.0073154876,0.0075749398,0.0073124452
2014-08-05,0.0006582618,0.0008644230,0.0015410943,0.0022211968,0.0030972205,0.0040213034,0.0058469361,0.0070771945,0.0077727115,0.0082451002,0.0079941645
2014-08-04,0.0006802038,0.0009006257,0.0015405024,0.0022019408,0.0030875803,0.0040027594,0.0058087934,0.0070511695,0.0077753986,0.0081513623,0.0079995000
2014-08-01,0.0007600668,0.0009228823,0.0016492236,0.0023221142,0.0032365155,0.0041357135,0.0059932962,0.0073540445,0.0078022843,0.0079904549,0.0078121985
2014-07-31,0.0007169451,0.0008260130,0.0015265152,0.0022142885,0.0031215906,0.0040168709,0.0058666233,0.0072939241,0.0074633038,0.0075422643,0.0073946337
2014-07-30,0.0005624117,0.0007238774,0.0014227445,0.0020654905,0.0030027433,0.0038578506,0.0057078454,0.0069706804,0.0071102251,0.0073367254,0.0070032775
2014-07-29,0.0005553020,0.0007254237,0.0014347004,0.0020830085,0.0030126547,0.0038658358,0.0057210253,0.0069540186,0.0071097495,0.0074878269,0.0070102158
2014-07-28,0.0005357849,0.0007316312,0.0014705763,0.0021227529,0.0030434141,0.0038956914,0.0057648727,0.0069466421,0.0073592689,0.0078372351,0.0074004013
2014-07-25,0.0005481115,0.0007180754,0.0014724633,0.0021245595,0.0030510380,0.0039080858,0.0057760597,0.0070150296,0.0072434915,0.0076523558,0.0073471360
2014-07-24,0.0005440387,0.0007196324,0.0014755079,0.0021289951,0.0030504832,0.0039045004,0.0057780141,0.0070089930,0.0072435505,0.0077536867,0.0073418838
2014-07-23,0.0005212702,0.0007342503,0.0015165269,0.0021890574,0.0030881485,0.0039357880,0.0058071266,0.0069825749,0.0073581497,0.0080669808,0.0073938653
2014-07-22,0.0005386115,0.0007577771,0.0015286147,0.0022077394,0.0030967027,0.0039646518,0.0058522563,0.0070568785,0.0074078510,0.0080715837,0.0074217473
2014-07-21,0.0005552033,0.0007668666,0.0014734956,0.0021559520,0.0030385043,0.0039132131,0.0057692838,0.0070141243,0.0076592837,0.0080090135,0.0076273849
2014-07-18,0.0005291448,0.0007516105,0.0014737372,0.0021613412,0.0030443402,0.0039046088,0.0057763274,0.0069935826,0.0075489940,0.0076606862,0.0075418824
2014-07-17,0.0005231014,0.0007330662,0.0014915066,0.0021938456,0.0031140399,0.0039617436,0.0057797889,0.0070379840,0.0075633790,0.0079242137,0.0075560045
2014-07-16,0.0004980150,0.0007141647,0.0015287942,0.0022196412,0.0031501439,0.0039901337,0.0058214423,0.0070457478,0.0072339013,0.0076177360,0.0073408092
2014-07-15,0.0005454477,0.0007596360,0.0015628684,0.0022544766,0.0031698509,0.0040162029,0.0058123305,0.0070953872,0.0071445025,0.0072841317,0.0070654317
2014-07-14,0.0006520892,0.0008237491,0.0015688528,0.0022426537,0.0031585304,0.0040165456,0.0058496259,0.0071506652,0.0072580493,0.0074461393,0.0071048614
2014-07-11,0.0007345525,0.0009025899,0.0016334248,0.0023308635,0.0032374625,0.0041455818,0.0059432483,0.0072896593,0.0074784539,0.0076234992,0.0074703815
2014-07-10,0.0007381260,0.0009092913,0.0016425935,0.0023234141,0.0032329811,0.0041502833,0.0059113209,0.0072569432,0.0076594651,0.0078116323,0.0074957687
2014-07-09,0.0006302929,0.0008099107,0.0015053397,0.0021850364,0.0030791470,0.0039716866,0.0057878505,0.0070146265,0.0074202451,0.0076199865,0.0075479553
2014-07-08,0.0005628441,0.0007340685,0.0014179838,0.0020794390,0.0029668062,0.0038432024,0.0056576820,0.0068571199,0.0072489879,0.0074232222,0.0071248745
2014-07-07,0.0004749864,0.0006657548,0.0013337058,0.0019502576,0.0028420858,0.0037197131,0.0055248845,0.0065954952,0.0068720394,0.0071726715,0.0070952165
2014-07-04,0.0004519937,0.0006480748,0.0012971157,0.0019196001,0.0028409765,0.0036885149,0.0054921339,0.0065934169,0.0068587763,0.0071787295,0.0070833687
2014-07-03,0.0004572959,0.0006677288,0.0012939023,0.0019367476,0.0028477737,0.0037165009,0.0055268984,0.0067006696,0.0068819903,0.0072754622,0.0070432713
2014-07-02,0.0005060944,0.0006973906,0.0013904370,0.0020693954,0.0029970727,0.0038586625,0.0056932583,0.0069842369,0.0079724756,0.0079323677,0.0078248710
2014-07-01,0.0005381641,0.0007007635,0.0014257019,0.0021038121,0.0030631871,0.0039095382,0.0057541410,0.0070665811,0.0076261536,0.0076234784,0.0076488556
2014-06-30,0.0005347533,0.0006935209,0.0014652816,0.0021517811,0.0030916390,0.0039341330,0.0057781117,0.0070570567,0.0073175689,0.0073421095,0.0074472552
2014-06-27,0.0005308760,0.0007277016,0.0014519661,0.0021274160,0.0030343661,0.0039267192,0.0057238965,0.0069383395,0.0070809032,0.0072721373,0.0072509104
2014-06-26,0.0006264912,0.0007462298,0.0013986728,0.0020649582,0.0029958483,0.0038569201,0.0056711058,0.0071207611,0.0073199912,0.0073866575,0.0072541803
2014-06-25,0.0006483661,0.0007730024,0.0013444669,0.0019959750,0.0029615934,0.0038201976,0.0056360322,0.0070478443,0.0073534119,0.0074645189,0.0073453022
2014-06-24,0.0005497095,0.0006762655,0.0012325635,0.0018701291,0.0028316065,0.0036993077,0.0055388688,0.0068933447,0.0071529424,0.0072665901,0.0071435508
2014-06-23,0.0005193721,0.0006541349,0.0012223957,0.0018613502,0.0028180899,0.0036890718,0.0055310636,0.0069285800,0.0071513239,0.0072613029,0.0071414329
2014-06-20,0.0004747473,0.0006114117,0.0011901602,0.0018373411,0.0027882038,0.0036439832,0.0054741369,0.0069264040,0.0071758705,0.0072956074,0.0071626190
2014-06-19,0.0004448531,0.0005831644,0.0011425079,0.0017835290,0.0026986004,0.0035835498,0.0054525710,0.0068645000,0.0070968783,0.0071601467,0.0070899953
2014-06-18,0.0005700465,0.0006861680,0.0012712362,0.0019085452,0.0028505890,0.0037082864,0.0055827317,0.0069195290,0.0071758820,0.0072711677,0.0072299159
2014-06-17,0.0005731995,0.0006875450,0.0013047965,0.0019398340,0.0028823609,0.0037553346,0.0056324784,0.0069978817,0.0073197347,0.0073895156,0.0073890473
2014-06-16,0.0005399442,0.0006619421,0.0012924692,0.0019309537,0.0028547519,0.0037202489,0.0055922109,0.0069453944,0.0071541247,0.0070870461,0.0070863528
2014-06-13,0.0004203448,0.0005527466,0.0012142955,0.0018391244,0.0028255157,0.0036714133,0.0055427885,0.0067932944,0.0067708403,0.0067625156,0.0067687703
2014-06-12,0.0003991812,0.0004914557,0.0011272208,0.0017559093,0.0027388610,0.0035809170,0.0054651670,0.0067716686,0.0067228023,0.0067350906,0.0067242852
2014-06-11,0.0003699607,0.0004793511,0.0010974576,0.0017427816,0.0027038516,0.0035554362,0.0054498736,0.0067829457,0.0067153064,0.0067440350,0.0066397731
2014-06-10,0.0003551128,0.0004528552,0.0010309069,0.0016898739,0.0026567640,0.0035105164,0.0054123117,0.0068377903,0.0066881653,0.0068985536,0.0066083835
2014-06-09,0.0003505048,0.0004998000,0.0009797571,0.0016314400,0.0026211491,0.0034905521,0.0053426167,0.0068488663,0.0070084933,0.0076542536,0.0072429031
2014-06-06,0.0003253522,0.0005224857,0.0009725917,0.0016403612,0.0026494955,0.0035755008,0.0055046483,0.0070794181,0.0078341754,0.0082851683,0.0081920155
2014-06-05,0.0003847585,0.0005303325,0.0010797157,0.0018083921,0.0027815341,0.0037070223,0.0056495365,0.0072678661,0.0075975226,0.0078404586,0.0077447436
2014-06-04,0.0002871356,0.0005154981,0.0011561216,0.0019449032,0.0029730000,0.0039364364,0.0059628145,0.0076541763,0.0080532587,0.0081460636,0.0082466441
2014-06-03,0.0004157550,0.0005812606,0.0012318247,0.0019494222,0.0029706271,0.0038912456,0.0058142830,0.0074481346,0.0076438482,0.0077176077,0.0075749505
2014-06-02,0.0004938854,0.0006611191,0.0012493445,0.0019200813,0.0029371589,0.0038963231,0.0058073366,0.0074053578,0.0077276282,0.0080084381,0.0077160077
2014-05-30,0.0005343130,0.0006626560,0.0013125905,0.0019920428,0.0030416677,0.0039350690,0.0058845845,0.0074898893,0.0078788802,0.0082985195,0.0082384047
2014-05-29,0.0005081298,0.0006385456,0.0013195217,0.0020258290,0.0030797359,0.0039747804,0.0059301570,0.0075554524,0.0079112602,0.0082074351,0.0082726040
2014-05-28,0.0004704937,0.0006134081,0.0013753794,0.0021358639,0.0031813319,0.0040826931,0.0060610236,0.0077325140,0.0078943595,0.0079837529,0.0080499851
2014-05-27,0.0004423912,0.0006314549,0.0013870814,0.0021394469,0.0032040169,0.0041075644,0.0060901328,0.0077705791,0.0077167422,0.0077611544,0.0076403622
2014-05-26,0.0005445781,0.0007729452,0.0014960729,0.0021994643,0.0032800134,0.0042217319,0.0062202669,0.0078778897,0.0081445000,0.0083576054,0.0081398925
2014-05-23,0.0005742727,0.0007686508,0.0015032847,0.0022181382,0.0033119358,0.0042576760,0.0062725771,0.0079240613,0.0079828667,0.0081949517,0.0079855681
2014-05-22,0.0005234366,0.0007768014,0.0015353311,0.0022470087,0.0033117314,0.0042587163,0.0062615185,0.0079059238,0.0083339550,0.0086252144,0.0086079777
2014-05-21,0.0005334448,0.0007074642,0.0015607023,0.0023025607,0.0033654056,0.0043094146,0.0062858963,0.0079738409,0.0084154761,0.0086774909,0.0086279830
2014-05-20,0.0005579903,0.0007284551,0.0015986011,0.0023219033,0.0033896522,0.0043457814,0.0063179776,0.0079801077,0.0085079389,0.0087879074,0.0087779690
2014-05-19,0.0005473337,0.0007232828,0.0015926567,0.0023175966,0.0033606257,0.0043428355,0.0063219134,0.0080200893,0.0084553051,0.0086825356,0.0086671540
2014-05-16,0.0004811474,0.0006651130,0.0014516830,0.0021517918,0.0032119268,0.0041712862,0.0061572890,0.0078325371,0.0083000239,0.0085006473,0.0085132165
2014-05-15,0.0004734557,0.0006527803,0.0014358337,0.0021600017,0.0032335843,0.0041928115,0.0062038521,0.0078267698,0.0081866844,0.0083795057,0.0083403403
2014-05-14,0.0004659769,0.0006844647,0.0013247045,0.0019903933,0.0030554038,0.0040108740,0.0059975338,0.0076674690,0.0082154404,0.0084528007,0.0084823490
2014-05-13,0.0003843004,0.0006142016,0.0012433680,0.0019296284,0.0029762813,0.0039274640,0.0059378330,0.0076104304,0.0080536970,0.0081950438,0.0082672996
2014-05-12,0.0003830313,0.0005920039,0.0012762700,0.0019882112,0.0030248173,0.0039713341,0.0059978512,0.0076864790,0.0079816247,0.0080964607,0.0081509874
2014-05-09,0.0003817663,0.0005706085,0.0013100427,0.0020485726,0.0030741448,0.0040156942,0.0060584759,0.0077632876,0.0079101973,0.0079990636,0.0080363116
2014-05-08,0.0003520924,0.0005434018,0.0012530576,0.0019934060,0.0030090345,0.0039943649,0.0060335206,0.0077413972,0.0079695919,0.0080981426,0.0080950736
2014-05-07,0.0003694647,0.0005710663,0.0013713708,0.0022063101,0.0032921026,0.0043419761,0.0063617224,0.0080056184,0.0083898599,0.0085909703,0.0085816810
2014-05-06,0.0003788919,0.0005881740,0.0013769510,0.0022037077,0.0032733825,0.0043450718,0.0063654538,0.0080128889,0.0083888714,0.0086239368,0.0085797213
2014-05-05,0.0004117413,0.0006418321,0.0013944433,0.0021837754,0.0032292295,0.0043350536,0.0063544152,0.0079925861,0.0084344572,0.0086939984,0.0087027317
2014-05-02,0.0004117321,0.0006418155,0.0013939230,0.0021826077,0.0032275714,0.0043333410,0.0063532709,0.0079918186,0.0084336107,0.0086935505,0.0087020912
2014-05-01,0.0003444406,0.0006176520,0.0013919193,0.0022059838,0.0032550309,0.0043639019,0.0064067902,0.0080781223,0.0085728168,0.0088341934,0.0088442162
2014-04-30,0.0003951981,0.0006612530,0.0014211237,0.0022424738,0.0033052254,0.0043880744,0.0064155486,0.0080796394,0.0083578667,0.0084283648,0.0084657278
2014-04-29,0.0003884050,0.0006119579,0.0014799837,0.0023485318,0.0034278437,0.0045206485,0.0065456589,0.0081654086,0.0083163911,0.0083271590,0.0082096926
2014-04-28,0.0004043776,0.0006032359,0.0015091460,0.0023947509,0.0034942245,0.0045590827,0.0066009794,0.0082117256,0.0083485822,0.0083617533,0.0082419852
2014-04-25,0.0004237523,0.0006494840,0.0015227406,0.0023724951,0.0034352492,0.0045427980,0.0065678951,0.0081987022,0.0083508696,0.0084967397,0.0082453178
2014-04-24,0.0004659412,0.0006792909,0.0015220902,0.0023126782,0.0033845553,0.0044642511,0.0065098117,0.0081972115,0.0085932027,0.0088454746,0.0088057330
2014-04-23,0.0004100252,0.0006843685,0.0015014471,0.0022948592,0.0034091217,0.0044731963,0.0065012018,0.0081309732,0.0083433148,0.0085523146,0.0083344640
2014-04-22,0.0003695156,0.0006966105,0.0014591849,0.0022590225,0.0033797602,0.0044343062,0.0064775228,0.0081168108,0.0084639869,0.0087513424,0.0084560900
2014-04-21,0.0006329837,0.0009053165,0.0016760742,0.0024446146,0.0035804696,0.0046328527,0.0066605758,0.0082877311,0.0088011825,0.0091762592,0.0090683151
2014-04-18,0.0006330030,0.0009053423,0.0016761292,0.0024446946,0.0035805433,0.0046329464,0.0066606482,0.0082877747,0.0088013989,0.0091765529,0.0090687594
2014-04-17,0.0006329956,0.0009053334,0.0016758376,0.0024442682,0.0035802482,0.0046330049,0.0066608687,0.0082879516,0.0088017555,0.0091765595,0.0090693083
2014-04-16,0.0006319205,0.0009041943,0.0016754083,0.0024411835,0.0035613758,0.0046252804,0.0066481672,0.0082692771,0.0088031266,0.0091889237,0.0090717869
2014-04-15,0.0006249983,0.0009078548,0.0016808515,0.0024466933,0.0035265822,0.0046392445,0.0066681321,0.0082886228,0.0088271818,0.0092340596,0.0090973938
2014-04-14,0.0004931241,0.0007644997,0.0015862728,0.0023549634,0.0034757914,0.0045468091,0.0065971732,0.0082253111,0.0089465937,0.0093980346,0.0093117646
2014-04-11,0.0005021418,0.0007678409,0.0015286885,0.0023169564,0.0034136478,0.0044982058,0.0065242450,0.0081400222,0.0086805131,0.0089289953,0.0089498447
2014-04-10,0.0003596857,0.0005493011,0.0013814815,0.0022679404,0.0034028026,0.0044171909,0.0064548749,0.0080645974,0.0083777436,0.0085185132,0.0086395128
2014-04-09,0.0004161449,0.0006348224,0.0014354119,0.0023236159,0.0034337623,0.0044829880,0.0065003455,0.0081182548,0.0081746141,0.0081644503,0.0080939960
2014-04-08,0.0004335044,0.0006521860,0.0014569941,0.0023182483,0.0034210868,0.0044887501,0.0065121270,0.0081375652,0.0082001279,0.0083756216,0.0081171256
2014-04-07,0.0004283087,0.0006559978,0.0014482135,0.0022336171,0.0032968534,0.0044343546,0.0064738125,0.0081203602,0.0086079634,0.0090249738,0.0088751390
2014-04-04,0.0003701287,0.0006368538,0.0013922733,0.0021822167,0.0032790748,0.0043879308,0.0064421150,0.0081238908,0.0088631701,0.0092086288,0.0092286648
2014-04-03,0.0003755737,0.0006111545,0.0015173795,0.0023897989,0.0035150866,0.0045428919,0.0066055241,0.0083177135,0.0086323716,0.0088244327,0.0088901167
2014-04-02,0.0003210420,0.0006609992,0.0014829811,0.0022961003,0.0034503310,0.0045113978,0.0065947928,0.0083131071,0.0087373629,0.0089646676,0.0089576155
2014-04-01,0.0003207692,0.0006782265,0.0015068989,0.0023086932,0.0034910288,0.0045758541,0.0066787474,0.0083671662,0.0088363446,0.0090924773,0.0091145043
2014-03-31,0.0003555053,0.0007344106,0.0014899764,0.0023249719,0.0034656822,0.0045914121,0.0066726475,0.0083596516,0.0086516555,0.0088696070,0.0086541808
2014-03-28,0.0004491115,0.0007929134,0.0016126455,0.0024948288,0.0036623035,0.0047256340,0.0068144328,0.0085593522,0.0089341221,0.0092021256,0.0091506779
2014-03-27,0.0004331535,0.0008445035,0.0016764222,0.0025600676,0.0037321298,0.0048124618,0.0069020646,0.0086075429,0.0092596057,0.0094093353,0.0096361662
2014-03-26,0.0004424200,0.0007914363,0.0016737583,0.0025655061,0.0037290141,0.0047965526,0.0068731596,0.0086031728,0.0090324457,0.0092817938,0.0092538020
2014-03-25,0.0004221623,0.0007400434,0.0016996413,0.0026160623,0.0038191266,0.0048556648,0.0069491000,0.0086561748,0.0090353164,0.0094064063,0.0093065280
2014-03-24,0.0004365475,0.0007531859,0.0017137838,0.0026351870,0.0038497338,0.0048909775,0.0069969023,0.0086676632,0.0091347213,0.0095852001,0.0095084690
2014-03-21,0.0004671470,0.0007966296,0.0017459048,0.0026693958,0.0038481332,0.0049328909,0.0070233579,0.0086806154,0.0091584102,0.0094627967,0.0095406234
2014-03-20,0.0005076345,0.0007939862,0.0017511407,0.0027105060,0.0039340520,0.0049707943,0.0070514966,0.0087043841,0.0089484858,0.0091372681,0.0091401691
2014-03-19,0.0004690803,0.0007581778,0.0016415847,0.0025692861,0.0037219676,0.0048141998,0.0068770506,0.0085811961,0.0089214947,0.0090521217,0.0090675929
2014-03-18,0.0005575198,0.0008770714,0.0018209121,0.0027691353,0.0039591623,0.0050301279,0.0071138343,0.0087695173,0.0090678297,0.0091972488,0.0091938142
2014-03-17,0.0006366407,0.0009541312,0.0018639657,0.0028004351,0.0039789275,0.0050525442,0.0071153242,0.0087947306,0.0090962884,0.0092946345,0.0092219474
2014-03-14,0.0009086321,0.0011445960,0.0020815553,0.0030033081,0.0042018600,0.0052722140,0.0073890279,0.0090721012,0.0095411234,0.0098248911,0.0098553768
2014-03-13,0.0005984370,0.0008953343,0.0018733305,0.0028017153,0.0039908738,0.0050685180,0.0071597350,0.0088396958,0.0093462713,0.0096398728,0.0097087158
2014-03-12,0.0005480468,0.0007944616,0.0017754160,0.0027175948,0.0039139276,0.0049862361,0.0070693776,0.0087863063,0.0090617768,0.0093467587,0.0091881125
2014-03-11,0.0007012533,0.0008374711,0.0016555286,0.0025179189,0.0037004064,0.0047521802,0.0068749157,0.0086063523,0.0095170221,0.0099894250,0.0102630455
2014-03-10,0.0003907045,0.0006835461,0.0015716285,0.0025055740,0.0036801543,0.0047519035,0.0068488306,0.0085942874,0.0089066783,0.0091147258,0.0091785754
2014-03-07,0.0003952942,0.0007042747,0.0015650305,0.0024929454,0.0036464662,0.0047506360,0.0068192204,0.0085226365,0.0087834150,0.0088859013,0.0089105494
2014-03-06,0.0004508423,0.0007519579,0.0016131325,0.0025123946,0.0036595296,0.0047618533,0.0068077521,0.0084933179,0.0087421656,0.0088747013,0.0088611436
2014-03-05,0.0004937209,0.0007817088,0.0016639137,0.0026428161,0.0038066417,0.0048889779,0.0069550461,0.0086786865,0.0089469976,0.0090788472,0.0090691623
2014-03-04,0.0005507458,0.0008944700,0.0017978457,0.0027354818,0.0038709185,0.0049967152,0.0070892705,0.0087872396,0.0092128926,0.0094422884,0.0094286213
2014-03-03,0.0005685114,0.0009371654,0.0018074929,0.0027248385,0.0038815817,0.0050101234,0.0071236736,0.0087346307,0.0093133325,0.0094491788,0.0095916960
2014-02-28,0.0005144598,0.0008395419,0.0016997850,0.0026419072,0.0037863963,0.0048917998,0.0069959561,0.0086842276,0.0091152306,0.0093412027,0.0093310488
2014-02-27,0.0005751797,0.0008661899,0.0017683367,0.0027006668,0.0038975185,0.0049736327,0.0071087624,0.0087645973,0.0091201975,0.0094012290,0.0093843086
2014-02-26,0.0005490193,0.0008681184,0.0017167903,0.0025922567,0.0037945583,0.0048986359,0.0070250175,0.0086596919,0.0091968877,0.0093144423,0.0094692920
2014-02-25,0.0005436932,0.0008658148,0.0017270875,0.0026241858,0.0037786839,0.0049194135,0.0070421273,0.0087073062,0.0091009568,0.0093179722,0.0093220028
2014-02-24,0.0005293534,0.0008814552,0.0017608140,0.0026874695,0.0038398121,0.0049796243,0.0071222382,0.0087845584,0.0090671261,0.0093135447,0.0092818913
2014-02-21,0.0005414826,0.0008932788,0.0018632621,0.0028045495,0.0039508516,0.0050786678,0.0072074069,0.0088049821,0.0093067922,0.0095895476,0.0096727438
2014-02-20,0.0005666087,0.0009112866,0.0018819112,0.0028029843,0.0040260673,0.0051224473,0.0072610917,0.0088154474,0.0092960045,0.0093663207,0.0096594714
2014-02-19,0.0005640241,0.0009082517,0.0018168355,0.0027153194,0.0039488466,0.0050442885,0.0071359477,0.0086868231,0.0088321108,0.0088817343,0.0087259616
2014-02-18,0.0005838418,0.0009245383,0.0018093186,0.0026985544,0.0039221379,0.0050227636,0.0071278843,0.0087027810,0.0091161549,0.0092074911,0.0093046077
2014-02-17,0.0006121499,0.0009703622,0.0017988035,0.0026835900,0.0038563131,0.0049997696,0.0071504385,0.0087887871,0.0091337706,0.0093310890,0.0093130214
2014-02-14,0.0006577462,0.0009573970,0.0018327961,0.0027739284,0.0039391288,0.0050464756,0.0071612847,0.0088402525,0.0092280004,0.0094340546,0.0094390611
2014-02-13,0.0006037031,0.0008661478,0.0018090377,0.0028314013,0.0040237487,0.0050899667,0.0072207972,0.0088749900,0.0092432723,0.0093026763,0.0095221569
2014-02-12,0.0004974071,0.0007677641,0.0017103033,0.0027304170,0.0039374164,0.0049968086,0.0071077588,0.0087348152,0.0086128308,0.0086358987,0.0085362807
2014-02-11,0.0005571811,0.0008798459,0.0017815394,0.0027734818,0.0039490526,0.0050727455,0.0071951742,0.0087959847,0.0089918689,0.0091355676,0.0091858910
2014-02-10,0.0006939377,0.0010499619,0.0018853582,0.0028339735,0.0040251600,0.0051441509,0.0073314703,0.0089396458,0.0091673269,0.0093438124,0.0092891294
2014-02-07,0.0007426159,0.0010635158,0.0019720712,0.0029423960,0.0041573845,0.0052342470,0.0073652007,0.0090426045,0.0093282891,0.0096373877,0.0096052157
2014-02-06,0.0008607793,0.0012526143,0.0020856296,0.0030130654,0.0042209123,0.0053690036,0.0075051245,0.0091747498,0.0094960521,0.0096762410,0.0096717572
2014-02-05,0.0009902588,0.0013892398,0.0022398795,0.0031457000,0.0044032688,0.0055439668,0.0077175952,0.0093535994,0.0096784493,0.0098006619,0.0098914345
2014-02-04,0.0010891836,0.0014789683,0.0024005762,0.0033616361,0.0045924719,0.0057640107,0.0080026927,0.0095440658,0.0097821441,0.0098432645,0.0099074117
2014-02-03,0.0010322481,0.0013262249,0.0022630797,0.0032790030,0.0044452087,0.0055851706,0.0076805826,0.0093324549,0.0094013915,0.0095011595,0.0094005143
2014-01-31,0.0009967895,0.0013243856,0.0022694590,0.0032646351,0.0044591294,0.0055665266,0.0077178718,0.0093127694,0.0095808497,0.0097714493,0.0097065168
2014-01-30,0.0009134192,0.0012412008,0.0021878242,0.0031673323,0.0043686431,0.0054327757,0.0075398581,0.0091700192,0.0096951898,0.0098506690,0.0099621508
2014-01-29,0.0009360235,0.0012174388,0.0021193115,0.0030544049,0.0042297482,0.0052896765,0.0074108272,0.0090829561,0.0096336026,0.0099032302,0.0100020849
2014-01-28,0.0007297377,0.0010302957,0.0018759907,0.0027982618,0.0039768105,0.0050323742,0.0071756944,0.0088776381,0.0091630722,0.0093218402,0.0093442546
2014-01-27,0.0012228572,0.0015024519,0.0024513082,0.0034385526,0.0046114409,0.0057155369,0.0079679516,0.0095396135,0.0099318784,0.0101788888,0.0101276821
2014-01-24,0.0010971009,0.0012772654,0.0020177023,0.0028633386,0.0039787477,0.0050321453,0.0072414749,0.0088790104,0.0092651523,0.0095014623,0.0095407635
2014-01-23,0.0006685002,0.0008554174,0.0015134911,0.0023003495,0.0034227105,0.0044320192,0.0065281169,0.0081909288,0.0086342230,0.0088130966,0.0088319611
2014-01-22,0.0006192762,0.0008309939,0.0014180520,0.0022061462,0.0033273909,0.0042869902,0.0064018850,0.0080908543,0.0084016715,0.0085910726,0.0086517442
2014-01-21,0.0006425392,0.0008341537,0.0013885868,0.0021607490,0.0032946487,0.0042589441,0.0063516300,0.0080717653,0.0082237714,0.0084042400,0.0082164884
2014-01-20,0.0006510943,0.0008175682,0.0013345850,0.0021192195,0.0032735571,0.0042632537,0.0064412138,0.0081299961,0.0085459500,0.0088178312,0.0087452536
2014-01-17,0.0005995202,0.0007526466,0.0012881315,0.0020507481,0.0032292138,0.0041989808,0.0064311874,0.0080910084,0.0085303232,0.0089579570,0.0087768638
2014-01-16,0.0006188844,0.0008169442,0.0013740335,0.0021530053,0.0032761153,0.0042183307,0.0064338535,0.0080799173,0.0085581081,0.0088631702,0.0088084860
2014-01-15,0.0005971442,0.0007889811,0.0013827482,0.0021301721,0.0032470980,0.0042246232,0.0065522991,0.0081187808,0.0084418771,0.0087126660,0.0086576898
2014-01-14,0.0006361058,0.0008450169,0.0014586049,0.0022132544,0.0033247965,0.0043427527,0.0067242250,0.0082951673,0.0086546800,0.0089423709,0.0088720152
2014-01-13,0.0005724390,0.0007560251,0.0013645929,0.0021835054,0.0032618880,0.0042117421,0.0065035389,0.0080671579,0.0085260109,0.0087359546,0.0088302242
2014-01-10,0.0005041857,0.0007318528,0.0013278449,0.0021477000,0.0032344566,0.0041860054,0.0065251283,0.0080425816,0.0082777214,0.0084009205,0.0083887758
2014-01-09,0.0004553760,0.0006478445,0.0013008156,0.0021186713,0.0031878878,0.0041408811,0.0064023734,0.0079548064,0.0082163945,0.0083617526,0.0083519002
2014-01-08,0.0004054429,0.0005736381,0.0011768011,0.0019104683,0.0030174099,0.0039741501,0.0062898591,0.0078492064,0.0080076306,0.0086195794,0.0082110396
2014-01-07,0.0004246548,0.0006258180,0.0010793089,0.0017803763,0.0029453209,0.0039896135,0.0064366238,0.0081107880,0.0092181816,0.0096263742,0.0095497010
2014-01-06,0.0004079315,0.0006180832,0.0009933476,0.0017161676,0.0028647739,0.0039934296,0.0064256823,0.0081253905,0.0089057721,0.0096134736,0.0092254113
2014-01-03,0.0004157648,0.0006303132,0.0010345279,0.0017564068,0.0029048528,0.0040340450,0.0064961156,0.0081863704,0.0089420342,0.0096416892,0.0092551139
2014-01-02,0.0004199744,0.0005749963,0.0010566674,0.0017567982,0.0029332081,0.0040351852,0.0064454566,0.0082449316,0.0088517428,0.0092900660,0.0093253510
2014-01-01,0.0003695091,0.0005213207,0.0009665798,0.0017613405,0.0029479072,0.0040324994,0.0064226796,0.0082846488,0.0086252246,0.0088048133,0.0088549108
2013-12-31,0.0003695990,0.0005214454,0.0009667596,0.0017614945,0.0029479934,0.0040326324,0.0064228374,0.0082848163,0.0086256182,0.0088051432,0.0088555039
2013-12-30,0.0003618141,0.0005098127,0.0009721809,0.0017571321,0.0029508607,0.0040358273,0.0064753552,0.0083384626,0.0086829803,0.0088631418,0.0089099008
2013-12-27,0.0003450582,0.0004808066,0.0009878903,0.0017520995,0.0029567651,0.0040383824,0.0065033237,0.0083701940,0.0088044527,0.0090298103,0.0091180325
2013-12-26,0.0003137039,0.0004778760,0.0009841080,0.0017389201,0.0029783977,0.0040673851,0.0065446422,0.0084000212,0.0086933400,0.0088542755,0.0088695702
2013-12-25,0.0003137392,0.0004779014,0.0009841566,0.0017390240,0.0029784846,0.0040675133,0.0065447348,0.0084000689,0.0086934429,0.0088543687,0.0088697163
2013-12-24,0.0003137880,0.0004778971,0.0009837436,0.0017383396,0.0029778036,0.0040669739,0.0065444499,0.0083999089,0.0086934169,0.0088544116,0.0088698855
2013-12-23,0.0003247629,0.0004761772,0.0009845349,0.0017335067,0.0029665289,0.0040576509,0.0065435479,0.0084125650,0.0087098956,0.0088735116,0.0088862835
2013-12-20,0.0003131919,0.0004751045,0.0009909783,0.0017353670,0.0029864302,0.0040774626,0.0066009858,0.0084257658,0.0087089594,0.0088892728,0.0088853438
2013-12-19,0.0003295160,0.0004718903,0.0009700374,0.0016944146,0.0029629850,0.0040703223,0.0065910741,0.0084391929,0.0087446092,0.0089866669,0.0089489367
2013-12-18,0.0003613505,0.0005131464,0.0010077847,0.0019099288,0.0031877984,0.0042584689,0.0067797195,0.0086780608,0.0089669137,0.0092487410,0.0092284950
2013-12-17,0.0003742662,0.0005478839,0.0010657784,0.0019311307,0.0032163970,0.0043522610,0.0068871889,0.0087438235,0.0090192168,0.0092286306,0.0092317866
2013-12-16,0.0003307425,0.0005070097,0.0010458530,0.0019473499,0.0032289012,0.0043696323,0.0069119161,0.0087583711,0.0090392536,0.0092531149,0.0092526928
2013-12-13,0.0004350115,0.0006110665,0.0012392144,0.0021285660,0.0034356823,0.0045528787,0.0070480875,0.0088255352,0.0093741970,0.0096994158,0.0098203872
2013-12-12,0.0003931748,0.0005488313,0.0012001815,0.0021133942,0.0034271170,0.0045767264,0.0070408104,0.0088235998,0.0092124300,0.0093902470,0.0094374859
2013-12-11,0.0003937069,0.0005691254,0.0012088377,0.0021209443,0.0034329030,0.0045905028,0.0070801044,0.0088474127,0.0092120352,0.0093449626,0.0094371656
2013-12-10,0.0003955811,0.0006519488,0.0012571875,0.0022221001,0.0034773519,0.0046759880,0.0072258244,0.0089240059,0.0090587130,0.0091159242,0.0090002027
2013-12-09,0.0004216352,0.0006291241,0.0012663825,0.0022288816,0.0035355661,0.0047101215,0.0072543238,0.0090640540,0.0091209674,0.0093095373,0.0091192694
2013-12-06,0.0005019545,0.0007365390,0.0013904350,0.0023921109,0.0036478892,0.0048629068,0.0074837332,0.0091396373,0.0096462761,0.0098891156,0.0099590909
2013-12-05,0.0005174568,0.0007278400,0.0013630906,0.0023897139,0.0037084759,0.0048632460,0.0074495066,0.0091762734,0.0100321580,0.0101438458,0.0104983297
2013-12-04,0.0004691035,0.0006992344,0.0013193267,0.0023169272,0.0036386093,0.0048144897,0.0073798643,0.0091152255,0.0093641069,0.0093025740,0.0091692970
2013-12-03,0.0004157153,0.0006530621,0.0012701107,0.0022471139,0.0035851977,0.0047512074,0.0073547058,0.0090858162,0.0094207443,0.0094551250,0.0092298198
2013-12-02,0.0003959748,0.0006038843,0.0012052942,0.0022020992,0.0035183909,0.0046937135,0.0073478037,0.0091363937,0.0095916403,0.0097565154,0.0099050630
2013-11-29,0.0004129740,0.0006215417,0.0012248350,0.0022361526,0.0035453520,0.0047331904,0.0074054210,0.0091780481,0.0096089555,0.0097731375,0.0099233882
2013-11-28,0.0004338422,0.0006511863,0.0012455388,0.0022848126,0.0035645422,0.0047934567,0.0075081316,0.0092350769,0.0095013114,0.0097830622,0.0097356922
2013-11-27,0.0004362310,0.0007029417,0.0012894766,0.0023442297,0.0036558865,0.0048839635,0.0077141136,0.0093138720,0.0095431867,0.0098235646,0.0097283757
2013-11-26,0.0004818025,0.0006844902,0.0012920102,0.0023620125,0.0037013134,0.0049366012,0.0077781412,0.0094639918,0.0098958004,0.0102026977,0.0102277385
2013-11-25,0.0004660849,0.0006860166,0.0012352326,0.0023101368,0.0037593578,0.0050578320,0.0079449247,0.0095869919,0.0099677728,0.0102557484,0.0101650252
2013-11-22,0.0004508800,0.0006875463,0.0011809500,0.0022594004,0.0038183125,0.0051820401,0.0081152845,0.0097115906,0.0100402686,0.0103090749,0.0101026964
2013-11-21,0.0004860735,0.0007200063,0.0012133210,0.0022897715,0.0038206384,0.0051914806,0.0081605140,0.0097579833,0.0100399827,0.0102565531,0.0102746087
2013-11-20,0.0004638525,0.0007252612,0.0012281733,0.0022832989,0.0038176802,0.0051864936,0.0081574665,0.0097660941,0.0100762664,0.0102222329,0.0103127657
2013-11-19,0.0005112874,0.0007625763,0.0013004086,0.0023502355,0.0039055773,0.0052727123,0.0082338541,0.0098022427,0.0101014874,0.0103578934,0.0103377735
2013-11-18,0.0004409068,0.0007875135,0.0013176916,0.0024195686,0.0040004811,0.0053008761,0.0082881609,0.0098403438,0.0100284097,0.0103500004,0.0102630513
2013-11-15,0.0005584197,0.0008205246,0.0013992751,0.0024777991,0.0040528804,0.0053700812,0.0083345394,0.0099083632,0.0102002627,0.0104965524,0.0104355678
2013-11-14,0.0005943388,0.0008179445,0.0013944434,0.0024925943,0.0040579319,0.0054229565,0.0083771118,0.0099207470,0.0102637932,0.0106108188,0.0105776087
2013-11-13,0.0006093286,0.0008259937,0.0014253983,0.0025186950,0.0040845804,0.0054661683,0.0084085958,0.0099495070,0.0102958200,0.0105615419,0.0105310219
2013-11-12,0.0005791207,0.0008145826,0.0013870649,0.0023861272,0.0039597727,0.0053480100,0.0082794954,0.0097353294,0.0103843519,0.0105602647,0.0108508217
2013-11-11,0.0005820661,0.0008256292,0.0013550384,0.0023851920,0.0039701317,0.0053889031,0.0083089129,0.0097516584,0.0102005627,0.0105986901,0.0102870492
2013-11-08,0.0005782608,0.0008262286,0.0013423051,0.0023937340,0.0039874710,0.0054098822,0.0083415139,0.0097876431,0.0102340964,0.0106206274,0.0103126202
2013-11-07,0.0005454178,0.0007734269,0.0012395784,0.0022694840,0.0038551318,0.0052883928,0.0082147775,0.0096932239,0.0101039957,0.0105845378,0.0102173739
2013-11-06,0.0004901377,0.0007603174,0.0012877498,0.0023504331,0.0038704765,0.0053563924,0.0083197911,0.0098622053,0.0100851002,0.0102411990,0.0102418153
2013-11-05,0.0004435247,0.0007172322,0.0012316521,0.0022679400,0.0039096034,0.0053818962,0.0083708534,0.0099266754,0.0099032247,0.0099402920,0.0099026761
2013-11-04,0.0004671008,0.0007154452,0.0012466585,0.0022851894,0.0039275601,0.0053975401,0.0083792955,0.0099409193,0.0099275950,0.0100716019,0.0099273545
2013-11-01,0.0004484803,0.0007054596,0.0012581015,0.0023021948,0.0039611124,0.0054148760,0.0083984741,0.0099706036,0.0099684567,0.0101607937,0.0099684191
2013-10-31,0.0005102906,0.0007595601,0.0012873611,0.0023391729,0.0039514948,0.0054621280,0.0084479187,0.0100060906,0.0100255061,0.0101698130,0.0100254563
2013-10-30,0.0005343026,0.0007249546,0.0012461178,0.0023266463,0.0039522830,0.0054152326,0.0083633278,0.0099603646,0.0102123083,0.0105025483,0.0104499137
2013-10-29,0.0005368896,0.0007405301,0.0013311578,0.0024208288,0.0040333142,0.0055130065,0.0084589692,0.0100484524,0.0103218526,0.0105780749,0.0105611932
2013-10-28,0.0005565929,0.0007548273,0.0013704537,0.0024444668,0.0040596740,0.0055594616,0.0084987339,0.0100985501,0.0103945935,0.0106267383,0.0106337759
2013-10-25,0.0005490913,0.0007661940,0.0013952517,0.0024782318,0.0040937806,0.0055851305,0.0085273316,0.0101231492,0.0104191383,0.0106364674,0.0106587220
2013-10-24,0.0005114509,0.0007612371,0.0013860645,0.0024533503,0.0040604299,0.0055394153,0.0084903984,0.0100999663,0.0103564870,0.0105769187,0.0105477200
2013-10-23,0.0005463790,0.0008114368,0.0014218115,0.0024636225,0.0040681921,0.0055282848,0.0084909837,0.0100741466,0.0103725339,0.0106478814,0.0106112971
2013-10-22,0.0005084328,0.0007654552,0.0014231758,0.0025230424,0.0041197736,0.0055700558,0.0085396026,0.0101257341,0.0104205505,0.0107146971,0.0106584033
2013-10-21,0.0004792862,0.0007302564,0.0014491162,0.0026116650,0.0041569496,0.0056695844,0.0086007699,0.0102093268,0.0105434373,0.0107905136,0.0107820383
2013-10-18,0.0005823060,0.0008346278,0.0015449299,0.0025856712,0.0042261263,0.0057314486,0.0086712415,0.0101772057,0.0104675192,0.0106959485,0.0105644312
2013-10-17,0.0005654253,0.0008264291,0.0016845321,0.0027973165,0.0044342431,0.0059205678,0.0088517718,0.0104116086,0.0107847525,0.0111413409,0.0111039859
2013-10-16,0.0005624420,0.0007740574,0.0016503851,0.0028349552,0.0044902021,0.0060043518,0.0089144882,0.0104775273,0.0105665132,0.0107019400,0.0104759091
2013-10-15,0.0005625771,0.0007998847,0.0017478144,0.0029037747,0.0045535184,0.0060398695,0.0089513266,0.0105544234,0.0108542494,0.0111029946,0.0111254831
2013-10-14,0.0006350892,0.0008989149,0.0018337860,0.0028976225,0.0045366919,0.0060292030,0.0089673219,0.0104923198,0.0110446662,0.0112863578,0.0115576646
2013-10-11,0.0006117810,0.0008856195,0.0018156578,0.0028871901,0.0044898851,0.0060573212,0.0089709056,0.0105571660,0.0110242218,0.0111985707,0.0114360521
2013-10-10,0.0006098696,0.0009084601,0.0017426370,0.0028441719,0.0044696538,0.0060535009,0.0089591058,0.0106011544,0.0109133593,0.0110053422,0.0111316218
2013-10-09,0.0006828590,0.0009954060,0.0018988303,0.0030490342,0.0046678947,0.0061872215,0.0091004933,0.0107519705,0.0111165801,0.0112440796,0.0113493984
2013-10-08,0.0006962899,0.0010047925,0.0019525772,0.0030667260,0.0047003448,0.0062102387,0.0091034879,0.0107614128,0.0112719110,0.0114893833,0.0116802788
2013-10-07,0.0006869759,0.0009505178,0.0018921421,0.0030059619,0.0046530024,0.0061660064,0.0090623066,0.0107107894,0.0111409397,0.0113320265,0.0115061394
2013-10-04,0.0006636328,0.0008926794,0.0018193810,0.0030103834,0.0046961343,0.0061801077,0.0091276348,0.0108013221,0.0110419100,0.0112727335,0.0112853042
2013-10-03,0.0006216355,0.0009049105,0.0017721201,0.0029681987,0.0046512742,0.0062099225,0.0091338020,0.0108459675,0.0112279819,0.0112754906,0.0115207045
2013-10-02,0.0006719580,0.0009468160,0.0018070773,0.0029672439,0.0045728851,0.0061674727,0.0090970460,0.0107506259,0.0107831637,0.0108372442,0.0107848654
2013-10-01,0.0007385238,0.0010028527,0.0019285586,0.0031283590,0.0047169334,0.0062709052,0.0092154016,0.0109073405,0.0109269086,0.0110701468,0.0109226447
2013-09-30,0.0007963812,0.0010576615,0.0020920965,0.0032674644,0.0048154883,0.0063499014,0.0092805593,0.0108940269,0.0112453234,0.0115611532,0.0114893158
2013-09-27,0.0007685747,0.0010785750,0.0021019943,0.0032117739,0.0047543248,0.0062932033,0.0091987306,0.0108039666,0.0114273808,0.0119357772,0.0119479526
2013-09-26,0.0006644607,0.0010141033,0.0019721204,0.0030901211,0.0046576539,0.0062291767,0.0091038847,0.0107374549,0.0116399360,0.0119940542,0.0124122289
2013-09-25,0.0007056275,0.0010247423,0.0019906040,0.0031007570,0.0046293662,0.0061587605,0.0090876809,0.0106849250,0.0115075543,0.0118561997,0.0122183980
2013-09-24,0.0006955404,0.0010133278,0.0019241638,0.0030733525,0.0046058707,0.0061280893,0.0090557430,0.0106545831,0.0114395794,0.0117956469,0.0121480528
2013-09-23,0.0006689873,0.0009826510,0.0018630116,0.0030713889,0.0046819012,0.0062038185,0.0091280015,0.0107430636,0.0113412591,0.0117621134,0.0118858520
2013-09-20,0.0005541593,0.0008371447,0.0017506094,0.0029663104,0.0046156031,0.0061576103,0.0090595212,0.0107481101,0.0112584487,0.0116613023,0.0117190855
2013-09-19,0.0005152916,0.0008078725,0.0016088218,0.0028318020,0.0045058643,0.0060785230,0.0090067284,0.0107377595,0.0110081057,0.0112198331,0.0112382316
2013-09-18,0.0005116911,0.0008707871,0.0018779502,0.0030760775,0.0047961475,0.0063371175,0.0092831211,0.0110264463,0.0114376033,0.0118672415,0.0118051877
2013-09-17,0.0006039460,0.0009437442,0.0019900936,0.0032240007,0.0049021991,0.0064649915,0.0094112647,0.0111301399,0.0113994106,0.0116232823,0.0116215318
2013-09-16,0.0005967919,0.0009347046,0.0020479917,0.0032794037,0.0049122752,0.0064791448,0.0094147230,0.0111155380,0.0115072713,0.0117771406,0.0118514057
2013-09-13,0.0007501091,0.0011311845,0.0021962572,0.0034201414,0.0050533419,0.0066413024,0.0095527797,0.0111887627,0.0120042392,0.0122722659,0.0127123149
2013-09-12,0.0007361510,0.0010993526,0.0021127496,0.0033433467,0.0050178354,0.0066050789,0.0095158820,0.0111988919,0.0118213185,0.0119783154,0.0121771613
2013-09-11,0.0007127460,0.0010448130,0.0021248443,0.0033646048,0.0051002232,0.0066409314,0.0095794762,0.0113224088,0.0113612679,0.0116816442,0.0113584881
2013-09-10,0.0007919257,0.0011168210,0.0022317190,0.0034695958,0.0051410174,0.0067064711,0.0096495504,0.0113110534,0.0119384020,0.0123482422,0.0124869640
2013-09-09,0.0008034046,0.0011912176,0.0023886427,0.0036319374,0.0052372435,0.0068147885,0.0097593294,0.0113166271,0.0119230655,0.0122157439,0.0124462506
2013-09-06,0.0008590142,0.0012612702,0.0024832955,0.0037434103,0.0053528931,0.0069352792,0.0098745083,0.0114400653,0.0120299975,0.0123160393,0.0125515262
2013-09-05,0.0008975660,0.0012367187,0.0024527929,0.0037135456,0.0053320980,0.0069297037,0.0098525276,0.0114908047,0.0120956503,0.0123879735,0.0126412679
2013-09-04,0.0009270093,0.0013224213,0.0024525245,0.0037030522,0.0053607171,0.0069713064,0.0098722383,0.0115953204,0.0120595570,0.0123688768,0.0124489192
2013-09-03,0.0007283164,0.0011229932,0.0022011942,0.0034289567,0.0050761396,0.0066828320,0.0095852044,0.0112788340,0.0119907297,0.0123809674,0.0125730398
2013-09-02,0.0007285825,0.0010594271,0.0021362222,0.0033413641,0.0050334466,0.0066304862,0.0095332082,0.0112515070,0.0121731125,0.0126230593,0.0129710468
2013-08-30,0.0007306901,0.0011098257,0.0021939469,0.0033858558,0.0050606581,0.0066730153,0.0095852743,0.0112509321,0.0121941004,0.0127350532,0.0129844110
2013-08-29,0.0007081929,0.0010647108,0.0020924412,0.0032701447,0.0049894567,0.0065746463,0.0095048826,0.0112218949,0.0121334320,0.0131322919,0.0129371371
2013-08-28,0.0007347991,0.0010908045,0.0021230132,0.0033129885,0.0050423928,0.0066280890,0.0095673287,0.0112955850,0.0121936699,0.0131162632,0.0129978949
2013-08-27,0.0006958854,0.0011152818,0.0021633208,0.0033564325,0.0050342066,0.0066468547,0.0095554271,0.0112889034,0.0122246329,0.0128915288,0.0130174801
2013-08-26,0.0006514437,0.0009796918,0.0020178257,0.0032384652,0.0049474207,0.0065278313,0.0094599127,0.0112191358,0.0117829197,0.0122151967,0.0122490317
2013-08-23,0.0006514283,0.0009796717,0.0020162807,0.0032354147,0.0049435992,0.0065243879,0.0094587285,0.0112208847,0.0117885365,0.0122291627,0.0122551674
2013-08-22,0.0007616615,0.0010468640,0.0021348261,0.0034021038,0.0050589246,0.0066371380,0.0096105963,0.0112152998,0.0115743549,0.0116924075,0.0118662837
2013-08-21,0.0007390567,0.0010366619,0.0021830333,0.0034491494,0.0050370562,0.0066109649,0.0095785596,0.0111414251,0.0114148517,0.0115389043,0.0116498935
2013-08-20,0.0006934078,0.0010600314,0.0021204231,0.0033678889,0.0049903159,0.0065893994,0.0095289795,0.0111610394,0.0114782733,0.0115490314,0.0117082629
2013-08-19,0.0006849228,0.0010444253,0.0020761057,0.0033118643,0.0049582981,0.0065292833,0.0094995088,0.0110820610,0.0110692545,0.0112820832,0.0110727664
2013-08-16,0.0006337457,0.0010200816,0.0019948879,0.0032033209,0.0048096660,0.0063992464,0.0093592840,0.0109211563,0.0115076697,0.0117893689,0.0120392135
2013-08-15,0.0006738679,0.0010638449,0.0020093874,0.0032256347,0.0048597367,0.0064322997,0.0094051016,0.0109787610,0.0115579464,0.0118403787,0.0120910432
2013-08-14,0.0006543658,0.0009529800,0.0018819793,0.0030807037,0.0046624500,0.0062287550,0.0091719320,0.0107727580,0.0111413020,0.0113161798,0.0114576560
2013-08-13,0.0006798504,0.0009984647,0.0018839335,0.0030566280,0.0046937689,0.0062466568,0.0091975551,0.0108122124,0.0111583067,0.0113368179,0.0114753924
2013-08-12,0.0006767686,0.0009839968,0.0019414492,0.0031075276,0.0047221230,0.0062998931,0.0092422699,0.0108739175,0.0111928117,0.0113680216,0.0114304098
2013-08-09,0.0006980330,0.0010169751,0.0019377736,0.0031224944,0.0047553728,0.0063144398,0.0092673822,0.0108789811,0.0112048918,0.0113720599,0.0115194065
2013-08-08,0.0006776381,0.0009617325,0.0019298330,0.0030982349,0.0047093487,0.0063185504,0.0092569535,0.0108962962,0.0112045727,0.0113914705,0.0114422574
2013-08-07,0.0006650551,0.0009271337,0.0018441159,0.0030223708,0.0046609613,0.0063088460,0.0092472035,0.0108951284,0.0112046549,0.0114179278,0.0114426817
2013-08-06,0.0005959962,0.0007936686,0.0017143785,0.0029602158,0.0046419680,0.0063075445,0.0092467944,0.0109554607,0.0113172278,0.0115948319,0.0116132730
2013-08-05,0.0005762137,0.0007702444,0.0017485436,0.0029741121,0.0046536027,0.0063185703,0.0092553950,0.0109606292,0.0113293309,0.0115653856,0.0116265172
2013-08-02,0.0005132183,0.0007333399,0.0017917724,0.0029965302,0.0046631349,0.0063315662,0.0092611275,0.0109553136,0.0112847603,0.0113962143,0.0115287643
2013-08-01,0.0005559716,0.0007276018,0.0017511569,0.0030131911,0.0046789494,0.0063383326,0.0093031979,0.0109631594,0.0109559033,0.0110851226,0.0109642572
2013-07-31,0.0006319562,0.0008651114,0.0019690988,0.0031753838,0.0048633917,0.0064952339,0.0094200476,0.0111678493,0.0115547241,0.0117974007,0.0118601915
2013-07-30,0.0007346252,0.0010344290,0.0020410711,0.0032102534,0.0049187366,0.0065078019,0.0094583788,0.0111314898,0.0114453610,0.0116510898,0.0116926880
2013-07-29,0.0007746984,0.0011080089,0.0020394669,0.0032183495,0.0049313419,0.0065435824,0.0094945230,0.0111112896,0.0114960810,0.0116501076,0.0118108010
2013-07-26,0.0007763292,0.0010899570,0.0020151827,0.0031953700,0.0049050298,0.0065233638,0.0094880959,0.0111239344,0.0114356801,0.0116259023,0.0116748993
2013-07-25,0.0007275392,0.0011117651,0.0020577609,0.0031937014,0.0048773101,0.0065342930,0.0094781206,0.0110891984,0.0114978553,0.0116197840,0.0118145870
2013-07-24,0.0006479525,0.0010499697,0.0019442393,0.0031019505,0.0048450404,0.0064696708,0.0094328188,0.0110380757,0.0112498966,0.0114772113,0.0114426062
2013-07-23,0.0006037000,0.0010128620,0.0019108687,0.0030918838,0.0048238176,0.0064679254,0.0094226105,0.0110348132,0.0115574044,0.0117850028,0.0119858623
2013-07-22,0.0006902158,0.0010074407,0.0019705845,0.0032120757,0.0049586564,0.0065574737,0.0095488855,0.0112099618,0.0112325508,0.0114202047,0.0112442628
2013-07-19,0.0006363362,0.0009892002,0.0020792905,0.0033831236,0.0051254804,0.0067427250,0.0097119111,0.0113900804,0.0116199900,0.0118462229,0.0118165717
2013-07-18,0.0006718451,0.0010825648,0.0022231372,0.0034865843,0.0052047575,0.0068239320,0.0097750274,0.0114593356,0.0117967583,0.0120890911,0.0121067754
2013-07-17,0.0007825375,0.0012030183,0.0023947540,0.0036252729,0.0053108734,0.0070016363,0.0099334115,0.0115807591,0.0121299910,0.0124880323,0.0125585171
2013-07-16,0.0008185817,0.0012972216,0.0025003567,0.0038258162,0.0055436523,0.0072112794,0.0101678804,0.0118022108,0.0123022303,0.0126026484,0.0127318844
2013-07-15,0.0009227545,0.0013838900,0.0026000809,0.0039065695,0.0055966265,0.0072641105,0.0101974671,0.0118585689,0.0124931109,0.0128482504,0.0130391095
2013-07-12,0.0009365152,0.0014506309,0.0026794782,0.0039855732,0.0056925895,0.0073745387,0.0103141461,0.0118988869,0.0121046604,0.0122983765,0.0123008662
2013-07-11,0.0008517314,0.0013276177,0.0024906574,0.0037864389,0.0055004155,0.0071929532,0.0101624701,0.0117586834,0.0119880074,0.0121796842,0.0121852567
2013-07-10,0.0009718887,0.0014408427,0.0027405934,0.0040492817,0.0057874113,0.0075140447,0.0104941863,0.0121356890,0.0126409064,0.0128343771,0.0130402070
2013-07-09,0.0010830915,0.0015436982,0.0028372657,0.0041217207,0.0058263665,0.0075166191,0.0104810733,0.0121539562,0.0125618564,0.0128110513,0.0129184919
2013-07-08,0.0009507560,0.0014687879,0.0028303216,0.0041460924,0.0058823866,0.0076255549,0.0106075321,0.0122551934,0.0126634515,0.0128695086,0.0129664648
2013-07-05,0.0010769608,0.0016548717,0.0030326186,0.0043513089,0.0061039134,0.0078164646,0.0107736711,0.0124177936,0.0127034198,0.0128758949,0.0129165956
2013-07-04,0.0011822774,0.0017029889,0.0030529919,0.0043767670,0.0061293286,0.0078279596,0.0107943379,0.0124544176,0.0126957798,0.0129151689,0.0128734729
2013-07-03,0.0013397430,0.0019328429,0.0033880116,0.0047805528,0.0064908356,0.0081706904,0.0111261820,0.0127393685,0.0129827306,0.0132297507,0.0131881434
2013-07-02,0.0010188894,0.0017062720,0.0030434151,0.0044134832,0.0061451885,0.0078627527,0.0107960373,0.0124032844,0.0130424419,0.0133856745,0.0135934829
2013-07-01,0.0012206393,0.0018067882,0.0031843126,0.0045216928,0.0062413668,0.0079507938,0.0109341210,0.0125798847,0.0130793156,0.0135252725,0.0135109148
2013-06-28,0.0011682736,0.0018668710,0.0032505732,0.0046284934,0.0063270949,0.0080819027,0.0110447720,0.0126829402,0.0131966592,0.0139463548,0.0136048001
2013-06-27,0.0012187192,0.0017682476,0.0031392394,0.0045270634,0.0062271818,0.0079300868,0.0108805225,0.0125097684,0.0129399443,0.0131764331,0.0132573251
2013-06-26,0.0013971122,0.0019920967,0.0033620133,0.0048183494,0.0065031399,0.0081840159,0.0111018633,0.0126930105,0.0130842696,0.0133377687,0.0134273961
2013-06-25,0.0016555792,0.0023787457,0.0038891678,0.0053089972,0.0070085446,0.0086895119,0.0116099108,0.0131747912,0.0135785520,0.0137575376,0.0139143246
2013-06-24,0.0019687273,0.0026876106,0.0044680489,0.0058313343,0.0074833986,0.0091045133,0.0120168194,0.0135852571,0.0140594157,0.0142784435,0.0144692885
2013-06-21,0.0016711369,0.0022634653,0.0037062196,0.0049756239,0.0066415868,0.0082312742,0.0111391226,0.0127294514,0.0130692318,0.0133155704,0.0133698625
2013-06-20,0.0014335241,0.0019967240,0.0033166855,0.0046165958,0.0062245301,0.0078174654,0.0107214959,0.0122956710,0.0126546994,0.0128771107,0.0129499913
2013-06-19,0.0007753371,0.0012987993,0.0023683972,0.0034703123,0.0051313587,0.0066988388,0.0096144778,0.0112207879,0.0112386102,0.0113014568,0.0112303306
2013-06-18,0.0007868339,0.0012871527,0.0023923969,0.0035118536,0.0051284176,0.0066660013,0.0095671511,0.0111771983,0.0114531257,0.0115878433,0.0116492120
2013-06-17,0.0007474258,0.0011979006,0.0023335307,0.0034787432,0.0051068198,0.0066266746,0.0095266609,0.0111558983,0.0113715730,0.0115106146,0.0115346578
2013-06-14,0.0007726410,0.0012982127,0.0023550245,0.0035139687,0.0051545233,0.0066908490,0.0096216484,0.0111867565,0.0113763786,0.0114777452,0.0115306922
2013-06-13,0.0009804258,0.0015585042,0.0027353429,0.0039415227,0.0055517226,0.0070796540,0.0099842834,0.0115820599,0.0119269068,0.0120765048,0.0121601656
2013-06-12,0.0010010899,0.0015080033,0.0026428595,0.0038364993,0.0054586185,0.0070089602,0.0099130304,0.0115224925,0.0117284559,0.0118452409,0.0118883284
2013-06-11,0.0010108909,0.0014789280,0.0026555850,0.0038598548,0.0055019386,0.0070690324,0.0099739984,0.0115587925,0.0117521603,0.0118404893,0.0118900259
2013-06-10,0.0007762476,0.0013225340,0.0023051335,0.0035053797,0.0051878728,0.0067103764,0.0096241119,0.0111815465,0.0115643674,0.0117151057,0.0118782072
2013-06-07,0.0007926840,0.0012341795,0.0022601499,0.0034685476,0.0051317051,0.0067307808,0.0096320604,0.0111866674,0.0112101507,0.0112328206,0.0111820961
2013-06-06,0.0010559814,0.0015217836,0.0027527208,0.0039688552,0.0056128731,0.0071865343,0.0101109991,0.0116892645,0.0118427955,0.0119279574,0.0119963112
2013-06-05,0.0009663882,0.0014294622,0.0025262182,0.0037020013,0.0053480511,0.0069131807,0.0098262328,0.0114080117,0.0115797037,0.0116620289,0.0117299680
2013-06-04,0.0007703603,0.0012394300,0.0022536963,0.0033979172,0.0050637356,0.0066121831,0.0095346452,0.0110849421,0.0113107230,0.0114488841,0.0114951562
2013-06-03,0.0008729923,0.0013172885,0.0023390782,0.0035186093,0.0051843199,0.0067617282,0.0096890734,0.0112281995,0.0115981623,0.0116703543,0.0118315271
2013-05-31,0.0008317590,0.0012690174,0.0022357744,0.0033786068,0.0050563966,0.0066453813,0.0095724518,0.0111034711,0.0113694423,0.0114880586,0.0115492063
2013-05-30,0.0007816897,0.0012584502,0.0021898793,0.0033329835,0.0050013390,0.0065725401,0.0094789982,0.0110656315,0.0113050154,0.0114657775,0.0114978105
2013-05-29,0.0007831780,0.0012655358,0.0022155124,0.0033635534,0.0050188190,0.0065846963,0.0094973471,0.0110933646,0.0113077053,0.0114724173,0.0115017724
2013-05-28,0.0006324414,0.0010739313,0.0019828070,0.0030867989,0.0047193798,0.0062686313,0.0092180052,0.0107834388,0.0111147771,0.0113336194,0.0114019581
2013-05-27,0.0007545293,0.0012439774,0.0021572899,0.0032812945,0.0049450520,0.0065297007,0.0094393067,0.0109876236,0.0111354424,0.0112533363,0.0113200369
2013-05-24,0.0007545420,0.0012439693,0.0021567463,0.0032803055,0.0049441413,0.0065288857,0.0094391309,0.0109879515,0.0111361433,0.0112538089,0.0113212881
2013-05-23,0.0006950931,0.0011021808,0.0019002928,0.0030046421,0.0047035932,0.0062781134,0.0091924207,0.0107636254,0.0109762449,0.0113146276,0.0112092416
2013-05-22,0.0005420110,0.0009156578,0.0017943524,0.0029156607,0.0045767928,0.0061662713,0.0090899147,0.0107239550,0.0112293398,0.0116362295,0.0116373233
2013-05-21,0.0006051742,0.0009158859,0.0018639051,0.0031234646,0.0048028283,0.0064480642,0.0093650332,0.0108951024,0.0111749749,0.0113704680,0.0114069383
2013-05-20,0.0005935006,0.0008878776,0.0018498899,0.0030860110,0.0048092550,0.0064442029,0.0093629734,0.0108957874,0.0111748041,0.0113717616,0.0114054286
2013-05-17,0.0006312186,0.0009447190,0.0018355502,0.0030850327,0.0048517613,0.0065105267,0.0094455839,0.0110009410,0.0110128010,0.0112820505,0.0110164600
2013-05-16,0.0007119356,0.0010509542,0.0019792225,0.0032609301,0.0049750343,0.0066472107,0.0096128580,0.0111646653,0.0116521856,0.0120000123,0.0120646438
2013-05-15,0.0008683879,0.0012978766,0.0023140739,0.0035664947,0.0052662802,0.0069557526,0.0097706175,0.0113778640,0.0115113807,0.0116222804,0.0114075650
2013-05-14,0.0007952291,0.0012104253,0.0022664649,0.0035143007,0.0052237739,0.0069364514,0.0097783460,0.0114213275,0.0118403419,0.0119477125,0.0119010511
2013-05-13,0.0007531507,0.0011631196,0.0022285784,0.0034343533,0.0051584038,0.0068691965,0.0096917269,0.0114126244,0.0115929338,0.0114995514,0.0115938643
2013-05-10,0.0006935615,0.0010830002,0.0020547372,0.0033011693,0.0050547206,0.0067482147,0.0096369817,0.0112786046,0.0112742660,0.0113630591,0.0112758328
2013-05-09,0.0006659809,0.0010363714,0.0019214974,0.0031920607,0.0049681511,0.0066659029,0.0096191220,0.0112720069,0.0117112765,0.0119049612,0.0119987583
2013-05-08,0.0006388809,0.0010142821,0.0019969453,0.0032640276,0.0050075436,0.0066606387,0.0095619359,0.0111666402,0.0113382534,0.0115355900,0.0114976406
2013-05-07,0.0006172502,0.0009827605,0.0019753234,0.0032651884,0.0050087991,0.0066986571,0.0096411380,0.0112759805,0.0116412131,0.0119378909,0.0119855186
2013-05-06,0.0008223482,0.0011861656,0.0021255389,0.0035384255,0.0053196777,0.0070304262,0.0100084392,0.0115566970,0.0117507018,0.0118976377,0.0118470407
2013-05-03,0.0008222480,0.0011861474,0.0021253542,0.0035383207,0.0053189300,0.0070298681,0.0100084687,0.0115569174,0.0117503636,0.0118976317,0.0118501698
2013-05-02,0.0008380159,0.0011981266,0.0023362919,0.0037187095,0.0055543904,0.0073442370,0.0103558545,0.0120234201,0.0121190006,0.0120931258,0.0121276287
2013-05-01,0.0009210110,0.0013769026,0.0025146537,0.0039181400,0.0057321713,0.0074873157,0.0104407801,0.0119603730,0.0122297439,0.0123620410,0.0122946830
2013-04-30,0.0008686253,0.0013106113,0.0025006384,0.0039137984,0.0057342770,0.0074864876,0.0104433519,0.0119523970,0.0121907028,0.0124606185,0.0122632488
2013-04-29,0.0008452143,0.0012788063,0.0026305995,0.0040404058,0.0058465027,0.0076380961,0.0106181064,0.0121083005,0.0126360584,0.0129909543,0.0130501829
2013-04-26,0.0010492299,0.0014786305,0.0028498323,0.0043318080,0.0060895431,0.0077752549,0.0105946789,0.0118002832,0.0120943993,0.0121753609,0.0121345607
2013-04-25,0.0010532408,0.0014843918,0.0028984078,0.0043628652,0.0061342434,0.0078229585,0.0106645749,0.0119156749,0.0122210734,0.0122243460,0.0122332470
2013-04-24,0.0010845819,0.0015571460,0.0029865064,0.0044896081,0.0062465382,0.0079587212,0.0107837546,0.0120312361,0.0119791240,0.0119799314,0.0119174706
2013-04-23,0.0012078500,0.0017308056,0.0031300311,0.0045668443,0.0063287535,0.0080000847,0.0108404033,0.0120824562,0.0121795344,0.0121795044,0.0121409376
2013-04-22,0.0011888726,0.0016987947,0.0032482456,0.0046551383,0.0064507450,0.0081574338,0.0110340477,0.0123832386,0.0126228785,0.0127198025,0.0127935009
2013-04-19,0.0013570124,0.0018174418,0.0032826321,0.0047692532,0.0065458602,0.0082290505,0.0110424632,0.0122131523,0.0121098743,0.0120680252,0.0120363501
2013-04-18,0.0012922170,0.0017799292,0.0032677940,0.0047502875,0.0065288074,0.0082281422,0.0110548659,0.0122421558,0.0121718013,0.0121014426,0.0121114297
2013-04-17,0.0012175660,0.0017448977,0.0031809834,0.0046344436,0.0064097180,0.0081077092,0.0109036630,0.0120635010,0.0119913824,0.0119453563,0.0119602041
2013-04-16,0.0011399520,0.0016828882,0.0030723405,0.0045241174,0.0063033506,0.0079557208,0.0107327087,0.0118976679,0.0119030573,0.0118951719,0.0119065917
2013-04-15,0.0012120894,0.0017102143,0.0030425037,0.0045022216,0.0062829723,0.0079320075,0.0107087105,0.0118730516,0.0118776591,0.0118669001,0.0118810116
2013-04-12,0.0011877917,0.0016856553,0.0030148323,0.0044772052,0.0062694687,0.0079131342,0.0106885308,0.0118486324,0.0118283239,0.0118308501,0.0118313609
2013-04-11,0.0010956997,0.0015603700,0.0028511934,0.0042973311,0.0060801964,0.0077472511,0.0105238879,0.0116866839,0.0116957327,0.0116968353,0.0116986061
2013-04-10,0.0012183223,0.0017311226,0.0030804885,0.0045703228,0.0063401648,0.0080072685,0.0107857600,0.0119585660,0.0119680501,0.0119757706,0.0119959560
2013-04-09,0.0017101888,0.0022266658,0.0035165769,0.0049623628,0.0067309424,0.0084010953,0.0111861459,0.0123343761,0.0123717174,0.0123884005,0.0123728508
2013-04-08,0.0015675619,0.0021495769,0.0035803266,0.0050637280,0.0068351334,0.0084927803,0.0112699945,0.0124327892,0.0124190392,0.0124527489,0.0124250298
2013-04-05,0.0018175076,0.0022824475,0.0036608895,0.0052043681,0.0069543650,0.0086422495,0.0114241485,0.0125944366,0.0125819285,0.0125826010,0.0125945307
2013-04-04,0.0017012906,0.0022282458,0.0035702263,0.0050255190,0.0067830474,0.0084299040,0.0112131845,0.0123785858,0.0123492914,0.0123540397,0.0123573949
2013-04-03,0.0014299410,0.0019663340,0.0032448573,0.0047674728,0.0064990939,0.0081845974,0.0109667645,0.0121575345,0.0121080523,0.0121422746,0.0122140060
2013-04-02,0.0015420819,0.0019837729,0.0032409535,0.0047151440,0.0064643309,0.0081273364,0.0108835337,0.0120658795,0.0120781633,0.0120893609,0.0120922903
2013-04-01,0.0017556297,0.0021672541,0.0033197481,0.0047573205,0.0065258829,0.0081697198,0.0109339294,0.0120862110,0.0121310877,0.0121144604,0.0121363908
2013-03-29,0.0017556239,0.0021672588,0.0033197761,0.0047573409,0.0065259209,0.0081697201,0.0109338521,0.0120860960,0.0121308942,0.0121142967,0.0121362508
2013-03-28,0.0017556378,0.0021672597,0.0033197375,0.0047572078,0.0065256583,0.0081695091,0.0109340203,0.0120866793,0.0121320437,0.0121154830,0.0121380327
2013-03-27,0.0015182075,0.0020092205,0.0032229493,0.0046826326,0.0064636732,0.0081025104,0.0108740783,0.0120388318,0.0120123414,0.0120015769,0.0120156189
2013-03-26,0.0010412830,0.0014460961,0.0025981114,0.0040673943,0.0058475969,0.0075140037,0.0102876300,0.0114674163,0.0114233146,0.0114258001,0.0114492014
2013-03-25,0.0010368846,0.0014579399,0.0024971005,0.0039142035,0.0057014176,0.0073814628,0.0101538037,0.0113161280,0.0112740134,0.0112747882,0.0112618321
2013-03-22,0.0009339918,0.0012904652,0.0023023049,0.0037960451,0.0055870266,0.0072506833,0.0100256690,0.0112306928,0.0112585485,0.0112152765,0.0112390017
2013-03-21,0.0008117475,0.0011772752,0.0021953042,0.0036688998,0.0054550830,0.0071148864,0.0098914972,0.0110872803,0.0110689023,0.0110708333,0.0110537519
2013-03-20,0.0006344659,0.0009937376,0.0020760684,0.0034402336,0.0052143854,0.0068916336,0.0096549996,0.0108328033,0.0108222056,0.0108237018,0.0108244339
2013-03-19,0.0006380764,0.0009693920,0.0019060893,0.0033544460,0.0051402146,0.0068122676,0.0096060097,0.0107885304,0.0107182045,0.0108033222,0.0107530943
2013-03-18,0.0006333907,0.0009664942,0.0019461975,0.0033660015,0.0051383613,0.0068026010,0.0095843573,0.0107669416,0.0109493433,0.0110799112,0.0110922649
2013-03-15,0.0004507830,0.0008289529,0.0019110117,0.0032872133,0.0050699907,0.0067055994,0.0094808737,0.0106858889,0.0109122491,0.0110777120,0.0111145715
2013-03-14,0.0004259688,0.0007795650,0.0018541396,0.0033257705,0.0051229937,0.0067745780,0.0095551680,0.0108643027,0.0112339251,0.0113367495,0.0114878186
2013-03-13,0.0004188754,0.0007721669,0.0019152066,0.0035157484,0.0052995279,0.0069773879,0.0097610813,0.0110083171,0.0109995984,0.0109374235,0.0110115617
2013-03-12,0.0005594535,0.0009692951,0.0020683432,0.0036424435,0.0053922831,0.0071199193,0.0098943021,0.0110953691,0.0110513998,0.0110618734,0.0110975645
2013-03-11,0.0005851588,0.0009941938,0.0020417114,0.0036429304,0.0054015811,0.0071386807,0.0099110804,0.0111108734,0.0110969095,0.0111054959,0.0111331101
2013-03-08,0.0005985680,0.0009156102,0.0020010439,0.0036230603,0.0053708581,0.0071097366,0.0098819670,0.0110808583,0.0110988351,0.0111435587,0.0111347405
2013-03-07,0.0005559214,0.0010020547,0.0022586240,0.0038724221,0.0056103888,0.0073649820,0.0101187734,0.0113015673,0.0114859714,0.0115632872,0.0116286656
2013-03-06,0.0004666077,0.0009301092,0.0024374313,0.0041031347,0.0058398661,0.0075416940,0.0103030270,0.0115032110,0.0115146299,0.0115330533,0.0115113062
2013-03-05,0.0005972247,0.0009836734,0.0024801054,0.0041967282,0.0059165659,0.0076507717,0.0104304592,0.0116269937,0.0116586210,0.0116680747,0.0116949045
2013-03-04,0.0007774609,0.0011511880,0.0027254679,0.0044403030,0.0061212305,0.0078665891,0.0106588018,0.0118519612,0.0119875446,0.0118782313,0.0119593141
2013-03-01,0.0006340363,0.0010106861,0.0026811678,0.0044675688,0.0061683041,0.0079237365,0.0106865005,0.0118941435,0.0119040230,0.0119188127,0.0119011257
2013-02-28,0.0005430463,0.0009654020,0.0025709198,0.0044536287,0.0061729129,0.0079161965,0.0106684252,0.0118571171,0.0119704913,0.0120268446,0.0120737637
2013-02-27,0.0008153039,0.0012027902,0.0029676131,0.0047647544,0.0064883683,0.0082047656,0.0109596138,0.0121438350,0.0122307437,0.0122984956,0.0123483681
2013-02-26,0.0009838618,0.0013629574,0.0031382765,0.0049008560,0.0066166210,0.0083108123,0.0110585795,0.0122851112,0.0123278490,0.0123328449,0.0123254736
2013-02-25,0.0004939320,0.0008828555,0.0026330871,0.0043977572,0.0061113236,0.0078191346,0.0105707792,0.0117667899,0.0118920240,0.0119485395,0.0119959359
2013-02-22,0.0005942648,0.0011064349,0.0029145100,0.0047071409,0.0064156172,0.0081377010,0.0109040153,0.0121046078,0.0120965391,0.0121128204,0.0120998027
2013-02-21,0.0008755704,0.0013499651,0.0029049159,0.0047684514,0.0064788488,0.0082191676,0.0109781864,0.0121756736,0.0121895651,0.0121914626,0.0121920440
2013-02-20,0.0005842852,0.0010696860,0.0028050631,0.0045169165,0.0062601838,0.0079611622,0.0107100177,0.0118943524,0.0120338963,0.0121275602,0.0121403323
2013-02-19,0.0006450832,0.0011085973,0.0028923154,0.0046053532,0.0063640672,0.0080960279,0.0108244789,0.0119796057,0.0121801250,0.0122998611,0.0123628726
2013-02-18,0.0007119814,0.0011442798,0.0029686202,0.0046784646,0.0064618225,0.0082002297,0.0109104426,0.0120923052,0.0123220177,0.0124203032,0.0125098740
2013-02-15,0.0008594430,0.0012812408,0.0028488013,0.0047183226,0.0064803924,0.0082612859,0.0109835812,0.0121863845,0.0122530851,0.0122590833,0.0122644380
2013-02-14,0.0007893746,0.0012638268,0.0030576594,0.0047974044,0.0065481664,0.0082545717,0.0109854384,0.0121620783,0.0123101623,0.0123692284,0.0124161782
2013-02-13,0.0008265067,0.0012704019,0.0030628459,0.0048199590,0.0065455417,0.0082663267,0.0109971173,0.0121706059,0.0123315691,0.0124058016,0.0124601264
2013-02-12,0.0009485299,0.0013824545,0.0031733759,0.0049283125,0.0066451098,0.0083674259,0.0111090476,0.0122963752,0.0124063248,0.0124732017,0.0124515939
2013-02-11,0.0010885682,0.0015043904,0.0032878945,0.0050391018,0.0067461924,0.0084697615,0.0112221171,0.0124234441,0.0124815337,0.0125409680,0.0124430672
2013-02-08,0.0010547222,0.0014675902,0.0031221761,0.0050178108,0.0067173136,0.0085020605,0.0112570947,0.0124562681,0.0124694753,0.0125201692,0.0124714729
2013-02-07,0.0011025789,0.0015487578,0.0031837820,0.0050910545,0.0067908428,0.0085801316,0.0113327827,0.0125354831,0.0125435178,0.0125669945,0.0125443934
2013-02-06,0.0011184289,0.0015491453,0.0033763545,0.0051450806,0.0068591377,0.0085980613,0.0113428434,0.0125348394,0.0126707085,0.0127255770,0.0127938168
2013-02-05,0.0011165014,0.0015323793,0.0032779363,0.0051278457,0.0068440536,0.0086157454,0.0113448498,0.0125626732,0.0127072400,0.0127725299,0.0128552190
2013-02-04,0.0010684708,0.0014803374,0.0033078097,0.0050766818,0.0067928810,0.0085326105,0.0112802377,0.0124744075,0.0126096185,0.0126759892,0.0127349676
2013-02-01,0.0010137837,0.0014050561,0.0031839163,0.0049527018,0.0066743432,0.0084290407,0.0111864722,0.0123871448,0.0124287089,0.0124320571,0.0124334610
2013-01-31,0.0010684026,0.0014738969,0.0030856777,0.0050685544,0.0068210617,0.0086112199,0.0113845165,0.0126166860,0.0126606828,0.0126636379,0.0126256957
2013-01-30,0.0010514314,0.0014940814,0.0031640090,0.0050308642,0.0067300029,0.0085047927,0.0112351422,0.0124707686,0.0124988044,0.0125002746,0.0125067549
2013-01-29,0.0009162831,0.0013538070,0.0030020016,0.0048452533,0.0065303286,0.0083059452,0.0110387122,0.0122897140,0.0122669303,0.0122881921,0.0122807669
2013-01-28,0.0006998495,0.0011504438,0.0028657466,0.0045900526,0.0063202192,0.0080879097,0.0108198390,0.0120670889,0.0120516929,0.0120560755,0.0120851200
2013-01-25,0.0006868590,0.0011285479,0.0028547001,0.0046050996,0.0063226137,0.0080912362,0.0108263633,0.0120762259,0.0120742610,0.0120791105,0.0121092514
2013-01-24,0.0008034094,0.0012699510,0.0030007747,0.0047652999,0.0064877559,0.0082595335,0.0109882092,0.0122340515,0.0120464315,0.0120497010,0.0120642230
2013-01-23,0.0006943102,0.0011244734,0.0028011368,0.0045578523,0.0062702009,0.0080549098,0.0107895830,0.0120396668,0.0118005270,0.0118010766,0.0118442600
2013-01-22,0.0007425313,0.0011465288,0.0028967148,0.0047027613,0.0064094674,0.0081960579,0.0109789881,0.0122613327,0.0122847699,0.0122168295,0.0122553863
2013-01-21,0.0007866212,0.0011868722,0.0030010300,0.0047455524,0.0064465419,0.0081905202,0.0109622810,0.0122359700,0.0120411519,0.0119621138,0.0120368333
2013-01-18,0.0007414626,0.0012220662,0.0030143385,0.0047975201,0.0065502179,0.0083149663,0.0110992927,0.0123256963,0.0121518579,0.0120967730,0.0121469063
2013-01-17,0.0007117181,0.0012151374,0.0030069318,0.0048747042,0.0065744641,0.0083369662,0.0111399574,0.0124043324,0.0122118980,0.0122718334,0.0122422770
2013-01-16,0.0009107802,0.0014138200,0.0031623297,0.0050858548,0.0067601935,0.0085408657,0.0112852941,0.0125793351,0.0125968820,0.0127369696,0.0127635950
2013-01-15,0.0009608347,0.0014138593,0.0031223330,0.0050733033,0.0067430065,0.0085382911,0.0112726004,0.0125943903,0.0126314220,0.0127984303,0.0128028136
2013-01-14,0.0008858011,0.0013397835,0.0028694162,0.0048838763,0.0065893886,0.0084357135,0.0111981346,0.0124550944,0.0124512711,0.0124895888,0.0124460229
2013-01-11,0.0008059010,0.0012327918,0.0027056189,0.0046846230,0.0063883519,0.0082271437,0.0110229670,0.0122627390,0.0123013667,0.0123399572,0.0122643933
2013-01-10,0.0007924699,0.0012469714,0.0026053084,0.0046941656,0.0063192108,0.0081679859,0.0109691640,0.0122230373,0.0124692680,0.0124318062,0.0121889650
2013-01-09,0.0008194742,0.0012942822,0.0027575927,0.0047322128,0.0064726009,0.0082906687,0.0111069682,0.0123436415,0.0123445720,0.0124255769,0.0123463171
2013-01-08,0.0007010802,0.0012120201,0.0027136992,0.0046973288,0.0065217260,0.0083638926,0.0111558138,0.0123425948,0.0120689651,0.0122069621,0.0121426063
2013-01-07,0.0009034879,0.0013966568,0.0028311572,0.0048008263,0.0065624833,0.0084618218,0.0112539821,0.0125118400,0.0121463539,0.0121144693,0.0121629620
2013-01-04,0.0010227158,0.0015298593,0.0031204874,0.0049658420,0.0067352771,0.0085832118,0.0114068379,0.0127006600,0.0124899946,0.0125242886,0.0124837680
2013-01-03,0.0008616083,0.0013518835,0.0028859017,0.0047851932,0.0066247492,0.0085157888,0.0113370388,0.0125837171,0.0126041430,0.0126459000,0.0126157794
2013-01-02,0.0008922365,0.0013844216,0.0028449002,0.0048488316,0.0067549654,0.0086506296,0.0115121450,0.0127756298,0.0125370954,0.0125517321,0.0125666253
2013-01-01,0.0010115307,0.0015265895,0.0031828542,0.0052309776,0.0071290453,0.0090413265,0.0119023813,0.0131124200,0.0132230809,0.0132317309,0.0132062630
2012-12-31,0.0010115406,0.0015266128,0.0031829481,0.0052310995,0.0071291262,0.0090413548,0.0119023497,0.0131124212,0.0132229390,0.0132317293,0.0132061616
2012-12-28,0.0009381715,0.0014676938,0.0031730571,0.0051973710,0.0071018966,0.0089990003,0.0118712887,0.0131245227,0.0131230469,0.0132388853,0.0132569141
2012-12-27,0.0010460977,0.0015576776,0.0032480442,0.0051474784,0.0070464205,0.0089400658,0.0117761914,0.0130183798,0.0130034281,0.0130332374,0.0129975228
2012-12-26,0.0010343794,0.0015149769,0.0032125686,0.0051333321,0.0070379196,0.0089116791,0.0117485198,0.0129914748,0.0129737748,0.0130355861,0.0129795720
2012-12-25,0.0010344588,0.0015150425,0.0032126099,0.0051333804,0.0070379588,0.0089116983,0.0117484741,0.0129913715,0.0129736298,0.0130355132,0.0129792239
2012-12-24,0.0010344951,0.0015151017,0.0032127210,0.0051334575,0.0070379989,0.0089117371,0.0117483755,0.0129911235,0.0129727793,0.0130349752,0.0129783480
2012-12-21,0.0010344666,0.0015437850,0.0032270306,0.0051478049,0.0070547238,0.0089259409,0.0117622797,0.0130047529,0.0129734076,0.0130345538,0.0129772481
2012-12-20,0.0010064433,0.0014793993,0.0030767791,0.0050538288,0.0069977047,0.0088670876,0.0117169750,0.0129901570,0.0130193940,0.0130235982,0.0130177403
2012-12-19,0.0007881015,0.0012976475,0.0029037053,0.0047854316,0.0067319305,0.0086324674,0.0115122028,0.0127388897,0.0130278167,0.0132252492,0.0131727211
2012-12-18,0.0007948437,0.0013486265,0.0028476277,0.0048564671,0.0068150637,0.0087007147,0.0116102787,0.0129276647,0.0126678531,0.0127374347,0.0126942483
2012-12-17,0.0008700134,0.0013874291,0.0030164057,0.0049788067,0.0069366575,0.0088209306,0.0117229835,0.0130180269,0.0132956569,0.0134716209,0.0133968927
2012-12-14,0.0009395877,0.0014600845,0.0031206502,0.0049812523,0.0069527660,0.0088344743,0.0117210538,0.0129812478,0.0133221563,0.0134172010,0.0134433298
2012-12-13,0.0009941662,0.0015050458,0.0031223277,0.0049794698,0.0069520124,0.0088531027,0.0117206374,0.0129531311,0.0136209452,0.0134854993,0.0134790485
2012-12-12,0.0008654806,0.0014034900,0.0030866842,0.0050990133,0.0070487643,0.0089322625,0.0117987191,0.0131150821,0.0130316953,0.0131165860,0.0131451927
2012-12-11,0.0008907230,0.0014302285,0.0031664991,0.0051722851,0.0071393849,0.0090420887,0.0119045403,0.0132013317,0.0131011935,0.0132264462,0.0132222868
2012-12-10,0.0010621998,0.0016099719,0.0033649883,0.0053077810,0.0072855461,0.0091989398,0.0120502851,0.0133071699,0.0134652791,0.0135664168,0.0135938841
2012-12-07,0.0009740683,0.0015140676,0.0032251895,0.0051976751,0.0071535815,0.0090319724,0.0119252058,0.0132465881,0.0131995087,0.0132609954,0.0133200155
2012-12-06,0.0009389939,0.0014631844,0.0031577424,0.0051506889,0.0071272847,0.0090204559,0.0118834523,0.0131610955,0.0133504614,0.0134641457,0.0134811889
2012-12-05,0.0008182933,0.0013525386,0.0031262821,0.0051181069,0.0070663752,0.0089836050,0.0118473479,0.0131370530,0.0133677241,0.0135153861,0.0135283180
2012-12-04,0.0009597060,0.0015086466,0.0032289248,0.0052163697,0.0071733608,0.0091195457,0.0119627294,0.0132005161,0.0133406815,0.0134380496,0.0134735568
2012-12-03,0.0010323956,0.0015680550,0.0032582703,0.0052608378,0.0072172975,0.0091580547,0.0119905698,0.0132308282,0.0132386506,0.0132335454,0.0132430469
2012-11-30,0.0011062535,0.0016542493,0.0033972009,0.0054024744,0.0073536988,0.0092696162,0.0121322003,0.0133797866,0.0135369114,0.0136552046,0.0136711483
2012-11-29,0.0011233598,0.0016532893,0.0034348327,0.0054291987,0.0073703987,0.0092926180,0.0121147458,0.0133311263,0.0134868207,0.0135806474,0.0135142751
2012-11-28,0.0013005010,0.0019118853,0.0036033657,0.0055834253,0.0075571512,0.0094940662,0.0122753443,0.0133564535,0.0136317716,0.0132835604,0.0137458712
2012-11-27,0.0012344636,0.0017550813,0.0035376781,0.0054333638,0.0074048607,0.0093451535,0.0121028799,0.0132509690,0.0143069843,0.0146105651,0.0148825475
2012-11-26,0.0009713529,0.0015104427,0.0033502405,0.0053518637,0.0072860611,0.0091921148,0.0120316230,0.0131191219,0.0132894435,0.0133815602,0.0134225020
2012-11-23,0.0010532145,0.0015427932,0.0033130590,0.0052557599,0.0071897153,0.0091097241,0.0118927528,0.0130235564,0.0134710195,0.0137103937,0.0136064700
2012-11-22,0.0010571899,0.0015415511,0.0032480158,0.0051998444,0.0071581882,0.0091052826,0.0119408698,0.0130544227,0.0132832255,0.0133985710,0.0134203141
2012-11-21,0.0011596841,0.0016414216,0.0034069059,0.0053306090,0.0073181252,0.0092625311,0.0120562752,0.0130802541,0.0133250828,0.0130192104,0.0134509390
2012-11-20,0.0013275229,0.0018659728,0.0035303418,0.0054790323,0.0074740666,0.0094126330,0.0122382980,0.0133305178,0.0135627761,0.0133082786,0.0136713231
2012-11-19,0.0013838769,0.0019290991,0.0036895883,0.0056526162,0.0076321854,0.0095651365,0.0123553082,0.0133928815,0.0136322012,0.0133658421,0.0137571837
2012-11-16,0.0016964951,0.0021917344,0.0040562113,0.0060497992,0.0080117318,0.0099464175,0.0127624033,0.0138741474,0.0140407222,0.0141289257,0.0141471848
2012-11-15,0.0015170480,0.0020004664,0.0038157724,0.0057900060,0.0077606749,0.0096889553,0.0124860635,0.0135985489,0.0137538466,0.0138423882,0.0138607874
2012-11-14,0.0012144650,0.0018380257,0.0035852580,0.0055687274,0.0075168820,0.0094817299,0.0122347235,0.0132710909,0.0133848051,0.0128700514,0.0133769693
2012-11-13,0.0012289205,0.0018498531,0.0036081859,0.0055972157,0.0075664270,0.0095098865,0.0122352338,0.0132712390,0.0133956588,0.0129034154,0.0133879131
2012-11-12,0.0013227253,0.0018315182,0.0036584023,0.0056044738,0.0075651477,0.0094948110,0.0122964345,0.0134985473,0.0136116038,0.0137794777,0.0138436757
2012-11-09,0.0013244078,0.0018340800,0.0036690153,0.0056150666,0.0075758563,0.0095042802,0.0123054161,0.0135067727,0.0136088217,0.0137759323,0.0138388816
2012-11-08,0.0013493554,0.0018650574,0.0036167985,0.0055686290,0.0075221808,0.0094791641,0.0122074717,0.0132636745,0.0135169364,0.0131767059,0.0136447175
2012-11-07,0.0013515098,0.0018676221,0.0036266213,0.0055775889,0.0075330606,0.0094882175,0.0122149923,0.0132491744,0.0134736716,0.0131483711,0.0135972944
2012-11-06,0.0012332823,0.0017350129,0.0036155217,0.0056089061,0.0075620521,0.0095025965,0.0123115627,0.0134850379,0.0134182271,0.0134538824,0.0135134867
2012-11-05,0.0013598813,0.0018381926,0.0037152158,0.0057009830,0.0076556969,0.0096060719,0.0123093664,0.0133605231,0.0135263122,0.0136278635,0.0136588288
2012-11-02,0.0012762669,0.0018422198,0.0036227835,0.0056052683,0.0075609717,0.0095188607,0.0121139660,0.0132108419,0.0132731525,0.0130505009,0.0133333329
2012-11-01,0.0013592220,0.0019320518,0.0037356087,0.0057152389,0.0076786453,0.0096294669,0.0122243233,0.0133213811,0.0133894876,0.0131666385,0.0134622562
2012-10-31,0.0014842268,0.0021231791,0.0038997232,0.0058666266,0.0078062502,0.0097779997,0.0124009874,0.0134572199,0.0135660504,0.0136185583,0.0136338919
2012-10-30,0.0015990173,0.0021793760,0.0040677621,0.0060508339,0.0079915420,0.0099629042,0.0125737695,0.0136193258,0.0135460441,0.0131445627,0.0134689517
2012-10-29,0.0018015499,0.0023252196,0.0042805632,0.0062605954,0.0081942325,0.0101565819,0.0128544122,0.0139118956,0.0137396423,0.0136248997,0.0136653272
2012-10-26,0.0014448515,0.0021632131,0.0041011605,0.0061526313,0.0081029238,0.0100442733,0.0124112304,0.0134592751,0.0139433482,0.0132410334,0.0139363938
2012-10-25,0.0014564372,0.0021744338,0.0040925789,0.0062018957,0.0081816827,0.0100862670,0.0124294542,0.0133927489,0.0138539345,0.0129486144,0.0138326220
2012-10-24,0.0015643302,0.0021411475,0.0041334264,0.0062086274,0.0081772499,0.0101220771,0.0123028713,0.0132305311,0.0128462545,0.0127268227,0.0129620707
2012-10-23,0.0015894294,0.0021061309,0.0040814527,0.0061662522,0.0081224698,0.0100663620,0.0122895378,0.0132243495,0.0129295353,0.0126307619,0.0130069351
2012-10-22,0.0015296064,0.0020682163,0.0039722310,0.0060844236,0.0080230932,0.0099330059,0.0123622414,0.0134700782,0.0136638497,0.0134274261,0.0138189240
2012-10-19,0.0014092520,0.0020080971,0.0039691541,0.0060223431,0.0079940309,0.0099320469,0.0121939057,0.0131411844,0.0129560672,0.0127563313,0.0130033788
2012-10-18,0.0014587640,0.0020129702,0.0038985584,0.0059570549,0.0079271778,0.0098557493,0.0121456582,0.0131050790,0.0127879944,0.0124166452,0.0128874352
2012-10-17,0.0012537245,0.0018336677,0.0037619355,0.0057983009,0.0077678708,0.0097011664,0.0119912546,0.0129585925,0.0128158607,0.0125559293,0.0128830092
2012-10-16,0.0014697959,0.0020510042,0.0039797665,0.0060902043,0.0080139125,0.0099607856,0.0122020401,0.0131643632,0.0130743989,0.0127966365,0.0131399530
2012-10-15,0.0016308668,0.0023111877,0.0043525325,0.0063818215,0.0083450782,0.0102587489,0.0125702027,0.0136205981,0.0137840431,0.0138985345,0.0139423675
2012-10-12,0.0014580068,0.0020630616,0.0040672545,0.0061679087,0.0081247093,0.0100696139,0.0123754203,0.0133621336,0.0131152622,0.0128688489,0.0131668770
2012-10-11,0.0017319738,0.0023275027,0.0043539905,0.0064124407,0.0083847119,0.0103019750,0.0126325536,0.0136661660,0.0135777884,0.0136339133,0.0137362882
2012-10-10,0.0016866710,0.0022792888,0.0043109291,0.0064560302,0.0084197330,0.0103425506,0.0126226635,0.0135732149,0.0134282508,0.0131517301,0.0134841384
2012-10-09,0.0016586282,0.0022360584,0.0042459656,0.0064098283,0.0083919321,0.0102882450,0.0125503218,0.0135002229,0.0132357620,0.0129342567,0.0133091513
2012-10-08,0.0015081403,0.0021127860,0.0040847131,0.0061949964,0.0081781181,0.0100800438,0.0123611905,0.0133410896,0.0133681888,0.0132062995,0.0135501057
2012-10-05,0.0014212954,0.0020490231,0.0040266921,0.0061271147,0.0081024528,0.0100337493,0.0122723810,0.0132245664,0.0130890551,0.0128124104,0.0131547559
2012-10-04,0.0019440628,0.0025911571,0.0046619371,0.0067696336,0.0087463747,0.0106092951,0.0129690221,0.0140099563,0.0141325924,0.0142703542,0.0143315857
2012-10-03,0.0021331795,0.0027231460,0.0047522104,0.0068315517,0.0088084166,0.0107070769,0.0130284304,0.0140380574,0.0139637823,0.0140202359,0.0141204248
2012-10-02,0.0019786669,0.0028053772,0.0048163649,0.0068732636,0.0088466178,0.0107609915,0.0128838597,0.0138517290,0.0135136427,0.0135725221,0.0136270127
2012-10-01,0.0020817403,0.0027296959,0.0048160219,0.0070295265,0.0089936152,0.0108919101,0.0131652739,0.0141286497,0.0143304105,0.0141944641,0.0144561820
2012-09-28,0.0022223923,0.0028968226,0.0049904436,0.0070811903,0.0090594038,0.0109608312,0.0132504101,0.0142301934,0.0141001597,0.0140642374,0.0140906994
2012-09-27,0.0024158633,0.0031783063,0.0052635595,0.0073600499,0.0093247436,0.0112063698,0.0134219008,0.0144230099,0.0144563666,0.0145814201,0.0145683680
2012-09-26,0.0027751677,0.0035311825,0.0056278986,0.0077003926,0.0096562068,0.0115356722,0.0137525017,0.0147354472,0.0150455208,0.0152522147,0.0150761214
2012-09-25,0.0021003698,0.0028183478,0.0048816333,0.0070748018,0.0090394571,0.0108896240,0.0130887080,0.0140167221,0.0141999167,0.0141073384,0.0143893198
2012-09-24,0.0020853051,0.0027075244,0.0046313350,0.0067153113,0.0086566167,0.0105714145,0.0128180662,0.0137404491,0.0137408720,0.0136470631,0.0139323401
2012-09-21,0.0017143828,0.0023790670,0.0043072061,0.0063384351,0.0082744355,0.0101871145,0.0123600140,0.0132794150,0.0131590370,0.0129810952,0.0132204428
2012-09-20,0.0016978881,0.0024913195,0.0042579353,0.0062701886,0.0081990936,0.0101293630,0.0122239814,0.0131692919,0.0129466151,0.0127198227,0.0130347600
2012-09-19,0.0013025241,0.0016949708,0.0033397761,0.0052401420,0.0071363081,0.0090511681,0.0112571965,0.0121794885,0.0121175187,0.0122837319,0.0123604399
2012-09-18,0.0012369829,0.0016975843,0.0033657158,0.0052658469,0.0071776293,0.0091175206,0.0112969994,0.0121621568,0.0120170341,0.0120629287,0.0121658143
2012-09-17,0.0011178689,0.0015620320,0.0031548687,0.0050630782,0.0070258221,0.0089458273,0.0111093454,0.0119644768,0.0118278289,0.0119218673,0.0120149225
2012-09-14,0.0009527999,0.0014666854,0.0030411317,0.0049363171,0.0069053048,0.0088249150,0.0109145469,0.0118327169,0.0117194379,0.0117774962,0.0118652145
2012-09-13,0.0010821814,0.0017332374,0.0036804395,0.0056656844,0.0077168830,0.0096259679,0.0116371219,0.0125424242,0.0123412714,0.0123222839,0.0124103893
2012-09-12,0.0011614348,0.0017268047,0.0037347493,0.0056877662,0.0077500750,0.0096489121,0.0117140506,0.0126231261,0.0127227816,0.0126240049,0.0128249577
2012-09-11,0.0013450844,0.0019466593,0.0039039794,0.0058744498,0.0079879356,0.0098816805,0.0119445088,0.0128334474,0.0129610397,0.0130553835,0.0130747062
2012-09-10,0.0012905598,0.0018648009,0.0038869088,0.0058424600,0.0079116013,0.0098912466,0.0119855791,0.0128966953,0.0127747076,0.0126897759,0.0129512044
2012-09-07,0.0012224205,0.0017985034,0.0038421017,0.0058479733,0.0078844140,0.0098218163,0.0118573873,0.0127795547,0.0126005120,0.0124968241,0.0126549828
2012-09-06,0.0017181338,0.0022933103,0.0044205812,0.0063698144,0.0084341039,0.0103529830,0.0123821828,0.0132893693,0.0133726715,0.0134908344,0.0135707965
2012-09-05,0.0022391831,0.0028929189,0.0051315500,0.0070499114,0.0091160646,0.0110203719,0.0130237809,0.0139079951,0.0140467288,0.0141724209,0.0141641930
2012-09-04,0.0024098410,0.0030699527,0.0052139751,0.0071811110,0.0092400231,0.0111293772,0.0131229635,0.0140360983,0.0139746746,0.0140615517,0.0141331758
2012-09-03,0.0024948368,0.0030688467,0.0053523018,0.0073220618,0.0093618392,0.0113085443,0.0132810309,0.0141974997,0.0140772872,0.0140319529,0.0142086534
2012-08-31,0.0026251955,0.0032740956,0.0055766059,0.0076175890,0.0095943795,0.0115963709,0.0136349527,0.0145734012,0.0146275982,0.0146010148,0.0149132302
2012-08-30,0.0027991524,0.0034735635,0.0056668161,0.0077384242,0.0097457210,0.0116467941,0.0135850416,0.0145190353,0.0144693704,0.0144261061,0.0146121974
2012-08-29,0.0020757641,0.0028004540,0.0048794207,0.0068654466,0.0089048582,0.0108176589,0.0127319846,0.0136445876,0.0134765758,0.0134713489,0.0135514372
2012-08-28,0.0021461447,0.0028504379,0.0048875967,0.0068817070,0.0089410790,0.0108138442,0.0127916625,0.0137016355,0.0136858244,0.0137619503,0.0138119803
2012-08-27,0.0020550003,0.0029111503,0.0048866102,0.0068925899,0.0089142453,0.0107993803,0.0127444797,0.0137061772,0.0138007448,0.0136780096,0.0138815749
2012-08-24,0.0020550604,0.0029113262,0.0048867483,0.0068928248,0.0089144197,0.0107990970,0.0127431092,0.0137032066,0.0137955209,0.0136722543,0.0138709400
2012-08-23,0.0018551199,0.0025291611,0.0045588461,0.0065418752,0.0085636879,0.0104650753,0.0124954801,0.0133971140,0.0134386846,0.0134189271,0.0136389629
2012-08-22,0.0015127950,0.0021136323,0.0041578545,0.0061493406,0.0081907630,0.0101205195,0.0121335109,0.0130028370,0.0128182354,0.0129045923,0.0129717485
2012-08-21,0.0011408269,0.0017378243,0.0038075460,0.0058424151,0.0078819514,0.0097706463,0.0117766116,0.0126334801,0.0124979202,0.0125818559,0.0126640854
2012-08-20,0.0014179997,0.0019849990,0.0039343589,0.0059155811,0.0079662821,0.0098864178,0.0118342868,0.0127324184,0.0124858263,0.0124804672,0.0125479318
2012-08-17,0.0014251635,0.0018993657,0.0040389822,0.0060911053,0.0080823356,0.0100165085,0.0120337301,0.0129267306,0.0127257787,0.0126570733,0.0128810155
2012-08-16,0.0015425497,0.0020918324,0.0041081883,0.0061248903,0.0081142306,0.0100464039,0.0120991188,0.0130175617,0.0128758661,0.0127831230,0.0131185459
2012-08-15,0.0014019519,0.0020741386,0.0040291551,0.0059921924,0.0079958831,0.0098736619,0.0118983583,0.0127995417,0.0129825570,0.0131027443,0.0132117984
2012-08-14,0.0012055794,0.0018798142,0.0039255432,0.0059248305,0.0079340274,0.0098450582,0.0118409782,0.0127127095,0.0127167570,0.0127687316,0.0128156978
2012-08-13,0.0013724336,0.0019470823,0.0040752078,0.0060782414,0.0081052235,0.0100089428,0.0119844164,0.0128452996,0.0127203497,0.0127971729,0.0128238812
2012-08-10,0.0013977173,0.0019640323,0.0041004612,0.0061339776,0.0081367497,0.0100460863,0.0120532723,0.0129443360,0.0127887952,0.0127391947,0.0129016867
2012-08-09,0.0011966336,0.0017359563,0.0038281637,0.0058533597,0.0078536638,0.0097676233,0.0117762118,0.0126457008,0.0125156666,0.0125903132,0.0126593336
2012-08-08,0.0012502925,0.0019018793,0.0040319487,0.0060920745,0.0080820919,0.0099658478,0.0119354199,0.0127938817,0.0126929354,0.0126966594,0.0126970145
2012-08-07,0.0011521371,0.0017028945,0.0039203956,0.0059914015,0.0079867791,0.0098766689,0.0118474661,0.0127199762,0.0126010445,0.0126625783,0.0127241493
2012-08-06,0.0011656918,0.0016658361,0.0039356652,0.0060050912,0.0080109424,0.0098827988,0.0118383447,0.0126930084,0.0127141834,0.0128652523,0.0129002187
2012-08-03,0.0014974517,0.0020283003,0.0043213500,0.0064635597,0.0084173468,0.0102793621,0.0122764791,0.0131420786,0.0133003862,0.0132869083,0.0134633670
2012-08-02,0.0018985918,0.0024609794,0.0047205533,0.0068274249,0.0087965504,0.0106819828,0.0126322147,0.0134890816,0.0136053493,0.0136160260,0.0137498775
2012-08-01,0.0019145856,0.0024791013,0.0047016506,0.0067822463,0.0087424687,0.0106385253,0.0125970346,0.0134957097,0.0134998642,0.0134799172,0.0137434885
2012-07-31,0.0020611498,0.0027744562,0.0049818712,0.0069212587,0.0088813966,0.0107632916,0.0127466569,0.0135777247,0.0136084476,0.0138085896,0.0138203394
2012-07-30,0.0019272817,0.0025934694,0.0049110520,0.0071070609,0.0090636599,0.0109210819,0.0128547236,0.0137064708,0.0137426910,0.0138730426,0.0139003004
2012-07-27,0.0024924886,0.0032110750,0.0055405956,0.0077293413,0.0097173151,0.0115472731,0.0134382299,0.0142632677,0.0143562350,0.0144087316,0.0144274756
2012-07-26,0.0029741942,0.0038467613,0.0061398721,0.0082117030,0.0102350990,0.0120631590,0.0139333919,0.0147715565,0.0146789296,0.0147267231,0.0147211601
2012-07-25,0.0034140924,0.0044524687,0.0067148413,0.0088769783,0.0109129759,0.0126914800,0.0145937835,0.0153882740,0.0153547261,0.0153914195,0.0153486300
2012-07-24,0.0040421131,0.0049789725,0.0072104338,0.0093865751,0.0114153603,0.0131384452,0.0149933561,0.0158468147,0.0157176466,0.0157587676,0.0157707047
2012-07-23,0.0041324225,0.0049112044,0.0071733029,0.0091955759,0.0112238712,0.0129705723,0.0148708516,0.0156645538,0.0155060867,0.0155083585,0.0155556599
2012-07-20,0.0034822145,0.0044544133,0.0067542761,0.0087991166,0.0108197168,0.0126016174,0.0145017893,0.0153149409,0.0151202990,0.0151415621,0.0151587988
2012-07-19,0.0033363955,0.0041517658,0.0064109988,0.0084918272,0.0104894696,0.0122777935,0.0140609459,0.0149233066,0.0147431305,0.0147679680,0.0148025715
2012-07-18,0.0033899685,0.0043334837,0.0065284285,0.0086920202,0.0106805432,0.0124411699,0.0142996630,0.0151244324,0.0149524772,0.0149989734,0.0150021228
2012-07-17,0.0035733177,0.0045660514,0.0067647050,0.0088714368,0.0108730612,0.0126382171,0.0145684890,0.0153445198,0.0151775944,0.0152157994,0.0152376686
2012-07-16,0.0039819704,0.0047728236,0.0069820182,0.0089463275,0.0109449013,0.0127038649,0.0145507956,0.0153321738,0.0154156264,0.0155093693,0.0155058671
2012-07-13,0.0039619191,0.0046840094,0.0068703111,0.0089095329,0.0108845072,0.0126211928,0.0143239423,0.0151579699,0.0150844249,0.0150836574,0.0150634184
2012-07-12,0.0035231155,0.0043478646,0.0066745721,0.0087879409,0.0107568246,0.0125025813,0.0144302324,0.0152312668,0.0153803143,0.0155320394,0.0155235351
2012-07-11,0.0033957697,0.0042489326,0.0067381596,0.0087584979,0.0107477581,0.0125286888,0.0141382457,0.0148668892,0.0152528375,0.0153227403,0.0153744145
2012-07-10,0.0038424290,0.0045691926,0.0069719179,0.0089357288,0.0109328322,0.0127120538,0.0142507492,0.0149254444,0.0150754130,0.0151902815,0.0151379978
2012-07-09,0.0036769844,0.0047513801,0.0071736191,0.0091828340,0.0111967233,0.0129797502,0.0144693328,0.0150933363,0.0153154436,0.0157516463,0.0152772477
2012-07-06,0.0039897616,0.0047298808,0.0071164031,0.0090392507,0.0110318242,0.0128057274,0.0142550778,0.0148890425,0.0150225697,0.0150266776,0.0150755562
2012-07-05,0.0038101081,0.0047326211,0.0068598742,0.0088251228,0.0107696394,0.0125055971,0.0137512889,0.0144070537,0.0145410739,0.0145243705,0.0145782523
2012-07-04,0.0034777985,0.0043996103,0.0065143975,0.0083570612,0.0102950171,0.0120726964,0.0134384896,0.0141258990,0.0143465954,0.0143838506,0.0143938948
2012-07-03,0.0035436154,0.0044556752,0.0065094002,0.0083934258,0.0102983218,0.0120451630,0.0133071484,0.0139207857,0.0141601940,0.0142241214,0.0142700858
2012-07-02,0.0037882870,0.0045544418,0.0067906002,0.0086367518,0.0105878243,0.0123907428,0.0137715436,0.0144024343,0.0147176559,0.0147949978,0.0148193347
2012-06-29,0.0038497982,0.0048526551,0.0069579664,0.0089326328,0.0108576679,0.0126166270,0.0138601384,0.0144802983,0.0147834349,0.0148681246,0.0148423915
2012-06-28,0.0044455667,0.0055927274,0.0077800593,0.0098421274,0.0117849592,0.0135092779,0.0147675745,0.0153598338,0.0155766875,0.0156235323,0.0155290109
2012-06-27,0.0046097850,0.0054959179,0.0077631923,0.0098328795,0.0117593456,0.0134823577,0.0147070613,0.0152926409,0.0154360382,0.0154650235,0.0154278702
2012-06-26,0.0045255097,0.0053901155,0.0076754257,0.0097943732,0.0116949230,0.0134064456,0.0145525735,0.0151960809,0.0153758208,0.0154378454,0.0154083073
2012-06-25,0.0041164698,0.0049757991,0.0072820399,0.0093988857,0.0112554995,0.0129587780,0.0141181930,0.0148055027,0.0149045945,0.0149158296,0.0148791310
2012-06-22,0.0037616546,0.0047143588,0.0069568796,0.0089003219,0.0107463622,0.0124923292,0.0137361307,0.0143242518,0.0145464947,0.0144332654,0.0143638775
2012-06-21,0.0038105330,0.0047039793,0.0068845114,0.0088281915,0.0106823188,0.0124623752,0.0136796001,0.0142392075,0.0144171644,0.0145081435,0.0144739099
2012-06-20,0.0035158856,0.0044532373,0.0066871958,0.0088749710,0.0106884818,0.0124285912,0.0135635765,0.0143119528,0.0144121190,0.0144533892,0.0144155828
2012-06-19,0.0038260925,0.0045734642,0.0069159631,0.0089337615,0.0107451930,0.0124958613,0.0136769210,0.0143722282,0.0147227035,0.0148847834,0.0148746513
2012-06-18,0.0040899849,0.0049990747,0.0072811949,0.0093442167,0.0111554653,0.0128949571,0.0140775059,0.0148097893,0.0149396742,0.0149621406,0.0149054190
2012-06-15,0.0039095691,0.0050071557,0.0073706672,0.0094759247,0.0112604976,0.0129746692,0.0141603267,0.0148502950,0.0151651874,0.0152128762,0.0151536675
2012-06-14,0.0045123992,0.0052529682,0.0075102542,0.0096662901,0.0115075503,0.0132330270,0.0143549936,0.0151269455,0.0153305951,0.0154123363,0.0154392840
2012-06-13,0.0043494223,0.0050428822,0.0074729300,0.0095714771,0.0114341235,0.0131440917,0.0143495769,0.0150143949,0.0152988374,0.0154166848,0.0154176241
2012-06-12,0.0041059749,0.0050245866,0.0073878906,0.0093632157,0.0112313551,0.0129505031,0.0141411340,0.0147764596,0.0149646865,0.0149636808,0.0149407484
2012-06-11,0.0038958156,0.0046948674,0.0070946905,0.0091835231,0.0110268954,0.0127034262,0.0139135187,0.0146110746,0.0149457337,0.0150225765,0.0149898559
2012-06-08,0.0042692752,0.0050801101,0.0074689654,0.0094598631,0.0113180294,0.0129916390,0.0142002099,0.0148269148,0.0150700428,0.0150787817,0.0151309169
2012-06-07,0.0043515503,0.0051427545,0.0075494778,0.0095437461,0.0114049312,0.0130754639,0.0142853538,0.0149149350,0.0151995374,0.0152252275,0.0152801337
2012-06-06,0.0045893269,0.0054860596,0.0078963312,0.0099122028,0.0117900746,0.0134712011,0.0146707913,0.0152992902,0.0154978392,0.0155632428,0.0155045904
2012-06-05,0.0053222793,0.0061084378,0.0085974166,0.0106074562,0.0124831065,0.0141521052,0.0153267396,0.0160016365,0.0161854173,0.0162695380,0.0162375995
2012-06-04,0.0053223079,0.0061084481,0.0085974485,0.0106074449,0.0124864151,0.0141519996,0.0153263967,0.0160007857,0.0161865183,0.0162710014,0.0162387763
2012-06-01,0.0053223697,0.0061084199,0.0085974412,0.0106077485,0.0124901070,0.0141523406,0.0153263019,0.0159991821,0.0161804217,0.0162616824,0.0162281410
2012-05-31,0.0050938556,0.0058775890,0.0083436897,0.0103531137,0.0122317489,0.0138992516,0.0150594146,0.0157546760,0.0159499837,0.0160231446,0.0159973754
2012-05-30,0.0048922578,0.0057056491,0.0081582425,0.0102694453,0.0121535864,0.0138265335,0.0150337507,0.0156469789,0.0160153845,0.0161305465,0.0161615196
2012-05-29,0.0041444519,0.0053342599,0.0077935894,0.0099105025,0.0117733892,0.0134376966,0.0146290827,0.0152676639,0.0154426896,0.0154684597,0.0154144430
2012-05-28,0.0047425614,0.0055763887,0.0079049894,0.0100433805,0.0119129420,0.0135688100,0.0147112864,0.0154406626,0.0155845592,0.0156372142,0.0155778744
2012-05-25,0.0050464130,0.0059579307,0.0082000581,0.0103852737,0.0122454910,0.0138566980,0.0149774482,0.0156764064,0.0158256818,0.0158716669,0.0158791624
2012-05-24,0.0049419869,0.0058303703,0.0081247496,0.0103417982,0.0121921619,0.0137858118,0.0149197950,0.0156050771,0.0157275751,0.0157935060,0.0157626647
2012-05-23,0.0051833789,0.0059309372,0.0081994826,0.0103858735,0.0122428727,0.0138335063,0.0149282110,0.0156016656,0.0158613776,0.0159223152,0.0159524548
2012-05-22,0.0039581262,0.0050692967,0.0073563404,0.0094114688,0.0112823781,0.0129566937,0.0141966666,0.0148128183,0.0150382315,0.0150455801,0.0150814919
2012-05-21,0.0052231192,0.0059563544,0.0082320607,0.0103032083,0.0122003753,0.0138313913,0.0149883987,0.0157249290,0.0159776869,0.0160223020,0.0160485276
2012-05-18,0.0050824918,0.0058472994,0.0082555116,0.0103828477,0.0122641840,0.0138609970,0.0150466504,0.0157254159,0.0160238929,0.0160650334,0.0160956583
2012-05-17,0.0050557969,0.0058069212,0.0080327900,0.0101868614,0.0120829886,0.0137051453,0.0148211473,0.0155590226,0.0156343118,0.0156457343,0.0156213014
2012-05-16,0.0040123154,0.0052141219,0.0075966060,0.0097255389,0.0116307972,0.0132929775,0.0144372013,0.0150779989,0.0151803802,0.0152419593,0.0152612826
2012-05-15,0.0047471874,0.0054089361,0.0075299897,0.0094872700,0.0113866416,0.0130529504,0.0142162197,0.0148922604,0.0151000510,0.0151891307,0.0151620772
2012-05-14,0.0043679476,0.0050974699,0.0073090925,0.0092663532,0.0111611484,0.0128324398,0.0140381728,0.0147153165,0.0148818741,0.0149344727,0.0149377625
2012-05-11,0.0033284721,0.0039774459,0.0061965133,0.0082016731,0.0100565255,0.0117634702,0.0129457514,0.0136641102,0.0138282758,0.0139097628,0.0138828426
2012-05-10,0.0031247611,0.0036612741,0.0057959454,0.0078291114,0.0096767792,0.0114033602,0.0125803002,0.0133111425,0.0135723477,0.0137276271,0.0137145390
2012-05-09,0.0033767776,0.0039603830,0.0060880494,0.0082149546,0.0100286945,0.0116656504,0.0127853398,0.0134734510,0.0136930379,0.0137817414,0.0137780059
2012-05-08,0.0030925027,0.0037370798,0.0058503834,0.0078100673,0.0096645037,0.0113886262,0.0126110671,0.0132613452,0.0134678467,0.0135366733,0.0135290036
2012-05-07,0.0025231761,0.0032994290,0.0053256885,0.0073681755,0.0092054789,0.0109456480,0.0121399171,0.0128589743,0.0129353336,0.0130267283,0.0130045451
2012-05-04,0.0025233088,0.0032994588,0.0053256783,0.0073682999,0.0092082518,0.0109455455,0.0121394009,0.0128577981,0.0129331561,0.0130236403,0.0129989556
2012-05-03,0.0027066054,0.0033507980,0.0053696045,0.0073444931,0.0092007203,0.0109565504,0.0120966127,0.0127921059,0.0130486235,0.0131617096,0.0131627357
2012-05-02,0.0030025174,0.0037313399,0.0056899642,0.0077714260,0.0095998903,0.0112658897,0.0124530945,0.0131351945,0.0132153508,0.0132610802,0.0132714421
2012-05-01,0.0028639195,0.0033639159,0.0053188103,0.0072992312,0.0091353115,0.0108553779,0.0120891293,0.0127333178,0.0130283734,0.0130982928,0.0131349445
2012-04-30,0.0030301331,0.0035365615,0.0055426563,0.0075368796,0.0093923694,0.0111064628,0.0122674748,0.0130526085,0.0133096897,0.0134857014,0.0134826031
2012-04-27,0.0030963368,0.0036234120,0.0055886221,0.0075742873,0.0094402638,0.0111579695,0.0123393810,0.0131222154,0.0134161043,0.0135907024,0.0135528965
2012-04-26,0.0032223314,0.0038090940,0.0058477442,0.0078798405,0.0097369215,0.0114031876,0.0125851684,0.0133645636,0.0136403847,0.0138243538,0.0137619669
2012-04-25,0.0034158311,0.0039124042,0.0059474739,0.0078887423,0.0097660116,0.0114516675,0.0126274952,0.0134002853,0.0136881941,0.0138512045,0.0138598695
2012-04-24,0.0037755832,0.0042873797,0.0062774027,0.0082671355,0.0101417908,0.0117776308,0.0129194912,0.0136998536,0.0139460072,0.0140971334,0.0141017192
2012-04-23,0.0035587320,0.0042193829,0.0064083246,0.0083945216,0.0102770123,0.0119031844,0.0130924500,0.0138664723,0.0142275983,0.0144072280,0.0143366589
2012-04-20,0.0033275175,0.0040019299,0.0060776324,0.0080561620,0.0099290192,0.0115704846,0.0127315188,0.0135020493,0.0138307094,0.0140477646,0.0140064719
2012-04-19,0.0034325115,0.0039986243,0.0059678046,0.0079693649,0.0098293959,0.0114561488,0.0126717750,0.0133994501,0.0136484514,0.0138332679,0.0137898031
2012-04-18,0.0034270573,0.0039841210,0.0059450900,0.0078569669,0.0097518284,0.0114305611,0.0126837104,0.0133816361,0.0136399405,0.0137134656,0.0137468422
2012-04-17,0.0033050944,0.0039228163,0.0058502280,0.0078611339,0.0097393654,0.0113885431,0.0125832950,0.0132604230,0.0133892216,0.0134115251,0.0133989897
2012-04-16,0.0036254462,0.0042022953,0.0061976445,0.0081860683,0.0100832917,0.0117155590,0.0129905498,0.0136621039,0.0140424269,0.0141152933,0.0140695467
2012-04-13,0.0030940050,0.0038132507,0.0058941112,0.0078588698,0.0097792503,0.0114716638,0.0126043334,0.0133007659,0.0135732661,0.0136268990,0.0136333174
2012-04-12,0.0024868856,0.0031459969,0.0051435286,0.0070602492,0.0089599555,0.0107129414,0.0119463570,0.0126141843,0.0130151871,0.0130901882,0.0131623723
2012-04-11,0.0029450052,0.0035288573,0.0054680476,0.0074962010,0.0093635841,0.0110129008,0.0122156333,0.0129319610,0.0131548464,0.0132100582,0.0132195803
2012-04-10,0.0030821006,0.0036264191,0.0055523275,0.0075898258,0.0094625267,0.0111015295,0.0122851427,0.0129639119,0.0132718505,0.0133521559,0.0133638546
2012-04-09,0.0019337635,0.0024120776,0.0044208944,0.0063406684,0.0081829114,0.0099316800,0.0111891387,0.0118818927,0.0121699863,0.0122302974,0.0122889877
2012-04-06,0.0018533105,0.0024014945,0.0044393694,0.0063875340,0.0082323911,0.0099724645,0.0112212950,0.0118761334,0.0120691800,0.0120714868,0.0120770209
2012-04-05,0.0018533508,0.0024015493,0.0044394415,0.0063876771,0.0082349321,0.0099724644,0.0112211701,0.0118758302,0.0120683831,0.0120705750,0.0120757963
2012-04-04,0.0015997785,0.0022436990,0.0040823040,0.0060581916,0.0078947284,0.0096582501,0.0109245249,0.0116004611,0.0119420661,0.0119929060,0.0120259949
2012-04-03,0.0015073140,0.0021116130,0.0038127075,0.0059150675,0.0077103361,0.0094296517,0.0106785928,0.0112912286,0.0114422018,0.0114569300,0.0114433571
2012-04-02,0.0015629662,0.0021938439,0.0039522501,0.0060524709,0.0078578099,0.0095657876,0.0108016078,0.0114197899,0.0115921614,0.0115731386,0.0115710759
2012-03-30,0.0015629967,0.0021838706,0.0039423028,0.0060425490,0.0078496079,0.0095558169,0.0107915217,0.0114120045,0.0115918809,0.0115731126,0.0115703992
2012-03-29,0.0015486308,0.0021587628,0.0039027152,0.0060031308,0.0078254716,0.0095166406,0.0107525923,0.0113730591,0.0115916279,0.0115545074,0.0115539438
2012-03-28,0.0012382928,0.0018135295,0.0035195822,0.0055551981,0.0074089954,0.0091109721,0.0102956305,0.0109931272,0.0112142995,0.0112618101,0.0112471038
2012-03-27,0.0012057860,0.0015991638,0.0034176759,0.0053338027,0.0073422549,0.0089790530,0.0102190866,0.0109767786,0.0112522403,0.0113794796,0.0113666333
2012-03-26,0.0014085323,0.0018159688,0.0037544284,0.0057469046,0.0077115007,0.0092930447,0.0105133294,0.0112610624,0.0115360844,0.0116866233,0.0116608800
2012-03-23,0.0014101437,0.0020036585,0.0038252504,0.0058978118,0.0077168045,0.0094080409,0.0105753794,0.0112269159,0.0114632205,0.0115116627,0.0115176889
2012-03-22,0.0013655021,0.0019246601,0.0037420179,0.0058328248,0.0076434148,0.0093180637,0.0105319355,0.0111979794,0.0113195446,0.0113356594,0.0113271872
2012-03-21,0.0010709939,0.0015788746,0.0035983904,0.0055976416,0.0074167982,0.0090946264,0.0102838279,0.0109394627,0.0111262108,0.0111225720,0.0112039316
2012-03-20,0.0010287454,0.0015878201,0.0034625367,0.0055187935,0.0074192725,0.0090408450,0.0102407780,0.0108971639,0.0110528382,0.0110792804,0.0110524238
2012-03-19,0.0009247161,0.0013258952,0.0030311727,0.0051234723,0.0070973775,0.0086375393,0.0097733307,0.0103987001,0.0106230107,0.0107110267,0.0107024975
2012-03-16,0.0010852360,0.0016239494,0.0033510286,0.0055138134,0.0073769649,0.0089914074,0.0101927714,0.0108918595,0.0109614864,0.0110072294,0.0109974920
2012-03-15,0.0010356393,0.0016163752,0.0036484963,0.0057343345,0.0076310436,0.0092482730,0.0103711786,0.0110697856,0.0112820851,0.0113336604,0.0113399672
2012-03-14,0.0009328080,0.0015019351,0.0036096769,0.0057281850,0.0076690963,0.0092386054,0.0104046134,0.0110707368,0.0112287674,0.0112581400,0.0112652343
2012-03-13,0.0012506430,0.0018482567,0.0039317040,0.0059995747,0.0079286930,0.0095538746,0.0107754998,0.0113605297,0.0116485424,0.0116878644,0.0117307378
2012-03-12,0.0014625121,0.0022352574,0.0042259331,0.0063519033,0.0081512723,0.0098206096,0.0109949175,0.0116637184,0.0118774511,0.0119588382,0.0119143431
2012-03-09,0.0014507577,0.0021753951,0.0041860919,0.0063220844,0.0081068529,0.0097805147,0.0109451248,0.0116067406,0.0118944062,0.0119451413,0.0119299507
2012-03-08,0.0014953042,0.0021274326,0.0041638417,0.0062812672,0.0081523066,0.0098014550,0.0109660313,0.0116020025,0.0119284889,0.0119886635,0.0119642715
2012-03-07,0.0016654514,0.0023665386,0.0045560095,0.0067555559,0.0085810076,0.0102198383,0.0114141497,0.0120345485,0.0122254919,0.0122306200,0.0122351740
2012-03-06,0.0017857542,0.0024652829,0.0046694126,0.0069299082,0.0088096375,0.0104427063,0.0116176583,0.0122612122,0.0124189946,0.0124241930,0.0124248939
2012-03-05,0.0014449853,0.0020521899,0.0042174075,0.0065359338,0.0084526665,0.0100211931,0.0111023542,0.0117843959,0.0119330435,0.0119729420,0.0119820211
2012-03-02,0.0011130980,0.0017754292,0.0038423427,0.0060620696,0.0079405037,0.0095241864,0.0106050268,0.0113032212,0.0113544628,0.0113660364,0.0114150406
2012-03-01,0.0010819202,0.0016814163,0.0038032537,0.0058765677,0.0078102690,0.0094113202,0.0105557752,0.0111550756,0.0114004009,0.0114714981,0.0114747765
2012-02-29,0.0008595373,0.0015902757,0.0037714452,0.0059970201,0.0079333966,0.0095329697,0.0106885899,0.0113241824,0.0114760757,0.0115352286,0.0114818408
2012-02-28,0.0008872571,0.0015048895,0.0036872806,0.0059934551,0.0078651323,0.0094697754,0.0105290331,0.0112199514,0.0114662069,0.0115446372,0.0115335361
2012-02-27,0.0008337527,0.0015976468,0.0038274124,0.0062128928,0.0080456585,0.0096756748,0.0107427022,0.0114575221,0.0116413354,0.0116625987,0.0116477267
2012-02-24,0.0008503236,0.0015299032,0.0037221580,0.0061336714,0.0079312503,0.0095111640,0.0105416775,0.0113056571,0.0113045232,0.0113241764,0.0113105772
2012-02-23,0.0012121310,0.0016135458,0.0039512186,0.0063191895,0.0081850401,0.0097282381,0.0106907000,0.0114139958,0.0116095977,0.0117127695,0.0117894030
2012-02-22,0.0012176457,0.0016004986,0.0039567093,0.0065055630,0.0082632012,0.0098653834,0.0108786312,0.0115614167,0.0118647015,0.0119396327,0.0119286324
2012-02-21,0.0010468125,0.0015224334,0.0037537266,0.0063671053,0.0080990394,0.0097153420,0.0107039399,0.0113990803,0.0116854848,0.0117401142,0.0117465345
2012-02-20,0.0012890460,0.0017375023,0.0038107488,0.0064395186,0.0082135092,0.0097628048,0.0107734791,0.0114863354,0.0116462256,0.0117396994,0.0117009016
2012-02-17,0.0020161650,0.0026493412,0.0048373618,0.0072305979,0.0089436626,0.0105038895,0.0114751205,0.0122021591,0.0124349690,0.0125131570,0.0124681661
2012-02-16,0.0024412875,0.0030082155,0.0052163422,0.0076450063,0.0093495524,0.0109589046,0.0119112780,0.0126906862,0.0129347340,0.0129684572,0.0129612328
2012-02-15,0.0025382952,0.0031632284,0.0054555154,0.0078893140,0.0096472365,0.0112077308,0.0121525089,0.0128570196,0.0131099979,0.0131870894,0.0132074950
2012-02-14,0.0021668865,0.0027275659,0.0050215355,0.0075317429,0.0092965146,0.0108756334,0.0118468909,0.0125058797,0.0127688600,0.0128368241,0.0128704756
2012-02-13,0.0021984527,0.0025996320,0.0047991439,0.0072541806,0.0090571588,0.0106281650,0.0116405133,0.0122785241,0.0125949387,0.0126908047,0.0127214487
2012-02-10,0.0019705622,0.0025881427,0.0047125523,0.0073282762,0.0090422938,0.0106468149,0.0116426768,0.0123685721,0.0126030702,0.0126672710,0.0126116576
2012-02-09,0.0016743099,0.0022519512,0.0042550962,0.0067995380,0.0084895763,0.0100959155,0.0110672315,0.0117686732,0.0120096351,0.0120963378,0.0120615877
2012-02-08,0.0016023509,0.0020614060,0.0040561302,0.0065440559,0.0082812253,0.0098755394,0.0108754533,0.0115488974,0.0118716602,0.0119360922,0.0119626651
2012-02-07,0.0010124706,0.0016196999,0.0040347086,0.0067339434,0.0084870700,0.0100453522,0.0110416525,0.0117584020,0.0119427063,0.0119983494,0.0119518812
2012-02-06,0.0011583589,0.0018002217,0.0041791121,0.0068188552,0.0085569253,0.0101173459,0.0110892507,0.0117918241,0.0120607353,0.0120960112,0.0121171709
2012-02-03,0.0013237053,0.0018436885,0.0043094332,0.0069091412,0.0086683432,0.0102123367,0.0111842121,0.0118895232,0.0120445289,0.0121708551,0.0121234638
2012-02-02,0.0015107153,0.0021770147,0.0047683734,0.0074591685,0.0091832238,0.0107589072,0.0116945620,0.0123832918,0.0126535516,0.0127040127,0.0127168545
2012-02-01,0.0017953125,0.0026488484,0.0054122158,0.0078974583,0.0096887044,0.0112252005,0.0121681713,0.0128147760,0.0130827400,0.0131388257,0.0132120609
2012-01-31,0.0023895135,0.0030198013,0.0056766207,0.0083994240,0.0101566872,0.0116704905,0.0126063552,0.0132755404,0.0135235002,0.0135705821,0.0136078830
2012-01-30,0.0024509745,0.0033291650,0.0059848083,0.0087546336,0.0104218212,0.0119679990,0.0128746555,0.0135798884,0.0138166664,0.0138533912,0.0138742235
2012-01-27,0.0022272848,0.0032305925,0.0058222953,0.0084584000,0.0101400859,0.0116503806,0.0125939252,0.0133039211,0.0134782588,0.0135083163,0.0135098290
2012-01-26,0.0027598167,0.0037910427,0.0062209353,0.0089091517,0.0105638013,0.0120344314,0.0129448116,0.0136909961,0.0139262792,0.0139875241,0.0139752091
2012-01-25,0.0030285005,0.0042564478,0.0068850859,0.0096113752,0.0112561154,0.0127344274,0.0135866405,0.0143377612,0.0146855842,0.0147612847,0.0148327566
2012-01-24,0.0031895500,0.0040691131,0.0066997170,0.0093604372,0.0110526293,0.0125725346,0.0134716281,0.0142270144,0.0144750593,0.0145244115,0.0145218824
2012-01-23,0.0029831978,0.0038520634,0.0065706692,0.0093644476,0.0110098456,0.0125103453,0.0134192498,0.0141291420,0.0144027664,0.0143801164,0.0144652868
2012-01-20,0.0036471890,0.0046669535,0.0073571314,0.0100609283,0.0116893516,0.0131592726,0.0140487766,0.0148303455,0.0149045749,0.0149735344,0.0149951354
2012-01-19,0.0036760305,0.0047670629,0.0076041023,0.0103951481,0.0119283357,0.0134567767,0.0143564886,0.0150784834,0.0152506887,0.0152796712,0.0153555819
2012-01-18,0.0042415933,0.0054199606,0.0083339477,0.0110431831,0.0125756632,0.0140435569,0.0149486284,0.0156991831,0.0158033388,0.0158045029,0.0158745360
2012-01-17,0.0046737526,0.0058343177,0.0087031481,0.0114170923,0.0129544722,0.0144341493,0.0153072091,0.0160910587,0.0162240307,0.0163243834,0.0163466569
2012-01-16,0.0054286731,0.0062417551,0.0093193641,0.0119700561,0.0134880654,0.0149713112,0.0158465632,0.0166322398,0.0166523899,0.0166466185,0.0165304468
2012-01-13,0.0056085674,0.0066001008,0.0095486403,0.0121961185,0.0138201254,0.0152364697,0.0161448595,0.0168735154,0.0170801674,0.0171532446,0.0172253994
2012-01-12,0.0059963051,0.0066349465,0.0096186147,0.0121478598,0.0138037217,0.0152467952,0.0161485584,0.0168994771,0.0168526011,0.0168180880,0.0168405449
2012-01-11,0.0055446324,0.0064933770,0.0097237006,0.0123839711,0.0139384565,0.0154114781,0.0163010109,0.0169740917,0.0171479703,0.0171921391,0.0172785585
2012-01-10,0.0056394954,0.0065205388,0.0096280739,0.0122635490,0.0138227625,0.0153227823,0.0162138403,0.0169384144,0.0170575837,0.0170636953,0.0171054743
2012-01-09,0.0056236722,0.0067193185,0.0097837136,0.0125173975,0.0140736085,0.0155377513,0.0164149122,0.0171809395,0.0173213910,0.0173769781,0.0174246454
2012-01-06,0.0056424853,0.0066904931,0.0097855099,0.0125105739,0.0140431476,0.0154949966,0.0163683767,0.0171359595,0.0172551233,0.0173299923,0.0173884371
2012-01-05,0.0056426496,0.0067103887,0.0098043153,0.0125285903,0.0140576937,0.0155089319,0.0163849375,0.0171498640,0.0172591813,0.0173344680,0.0173913123
2012-01-04,0.0058135539,0.0065360132,0.0095808816,0.0122733060,0.0138391120,0.0153039512,0.0161679731,0.0169474462,0.0170069429,0.0170491231,0.0170869814
2012-01-03,0.0056957560,0.0065426760,0.0096315481,0.0122543872,0.0139135450,0.0153219879,0.0162457841,0.0169947099,0.0171992182,0.0173871383,0.0173038167
2012-01-02,0.0057253439,0.0064465087,0.0096634292,0.0123015691,0.0138186701,0.0153286832,0.0161989988,0.0168938004,0.0170513541,0.0171373278,0.0171715250
2011-12-30,0.0057254573,0.0064465421,0.0096634179,0.0123018587,0.0138430886,0.0153293613,0.0161997522,0.0168950669,0.0170522917,0.0171383361,0.0171763716
2011-12-29,0.0060140608,0.0065929557,0.0096633475,0.0122776650,0.0138690360,0.0153639012,0.0162329221,0.0169752976,0.0170380885,0.0170390676,0.0171102021
2011-12-28,0.0056885508,0.0066247957,0.0096861299,0.0123484118,0.0139482918,0.0153975497,0.0162809228,0.0170196590,0.0171738189,0.0172602232,0.0173035051
2011-12-27,0.0055942036,0.0067761443,0.0098379585,0.0125067599,0.0141450171,0.0155804051,0.0164797423,0.0172572235,0.0172946691,0.0173794204,0.0174227709
2011-12-26,0.0055942075,0.0067761567,0.0098379589,0.0125066994,0.0141694506,0.0155803012,0.0164797298,0.0172574508,0.0172946487,0.0173794275,0.0174227169
2011-12-23,0.0055944138,0.0067757636,0.0098379894,0.0125066606,0.0141653532,0.0155769549,0.0164722804,0.0172430050,0.0172952538,0.0173810015,0.0174250909
2011-12-22,0.0060891106,0.0067626891,0.0098451456,0.0126034198,0.0142563240,0.0156621865,0.0165305035,0.0172901014,0.0174423586,0.0175306462,0.0175739920
2011-12-21,0.0058481681,0.0066902069,0.0099281386,0.0126527981,0.0142751128,0.0156478535,0.0165285403,0.0172558951,0.0174769828,0.0176109278,0.0176823748
2011-12-20,0.0060229363,0.0069963618,0.0102940909,0.0129959059,0.0146335559,0.0160151869,0.0168949902,0.0176435231,0.0178389654,0.0179496880,0.0180593283
2011-12-19,0.0065078255,0.0073291799,0.0102194201,0.0128215709,0.0145050277,0.0159547971,0.0168458872,0.0176016543,0.0176257725,0.0176492456,0.0177060470
2011-12-16,0.0060624801,0.0071455516,0.0102260442,0.0128642044,0.0145266464,0.0159551088,0.0168427029,0.0175929419,0.0177109169,0.0177778407,0.0178231212
2011-12-15,0.0060266542,0.0072025089,0.0103219566,0.0129741696,0.0146368591,0.0160666286,0.0169332073,0.0176851168,0.0179069734,0.0180581048,0.0181014525
2011-12-14,0.0061631957,0.0072542693,0.0103581683,0.0130311573,0.0146887836,0.0161158712,0.0169812397,0.0177253778,0.0179192892,0.0180355594,0.0180921662
2011-12-13,0.0055764911,0.0067927164,0.0098920245,0.0124487914,0.0141226610,0.0156001064,0.0164779949,0.0172498696,0.0173891063,0.0174886822,0.0175481368
2011-12-12,0.0064338564,0.0070572342,0.0101298810,0.0124839497,0.0142267846,0.0157920954,0.0166955005,0.0174721923,0.0175521007,0.0175929777,0.0175991506
2011-12-09,0.0056241941,0.0065862209,0.0095627776,0.0120929670,0.0138124927,0.0153725559,0.0162294701,0.0169932948,0.0171325154,0.0171607981,0.0172642768
2011-12-08,0.0054782686,0.0061888449,0.0093042672,0.0118080972,0.0134774076,0.0149942313,0.0158676324,0.0166267987,0.0168465096,0.0169027635,0.0168835752
2011-12-07,0.0053687357,0.0060814296,0.0091926849,0.0114662742,0.0131919461,0.0147993753,0.0157110526,0.0164550355,0.0166144078,0.0167057702,0.0167208370
2011-12-06,0.0053792269,0.0060242990,0.0090949681,0.0114454525,0.0131709656,0.0147845057,0.0156779890,0.0164427236,0.0165036072,0.0164738920,0.0165921882
2011-12-05,0.0046801408,0.0056577074,0.0087359307,0.0111075629,0.0128675147,0.0145456013,0.0154326735,0.0161750756,0.0164729010,0.0165245446,0.0165447615
2011-12-02,0.0055826414,0.0063598256,0.0094648391,0.0118330288,0.0135559903,0.0151594785,0.0160589687,0.0168126204,0.0169485393,0.0169198438,0.0169726468
2011-12-01,0.0057436785,0.0068974419,0.0098671882,0.0122528351,0.0140033433,0.0156279186,0.0164977623,0.0172609304,0.0174499575,0.0175229813,0.0175051097
2011-11-30,0.0058299608,0.0070374561,0.0101812368,0.0125128888,0.0142553459,0.0158645867,0.0167616805,0.0175081719,0.0177086183,0.0177637433,0.0177880134
2011-11-29,0.0069340373,0.0078413224,0.0110125266,0.0133245422,0.0150858533,0.0166907121,0.0175839086,0.0183648309,0.0183956332,0.0184327949,0.0184769179
2011-11-28,0.0068833048,0.0079147399,0.0110004011,0.0133775179,0.0151253559,0.0167178197,0.0176318269,0.0183942671,0.0186653185,0.0187974896,0.0187812384
2011-11-25,0.0075080756,0.0085172754,0.0115490719,0.0139269567,0.0156874814,0.0172802796,0.0181882486,0.0189110808,0.0191471116,0.0192064683,0.0192507432
2011-11-24,0.0075411174,0.0085329093,0.0114741076,0.0138281565,0.0155749213,0.0171610773,0.0180776828,0.0188385961,0.0190441546,0.0190977395,0.0190955690
2011-11-23,0.0078134942,0.0086203173,0.0113760877,0.0137815797,0.0155318026,0.0171149496,0.0180186045,0.0187722885,0.0189294433,0.0189022885,0.0189253368
2011-11-22,0.0071179256,0.0079241107,0.0106731147,0.0129466446,0.0146893718,0.0162874805,0.0171754976,0.0179101157,0.0181377544,0.0182098325,0.0182599805
2011-11-21,0.0065919136,0.0074972502,0.0105166402,0.0127316016,0.0144725934,0.0160689744,0.0169808840,0.0177131655,0.0178738310,0.0179369934,0.0179961027
2011-11-18,0.0054758387,0.0070079087,0.0098527381,0.0120889739,0.0138067541,0.0153938057,0.0163220807,0.0170707032,0.0174149534,0.0175130397,0.0175573994
2011-11-17,0.0059763271,0.0069169921,0.0097217907,0.0120669658,0.0137662317,0.0153235050,0.0161877887,0.0169009633,0.0172705018,0.0172484532,0.0173764416
2011-11-16,0.0053426858,0.0068165628,0.0096947941,0.0119116714,0.0136404558,0.0152329807,0.0161353315,0.0168856560,0.0169849612,0.0169970587,0.0170766744
2011-11-15,0.0061394401,0.0070184843,0.0097487778,0.0120466338,0.0137915598,0.0153898607,0.0162881866,0.0170397750,0.0173014634,0.0173028797,0.0173358208
2011-11-14,0.0052752359,0.0063346994,0.0092355481,0.0115731903,0.0133230618,0.0149417823,0.0158425411,0.0165620274,0.0168106382,0.0168255829,0.0168912364
2011-11-11,0.0050366006,0.0059781096,0.0087945147,0.0112123620,0.0129532780,0.0145708020,0.0154503349,0.0161804287,0.0165263107,0.0165425092,0.0166685220
2011-11-10,0.0058431083,0.0068248274,0.0097388430,0.0119483916,0.0137278372,0.0153649396,0.0162735434,0.0170346121,0.0171462113,0.0171642357,0.0172452712
2011-11-09,0.0055265993,0.0070104865,0.0097714422,0.0119693654,0.0137030402,0.0152902175,0.0161958831,0.0169821005,0.0170860361,0.0171771581,0.0172001720
2011-11-08,0.0050189101,0.0065574173,0.0093748876,0.0115886315,0.0133566819,0.0150117320,0.0159141248,0.0166461956,0.0168817154,0.0170188505,0.0169853535
2011-11-07,0.0051975666,0.0066135499,0.0093456053,0.0115312772,0.0132838168,0.0149296285,0.0158391213,0.0165641458,0.0168134877,0.0168834247,0.0168945632
2011-11-04,0.0054365047,0.0065589388,0.0092257443,0.0114447541,0.0131850000,0.0148268649,0.0157414340,0.0164707648,0.0166608404,0.0166985393,0.0167549486
2011-11-03,0.0052966214,0.0063211157,0.0091657158,0.0114607044,0.0132063335,0.0148615328,0.0157501141,0.0164313392,0.0167275015,0.0167774416,0.0168569283
2011-11-02,0.0059059332,0.0071034929,0.0097657903,0.0119655141,0.0137059006,0.0153394238,0.0162500459,0.0170052171,0.0172158826,0.0172182990,0.0172239467
2011-11-01,0.0062320100,0.0074989792,0.0102943015,0.0125288847,0.0142840435,0.0159195225,0.0168054780,0.0175496159,0.0178363754,0.0178772141,0.0179419628
2011-10-31,0.0047056123,0.0063996547,0.0090026749,0.0112046463,0.0128904873,0.0145042576,0.0153927560,0.0161448695,0.0163557411,0.0164864759,0.0164569923
2011-10-28,0.0041848380,0.0056580841,0.0082631877,0.0104739605,0.0121742943,0.0138467073,0.0147251752,0.0154506054,0.0157475511,0.0157914698,0.0158452522
2011-10-27,0.0047453836,0.0059765489,0.0085661123,0.0107435138,0.0124310320,0.0140816237,0.0149725213,0.0157013646,0.0159166412,0.0159552486,0.0160069166
2011-10-26,0.0059119193,0.0071338708,0.0098596911,0.0120455944,0.0137514688,0.0153769260,0.0162607500,0.0169928727,0.0171950694,0.0172157619,0.0172781533
2011-10-25,0.0059217923,0.0071432514,0.0098687807,0.0120655465,0.0137652054,0.0153897953,0.0162761951,0.0170112186,0.0172185830,0.0172454113,0.0173120295
2011-10-24,0.0060105508,0.0071280626,0.0099474637,0.0121146089,0.0137770524,0.0153614614,0.0162480412,0.0169831159,0.0171787002,0.0172181647,0.0172824127
2011-10-21,0.0060828377,0.0072089494,0.0100085088,0.0121404400,0.0137920355,0.0153697386,0.0162669736,0.0170165507,0.0171893694,0.0172702758,0.0172927523
2011-10-20,0.0065135883,0.0078061218,0.0107043730,0.0128476933,0.0143967073,0.0158328913,0.0166822737,0.0173854772,0.0176043692,0.0176977438,0.0176893573
2011-10-19,0.0065570139,0.0078335425,0.0106136120,0.0127729601,0.0141971109,0.0154946691,0.0163104870,0.0170126921,0.0173507602,0.0174384238,0.0174562932
2011-10-18,0.0064898659,0.0079180700,0.0110593664,0.0132954862,0.0146442314,0.0158459293,0.0166831090,0.0173964590,0.0176356374,0.0177151296,0.0177446812
2011-10-17,0.0064856433,0.0073944220,0.0102404984,0.0126434754,0.0140242579,0.0152896292,0.0160720457,0.0166977412,0.0170867071,0.0171296534,0.0172288495
2011-10-14,0.0063337141,0.0074110432,0.0105252230,0.0129318539,0.0142800491,0.0155066190,0.0163270781,0.0169788287,0.0173065059,0.0174056341,0.0173942017
2011-10-13,0.0070498289,0.0083270902,0.0111998098,0.0136049366,0.0149706370,0.0162111559,0.0169868462,0.0176091925,0.0177662359,0.0178024874,0.0177981837
2011-10-12,0.0068757984,0.0080611735,0.0110472896,0.0133550463,0.0146498286,0.0158256326,0.0166571727,0.0173278031,0.0175020175,0.0174721931,0.0174825681
2011-10-11,0.0073518908,0.0089800386,0.0121066307,0.0141601075,0.0154440734,0.0166000730,0.0174789319,0.0182677907,0.0182424369,0.0183216302,0.0182586866
2011-10-10,0.0073501807,0.0087922506,0.0116658081,0.0139495150,0.0152736071,0.0164925724,0.0173100993,0.0179887906,0.0183483379,0.0184037696,0.0184325056
2011-10-07,0.0084946814,0.0098874800,0.0129129231,0.0151093890,0.0163981548,0.0175511874,0.0183511462,0.0190067703,0.0192757923,0.0193381748,0.0193389675
2011-10-06,0.0087806468,0.0102256900,0.0131505794,0.0154080910,0.0167028441,0.0178564298,0.0186448926,0.0193098271,0.0195385931,0.0195552601,0.0195861860
2011-10-05,0.0089188677,0.0105889773,0.0136937206,0.0160158946,0.0173180877,0.0184675993,0.0192620974,0.0198933009,0.0201942714,0.0202278252,0.0202334451
2011-10-04,0.0092627552,0.0109973990,0.0142136407,0.0165256327,0.0178475098,0.0190089489,0.0198111690,0.0204324275,0.0208546462,0.0208974168,0.0210057114
2011-10-03,0.0088517041,0.0104737284,0.0134146245,0.0155559947,0.0168280240,0.0179526500,0.0187432018,0.0193988726,0.0196935251,0.0196820894,0.0197154307
2011-09-30,0.0092131159,0.0102866669,0.0130562239,0.0149494618,0.0161722352,0.0172533652,0.0181142379,0.0188209644,0.0191249757,0.0192770634,0.0191320179
2011-09-29,0.0076229289,0.0087873633,0.0115873376,0.0136517001,0.0149029321,0.0160440921,0.0168665079,0.0175147677,0.0180377626,0.0179793578,0.0179978198
2011-09-28,0.0080247121,0.0089310933,0.0112786389,0.0131168240,0.0143390592,0.0154586026,0.0163084336,0.0170204109,0.0172151569,0.0173579666,0.0173275976
2011-09-27,0.0072825341,0.0086467648,0.0109261296,0.0127850316,0.0140261584,0.0151751310,0.0160042275,0.0166405393,0.0169001683,0.0169557715,0.0169548157
2011-09-26,0.0084822552,0.0097616558,0.0120482357,0.0138657341,0.0149657127,0.0159297104,0.0166970463,0.0173176451,0.0173673512,0.0173788461,0.0173180219
2011-09-23,0.0087253526,0.0098977370,0.0123549903,0.0141768686,0.0152351375,0.0161460966,0.0168928369,0.0175796920,0.0178242647,0.0177616118,0.0178491964
2011-09-22,0.0081545114,0.0093501871,0.0118197118,0.0137537770,0.0148237678,0.0157561279,0.0165567600,0.0172100817,0.0175213154,0.0175816400,0.0175310762
2011-09-21,0.0081350384,0.0088127804,0.0110955685,0.0129238292,0.0139455152,0.0148399129,0.0156851129,0.0164194466,0.0164162958,0.0165538552,0.0164059527
2011-09-20,0.0077341337,0.0089186345,0.0109616802,0.0127863538,0.0138332825,0.0147589811,0.0154981073,0.0161095389,0.0164289801,0.0164142468,0.0164490722
2011-09-19,0.0070666905,0.0088117805,0.0107233936,0.0125725614,0.0136156429,0.0145413358,0.0153402273,0.0159951123,0.0161489093,0.0162011195,0.0161596000
2011-09-16,0.0058536972,0.0077597543,0.0097728454,0.0116397447,0.0126349211,0.0135254757,0.0143974821,0.0151302801,0.0152022031,0.0150481601,0.0151233060
2011-09-15,0.0069241562,0.0080113567,0.0099027364,0.0118025690,0.0128166403,0.0137253030,0.0145256281,0.0151470874,0.0153464648,0.0153321061,0.0154180954
2011-09-14,0.0080044432,0.0091623468,0.0110777141,0.0129576971,0.0140018192,0.0149207404,0.0156717826,0.0162992564,0.0165749208,0.0166233406,0.0166373232
2011-09-13,0.0086794688,0.0099037828,0.0116670095,0.0134993699,0.0145397625,0.0154436361,0.0161518642,0.0167629461,0.0170365782,0.0170972169,0.0171030947
2011-09-12,0.0086806410,0.0104430787,0.0122409476,0.0140680574,0.0150954807,0.0159737677,0.0167233275,0.0173766666,0.0175812225,0.0176498986,0.0176146492
2011-09-09,0.0071882280,0.0094136120,0.0113717369,0.0131552744,0.0142143334,0.0151460660,0.0160201490,0.0167858386,0.0168469337,0.0170333818,0.0169102424
2011-09-08,0.0064995406,0.0082800236,0.0103896668,0.0121995945,0.0132520170,0.0141959515,0.0150271020,0.0157107432,0.0156478005,0.0156556086,0.0156279173
2011-09-07,0.0065724786,0.0084551859,0.0102353801,0.0119806866,0.0130451450,0.0140075187,0.0149121105,0.0156308752,0.0157441988,0.0158672035,0.0158685106
2011-09-06,0.0075313436,0.0087547580,0.0106485653,0.0123802403,0.0134679814,0.0144484149,0.0152470006,0.0158940746,0.0161777206,0.0162649688,0.0162951270
2011-09-05,0.0066750587,0.0084633444,0.0102616511,0.0119575840,0.0130764489,0.0141019650,0.0150699236,0.0157757403,0.0160824130,0.0161635698,0.0161680335
2011-09-02,0.0054468643,0.0073052178,0.0090467697,0.0107587819,0.0118649461,0.0128962680,0.0139112593,0.0146679335,0.0146715839,0.0148154520,0.0147377055
2011-09-01,0.0042836404,0.0067957367,0.0085419879,0.0102282894,0.0112894125,0.0122740386,0.0133024781,0.0140669209,0.0141867522,0.0141361885,0.0141850326
2011-08-31,0.0052891451,0.0063642968,0.0081199867,0.0098101337,0.0109272379,0.0119824565,0.0129198814,0.0136159694,0.0138000561,0.0139104512,0.0138524901
2011-08-30,0.0057166015,0.0076332233,0.0095399884,0.0111615720,0.0122999207,0.0133361798,0.0142574543,0.0149168844,0.0149773794,0.0151034054,0.0150762032
2011-08-29,0.0058001540,0.0076177665,0.0094770283,0.0112312633,0.0123584270,0.0133721784,0.0143246766,0.0150122533,0.0151741586,0.0152393372,0.0151697211
2011-08-26,0.0058001545,0.0076178015,0.0094770164,0.0112314834,0.0123625105,0.0133731216,0.0143262667,0.0150148268,0.0151775594,0.0152442181,0.0151707071
2011-08-25,0.0062389294,0.0068250732,0.0085360373,0.0103579910,0.0114486352,0.0124291280,0.0132662019,0.0139034032,0.0141528255,0.0141508525,0.0141290470
2011-08-24,0.0052724879,0.0068068093,0.0085847302,0.0102838722,0.0114318836,0.0124749800,0.0134624416,0.0141609683,0.0143434295,0.0144653258,0.0143926893
2011-08-23,0.0056622014,0.0069206519,0.0086004749,0.0103438848,0.0114835880,0.0125079075,0.0135079693,0.0142346762,0.0144278510,0.0144912358,0.0144799080
2011-08-22,0.0044234637,0.0057506344,0.0077145979,0.0094393924,0.0105981809,0.0116676647,0.0127623617,0.0135504351,0.0137138144,0.0137619054,0.0139316977
2011-08-19,0.0042897215,0.0057862492,0.0075295505,0.0093474261,0.0104274913,0.0113994826,0.0123378137,0.0129694716,0.0133261870,0.0134870838,0.0133192374
2011-08-18,0.0047041177,0.0057622708,0.0074307492,0.0091021890,0.0102460609,0.0112963391,0.0123059808,0.0130065105,0.0132113115,0.0133708544,0.0132700619
2011-08-17,0.0042607777,0.0053853938,0.0070026990,0.0086432218,0.0097670517,0.0108037172,0.0118295775,0.0125625895,0.0127486947,0.0129178812,0.0128148422
2011-08-16,0.0044063066,0.0056822879,0.0073389660,0.0091268411,0.0101785775,0.0111052354,0.0120480960,0.0126928583,0.0128824071,0.0129904607,0.0128758691
2011-08-15,0.0041650355,0.0053308590,0.0071179452,0.0088696792,0.0099685314,0.0109542014,0.0120636985,0.0128876479,0.0130204265,0.0130151108,0.0130926198
2011-08-12,0.0046078081,0.0057075792,0.0074225158,0.0091310751,0.0102715979,0.0112910041,0.0124203093,0.0133107574,0.0133879836,0.0133179211,0.0133679864
2011-08-11,0.0048564735,0.0059074722,0.0079471550,0.0098458039,0.0109946748,0.0119885058,0.0131135617,0.0140523065,0.0141510906,0.0140722295,0.0141676720
2011-08-10,0.0044008794,0.0057472878,0.0075387344,0.0091024042,0.0103688614,0.0115247225,0.0128091205,0.0138161779,0.0139913374,0.0140757962,0.0141235893
2011-08-09,0.0036467866,0.0048234029,0.0064918314,0.0081073343,0.0093738907,0.0105671811,0.0118058547,0.0128350267,0.0129658747,0.0129294709,0.0129655822
2011-08-08,0.0037103216,0.0046292048,0.0061671260,0.0078509923,0.0091190152,0.0103190993,0.0116263942,0.0126298876,0.0128228168,0.0129115247,0.0129988779
2011-08-05,0.0033874953,0.0040829002,0.0055877070,0.0071513713,0.0084098262,0.0096278248,0.0109044254,0.0119667679,0.0119767961,0.0120088095,0.0120276532
2011-08-04,0.0027817540,0.0035334090,0.0050564016,0.0066130806,0.0078669656,0.0091038931,0.0104964018,0.0115355100,0.0116608743,0.0117546366,0.0118345859
2011-08-03,0.0025132463,0.0032244784,0.0048124843,0.0063148017,0.0075713506,0.0088242228,0.0102523362,0.0114137172,0.0114758086,0.0116174402,0.0117214190
2011-08-02,0.0024626158,0.0031533647,0.0047469841,0.0062720388,0.0075095744,0.0087334207,0.0101225162,0.0111825273,0.0110721152,0.0111428622,0.0111936886
2011-08-01,0.0021585389,0.0029897839,0.0045278754,0.0060610380,0.0072997922,0.0085331516,0.0099415737,0.0109247163,0.0108240884,0.0108910192,0.0109562234
2011-07-29,0.0020344049,0.0029259100,0.0045322627,0.0060366690,0.0072788069,0.0085119980,0.0099211974,0.0109042989,0.0107951819,0.0108942220,0.0109903086
2011-07-28,0.0020117155,0.0028652705,0.0044716424,0.0059760276,0.0072190595,0.0084514286,0.0098607447,0.0108439206,0.0107452960,0.0108443087,0.0109404243
2011-07-27,0.0022972104,0.0030563536,0.0044815208,0.0059193655,0.0071737504,0.0084192198,0.0098141975,0.0108319285,0.0107693426,0.0108178814,0.0108622114
2011-07-26,0.0022503301,0.0029556931,0.0043782886,0.0058557330,0.0070923542,0.0083124117,0.0097139911,0.0106996728,0.0107512845,0.0107396587,0.0107495112
2011-07-25,0.0021778913,0.0027942960,0.0042779159,0.0058255667,0.0070711966,0.0082994274,0.0096171532,0.0105978249,0.0107233236,0.0106641103,0.0107212818
2011-07-22,0.0022072001,0.0027305759,0.0042322156,0.0057368536,0.0069779964,0.0082008941,0.0096025433,0.0106869735,0.0105947248,0.0106352740,0.0107025421
2011-07-21,0.0022373542,0.0028842125,0.0044923255,0.0059653319,0.0072148264,0.0084248784,0.0098515272,0.0109467488,0.0108198856,0.0108965489,0.0109835687
2011-07-20,0.0024578104,0.0031017725,0.0045897555,0.0061255048,0.0073886581,0.0085982238,0.0100156807,0.0110557868,0.0111846315,0.0113129022,0.0113376413
2011-07-19,0.0026917459,0.0034034112,0.0049451888,0.0065137598,0.0077910599,0.0089836710,0.0104422929,0.0115321494,0.0116281441,0.0118107568,0.0118060916
2011-07-18,0.0031491883,0.0035507105,0.0052718188,0.0068479704,0.0081414294,0.0093240573,0.0109016034,0.0120775991,0.0122524691,0.0125561721,0.0123891495
2011-07-15,0.0026272448,0.0034131251,0.0051101717,0.0066875593,0.0079783677,0.0091621826,0.0106637046,0.0118038781,0.0120171755,0.0123786986,0.0121598811
2011-07-14,0.0025331608,0.0033664255,0.0048505434,0.0063746218,0.0076716473,0.0088804369,0.0103529512,0.0114874362,0.0117247490,0.0119656826,0.0119022928
2011-07-13,0.0027703938,0.0033749667,0.0049095067,0.0064637168,0.0077738773,0.0089862302,0.0104999054,0.0116513088,0.0116360855,0.0116730491,0.0116439916
2011-07-12,0.0029539920,0.0036222339,0.0051948930,0.0067162059,0.0080251648,0.0092096138,0.0107534409,0.0119487888,0.0119041930,0.0120038858,0.0118968758
2011-07-11,0.0026899585,0.0032465413,0.0047603042,0.0063034628,0.0076396117,0.0088857458,0.0104978633,0.0117058464,0.0117030372,0.0117692563,0.0117831989
2011-07-08,0.0023072347,0.0028083931,0.0043013081,0.0057997036,0.0071202959,0.0083828904,0.0099857538,0.0112195084,0.0113553059,0.0114991130,0.0114515330
2011-07-07,0.0021701816,0.0027239797,0.0041204359,0.0056184547,0.0069407046,0.0082161193,0.0098057556,0.0110507058,0.0108938856,0.0108747571,0.0108881124
2011-07-06,0.0023496139,0.0029614927,0.0043649527,0.0058828802,0.0072179190,0.0084797589,0.0100679831,0.0113108188,0.0111402171,0.0111104439,0.0111317541
2011-07-05,0.0021495921,0.0026910738,0.0041837060,0.0057407192,0.0070437171,0.0082691338,0.0098625096,0.0110245116,0.0108296021,0.0107665430,0.0108657914
2011-07-04,0.0021727182,0.0025732095,0.0040320629,0.0055995473,0.0069060240,0.0081432686,0.0097608853,0.0109144114,0.0106669299,0.0105936357,0.0106649157
2011-07-01,0.0020441202,0.0024736300,0.0038805076,0.0054287020,0.0067392602,0.0079937874,0.0095797246,0.0107516768,0.0108802634,0.0109745838,0.0109656120
2011-06-30,0.0023358830,0.0027802270,0.0042430848,0.0057936198,0.0071140723,0.0083414078,0.0099015346,0.0111130043,0.0111117795,0.0112005007,0.0111027317
2011-06-29,0.0024828388,0.0029901996,0.0044840901,0.0060677509,0.0074090160,0.0086332587,0.0102486202,0.0114220509,0.0113799610,0.0114428481,0.0114861219
2011-06-28,0.0027106307,0.0034898285,0.0049397001,0.0065034055,0.0078618956,0.0090640812,0.0106900123,0.0119240523,0.0117695992,0.0117460536,0.0117670822
2011-06-27,0.0032596802,0.0036722560,0.0051193509,0.0067184828,0.0080828046,0.0092681205,0.0109077709,0.0121329011,0.0120876740,0.0121796212,0.0121891826
2011-06-24,0.0029293201,0.0035773071,0.0049820602,0.0064780684,0.0078513802,0.0090638739,0.0106702437,0.0119259087,0.0119192019,0.0120286523,0.0121003921
2011-06-23,0.0025525089,0.0031123316,0.0046487171,0.0062625367,0.0076291643,0.0088470740,0.0104796748,0.0117184819,0.0118353717,0.0119872057,0.0120282208
2011-06-22,0.0021240527,0.0026561469,0.0041716311,0.0056831626,0.0070268673,0.0082652894,0.0099255490,0.0111661736,0.0112553976,0.0113368288,0.0112201854
2011-06-21,0.0018504584,0.0023612838,0.0037947709,0.0052999315,0.0066402470,0.0079095451,0.0094757532,0.0107353075,0.0110235000,0.0111560091,0.0112896506
2011-06-20,0.0023110119,0.0025841387,0.0040060561,0.0055479643,0.0068743413,0.0080930170,0.0097148653,0.0109181194,0.0109078341,0.0110522042,0.0110607405
2011-06-17,0.0019020124,0.0023516897,0.0037352296,0.0051871360,0.0065185355,0.0077782700,0.0094007433,0.0106727686,0.0109068673,0.0111132568,0.0111462272
2011-06-16,0.0020383773,0.0024922697,0.0039064038,0.0053754944,0.0067099740,0.0079480846,0.0095655466,0.0108316882,0.0108350796,0.0109363979,0.0109847543
2011-06-15,0.0018174044,0.0022522447,0.0037413281,0.0052379936,0.0065705561,0.0078164068,0.0095422101,0.0108577451,0.0106075599,0.0106813938,0.0106392606
2011-06-14,0.0016367682,0.0021145622,0.0035273184,0.0049882459,0.0063145599,0.0075759102,0.0091769110,0.0104095299,0.0106925256,0.0109095407,0.0110207519
2011-06-13,0.0019902443,0.0023289343,0.0036851864,0.0052267026,0.0065672965,0.0078157488,0.0093973757,0.0106237022,0.0110385995,0.0112408232,0.0114463699
2011-06-10,0.0018262280,0.0023716803,0.0038673215,0.0053491860,0.0067158394,0.0079811724,0.0095617084,0.0108147657,0.0109119860,0.0109311624,0.0109418285
2011-06-09,0.0020050991,0.0023416079,0.0037649745,0.0052733621,0.0066211047,0.0078642217,0.0094705065,0.0107391874,0.0106581784,0.0107875507,0.0108227436
2011-06-08,0.0020253416,0.0023614888,0.0037850157,0.0052935591,0.0066443506,0.0078843954,0.0094904590,0.0107586638,0.0106819748,0.0108061968,0.0108450389
2011-06-07,0.0019637603,0.0023190552,0.0037096450,0.0052077884,0.0065580310,0.0078024918,0.0094333272,0.0106484266,0.0108457457,0.0109671046,0.0110723512
2011-06-06,0.0019667825,0.0024238245,0.0038171233,0.0053160928,0.0066469656,0.0078473435,0.0094742210,0.0106845294,0.0111883866,0.0114618455,0.0117449838
2011-06-03,0.0019926793,0.0023566833,0.0037563015,0.0052774231,0.0066037149,0.0077974343,0.0094972063,0.0106565552,0.0108389989,0.0111914729,0.0111199643
2011-06-02,0.0016092990,0.0022911676,0.0037370103,0.0051844715,0.0065290289,0.0077538667,0.0094373897,0.0105850254,0.0112754294,0.0115668977,0.0116421359
2011-06-01,0.0019055737,0.0022354034,0.0036316960,0.0051152505,0.0064500277,0.0076649713,0.0094033923,0.0106331244,0.0108953951,0.0109129482,0.0107452526
2011-05-31,0.0020721440,0.0024301298,0.0038063551,0.0051979745,0.0065287774,0.0077234708,0.0093182887,0.0105850181,0.0105309753,0.0107310205,0.0107691479
2011-05-30,0.0020737371,0.0024310096,0.0037868390,0.0052603415,0.0065953762,0.0077835331,0.0094862081,0.0106757399,0.0108228519,0.0111685838,0.0112354308
2011-05-27,0.0020739426,0.0024311510,0.0037868701,0.0052602735,0.0065954268,0.0077835637,0.0094862417,0.0106757672,0.0108230019,0.0111692543,0.0112361307
2011-05-26,0.0019202102,0.0022792479,0.0037285289,0.0052494650,0.0065762340,0.0077540735,0.0094658021,0.0106631544,0.0105362157,0.0107755707,0.0107138947
2011-05-25,0.0019177431,0.0022627958,0.0037378480,0.0052719676,0.0066162376,0.0078150063,0.0095641835,0.0106696678,0.0103745927,0.0103440379,0.0104525451
2011-05-24,0.0020618242,0.0025000300,0.0038953003,0.0053843305,0.0067531931,0.0079717917,0.0096913204,0.0107967599,0.0112286806,0.0116593742,0.0116664597
2011-05-23,0.0022965711,0.0026188831,0.0040334152,0.0055198976,0.0068669421,0.0080399714,0.0097216041,0.0108624357,0.0109722622,0.0111868261,0.0112028408
2011-05-20,0.0019328581,0.0022633193,0.0037194629,0.0052620604,0.0066164329,0.0078296110,0.0095078349,0.0107575793,0.0107000999,0.0108348399,0.0107000419
2011-05-19,0.0018506577,0.0021919241,0.0036619039,0.0051882513,0.0065120950,0.0077093841,0.0094068771,0.0105801608,0.0104882833,0.0106588725,0.0105945911
2011-05-18,0.0018932638,0.0023186185,0.0036960711,0.0050578058,0.0063793524,0.0076057369,0.0092833507,0.0105340854,0.0105776668,0.0107267629,0.0108941787
2011-05-17,0.0015644986,0.0019814043,0.0034180493,0.0048182156,0.0061569342,0.0074532228,0.0090799233,0.0103200058,0.0101344191,0.0101491405,0.0101600832
2011-05-16,0.0015021055,0.0019074504,0.0032876846,0.0047925204,0.0061038082,0.0073805737,0.0089223625,0.0102032364,0.0104438557,0.0106721476,0.0106513914
2011-05-13,0.0016743708,0.0019544567,0.0033116308,0.0046945231,0.0059703366,0.0072245289,0.0087249905,0.0099987094,0.0100608098,0.0101732442,0.0103011036
2011-05-12,0.0014564477,0.0018114462,0.0032475002,0.0046496898,0.0059510745,0.0072222918,0.0087446396,0.0100002901,0.0098596993,0.0098753455,0.0098887503
2011-05-11,0.0014206723,0.0017285912,0.0031099894,0.0044946135,0.0058048568,0.0070844114,0.0086080749,0.0098900508,0.0101038080,0.0103235170,0.0104050228
2011-05-10,0.0011672671,0.0016223250,0.0031301792,0.0044927174,0.0058082742,0.0070713623,0.0085898417,0.0098850876,0.0105908224,0.0108607894,0.0110300630
2011-05-09,0.0019143197,0.0021027649,0.0033570630,0.0047157932,0.0060414918,0.0072636761,0.0088005240,0.0100968856,0.0104629437,0.0106372729,0.0106208511
2011-05-06,0.0014567251,0.0018303557,0.0032468894,0.0046199646,0.0059710282,0.0072175084,0.0087226197,0.0100002993,0.0100354674,0.0100693109,0.0100667728
2011-05-05,0.0014840087,0.0018287949,0.0032066836,0.0046528493,0.0060192448,0.0072576763,0.0088126611,0.0100895787,0.0101538199,0.0102663016,0.0103132511
2011-05-04,0.0015045336,0.0017469882,0.0030990792,0.0044769788,0.0057606712,0.0070044991,0.0084822027,0.0098012440,0.0096216447,0.0096205218,0.0095653726
2011-05-03,0.0014936182,0.0018696586,0.0032599098,0.0046108318,0.0059127710,0.0071850634,0.0086590552,0.0099582416,0.0102038275,0.0103831415,0.0105650491
2011-05-02,0.0017598571,0.0019777976,0.0033278501,0.0047117203,0.0060521198,0.0073256632,0.0088483953,0.0101327789,0.0104491420,0.0105805016,0.0107271544
2011-04-29,0.0017889268,0.0019723985,0.0033249256,0.0047329940,0.0060499476,0.0073098379,0.0087967168,0.0100775979,0.0104830222,0.0104718943,0.0108121480
2011-04-28,0.0018893127,0.0020070339,0.0033193608,0.0047204341,0.0060340034,0.0073130528,0.0088186390,0.0101187506,0.0104824157,0.0106351245,0.0108115236
2011-04-27,0.0014148442,0.0019237076,0.0034810118,0.0048881480,0.0061927952,0.0074615268,0.0089237939,0.0101795117,0.0100233955,0.0100697019,0.0100824837
2011-04-26,0.0017789945,0.0020853068,0.0034721630,0.0050460838,0.0063298424,0.0075745882,0.0090489820,0.0103523233,0.0105545184,0.0105280167,0.0103269458
2011-04-25,0.0020864276,0.0023527714,0.0037146842,0.0051412767,0.0064263951,0.0076863582,0.0092022662,0.0104796483,0.0107747661,0.0109990800,0.0112285598
2011-04-22,0.0020865126,0.0023529535,0.0037150944,0.0051418149,0.0064170606,0.0076867308,0.0092024465,0.0104794728,0.0107743395,0.0109987491,0.0112280313
2011-04-21,0.0020865436,0.0023529812,0.0037147434,0.0051412812,0.0064208140,0.0076861558,0.0092021470,0.0104797442,0.0107753767,0.0110003926,0.0112302225
2011-04-20,0.0017593119,0.0020907901,0.0035322662,0.0049952898,0.0062759973,0.0075477882,0.0090513616,0.0103325566,0.0103669637,0.0104779083,0.0105744934
2011-04-19,0.0016797032,0.0020764935,0.0035638140,0.0050004379,0.0062980232,0.0075828051,0.0090844791,0.0103795253,0.0106805509,0.0108092340,0.0109199123
2011-04-18,0.0019125792,0.0023200210,0.0037571462,0.0052673360,0.0065719182,0.0078277553,0.0093212101,0.0106087779,0.0108079260,0.0110043130,0.0110847601
2011-04-15,0.0016062814,0.0020044731,0.0034776201,0.0049608989,0.0062572864,0.0075243706,0.0090135792,0.0102935661,0.0105429568,0.0106404980,0.0107322043
2011-04-14,0.0020463803,0.0023238211,0.0038297706,0.0053066097,0.0065983244,0.0078179824,0.0092374208,0.0104693547,0.0102326945,0.0102902994,0.0102290063
2011-04-13,0.0017892836,0.0021670577,0.0036403225,0.0051982564,0.0065024034,0.0077467695,0.0092363818,0.0105291445,0.0106034504,0.0107070361,0.0107229867
2011-04-12,0.0014484153,0.0019278977,0.0034004571,0.0048580236,0.0061564848,0.0074271556,0.0089119295,0.0101985223,0.0102527357,0.0103460656,0.0104115699
2011-04-11,0.0014122568,0.0017725697,0.0031537314,0.0046187222,0.0059035131,0.0071796248,0.0086640453,0.0099402717,0.0097500192,0.0096662052,0.0097495769
2011-04-08,0.0011971127,0.0015140569,0.0029435269,0.0043661807,0.0056428467,0.0069355885,0.0084434058,0.0096567463,0.0103493417,0.0101333537,0.0107415198
2011-04-07,0.0014824887,0.0017782517,0.0032968421,0.0046918757,0.0059799958,0.0072448566,0.0086600372,0.0099109810,0.0097331184,0.0097950769,0.0097320867
2011-04-06,0.0013705980,0.0016413240,0.0030707712,0.0045124574,0.0057884667,0.0070546341,0.0084802505,0.0097365772,0.0097756228,0.0097242430,0.0097773899
2011-04-05,0.0013131126,0.0017070615,0.0030593303,0.0044714490,0.0057544365,0.0070324048,0.0084948402,0.0097673890,0.0098010913,0.0097655436,0.0098027497
2011-04-04,0.0012405878,0.0015515274,0.0029425959,0.0043544097,0.0056335237,0.0069177285,0.0083604660,0.0096229083,0.0095309729,0.0095535843,0.0095590141
2011-04-01,0.0012903405,0.0016973633,0.0030715816,0.0045358010,0.0058138845,0.0070696409,0.0085487767,0.0098202691,0.0097134025,0.0097257099,0.0097463936
2011-03-31,0.0016247931,0.0019809178,0.0033336040,0.0047617654,0.0060439496,0.0072740826,0.0087256537,0.0100019165,0.0103670737,0.0103868154,0.0107036522
2011-03-30,0.0016274535,0.0018137586,0.0031424577,0.0046644375,0.0059421585,0.0071743035,0.0085994723,0.0098798353,0.0097167366,0.0097397727,0.0097953905
2011-03-29,0.0014573623,0.0017226154,0.0030431871,0.0045591147,0.0058339455,0.0070716506,0.0085137704,0.0098047567,0.0099237536,0.0100570782,0.0101191125
2011-03-28,0.0014397755,0.0017209629,0.0030346480,0.0045311600,0.0058214576,0.0070813597,0.0085144571,0.0098050398,0.0100866162,0.0102716833,0.0103078740
2011-03-25,0.0013728986,0.0017756548,0.0031112637,0.0045727860,0.0058689120,0.0071282498,0.0086172876,0.0098998481,0.0097620745,0.0097380866,0.0097933256
2011-03-24,0.0014205656,0.0019031970,0.0031453456,0.0045888157,0.0058657082,0.0070921004,0.0085293050,0.0097411059,0.0101236257,0.0103134657,0.0096558913
2011-03-23,0.0015656992,0.0017459788,0.0031095613,0.0045819114,0.0058606673,0.0070870914,0.0085043795,0.0097546117,0.0094654561,0.0095690542,0.0095737832
2011-03-22,0.0012677264,0.0016470005,0.0029582390,0.0044613262,0.0057284744,0.0069505724,0.0083575411,0.0095898829,0.0096465003,0.0098009042,0.0099024515
2011-03-21,0.0012545176,0.0015329368,0.0028639168,0.0043349009,0.0056185751,0.0068780576,0.0083266040,0.0096024092,0.0096292747,0.0097399981,0.0097724577
2011-03-18,0.0013010164,0.0015490323,0.0028395295,0.0042654726,0.0055396300,0.0067916136,0.0082294472,0.0095076268,0.0097575673,0.0098417216,0.0100110411
2011-03-17,0.0012936462,0.0016311970,0.0030461738,0.0045057711,0.0058077896,0.0070634558,0.0085139851,0.0097715787,0.0094655506,0.0095433870,0.0094654782
2011-03-16,0.0014309669,0.0017108828,0.0030840696,0.0045172632,0.0058313404,0.0070992426,0.0085497948,0.0098106455,0.0097501345,0.0097601005,0.0097531346
2011-03-15,0.0014445451,0.0017934170,0.0030632630,0.0044885726,0.0057964684,0.0070559471,0.0085193828,0.0098123942,0.0100225601,0.0102172574,0.0102790122
2011-03-14,0.0010789989,0.0013826819,0.0027543539,0.0041846269,0.0054677562,0.0067310710,0.0081754569,0.0094487859,0.0095414096,0.0096427393,0.0097328570
2011-03-11,0.0013624475,0.0015915992,0.0029468942,0.0044380063,0.0057139344,0.0069277343,0.0083592040,0.0096155429,0.0093332754,0.0094229323,0.0094032404
2011-03-10,0.0012969668,0.0016218116,0.0029638562,0.0043743027,0.0056718373,0.0069220278,0.0084248742,0.0097189383,0.0099974881,0.0102363503,0.0102773623
2011-03-09,0.0012722241,0.0015464744,0.0028195072,0.0042435838,0.0055202803,0.0067556964,0.0082257124,0.0095191729,0.0097553015,0.0095762048,0.0096326624
2011-03-08,0.0012077644,0.0014910969,0.0027850325,0.0041353861,0.0054201409,0.0066799273,0.0081848628,0.0094680930,0.0095738444,0.0097033876,0.0098515747
2011-03-07,0.0010795497,0.0014418646,0.0026786706,0.0040426765,0.0053334688,0.0066130710,0.0080938529,0.0093990695,0.0097936619,0.0101348447,0.0101918387
2011-03-04,0.0009213374,0.0012813687,0.0025823059,0.0040129905,0.0052934500,0.0065591591,0.0080382058,0.0093353510,0.0096746540,0.0098467181,0.0100023211
2011-03-03,0.0010242516,0.0013145892,0.0025973219,0.0039797889,0.0052549734,0.0065181154,0.0080219427,0.0093174488,0.0093916785,0.0094276119,0.0094643091
2011-03-02,0.0010694441,0.0013907848,0.0026440507,0.0041099652,0.0053922143,0.0066456824,0.0081148433,0.0094069091,0.0094639167,0.0095812223,0.0096164717
2011-03-01,0.0009922576,0.0012618031,0.0025877493,0.0040175454,0.0052911876,0.0065462312,0.0079951347,0.0092767393,0.0096702439,0.0098558580,0.0100360999
2011-02-28,0.0010617301,0.0013344308,0.0025831257,0.0039770537,0.0052540574,0.0065204320,0.0080212453,0.0093019095,0.0093823615,0.0095313742,0.0096088884
2011-02-25,0.0010849988,0.0013513542,0.0027199989,0.0041885961,0.0054660492,0.0067008390,0.0081711965,0.0094460171,0.0097404454,0.0099640968,0.0101990594
2011-02-24,0.0012491178,0.0015203990,0.0028516423,0.0043879960,0.0056697724,0.0068820527,0.0083335460,0.0096209301,0.0096869819,0.0098340444,0.0098738304
2011-02-23,0.0009642080,0.0012396281,0.0026940664,0.0041957331,0.0054805791,0.0067251256,0.0081579398,0.0093792035,0.0095932483,0.0097057277,0.0098083053
2011-02-22,0.0009367846,0.0012041124,0.0025509903,0.0040164037,0.0052840604,0.0065306427,0.0079534172,0.0091927554,0.0097170854,0.0098183300,0.0102181577
2011-02-21,0.0008045961,0.0010886010,0.0024932990,0.0040012667,0.0052681065,0.0065158595,0.0079263530,0.0091575694,0.0095054474,0.0095710995,0.0098345581
2011-02-18,0.0008186207,0.0011046064,0.0024740894,0.0040040282,0.0052751550,0.0065183064,0.0079280992,0.0091827476,0.0095063121,0.0095886643,0.0098368780
2011-02-17,0.0008821801,0.0013117090,0.0026658570,0.0041069075,0.0053995946,0.0066476807,0.0080153503,0.0090744955,0.0093257171,0.0094527713,0.0095666147
2011-02-16,0.0008414598,0.0012331468,0.0026474765,0.0040945597,0.0053856803,0.0066227446,0.0079836556,0.0090355781,0.0093191076,0.0094659099,0.0095952478
2011-02-15,0.0011090772,0.0015257798,0.0028753056,0.0042573904,0.0055788594,0.0068235875,0.0082101581,0.0092637050,0.0093159415,0.0093376057,0.0093588081
2011-02-14,0.0010448161,0.0013080973,0.0027109375,0.0042148259,0.0055218312,0.0067414502,0.0081167346,0.0093078662,0.0098215892,0.0099288159,0.0103030825
2011-02-11,0.0009562480,0.0012378496,0.0026575033,0.0041362988,0.0054592859,0.0067039045,0.0080628856,0.0092738695,0.0095207472,0.0096617841,0.0097364054
2011-02-10,0.0010379460,0.0013746127,0.0026128496,0.0040627255,0.0053754119,0.0066259998,0.0079990036,0.0091572331,0.0097206354,0.0099512478,0.0101639906
2011-02-09,0.0011727004,0.0013626385,0.0026351474,0.0040766057,0.0053739937,0.0066087355,0.0080110576,0.0091836142,0.0093922094,0.0093508009,0.0092547425
2011-02-08,0.0009449052,0.0012563746,0.0025664708,0.0040080431,0.0053124923,0.0065775537,0.0079157120,0.0090955606,0.0093296846,0.0094358774,0.0095304609
2011-02-07,0.0009503993,0.0012671541,0.0025766414,0.0040336900,0.0053309281,0.0065899278,0.0079070961,0.0090462280,0.0093098934,0.0094189499,0.0095109260
2011-02-04,0.0010987097,0.0013593777,0.0027675984,0.0042588134,0.0055594926,0.0067973024,0.0081040776,0.0092839299,0.0096554957,0.0097522259,0.0100387977
2011-02-03,0.0010228940,0.0013010203,0.0027594998,0.0042472527,0.0055459868,0.0067917519,0.0080846628,0.0092312163,0.0094159870,0.0094832597,0.0096279193
2011-02-02,0.0009104252,0.0013954082,0.0027135737,0.0041293880,0.0054100535,0.0066562107,0.0079261711,0.0090138814,0.0095223638,0.0095332443,0.0098098970
2011-02-01,0.0009181804,0.0012052352,0.0025649032,0.0040312234,0.0053119198,0.0065819285,0.0078794946,0.0090297345,0.0092425225,0.0092923341,0.0094570680
2011-01-31,0.0011506757,0.0014465696,0.0028151248,0.0042794186,0.0055735442,0.0068350627,0.0081438816,0.0093278401,0.0096353108,0.0097617362,0.0099744142
2011-01-28,0.0012083849,0.0016124621,0.0029670238,0.0044309934,0.0057183375,0.0069579325,0.0082762465,0.0094393681,0.0095489838,0.0096090834,0.0095942755
2011-01-27,0.0011470603,0.0016617915,0.0029573035,0.0043654530,0.0056407382,0.0068811603,0.0080959358,0.0091574019,0.0095163709,0.0096293655,0.0097316263
2011-01-26,0.0011441965,0.0014325413,0.0028366776,0.0043058455,0.0055786075,0.0068326574,0.0081568129,0.0093816792,0.0097751139,0.0099849194,0.0101656718
2011-01-25,0.0010776782,0.0014921931,0.0028146358,0.0043049533,0.0055423482,0.0067544972,0.0080894406,0.0092138562,0.0096628614,0.0098635425,0.0100741485
2011-01-24,0.0013136606,0.0015429055,0.0028252136,0.0041919933,0.0054571899,0.0067339327,0.0080134910,0.0091099913,0.0092050581,0.0092946556,0.0093501631
2011-01-21,0.0013164246,0.0017382459,0.0030539130,0.0045143846,0.0057805199,0.0070252832,0.0083012887,0.0094433765,0.0097631122,0.0098712448,0.0100852128
2011-01-20,0.0016671499,0.0019867668,0.0033321341,0.0047397114,0.0060110583,0.0072452929,0.0084881532,0.0095266153,0.0099300420,0.0100040873,0.0102010934
2011-01-19,0.0017350418,0.0018239879,0.0032246318,0.0047335031,0.0059852857,0.0072022872,0.0084421811,0.0094723456,0.0099369503,0.0101244183,0.0103303644
2011-01-18,0.0015707313,0.0019671372,0.0033150245,0.0048096946,0.0060721134,0.0073050459,0.0084719111,0.0094722773,0.0097210538,0.0098275127,0.0097692416
2011-01-17,0.0019100367,0.0021433402,0.0036747610,0.0051095116,0.0063794487,0.0076001992,0.0085978696,0.0095569345,0.0095556005,0.0095847218,0.0095528528
2011-01-14,0.0020815305,0.0022850585,0.0037976714,0.0052383428,0.0064951399,0.0076788386,0.0086765528,0.0096039418,0.0097523165,0.0098688157,0.0099012913
2011-01-13,0.0020084715,0.0021377904,0.0036824366,0.0051482520,0.0064229753,0.0076348327,0.0085802469,0.0094877076,0.0095192171,0.0096054633,0.0095117360
2011-01-12,0.0019188160,0.0022962531,0.0038049735,0.0052367768,0.0065166280,0.0077204565,0.0086771936,0.0095807960,0.0097586651,0.0098828727,0.0098997336
2011-01-11,0.0022078289,0.0025645273,0.0041530031,0.0056049242,0.0068906405,0.0080750232,0.0090274251,0.0099089816,0.0099815591,0.0100271244,0.0099999803
2011-01-10,0.0023597673,0.0027203623,0.0043054638,0.0057443738,0.0070014911,0.0082139255,0.0091779823,0.0100962956,0.0102358942,0.0103414061,0.0103474966
2011-01-07,0.0023516810,0.0026486931,0.0041289565,0.0055628396,0.0068504343,0.0080434653,0.0090068804,0.0099055529,0.0100713594,0.0101975268,0.0101799875
2011-01-06,0.0020005100,0.0024730251,0.0039985475,0.0053582574,0.0066846601,0.0078614689,0.0088209262,0.0097004556,0.0097220171,0.0098093980,0.0097413544
2011-01-05,0.0020454845,0.0024847401,0.0039954029,0.0052890805,0.0066518325,0.0078262920,0.0087898308,0.0097146061,0.0096794959,0.0097993829,0.0096852120
2011-01-04,0.0023067801,0.0025420628,0.0039762603,0.0054748299,0.0067296899,0.0079053839,0.0088606955,0.0097526567,0.0099395283,0.0100691225,0.0100685395
2011-01-03,0.0025058168,0.0027823372,0.0043916571,0.0058780112,0.0071302150,0.0083224430,0.0092320317,0.0100691435,0.0104377880,0.0105738847,0.0107483623
2010-12-31,0.0025058232,0.0027824086,0.0043917512,0.0058784145,0.0071312995,0.0083230012,0.0092324261,0.0100689423,0.0104367806,0.0105729073,0.0107468296
2010-12-30,0.0025057671,0.0027823149,0.0043914806,0.0058780447,0.0071315221,0.0083226422,0.0092320973,0.0100689725,0.0104365302,0.0105724004,0.0107461735
2010-12-29,0.0022453807,0.0028465212,0.0043592378,0.0058227862,0.0070849109,0.0082907611,0.0091984689,0.0100420059,0.0101629811,0.0103416732,0.0101894339
2010-12-28,0.0022485581,0.0028646469,0.0043642390,0.0058141109,0.0070705879,0.0082682013,0.0091793371,0.0100341322,0.0101630163,0.0104662169,0.0101897220
2010-12-27,0.0022504493,0.0028661746,0.0043674564,0.0058174145,0.0070753749,0.0082733047,0.0091860797,0.0100407572,0.0101629250,0.0103413497,0.0101894002
2010-12-24,0.0022803018,0.0028777719,0.0043804082,0.0058399920,0.0071027829,0.0083038938,0.0092130088,0.0100590912,0.0101627416,0.0103408725,0.0101891156
2010-12-23,0.0022892602,0.0028500578,0.0043654522,0.0058471518,0.0071077330,0.0083038908,0.0092604217,0.0101388686,0.0101713659,0.0102102583,0.0101913330
2010-12-22,0.0024905809,0.0029237418,0.0044441361,0.0058805827,0.0071547231,0.0083648066,0.0093231844,0.0101989858,0.0102979179,0.0103969780,0.0102968071
2010-12-21,0.0025811498,0.0030662057,0.0046100247,0.0060981281,0.0073705376,0.0085589251,0.0094915356,0.0103730087,0.0106198210,0.0107522487,0.0108018027
2010-12-20,0.0027278372,0.0032767620,0.0047560546,0.0062099281,0.0074901059,0.0086782790,0.0096428040,0.0105869352,0.0107763258,0.0109330640,0.0109836898
2010-12-17,0.0028771486,0.0034041298,0.0046473888,0.0060405729,0.0073286982,0.0085397791,0.0095195311,0.0104265603,0.0107303765,0.0108488512,0.0110059338
2010-12-16,0.0026985745,0.0032104810,0.0046145835,0.0059859002,0.0072816114,0.0085059622,0.0094705381,0.0103477265,0.0104732704,0.0105214537,0.0104675699
2010-12-15,0.0026802075,0.0029835207,0.0045188871,0.0059797558,0.0072629737,0.0084697433,0.0094342143,0.0103427651,0.0103961917,0.0104679629,0.0103919950
2010-12-14,0.0027362225,0.0029970748,0.0045145331,0.0059831090,0.0072704692,0.0084810484,0.0094603794,0.0103766229,0.0104298613,0.0104626456,0.0104179326
2010-12-13,0.0028969057,0.0032329833,0.0046560664,0.0061360839,0.0074179831,0.0086071387,0.0095402197,0.0104462356,0.0106457672,0.0106829875,0.0104595287
2010-12-10,0.0028408393,0.0032801850,0.0047492187,0.0062207028,0.0075114562,0.0087039034,0.0096620043,0.0105362910,0.0105637847,0.0107247340,0.0105604446
2010-12-09,0.0028180865,0.0031851695,0.0046878508,0.0061300036,0.0074235908,0.0086258002,0.0095674668,0.0104886271,0.0106671168,0.0107903530,0.0108891211
2010-12-08,0.0026525997,0.0032767505,0.0046527105,0.0060958211,0.0073978566,0.0086126837,0.0095654304,0.0104727752,0.0106671965,0.0106775808,0.0106554905
2010-12-07,0.0026304509,0.0031387036,0.0046051850,0.0060501652,0.0073371714,0.0085344554,0.0094790078,0.0103829971,0.0105426456,0.0106665402,0.0106737597
2010-12-06,0.0028338664,0.0033755539,0.0049094368,0.0063425924,0.0076619500,0.0088761449,0.0097918108,0.0107000479,0.0107556686,0.0107540511,0.0107467762
2010-12-03,0.0028105562,0.0033701841,0.0049064993,0.0063384237,0.0076385543,0.0088263360,0.0097686661,0.0106811220,0.0108224176,0.0109168267,0.0109776327
2010-12-02,0.0030244349,0.0036350845,0.0051235299,0.0065586983,0.0078695149,0.0090519987,0.0100017975,0.0109306120,0.0111048556,0.0111607920,0.0113080064
2010-12-01,0.0033741070,0.0039193201,0.0054170463,0.0068985250,0.0082143891,0.0093753467,0.0103256059,0.0112320478,0.0113520020,0.0114861888,0.0114868204
2010-11-30,0.0038288167,0.0043577699,0.0058508925,0.0073727606,0.0087010733,0.0098409129,0.0107896575,0.0116900848,0.0118111835,0.0118829451,0.0119366518
2010-11-29,0.0036879151,0.0041554302,0.0056695116,0.0071140327,0.0084365772,0.0095865734,0.0105691221,0.0114886901,0.0116943712,0.0117508256,0.0119204019
2010-11-26,0.0031593182,0.0038596189,0.0054914808,0.0069522587,0.0082883137,0.0094662933,0.0103955981,0.0113000092,0.0112970838,0.0113375792,0.0112999702
2010-11-25,0.0032338026,0.0035705064,0.0051210573,0.0066356876,0.0079479415,0.0091185071,0.0100505493,0.0109441135,0.0110421026,0.0110312697,0.0110311868
2010-11-24,0.0031683620,0.0037387410,0.0051832702,0.0065977655,0.0079260654,0.0091189663,0.0100852693,0.0110192891,0.0111037978,0.0111008733,0.0110916715
2010-11-23,0.0029080522,0.0034475594,0.0049829258,0.0064569374,0.0077819426,0.0089805612,0.0099253379,0.0108387616,0.0108834450,0.0109372683,0.0108753193
2010-11-22,0.0026311309,0.0031927125,0.0047482227,0.0062356402,0.0075341730,0.0087150717,0.0096425801,0.0105481846,0.0107196898,0.0108375927,0.0108522428
2010-11-19,0.0024349891,0.0031448701,0.0046301693,0.0060904657,0.0073756637,0.0085498673,0.0094579019,0.0103334882,0.0104676931,0.0104867010,0.0105033169
2010-11-18,0.0028185756,0.0032464304,0.0046504043,0.0060766618,0.0073833034,0.0085885824,0.0095453618,0.0104702768,0.0106696339,0.0107363144,0.0107814125
2010-11-17,0.0031064782,0.0034656699,0.0048842890,0.0063197752,0.0076249648,0.0088092035,0.0097776713,0.0107017323,0.0108998017,0.0109392068,0.0110185162
2010-11-16,0.0029949992,0.0036180263,0.0050889672,0.0065111275,0.0078333369,0.0090256285,0.0099408094,0.0108440921,0.0109498915,0.0109463641,0.0109363359
2010-11-15,0.0027142101,0.0033512822,0.0048262879,0.0062300552,0.0075441818,0.0087508432,0.0096839790,0.0105920528,0.0106402830,0.0106362271,0.0106248044
2010-11-12,0.0028691339,0.0032881306,0.0050050024,0.0064473901,0.0077851913,0.0090063661,0.0099403171,0.0108488361,0.0108205049,0.0108273589,0.0108631652
2010-11-11,0.0030287942,0.0035282871,0.0049492236,0.0063888847,0.0076990095,0.0088903139,0.0098694392,0.0107849984,0.0108297127,0.0108570500,0.0108182107
2010-11-10,0.0028159073,0.0033103967,0.0047028003,0.0061706366,0.0074772570,0.0086836946,0.0096688162,0.0105943463,0.0108251873,0.0110087493,0.0109224026
2010-11-09,0.0025093700,0.0030108996,0.0044026421,0.0058287368,0.0071105565,0.0083149586,0.0092718476,0.0102286460,0.0104868054,0.0105374636,0.0107904688
2010-11-08,0.0024427154,0.0030609412,0.0044656916,0.0059365243,0.0072325367,0.0084479989,0.0094290722,0.0103630058,0.0104055490,0.0104263263,0.0104106827
2010-11-05,0.0019625040,0.0027295383,0.0040631550,0.0054992303,0.0067766555,0.0080077624,0.0089812443,0.0099384541,0.0099472113,0.0100546744,0.0099753713
2010-11-04,0.0022532911,0.0027937174,0.0041144817,0.0056095208,0.0068856988,0.0081064372,0.0090815975,0.0100026240,0.0102347415,0.0103896294,0.0104339505
2010-11-03,0.0026315918,0.0033139882,0.0046857180,0.0060946513,0.0074328024,0.0086954789,0.0096641734,0.0106341233,0.0107492565,0.0107610955,0.0106380392
2010-11-02,0.0029228709,0.0032046230,0.0046383864,0.0060070289,0.0073485923,0.0086250822,0.0095703992,0.0104952560,0.0105646176,0.0105620589,0.0105398345
2010-11-01,0.0027688732,0.0031653891,0.0047121647,0.0060802657,0.0073433467,0.0085105498,0.0093487165,0.0102422046,0.0103995531,0.0102950682,0.0103930521
2010-10-29,0.0028352758,0.0033061254,0.0047955304,0.0061637746,0.0074187327,0.0085700286,0.0093835917,0.0102769124,0.0104141512,0.0103538883,0.0104092958
2010-10-28,0.0027982872,0.0032839131,0.0046365053,0.0060157106,0.0072497039,0.0083868840,0.0092780811,0.0101885433,0.0105291712,0.0107015912,0.0109984792
2010-10-27,0.0026450133,0.0031319646,0.0046481227,0.0060083347,0.0072830667,0.0084761562,0.0093841309,0.0102783918,0.0105830017,0.0106957513,0.0106679401
2010-10-26,0.0022449776,0.0028065381,0.0042807780,0.0055692391,0.0068150307,0.0080083257,0.0088654036,0.0098034006,0.0099255109,0.0098673417,0.0099063176
2010-10-25,0.0021800740,0.0026965892,0.0039968251,0.0053065762,0.0065092938,0.0076688946,0.0084656207,0.0093415116,0.0095175983,0.0094656185,0.0094682594
2010-10-22,0.0028816861,0.0030138134,0.0044766445,0.0056967827,0.0069257544,0.0080883773,0.0089138795,0.0097677077,0.0098604329,0.0098608768,0.0098364751
2010-10-21,0.0025338010,0.0030302237,0.0044966981,0.0057600185,0.0070002885,0.0081741450,0.0089924330,0.0098882750,0.0101651088,0.0102533998,0.0102910953
2010-10-20,0.0029462471,0.0033315811,0.0048850587,0.0061218562,0.0073432748,0.0084646351,0.0092235614,0.0101386232,0.0101958085,0.0101635078,0.0101958726
2010-10-19,0.0029033150,0.0033069720,0.0047913660,0.0061198121,0.0072623704,0.0082833872,0.0090637477,0.0098217752,0.0102249683,0.0102034754,0.0102232550
2010-10-18,0.0027768847,0.0032875589,0.0048470464,0.0061855372,0.0073433696,0.0083806958,0.0091656785,0.0100186956,0.0102942656,0.0103448606,0.0104757195
2010-10-15,0.0027707301,0.0032478056,0.0047290205,0.0060400129,0.0071814669,0.0082098013,0.0089506006,0.0097665216,0.0099139636,0.0099076597,0.0098926056
2010-10-14,0.0026022732,0.0031907647,0.0046232673,0.0059435197,0.0070713791,0.0080907015,0.0088543650,0.0096584478,0.0097891970,0.0097880666,0.0097347136
2010-10-13,0.0024221985,0.0028915648,0.0043623452,0.0056832240,0.0068003945,0.0078265894,0.0085611665,0.0093700020,0.0094675684,0.0094976547,0.0094727335
2010-10-12,0.0023729683,0.0030145414,0.0044256459,0.0057793976,0.0069246587,0.0079816144,0.0087118990,0.0095727831,0.0096051107,0.0096073324,0.0095456854
2010-10-11,0.0025438815,0.0031209192,0.0044442612,0.0057620850,0.0068798626,0.0079037626,0.0086283438,0.0094492346,0.0095350541,0.0095574246,0.0094124731
2010-10-08,0.0025961856,0.0032700710,0.0046209573,0.0060443445,0.0071584748,0.0081587434,0.0088327394,0.0097009558,0.0098046516,0.0098083487,0.0097925897
2010-10-07,0.0025939673,0.0033137241,0.0046433799,0.0060389153,0.0071445946,0.0081358924,0.0088124385,0.0096810201,0.0097553795,0.0098249350,0.0097602919
2010-10-06,0.0028829743,0.0032633477,0.0048216484,0.0060495241,0.0071488601,0.0081327757,0.0087727229,0.0094012849,0.0096451619,0.0096146240,0.0097342158
2010-10-05,0.0030154891,0.0036278564,0.0050854677,0.0063877201,0.0075237983,0.0085328141,0.0092104099,0.0099347096,0.0103489109,0.0103484082,0.0102313804
2010-10-04,0.0034537807,0.0039780004,0.0053743083,0.0065702069,0.0076846936,0.0086559632,0.0093002144,0.0100222929,0.0103763515,0.0102760248,0.0101954408
2010-10-01,0.0034022006,0.0039593686,0.0054521358,0.0066447883,0.0077560166,0.0087199721,0.0093540057,0.0099574497,0.0103815371,0.0103167172,0.0105447973
2010-09-30,0.0033424287,0.0040047769,0.0055174414,0.0067417707,0.0078494382,0.0088043930,0.0094282559,0.0100114380,0.0101891966,0.0101223917,0.0101392499
2010-09-29,0.0036399835,0.0041250591,0.0057543383,0.0069628963,0.0080730194,0.0090189457,0.0096164287,0.0101985554,0.0102839944,0.0103381887,0.0103223709
2010-09-28,0.0036797708,0.0043768627,0.0059014143,0.0071054722,0.0082260428,0.0091778332,0.0097922586,0.0104050122,0.0106574294,0.0106253041,0.0106772852
2010-09-27,0.0033541288,0.0039433117,0.0055406308,0.0067928097,0.0079088949,0.0088758672,0.0094928620,0.0101106427,0.0101499337,0.0101028210,0.0101474011
2010-09-24,0.0036134717,0.0040300881,0.0055322759,0.0067512075,0.0078557858,0.0088125969,0.0094265134,0.0099967932,0.0102997793,0.0101987597,0.0101660230
2010-09-23,0.0033738142,0.0041542827,0.0056887024,0.0069613444,0.0080629196,0.0090048213,0.0096350570,0.0102638950,0.0105004168,0.0105069831,0.0105886441
2010-09-22,0.0029558869,0.0039977536,0.0053687706,0.0064997764,0.0075949406,0.0085587702,0.0091882509,0.0097846739,0.0101671929,0.0100935811,0.0101977012
2010-09-21,0.0029571569,0.0036811629,0.0051252269,0.0063159558,0.0074072613,0.0083794349,0.0090586673,0.0096904007,0.0099447582,0.0100388444,0.0099636266
2010-09-20,0.0031264674,0.0038545738,0.0052509870,0.0064486777,0.0075562542,0.0085419766,0.0091961974,0.0098250463,0.0101460191,0.0102475243,0.0101494820
2010-09-17,0.0031822909,0.0038175535,0.0052562696,0.0063839783,0.0074695928,0.0084332670,0.0090341136,0.0095965584,0.0097004816,0.0097030582,0.0097797891
2010-09-16,0.0033326655,0.0040700536,0.0055308418,0.0066752779,0.0077725912,0.0087344016,0.0093589153,0.0098968115,0.0098921855,0.0097854511,0.0096200636
2010-09-15,0.0035294355,0.0041016017,0.0056428961,0.0067397730,0.0078285791,0.0087774614,0.0093600275,0.0099057568,0.0100296562,0.0100514836,0.0101150501
2010-09-14,0.0034637772,0.0040095047,0.0055872662,0.0067252210,0.0078088858,0.0087538150,0.0093584996,0.0099476579,0.0100773050,0.0100605959,0.0101698672
2010-09-13,0.0032070091,0.0039396123,0.0053747309,0.0065983472,0.0076885893,0.0086509022,0.0093013787,0.0099150233,0.0101381866,0.0101609446,0.0101597625
2010-09-10,0.0034034000,0.0041207068,0.0055764054,0.0067834021,0.0078825510,0.0088464030,0.0095065494,0.0100927865,0.0099939399,0.0100259864,0.0099937105
2010-09-09,0.0034772057,0.0042185218,0.0057692518,0.0069480596,0.0080463132,0.0090009530,0.0096719707,0.0102405402,0.0103601869,0.0103589704,0.0103244039
2010-09-08,0.0036038011,0.0043410516,0.0060113539,0.0071027618,0.0082179276,0.0091861386,0.0099005867,0.0105426277,0.0108216032,0.0110478472,0.0108371913
2010-09-07,0.0036976607,0.0044486288,0.0059863473,0.0071422686,0.0082396129,0.0091852403,0.0098469000,0.0104596192,0.0104932827,0.0104814109,0.0104367511
2010-09-06,0.0036116070,0.0043158498,0.0059222880,0.0069222338,0.0080197256,0.0089797304,0.0096742645,0.0102494686,0.0103049848,0.0101839261,0.0103041810
2010-09-03,0.0040165544,0.0045100728,0.0059470427,0.0071164021,0.0082043716,0.0091431990,0.0097736652,0.0103414287,0.0103704661,0.0104198355,0.0103770382
2010-09-02,0.0037739235,0.0045523801,0.0061126293,0.0072720365,0.0083532249,0.0092767907,0.0098647200,0.0103793834,0.0106206045,0.0106517742,0.0106618149
2010-09-01,0.0038189529,0.0046490583,0.0061990517,0.0074168851,0.0085071502,0.0094356011,0.0100369612,0.0105510021,0.0107785317,0.0108188846,0.0107801756
2010-08-31,0.0041832554,0.0051119683,0.0065669565,0.0077889422,0.0088652235,0.0097589092,0.0103235873,0.0108468580,0.0110221982,0.0110162499,0.0110166000
2010-08-30,0.0044884864,0.0049857216,0.0064767783,0.0076448218,0.0087311143,0.0096460569,0.0102204090,0.0107213629,0.0109275074,0.0110015537,0.0109150406
2010-08-27,0.0044835269,0.0049815524,0.0064725456,0.0076390727,0.0087238039,0.0096388773,0.0102133594,0.0107132951,0.0109298978,0.0110040654,0.0109204951
2010-08-26,0.0042337432,0.0049462659,0.0063572597,0.0074852751,0.0085727922,0.0095010060,0.0101052903,0.0105811893,0.0105098436,0.0106478565,0.0105465233
2010-08-25,0.0045259538,0.0051707477,0.0065487528,0.0076883706,0.0087676774,0.0096770958,0.0102572908,0.0107725140,0.0110141474,0.0110364015,0.0110052034
2010-08-24,0.0043908288,0.0050588414,0.0063903012,0.0076033324,0.0086614394,0.0095513300,0.0101226796,0.0106555445,0.0108100743,0.0108198480,0.0108350066
2010-08-23,0.0041970129,0.0047225318,0.0060972128,0.0072854760,0.0083298678,0.0092211148,0.0098037594,0.0103212376,0.0104031344,0.0104480472,0.0104563729
2010-08-20,0.0040728744,0.0046673371,0.0060112027,0.0072338014,0.0082852215,0.0091893391,0.0097804739,0.0102855091,0.0103244662,0.0103496853,0.0103259158
2010-08-19,0.0033112346,0.0045776353,0.0059000161,0.0071419585,0.0081883884,0.0090928415,0.0096347192,0.0101600968,0.0104338017,0.0104407717,0.0104134635
2010-08-18,0.0037711375,0.0044978946,0.0059883389,0.0071965453,0.0082149057,0.0090840314,0.0095657666,0.0100240982,0.0105818958,0.0103908092,0.0103603192
2010-08-17,0.0039251817,0.0047142392,0.0061720177,0.0073845148,0.0084161950,0.0092936136,0.0097764952,0.0102764347,0.0106817267,0.0106398583,0.0106052467
2010-08-16,0.0042836279,0.0051707034,0.0066141378,0.0078230050,0.0088518565,0.0097061629,0.0101997259,0.0106637950,0.0111407292,0.0111349019,0.0110951326
2010-08-13,0.0043396100,0.0052080126,0.0066686190,0.0079006741,0.0089264929,0.0097752414,0.0102486678,0.0108044408,0.0110904167,0.0110914234,0.0110482768
2010-08-12,0.0046041614,0.0052547525,0.0068164330,0.0080670701,0.0091018303,0.0099551776,0.0104800339,0.0110013023,0.0113423376,0.0113025467,0.0112549803
2010-08-11,0.0046201977,0.0053658267,0.0068216929,0.0080383787,0.0090745993,0.0099327908,0.0104081001,0.0109359130,0.0112422126,0.0112322614,0.0111814158
2010-08-10,0.0041087607,0.0049468398,0.0064804096,0.0077248017,0.0087246513,0.0095558892,0.0100142334,0.0104561705,0.0108399259,0.0108805042,0.0108277889
2010-08-09,0.0039039256,0.0049697172,0.0064409741,0.0075994896,0.0086144407,0.0094712979,0.0099576347,0.0104001700,0.0109906651,0.0108857375,0.0108295343
2010-08-06,0.0040377006,0.0050703921,0.0064483202,0.0076565545,0.0086763512,0.0095380169,0.0100508548,0.0105436732,0.0109399720,0.0108359227,0.0107765312
2010-08-05,0.0041601990,0.0050536730,0.0064569978,0.0076204954,0.0086469623,0.0095200362,0.0099471390,0.0104621918,0.0112663900,0.0111596423,0.0110949291
2010-08-04,0.0041603666,0.0050698728,0.0064740665,0.0076208599,0.0086463727,0.0095199807,0.0099692251,0.0104619653,0.0112162400,0.0111103718,0.0110424137
2010-08-03,0.0041853815,0.0051836367,0.0066436334,0.0078060041,0.0087827383,0.0095913713,0.0100437620,0.0105366696,0.0112662400,0.0111603060,0.0110884972
2010-08-02,0.0046288441,0.0054677465,0.0069045665,0.0080690388,0.0090476958,0.0098487528,0.0101836728,0.0105725525,0.0112789500,0.0111733031,0.0110978623
2010-07-30,0.0046867188,0.0056595021,0.0071364365,0.0083357194,0.0093141735,0.0101053200,0.0104438317,0.0108282722,0.0115797500,0.0114717030,0.0113906056
2010-07-29,0.0044221682,0.0054394359,0.0068569593,0.0080454264,0.0090232225,0.0098277985,0.0101759885,0.0105377166,0.0108038056,0.0107033883,0.0106243254
2010-07-28,0.0048118255,0.0056322987,0.0072686403,0.0084551033,0.0093764616,0.0100999327,0.0103882059,0.0107876393,0.0111591092,0.0108387567,0.0107552552
2010-07-27,0.0047761355,0.0056438213,0.0072357903,0.0084659118,0.0092959367,0.0099162960,0.0102176446,0.0104958787,0.0108576441,0.0107198275,0.0106338423
2010-07-26,0.0055926627,0.0062499815,0.0078268527,0.0090163297,0.0098859043,0.0105321584,0.0106999843,0.0109269294,0.0113055450,0.0113485895,0.0112539627
2010-07-23,0.0059736694,0.0066609590,0.0083489653,0.0095500005,0.0102925404,0.0107803680,0.0109649886,0.0112590369,0.0116568149,0.0116981385,0.0115968892
2010-07-22,0.0066159230,0.0068840224,0.0085470882,0.0097367704,0.0104937491,0.0109929867,0.0111903134,0.0114045986,0.0124807959,0.0125217668,0.0124094212
2010-07-21,0.0073349932,0.0077267712,0.0088832879,0.0100186195,0.0107600683,0.0112348924,0.0114579966,0.0117437057,0.0128312642,0.0128700207,0.0127504739
2010-07-20,0.0068156147,0.0080104504,0.0093126118,0.0104740650,0.0112118948,0.0116698954,0.0119412504,0.0122370965,0.0133663312,0.0134031997,0.0132744561
2010-07-19,0.0078643333,0.0081274506,0.0095228434,0.0105325975,0.0113253003,0.0118431063,0.0121272543,0.0123935011,0.0135331031,0.0135668846,0.0134322740
2010-07-16,0.0066052171,0.0080378217,0.0092883512,0.0104316212,0.0111869576,0.0116694747,0.0118545825,0.0121524930,0.0132659485,0.0132955871,0.0131594608
2010-07-15,0.0063100650,0.0080734600,0.0092629814,0.0103652257,0.0111157041,0.0115971633,0.0117803067,0.0120679204,0.0131696705,0.0131956440,0.0130563665
2010-07-14,0.0070554057,0.0079609982,0.0090892431,0.0102891249,0.0110298606,0.0115052392,0.0117055306,0.0119824711,0.0130724928,0.0130948511,0.0129524961
2010-07-13,0.0067673261,0.0077939885,0.0090317504,0.0102388574,0.0109738490,0.0114466387,0.0117348501,0.0120205131,0.0131100568,0.0131290468,0.0129821693
2010-07-12,0.0074719765,0.0083071625,0.0096790014,0.0107731893,0.0114731731,0.0118935572,0.0121114149,0.0123970016,0.0135166096,0.0135326504,0.0133769808
2010-07-09,0.0078822186,0.0083292654,0.0095965474,0.0107508147,0.0114464618,0.0118649955,0.0120412209,0.0122530199,0.0133556122,0.0133679670,0.0132099681
2010-07-08,0.0081094040,0.0087831017,0.0098914937,0.0109724479,0.0117308111,0.0122122714,0.0123771919,0.0125775772,0.0137052575,0.0137143502,0.0135479256
2010-07-07,0.0079269595,0.0087740010,0.0099094562,0.0111776490,0.0119241956,0.0123887949,0.0126894164,0.0129770490,0.0141362983,0.0141419796,0.0139659004
2010-07-06,0.0070384835,0.0080879304,0.0095125542,0.0108581171,0.0116086626,0.0120895092,0.0122417585,0.0126424500,0.0137676731,0.0137696062,0.0135938171
2010-07-05,0.0071124667,0.0080908692,0.0097319023,0.0109177080,0.0116779893,0.0121697299,0.0123832733,0.0127231258,0.0138513680,0.0138496920,0.0136685102
2010-07-02,0.0067529512,0.0074100844,0.0092614124,0.0107176836,0.0114745246,0.0119707731,0.0121202750,0.0124634202,0.0135645576,0.0135593712,0.0133777102
2010-07-01,0.0061844848,0.0069336672,0.0091853961,0.0105934484,0.0113663597,0.0118860246,0.0120155621,0.0123695882,0.0134583923,0.0134497302,0.0132652968
2010-06-30,0.0057498340,0.0065884869,0.0086309205,0.0100497858,0.0108171484,0.0113495181,0.0115066027,0.0119948734,0.0130467745,0.0130349693,0.0128521143
2010-06-29,0.0059268289,0.0065617453,0.0086888049,0.0101479839,0.0109269293,0.0114710350,0.0116225472,0.0121545629,0.0132164975,0.0132010874,0.0130117418
2010-06-28,0.0056749378,0.0065699195,0.0079083798,0.0097239179,0.0104846632,0.0110237984,0.0111983191,0.0116022619,0.0126121534,0.0125941553,0.0124095473
2010-06-25,0.0056359000,0.0068899862,0.0081906811,0.0098263596,0.0106706681,0.0113013834,0.0114963758,0.0117706420,0.0127913470,0.0127697546,0.0125785509
2010-06-24,0.0054203790,0.0065107200,0.0078620771,0.0096644664,0.0105065812,0.0111420077,0.0114553006,0.0116910760,0.0121557836,0.0121320922,0.0119466167
2010-06-23,0.0051118078,0.0059917877,0.0074621864,0.0092254332,0.0100302514,0.0106397843,0.0109063385,0.0112019122,0.0115113110,0.0114858727,0.0113066615
2010-06-22,0.0047303883,0.0056227224,0.0069451330,0.0087037530,0.0095562909,0.0102387180,0.0104661247,0.0107087790,0.0110617071,0.0110343775,0.0108587390
2010-06-21,0.0034645078,0.0053679896,0.0064030577,0.0080712872,0.0089219601,0.0096256182,0.0099943430,0.0103409254,0.0106147180,0.0105857251,0.0104138984
2010-06-18,0.0038632153,0.0050800580,0.0068744199,0.0086007917,0.0095003867,0.0102440684,0.0105802309,0.0108688943,0.0118716000,0.0118360796,0.0116402355
2010-06-17,0.0040533662,0.0054932690,0.0071894396,0.0088570997,0.0097044985,0.0103815084,0.0106628914,0.0110119683,0.0119701000,0.0119311656,0.0117299977
2010-06-16,0.0045845759,0.0058422638,0.0075484591,0.0092249181,0.0101172576,0.0108354350,0.0111519422,0.0114639299,0.0123671000,0.0123236523,0.0121119943
2010-06-15,0.0048418130,0.0059163865,0.0077084436,0.0093729153,0.0102678891,0.0109862218,0.0112960242,0.0116758703,0.0126020807,0.0125545252,0.0123349581
2010-06-14,0.0048518031,0.0060633294,0.0077083401,0.0095380581,0.0103780047,0.0110307729,0.0112962908,0.0116103330,0.0125376550,0.0124870779,0.0122647690
2010-06-11,0.0056447392,0.0065044497,0.0082325009,0.0101524091,0.0110518279,0.0117547868,0.0120784774,0.0123960869,0.0133929083,0.0133353946,0.0130937965
2010-06-10,0.0059033197,0.0067968151,0.0086619984,0.0103045867,0.0112670506,0.0120387949,0.0123849121,0.0126427639,0.0136663000,0.0136040556,0.0133533207
2010-06-09,0.0063543211,0.0073863212,0.0092749914,0.0109340283,0.0118587569,0.0125709673,0.0129004959,0.0132415095,0.0139631000,0.0138958708,0.0136353979
2010-06-08,0.0069642629,0.0078047328,0.0095210537,0.0111558832,0.0121750477,0.0129848956,0.0132053482,0.0134214238,0.0142585500,0.0141861893,0.0139158252
2010-06-07,0.0063094547,0.0073512575,0.0092307199,0.0108519533,0.0118449235,0.0126324677,0.0129151818,0.0132256754,0.0140115000,0.0139367494,0.0136667695
2010-06-04,0.0060849867,0.0070289368,0.0089230959,0.0103837236,0.0114143485,0.0122577638,0.0125690483,0.0128882378,0.0132169000,0.0131429524,0.0128842303
2010-06-03,0.0054486983,0.0062483330,0.0079885325,0.0098374748,0.0108234798,0.0116316897,0.0117895838,0.0121445705,0.0131698500,0.0130927426,0.0128309065
2010-06-02,0.0058137074,0.0068007634,0.0087509634,0.0102474253,0.0112885177,0.0121445721,0.0124895064,0.0128998014,0.0135103000,0.0134276887,0.0131549482
2010-06-01,0.0059838817,0.0069087390,0.0087266088,0.0104911103,0.0114977160,0.0123042560,0.0127626191,0.0131108187,0.0136607500,0.0135736700,0.0132937139
2010-05-31,0.0057831525,0.0067272889,0.0085404624,0.0102822519,0.0111971536,0.0119045011,0.0123552396,0.0129429367,0.0132194500,0.0131317498,0.0128567976
2010-05-28,0.0057706525,0.0067247159,0.0084874918,0.0103084479,0.0112253908,0.0119323050,0.0122588197,0.0126700485,0.0132194500,0.0131283174,0.0128493288
2010-05-27,0.0059007160,0.0068621532,0.0087221539,0.0105759881,0.0115304741,0.0122692659,0.0126992713,0.0131163507,0.0136122333,0.0135148596,0.0132234287
2010-05-26,0.0066572024,0.0076874173,0.0094408567,0.0111688454,0.0121788670,0.0129592903,0.0132415100,0.0137741276,0.0143125500,0.0142064524,0.0138956653
2010-05-25,0.0072793544,0.0082486354,0.0100024431,0.0116774563,0.0127624480,0.0136089918,0.0141916340,0.0145766900,0.0141274129,0.0140190225,0.0137079529
2010-05-24,0.0065195217,0.0077008286,0.0092840419,0.0107645183,0.0119613086,0.0129658067,0.0134436776,0.0143069810,0.0144105000,0.0142962000,0.0139745120
2010-05-21,0.0069353461,0.0080943040,0.0098176952,0.0112657100,0.0124315445,0.0133800852,0.0137195219,0.0144908730,0.0142893151,0.0147573882,0.0145594803
2010-05-20,0.0070168598,0.0074984994,0.0093553956,0.0108963321,0.0120287073,0.0129495704,0.0135679388,0.0144214651,0.0145385333,0.0144354099,0.0143742709
2010-05-19,0.0055629238,0.0065559906,0.0083148293,0.0098303991,0.0110082549,0.0120197130,0.0126621022,0.0135248469,0.0135944977,0.0134119118,0.0133489667
2010-05-18,0.0050664278,0.0060141517,0.0076962164,0.0092394589,0.0104133152,0.0114416932,0.0120736387,0.0130623416,0.0135334000,0.0128568225,0.0127905984
2010-05-17,0.0052428470,0.0060180884,0.0078015668,0.0092517449,0.0104490946,0.0115033147,0.0121572552,0.0130218577,0.0135334000,0.0131489000,0.0130751565
2010-05-14,0.0046087774,0.0051941528,0.0068560108,0.0085163098,0.0096592450,0.0106771355,0.0112753584,0.0121689869,0.0124031811,0.0120164810,0.0119435940
2010-05-13,0.0031881802,0.0039765601,0.0055568685,0.0070981044,0.0083028428,0.0094637139,0.0100890803,0.0110407962,0.0114447933,0.0109069058,0.0108357642
2010-05-12,0.0032607234,0.0036855278,0.0054219281,0.0070413134,0.0081477027,0.0091853887,0.0097431146,0.0107975930,0.0108873655,0.0114153250,0.0113356524
2010-05-11,0.0033980922,0.0043070043,0.0060152904,0.0074275924,0.0085816916,0.0096584879,0.0103780568,0.0113159078,0.0113213611,0.0115503429,0.0114644539
2010-05-10,0.0027905383,0.0037933477,0.0055812070,0.0069134317,0.0080787220,0.0091946153,0.0099297219,0.0109823964,0.0113311910,0.0107229810,0.0106383504
2010-05-07,0.0059634412,0.0071163157,0.0087650382,0.0101691004,0.0113872433,0.0124172974,0.0130952561,0.0141408450,0.0139671133,0.0136874427,0.0135731711
2010-05-06,0.0042869624,0.0051827161,0.0067728401,0.0083950920,0.0094907425,0.0104466696,0.0112185399,0.0122662620,0.0125084587,0.0123458137,0.0121340241
2010-05-05,0.0021663414,0.0032568429,0.0050263080,0.0063405789,0.0075334787,0.0087135610,0.0094065797,0.0103157276,0.0104870622,0.0100382067,0.0102305509
2010-05-04,0.0013683339,0.0024120915,0.0041834075,0.0056087502,0.0067519496,0.0079114530,0.0085965223,0.0095700780,0.0097572345,0.0093091080,0.0098380430
2010-05-03,0.0013119392,0.0022275091,0.0040859445,0.0054411662,0.0065308609,0.0076285739,0.0083458201,0.0093274319,0.0099599500,0.0090539736,0.0095366300
2010-04-30,0.0013119682,0.0022290635,0.0040858895,0.0053664612,0.0064842636,0.0076235690,0.0083381594,0.0093410285,0.0099599500,0.0090539736,0.0095366300
2010-04-29,0.0014533052,0.0023328904,0.0041069238,0.0054964340,0.0066164577,0.0077486416,0.0084268326,0.0095075507,0.0100099500,0.0094783212,0.0095866540
2010-04-28,0.0015810075,0.0024660039,0.0041668820,0.0056463756,0.0068003947,0.0079668110,0.0086947399,0.0097779131,0.0102614250,0.0094807120,0.0098889170
2010-04-27,0.0016076842,0.0025405881,0.0043900852,0.0057231653,0.0068481003,0.0079693056,0.0086531679,0.0098419205,0.0102146500,0.0093724620,0.0098949670
2010-04-26,0.0012360428,0.0021658108,0.0038662502,0.0052941727,0.0064659692,0.0076792044,0.0084462411,0.0096153061,0.0095572211,0.0092138495,0.0096877550
2010-04-23,0.0011612403,0.0022272700,0.0039538853,0.0054461466,0.0065800404,0.0077293928,0.0084987062,0.0094981188,0.0095575234,0.0091558151,0.0096379721
2010-04-22,0.0013038559,0.0022600458,0.0039672157,0.0054746974,0.0066150149,0.0077697962,0.0085915955,0.0096340960,0.0096910955,0.0091994320,0.0097890910
2010-04-21,0.0012246535,0.0021254817,0.0038143757,0.0054463072,0.0065212240,0.0075891777,0.0083501003,0.0094203097,0.0094244311,0.0090194920,0.0094880620
2010-04-20,0.0013045743,0.0022287865,0.0038822481,0.0054145954,0.0065367242,0.0076687300,0.0084015148,0.0095015706,0.0095243477,0.0090948686,0.0095878000
2010-04-19,0.0014039624,0.0023413773,0.0040755801,0.0056322942,0.0067518276,0.0078642443,0.0085955815,0.0096630601,0.0096244888,0.0092577845,0.0097382360
2010-04-16,0.0011997559,0.0020362034,0.0038466395,0.0053720561,0.0064808059,0.0075953475,0.0083049245,0.0092931061,0.0097055250,0.0092473966,0.0093049534
2010-04-15,0.0010039733,0.0019659438,0.0038330468,0.0052915073,0.0063771972,0.0074651919,0.0082051256,0.0090543946,0.0096051500,0.0091722967,0.0092334780
2010-04-14,0.0010051574,0.0019168721,0.0038103288,0.0052166428,0.0063320779,0.0074643601,0.0082172845,0.0091841253,0.0095549750,0.0094748625,0.0091339351
2010-04-13,0.0010300486,0.0019026769,0.0037761227,0.0052711601,0.0063461527,0.0074188491,0.0081545689,0.0090811789,0.0096057750,0.0091396544,0.0091850900
2010-04-12,0.0014066053,0.0022808646,0.0041456327,0.0054868859,0.0066382515,0.0077971107,0.0085397057,0.0094726571,0.0099538000,0.0092614525,0.0092370239
2010-04-09,0.0016320096,0.0024854777,0.0043355831,0.0058297201,0.0069440872,0.0080290722,0.0088242933,0.0097454576,0.0101031250,0.0099376375,0.0098363832
2010-04-08,0.0016828493,0.0027020761,0.0046128034,0.0060622046,0.0071750082,0.0082419023,0.0089794448,0.0098248939,0.0098527444,0.0099907625,0.0098140947
2010-04-07,0.0016035280,0.0025781657,0.0043171860,0.0058650971,0.0069801027,0.0080610606,0.0087463308,0.0096304128,0.0096825356,0.0096955257,0.0094519691
2010-04-06,0.0015279051,0.0024970137,0.0042386166,0.0058106941,0.0069104412,0.0079736620,0.0086767972,0.0096337126,0.0093732108,0.0097388750,0.0094223460
2010-04-05,0.0016372537,0.0026635471,0.0043672573,0.0058867757,0.0070157798,0.0081110897,0.0088851392,0.0098084475,0.0098536233,0.0097674689,0.0094629262
2010-04-02,0.0016373404,0.0026636221,0.0043673760,0.0058870132,0.0070165991,0.0081113591,0.0088851569,0.0098084486,0.0098536233,0.0097674689,0.0094758594
2010-04-01,0.0016375809,0.0026640905,0.0043934842,0.0059336197,0.0070629684,0.0081530603,0.0089044203,0.0098672539,0.0098536233,0.0097682466,0.0094895660
2010-03-31,0.0016709970,0.0026639643,0.0045053137,0.0059655847,0.0070869497,0.0081632299,0.0088992773,0.0097852180,0.0098865566,0.0100383250,0.0097652675
2010-03-30,0.0016378178,0.0027087818,0.0044023677,0.0058378309,0.0069793005,0.0080890804,0.0088484810,0.0097800022,0.0101035582,0.0100935110,0.0098323722
2010-03-29,0.0018522679,0.0027947304,0.0044820168,0.0060138862,0.0071417322,0.0082207094,0.0090153695,0.0098562770,0.0102025826,0.0102701653,0.0100181295
2010-03-26,0.0018955109,0.0028251847,0.0045745195,0.0061552544,0.0072793936,0.0083431930,0.0090514225,0.0098175334,0.0103422630,0.0098034323,0.0095759203
2010-03-25,0.0019688140,0.0029226799,0.0047515406,0.0063592748,0.0074439459,0.0084433975,0.0091173932,0.0101066187,0.0104407480,0.0101517483,0.0099297055
2010-03-24,0.0016500950,0.0029643347,0.0047950355,0.0064249549,0.0075040972,0.0084913305,0.0091657362,0.0100218912,0.0105446309,0.0106199361,0.0104018500
2010-03-23,0.0017001420,0.0029748014,0.0048503780,0.0064866505,0.0075867466,0.0085954795,0.0093058005,0.0101713065,0.0105938958,0.0102637394,0.0100667076
2010-03-22,0.0021850329,0.0034122391,0.0051189156,0.0067503527,0.0078718692,0.0088907670,0.0095613121,0.0104323206,0.0108401129,0.0104579533,0.0102712121
2010-03-19,0.0019977502,0.0030748508,0.0050037874,0.0064768392,0.0075866420,0.0086055085,0.0092786847,0.0100438909,0.0104531216,0.0100051813,0.0098399552
2010-03-18,0.0018558909,0.0029203717,0.0047296592,0.0062524132,0.0073570645,0.0083817065,0.0091532988,0.0100022546,0.0103318288,0.0100783301,0.0099254428
2010-03-17,0.0018325126,0.0029281082,0.0047009200,0.0062394008,0.0073475859,0.0083762179,0.0091009061,0.0099876516,0.0102981139,0.0100777616,0.0099384477
2010-03-16,0.0028771100,0.0032182792,0.0047639101,0.0063359931,0.0074573657,0.0084954857,0.0091761191,0.0102298760,0.0104959500,0.0102760869,0.0101478817
2010-03-15,0.0021872587,0.0031990469,0.0052320538,0.0067039114,0.0077811902,0.0087402997,0.0094237904,0.0103862797,0.0107591843,0.0104584946,0.0103421293
2010-03-12,0.0021482967,0.0030879498,0.0050827319,0.0065458314,0.0076265321,0.0085977029,0.0092655319,0.0101949014,0.0104480255,0.0104093601,0.0103076101
2010-03-11,0.0024457850,0.0032588942,0.0052413406,0.0067595113,0.0078398147,0.0087967018,0.0095065744,0.0103983987,0.0108461918,0.0104809693,0.0103927039
2010-03-10,0.0023521125,0.0034029391,0.0051759423,0.0066577583,0.0077971678,0.0088328288,0.0096157348,0.0103689016,0.0107605369,0.0108161790,0.0107397490
2010-03-09,0.0034390366,0.0034785801,0.0053577261,0.0069648267,0.0080447712,0.0089867298,0.0096914062,0.0104599135,0.0110437424,0.0106720123,0.0106110837
2010-03-08,0.0033419108,0.0034130888,0.0053049847,0.0069122106,0.0079643451,0.0088735683,0.0095637712,0.0103331743,0.0109962708,0.0106783912,0.0106319373
2010-03-05,0.0033053175,0.0037858700,0.0057245220,0.0072682053,0.0083590592,0.0092946545,0.0099044302,0.0106203072,0.0111780500,0.0111097870,0.0110765745
2010-03-04,0.0030045100,0.0040843420,0.0062497002,0.0077227501,0.0087515288,0.0095867635,0.0101522806,0.0109425062,0.0110631729,0.0109073060,0.0108895615
2010-03-03,0.0053452635,0.0042316857,0.0065034131,0.0080247500,0.0090318565,0.0098249243,0.0103686321,0.0110488309,0.0110322980,0.0111428914,0.0111399682
2010-03-02,0.0039558875,0.0049833423,0.0070542184,0.0084804993,0.0094700141,0.0102192025,0.0106747165,0.0112663770,0.0118116351,0.0114908470,0.0115035333
2010-03-01,0.0038565356,0.0048638780,0.0072799130,0.0087664709,0.0097289104,0.0104320895,0.0109412476,0.0115122485,0.0122869164,0.0117242995,0.0117532852
2010-02-26,0.0042246789,0.0052282463,0.0073504733,0.0088865392,0.0098521232,0.0105517676,0.0110233265,0.0115502959,0.0121590462,0.0118836491,0.0119293106
2010-02-25,0.0043585961,0.0053774540,0.0075565952,0.0091471220,0.0101228331,0.0108205267,0.0112857571,0.0118796021,0.0120106690,0.0121806174,0.0122441316
2010-02-24,0.0040359825,0.0050651705,0.0073369289,0.0088170176,0.0097265129,0.0103621975,0.0108617325,0.0114073417,0.0115105650,0.0116476471,0.0117243844
2010-02-23,0.0038961883,0.0049439185,0.0070853338,0.0085984560,0.0095123811,0.0101612647,0.0105921795,0.0112618587,0.0110528790,0.0112300400,0.0113194756
2010-02-22,0.0044497885,0.0049118778,0.0068110580,0.0083798195,0.0093058883,0.0099770300,0.0104577810,0.0111126462,0.0119388227,0.0118475091,0.0119581835
2010-02-19,0.0047791918,0.0050919171,0.0071819312,0.0086765627,0.0096176781,0.0102906675,0.0106274824,0.0113943665,0.0118740336,0.0113647907,0.0114866335
2010-02-18,0.0043379553,0.0054809968,0.0075543708,0.0089789203,0.0099096824,0.0105554478,0.0109006483,0.0114942731,0.0125690732,0.0128292566,0.0129845221
2010-02-17,0.0050347070,0.0053469551,0.0074881851,0.0090193600,0.0099602190,0.0106138726,0.0109549351,0.0115462317,0.0126398206,0.0130267138,0.0132023885
2010-02-16,0.0050941886,0.0054522746,0.0076339106,0.0091789137,0.0101659085,0.0108628415,0.0112414398,0.0118488457,0.0124132080,0.0125391153,0.0127255830
2010-02-15,0.0049969693,0.0053639835,0.0073488294,0.0088241823,0.0098055158,0.0105108846,0.0108880931,0.0115762524,0.0124634652,0.0125799736,0.0128337914
2010-02-12,0.0048590871,0.0052096362,0.0072268211,0.0087226853,0.0097044989,0.0104135640,0.0108014840,0.0115546076,0.0124536308,0.0123476349,0.0126626171
2010-02-11,0.0045298195,0.0052462481,0.0067832284,0.0083420687,0.0093329178,0.0100692009,0.0104767485,0.0112151803,0.0120901120,0.0120691574,0.0124417392
2010-02-10,0.0046412643,0.0051111502,0.0068361896,0.0082874965,0.0092468200,0.0099477725,0.0104538848,0.0112692707,0.0121996420,0.0119712054,0.0124052772
2010-02-09,0.0049504950,0.0053467762,0.0071381800,0.0088062606,0.0097498135,0.0104062919,0.0107920800,0.0118223376,0.0126925409,0.0125898512,0.0131145574
2010-02-08,0.0050795000,0.0053358970,0.0073989599,0.0089617238,0.0099849836,0.0107233033,0.0112225389,0.0121261998,0.0127392289,0.0127387337,0.0133390146
2010-02-05,0.0041473533,0.0049907430,0.0068882730,0.0084328333,0.0094498184,0.0102053841,0.0107301377,0.0116259169,0.0120365164,0.0117550698,0.0123733458
2010-02-04,0.0039486706,0.0044271984,0.0062591516,0.0078121157,0.0088517511,0.0096644286,0.0103169478,0.0115528621,0.0121108796,0.0114655081,0.0121316450
2010-02-03,0.0040250181,0.0039577142,0.0055899328,0.0071290301,0.0081911293,0.0090672186,0.0098352570,0.0110840354,0.0115304675,0.0111841250,0.0118957780
2010-02-02,0.0039860052,0.0038882459,0.0056317764,0.0072530997,0.0083042575,0.0091585232,0.0100131697,0.0112282809,0.0112739100,0.0113598375,0.0124972170
2010-02-01,0.0044566165,0.0040564647,0.0059710121,0.0075548182,0.0086574051,0.0095549731,0.0103453301,0.0115812566,0.0124874676,0.0117029000,0.0129648265
2010-01-29,0.0037524625,0.0039624401,0.0056162095,0.0072706990,0.0083422552,0.0092172061,0.0100567985,0.0113848611,0.0121759150,0.0114086748,0.0126421474
2010-01-28,0.0040361178,0.0041034340,0.0056001838,0.0071406640,0.0082458472,0.0091679239,0.0100234201,0.0112745008,0.0112736758,0.0113569259,0.0124511521
2010-01-27,0.0039342618,0.0038207008,0.0055850616,0.0071913744,0.0082770624,0.0091708611,0.0100250205,0.0113217953,0.0113166017,0.0113958551,0.0125784841
2010-01-26,0.0038209694,0.0036619840,0.0054590262,0.0069323901,0.0080429721,0.0089815274,0.0098218797,0.0111129755,0.0119996425,0.0111409963,0.0124651789
2010-01-25,0.0037548750,0.0040300165,0.0054726585,0.0070029701,0.0081011139,0.0090185723,0.0098157433,0.0111987431,0.0114813513,0.0113941500,0.0125744211
2010-01-22,0.0033173733,0.0039147075,0.0054517390,0.0068966395,0.0080629762,0.0090701471,0.0099097945,0.0112182558,0.0115403209,0.0110903000,0.0124197659
2010-01-21,0.0031380329,0.0033914623,0.0048997695,0.0064021024,0.0074532298,0.0083475307,0.0091806615,0.0104994659,0.0110243292,0.0110563529,0.0118732170
2010-01-20,0.0030887330,0.0034096588,0.0048779910,0.0063150616,0.0073945924,0.0083286194,0.0091668939,0.0103676380,0.0110099211,0.0107968457,0.0117543830
2010-01-19,0.0027933790,0.0031514485,0.0046113035,0.0059832147,0.0070172656,0.0079150542,0.0087996175,0.0100280703,0.0104848800,0.0104155477,0.0111975130
2010-01-18,0.0028792602,0.0032235954,0.0046591066,0.0059314720,0.0070462199,0.0080488357,0.0089549999,0.0102596272,0.0104266263,0.0108716184,0.0114881480
2010-01-15,0.0028080449,0.0032087809,0.0046496138,0.0059842413,0.0070760348,0.0080442304,0.0089343259,0.0101290839,0.0106039054,0.0106696044,0.0114639320
2010-01-14,0.0026607200,0.0029888580,0.0044171179,0.0059223150,0.0069235508,0.0077805529,0.0086306119,0.0098556428,0.0098778264,0.0099244689,0.0106568500
2010-01-13,0.0025162944,0.0030461798,0.0041377666,0.0054564760,0.0065036070,0.0074502535,0.0083073830,0.0094862467,0.0095132811,0.0096196230,0.0104667900
2010-01-12,0.0023594750,0.0027791447,0.0037165161,0.0051323419,0.0061220866,0.0070175996,0.0078777605,0.0091146806,0.0093241100,0.0092019573,0.0097896499
2010-01-11,0.0022606088,0.0025553602,0.0031004360,0.0046169627,0.0056197266,0.0065721846,0.0073589663,0.0085757809,0.0088652670,0.0087056586,0.0083974750
2010-01-08,0.0023983450,0.0025571669,0.0031804677,0.0046384904,0.0056404360,0.0065889308,0.0074423833,0.0086024641,0.0089632207,0.0087046258,0.0089076399
2010-01-07,0.0026063050,0.0026238643,0.0031636980,0.0045704471,0.0055653806,0.0065092032,0.0073769102,0.0085896311,0.0085253291,0.0087501651,0.0087964399
2010-01-06,0.0023750683,0.0026028380,0.0034743669,0.0046952885,0.0056659792,0.0065662130,0.0074613649,0.0086134703,0.0088043773,0.0088510132,0.0088324934
2010-01-05,0.0018900153,0.0026648520,0.0035616733,0.0048139668,0.0057614161,0.0066208416,0.0075251539,0.0086435038,0.0088733900,0.0087537333,0.0086360400
2010-01-04,0.0018748262,0.0029747592,0.0036773277,0.0050233848,0.0060293282,0.0069475186,0.0078710350,0.0089628528,0.0094587402,0.0098083424,0.0099627734
2010-01-01,0.0020097849,0.0026075750,0.0039119417,0.0054561391,0.0064587374,0.0073388609,0.0082386248,0.0091708193,0.0096655661,0.0099587752,0.0102187675
2009-12-31,0.0020097849,0.0026075750,0.0038749514,0.0054729014,0.0065130896,0.0074388505,0.0082623872,0.0091635241,0.0096655661,0.0099587752,0.0102187675
2009-12-30,0.0020095619,0.0026075750,0.0039011669,0.0054846615,0.0064906286,0.0073706121,0.0082623171,0.0091635218,0.0096657816,0.0099587752,0.0102187675
2009-12-29,0.0020472260,0.0025319208,0.0040227200,0.0054213009,0.0064412116,0.0073424669,0.0082300300,0.0091922349,0.0096713117,0.0099347258,0.0101502283
2009-12-28,0.0021261985,0.0025499209,0.0040032378,0.0055412661,0.0065664424,0.0074643531,0.0083320403,0.0094251449,0.0097727992,0.0098753810,0.0102952309
2009-12-25,0.0021261985,0.0027449830,0.0040019639,0.0054402365,0.0064978162,0.0074436935,0.0082346739,0.0094072785,0.0097727992,0.0098753810,0.0102952309
2009-12-24,0.0021261985,0.0027449830,0.0040014639,0.0055197965,0.0065455157,0.0074433185,0.0082390656,0.0094881462,0.0097727992,0.0099205615,0.0102952309
2009-12-23,0.0021264191,0.0025693123,0.0039865812,0.0055315522,0.0065227841,0.0073748204,0.0082665937,0.0094005722,0.0097726923,0.0099205615,0.0102952309
2009-12-22,0.0026518054,0.0025483765,0.0040569237,0.0055801671,0.0066180334,0.0075272172,0.0084096050,0.0095629827,0.0097899389,0.0098486375,0.0101831298
2009-12-21,0.0025640737,0.0029149423,0.0041556341,0.0057407225,0.0067525080,0.0076186618,0.0085014427,0.0097163825,0.0100746000,0.0099829167,0.0101211230
2009-12-18,0.0021946586,0.0028483916,0.0042578565,0.0058493745,0.0068794747,0.0077626045,0.0086413543,0.0097589859,0.0100746000,0.0099829167,0.0103140250
2009-12-17,0.0026631622,0.0030473533,0.0040664853,0.0057655736,0.0067609846,0.0076080789,0.0084512034,0.0096287473,0.0100782500,0.0099829167,0.0098806670
2009-12-16,0.0026776155,0.0029965672,0.0040336467,0.0057615774,0.0067776242,0.0076524850,0.0084830475,0.0095762689,0.0101755378,0.0103007890,0.0098462010
2009-12-15,0.0027922844,0.0029161546,0.0043949515,0.0058804336,0.0069176956,0.0078125671,0.0086857246,0.0097863213,0.0102041600,0.0100824833,0.0101453540
2009-12-14,0.0028623397,0.0032067467,0.0042884838,0.0058262292,0.0068946259,0.0078343931,0.0087049620,0.0098658482,0.0102662360,0.0100296750,0.0102789969
2009-12-11,0.0031051740,0.0031236276,0.0047093850,0.0062864167,0.0073102463,0.0081643884,0.0089696372,0.0101657504,0.0107673524,0.0102999750,0.0108515810
2009-12-10,0.0034923809,0.0040446346,0.0047615691,0.0063693711,0.0073949319,0.0082475681,0.0090703134,0.0102439794,0.0109354650,0.0104247952,0.0109226710
2009-12-09,0.0032319356,0.0040325598,0.0047177297,0.0063079299,0.0073231112,0.0081686407,0.0089834235,0.0101970096,0.0109343970,0.0102773667,0.0109202659
2009-12-08,0.0033368733,0.0040064720,0.0047148702,0.0061748267,0.0072186455,0.0081100466,0.0088753943,0.0100795347,0.0107693889,0.0106688526,0.0106111239
2009-12-07,0.0023011657,0.0040303608,0.0047030380,0.0063529526,0.0073519388,0.0081781700,0.0089436925,0.0100603808,0.0109056400,0.0102797000,0.0108271149
2009-12-04,0.0030803782,0.0035852437,0.0052355652,0.0067078989,0.0077605865,0.0086322073,0.0094715021,0.0105700035,0.0115662676,0.0107810357,0.0116917390
2009-12-03,0.0036203829,0.0042344970,0.0055970612,0.0070854903,0.0081138884,0.0089350858,0.0097564985,0.0108841952,0.0113000768,0.0113131023,0.0112268350
2009-12-02,0.0039614842,0.0046964909,0.0060766347,0.0076965147,0.0087552781,0.0095796063,0.0103733881,0.0115495689,0.0120001867,0.0116321250,0.0118467909
2009-12-01,0.0040033415,0.0047614942,0.0062232574,0.0077603066,0.0088494636,0.0097084115,0.0104910179,0.0117000025,0.0122690726,0.0117336000,0.0121791781
2009-11-30,0.0043170723,0.0050232463,0.0065203720,0.0081241000,0.0092139486,0.0100554329,0.0108559408,0.0120764303,0.0127621822,0.0121097833,0.0124867051
2009-11-27,0.0043564526,0.0051719493,0.0066657960,0.0082658937,0.0093707635,0.0102243543,0.0110247678,0.0122317434,0.0125495066,0.0127178648,0.0125588087
2009-11-26,0.0040534928,0.0048101977,0.0062226718,0.0077994480,0.0088718227,0.0097146887,0.0105023136,0.0116239443,0.0117858145,0.0116342000,0.0118896275
2009-11-25,0.0039431582,0.0045781566,0.0060348868,0.0076354580,0.0087009065,0.0095466776,0.0103253221,0.0115265362,0.0117324600,0.0118469262,0.0118266938
2009-11-24,0.0039618383,0.0047121922,0.0061672490,0.0078109684,0.0088787642,0.0097196315,0.0104630523,0.0115892314,0.0119824200,0.0117245200,0.0128900616
2009-11-23,0.0039625550,0.0043823017,0.0060212872,0.0076998820,0.0087892129,0.0096639980,0.0104030751,0.0115188736,0.0119699200,0.0117000200,0.0128900616
2009-11-20,0.0040818568,0.0047318428,0.0062508693,0.0078073592,0.0088823687,0.0097361142,0.0104807694,0.0116743191,0.0119324200,0.0126862125,0.0128900616
2009-11-19,0.0040408798,0.0047188417,0.0061814483,0.0077397143,0.0088303447,0.0097085395,0.0104378523,0.0116584811,0.0118333500,0.0116563600,0.0122014200
2009-11-18,0.0039343235,0.0046722969,0.0061404251,0.0076620008,0.0087420701,0.0096139351,0.0103398470,0.0114597425,0.0118833500,0.0116594125,0.0120492524
2009-11-17,0.0039140572,0.0045822082,0.0061500046,0.0076965270,0.0087497773,0.0095897064,0.0103264754,0.0114873878,0.0118833500,0.0116558600,0.0113615050
2009-11-16,0.0039612819,0.0046056047,0.0060565149,0.0075798322,0.0086439139,0.0095051435,0.0102359297,0.0114142605,0.0117832300,0.0115834000,0.0121426561
2009-11-13,0.0038920067,0.0047382750,0.0060456483,0.0077523990,0.0088169516,0.0096714033,0.0104179807,0.0116442766,0.0118843900,0.0117088900,0.0122412790
2009-11-12,0.0038224174,0.0045579199,0.0059961918,0.0076139023,0.0086719831,0.0095281711,0.0102580887,0.0114588977,0.0116841600,0.0115873500,0.0121080688
2009-11-11,0.0038069282,0.0046171573,0.0056907960,0.0074271234,0.0084953104,0.0093758178,0.0101611774,0.0112562562,0.0116845500,0.0115592400,0.0118979426
2009-11-10,0.0038994839,0.0046159093,0.0058042758,0.0075210889,0.0085780288,0.0094418450,0.0101452655,0.0113078562,0.0116720500,0.0115592400,0.0121403177
2009-11-09,0.0039496986,0.0046213020,0.0058120984,0.0075021145,0.0085608094,0.0094297429,0.0100989292,0.0112930761,0.0116845500,0.0115592400,0.0118604915
2009-11-06,0.0040383700,0.0046590025,0.0060100751,0.0076434357,0.0086999995,0.0095608172,0.0102888910,0.0113689467,0.0117995400,0.0117153400,0.0125756275
2009-11-05,0.0041882789,0.0047104057,0.0061089202,0.0076849335,0.0087479343,0.0096162862,0.0103704973,0.0114468375,0.0117711900,0.0117354900,0.0119758238
2009-11-04,0.0041987501,0.0047509441,0.0061916994,0.0076966660,0.0087596713,0.0096294335,0.0104310522,0.0114758032,0.0116813300,0.0116305375,0.0119036723
2009-11-03,0.0043089207,0.0049883962,0.0065184578,0.0079544968,0.0090582307,0.0099653625,0.0107720966,0.0118855442,0.0124959300,0.0119511375,0.0124717239
2009-11-02,0.0039881620,0.0046001454,0.0058215035,0.0073832260,0.0084422733,0.0093278813,0.0101415261,0.0113144836,0.0114301800,0.0111435750,0.0118751725
2009-10-30,0.0036744312,0.0044777055,0.0058048504,0.0072009923,0.0082296376,0.0090901432,0.0098552359,0.0109356398,0.0111802700,0.0109970500,0.0107892625
2009-10-29,0.0034667817,0.0043868967,0.0056080797,0.0070932292,0.0081226964,0.0089918570,0.0097878615,0.0108550988,0.0110915900,0.0109578625,0.0106440325
2009-10-28,0.0037241983,0.0046132262,0.0058157799,0.0072804587,0.0083481940,0.0092557276,0.0098683409,0.0109377777,0.0116030760,0.0113967044,0.0108784125
2009-10-27,0.0034382063,0.0042157758,0.0049154137,0.0066300814,0.0076580617,0.0085544953,0.0093695779,0.0103855577,0.0109508200,0.0104572000,0.0110434951
2009-10-26,0.0032460417,0.0040910150,0.0046824719,0.0063604071,0.0073821653,0.0082879944,0.0091144388,0.0101123393,0.0106992740,0.0107145616,0.0106934487
2009-10-23,0.0033200680,0.0041395833,0.0046781329,0.0064464245,0.0074623140,0.0083576901,0.0090672545,0.0101136909,0.0100695200,0.0100809000,0.0106184075
2009-10-22,0.0029707274,0.0040802973,0.0048901270,0.0065503706,0.0076302773,0.0086013018,0.0094307649,0.0103441433,0.0107397299,0.0110823810,0.0105322605
2009-10-21,0.0031100000,0.0038406050,0.0048930042,0.0066501443,0.0076748821,0.0085733997,0.0093272749,0.0103000889,0.0106549061,0.0112345131,0.0104845875
2009-10-20,0.0032847050,0.0039198428,0.0048542329,0.0066610542,0.0076892655,0.0085932759,0.0093648804,0.0102062774,0.0107743009,0.0110033578,0.0107769566
2009-10-19,0.0035667840,0.0042752658,0.0051633502,0.0070014035,0.0080624466,0.0089902526,0.0097559077,0.0107522329,0.0112760191,0.0109242500,0.0110890060
2009-10-16,0.0036513403,0.0043183647,0.0054590620,0.0071047917,0.0081571638,0.0090707170,0.0098523092,0.0105928740,0.0106797330,0.0107859478,0.0103927465
2009-10-15,0.0033564117,0.0041076361,0.0051660355,0.0068833470,0.0079573628,0.0089113714,0.0097020547,0.0104886439,0.0107181460,0.0108126100,0.0102724825
2009-10-14,0.0037106222,0.0046103630,0.0060218708,0.0076021434,0.0086295796,0.0094916214,0.0102812025,0.0111558070,0.0115487279,0.0113508429,0.0113141940
2009-10-13,0.0037844412,0.0044748430,0.0063225147,0.0080322259,0.0090818333,0.0099517536,0.0107438750,0.0114346496,0.0116867700,0.0117816837,0.0116036851
2009-10-12,0.0041161169,0.0045358008,0.0064948995,0.0083077076,0.0093649067,0.0102330592,0.0107238894,0.0112599668,0.0116980277,0.0119565335,0.0115715975
2009-10-09,0.0043810156,0.0044930000,0.0067789718,0.0085138666,0.0095907880,0.0104749705,0.0108702825,0.0112597456,0.0115485723,0.0116272070,0.0112678095
2009-10-08,0.0033085375,0.0044218358,0.0065575263,0.0084165106,0.0094959515,0.0103898018,0.0107583209,0.0111785900,0.0114061434,0.0116154327,0.0112212815
2009-10-07,0.0044588589,0.0049935150,0.0071415463,0.0089875452,0.0100961249,0.0110007424,0.0113210010,0.0117700064,0.0119582800,0.0125275610,0.0120920705
2009-10-06,0.0044044322,0.0048286508,0.0071871565,0.0088805909,0.0099948261,0.0109132367,0.0111561577,0.0115511122,0.0117716210,0.0119728510,0.0114671841
2009-10-05,0.0044258367,0.0054246114,0.0076588885,0.0094114014,0.0105322393,0.0114372967,0.0117182760,0.0121393647,0.0124358267,0.0126937511,0.0123011201
2009-10-02,0.0043307399,0.0061117672,0.0082546093,0.0099361041,0.0111143684,0.0120664908,0.0122355499,0.0125849394,0.0131217851,0.0133087229,0.0127918932
2009-10-01,0.0040765812,0.0058124300,0.0080256516,0.0095921749,0.0107429274,0.0116801125,0.0119559160,0.0123240560,0.0125315151,0.0126140238,0.0119964500
2009-09-30,0.0035884391,0.0050280833,0.0074675456,0.0090601521,0.0101619380,0.0110669442,0.0113994472,0.0117128864,0.0120600900,0.0121035190,0.0114953000
2009-09-29,0.0032323333,0.0044755659,0.0067892833,0.0085704648,0.0096402593,0.0105311180,0.0107359526,0.0110293323,0.0118502005,0.0120088184,0.0116821649
2009-09-28,0.0041957608,0.0050061651,0.0076274489,0.0091408258,0.0102376695,0.0111380586,0.0114568057,0.0115991447,0.0116119124,0.0117550843,0.0114638660
2009-09-25,0.0033208030,0.0050149491,0.0078330572,0.0092281758,0.0103516081,0.0112819403,0.0115418696,0.0115901195,0.0120108396,0.0121462659,0.0118749129
2009-09-24,0.0031670662,0.0051534196,0.0075317915,0.0090617242,0.0101212890,0.0109859120,0.0111004485,0.0113461160,0.0114975407,0.0116150689,0.0113839175
2009-09-23,0.0039706738,0.0050375000,0.0074788991,0.0090315234,0.0101045479,0.0109885243,0.0110333581,0.0112605133,0.0111776271,0.0112801239,0.0110832242
2009-09-22,0.0040648990,0.0057093288,0.0078580993,0.0094807085,0.0106039406,0.0115305940,0.0115858639,0.0118150056,0.0118490500,0.0117065689,0.0115309256
2009-09-21,0.0040607940,0.0056674739,0.0080125050,0.0097613469,0.0108252486,0.0116738795,0.0116802316,0.0118986729,0.0117165333,0.0116254909,0.0114796367
2009-09-18,0.0036939785,0.0055851545,0.0077621338,0.0093024746,0.0104469437,0.0114109159,0.0114749592,0.0117244350,0.0117464481,0.0117053610,0.0115873454
2009-09-17,0.0035383510,0.0054919780,0.0076603900,0.0092362720,0.0103932117,0.0113771797,0.0114385689,0.0115566526,0.0113001000,0.0115718550,0.0114837683
2009-09-16,0.0055140960,0.0057502015,0.0077360026,0.0092339563,0.0103814711,0.0113567238,0.0113863792,0.0115922250,0.0118370820,0.0117661121,0.0117056819
2009-09-15,0.0043659937,0.0061523628,0.0082424983,0.0098530813,0.0110168953,0.0119883869,0.0120300392,0.0122371377,0.0123474667,0.0122963610,0.0122637317
2009-09-14,0.0047905000,0.0063033723,0.0084913600,0.0100777348,0.0112559206,0.0122378404,0.0122674015,0.0125015380,0.0124757789,0.0126453191,0.0126432325
2009-09-11,0.0047208750,0.0061955422,0.0084250923,0.0099492355,0.0111234650,0.0121084191,0.0122142978,0.0123445037,0.0124637777,0.0125443445,0.0125735700
2009-09-10,0.0051064804,0.0066275331,0.0087661275,0.0104545560,0.0115758122,0.0124820413,0.0124848400,0.0127005780,0.0128247200,0.0129437088,0.0129715411
2009-09-09,0.0052230964,0.0070019955,0.0089479871,0.0106615211,0.0118284039,0.0127824080,0.0128267530,0.0129222608,0.0130196041,0.0131113645,0.0131372041
2009-09-08,0.0055193333,0.0069720081,0.0089957977,0.0108477097,0.0120005990,0.0129341723,0.0130054231,0.0133149708,0.0134702100,0.0135351711,0.0135594170
2009-09-07,0.0054792341,0.0072046771,0.0092755354,0.0110235766,0.0121646672,0.0130809740,0.0131843727,0.0134352326,0.0135166040,0.0135517770,0.0135736212
2009-09-04,0.0077780231,0.0071718847,0.0093155505,0.0111258650,0.0122746972,0.0131990059,0.0133548789,0.0136073310,0.0135963410,0.0136900735,0.0137096848
2009-09-03,0.0052767699,0.0070718165,0.0092472673,0.0109915891,0.0121924223,0.0131845175,0.0133283429,0.0135350473,0.0136544112,0.0138073961,0.0138246991
2009-09-02,0.0053262025,0.0069794737,0.0091582469,0.0109599300,0.0121301762,0.0130906879,0.0131776924,0.0134156563,0.0134729650,0.0136822356,0.0136969282
2009-09-01,0.0050586506,0.0067285231,0.0089564062,0.0106787566,0.0118403231,0.0128036483,0.0129515348,0.0132523650,0.0132961508,0.0135604747,0.0135726052
2009-08-31,0.0047984259,0.0066407422,0.0086987313,0.0105241281,0.0116649357,0.0126123841,0.0126823890,0.0129981325,0.0133808620,0.0137052868,0.0137150901
2009-08-28,0.0047984259,0.0067118282,0.0087187533,0.0105185748,0.0116606782,0.0126124841,0.0126781033,0.0129909487,0.0133811120,0.0137642108,0.0137715894
2009-08-27,0.0074253841,0.0068500073,0.0089903464,0.0107395317,0.0118829176,0.0128310452,0.0129641685,0.0132498079,0.0132026649,0.0136387883,0.0136436556
2009-08-26,0.0049661592,0.0068169138,0.0089473727,0.0106226831,0.0117815245,0.0127544360,0.0129714660,0.0132690050,0.0133613153,0.0138617631,0.0138642265
2009-08-25,0.0049421331,0.0067001364,0.0088835534,0.0106240417,0.0117767555,0.0127451616,0.0128537457,0.0131939840,0.0134259689,0.0139884622,0.0139884424
2009-08-24,0.0047475449,0.0071320112,0.0092824232,0.0107860095,0.0119629341,0.0129565600,0.0130637613,0.0133175014,0.0134266939,0.0140490999,0.0140465639
2009-08-21,0.0059892576,0.0073917529,0.0097216633,0.0113890725,0.0125641683,0.0135377197,0.0136207021,0.0139356337,0.0140188666,0.0140490999,0.0140465639
2009-08-20,0.0060646633,0.0077994009,0.0100408543,0.0116504922,0.0128549136,0.0138564420,0.0139997361,0.0143122711,0.0147997298,0.0145904415,0.0144944278
2009-08-19,0.0069866667,0.0082949189,0.0104547500,0.0121366640,0.0133769512,0.0144066807,0.0144843110,0.0147795178,0.0150005964,0.0151483713,0.0149405151
2009-08-18,0.0068993333,0.0086018333,0.0106791429,0.0121665037,0.0134265970,0.0144812613,0.0145926124,0.0149208988,0.0149806750,0.0148691364,0.0149256400
2009-08-17,0.0067180000,0.0083463456,0.0106245000,0.0121797861,0.0134593148,0.0145391094,0.0147563400,0.0150499678,0.0149807750,0.0144635710,0.0144727220
2009-08-14,0.0059915833,0.0073654575,0.0093827830,0.0113001481,0.0124406491,0.0133913636,0.0134835333,0.0136849394,0.0138249208,0.0134028309,0.0134243348
2009-08-13,0.0062990000,0.0072623750,0.0090897778,0.0107531395,0.0119543956,0.0129967308,0.0131819122,0.0134173617,0.0135225879,0.0131639533,0.0131978782
2009-08-12,0.0061250000,0.0076045000,0.0094577500,0.0111816679,0.0123330809,0.0133058315,0.0134339861,0.0137543414,0.0139533044,0.0136394300,0.0136878600
2009-08-11,0.0062823130,0.0072048571,0.0090441250,0.0107185419,0.0118774283,0.0128767383,0.0130525069,0.0131009639,0.0128451991,0.0126005600,0.0126422733
2009-08-10,0.0048508580,0.0063750619,0.0080191806,0.0097854958,0.0109746660,0.0120444738,0.0122268368,0.0124605059,0.0127103031,0.0125122314,0.0125506464
2009-08-07,0.0055927530,0.0066475063,0.0082947085,0.0099243713,0.0110674832,0.0120801985,0.0124373926,0.0126708973,0.0133922980,0.0132301212,0.0132675624
2009-08-06,0.0040043492,0.0065320095,0.0086691533,0.0098314033,0.0110550369,0.0121695776,0.0123855288,0.0127284152,0.0142387759,0.0141159863,0.0141525449
2009-08-05,0.0052584720,0.0063395783,0.0082783643,0.0097400820,0.0108618205,0.0118605425,0.0121275875,0.0124899490,0.0141829753,0.0141102847,0.0141434410
2009-08-04,0.0059077610,0.0064660339,0.0087780790,0.0102690345,0.0114301500,0.0124602702,0.0126823867,0.0131384658,0.0144499220,0.0144265933,0.0144570303
2009-08-03,0.0070290000,0.0082551586,0.0098623118,0.0121154417,0.0131380263,0.0139561463,0.0142458187,0.0146745037,0.0152054695,0.0152344920,0.0152629779
2009-07-31,0.0070830533,0.0083141362,0.0101475634,0.0122699591,0.0133276874,0.0141841163,0.0144467452,0.0147643883,0.0150842279,0.0152074290,0.0153148421
2009-07-30,0.0069819100,0.0079984686,0.0098528072,0.0121477260,0.0131712813,0.0139954919,0.0144934818,0.0147620103,0.0162016074,0.0160935040,0.0156043160
2009-07-29,0.0080670767,0.0098912509,0.0116557368,0.0134536730,0.0145901630,0.0155095007,0.0158493328,0.0161903151,0.0167047534,0.0167980560,0.0165547969
2009-07-28,0.0079374933,0.0093893667,0.0114590487,0.0136090840,0.0147029267,0.0155735771,0.0158387883,0.0159945400,0.0171273261,0.0172243391,0.0170257361
2009-07-27,0.0073266274,0.0092170757,0.0113810479,0.0129957584,0.0142073442,0.0152308859,0.0154078645,0.0157115449,0.0166574546,0.0167084308,0.0164769741
2009-07-24,0.0075694642,0.0095338517,0.0115230474,0.0135387360,0.0146664294,0.0155834263,0.0158038691,0.0161423808,0.0167180001,0.0168530870,0.0168340221
2009-07-23,0.0082234473,0.0094584486,0.0120229133,0.0137897249,0.0149598261,0.0159213930,0.0160486194,0.0163918281,0.0167527879,0.0169587201,0.0169977535
2009-07-22,0.0085027973,0.0104101123,0.0125926315,0.0144425856,0.0155708133,0.0164722344,0.0166410513,0.0169809246,0.0173563761,0.0176132211,0.0174388669
2009-07-21,0.0078634235,0.0100655913,0.0122105398,0.0139586964,0.0150987044,0.0160287875,0.0162725946,0.0165329095,0.0166835156,0.0171971244,0.0172681527
2009-07-20,0.0089262234,0.0113350000,0.0130050383,0.0144082000,0.0155142261,0.0163986450,0.0164847936,0.0167221630,0.0170382721,0.0174871439,0.0171116775
2009-07-17,0.0088969650,0.0110322111,0.0137183813,0.0149219590,0.0159731816,0.0167882631,0.0169703132,0.0171323869,0.0177050134,0.0177371346,0.0174923354
2009-07-16,0.0100436380,0.0118977758,0.0141603001,0.0158417985,0.0168803869,0.0176644597,0.0177537104,0.0179398248,0.0179960833,0.0179411630,0.0184653600
2009-07-15,0.0092634005,0.0120318630,0.0144369024,0.0158827238,0.0169503547,0.0177690391,0.0175595038,0.0177673152,0.0181753045,0.0181651320,0.0186995160
2009-07-14,0.0096749225,0.0129469642,0.0154130782,0.0167986059,0.0178216785,0.0185757607,0.0185280793,0.0188647146,0.0189806146,0.0191536931,0.0194543711
2009-07-13,0.0130049611,0.0135403945,0.0163006766,0.0173648657,0.0185684619,0.0195116667,0.0193834655,0.0194554719,0.0187775887,0.0181500000,0.0188171825
2009-07-10,0.0130115361,0.0136199863,0.0159062252,0.0174859295,0.0183649389,0.0189581294,0.0188395601,0.0189708082,0.0192434634,0.0186738661,0.0188064561
2009-07-09,0.0121824540,0.0136104138,0.0158539114,0.0169529240,0.0179582700,0.0187016920,0.0187401567,0.0191052813,0.0187968868,0.0183837210,0.0184153900
2009-07-08,0.0124591769,0.0134227386,0.0155120725,0.0167509875,0.0177695857,0.0185354018,0.0185899766,0.0189258686,0.0183260559,0.0176745614,0.0173741661
2009-07-07,0.0117112491,0.0129190292,0.0150529585,0.0161628900,0.0172080290,0.0180186544,0.0180262756,0.0178962869,0.0169887227,0.0169519985,0.0170145239
2009-07-06,0.0119642717,0.0134131945,0.0155891520,0.0166243283,0.0174850272,0.0180908481,0.0176716171,0.0171880846,0.0169245773,0.0168495933,0.0168907700
2009-07-03,0.0093047201,0.0129245856,0.0149926665,0.0163236909,0.0171162313,0.0176587368,0.0171271350,0.0165870534,0.0161483823,0.0156235806,0.0152030052
2009-07-02,0.0095625021,0.0123375510,0.0143077293,0.0154808597,0.0163803295,0.0170570213,0.0166274616,0.0161938201,0.0156449499,0.0153241287,0.0152030052
2009-07-01,0.0111353810,0.0126587619,0.0144511907,0.0158139945,0.0165218470,0.0169910376,0.0163742704,0.0158221873,0.0157282161,0.0155411861,0.0154610519
2009-06-30,0.0092883813,0.0133505000,0.0154101269,0.0164850809,0.0170167534,0.0172940980,0.0164228360,0.0159562987,0.0160791892,0.0159219415,0.0156737550
2009-06-29,0.0095761230,0.0136035000,0.0159211725,0.0171704698,0.0176293959,0.0178245907,0.0169658696,0.0164051925,0.0165263024,0.0163689552,0.0161469319
2009-06-26,0.0097374195,0.0139517363,0.0162890280,0.0171321955,0.0176617663,0.0179338455,0.0170795998,0.0164608020,0.0165813778,0.0164224128,0.0162290302
2009-06-25,0.0095870727,0.0137288700,0.0161693671,0.0171914194,0.0176705556,0.0178936173,0.0169215090,0.0164269945,0.0160659992,0.0156585689,0.0147874879
2009-06-24,0.0090759312,0.0138566667,0.0159046906,0.0164479795,0.0170363987,0.0173877665,0.0166327255,0.0160940171,0.0157418479,0.0154929700,0.0154821870
2009-06-23,0.0150141234,0.0140599539,0.0165869243,0.0174185372,0.0178378010,0.0180037515,0.0169476776,0.0164908146,0.0161802911,0.0159563621,0.0157219465
2009-06-22,0.0152857620,0.0145812408,0.0167259739,0.0175672830,0.0178480924,0.0178756717,0.0168123754,0.0163052560,0.0161962096,0.0160303342,0.0160141273
2009-06-19,0.0119871764,0.0138830809,0.0160544274,0.0172589432,0.0174284778,0.0173531918,0.0161244167,0.0155811217,0.0159447018,0.0154336169,0.0152452101
2009-06-18,0.0119488040,0.0138699136,0.0163418266,0.0169194845,0.0173269998,0.0174994967,0.0165124029,0.0159268890,0.0158960939,0.0155403200,0.0156816891
2009-06-17,0.0114690310,0.0148929740,0.0165487109,0.0173152130,0.0176591448,0.0177651441,0.0167773836,0.0162750284,0.0160000217,0.0157360660,0.0154701199
2009-06-16,0.0105007780,0.0115615947,0.0156969650,0.0163994327,0.0166171922,0.0166125000,0.0155285714,0.0149876347,0.0150002497,0.0146122919,0.0143427350
2009-06-15,0.0106726260,0.0122474495,0.0142562681,0.0152656593,0.0156024111,0.0157364837,0.0147439730,0.0141909720,0.0141060250,0.0135870061,0.0133266551
2009-06-12,0.0100222900,0.0113515747,0.0134771279,0.0145879222,0.0148388097,0.0148982691,0.0139537636,0.0134538000,0.0131827881,0.0127183170,0.0124587425
2009-06-11,0.0098140617,0.0114521944,0.0138153168,0.0148019967,0.0150353842,0.0150775638,0.0140017509,0.0134813651,0.0132824837,0.0128033460,0.0125459350
2009-06-10,0.0095191186,0.0116478391,0.0139049859,0.0147685887,0.0149624001,0.0149684641,0.0138902392,0.0133280568,0.0130560275,0.0124704651,0.0121916950
2009-06-09,0.0089326599,0.0121830000,0.0146465005,0.0155442676,0.0156219779,0.0155062500,0.0142575010,0.0135363616,0.0139818900,0.0135842000,0.0134084000
2009-06-08,0.0087884330,0.0100744139,0.0139684605,0.0149933408,0.0151405090,0.0151035431,0.0138182990,0.0133690070,0.0134812200,0.0130589000,0.0128521930
2009-06-05,0.0108140990,0.0120417840,0.0140656616,0.0147879981,0.0149933877,0.0150202705,0.0137971415,0.0131968139,0.0130355733,0.0128314000,0.0126562500
2009-06-04,0.0109758578,0.0123068192,0.0143416173,0.0152413186,0.0153758757,0.0153297851,0.0140062833,0.0135251413,0.0128658550,0.0125383980,0.0122201309
2009-06-03,0.0106581896,0.0120598089,0.0141990946,0.0151518292,0.0152093509,0.0150912941,0.0142065951,0.0132975399,0.0134601309,0.0134623183,0.0128787247
2009-06-02,0.0091107419,0.0111625000,0.0134679315,0.0145201791,0.0146715116,0.0146568023,0.0131754157,0.0126599299,0.0126876374,0.0125567000,0.0117495920
2009-06-01,0.0106794443,0.0124273803,0.0159312959,0.0166834199,0.0167652330,0.0166604560,0.0152144697,0.0144568040,0.0145538000,0.0140900500,0.0136158720
2009-05-29,0.0122853833,0.0133009511,0.0172316231,0.0180288045,0.0179738830,0.0177239682,0.0162445625,0.0155926189,0.0153242308,0.0149350009,0.0148453140
2009-05-28,0.0127766319,0.0135518939,0.0174522155,0.0184840290,0.0183786338,0.0180786157,0.0167185466,0.0158692620,0.0152383839,0.0153718037,0.0150945000
2009-05-27,0.0116605607,0.0123237393,0.0167692064,0.0172679596,0.0172432086,0.0170381250,0.0153149055,0.0144489376,0.0145000000,0.0137913951,0.0134235011
2009-05-26,0.0116527584,0.0130333112,0.0165661435,0.0175486051,0.0174864544,0.0172456224,0.0155268171,0.0144753308,0.0138507527,0.0109668468,0.0134361490
2009-05-25,0.0109960937,0.0116347631,0.0162039151,0.0171396107,0.0170323466,0.0167554953,0.0151834531,0.0138881503,0.0127946417,0.0118460174,0.0112207637
2009-05-22,0.0109960937,0.0116347631,0.0162039151,0.0171396107,0.0170305565,0.0167554953,0.0151834531,0.0138881503,0.0149863500,0.0118460174,0.0112207637
2009-05-21,0.0104279073,0.0115933622,0.0164702265,0.0171244364,0.0171182495,0.0169470556,0.0152131408,0.0141607312,0.0149873900,0.0105054440,0.0111120846
2009-05-20,0.0101325427,0.0118389271,0.0155669001,0.0166316798,0.0165915562,0.0163953716,0.0150630013,0.0142595455,0.0144869200,0.0111128991,0.0107685274
2009-05-19,0.0120935453,0.0130798046,0.0178708234,0.0183992649,0.0182807832,0.0179954848,0.0162693628,0.0149595822,0.0134446158,0.0123621708,0.0117060347
2009-05-18,0.0141156415,0.0144688091,0.0185438494,0.0200659185,0.0199651076,0.0196856604,0.0178531008,0.0161243361,0.0157674991,0.0170562500,0.0169062500
2009-05-15,0.0146854091,0.0144082582,0.0187391680,0.0195929601,0.0194604916,0.0191586357,0.0175328272,0.0156688933,0.0158287036,0.0164333800,0.0130605549
2009-05-14,0.0191694286,0.0173327000,0.0204740434,0.0210251250,0.0209690047,0.0207331534,0.0185321193,0.0165943543,0.0163913039,0.0159680400,0.0166191250
2009-05-13,0.0185982540,0.0186501999,0.0213265498,0.0219598016,0.0219098149,0.0216764727,0.0195503985,0.0177284694,0.0168755298,0.0160633887,0.0165810493
2009-05-12,0.0171875127,0.0175947003,0.0198707265,0.0196671431,0.0195181850,0.0192118190,0.0174609711,0.0157920969,0.0150598581,0.0131289872,0.0126681778
2009-05-11,0.0153955297,0.0179021246,0.0190255666,0.0193798152,0.0189950546,0.0184694371,0.0162855674,0.0147036950,0.0137948574,0.0124870136,0.0118216067
2009-05-08,0.0161613177,0.0172125209,0.0181519193,0.0178691645,0.0172370201,0.0164980881,0.0145735754,0.0129826689,0.0116408123,0.0106223952,0.0100140186
2009-05-07,0.0159481773,0.0171338659,0.0181693470,0.0179352437,0.0172592070,0.0164831110,0.0145075529,0.0130314402,0.0133665700,0.0099036764,0.0090415296
2009-05-06,0.0177940613,0.0185075622,0.0196650988,0.0192804077,0.0186211389,0.0178522249,0.0156811610,0.0135172214,0.0138716665,0.0117368566,0.0110408305
2009-05-05,0.0183387727,0.0202100000,0.0212566667,0.0209933631,0.0201558958,0.0192136364,0.0168894682,0.0148728208,0.0144358000,0.0147932300,0.0147502300
2009-05-04,0.0205976599,0.0212181243,0.0223377878,0.0224170666,0.0215456933,0.0205646269,0.0179716298,0.0159222914,0.0147762106,0.0142619373,0.0163077461
2009-05-01,0.0205976599,0.0212181243,0.0223377878,0.0224170666,0.0215434288,0.0205646269,0.0179716298,0.0159222914,0.0147762106,0.0142619373,0.0163077461
2009-04-30,0.0207616859,0.0216634257,0.0233016509,0.0234332210,0.0224036888,0.0212798388,0.0185254172,0.0161827687,0.0157536851,0.0155122340,0.0154074966
2009-04-29,0.0211817931,0.0223450914,0.0243569407,0.0238777788,0.0229826419,0.0219815609,0.0191170589,0.0173592565,0.0162023400,0.0149497819,0.0147973424
2009-04-28,0.0218183086,0.0230482624,0.0253666960,0.0250982639,0.0241113125,0.0230219375,0.0199226613,0.0174566765,0.0170067173,0.0171247000,0.0165832665
2009-04-27,0.0210587500,0.0216810733,0.0238271354,0.0236450173,0.0226816723,0.0216294588,0.0187713359,0.0165740321,0.0156087137,0.0158567500,0.0162000000
2009-04-24,0.0207346185,0.0210201056,0.0232971177,0.0237587465,0.0226559567,0.0214816544,0.0187439887,0.0162556429,0.0155853200,0.0156267800,0.0155640700
2009-04-23,0.0211052593,0.0212644689,0.0244417866,0.0243122694,0.0232805165,0.0221706006,0.0193316121,0.0170553798,0.0159677790,0.0159999683,0.0148612967
2009-04-22,0.0236250000,0.0226984409,0.0256642164,0.0253057489,0.0243717112,0.0233486557,0.0203121866,0.0177505650,0.0172334039,0.0177934900,0.0174694432
2009-04-21,0.0254469019,0.0268589084,0.0267499244,0.0267432228,0.0255687000,0.0243222572,0.0212576110,0.0188330803,0.0186738118,0.0194397100,0.0190051111
2009-04-20,0.0266830614,0.0262688456,0.0262929489,0.0260206863,0.0248656182,0.0236467464,0.0206790798,0.0180877753,0.0178899000,0.0180764222,0.0180394222
2009-04-17,0.0253717119,0.0252268750,0.0253171284,0.0246791278,0.0234817459,0.0222389293,0.0188163321,0.0163747634,0.0163671111,0.0163666667,0.0163666667
2009-04-16,0.0258333333,0.0241164971,0.0255754477,0.0257899042,0.0243901365,0.0229642857,0.0201941016,0.0175230910,0.0175534200,0.0182408800,0.0181824000
2009-04-15,0.0264278161,0.0262314055,0.0279713391,0.0277295327,0.0264151705,0.0250570412,0.0218521861,0.0191413732,0.0189666667,0.0191730556,0.0191353222
2009-04-14,0.0294383867,0.0278160054,0.0306145369,0.0301257017,0.0281369531,0.0261742207,0.0227672615,0.0197891563,0.0205002667,0.0208857100,0.0214607656
2009-04-13,0.0303745943,0.0307031536,0.0316831509,0.0311227875,0.0290433748,0.0270000000,0.0237233864,0.0206237804,0.0201582634,0.0214622000,0.0229521157
2009-04-10,0.0303745943,0.0307031536,0.0316831509,0.0311227875,0.0290403223,0.0270000000,0.0237233864,0.0206237804,0.0201582634,0.0214622000,0.0229521157
2009-04-09,0.0303745943,0.0307031536,0.0316831509,0.0311227875,0.0290372702,0.0270000000,0.0237233864,0.0206237804,0.0201582634,0.0214622000,0.0229521157
2009-04-08,0.0330106734,0.0334490607,0.0338755749,0.0331104443,0.0312847588,0.0294660953,0.0254083439,0.0224866767,0.0214335669,0.0229476446,0.0233051958
2009-04-07,0.0335881402,0.0339044697,0.0340745715,0.0336520387,0.0317155020,0.0298019766,0.0261693743,0.0229267574,0.0217926609,0.0221586910,0.0221097541
2009-04-06,0.0330742639,0.0335151510,0.0338369677,0.0333160579,0.0313725959,0.0294612975,0.0255555947,0.0224630214,0.0207623374,0.0228819085,0.0214834865
2009-04-03,0.0338606256,0.0341343858,0.0343346398,0.0340549853,0.0320152852,0.0300213291,0.0264009032,0.0234171890,0.0244250000,0.0251016228,0.0254639960
2009-04-02,0.0334918846,0.0342318501,0.0346359856,0.0343075820,0.0321190066,0.0300000000,0.0263775983,0.0235690901,0.0232782015,0.0231357825,0.0231357560
2009-04-01,0.0374721333,0.0368449360,0.0375428837,0.0372613476,0.0352206341,0.0332211173,0.0297638750,0.0261102197,0.0260450929,0.0256195846,0.0249751714
2009-03-31,0.0388454893,0.0390113706,0.0387243637,0.0379391040,0.0358037242,0.0337240000,0.0296082186,0.0262425450,0.0260677631,0.0249440488,0.0239071526
2009-03-30,0.0382324557,0.0386415887,0.0383140923,0.0381862875,0.0361163883,0.0341006163,0.0299729114,0.0266861110,0.0275712500,0.0280666667,0.0219472189
2009-03-27,0.0379047750,0.0379368333,0.0381399750,0.0379911456,0.0357992982,0.0336836364,0.0297009771,0.0265651387,0.0270212746,0.0271797992,0.0293104491
2009-03-26,0.0371666667,0.0376500000,0.0377297495,0.0366851483,0.0346947580,0.0327703496,0.0292701696,0.0250755424,0.0278080137,0.0263757306,0.0293176000
2009-03-25,0.0372360717,0.0371087518,0.0379787105,0.0376123521,0.0355270156,0.0335213796,0.0298795032,0.0264275405,0.0227719584,0.0265678875,0.0280463830
2009-03-24,0.0376496212,0.0370043919,0.0377281276,0.0372797341,0.0352605827,0.0333221015,0.0294106709,0.0259795369,0.0264806876,0.0264702565,0.0264018629
2009-03-23,0.0372971750,0.0373978116,0.0376769504,0.0370148572,0.0349670685,0.0330110914,0.0290626912,0.0261531637,0.0251644301,0.0248051667,0.0247069500
2009-03-20,0.0418288183,0.0419120177,0.0417877619,0.0414419775,0.0391891499,0.0370424772,0.0333794295,0.0295097991,0.0296099329,0.0285203279,0.0321797187
2009-03-19,0.0414205141,0.0417770753,0.0421750530,0.0421615560,0.0398893095,0.0377308430,0.0332616945,0.0302286437,0.0309159943,0.0327999302,0.0330999306
2009-03-18,0.0429348453,0.0430472287,0.0438509788,0.0431180415,0.0409032674,0.0388014875,0.0349352280,0.0312927821,0.0318550345,0.0315111413,0.0314604693
2009-03-17,0.0420377919,0.0419680325,0.0429393663,0.0423760880,0.0402256640,0.0381916369,0.0344297715,0.0309160388,0.0323758334,0.0303697061,0.0328800000
2009-03-16,0.0429447444,0.0422296025,0.0431730983,0.0427052900,0.0402775852,0.0380031121,0.0343825044,0.0313637249,0.0311749728,0.0323546241,0.0312843777
2009-03-13,0.0444369074,0.0441367124,0.0450777319,0.0445549587,0.0423740195,0.0403244600,0.0361597950,0.0327962039,0.0343015833,0.0345333334,0.0347867418
2009-03-12,0.0456658159,0.0457318792,0.0463764454,0.0458498858,0.0436036385,0.0415014985,0.0379550285,0.0341793731,0.0351448285,0.0333054945,0.0337652133
2009-03-11,0.0437530000,0.0432909100,0.0442579010,0.0435795017,0.0412577532,0.0391000000,0.0354968636,0.0319166082,0.0321250000,0.0339500000,0.0330000000
2009-03-10,0.0462724329,0.0463732815,0.0478698355,0.0465130756,0.0440821557,0.0418301822,0.0377671081,0.0339517573,0.0324361562,0.0330000000,0.0308219215
2009-03-09,0.0472106133,0.0467572307,0.0475062850,0.0473312632,0.0450731864,0.0429851935,0.0399659097,0.0368914296,0.0372664667,0.0374590000,0.0374049778
2009-03-06,0.0462376657,0.0463257566,0.0470085167,0.0467600561,0.0444650244,0.0423529634,0.0389564114,0.0352524759,0.0368494858,0.0319602970,0.0315635189
2009-03-05,0.0413175000,0.0422745667,0.0430915985,0.0428196736,0.0407796951,0.0389096788,0.0345580990,0.0317120607,0.0320640778,0.0317280333,0.0317505222
2009-03-04,0.0406323546,0.0404367163,0.0413099678,0.0409652626,0.0387796800,0.0367872262,0.0334990990,0.0304533144,0.0312240518,0.0313600396,0.0313137498
2009-03-03,0.0396476543,0.0395563381,0.0402097392,0.0397534115,0.0377040384,0.0358423910,0.0325541754,0.0292594946,0.0301538975,0.0301458407,0.0300917966
2009-03-02,0.0390931117,0.0393371794,0.0402040726,0.0395689589,0.0376883711,0.0359871163,0.0327539890,0.0296939653,0.0302280626,0.0304110412,0.0303567997
2009-02-27,0.0372214054,0.0374613859,0.0382765709,0.0375594610,0.0354071824,0.0334689134,0.0304485296,0.0271647307,0.0288321571,0.0274865921,0.0286264696
2009-02-26,0.0363021215,0.0367547198,0.0370379666,0.0362487226,0.0341092715,0.0321900540,0.0285759014,0.0259625010,0.0270044499,0.0272008381,0.0276908100
2009-02-25,0.0368175243,0.0370654284,0.0376188368,0.0368426000,0.0344087757,0.0322365819,0.0286684458,0.0261159400,0.0256886968,0.0253604746,0.0282546427
2009-02-24,0.0375579096,0.0377423436,0.0377567796,0.0378586383,0.0353856195,0.0331849166,0.0298703641,0.0270774914,0.0267505953,0.0283259921,0.0254377449
2009-02-23,0.0361354017,0.0363064187,0.0369270249,0.0365566019,0.0340716724,0.0318687106,0.0288394926,0.0262723794,0.0260993000,0.0254907683,0.0273033500
2009-02-20,0.0344986218,0.0352101862,0.0362124723,0.0354791283,0.0331982119,0.0311810795,0.0283342858,0.0250638260,0.0253666725,0.0236008138,0.0257754655
2009-02-19,0.0318124168,0.0319900705,0.0319365690,0.0314301402,0.0294460125,0.0276951335,0.0249516643,0.0222279680,0.0209837767,0.0225037655,0.0225037318
2009-02-18,0.0332102389,0.0334595010,0.0338156430,0.0332250819,0.0309875774,0.0290180403,0.0266638866,0.0237207928,0.0237480733,0.0239226744,0.0245771956
2009-02-17,0.0321763476,0.0325746367,0.0326368082,0.0321977134,0.0301650675,0.0283794880,0.0254502148,0.0226227411,0.0222987860,0.0224741747,0.0222686645
2009-02-16,0.0307748793,0.0308845348,0.0309316451,0.0304662496,0.0284401101,0.0266640814,0.0237030863,0.0210999137,0.0203301313,0.0204033543,0.0208193575
2009-02-13,0.0293912681,0.0296416243,0.0300976641,0.0294919860,0.0273092519,0.0254015815,0.0226259319,0.0203577711,0.0197587426,0.0203040000,0.0216650000
2009-02-12,0.0297362035,0.0296895409,0.0302081867,0.0295133562,0.0272952189,0.0253607345,0.0227140881,0.0201636985,0.0190009168,0.0192483675,0.0188208556
2009-02-11,0.0292447371,0.0292330407,0.0297047251,0.0288022540,0.0266916773,0.0248539037,0.0221667360,0.0198963194,0.0192446936,0.0195257737,0.0203145963
2009-02-10,0.0295675517,0.0295899806,0.0290397011,0.0287577866,0.0267705137,0.0250431759,0.0225269681,0.0203097853,0.0200049728,0.0200045069,0.0200044664
2009-02-09,0.0306439231,0.0306900103,0.0310895906,0.0301323637,0.0279854039,0.0261230272,0.0233478939,0.0209781344,0.0209324640,0.0210038205,0.0213787890
2009-02-06,0.0330483586,0.0329191192,0.0327952263,0.0322598460,0.0299942934,0.0280330672,0.0253932632,0.0226249325,0.0227763739,0.0229976988,0.0235550419
2009-02-05,0.0339522444,0.0338277581,0.0335246896,0.0330613500,0.0308650164,0.0289687778,0.0263254858,0.0234048880,0.0234580180,0.0234879426,0.0235235422
2009-02-04,0.0339154379,0.0340357934,0.0339161222,0.0330707721,0.0308386329,0.0289151682,0.0263928913,0.0235254500,0.0232703034,0.0236273833,0.0242690250
2009-02-03,0.0335489106,0.0336825529,0.0331718436,0.0327032567,0.0305043592,0.0286137466,0.0261019489,0.0234946103,0.0235544214,0.0235535018,0.0241427711
2009-02-02,0.0334112897,0.0337446008,0.0335350415,0.0333094547,0.0309139098,0.0288565468,0.0265570435,0.0237005401,0.0236189410,0.0232074574,0.0231857957
2009-01-30,0.0323809948,0.0326241898,0.0325006506,0.0319639028,0.0299215716,0.0281757252,0.0255054852,0.0229708539,0.0225832797,0.0230750827,0.0235446376
2009-01-29,0.0316549417,0.0311317320,0.0312522685,0.0307786241,0.0287798758,0.0270742744,0.0246963559,0.0221618694,0.0218359137,0.0223679808,0.0222248081
2009-01-28,0.0300219524,0.0295139193,0.0294962687,0.0289250967,0.0269298980,0.0252281200,0.0225893216,0.0199743828,0.0198169855,0.0198469200,0.0196905006
2009-01-27,0.0339496908,0.0337884302,0.0335906759,0.0328068330,0.0308653740,0.0292234284,0.0263239050,0.0236742886,0.0238662228,0.0238103230,0.0236046867
2009-01-26,0.0352575929,0.0358074496,0.0351271379,0.0341576023,0.0321741369,0.0305028844,0.0276783277,0.0251962267,0.0260494722,0.0263321792,0.0260702196
2009-01-23,0.0377186532,0.0376535194,0.0367324517,0.0363632029,0.0343211732,0.0326090909,0.0300743744,0.0270315717,0.0276328626,0.0289869793,0.0278443547
2009-01-22,0.0357398000,0.0357506561,0.0351083276,0.0344491967,0.0327535477,0.0313527948,0.0284649799,0.0259318675,0.0256792142,0.0265303562,0.0260842622
2009-01-21,0.0366340000,0.0364739284,0.0356300000,0.0348940000,0.0333134467,0.0320250000,0.0293386367,0.0268574900,0.0260913000,0.0275068824,0.0260000000
2009-01-20,0.0354239320,0.0360516735,0.0354706993,0.0346097057,0.0328756258,0.0314494462,0.0287321301,0.0261090583,0.0266993215,0.0269712560,0.0275521326
2009-01-19,0.0350588756,0.0351475791,0.0348216357,0.0338993935,0.0321519945,0.0307148821,0.0281997141,0.0253897745,0.0250482175,0.0283602100,0.0280692119
2009-01-16,0.0352432750,0.0359763026,0.0356300000,0.0342090909,0.0325862102,0.0312689439,0.0287636168,0.0262940011,0.0268689469,0.0275294517,0.0270982730
2009-01-15,0.0380684334,0.0394375712,0.0383300372,0.0372096994,0.0351704354,0.0334925690,0.0306347017,0.0281269394,0.0268789215,0.0295440739,0.0259532285
2009-01-14,0.0390343886,0.0385465121,0.0383325506,0.0373068080,0.0355904030,0.0342128257,0.0313608597,0.0287213668,0.0293519731,0.0296115957,0.0298969038
2009-01-13,0.0350000000,0.0359988247,0.0353537667,0.0344152402,0.0328145916,0.0315323633,0.0289855865,0.0257500441,0.0268445065,0.0279452442,0.0284586560
2009-01-12,0.0372964712,0.0368162542,0.0345493712,0.0334535821,0.0312943863,0.0295070412,0.0265482646,0.0238689294,0.0241178175,0.0264575630,0.0249634264
2009-01-09,0.0369761708,0.0357755987,0.0330689423,0.0316316505,0.0298203143,0.0283400156,0.0253071940,0.0229458363,0.0229654194,0.0237284448,0.0243760865
2009-01-08,0.0377768532,0.0363105137,0.0335933945,0.0317428209,0.0301032205,0.0287832612,0.0258743006,0.0230476913,0.0254968119,0.0252085333,0.0250806996
2009-01-07,0.0353168916,0.0350025617,0.0313525788,0.0300147012,0.0281907741,0.0266994104,0.0242440677,0.0217467742,0.0237818505,0.0236716113,0.0240333333
2009-01-06,0.0394499940,0.0377285837,0.0362547859,0.0338534806,0.0318899295,0.0302961595,0.0277369643,0.0252948311,0.0259075114,0.0257578581,0.0265628233
2009-01-05,0.0418525811,0.0419704102,0.0398960396,0.0384310241,0.0362181150,0.0344283023,0.0318739126,0.0291867041,0.0305703732,0.0303780399,0.0307040100
2009-01-02,0.0448289110,0.0445202337,0.0429630248,0.0412418412,0.0389979972,0.0372009930,0.0341058344,0.0309937469,0.0306865624,0.0338259810,0.0315284667
2009-01-01,0.0450044957,0.0443172592,0.0423180337,0.0405722531,0.0386694072,0.0371857005,0.0338383460,0.0307804285,0.0326756647,0.0321168279,0.0334041752
2008-12-31,0.0450044957,0.0443172592,0.0423180337,0.0405722531,0.0386666429,0.0371857005,0.0338383460,0.0307804285,0.0326756647,0.0321168279,0.0334041752
2008-12-30,0.0453639047,0.0444366562,0.0425701620,0.0412566815,0.0389744697,0.0371586894,0.0343732312,0.0305736473,0.0339194155,0.0341904838,0.0334040498
2008-12-29,0.0451772019,0.0442646073,0.0422941119,0.0407745331,0.0386317551,0.0369450474,0.0344992081,0.0309726551,0.0335711921,0.0335921404,0.0322274371
2008-12-26,0.0461929224,0.0451500814,0.0429251071,0.0412191120,0.0389484871,0.0371536078,0.0346496698,0.0314308648,0.0298552536,0.0311093055,0.0318192749
2008-12-25,0.0461929224,0.0451500814,0.0429251071,0.0412191120,0.0389457029,0.0371536078,0.0346496698,0.0314308648,0.0298552536,0.0311093055,0.0318192749
2008-12-24,0.0462704224,0.0452275814,0.0429884405,0.0410792107,0.0388985683,0.0371952745,0.0346496698,0.0314308648,0.0298552536,0.0311093055,0.0318192749
2008-12-23,0.0461730968,0.0446136028,0.0437599256,0.0408791637,0.0387629738,0.0371224722,0.0346497779,0.0313658414,0.0298552536,0.0311090392,0.0318189234
2008-12-22,0.0458307750,0.0458263702,0.0424898597,0.0406409720,0.0386253127,0.0370805991,0.0342574037,0.0315136859,0.0337118092,0.0319130316,0.0309924750
2008-12-19,0.0458494679,0.0455003809,0.0436689640,0.0413208106,0.0390227979,0.0372303298,0.0346760812,0.0330638107,0.0337347068,0.0332901250,0.0331898663
2008-12-18,0.0468930474,0.0469432455,0.0438055328,0.0427427827,0.0401171455,0.0380441823,0.0351676476,0.0335799762,0.0333118704,0.0355684141,0.0316720278
2008-12-17,0.0496719208,0.0492957928,0.0464337755,0.0453731627,0.0427628624,0.0407274834,0.0380340204,0.0353788841,0.0380666584,0.0389510097,0.0374163256
2008-12-16,0.0526028107,0.0523780101,0.0500387209,0.0489451488,0.0463163695,0.0442970243,0.0417855785,0.0393333786,0.0414403497,0.0426598094,0.0402954430
2008-12-15,0.0556703020,0.0549563332,0.0517447371,0.0506330539,0.0476398300,0.0453089046,0.0437211745,0.0415132190,0.0416115212,0.0450099221,0.0484194573
2008-12-12,0.0581519851,0.0584647095,0.0553677924,0.0539998936,0.0512429923,0.0491604028,0.0466880953,0.0441475023,0.0452944029,0.0465238728,0.0458547058
2008-12-11,0.0536819694,0.0533137874,0.0504632696,0.0487034318,0.0463095564,0.0445228693,0.0420576752,0.0402137001,0.0406784785,0.0403389133,0.0400177924
2008-12-10,0.0545386033,0.0535959514,0.0506316261,0.0486281556,0.0464423691,0.0448543424,0.0424163493,0.0406061376,0.0419825619,0.0413733683,0.0390372450
2008-12-09,0.0546579898,0.0537962607,0.0512765616,0.0484751959,0.0468938715,0.0458815688,0.0434357618,0.0418234558,0.0433856907,0.0438770771,0.0439385778
2008-12-08,0.0585070800,0.0574929240,0.0550692778,0.0531402605,0.0511037065,0.0497128736,0.0479520403,0.0461033954,0.0466572439,0.0471758746,0.0469136052
2008-12-05,0.0601154546,0.0593325652,0.0573617689,0.0553732746,0.0535271734,0.0523477782,0.0506926312,0.0487080903,0.0495795388,0.0495666113,0.0495153818
2008-12-04,0.0562606538,0.0563146709,0.0534717801,0.0521544245,0.0501530472,0.0487995059,0.0472605843,0.0460195579,0.0467449242,0.0469080596,0.0469836313
2008-12-03,0.0557783500,0.0557813730,0.0539558028,0.0521448224,0.0502983715,0.0490987779,0.0475234254,0.0453345491,0.0462065614,0.0469122115,0.0473144923
2008-12-02,0.0540030911,0.0542669744,0.0513089307,0.0501161715,0.0482449257,0.0470068897,0.0454847967,0.0440428134,0.0439640968,0.0448081266,0.0442383396
2008-12-01,0.0534378367,0.0554403753,0.0535754873,0.0520106982,0.0505355639,0.0497049638,0.0480096997,0.0468275599,0.0471077595,0.0481996566,0.0487708175
2008-11-28,0.0503750914,0.0506353000,0.0492978910,0.0481814285,0.0465552175,0.0455425512,0.0440885722,0.0425761870,0.0428280462,0.0443973404,0.0444110294
2008-11-27,0.0504618132,0.0496252465,0.0486142490,0.0473550793,0.0458825407,0.0450143258,0.0434383476,0.0417343835,0.0417558641,0.0435960563,0.0435511861
2008-11-26,0.0481517715,0.0489054200,0.0477957791,0.0467371166,0.0451382172,0.0441480354,0.0428551550,0.0414862941,0.0416603155,0.0418259236,0.0416148504
2008-11-25,0.0469833152,0.0484455040,0.0470346544,0.0460849077,0.0444735232,0.0434701298,0.0423759367,0.0406466254,0.0408675438,0.0412663253,0.0414847918
2008-11-24,0.0461540894,0.0483090425,0.0468254953,0.0456535899,0.0441014841,0.0431558977,0.0420038033,0.0404386977,0.0396794710,0.0405220201,0.0399356084
2008-11-21,0.0451991317,0.0472088557,0.0463858226,0.0453206048,0.0439023023,0.0430873385,0.0417201222,0.0404535033,0.0403118946,0.0402746075,0.0407370036
2008-11-20,0.0452149283,0.0466146963,0.0457595558,0.0452172847,0.0438411200,0.0430716659,0.0420577574,0.0410057073,0.0406433965,0.0407003807,0.0415575679
2008-11-19,0.0418027452,0.0439923448,0.0431520483,0.0426803928,0.0413410209,0.0405815795,0.0395619642,0.0388909850,0.0383345711,0.0387619484,0.0388941778
2008-11-18,0.0400949050,0.0401933141,0.0402886799,0.0400302957,0.0387553217,0.0380304049,0.0374683494,0.0366061653,0.0356094651,0.0367559834,0.0367318898
2008-11-17,0.0382219642,0.0402603519,0.0396582164,0.0388391474,0.0377594729,0.0372135675,0.0360844065,0.0355891475,0.0354460534,0.0352627112,0.0356061565
2008-11-14,0.0378698940,0.0385786053,0.0379158063,0.0372143172,0.0362876357,0.0358747208,0.0348591621,0.0344062500,0.0338114026,0.0339166191,0.0338344249
2008-11-13,0.0380629309,0.0379693746,0.0377693586,0.0375416277,0.0365850036,0.0361523422,0.0347158804,0.0335573408,0.0338375667,0.0334110800,0.0332748289
2008-11-12,0.0361698930,0.0363399527,0.0362485315,0.0358374617,0.0349449560,0.0345570913,0.0332718240,0.0318053947,0.0320440280,0.0328335343,0.0316451822
2008-11-11,0.0331357221,0.0346772963,0.0341449203,0.0336460477,0.0327032641,0.0322415318,0.0308720616,0.0296892867,0.0300536432,0.0300838801,0.0295514875
2008-11-10,0.0322603331,0.0323918449,0.0321794321,0.0319937223,0.0310267051,0.0305236284,0.0294938843,0.0287540755,0.0296099857,0.0282097254,0.0283924929
2008-11-07,0.0321288860,0.0323072683,0.0321074418,0.0323537260,0.0309612803,0.0300611248,0.0292444990,0.0288456472,0.0283586842,0.0283177610,0.0282788496
2008-11-06,0.0293545690,0.0295080770,0.0295502437,0.0290043977,0.0284505489,0.0283185655,0.0271933119,0.0261854260,0.0259314505,0.0261192089,0.0263714658
2008-11-05,0.0289893341,0.0293470916,0.0290928753,0.0285491749,0.0277943375,0.0274621785,0.0266186561,0.0257399008,0.0254618265,0.0248601856,0.0251778225
2008-11-04,0.0294919160,0.0293810525,0.0291325041,0.0287490229,0.0273677201,0.0264443037,0.0255689016,0.0243543636,0.0260827612,0.0267268274,0.0259764364
2008-11-03,0.0311503495,0.0325003039,0.0314124986,0.0307863435,0.0295673067,0.0288274019,0.0279018739,0.0269181361,0.0275087637,0.0274059848,0.0269608149
2008-10-31,0.0307782261,0.0322715863,0.0322788867,0.0324232548,0.0311436153,0.0303727152,0.0293258229,0.0284044250,0.0298864405,0.0304673584,0.0326664640
2008-10-30,0.0305764269,0.0317817818,0.0314771665,0.0313214931,0.0301175806,0.0294077619,0.0279832820,0.0269129055,0.0286655183,0.0288495570,0.0281612229
2008-10-29,0.0349653782,0.0358954373,0.0355299571,0.0350561564,0.0335911280,0.0326897229,0.0321258274,0.0307005202,0.0327297857,0.0331528248,0.0326741282
2008-10-28,0.0366611732,0.0380737084,0.0376377823,0.0367443975,0.0353889936,0.0346205329,0.0335354584,0.0332956956,0.0346322081,0.0348557197,0.0350081800
2008-10-27,0.0379933712,0.0396534920,0.0403131502,0.0394632322,0.0380034564,0.0371795466,0.0366965077,0.0362041994,0.0375529154,0.0377638232,0.0369732287
2008-10-24,0.0365333964,0.0401303794,0.0418215249,0.0411918616,0.0400481711,0.0395609396,0.0393428478,0.0389749967,0.0398923764,0.0399686955,0.0399703787
2008-10-23,0.0350369276,0.0371524438,0.0377780583,0.0368656799,0.0361436613,0.0360094739,0.0360109102,0.0355015527,0.0365953716,0.0360108390,0.0363431147
2008-10-22,0.0309542435,0.0345326518,0.0343222354,0.0332252683,0.0322090174,0.0317338880,0.0313850824,0.0309883325,0.0322523190,0.0315906656,0.0316836826
2008-10-21,0.0323020142,0.0331185195,0.0327365805,0.0320477706,0.0312089088,0.0308928707,0.0304933315,0.0301224758,0.0309811608,0.0316751863,0.0317284037
2008-10-20,0.0363195079,0.0372162745,0.0365861782,0.0358145814,0.0350434397,0.0348589734,0.0343075016,0.0338040079,0.0350479072,0.0354027537,0.0359505587
2008-10-17,0.0352164700,0.0354365036,0.0352466271,0.0347917982,0.0340134173,0.0338101243,0.0335441655,0.0331053108,0.0341519731,0.0349645183,0.0346092060
2008-10-16,0.0326055039,0.0323947704,0.0324807110,0.0323092639,0.0317604803,0.0317491615,0.0316029005,0.0314435350,0.0311972143,0.0319585988,0.0318160005
2008-10-15,0.0295470499,0.0305165890,0.0293665762,0.0292207241,0.0285182764,0.0283075883,0.0279287532,0.0279578166,0.0282913700,0.0279618756,0.0279198326
2008-10-14,0.0211372513,0.0244696286,0.0240012108,0.0239028367,0.0234643332,0.0234302206,0.0234483686,0.0233159005,0.0240724088,0.0248681154,0.0248428222
2008-10-13,0.0225889860,0.0240509168,0.0259554030,0.0264479746,0.0263717977,0.0267521403,0.0268826601,0.0270347515,0.0275335149,0.0277043172,0.0276921898
2008-10-10,0.0217673419,0.0240550317,0.0260114737,0.0263726852,0.0263982943,0.0268862948,0.0271587463,0.0270661537,0.0277980442,0.0281896497,0.0277222700
2008-10-09,0.0145615332,0.0210631933,0.0225019824,0.0231030052,0.0230536640,0.0234103072,0.0234741768,0.0237176237,0.0249333333,0.0250057960,0.0256277325
2008-10-08,0.0122014000,0.0139953691,0.0182301050,0.0189875917,0.0191078280,0.0195708878,0.0194651645,0.0198659500,0.0209401465,0.0209308903,0.0211146177
2008-10-07,0.0101590500,0.0123805635,0.0149924881,0.0166037884,0.0170160836,0.0177513705,0.0181363815,0.0185887535,0.0202336899,0.0194548059,0.0239947400
2008-10-06,0.0092932836,0.0128716511,0.0148636686,0.0161891483,0.0170926391,0.0183672410,0.0188458008,0.0193116101,0.0199674734,0.0208875099,0.0208933823
2008-10-03,0.0101608360,0.0106704231,0.0125689426,0.0141473809,0.0150517985,0.0162959712,0.0167534119,0.0171483795,0.0179518667,0.0185076553,0.0186025770
2008-10-02,0.0067300531,0.0077689874,0.0101471440,0.0129099176,0.0139652765,0.0153703916,0.0157857471,0.0162663554,0.0169401540,0.0171553716,0.0174024031
2008-10-01,0.0060812352,0.0074930489,0.0093036322,0.0110494376,0.0120540296,0.0133771467,0.0138435058,0.0143366398,0.0150755844,0.0152370250,0.0159216431
2008-09-30,0.0054422310,0.0061314611,0.0081107479,0.0098585372,0.0108167266,0.0120711376,0.0125303970,0.0130716821,0.0141797231,0.0143350081,0.0147741640
2008-09-29,0.0052439315,0.0059623634,0.0078828818,0.0096047345,0.0106136153,0.0119272444,0.0124141098,0.0129440567,0.0135888958,0.0138095949,0.0143171792
2008-09-26,0.0051303527,0.0058643067,0.0074771341,0.0093012820,0.0103548106,0.0117211476,0.0121758850,0.0127169482,0.0129505756,0.0136349656,0.0137418134
2008-09-25,0.0050976994,0.0058217290,0.0073811593,0.0090010116,0.0100917217,0.0115026435,0.0119912241,0.0124670439,0.0127247194,0.0133890434,0.0134495246
2008-09-24,0.0051514757,0.0062598199,0.0078299303,0.0094525652,0.0104444266,0.0117302642,0.0122348624,0.0127661921,0.0133556626,0.0139817767,0.0143321089
2008-09-23,0.0051181737,0.0056873707,0.0074162637,0.0091208032,0.0101557591,0.0114923751,0.0120382505,0.0125667158,0.0129918033,0.0135170525,0.0140420428
2008-09-22,0.0047441638,0.0052160846,0.0068703622,0.0085083910,0.0094993267,0.0107767083,0.0113237228,0.0118205846,0.0122789366,0.0124630579,0.0127479244
2008-09-19,0.0049706794,0.0055981704,0.0072445109,0.0089903316,0.0099823076,0.0112606621,0.0117715682,0.0122591427,0.0126314141,0.0134025613,0.0132176300
2008-09-18,0.0059771569,0.0066045236,0.0087319074,0.0109143129,0.0120314887,0.0134725532,0.0139554920,0.0144445611,0.0156425261,0.0159155925,0.0163515700
2008-09-17,0.0063134443,0.0069433129,0.0095137630,0.0115715382,0.0126913651,0.0141371861,0.0146185457,0.0151576233,0.0151561625,0.0163914950,0.0178015700
2008-09-16,0.0063549592,0.0072043383,0.0092296461,0.0115976525,0.0128132032,0.0143751555,0.0147845909,0.0153723924,0.0159620239,0.0166824706,0.0169583560
2008-09-15,0.0057732363,0.0067417480,0.0088525611,0.0107531210,0.0118401514,0.0132366176,0.0137182081,0.0142487754,0.0149144923,0.0152318375,0.0158235010
2008-09-12,0.0050268750,0.0056373104,0.0073050428,0.0089527444,0.0100356517,0.0114198880,0.0119138156,0.0124443956,0.0138039697,0.0130910000,0.0130616667
2008-09-11,0.0052611956,0.0057906177,0.0074943178,0.0092186683,0.0102670283,0.0116058786,0.0121075717,0.0126680146,0.0131551982,0.0137026312,0.0141373015
2008-09-10,0.0050896410,0.0056606484,0.0073683029,0.0090655575,0.0101052537,0.0114310583,0.0119792419,0.0124994972,0.0131332512,0.0136108866,0.0144503510
2008-09-09,0.0051606447,0.0058501036,0.0074925125,0.0092609962,0.0103026128,0.0116292949,0.0121384002,0.0126707180,0.0133840146,0.0138822707,0.0142400600
2008-09-08,0.0050347639,0.0057258223,0.0073269220,0.0090887918,0.0101098996,0.0114086351,0.0119325060,0.0124544059,0.0131349711,0.0132507975,0.0137875191
2008-09-05,0.0053794821,0.0060385143,0.0078553991,0.0096111755,0.0106918557,0.0120643980,0.0125609075,0.0130538201,0.0138406527,0.0146258008,0.0149514571
2008-09-04,0.0050940442,0.0057713345,0.0075688584,0.0094242563,0.0104520193,0.0117559878,0.0122467968,0.0128078656,0.0133999017,0.0139115449,0.0142260198
2008-09-03,0.0051546707,0.0056419602,0.0074290367,0.0091053909,0.0101440103,0.0114592555,0.0119362873,0.0124843412,0.0132286949,0.0136157655,0.0138535799
2008-09-02,0.0049334213,0.0055839194,0.0071237243,0.0088875320,0.0099167733,0.0112182484,0.0116777338,0.0121699672,0.0129987471,0.0131245709,0.0135918544
2008-09-01,0.0051349991,0.0056496472,0.0073001520,0.0092007388,0.0102349534,0.0115410233,0.0119949050,0.0124872268,0.0132302858,0.0132535574,0.0137897450
2008-08-29,0.0051213343,0.0055855456,0.0074368908,0.0092730147,0.0102254605,0.0114279917,0.0119176944,0.0124267640,0.0131849024,0.0132510533,0.0136880784
2008-08-28,0.0051218708,0.0057739926,0.0074517238,0.0091268206,0.0101607598,0.0114627228,0.0119088538,0.0123963074,0.0135215946,0.0137380079,0.0169149474
2008-08-27,0.0050034965,0.0055361998,0.0071643196,0.0088685064,0.0098810562,0.0111542664,0.0116162996,0.0121360315,0.0128713473,0.0138441678,0.0139513281
2008-08-26,0.0048351449,0.0052887188,0.0068169952,0.0085457329,0.0095712857,0.0108593999,0.0113321081,0.0118207767,0.0124849633,0.0130220674,0.0134666990
2008-08-25,0.0047787420,0.0051704487,0.0068520120,0.0083096698,0.0093039561,0.0105510564,0.0110591052,0.0115291816,0.0121403640,0.0122560910,0.0124854477
2008-08-22,0.0047787420,0.0051678739,0.0068853453,0.0083396698,0.0093154209,0.0105373240,0.0110119952,0.0115167105,0.0121403640,0.0124060910,0.0124854477
2008-08-21,0.0048229129,0.0051700527,0.0067469709,0.0083181761,0.0093804986,0.0107109449,0.0111655414,0.0116374213,0.0123586690,0.0126786102,0.0131017348
2008-08-20,0.0046189769,0.0050469100,0.0064613511,0.0081765328,0.0091929442,0.0104634268,0.0109446364,0.0113950815,0.0118026833,0.0121064477,0.0123385409
2008-08-19,0.0046329198,0.0050390739,0.0065394073,0.0081638381,0.0091792133,0.0104467270,0.0108877045,0.0114373548,0.0123828238,0.0123145047,0.0125499898
2008-08-18,0.0044912003,0.0047343040,0.0064753172,0.0079098088,0.0089154761,0.0101698986,0.0106131247,0.0111063859,0.0118676554,0.0120340000,0.0129266667
2008-08-15,0.0046404067,0.0048429475,0.0064596321,0.0079657926,0.0089252091,0.0101188500,0.0106098000,0.0110722000,0.0113023167,0.0119632500,0.0123402325
2008-08-14,0.0045373081,0.0049620571,0.0064629277,0.0079863591,0.0089696171,0.0101918295,0.0106801042,0.0111943512,0.0122447937,0.0122232450,0.0125027325
2008-08-13,0.0045167271,0.0049094079,0.0064288038,0.0081736897,0.0091018546,0.0102523787,0.0107276963,0.0112110717,0.0118683122,0.0120914950,0.0122036433
2008-08-12,0.0045523233,0.0050991030,0.0063733125,0.0080812660,0.0090997201,0.0103630953,0.0108260252,0.0114061498,0.0119016456,0.0120912493,0.0126713184
2008-08-11,0.0047038573,0.0052487275,0.0065019962,0.0082935777,0.0093389504,0.0106340052,0.0111139877,0.0116390825,0.0120797000,0.0123971320,0.0127034299
2008-08-08,0.0045544537,0.0054182666,0.0067029711,0.0086699922,0.0096916550,0.0109534179,0.0114236086,0.0119321313,0.0121983492,0.0128553267,0.0130571946
2008-08-07,0.0046442545,0.0053849782,0.0067081477,0.0086480757,0.0096919545,0.0109800811,0.0114301553,0.0119445435,0.0124322256,0.0124521175,0.0131017452
2008-08-06,0.0045103403,0.0051114824,0.0065997723,0.0083291319,0.0093631235,0.0106383404,0.0111026557,0.0115921978,0.0121778322,0.0125742082,0.0126979187
2008-08-05,0.0044144117,0.0050093632,0.0063598541,0.0079038975,0.0089920609,0.0103380618,0.0108298299,0.0113184824,0.0117581106,0.0123006722,0.0128033430
2008-08-04,0.0045399229,0.0052989945,0.0066353087,0.0083132639,0.0093630795,0.0106551022,0.0111673877,0.0116218185,0.0127938816,0.0128031790,0.0134620291
2008-08-01,0.0041848223,0.0049702973,0.0060072840,0.0074766318,0.0085389785,0.0098520690,0.0102704613,0.0107965565,0.0116666145,0.0116704158,0.0120785940
2008-07-31,0.0036585356,0.0043101120,0.0053448329,0.0066290776,0.0075728361,0.0087380682,0.0092087006,0.0096725021,0.0104513470,0.0104321433,0.0102767533
2008-07-30,0.0036477900,0.0043114413,0.0053295370,0.0066281358,0.0075795570,0.0087534144,0.0091938077,0.0096975713,0.0104513235,0.0106351194,0.0103100867
2008-07-29,0.0037288909,0.0044228914,0.0055037226,0.0067338563,0.0077235301,0.0089449704,0.0094420652,0.0098779866,0.0101296600,0.0104770022,0.0106225556
2008-07-28,0.0037824736,0.0043206672,0.0054675957,0.0068173560,0.0077827018,0.0089698606,0.0094306076,0.0099685282,0.0102102927,0.0106112647,0.0109627443
2008-07-25,0.0038744284,0.0044494937,0.0056155990,0.0071238465,0.0080533143,0.0091897872,0.0096675217,0.0101776770,0.0107145722,0.0110765992,0.0113435356
2008-07-24,0.0037947527,0.0043310488,0.0056570657,0.0069827554,0.0079306830,0.0090906491,0.0095936370,0.0101434993,0.0107173523,0.0109949534,0.0114787350
2008-07-23,0.0038635076,0.0045901409,0.0057314910,0.0068742969,0.0078778915,0.0091100774,0.0095878415,0.0100602303,0.0108652557,0.0111107450,0.0113902325
2008-07-22,0.0040571852,0.0047379823,0.0061204785,0.0074458133,0.0083881854,0.0095341962,0.0100398044,0.0105476706,0.0108700045,0.0109904066,0.0111258934
2008-07-21,0.0039866512,0.0046191790,0.0058392141,0.0072307122,0.0082125467,0.0094094587,0.0098493153,0.0104407202,0.0111474153,0.0112169087,0.0110974988
2008-07-18,0.0041351733,0.0046943419,0.0061611440,0.0075547133,0.0085494377,0.0097583626,0.0102186859,0.0107545111,0.0117852839,0.0117328742,0.0121181400
2008-07-17,0.0041587008,0.0048257242,0.0062317191,0.0075671441,0.0085975117,0.0098506119,0.0102868205,0.0108773484,0.0116336982,0.0120395925,0.0122211290
2008-07-16,0.0041502835,0.0049450727,0.0062926433,0.0077296967,0.0087438733,0.0099729752,0.0104142740,0.0109685908,0.0115637422,0.0117789867,0.0115234540
2008-07-15,0.0043063014,0.0050218003,0.0063204351,0.0077330598,0.0087940134,0.0100816632,0.0105162508,0.0110748176,0.0118646658,0.0120823562,0.0123176845
2008-07-14,0.0039253522,0.0046933960,0.0060453513,0.0074671443,0.0083920666,0.0095065390,0.0099432729,0.0104594291,0.0112445571,0.0113682820,0.0118306053
2008-07-11,0.0039878263,0.0050616407,0.0064234266,0.0080676881,0.0090562452,0.0102451000,0.0106528532,0.0111708418,0.0123093121,0.0122719933,0.0130203100
2008-07-10,0.0039741307,0.0050631154,0.0063843669,0.0080637743,0.0090549050,0.0102453834,0.0107033887,0.0112723744,0.0118836961,0.0121388100,0.0122197249
2008-07-09,0.0042180482,0.0049443254,0.0062857179,0.0076250395,0.0086865670,0.0099697176,0.0104648006,0.0109830476,0.0111590512,0.0119540806,0.0119922019
2008-07-08,0.0045617771,0.0053207390,0.0066958611,0.0085046848,0.0095247484,0.0107450201,0.0113304609,0.0118417518,0.0129162368,0.0124202669,0.0130114689
2008-07-07,0.0039184943,0.0052621519,0.0065941292,0.0082468111,0.0092771144,0.0105106126,0.0109534903,0.0114919525,0.0122521563,0.0122332227,0.0124902954
2008-07-04,0.0037418317,0.0051564186,0.0061202914,0.0078338379,0.0088421290,0.0100497947,0.0105090056,0.0110487682,0.0116483185,0.0123091275,0.0124065039
2008-07-03,0.0037942452,0.0050372666,0.0062431433,0.0079440335,0.0089206780,0.0100856192,0.0105439014,0.0110679848,0.0119740832,0.0117789950,0.0121538666
2008-07-02,0.0035967750,0.0048476900,0.0060363124,0.0077630418,0.0086880080,0.0097878256,0.0102568103,0.0108562726,0.0111891000,0.0122007512,0.0124411780
2008-07-01,0.0039758419,0.0049203289,0.0060809866,0.0076063514,0.0086387879,0.0098749928,0.0102738764,0.0108600856,0.0116306033,0.0120918973,0.0122402133
2008-06-30,0.0036528008,0.0045132199,0.0056504563,0.0073038292,0.0082534711,0.0093855567,0.0097972314,0.0103723217,0.0106465833,0.0113116433,0.0113755318
2008-06-27,0.0035851887,0.0047353077,0.0058416644,0.0075979539,0.0085414342,0.0096612240,0.0101617264,0.0107020880,0.0113122115,0.0116334436,0.0119989817
2008-06-26,0.0033049747,0.0045934913,0.0054207058,0.0065683368,0.0075637950,0.0087623603,0.0091782019,0.0097592088,0.0102976339,0.0106309300,0.0109786370
2008-06-25,0.0030893194,0.0037763118,0.0047304488,0.0059044098,0.0067673862,0.0078017546,0.0082404849,0.0087948367,0.0089662320,0.0097222958,0.0102801750
2008-06-24,0.0031430687,0.0039335988,0.0048652964,0.0060893117,0.0069392817,0.0079527531,0.0084700203,0.0089028087,0.0097798394,0.0103677525,0.0105233112
2008-06-23,0.0027611131,0.0036786728,0.0044133656,0.0053164379,0.0061219849,0.0070884331,0.0076141468,0.0081508325,0.0086905762,0.0090647388,0.0095622845
2008-06-20,0.0027437273,0.0034457744,0.0043931102,0.0053079569,0.0060890062,0.0070223387,0.0074692515,0.0080419154,0.0086689993,0.0096312878,0.0096929741
2008-06-19,0.0027386765,0.0034201082,0.0040978861,0.0050333796,0.0057447585,0.0065906768,0.0070931925,0.0076904039,0.0078656983,0.0088505360,0.0089441948
2008-06-18,0.0025526207,0.0032251161,0.0040273958,0.0048109283,0.0055882716,0.0065238220,0.0069245599,0.0074781787,0.0077906983,0.0088901069,0.0089561948
2008-06-17,0.0027139062,0.0030493783,0.0038335215,0.0046670466,0.0053525799,0.0061686477,0.0066450780,0.0072162363,0.0074433533,0.0084809226,0.0080806580
2008-06-16,0.0027263055,0.0032024740,0.0039132873,0.0047803386,0.0055174812,0.0063982129,0.0068134857,0.0073884773,0.0081458625,0.0082994834,0.0084535665
2008-06-13,0.0028411747,0.0032299480,0.0043569440,0.0051365676,0.0058544807,0.0067029996,0.0071869204,0.0077655197,0.0084424866,0.0085647532,0.0089392111
2008-06-12,0.0028215662,0.0032227136,0.0043354933,0.0051506835,0.0058668552,0.0067118329,0.0071458006,0.0077570218,0.0084424866,0.0086662132,0.0088775871
2008-06-11,0.0029079836,0.0034216429,0.0040875684,0.0050975257,0.0058507439,0.0067435386,0.0072515886,0.0078221629,0.0085490015,0.0093822431,0.0092305456
2008-06-10,0.0029145748,0.0033489909,0.0040231328,0.0049696985,0.0057807553,0.0067514031,0.0071805239,0.0077935387,0.0085227988,0.0092017779,0.0091013444
2008-06-09,0.0028079211,0.0032650194,0.0039620099,0.0048233330,0.0055676575,0.0064518241,0.0069852191,0.0075176343,0.0084275115,0.0091971115,0.0096515987
2008-06-06,0.0018734500,0.0031945210,0.0038107912,0.0047182915,0.0054589243,0.0063393383,0.0068051806,0.0073193707,0.0081486448,0.0090027110,0.0095766771
2008-06-05,0.0025783302,0.0032301924,0.0038290098,0.0046417997,0.0053556307,0.0062012500,0.0065833300,0.0072961884,0.0078944061,0.0083644475,0.0086059144
2008-06-04,0.0026161993,0.0032016478,0.0038778166,0.0047041519,0.0054279337,0.0062843728,0.0066952167,0.0072999411,0.0082904296,0.0083630490,0.0088064900
2008-06-03,0.0020109677,0.0030283104,0.0038370046,0.0046649282,0.0053388867,0.0061300000,0.0065219048,0.0071815714,0.0073083333,0.0085143267,0.0093265700
2008-06-02,0.0021368148,0.0030170255,0.0037743631,0.0046013285,0.0052875167,0.0060947251,0.0065549467,0.0071027545,0.0077382072,0.0082290703,0.0089463539
2008-05-30,0.0026116267,0.0028268808,0.0035281015,0.0042681407,0.0049887757,0.0058480748,0.0063264497,0.0068403361,0.0072198173,0.0079213960,0.0077221011
2008-05-29,0.0026017137,0.0029978950,0.0036665694,0.0044158774,0.0051317818,0.0059801609,0.0064746322,0.0069991484,0.0073717189,0.0080297030,0.0080278349
2008-05-28,0.0025761251,0.0030277632,0.0036702388,0.0044445620,0.0051621484,0.0060111191,0.0065003215,0.0069253151,0.0073717189,0.0083456738,0.0083968761
2008-05-27,0.0027585095,0.0032487714,0.0039244753,0.0048607836,0.0055825318,0.0064270145,0.0068586652,0.0073736949,0.0078195974,0.0086117700,0.0090502463
2008-05-26,0.0025919340,0.0030308097,0.0037287991,0.0045373821,0.0052248385,0.0060300840,0.0065921329,0.0071270946,0.0079812394,0.0087647371,0.0091254468
2008-05-23,0.0025919340,0.0030308097,0.0037287991,0.0045373821,0.0052260273,0.0060318536,0.0065879133,0.0071220519,0.0079812394,0.0087647371,0.0091254468
2008-05-22,0.0024858158,0.0029055592,0.0035520467,0.0042936597,0.0049937633,0.0058193021,0.0062816161,0.0068636443,0.0075725621,0.0084930763,0.0085285929
2008-05-21,0.0022094695,0.0025454441,0.0029887288,0.0037044130,0.0043542473,0.0051271880,0.0055473539,0.0061733173,0.0063187803,0.0072892590,0.0071701201
2008-05-20,0.0021854785,0.0025493105,0.0029892866,0.0036705594,0.0043222491,0.0050978801,0.0055245381,0.0060887239,0.0063446723,0.0071625713,0.0071701201
2008-05-19,0.0021133750,0.0023339768,0.0029693931,0.0036434423,0.0042290474,0.0049159256,0.0053984707,0.0059024792,0.0061237647,0.0068285490,0.0070626950
2008-05-16,0.0021776596,0.0025057985,0.0030955869,0.0037528063,0.0043709142,0.0050974191,0.0055779650,0.0060982849,0.0062907750,0.0077020670,0.0082056577
2008-05-15,0.0023495385,0.0025510824,0.0032918285,0.0040075767,0.0046625439,0.0054306995,0.0058385849,0.0063827343,0.0067563345,0.0075238476,0.0092544486
2008-05-14,0.0024769243,0.0026326670,0.0033668077,0.0041406618,0.0048430223,0.0056700220,0.0061089382,0.0066494244,0.0076341282,0.0067666667,0.0080657367
2008-05-13,0.0025203012,0.0027964398,0.0035223925,0.0042958338,0.0049778315,0.0057727708,0.0062009246,0.0067618644,0.0070491209,0.0080397762,0.0091146640
2008-05-12,0.0025771120,0.0029200041,0.0036702081,0.0044149533,0.0051347277,0.0059757159,0.0064263966,0.0069785526,0.0073391759,0.0082150657,0.0084175240
2008-05-09,0.0026539582,0.0030959133,0.0037501512,0.0045624415,0.0052861953,0.0061277374,0.0065598566,0.0070577365,0.0075244376,0.0089943843,0.0101018753
2008-05-08,0.0025440496,0.0029029733,0.0036371487,0.0044493577,0.0051436935,0.0059483116,0.0063628985,0.0069659646,0.0073248227,0.0087840124,0.0093690552
2008-05-07,0.0023061742,0.0024359570,0.0033597383,0.0040586786,0.0047776573,0.0056249159,0.0061153952,0.0065847772,0.0068620364,0.0080854977,0.0087878630
2008-05-06,0.0022702177,0.0026413030,0.0033686451,0.0041024083,0.0047961842,0.0056072942,0.0060503111,0.0065669821,0.0067699161,0.0076205476,0.0078995571
2008-05-05,0.0020325606,0.0025687776,0.0031547806,0.0037134069,0.0043779302,0.0051605438,0.0056066060,0.0061413778,0.0066145890,0.0073102900,0.0074183729
2008-05-02,0.0020733758,0.0025687776,0.0031547806,0.0037308426,0.0043865765,0.0051559019,0.0056011479,0.0061278000,0.0066145890,0.0072702900,0.0074183729
2008-05-01,0.0024090999,0.0029899655,0.0036535518,0.0042436127,0.0049341905,0.0057343747,0.0061756260,0.0066837950,0.0072284714,0.0078709026,0.0081061319
2008-04-30,0.0025338595,0.0030131675,0.0037245551,0.0045963455,0.0052989883,0.0061051041,0.0065786767,0.0070569883,0.0074806403,0.0083686778,0.0089854812
2008-04-29,0.0025230766,0.0029160108,0.0036550449,0.0046312097,0.0053350637,0.0061409338,0.0066026433,0.0069940832,0.0074531616,0.0083799149,0.0087110856
2008-04-28,0.0023213764,0.0027696788,0.0034699660,0.0040991372,0.0047935384,0.0056001471,0.0060867422,0.0066861562,0.0068483876,0.0077879101,0.0079536455
2008-04-25,0.0026591485,0.0032469405,0.0038555278,0.0046702543,0.0054291833,0.0063043131,0.0067914352,0.0074107618,0.0077006072,0.0083548853,0.0087347016
2008-04-24,0.0028138088,0.0033977447,0.0041364516,0.0049619088,0.0057229463,0.0065921893,0.0070489107,0.0076213098,0.0078902384,0.0084752851,0.0103487730
2008-04-23,0.0028267270,0.0034836830,0.0042242949,0.0049791412,0.0056843248,0.0064799590,0.0069354224,0.0074978453,0.0079009776,0.0089029618,0.0096961802
2008-04-22,0.0030826266,0.0036377204,0.0045138324,0.0051699168,0.0059888723,0.0069263639,0.0074003400,0.0078986060,0.0080031875,0.0091233818,0.0094703100
2008-04-21,0.0032621072,0.0037130624,0.0045856710,0.0053897316,0.0062231068,0.0071725891,0.0075246345,0.0080990926,0.0083372110,0.0093621501,0.0098639277
2008-04-18,0.0032310137,0.0035350900,0.0044545414,0.0053349584,0.0061594052,0.0070974921,0.0075246232,0.0080954004,0.0083351580,0.0091083273,0.0103453980
2008-04-17,0.0034797345,0.0039520236,0.0049356602,0.0058431096,0.0067080084,0.0076847792,0.0081751589,0.0089241906,0.0088218022,0.0095269848,0.0097870322
2008-04-16,0.0036543540,0.0041752729,0.0055985104,0.0067755256,0.0076731479,0.0086700621,0.0091534776,0.0096312901,0.0099270845,0.0102881549,0.0107308122
2008-04-15,0.0039842821,0.0046033359,0.0061508989,0.0075480765,0.0084342834,0.0094017342,0.0099129387,0.0104995140,0.0107020936,0.0117055116,0.0116842081
2008-04-14,0.0041591093,0.0047922206,0.0065103645,0.0078215580,0.0087769999,0.0098237346,0.0102845201,0.0107778469,0.0114760213,0.0123148042,0.0121927632
2008-04-11,0.0038571145,0.0043260049,0.0058570494,0.0070551934,0.0080297857,0.0091139474,0.0095747323,0.0102377273,0.0105941286,0.0118990427,0.0120043356
2008-04-10,0.0039084051,0.0043472791,0.0060841625,0.0075296443,0.0083645831,0.0092651294,0.0098090452,0.0103147835,0.0105107288,0.0115247395,0.0113990407
2008-04-09,0.0036114815,0.0044775975,0.0056147867,0.0066196438,0.0075246001,0.0085270616,0.0090256251,0.0095376969,0.0098199328,0.0110196982,0.0119917491
2008-04-08,0.0032796045,0.0042085392,0.0051921908,0.0062360560,0.0070006843,0.0078337188,0.0083263157,0.0089536538,0.0093607651,0.0103421350,0.0103977150
2008-04-07,0.0031233315,0.0040407018,0.0049217257,0.0058549191,0.0066862033,0.0076096570,0.0080840839,0.0085511962,0.0096863547,0.0096551000,0.0099987545
2008-04-04,0.0032478160,0.0042494380,0.0053033148,0.0060893187,0.0069837816,0.0079812192,0.0084517688,0.0089309209,0.0094189734,0.0096590394,0.0099998778
2008-04-03,0.0036881930,0.0045313169,0.0055635482,0.0066553561,0.0076176874,0.0086868329,0.0091645398,0.0096594352,0.0098286281,0.0100833356,0.0105820211
2008-04-02,0.0038066244,0.0047262409,0.0057468143,0.0071208271,0.0080582507,0.0090837967,0.0096128463,0.0100738789,0.0107721857,0.0104889510,0.0109202867
2008-04-01,0.0040688380,0.0051149285,0.0062556401,0.0076591821,0.0085696939,0.0095498015,0.0100107544,0.0105652836,0.0112307864,0.0113631100,0.0115576871
2008-03-31,0.0043714886,0.0050834557,0.0065181047,0.0078969307,0.0088891162,0.0099640245,0.0105199402,0.0111034925,0.0112869614,0.0117760510,0.0118794460
2008-03-28,0.0039327768,0.0046727145,0.0060826891,0.0074349832,0.0083907461,0.0094281601,0.0099201332,0.0104458313,0.0109571268,0.0121959241,0.0126263255
2008-03-27,0.0039036237,0.0043669878,0.0060025975,0.0071930473,0.0081536298,0.0092007802,0.0096882661,0.0102480979,0.0107426335,0.0117838999,0.0129526198
2008-03-26,0.0039556655,0.0044966164,0.0061182080,0.0073133388,0.0083000120,0.0093757749,0.0099309237,0.0103837579,0.0107459144,0.0115074785,0.0105828941
2008-03-25,0.0039478811,0.0043757057,0.0058170708,0.0069472466,0.0079023691,0.0089453462,0.0095177599,0.0100130144,0.0103768601,0.0113054922,0.0113893417
2008-03-24,0.0046879045,0.0054620211,0.0070214190,0.0091645951,0.0102396119,0.0113835778,0.0119251692,0.0126282402,0.0133735188,0.0136821425,0.0136216654
2008-03-21,0.0047079045,0.0055712197,0.0071412007,0.0091812618,0.0102544844,0.0113941041,0.0119356955,0.0126282402,0.0133735188,0.0135045292,0.0136216654
2008-03-20,0.0047030557,0.0057340405,0.0071900435,0.0091812618,0.0102553130,0.0113941041,0.0119356955,0.0126282402,0.0136514135,0.0133690825,0.0136216654
2008-03-19,0.0047878872,0.0061642069,0.0075172054,0.0094852027,0.0104726344,0.0114995225,0.0120684814,0.0125704722,0.0131315971,0.0139230906,0.0143710890
2008-03-18,0.0051410587,0.0065162846,0.0083556880,0.0102790792,0.0115029421,0.0127999427,0.0132682706,0.0138757087,0.0142144810,0.0152559942,0.0146886809
2008-03-17,0.0066512892,0.0075880992,0.0099547854,0.0122123008,0.0136008697,0.0150594828,0.0154983199,0.0159277052,0.0166944378,0.0170303077,0.0172354851
2008-03-14,0.0067045377,0.0078486552,0.0099770204,0.0120993682,0.0135379518,0.0150573049,0.0156706257,0.0160806575,0.0171237330,0.0171215183,0.0174205110
2008-03-13,0.0063474756,0.0077810717,0.0100769947,0.0120784483,0.0135106831,0.0150202551,0.0157115179,0.0160399010,0.0167058521,0.0172789544,0.0176120909
2008-03-12,0.0062679794,0.0073513092,0.0090406789,0.0115403174,0.0127660111,0.0140331880,0.0144830797,0.0149939235,0.0156266223,0.0159793689,0.0163800062
2008-03-11,0.0065262636,0.0079322805,0.0099081183,0.0120942887,0.0133396258,0.0146184203,0.0151438135,0.0156612903,0.0160474900,0.0169484089,0.0174747131
2008-03-10,0.0060697509,0.0068009578,0.0092560095,0.0116038931,0.0127053636,0.0138195463,0.0145601586,0.0148511496,0.0156097016,0.0162963594,0.0168828189
2008-03-07,0.0056546778,0.0067654424,0.0086907905,0.0104893338,0.0116312294,0.0128102165,0.0133244089,0.0138330975,0.0141506460,0.0145060516,0.0157515700
2008-03-06,0.0053682897,0.0062782993,0.0080550415,0.0097779087,0.0106551941,0.0115308072,0.0120809882,0.0125565086,0.0132344176,0.0137513841,0.0153515700
2008-03-05,0.0045436354,0.0055746132,0.0071622105,0.0086741915,0.0096898025,0.0107476528,0.0111868372,0.0116942822,0.0119663344,0.0131465657,0.0161255512
2008-03-04,0.0048094872,0.0056464937,0.0072239616,0.0088354987,0.0098485758,0.0108982911,0.0113663166,0.0118554819,0.0123347370,0.0126995440,0.0142015700
2008-03-03,0.0048099768,0.0057845320,0.0073559642,0.0088929025,0.0098734825,0.0108810204,0.0114621093,0.0119264280,0.0123214060,0.0126455040,0.0142015700
2008-02-29,0.0046136419,0.0053995758,0.0069974443,0.0084713243,0.0094324007,0.0104230646,0.0108368112,0.0113806153,0.0118231688,0.0121453454,0.0137015700
2008-02-28,0.0045994827,0.0050173951,0.0065339121,0.0078845048,0.0088439515,0.0098435184,0.0102914590,0.0108379454,0.0113012071,0.0118167707,0.0132015700
2008-02-27,0.0044792500,0.0052331931,0.0064729290,0.0076762900,0.0086114626,0.0095843876,0.0101338543,0.0106807535,0.0114613387,0.0114008163,0.0117265700
2008-02-26,0.0044599700,0.0052236875,0.0064130973,0.0076968058,0.0085935843,0.0095176532,0.0100171613,0.0104958565,0.0111927921,0.0115595158,0.0122203100
2008-02-25,0.0044228113,0.0055391531,0.0070617849,0.0086593076,0.0095342820,0.0104115256,0.0108875356,0.0113744085,0.0114618783,0.0127866346,0.0135015700
2008-02-22,0.0047026936,0.0057743151,0.0075280454,0.0091025459,0.0099848689,0.0108610855,0.0114313929,0.0119302420,0.0132068697,0.0126352750,0.0134042882
2008-02-21,0.0050852458,0.0061616945,0.0076952265,0.0092329153,0.0102278892,0.0112334816,0.0117252706,0.0121675494,0.0121100629,0.0128102750,0.0136536433
2008-02-20,0.0047091231,0.0064476732,0.0079996940,0.0095396960,0.0105634050,0.0115953632,0.0121411832,0.0123608950,0.0125910944,0.0123088975,0.0145015700
2008-02-19,0.0045700307,0.0056977311,0.0071166965,0.0085719964,0.0096324946,0.0107284359,0.0111913955,0.0116281150,0.0118629200,0.0124474678,0.0132203100
2008-02-18,0.0045712492,0.0054086835,0.0068027331,0.0081773178,0.0091331772,0.0101088921,0.0105788985,0.0110657077,0.0110880070,0.0119441145,0.0117748714
2008-02-15,0.0040430660,0.0053343061,0.0066894790,0.0081607826,0.0090915507,0.0100356295,0.0105631865,0.0110390543,0.0114530666,0.0122600142,0.0133515700
2008-02-14,0.0037446239,0.0049997760,0.0062807828,0.0075232937,0.0084006750,0.0092928873,0.0096256535,0.0102935179,0.0108283402,0.0116607233,0.0132709639
2008-02-13,0.0041061541,0.0052357767,0.0063825013,0.0077082059,0.0086220039,0.0095526368,0.0099897688,0.0105441249,0.0110970257,0.0117451383,0.0121869767
2008-02-12,0.0042806153,0.0056833359,0.0069390196,0.0085583604,0.0094269359,0.0102834894,0.0107401273,0.0112916437,0.0117347888,0.0122857450,0.0126536433
2008-02-11,0.0043019800,0.0056927271,0.0071246305,0.0085877600,0.0095534169,0.0105234310,0.0110246071,0.0114885421,0.0117144025,0.0115008711,0.0137015700
2008-02-08,0.0043034867,0.0050070466,0.0065717547,0.0078784982,0.0087190130,0.0095530232,0.0099335875,0.0104569999,0.0110505263,0.0120400277,0.0172598264
2008-02-07,0.0042421557,0.0045684749,0.0056367046,0.0069829438,0.0076814096,0.0083641679,0.0088298790,0.0091951076,0.0101194388,0.0107936095,0.0148747891
2008-02-06,0.0033709526,0.0043751050,0.0053985547,0.0066834371,0.0073736930,0.0080515501,0.0084696827,0.0089013412,0.0099018227,0.0105109098,0.0142622425
2008-02-05,0.0034478749,0.0042102766,0.0051090129,0.0063887705,0.0070340939,0.0076636934,0.0081173485,0.0084846544,0.0090359700,0.0097563034,0.0113541140
2008-02-04,0.0036210500,0.0042784848,0.0050231615,0.0057832310,0.0062942435,0.0067777485,0.0072076386,0.0076600426,0.0085665318,0.0084366755,0.0100515700
2008-02-01,0.0034394796,0.0037681448,0.0048639205,0.0057427450,0.0062478458,0.0067241874,0.0071418022,0.0076579205,0.0082278712,0.0081576160,0.0099515700
2008-01-31,0.0035323270,0.0038568007,0.0047250609,0.0057774774,0.0063112276,0.0068189576,0.0072824648,0.0077696996,0.0086499225,0.0092925211,0.0101265700
2008-01-30,0.0033655160,0.0036326239,0.0046372498,0.0054150093,0.0059511554,0.0064678773,0.0068855845,0.0073041250,0.0078479330,0.0079840267,0.0097765700
2008-01-29,0.0033301289,0.0035840294,0.0045637047,0.0054297246,0.0059128751,0.0063666038,0.0068388360,0.0073135703,0.0076397150,0.0090991111,0.0095765700
2008-01-28,0.0034499394,0.0036712446,0.0046689602,0.0055623572,0.0060881546,0.0065876498,0.0070364406,0.0074406635,0.0079407980,0.0093306870,0.0104750000
2008-01-25,0.0034511537,0.0036377095,0.0045222118,0.0053858546,0.0058736598,0.0063315612,0.0067900230,0.0072579267,0.0075840620,0.0083777765,0.0094765700
2008-01-24,0.0036912384,0.0037507145,0.0043685769,0.0056512364,0.0061358251,0.0065838534,0.0070278239,0.0074015927,0.0075881531,0.0077169090,0.0110215000
2008-01-23,0.0038530504,0.0038474732,0.0046879706,0.0058275369,0.0064415882,0.0070357175,0.0074349296,0.0078693220,0.0079756320,0.0082203280,0.0113215000
2008-01-22,0.0039155555,0.0039942187,0.0049133786,0.0059000992,0.0065725359,0.0072334245,0.0075713665,0.0080557500,0.0085388023,0.0084936419,0.0115215000
2008-01-21,0.0038645188,0.0041961403,0.0046462660,0.0058926242,0.0064438279,0.0069605936,0.0074262968,0.0078591463,0.0079618010,0.0084321345,0.0102265700
2008-01-18,0.0033424168,0.0037398560,0.0044728683,0.0054865236,0.0060247701,0.0065340234,0.0069987967,0.0075183271,0.0081245955,0.0085312023,0.0099230208
2008-01-17,0.0033058333,0.0037410415,0.0044300430,0.0054000107,0.0059347398,0.0064407367,0.0069308792,0.0074786477,0.0080191650,0.0088490884,0.0103750000
2008-01-16,0.0033166668,0.0037875000,0.0043254851,0.0052462857,0.0057424680,0.0062058583,0.0066918177,0.0072256706,0.0077898600,0.0079964571,0.0103901404
2008-01-15,0.0033621381,0.0036673693,0.0042067886,0.0050266321,0.0056162338,0.0061944066,0.0066860021,0.0072443850,0.0075423842,0.0090059279,0.0093250000
2008-01-14,0.0034324945,0.0035917755,0.0041126907,0.0050289395,0.0056661615,0.0063011203,0.0067844344,0.0072750894,0.0076255860,0.0094496600,0.0088765700
2008-01-11,0.0034180600,0.0037369275,0.0041151726,0.0049870103,0.0055413233,0.0060762107,0.0065644789,0.0071157884,0.0081511158,0.0095430688,0.0117343669
2008-01-10,0.0032470333,0.0036085211,0.0039399154,0.0048254703,0.0054396993,0.0060504276,0.0065522865,0.0070428458,0.0076214667,0.0078943675,0.0089997837
2008-01-09,0.0029735159,0.0030534784,0.0038219444,0.0046611180,0.0052243570,0.0057767203,0.0062618256,0.0067927674,0.0074223344,0.0081710964,0.0100755000
2008-01-08,0.0030298385,0.0030744513,0.0037463838,0.0043021102,0.0048085461,0.0053012905,0.0058099365,0.0063664698,0.0069994122,0.0077245627,0.0091250000
2008-01-07,0.0019811419,0.0030113096,0.0035561681,0.0043291203,0.0048401884,0.0053369148,0.0058526977,0.0063335664,0.0069522591,0.0074357450,0.0085015700
2008-01-04,0.0018738004,0.0029209419,0.0034090710,0.0040254489,0.0045278631,0.0050218932,0.0055124853,0.0059949059,0.0066924563,0.0069175500,0.0079240426
2008-01-03,0.0018068161,0.0028508444,0.0032232220,0.0037815129,0.0042393022,0.0046854166,0.0051692180,0.0057297108,0.0068215039,0.0071405925,0.0065000000
2008-01-02,0.0024144533,0.0024110291,0.0029616323,0.0035433571,0.0039892406,0.0044271109,0.0049011111,0.0054973500,0.0064120204,0.0064329867,0.0063000000
2008-01-01,0.0024420900,0.0025826469,0.0031483622,0.0036304858,0.0040609084,0.0044767862,0.0048443045,0.0054521201,0.0064120204,0.0063933628,0.0065180338
2007-12-31,0.0024420900,0.0025826469,0.0031483622,0.0036304858,0.0040612366,0.0044767862,0.0048443045,0.0054561101,0.0064120204,0.0065350669,0.0061500000
2007-12-28,0.0024420900,0.0027610012,0.0031712393,0.0036304858,0.0040682421,0.0044915183,0.0048423425,0.0054748474,0.0062033362,0.0064948564,0.0064140700
2007-12-27,0.0024445773,0.0027570015,0.0031622351,0.0036444649,0.0040905339,0.0045227273,0.0049434275,0.0054853905,0.0063750000,0.0067261024,0.0064890700
2007-12-26,0.0024445773,0.0027570015,0.0031622351,0.0036916697,0.0041172726,0.0045227273,0.0049412452,0.0055185420,0.0063750000,0.0067222214,0.0065015700
2007-12-25,0.0023934927,0.0027561264,0.0031553200,0.0036485767,0.0040811413,0.0044954545,0.0049238289,0.0054956336,0.0063750000,0.0067889313,0.0065015700
2007-12-24,0.0023934927,0.0027561264,0.0031553200,0.0036793358,0.0040811413,0.0044954545,0.0049238289,0.0054956336,0.0064750000,0.0070489977,0.0068015700
2007-12-21,0.0024541960,0.0027561264,0.0031664312,0.0037028598,0.0041079198,0.0045208333,0.0049404955,0.0055056336,0.0064750000,0.0070989977,0.0088200000
2007-12-20,0.0024822775,0.0028307500,0.0032176217,0.0037402273,0.0041389043,0.0045385455,0.0049680000,0.0055122857,0.0066945313,0.0070545684,0.0087465000
2007-12-19,0.0024545704,0.0026182135,0.0030742956,0.0035522958,0.0040165484,0.0044954470,0.0049398180,0.0054599981,0.0066608471,0.0069000000,0.0086625000
2007-12-18,0.0024610462,0.0025842930,0.0030676257,0.0035553894,0.0040068562,0.0044650714,0.0048702342,0.0053576191,0.0065261614,0.0074893267,0.0086125000
2007-12-17,0.0024686000,0.0026678571,0.0031424100,0.0035806415,0.0040337634,0.0044884890,0.0049108564,0.0054342752,0.0060315229,0.0066155925,0.0081390700
2007-12-14,0.0023093940,0.0024769403,0.0029406446,0.0034253739,0.0038988444,0.0043786079,0.0047549853,0.0052707792,0.0063171567,0.0058325871,0.0085875000
2007-12-13,0.0023093940,0.0024536344,0.0029110846,0.0034125840,0.0038851121,0.0043594136,0.0047491029,0.0052241606,0.0065222194,0.0080000000,0.0076500000
2007-12-12,0.0024099817,0.0023426075,0.0028091448,0.0034023729,0.0038530587,0.0042960145,0.0047215596,0.0051774332,0.0056817853,0.0064506278,0.0084125000
2007-12-11,0.0016681539,0.0025699293,0.0031008506,0.0037243454,0.0041962444,0.0046498622,0.0050427563,0.0054821730,0.0064999489,0.0066385500,0.0087125000
2007-12-10,0.0017221981,0.0023817446,0.0031683332,0.0038267864,0.0043766223,0.0048387291,0.0051757946,0.0056316767,0.0066716875,0.0067416511,0.0075265700
2007-12-07,0.0017730286,0.0029461767,0.0033807832,0.0040818408,0.0046425725,0.0050763885,0.0054631477,0.0058877376,0.0068355267,0.0069194790,0.0092625000
2007-12-06,0.0026586533,0.0031466222,0.0034654856,0.0042119289,0.0048291573,0.0052937245,0.0056691536,0.0061166576,0.0072021764,0.0070446739,0.0095625000
2007-12-05,0.0026098653,0.0031458022,0.0031372475,0.0040029470,0.0046473858,0.0051303077,0.0054769091,0.0059553077,0.0068360200,0.0067756255,0.0093625000
2007-12-04,0.0025384367,0.0027561542,0.0031092661,0.0038186501,0.0045578958,0.0051443540,0.0054953588,0.0058685426,0.0066845240,0.0074990292,0.0094125000
2007-12-03,0.0024620133,0.0026480021,0.0029912700,0.0035675220,0.0042356992,0.0047293517,0.0051322559,0.0055992219,0.0064339145,0.0064060321,0.0088625000
2007-11-30,0.0023769000,0.0025759035,0.0028773301,0.0033117364,0.0038390622,0.0043361870,0.0047211111,0.0051695000,0.0063429407,0.0066000000,0.0084625000
2007-11-29,0.0023675606,0.0025440000,0.0026611250,0.0034207707,0.0039018671,0.0043360930,0.0047430321,0.0051600720,0.0064096073,0.0077107368,0.0062500000
2007-11-28,0.0023431659,0.0025882283,0.0027383497,0.0032720280,0.0038196002,0.0043437074,0.0047308489,0.0051991296,0.0077260000,0.0066905925,0.0086125000
2007-11-27,0.0012824129,0.0027445014,0.0028323748,0.0033778397,0.0039318370,0.0044581827,0.0048859019,0.0053455460,0.0065803194,0.0062527298,0.0086625000
2007-11-26,0.0012834444,0.0016581725,0.0024986663,0.0034412349,0.0039196593,0.0043486290,0.0047735648,0.0053136654,0.0060956456,0.0061567050,0.0085125000
2007-11-23,0.0013194200,0.0016877765,0.0027755372,0.0034737267,0.0040298047,0.0045530932,0.0049548659,0.0054549520,0.0063578822,0.0066814311,0.0087375000
2007-11-22,0.0028704159,0.0032682022,0.0034371961,0.0037106434,0.0043149924,0.0048866269,0.0052674309,0.0057658221,0.0069879153,0.0075405925,0.0080265700
2007-11-21,0.0014093775,0.0017683773,0.0027637877,0.0036752311,0.0043146585,0.0049325408,0.0053245845,0.0058445057,0.0063278370,0.0065692544,0.0092800000
2007-11-20,0.0010718583,0.0016853664,0.0026988276,0.0033872201,0.0040144107,0.0046326213,0.0050541829,0.0055492948,0.0066105908,0.0082425000,0.0089800000
2007-11-19,0.0010943323,0.0025874790,0.0027600000,0.0033897391,0.0039644558,0.0045143128,0.0049805020,0.0054717124,0.0060885270,0.0062776480,0.0083565700
2007-11-16,0.0011330659,0.0015590788,0.0020487445,0.0029964403,0.0036697527,0.0043754515,0.0048166615,0.0052822531,0.0061365922,0.0063035030,0.0077054650
2007-11-15,0.0011113277,0.0024466264,0.0021048908,0.0030086184,0.0036000906,0.0041935208,0.0046365632,0.0050854901,0.0060586239,0.0062545478,0.0074765700
2007-11-14,0.0010334690,0.0012680343,0.0019862703,0.0029592797,0.0035155975,0.0040653270,0.0044669469,0.0049548541,0.0058764434,0.0062303692,0.0054500000
2007-11-13,0.0010985297,0.0013139620,0.0022741398,0.0031512217,0.0038059667,0.0044740244,0.0049299150,0.0054510462,0.0064793860,0.0065087189,0.0084395700
2007-11-12,0.0011241419,0.0013370925,0.0023016904,0.0030530332,0.0038020027,0.0046079188,0.0050954204,0.0055184809,0.0059524689,0.0062588708,0.0088395700
2007-11-09,0.0010109472,0.0012718229,0.0021700441,0.0028793032,0.0036196121,0.0044280478,0.0048826974,0.0052686023,0.0066250000,0.0059220050,0.0077265700
2007-11-08,0.0008984202,0.0011831376,0.0017706224,0.0024162909,0.0030549156,0.0037582789,0.0042236128,0.0047506783,0.0059666667,0.0054666840,0.0072265700
2007-11-07,0.0008066667,0.0017526000,0.0020104967,0.0023096824,0.0028516518,0.0034256632,0.0038746827,0.0043987668,0.0055145965,0.0060357014,0.0068265700
2007-11-06,0.0008421169,0.0016197527,0.0016145986,0.0022450043,0.0027476064,0.0032715981,0.0037551231,0.0042609039,0.0054169342,0.0058482450,0.0060765700
2007-11-05,0.0007681834,0.0010445266,0.0016147797,0.0021607958,0.0026960571,0.0032724775,0.0038019546,0.0043154245,0.0055750000,0.0055521267,0.0061265700
2007-11-02,0.0006971676,0.0009416205,0.0014701885,0.0019882813,0.0024891660,0.0030312816,0.0035700950,0.0039926099,0.0053651428,0.0056905925,0.0090989360
2007-11-01,0.0006916667,0.0008163568,0.0013034074,0.0018056371,0.0022470546,0.0027199273,0.0031857882,0.0037106339,0.0050666667,0.0057959950,0.0057554650
2007-10-31,0.0006672031,0.0007800081,0.0012109177,0.0017372531,0.0021498918,0.0025875858,0.0030189238,0.0035428555,0.0042236100,0.0044155436,0.0048651055
2007-10-30,0.0006562709,0.0007968108,0.0012235121,0.0017314370,0.0021427367,0.0025788124,0.0030125961,0.0035491667,0.0042236100,0.0048902782,0.0059785700
2007-10-29,0.0005852187,0.0008100720,0.0012327147,0.0017407858,0.0021374719,0.0025521633,0.0030202448,0.0035915790,0.0049777190,0.0048491185,0.0049765700
2007-10-26,0.0005809171,0.0007986476,0.0012302861,0.0017472119,0.0021560353,0.0025869216,0.0031243839,0.0036535925,0.0039238360,0.0047859500,0.0055765700
2007-10-25,0.0005767637,0.0007939047,0.0012280015,0.0017528075,0.0021462825,0.0025551758,0.0030577150,0.0036715594,0.0039238360,0.0047434533,0.0052652531
2007-10-24,0.0005853854,0.0008101523,0.0012441922,0.0018014556,0.0022103743,0.0026366559,0.0031141103,0.0037455252,0.0044841502,0.0048441484,0.0052265700
2007-10-23,0.0006120750,0.0008248106,0.0012413085,0.0016851692,0.0021286226,0.0026137460,0.0031372591,0.0037117702,0.0047522057,0.0043795110,0.0076204029
2007-10-22,0.0006390767,0.0007622488,0.0012532169,0.0017348488,0.0021845601,0.0026738685,0.0031492552,0.0037518635,0.0043619308,0.0053181374,0.0058703100
2007-10-19,0.0005601607,0.0007243807,0.0011618213,0.0015844144,0.0019947523,0.0024408831,0.0029484983,0.0035208090,0.0039357500,0.0050155925,0.0052515700
2007-10-18,0.0005944879,0.0008160076,0.0011236451,0.0015334739,0.0019244515,0.0023471428,0.0028326275,0.0033797970,0.0035962894,0.0039053120,0.0061080000
2007-10-17,0.0005699706,0.0006777191,0.0010569943,0.0014454494,0.0018064154,0.0021938073,0.0027336904,0.0032921270,0.0034743640,0.0048629950,0.0054276433
2007-10-16,0.0004294240,0.0006728071,0.0010042294,0.0013669121,0.0016905457,0.0020316248,0.0024786884,0.0030800266,0.0043813895,0.0044643267,0.0049980700
2007-10-15,0.0003960907,0.0005536414,0.0009524378,0.0012456236,0.0015510520,0.0018765506,0.0023227158,0.0030009241,0.0042693895,0.0043199933,0.0049716433
2007-10-12,0.0004326769,0.0005549200,0.0009848967,0.0012220230,0.0015531197,0.0019177368,0.0024696258,0.0030066474,0.0042075000,0.0042584892,0.0047794215
2007-10-11,0.0004164477,0.0005573935,0.0010666658,0.0013297755,0.0016438039,0.0019739875,0.0025306186,0.0031214952,0.0031863880,0.0043752173,0.0051265700
2007-10-10,0.0004294252,0.0006171974,0.0010502944,0.0013723428,0.0017366822,0.0021348381,0.0026280515,0.0031596304,0.0044232115,0.0044993336,0.0053773100
2007-10-09,0.0005764206,0.0007561111,0.0012091811,0.0014778556,0.0018502075,0.0022498825,0.0027760802,0.0033500746,0.0034897040,0.0037209664,0.0059208129
2007-10-08,0.0005987540,0.0008178505,0.0010873041,0.0015040255,0.0018917297,0.0023108837,0.0028404327,0.0033985227,0.0036326480,0.0038547200,0.0062375000
2007-10-05,0.0006158993,0.0007811623,0.0011091442,0.0016279634,0.0020115312,0.0024137273,0.0029427487,0.0035348689,0.0037184410,0.0048375950,0.0053515700
2007-10-04,0.0005525990,0.0007526070,0.0011223152,0.0016001934,0.0019994715,0.0024260593,0.0029399389,0.0035097864,0.0037689410,0.0048405925,0.0053765700
2007-10-03,0.0006692740,0.0007468550,0.0011523356,0.0016169596,0.0020158510,0.0024401992,0.0029437093,0.0034856073,0.0047532328,0.0052256600,0.0054455700
2007-10-02,0.0006666667,0.0007438876,0.0011631582,0.0016745484,0.0020660295,0.0024748395,0.0030138944,0.0036135662,0.0051380000,0.0055380000,0.0072477500
2007-10-01,0.0006550813,0.0007566994,0.0012486607,0.0016617848,0.0021141611,0.0026111826,0.0031685517,0.0037082428,0.0041877500,0.0049905925,0.0059099438
2007-09-28,0.0006739306,0.0007046147,0.0012512382,0.0017365030,0.0021796531,0.0026558235,0.0032198743,0.0037998610,0.0057070000,0.0053441956,0.0057265700
2007-09-27,0.0006463959,0.0007334173,0.0012232654,0.0016578670,0.0020863717,0.0025485775,0.0031021762,0.0036815923,0.0039530140,0.0069835244,0.0077153743
2007-09-26,0.0004180600,0.0006389999,0.0010733333,0.0015690662,0.0019713270,0.0024038333,0.0030136277,0.0035402147,0.0047000000,0.0051107450,0.0063163333
2007-09-25,0.0004159909,0.0006649271,0.0011331000,0.0016626362,0.0020723126,0.0025067196,0.0030483443,0.0036122161,0.0046000000,0.0055592450,0.0058203100
2007-09-24,0.0006066667,0.0006204740,0.0011685039,0.0015676395,0.0019805607,0.0024282126,0.0029726345,0.0035809727,0.0033526667,0.0055506667,0.0064405000
2007-09-21,0.0006185176,0.0008268077,0.0012241078,0.0016458608,0.0020831410,0.0025583795,0.0030625473,0.0037145887,0.0044786080,0.0049385180,0.0067070000
2007-09-20,0.0006520958,0.0008596298,0.0012974266,0.0018116983,0.0023219578,0.0028874045,0.0034143217,0.0040012519,0.0047334860,0.0047742931,0.0052015700
2007-09-19,0.0007320180,0.0006387405,0.0012577132,0.0018945854,0.0023891320,0.0029229080,0.0035007340,0.0041352101,0.0047286950,0.0048386150,0.0056515700
2007-09-18,0.0007860232,0.0010406479,0.0014460593,0.0021117696,0.0026512450,0.0032289875,0.0038172093,0.0043539505,0.0047428322,0.0054234089,0.0064175514
2007-09-17,0.0008682600,0.0011396667,0.0015125163,0.0021572290,0.0027265767,0.0033428470,0.0039642382,0.0045216150,0.0057000000,0.0051964000,0.0101699151
2007-09-14,0.0009144600,0.0011908889,0.0015529526,0.0022781951,0.0028520012,0.0034629798,0.0040720043,0.0046369086,0.0051803960,0.0052797435,0.0062265700
2007-09-13,0.0008480750,0.0011740000,0.0016088328,0.0022593879,0.0028366215,0.0034539624,0.0040846426,0.0046492894,0.0048222835,0.0052926880,0.0105274945
2007-09-12,0.0006654189,0.0011301167,0.0016975670,0.0023163973,0.0029368684,0.0036109851,0.0041891107,0.0047778924,0.0058166667,0.0061059956,0.0063812356
2007-09-11,0.0006654189,0.0011495400,0.0017108039,0.0022487674,0.0028911685,0.0036044265,0.0041872901,0.0047745321,0.0058166667,0.0061700000,0.0063000000
2007-09-10,0.0006720856,0.0012799300,0.0015348614,0.0021886931,0.0028263206,0.0035388002,0.0041515388,0.0046885580,0.0050934717,0.0058958344,0.0062971829
2007-09-07,0.0006316242,0.0007817913,0.0014536845,0.0021178557,0.0026814617,0.0032916150,0.0039430599,0.0044991013,0.0049297910,0.0057017633,0.0064590032
2007-09-06,0.0006281500,0.0007992389,0.0013413376,0.0020093573,0.0025300312,0.0030883103,0.0037036683,0.0042564518,0.0045631780,0.0052089265,0.0058152653
2007-09-05,0.0006361844,0.0007579167,0.0013127217,0.0019179518,0.0024265610,0.0029760156,0.0035305254,0.0041168852,0.0052421930,0.0052048508,0.0057265700
2007-09-04,0.0007368250,0.0006321688,0.0012947404,0.0018656797,0.0023851011,0.0029555010,0.0034956293,0.0040978893,0.0050875000,0.0053932131,0.0056265700
2007-09-03,0.0008666667,0.0005656871,0.0011978543,0.0018020986,0.0022873259,0.0028138201,0.0034331936,0.0039598623,0.0052000000,0.0056135923,0.0083419136
2007-08-31,0.0009100000,0.0005626284,0.0012003120,0.0018031965,0.0022842689,0.0028043636,0.0034410178,0.0039832984,0.0049500000,0.0056611079,0.0053500000
2007-08-30,0.0009100000,0.0006042429,0.0012101193,0.0017530563,0.0022594822,0.0028220783,0.0034570060,0.0040160588,0.0051875000,0.0057063842,0.0060543860
2007-08-29,0.0005038622,0.0006545069,0.0012253231,0.0017352785,0.0022492302,0.0028249440,0.0034233384,0.0039950745,0.0050751754,0.0055910332,0.0059873684
2007-08-28,0.0004708996,0.0006360229,0.0011881596,0.0017320549,0.0022407637,0.0028087030,0.0034480331,0.0040597076,0.0044466930,0.0057252916,0.0067000000
2007-08-27,0.0005125000,0.0006450531,0.0011843991,0.0017069563,0.0022033091,0.0027552941,0.0033027073,0.0038852569,0.0039653111,0.0055750283,0.0067500000
2007-08-24,0.0005125000,0.0006450531,0.0011843991,0.0017069563,0.0021987957,0.0027437908,0.0033027073,0.0038852569,0.0039653111,0.0053449501,0.0068000000
2007-08-23,0.0005187500,0.0006446940,0.0011290808,0.0016825152,0.0021793844,0.0027344909,0.0033146509,0.0039309391,0.0038136236,0.0052178349,0.0054265700
2007-08-22,0.0005257033,0.0007615881,0.0012435605,0.0018636497,0.0024032516,0.0030016920,0.0035433262,0.0042372946,0.0041458990,0.0056355393,0.0056725907
2007-08-21,0.0005494333,0.0007229564,0.0012711689,0.0019788182,0.0025434593,0.0031662106,0.0037860402,0.0042738125,0.0046391500,0.0058774500,0.0066500000
2007-08-20,0.0005000144,0.0007291843,0.0013521300,0.0019638514,0.0025318697,0.0031610714,0.0037697978,0.0043489927,0.0044581055,0.0056288684,0.0059243451
2007-08-17,0.0005817833,0.0008207040,0.0013892429,0.0020558821,0.0026136624,0.0032175489,0.0037822841,0.0044783265,0.0045463012,0.0056647120,0.0058906609
2007-08-16,0.0006705600,0.0008538811,0.0014870667,0.0022561430,0.0028717464,0.0035392730,0.0041505514,0.0047207973,0.0057142998,0.0059139986,0.0062424153
2007-08-15,0.0006737667,0.0008606667,0.0013080865,0.0020005000,0.0025903516,0.0032473684,0.0039101429,0.0044618750,0.0055439474,0.0056714986,0.0061260995
2007-08-14,0.0004533678,0.0007085157,0.0014840667,0.0019638668,0.0025279290,0.0031501739,0.0038015210,0.0044109947,0.0052050878,0.0054749989,0.0057403100
2007-08-13,0.0005450000,0.0006583750,0.0012694725,0.0018671689,0.0023492120,0.0028611575,0.0034859991,0.0041250669,0.0041254870,0.0057552667,0.0064500000
2007-08-10,0.0005552722,0.0007388996,0.0012675471,0.0018411671,0.0023661658,0.0029433523,0.0035869356,0.0041863648,0.0046220745,0.0058049500,0.0072350000
2007-08-09,0.0004818250,0.0006277306,0.0011111811,0.0017946702,0.0023113335,0.0028810436,0.0034004433,0.0040877710,0.0043943500,0.0053976600,0.0059673378
2007-08-08,0.0004309531,0.0006083828,0.0010708013,0.0016230960,0.0020851945,0.0025925214,0.0032218914,0.0038793234,0.0040405200,0.0060182274,0.0065771041
2007-08-07,0.0004338835,0.0006793348,0.0012062862,0.0018155532,0.0023465329,0.0029348225,0.0035506721,0.0041912283,0.0044107395,0.0063755000,0.0070955000
2007-08-06,0.0004949017,0.0006391536,0.0012424494,0.0019212986,0.0024985712,0.0031440560,0.0038063475,0.0045110656,0.0053109649,0.0055638536,0.0062265700
2007-08-03,0.0004976467,0.0007103340,0.0013006005,0.0019186589,0.0024775975,0.0030954911,0.0038125383,0.0044668915,0.0051384500,0.0055203336,0.0094778555
2007-08-02,0.0010293333,0.0007540733,0.0012721306,0.0017617450,0.0023531022,0.0030406646,0.0038578124,0.0044640956,0.0053500000,0.0058256361,0.0074850000
2007-08-01,0.0004957722,0.0008461660,0.0014226403,0.0019991922,0.0026295726,0.0033458765,0.0042245372,0.0047746665,0.0056651000,0.0058190933,0.0068500000
2007-07-31,0.0005392600,0.0007204043,0.0012148594,0.0018314637,0.0023507498,0.0029185878,0.0038133510,0.0045223620,0.0050182500,0.0055359267,0.0067500000
2007-07-30,0.0005987707,0.0007837758,0.0014424997,0.0020368677,0.0026562760,0.0033504721,0.0042327195,0.0048555279,0.0056089042,0.0057797178,0.0102959730
2007-07-27,0.0003601266,0.0006172691,0.0010499413,0.0016791008,0.0022068768,0.0028052139,0.0035977496,0.0042456670,0.0047628875,0.0051181933,0.0055265700
2007-07-26,0.0003466189,0.0005073686,0.0009117604,0.0013349113,0.0017276360,0.0021622344,0.0028396164,0.0034752875,0.0035522705,0.0054088000,0.0056960000
2007-07-25,0.0002825272,0.0007461583,0.0008733156,0.0012195796,0.0015579008,0.0019243511,0.0025808668,0.0031762676,0.0033495695,0.0044803267,0.0047265700
2007-07-24,0.0002856155,0.0004850972,0.0008448333,0.0012104656,0.0015558051,0.0019334678,0.0025878897,0.0032290368,0.0038460273,0.0046857450,0.0050171999
2007-07-23,0.0003299804,0.0004599155,0.0008358265,0.0011701290,0.0015169907,0.0019014077,0.0025140077,0.0032619995,0.0033480530,0.0046060000,0.0052365000
2007-07-20,0.0003450000,0.0003861129,0.0007733171,0.0011112651,0.0014337319,0.0017882389,0.0023969439,0.0031573009,0.0042685000,0.0044149325,0.0049153992
2007-07-19,0.0003000000,0.0003975036,0.0006902169,0.0010552986,0.0013724221,0.0017253273,0.0022317689,0.0030253178,0.0038686667,0.0049223025,0.0045436276
2007-07-18,0.0002972223,0.0004300738,0.0007212234,0.0010488407,0.0013665692,0.0017210333,0.0022513492,0.0029946716,0.0039063333,0.0044606383,0.0046026009
2007-07-17,0.0003000000,0.0004037168,0.0007332882,0.0010429393,0.0013371205,0.0016568447,0.0021895632,0.0028466293,0.0038436667,0.0046696783,0.0045208070
2007-07-16,0.0003419540,0.0004197001,0.0007022734,0.0010449222,0.0013163433,0.0016025746,0.0022350923,0.0028162705,0.0037883680,0.0037225600,0.0042675000
2007-07-13,0.0002777356,0.0003587365,0.0006989395,0.0010538096,0.0013349992,0.0016342852,0.0022204311,0.0028483172,0.0030705730,0.0051546969,0.0058836949
2007-07-12,0.0002615356,0.0004309706,0.0007133999,0.0010377113,0.0013410560,0.0016745937,0.0022577733,0.0029295777,0.0031593460,0.0038589545,0.0058837143
2007-07-11,0.0002893517,0.0004264743,0.0007299835,0.0010605350,0.0013715990,0.0017139006,0.0022804975,0.0029438146,0.0037674367,0.0040476383,0.0045534679
2007-07-10,0.0002194278,0.0003348477,0.0006287868,0.0010193232,0.0012856834,0.0015666667,0.0021700612,0.0026821956,0.0036930000,0.0039129933,0.0042053100
2007-07-09,0.0002140153,0.0003115298,0.0006081311,0.0009233024,0.0011884798,0.0014778291,0.0020150689,0.0026015182,0.0031428830,0.0046135416,0.0053404929
2007-07-06,0.0002140153,0.0003435317,0.0006172402,0.0009255247,0.0011905400,0.0014792742,0.0020302272,0.0025668200,0.0031928830,0.0033600159,0.0053403674
2007-07-05,0.0002475960,0.0003450950,0.0005920295,0.0008993578,0.0011522698,0.0014258989,0.0019325247,0.0025207475,0.0032999834,0.0033561620,0.0042236847
2007-07-04,0.0002288890,0.0003943747,0.0006156875,0.0009172286,0.0011590335,0.0014144625,0.0019769538,0.0025486259,0.0034278807,0.0041269331,0.0053467296
2007-07-03,0.0001833335,0.0003881412,0.0006577257,0.0009433333,0.0012079556,0.0014937500,0.0020498075,0.0027292500,0.0035825000,0.0043713806,0.0054120049
2007-07-02,0.0001833335,0.0003867439,0.0006763485,0.0009979876,0.0012641971,0.0015463570,0.0020864886,0.0026986967,0.0036430000,0.0038796600,0.0042749387
2007-06-29,0.0002951916,0.0003778906,0.0005898639,0.0008614403,0.0011215415,0.0014098568,0.0019154556,0.0025542696,0.0032782800,0.0045354614,0.0052516392
2007-06-28,0.0003129459,0.0003583240,0.0006213235,0.0008676333,0.0011096362,0.0013701202,0.0018901747,0.0024742500,0.0027360750,0.0032877947,0.0036725000
2007-06-27,0.0003075235,0.0003401718,0.0006148617,0.0008721504,0.0011024717,0.0013453685,0.0018286665,0.0023906434,0.0030280899,0.0033498474,0.0042515700
2007-06-26,0.0003400000,0.0003691229,0.0006014269,0.0007656076,0.0009793666,0.0012093340,0.0016357997,0.0022021878,0.0025545810,0.0037268157,0.0042164487
2007-06-25,0.0003497500,0.0003557114,0.0005366665,0.0007136112,0.0009366098,0.0011865385,0.0016495814,0.0021958634,0.0026045810,0.0035897936,0.0040971356
2007-06-22,0.0003297500,0.0003371619,0.0004960198,0.0006938076,0.0008970952,0.0011195105,0.0015583688,0.0020438886,0.0027420000,0.0036567478,0.0038925369
2007-06-21,0.0002820444,0.0003280712,0.0004912041,0.0006885857,0.0008776673,0.0010795833,0.0015199111,0.0019691733,0.0024369153,0.0031649326,0.0039419288
2007-06-20,0.0003075000,0.0002786472,0.0004520407,0.0006812703,0.0008549927,0.0010354375,0.0014488582,0.0019284598,0.0024065990,0.0023644280,0.0037500000
2007-06-19,0.0001697758,0.0002543122,0.0004393736,0.0006348055,0.0007967862,0.0009649962,0.0013732380,0.0018153163,0.0022003680,0.0023309100,0.0036221334
2007-06-18,0.0001558207,0.0002452212,0.0004018736,0.0006043726,0.0007712490,0.0009495792,0.0013253505,0.0017882329,0.0022003680,0.0023309100,0.0036221334
2007-06-15,0.0001835386,0.0002503010,0.0004171944,0.0006237095,0.0007903683,0.0009662458,0.0013611479,0.0018326167,0.0022003680,0.0023309100,0.0027112875
2007-06-14,0.0001558207,0.0002427291,0.0003954045,0.0006023705,0.0007632637,0.0009329548,0.0013172004,0.0017818693,0.0022003680,0.0023309100,0.0035023909
2007-06-13,0.0001662758,0.0002440357,0.0004060061,0.0006121820,0.0007768412,0.0009508744,0.0013422582,0.0018421724,0.0021413680,0.0022694100,0.0036221334
2007-06-12,0.0001559027,0.0002435886,0.0003943965,0.0005998352,0.0007644559,0.0009396719,0.0013315302,0.0017993990,0.0022577160,0.0024388870,0.0033226334
2007-06-11,0.0001698783,0.0002447914,0.0004010155,0.0006100991,0.0007754745,0.0009506094,0.0013472409,0.0018215133,0.0023449367,0.0024388870,0.0034523909
2007-06-08,0.0001585047,0.0002591900,0.0004002382,0.0006117638,0.0007773949,0.0009526454,0.0013827109,0.0018362479,0.0024005653,0.0025326530,0.0036721334
2007-06-07,0.0001695000,0.0002424820,0.0003929883,0.0005773310,0.0007407251,0.0009164000,0.0013208981,0.0017609264,0.0023220000,0.0028494432,0.0034760283
2007-06-06,0.0001741587,0.0002463929,0.0003933387,0.0005739055,0.0007301501,0.0008956615,0.0012861394,0.0017164290,0.0022630000,0.0030554886,0.0035068369
2007-06-05,0.0001741587,0.0002461742,0.0003902578,0.0005777467,0.0007298199,0.0008888286,0.0012727533,0.0017163100,0.0022630000,0.0022917620,0.0029145000
2007-06-04,0.0001741587,0.0002461742,0.0003902578,0.0005777467,0.0007298500,0.0008888286,0.0012752303,0.0017401718,0.0021456880,0.0022917620,0.0029645000
2007-06-01,0.0001741587,0.0002461742,0.0003902578,0.0005777467,0.0007274007,0.0008828000,0.0012752303,0.0017401718,0.0021456880,0.0022917620,0.0030145000
2007-05-31,0.0001741587,0.0002461742,0.0003902578,0.0005777467,0.0007284423,0.0008852571,0.0012752303,0.0017492627,0.0021456880,0.0022917620,0.0030145000
2007-05-30,0.0001940127,0.0002570648,0.0004062558,0.0005954561,0.0007417679,0.0008905679,0.0012969901,0.0017638194,0.0022046880,0.0023532620,0.0035506156
2007-05-29,0.0001783439,0.0002602591,0.0004105617,0.0006092996,0.0007567043,0.0009056625,0.0013158261,0.0017608550,0.0022046880,0.0023532620,0.0035761331
2007-05-28,0.0001746772,0.0002596602,0.0003915265,0.0005819852,0.0007269516,0.0008750000,0.0012712871,0.0017185590,0.0021161880,0.0030707605,0.0035792538
2007-05-25,0.0001746772,0.0002596602,0.0003915265,0.0005819852,0.0007284638,0.0008785714,0.0012712871,0.0017185590,0.0021161880,0.0030707605,0.0036477030
2007-05-24,0.0002080106,0.0002808884,0.0004217300,0.0006052800,0.0007479083,0.0008903846,0.0013002400,0.0017457911,0.0021161880,0.0030707605,0.0035943441
2007-05-23,0.0001896127,0.0002603123,0.0004182982,0.0005974392,0.0007393284,0.0008814192,0.0012935818,0.0017202524,0.0021161880,0.0030707605,0.0036477030
2007-05-22,0.0001896127,0.0002480304,0.0004120357,0.0005888739,0.0007356396,0.0008852654,0.0012935818,0.0017202524,0.0021161880,0.0032037952,0.0035941423
2007-05-21,0.0001896127,0.0002480304,0.0004143085,0.0005934194,0.0007430602,0.0008962227,0.0013026727,0.0017202524,0.0021161880,0.0032037952,0.0036475712
2007-05-18,0.0001746772,0.0002480304,0.0004038288,0.0005847792,0.0007402701,0.0009025731,0.0013026727,0.0017251072,0.0021161880,0.0033064690,0.0035941423
2007-05-17,0.0001421289,0.0002391029,0.0003885182,0.0005734661,0.0007260418,0.0008852654,0.0013026727,0.0017349520,0.0020886440,0.0026395062,0.0035941423
2007-05-16,0.0001542000,0.0002410575,0.0003875274,0.0005757633,0.0007346893,0.0009027875,0.0013118545,0.0017635022,0.0021500500,0.0027036489,0.0036066423
2007-05-15,0.0001512000,0.0002411788,0.0003792538,0.0005481290,0.0007127232,0.0008923708,0.0012976727,0.0017579467,0.0028250000,0.0032860706,0.0037616292
2007-05-14,0.0001512000,0.0002365116,0.0003792538,0.0005481290,0.0007099094,0.0008852654,0.0013030289,0.0017579467,0.0028250000,0.0033086142,0.0038390865
2007-05-11,0.0001372500,0.0002315392,0.0003642538,0.0005488897,0.0007122841,0.0008898893,0.0013001058,0.0017523911,0.0027750000,0.0033086142,0.0039390865
2007-05-10,0.0001000000,0.0002239884,0.0003517028,0.0005435167,0.0007131127,0.0009007042,0.0013127046,0.0017777400,0.0027750000,0.0032586142,0.0038890865
2007-05-09,0.0001000000,0.0002239884,0.0003517028,0.0005435167,0.0007146417,0.0009044962,0.0013102046,0.0017797636,0.0027750000,0.0032586142,0.0040021873
2007-05-08,0.0001250000,0.0002239884,0.0003548021,0.0005458028,0.0007192116,0.0009121885,0.0013185380,0.0017677400,0.0027750000,0.0033086142,0.0040021873
2007-05-07,0.0001250000,0.0002239884,0.0003517028,0.0005435167,0.0007096181,0.0008916773,0.0013111323,0.0017797636,0.0027750000,0.0033086142,0.0040021873
2007-05-04,0.0001250000,0.0002239884,0.0003517028,0.0005435167,0.0007096474,0.0008916773,0.0013111323,0.0017797636,0.0027750000,0.0033086142,0.0046250000
2007-05-03,0.0001250000,0.0002205055,0.0003498846,0.0005266545,0.0006964788,0.0008863179,0.0013072110,0.0017752182,0.0029210642,0.0033245109,0.0040711456
2007-05-02,0.0001250000,0.0002211465,0.0003498846,0.0005281545,0.0006982010,0.0008881036,0.0013072110,0.0017661273,0.0029210642,0.0033245109,0.0040711456
2007-05-01,0.0001250000,0.0002227875,0.0003517028,0.0005326545,0.0007004928,0.0008863179,0.0013144837,0.0017670364,0.0029500000,0.0033245109,0.0041073809
2007-04-30,0.0001250000,0.0002086583,0.0003417581,0.0005475695,0.0007178399,0.0009053318,0.0013190519,0.0017943136,0.0030000000,0.0033745109,0.0040904366
2007-04-27,0.0001250000,0.0002239925,0.0003515983,0.0005250772,0.0007020882,0.0009030591,0.0013209571,0.0018034045,0.0030000000,0.0034245109,0.0040726678
2007-04-26,0.0001333333,0.0002069564,0.0003445831,0.0005066995,0.0006791827,0.0008756750,0.0012992200,0.0017944444,0.0030000000,0.0026594749,0.0031031154
2007-04-25,0.0001695000,0.0002330637,0.0003779920,0.0005296957,0.0006974826,0.0008833333,0.0013212570,0.0018000000,0.0030000000,0.0031944749,0.0036569845
2007-04-24,0.0001615319,0.0002181076,0.0003799991,0.0005327835,0.0007036540,0.0008937500,0.0013342239,0.0018065080,0.0030000000,0.0023861740,0.0026800775
2007-04-23,0.0001508905,0.0002129770,0.0003714501,0.0005461506,0.0007106742,0.0008892857,0.0013152842,0.0018036511,0.0031000000,0.0023861740,0.0028016919
2007-04-20,0.0001508905,0.0002299297,0.0003877001,0.0005630588,0.0007212865,0.0008884615,0.0013225569,0.0018215010,0.0023220000,0.0023861740,0.0029288249
2007-04-19,0.0001424087,0.0002211659,0.0004006168,0.0005753322,0.0007353094,0.0009035714,0.0013271024,0.0018656361,0.0026220000,0.0023861740,0.0030617267
2007-04-18,0.0001424087,0.0002198467,0.0004006938,0.0005756250,0.0007398749,0.0009142857,0.0013301424,0.0018656616,0.0026220000,0.0023861740,0.0030617267
2007-04-17,0.0001331127,0.0002322390,0.0004052902,0.0005911229,0.0007516281,0.0009187500,0.0013406943,0.0018800391,0.0022367030,0.0023861740,0.0030615660
2007-04-16,0.0001331127,0.0002322390,0.0004052902,0.0005911229,0.0007533616,0.0009229167,0.0013388130,0.0018545810,0.0022367030,0.0023861740,0.0030615660
2007-04-13,0.0001331127,0.0002303516,0.0004023524,0.0005870938,0.0007493200,0.0009192308,0.0013188539,0.0018496634,0.0022367030,0.0023861740,0.0030796110
2007-04-12,0.0001378908,0.0002306133,0.0004113741,0.0006063286,0.0007592265,0.0009136845,0.0013254060,0.0018379762,0.0021777030,0.0027697602,0.0030116110
2007-04-11,0.0001413908,0.0002282479,0.0004043219,0.0005938808,0.0007542858,0.0009206582,0.0013448683,0.0018241931,0.0022367030,0.0024560650,0.0035971110
2007-04-10,0.0001675867,0.0002265571,0.0003984815,0.0005927255,0.0007509954,0.0009143466,0.0013179304,0.0018026380,0.0022802526,0.0023381890,0.0035969978
2007-04-09,0.0001375867,0.0002290121,0.0003968126,0.0005884903,0.0007444917,0.0009049705,0.0013233537,0.0017900000,0.0022802526,0.0023381890,0.0035968355
2007-04-06,0.0001375867,0.0002290121,0.0003968126,0.0005894495,0.0007451289,0.0009049705,0.0013233537,0.0018022222,0.0021951430,0.0023381890,0.0035968355
2007-04-05,0.0001375867,0.0002284267,0.0004003520,0.0005928375,0.0007510073,0.0009139764,0.0013559250,0.0018839096,0.0021951430,0.0023381890,0.0035968355
2007-04-04,0.0001563222,0.0002315206,0.0003987334,0.0005972406,0.0007534974,0.0009131890,0.0013367479,0.0018594045,0.0022802526,0.0023381890,0.0035968355
2007-04-03,0.0001675867,0.0001947930,0.0004169612,0.0006283534,0.0007856484,0.0009435461,0.0013600812,0.0019326451,0.0022460280,0.0024435563,0.0035968355
2007-04-02,0.0001563222,0.0001932924,0.0003939902,0.0005937513,0.0007456697,0.0008994214,0.0013332764,0.0018647402,0.0021951430,0.0023381890,0.0034984617
2007-03-30,0.0001563222,0.0001921854,0.0003948783,0.0005690337,0.0007205314,0.0008762071,0.0013124554,0.0017624068,0.0022460280,0.0023381890,0.0034984617
2007-03-29,0.0001563822,0.0001987554,0.0003943515,0.0005686951,0.0007291327,0.0008977113,0.0013292678,0.0018164735,0.0022224191,0.0022960400,0.0034984617
2007-03-28,0.0001654365,0.0001998100,0.0004055125,0.0006239789,0.0007810905,0.0009388582,0.0013580749,0.0018607430,0.0021590990,0.0027460509,0.0031216048
2007-03-27,0.0001545304,0.0001980483,0.0003861011,0.0005408333,0.0007047420,0.0008817152,0.0013242046,0.0017923633,0.0022224191,0.0024502198,0.0034716052
2007-03-26,0.0001533637,0.0002359174,0.0003853801,0.0005434279,0.0007123287,0.0008964262,0.0013548125,0.0017820156,0.0022027525,0.0022756350,0.0028177906
2007-03-23,0.0001347223,0.0002141604,0.0003593288,0.0005311550,0.0007042185,0.0008962998,0.0013493650,0.0017716428,0.0019190000,0.0025899221,0.0028856701
2007-03-22,0.0002042223,0.0002175386,0.0004011244,0.0005449246,0.0007186037,0.0009096331,0.0013759436,0.0017874126,0.0019190000,0.0022803450,0.0030531701
2007-03-21,0.0002143440,0.0002511816,0.0004029294,0.0005551379,0.0007213160,0.0008995767,0.0013343094,0.0017636713,0.0019190000,0.0026925959,0.0027159934
2007-03-20,0.0001845871,0.0002470491,0.0003989411,0.0005858296,0.0007349476,0.0008848987,0.0013294981,0.0017469342,0.0021836500,0.0023213780,0.0028260000
2007-03-19,0.0001932223,0.0002194318,0.0003760771,0.0005607815,0.0007143525,0.0008732683,0.0013251737,0.0017477897,0.0021386130,0.0032655925,0.0027230000
2007-03-16,0.0001932223,0.0002271241,0.0003760771,0.0005668597,0.0007216147,0.0008814862,0.0013342646,0.0017561231,0.0021386130,0.0032655925,0.0027230000
2007-03-15,0.0001932223,0.0002264484,0.0003767059,0.0005341455,0.0007006986,0.0008819571,0.0013160763,0.0017509100,0.0022145000,0.0023560000,0.0024730000
2007-03-14,0.0002027500,0.0002344449,0.0003894010,0.0005312206,0.0007097433,0.0009097800,0.0013391133,0.0017448625,0.0025785000,0.0028845000,0.0027155000
2007-03-13,0.0001707223,0.0001943483,0.0003379691,0.0004962661,0.0006667135,0.0008592839,0.0012628698,0.0017394864,0.0021555000,0.0022068800,0.0022596074
2007-03-12,0.0001707223,0.0001976536,0.0003346926,0.0004827911,0.0006545346,0.0008512221,0.0012692444,0.0017103323,0.0020523400,0.0022068800,0.0024575819
2007-03-09,0.0002079548,0.0001743400,0.0003268227,0.0004593456,0.0006301775,0.0008292535,0.0012634522,0.0016637573,0.0021113400,0.0022418800,0.0027152928
2007-03-08,0.0001820011,0.0001851489,0.0003566201,0.0004653582,0.0006317323,0.0008225154,0.0012702552,0.0016873500,0.0022964893,0.0023557670,0.0026230000
2007-03-07,0.0001900014,0.0002225460,0.0003990468,0.0005250223,0.0006957972,0.0008843352,0.0012875834,0.0017631658,0.0022186260,0.0023557670,0.0024730000
2007-03-06,0.0001967514,0.0002090006,0.0003876420,0.0005349355,0.0007093124,0.0009019183,0.0013174917,0.0017893323,0.0023826260,0.0025185200,0.0031133120
2007-03-05,0.0001927500,0.0002619314,0.0004133456,0.0005936178,0.0007648987,0.0009450583,0.0014015333,0.0019024222,0.0025936710,0.0026931874,0.0039203900
2007-03-02,0.0002042500,0.0002315656,0.0004084419,0.0005265533,0.0006989841,0.0008896396,0.0012944770,0.0017785335,0.0026500000,0.0021740080,0.0037265700
2007-03-01,0.0001792500,0.0002277355,0.0003960888,0.0005348867,0.0007045226,0.0008896396,0.0012944770,0.0017910335,0.0026000000,0.0021740080,0.0037265700
2007-02-28,0.0002110000,0.0002625910,0.0004302927,0.0005979489,0.0007572051,0.0009192067,0.0013737320,0.0018526361,0.0021682340,0.0023025080,0.0037515700
2007-02-27,0.0001890000,0.0002079195,0.0003679994,0.0005176456,0.0006922519,0.0008873808,0.0012723111,0.0017524127,0.0019658210,0.0020798500,0.0020405000
2007-02-26,0.0001890000,0.0002026440,0.0003446670,0.0005112911,0.0006701397,0.0008418618,0.0012512376,0.0016825650,0.0019658210,0.0020798500,0.0021405000
2007-02-23,0.0001347223,0.0001886844,0.0003281977,0.0004698388,0.0006360068,0.0008251201,0.0012338499,0.0016657879,0.0021395410,0.0024492333,0.0025126244
2007-02-22,0.0001129630,0.0001754161,0.0003423950,0.0004658065,0.0006333101,0.0008251522,0.0012555535,0.0016811130,0.0020895410,0.0023612470,0.0024146435
2007-02-21,0.0001582223,0.0002319325,0.0003920903,0.0005317739,0.0006995488,0.0008818198,0.0013086775,0.0017215140,0.0022158279,0.0024170648,0.0024638489
2007-02-20,0.0001582223,0.0002312575,0.0003924797,0.0005312215,0.0007006388,0.0008854167,0.0013109444,0.0017068750,0.0022344500,0.0023968866,0.0024354962
2007-02-19,0.0001582223,0.0002306175,0.0003894619,0.0005491619,0.0007111028,0.0008821928,0.0013099753,0.0017382775,0.0022344500,0.0023968866,0.0024277370
2007-02-16,0.0001813333,0.0002325129,0.0003926161,0.0005569542,0.0007241882,0.0009020833,0.0013332076,0.0017716108,0.0022344500,0.0023968866,0.0024200026
2007-02-15,0.0001813333,0.0002139033,0.0003818777,0.0005569542,0.0007287711,0.0009134615,0.0013332076,0.0017716108,0.0022344500,0.0023968866,0.0024122927
2007-02-14,0.0002220000,0.0002325129,0.0003950100,0.0005393531,0.0007143562,0.0009062500,0.0013265284,0.0017657306,0.0022662824,0.0024650595,0.0024730000
2007-02-13,0.0002220000,0.0002325129,0.0003950100,0.0005413632,0.0007143562,0.0009062500,0.0013265284,0.0017657306,0.0022662824,0.0023966103,0.0023466194
2007-02-12,0.0001813333,0.0002338629,0.0003968433,0.0005435060,0.0007143562,0.0009104167,0.0013339284,0.0017655767,0.0022662824,0.0024308349,0.0023230000
2007-02-09,0.0001813333,0.0002419857,0.0003975670,0.0005321214,0.0006904833,0.0008873179,0.0013122000,0.0017367273,0.0023005070,0.0023697870,0.0028730000
2007-02-08,0.0001813333,0.0002501070,0.0004016504,0.0005497798,0.0007193488,0.0009122875,0.0013382000,0.0017637778,0.0023005070,0.0023697870,0.0028730000
2007-02-07,0.0002220000,0.0002368430,0.0003963458,0.0005637578,0.0007165571,0.0009363423,0.0013487979,0.0018020000,0.0023005070,0.0023697870,0.0028230000
2007-02-06,0.0001813333,0.0002341763,0.0003903458,0.0005578257,0.0007165000,0.0009267542,0.0013395609,0.0017810000,0.0023005070,0.0023697870,0.0028230000
2007-02-05,0.0001813333,0.0002325037,0.0003935001,0.0005622820,0.0007179375,0.0009244473,0.0013425515,0.0017863636,0.0023005070,0.0023697870,0.0027560000
2007-02-02,0.0001971786,0.0002435079,0.0003893712,0.0005586525,0.0007172857,0.0008973467,0.0013518927,0.0017793051,0.0022252450,0.0023697870,0.0027560000
2007-02-01,0.0002203294,0.0002620756,0.0003927045,0.0005677796,0.0007430000,0.0009202195,0.0013830820,0.0018291507,0.0022631167,0.0024650595,0.0027560000
2007-01-31,0.0002305000,0.0002640742,0.0004276443,0.0006089056,0.0007607143,0.0009786143,0.0014130160,0.0018974551,0.0023746355,0.0025812574,0.0028985000
2007-01-30,0.0001974160,0.0002283504,0.0003749401,0.0005641394,0.0007418475,0.0009473898,0.0013724060,0.0018524570,0.0023734269,0.0026252862,0.0029655000
2007-01-29,0.0001819345,0.0002310777,0.0003754738,0.0005380897,0.0007278257,0.0009223319,0.0013680797,0.0018028547,0.0023523781,0.0025679740,0.0028655000
2007-01-26,0.0001667362,0.0002325394,0.0003800192,0.0005365971,0.0007395400,0.0009130221,0.0013551797,0.0017964433,0.0023643780,0.0026706267,0.0033500000
2007-01-25,0.0001485863,0.0002275459,0.0003509224,0.0005275609,0.0007481114,0.0009235258,0.0013408312,0.0018462181,0.0023643780,0.0026706267,0.0028993515
2007-01-24,0.0002048548,0.0002756230,0.0003680239,0.0005663531,0.0007594633,0.0009585045,0.0014269428,0.0019203182,0.0024481560,0.0027241178,0.0029245717
2007-01-23,0.0002212200,0.0002864810,0.0004284995,0.0005909474,0.0007827967,0.0009744063,0.0014446748,0.0019445783,0.0023981560,0.0027241178,0.0029845985
2007-01-22,0.0002209367,0.0002932879,0.0004217755,0.0005912103,0.0007827967,0.0009812492,0.0014328072,0.0019628564,0.0024531570,0.0027662567,0.0029014612
2007-01-19,0.0002200000,0.0002577717,0.0003698870,0.0005614567,0.0007675400,0.0009471211,0.0014073973,0.0019279167,0.0025187783,0.0027053489,0.0029158177
2007-01-18,0.0002200000,0.0002549914,0.0003755576,0.0005336321,0.0007492363,0.0009174798,0.0013976100,0.0019193929,0.0023663390,0.0026737617,0.0029158177
2007-01-17,0.0002165256,0.0002544567,0.0003821998,0.0005399715,0.0007617363,0.0009151900,0.0013972822,0.0019241538,0.0023562250,0.0025746318,0.0030090000
2007-01-16,0.0002250000,0.0002375521,0.0003767170,0.0005486962,0.0007621271,0.0009183333,0.0014034088,0.0019057917,0.0024880000,0.0025791550,0.0030810000
2007-01-15,0.0002250000,0.0002465381,0.0003888715,0.0005539793,0.0007819843,0.0009474611,0.0014337036,0.0018809882,0.0024672594,0.0025971550,0.0029583564
2007-01-12,0.0002250000,0.0002602305,0.0004058780,0.0006017968,0.0007896300,0.0009678213,0.0014417622,0.0019199015,0.0024986190,0.0026331967,0.0030015112
2007-01-11,0.0002466667,0.0002784448,0.0004294689,0.0006194301,0.0008146300,0.0009894578,0.0014671497,0.0019235200,0.0024486190,0.0026331967,0.0029515112
2007-01-10,0.0002300000,0.0002897842,0.0004276347,0.0006199577,0.0008062967,0.0010122433,0.0014745067,0.0019372877,0.0023530730,0.0025744048,0.0028015112
2007-01-09,0.0001833333,0.0002819428,0.0004396395,0.0006198331,0.0008062967,0.0009750893,0.0014308773,0.0019159241,0.0023349380,0.0025750002,0.0028515112
2007-01-08,0.0001000000,0.0002082918,0.0003702018,0.0005222147,0.0007643657,0.0009026194,0.0013550453,0.0019236364,0.0024013770,0.0026312110,0.0034085700
2007-01-05,0.0001000000,0.0002073828,0.0003692018,0.0005222147,0.0007615086,0.0008980535,0.0013601687,0.0019441524,0.0024013770,0.0026312110,0.0034085700
2007-01-04,0.0001000000,0.0002238509,0.0003819562,0.0005233301,0.0007663200,0.0009041819,0.0013537937,0.0019481297,0.0024013770,0.0026312110,0.0034085700
2007-01-03,0.0001063068,0.0002379686,0.0003844770,0.0005443261,0.0007575700,0.0009070700,0.0013563919,0.0019269761,0.0025717796,0.0026145444,0.0031195000
2007-01-02,0.0001085929,0.0002430861,0.0004246492,0.0005592194,0.0007675000,0.0009279936,0.0013716321,0.0019452463,0.0026011533,0.0026312110,0.0030445000
2007-01-01,0.0001250425,0.0002799086,0.0004345424,0.0006273042,0.0007939686,0.0010228530,0.0014508543,0.0021069984,0.0025948270,0.0028941245,0.0028661085
