Date,CR_CDS_SPREAD.8A87AG.EUR.SNRFOR.6M,CR_CDS_SPREAD.8A87AG.EUR.SNRFOR.1Y,CR_CDS_SPREAD.8A87AG.EUR.SNRFOR.2Y,CR_CDS_SPREAD.8A87AG.EUR.SNRFOR.3Y,CR_CDS_SPREAD.8A87AG.EUR.SNRFOR.4Y,CR_CDS_SPREAD.8A87AG.EUR.SNRFOR.5Y,CR_CDS_SPREAD.8A87AG.EUR.SNRFOR.7Y,CR_CDS_SPREAD.8A87AG.EUR.SNRFOR.10Y,CR_CDS_SPREAD.8A87AG.EUR.SNRFOR.15Y,CR_CDS_SPREAD.8A87AG.EUR.SNRFOR.20Y,CR_CDS_SPREAD.8A87AG.EUR.SNRFOR.30Y
2024-09-25,0.0007650700,0.0009483700,0.0016353800,0.0022208600,0.0026657500,0.0031892900,0.0042852600,0.0056834700,0.0066799300,0.0067792200,0.0067898700
2024-09-24,0.0007538700,0.0009402800,0.0016361000,0.0022043500,0.0026532500,0.0031730100,0.0042774300,0.0056563300,0.0066488800,0.0067450500,0.0067600100
2024-09-23,0.0008027900,0.0010010100,0.0016473200,0.0022276500,0.0027091200,0.0032303100,0.0043514700,0.0057236300,0.0067113900,0.0067935300,0.0068203000
2024-09-20,0.0008201100,0.0010463900,0.0016771000,0.0022376700,0.0027171300,0.0032534300,0.0043474600,0.0057005000,0.0066590000,0.0067374500,0.0067494700
2024-09-19,0.0007664200,0.0009135600,0.0015235100,0.0020966800,0.0025179200,0.0030525700,0.0041387000,0.0055499600,0.0065117000,0.0065065100,0.0064363900
2024-09-18,0.0008114700,0.0009629300,0.0016000400,0.0021773100,0.0026435200,0.0031523900,0.0042846900,0.0056666600,0.0066410000,0.0066397900,0.0065960600
2024-09-17,0.0007895400,0.0009423400,0.0015656800,0.0021508000,0.0026148900,0.0031251200,0.0042190300,0.0056090200,0.0065985200,0.0066915700,0.0066992500
2024-09-16,0.0008241500,0.0009812300,0.0016376000,0.0022433300,0.0026922400,0.0032477500,0.0043356900,0.0057377200,0.0067362700,0.0068185000,0.0068385000
2024-09-13,0.0008317100,0.0009898400,0.0016645700,0.0022622600,0.0027368500,0.0032625900,0.0043912800,0.0057514800,0.0067461100,0.0068408000,0.0068469800
2024-09-12,0.0008525500,0.0010081000,0.0016898700,0.0023044400,0.0027697300,0.0033194300,0.0044341000,0.0057803400,0.0067458600,0.0068322200,0.0068375600
2024-09-11,0.0008763900,0.0010356500,0.0017205800,0.0023662200,0.0028086500,0.0034083300,0.0044877500,0.0058575900,0.0068332600,0.0069188900,0.0069270300
2024-09-10,0.0008288800,0.0009819800,0.0016859600,0.0023579700,0.0027215200,0.0033698700,0.0044251500,0.0058190000,0.0068009900,0.0068747700,0.0068970900
2024-09-09,0.0008458500,0.0010031500,0.0016448300,0.0022579800,0.0026908500,0.0032778300,0.0043988400,0.0057404100,0.0067052700,0.0067777200,0.0067946500
2024-09-06,0.0008616700,0.0010191200,0.0016720900,0.0022970400,0.0027332500,0.0032926400,0.0044309800,0.0057069600,0.0066703500,0.0067536700,0.0067621500
2024-09-05,0.0008441500,0.0009995500,0.0016583900,0.0022866400,0.0027320900,0.0032455100,0.0044269300,0.0057403700,0.0067132900,0.0067816400,0.0068053400
2024-09-04,0.0008630300,0.0010110800,0.0016679400,0.0022801000,0.0027120400,0.0032544000,0.0043983400,0.0056668700,0.0066193600,0.0066835900,0.0067053500
2024-09-03,0.0008203500,0.0009638000,0.0016091800,0.0022034600,0.0026341700,0.0031420000,0.0043309700,0.0056561600,0.0066084100,0.0066606200,0.0066829700
2024-09-02,0.0008046800,0.0009410500,0.0015305700,0.0021183200,0.0025069200,0.0030886800,0.0041840900,0.0054321500,0.0063669300,0.0064127900,0.0064188000
2024-08-30,0.0007735800,0.0009039700,0.0015450900,0.0021345200,0.0025599300,0.0030618700,0.0042560000,0.0056074600,0.0065794700,0.0066274800,0.0066346300
2024-08-29,0.0008079500,0.0009430600,0.0014937800,0.0021412000,0.0024726800,0.0030760000,0.0041615100,0.0054116100,0.0063505200,0.0063974400,0.0064050200
2024-08-28,0.0008032900,0.0009382800,0.0015225400,0.0021189800,0.0025099200,0.0030453300,0.0041890100,0.0054671700,0.0064084200,0.0064561000,0.0064640500
2024-08-27,0.0007667900,0.0008998800,0.0015601600,0.0021496800,0.0025897900,0.0030202500,0.0042245000,0.0055756900,0.0065431500,0.0065940000,0.0066054600
2024-08-26,0.0008403500,0.0009786400,0.0015786500,0.0021755400,0.0025690500,0.0031063600,0.0042486800,0.0055592900,0.0065354900,0.0065885300,0.0066135500
2024-08-23,0.0008433300,0.0009837000,0.0015615800,0.0021596500,0.0025440600,0.0031050900,0.0042252500,0.0055121300,0.0064789100,0.0065347000,0.0065563000
2024-08-22,0.0008450100,0.0009908900,0.0015571500,0.0021707800,0.0025594600,0.0031277600,0.0042433100,0.0055422900,0.0065069600,0.0065744500,0.0065842400
2024-08-21,0.0008656100,0.0010013600,0.0015981400,0.0022023100,0.0026211800,0.0031529500,0.0043353500,0.0056601700,0.0066493200,0.0067175300,0.0067307500
2024-08-20,0.0008912000,0.0010322900,0.0016193000,0.0022430600,0.0026168800,0.0032219700,0.0043374100,0.0056218200,0.0065971000,0.0066510000,0.0066784800
2024-08-19,0.0008669500,0.0010178700,0.0016242300,0.0022381000,0.0026721400,0.0032187800,0.0043703900,0.0056768000,0.0066432600,0.0066909500,0.0067105200
2024-08-16,0.0008532900,0.0010053500,0.0016364500,0.0022497500,0.0026843200,0.0032306300,0.0044071900,0.0057157700,0.0067077000,0.0067564700,0.0067633000
2024-08-15,0.0008922400,0.0010465000,0.0016641900,0.0023179500,0.0027326900,0.0033487600,0.0044987100,0.0058262000,0.0068230200,0.0068792500,0.0068873500
2024-08-14,0.0009417900,0.0010920100,0.0017241500,0.0023919500,0.0028083400,0.0034709400,0.0046100600,0.0059755200,0.0069673500,0.0070405700,0.0070500000
2024-08-13,0.0009810600,0.0011412000,0.0017775600,0.0024516000,0.0028806300,0.0035496400,0.0046866900,0.0060016700,0.0069967300,0.0070669300,0.0070791200
2024-08-12,0.0009631700,0.0011291200,0.0017679000,0.0024501500,0.0028788600,0.0035433700,0.0046789200,0.0060674300,0.0070923700,0.0071522300,0.0071744400
2024-08-09,0.0009552800,0.0011233400,0.0018062200,0.0025033700,0.0029483900,0.0035868900,0.0047540500,0.0061349100,0.0071620600,0.0072402800,0.0072538500
2024-08-08,0.0009621700,0.0011345100,0.0018366100,0.0025350300,0.0029907300,0.0036308000,0.0048062200,0.0061776400,0.0072126200,0.0073023600,0.0073368700
2024-08-07,0.0009443300,0.0011146500,0.0018568900,0.0025496200,0.0030324500,0.0036433700,0.0048315600,0.0061659300,0.0071915800,0.0073174100,0.0073858500
2024-08-06,0.0010179000,0.0011932000,0.0019675100,0.0026699600,0.0031923800,0.0038193900,0.0050136400,0.0063506200,0.0073880900,0.0074458200,0.0074720600
2024-08-05,0.0010787900,0.0012515100,0.0020435200,0.0027541800,0.0033023500,0.0039089500,0.0051187400,0.0064549300,0.0074999000,0.0075602700,0.0075750000
2024-08-02,0.0009997800,0.0011585100,0.0018740700,0.0025363000,0.0030521100,0.0036397500,0.0048325200,0.0061821900,0.0071889500,0.0072511500,0.0072769600
2024-08-01,0.0009026700,0.0010496300,0.0016963100,0.0023150600,0.0027847400,0.0033257400,0.0045145500,0.0058640700,0.0068611300,0.0069308000,0.0069452500
2024-07-31,0.0008772900,0.0010225600,0.0016437500,0.0022674400,0.0027106500,0.0032557400,0.0044273300,0.0057964900,0.0067899000,0.0068460400,0.0068749900
2024-07-30,0.0009603200,0.0011241800,0.0016915300,0.0023222800,0.0027395300,0.0033397100,0.0044674800,0.0058458500,0.0068376000,0.0068937600,0.0069228100
2024-07-29,0.0008895100,0.0010346700,0.0016591000,0.0022683300,0.0027188000,0.0032832100,0.0044446800,0.0058232700,0.0068149400,0.0068708700,0.0068993600
2024-07-26,0.0008689700,0.0010189000,0.0016724300,0.0022867100,0.0027531000,0.0032868200,0.0044776600,0.0058567600,0.0068677800,0.0069270200,0.0069579600
2024-07-25,0.0009287700,0.0010851200,0.0017163500,0.0023348700,0.0027870800,0.0033577700,0.0045053600,0.0058907500,0.0068951100,0.0069513400,0.0069786800
2024-07-24,0.0008729400,0.0010248000,0.0016101300,0.0022100400,0.0026259800,0.0031501400,0.0043089500,0.0056251700,0.0066031500,0.0066537700,0.0066751900
2024-07-23,0.0008644100,0.0009979900,0.0015395200,0.0020927500,0.0024863800,0.0030190300,0.0041823200,0.0054493800,0.0064137300,0.0064645700,0.0064729000
2024-07-22,0.0008148400,0.0009439500,0.0015524500,0.0021104800,0.0025419600,0.0030110600,0.0042223600,0.0055824200,0.0065799100,0.0066339000,0.0066403400
2024-07-19,0.0008106200,0.0009418700,0.0015576200,0.0021371000,0.0025586200,0.0030332700,0.0042292200,0.0055981600,0.0065899700,0.0066624400,0.0066714500
2024-07-18,0.0007737200,0.0009119800,0.0015047500,0.0020698300,0.0024994500,0.0029860100,0.0041736100,0.0055282700,0.0065075900,0.0065742200,0.0065834700
2024-07-17,0.0007780900,0.0009112100,0.0015037900,0.0020881600,0.0025337100,0.0030167300,0.0041738300,0.0055726900,0.0065550400,0.0066070000,0.0066169400
2024-07-16,0.0007881300,0.0009123200,0.0014805400,0.0020563200,0.0024933900,0.0030011500,0.0041418200,0.0055348700,0.0065221600,0.0065749200,0.0065843000
2024-07-15,0.0008008700,0.0009349100,0.0014729700,0.0020369200,0.0024337000,0.0029497900,0.0041015800,0.0053961300,0.0063722600,0.0064257200,0.0064322300
2024-07-12,0.0007906000,0.0009252600,0.0014878600,0.0020638900,0.0024794800,0.0029725400,0.0041431400,0.0055260500,0.0065160200,0.0065889700,0.0065990900
2024-07-11,0.0007965600,0.0009250200,0.0014814300,0.0020458000,0.0024592400,0.0029527500,0.0041194800,0.0055012200,0.0064818200,0.0065497900,0.0065627100
2024-07-10,0.0008120200,0.0009442200,0.0015283800,0.0021029000,0.0025428700,0.0030196600,0.0042077800,0.0055689600,0.0065528700,0.0066089800,0.0066330400
2024-07-09,0.0008156400,0.0009528200,0.0015539700,0.0021162300,0.0025786400,0.0030569400,0.0042478400,0.0056025100,0.0065844900,0.0066443900,0.0066560000
2024-07-08,0.0008061000,0.0009444300,0.0015537300,0.0021451700,0.0025816300,0.0030668400,0.0042657200,0.0056297300,0.0066175300,0.0066911500,0.0067026100
2024-07-05,0.0008159200,0.0009595800,0.0015764700,0.0021746700,0.0026213600,0.0031169100,0.0043087100,0.0056766000,0.0066724100,0.0067441700,0.0067605000
2024-07-04,0.0008263100,0.0009629100,0.0015920800,0.0021961600,0.0026472500,0.0031358900,0.0043252700,0.0056890900,0.0066772100,0.0067348800,0.0067632500
2024-07-03,0.0008303200,0.0009714000,0.0016175700,0.0022389600,0.0026986900,0.0032077400,0.0044005000,0.0057597200,0.0067485600,0.0068105500,0.0068355600
2024-07-02,0.0008729300,0.0010145700,0.0016613500,0.0023141800,0.0027919300,0.0033254700,0.0045079700,0.0058641300,0.0068528700,0.0069274000,0.0069389400
2024-07-01,0.0008976400,0.0010354800,0.0016780200,0.0023518700,0.0028125200,0.0033714800,0.0045285900,0.0059171400,0.0069139300,0.0069863000,0.0070021600
2024-06-28,0.0009588000,0.0010975100,0.0017961000,0.0024754100,0.0029840400,0.0035366300,0.0047236000,0.0060805000,0.0070841500,0.0071445300,0.0071753000
2024-06-27,0.0009916700,0.0011477300,0.0017774900,0.0024793700,0.0029451000,0.0035458300,0.0046812400,0.0060777900,0.0070757400,0.0071360800,0.0071649400
2024-06-26,0.0009468100,0.0011019600,0.0017932400,0.0024559000,0.0029708800,0.0035186800,0.0047160600,0.0060556500,0.0070437200,0.0071050600,0.0071284000
2024-06-25,0.0009374700,0.0010922100,0.0017440100,0.0024133600,0.0028851300,0.0034664300,0.0046217000,0.0060131500,0.0070059300,0.0070815500,0.0070922400
2024-06-24,0.0009215000,0.0010997100,0.0017342700,0.0024036900,0.0028838700,0.0034725900,0.0046265800,0.0060159000,0.0070174600,0.0070895700,0.0071017700
2024-06-21,0.0009447200,0.0011270000,0.0017671100,0.0024380100,0.0029223700,0.0035163200,0.0046714600,0.0060531100,0.0070558700,0.0071100700,0.0071249300
2024-06-20,0.0008990300,0.0010672200,0.0017315300,0.0023804200,0.0028872600,0.0034386000,0.0046351700,0.0059840300,0.0069723300,0.0070070800,0.0070155000
2024-06-19,0.0008975300,0.0010677900,0.0017358300,0.0023889500,0.0028886800,0.0034540000,0.0046374300,0.0059962400,0.0069784400,0.0069695500,0.0069213300
2024-06-18,0.0008930200,0.0010840700,0.0017404500,0.0024065900,0.0028927700,0.0034860600,0.0046467900,0.0060338500,0.0070254900,0.0070873900,0.0071133000
2024-06-17,0.0009463300,0.0011409300,0.0018542900,0.0025270100,0.0030480100,0.0036351100,0.0048176800,0.0061927400,0.0072098200,0.0072833100,0.0072994100
2024-06-14,0.0009770700,0.0011657000,0.0018163100,0.0024898700,0.0029721400,0.0035906100,0.0047218900,0.0061351200,0.0071588300,0.0072170900,0.0072444600
2024-06-13,0.0008566200,0.0010370400,0.0016631700,0.0022673700,0.0027448900,0.0032632000,0.0044470300,0.0058139900,0.0068033300,0.0068652500,0.0068876900
2024-06-12,0.0008255200,0.0009926100,0.0015889100,0.0021912600,0.0026198500,0.0031403500,0.0043000900,0.0056919600,0.0066668400,0.0067400800,0.0067468000
2024-06-11,0.0008531000,0.0010244000,0.0016657800,0.0022786100,0.0027172000,0.0032284600,0.0044160900,0.0057817600,0.0067595900,0.0068327200,0.0068393200
2024-06-10,0.0008222600,0.0009876200,0.0015589200,0.0021564200,0.0025679500,0.0030860100,0.0042332500,0.0056229700,0.0065996400,0.0066729500,0.0066805200
2024-06-07,0.0008086100,0.0009767500,0.0015546200,0.0021481900,0.0025370200,0.0030430000,0.0042293500,0.0056406200,0.0066378800,0.0067133900,0.0067224200
2024-06-06,0.0007931600,0.0009619300,0.0015113100,0.0021081800,0.0025036000,0.0030248200,0.0042023800,0.0056175300,0.0066109500,0.0066848800,0.0066926100
2024-06-05,0.0008004900,0.0009622900,0.0015009900,0.0020806200,0.0024896900,0.0030079400,0.0041790000,0.0056001900,0.0065969300,0.0066719000,0.0066807400
2024-06-04,0.0008035300,0.0009608600,0.0014798800,0.0020616500,0.0024696000,0.0029755900,0.0041588600,0.0055852400,0.0065884700,0.0066651400,0.0066769800
2024-06-03,0.0007581700,0.0009135900,0.0014561100,0.0020068500,0.0024433500,0.0029437000,0.0041364800,0.0055303800,0.0065283600,0.0065987000,0.0066142800
2024-05-31,0.0007797300,0.0009353800,0.0014320600,0.0019987400,0.0023853200,0.0029134300,0.0040530300,0.0054800000,0.0064706300,0.0065256400,0.0065538500
2024-05-30,0.0007472200,0.0009008700,0.0014953700,0.0020693900,0.0024457900,0.0029246500,0.0040952200,0.0053020200,0.0062516400,0.0063071000,0.0063322100
2024-05-29,0.0007968500,0.0009603800,0.0014544800,0.0020176700,0.0024136100,0.0029293500,0.0040865200,0.0054925600,0.0064575800,0.0065149500,0.0065292900
2024-05-28,0.0007623500,0.0009181000,0.0014324400,0.0019696900,0.0023634400,0.0028860600,0.0040445900,0.0054190700,0.0063611200,0.0063994600,0.0063989100
2024-05-27,0.0007873800,0.0009289900,0.0014702700,0.0019532900,0.0024086900,0.0029120400,0.0041069800,0.0054340200,0.0063741800,0.0063644500,0.0063084500
2024-05-24,0.0007638800,0.0009163400,0.0014719600,0.0019557900,0.0024240600,0.0029366900,0.0041571900,0.0054693500,0.0064258100,0.0064960900,0.0065031300
2024-05-23,0.0008448000,0.0010075600,0.0014724300,0.0019842200,0.0023799100,0.0029467500,0.0041226900,0.0054903300,0.0064502400,0.0065244200,0.0065367200
2024-05-22,0.0008401500,0.0009954000,0.0014410200,0.0019539400,0.0023539100,0.0029263800,0.0040684500,0.0054647300,0.0064305900,0.0064965000,0.0065081700
2024-05-21,0.0007683500,0.0009120900,0.0014349700,0.0019662100,0.0024021800,0.0029196300,0.0040777800,0.0054608200,0.0064321400,0.0064873000,0.0065128200
2024-05-20,0.0007598500,0.0009115700,0.0014410300,0.0019917700,0.0024116700,0.0029238500,0.0040786600,0.0054752400,0.0064452100,0.0065016500,0.0065176700
2024-05-17,0.0007807700,0.0009233400,0.0014764400,0.0020135500,0.0024520300,0.0029661800,0.0041415600,0.0055165800,0.0064841000,0.0065449900,0.0065711700
2024-05-16,0.0008110300,0.0009600000,0.0014732600,0.0020312900,0.0024481500,0.0029814700,0.0041304400,0.0055398900,0.0064968900,0.0065723900,0.0065917400
2024-05-15,0.0008015500,0.0009598000,0.0014711800,0.0020217700,0.0024279300,0.0029511700,0.0041099300,0.0055130900,0.0064653500,0.0065292300,0.0065626200
2024-05-14,0.0008330700,0.0010037200,0.0015142800,0.0020993400,0.0024681000,0.0030118300,0.0041554300,0.0055905200,0.0065097200,0.0065877800,0.0066272300
2024-05-13,0.0008200200,0.0009998100,0.0015138800,0.0020860800,0.0024818500,0.0030238200,0.0041983900,0.0055959200,0.0064362000,0.0065373100,0.0065832300
2024-05-10,0.0008182400,0.0010017600,0.0015128900,0.0020831300,0.0024803700,0.0030248600,0.0041865200,0.0055968900,0.0063197500,0.0064241700,0.0064787200
2024-05-09,0.0007825800,0.0009584500,0.0015000800,0.0020708200,0.0025305700,0.0030365000,0.0041904800,0.0055968900,0.0063183800,0.0064232900,0.0064779400
2024-05-08,0.0008078800,0.0009916400,0.0015039100,0.0020918500,0.0025171100,0.0030578800,0.0042070700,0.0056199500,0.0063430900,0.0064484200,0.0065034700
2024-05-07,0.0007958000,0.0009807300,0.0014963400,0.0021010900,0.0025371600,0.0030724400,0.0042190700,0.0056328200,0.0063559300,0.0064621200,0.0065176900
2024-05-06,0.0008154500,0.0010016400,0.0015736700,0.0021954200,0.0026569000,0.0031837400,0.0043544700,0.0057308100,0.0064497300,0.0065539000,0.0066081800
2024-05-03,0.0008085600,0.0009949200,0.0015530100,0.0021824200,0.0026277600,0.0031721700,0.0043299700,0.0057273200,0.0064465100,0.0065504400,0.0066045700
2024-05-02,0.0008290700,0.0010156200,0.0016500700,0.0022731500,0.0027621900,0.0032901400,0.0044814600,0.0058368400,0.0065650100,0.0066701200,0.0067262600
2024-05-01,0.0008382600,0.0010228500,0.0016297200,0.0023132900,0.0027732900,0.0033335900,0.0045200800,0.0058728500,0.0066067500,0.0067079200,0.0067639800
2024-04-30,0.0008475400,0.0010359400,0.0016168100,0.0022416800,0.0027058900,0.0032700900,0.0044150700,0.0057743100,0.0065166500,0.0066035600,0.0066587300
2024-04-29,0.0008557600,0.0010480800,0.0016093800,0.0022444200,0.0027040400,0.0032760800,0.0044211800,0.0057741600,0.0065137800,0.0066019500,0.0066571500
2024-04-26,0.0008586100,0.0010552600,0.0016483400,0.0022774800,0.0027313400,0.0033095600,0.0044656300,0.0058086600,0.0065392200,0.0066297400,0.0066837200
2024-04-25,0.0008793600,0.0010737400,0.0017127900,0.0023617000,0.0028546300,0.0034152300,0.0045962100,0.0059577300,0.0066931800,0.0068001800,0.0068537000
2024-04-24,0.0008676100,0.0010620300,0.0016575700,0.0023088600,0.0027827100,0.0033652100,0.0045305800,0.0059178000,0.0066645200,0.0067646700,0.0068088500
2024-04-23,0.0008670300,0.0010638300,0.0016590100,0.0023133300,0.0027918200,0.0033743500,0.0045451200,0.0059277700,0.0066725500,0.0067622400,0.0068201400
2024-04-22,0.0008896800,0.0010898000,0.0017688100,0.0024433500,0.0029579700,0.0035243400,0.0047349400,0.0060740800,0.0068191500,0.0069091100,0.0069676900
2024-04-19,0.0009227900,0.0011179600,0.0018005700,0.0024756800,0.0030134000,0.0035798400,0.0048039400,0.0061318700,0.0068660600,0.0069579700,0.0070148100
2024-04-18,0.0009364500,0.0011367000,0.0018002600,0.0024908200,0.0030053600,0.0036032800,0.0047964200,0.0061576200,0.0068800300,0.0069856000,0.0070422700
2024-04-17,0.0009590300,0.0011676200,0.0018401400,0.0025473600,0.0030542400,0.0036763000,0.0048529600,0.0061897100,0.0069220600,0.0070290400,0.0070869500
2024-04-16,0.0009815300,0.0011865900,0.0018817300,0.0025741100,0.0030948600,0.0036958700,0.0048854300,0.0062452900,0.0069990100,0.0071057200,0.0071650700
2024-04-15,0.0009138800,0.0011127100,0.0017205400,0.0023732200,0.0028533900,0.0034414500,0.0046213700,0.0059973400,0.0067647300,0.0068601500,0.0069162100
2024-04-12,0.0008900800,0.0010851000,0.0016728300,0.0023133500,0.0027926000,0.0033605700,0.0045326000,0.0059138500,0.0066772300,0.0067805600,0.0068269900
2024-04-11,0.0008676800,0.0010572400,0.0016246400,0.0022651000,0.0027248000,0.0032906800,0.0044738100,0.0058053600,0.0065603100,0.0066507100,0.0067087200
2024-04-10,0.0008517700,0.0010322600,0.0015879300,0.0022085700,0.0026634100,0.0032107300,0.0043976700,0.0057379200,0.0064870300,0.0065800600,0.0066372700
2024-04-09,0.0008493400,0.0010393700,0.0016004900,0.0022316100,0.0026715200,0.0032387600,0.0043967200,0.0058003500,0.0065510100,0.0066578700,0.0067147300
2024-04-08,0.0008612600,0.0010433400,0.0016092400,0.0022326400,0.0027004100,0.0032656600,0.0044249000,0.0058246000,0.0065600900,0.0066687300,0.0067270200
2024-04-05,0.0008560600,0.0010452000,0.0015883300,0.0022679500,0.0027342600,0.0033086500,0.0044552900,0.0058659100,0.0066010800,0.0067093800,0.0067671900
2024-04-04,0.0008464200,0.0010330000,0.0016297600,0.0022400700,0.0027079000,0.0032652800,0.0044531200,0.0058318400,0.0065574800,0.0066606200,0.0067161700
2024-04-03,0.0008726900,0.0010649600,0.0016640100,0.0022772000,0.0027603200,0.0033188700,0.0045027800,0.0058902500,0.0066411200,0.0067440200,0.0068023900
2024-04-02,0.0008665500,0.0010650300,0.0016755300,0.0022903300,0.0027681400,0.0033398100,0.0045033200,0.0058821200,0.0066463500,0.0067501700,0.0068246700
2024-04-01,0.0007981400,0.0009962500,0.0016440300,0.0022485300,0.0027553100,0.0033067600,0.0045213900,0.0057997100,0.0065532500,0.0066429400,0.0068480300
2024-03-29,0.0008217700,0.0010072600,0.0016480000,0.0022599100,0.0027518800,0.0033049200,0.0045074900,0.0058097500,0.0065641500,0.0066542300,0.0067125700
2024-03-28,0.0009132600,0.0011192200,0.0016457900,0.0022966200,0.0026984400,0.0032914300,0.0044007800,0.0058678600,0.0066272700,0.0067191100,0.0067776800
2024-03-27,0.0008694800,0.0010637900,0.0016893800,0.0023365000,0.0027636000,0.0033202800,0.0044972400,0.0058079900,0.0065572500,0.0066519900,0.0067092700
2024-03-26,0.0008762200,0.0010671900,0.0016873400,0.0023422600,0.0027660100,0.0033230800,0.0045058200,0.0057887200,0.0065252700,0.0066332300,0.0066875700
2024-03-25,0.0008308400,0.0010011800,0.0017172400,0.0023437900,0.0028052700,0.0033373200,0.0045577100,0.0058907000,0.0066511700,0.0067589100,0.0068019400
2024-03-22,0.0008504600,0.0010422900,0.0016932200,0.0023045200,0.0028030100,0.0033427800,0.0045486800,0.0058974500,0.0066627100,0.0067740100,0.0068213100
2024-03-21,0.0008441400,0.0010395000,0.0016831600,0.0022810000,0.0027599900,0.0033069600,0.0044884100,0.0058590300,0.0065977300,0.0067063100,0.0067583400
2024-03-20,0.0008704100,0.0010772000,0.0016985600,0.0022901500,0.0027889600,0.0033587700,0.0045543700,0.0058928100,0.0066002000,0.0066920300,0.0067526400
2024-03-19,0.0007759500,0.0009141800,0.0015018600,0.0020617700,0.0025518700,0.0030324800,0.0042769300,0.0056436900,0.0063181000,0.0063387400,0.0063315500
2024-03-18,0.0007361800,0.0008642000,0.0014426100,0.0019826200,0.0024041700,0.0028519200,0.0041132100,0.0054693400,0.0061661400,0.0061988800,0.0062052300
2024-03-15,0.0007307300,0.0008635300,0.0014334600,0.0019676000,0.0024387000,0.0029057500,0.0041515600,0.0055143400,0.0062733900,0.0063707600,0.0064107200
2024-03-14,0.0007205500,0.0008626100,0.0014238400,0.0019620200,0.0024102500,0.0028711400,0.0041195100,0.0054706400,0.0062238900,0.0063110600,0.0063604800
2024-03-13,0.0007172000,0.0008581900,0.0014115500,0.0019690400,0.0024192600,0.0028858000,0.0041294500,0.0054739500,0.0062297100,0.0063299400,0.0063700300
2024-03-12,0.0007513700,0.0008949500,0.0014774700,0.0020539800,0.0025129400,0.0029944100,0.0042579600,0.0056559000,0.0064349200,0.0065401900,0.0065949000
2024-03-11,0.0007404300,0.0008748600,0.0014778900,0.0020411000,0.0024887000,0.0029298500,0.0041716200,0.0055349500,0.0062937800,0.0063962100,0.0064495600
2024-03-08,0.0007474100,0.0008890400,0.0015158300,0.0021205700,0.0025611400,0.0029817000,0.0041849400,0.0055921500,0.0063586400,0.0064651600,0.0065255200
2024-03-07,0.0007217800,0.0008533300,0.0014275200,0.0019927100,0.0024587200,0.0028920600,0.0041419800,0.0054974000,0.0062564400,0.0063719700,0.0064601200
2024-03-06,0.0007253213,0.0008639144,0.0014462866,0.0020387140,0.0024748074,0.0029304255,0.0041675312,0.0055501519,0.0063030017,0.0064136090,0.0064852262
2024-03-05,0.0007288800,0.0008746300,0.0014653000,0.0020857800,0.0024910000,0.0029693000,0.0041932400,0.0056034100,0.0063499100,0.0064555200,0.0065104300
2024-03-04,0.0007095600,0.0008697400,0.0014756500,0.0020939000,0.0024982500,0.0029868300,0.0041821200,0.0056336700,0.0063840800,0.0064878300,0.0065415400
2024-03-01,0.0007312000,0.0008855100,0.0014934500,0.0021030200,0.0025533000,0.0030224300,0.0042612300,0.0056589300,0.0064257700,0.0065285800,0.0065809200
2024-02-29,0.0007028800,0.0008633500,0.0014674600,0.0020584100,0.0024991200,0.0029515800,0.0042312900,0.0056627100,0.0064304100,0.0065334100,0.0065835300
2024-02-28,0.0007006200,0.0008585500,0.0014820300,0.0020516500,0.0024868600,0.0029496200,0.0042389300,0.0055922200,0.0063459600,0.0064477700,0.0064883000
2024-02-27,0.0007249300,0.0008778900,0.0014709100,0.0020423200,0.0025055000,0.0029676800,0.0042402600,0.0055976600,0.0063370500,0.0064384800,0.0064875200
2024-02-26,0.0007229200,0.0008748900,0.0014918200,0.0020899800,0.0025116600,0.0029801600,0.0042599300,0.0056128400,0.0063696400,0.0064697300,0.0065071500
2024-02-23,0.0007144500,0.0008680000,0.0014447300,0.0020283600,0.0024879200,0.0029329000,0.0042263400,0.0056003500,0.0063576100,0.0064569800,0.0064963900
2024-02-22,0.0007088400,0.0008639200,0.0014593600,0.0020518600,0.0025066300,0.0029659100,0.0042301100,0.0056153500,0.0063726900,0.0064692100,0.0065113200
2024-02-21,0.0007463700,0.0009154200,0.0015324900,0.0021265000,0.0025990200,0.0030726600,0.0043451800,0.0056897500,0.0064475800,0.0065322100,0.0065861500
2024-02-20,0.0007580300,0.0009188500,0.0015024400,0.0021108800,0.0026024900,0.0030712200,0.0043335500,0.0056973900,0.0064587000,0.0065468000,0.0066012400
2024-02-19,0.0007155200,0.0008794400,0.0014401100,0.0020152800,0.0025118000,0.0029733500,0.0043022100,0.0056210200,0.0063772700,0.0064753200,0.0065287300
2024-02-16,0.0007040100,0.0008590700,0.0014489000,0.0020299100,0.0025141000,0.0029664800,0.0042685600,0.0056097300,0.0063604200,0.0064496400,0.0065045300
2024-02-15,0.0007346100,0.0009026600,0.0014825700,0.0020805300,0.0025960700,0.0030570300,0.0043722200,0.0056933100,0.0064334500,0.0065366600,0.0065919000
2024-02-14,0.0007510700,0.0009212000,0.0015201700,0.0021069800,0.0026159500,0.0030891700,0.0043907000,0.0056553300,0.0063930100,0.0064937600,0.0065479500
2024-02-13,0.0007691100,0.0009320900,0.0015523500,0.0021457000,0.0026440500,0.0031221400,0.0044081400,0.0056884100,0.0064427500,0.0065405300,0.0065936300
2024-02-12,0.0007664700,0.0009377900,0.0015745100,0.0021644800,0.0026298900,0.0031084700,0.0043701300,0.0057317200,0.0064886500,0.0065792600,0.0066319900
2024-02-09,0.0007683200,0.0009408100,0.0015576500,0.0021653200,0.0026351200,0.0031043700,0.0043871300,0.0057404900,0.0064932700,0.0065990000,0.0066422200
2024-02-08,0.0007790600,0.0009532700,0.0015475300,0.0021538300,0.0026481000,0.0031388600,0.0044095800,0.0056860700,0.0064222300,0.0065419200,0.0066013500
2024-02-07,0.0007608100,0.0009324900,0.0015268200,0.0021269600,0.0026438300,0.0031385400,0.0044750000,0.0057228500,0.0064833900,0.0066601700,0.0067014900
2024-02-06,0.0007660700,0.0009410300,0.0015507500,0.0021339200,0.0026343600,0.0031339800,0.0044407600,0.0056804600,0.0064385000,0.0066145500,0.0066556000
2024-02-05,0.0007729600,0.0009465300,0.0015827800,0.0021750400,0.0026455900,0.0031457700,0.0044757600,0.0057509700,0.0065196700,0.0066985700,0.0067411500
2024-02-02,0.0007437700,0.0009110500,0.0015417700,0.0021322600,0.0025923800,0.0030702900,0.0043885800,0.0056843100,0.0064437000,0.0066200000,0.0066617300
2024-02-01,0.0007685700,0.0009306000,0.0015597800,0.0021422200,0.0026291900,0.0031158700,0.0044635500,0.0057396000,0.0065047600,0.0066822900,0.0067238800
2024-01-31,0.0007816300,0.0009545800,0.0015599900,0.0021370900,0.0026286500,0.0031137300,0.0044521900,0.0056942400,0.0064587400,0.0066359400,0.0066775100
2024-01-30,0.0007177000,0.0008805800,0.0014602700,0.0020205600,0.0024972600,0.0029444900,0.0043003200,0.0055150800,0.0062590300,0.0064303900,0.0064697600
2024-01-29,0.0007204600,0.0008833500,0.0014774100,0.0020550000,0.0025184400,0.0029815100,0.0043375100,0.0056037900,0.0063600800,0.0065332100,0.0065729400
2024-01-26,0.0007402300,0.0008985400,0.0014825700,0.0020477000,0.0025231900,0.0029927700,0.0043345700,0.0055635200,0.0063165600,0.0064896400,0.0065294500
2024-01-25,0.0007344100,0.0008999100,0.0015026400,0.0020544300,0.0025238900,0.0029881300,0.0043384600,0.0055965200,0.0063476600,0.0065212200,0.0065614200
2024-01-24,0.0007215100,0.0008822700,0.0014692400,0.0020187600,0.0024862700,0.0029451700,0.0043175200,0.0055257300,0.0062562100,0.0064260300,0.0064643600
2024-01-23,0.0006827100,0.0008397900,0.0013962100,0.0019170900,0.0023962700,0.0028451900,0.0042658300,0.0054005200,0.0061072300,0.0062774400,0.0063168800
2024-01-22,0.0006776700,0.0008326200,0.0013886900,0.0019117000,0.0023888600,0.0028447300,0.0042260500,0.0054615000,0.0061692400,0.0063390400,0.0063769200
2024-01-19,0.0007127500,0.0008645000,0.0014221500,0.0019604000,0.0024451900,0.0029005300,0.0043034400,0.0055152400,0.0062363100,0.0064055700,0.0064425800
2024-01-18,0.0007267900,0.0008887300,0.0014683700,0.0019955200,0.0024828200,0.0029492800,0.0043229800,0.0055860200,0.0063071400,0.0064812800,0.0065210100
2024-01-17,0.0007635200,0.0009197300,0.0015039000,0.0020293100,0.0025287600,0.0030036700,0.0043739600,0.0056330100,0.0063696400,0.0065450300,0.0065844800
2024-01-16,0.0007209800,0.0008802200,0.0014375100,0.0019540800,0.0024232100,0.0028831500,0.0042543300,0.0055071200,0.0062221000,0.0063997800,0.0064383600
2024-01-15,0.0007022900,0.0008501500,0.0014086000,0.0019138400,0.0023826800,0.0028296700,0.0041617200,0.0054402400,0.0061554300,0.0063435500,0.0063806300
2024-01-12,0.0006795900,0.0008246700,0.0013689100,0.0018736800,0.0023471500,0.0027982900,0.0041433300,0.0054175400,0.0061387200,0.0063236700,0.0063617500
2024-01-11,0.0006584300,0.0008102100,0.0013480100,0.0018639700,0.0023341600,0.0027714900,0.0041090000,0.0053726300,0.0061031600,0.0062736400,0.0063127300
2024-01-10,0.0006860300,0.0008345500,0.0013799800,0.0018932000,0.0023835900,0.0028424200,0.0042198600,0.0054754400,0.0062086700,0.0063820700,0.0064220800
2024-01-09,0.0007119400,0.0008648000,0.0014383400,0.0019699700,0.0024680100,0.0029460500,0.0043159000,0.0055756800,0.0063010100,0.0064777300,0.0065198900
2024-01-08,0.0007443600,0.0009097100,0.0015049100,0.0020502500,0.0025569500,0.0030465900,0.0044335700,0.0056814400,0.0064104500,0.0065859100,0.0066250700
2024-01-05,0.0007756800,0.0009436600,0.0015401700,0.0020924400,0.0026155900,0.0031146800,0.0045163000,0.0057543000,0.0064809800,0.0066690200,0.0067100300
2024-01-04,0.0007834500,0.0009429000,0.0015567100,0.0021111600,0.0026286300,0.0031282600,0.0045225800,0.0057699200,0.0065062400,0.0066806600,0.0067225800
2024-01-03,0.0008092100,0.0009682100,0.0015725200,0.0021189500,0.0026313800,0.0031374800,0.0045222900,0.0057805200,0.0065052700,0.0066826100,0.0067269400
2024-01-02,0.0007001400,0.0008469300,0.0013911800,0.0019005100,0.0023653400,0.0028211000,0.0041915300,0.0053507100,0.0060167200,0.0061769900,0.0062111100
2024-01-01,0.0006495700,0.0007954200,0.0013292000,0.0018104700,0.0022993200,0.0027653200,0.0041436200,0.0052973300,0.0059574100,0.0061160400,0.0061496300
2023-12-29,0.0006713100,0.0008112400,0.0013497400,0.0018359300,0.0023119500,0.0027483100,0.0041621900,0.0053166900,0.0059791600,0.0061384500,0.0061724200
2023-12-28,0.0006437900,0.0007808800,0.0013275000,0.0017958200,0.0022751900,0.0027248500,0.0040939400,0.0053135300,0.0059758500,0.0061343200,0.0061686000
2023-12-27,0.0006812200,0.0008233700,0.0013672100,0.0018656900,0.0023541100,0.0028240800,0.0042206300,0.0053762000,0.0060429600,0.0062032000,0.0062381400
2023-12-26,0.0006684900,0.0008067500,0.0013723200,0.0018603400,0.0023838700,0.0028771100,0.0042624100,0.0053575800,0.0060207000,0.0061806700,0.0062157400
2023-12-25,0.0006700100,0.0008086000,0.0013710700,0.0018599300,0.0023777600,0.0028637600,0.0042479800,0.0053723000,0.0060353700,0.0061960300,0.0062314300
2023-12-22,0.0006755400,0.0008164000,0.0013643300,0.0018606400,0.0023587000,0.0028134600,0.0042071500,0.0054445100,0.0061096100,0.0062726400,0.0063095100
2023-12-21,0.0007078000,0.0008545200,0.0014029900,0.0019179100,0.0024093400,0.0028760400,0.0042673100,0.0054534600,0.0060972100,0.0062584400,0.0062960600
2023-12-20,0.0006747000,0.0008278400,0.0013452200,0.0018660700,0.0023651900,0.0028286500,0.0042268400,0.0054708100,0.0061105500,0.0062587400,0.0062926100
2023-12-19,0.0006699500,0.0008342300,0.0013907400,0.0019166800,0.0024100200,0.0028766600,0.0042807500,0.0054468800,0.0060360500,0.0061591400,0.0061485300
2023-12-18,0.0007027300,0.0008735900,0.0014174600,0.0019354300,0.0024433100,0.0029161500,0.0043629000,0.0055253500,0.0061477300,0.0062802800,0.0062756700
2023-12-15,0.0006859200,0.0008582200,0.0013931700,0.0019117300,0.0024232700,0.0028960300,0.0043381000,0.0054830700,0.0061295000,0.0063033800,0.0063376200
2023-12-14,0.0006760500,0.0008521000,0.0014042900,0.0019333400,0.0024392700,0.0029163000,0.0043402800,0.0054381300,0.0060917800,0.0062507700,0.0062858600
2023-12-13,0.0007644200,0.0009522900,0.0015850800,0.0021485500,0.0026860400,0.0031965500,0.0046363600,0.0057614800,0.0064301200,0.0065931200,0.0066304800
2023-12-12,0.0007771600,0.0009635700,0.0016314500,0.0021929800,0.0027388800,0.0032419100,0.0047054100,0.0057983700,0.0064674000,0.0066310000,0.0066686300
2023-12-11,0.0007888500,0.0009809200,0.0016116600,0.0021754400,0.0027192200,0.0032426700,0.0046821900,0.0058683000,0.0065437500,0.0067099900,0.0067487600
2023-12-08,0.0007816600,0.0009700500,0.0016141600,0.0021798600,0.0027327300,0.0032625900,0.0046886500,0.0058686400,0.0065330300,0.0067003500,0.0067398600
2023-12-07,0.0007804300,0.0009694600,0.0016079700,0.0021937400,0.0027318300,0.0032561700,0.0046578800,0.0057728400,0.0064415300,0.0066057300,0.0066439200
2023-12-06,0.0007616300,0.0009486200,0.0016189700,0.0021847200,0.0027381600,0.0032526700,0.0046842000,0.0058195100,0.0064913700,0.0066613100,0.0067035800
2023-12-05,0.0007691200,0.0009545900,0.0016495600,0.0022112900,0.0027807900,0.0033118000,0.0047725800,0.0058984000,0.0065821800,0.0067762100,0.0068424800
2023-12-04,0.0008008100,0.0009939600,0.0016077200,0.0022058700,0.0027547100,0.0033011800,0.0047194200,0.0058846800,0.0065652600,0.0067422500,0.0067708000
2023-12-01,0.0007903900,0.0009840400,0.0016112400,0.0022033000,0.0027623000,0.0033054400,0.0047332500,0.0058955400,0.0065765600,0.0067541000,0.0067905500
2023-11-30,0.0007977200,0.0010059400,0.0016533000,0.0022724800,0.0028320600,0.0033782300,0.0048046700,0.0059388600,0.0066213000,0.0067874300,0.0068242600
2023-11-29,0.0007966400,0.0010183800,0.0016845100,0.0023170300,0.0028745900,0.0034293700,0.0048282300,0.0059466400,0.0066355900,0.0068015700,0.0068373100
2023-11-28,0.0009408400,0.0011516000,0.0018978000,0.0025867500,0.0031884400,0.0037968400,0.0052415700,0.0064101000,0.0071073500,0.0072928700,0.0073327000
2023-11-27,0.0009252800,0.0011280800,0.0018594100,0.0025373500,0.0031327300,0.0037305000,0.0051437900,0.0063035500,0.0069957300,0.0071771800,0.0072155900
2023-11-24,0.0009118100,0.0011145200,0.0018353700,0.0025111500,0.0031183700,0.0037183300,0.0051071900,0.0062442900,0.0069273300,0.0070972300,0.0071334100
2023-11-23,0.0009177600,0.0011238400,0.0018646500,0.0025436100,0.0031611300,0.0037502200,0.0051566600,0.0063014700,0.0069889200,0.0071724200,0.0071967700
2023-11-22,0.0009371900,0.0011470000,0.0019122200,0.0026028600,0.0032345400,0.0038266700,0.0052375500,0.0063905200,0.0070806700,0.0072645600,0.0072899100
2023-11-21,0.0009944100,0.0012084800,0.0020254000,0.0027437200,0.0033889100,0.0040299400,0.0054540000,0.0066152900,0.0073196800,0.0075024400,0.0075307500
2023-11-20,0.0010081700,0.0012257300,0.0020488300,0.0027820000,0.0034398600,0.0040945300,0.0055085500,0.0066694800,0.0073943400,0.0075677000,0.0076048300
2023-11-17,0.0010273100,0.0012495200,0.0020789100,0.0028324400,0.0034940100,0.0041641000,0.0055737700,0.0067221900,0.0074504200,0.0076361700,0.0076618500
2023-11-16,0.0010698900,0.0012975000,0.0021721200,0.0029480500,0.0036261100,0.0043020700,0.0057560800,0.0068909100,0.0076371400,0.0078264000,0.0078531200
2023-11-15,0.0010506400,0.0012811900,0.0021390800,0.0029123200,0.0035961900,0.0042815700,0.0056703600,0.0068219200,0.0075922300,0.0077892000,0.0078215700
2023-11-14,0.0010505800,0.0012982300,0.0021713400,0.0029683700,0.0036634700,0.0043615800,0.0057382500,0.0068878900,0.0077159900,0.0079686900,0.0080016700
2023-11-13,0.0011175100,0.0013812000,0.0023088300,0.0031455500,0.0038719300,0.0046112100,0.0059920400,0.0071499200,0.0081588600,0.0085757400,0.0086732800
2023-11-10,0.0011715500,0.0014511700,0.0023821900,0.0032403800,0.0039947900,0.0047467800,0.0061306900,0.0073196400,0.0083280300,0.0087604600,0.0088610800
2023-11-09,0.0011527300,0.0014328600,0.0023630700,0.0032207700,0.0039784300,0.0047181400,0.0060921000,0.0072446300,0.0082356400,0.0086530800,0.0087516900
2023-11-08,0.0011699200,0.0014587200,0.0023912100,0.0032687700,0.0040433200,0.0047955800,0.0061634600,0.0072942400,0.0082807200,0.0087074100,0.0088052700
2023-11-07,0.0012330800,0.0015307700,0.0024674000,0.0033738500,0.0041751300,0.0049616800,0.0063521800,0.0074973300,0.0084986100,0.0089265600,0.0090272800
2023-11-06,0.0012065300,0.0015008200,0.0024617200,0.0033713700,0.0041923600,0.0049791400,0.0063781700,0.0075283300,0.0085344000,0.0089531000,0.0090546500
2023-11-03,0.0012284300,0.0015369900,0.0025128800,0.0034241600,0.0042485000,0.0050399300,0.0064081100,0.0075479700,0.0085523800,0.0089795400,0.0090809400
2023-11-02,0.0012423000,0.0015512700,0.0025487300,0.0034918600,0.0043418200,0.0051669200,0.0065252400,0.0076705300,0.0086766000,0.0090933700,0.0091965000
2023-11-01,0.0013452500,0.0016707900,0.0027586700,0.0037412000,0.0046183000,0.0054747600,0.0068267200,0.0079729600,0.0089877600,0.0094071900,0.0095119900
2023-10-31,0.0013792000,0.0017178300,0.0028263600,0.0038384100,0.0047347100,0.0056098200,0.0069592000,0.0080996000,0.0091195100,0.0095479500,0.0096548100
2023-10-30,0.0014487200,0.0017842200,0.0029299800,0.0039545300,0.0048717400,0.0057716900,0.0071230500,0.0082721400,0.0093058500,0.0097228900,0.0098409000
2023-10-27,0.0014932400,0.0018315500,0.0029909900,0.0040056900,0.0049535300,0.0058634400,0.0072110600,0.0084004600,0.0094463800,0.0098693500,0.0099898300
2023-10-26,0.0015457200,0.0018740000,0.0030501600,0.0040790800,0.0050250100,0.0059381700,0.0072625600,0.0084264400,0.0094656300,0.0098925200,0.0100036900
2023-10-25,0.0013192300,0.0016240900,0.0026750300,0.0036348400,0.0044965400,0.0053337400,0.0065947400,0.0077347600,0.0087411000,0.0091570600,0.0092601400
2023-10-24,0.0012962400,0.0016045800,0.0026617500,0.0036143200,0.0044683500,0.0053001800,0.0065429700,0.0076704600,0.0086649700,0.0090796700,0.0091841200
2023-10-23,0.0014055900,0.0017234100,0.0028061700,0.0037784800,0.0046576500,0.0055475100,0.0067945900,0.0079419500,0.0089261700,0.0093396200,0.0094512700
2023-10-20,0.0014157600,0.0017274200,0.0027890500,0.0037507800,0.0046201800,0.0054921500,0.0067317200,0.0078806400,0.0087971200,0.0091532000,0.0092630400
2023-10-19,0.0014160300,0.0016969400,0.0027435600,0.0036729500,0.0045205100,0.0053852700,0.0066237400,0.0077769100,0.0085358300,0.0087168900,0.0087654300
2023-10-18,0.0013374100,0.0015977600,0.0026013800,0.0034766100,0.0042887000,0.0051095700,0.0063511600,0.0074875400,0.0082328700,0.0084115100,0.0084586200
2023-10-17,0.0012670100,0.0015147600,0.0025018200,0.0033543900,0.0041384800,0.0049146500,0.0061568600,0.0072880200,0.0080162200,0.0081940200,0.0082380100
2023-10-16,0.0012036800,0.0014493900,0.0023849100,0.0031982500,0.0039550900,0.0046864200,0.0059439100,0.0070717800,0.0077757100,0.0079634700,0.0080012500
2023-10-13,0.0011814200,0.0014304100,0.0023626700,0.0031706500,0.0039125800,0.0046392800,0.0058670800,0.0069936700,0.0077045200,0.0078920800,0.0079190600
2023-10-12,0.0011240000,0.0013593500,0.0022815500,0.0030591500,0.0037928200,0.0045010700,0.0057379800,0.0068512400,0.0075666000,0.0077499400,0.0077744500
2023-10-11,0.0011602600,0.0014088200,0.0023697600,0.0031876100,0.0039242600,0.0046322700,0.0058903900,0.0070122600,0.0077399500,0.0079266300,0.0079526100
2023-10-10,0.0011475200,0.0013951500,0.0023423300,0.0031494400,0.0038873100,0.0045904000,0.0058489200,0.0069685900,0.0076899800,0.0078754600,0.0079008500
2023-10-09,0.0012377600,0.0014833300,0.0024611700,0.0032860900,0.0040375200,0.0047465500,0.0060129600,0.0071357900,0.0078613600,0.0080498500,0.0080767900
2023-10-06,0.0011742000,0.0014212900,0.0023753100,0.0031755400,0.0038991800,0.0046027300,0.0058601700,0.0069983700,0.0077174000,0.0079077800,0.0079365900
2023-10-05,0.0011438900,0.0013850500,0.0022796100,0.0030574300,0.0037563400,0.0044384500,0.0056884100,0.0068288900,0.0075398900,0.0077243200,0.0077538400
2023-10-04,0.0010745700,0.0013077400,0.0021649500,0.0029128400,0.0035891200,0.0042400600,0.0054925700,0.0066208300,0.0073352800,0.0075071500,0.0075437200
2023-10-03,0.0010545000,0.0012767700,0.0021207700,0.0028548900,0.0035199200,0.0041633600,0.0054181600,0.0065429400,0.0072402200,0.0074253300,0.0074509900
2023-10-02,0.0010000600,0.0012259700,0.0020366800,0.0027476400,0.0033926400,0.0040344000,0.0052795800,0.0064052700,0.0070947600,0.0072772100,0.0073043000
2023-09-29,0.0009976000,0.0012265800,0.0020172000,0.0027244500,0.0033771900,0.0040126100,0.0052610100,0.0063765600,0.0070656600,0.0072450200,0.0072827400
2023-09-28,0.0010448000,0.0012716800,0.0020877900,0.0027980100,0.0034653800,0.0041185500,0.0053624600,0.0064895800,0.0071938800,0.0073643300,0.0073996800
2023-09-27,0.0010360100,0.0012816400,0.0020985900,0.0027965900,0.0034642400,0.0041328900,0.0053797700,0.0065269200,0.0072227700,0.0074090300,0.0074353400
2023-09-26,0.0010493900,0.0012838500,0.0021107400,0.0027932600,0.0034668200,0.0041312300,0.0053906800,0.0065239600,0.0072209000,0.0074082100,0.0074352500
2023-09-25,0.0010020900,0.0012393500,0.0020320000,0.0027101100,0.0033637900,0.0040154400,0.0052526400,0.0063706500,0.0070584200,0.0072436500,0.0072722800
2023-09-22,0.0009986900,0.0012371000,0.0020141600,0.0026674400,0.0033252400,0.0039810300,0.0052281800,0.0063795500,0.0070575900,0.0072427200,0.0072841200
2023-09-21,0.0009830600,0.0012211400,0.0019927900,0.0026495800,0.0032923900,0.0039386600,0.0051859000,0.0062998200,0.0069756300,0.0071445800,0.0071831300
2023-09-20,0.0010224300,0.0012943700,0.0019954800,0.0026208500,0.0032418200,0.0038819900,0.0050735700,0.0061558000,0.0067828700,0.0069441900,0.0069679100
2023-09-19,0.0009108400,0.0011035600,0.0018190800,0.0024290600,0.0030362300,0.0036212300,0.0048838900,0.0060389100,0.0066581800,0.0068019000,0.0068068600
2023-09-18,0.0009085100,0.0011016300,0.0018177300,0.0024319400,0.0030355500,0.0036161500,0.0048754100,0.0060274300,0.0066751200,0.0068212600,0.0068348500
2023-09-15,0.0009044000,0.0010956600,0.0018021600,0.0024093600,0.0030087700,0.0035847700,0.0048466200,0.0059888200,0.0066647300,0.0068314000,0.0068931900
2023-09-14,0.0009106900,0.0011020000,0.0018174600,0.0024457000,0.0030421100,0.0036201000,0.0048648300,0.0059966200,0.0066649000,0.0068443400,0.0069042500
2023-09-13,0.0009175700,0.0011078400,0.0018294900,0.0024519400,0.0030489900,0.0036396200,0.0048616900,0.0059587500,0.0066371000,0.0068084100,0.0068579800
2023-09-12,0.0009394500,0.0011337600,0.0018665200,0.0024970500,0.0031138000,0.0037361100,0.0049483700,0.0060800500,0.0067883300,0.0069512800,0.0070135200
2023-09-11,0.0009069300,0.0010973200,0.0018405300,0.0024773200,0.0030894200,0.0037050400,0.0049245600,0.0060829900,0.0067903100,0.0069580300,0.0070206700
2023-09-08,0.0009396700,0.0011341300,0.0018938700,0.0025296800,0.0031513400,0.0037579500,0.0049794300,0.0061481000,0.0068456200,0.0070287400,0.0070915700
2023-09-07,0.0009454900,0.0011397800,0.0019013600,0.0025366300,0.0031513800,0.0037584300,0.0049921700,0.0061477100,0.0068455000,0.0070288300,0.0070891700
2023-09-06,0.0009206500,0.0011121900,0.0018396000,0.0024673500,0.0030773600,0.0036701200,0.0048955200,0.0060313700,0.0067187500,0.0068985300,0.0069465700
2023-09-05,0.0009167400,0.0011106700,0.0018158100,0.0024490400,0.0030534500,0.0036496800,0.0048874600,0.0060287300,0.0067213400,0.0069027600,0.0069525800
2023-09-04,0.0008844400,0.0010728700,0.0017859000,0.0023967900,0.0029947700,0.0035880600,0.0048096600,0.0059423200,0.0066244500,0.0068024600,0.0068535600
2023-09-01,0.0009086600,0.0011002300,0.0018341700,0.0024609600,0.0030630600,0.0036534500,0.0049005000,0.0060607500,0.0067492800,0.0069274200,0.0069909100
2023-08-31,0.0009045300,0.0010943700,0.0018307400,0.0024602000,0.0030696400,0.0036579500,0.0048877600,0.0060229200,0.0067032600,0.0068716400,0.0069357800
2023-08-30,0.0009087600,0.0010996600,0.0018323200,0.0024769300,0.0030780500,0.0036668700,0.0048947800,0.0060286000,0.0067006500,0.0068828300,0.0069463400
2023-08-29,0.0009094200,0.0011013000,0.0018363900,0.0024737800,0.0030816900,0.0036745800,0.0048854800,0.0060075800,0.0066884700,0.0068675600,0.0069267100
2023-08-28,0.0009443600,0.0011377100,0.0019040300,0.0025411400,0.0031619100,0.0037759700,0.0049802600,0.0061453900,0.0068323500,0.0070130000,0.0070621900
2023-08-25,0.0009508900,0.0011449100,0.0019003900,0.0025494000,0.0031654900,0.0037764700,0.0049937600,0.0061591000,0.0068481000,0.0070293500,0.0070793400
2023-08-24,0.0009310900,0.0011228100,0.0018700600,0.0025218100,0.0031291500,0.0037349600,0.0049572800,0.0060931100,0.0067807800,0.0069615100,0.0070142500
2023-08-23,0.0009486800,0.0011435300,0.0018976800,0.0025544300,0.0031639500,0.0037693200,0.0049838400,0.0061085000,0.0067939400,0.0069740000,0.0070374000
2023-08-22,0.0009722900,0.0011714800,0.0019484000,0.0026128800,0.0032346500,0.0038616800,0.0050764200,0.0062188900,0.0069131400,0.0070954100,0.0071593400
2023-08-21,0.0009817400,0.0011883500,0.0019771200,0.0026261000,0.0032537000,0.0038701900,0.0050912400,0.0062373600,0.0069347400,0.0071171700,0.0071795600
2023-08-18,0.0009847700,0.0011846500,0.0019821300,0.0026199300,0.0032472900,0.0038460300,0.0050928700,0.0062445400,0.0069467800,0.0071310900,0.0071858400
2023-08-17,0.0009448300,0.0011422900,0.0019189200,0.0025495500,0.0031483700,0.0037407500,0.0049754800,0.0061166200,0.0068055300,0.0069857000,0.0070463000
2023-08-16,0.0009282400,0.0011224200,0.0018660600,0.0024876700,0.0030908900,0.0036785900,0.0049185300,0.0060591200,0.0067464000,0.0069266700,0.0069767100
2023-08-15,0.0009263100,0.0011195400,0.0018474700,0.0024366400,0.0030386900,0.0036099600,0.0048314100,0.0059767000,0.0066562300,0.0068342200,0.0068834300
2023-08-14,0.0008749500,0.0010614400,0.0017618500,0.0023561000,0.0029472200,0.0035368700,0.0047603800,0.0058907600,0.0065629700,0.0067364600,0.0067874800
2023-08-11,0.0008743800,0.0010607000,0.0017562500,0.0023437000,0.0029309800,0.0035162000,0.0047477000,0.0058862900,0.0065607600,0.0067239900,0.0067867600
2023-08-10,0.0008530600,0.0010417400,0.0017308900,0.0022889600,0.0028687400,0.0034474500,0.0046700400,0.0058183400,0.0064951300,0.0066625300,0.0067253200
2023-08-09,0.0008125200,0.0009984400,0.0016750800,0.0022302800,0.0027961700,0.0033579600,0.0045728800,0.0057070400,0.0063722300,0.0065518100,0.0066116800
2023-08-08,0.0008234100,0.0010075200,0.0016837700,0.0022463100,0.0028085400,0.0033663300,0.0045819400,0.0057066200,0.0063826500,0.0065600000,0.0066075000
2023-08-07,0.0008162800,0.0010005600,0.0016645100,0.0022149100,0.0027650900,0.0033126500,0.0045301900,0.0056642300,0.0063377400,0.0065146100,0.0065618000
2023-08-04,0.0007947800,0.0009751300,0.0016167000,0.0021445000,0.0027012000,0.0032541200,0.0044682900,0.0056078600,0.0062759900,0.0064523200,0.0065004700
2023-08-03,0.0008130500,0.0009883400,0.0016219500,0.0021493100,0.0027146700,0.0032749200,0.0045108400,0.0056590300,0.0063339400,0.0065119700,0.0065700800
2023-08-02,0.0008056700,0.0009871300,0.0016262700,0.0021681500,0.0027336400,0.0032699400,0.0045407700,0.0056939300,0.0063727100,0.0065517900,0.0066018600
2023-08-01,0.0007906100,0.0009736500,0.0015854600,0.0021215900,0.0026906800,0.0032164200,0.0045023300,0.0056600500,0.0063443000,0.0065247800,0.0065858100
2023-07-31,0.0007568400,0.0009359400,0.0015613800,0.0020900600,0.0026446200,0.0031742600,0.0044243000,0.0055793400,0.0062564300,0.0064342500,0.0064930000
2023-07-28,0.0007968000,0.0009820400,0.0016291800,0.0021875500,0.0027645000,0.0032361800,0.0045788400,0.0057849300,0.0064880700,0.0066709900,0.0067243800
2023-07-27,0.0007716500,0.0009540000,0.0015564000,0.0020662300,0.0026216400,0.0031648000,0.0043743200,0.0055135800,0.0061842400,0.0063499300,0.0064123400
2023-07-26,0.0007937200,0.0009698500,0.0016179700,0.0021556900,0.0027220200,0.0032689300,0.0045115600,0.0056955200,0.0063875400,0.0065732400,0.0066381100
2023-07-25,0.0008061200,0.0009668500,0.0016029500,0.0021401100,0.0026954600,0.0032520500,0.0044696800,0.0056037400,0.0062664500,0.0064473000,0.0065084900
2023-07-24,0.0008079600,0.0009771900,0.0015801700,0.0020993600,0.0026791000,0.0032595200,0.0044875300,0.0056223800,0.0062927700,0.0064677000,0.0065177800
2023-07-21,0.0007699400,0.0009339200,0.0015473600,0.0020654600,0.0026317000,0.0032002000,0.0044003300,0.0055466400,0.0062093800,0.0063733100,0.0064321200
2023-07-20,0.0008071500,0.0009852400,0.0016117800,0.0021310000,0.0027056600,0.0032302800,0.0044994100,0.0056494400,0.0063276000,0.0065080300,0.0065562500
2023-07-19,0.0007705900,0.0009569400,0.0015714600,0.0020949200,0.0026699400,0.0031889900,0.0044616400,0.0056151800,0.0062931300,0.0064738600,0.0065218800
2023-07-18,0.0007869000,0.0009765900,0.0016134400,0.0021428500,0.0027388000,0.0032723800,0.0045538600,0.0057342000,0.0064211600,0.0066041900,0.0066540000
2023-07-17,0.0008371600,0.0010326500,0.0016646900,0.0022031400,0.0028010100,0.0033562900,0.0046620200,0.0058477100,0.0065440800,0.0067298400,0.0067828300
2023-07-14,0.0008250200,0.0010176100,0.0016407800,0.0021646900,0.0027552800,0.0033011900,0.0046289700,0.0058480700,0.0065511200,0.0067376600,0.0067998200
2023-07-13,0.0007639300,0.0009504700,0.0015541600,0.0020873800,0.0026455600,0.0031798400,0.0044460300,0.0055982000,0.0062790300,0.0064553400,0.0065059200
2023-07-12,0.0007846800,0.0009719200,0.0016015500,0.0021386700,0.0027185300,0.0032799900,0.0045318500,0.0056735400,0.0063669100,0.0065339800,0.0065967000
2023-07-11,0.0008382900,0.0010284100,0.0016759100,0.0022278000,0.0028313300,0.0034342300,0.0046852700,0.0058529000,0.0065463200,0.0067319400,0.0067972100
2023-07-10,0.0008616700,0.0010545500,0.0017271600,0.0022954100,0.0029002100,0.0035025400,0.0047584700,0.0059338100,0.0066289800,0.0068152200,0.0068791000
2023-07-07,0.0008716900,0.0010624200,0.0017216500,0.0022971100,0.0029412100,0.0035771300,0.0049196300,0.0061678500,0.0068835900,0.0070756900,0.0071309800
2023-07-06,0.0008878400,0.0010826700,0.0017659500,0.0023199000,0.0029235300,0.0035127600,0.0047809800,0.0059672100,0.0066650700,0.0068520000,0.0069072100
2023-07-05,0.0008582200,0.0010504800,0.0017070500,0.0022457400,0.0028356700,0.0034302600,0.0046753900,0.0058546800,0.0065456200,0.0067323300,0.0067980500
2023-07-04,0.0008055500,0.0009909000,0.0016534500,0.0022085900,0.0027736800,0.0033424500,0.0045702000,0.0057371000,0.0064095300,0.0065945000,0.0066581000
2023-07-03,0.0008099500,0.0009947700,0.0016621800,0.0022179600,0.0027930200,0.0033760600,0.0045859400,0.0057517700,0.0064385200,0.0066221300,0.0066757800
2023-06-30,0.0008323700,0.0010203000,0.0016558300,0.0022033800,0.0027943800,0.0033887000,0.0046173900,0.0057673400,0.0064469200,0.0066273600,0.0066877700
2023-06-29,0.0008379700,0.0010334900,0.0017055400,0.0022632500,0.0028430500,0.0034267500,0.0046681000,0.0058418000,0.0065348200,0.0067185000,0.0067703100
2023-06-28,0.0008686100,0.0010630000,0.0017680400,0.0023424700,0.0029373900,0.0035347500,0.0047385600,0.0059145200,0.0066108500,0.0067961400,0.0068512300
2023-06-27,0.0008711000,0.0010629400,0.0017763100,0.0023583700,0.0029489700,0.0035359400,0.0047622100,0.0059099500,0.0066075700,0.0067924000,0.0068574000
2023-06-26,0.0008630000,0.0010542100,0.0017455200,0.0023187700,0.0029116600,0.0035008700,0.0047026200,0.0058372200,0.0065304900,0.0067124100,0.0067732800
2023-06-23,0.0008727000,0.0010668100,0.0017185800,0.0022873400,0.0028946100,0.0035087800,0.0047113000,0.0058807300,0.0065919300,0.0067760000,0.0068266500
2023-06-22,0.0008674900,0.0010615500,0.0017401500,0.0023155800,0.0028924600,0.0034678300,0.0046827700,0.0058683300,0.0065644700,0.0067499100,0.0068014400
2023-06-21,0.0008490400,0.0010391000,0.0017261600,0.0023088600,0.0028824000,0.0034585300,0.0046480300,0.0057796100,0.0064642300,0.0066466300,0.0066972200
2023-06-20,0.0008520500,0.0010443600,0.0017334600,0.0023127900,0.0028947900,0.0034566900,0.0046708700,0.0058308100,0.0065190900,0.0067028900,0.0067541700
2023-06-19,0.0008329500,0.0010307400,0.0017022900,0.0022702400,0.0028579300,0.0034466800,0.0046278400,0.0057889500,0.0064673400,0.0066489600,0.0066995400
2023-06-16,0.0008394400,0.0010385700,0.0016883000,0.0022422900,0.0028408800,0.0034271000,0.0046465900,0.0058317100,0.0065126700,0.0066949500,0.0067464500
2023-06-15,0.0008769300,0.0010791400,0.0017426700,0.0023054600,0.0029172900,0.0035165700,0.0047505300,0.0059385700,0.0066290600,0.0068139800,0.0068685100
2023-06-14,0.0008342400,0.0010296700,0.0016931700,0.0022610200,0.0028517000,0.0034192300,0.0046211100,0.0058144300,0.0064965200,0.0066785700,0.0067421700
2023-06-13,0.0008369700,0.0010381900,0.0016547600,0.0021839600,0.0027939200,0.0034141600,0.0046156400,0.0057867600,0.0064655000,0.0066464300,0.0067067100
2023-06-12,0.0008513000,0.0010593800,0.0017114500,0.0022713400,0.0028592400,0.0034695100,0.0046617900,0.0058502000,0.0065379200,0.0067219100,0.0067735300
2023-06-09,0.0008280600,0.0010332200,0.0016887000,0.0022656900,0.0028374700,0.0034155600,0.0046035800,0.0057629600,0.0064385200,0.0066192800,0.0066698500
2023-06-08,0.0008564200,0.0010780100,0.0017049400,0.0022261400,0.0028243900,0.0034701600,0.0046608000,0.0058324100,0.0065130300,0.0066946900,0.0067459800
2023-06-07,0.0008324000,0.0010364200,0.0016914000,0.0022431500,0.0028681700,0.0034919700,0.0047041900,0.0058877200,0.0065697800,0.0067518800,0.0068028100
2023-06-06,0.0008461900,0.0010559300,0.0017495000,0.0023337400,0.0029283000,0.0035238900,0.0047180900,0.0058753500,0.0065549800,0.0067366900,0.0067880000
2023-06-05,0.0008676300,0.0010880800,0.0017674600,0.0023516700,0.0029478400,0.0035745100,0.0047641200,0.0059014500,0.0065762100,0.0067553700,0.0068065100
2023-06-02,0.0008719200,0.0010824700,0.0017918900,0.0023998300,0.0030132900,0.0036366600,0.0048144800,0.0059520300,0.0066264800,0.0068023200,0.0068566600
2023-06-01,0.0008909900,0.0011041200,0.0018538300,0.0024684700,0.0030795800,0.0037130400,0.0048927300,0.0060249400,0.0067029900,0.0068684100,0.0069351800
2023-05-31,0.0009120800,0.0011266100,0.0018762800,0.0024947700,0.0031138300,0.0037593600,0.0049435800,0.0060841700,0.0067684900,0.0069389800,0.0070040500
2023-05-30,0.0008814200,0.0010983100,0.0018023200,0.0024047400,0.0030214500,0.0036559800,0.0048387600,0.0059766400,0.0066588100,0.0068411400,0.0068962200
2023-05-29,0.0009025200,0.0011223900,0.0018572300,0.0024623500,0.0030963400,0.0037234400,0.0049026500,0.0060588800,0.0067466200,0.0069306200,0.0069965800
2023-05-26,0.0008989100,0.0011197700,0.0018528500,0.0024699300,0.0031026700,0.0037264100,0.0049098100,0.0060541600,0.0067412300,0.0069250500,0.0069891200
2023-05-25,0.0009137100,0.0011434300,0.0018814200,0.0025159500,0.0031445200,0.0037776800,0.0049773300,0.0061383800,0.0068324500,0.0070177900,0.0070739800
2023-05-24,0.0009277100,0.0011503900,0.0018895300,0.0025259000,0.0031559700,0.0037891800,0.0049971300,0.0061655300,0.0068613700,0.0070471500,0.0071118400
2023-05-23,0.0009010000,0.0011293700,0.0018388500,0.0024557900,0.0030887500,0.0037253100,0.0049389700,0.0061190400,0.0068141400,0.0069998200,0.0070532600
2023-05-22,0.0009250200,0.0011568700,0.0018719000,0.0024898400,0.0031112200,0.0037431400,0.0049271100,0.0060837100,0.0067740600,0.0069584800,0.0070125300
2023-05-19,0.0009137600,0.0011339800,0.0018588900,0.0024880700,0.0031208700,0.0037550700,0.0049305300,0.0060811800,0.0067671100,0.0069487300,0.0070043700
2023-05-18,0.0009303800,0.0011549500,0.0018962800,0.0025336000,0.0031759200,0.0038077300,0.0049875000,0.0061304900,0.0068224600,0.0070014000,0.0070683500
2023-05-17,0.0009499800,0.0011830800,0.0019375300,0.0025846000,0.0032377800,0.0038958400,0.0050728200,0.0062256400,0.0069343900,0.0071039800,0.0071718000
2023-05-16,0.0009488800,0.0011742600,0.0018969600,0.0025276100,0.0031875800,0.0038622600,0.0050667000,0.0062531400,0.0069562300,0.0071387600,0.0072067000
2023-05-15,0.0009389100,0.0011601300,0.0019447800,0.0025862000,0.0032196100,0.0038792600,0.0050263000,0.0061856000,0.0068916300,0.0070622300,0.0071277300
2023-05-12,0.0009751100,0.0011916400,0.0019768000,0.0026195100,0.0032508100,0.0039252800,0.0050816000,0.0062328000,0.0069292700,0.0071156800,0.0071741000
2023-05-11,0.0009940500,0.0012135800,0.0020145400,0.0026653500,0.0033082500,0.0039875200,0.0051454600,0.0062830600,0.0069818400,0.0071688000,0.0072385700
2023-05-10,0.0010022500,0.0012236400,0.0020345900,0.0026801100,0.0033269000,0.0040134300,0.0051684100,0.0063232100,0.0070213100,0.0072083000,0.0072778100
2023-05-09,0.0010619400,0.0012901000,0.0020890200,0.0027452500,0.0034215600,0.0041095100,0.0052741900,0.0064553200,0.0071610100,0.0073499600,0.0074203900
2023-05-08,0.0010007600,0.0012185500,0.0020015400,0.0026639600,0.0033383500,0.0040198500,0.0051983800,0.0063796300,0.0070801900,0.0072679900,0.0073358700
2023-05-05,0.0010254602,0.0012457514,0.0020369370,0.0027067612,0.0033737869,0.0040478674,0.0052367980,0.0064075589,0.0071104005,0.0072986603,0.0073673325
2023-05-04,0.0010507700,0.0012735600,0.0020729600,0.0027502500,0.0034096000,0.0040760800,0.0052755000,0.0064356100,0.0071407400,0.0073294600,0.0073989300
2023-05-03,0.0009779400,0.0011918600,0.0019481100,0.0026110800,0.0032493800,0.0039162100,0.0050956500,0.0062862800,0.0069811400,0.0071665700,0.0072247000
2023-05-02,0.0009781800,0.0011964800,0.0019619900,0.0026142900,0.0032764900,0.0039074600,0.0051011700,0.0062543000,0.0069545100,0.0071413900,0.0072119900
2023-05-01,0.0009536700,0.0011680400,0.0019493300,0.0026141000,0.0032860300,0.0039373200,0.0051212400,0.0062918800,0.0069959000,0.0071837900,0.0072543700
2023-04-28,0.0009478600,0.0011633600,0.0019142700,0.0025557800,0.0031864000,0.0038343200,0.0050142000,0.0061579600,0.0068467600,0.0070299200,0.0070978200
2023-04-27,0.0009488700,0.0011727700,0.0019458000,0.0026047100,0.0032556100,0.0039215800,0.0050999200,0.0062592000,0.0069566800,0.0071404500,0.0072067300
2023-04-26,0.0010241100,0.0012498700,0.0020546600,0.0027409600,0.0033872000,0.0040355500,0.0052391200,0.0063982000,0.0071166300,0.0073029900,0.0073614400
2023-04-25,0.0009974200,0.0012181400,0.0020111300,0.0026877600,0.0033515200,0.0040149500,0.0052337800,0.0064080600,0.0071131800,0.0073011000,0.0073695400
2023-04-24,0.0009938300,0.0012191300,0.0019956700,0.0026528400,0.0033260900,0.0039981300,0.0052108900,0.0063903800,0.0070985300,0.0072833800,0.0073430900
2023-04-21,0.0010138600,0.0012286800,0.0020116000,0.0026577600,0.0033184600,0.0039818100,0.0051676200,0.0063344000,0.0070476900,0.0072181800,0.0072874300
2023-04-20,0.0010122300,0.0012290600,0.0019667200,0.0025929000,0.0032855600,0.0039559300,0.0051748000,0.0063414900,0.0070636200,0.0072379000,0.0073078200
2023-04-19,0.0009232200,0.0011362500,0.0018636500,0.0024898100,0.0031438600,0.0037782600,0.0049886500,0.0061386700,0.0068389400,0.0070192600,0.0070781900
2023-04-18,0.0009108000,0.0011183300,0.0018265900,0.0024472900,0.0030934900,0.0037354700,0.0049473300,0.0061291500,0.0068472500,0.0070146600,0.0070848800
2023-04-17,0.0009456200,0.0011709900,0.0018877500,0.0025127000,0.0031679000,0.0038101600,0.0050162300,0.0061952500,0.0069153600,0.0070846900,0.0071553500
2023-04-14,0.0009384800,0.0011523300,0.0018830600,0.0025315700,0.0031933900,0.0038568500,0.0050573000,0.0062357100,0.0069503900,0.0071230000,0.0071936400
2023-04-13,0.0009636000,0.0011900100,0.0019602200,0.0026273100,0.0032933400,0.0039534400,0.0051564900,0.0063215000,0.0070278600,0.0072129400,0.0072842900
2023-04-12,0.0009831900,0.0012192000,0.0019941300,0.0026641800,0.0033352200,0.0039810500,0.0051787200,0.0063236000,0.0070404800,0.0072146800,0.0072860200
2023-04-11,0.0009953100,0.0012328700,0.0020406400,0.0027260900,0.0034128600,0.0040818700,0.0052659300,0.0064112100,0.0071156000,0.0073048500,0.0073769500
2023-04-10,0.0010826700,0.0013122600,0.0021779100,0.0029010100,0.0036210500,0.0043349700,0.0055002400,0.0066346500,0.0073513600,0.0075448300,0.0076197700
2023-04-07,0.0011017300,0.0013353400,0.0021842400,0.0028990700,0.0036095500,0.0043134800,0.0054840200,0.0066170500,0.0073316100,0.0075245400,0.0075993200
2023-04-06,0.0010743000,0.0013013200,0.0021270500,0.0028273300,0.0035410100,0.0042493700,0.0054391300,0.0066092900,0.0073220000,0.0075144700,0.0075890100
2023-04-05,0.0010873700,0.0013165400,0.0021355500,0.0028433100,0.0035312700,0.0042223000,0.0054113200,0.0065633100,0.0072721800,0.0074631700,0.0075371300
2023-04-04,0.0009917800,0.0012170700,0.0020248400,0.0027156300,0.0033917600,0.0040498300,0.0052424400,0.0063995000,0.0070989500,0.0072868800,0.0073588600
2023-04-03,0.0009903300,0.0012196900,0.0020059900,0.0027034700,0.0033867200,0.0040573100,0.0052586500,0.0064150400,0.0071215600,0.0073108700,0.0073838100
2023-03-31,0.0010188300,0.0012552700,0.0020440600,0.0027348900,0.0034328500,0.0041204000,0.0053263000,0.0064762700,0.0071863900,0.0073748100,0.0074469700
2023-03-30,0.0010230100,0.0012670500,0.0020706900,0.0027733200,0.0034830600,0.0041877600,0.0053807400,0.0065245400,0.0072510200,0.0074370900,0.0075085000
2023-03-29,0.0010629000,0.0013045000,0.0021649900,0.0029219400,0.0036619100,0.0043967800,0.0056033200,0.0067556100,0.0074910000,0.0076804900,0.0077522600
2023-03-28,0.0011281200,0.0013749300,0.0022583000,0.0030480800,0.0037933500,0.0045531900,0.0057593300,0.0069158800,0.0076589200,0.0078527400,0.0079189700
2023-03-27,0.0011641100,0.0014194200,0.0023174600,0.0031159000,0.0038408800,0.0045701800,0.0057574500,0.0068872100,0.0076113900,0.0078041700,0.0078812000
2023-03-24,0.0012107000,0.0014729300,0.0023849500,0.0031915700,0.0039388500,0.0046717200,0.0058741600,0.0070214800,0.0077645400,0.0079584300,0.0080351900
2023-03-23,0.0011350800,0.0013814700,0.0022553600,0.0030458400,0.0037708500,0.0044995900,0.0057008700,0.0068516800,0.0075766700,0.0077708200,0.0078459100
2023-03-22,0.0010800800,0.0013162200,0.0021604300,0.0029063000,0.0036131000,0.0043087000,0.0054861600,0.0066207500,0.0073409100,0.0075303000,0.0075955700
2023-03-21,0.0010866200,0.0013409100,0.0021954700,0.0029762700,0.0037102000,0.0044230800,0.0056150800,0.0067441100,0.0074488400,0.0076372100,0.0077163200
2023-03-20,0.0013027000,0.0016015800,0.0024781900,0.0033116400,0.0040485100,0.0047635600,0.0059153000,0.0070123800,0.0077008900,0.0078741900,0.0079546300
2023-03-17,0.0012529600,0.0014211300,0.0023693300,0.0032306900,0.0039731700,0.0046857300,0.0058794300,0.0070298700,0.0077460200,0.0079325200,0.0080338100
2023-03-16,0.0012235000,0.0013871600,0.0023309800,0.0031672500,0.0039131500,0.0046197500,0.0058374400,0.0070012800,0.0077249100,0.0079089800,0.0080115800
2023-03-15,0.0012561100,0.0014101700,0.0023519000,0.0031813500,0.0039186300,0.0046183200,0.0058243100,0.0069890800,0.0077357600,0.0079115600,0.0080230700
2023-03-14,0.0011123700,0.0012562600,0.0021366100,0.0029196600,0.0036422300,0.0043175400,0.0055236900,0.0066874700,0.0074198400,0.0076057000,0.0077034500
2023-03-13,0.0012120700,0.0013602200,0.0022504000,0.0030396300,0.0037637000,0.0044541000,0.0056849200,0.0068850800,0.0076205600,0.0078127700,0.0079145100
2023-03-10,0.0010469400,0.0011749500,0.0019703600,0.0026879000,0.0033590100,0.0040028100,0.0052080800,0.0063776800,0.0070890700,0.0072711300,0.0073669400
2023-03-09,0.0009798100,0.0011096900,0.0018580800,0.0025640700,0.0032210500,0.0038735800,0.0050485400,0.0062246200,0.0069424200,0.0071139300,0.0072085400
2023-03-08,0.0010081300,0.0011310700,0.0018610500,0.0025430100,0.0031870400,0.0038282700,0.0050060700,0.0061889700,0.0068956400,0.0070804600,0.0071759100
2023-03-07,0.0009869600,0.0011050000,0.0018485500,0.0025270100,0.0031489500,0.0037756200,0.0049482600,0.0060928300,0.0068130900,0.0069982200,0.0071004000
2023-03-06,0.0009457700,0.0010480900,0.0017813000,0.0024811500,0.0031269800,0.0037408800,0.0049132300,0.0060840900,0.0068039200,0.0069745800,0.0070900700
2023-03-03,0.0009475200,0.0010505800,0.0017858600,0.0025024500,0.0031432400,0.0037714000,0.0049527800,0.0061280800,0.0068351300,0.0070153300,0.0071528200
2023-03-02,0.0009820600,0.0010942800,0.0018327700,0.0025205500,0.0031609200,0.0037688600,0.0049570400,0.0060974500,0.0068103400,0.0069768600,0.0072187600
2023-03-01,0.0009150700,0.0010130700,0.0017319300,0.0024412200,0.0030851600,0.0037021300,0.0048958500,0.0061048200,0.0068087000,0.0069812000,0.0071965200
2023-02-28,0.0009433400,0.0010486500,0.0017791000,0.0024713300,0.0031010000,0.0037011100,0.0049054500,0.0060473400,0.0067355600,0.0069132200,0.0070072600
2023-02-27,0.0009467200,0.0010532200,0.0017843000,0.0024704400,0.0031009000,0.0037139300,0.0049219000,0.0060818400,0.0067719700,0.0069409500,0.0070364800
2023-02-24,0.0009843700,0.0010921100,0.0018142500,0.0025038100,0.0031416900,0.0037524100,0.0049597000,0.0061045700,0.0067979700,0.0069783700,0.0070726700
2023-02-23,0.0009540700,0.0010619700,0.0017683700,0.0024434100,0.0030797000,0.0036889600,0.0048760600,0.0060225300,0.0067141900,0.0068902000,0.0069834100
2023-02-22,0.0009737500,0.0010897400,0.0018040700,0.0024858800,0.0031203600,0.0037478700,0.0049315900,0.0060708700,0.0067781400,0.0069453100,0.0070393900
2023-02-21,0.0009652700,0.0010723800,0.0017902500,0.0024625300,0.0030960800,0.0037141600,0.0049008100,0.0060461400,0.0067428200,0.0069254800,0.0070198800
2023-02-20,0.0009135700,0.0010158100,0.0017290000,0.0023828700,0.0030041200,0.0036052500,0.0047803000,0.0059005400,0.0065912800,0.0067726200,0.0068660500
2023-02-17,0.0009146500,0.0010165900,0.0017239800,0.0023874800,0.0029959000,0.0035921000,0.0047715000,0.0058957600,0.0065847500,0.0067660100,0.0068593100
2023-02-16,0.0008908900,0.0009930800,0.0016891300,0.0023297100,0.0029260300,0.0035149500,0.0046902700,0.0058116800,0.0064927300,0.0066723500,0.0067645900
2023-02-15,0.0009040700,0.0010102300,0.0016721800,0.0023210800,0.0029353800,0.0035511000,0.0047262600,0.0058833500,0.0065700000,0.0067513400,0.0068447300
2023-02-14,0.0008797200,0.0009851600,0.0016446900,0.0022976300,0.0029051200,0.0035315400,0.0047051900,0.0058674800,0.0065528600,0.0067336700,0.0068267400
2023-02-13,0.0009025900,0.0010121600,0.0016779900,0.0023462100,0.0029798800,0.0036120700,0.0048082900,0.0060043500,0.0067022400,0.0068861800,0.0069809200
2023-02-10,0.0009346700,0.0010584700,0.0017564700,0.0024268600,0.0030394600,0.0036524400,0.0048277100,0.0059662800,0.0066631200,0.0068455200,0.0069394000
2023-02-09,0.0009049700,0.0010341300,0.0017070700,0.0023528800,0.0029767200,0.0035701300,0.0047596400,0.0059162800,0.0066229000,0.0068042700,0.0068956300
2023-02-08,0.0009365900,0.0010580800,0.0017343200,0.0024121200,0.0030361400,0.0036667700,0.0048259500,0.0060306500,0.0067542400,0.0069466300,0.0070466600
2023-02-07,0.0009050500,0.0010206000,0.0017382100,0.0023952800,0.0030190100,0.0036380600,0.0047936200,0.0059652700,0.0066695600,0.0068567100,0.0069531900
2023-02-06,0.0009584400,0.0010787800,0.0017880800,0.0024483200,0.0030787200,0.0037110500,0.0048921900,0.0060379400,0.0067444200,0.0069332000,0.0070306000
2023-02-03,0.0009349400,0.0010549100,0.0017772900,0.0024379000,0.0030666100,0.0036879800,0.0048626600,0.0060014800,0.0066850000,0.0068670200,0.0069601400
2023-02-02,0.0009288800,0.0010499200,0.0017845100,0.0024596900,0.0030898500,0.0037246200,0.0048994700,0.0060406300,0.0067273100,0.0069096800,0.0070036800
2023-02-01,0.0009665000,0.0010886900,0.0018851200,0.0025887900,0.0032456700,0.0039044300,0.0050793500,0.0062198000,0.0069207800,0.0071063600,0.0072024800
2023-01-31,0.0009830900,0.0011183800,0.0018952700,0.0026032400,0.0032681400,0.0039565900,0.0051351200,0.0062833600,0.0069826200,0.0071674200,0.0072626500
2023-01-30,0.0009626600,0.0010886300,0.0018946300,0.0026074400,0.0032721100,0.0039179300,0.0050945000,0.0062364700,0.0069388300,0.0071223000,0.0072146800
2023-01-27,0.0008993000,0.0010248200,0.0018303400,0.0025409700,0.0032086400,0.0038383000,0.0050161300,0.0061778000,0.0068934700,0.0070754700,0.0071582600
2023-01-26,0.0009243500,0.0010325300,0.0018679600,0.0025759500,0.0032274200,0.0038744600,0.0050468000,0.0062088400,0.0069245700,0.0071072400,0.0072019100
2023-01-25,0.0010228200,0.0011492600,0.0019119400,0.0026049100,0.0032815300,0.0039659800,0.0051531000,0.0063062100,0.0070275800,0.0072142300,0.0073148500
2023-01-24,0.0009793000,0.0010986900,0.0019034900,0.0025924400,0.0032502600,0.0039029800,0.0050725600,0.0061995200,0.0069106800,0.0070777100,0.0071736600
2023-01-23,0.0009767200,0.0010981700,0.0018947300,0.0025970800,0.0032696600,0.0039280200,0.0051201900,0.0062718700,0.0069865900,0.0071587900,0.0072558600
2023-01-20,0.0009761600,0.0011044000,0.0019250000,0.0026320000,0.0033085300,0.0039644400,0.0051773700,0.0063347700,0.0070400000,0.0072249600,0.0073240000
2023-01-19,0.0009519700,0.0010740400,0.0019013800,0.0026081100,0.0032719600,0.0039140000,0.0051280100,0.0062988400,0.0070031800,0.0071792300,0.0072786500
2023-01-18,0.0009239800,0.0010395900,0.0018337400,0.0025221800,0.0031716500,0.0037966500,0.0049979700,0.0061462100,0.0068386700,0.0070236300,0.0071197600
2023-01-17,0.0009091700,0.0010210500,0.0018297100,0.0025357500,0.0031886600,0.0038110400,0.0050383000,0.0061874400,0.0068857500,0.0070716900,0.0071690300
2023-01-16,0.0009162100,0.0010300700,0.0018108600,0.0024995500,0.0031514400,0.0038190000,0.0049961100,0.0061585700,0.0068556600,0.0070417000,0.0071390300
2023-01-13,0.0009700400,0.0010887000,0.0018218400,0.0024902900,0.0031474400,0.0038041600,0.0049930300,0.0061642400,0.0068628000,0.0070484700,0.0071471300
2023-01-12,0.0008927700,0.0010091200,0.0017411200,0.0023975800,0.0030194800,0.0036481100,0.0048436600,0.0059855400,0.0066770800,0.0068559100,0.0069521300
2023-01-11,0.0008990900,0.0010245600,0.0018088400,0.0024748300,0.0030980600,0.0037106300,0.0048745300,0.0060089500,0.0067077200,0.0068755400,0.0069713300
2023-01-10,0.0008929893,0.0010161404,0.0017790243,0.0024475598,0.0030815912,0.0037036434,0.0048612068,0.0059927181,0.0066772458,0.0068422394,0.0069379250
2023-01-09,0.0008869300,0.0010077900,0.0017497000,0.0024205900,0.0030652100,0.0036966700,0.0048479200,0.0059765300,0.0066469100,0.0068091000,0.0069046800
2023-01-06,0.0009601600,0.0010858500,0.0018440100,0.0025396300,0.0032069500,0.0038639000,0.0050235100,0.0061463800,0.0068219600,0.0069867500,0.0070838100
2023-01-05,0.0009901200,0.0011201500,0.0019041600,0.0026029900,0.0032879700,0.0039653000,0.0051165200,0.0062391300,0.0069208200,0.0070889500,0.0071865900
2023-01-04,0.0009627000,0.0011014700,0.0018891800,0.0026055800,0.0032948800,0.0039675400,0.0051120900,0.0062187400,0.0068965300,0.0070722300,0.0071680200
2023-01-03,0.0010525300,0.0011995900,0.0020404900,0.0027404900,0.0034349100,0.0041126900,0.0052306900,0.0062998900,0.0069779700,0.0071379700,0.0072316200
2023-01-02,0.0011385100,0.0012969200,0.0019223800,0.0026671700,0.0034704700,0.0042945800,0.0055046500,0.0066676600,0.0073630300,0.0075335100,0.0076328500
2022-12-30,0.0011366300,0.0012940600,0.0019377600,0.0026828600,0.0034603500,0.0042738400,0.0054787400,0.0066381100,0.0073302200,0.0075126000,0.0076102300
2022-12-29,0.0010938500,0.0012418500,0.0021616100,0.0029202400,0.0036251700,0.0043326000,0.0054840400,0.0066043300,0.0072886200,0.0074687000,0.0075658600
2022-12-28,0.0011002600,0.0012489000,0.0021662600,0.0029210800,0.0036299400,0.0043484100,0.0054955600,0.0066179300,0.0073026800,0.0074800900,0.0075784800
2022-12-27,0.0011193700,0.0012678100,0.0021484100,0.0028978100,0.0036419700,0.0043852700,0.0055348400,0.0066937900,0.0073843700,0.0075517100,0.0076548900
2022-12-26,0.0011461300,0.0012980900,0.0021454700,0.0028775600,0.0035925300,0.0043373900,0.0054717900,0.0066345900,0.0073191100,0.0074849800,0.0075952500
2022-12-23,0.0011246600,0.0012740300,0.0021589900,0.0028912900,0.0036193900,0.0043490000,0.0054909200,0.0066130300,0.0072955600,0.0074618400,0.0075608700
2022-12-22,0.0011505900,0.0013018400,0.0022071100,0.0029507800,0.0037020200,0.0044343700,0.0055791300,0.0066952200,0.0073848400,0.0075564000,0.0076559300
2022-12-21,0.0011847700,0.0013369300,0.0022652000,0.0030193800,0.0037558100,0.0044687500,0.0056136000,0.0067128400,0.0074004900,0.0075834000,0.0076786800
2022-12-20,0.0012028700,0.0013621800,0.0023137300,0.0030929500,0.0038509400,0.0045847100,0.0057410700,0.0068539600,0.0075490700,0.0077330700,0.0078198800
2022-12-19,0.0011947500,0.0013407600,0.0021562200,0.0029287700,0.0037157900,0.0045008800,0.0056794600,0.0068084400,0.0074766700,0.0076333300,0.0077004300
2022-12-16,0.0011618600,0.0013185200,0.0021953900,0.0029445300,0.0036770000,0.0044018200,0.0055564800,0.0066808600,0.0073677500,0.0075517200,0.0076504700
2022-12-15,0.0011137000,0.0012695800,0.0020842600,0.0028212800,0.0035457600,0.0042670300,0.0054310200,0.0065535800,0.0072418000,0.0074268800,0.0075257900
2022-12-14,0.0010416600,0.0012002800,0.0020566600,0.0027538400,0.0034596300,0.0041592700,0.0052899100,0.0064171200,0.0070983300,0.0072831600,0.0073799100
2022-12-13,0.0010526000,0.0012207400,0.0020421600,0.0027585700,0.0034825900,0.0041990700,0.0053437300,0.0064747200,0.0071653000,0.0073538000,0.0074466600
2022-12-12,0.0011217700,0.0013144500,0.0022284300,0.0029733800,0.0037150100,0.0044449000,0.0055803400,0.0067292500,0.0074639600,0.0076712100,0.0077502000
2022-12-09,0.0011067900,0.0013000600,0.0021966500,0.0029519400,0.0037363300,0.0044973000,0.0056620500,0.0067731400,0.0075847000,0.0078377300,0.0079283900
2022-12-08,0.0010690000,0.0012621600,0.0022697100,0.0030300200,0.0037737800,0.0045036400,0.0056380500,0.0067391100,0.0076977600,0.0081109700,0.0082614800
2022-12-07,0.0010911900,0.0012899700,0.0022657900,0.0030213700,0.0037723300,0.0044859700,0.0056259100,0.0067037300,0.0076547100,0.0080744400,0.0082132700
2022-12-06,0.0010925000,0.0012892000,0.0022961800,0.0030505400,0.0037963600,0.0045315100,0.0056641300,0.0068042500,0.0077624900,0.0081787300,0.0083211400
2022-12-05,0.0010984800,0.0013002400,0.0023028600,0.0030575300,0.0037973000,0.0045183500,0.0056476800,0.0067744700,0.0077203400,0.0081472300,0.0082884700
2022-12-02,0.0010752200,0.0012762900,0.0022628300,0.0030232200,0.0037898000,0.0045457500,0.0056825500,0.0068090900,0.0077639700,0.0081922200,0.0083341800
2022-12-01,0.0010744700,0.0012809400,0.0022360100,0.0030075000,0.0037758700,0.0045236600,0.0056710600,0.0067912000,0.0077577300,0.0081830100,0.0083255600
2022-11-30,0.0011732000,0.0013840200,0.0023990100,0.0031923200,0.0040115000,0.0047932800,0.0059192200,0.0070579300,0.0080247300,0.0084353300,0.0085799600
2022-11-29,0.0011790800,0.0013883200,0.0024768700,0.0032975600,0.0041240000,0.0048996300,0.0060190800,0.0071509000,0.0081139100,0.0085212400,0.0086669900
2022-11-28,0.0012393000,0.0014492000,0.0025785600,0.0034478500,0.0042878400,0.0050611700,0.0061567100,0.0072879800,0.0082653300,0.0086855000,0.0088358400
2022-11-25,0.0012093000,0.0014259100,0.0025133600,0.0033694800,0.0042129900,0.0049956200,0.0061081100,0.0072435400,0.0082251100,0.0086362700,0.0087988500
2022-11-24,0.0012236200,0.0014433900,0.0025806900,0.0034595300,0.0043120500,0.0051027900,0.0062085200,0.0073323100,0.0083054300,0.0087152500,0.0088728300
2022-11-23,0.0013260500,0.0015575200,0.0027602400,0.0036817900,0.0045821100,0.0054148300,0.0065304800,0.0076595000,0.0086478800,0.0090727700,0.0092234200
2022-11-22,0.0013794400,0.0016218000,0.0028853100,0.0038437400,0.0047523300,0.0055935100,0.0067037100,0.0078261100,0.0088359400,0.0092526300,0.0094054300
2022-11-21,0.0014135300,0.0016561900,0.0029632800,0.0039623400,0.0049009800,0.0057537800,0.0068504500,0.0079919500,0.0089932400,0.0094193500,0.0095749200
2022-11-18,0.0014194800,0.0016706700,0.0030058200,0.0040353400,0.0049682400,0.0058328600,0.0069245600,0.0080407600,0.0090568000,0.0094705200,0.0096370400
2022-11-17,0.0015444000,0.0018091400,0.0031745700,0.0042565300,0.0052072800,0.0061075600,0.0072239000,0.0083706100,0.0094024900,0.0098207500,0.0099917200
2022-11-16,0.0016169400,0.0018893600,0.0032690500,0.0043807900,0.0053759000,0.0062846400,0.0073771300,0.0085405500,0.0095805500,0.0100018100,0.0101745200
2022-11-15,0.0015578700,0.0018220000,0.0032230000,0.0043276500,0.0053549400,0.0062991400,0.0074072900,0.0085200300,0.0095519400,0.0099752900,0.0101468400
2022-11-14,0.0016536900,0.0019299600,0.0034278900,0.0045651100,0.0056046000,0.0065713700,0.0076707200,0.0088043700,0.0098290800,0.0102635300,0.0104336300
2022-11-11,0.0016547000,0.0019404300,0.0034079900,0.0045681500,0.0056240000,0.0066213100,0.0077360800,0.0088612400,0.0098938400,0.0103249500,0.0104844600
2022-11-10,0.0017355800,0.0020374400,0.0035985300,0.0048191600,0.0059117200,0.0069455200,0.0080700300,0.0092024300,0.0102315000,0.0106682900,0.0108327000
2022-11-09,0.0019205200,0.0022324600,0.0038868300,0.0051765400,0.0063112000,0.0073729500,0.0085149000,0.0096615500,0.0107203400,0.0111622700,0.0113321700
2022-11-08,0.0019543300,0.0022806300,0.0039489000,0.0052384000,0.0063779000,0.0074415000,0.0085788600,0.0097292500,0.0107845600,0.0112295000,0.0114121000
2022-11-07,0.0019659800,0.0022884500,0.0039819700,0.0052943900,0.0064507900,0.0075395800,0.0086754900,0.0098171700,0.0108842000,0.0113253100,0.0115063700
2022-11-04,0.0020568300,0.0023861900,0.0041273100,0.0054587600,0.0066229400,0.0077118600,0.0088533600,0.0100071300,0.0110785400,0.0115197000,0.0117025100
2022-11-03,0.0021839300,0.0025496400,0.0042797300,0.0056396600,0.0068152600,0.0079208800,0.0090235500,0.0101863100,0.0112526200,0.0116808100,0.0118616000
2022-11-02,0.0021260500,0.0024817000,0.0041839100,0.0055172200,0.0066952800,0.0078086600,0.0089252300,0.0100814300,0.0111462200,0.0115885400,0.0117616300
2022-11-01,0.0021107700,0.0024597000,0.0041742400,0.0055058700,0.0066910900,0.0078171500,0.0089200700,0.0100755800,0.0111278800,0.0115661600,0.0117496400
2022-10-31,0.0021657700,0.0025334200,0.0042604400,0.0056086600,0.0068111900,0.0079404600,0.0090332200,0.0101900100,0.0112523400,0.0116761700,0.0118592900
2022-10-28,0.0021989600,0.0025714400,0.0043182400,0.0056781400,0.0068964700,0.0080506300,0.0091581200,0.0103164600,0.0113887000,0.0118196900,0.0120059600
2022-10-27,0.0021937200,0.0025667700,0.0043541200,0.0057309600,0.0069640800,0.0081301100,0.0092332300,0.0103944800,0.0114691900,0.0118999900,0.0120872600
2022-10-26,0.0022424100,0.0026257900,0.0044460900,0.0058540900,0.0070957000,0.0082704600,0.0093777400,0.0105384800,0.0116227600,0.0120566600,0.0122469400
2022-10-25,0.0023296100,0.0027344600,0.0045712500,0.0060020200,0.0072510800,0.0084444300,0.0095317900,0.0106900700,0.0117790200,0.0122138700,0.0124057500
2022-10-24,0.0024259500,0.0028422700,0.0047386400,0.0061583700,0.0074208500,0.0086278400,0.0097299000,0.0108923700,0.0120089100,0.0124491000,0.0126440100
2022-10-21,0.0025096200,0.0029224500,0.0048625100,0.0062935600,0.0075654100,0.0087803200,0.0098796100,0.0110551900,0.0121635500,0.0126112400,0.0128055200
2022-10-20,0.0024544200,0.0028666000,0.0047666200,0.0061857300,0.0074493700,0.0086519500,0.0097496200,0.0109217800,0.0120381100,0.0124722100,0.0126653400
2022-10-19,0.0024077000,0.0028181500,0.0047184400,0.0061315800,0.0073857900,0.0085879000,0.0096920800,0.0108640900,0.0119753800,0.0124112900,0.0126049500
2022-10-18,0.0022903100,0.0026858400,0.0046409100,0.0060883100,0.0073334600,0.0085589700,0.0096682100,0.0108244700,0.0119193600,0.0123667300,0.0125592700
2022-10-17,0.0024339500,0.0028443300,0.0048280500,0.0062962800,0.0075762300,0.0088054700,0.0099052300,0.0110698100,0.0121749500,0.0126273200,0.0128250700
2022-10-14,0.0024798200,0.0028936200,0.0049505700,0.0064375400,0.0077446400,0.0089858600,0.0100957400,0.0112688700,0.0123817100,0.0128342500,0.0130415700
2022-10-13,0.0026674900,0.0030935300,0.0052293400,0.0067678600,0.0080993100,0.0093756900,0.0104875500,0.0116565700,0.0127859400,0.0132486500,0.0134537900
2022-10-12,0.0025341500,0.0029426800,0.0051268600,0.0066546600,0.0079579100,0.0092059200,0.0103458600,0.0115212000,0.0126470400,0.0130924200,0.0132935400
2022-10-11,0.0025999300,0.0030217200,0.0050702000,0.0065689500,0.0078797900,0.0091339600,0.0102356200,0.0114093700,0.0125407600,0.0129937700,0.0131911800
2022-10-10,0.0025750200,0.0029942600,0.0050388800,0.0065287500,0.0078384000,0.0090877400,0.0101916100,0.0113643300,0.0124895200,0.0129461400,0.0131517300
2022-10-07,0.0025943500,0.0030227900,0.0050321600,0.0064964000,0.0078011200,0.0090301000,0.0101345900,0.0113225500,0.0124314800,0.0128829700,0.0130802200
2022-10-06,0.0025310300,0.0029471900,0.0049606700,0.0064476600,0.0077431800,0.0089811100,0.0100885900,0.0112546600,0.0123631300,0.0128172700,0.0130157100
2022-10-05,0.0025310700,0.0029569200,0.0050130100,0.0065259900,0.0078296700,0.0090649000,0.0101982900,0.0113430800,0.0124485100,0.0129010900,0.0130974700
2022-10-04,0.0024575400,0.0028864000,0.0049531600,0.0064686100,0.0077595300,0.0089956300,0.0101272700,0.0112652700,0.0123409500,0.0127865000,0.0129785700
2022-10-03,0.0026981000,0.0031387900,0.0053081200,0.0069102500,0.0082550400,0.0095495800,0.0106725900,0.0118057800,0.0128952600,0.0133472300,0.0135452800
2022-09-30,0.0027250800,0.0031577200,0.0053600500,0.0069711900,0.0083288900,0.0096283800,0.0107477700,0.0118875400,0.0129791400,0.0134278000,0.0136256500
2022-09-29,0.0027756800,0.0032119300,0.0054416300,0.0070421500,0.0084104900,0.0097174400,0.0108613300,0.0120014100,0.0130990000,0.0135464700,0.0137480200
2022-09-28,0.0027505700,0.0031912100,0.0053711400,0.0069861600,0.0083397300,0.0096332000,0.0107608800,0.0118978600,0.0129972000,0.0134319400,0.0136400700
2022-09-27,0.0027475200,0.0031826600,0.0052425000,0.0068478700,0.0082029100,0.0094851100,0.0106064000,0.0117613100,0.0128449200,0.0132893800,0.0134942100
2022-09-26,0.0027622400,0.0031912100,0.0053714000,0.0069504100,0.0082941300,0.0095738500,0.0107167800,0.0118710300,0.0129718000,0.0134298100,0.0136298000
2022-09-23,0.0026437800,0.0030620200,0.0051449800,0.0066684100,0.0079743000,0.0092229400,0.0103674600,0.0115031500,0.0125858000,0.0130366500,0.0132319700
2022-09-22,0.0025114000,0.0029231300,0.0049728300,0.0064739200,0.0077357300,0.0089436100,0.0101069100,0.0112436000,0.0123188000,0.0127699700,0.0129647800
2022-09-21,0.0023967000,0.0028168000,0.0047227700,0.0061571900,0.0073846700,0.0085568700,0.0096835100,0.0108235300,0.0118619200,0.0123084300,0.0125014800
2022-09-20,0.0024378600,0.0029440400,0.0046927100,0.0060348300,0.0072408000,0.0083288300,0.0094484600,0.0105595500,0.0115486600,0.0119757700,0.0121698800
2022-09-19,0.0020195900,0.0023614600,0.0040949900,0.0054095400,0.0065998200,0.0077519300,0.0089264100,0.0101098200,0.0110111800,0.0114129300,0.0116221700
2022-09-16,0.0019912400,0.0023231600,0.0040473100,0.0053482500,0.0065620600,0.0077393900,0.0089221200,0.0100948600,0.0109920300,0.0113930900,0.0116018100
2022-09-15,0.0018507500,0.0021708000,0.0038157800,0.0050830900,0.0062641200,0.0074114500,0.0085871100,0.0097596700,0.0106525400,0.0110505900,0.0112559000
2022-09-14,0.0018664500,0.0021929500,0.0038206000,0.0050614800,0.0062239700,0.0073428200,0.0085149900,0.0097131600,0.0106186200,0.0110174100,0.0112211300
2022-09-13,0.0018513000,0.0021689900,0.0037115900,0.0049391000,0.0060904400,0.0072150300,0.0083714600,0.0095813000,0.0104660600,0.0108596400,0.0110612100
2022-09-12,0.0017782000,0.0021008900,0.0035874600,0.0048215400,0.0059878200,0.0071288800,0.0082826100,0.0094727200,0.0103591500,0.0107549200,0.0109563200
2022-09-09,0.0018415800,0.0021651600,0.0037166500,0.0049868500,0.0061806900,0.0073428600,0.0084884900,0.0096827400,0.0105782200,0.0109766100,0.0111801800
2022-09-08,0.0019137200,0.0022450700,0.0038755400,0.0051955900,0.0064118900,0.0075992200,0.0087507600,0.0099374100,0.0108331000,0.0112315000,0.0114379000
2022-09-07,0.0019932200,0.0023342000,0.0039288800,0.0053200600,0.0065580100,0.0077561300,0.0089105700,0.0100943500,0.0109954600,0.0113986100,0.0116083200
2022-09-06,0.0019830100,0.0023253500,0.0039619300,0.0052923500,0.0065081100,0.0076955200,0.0088544700,0.0100477300,0.0109458800,0.0113426900,0.0115485500
2022-09-05,0.0020216900,0.0023679700,0.0040604400,0.0054026600,0.0066298700,0.0078310100,0.0089907300,0.0101780300,0.0110888400,0.0114847600,0.0116884800
2022-09-02,0.0019198200,0.0022511600,0.0039426900,0.0052509800,0.0064631900,0.0076489900,0.0088060500,0.0099858500,0.0108785400,0.0112863300,0.0114903000
2022-09-01,0.0020676000,0.0024189800,0.0041123100,0.0054703800,0.0067094000,0.0078951600,0.0090644800,0.0102638600,0.0111660400,0.0115637100,0.0117716600
2022-08-31,0.0020449300,0.0023958500,0.0039875800,0.0053000700,0.0064890100,0.0076442500,0.0088196500,0.0100220700,0.0109344800,0.0113333400,0.0115398700
2022-08-30,0.0019341600,0.0022637400,0.0038307800,0.0050918900,0.0062657900,0.0073953800,0.0085658900,0.0097506900,0.0106602500,0.0110660900,0.0112768000
2022-08-29,0.0018638900,0.0021847100,0.0037376600,0.0049257800,0.0060390900,0.0071247300,0.0083103600,0.0095061500,0.0103991200,0.0107966500,0.0110027300
2022-08-26,0.0017325000,0.0020331200,0.0035335100,0.0048123900,0.0059118900,0.0069990200,0.0081510500,0.0093615500,0.0102416400,0.0106332700,0.0108342500
2022-08-25,0.0017483800,0.0020533400,0.0035411100,0.0047024200,0.0058250200,0.0069078300,0.0080735900,0.0092625600,0.0101424500,0.0105364200,0.0107372700
2022-08-24,0.0018310500,0.0021450800,0.0035635400,0.0047531000,0.0058932600,0.0069999100,0.0081656600,0.0093583500,0.0102466400,0.0106433300,0.0108463900
2022-08-23,0.0017910400,0.0021063400,0.0035149400,0.0046903800,0.0057934300,0.0068708200,0.0080320700,0.0092436900,0.0101222900,0.0105148600,0.0107147600
2022-08-22,0.0017758800,0.0020756500,0.0034933400,0.0046867900,0.0058241800,0.0069332200,0.0080883500,0.0092788500,0.0101670700,0.0105639000,0.0107664300
2022-08-19,0.0016812500,0.0019742900,0.0032426100,0.0043919000,0.0054749900,0.0065370800,0.0076737300,0.0088852600,0.0097594800,0.0101518500,0.0103489500
2022-08-18,0.0016404900,0.0019275400,0.0031938100,0.0042845300,0.0053618300,0.0064110100,0.0075656600,0.0087645100,0.0096383600,0.0100349400,0.0102327800
2022-08-17,0.0015786400,0.0018564000,0.0031207400,0.0042108900,0.0052801900,0.0063157800,0.0074691800,0.0086692200,0.0095240100,0.0099164000,0.0101123800
2022-08-16,0.0015549400,0.0018307100,0.0030308600,0.0041052600,0.0051594100,0.0061896400,0.0073420300,0.0085417100,0.0094079300,0.0097988200,0.0099939300
2022-08-15,0.0014938500,0.0017657200,0.0029425500,0.0040231000,0.0050524400,0.0060707000,0.0072134100,0.0084178400,0.0092850100,0.0096786400,0.0098735600
2022-08-12,0.0015011400,0.0017717000,0.0029406600,0.0039765700,0.0050357300,0.0060595000,0.0072210500,0.0084136000,0.0092793000,0.0096711800,0.0098646100
2022-08-11,0.0015097500,0.0017812600,0.0029820600,0.0040263900,0.0050740800,0.0061018600,0.0072554400,0.0084490200,0.0093132000,0.0097044600,0.0098977700
2022-08-10,0.0015511100,0.0018242900,0.0030546300,0.0041571200,0.0052213600,0.0062552700,0.0073933100,0.0085882100,0.0094451200,0.0098418500,0.0100390000
2022-08-09,0.0015759900,0.0018472600,0.0031082300,0.0042201200,0.0052845700,0.0063308500,0.0074691600,0.0086646300,0.0095298200,0.0099195800,0.0101145800
2022-08-08,0.0016096700,0.0018940700,0.0031347300,0.0042032400,0.0052664100,0.0063033300,0.0074585400,0.0086609900,0.0095326500,0.0099271200,0.0101241700
2022-08-05,0.0016385200,0.0019273200,0.0031888900,0.0042787600,0.0053408600,0.0063756600,0.0075352400,0.0087490100,0.0096214400,0.0100128500,0.0102099600
2022-08-04,0.0015976700,0.0018815000,0.0031622000,0.0042585500,0.0053378600,0.0063947100,0.0075372900,0.0087347000,0.0096057700,0.0100000000,0.0101971500
2022-08-03,0.0016968900,0.0019906200,0.0033001200,0.0044229000,0.0055122100,0.0065819300,0.0077360700,0.0089421500,0.0098186600,0.0102152400,0.0104146500
2022-08-02,0.0017495500,0.0020467500,0.0033711300,0.0044996000,0.0055842100,0.0066414600,0.0078075000,0.0090329200,0.0099143300,0.0103138200,0.0105151700
2022-08-01,0.0016776000,0.0019703700,0.0032664000,0.0043686500,0.0054436500,0.0064995500,0.0076581600,0.0088720300,0.0097522200,0.0101522700,0.0103518800
2022-07-29,0.0016678700,0.0019620700,0.0032722200,0.0044021000,0.0054954300,0.0065730000,0.0077250100,0.0089238100,0.0098065200,0.0102173100,0.0104162700
2022-07-28,0.0017373500,0.0020379600,0.0033982500,0.0045710900,0.0056860200,0.0067896500,0.0079378600,0.0091448900,0.0100299900,0.0104286000,0.0106309900
2022-07-27,0.0017890700,0.0020975400,0.0034976700,0.0046986800,0.0058286400,0.0069286200,0.0080926300,0.0093016500,0.0101923000,0.0105919200,0.0108038200
2022-07-26,0.0018231100,0.0021273900,0.0035364600,0.0048099500,0.0059516600,0.0070648300,0.0082163900,0.0094032900,0.0102904000,0.0106867000,0.0108902400
2022-07-25,0.0017095300,0.0020031700,0.0033451900,0.0045375500,0.0056288100,0.0066921600,0.0078460100,0.0090420300,0.0099228900,0.0103176200,0.0105166100
2022-07-22,0.0017223200,0.0020194800,0.0033731700,0.0045461500,0.0056388100,0.0067121200,0.0078713300,0.0090875400,0.0099741300,0.0103719900,0.0105735300
2022-07-21,0.0017900900,0.0020977200,0.0034619900,0.0047083300,0.0058164300,0.0069034600,0.0080530800,0.0092612800,0.0101542000,0.0105545000,0.0107596500
2022-07-20,0.0017154200,0.0020283600,0.0034321300,0.0046363400,0.0057590700,0.0068623000,0.0080061400,0.0091982600,0.0100867100,0.0104834200,0.0106841400
2022-07-19,0.0018451100,0.0021682500,0.0037462400,0.0050614800,0.0062431800,0.0073978700,0.0085579600,0.0097440300,0.0106561100,0.0110587900,0.0112633200
2022-07-18,0.0019984800,0.0023309800,0.0039732700,0.0053587300,0.0065787000,0.0077830800,0.0089389000,0.0101306100,0.0110328800,0.0114330200,0.0116405600
2022-07-15,0.0020649200,0.0023981100,0.0040443700,0.0054992500,0.0067561900,0.0079708100,0.0091265400,0.0103130500,0.0112200300,0.0116231700,0.0118459000
2022-07-14,0.0020899400,0.0024206800,0.0041134000,0.0054888900,0.0067183300,0.0079047500,0.0090770400,0.0102652600,0.0111718700,0.0115851400,0.0117972200
2022-07-13,0.0019094900,0.0022234700,0.0037343900,0.0050296300,0.0062101000,0.0073558900,0.0085125500,0.0097029300,0.0105935500,0.0109896600,0.0111950800
2022-07-12,0.0018796400,0.0021997100,0.0036074600,0.0049133000,0.0060713900,0.0072036400,0.0083499900,0.0095532800,0.0104448500,0.0108430800,0.0110484300
2022-07-11,0.0018593100,0.0021697800,0.0035886400,0.0048709600,0.0059948800,0.0070916200,0.0082431500,0.0094553800,0.0103481000,0.0107465300,0.0109498200
2022-07-08,0.0017632400,0.0020615600,0.0035212800,0.0047416400,0.0058654800,0.0069638100,0.0081153700,0.0093044500,0.0101877500,0.0105809800,0.0107814300
2022-07-07,0.0018071900,0.0021126100,0.0035863500,0.0048264500,0.0059554100,0.0070675900,0.0082212900,0.0094230100,0.0103103100,0.0107047800,0.0109073400
2022-07-06,0.0018266800,0.0021323800,0.0036538500,0.0048887200,0.0060587900,0.0071972400,0.0083509700,0.0095349700,0.0104224600,0.0108168700,0.0110308700
2022-07-05,0.0018883000,0.0022028000,0.0037089500,0.0049935000,0.0061204400,0.0072190400,0.0083760900,0.0095920700,0.0104851600,0.0108823900,0.0110885400
2022-07-04,0.0018239400,0.0021230900,0.0034748500,0.0047423300,0.0058353400,0.0069095900,0.0080534900,0.0092834100,0.0101724100,0.0105682000,0.0107702600
2022-07-01,0.0017833400,0.0020795900,0.0033892000,0.0046255300,0.0057570800,0.0068770900,0.0080151500,0.0092192100,0.0101045400,0.0105004000,0.0107028900
2022-06-30,0.0018722700,0.0021668900,0.0035771900,0.0048111300,0.0059378900,0.0070460100,0.0082008100,0.0094161000,0.0103042700,0.0107015700,0.0109067200
2022-06-29,0.0018065200,0.0020938900,0.0033814200,0.0045562300,0.0056648000,0.0067540700,0.0079065700,0.0091265900,0.0100189300,0.0104184700,0.0106219100
2022-06-28,0.0017359400,0.0020196300,0.0032123000,0.0043520600,0.0054051900,0.0064352000,0.0075751700,0.0088080000,0.0097078500,0.0101091100,0.0103106100
2022-06-27,0.0016677200,0.0019476300,0.0031426700,0.0042445900,0.0052773300,0.0062884700,0.0074318500,0.0086567900,0.0095570600,0.0099531300,0.0101529400
2022-06-24,0.0017664300,0.0020579600,0.0032395500,0.0044058700,0.0054613100,0.0064907200,0.0076337200,0.0088828600,0.0097805200,0.0101817200,0.0103848500
2022-06-23,0.0017830400,0.0020708500,0.0032851200,0.0044165000,0.0054900100,0.0065404100,0.0076898000,0.0089158600,0.0098143500,0.0102180500,0.0104231000
2022-06-22,0.0016994400,0.0019775400,0.0031453600,0.0042399100,0.0052798100,0.0062980400,0.0074358500,0.0086692300,0.0095580900,0.0099560600,0.0101569200
2022-06-21,0.0016002900,0.0018725600,0.0029647400,0.0040465000,0.0050783400,0.0060840300,0.0072118100,0.0084330400,0.0093152300,0.0097092000,0.0099077200
2022-06-20,0.0016541600,0.0019350000,0.0030660000,0.0041622400,0.0052004700,0.0062186200,0.0073596900,0.0085871400,0.0094747900,0.0098709700,0.0100711400
2022-06-17,0.0017705700,0.0020717100,0.0031775300,0.0043371600,0.0053971400,0.0064408100,0.0075787800,0.0088196300,0.0097094800,0.0101113800,0.0103159800
2022-06-16,0.0017671800,0.0020629900,0.0031899800,0.0043128900,0.0053500400,0.0063719100,0.0075179100,0.0087652600,0.0096448000,0.0100423000,0.0102456700
2022-06-15,0.0016383600,0.0019280200,0.0029402100,0.0039795200,0.0049674500,0.0059367700,0.0070879300,0.0083456800,0.0092105300,0.0096097900,0.0098191400
2022-06-14,0.0016607800,0.0019425000,0.0029937100,0.0040100700,0.0050141900,0.0060013500,0.0071393300,0.0083747100,0.0092503500,0.0096470900,0.0098449800
2022-06-13,0.0016001100,0.0018497500,0.0028615200,0.0038339200,0.0048201100,0.0057724800,0.0069272400,0.0081485400,0.0090168200,0.0094273100,0.0096237200
2022-06-10,0.0014573800,0.0017003800,0.0026501000,0.0035891800,0.0044830700,0.0053597300,0.0065154100,0.0077439200,0.0085702200,0.0089836600,0.0091759200
2022-06-09,0.0014105400,0.0016478200,0.0025353400,0.0034297000,0.0043061000,0.0051619100,0.0063200200,0.0075512300,0.0082909800,0.0087817100,0.0089742900
2022-06-08,0.0013377700,0.0015566900,0.0024032300,0.0032649500,0.0041231100,0.0049687300,0.0061357500,0.0073515900,0.0080856400,0.0085747100,0.0087648900
2022-06-07,0.0012629600,0.0014741800,0.0023317600,0.0031802300,0.0040421700,0.0048927800,0.0060617500,0.0072578000,0.0079852500,0.0084701200,0.0086579100
2022-06-06,0.0013248200,0.0015434400,0.0023714300,0.0032062300,0.0040524900,0.0048784300,0.0060432800,0.0072746800,0.0080088400,0.0084980800,0.0086863200
2022-06-03,0.0013866600,0.0016145600,0.0024287600,0.0032434600,0.0041026100,0.0049565600,0.0061029800,0.0073435600,0.0080906000,0.0085792300,0.0087588900
2022-06-02,0.0014013700,0.0016316200,0.0024258800,0.0032227500,0.0041002300,0.0049468000,0.0061099100,0.0073418000,0.0080768000,0.0085668000,0.0087573300
2022-06-01,0.0013225500,0.0015395400,0.0024172700,0.0032697400,0.0041073600,0.0049341300,0.0060893500,0.0073238900,0.0080585300,0.0085469500,0.0087369600
2022-05-31,0.0013111000,0.0015269700,0.0023903400,0.0032444200,0.0040790400,0.0049008500,0.0060646900,0.0072958400,0.0080414200,0.0085272900,0.0087158700
2022-05-30,0.0011924600,0.0013953100,0.0022272400,0.0030510800,0.0038769500,0.0046891200,0.0058413100,0.0070435100,0.0077775900,0.0082576900,0.0084429700
2022-05-27,0.0012591600,0.0014817000,0.0023267000,0.0031742600,0.0040351000,0.0048704000,0.0060140200,0.0072235000,0.0079553800,0.0084395400,0.0086264500
2022-05-26,0.0013040700,0.0015256200,0.0024614100,0.0033516200,0.0042277000,0.0050807100,0.0062285700,0.0074392500,0.0081829100,0.0086644800,0.0088523600
2022-05-25,0.0013369300,0.0015610300,0.0025778800,0.0034996800,0.0043853200,0.0052557300,0.0064201600,0.0076330300,0.0083870300,0.0088751600,0.0090670700
2022-05-24,0.0014293000,0.0016681700,0.0026534000,0.0035880400,0.0044936600,0.0053643700,0.0065177800,0.0077468400,0.0085042700,0.0089948600,0.0091897100
2022-05-23,0.0013990800,0.0016349600,0.0025944100,0.0035164800,0.0044064700,0.0052539900,0.0064201000,0.0076662900,0.0084106600,0.0088981700,0.0090957800
2022-05-20,0.0014159000,0.0016513000,0.0026007000,0.0035392600,0.0044574700,0.0053408400,0.0064743500,0.0077021700,0.0084188800,0.0088459100,0.0090458200
2022-05-19,0.0014929800,0.0017367900,0.0025815000,0.0035269900,0.0044752900,0.0053777900,0.0065333100,0.0077745700,0.0083896300,0.0085814200,0.0087284600
2022-05-18,0.0013669100,0.0015881600,0.0023774800,0.0033145900,0.0042019400,0.0050511500,0.0062205300,0.0074496200,0.0080678300,0.0082453200,0.0083993900
2022-05-17,0.0013261500,0.0015574100,0.0023452200,0.0032481300,0.0041209000,0.0049430100,0.0061222900,0.0073731400,0.0079787400,0.0081702200,0.0083221600
2022-05-16,0.0013671000,0.0015849300,0.0023943800,0.0034108600,0.0042730300,0.0050735100,0.0062398200,0.0075022000,0.0081127900,0.0083062300,0.0084499800
2022-05-13,0.0013189000,0.0015328900,0.0023373300,0.0032876000,0.0041492400,0.0049928200,0.0061627100,0.0074001900,0.0080024800,0.0081906700,0.0083419500
2022-05-12,0.0013709500,0.0015912000,0.0023904900,0.0033929500,0.0042869800,0.0051617200,0.0063391600,0.0075869300,0.0082129800,0.0083932200,0.0085478800
2022-05-11,0.0013284500,0.0015495900,0.0023451900,0.0032905500,0.0041684300,0.0050204400,0.0061990700,0.0074364900,0.0080567200,0.0082470500,0.0083863500
2022-05-10,0.0013634600,0.0015893700,0.0024196000,0.0033828900,0.0042753900,0.0051437000,0.0062908800,0.0075253200,0.0081448400,0.0083359200,0.0084772800
2022-05-09,0.0014452900,0.0016733100,0.0025125600,0.0034759500,0.0043911300,0.0052884100,0.0064179800,0.0076501200,0.0082625500,0.0084574700,0.0086145700
2022-05-06,0.0014026800,0.0016258200,0.0023877700,0.0032625800,0.0041441500,0.0050225400,0.0061602000,0.0074028700,0.0080102600,0.0082030100,0.0083476200
2022-05-05,0.0012682500,0.0014760900,0.0022260500,0.0031140900,0.0039548400,0.0047793400,0.0059229900,0.0071514000,0.0077599600,0.0079512200,0.0081043500
2022-05-04,0.0012733200,0.0014786900,0.0022125200,0.0031044700,0.0039360400,0.0047534100,0.0058760000,0.0071400800,0.0077620200,0.0079527000,0.0080945100
2022-05-03,0.0012881100,0.0014989700,0.0021994400,0.0030903200,0.0039400300,0.0047714500,0.0059122800,0.0071948700,0.0078033800,0.0079962100,0.0081420200
2022-05-02,0.0013236400,0.0015388700,0.0022245500,0.0030229500,0.0038337500,0.0046412400,0.0058288200,0.0070673400,0.0076680300,0.0078579700,0.0080119100
2022-04-29,0.0013001700,0.0015088500,0.0022464700,0.0030803900,0.0038571400,0.0046334700,0.0058175000,0.0070829200,0.0076888600,0.0078795000,0.0080352800
2022-04-28,0.0012054700,0.0014048100,0.0020877000,0.0028625900,0.0036284900,0.0043839600,0.0055444300,0.0067622400,0.0073511900,0.0075253900,0.0076752000
2022-04-27,0.0012386800,0.0014373400,0.0021261700,0.0028274700,0.0035960000,0.0043629000,0.0055383400,0.0067480300,0.0073370600,0.0075229700,0.0076629000
2022-04-26,0.0011780000,0.0013656700,0.0020001600,0.0026737500,0.0034144800,0.0041444500,0.0053200800,0.0065402600,0.0071257100,0.0072996400,0.0074501800
2022-04-25,0.0011046800,0.0012829100,0.0018805000,0.0025304200,0.0032477900,0.0039482300,0.0051219400,0.0063416700,0.0069192400,0.0071038600,0.0072415600
2022-04-22,0.0010053600,0.0011724000,0.0016794800,0.0023276000,0.0030282700,0.0037129300,0.0048767000,0.0060904200,0.0066586700,0.0068406800,0.0069765300
2022-04-21,0.0009449800,0.0011120300,0.0016268800,0.0022228800,0.0028932200,0.0035520900,0.0047476800,0.0059555500,0.0065077200,0.0066901700,0.0068363000
2022-04-20,0.0009473900,0.0011105700,0.0016408800,0.0022799300,0.0029701600,0.0036586400,0.0048309000,0.0060367100,0.0065906700,0.0067738600,0.0069195900
2022-04-19,0.0009853700,0.0011496000,0.0016972400,0.0023259900,0.0030167700,0.0037000500,0.0048819500,0.0060951700,0.0066543900,0.0068386200,0.0069741400
2022-04-18,0.0009423200,0.0010920000,0.0015890200,0.0022144800,0.0029086400,0.0035918500,0.0047374800,0.0058960400,0.0064540000,0.0066316200,0.0067620300
2022-04-15,0.0009660200,0.0011201700,0.0016293500,0.0022428600,0.0029264100,0.0036020500,0.0047641600,0.0059408500,0.0065029300,0.0066817400,0.0068133400
2022-04-14,0.0009243300,0.0010730400,0.0016170800,0.0022139100,0.0028893800,0.0035612100,0.0047565400,0.0059632000,0.0065289500,0.0067088600,0.0068412400
2022-04-13,0.0010100000,0.0011784000,0.0017090100,0.0023118500,0.0029802200,0.0036392100,0.0048232000,0.0060577100,0.0066313000,0.0068128800,0.0069492100
2022-04-12,0.0009286400,0.0010860800,0.0016034800,0.0022090100,0.0028797300,0.0035459600,0.0047223800,0.0059294700,0.0064938200,0.0066620900,0.0068098000
2022-04-11,0.0008932300,0.0010366600,0.0015137600,0.0021430500,0.0028205500,0.0035091800,0.0046777300,0.0058482100,0.0063850100,0.0065614300,0.0066958500
2022-04-08,0.0008559100,0.0010017300,0.0014983100,0.0021042800,0.0027681600,0.0034333400,0.0045944800,0.0057797900,0.0063263400,0.0064874300,0.0066308700
2022-04-07,0.0008907800,0.0010415200,0.0014984200,0.0020743500,0.0027314000,0.0033801000,0.0045319100,0.0057006200,0.0062430500,0.0064044700,0.0065455200
2022-04-06,0.0009140200,0.0010564000,0.0015132600,0.0020830300,0.0027261600,0.0033695300,0.0045284900,0.0057206100,0.0062699300,0.0064475400,0.0065791800
2022-04-05,0.0008159900,0.0009476700,0.0013838700,0.0019584400,0.0025565200,0.0031556600,0.0043098000,0.0055196100,0.0060476300,0.0062239400,0.0063546700
2022-04-04,0.0008094900,0.0009502800,0.0013517600,0.0018584800,0.0024646900,0.0030702800,0.0042292700,0.0054018600,0.0059185500,0.0060889900,0.0062176200
2022-04-01,0.0008192600,0.0009501000,0.0013655300,0.0018993500,0.0025072300,0.0031178100,0.0042994200,0.0054884900,0.0060211600,0.0061817700,0.0063214700
2022-03-31,0.0008164400,0.0009468700,0.0013698200,0.0019053800,0.0025118800,0.0031308700,0.0042966400,0.0054833600,0.0059999800,0.0061736900,0.0063105400
2022-03-30,0.0008286400,0.0009618600,0.0013818300,0.0019275900,0.0025455000,0.0031653700,0.0042871000,0.0054532500,0.0059679800,0.0061407500,0.0062671100
2022-03-29,0.0008151000,0.0009643700,0.0013955300,0.0019022100,0.0025179700,0.0031545100,0.0043032700,0.0054852700,0.0060022100,0.0061747600,0.0063011100
2022-03-28,0.0009187400,0.0010658900,0.0015310800,0.0020920600,0.0027445200,0.0034176500,0.0045671100,0.0057547000,0.0062803800,0.0064548900,0.0065823100
2022-03-25,0.0009174000,0.0010645400,0.0015239800,0.0020801900,0.0027679600,0.0034717000,0.0046409500,0.0058135900,0.0063553800,0.0065295800,0.0066571700
2022-03-24,0.0010038600,0.0011587900,0.0016342400,0.0022225200,0.0029229500,0.0036259000,0.0047857600,0.0059539800,0.0064897200,0.0066669500,0.0067999400
2022-03-23,0.0009559500,0.0011072100,0.0015684200,0.0021421900,0.0028193300,0.0035010200,0.0046638000,0.0058576200,0.0064009600,0.0065638100,0.0067047400
2022-03-22,0.0009750000,0.0011275700,0.0015894600,0.0021420000,0.0028274300,0.0035345200,0.0047054100,0.0059056800,0.0064349200,0.0066099200,0.0067417500
2022-03-21,0.0009348300,0.0010918700,0.0015249500,0.0020951500,0.0027776300,0.0034773600,0.0046546300,0.0058610700,0.0063953800,0.0065574300,0.0067030600
2022-03-18,0.0008103300,0.0009340300,0.0012774500,0.0018703000,0.0025249900,0.0031864900,0.0043470300,0.0055923400,0.0061528900,0.0063161600,0.0064824300
2022-03-17,0.0007891300,0.0009138300,0.0012855000,0.0018582200,0.0024861300,0.0031487500,0.0043002300,0.0055380000,0.0060905400,0.0062640300,0.0064266400
2022-03-16,0.0008261800,0.0009550900,0.0013754700,0.0019760700,0.0026433200,0.0033415000,0.0045088800,0.0057298300,0.0062806000,0.0064587400,0.0066224400
2022-03-15,0.0009605300,0.0011043400,0.0016314800,0.0023266600,0.0030065400,0.0037255800,0.0048767700,0.0061203300,0.0066944700,0.0068731600,0.0070299500
2022-03-14,0.0009479300,0.0010927600,0.0015795800,0.0022430800,0.0029753900,0.0037218000,0.0049162400,0.0061385600,0.0067141800,0.0068812600,0.0070508400
2022-03-11,0.0009776800,0.0011170900,0.0016329200,0.0023251000,0.0030534600,0.0038164100,0.0049954600,0.0062198000,0.0067989400,0.0069687600,0.0071393900
2022-03-10,0.0009975800,0.0011467600,0.0016804500,0.0024243200,0.0031862600,0.0039551000,0.0051289100,0.0063588800,0.0069371500,0.0071184900,0.0072875200
2022-03-09,0.0009955000,0.0011564400,0.0017389500,0.0024591500,0.0032172200,0.0040152300,0.0051939600,0.0064169200,0.0069998200,0.0071810900,0.0073424600
2022-03-08,0.0011924900,0.0013640600,0.0020612700,0.0028589900,0.0036892500,0.0045600100,0.0057588300,0.0069751400,0.0075747300,0.0077610500,0.0079397500
2022-03-07,0.0013023000,0.0014707000,0.0021920800,0.0029963200,0.0038509800,0.0047419500,0.0059656600,0.0072143800,0.0078234000,0.0080115800,0.0081933700
2022-03-04,0.0011866000,0.0013417100,0.0019304600,0.0027024500,0.0035074800,0.0043381600,0.0055505000,0.0068059200,0.0074278500,0.0076230200,0.0078049200
2022-03-03,0.0010605600,0.0012128100,0.0016967400,0.0023884000,0.0031614000,0.0039287000,0.0051485000,0.0063904100,0.0069875600,0.0071737400,0.0073473200
2022-03-02,0.0010616400,0.0012100000,0.0017118200,0.0024178600,0.0031799500,0.0039465900,0.0051486200,0.0063996900,0.0069949700,0.0071820200,0.0073568200
2022-03-01,0.0010377100,0.0011765300,0.0016284700,0.0023017700,0.0030639700,0.0038334700,0.0050409400,0.0062905800,0.0068839900,0.0070712600,0.0072434100
2022-02-28,0.0010127100,0.0011469100,0.0016171700,0.0022888600,0.0030390900,0.0037914400,0.0049998800,0.0062484400,0.0068224100,0.0070091000,0.0071825600
2022-02-25,0.0009447000,0.0010795400,0.0015551700,0.0022068200,0.0029318300,0.0036515400,0.0048585200,0.0061025600,0.0066884800,0.0068724500,0.0070441700
2022-02-24,0.0010963400,0.0012455700,0.0017813800,0.0024711100,0.0032506400,0.0040229100,0.0052496400,0.0065096700,0.0071072500,0.0072956100,0.0074714900
2022-02-23,0.0009835500,0.0011089600,0.0015899300,0.0021987200,0.0029426200,0.0036811600,0.0048966100,0.0061429000,0.0067341500,0.0069201800,0.0070922700
2022-02-22,0.0009797700,0.0011116700,0.0016343000,0.0022739600,0.0030088000,0.0037234800,0.0049162000,0.0061992000,0.0067893300,0.0069749500,0.0071457000
2022-02-21,0.0009905200,0.0011159800,0.0016250200,0.0022498200,0.0029772000,0.0036811200,0.0049009200,0.0061586900,0.0067507600,0.0069369300,0.0070971500
2022-02-18,0.0009738200,0.0010992100,0.0015990600,0.0021931500,0.0028934200,0.0035707500,0.0047995100,0.0060606500,0.0066554900,0.0068419400,0.0070119800
2022-02-17,0.0009505400,0.0010704400,0.0015649600,0.0021517300,0.0028597900,0.0035357800,0.0047329000,0.0059783100,0.0065694000,0.0067533600,0.0069145000
2022-02-16,0.0009056000,0.0010226700,0.0014847100,0.0020871900,0.0027496000,0.0034292500,0.0045654400,0.0058366100,0.0064173200,0.0065856400,0.0067557000
2022-02-15,0.0009202100,0.0010506500,0.0015210800,0.0020970700,0.0027808300,0.0034697600,0.0046433100,0.0059066500,0.0064954700,0.0066677400,0.0068388500
2022-02-14,0.0009630200,0.0010871900,0.0015678000,0.0021666300,0.0028642600,0.0035657900,0.0047306400,0.0059835700,0.0065736900,0.0067589400,0.0069190700
2022-02-11,0.0009163100,0.0010548500,0.0014870000,0.0020540800,0.0027399900,0.0034306400,0.0045918800,0.0058315500,0.0064166900,0.0065991700,0.0067685600
2022-02-10,0.0008597000,0.0010033300,0.0014156600,0.0019625800,0.0026173700,0.0032860700,0.0044559300,0.0057014200,0.0062828300,0.0064529300,0.0066225900
2022-02-09,0.0008621900,0.0009987400,0.0014523100,0.0020074400,0.0026871500,0.0033896000,0.0045723100,0.0058291600,0.0064110700,0.0065935700,0.0067644800
2022-02-08,0.0009334000,0.0010874800,0.0015658500,0.0021275800,0.0028082800,0.0035174800,0.0046828200,0.0059385900,0.0065244300,0.0067086300,0.0068809900
2022-02-07,0.0010026300,0.0011535100,0.0016526300,0.0022469100,0.0029540000,0.0036843900,0.0048673900,0.0061256200,0.0067204900,0.0069081200,0.0070819300
2022-02-04,0.0009486300,0.0010965500,0.0015790000,0.0021233900,0.0027984500,0.0034983100,0.0046731100,0.0059213100,0.0065095500,0.0066940200,0.0068588300
2022-02-03,0.0008451900,0.0009835000,0.0014054200,0.0018982200,0.0025193800,0.0031580000,0.0043354700,0.0056121800,0.0061944100,0.0063627900,0.0065353100
2022-02-02,0.0007777500,0.0009007500,0.0012886800,0.0017781100,0.0023820300,0.0030077300,0.0041734200,0.0054342100,0.0060093200,0.0061754100,0.0063447500
2022-02-01,0.0007901500,0.0009137700,0.0013194100,0.0018333900,0.0024361700,0.0030632700,0.0041945200,0.0054610900,0.0060364700,0.0062028400,0.0063743600
2022-01-31,0.0008192200,0.0009468600,0.0013382100,0.0018446100,0.0024757000,0.0031345200,0.0042730100,0.0055295100,0.0061131900,0.0062833000,0.0064553100
2022-01-28,0.0008340300,0.0009644000,0.0013716200,0.0018629200,0.0024804300,0.0031187500,0.0042660800,0.0055285900,0.0061078500,0.0062900000,0.0064513100
2022-01-27,0.0007315000,0.0008457000,0.0012022000,0.0016602300,0.0022170800,0.0027891700,0.0039485400,0.0052121200,0.0057786100,0.0059574200,0.0061240700
2022-01-26,0.0007056900,0.0008191400,0.0011684400,0.0016027900,0.0021582200,0.0027312100,0.0039034600,0.0051648500,0.0057150300,0.0058949900,0.0060625200
2022-01-25,0.0007412700,0.0008575000,0.0012158400,0.0016591400,0.0022309500,0.0028192500,0.0039828600,0.0052480100,0.0058030500,0.0059841600,0.0061538400
2022-01-24,0.0007652500,0.0008825300,0.0012447400,0.0016964300,0.0022723000,0.0028667400,0.0040305300,0.0052936100,0.0058514900,0.0060314800,0.0062014300
2022-01-21,0.0007171400,0.0008350300,0.0011750100,0.0016166600,0.0021682400,0.0027381700,0.0039033100,0.0051648600,0.0057348800,0.0059005300,0.0060696400
2022-01-20,0.0006684300,0.0007730300,0.0010972200,0.0015628400,0.0021003200,0.0026341200,0.0037751400,0.0050200900,0.0055790900,0.0057424800,0.0059068800
2022-01-19,0.0006692100,0.0007745400,0.0010912900,0.0015518100,0.0020958800,0.0026288100,0.0037751900,0.0050059300,0.0055669400,0.0057428500,0.0058951200
2022-01-18,0.0006692100,0.0007744600,0.0010871000,0.0015213500,0.0020729300,0.0026295500,0.0037909100,0.0050105700,0.0055676000,0.0057427700,0.0058932800
2022-01-17,0.0006475900,0.0007508600,0.0011022000,0.0015620500,0.0020975200,0.0026439700,0.0037932500,0.0050467800,0.0056100700,0.0057888100,0.0059428800
2022-01-14,0.0006667000,0.0007712000,0.0011214500,0.0015685300,0.0020997100,0.0026418400,0.0038169000,0.0050799700,0.0056366400,0.0058193200,0.0059887400
2022-01-13,0.0006489700,0.0007506600,0.0010851200,0.0015422800,0.0020660100,0.0025856100,0.0037400900,0.0049893000,0.0055397500,0.0057190900,0.0058838200
2022-01-12,0.0006271600,0.0007267100,0.0010393300,0.0014910300,0.0020152700,0.0025675300,0.0037010400,0.0049266800,0.0054828400,0.0056576100,0.0058083000
2022-01-11,0.0006788400,0.0007850500,0.0010923500,0.0015039900,0.0020460600,0.0025969400,0.0037781900,0.0050415700,0.0056104900,0.0057887800,0.0059430500
2022-01-10,0.0007013200,0.0008093500,0.0011401100,0.0015716800,0.0020999600,0.0026501700,0.0038330700,0.0050962700,0.0056680200,0.0058478400,0.0060031600
2022-01-07,0.0006956600,0.0008016900,0.0011312100,0.0015532800,0.0020655000,0.0026034600,0.0037949400,0.0050650400,0.0056335900,0.0058142600,0.0059711000
2022-01-06,0.0006887800,0.0007945900,0.0011036100,0.0014935200,0.0020046800,0.0025321500,0.0037395600,0.0050317000,0.0055837300,0.0057649000,0.0059333100
2022-01-05,0.0006359000,0.0007363400,0.0010468200,0.0014462000,0.0019646300,0.0024774700,0.0036684500,0.0049294300,0.0054746300,0.0056531700,0.0058184100
2022-01-04,0.0006462100,0.0007500000,0.0010326600,0.0014446600,0.0019685700,0.0024843800,0.0036758800,0.0049226500,0.0054622200,0.0056398600,0.0057945100
2022-01-03,0.0006898100,0.0007976500,0.0011216700,0.0015200400,0.0020548300,0.0025814100,0.0038309200,0.0050883700,0.0056038700,0.0057745100,0.0059238500
2021-12-31,0.0006843600,0.0007910800,0.0011243500,0.0015291300,0.0020644800,0.0025826200,0.0038191900,0.0050921600,0.0056096200,0.0057782800,0.0059290100
2021-12-30,0.0006831400,0.0007891700,0.0011225400,0.0015336000,0.0020487000,0.0025743200,0.0038024000,0.0050703100,0.0055988600,0.0057529200,0.0059134600
2021-12-29,0.0006694800,0.0007738600,0.0010995400,0.0015331100,0.0020363000,0.0025502400,0.0037562100,0.0049906500,0.0055097700,0.0056637400,0.0058222000
2021-12-28,0.0006929400,0.0007990800,0.0011238400,0.0015480400,0.0020615100,0.0025757100,0.0037835400,0.0050262400,0.0055319900,0.0057000300,0.0058589100
2021-12-27,0.0006905600,0.0007963800,0.0011207500,0.0015480000,0.0020612600,0.0025768000,0.0037806000,0.0050201900,0.0055260400,0.0056938600,0.0058522700
2021-12-24,0.0006754200,0.0007789700,0.0011022700,0.0015471700,0.0020600300,0.0025826400,0.0037624300,0.0049827900,0.0054897300,0.0056562000,0.0058121400
2021-12-23,0.0006645600,0.0007677100,0.0010817900,0.0015350500,0.0020408300,0.0025781300,0.0037447800,0.0049654800,0.0055042700,0.0056749500,0.0058238700
2021-12-22,0.0007205000,0.0008337900,0.0011300500,0.0015520000,0.0020888800,0.0026517500,0.0038510600,0.0050896700,0.0056235600,0.0057989100,0.0059628300
2021-12-21,0.0007474600,0.0008656500,0.0011629300,0.0016534700,0.0021516400,0.0027086000,0.0038943500,0.0051636300,0.0057067500,0.0058843300,0.0060497600
2021-12-20,0.0007189600,0.0008318300,0.0011720200,0.0016461700,0.0021964000,0.0027681800,0.0039432300,0.0051526600,0.0057052100,0.0058800300,0.0060338400
2021-12-17,0.0007050000,0.0008317100,0.0011623200,0.0016628000,0.0021674600,0.0027181500,0.0039129200,0.0051436500,0.0056981300,0.0058724100,0.0060359800
2021-12-16,0.0006935700,0.0008125200,0.0011337500,0.0016032000,0.0021284700,0.0026844800,0.0038687800,0.0050995100,0.0056772000,0.0058481400,0.0060072500
2021-12-15,0.0007132100,0.0008487400,0.0011695900,0.0016265600,0.0021836500,0.0027439900,0.0039334400,0.0051799300,0.0058478100,0.0060291800,0.0061835100
2021-12-14,0.0007138400,0.0008590700,0.0011746700,0.0016368500,0.0022029100,0.0027584500,0.0039274100,0.0051752000,0.0058220100,0.0060054100,0.0061726900
2021-12-13,0.0006927300,0.0008332500,0.0011560900,0.0016303200,0.0021899800,0.0027466400,0.0039205200,0.0051283200,0.0057547100,0.0059354000,0.0060919400
2021-12-10,0.0007413000,0.0008649600,0.0012326700,0.0016904100,0.0022333900,0.0027916900,0.0040390200,0.0052339300,0.0057761200,0.0059357600,0.0061007300
2021-12-09,0.0007143800,0.0008441100,0.0011869800,0.0016561400,0.0021900600,0.0027537800,0.0039862300,0.0051747500,0.0057096500,0.0058683500,0.0060318800
2021-12-08,0.0007052900,0.0008236200,0.0011766200,0.0016761000,0.0022187600,0.0027828500,0.0040032400,0.0052025900,0.0057231100,0.0058849300,0.0060480300
2021-12-07,0.0007130400,0.0008348300,0.0011882800,0.0016784400,0.0022213400,0.0027908200,0.0040254900,0.0052252100,0.0057471100,0.0059184100,0.0060709300
2021-12-06,0.0007289200,0.0008518100,0.0012193500,0.0017385800,0.0022996400,0.0028807100,0.0040953000,0.0052963400,0.0058376100,0.0059966000,0.0061596000
2021-12-03,0.0007383500,0.0008664500,0.0012387900,0.0017469600,0.0023087400,0.0028902500,0.0041155700,0.0053304400,0.0058797700,0.0060409800,0.0062056200
2021-12-02,0.0007270700,0.0008602600,0.0012245600,0.0017470100,0.0023091700,0.0028922700,0.0040936100,0.0052964300,0.0058419500,0.0060025500,0.0061667300
2021-12-01,0.0007038300,0.0008270400,0.0011766900,0.0016918400,0.0022436700,0.0028201600,0.0039746900,0.0051752100,0.0057093900,0.0058666500,0.0060270000
2021-11-30,0.0007139700,0.0008461400,0.0012107600,0.0017277300,0.0022832500,0.0028583500,0.0040651200,0.0052581700,0.0058005000,0.0059614200,0.0061229600
2021-11-29,0.0007390300,0.0008696300,0.0012426100,0.0017513700,0.0022922300,0.0028622500,0.0040356900,0.0052167200,0.0057531900,0.0059254900,0.0060825000
2021-11-26,0.0007589600,0.0008933800,0.0012663000,0.0018086600,0.0023498500,0.0029232600,0.0041028800,0.0053038500,0.0058311100,0.0060068700,0.0061775600
2021-11-25,0.0006854800,0.0008073700,0.0011449800,0.0016719700,0.0021686000,0.0027011300,0.0038468400,0.0050074300,0.0055230000,0.0056945100,0.0058599900
2021-11-24,0.0006973900,0.0008278300,0.0011833500,0.0017066800,0.0022146800,0.0027537700,0.0039272800,0.0050995200,0.0056162000,0.0057885000,0.0059477600
2021-11-23,0.0006942100,0.0008142800,0.0011629700,0.0016515500,0.0021798400,0.0027263800,0.0038895300,0.0050693500,0.0055637200,0.0057237200,0.0058948900
2021-11-22,0.0006748800,0.0007964200,0.0011438400,0.0016500600,0.0021507700,0.0026844000,0.0038369700,0.0049968100,0.0054374200,0.0055768000,0.0057203900
2021-11-19,0.0006741900,0.0007931100,0.0011290500,0.0016223500,0.0021510400,0.0026874200,0.0038113300,0.0049103900,0.0054192800,0.0055891100,0.0057551800
2021-11-18,0.0005447300,0.0006417300,0.0010299700,0.0015528900,0.0020468800,0.0025937200,0.0037861100,0.0050017200,0.0055222200,0.0056964100,0.0058661800
2021-11-17,0.0006335700,0.0007462600,0.0011037300,0.0015881400,0.0021023700,0.0026245800,0.0037551200,0.0048979900,0.0054082300,0.0055788600,0.0057440000
2021-11-16,0.0006312200,0.0007439300,0.0011047500,0.0015907900,0.0021001600,0.0026180800,0.0037518200,0.0049035900,0.0054143800,0.0055852600,0.0057403100
2021-11-15,0.0006530500,0.0007692200,0.0011485600,0.0016491200,0.0021387900,0.0026411700,0.0038026400,0.0050112700,0.0055348000,0.0057097800,0.0058695700
2021-11-12,0.0006283900,0.0007491900,0.0010966300,0.0015852800,0.0020665100,0.0025610300,0.0037083000,0.0048568400,0.0053664200,0.0055344100,0.0056908800
2021-11-11,0.0006368000,0.0007518100,0.0010688500,0.0015830500,0.0020604500,0.0025780300,0.0037307300,0.0049454500,0.0054771400,0.0056367600,0.0058074500
2021-11-10,0.0006313800,0.0007517500,0.0010839600,0.0015680500,0.0020769600,0.0026090200,0.0037554100,0.0049719000,0.0054911400,0.0056655600,0.0058368700
2021-11-09,0.0006405300,0.0007523900,0.0010830700,0.0015639700,0.0020618700,0.0025815200,0.0037312000,0.0049204700,0.0054359200,0.0056064000,0.0057753200
2021-11-08,0.0006472000,0.0007608800,0.0010975000,0.0015648100,0.0020489300,0.0025722900,0.0037041900,0.0048729400,0.0053987100,0.0055564000,0.0057241400
2021-11-05,0.0006395700,0.0007591200,0.0010562500,0.0015246000,0.0020104200,0.0025275300,0.0036749200,0.0048678000,0.0053781400,0.0055485500,0.0057138900
2021-11-04,0.0006577900,0.0007695100,0.0011138400,0.0015935800,0.0020745800,0.0025889200,0.0037488600,0.0049227600,0.0054358300,0.0056075800,0.0057635800
2021-11-03,0.0006680900,0.0007797200,0.0010825200,0.0015483900,0.0020714900,0.0026146100,0.0037447400,0.0049616100,0.0054752400,0.0056464900,0.0058030800
2021-11-02,0.0006563600,0.0007661200,0.0010746500,0.0015484700,0.0020741900,0.0026169600,0.0037407900,0.0049508700,0.0054650700,0.0056342400,0.0058013800
2021-11-01,0.0006700400,0.0007827000,0.0011259200,0.0016062300,0.0021080000,0.0026406100,0.0037890400,0.0049838600,0.0055188500,0.0056763100,0.0058456800
2021-10-29,0.0006921300,0.0008079400,0.0011514300,0.0016272800,0.0021246900,0.0026523600,0.0038073100,0.0049728200,0.0055083100,0.0056678800,0.0058371900
2021-10-28,0.0006603200,0.0007721600,0.0011248100,0.0016165300,0.0020966700,0.0026090400,0.0037318100,0.0048487100,0.0053631900,0.0055341900,0.0057008200
2021-10-27,0.0006407400,0.0007496000,0.0010688400,0.0015194800,0.0019983500,0.0025168500,0.0036522100,0.0048220600,0.0053330600,0.0055024800,0.0056682800
2021-10-26,0.0006645200,0.0007769400,0.0011085800,0.0015603500,0.0020452800,0.0025481900,0.0037045000,0.0048609500,0.0053766200,0.0055479600,0.0057153900
2021-10-25,0.0006416600,0.0007488000,0.0010591500,0.0014650100,0.0019652200,0.0024995800,0.0036731400,0.0048458500,0.0053540700,0.0055225500,0.0056786000
2021-10-22,0.0006700200,0.0007826200,0.0010736000,0.0015235600,0.0019742700,0.0024882300,0.0036561300,0.0048432100,0.0053512100,0.0055191200,0.0056852800
2021-10-21,0.0006662800,0.0007795200,0.0010699100,0.0015230200,0.0019709800,0.0024854700,0.0036551900,0.0048387800,0.0053477500,0.0055159400,0.0056822200
2021-10-20,0.0006557500,0.0007662100,0.0010747600,0.0015480800,0.0020126600,0.0025241600,0.0036827000,0.0048746800,0.0053863400,0.0055555300,0.0057225900
2021-10-19,0.0006248200,0.0007304600,0.0010632400,0.0015150400,0.0019998100,0.0025096100,0.0036406000,0.0047873900,0.0052896900,0.0054557500,0.0056104200
2021-10-18,0.0006543300,0.0007651900,0.0010971900,0.0015536200,0.0020405300,0.0025686400,0.0037187400,0.0048883100,0.0053994900,0.0055686000,0.0057357900
2021-10-15,0.0006911100,0.0008085100,0.0011063900,0.0015802900,0.0020562800,0.0025864000,0.0037333100,0.0049158200,0.0054283400,0.0055979900,0.0057660200
2021-10-14,0.0006896300,0.0008082700,0.0011118900,0.0015581900,0.0020492000,0.0025907600,0.0037629000,0.0049463000,0.0054561700,0.0056241500,0.0057901900
2021-10-13,0.0007084900,0.0008370100,0.0011371300,0.0016111300,0.0020991300,0.0026425400,0.0037908600,0.0049970100,0.0055108700,0.0056776200,0.0058439100
2021-10-12,0.0006932900,0.0008190600,0.0011703000,0.0016278400,0.0021256700,0.0026604000,0.0038095200,0.0049427700,0.0054637800,0.0056169200,0.0057803800
2021-10-11,0.0007120200,0.0008327400,0.0011628800,0.0016230200,0.0021363300,0.0026871000,0.0038486700,0.0050371400,0.0055520700,0.0057190900,0.0058757000
2021-10-08,0.0006933200,0.0008218900,0.0011505700,0.0016329700,0.0021176800,0.0026534400,0.0038154900,0.0049984600,0.0055252600,0.0056780700,0.0058465600
2021-10-07,0.0007166000,0.0008384600,0.0011703400,0.0016317600,0.0021701100,0.0027260900,0.0038792300,0.0050513300,0.0055799400,0.0057361200,0.0059059600
2021-10-06,0.0007513800,0.0008764100,0.0012095300,0.0016894000,0.0022107400,0.0027792800,0.0039452400,0.0051302400,0.0056517900,0.0058214500,0.0059906200
2021-10-05,0.0007026000,0.0008231100,0.0011511800,0.0015975700,0.0021088900,0.0026492200,0.0038239200,0.0050072600,0.0055395400,0.0056940100,0.0058622600
2021-10-04,0.0006864800,0.0008104200,0.0011322900,0.0015629900,0.0021021800,0.0026567700,0.0038239900,0.0050140100,0.0055470200,0.0057044500,0.0058737000
2021-10-01,0.0007002100,0.0008186800,0.0011196100,0.0015299600,0.0020590600,0.0026068700,0.0037708100,0.0049369900,0.0054476900,0.0056163800,0.0057837600
2021-09-30,0.0006907200,0.0008073800,0.0011341300,0.0015687800,0.0020791300,0.0026164100,0.0037919800,0.0049826500,0.0055014400,0.0056712000,0.0058423800
2021-09-29,0.0006340500,0.0007439300,0.0010772200,0.0015056800,0.0020231200,0.0025584600,0.0037265300,0.0049062000,0.0054187800,0.0055861400,0.0057538900
2021-09-28,0.0006340500,0.0007439300,0.0010772200,0.0015056800,0.0020231200,0.0025584600,0.0037265300,0.0049062000,0.0054187800,0.0055861400,0.0057538900
2021-09-27,0.0006599600,0.0007732100,0.0011057300,0.0015500700,0.0020453700,0.0025856000,0.0036810500,0.0048634000,0.0053727900,0.0055406700,0.0056939200
2021-09-24,0.0006692800,0.0007900500,0.0011198300,0.0015620000,0.0020640100,0.0026097800,0.0037086900,0.0048886500,0.0053993800,0.0055677200,0.0057220600
2021-09-23,0.0006639100,0.0007801900,0.0010697300,0.0014780700,0.0020030800,0.0025619000,0.0036840500,0.0048682900,0.0053809500,0.0055474700,0.0057026500
2021-09-22,0.0007249200,0.0008488200,0.0011775400,0.0016518500,0.0021553700,0.0027098700,0.0038479900,0.0050109100,0.0055376100,0.0056939500,0.0058623800
2021-09-21,0.0007080000,0.0008383800,0.0011727600,0.0016190100,0.0021604900,0.0027262500,0.0038740500,0.0050536800,0.0055677100,0.0057376800,0.0059060900
2021-09-20,0.0007460400,0.0008852500,0.0012178600,0.0016938900,0.0022131000,0.0027755100,0.0039265400,0.0051215300,0.0056445200,0.0058169200,0.0059890900
2021-09-17,0.0006555200,0.0007636800,0.0010631900,0.0014507300,0.0019448800,0.0024538200,0.0036600400,0.0049038100,0.0054334500,0.0056042400,0.0057924100
2021-09-16,0.0006458200,0.0007590000,0.0010813100,0.0015128900,0.0020030600,0.0025154900,0.0036883300,0.0048812100,0.0054096500,0.0055782800,0.0057562300
2021-09-15,0.0006369600,0.0007396900,0.0010380700,0.0014957300,0.0019420500,0.0024496700,0.0036073300,0.0048617600,0.0053981500,0.0055533900,0.0057409600
2021-09-14,0.0006225200,0.0007216100,0.0010344900,0.0014715000,0.0019333000,0.0024412400,0.0035945900,0.0048419300,0.0053625400,0.0055310600,0.0057178300
2021-09-13,0.0006304500,0.0007323400,0.0010299200,0.0014578600,0.0019185400,0.0024268400,0.0035906700,0.0048423100,0.0053653000,0.0055345500,0.0057219400
2021-09-10,0.0006175500,0.0007157800,0.0010307200,0.0014409600,0.0019098000,0.0024174400,0.0035741600,0.0047962500,0.0053145200,0.0054817500,0.0056674100
2021-09-09,0.0006473300,0.0007514400,0.0010335500,0.0014763500,0.0019274100,0.0024310800,0.0035902600,0.0048173200,0.0053417800,0.0055089500,0.0056980600
2021-09-08,0.0006508300,0.0007539800,0.0010388400,0.0014952000,0.0019418000,0.0024435200,0.0035946700,0.0048373000,0.0053710000,0.0055257900,0.0057135400
2021-09-07,0.0006173900,0.0007155700,0.0010351400,0.0014695800,0.0019108900,0.0024253100,0.0035803600,0.0048265700,0.0053387000,0.0055050500,0.0056910600
2021-09-06,0.0006239000,0.0007252200,0.0010330200,0.0014603900,0.0019346200,0.0024456500,0.0036099300,0.0048713800,0.0053877300,0.0055549800,0.0057420400
2021-09-03,0.0006948500,0.0008044900,0.0011239700,0.0015991800,0.0020704400,0.0025963800,0.0037795000,0.0050423100,0.0055751100,0.0057468000,0.0059351500
2021-09-02,0.0006823900,0.0007904800,0.0011159500,0.0016121400,0.0020742300,0.0025982600,0.0037548500,0.0049967000,0.0055399200,0.0057098700,0.0058865300
2021-09-01,0.0006588700,0.0007635300,0.0011097500,0.0015572700,0.0020535100,0.0025907500,0.0037593100,0.0050282100,0.0055577000,0.0057296600,0.0059190900
2021-08-31,0.0006751900,0.0007830500,0.0011244100,0.0015787600,0.0020684500,0.0026060600,0.0037731300,0.0050340200,0.0055652700,0.0057377800,0.0059258600
2021-08-30,0.0007064200,0.0008186400,0.0011490800,0.0016406900,0.0021397200,0.0026736900,0.0038325800,0.0050976300,0.0056335600,0.0058074700,0.0059977000
2021-08-27,0.0006873100,0.0007966000,0.0011249200,0.0016463800,0.0021475700,0.0026723500,0.0038169000,0.0050803600,0.0056169700,0.0057887800,0.0059782800
2021-08-26,0.0006729800,0.0007791800,0.0011347400,0.0016374200,0.0021609600,0.0027242000,0.0038313900,0.0050851000,0.0056360200,0.0057965300,0.0059858800
2021-08-25,0.0006970400,0.0008154000,0.0011483500,0.0016572600,0.0021383100,0.0026654000,0.0038162500,0.0050831300,0.0056218100,0.0057957100,0.0059856300
2021-08-24,0.0007015100,0.0008112700,0.0011433400,0.0016384500,0.0021223600,0.0026630300,0.0037991000,0.0050620900,0.0056128200,0.0057844100,0.0059721800
2021-08-23,0.0007118300,0.0008236900,0.0011688300,0.0016214100,0.0021262700,0.0026649800,0.0038254900,0.0050938000,0.0056471600,0.0058198200,0.0060088000
2021-08-20,0.0007076300,0.0008276800,0.0011721300,0.0016218500,0.0021350800,0.0026740800,0.0038384500,0.0051062600,0.0056581000,0.0058311900,0.0060199100
2021-08-19,0.0007377800,0.0008500800,0.0012051000,0.0016577500,0.0021700100,0.0027079600,0.0038638200,0.0051329600,0.0056735600,0.0058468300,0.0060380300
2021-08-18,0.0006150800,0.0007096400,0.0010559100,0.0015152100,0.0020122100,0.0025213900,0.0036310000,0.0048837300,0.0054209400,0.0055743800,0.0057612500
2021-08-17,0.0006688100,0.0007729300,0.0010722100,0.0015420200,0.0019960000,0.0025164700,0.0036604100,0.0049268500,0.0054709100,0.0056262900,0.0058153100
2021-08-16,0.0006733300,0.0007781700,0.0010800100,0.0015468600,0.0020020900,0.0025223500,0.0036664400,0.0049269300,0.0054696400,0.0056263000,0.0058143200
2021-08-13,0.0007026000,0.0008116400,0.0010993700,0.0015734200,0.0020274200,0.0025405300,0.0036878300,0.0049529400,0.0054998900,0.0056695100,0.0058554000
2021-08-12,0.0007044400,0.0008135800,0.0010988900,0.0015737800,0.0020271500,0.0025405400,0.0036873900,0.0049527400,0.0054992000,0.0056689500,0.0058441400
2021-08-11,0.0006961100,0.0008032800,0.0010958700,0.0015775300,0.0020241600,0.0025303200,0.0036770900,0.0049336900,0.0054764700,0.0056451700,0.0058205200
2021-08-10,0.0007493500,0.0008645100,0.0011451000,0.0016223900,0.0020560900,0.0025669900,0.0037237400,0.0049714700,0.0055228100,0.0056943500,0.0058819000
2021-08-09,0.0007365300,0.0008466700,0.0011281900,0.0015680300,0.0020053000,0.0025127000,0.0036934500,0.0049654000,0.0055150400,0.0056872300,0.0058654400
2021-08-06,0.0007347700,0.0008469600,0.0011036300,0.0015540500,0.0019597200,0.0024623600,0.0036299000,0.0049130100,0.0054419300,0.0056149800,0.0058032500
2021-08-05,0.0006993200,0.0008061900,0.0010884600,0.0015082300,0.0019367200,0.0024170300,0.0035691800,0.0048276500,0.0053214500,0.0054898600,0.0056642700
2021-08-04,0.0006914200,0.0008005900,0.0010607500,0.0015010500,0.0019571000,0.0024352900,0.0035867700,0.0048415900,0.0052665000,0.0054039600,0.0055578900
2021-08-03,0.0007034000,0.0008151100,0.0011072800,0.0015346300,0.0019887000,0.0024714200,0.0036346500,0.0048847800,0.0053409600,0.0054799600,0.0056448900
2021-08-02,0.0006695900,0.0007805200,0.0010824100,0.0015191200,0.0019833100,0.0024767100,0.0035983200,0.0048550000,0.0053794300,0.0055487200,0.0057226400
2021-07-30,0.0006917700,0.0007968700,0.0011035800,0.0015264600,0.0019728500,0.0024554800,0.0035726000,0.0048117100,0.0053313200,0.0054966100,0.0056699300
2021-07-29,0.0006805000,0.0007864600,0.0010964600,0.0015166200,0.0019669500,0.0024501900,0.0035659800,0.0048076700,0.0053416400,0.0054933000,0.0056779500
2021-07-28,0.0007059000,0.0008156700,0.0011365300,0.0015744400,0.0020463000,0.0025523800,0.0036660100,0.0049225000,0.0054662100,0.0056231700,0.0058127200
2021-07-27,0.0007188200,0.0008294100,0.0011481700,0.0015950200,0.0020670800,0.0025910800,0.0036832600,0.0049412700,0.0054677500,0.0056382300,0.0058266000
2021-07-26,0.0007324200,0.0008511700,0.0011747400,0.0016267600,0.0021025900,0.0026116100,0.0037468600,0.0050210900,0.0055550600,0.0057280200,0.0059204900
2021-07-23,0.0007536400,0.0008694900,0.0011842500,0.0016462500,0.0021140700,0.0026201300,0.0037612700,0.0050300700,0.0055643000,0.0057370800,0.0059291400
2021-07-22,0.0007461800,0.0008704500,0.0011881900,0.0016737600,0.0021299200,0.0026427300,0.0037708600,0.0050335600,0.0055699000,0.0057410800,0.0059307700
2021-07-21,0.0007759700,0.0008933600,0.0012231400,0.0017335100,0.0021908500,0.0027308400,0.0038515600,0.0051068800,0.0056596600,0.0058197400,0.0060110400
2021-07-20,0.0007918800,0.0009127500,0.0012568100,0.0017407600,0.0022235900,0.0027490200,0.0038773700,0.0051437000,0.0056967800,0.0058688800,0.0060567200
2021-07-19,0.0007830100,0.0009076100,0.0012597200,0.0017711400,0.0022541100,0.0027847000,0.0039348600,0.0052002800,0.0057563100,0.0059307800,0.0061198400
2021-07-16,0.0007653700,0.0008820000,0.0012103500,0.0016804000,0.0021587000,0.0026715600,0.0038109700,0.0050827300,0.0056185700,0.0057916600,0.0059784200
2021-07-15,0.0007376300,0.0008501000,0.0012132000,0.0016851200,0.0021733500,0.0026743200,0.0038160400,0.0050827800,0.0056295800,0.0058009000,0.0059758800
2021-07-14,0.0007637300,0.0008791400,0.0012514300,0.0017279000,0.0022102900,0.0027212200,0.0038623900,0.0051212900,0.0056510600,0.0058207200,0.0059995900
2021-07-13,0.0007345700,0.0008364300,0.0012140000,0.0016900400,0.0021796200,0.0026808400,0.0038157800,0.0050903900,0.0055708100,0.0056948500,0.0058629000
2021-07-12,0.0007726900,0.0008899100,0.0012483000,0.0017761100,0.0022455700,0.0027610300,0.0038993900,0.0051660300,0.0057171100,0.0058898000,0.0060791800
2021-07-09,0.0007746700,0.0009002300,0.0012580400,0.0017838400,0.0022659900,0.0027773800,0.0039261600,0.0051960100,0.0057360000,0.0059113300,0.0061029100
2021-07-08,0.0007879000,0.0009127700,0.0012707700,0.0018001500,0.0022830300,0.0027935200,0.0039436100,0.0052131300,0.0057533800,0.0059276600,0.0061172600
2021-07-07,0.0007641900,0.0008901700,0.0012310300,0.0017552100,0.0022237000,0.0027159200,0.0038672500,0.0051178900,0.0056684300,0.0058373700,0.0060249500
2021-07-06,0.0007680700,0.0008847800,0.0012583300,0.0017659900,0.0022652500,0.0027833700,0.0039134800,0.0051544400,0.0057081600,0.0058666400,0.0060570900
2021-07-05,0.0007931400,0.0009111500,0.0012730800,0.0017898800,0.0022964000,0.0028094000,0.0039305600,0.0051979700,0.0057536000,0.0059149000,0.0061071900
2021-07-02,0.0008117400,0.0009350700,0.0012893700,0.0018322800,0.0023317300,0.0028285900,0.0039757500,0.0052229600,0.0057790100,0.0059523200,0.0061419500
2021-07-01,0.0008293500,0.0009555700,0.0013056000,0.0018842700,0.0023785900,0.0029001700,0.0040383000,0.0052624200,0.0058215000,0.0059961000,0.0061885500
2021-06-30,0.0008389000,0.0009734800,0.0013352200,0.0018977700,0.0024014500,0.0029363500,0.0040646800,0.0053114700,0.0058479300,0.0060127800,0.0062080700
2021-06-29,0.0008193100,0.0009416900,0.0013036400,0.0018389700,0.0023606500,0.0028931300,0.0040445600,0.0052846600,0.0057353200,0.0058815800,0.0060553100
2021-06-28,0.0008342400,0.0009460100,0.0013141800,0.0018029100,0.0023112200,0.0028697600,0.0039904200,0.0052394600,0.0057107100,0.0058532900,0.0060237400
2021-06-25,0.0008007900,0.0009181600,0.0012614500,0.0017621500,0.0023022600,0.0029071100,0.0039767600,0.0052284000,0.0057558500,0.0059133700,0.0061045700
2021-06-24,0.0008257900,0.0009396500,0.0013423300,0.0018651600,0.0023853400,0.0029379400,0.0040714700,0.0053260200,0.0058196800,0.0059525500,0.0061255700
2021-06-23,0.0008134800,0.0009457900,0.0013558900,0.0019018300,0.0024190600,0.0029538400,0.0040986300,0.0053464800,0.0058823000,0.0060569300,0.0062492000
2021-06-22,0.0008739900,0.0009998200,0.0014007600,0.0019699300,0.0025066700,0.0030813800,0.0042110500,0.0054549700,0.0059417200,0.0060908500,0.0062661200
2021-06-21,0.0009036800,0.0010367500,0.0014385600,0.0020142500,0.0025354900,0.0030941800,0.0042225900,0.0054668800,0.0060202700,0.0062007700,0.0063994600
2021-06-18,0.0008614900,0.0010039000,0.0014154300,0.0019554000,0.0024807300,0.0030215200,0.0041502700,0.0053969500,0.0059389200,0.0061139200,0.0063091700
2021-06-17,0.0008355400,0.0009816400,0.0013822900,0.0018993700,0.0024200600,0.0029623600,0.0041090100,0.0053649700,0.0059294300,0.0060925800,0.0062893600
2021-06-16,0.0008009100,0.0009429900,0.0013253500,0.0018261400,0.0023339500,0.0028686500,0.0040075600,0.0052531500,0.0058160900,0.0059792400,0.0061738500
2021-06-15,0.0008090900,0.0009420800,0.0013426400,0.0018019800,0.0023001800,0.0028156700,0.0039581300,0.0051885200,0.0057492700,0.0059131600,0.0061107500
2021-06-14,0.0007743100,0.0009129800,0.0012548600,0.0017298700,0.0022177500,0.0027294800,0.0038828200,0.0051239400,0.0056814400,0.0058549400,0.0060496200
2021-06-11,0.0007657800,0.0009009400,0.0012357400,0.0017376300,0.0022214800,0.0027229600,0.0038457200,0.0050886000,0.0056372500,0.0057986000,0.0059925200
2021-06-10,0.0007901000,0.0009190300,0.0013013300,0.0017457100,0.0022412300,0.0027552500,0.0039009300,0.0051651200,0.0057083700,0.0058854200,0.0060806600
2021-06-09,0.0007494300,0.0008732800,0.0012600700,0.0017178000,0.0022092900,0.0027168300,0.0038211700,0.0050674100,0.0056148300,0.0057866400,0.0059753500
2021-06-08,0.0007811700,0.0009107000,0.0012951700,0.0017511700,0.0022463400,0.0027568700,0.0039040300,0.0051460200,0.0057025700,0.0058775500,0.0060652500
2021-06-07,0.0007956900,0.0009269200,0.0013025700,0.0017636900,0.0022534400,0.0027515600,0.0039057000,0.0051370400,0.0056912400,0.0058666400,0.0060548000
2021-06-04,0.0007365200,0.0008677600,0.0011971700,0.0016759700,0.0021525400,0.0026552300,0.0037990700,0.0051019100,0.0056422100,0.0058187900,0.0060099000
2021-06-03,0.0007586000,0.0008844300,0.0012223700,0.0016775900,0.0021600400,0.0026706000,0.0038057200,0.0051081500,0.0056502000,0.0058262000,0.0060162500
2021-06-02,0.0007480800,0.0008820500,0.0012264700,0.0016729900,0.0021485800,0.0026428700,0.0037652400,0.0050485200,0.0055853000,0.0057595700,0.0059485600
2021-06-01,0.0007315500,0.0008636600,0.0012197800,0.0016700400,0.0021520300,0.0026506400,0.0037868900,0.0050830300,0.0056381500,0.0058115100,0.0060008100
2021-05-31,0.0007576400,0.0008913900,0.0012523800,0.0016994700,0.0021973900,0.0027130400,0.0038846800,0.0051897000,0.0057483900,0.0059227600,0.0061139000
2021-05-28,0.0007585700,0.0008925100,0.0012515800,0.0017021000,0.0022002100,0.0027136000,0.0038901400,0.0051664600,0.0057215100,0.0058945900,0.0060847000
2021-05-27,0.0007708500,0.0009069900,0.0012561700,0.0017321400,0.0022356800,0.0027407600,0.0039333000,0.0051993900,0.0057587000,0.0059316600,0.0061233800
2021-05-26,0.0007887600,0.0009281500,0.0012654600,0.0017547500,0.0022552100,0.0027776300,0.0039296700,0.0052047600,0.0057691200,0.0059306300,0.0061248500
2021-05-25,0.0007981100,0.0009387100,0.0012610000,0.0017626500,0.0022533100,0.0027794900,0.0038976500,0.0051835700,0.0057458000,0.0059071600,0.0061000500
2021-05-24,0.0007784700,0.0009061100,0.0012666600,0.0017366900,0.0022391700,0.0027698900,0.0039372400,0.0052356200,0.0058032900,0.0059664900,0.0061610500
2021-05-21,0.0007905600,0.0009231300,0.0012656300,0.0017453300,0.0022408600,0.0027722500,0.0039154100,0.0051960400,0.0057582600,0.0059196400,0.0061095400
2021-05-20,0.0008018300,0.0009436200,0.0012998600,0.0018061500,0.0023055400,0.0028352100,0.0039389500,0.0052212900,0.0057842900,0.0059464500,0.0061391500
2021-05-19,0.0008042600,0.0009461700,0.0013191000,0.0018332900,0.0023485800,0.0028793800,0.0040218100,0.0052889600,0.0058610200,0.0060277400,0.0062230300
2021-05-18,0.0007801100,0.0009101600,0.0013002500,0.0017635800,0.0022698000,0.0027959800,0.0039324800,0.0052169600,0.0057858900,0.0059624400,0.0061555900
2021-05-17,0.0007805700,0.0009199300,0.0013148900,0.0017661000,0.0022581400,0.0027730300,0.0038606700,0.0051468700,0.0057090200,0.0058726400,0.0060657100
2021-05-14,0.0007969100,0.0009384700,0.0012784500,0.0017697900,0.0022622900,0.0027981400,0.0038822400,0.0051684600,0.0057313400,0.0059063600,0.0061015400
2021-05-13,0.0007688800,0.0009059800,0.0012569100,0.0017491100,0.0022478700,0.0027803900,0.0038678500,0.0051972400,0.0057637600,0.0059301400,0.0061369900
2021-05-12,0.0007730500,0.0009083400,0.0012889600,0.0018104600,0.0023126800,0.0028177100,0.0039189600,0.0051690000,0.0057211900,0.0059006200,0.0060949000
2021-05-11,0.0007890500,0.0009193600,0.0012743000,0.0017618800,0.0022481700,0.0027499200,0.0038729000,0.0051342900,0.0056925700,0.0058687500,0.0060609500
2021-05-10,0.0007820300,0.0009211500,0.0012853500,0.0017356700,0.0022296900,0.0027305300,0.0039153300,0.0052155300,0.0057710500,0.0059516400,0.0061491500
2021-05-07,0.0007793100,0.0009176300,0.0012836600,0.0017393000,0.0022342300,0.0027357200,0.0039118800,0.0052114900,0.0057804100,0.0059601300,0.0061566600
2021-05-06,0.0007944800,0.0009262100,0.0012971700,0.0017747300,0.0022658100,0.0027635200,0.0038865200,0.0051839400,0.0057330900,0.0059136200,0.0061091900
2021-05-05,0.0007627000,0.0008884400,0.0012546900,0.0017212100,0.0022072200,0.0027010000,0.0038259800,0.0051303700,0.0056504300,0.0058257100,0.0060107700
2021-05-04,0.0007426100,0.0008684800,0.0012106500,0.0016963000,0.0021795600,0.0026750400,0.0037899700,0.0051096900,0.0055682800,0.0056946700,0.0058662800
2021-05-03,0.0007962800,0.0009312800,0.0012524000,0.0017210800,0.0022084300,0.0027253300,0.0038384200,0.0051764000,0.0056599800,0.0057969400,0.0059697000
2021-04-30,0.0007736000,0.0009045000,0.0012400700,0.0017234300,0.0022019600,0.0027105000,0.0037878400,0.0050816200,0.0055663200,0.0057176800,0.0058865500
2021-04-29,0.0007468400,0.0008718000,0.0012078600,0.0016544500,0.0021437500,0.0026540200,0.0038360400,0.0051754300,0.0057283900,0.0059166700,0.0061126600
2021-04-28,0.0007566100,0.0008913600,0.0012320500,0.0016867000,0.0021763800,0.0026905600,0.0038386500,0.0051799500,0.0057456700,0.0059329600,0.0061272700
2021-04-27,0.0007714500,0.0009000000,0.0012472300,0.0017186200,0.0022087400,0.0027196800,0.0038394400,0.0051598000,0.0057097400,0.0058980600,0.0060928800
2021-04-26,0.0007604700,0.0008870700,0.0012394900,0.0016945900,0.0021828600,0.0026921000,0.0038298200,0.0051528400,0.0057050200,0.0058928300,0.0060873600
2021-04-23,0.0007739500,0.0009023700,0.0012519800,0.0017454200,0.0022215300,0.0027070500,0.0037889300,0.0050577900,0.0056149300,0.0057977400,0.0059878700
2021-04-22,0.0007475500,0.0008807200,0.0012384300,0.0017116900,0.0021975000,0.0026874100,0.0038053500,0.0051066700,0.0056707600,0.0058544000,0.0060467900
2021-04-21,0.0007424600,0.0008665800,0.0012313300,0.0017239900,0.0022059200,0.0026926200,0.0037699400,0.0050470200,0.0056028400,0.0057739700,0.0059655100
2021-04-20,0.0007462100,0.0008676400,0.0012328500,0.0017328900,0.0022187900,0.0027100400,0.0037857300,0.0050589300,0.0056002800,0.0057845900,0.0059757700
2021-04-19,0.0007004900,0.0008184100,0.0011774600,0.0016537300,0.0021225800,0.0025940300,0.0036992900,0.0049914900,0.0055393400,0.0057191200,0.0059070900
2021-04-16,0.0007362600,0.0008699300,0.0012623100,0.0016922500,0.0021955300,0.0026955400,0.0038810200,0.0052508800,0.0058337000,0.0060248000,0.0062271300
2021-04-15,0.0007664300,0.0008954100,0.0013227700,0.0017464900,0.0022467200,0.0027489900,0.0038940900,0.0052296000,0.0058115500,0.0060023800,0.0062042000
2021-04-14,0.0007791500,0.0009085600,0.0013385500,0.0017912200,0.0022846900,0.0027815700,0.0038438700,0.0051063700,0.0056724300,0.0058582700,0.0060539500
2021-04-13,0.0007772800,0.0009075700,0.0013089100,0.0017601900,0.0022470600,0.0027498900,0.0038255100,0.0051274900,0.0056919500,0.0058775200,0.0060722100
2021-04-12,0.0007736200,0.0009094500,0.0012938700,0.0017554000,0.0022355900,0.0027170900,0.0038590500,0.0052122000,0.0057870600,0.0059760600,0.0061742100
2021-04-09,0.0007534600,0.0008777800,0.0012416000,0.0016816400,0.0021358600,0.0026268600,0.0037606900,0.0051059200,0.0056771600,0.0058642800,0.0060606100
2021-04-08,0.0007077800,0.0008284200,0.0011883400,0.0016589700,0.0021067000,0.0025745100,0.0036654700,0.0049461800,0.0055023600,0.0056841300,0.0058736500
2021-04-07,0.0007451800,0.0008785700,0.0012288900,0.0016867200,0.0021562800,0.0026464100,0.0037618400,0.0050749200,0.0056394100,0.0058254300,0.0060186200
2021-04-06,0.0007005400,0.0008324800,0.0011857200,0.0016309100,0.0021041700,0.0025803200,0.0037013200,0.0050034000,0.0055540200,0.0057397500,0.0059325200
2021-04-05,0.0007851300,0.0009160300,0.0012950800,0.0017970200,0.0022793100,0.0027687600,0.0038497800,0.0051190400,0.0056928400,0.0058812200,0.0060790400
2021-04-02,0.0007549500,0.0008808500,0.0012481200,0.0017198100,0.0022127700,0.0027107600,0.0038299900,0.0051466600,0.0057228100,0.0059119700,0.0061106900
2021-04-01,0.0007241900,0.0008456100,0.0011907500,0.0016594800,0.0021220400,0.0025851600,0.0036784600,0.0049377600,0.0054903800,0.0056715800,0.0058617000
2021-03-31,0.0007595000,0.0008897300,0.0012216100,0.0016356800,0.0021553100,0.0026658100,0.0038358800,0.0051771500,0.0057514400,0.0059402200,0.0061377400
2021-03-30,0.0007195500,0.0008748900,0.0012026300,0.0016521200,0.0021558600,0.0026596500,0.0038011200,0.0051129300,0.0056808400,0.0058676500,0.0060628400
2021-03-29,0.0007941400,0.0009546200,0.0013007000,0.0017629800,0.0022454700,0.0027176600,0.0037628900,0.0050386300,0.0055832600,0.0057668400,0.0059599900
2021-03-26,0.0007029000,0.0008554800,0.0012131100,0.0016493800,0.0021354200,0.0026255100,0.0036946000,0.0050396400,0.0055971700,0.0057680700,0.0059608700
2021-03-25,0.0007409800,0.0008932500,0.0012330000,0.0016828400,0.0021776400,0.0026714200,0.0037204300,0.0051097200,0.0056674500,0.0058496600,0.0060425900
2021-03-24,0.0007199700,0.0008787400,0.0012250200,0.0016700300,0.0021664600,0.0026584700,0.0037273400,0.0050799200,0.0056313200,0.0058023400,0.0059964300
2021-03-23,0.0007428400,0.0009048000,0.0012608700,0.0017202700,0.0022140900,0.0027051300,0.0037603200,0.0050840400,0.0055974600,0.0057765800,0.0059646100
2021-03-22,0.0007828400,0.0009364800,0.0013159100,0.0017787900,0.0022551000,0.0027325000,0.0037790800,0.0050631600,0.0055521900,0.0057290800,0.0059057100
2021-03-19,0.0006901600,0.0008126300,0.0011554000,0.0016083500,0.0020558600,0.0024985100,0.0035132400,0.0047286400,0.0051426400,0.0052769600,0.0054333700
2021-03-18,0.0006783600,0.0008003800,0.0011155900,0.0015499700,0.0019950000,0.0024245500,0.0034537700,0.0046853100,0.0051306600,0.0052659000,0.0054309100
2021-03-17,0.0006880200,0.0008135800,0.0011298200,0.0015611100,0.0020034000,0.0024419300,0.0034648600,0.0047042700,0.0052194000,0.0053748700,0.0055599200
2021-03-16,0.0006501900,0.0007706100,0.0010773000,0.0014948000,0.0019435200,0.0023748200,0.0033974400,0.0046289900,0.0051404500,0.0053066400,0.0054891200
2021-03-15,0.0006884600,0.0008159700,0.0011270100,0.0015271800,0.0019815000,0.0024368200,0.0034681500,0.0047128300,0.0052447700,0.0054161100,0.0056109800
2021-03-12,0.0005937300,0.0007007800,0.0009884500,0.0013677500,0.0017657500,0.0021464600,0.0031597000,0.0043778900,0.0048731400,0.0050227600,0.0052037200
2021-03-11,0.0005953800,0.0007023900,0.0009773000,0.0013730300,0.0017730500,0.0021565000,0.0031744100,0.0043912100,0.0048883200,0.0050505600,0.0052209600
2021-03-10,0.0005965400,0.0007022500,0.0009670800,0.0013684300,0.0017553400,0.0021411800,0.0031415500,0.0043187700,0.0048033600,0.0049616300,0.0051380200
2021-03-09,0.0005534500,0.0006507100,0.0009344200,0.0013373400,0.0017401200,0.0021418400,0.0031419600,0.0043190000,0.0048038900,0.0049621800,0.0051290600
2021-03-08,0.0006471700,0.0007456100,0.0010460500,0.0014388400,0.0018504600,0.0022414400,0.0032562600,0.0044631100,0.0049643300,0.0051280900,0.0053106300
2021-03-05,0.0006352700,0.0007312200,0.0010353400,0.0014218000,0.0018402600,0.0022387400,0.0032660300,0.0044786100,0.0049821100,0.0051468900,0.0053323400
2021-03-04,0.0006346800,0.0007311800,0.0010196500,0.0013886400,0.0018005800,0.0022073200,0.0032466400,0.0044520400,0.0049603800,0.0051305500,0.0053362700
2021-03-03,0.0006133800,0.0007092200,0.0009940400,0.0013751800,0.0017709000,0.0021594500,0.0031626600,0.0043677900,0.0048953400,0.0051089200,0.0053960600
2021-03-02,0.0006169700,0.0007131600,0.0009944000,0.0013877400,0.0017785100,0.0021805000,0.0031720500,0.0043780400,0.0048919400,0.0051169700,0.0054057400
2021-03-01,0.0006059700,0.0007008200,0.0009830300,0.0013641500,0.0017802300,0.0021807800,0.0032348800,0.0044634100,0.0049816800,0.0052002900,0.0054950500
2021-02-26,0.0006170700,0.0007128200,0.0010128200,0.0014104200,0.0018224800,0.0022208000,0.0032254100,0.0044289500,0.0048856600,0.0050800000,0.0053587400
2021-02-25,0.0005726400,0.0006606400,0.0009518600,0.0013298100,0.0017281800,0.0021324800,0.0031403700,0.0043453700,0.0048656000,0.0050832100,0.0053692600
2021-02-24,0.0005551800,0.0006407000,0.0009337600,0.0013274900,0.0017219200,0.0021121200,0.0031272500,0.0043112200,0.0048209400,0.0050351700,0.0053217100
2021-02-23,0.0005829700,0.0006687800,0.0009553900,0.0013594000,0.0017708500,0.0021750100,0.0031879100,0.0043802400,0.0048505600,0.0050471800,0.0053283200
2021-02-22,0.0005644900,0.0006507700,0.0009345000,0.0013375300,0.0017404000,0.0021421700,0.0031424300,0.0043195500,0.0048380200,0.0050545800,0.0053421900
2021-02-19,0.0005314800,0.0006132200,0.0009177400,0.0013135900,0.0017334100,0.0021174000,0.0031263200,0.0043287100,0.0048493100,0.0050663800,0.0053550400
2021-02-18,0.0005914000,0.0006824500,0.0009780500,0.0013774400,0.0017926900,0.0021618500,0.0031485000,0.0043448900,0.0048648300,0.0050807200,0.0053706700
2021-02-17,0.0005596600,0.0006459500,0.0009316100,0.0013229400,0.0017308400,0.0021150900,0.0031038200,0.0042964500,0.0048212500,0.0050346200,0.0053195700
2021-02-16,0.0005638500,0.0006510000,0.0009397400,0.0013268800,0.0017315000,0.0021100100,0.0031100600,0.0042955700,0.0048105600,0.0050348100,0.0053107900
2021-02-15,0.0006269600,0.0007244800,0.0009961900,0.0013547700,0.0017583500,0.0021638400,0.0032128700,0.0044342600,0.0049762400,0.0051957400,0.0054920300
2021-02-12,0.0005827300,0.0006731100,0.0009557300,0.0013423900,0.0017355800,0.0021296000,0.0031437200,0.0043589300,0.0048793300,0.0050966200,0.0053885600
2021-02-11,0.0005988100,0.0006907200,0.0009577000,0.0013544500,0.0017466000,0.0021386400,0.0031693400,0.0043940800,0.0049174900,0.0051347200,0.0054282600
2021-02-10,0.0006188400,0.0007147400,0.0009687300,0.0013675600,0.0017575200,0.0021480900,0.0031700500,0.0043950200,0.0049324900,0.0051482900,0.0054409300
2021-02-09,0.0006410500,0.0007387700,0.0009861600,0.0013914600,0.0017839700,0.0021791300,0.0031840800,0.0044078400,0.0049321200,0.0051495300,0.0054439000
2021-02-08,0.0005696900,0.0006571200,0.0009430100,0.0013197300,0.0017228200,0.0021104600,0.0031245100,0.0043399000,0.0048543500,0.0050680000,0.0053588200
2021-02-05,0.0005779800,0.0006635100,0.0009437200,0.0013114800,0.0017239600,0.0021232700,0.0031782800,0.0043928800,0.0048715700,0.0050677800,0.0053539300
2021-02-04,0.0005733500,0.0006534200,0.0009383800,0.0013317600,0.0017364500,0.0021263500,0.0031551900,0.0043607800,0.0048956600,0.0051084400,0.0053973900
2021-02-03,0.0005961700,0.0006877900,0.0009533000,0.0013520400,0.0017577700,0.0021519900,0.0031645000,0.0043875000,0.0049222600,0.0051356700,0.0054215900
2021-02-02,0.0006130000,0.0007133100,0.0009903600,0.0013840700,0.0017823400,0.0021915400,0.0031711500,0.0043756300,0.0048979100,0.0051072400,0.0053892500
2021-02-01,0.0006434800,0.0007434000,0.0010439300,0.0014679600,0.0018937100,0.0022984500,0.0033207000,0.0045472900,0.0050872000,0.0053052500,0.0055959500
2021-01-29,0.0006351900,0.0007404800,0.0010548200,0.0014803700,0.0019208300,0.0023394900,0.0033532900,0.0045688900,0.0050984900,0.0053279000,0.0056196800
2021-01-28,0.0007214900,0.0008280700,0.0011429800,0.0015846300,0.0020404900,0.0024602400,0.0034810200,0.0046780600,0.0052262100,0.0054493400,0.0057469500
2021-01-27,0.0006580800,0.0007558700,0.0010756600,0.0015023700,0.0019482200,0.0023853900,0.0034181300,0.0046462600,0.0051819900,0.0054155700,0.0057109500
2021-01-26,0.0006387800,0.0007361500,0.0010353700,0.0014461500,0.0018853700,0.0023252600,0.0033488500,0.0045686300,0.0051117300,0.0053323600,0.0056260900
2021-01-25,0.0006614500,0.0007627900,0.0010895600,0.0015138300,0.0019560600,0.0024099300,0.0034218900,0.0046375800,0.0051692800,0.0054014400,0.0056974800
2021-01-22,0.0005963900,0.0006870500,0.0010178300,0.0014879900,0.0019508900,0.0024229900,0.0034607600,0.0046776500,0.0052234300,0.0054445000,0.0057443000
2021-01-21,0.0006744800,0.0007772500,0.0011115800,0.0015513500,0.0019963400,0.0024570700,0.0034907000,0.0047224000,0.0052606200,0.0054847400,0.0057850000
2021-01-20,0.0006935000,0.0007996000,0.0011441100,0.0015881600,0.0020472900,0.0025158000,0.0035439900,0.0047609700,0.0053102400,0.0055352900,0.0058365400
2021-01-19,0.0006614900,0.0007655100,0.0011229700,0.0016022600,0.0020752700,0.0025452300,0.0035828400,0.0048179000,0.0053586300,0.0055968000,0.0058997100
2021-01-18,0.0007197900,0.0008314000,0.0012128600,0.0017008100,0.0021633600,0.0026284700,0.0036669600,0.0049080300,0.0054508300,0.0056806300,0.0059888400
2021-01-15,0.0007173800,0.0008305700,0.0011746900,0.0016651400,0.0021512200,0.0026393700,0.0036523700,0.0048613900,0.0053444800,0.0055502800,0.0058482000
2021-01-14,0.0007006700,0.0008193500,0.0011598500,0.0016384600,0.0021176200,0.0026006200,0.0036174200,0.0048298300,0.0053312600,0.0055370000,0.0058330000
2021-01-13,0.0006839800,0.0007911100,0.0011504100,0.0016007700,0.0020750000,0.0025607600,0.0035975700,0.0048275200,0.0053880100,0.0056283400,0.0059327200
2021-01-12,0.0007092500,0.0008258500,0.0011760600,0.0016534900,0.0021292200,0.0026185600,0.0036350400,0.0048710300,0.0054235800,0.0056653000,0.0059720200
2021-01-11,0.0006797300,0.0007842500,0.0011331400,0.0016069500,0.0020750600,0.0025565100,0.0035911100,0.0048130300,0.0053714400,0.0056000500,0.0059138500
2021-01-08,0.0006703400,0.0007838800,0.0011292300,0.0015789200,0.0020352400,0.0025034900,0.0035486200,0.0047799200,0.0053251000,0.0055635400,0.0058678700
2021-01-07,0.0006828900,0.0008068500,0.0011477900,0.0015957500,0.0020496000,0.0025167800,0.0035331900,0.0047628100,0.0053171000,0.0055441000,0.0058467600
2021-01-06,0.0007098900,0.0008370300,0.0011921900,0.0016290100,0.0020861200,0.0025566200,0.0035801200,0.0048075400,0.0053534400,0.0055945000,0.0058995000
2021-01-05,0.0006828400,0.0007960700,0.0011574800,0.0016173400,0.0020767600,0.0025422400,0.0035817300,0.0048136100,0.0053613500,0.0056021100,0.0059064800
2021-01-04,0.0006730100,0.0007877100,0.0011468300,0.0016044600,0.0020518000,0.0025110900,0.0035513800,0.0047748900,0.0053340900,0.0055717200,0.0058763300
2021-01-01,0.0007293900,0.0008537700,0.0012342200,0.0016770600,0.0021426600,0.0026041500,0.0036474700,0.0048810200,0.0054508900,0.0056827000,0.0060070200
2020-12-31,0.0007286000,0.0008492000,0.0012231500,0.0016713400,0.0021157400,0.0025659600,0.0036023200,0.0048465000,0.0054093700,0.0056402800,0.0059610600
2020-12-30,0.0006750400,0.0007873400,0.0011882400,0.0016208000,0.0020555200,0.0025033500,0.0035899400,0.0048431900,0.0053933600,0.0056342300,0.0059435700
2020-12-29,0.0006519700,0.0007550800,0.0011552600,0.0015822700,0.0020335800,0.0024764100,0.0035763300,0.0048231100,0.0053796800,0.0056044100,0.0059025900
2020-12-28,0.0006693800,0.0007723200,0.0011313600,0.0015920200,0.0020649600,0.0025174000,0.0036331200,0.0048958200,0.0054298000,0.0056252200,0.0058489700
2020-12-25,0.0006712400,0.0007774600,0.0011587900,0.0016041700,0.0020819000,0.0025466700,0.0036396100,0.0048376200,0.0053850500,0.0056272000,0.0059447000
2020-12-24,0.0006692300,0.0007731000,0.0011409300,0.0015790600,0.0020246600,0.0024537400,0.0035406900,0.0047752300,0.0053200700,0.0055583600,0.0058731700
2020-12-23,0.0007264900,0.0008370100,0.0011758400,0.0016124700,0.0020511800,0.0025031800,0.0036137700,0.0048751800,0.0054440700,0.0056754800,0.0060077300
2020-12-22,0.0007400900,0.0008515400,0.0011926500,0.0016329200,0.0020734300,0.0025204900,0.0035844900,0.0048166400,0.0053787500,0.0056088300,0.0059373600
2020-12-21,0.0007086200,0.0008134700,0.0012139400,0.0016722200,0.0021064600,0.0025413900,0.0036030400,0.0048607300,0.0054055400,0.0056379200,0.0059596700
2020-12-18,0.0006409300,0.0007433000,0.0011509900,0.0015619200,0.0019686300,0.0023748300,0.0034353100,0.0046641800,0.0051384200,0.0053537100,0.0056577200
2020-12-17,0.0006310200,0.0007343700,0.0010794800,0.0015199400,0.0019431500,0.0023689900,0.0033932800,0.0045936400,0.0051151600,0.0053361300,0.0056456500
2020-12-16,0.0006350100,0.0007394300,0.0010944800,0.0015518500,0.0019935800,0.0024354300,0.0034797300,0.0046763300,0.0051598700,0.0053601300,0.0056644800
2020-12-15,0.0006561800,0.0007629600,0.0011696000,0.0016155200,0.0020476100,0.0024775800,0.0035436100,0.0047879000,0.0052914900,0.0055023300,0.0058127100
2020-12-14,0.0006540000,0.0007640600,0.0011831600,0.0016237000,0.0020617000,0.0024805400,0.0035609600,0.0048177000,0.0053663000,0.0056112100,0.0059320500
2020-12-11,0.0006689600,0.0007779800,0.0011887600,0.0016494400,0.0020935900,0.0025359600,0.0036178600,0.0048676500,0.0053891000,0.0056228300,0.0059480400
2020-12-10,0.0006461600,0.0007488500,0.0011055000,0.0015446000,0.0019944800,0.0024461800,0.0035438200,0.0047784500,0.0051636800,0.0053516200,0.0056692600
2020-12-09,0.0006234500,0.0007220700,0.0010773400,0.0015194600,0.0019443400,0.0023787400,0.0034387300,0.0046447800,0.0050973600,0.0053157500,0.0056228400
2020-12-08,0.0006725000,0.0007663300,0.0010908400,0.0015551000,0.0019783800,0.0024284300,0.0034839900,0.0047513900,0.0052349400,0.0054575200,0.0057562500
2020-12-07,0.0006019800,0.0006877600,0.0010139900,0.0014746300,0.0019135100,0.0023748100,0.0034493800,0.0047015800,0.0052420400,0.0054826300,0.0057879500
2020-12-04,0.0005906100,0.0006759200,0.0009946400,0.0014453800,0.0018750900,0.0023255200,0.0033964200,0.0046439500,0.0051791700,0.0054062400,0.0057115800
2020-12-03,0.0006485700,0.0007414300,0.0010529500,0.0015241800,0.0019565500,0.0024147100,0.0034311800,0.0046606100,0.0051868300,0.0054072200,0.0057091900
2020-12-02,0.0006385200,0.0007301100,0.0010298300,0.0015094300,0.0019392000,0.0023950600,0.0034121700,0.0046430000,0.0051685300,0.0053898600,0.0056813100
2020-12-01,0.0006259100,0.0007166900,0.0010300600,0.0014947600,0.0019339900,0.0023812700,0.0034076100,0.0046275300,0.0051525000,0.0053838100,0.0056732300
2020-11-30,0.0007097400,0.0008122900,0.0011404600,0.0015891400,0.0020141000,0.0024564200,0.0034775900,0.0047385900,0.0052754800,0.0055110300,0.0058069000
2020-11-27,0.0007211700,0.0008248900,0.0011539600,0.0016002200,0.0020189300,0.0024471200,0.0034703200,0.0047137300,0.0052487600,0.0054717000,0.0057668800
2020-11-26,0.0006658700,0.0007623200,0.0010931700,0.0015175400,0.0019352300,0.0023591700,0.0033924700,0.0046322900,0.0051714500,0.0053896100,0.0056788300
2020-11-25,0.0006667300,0.0007624900,0.0010921100,0.0015324100,0.0019549700,0.0023785300,0.0034478100,0.0046877300,0.0052343300,0.0054568300,0.0057494600
2020-11-24,0.0006263700,0.0007082700,0.0010941700,0.0015147900,0.0019434000,0.0023615400,0.0034670300,0.0047462900,0.0053171300,0.0055636700,0.0058696900
2020-11-23,0.0006187600,0.0007089100,0.0010180900,0.0014787800,0.0019178900,0.0023580000,0.0034121000,0.0046644600,0.0052092200,0.0054301200,0.0057216200
2020-11-20,0.0006233600,0.0007137100,0.0010366800,0.0014895000,0.0019234600,0.0023723200,0.0034502000,0.0046897800,0.0052255800,0.0054485500,0.0057417100
2020-11-19,0.0006448800,0.0007394400,0.0010747000,0.0014944700,0.0019161100,0.0023397800,0.0034006900,0.0046802000,0.0052299100,0.0054516800,0.0057454400
2020-11-18,0.0006579700,0.0007647700,0.0010741600,0.0014977900,0.0019141200,0.0023172500,0.0033573100,0.0046195200,0.0051626100,0.0053836400,0.0056763100
2020-11-17,0.0006586900,0.0007650200,0.0010760200,0.0015113300,0.0019133800,0.0023174100,0.0033763000,0.0046383600,0.0051686700,0.0054020000,0.0056949500
2020-11-16,0.0005953800,0.0006954600,0.0010167000,0.0014344600,0.0018329600,0.0022420500,0.0033325200,0.0045934200,0.0051191300,0.0053502800,0.0056407600
2020-11-13,0.0005888200,0.0006887000,0.0010205000,0.0014356900,0.0018490600,0.0022683600,0.0033812200,0.0046902700,0.0052251200,0.0054593200,0.0057560900
2020-11-12,0.0006310200,0.0007347700,0.0010560400,0.0014335100,0.0018301700,0.0022266000,0.0032828900,0.0045258500,0.0050464600,0.0052630000,0.0055562100
2020-11-11,0.0005707000,0.0006675300,0.0009420900,0.0013366600,0.0017134100,0.0020900700,0.0031162200,0.0043395000,0.0048514600,0.0050643400,0.0053616300
2020-11-10,0.0005379200,0.0006293500,0.0009251900,0.0013136800,0.0016993200,0.0020843400,0.0031431300,0.0044010100,0.0049212300,0.0051374300,0.0054295500
2020-11-09,0.0005517700,0.0006450400,0.0009463900,0.0012866000,0.0016731900,0.0020515600,0.0031156500,0.0043541600,0.0048701300,0.0050841900,0.0053731700
2020-11-06,0.0005793100,0.0006705100,0.0009840700,0.0013567800,0.0017569700,0.0021427400,0.0032085600,0.0044723100,0.0049938200,0.0052098800,0.0055017200
2020-11-05,0.0005466200,0.0006382200,0.0009725800,0.0013473500,0.0017589200,0.0021558400,0.0032328500,0.0044855600,0.0050206600,0.0052367000,0.0055284100
2020-11-04,0.0006023100,0.0006959700,0.0010664400,0.0014973200,0.0019120700,0.0023121000,0.0033995100,0.0046652300,0.0051937000,0.0054133800,0.0057071200
2020-11-03,0.0006472400,0.0007459900,0.0011261800,0.0015514600,0.0019761800,0.0023859400,0.0034712900,0.0047431800,0.0052759500,0.0054969400,0.0057914600
2020-11-02,0.0006482000,0.0007472100,0.0010997500,0.0015515600,0.0020217900,0.0024736400,0.0035412000,0.0047588400,0.0052961100,0.0055136700,0.0058043700
2020-10-30,0.0007294800,0.0008398500,0.0012652900,0.0017285000,0.0021747900,0.0025989900,0.0036775700,0.0049464600,0.0055061100,0.0057339200,0.0060372000
2020-10-29,0.0007162600,0.0008245000,0.0011979400,0.0016720300,0.0021260200,0.0025660200,0.0036448400,0.0049132900,0.0054712200,0.0057005000,0.0060034900
2020-10-28,0.0007173100,0.0008245000,0.0012054100,0.0016640900,0.0020878600,0.0025064800,0.0035862800,0.0048511100,0.0053920300,0.0056294900,0.0059298700
2020-10-27,0.0006218500,0.0007354100,0.0010519400,0.0014949700,0.0018838600,0.0022702900,0.0033342000,0.0045768000,0.0051131100,0.0053324300,0.0056285100
2020-10-26,0.0006457900,0.0007632200,0.0011024000,0.0015037100,0.0018882300,0.0022990600,0.0033525700,0.0046029800,0.0051450000,0.0053664500,0.0056653700
2020-10-23,0.0005530400,0.0006616100,0.0009394700,0.0013694700,0.0017614900,0.0021614200,0.0031683200,0.0043708700,0.0048953600,0.0051100600,0.0053985800
2020-10-22,0.0005760000,0.0006804700,0.0009493600,0.0013783000,0.0017653200,0.0021654100,0.0031833600,0.0043934700,0.0049099000,0.0051290200,0.0054200800
2020-10-21,0.0005751200,0.0006796900,0.0009488400,0.0013773600,0.0017647400,0.0021654300,0.0031830200,0.0043916500,0.0049048500,0.0051333200,0.0054244900
2020-10-20,0.0006494100,0.0007658500,0.0010935400,0.0014482700,0.0018130000,0.0021882800,0.0032802800,0.0045653900,0.0050798100,0.0053053400,0.0056093900
2020-10-19,0.0005934100,0.0006929100,0.0009988200,0.0013603000,0.0017386600,0.0021132600,0.0031861300,0.0044633500,0.0049228800,0.0051198500,0.0054091600
2020-10-16,0.0006138300,0.0007154100,0.0010364700,0.0014119500,0.0017741300,0.0021464900,0.0032391200,0.0045181400,0.0049939800,0.0051959800,0.0054890200
2020-10-15,0.0006192000,0.0007282200,0.0010453200,0.0014257100,0.0017875300,0.0021590200,0.0032471500,0.0045183500,0.0050446200,0.0052673900,0.0055689300
2020-10-14,0.0005648600,0.0006653800,0.0009496700,0.0013504000,0.0016927300,0.0020284700,0.0030980000,0.0043295500,0.0048332800,0.0050466600,0.0053366600
2020-10-13,0.0005299100,0.0006189700,0.0008941200,0.0012872700,0.0016250600,0.0019464600,0.0030886700,0.0044030300,0.0048552800,0.0050389500,0.0053034800
2020-10-12,0.0005649100,0.0006691200,0.0008964200,0.0012938000,0.0016557500,0.0020263400,0.0031190100,0.0044043400,0.0049249700,0.0051318500,0.0054099300
2020-10-09,0.0005875200,0.0006964700,0.0009302200,0.0013224300,0.0016864800,0.0020684400,0.0031336300,0.0043946900,0.0049011600,0.0051093000,0.0053871200
2020-10-08,0.0005837800,0.0006914300,0.0009371500,0.0012799900,0.0016566300,0.0020231400,0.0031249300,0.0044062200,0.0049107800,0.0051193100,0.0053986000
2020-10-07,0.0006187200,0.0007291400,0.0009884900,0.0013178200,0.0016689000,0.0020320400,0.0031331200,0.0044202000,0.0049037100,0.0051114700,0.0053911600
2020-10-06,0.0005348200,0.0006209600,0.0008908200,0.0012437100,0.0016174100,0.0019837100,0.0031091100,0.0044136600,0.0048260000,0.0050075000,0.0052744600
2020-10-05,0.0005809800,0.0006726700,0.0009142200,0.0012591800,0.0016726600,0.0020860100,0.0032095200,0.0044495100,0.0048588700,0.0050399400,0.0053053700
2020-10-02,0.0005690600,0.0006622800,0.0009109700,0.0012650700,0.0016600800,0.0020551100,0.0031686800,0.0044654400,0.0048757200,0.0050561300,0.0053189800
2020-10-01,0.0005931500,0.0006881600,0.0009933000,0.0013661300,0.0017618300,0.0021502900,0.0032840600,0.0045331900,0.0049416000,0.0051230800,0.0053790800
2020-09-30,0.0005790000,0.0006709600,0.0009946600,0.0014462800,0.0018503200,0.0022395300,0.0033740100,0.0046855200,0.0051055400,0.0052932100,0.0055663200
2020-09-29,0.0006263900,0.0007262500,0.0010568100,0.0014505400,0.0018645600,0.0022773800,0.0033886300,0.0046809100,0.0050994700,0.0052849400,0.0055519900
2020-09-28,0.0006113700,0.0007091900,0.0010371100,0.0014693500,0.0018986700,0.0023175500,0.0034386400,0.0047436200,0.0051753400,0.0053613100,0.0056210200
2020-09-25,0.0007413500,0.0008523400,0.0011685600,0.0016028600,0.0020441900,0.0024789600,0.0035698400,0.0048300800,0.0052487000,0.0054361100,0.0057009100
2020-09-24,0.0006396700,0.0007370000,0.0010671300,0.0014494200,0.0018666500,0.0022721800,0.0033870600,0.0046350600,0.0050437100,0.0052257000,0.0054899700
2020-09-23,0.0005598400,0.0006486000,0.0008991900,0.0012612500,0.0016586400,0.0020629300,0.0031734200,0.0044745600,0.0048875900,0.0050705600,0.0053256300
2020-09-22,0.0005918100,0.0006746700,0.0009329100,0.0012866800,0.0016870700,0.0020854200,0.0032053800,0.0044477000,0.0048367100,0.0050130400,0.0052664100
2020-09-21,0.0005596500,0.0006361700,0.0008740400,0.0012135900,0.0015915200,0.0019613300,0.0030878600,0.0043425300,0.0047105500,0.0048834800,0.0051359500
2020-09-18,0.0004901400,0.0005520100,0.0007322500,0.0010678300,0.0013840600,0.0016977100,0.0028074000,0.0040959000,0.0043942200,0.0045254700,0.0047667200
2020-09-17,0.0005147800,0.0005797000,0.0007807600,0.0011595300,0.0014927000,0.0018126000,0.0029257700,0.0042162800,0.0045437300,0.0046844400,0.0049262300
2020-09-16,0.0004928100,0.0005652000,0.0007397600,0.0010987100,0.0013995000,0.0016972700,0.0028090500,0.0041006000,0.0044062500,0.0045442500,0.0047905400
2020-09-15,0.0004375800,0.0005050000,0.0007224800,0.0010937100,0.0014085800,0.0017141200,0.0028307700,0.0041409100,0.0044639000,0.0046043400,0.0048534100
2020-09-14,0.0004727200,0.0005447300,0.0007681000,0.0011615900,0.0015097100,0.0018235500,0.0029277100,0.0042577200,0.0045732200,0.0047310600,0.0049733600
2020-09-11,0.0004907848,0.0005637287,0.0007534197,0.0010543166,0.0014245374,0.0017744952,0.0028904681,0.0041201423,0.0044275293,0.0045744116,0.0048169299
2020-09-10,0.0005095400,0.0005833900,0.0007390200,0.0009569500,0.0013441700,0.0017267600,0.0028537000,0.0039870100,0.0042864800,0.0044229500,0.0046654200
2020-09-09,0.0005290200,0.0006044800,0.0007751000,0.0010406100,0.0014077000,0.0017811800,0.0028834200,0.0039808400,0.0042773600,0.0044128700,0.0046515200
2020-09-08,0.0005327200,0.0005989000,0.0007879900,0.0010925700,0.0014319500,0.0017701000,0.0028607100,0.0041572200,0.0044650600,0.0046067200,0.0048547400
2020-09-07,0.0004913900,0.0005648600,0.0007223400,0.0009870900,0.0013259400,0.0016657800,0.0027729200,0.0040955000,0.0044029300,0.0045444300,0.0047798500
2020-09-04,0.0005027200,0.0005759600,0.0007347300,0.0010011600,0.0013607100,0.0017169600,0.0028412600,0.0040718700,0.0043789600,0.0045298600,0.0047651400
2020-09-03,0.0004589400,0.0005256300,0.0007170000,0.0010327000,0.0013539400,0.0016787400,0.0027866500,0.0041030800,0.0044268100,0.0045664400,0.0048164700
2020-09-02,0.0004476100,0.0005136300,0.0007143500,0.0010312500,0.0013502000,0.0016715400,0.0027824400,0.0041011600,0.0044331500,0.0045862500,0.0048433600
2020-09-01,0.0004650800,0.0005263700,0.0007461000,0.0010903400,0.0014190600,0.0017367300,0.0028812800,0.0042171000,0.0046214800,0.0047930600,0.0050953900
2020-08-31,0.0004889900,0.0005500200,0.0007797500,0.0011562000,0.0014865300,0.0018101400,0.0029567800,0.0042898100,0.0047179100,0.0048902600,0.0051975700
2020-08-28,0.0005038900,0.0005682200,0.0008067500,0.0011756600,0.0014935100,0.0018031700,0.0029447800,0.0042751200,0.0047029700,0.0048752400,0.0051826600
2020-08-27,0.0005419800,0.0006106200,0.0008673900,0.0012287400,0.0015123700,0.0017860400,0.0029704800,0.0043573700,0.0047974100,0.0049738700,0.0052884500
2020-08-26,0.0005329400,0.0005975600,0.0008592800,0.0012327400,0.0015009600,0.0017640800,0.0029366200,0.0043278300,0.0047745500,0.0049524800,0.0052656800
2020-08-25,0.0005234900,0.0005825700,0.0007751100,0.0010340100,0.0013721800,0.0017035600,0.0028957300,0.0041349500,0.0046206500,0.0048205000,0.0051259300
2020-08-24,0.0005096900,0.0005817200,0.0007510900,0.0010043300,0.0013503500,0.0016886100,0.0028364800,0.0040126300,0.0044187800,0.0045933200,0.0048476000
2020-08-21,0.0005151300,0.0005876400,0.0007760900,0.0010269100,0.0013838700,0.0017314600,0.0029146000,0.0041134800,0.0045454100,0.0047145100,0.0049767200
2020-08-20,0.0005197800,0.0005931700,0.0007600100,0.0010128800,0.0013919800,0.0017650500,0.0028733500,0.0039759800,0.0043926900,0.0045667400,0.0048187000
2020-08-19,0.0005132900,0.0005858000,0.0008218800,0.0011857000,0.0014714700,0.0017457400,0.0029002300,0.0042696200,0.0047326600,0.0049319400,0.0052238500
2020-08-18,0.0005305500,0.0005959200,0.0008188400,0.0011745400,0.0014772800,0.0017760100,0.0029170800,0.0042537200,0.0047140400,0.0049129100,0.0052039300
2020-08-17,0.0005365000,0.0006036200,0.0008062100,0.0011463900,0.0014852600,0.0017923400,0.0028980100,0.0041934000,0.0046357000,0.0048335000,0.0051220400
2020-08-14,0.0005360100,0.0006109000,0.0008290100,0.0011955200,0.0015165900,0.0018291000,0.0029054200,0.0041709300,0.0046130700,0.0048105900,0.0050982900
2020-08-13,0.0005167800,0.0005817400,0.0007312000,0.0009900300,0.0013570300,0.0017157000,0.0027951500,0.0040019200,0.0044240100,0.0046127900,0.0048883100
2020-08-12,0.0005167800,0.0005817400,0.0007312000,0.0009900300,0.0013570300,0.0017157000,0.0027951500,0.0040019200,0.0044240100,0.0046127900,0.0048883100
2020-08-11,0.0005273600,0.0006020900,0.0007540500,0.0011365200,0.0014558900,0.0017581600,0.0028923200,0.0042245600,0.0046673000,0.0048643000,0.0051515400
2020-08-10,0.0005114900,0.0005776700,0.0008185400,0.0011417000,0.0014602900,0.0017623500,0.0028741100,0.0041875400,0.0046400700,0.0048351900,0.0051210700
2020-08-07,0.0005308200,0.0005999500,0.0008604400,0.0011824400,0.0014946500,0.0017962200,0.0029061400,0.0042197100,0.0046586800,0.0048554100,0.0051423600
2020-08-06,0.0004772100,0.0005530900,0.0007794000,0.0011050900,0.0014173900,0.0017237600,0.0028417900,0.0041364100,0.0045664700,0.0047583500,0.0050368300
2020-08-05,0.0005748300,0.0006555300,0.0009699800,0.0013814500,0.0016961200,0.0019954300,0.0031260700,0.0044531400,0.0049008500,0.0051009000,0.0053926700
2020-08-04,0.0006055000,0.0006914500,0.0008645900,0.0013218000,0.0016449200,0.0019645700,0.0030995000,0.0044463500,0.0048901600,0.0050880400,0.0053851800
2020-08-03,0.0005839000,0.0006663700,0.0009703900,0.0013785000,0.0016946000,0.0019874600,0.0031487000,0.0044967800,0.0049459800,0.0051467700,0.0054406100
2020-07-31,0.0005760700,0.0006498000,0.0009514900,0.0013681000,0.0016874000,0.0019878400,0.0031398700,0.0044738200,0.0049352700,0.0051346100,0.0054269500
2020-07-30,0.0006071400,0.0006877100,0.0009850300,0.0014007400,0.0017177900,0.0020518100,0.0031552900,0.0044878100,0.0049354900,0.0051456000,0.0054620100
2020-07-29,0.0005976600,0.0006778300,0.0009491600,0.0013530000,0.0016810400,0.0020068000,0.0031277500,0.0044708700,0.0049178000,0.0051175400,0.0054345700
2020-07-28,0.0006021200,0.0006852500,0.0009634200,0.0013840300,0.0017121300,0.0020369600,0.0031648400,0.0045058500,0.0049549700,0.0051561400,0.0054845300
2020-07-27,0.0005710000,0.0006802500,0.0009255100,0.0013201300,0.0016743000,0.0020245600,0.0031293300,0.0044651200,0.0049110700,0.0051187800,0.0054319700
2020-07-24,0.0006164400,0.0007204100,0.0009326000,0.0013838900,0.0017310700,0.0020870100,0.0031957500,0.0045185700,0.0049815200,0.0051795000,0.0054952700
2020-07-23,0.0006009300,0.0006920000,0.0009752700,0.0013791600,0.0017232800,0.0020571400,0.0031844500,0.0045344900,0.0049963600,0.0051937100,0.0055063000
2020-07-22,0.0005933400,0.0006886400,0.0009667700,0.0013595100,0.0017180400,0.0020545600,0.0031748800,0.0044979000,0.0049524500,0.0051482300,0.0054273900
2020-07-21,0.0006080300,0.0007057200,0.0009905200,0.0013890400,0.0017428900,0.0020881500,0.0031976100,0.0045291600,0.0049722700,0.0051699800,0.0054511000
2020-07-20,0.0006295700,0.0007285800,0.0009938700,0.0014745300,0.0018194100,0.0021574000,0.0032639600,0.0045735400,0.0050186500,0.0052151200,0.0054951200
2020-07-17,0.0006264900,0.0007219000,0.0010398900,0.0014862400,0.0018300800,0.0021564900,0.0033016600,0.0046574400,0.0051076100,0.0052987900,0.0055751600
2020-07-16,0.0006305700,0.0007315200,0.0010621100,0.0014973300,0.0018683000,0.0022328700,0.0033470400,0.0046777800,0.0051374800,0.0053316000,0.0056112600
2020-07-15,0.0006843500,0.0007934900,0.0011169000,0.0016026000,0.0019843900,0.0023716400,0.0034954300,0.0048363700,0.0053103200,0.0055113400,0.0057921100
2020-07-14,0.0006751800,0.0007799200,0.0011414700,0.0016051800,0.0020173800,0.0024230800,0.0035246100,0.0048122300,0.0052673100,0.0054601700,0.0057404500
2020-07-13,0.0006987100,0.0008072000,0.0012099800,0.0017693000,0.0021473000,0.0025199200,0.0036446800,0.0049879500,0.0054582500,0.0056578700,0.0059465900
2020-07-10,0.0007561100,0.0008714700,0.0012840800,0.0017983100,0.0021920600,0.0025773500,0.0037134000,0.0050808800,0.0055574600,0.0057600900,0.0060537900
2020-07-09,0.0007297900,0.0008414400,0.0012422500,0.0017496400,0.0021445400,0.0025320600,0.0036497100,0.0049904900,0.0054583800,0.0056573100,0.0059460200
2020-07-08,0.0007359600,0.0008495300,0.0012919000,0.0018074900,0.0022060200,0.0025838700,0.0037264900,0.0050913200,0.0055675800,0.0057702900,0.0060643500
2020-07-07,0.0007440200,0.0008582700,0.0012547800,0.0017892900,0.0021889300,0.0025687600,0.0037078400,0.0050530500,0.0055175900,0.0057203700,0.0060133200
2020-07-06,0.0006995900,0.0008077700,0.0011811100,0.0017156300,0.0021245400,0.0025223400,0.0036208200,0.0048919900,0.0053517100,0.0055462600,0.0058311100
2020-07-03,0.0007510700,0.0008589400,0.0012731600,0.0018254000,0.0022195600,0.0026082500,0.0037189700,0.0050540100,0.0055229600,0.0057208500,0.0060349900
2020-07-02,0.0007385400,0.0008524100,0.0012313100,0.0017235800,0.0021433100,0.0025562400,0.0036640900,0.0049733900,0.0054345000,0.0056282600,0.0059369400
2020-07-01,0.0007524500,0.0008660100,0.0012748800,0.0017943600,0.0022074600,0.0026151800,0.0037391900,0.0050842000,0.0055583800,0.0057577800,0.0060766400
2020-06-30,0.0007652400,0.0008773100,0.0013105000,0.0018326900,0.0022775800,0.0027141000,0.0038255900,0.0051423700,0.0056096100,0.0058059900,0.0061162400
2020-06-29,0.0008278100,0.0009576600,0.0014057400,0.0019849300,0.0024162800,0.0028353900,0.0039678700,0.0053254200,0.0058088500,0.0060113100,0.0063044600
2020-06-26,0.0008102800,0.0009473800,0.0013842800,0.0019590300,0.0023945300,0.0028175000,0.0039469100,0.0052994000,0.0057830200,0.0059853500,0.0062785700
2020-06-25,0.0008217600,0.0009493200,0.0013867800,0.0019372700,0.0023948000,0.0028417000,0.0039523700,0.0052655000,0.0057424900,0.0059420600,0.0062299200
2020-06-24,0.0008149300,0.0009478500,0.0013639100,0.0019051300,0.0023367100,0.0027525400,0.0038855400,0.0052449900,0.0057267800,0.0059273500,0.0062062700
2020-06-23,0.0007174600,0.0008316600,0.0012364000,0.0017271000,0.0021526500,0.0025793500,0.0036764000,0.0049653300,0.0054290800,0.0056239900,0.0058954500
2020-06-22,0.0007859600,0.0009070700,0.0013301800,0.0018375800,0.0022753200,0.0027064300,0.0038006100,0.0051000800,0.0055601800,0.0057592000,0.0060447100
2020-06-19,0.0007383800,0.0008578800,0.0012356500,0.0017535600,0.0021490800,0.0025659300,0.0036595600,0.0049477900,0.0054011900,0.0055940800,0.0058721300
2020-06-18,0.0007591100,0.0008820300,0.0012592200,0.0018043300,0.0022064900,0.0026066900,0.0037107800,0.0050279100,0.0054782600,0.0056766600,0.0059628900
2020-06-17,0.0007458800,0.0008736500,0.0012757300,0.0017995500,0.0021958000,0.0025834800,0.0036927100,0.0050303600,0.0054810200,0.0056790300,0.0059650000
2020-06-16,0.0007490300,0.0008697800,0.0013140000,0.0018480800,0.0022502500,0.0026379400,0.0037503100,0.0050858100,0.0055475500,0.0057526100,0.0060502600
2020-06-15,0.0008424500,0.0009526600,0.0014211200,0.0019904700,0.0024233900,0.0028343200,0.0039450100,0.0052456600,0.0057003300,0.0059715200,0.0062873600
2020-06-12,0.0008151900,0.0009205500,0.0013450100,0.0018989800,0.0023010600,0.0026881800,0.0038114400,0.0051493900,0.0056154700,0.0058867900,0.0062027200
2020-06-11,0.0008186900,0.0009275400,0.0013770600,0.0019410500,0.0023517400,0.0027440000,0.0038576000,0.0051856800,0.0056506100,0.0059117500,0.0062379800
2020-06-10,0.0007563800,0.0008527400,0.0012895100,0.0018127400,0.0022227900,0.0026202900,0.0037052800,0.0049928500,0.0054418300,0.0057096300,0.0060201800
2020-06-09,0.0007553300,0.0008507800,0.0012874000,0.0018062000,0.0021912400,0.0025547200,0.0036724100,0.0050159300,0.0054853000,0.0057598800,0.0060782600
2020-06-08,0.0007468900,0.0008431100,0.0012021000,0.0017100100,0.0020847200,0.0024500000,0.0035527600,0.0048892100,0.0053496000,0.0056182300,0.0059395100
2020-06-05,0.0007069800,0.0008010400,0.0011933300,0.0016916000,0.0020424400,0.0023761400,0.0034942300,0.0048216300,0.0052750600,0.0055277700,0.0058519800
2020-06-04,0.0007793600,0.0008811800,0.0013160200,0.0018463200,0.0022084700,0.0025552300,0.0036720400,0.0049928500,0.0054531000,0.0057025200,0.0060138600
2020-06-03,0.0007462100,0.0008711100,0.0012731300,0.0018055000,0.0021910900,0.0025571900,0.0036667800,0.0049998800,0.0054573800,0.0056515300,0.0059376700
2020-06-02,0.0007683000,0.0008911900,0.0013599800,0.0018946800,0.0022739900,0.0026392100,0.0037402900,0.0050739200,0.0055183200,0.0057126400,0.0060004500
2020-06-01,0.0007740000,0.0008979700,0.0013834600,0.0019331000,0.0023224200,0.0026901800,0.0038073700,0.0051465100,0.0056107700,0.0058080600,0.0061009600
2020-05-29,0.0008157500,0.0009449000,0.0014184500,0.0019712200,0.0023618400,0.0027316700,0.0038436800,0.0051668500,0.0056297900,0.0058271900,0.0061207000
2020-05-28,0.0007645600,0.0008901600,0.0013449000,0.0018638600,0.0022516500,0.0026258700,0.0037208900,0.0050514800,0.0055096000,0.0057037000,0.0059908900
2020-05-27,0.0007208200,0.0008392700,0.0012884400,0.0018096200,0.0022112200,0.0025998300,0.0036937300,0.0050301900,0.0054860700,0.0056795100,0.0059656900
2020-05-26,0.0007655000,0.0008929200,0.0013563500,0.0019086100,0.0023620800,0.0027923700,0.0039033400,0.0052758100,0.0057500600,0.0059550000,0.0062540700
2020-05-25,0.0008380700,0.0009795700,0.0014449400,0.0020135000,0.0024536800,0.0028788900,0.0039873800,0.0053325100,0.0058077000,0.0060110700,0.0063078400
2020-05-22,0.0008302200,0.0009711700,0.0014520500,0.0019881200,0.0023929800,0.0027766200,0.0038907300,0.0052246400,0.0056879800,0.0058864700,0.0061764400
2020-05-21,0.0007688200,0.0008964500,0.0013496800,0.0018664200,0.0023239900,0.0027586900,0.0038648700,0.0052174400,0.0056948100,0.0058930300,0.0061779300
2020-05-20,0.0007214900,0.0008492200,0.0012959200,0.0017983800,0.0022351900,0.0026447700,0.0037390600,0.0050338300,0.0054967100,0.0056882500,0.0059722300
2020-05-19,0.0007952200,0.0009252700,0.0013562200,0.0018889400,0.0023396400,0.0027726600,0.0038578400,0.0051926100,0.0056600500,0.0058541300,0.0061652500
2020-05-18,0.0007850600,0.0009098600,0.0014151400,0.0019958100,0.0024361400,0.0028591700,0.0039460900,0.0052540100,0.0057289600,0.0059256600,0.0062410100
2020-05-15,0.0008273900,0.0009626400,0.0015005900,0.0021069300,0.0025478800,0.0029701200,0.0040728600,0.0054337100,0.0059129900,0.0061112600,0.0064255400
2020-05-14,0.0009026300,0.0010494500,0.0015813700,0.0022162600,0.0026506200,0.0030738300,0.0041749000,0.0055068700,0.0059918400,0.0061931800,0.0064875000
2020-05-13,0.0008340900,0.0009697100,0.0014887500,0.0020923500,0.0025540600,0.0029980700,0.0040857400,0.0053934700,0.0058667300,0.0060640300,0.0063527000
2020-05-12,0.0008301000,0.0009690800,0.0014760900,0.0020843000,0.0025455800,0.0029786800,0.0040775800,0.0054168500,0.0058839700,0.0060850600,0.0063793300
2020-05-11,0.0007479400,0.0008790800,0.0013686900,0.0019556700,0.0024072600,0.0028382300,0.0039258900,0.0051947700,0.0056487000,0.0058407400,0.0061241100
2020-05-08,0.0008052000,0.0009426600,0.0014429700,0.0020267000,0.0024699800,0.0029026700,0.0040057700,0.0053478700,0.0058196700,0.0060146300,0.0062985300
2020-05-07,0.0008134400,0.0009524400,0.0014855700,0.0020851400,0.0025053800,0.0029120000,0.0040023800,0.0052568700,0.0057209300,0.0059126600,0.0061922300
2020-05-06,0.0008448900,0.0009928200,0.0015131600,0.0021164500,0.0025423900,0.0029565600,0.0040572200,0.0053784200,0.0058548500,0.0060508800,0.0063273200
2020-05-05,0.0008663000,0.0010089600,0.0015394700,0.0021528800,0.0025934900,0.0030285500,0.0041059100,0.0053632600,0.0058351300,0.0060298700,0.0063142000
2020-05-04,0.0008838500,0.0010306500,0.0015394200,0.0021486700,0.0026273900,0.0030960700,0.0041884600,0.0054717800,0.0059550300,0.0061545400,0.0064454300
2020-05-01,0.0008225600,0.0009565700,0.0014712200,0.0020912400,0.0026065400,0.0030901500,0.0042045600,0.0054923100,0.0059799700,0.0061825200,0.0064772600
2020-04-30,0.0008261900,0.0009643900,0.0014711200,0.0020436200,0.0025306600,0.0029932400,0.0041026000,0.0054259200,0.0059080400,0.0061080000,0.0063995700
2020-04-29,0.0008149200,0.0009586700,0.0014995800,0.0020818900,0.0025341500,0.0029611600,0.0040807400,0.0054149900,0.0058968700,0.0060963700,0.0063868300
2020-04-28,0.0008343000,0.0009768700,0.0015207900,0.0021084200,0.0026237800,0.0031185200,0.0042247300,0.0055478800,0.0060312700,0.0062314800,0.0065224400
2020-04-27,0.0008429200,0.0009830500,0.0015538200,0.0021764700,0.0026615600,0.0031207600,0.0042070800,0.0055027500,0.0059781100,0.0061751400,0.0064621900
2020-04-24,0.0008952100,0.0010486400,0.0016669200,0.0023336700,0.0028473400,0.0033295500,0.0044498900,0.0057779300,0.0062760500,0.0064808200,0.0067741400
2020-04-23,0.0008947400,0.0010544500,0.0016519600,0.0023095400,0.0028240700,0.0033137800,0.0044501800,0.0057885800,0.0062976000,0.0065005000,0.0067845900
2020-04-22,0.0009414700,0.0011294300,0.0017417500,0.0024648500,0.0029982000,0.0035172600,0.0046255100,0.0059206100,0.0064505400,0.0066679600,0.0069572600
2020-04-21,0.0010028400,0.0012004500,0.0018636600,0.0025888700,0.0031438100,0.0036721300,0.0048147500,0.0061780900,0.0067110900,0.0069444800,0.0072438000
2020-04-20,0.0009469200,0.0011801700,0.0017821000,0.0024805300,0.0030318400,0.0035569600,0.0046762100,0.0060474000,0.0065820100,0.0068015300,0.0070933900
2020-04-17,0.0009099000,0.0011385900,0.0017636500,0.0024853800,0.0030542100,0.0035946300,0.0047037300,0.0060173500,0.0065389600,0.0067696100,0.0070613100
2020-04-16,0.0009861800,0.0012291100,0.0018940700,0.0026588000,0.0032211500,0.0037591200,0.0048537700,0.0061338900,0.0066577700,0.0068894000,0.0071813100
2020-04-15,0.0010117900,0.0012491700,0.0019196300,0.0026680400,0.0032551500,0.0038117300,0.0049096800,0.0062566800,0.0067926900,0.0070292100,0.0073317900
2020-04-14,0.0009146100,0.0011328100,0.0017901000,0.0025951900,0.0031814700,0.0037314300,0.0048281100,0.0062070300,0.0067464100,0.0069674500,0.0072633400
2020-04-13,0.0009988700,0.0012375800,0.0019549100,0.0027312600,0.0033381300,0.0039417400,0.0050233200,0.0063427200,0.0068811300,0.0070998600,0.0073957200
2020-04-10,0.0009521400,0.0011804900,0.0018945200,0.0026487400,0.0033303900,0.0039892100,0.0050830200,0.0064980200,0.0070493600,0.0072735300,0.0075766800
2020-04-09,0.0009748300,0.0012116500,0.0019249800,0.0027716700,0.0033750700,0.0039669700,0.0050537100,0.0063802200,0.0069216500,0.0071415000,0.0074383700
2020-04-08,0.0010986700,0.0013504900,0.0021723000,0.0031233000,0.0037922700,0.0044390000,0.0055329500,0.0068890300,0.0074537000,0.0076819700,0.0079823500
2020-04-07,0.0011157300,0.0013837700,0.0022124100,0.0032022700,0.0038369400,0.0044558100,0.0055452700,0.0068824700,0.0074448500,0.0076723000,0.0079688800
2020-04-06,0.0012180600,0.0015101400,0.0023973100,0.0033587500,0.0040206500,0.0046727900,0.0057740700,0.0071463200,0.0077263900,0.0079691600,0.0082738800
2020-04-03,0.0012655700,0.0015477700,0.0024887900,0.0035308000,0.0042438500,0.0049263900,0.0060402600,0.0074214500,0.0080171500,0.0082558300,0.0085812700
2020-04-02,0.0012794600,0.0015489700,0.0024461100,0.0033339000,0.0040061200,0.0046557300,0.0057726700,0.0071692400,0.0077502400,0.0079840100,0.0082946800
2020-04-01,0.0012308900,0.0014795700,0.0023409300,0.0033208100,0.0040228300,0.0046997900,0.0058145500,0.0071848200,0.0077699800,0.0080077400,0.0083181400
2020-03-31,0.0010798100,0.0013237900,0.0021217400,0.0030262100,0.0036542000,0.0042708400,0.0053504400,0.0066673800,0.0072265800,0.0074635800,0.0077538900
2020-03-30,0.0011460500,0.0013840300,0.0022543900,0.0032595000,0.0039614100,0.0046389000,0.0057355900,0.0070607500,0.0076264000,0.0078719600,0.0081769400
2020-03-27,0.0010421700,0.0012861200,0.0021428000,0.0031097500,0.0037887200,0.0044397900,0.0055564800,0.0068931900,0.0074633000,0.0077045500,0.0080012400
2020-03-26,0.0010532700,0.0013028900,0.0022466700,0.0032769100,0.0039704700,0.0046210700,0.0057294800,0.0070272500,0.0076064000,0.0078489400,0.0081463700
2020-03-25,0.0011397000,0.0014217900,0.0024544500,0.0035333900,0.0042190500,0.0048741100,0.0059772400,0.0072794200,0.0078761500,0.0081073100,0.0083931400
2020-03-24,0.0013420400,0.0016430900,0.0028392800,0.0040605300,0.0048123700,0.0055084400,0.0066104400,0.0079292500,0.0085561100,0.0087999600,0.0091082900
2020-03-23,0.0015989700,0.0019246000,0.0032621000,0.0046265200,0.0054534400,0.0061895400,0.0073300100,0.0086822100,0.0093290900,0.0095943100,0.0099122500
2020-03-20,0.0014045300,0.0017296000,0.0030533500,0.0042743600,0.0050996200,0.0058615200,0.0069924500,0.0083702200,0.0089786400,0.0092004400,0.0095101200
2020-03-19,0.0013012600,0.0016204000,0.0028578500,0.0041606100,0.0051129400,0.0060283400,0.0071686900,0.0085770900,0.0092983800,0.0095484400,0.0098988300
2020-03-18,0.0014721900,0.0017921300,0.0030782800,0.0044435400,0.0054970900,0.0065444800,0.0076970200,0.0091077000,0.0098743200,0.0101176100,0.0105613400
2020-03-17,0.0013045500,0.0016237900,0.0028559400,0.0042108700,0.0051389900,0.0060600700,0.0071645200,0.0084816600,0.0092327900,0.0094858200,0.0099135900
2020-03-16,0.0013509700,0.0016543900,0.0028771300,0.0040778400,0.0050873600,0.0061029400,0.0072544300,0.0086520500,0.0094174900,0.0096763500,0.0101010900
2020-03-13,0.0011723500,0.0014694700,0.0025939000,0.0036348000,0.0045403100,0.0054276600,0.0065872800,0.0079844500,0.0087428100,0.0090035000,0.0093671400
2020-03-12,0.0013413800,0.0016418000,0.0029445500,0.0039756300,0.0048500000,0.0057069600,0.0068494900,0.0082445300,0.0090294500,0.0092953400,0.0096801200
2020-03-11,0.0010503500,0.0013078200,0.0022579000,0.0031562500,0.0039724100,0.0047852400,0.0059302200,0.0073460200,0.0080708100,0.0083224100,0.0086863600
2020-03-10,0.0010128800,0.0012807200,0.0022450700,0.0030945200,0.0039023200,0.0047233400,0.0058284600,0.0071766900,0.0078818700,0.0081391800,0.0084922200
2020-03-09,0.0010916200,0.0013372500,0.0024701800,0.0033835700,0.0042839000,0.0051319000,0.0062540100,0.0076704400,0.0083587400,0.0086140000,0.0089697100
2020-03-06,0.0007090900,0.0008944400,0.0014737900,0.0020890400,0.0028022700,0.0034996400,0.0045806400,0.0058902300,0.0064122400,0.0066233200,0.0069318100
2020-03-05,0.0006085400,0.0007677100,0.0012191000,0.0017342300,0.0023766500,0.0030287700,0.0041087200,0.0054075300,0.0059140200,0.0061215500,0.0064184500
2020-03-04,0.0005305600,0.0006878300,0.0011108300,0.0016097200,0.0022315700,0.0028611500,0.0039346300,0.0052264700,0.0057228600,0.0059265200,0.0062168800
2020-03-03,0.0005558900,0.0007188800,0.0011713400,0.0016791700,0.0023168100,0.0029585000,0.0040214900,0.0053172800,0.0058152900,0.0060193300,0.0063113600
2020-03-02,0.0006314500,0.0008030400,0.0012801700,0.0018077000,0.0024529400,0.0030907900,0.0041588200,0.0054812400,0.0059910900,0.0061988300,0.0064973500
2020-02-28,0.0006031500,0.0007561900,0.0011844000,0.0016371800,0.0022569600,0.0028749900,0.0039254000,0.0052498100,0.0057436400,0.0059456400,0.0062338200
2020-02-27,0.0005318500,0.0006737600,0.0010612600,0.0014717400,0.0020414500,0.0025987900,0.0036544100,0.0049697600,0.0054551700,0.0056551100,0.0059392600
2020-02-26,0.0004686100,0.0005952800,0.0009516000,0.0012987800,0.0018361100,0.0023837200,0.0034226200,0.0047284800,0.0052020700,0.0053984500,0.0056697800
2020-02-25,0.0004657300,0.0005938000,0.0009161400,0.0012395700,0.0017547400,0.0022829100,0.0033287500,0.0046161400,0.0050883700,0.0052856300,0.0055681600
2020-02-24,0.0004545400,0.0005778300,0.0008705000,0.0011699000,0.0016746700,0.0021870800,0.0032125500,0.0044554200,0.0049156900,0.0051093900,0.0053875000
2020-02-21,0.0003908900,0.0004965500,0.0007482600,0.0010335400,0.0015260700,0.0020148300,0.0030497700,0.0044012600,0.0048614000,0.0050559200,0.0053352700
2020-02-20,0.0004076200,0.0005166900,0.0007601200,0.0010230100,0.0015055300,0.0019847200,0.0030130600,0.0044261000,0.0048756700,0.0050724000,0.0053560200
2020-02-19,0.0003540400,0.0004520900,0.0006758500,0.0009344000,0.0014224600,0.0019026200,0.0029008900,0.0043000000,0.0047370200,0.0049284200,0.0052026000
2020-02-18,0.0003661800,0.0004655800,0.0007029800,0.0009810200,0.0014791700,0.0019642100,0.0029814900,0.0043692100,0.0048041700,0.0049969100,0.0052743100
2020-02-17,0.0003586300,0.0004583100,0.0007050800,0.0009735000,0.0014621700,0.0019414600,0.0029752500,0.0043543200,0.0047884400,0.0049807000,0.0052573500
2020-02-14,0.0003561600,0.0004623900,0.0007216600,0.0009890800,0.0014728400,0.0019591200,0.0030471100,0.0043925700,0.0048315900,0.0050260400,0.0053059400
2020-02-13,0.0003786700,0.0004812900,0.0007421500,0.0010230800,0.0015115200,0.0020009500,0.0031006900,0.0044136100,0.0048552200,0.0050502500,0.0053304300
2020-02-12,0.0003570600,0.0004567500,0.0007163300,0.0009936300,0.0014847200,0.0019744100,0.0030595500,0.0043874300,0.0048350900,0.0050305600,0.0053079100
2020-02-11,0.0003962000,0.0005066800,0.0007635000,0.0010499400,0.0015355800,0.0020465800,0.0031187600,0.0044651800,0.0049227000,0.0051218000,0.0054059300
2020-02-10,0.0003852200,0.0004981300,0.0007588200,0.0010548900,0.0015415600,0.0020506900,0.0031428200,0.0044549400,0.0049241600,0.0051215200,0.0054028100
2020-02-07,0.0004074700,0.0005169800,0.0007744800,0.0010517900,0.0015403700,0.0020376600,0.0030993400,0.0044205800,0.0048857600,0.0050811900,0.0053615600
2020-02-06,0.0003647900,0.0004694700,0.0007265100,0.0009989000,0.0014835300,0.0019768000,0.0030515200,0.0043415700,0.0048007300,0.0049926900,0.0052699700
2020-02-05,0.0003682200,0.0004716400,0.0007413500,0.0010247900,0.0015110300,0.0020073200,0.0030826200,0.0043912300,0.0048483900,0.0050300800,0.0053064400
2020-02-04,0.0003852100,0.0004934400,0.0007896900,0.0010850700,0.0015868300,0.0020922900,0.0031583300,0.0044375500,0.0048863800,0.0050810700,0.0053586400
2020-02-03,0.0004130100,0.0005264900,0.0008451100,0.0011537800,0.0016608200,0.0021769500,0.0032431100,0.0045261900,0.0049880200,0.0051812300,0.0054579800
2020-01-31,0.0004161600,0.0005288900,0.0008416400,0.0011478400,0.0016600800,0.0021812000,0.0032313900,0.0045108000,0.0049724600,0.0051657500,0.0054439900
2020-01-30,0.0004339900,0.0005492500,0.0008645000,0.0011626300,0.0016704000,0.0021970100,0.0032725900,0.0045697200,0.0050381100,0.0052353800,0.0055191500
2020-01-29,0.0004007900,0.0005091100,0.0007989000,0.0010824900,0.0015835200,0.0020935600,0.0031641900,0.0044828900,0.0049361400,0.0051296700,0.0054082900
2020-01-28,0.0004031900,0.0005114700,0.0007919300,0.0010736300,0.0015710000,0.0020770800,0.0031488100,0.0044611400,0.0048993600,0.0050948400,0.0053749100
2020-01-27,0.0004143900,0.0005251900,0.0007902000,0.0010717500,0.0015669900,0.0020705200,0.0031328200,0.0044269400,0.0048601900,0.0050529700,0.0053302500
2020-01-24,0.0003986000,0.0005082100,0.0007585600,0.0010254700,0.0015091700,0.0020030700,0.0030571100,0.0044059300,0.0048468200,0.0050429800,0.0053251200
2020-01-23,0.0003828500,0.0004907300,0.0007501800,0.0010125900,0.0014960500,0.0019905200,0.0030396200,0.0043798000,0.0048266100,0.0050214100,0.0053003500
2020-01-22,0.0003759700,0.0004810900,0.0007510100,0.0010162500,0.0014995200,0.0019824000,0.0030646100,0.0044049300,0.0048492900,0.0050466600,0.0053290400
2020-01-21,0.0003766300,0.0004807400,0.0007373500,0.0010043400,0.0014945300,0.0019780800,0.0030120700,0.0043752200,0.0048338000,0.0050288300,0.0053090400
2020-01-20,0.0003569500,0.0004559100,0.0006911900,0.0009501400,0.0014315400,0.0019156800,0.0029215800,0.0043148900,0.0047646400,0.0049569300,0.0052228800
2020-01-17,0.0003680200,0.0004706100,0.0007075100,0.0009679600,0.0014370900,0.0019161300,0.0029629000,0.0043056900,0.0047428000,0.0049359800,0.0052122200
2020-01-16,0.0003559500,0.0004552400,0.0006823600,0.0009132200,0.0014059500,0.0018927300,0.0029498300,0.0042866900,0.0047388300,0.0049288000,0.0051930500
2020-01-15,0.0003557900,0.0004540400,0.0006774600,0.0009092700,0.0013822600,0.0018646200,0.0029699800,0.0042978900,0.0047753800,0.0049649500,0.0052405200
2020-01-14,0.0003427300,0.0004402900,0.0006566100,0.0008823200,0.0013643000,0.0018352200,0.0028772000,0.0042992800,0.0048542900,0.0050650600,0.0053703500
2020-01-13,0.0003427300,0.0004406200,0.0006412600,0.0008574900,0.0013344900,0.0018068100,0.0028652100,0.0042144100,0.0047575600,0.0049663300,0.0052664000
2020-01-10,0.0003383800,0.0004358200,0.0006466300,0.0008709400,0.0013416900,0.0018104200,0.0028777400,0.0042534200,0.0047848600,0.0050060500,0.0053080100
2020-01-09,0.0003435400,0.0004461200,0.0006686600,0.0009114800,0.0013725100,0.0018424100,0.0029297400,0.0042678400,0.0048156600,0.0050252400,0.0053292300
2020-01-08,0.0003610500,0.0004656200,0.0007066600,0.0009637500,0.0014292200,0.0019147500,0.0030005900,0.0043270800,0.0048620300,0.0050754600,0.0053821400
2020-01-07,0.0003719650,0.0004769814,0.0007172162,0.0009728223,0.0014524709,0.0019403045,0.0030364211,0.0043748068,0.0048864238,0.0050924715,0.0053889257
2020-01-06,0.0003832100,0.0004886200,0.0007279300,0.0009819800,0.0014761000,0.0019662000,0.0030726800,0.0044230600,0.0049109400,0.0051095400,0.0053957200
2020-01-03,0.0003641700,0.0004710600,0.0007186400,0.0009625900,0.0014496600,0.0019372300,0.0030665600,0.0044043600,0.0049664900,0.0051925500,0.0054997300
2020-01-02,0.0003591700,0.0004707700,0.0006963500,0.0009599000,0.0014555500,0.0019403400,0.0030428200,0.0043835700,0.0049482600,0.0051624900,0.0054692300
2020-01-01,0.0003912700,0.0005073000,0.0007486100,0.0010454200,0.0015553500,0.0020888800,0.0032292100,0.0044813600,0.0050588600,0.0052785100,0.0055939200
2019-12-31,0.0003615500,0.0004698000,0.0006944700,0.0009641000,0.0014410100,0.0019276100,0.0029943700,0.0042948200,0.0048459300,0.0050553200,0.0053560000
2019-12-30,0.0003647800,0.0004746200,0.0007104700,0.0009828800,0.0014627700,0.0019571300,0.0030844700,0.0044288600,0.0049939000,0.0052124700,0.0055206100
2019-12-27,0.0003614200,0.0004691100,0.0007031000,0.0009728100,0.0014508100,0.0019529200,0.0030849400,0.0043795700,0.0049090400,0.0051343000,0.0054364900
2019-12-26,0.0003884900,0.0005001600,0.0007566500,0.0010395900,0.0015336600,0.0020459400,0.0031948200,0.0044233500,0.0049619700,0.0051793300,0.0054932400
2019-12-25,0.0003769200,0.0004851500,0.0007307600,0.0010026100,0.0014904200,0.0019924700,0.0031292200,0.0044062100,0.0049420200,0.0051581300,0.0054704200
2019-12-24,0.0003634000,0.0004679700,0.0006958800,0.0009522900,0.0014150700,0.0018771400,0.0029485500,0.0043006400,0.0048222700,0.0050326300,0.0053368400
2019-12-23,0.0003620400,0.0004666600,0.0006928600,0.0009482200,0.0013963200,0.0018655700,0.0029408900,0.0042901600,0.0048106700,0.0050206600,0.0053242500
2019-12-20,0.0003586400,0.0004614900,0.0006954000,0.0009408400,0.0014162300,0.0018688100,0.0029436900,0.0042759000,0.0047941900,0.0050025800,0.0053045700
2019-12-19,0.0003490100,0.0004543000,0.0006875700,0.0009459200,0.0014041000,0.0018681200,0.0029740700,0.0042150200,0.0047361400,0.0049412000,0.0052389300
2019-12-18,0.0003551200,0.0004619500,0.0006931200,0.0009362300,0.0014066500,0.0018848700,0.0029765200,0.0042578900,0.0047844800,0.0049898900,0.0052894300
2019-12-17,0.0003472600,0.0004513800,0.0006847000,0.0009334500,0.0014086200,0.0018890500,0.0030214500,0.0043094600,0.0048398800,0.0050487700,0.0053535100
2019-12-16,0.0003396200,0.0004426100,0.0006761200,0.0009344100,0.0014041000,0.0018788900,0.0030071700,0.0043160100,0.0048277700,0.0050381800,0.0053435600
2019-12-13,0.0003295000,0.0004333500,0.0006765400,0.0009495600,0.0014208600,0.0019005800,0.0030492900,0.0043433900,0.0048353100,0.0050469800,0.0053542800
2019-12-12,0.0003766900,0.0004866200,0.0007300500,0.0010197900,0.0015063900,0.0020007900,0.0031551000,0.0044296500,0.0048777700,0.0050739900,0.0053598200
2019-12-11,0.0003752700,0.0004918200,0.0007326100,0.0010245100,0.0014966000,0.0019916900,0.0031573200,0.0044131600,0.0048570300,0.0050528700,0.0053382700
2019-12-10,0.0003718600,0.0004873000,0.0007346900,0.0010124200,0.0014935500,0.0020001700,0.0031632100,0.0044400100,0.0048718700,0.0050701200,0.0053577600
2019-12-09,0.0003642700,0.0004767900,0.0006972500,0.0009614000,0.0014681800,0.0019818100,0.0031459600,0.0044461800,0.0048796100,0.0050759400,0.0053635400
2019-12-06,0.0003781700,0.0004951800,0.0007176900,0.0009948400,0.0014889500,0.0020250500,0.0031310000,0.0044272600,0.0048673600,0.0050500700,0.0053316900
2019-12-05,0.0003864100,0.0005039900,0.0007440900,0.0010375200,0.0015169200,0.0020442000,0.0031304900,0.0044321700,0.0048703300,0.0050638400,0.0053359300
2019-12-04,0.0003979500,0.0005175500,0.0007603000,0.0010445000,0.0015515800,0.0020763100,0.0031422800,0.0044975600,0.0049284600,0.0051260400,0.0054134000
2019-12-03,0.0004009400,0.0005191700,0.0007349700,0.0009949100,0.0015197900,0.0020650200,0.0031702800,0.0045080800,0.0049368300,0.0051327500,0.0054191900
2019-12-02,0.0003901000,0.0005066700,0.0007319700,0.0010009400,0.0015099300,0.0020387600,0.0031567300,0.0045046100,0.0049369800,0.0051335600,0.0054198400
2019-11-29,0.0003786500,0.0004933500,0.0007260100,0.0009929900,0.0015011300,0.0020298500,0.0031257800,0.0044886200,0.0049299900,0.0051251600,0.0054105100
2019-11-28,0.0003960100,0.0005155500,0.0007475900,0.0010186500,0.0015375800,0.0020715600,0.0031932300,0.0045321000,0.0049651100,0.0051644500,0.0054523900
2019-11-27,0.0003850800,0.0005015100,0.0006900200,0.0009812900,0.0015215700,0.0020617600,0.0031949300,0.0045277400,0.0049583700,0.0051652800,0.0054399400
2019-11-26,0.0003950700,0.0005139900,0.0007147200,0.0010091700,0.0015456400,0.0020989600,0.0032209400,0.0045398800,0.0049734200,0.0051700900,0.0054544000
2019-11-25,0.0004245700,0.0005526300,0.0007952000,0.0011042000,0.0015867100,0.0021316700,0.0032116100,0.0044958000,0.0049335100,0.0051271800,0.0054060300
2019-11-22,0.0004054100,0.0005334600,0.0008022100,0.0010995800,0.0016273100,0.0021688100,0.0032168000,0.0046016700,0.0050370800,0.0052451100,0.0055205600
2019-11-21,0.0004277400,0.0005551900,0.0008073200,0.0011132100,0.0016249000,0.0021846500,0.0032788600,0.0046020200,0.0050499100,0.0052466600,0.0055234800
2019-11-20,0.0004205100,0.0005468800,0.0007953100,0.0010912400,0.0016241100,0.0021814500,0.0032706500,0.0046329800,0.0050757100,0.0052719800,0.0055603500
2019-11-19,0.0004166600,0.0005427000,0.0007531300,0.0010565500,0.0016024300,0.0021769600,0.0033332000,0.0046346700,0.0050906900,0.0052844700,0.0055722600
2019-11-18,0.0004092000,0.0005317000,0.0007661600,0.0010192300,0.0016104900,0.0022083000,0.0033666200,0.0047211100,0.0051950200,0.0053819900,0.0056778900
2019-11-15,0.0004184300,0.0005451900,0.0007860400,0.0010933600,0.0015861800,0.0021329200,0.0033955900,0.0046589300,0.0051278200,0.0053130200,0.0056061000
2019-11-14,0.0004371600,0.0005656500,0.0008249000,0.0011476800,0.0016495600,0.0022015400,0.0034553200,0.0047336400,0.0052070200,0.0053943200,0.0056916500
2019-11-13,0.0004174500,0.0005413900,0.0007496200,0.0010384400,0.0016022700,0.0021833400,0.0034329100,0.0047629400,0.0052379100,0.0054263500,0.0057250100
2019-11-12,0.0004239900,0.0005509200,0.0008148900,0.0011260700,0.0016584600,0.0022027800,0.0034183200,0.0047615800,0.0052220000,0.0054094200,0.0057039600
2019-11-11,0.0004249100,0.0005526900,0.0007951300,0.0011174600,0.0016827400,0.0022618800,0.0034650700,0.0048095000,0.0052869600,0.0054738100,0.0057699500
2019-11-08,0.0004261900,0.0005536300,0.0007900400,0.0011224000,0.0016997700,0.0022889900,0.0034600700,0.0048115300,0.0052889100,0.0054654300,0.0057601700
2019-11-07,0.0004238800,0.0005533500,0.0008033500,0.0011484300,0.0016997300,0.0022653700,0.0034709500,0.0048227500,0.0053004200,0.0054871300,0.0057780500
2019-11-06,0.0004354000,0.0005689600,0.0008328300,0.0011974500,0.0017658900,0.0023427500,0.0035253600,0.0048775200,0.0053599100,0.0055474500,0.0058427500
2019-11-05,0.0004480400,0.0005852500,0.0008547400,0.0012072000,0.0017763900,0.0023670100,0.0035904000,0.0049233000,0.0054073500,0.0055856600,0.0058841800
2019-11-04,0.0004423500,0.0005866100,0.0008671700,0.0012296000,0.0018021400,0.0023876300,0.0036003500,0.0049307400,0.0054189000,0.0056059700,0.0059007100
2019-11-01,0.0004630700,0.0006060100,0.0008851800,0.0012570500,0.0018556400,0.0024591200,0.0037145200,0.0050455700,0.0055405600,0.0057291900,0.0060261500
2019-10-31,0.0004772600,0.0006196500,0.0009460700,0.0013384100,0.0019573600,0.0025445500,0.0037669900,0.0051047400,0.0055998500,0.0057896500,0.0060875200
2019-10-30,0.0004861100,0.0006300200,0.0009696200,0.0013796400,0.0019951300,0.0025722800,0.0038210500,0.0051650600,0.0056667300,0.0058590700,0.0061587100
2019-10-29,0.0004926600,0.0006388000,0.0009665600,0.0013661600,0.0019702800,0.0025657700,0.0038082500,0.0051136800,0.0056093400,0.0057990200,0.0060962500
2019-10-28,0.0004671500,0.0006084500,0.0009508400,0.0013468900,0.0019322400,0.0025510400,0.0037871700,0.0051071400,0.0056003900,0.0057895100,0.0060859300
2019-10-25,0.0004658200,0.0006129200,0.0009729300,0.0013959800,0.0019840000,0.0025906800,0.0038237100,0.0051738900,0.0056679500,0.0058573800,0.0061542000
2019-10-24,0.0004984900,0.0006466000,0.0010027000,0.0014098600,0.0019972500,0.0026104100,0.0039056300,0.0052426500,0.0057413800,0.0059332400,0.0062358400
2019-10-23,0.0005334100,0.0006947400,0.0010447600,0.0014867800,0.0020790700,0.0026830200,0.0040199100,0.0053396400,0.0058434000,0.0060375400,0.0063526300
2019-10-22,0.0005275300,0.0006807500,0.0010562800,0.0014974100,0.0020964700,0.0026916200,0.0040017400,0.0053189500,0.0058218500,0.0060148000,0.0063268600
2019-10-21,0.0005468400,0.0007114800,0.0010826600,0.0015179700,0.0021433500,0.0027403900,0.0039838100,0.0052955900,0.0057958000,0.0059878400,0.0062879800
2019-10-18,0.0005404700,0.0007053200,0.0010767700,0.0015157600,0.0021361900,0.0027344100,0.0039752800,0.0052875600,0.0057898000,0.0059814700,0.0062822800
2019-10-17,0.0005577100,0.0007230800,0.0010799200,0.0015306400,0.0021432500,0.0027427300,0.0040175200,0.0053115700,0.0058282800,0.0060197400,0.0063223700
2019-10-16,0.0005263400,0.0006735700,0.0010220200,0.0014590600,0.0020416000,0.0026713000,0.0039379100,0.0052355700,0.0057555400,0.0059544800,0.0062611500
2019-10-15,0.0005408500,0.0006937800,0.0010466600,0.0014691400,0.0020872500,0.0026950500,0.0039535100,0.0052417400,0.0057365600,0.0059254000,0.0062247700
2019-10-14,0.0005278100,0.0006876900,0.0010415100,0.0014533900,0.0020785400,0.0027358500,0.0039760100,0.0052816000,0.0057793700,0.0059585600,0.0062708300
2019-10-11,0.0005242600,0.0006873300,0.0010596400,0.0014821000,0.0021000000,0.0027525900,0.0039655500,0.0052887500,0.0057846100,0.0059646700,0.0062669500
2019-10-10,0.0005209100,0.0006863800,0.0010903300,0.0015412300,0.0021606200,0.0028202400,0.0040691100,0.0053659900,0.0058656800,0.0060571400,0.0063561200
2019-10-09,0.0005497600,0.0007187000,0.0011222400,0.0015713000,0.0022136500,0.0028863900,0.0041224400,0.0054291400,0.0059313400,0.0061230800,0.0064227800
2019-10-08,0.0005923300,0.0007615900,0.0011794400,0.0016430800,0.0023195400,0.0029778500,0.0042300400,0.0055310200,0.0060519300,0.0062457900,0.0065491000
2019-10-07,0.0005755500,0.0007504900,0.0011989600,0.0016674000,0.0023375500,0.0029845400,0.0042220600,0.0055622100,0.0060747600,0.0062714800,0.0065780300
2019-10-04,0.0005749900,0.0007389800,0.0011941900,0.0016680000,0.0023054500,0.0029638800,0.0041722000,0.0055136000,0.0060248300,0.0062205000,0.0065255900
2019-10-03,0.0005739300,0.0007486900,0.0011771900,0.0016582100,0.0022783900,0.0029330700,0.0041094200,0.0054173200,0.0059356800,0.0061282100,0.0064296200
2019-10-02,0.0005525800,0.0007203700,0.0011334000,0.0016086700,0.0022091500,0.0028548200,0.0040544800,0.0053734000,0.0058778500,0.0060716100,0.0063752300
2019-10-01,0.0004959300,0.0006584100,0.0010736600,0.0015529800,0.0021562000,0.0027703600,0.0039787900,0.0053045600,0.0058198800,0.0060125700,0.0063145400
2019-09-30,0.0005623400,0.0007332700,0.0011683800,0.0016404800,0.0022730700,0.0028667600,0.0041183400,0.0054648400,0.0059804500,0.0061800600,0.0064926100
2019-09-27,0.0005525600,0.0007202700,0.0011150500,0.0015655600,0.0021782900,0.0027889000,0.0039963100,0.0053002600,0.0058016600,0.0059955600,0.0062993000
2019-09-26,0.0005459800,0.0007106000,0.0011043600,0.0015439000,0.0021575200,0.0027745200,0.0040016500,0.0053126000,0.0058187800,0.0060154500,0.0063241600
2019-09-25,0.0005619500,0.0007194600,0.0011193400,0.0015536300,0.0021505600,0.0027476900,0.0039904600,0.0052940000,0.0058006300,0.0059972400,0.0063086500
2019-09-24,0.0005332900,0.0006864700,0.0011042100,0.0015113700,0.0020932600,0.0026641900,0.0039166900,0.0052319000,0.0057419700,0.0059386500,0.0062604900
2019-09-23,0.0005305800,0.0006906600,0.0010564200,0.0014594700,0.0019999900,0.0025872400,0.0038043800,0.0050796000,0.0055924300,0.0057800200,0.0060780200
2019-09-20,0.0005141200,0.0006597600,0.0010072200,0.0013877600,0.0019237900,0.0025010100,0.0037112600,0.0050077700,0.0055341600,0.0057037500,0.0059855700
2019-09-19,0.0004121200,0.0005365400,0.0008269900,0.0011340600,0.0016306700,0.0021435300,0.0033842200,0.0047160600,0.0053225400,0.0055080600,0.0058511300
2019-09-18,0.0004060300,0.0005292700,0.0008188500,0.0011247100,0.0016195800,0.0021264700,0.0033719600,0.0047168600,0.0053231900,0.0055094300,0.0058419800
2019-09-17,0.0003935400,0.0005204600,0.0008027500,0.0010993300,0.0015917100,0.0020989200,0.0033314700,0.0046634200,0.0052450600,0.0054238800,0.0057618200
2019-09-16,0.0003958500,0.0005150500,0.0008324800,0.0011033300,0.0015783400,0.0020648500,0.0033166900,0.0046708800,0.0052539300,0.0054366200,0.0057694600
2019-09-13,0.0003713700,0.0004935000,0.0007831000,0.0010442300,0.0015248100,0.0020120900,0.0032739200,0.0046213300,0.0051654500,0.0053500200,0.0056781500
2019-09-12,0.0003714100,0.0004974200,0.0007584000,0.0010378900,0.0015180800,0.0020203800,0.0032909000,0.0046085300,0.0050887100,0.0052549100,0.0055553500
2019-09-11,0.0004012300,0.0005287500,0.0008187700,0.0011105300,0.0016015300,0.0021092000,0.0033750500,0.0047200100,0.0052087200,0.0053691400,0.0056784400
2019-09-10,0.0004011800,0.0005273800,0.0007951800,0.0010915000,0.0015774800,0.0020897000,0.0033496100,0.0046638100,0.0051446400,0.0053138600,0.0056179800
2019-09-09,0.0004039900,0.0005208300,0.0008606600,0.0011315300,0.0015992900,0.0020913400,0.0033763300,0.0047057500,0.0051813800,0.0053527900,0.0056625100
2019-09-06,0.0003949400,0.0005100600,0.0007406800,0.0010217800,0.0015189400,0.0020613300,0.0033408300,0.0046100000,0.0050874700,0.0052420500,0.0055461000
2019-09-05,0.0004048500,0.0005236800,0.0007608800,0.0010335000,0.0015356700,0.0020643500,0.0033483800,0.0046147300,0.0050828200,0.0052401000,0.0055457700
2019-09-04,0.0004032500,0.0005202700,0.0007724100,0.0010427100,0.0015335700,0.0020508700,0.0033266300,0.0046065600,0.0050724200,0.0052246600,0.0055260300
2019-09-03,0.0004068800,0.0005306200,0.0008267600,0.0010906600,0.0015482100,0.0020314100,0.0032823700,0.0046014000,0.0050589500,0.0051588900,0.0053853500
2019-09-02,0.0003871300,0.0005111500,0.0007926500,0.0010484700,0.0015070300,0.0019796700,0.0031936400,0.0045376600,0.0050166100,0.0051711400,0.0054796500
2019-08-30,0.0004049600,0.0005227500,0.0007682500,0.0010348800,0.0015126700,0.0019942700,0.0032398800,0.0045933700,0.0050805600,0.0052138200,0.0055292600
2019-08-29,0.0004138600,0.0005343500,0.0007969000,0.0010306800,0.0015021900,0.0019775100,0.0031948100,0.0045436600,0.0050277800,0.0051627500,0.0054817700
2019-08-28,0.0003768300,0.0004865600,0.0007643400,0.0010064500,0.0014542300,0.0019227900,0.0031626500,0.0044934500,0.0049716100,0.0051147700,0.0054290200
2019-08-27,0.0003563500,0.0004641500,0.0007509300,0.0009937900,0.0014418600,0.0019101200,0.0031307900,0.0044082500,0.0048726600,0.0050097100,0.0053185200
2019-08-26,0.0003916900,0.0005042800,0.0007564400,0.0009960600,0.0014383600,0.0019065100,0.0031666100,0.0045084400,0.0049812500,0.0051099300,0.0054241600
2019-08-23,0.0004073500,0.0005247100,0.0007492200,0.0010097000,0.0014449800,0.0019262400,0.0031426200,0.0045007700,0.0049729200,0.0051015200,0.0054153600
2019-08-22,0.0003812900,0.0004919900,0.0007119900,0.0009543300,0.0013948700,0.0018458000,0.0031220200,0.0044589800,0.0049280300,0.0050552400,0.0053660000
2019-08-21,0.0003585200,0.0004650700,0.0006890000,0.0009252900,0.0013538200,0.0018005900,0.0030855300,0.0044191600,0.0048838700,0.0050107500,0.0053198500
2019-08-20,0.0003748700,0.0004865200,0.0007486700,0.0009814600,0.0014431200,0.0019126700,0.0031365300,0.0045025100,0.0049747800,0.0051042500,0.0054142000
2019-08-19,0.0003766700,0.0004899500,0.0007538000,0.0009874100,0.0014467300,0.0019158200,0.0031209200,0.0044839100,0.0049561600,0.0050887100,0.0053993900
2019-08-16,0.0003883500,0.0005030900,0.0007490000,0.0010233000,0.0015038500,0.0020057000,0.0032410000,0.0045921300,0.0050698700,0.0052153200,0.0055276900
2019-08-15,0.0004289400,0.0005623700,0.0008405700,0.0011142300,0.0016030100,0.0020974500,0.0033126000,0.0046788900,0.0051619900,0.0053084300,0.0056183000
2019-08-14,0.0004297200,0.0005545900,0.0008331100,0.0011235900,0.0016030200,0.0021069400,0.0033332600,0.0047067900,0.0051905800,0.0053370200,0.0056460900
2019-08-13,0.0004276000,0.0005560400,0.0008488200,0.0011194800,0.0015779300,0.0020484200,0.0032439400,0.0046317600,0.0050964900,0.0052372700,0.0055439100
2019-08-12,0.0004034700,0.0005195900,0.0007948800,0.0010793400,0.0015239000,0.0019861800,0.0031478500,0.0045345700,0.0050013000,0.0051264700,0.0054274000
2019-08-09,0.0003835400,0.0004953700,0.0007732100,0.0010703700,0.0015132200,0.0019759800,0.0031656100,0.0045508500,0.0050254900,0.0051528700,0.0054566500
2019-08-08,0.0003832300,0.0004969600,0.0007756600,0.0010726100,0.0015147800,0.0019766000,0.0031667800,0.0045516500,0.0050302200,0.0051616200,0.0054682100
2019-08-07,0.0004099400,0.0005267800,0.0008175100,0.0011191700,0.0015863200,0.0020610900,0.0032672000,0.0046467800,0.0051341600,0.0052736600,0.0055786200
2019-08-06,0.0004199600,0.0005356800,0.0008298300,0.0011038600,0.0015717700,0.0020452100,0.0032718100,0.0046391200,0.0051379700,0.0052601600,0.0055607100
2019-08-05,0.0004429200,0.0005631900,0.0008532100,0.0011217900,0.0015842200,0.0020570600,0.0032833200,0.0046520900,0.0051549100,0.0052767200,0.0055777900
2019-08-02,0.0004068800,0.0005224900,0.0007580700,0.0010000600,0.0014543800,0.0019100700,0.0031118500,0.0044859200,0.0049956100,0.0051133000,0.0054094900
2019-08-01,0.0003712300,0.0004775300,0.0006946000,0.0009134400,0.0013551500,0.0017879100,0.0029863700,0.0043601200,0.0049273800,0.0049942700,0.0052284400
2019-07-31,0.0003522700,0.0004575000,0.0006612700,0.0008937500,0.0013152200,0.0017514000,0.0029381300,0.0043233300,0.0049016800,0.0050469800,0.0053885100
2019-07-30,0.0003518700,0.0004564500,0.0006439400,0.0008512200,0.0012783500,0.0017055400,0.0029379600,0.0042909200,0.0048652700,0.0050097400,0.0053489900
2019-07-29,0.0003474300,0.0004508300,0.0006141400,0.0008054000,0.0012518500,0.0016843400,0.0028731300,0.0042430200,0.0048092300,0.0049508500,0.0052905600
2019-07-26,0.0003190600,0.0004164700,0.0005669500,0.0007417000,0.0011837800,0.0016196300,0.0028147600,0.0041903600,0.0047458800,0.0048822000,0.0052157500
2019-07-25,0.0003478100,0.0004530100,0.0006331200,0.0008328600,0.0012570200,0.0016941500,0.0029126100,0.0042765300,0.0048637300,0.0050015300,0.0053454100
2019-07-24,0.0003426400,0.0004447700,0.0006291700,0.0008431600,0.0012495800,0.0016641900,0.0028522800,0.0042199300,0.0047966800,0.0049322800,0.0052697300
2019-07-23,0.0003364600,0.0004385300,0.0006270100,0.0008488600,0.0012754400,0.0017015500,0.0028880200,0.0042683000,0.0048498100,0.0049885700,0.0053272700
2019-07-22,0.0003524700,0.0004569400,0.0006511900,0.0008878000,0.0013250300,0.0017727700,0.0029524500,0.0043347800,0.0049029000,0.0050462900,0.0053871800
2019-07-19,0.0003465500,0.0004510400,0.0006323100,0.0008675600,0.0012988000,0.0017429200,0.0029235100,0.0043064300,0.0048714500,0.0050141700,0.0053503500
2019-07-18,0.0003477800,0.0004571600,0.0006432100,0.0008531400,0.0012971200,0.0017587700,0.0029499800,0.0043087100,0.0048716100,0.0050157500,0.0053520100
2019-07-17,0.0003091800,0.0004054600,0.0005835900,0.0008004800,0.0012497500,0.0017188300,0.0029165600,0.0042697800,0.0048180400,0.0049660500,0.0052955200
2019-07-16,0.0003109000,0.0004104200,0.0005542500,0.0007326600,0.0012270000,0.0017208500,0.0029224200,0.0042593600,0.0048216100,0.0049562500,0.0052934500
2019-07-15,0.0003413200,0.0004489600,0.0006018900,0.0008088000,0.0012839500,0.0017804500,0.0029745800,0.0043387100,0.0049083200,0.0050467900,0.0053875500
2019-07-12,0.0003427900,0.0004516000,0.0005673000,0.0007718400,0.0012672400,0.0017718300,0.0029997800,0.0043508100,0.0049091500,0.0050618200,0.0053917200
2019-07-11,0.0003413300,0.0004481700,0.0005638300,0.0007594200,0.0012640500,0.0017634500,0.0029869100,0.0043387600,0.0048949500,0.0050473300,0.0053766500
2019-07-10,0.0003526300,0.0004629500,0.0005737300,0.0007732500,0.0012806500,0.0017812000,0.0030042200,0.0043632000,0.0049229100,0.0050760300,0.0054083200
2019-07-09,0.0003627900,0.0004713000,0.0005423000,0.0007387100,0.0012783900,0.0017945600,0.0029877600,0.0043654000,0.0049276600,0.0050805800,0.0054179500
2019-07-08,0.0003331000,0.0004377000,0.0005488200,0.0007131600,0.0012210200,0.0016993200,0.0028900300,0.0042503500,0.0048130500,0.0049501000,0.0052886700
2019-07-05,0.0003402600,0.0004456700,0.0005175200,0.0007195200,0.0012259600,0.0017323800,0.0029552200,0.0043157600,0.0048733000,0.0050270700,0.0053603100
2019-07-04,0.0003115100,0.0004115700,0.0004861900,0.0006825400,0.0011946000,0.0017041700,0.0028953000,0.0042589500,0.0048054000,0.0049575600,0.0052876500
2019-07-03,0.0003221000,0.0004252200,0.0005762600,0.0008031700,0.0012888700,0.0017818300,0.0029614600,0.0043251300,0.0048488100,0.0050016900,0.0053307400
2019-07-02,0.0003405600,0.0004494000,0.0006205100,0.0008647900,0.0013277700,0.0018025800,0.0029833800,0.0043546100,0.0048081500,0.0049489200,0.0052485900
2019-07-01,0.0003346300,0.0004406700,0.0006080400,0.0008547200,0.0013418000,0.0018539000,0.0030591600,0.0044118600,0.0048725900,0.0050143300,0.0053180100
2019-06-28,0.0003743600,0.0004870500,0.0005933400,0.0008771000,0.0013951800,0.0019202400,0.0030902200,0.0044545900,0.0049246500,0.0050553900,0.0053563700
2019-06-27,0.0003677400,0.0004790700,0.0006236700,0.0008850000,0.0013816900,0.0018845100,0.0030829800,0.0044506100,0.0049087400,0.0050508600,0.0053514900
2019-06-26,0.0003610300,0.0004694800,0.0006208200,0.0008890400,0.0013838300,0.0018861900,0.0030773600,0.0044438600,0.0049033700,0.0050389200,0.0053400800
2019-06-25,0.0003614200,0.0004730000,0.0006470600,0.0009078500,0.0014025600,0.0019069500,0.0031027200,0.0044566700,0.0049282900,0.0050520400,0.0053544200
2019-06-24,0.0003489200,0.0004660100,0.0006698600,0.0009263500,0.0014200100,0.0019227400,0.0031146000,0.0044839900,0.0049584800,0.0050830000,0.0053907200
2019-06-21,0.0003658700,0.0004851100,0.0006812200,0.0009324700,0.0014306000,0.0019457900,0.0031629300,0.0045161200,0.0049906200,0.0051158900,0.0054247400
2019-06-20,0.0003574700,0.0004701300,0.0006663500,0.0009224700,0.0014251400,0.0019409700,0.0031578400,0.0045113200,0.0049831400,0.0051096300,0.0054175000
2019-06-19,0.0003645200,0.0004853500,0.0006747700,0.0009276500,0.0014466300,0.0019814100,0.0031997000,0.0045519100,0.0050102900,0.0051528300,0.0054562500
2019-06-18,0.0003922600,0.0005288500,0.0007588200,0.0010290900,0.0015350900,0.0020645800,0.0032520000,0.0046161500,0.0050912200,0.0052209500,0.0055268500
2019-06-17,0.0004176600,0.0005458400,0.0008108700,0.0010993500,0.0015981500,0.0021123600,0.0032761200,0.0046711900,0.0051440200,0.0052753500,0.0055768900
2019-06-14,0.0004333400,0.0005646500,0.0008423100,0.0011327800,0.0016281400,0.0021516700,0.0032905700,0.0046801500,0.0051355300,0.0052791500,0.0055798700
2019-06-13,0.0004175600,0.0005444100,0.0008209900,0.0011116900,0.0016087600,0.0021331000,0.0032824500,0.0046711800,0.0051275000,0.0052688400,0.0055681300
2019-06-12,0.0004229300,0.0005509200,0.0008208200,0.0011123200,0.0016213600,0.0021498800,0.0033142600,0.0046996200,0.0051722600,0.0053010800,0.0056002600
2019-06-11,0.0004195600,0.0005478000,0.0008137000,0.0010968000,0.0016063300,0.0021380900,0.0033437600,0.0047081700,0.0051809800,0.0053083300,0.0056094400
2019-06-10,0.0004154800,0.0005423100,0.0008110900,0.0011019700,0.0016266100,0.0021715100,0.0033994200,0.0047703000,0.0052477700,0.0053736700,0.0056801800
2019-06-07,0.0004248700,0.0005589400,0.0008317300,0.0011227800,0.0016414800,0.0021680600,0.0033381000,0.0047027400,0.0051720800,0.0052962100,0.0055996400
2019-06-06,0.0004024500,0.0005389400,0.0008243500,0.0011359500,0.0016928100,0.0022605700,0.0034562900,0.0048279000,0.0053075900,0.0054340500,0.0057495300
2019-06-05,0.0004217700,0.0005576200,0.0008587900,0.0011799600,0.0017344200,0.0023073600,0.0035426100,0.0049139000,0.0053937300,0.0055168500,0.0058232500
2019-06-04,0.0004739300,0.0006219100,0.0009300200,0.0012557700,0.0017995100,0.0023753600,0.0035863000,0.0049559900,0.0054260500,0.0055158100,0.0058237700
2019-06-03,0.0004725700,0.0006261700,0.0009347500,0.0012829400,0.0018354100,0.0024328500,0.0036743000,0.0050373500,0.0056689000,0.0058063100,0.0061499900
2019-05-31,0.0004798100,0.0006234700,0.0009356400,0.0012897900,0.0018601100,0.0024614700,0.0036967100,0.0050785900,0.0057138700,0.0058514600,0.0061987200
2019-05-30,0.0004465800,0.0005824600,0.0008925600,0.0012370900,0.0017875700,0.0023779500,0.0036269600,0.0050011300,0.0056100700,0.0057597800,0.0060915600
2019-05-29,0.0004589700,0.0006093200,0.0009294200,0.0012788100,0.0018385900,0.0024296400,0.0036653700,0.0050353300,0.0056292000,0.0057720100,0.0061211800
2019-05-28,0.0004548800,0.0005961300,0.0008945700,0.0012414500,0.0017901500,0.0023713900,0.0035658000,0.0049417500,0.0055007500,0.0056433100,0.0059851100
2019-05-27,0.0004349900,0.0005697600,0.0008838400,0.0012268900,0.0017844900,0.0023545400,0.0035870100,0.0049395500,0.0054278400,0.0055668900,0.0058765400
2019-05-24,0.0004330900,0.0005679900,0.0008746800,0.0012213600,0.0017757700,0.0023472100,0.0035713300,0.0049347200,0.0054231300,0.0055618000,0.0058709500
2019-05-23,0.0004642700,0.0006048200,0.0009177400,0.0012718700,0.0018322400,0.0024184500,0.0036463100,0.0050077200,0.0054956800,0.0056377700,0.0059604000
2019-05-22,0.0004425000,0.0005790600,0.0008791800,0.0012338200,0.0018065700,0.0023752300,0.0035740300,0.0049428800,0.0054515800,0.0055907100,0.0059093000
2019-05-21,0.0004495800,0.0005848500,0.0009035600,0.0012558800,0.0018219500,0.0023957300,0.0035956800,0.0049481400,0.0055500400,0.0056992900,0.0060242600
2019-05-20,0.0004475200,0.0005831400,0.0008968200,0.0012385300,0.0017972600,0.0023687500,0.0035995800,0.0049586900,0.0055618300,0.0057116900,0.0060371800
2019-05-17,0.0004222700,0.0005517100,0.0008646400,0.0012039800,0.0017699800,0.0023508000,0.0035601800,0.0049319900,0.0055298900,0.0056789200,0.0060029800
2019-05-16,0.0004332200,0.0005783200,0.0008915700,0.0012374200,0.0017924200,0.0023796300,0.0036151600,0.0049849600,0.0055827500,0.0057341200,0.0060604100
2019-05-15,0.0004510100,0.0005999900,0.0009222100,0.0012766000,0.0018383100,0.0024333000,0.0036785000,0.0050544700,0.0056300100,0.0057852500,0.0061173800
2019-05-14,0.0004527500,0.0006012400,0.0009180700,0.0012834700,0.0018468000,0.0024417200,0.0036688700,0.0050422900,0.0055318100,0.0056648000,0.0059714400
2019-05-13,0.0004835400,0.0006400400,0.0009660300,0.0013442200,0.0019074600,0.0024989600,0.0036908100,0.0050559500,0.0055459800,0.0056796500,0.0059954300
2019-05-10,0.0004741100,0.0006268900,0.0009616100,0.0013314400,0.0019050800,0.0024974900,0.0036952800,0.0050665800,0.0055551900,0.0056911400,0.0060059000
2019-05-09,0.0005047900,0.0006602300,0.0010007700,0.0013682600,0.0019417800,0.0025385600,0.0037575000,0.0051244200,0.0056144700,0.0057507200,0.0060646200
2019-05-08,0.0004854800,0.0006313800,0.0009574300,0.0013080500,0.0018725700,0.0024598800,0.0036784400,0.0050428800,0.0055289600,0.0056641200,0.0059755500
2019-05-07,0.0004867500,0.0006301300,0.0009478100,0.0013016900,0.0018817200,0.0024527300,0.0036619900,0.0050386600,0.0055216600,0.0056565500,0.0059607400
2019-05-06,0.0004618600,0.0006025400,0.0009044800,0.0012444700,0.0018124600,0.0023894400,0.0035899700,0.0049666500,0.0054349200,0.0055703400,0.0058724100
2019-05-03,0.0004579200,0.0005982000,0.0009024600,0.0012475700,0.0018091400,0.0023838000,0.0035866200,0.0049587800,0.0054215300,0.0055568800,0.0058568000
2019-05-02,0.0004583700,0.0005982100,0.0008991000,0.0012535700,0.0018246500,0.0024220800,0.0036038000,0.0049898500,0.0054106700,0.0055404000,0.0058170500
2019-05-01,0.0004626500,0.0006132100,0.0009149700,0.0012651900,0.0018243800,0.0024226500,0.0036472100,0.0050303900,0.0055147800,0.0056618000,0.0059644600
2019-04-30,0.0004794400,0.0006332800,0.0009588400,0.0013000000,0.0018708300,0.0024631500,0.0036008100,0.0049869000,0.0054556300,0.0056009300,0.0059000500
2019-04-29,0.0004711500,0.0006154300,0.0009426000,0.0012942400,0.0018639900,0.0024550500,0.0036077800,0.0049899600,0.0054714800,0.0056048600,0.0059043400
2019-04-26,0.0004593900,0.0006018600,0.0009439000,0.0013158700,0.0018903500,0.0024874400,0.0036814900,0.0050391300,0.0055260800,0.0056611500,0.0059648000
2019-04-25,0.0004697100,0.0006217600,0.0009676800,0.0013471100,0.0019180300,0.0025161500,0.0037108000,0.0050749200,0.0055651400,0.0057018300,0.0060161100
2019-04-24,0.0004629000,0.0006139100,0.0009506500,0.0013090600,0.0018751500,0.0024692700,0.0036965000,0.0050580700,0.0055434400,0.0056797300,0.0059937100
2019-04-23,0.0004611700,0.0006147700,0.0009588800,0.0013159200,0.0018853700,0.0024883200,0.0037092000,0.0050695100,0.0055389700,0.0056787500,0.0059840200
2019-04-22,0.0004761400,0.0006208800,0.0009770700,0.0013588200,0.0019448200,0.0025511900,0.0037707500,0.0050868100,0.0055090400,0.0056549400,0.0059369600
2019-04-19,0.0004742800,0.0006188800,0.0009690200,0.0013451400,0.0019211700,0.0025220700,0.0037587000,0.0050808200,0.0055038700,0.0056499300,0.0059322100
2019-04-18,0.0004517600,0.0005906500,0.0009399200,0.0013226700,0.0018836500,0.0024661100,0.0036707700,0.0050173400,0.0054399600,0.0055833300,0.0058634500
2019-04-17,0.0004695000,0.0006214700,0.0009447500,0.0013230000,0.0018993700,0.0024828100,0.0036719300,0.0050337400,0.0055053000,0.0056538800,0.0059571700
2019-04-16,0.0004679500,0.0006191300,0.0009472900,0.0013114000,0.0018810100,0.0024694400,0.0036620000,0.0050167400,0.0054802000,0.0056250700,0.0059257400
2019-04-15,0.0004724800,0.0006250400,0.0009442300,0.0013175100,0.0018853200,0.0024687600,0.0036626700,0.0050127700,0.0054792900,0.0056218400,0.0059248600
2019-04-12,0.0004714900,0.0006227700,0.0009373900,0.0013204200,0.0018799400,0.0024607000,0.0036717000,0.0050039500,0.0054814500,0.0056123200,0.0059236500
2019-04-11,0.0005118400,0.0006759100,0.0010222200,0.0013855900,0.0019436600,0.0025510000,0.0037022300,0.0050512500,0.0055281900,0.0056609500,0.0059691200
2019-04-10,0.0004989300,0.0006694400,0.0010075500,0.0013857400,0.0019671300,0.0025710600,0.0037344800,0.0050718300,0.0055500800,0.0056945500,0.0059933200
2019-04-09,0.0004872700,0.0006533100,0.0009892900,0.0014102900,0.0019960800,0.0025882400,0.0037788500,0.0051046000,0.0055832500,0.0057292900,0.0060290000
2019-04-08,0.0005100700,0.0006804600,0.0009848800,0.0014069300,0.0019925000,0.0025883100,0.0037892700,0.0051131600,0.0055786700,0.0057247200,0.0060249000
2019-04-05,0.0005080000,0.0006787200,0.0009915500,0.0013863700,0.0019738100,0.0025799900,0.0037835700,0.0051269900,0.0055963700,0.0057398400,0.0060403600
2019-04-04,0.0005013000,0.0006686200,0.0009960400,0.0014127500,0.0020039200,0.0026175700,0.0038104700,0.0051597700,0.0056412200,0.0057719300,0.0060715100
2019-04-03,0.0005050100,0.0006725800,0.0010071100,0.0013954000,0.0019932400,0.0026154700,0.0038489400,0.0051996100,0.0056830300,0.0058146700,0.0061160800
2019-04-02,0.0005344900,0.0007003300,0.0010498900,0.0014515000,0.0020485900,0.0026723600,0.0038814700,0.0052237500,0.0057078700,0.0058403700,0.0061425500
2019-04-01,0.0005155700,0.0006802300,0.0010338400,0.0014367800,0.0020330500,0.0026664000,0.0038708200,0.0052094300,0.0056923600,0.0058249800,0.0061300200
2019-03-29,0.0005163300,0.0006804800,0.0010661100,0.0014899400,0.0020940400,0.0027377100,0.0039713400,0.0053114000,0.0058019500,0.0059394800,0.0062478900
2019-03-28,0.0005423700,0.0007141600,0.0010912700,0.0015202800,0.0021330100,0.0027816000,0.0040068400,0.0053451300,0.0058397200,0.0059892300,0.0062972600
2019-03-27,0.0005458600,0.0007203500,0.0011028500,0.0015333800,0.0021532900,0.0027842700,0.0040080700,0.0053660200,0.0058653200,0.0060131200,0.0063222500
2019-03-26,0.0005549800,0.0007347600,0.0011196200,0.0015428900,0.0021671800,0.0028021700,0.0040177600,0.0053660800,0.0058761600,0.0060130600,0.0063233800
2019-03-25,0.0005612500,0.0007369900,0.0011369200,0.0015814300,0.0022027500,0.0028609700,0.0040838300,0.0054158800,0.0059142600,0.0060632000,0.0063761800
2019-03-22,0.0006279800,0.0008194500,0.0011958400,0.0016159100,0.0022406600,0.0028987000,0.0040932500,0.0054362300,0.0059401600,0.0060803000,0.0064075800
2019-03-21,0.0005500200,0.0007196900,0.0010526400,0.0014591300,0.0020469300,0.0026950300,0.0038731500,0.0051642700,0.0056478800,0.0057888000,0.0060896200
2019-03-20,0.0005607100,0.0007215600,0.0010576500,0.0014725700,0.0020449400,0.0026687900,0.0038739600,0.0051828700,0.0056644100,0.0057930200,0.0060925500
2019-03-19,0.0004361800,0.0005816200,0.0008686500,0.0011986200,0.0017544800,0.0023275000,0.0035263400,0.0048723700,0.0053447300,0.0054540300,0.0057521900
2019-03-18,0.0004570000,0.0006013700,0.0008937800,0.0012577800,0.0018021600,0.0023879900,0.0035868600,0.0049365800,0.0054084000,0.0055162100,0.0058129100
2019-03-15,0.0004453900,0.0005826800,0.0008976400,0.0012512700,0.0018019800,0.0023848900,0.0035983100,0.0049444700,0.0054193000,0.0055278100,0.0058237500
2019-03-14,0.0004635300,0.0006148700,0.0009216000,0.0013004100,0.0018560000,0.0024473000,0.0036772100,0.0049853700,0.0054631000,0.0055732000,0.0058709800
2019-03-13,0.0004702900,0.0006241600,0.0009441800,0.0013181100,0.0018756800,0.0024649900,0.0036700300,0.0050111200,0.0054894900,0.0056019900,0.0059003300
2019-03-12,0.0004955300,0.0006567300,0.0010231800,0.0013908700,0.0019520800,0.0025492900,0.0037666500,0.0051122400,0.0055926400,0.0057159300,0.0060158800
2019-03-11,0.0005397000,0.0007076900,0.0010987100,0.0014807300,0.0020450800,0.0026512200,0.0038871100,0.0052408100,0.0057306400,0.0058544000,0.0061581200
2019-03-08,0.0005628900,0.0007348000,0.0011122700,0.0014942400,0.0020535600,0.0026615500,0.0039128600,0.0052897400,0.0057853500,0.0059000500,0.0062085800
2019-03-07,0.0005530600,0.0007171500,0.0010698900,0.0014262900,0.0019796700,0.0025929900,0.0038379000,0.0051967900,0.0056828600,0.0057957200,0.0061005600
2019-03-06,0.0005033600,0.0006487300,0.0009847500,0.0013312900,0.0018568500,0.0024525900,0.0037415800,0.0051204500,0.0056081400,0.0057220000,0.0060313700
2019-03-05,0.0004913723,0.0006398188,0.0009564998,0.0012886315,0.0018308226,0.0024141081,0.0036800948,0.0050427911,0.0055263486,0.0056374402,0.0059410893
2019-03-04,0.0004796700,0.0006310300,0.0009290600,0.0012473400,0.0018051600,0.0023762300,0.0036196200,0.0049663100,0.0054457500,0.0055541300,0.0058521600
2019-03-01,0.0004788600,0.0006298100,0.0009361800,0.0012769900,0.0018077200,0.0023927900,0.0036062800,0.0049723900,0.0054578700,0.0055659200,0.0058648400
2019-02-28,0.0004848600,0.0006408100,0.0009759200,0.0013151200,0.0018559200,0.0024422800,0.0036619300,0.0050165400,0.0055065000,0.0056153200,0.0059173600
2019-02-27,0.0004780100,0.0006243400,0.0009705100,0.0013077600,0.0018525600,0.0024396200,0.0036619800,0.0050143500,0.0055025400,0.0056116200,0.0059136600
2019-02-26,0.0004508400,0.0005951500,0.0009513000,0.0013010000,0.0018378600,0.0024465900,0.0036739400,0.0050302400,0.0055033900,0.0056110800,0.0059078800
2019-02-25,0.0004983000,0.0006543900,0.0010176900,0.0013879000,0.0019378300,0.0025391800,0.0037811500,0.0051525600,0.0056369700,0.0057479400,0.0060503800
2019-02-22,0.0005470000,0.0007120200,0.0010867200,0.0014611400,0.0020294600,0.0026384400,0.0038391200,0.0052001000,0.0056880100,0.0058016900,0.0061067700
2019-02-21,0.0005383100,0.0006933100,0.0010725200,0.0014443000,0.0020158300,0.0025965000,0.0038396200,0.0051562300,0.0056408400,0.0057535300,0.0060557700
2019-02-20,0.0005677700,0.0007306600,0.0010974200,0.0014563300,0.0020311200,0.0026174500,0.0038744900,0.0052041500,0.0056921200,0.0058061400,0.0061108600
2019-02-19,0.0005459100,0.0007099500,0.0010770700,0.0014392500,0.0020132800,0.0026011700,0.0038542700,0.0051848800,0.0056709400,0.0057852400,0.0060874700
2019-02-18,0.0005123700,0.0006602600,0.0010223300,0.0013974300,0.0019659900,0.0025590300,0.0037938000,0.0051348400,0.0056134900,0.0057290700,0.0060300400
2019-02-15,0.0005201600,0.0006747500,0.0010455600,0.0014326000,0.0019950400,0.0026028300,0.0038161800,0.0051491400,0.0056168300,0.0057432000,0.0060441700
2019-02-14,0.0005174900,0.0006656700,0.0010528000,0.0014424900,0.0019958300,0.0025888900,0.0037569800,0.0050541900,0.0055269300,0.0056483000,0.0059440200
2019-02-13,0.0005278200,0.0006819900,0.0010689100,0.0014592700,0.0020179800,0.0026134700,0.0037816300,0.0051012500,0.0055754500,0.0056889300,0.0059860300
2019-02-12,0.0005204200,0.0006820100,0.0010554900,0.0014310500,0.0020021500,0.0026255600,0.0038169600,0.0051611700,0.0056317400,0.0057559800,0.0060562800
2019-02-11,0.0005484000,0.0007039700,0.0010977100,0.0014813000,0.0020557300,0.0026944000,0.0038787100,0.0051896700,0.0056730500,0.0057861700,0.0060857100
2019-02-08,0.0005475000,0.0007070900,0.0011021200,0.0014795700,0.0020607900,0.0026861400,0.0038737500,0.0051743200,0.0056544500,0.0057670500,0.0060640700
2019-02-07,0.0005379800,0.0006993700,0.0010738000,0.0014589400,0.0020230700,0.0026528100,0.0038834500,0.0052122200,0.0057001700,0.0058144800,0.0061173300
2019-02-06,0.0005218200,0.0006792200,0.0010407800,0.0013874900,0.0019576300,0.0025971300,0.0038197100,0.0051562900,0.0056393900,0.0057511000,0.0060546200
2019-02-05,0.0004942800,0.0006448600,0.0010048400,0.0013677700,0.0019332400,0.0025610200,0.0037972300,0.0051248700,0.0056091700,0.0057190900,0.0060173800
2019-02-04,0.0005397200,0.0007031100,0.0010847000,0.0014685700,0.0020347300,0.0026647800,0.0038451700,0.0051576600,0.0056458100,0.0057561000,0.0060541500
2019-02-01,0.0005491900,0.0007041300,0.0010664000,0.0014465900,0.0020161500,0.0026290200,0.0038212800,0.0051440800,0.0056477900,0.0057551700,0.0060552000
2019-01-31,0.0005380300,0.0006902700,0.0010243500,0.0014043200,0.0019780600,0.0025940400,0.0037942300,0.0051266300,0.0056526300,0.0057592000,0.0060732800
2019-01-30,0.0005024200,0.0006538800,0.0009784200,0.0013583100,0.0019226600,0.0025285000,0.0037536400,0.0050875800,0.0057081200,0.0058175300,0.0061473200
2019-01-29,0.0005110400,0.0006715900,0.0010233600,0.0013787800,0.0019448800,0.0025483900,0.0037518100,0.0050836200,0.0056876800,0.0058012200,0.0061458000
2019-01-28,0.0005511300,0.0007100400,0.0010465400,0.0013892200,0.0019653000,0.0025733100,0.0037827700,0.0050965000,0.0056992500,0.0058138500,0.0061584400
2019-01-25,0.0004990700,0.0006458000,0.0009645500,0.0013331000,0.0019064000,0.0025343200,0.0037733600,0.0051019500,0.0057018800,0.0058185900,0.0061631300
2019-01-24,0.0004912700,0.0006322900,0.0009734600,0.0013526900,0.0019227300,0.0025493400,0.0037756300,0.0050727900,0.0056384700,0.0057575000,0.0060872300
2019-01-23,0.0005005800,0.0006575300,0.0010131000,0.0013694900,0.0019478500,0.0025511300,0.0037462100,0.0050468700,0.0055289000,0.0056438400,0.0059424300
2019-01-22,0.0005020800,0.0006532900,0.0009798800,0.0013567500,0.0019430600,0.0025545500,0.0037957100,0.0050989300,0.0055874500,0.0057129500,0.0060128000
2019-01-21,0.0004898600,0.0006440700,0.0010016100,0.0013631800,0.0019310200,0.0025499400,0.0037151300,0.0049974700,0.0054769200,0.0056415100,0.0059306900
2019-01-18,0.0005041600,0.0006554500,0.0009920000,0.0013597000,0.0019273600,0.0025278900,0.0036935200,0.0049909100,0.0054723400,0.0056274300,0.0059196000
2019-01-17,0.0005050000,0.0006549300,0.0009893300,0.0013608400,0.0019283200,0.0025280900,0.0037058900,0.0050019700,0.0054823600,0.0056404700,0.0059318700
2019-01-16,0.0004877700,0.0006425300,0.0009495800,0.0013285100,0.0018941800,0.0024985300,0.0037075500,0.0050025500,0.0054835400,0.0056560500,0.0059458600
2019-01-15,0.0005053200,0.0006619800,0.0010296700,0.0013795700,0.0019568700,0.0025490300,0.0037180000,0.0050236800,0.0055040400,0.0056923200,0.0059810300
2019-01-14,0.0004961800,0.0006393100,0.0009888800,0.0013474400,0.0019174500,0.0025256900,0.0036971100,0.0049923100,0.0054687000,0.0056551400,0.0059417300
2019-01-11,0.0004821500,0.0006238400,0.0009590200,0.0013164400,0.0018858200,0.0024936700,0.0036746500,0.0049724300,0.0054469800,0.0056336500,0.0059205200
2019-01-10,0.0004866400,0.0006357500,0.0009493000,0.0013218400,0.0018973100,0.0025123300,0.0037253100,0.0050242200,0.0054934900,0.0056805900,0.0059731400
2019-01-09,0.0005064300,0.0006613800,0.0009573800,0.0013038900,0.0018590400,0.0024584300,0.0036226800,0.0049615600,0.0054369700,0.0056119100,0.0059019700
2019-01-08,0.0004809400,0.0006223200,0.0009560500,0.0012790900,0.0018530400,0.0024543400,0.0036099300,0.0049138700,0.0053856200,0.0055697400,0.0058558100
2019-01-07,0.0004876384,0.0006362980,0.0009625976,0.0013105774,0.0018863555,0.0024996812,0.0036693510,0.0049727275,0.0054505140,0.0056371372,0.0059247097
2019-01-04,0.0004944300,0.0006505900,0.0009691900,0.0013428400,0.0019202700,0.0025458600,0.0037297500,0.0050322900,0.0055161900,0.0057053500,0.0059944200
2019-01-03,0.0005683000,0.0007302600,0.0010607400,0.0014301700,0.0020301200,0.0026508900,0.0038527900,0.0051749100,0.0056702500,0.0058643700,0.0061602900
2019-01-02,0.0004927300,0.0006402100,0.0009694100,0.0013240000,0.0018932600,0.0025158000,0.0036449600,0.0049411200,0.0054177000,0.0056036600,0.0058873700
2019-01-01,0.0004660700,0.0006106200,0.0009276200,0.0013027500,0.0018814400,0.0025118600,0.0036909400,0.0049770100,0.0054590600,0.0056470700,0.0059329400
2018-12-31,0.0004585900,0.0006009700,0.0009433600,0.0012887300,0.0018654200,0.0024767400,0.0036533900,0.0049307700,0.0054081500,0.0055944300,0.0058776800
2018-12-28,0.0004622300,0.0006131600,0.0009410100,0.0012960900,0.0018709200,0.0024853100,0.0036580600,0.0049416900,0.0054164400,0.0056032000,0.0058864800
2018-12-27,0.0004869300,0.0006403100,0.0009524900,0.0013190400,0.0018972300,0.0025189400,0.0037000000,0.0049884700,0.0054554700,0.0056427900,0.0059246600
2018-12-26,0.0004951900,0.0006416400,0.0009531600,0.0013160900,0.0018912200,0.0025002700,0.0036675100,0.0049428200,0.0054220500,0.0056087600,0.0058884600
2018-12-25,0.0004950700,0.0006415400,0.0009515800,0.0013168400,0.0018942200,0.0025068400,0.0036806000,0.0049565300,0.0054373200,0.0056247000,0.0059052600
2018-12-24,0.0004945900,0.0006406800,0.0009322100,0.0013261200,0.0019295200,0.0025863800,0.0038372700,0.0051214900,0.0056188000,0.0058129000,0.0061039900
2018-12-21,0.0004812000,0.0006310600,0.0009249500,0.0012829900,0.0018584000,0.0024597600,0.0036596600,0.0049423300,0.0054229400,0.0056107600,0.0058882500
2018-12-20,0.0005060400,0.0006537400,0.0009373700,0.0012875200,0.0018439000,0.0024409500,0.0035903200,0.0048677100,0.0053435200,0.0055301900,0.0058164300
2018-12-19,0.0004518000,0.0005928900,0.0008516200,0.0012068100,0.0017620200,0.0023540500,0.0035465700,0.0048071200,0.0052730900,0.0054562800,0.0057399800
2018-12-18,0.0004436500,0.0005911400,0.0008595700,0.0012151300,0.0017673700,0.0023595500,0.0035365600,0.0047980900,0.0052634900,0.0054448600,0.0057280400
2018-12-17,0.0004461500,0.0005945900,0.0008962600,0.0012480400,0.0017718600,0.0023383700,0.0034377000,0.0047004100,0.0051516100,0.0053162900,0.0055903300
2018-12-14,0.0003982300,0.0005379200,0.0007988000,0.0011518500,0.0016961800,0.0022765300,0.0034268900,0.0046962000,0.0051423800,0.0053258100,0.0056096600
2018-12-13,0.0003936500,0.0005266800,0.0007851800,0.0011260700,0.0016591600,0.0022227300,0.0033596600,0.0046315700,0.0050734500,0.0052539700,0.0055345000
2018-12-12,0.0004234300,0.0005699100,0.0008669500,0.0012229100,0.0017669100,0.0023490600,0.0034815800,0.0047623100,0.0052246200,0.0054079500,0.0056810500
2018-12-11,0.0004736300,0.0006261100,0.0009655500,0.0013412900,0.0018926500,0.0024889900,0.0036176400,0.0049175500,0.0053731100,0.0055586000,0.0058400600
2018-12-10,0.0005373200,0.0007135300,0.0010880800,0.0014656200,0.0020246500,0.0026366600,0.0037540000,0.0050520200,0.0055279500,0.0057159800,0.0059909600
2018-12-07,0.0005240800,0.0006987600,0.0010537900,0.0014231400,0.0019674000,0.0025587600,0.0036769900,0.0049940400,0.0054662600,0.0056532200,0.0059370700
2018-12-06,0.0005272500,0.0006964100,0.0010600200,0.0014491200,0.0020022400,0.0026002400,0.0037611400,0.0050326300,0.0055072800,0.0056952700,0.0059812500
2018-12-05,0.0005257300,0.0006946600,0.0010337400,0.0013965800,0.0019505100,0.0025363500,0.0036888700,0.0049825200,0.0054563600,0.0056445500,0.0059300400
2018-12-04,0.0005283900,0.0006898200,0.0010061000,0.0013608900,0.0019277600,0.0025036800,0.0036856100,0.0049876800,0.0054637500,0.0056530000,0.0059422800
2018-12-03,0.0004797600,0.0006303900,0.0009322600,0.0012755200,0.0018278300,0.0024048000,0.0035748300,0.0048596600,0.0053289900,0.0055162500,0.0058020400
2018-11-30,0.0005138200,0.0006715700,0.0009746100,0.0013350700,0.0018870500,0.0024799000,0.0036569500,0.0049426500,0.0054168000,0.0056063800,0.0058962300
2018-11-29,0.0004583700,0.0006089700,0.0008868700,0.0012745200,0.0018016900,0.0023905900,0.0035934600,0.0048918800,0.0053643100,0.0055528800,0.0058427800
2018-11-28,0.0004730600,0.0006212900,0.0008897700,0.0012453900,0.0018063600,0.0023949300,0.0036125700,0.0048902000,0.0053607400,0.0055494500,0.0058397600
2018-11-27,0.0004880500,0.0006494300,0.0009373900,0.0012672400,0.0018209100,0.0024036800,0.0035746800,0.0048341100,0.0052893300,0.0054767600,0.0057647600
2018-11-26,0.0004525200,0.0006047300,0.0008790700,0.0012316700,0.0017739600,0.0023695200,0.0035593600,0.0048048600,0.0052701800,0.0054565800,0.0057439900
2018-11-23,0.0004836500,0.0006424500,0.0009614900,0.0013259500,0.0018615800,0.0024861300,0.0036951800,0.0049276800,0.0054015900,0.0055938400,0.0058879700
2018-11-22,0.0004557700,0.0006086100,0.0008852700,0.0012595800,0.0018343200,0.0024479200,0.0037293900,0.0049455600,0.0054141200,0.0056088300,0.0059037700
2018-11-21,0.0004677800,0.0006172500,0.0009051100,0.0012649800,0.0018217400,0.0024331400,0.0037005800,0.0049231900,0.0054039200,0.0055963000,0.0058906900
2018-11-20,0.0004925100,0.0006536400,0.0009403700,0.0013505100,0.0018802600,0.0024952300,0.0037040800,0.0049672400,0.0054528300,0.0056453600,0.0059407800
2018-11-19,0.0004778300,0.0006356400,0.0009078400,0.0012667000,0.0018147800,0.0024037500,0.0035924300,0.0048599100,0.0053362900,0.0055165800,0.0058062900
2018-11-16,0.0004943900,0.0006475700,0.0009360000,0.0012556700,0.0018100300,0.0023926800,0.0035565400,0.0048516400,0.0053267800,0.0055176400,0.0057956900
2018-11-15,0.0004625500,0.0006118800,0.0008825300,0.0012559500,0.0017898700,0.0023900400,0.0035954600,0.0048653700,0.0053437900,0.0055358400,0.0058254000
2018-11-14,0.0004285900,0.0005644100,0.0008186700,0.0011498500,0.0017077400,0.0022884600,0.0035164600,0.0047767600,0.0052522100,0.0054424900,0.0057316800
2018-11-13,0.0004469000,0.0005907200,0.0008252100,0.0011837700,0.0017183500,0.0023019400,0.0035256800,0.0047686100,0.0052488700,0.0054409900,0.0057301400
2018-11-12,0.0004433600,0.0005893000,0.0008519400,0.0011874400,0.0016993800,0.0022736200,0.0034555100,0.0047257300,0.0051953400,0.0053838200,0.0056701400
2018-11-09,0.0004113800,0.0005426800,0.0008210700,0.0011396800,0.0016659100,0.0022398100,0.0034440600,0.0046972000,0.0051669600,0.0053556100,0.0056416900
2018-11-08,0.0004177300,0.0005525000,0.0008272100,0.0011556300,0.0016532800,0.0022384900,0.0034193700,0.0046882800,0.0051537300,0.0053424700,0.0056289700
2018-11-07,0.0004166500,0.0005471300,0.0007705400,0.0011044000,0.0016243900,0.0021910400,0.0033682400,0.0046138300,0.0050588500,0.0052445500,0.0055299600
2018-11-06,0.0004349000,0.0005602500,0.0007983800,0.0011520200,0.0016682800,0.0022379000,0.0034161700,0.0046057500,0.0050473300,0.0052267900,0.0055050300
2018-11-05,0.0004417700,0.0005735900,0.0008321400,0.0011503100,0.0016939300,0.0022775200,0.0034314800,0.0047115600,0.0051758600,0.0053481500,0.0056333800
2018-11-02,0.0004306100,0.0005688600,0.0008234600,0.0011541600,0.0017015600,0.0022814800,0.0034609900,0.0047324700,0.0051983900,0.0053738900,0.0056612900
2018-11-01,0.0004575800,0.0005915900,0.0008569700,0.0011926400,0.0017631100,0.0023567900,0.0035542900,0.0048086600,0.0052763400,0.0054635800,0.0057505800
2018-10-31,0.0004233400,0.0005515900,0.0008206300,0.0012174500,0.0017815000,0.0023758900,0.0036065900,0.0048384600,0.0053085900,0.0054957200,0.0057808300
2018-10-30,0.0004925400,0.0006439200,0.0009056300,0.0013305500,0.0019191500,0.0025231600,0.0037933500,0.0050116800,0.0054942500,0.0056870800,0.0059794700
2018-10-29,0.0004874600,0.0006296100,0.0009118000,0.0013310800,0.0019128300,0.0025228600,0.0037941900,0.0050326900,0.0055181800,0.0057122000,0.0060061700
2018-10-26,0.0005194300,0.0006652000,0.0009422300,0.0013477300,0.0019433200,0.0025595500,0.0037971000,0.0050575600,0.0055445100,0.0057395500,0.0060337900
2018-10-25,0.0004915800,0.0006341400,0.0009364800,0.0013446700,0.0018823400,0.0024670500,0.0036398400,0.0049413200,0.0054179300,0.0056086800,0.0059001500
2018-10-24,0.0004852700,0.0006323200,0.0009469500,0.0013472300,0.0018779400,0.0024691100,0.0036324300,0.0049167900,0.0053876000,0.0055774900,0.0058671600
2018-10-23,0.0005245700,0.0006815400,0.0009807600,0.0013603900,0.0019134100,0.0025054300,0.0036902700,0.0050032300,0.0054679700,0.0056626500,0.0059563500
2018-10-22,0.0004686700,0.0006146600,0.0008912900,0.0012517800,0.0018090700,0.0024157800,0.0035988200,0.0048971800,0.0053560900,0.0055470100,0.0058343000
2018-10-19,0.0004665900,0.0006116300,0.0008916600,0.0012474800,0.0018378000,0.0024569600,0.0036686000,0.0049264700,0.0054032900,0.0055932800,0.0058812500
2018-10-18,0.0004763300,0.0006243000,0.0009219000,0.0012559500,0.0018213600,0.0024257600,0.0035872700,0.0048632200,0.0053360700,0.0055243000,0.0058097200
2018-10-17,0.0004548100,0.0005964300,0.0008836400,0.0012174100,0.0018011300,0.0024189800,0.0036087500,0.0048683200,0.0053391800,0.0055265100,0.0058031000
2018-10-16,0.0004445500,0.0005888400,0.0008872600,0.0012107100,0.0018094600,0.0024222900,0.0036020100,0.0048839600,0.0053577100,0.0055458900,0.0058296200
2018-10-15,0.0004410000,0.0005842200,0.0008907200,0.0012391400,0.0018300000,0.0024541300,0.0036496000,0.0048991400,0.0053735600,0.0055621000,0.0058469000
2018-10-12,0.0004851000,0.0006387800,0.0009377700,0.0012823200,0.0018758500,0.0024838900,0.0036493600,0.0049220500,0.0054010900,0.0055913100,0.0058799100
2018-10-11,0.0005018700,0.0006465100,0.0009300700,0.0012918200,0.0018904000,0.0025054000,0.0037009600,0.0049668000,0.0054476400,0.0056396400,0.0059290300
2018-10-10,0.0004542000,0.0005869100,0.0008579500,0.0012040700,0.0017878900,0.0023957500,0.0036177400,0.0048752100,0.0053368700,0.0055275100,0.0058156600
2018-10-09,0.0004536900,0.0005869300,0.0008513000,0.0011977100,0.0017877400,0.0023957900,0.0036101900,0.0048676500,0.0053304500,0.0055206900,0.0058083700
2018-10-08,0.0004508400,0.0005843800,0.0008510400,0.0012024800,0.0017852300,0.0023934500,0.0036049400,0.0048631300,0.0053387100,0.0055273600,0.0058140100
2018-10-05,0.0004396600,0.0005803300,0.0008571000,0.0012063500,0.0017747300,0.0023830600,0.0035717700,0.0048424700,0.0053157400,0.0055026600,0.0057874800
2018-10-04,0.0004352600,0.0005748100,0.0008604200,0.0011945800,0.0017762700,0.0023857900,0.0035758600,0.0048315600,0.0053027900,0.0054878000,0.0057623400
2018-10-03,0.0004416000,0.0005812800,0.0008797300,0.0012425700,0.0017957900,0.0024130500,0.0035744100,0.0048447300,0.0053128800,0.0054887200,0.0057731800
2018-10-02,0.0004625400,0.0005992700,0.0009011300,0.0012812400,0.0018628000,0.0024824100,0.0036530500,0.0049178100,0.0053922500,0.0055810700,0.0058648600
2018-10-01,0.0004562200,0.0005992200,0.0009134200,0.0012943300,0.0018554900,0.0024653600,0.0036199100,0.0049065700,0.0053792600,0.0055670200,0.0058510200
2018-09-28,0.0004787300,0.0006325400,0.0009876200,0.0013823900,0.0019468700,0.0025637500,0.0036870700,0.0049994700,0.0054740600,0.0056623900,0.0059471200
2018-09-27,0.0004827200,0.0006386000,0.0009710700,0.0013704700,0.0019350900,0.0025557200,0.0037081500,0.0049783000,0.0054512000,0.0056386000,0.0059218300
2018-09-26,0.0004882300,0.0006461700,0.0009691400,0.0013687600,0.0019404000,0.0025572200,0.0037086600,0.0049804500,0.0054536100,0.0056409800,0.0059241100
2018-09-25,0.0004942700,0.0006554900,0.0009795200,0.0013812500,0.0019510600,0.0025676900,0.0037295500,0.0050004500,0.0054750100,0.0056634600,0.0059478800
2018-09-24,0.0005100500,0.0006799400,0.0009900900,0.0013787200,0.0019537900,0.0025691200,0.0037221900,0.0049918400,0.0054619700,0.0056503900,0.0059344200
2018-09-21,0.0005161900,0.0006872100,0.0009828700,0.0013643800,0.0019511800,0.0025674600,0.0037282400,0.0049915500,0.0054494500,0.0056393400,0.0059250400
2018-09-20,0.0005522700,0.0007245700,0.0010218400,0.0014002100,0.0019722300,0.0025855900,0.0037187500,0.0050073700,0.0054652600,0.0056525400,0.0059393500
2018-09-19,0.0004624600,0.0006173700,0.0009033200,0.0012194700,0.0017659600,0.0023566400,0.0034684500,0.0047861800,0.0052531500,0.0054240200,0.0057047700
2018-09-18,0.0004538700,0.0005938700,0.0008697700,0.0011865600,0.0017583500,0.0023648100,0.0035228800,0.0048160300,0.0052869900,0.0054707500,0.0057523700
2018-09-17,0.0004795400,0.0006274600,0.0008955400,0.0012258800,0.0017792300,0.0023712000,0.0034881200,0.0048075100,0.0052834900,0.0054680700,0.0057509400
2018-09-14,0.0004553300,0.0006079300,0.0008584700,0.0011758800,0.0017561300,0.0023554000,0.0035012800,0.0048023400,0.0052654200,0.0054501700,0.0057324900
2018-09-13,0.0004413800,0.0005879200,0.0008530300,0.0012003100,0.0017528200,0.0023558000,0.0035153500,0.0047954000,0.0052591600,0.0054421700,0.0057222100
2018-09-12,0.0004798500,0.0006279500,0.0008943100,0.0012562900,0.0018166500,0.0024216800,0.0035851900,0.0048801400,0.0053412900,0.0055274000,0.0058108700
2018-09-11,0.0004749000,0.0006300900,0.0009098000,0.0012375600,0.0018178900,0.0024273800,0.0035787600,0.0048660500,0.0053370500,0.0055204300,0.0058012600
2018-09-10,0.0004784800,0.0006347800,0.0009217900,0.0012870500,0.0018444200,0.0024478100,0.0036063600,0.0049164700,0.0053964100,0.0055791900,0.0058625200
2018-09-07,0.0005044300,0.0006642700,0.0009638500,0.0013241400,0.0018832200,0.0024952400,0.0036270800,0.0049329400,0.0054007600,0.0055729300,0.0058539900
2018-09-06,0.0005179400,0.0006847900,0.0010102600,0.0013785700,0.0019242500,0.0025203100,0.0035953900,0.0049402100,0.0054029600,0.0055843800,0.0058615200
2018-09-05,0.0005446800,0.0007160500,0.0010231700,0.0013777000,0.0019659200,0.0025701700,0.0036860400,0.0050049800,0.0054632300,0.0056453600,0.0059264300
2018-09-04,0.0005478900,0.0007181100,0.0010276500,0.0013771200,0.0019643000,0.0025727200,0.0036923200,0.0050082700,0.0054782400,0.0056507400,0.0059314700
2018-09-03,0.0005362500,0.0007044900,0.0010197400,0.0013724800,0.0019532100,0.0025609900,0.0036909900,0.0049896100,0.0054579600,0.0056404800,0.0059193300
2018-08-31,0.0005174600,0.0006832600,0.0009990200,0.0014009600,0.0019667300,0.0025835200,0.0037700500,0.0050562600,0.0055312900,0.0057158800,0.0059986900
2018-08-30,0.0004973600,0.0006579300,0.0009460600,0.0013550700,0.0019478100,0.0025776400,0.0038067100,0.0050733900,0.0055506200,0.0057342100,0.0060177800
2018-08-29,0.0005211600,0.0006888900,0.0009964800,0.0013845800,0.0019895900,0.0026130700,0.0037988800,0.0050959400,0.0055759400,0.0057518700,0.0060338300
2018-08-28,0.0005221500,0.0006832000,0.0010185700,0.0014149400,0.0020198900,0.0026341900,0.0038055100,0.0050988400,0.0055785000,0.0057651800,0.0060384900
2018-08-27,0.0005357600,0.0007038400,0.0010328400,0.0014834400,0.0020825800,0.0026931100,0.0039049900,0.0051554500,0.0056370100,0.0058234100,0.0061073800
2018-08-24,0.0005215200,0.0006853600,0.0010151300,0.0014700900,0.0020636800,0.0026798000,0.0039018600,0.0051625100,0.0056451300,0.0058317400,0.0061162000
2018-08-23,0.0005340100,0.0006887800,0.0010574100,0.0015195800,0.0020977000,0.0026954700,0.0038531900,0.0051288100,0.0056127100,0.0057971000,0.0060792100
2018-08-22,0.0005764900,0.0007356800,0.0011281900,0.0015640200,0.0021617500,0.0027632300,0.0038935200,0.0052047300,0.0057176100,0.0059040800,0.0061997300
2018-08-21,0.0005597600,0.0007064100,0.0010909500,0.0015474800,0.0021436500,0.0027519400,0.0039191900,0.0051896100,0.0057775600,0.0059790300,0.0062850600
2018-08-20,0.0005532200,0.0006956300,0.0010608900,0.0015011900,0.0021519600,0.0028032600,0.0040114700,0.0052292600,0.0057920400,0.0059953400,0.0062907900
2018-08-17,0.0005659000,0.0007144100,0.0010982600,0.0015698600,0.0022049300,0.0028398600,0.0040667400,0.0053403900,0.0058307600,0.0060217800,0.0063086400
2018-08-16,0.0005767300,0.0007378400,0.0011258900,0.0015653800,0.0022258900,0.0028836700,0.0040841700,0.0053409500,0.0058321400,0.0060235100,0.0063103200
2018-08-15,0.0005790200,0.0007315000,0.0010675500,0.0015524000,0.0022149900,0.0028830300,0.0041465000,0.0053840100,0.0058830800,0.0060773200,0.0063664000
2018-08-14,0.0005354500,0.0006786900,0.0009969900,0.0014782800,0.0021456200,0.0028207000,0.0041147500,0.0052454800,0.0057353700,0.0059262800,0.0062114300
2018-08-13,0.0005580800,0.0007153100,0.0010555800,0.0015054200,0.0021430900,0.0027923700,0.0039972500,0.0052783800,0.0057721300,0.0059642900,0.0062498300
2018-08-10,0.0005386500,0.0006891400,0.0010354800,0.0014790800,0.0021165900,0.0027468100,0.0039541000,0.0052405600,0.0057466500,0.0059436200,0.0062344400
2018-08-09,0.0004925800,0.0006440800,0.0009837900,0.0014397500,0.0020495500,0.0026514200,0.0038192900,0.0050913300,0.0055903500,0.0057833700,0.0060704600
2018-08-08,0.0005106500,0.0006662000,0.0009922700,0.0014480800,0.0020547100,0.0026547300,0.0038313600,0.0051296300,0.0056333400,0.0058270300,0.0061170700
2018-08-07,0.0004788400,0.0006224100,0.0009433400,0.0013944800,0.0020120900,0.0026394500,0.0038641700,0.0051290700,0.0056454600,0.0058395400,0.0061295800
2018-08-06,0.0005087600,0.0006645700,0.0010081400,0.0014587300,0.0020762300,0.0026937100,0.0038845400,0.0051843600,0.0056914100,0.0058897200,0.0061810300
2018-08-03,0.0005070000,0.0006545500,0.0010103800,0.0014519000,0.0020789100,0.0027003700,0.0038746000,0.0051750500,0.0056826200,0.0058866200,0.0061725600
2018-08-02,0.0004904200,0.0006374100,0.0009693800,0.0014237300,0.0020617500,0.0027139700,0.0039289600,0.0052363800,0.0057521700,0.0059487300,0.0062390800
2018-08-01,0.0004430500,0.0005856900,0.0008989300,0.0012987400,0.0019374300,0.0025767800,0.0037377900,0.0050327900,0.0055370100,0.0057279400,0.0060086700
2018-07-31,0.0004332000,0.0005814400,0.0009047800,0.0013250200,0.0019622100,0.0025949500,0.0038027100,0.0050695900,0.0055754100,0.0057666300,0.0060479000
2018-07-30,0.0004432800,0.0005793000,0.0008754100,0.0013251600,0.0019638700,0.0026243100,0.0038604100,0.0051304100,0.0056424300,0.0058351400,0.0061179700
2018-07-27,0.0004724100,0.0006020900,0.0008986600,0.0013342900,0.0019909700,0.0026404700,0.0038561000,0.0051511700,0.0056713600,0.0058647600,0.0061398100
2018-07-26,0.0004839300,0.0006256500,0.0009523100,0.0013544400,0.0019916900,0.0026315900,0.0038234700,0.0051197500,0.0056227800,0.0058159200,0.0061005300
2018-07-25,0.0005067800,0.0006710700,0.0010199400,0.0013846300,0.0020511400,0.0027370000,0.0039058900,0.0051918600,0.0056990000,0.0058879300,0.0061669200
2018-07-24,0.0005287700,0.0006930200,0.0010386500,0.0014545200,0.0021000300,0.0027500900,0.0039401600,0.0052466700,0.0057706000,0.0059592900,0.0062368700
2018-07-23,0.0005709200,0.0007390600,0.0010990600,0.0014991400,0.0021847700,0.0028675100,0.0040569600,0.0053512100,0.0058925500,0.0060784600,0.0063363400
2018-07-20,0.0005615600,0.0007219600,0.0010897900,0.0014938700,0.0021771700,0.0028568900,0.0040437800,0.0053338500,0.0059384400,0.0061115400,0.0063096000
2018-07-19,0.0005549100,0.0007253300,0.0010966900,0.0015120700,0.0021903900,0.0028602400,0.0040378400,0.0053265900,0.0059313500,0.0061016600,0.0062996400
2018-07-18,0.0005686700,0.0007407000,0.0011433400,0.0015727100,0.0022306500,0.0028869700,0.0040195100,0.0053163400,0.0059217400,0.0060803900,0.0062763300
2018-07-17,0.0005860300,0.0007514300,0.0011416100,0.0015781400,0.0022582900,0.0029429300,0.0041351700,0.0054147900,0.0060153700,0.0061888100,0.0063881700
2018-07-16,0.0005779800,0.0007370600,0.0011363100,0.0016059900,0.0022861200,0.0029653100,0.0041625700,0.0054203200,0.0060166700,0.0061888600,0.0063868200
2018-07-13,0.0005811200,0.0007438300,0.0011730900,0.0016569800,0.0023659200,0.0030699000,0.0042850000,0.0055129200,0.0061124900,0.0062857600,0.0064831100
2018-07-12,0.0006152900,0.0007843300,0.0012161100,0.0016954000,0.0023932500,0.0030817700,0.0042913600,0.0055481900,0.0061505200,0.0063247400,0.0065235200
2018-07-11,0.0006098800,0.0007788700,0.0012130700,0.0016998800,0.0023929900,0.0030806400,0.0042787500,0.0055466600,0.0061494500,0.0063237600,0.0065228200
2018-07-10,0.0005822900,0.0007491200,0.0011949700,0.0016977600,0.0023783400,0.0030522100,0.0042223500,0.0055188900,0.0061190800,0.0062926000,0.0064916700
2018-07-09,0.0006472300,0.0008254400,0.0012642400,0.0017658600,0.0024681500,0.0031587700,0.0043334400,0.0056496300,0.0062573400,0.0064331800,0.0066331900
2018-07-06,0.0006480200,0.0008216600,0.0012405300,0.0017363900,0.0024591700,0.0031795200,0.0043673100,0.0056692800,0.0062769900,0.0064529000,0.0066536700
2018-07-05,0.0006475500,0.0008075200,0.0012713000,0.0017969200,0.0025074500,0.0032173400,0.0044037500,0.0056758100,0.0062775100,0.0064517000,0.0066506900
2018-07-04,0.0006495400,0.0008149900,0.0013241300,0.0019186600,0.0025965900,0.0032809800,0.0044663700,0.0057757700,0.0063828300,0.0065583400,0.0067567700
2018-07-03,0.0006577400,0.0008133800,0.0013338500,0.0019782000,0.0026672100,0.0033697000,0.0046175600,0.0058915200,0.0065120200,0.0066918800,0.0068950100
2018-07-02,0.0007005600,0.0008609800,0.0013841700,0.0019829800,0.0026971400,0.0034123100,0.0046360900,0.0059283800,0.0065517300,0.0067323200,0.0069356200
2018-06-29,0.0007078100,0.0008630400,0.0013467300,0.0018904000,0.0026261700,0.0033594600,0.0045916300,0.0058821500,0.0065056200,0.0066856600,0.0068908500
2018-06-28,0.0007522800,0.0009160200,0.0014169900,0.0019555500,0.0026656800,0.0033760500,0.0045591300,0.0058603900,0.0064886400,0.0066657800,0.0068708000
2018-06-27,0.0006774800,0.0008290400,0.0012728800,0.0017872500,0.0024773000,0.0031580100,0.0043604100,0.0056517100,0.0062885000,0.0064547600,0.0066683300
2018-06-26,0.0006712600,0.0008163500,0.0012514000,0.0017302200,0.0023838400,0.0030299400,0.0041745100,0.0054855800,0.0061174100,0.0062941800,0.0064965100
2018-06-25,0.0006372200,0.0007861400,0.0012107400,0.0016875400,0.0023090900,0.0029373800,0.0040860500,0.0054254700,0.0060470800,0.0062243300,0.0064330300
2018-06-22,0.0005713800,0.0007016300,0.0010929800,0.0015655500,0.0021812500,0.0028072500,0.0039980600,0.0052628800,0.0058638500,0.0060240500,0.0062360400
2018-06-21,0.0005813400,0.0007226700,0.0011144700,0.0015738300,0.0021802700,0.0027840600,0.0039264800,0.0051963400,0.0057950800,0.0059568600,0.0061563400
2018-06-20,0.0005066500,0.0006275100,0.0009867800,0.0014346700,0.0020286900,0.0026343800,0.0038071100,0.0050257100,0.0056213900,0.0057918000,0.0059863800
2018-06-19,0.0005430100,0.0006687600,0.0010134000,0.0014658600,0.0020659700,0.0026669600,0.0038340300,0.0050722900,0.0056806100,0.0058511700,0.0060479100
2018-06-18,0.0005075700,0.0006348500,0.0009634300,0.0014100000,0.0020075000,0.0026001700,0.0037681100,0.0050044200,0.0056175400,0.0057947200,0.0059948200
2018-06-15,0.0004659400,0.0005863200,0.0009102200,0.0013456700,0.0019426800,0.0025365000,0.0036949300,0.0049317600,0.0055374900,0.0057123200,0.0059115100
2018-06-14,0.0004718600,0.0006003400,0.0009682300,0.0014200600,0.0020017800,0.0025845700,0.0037249300,0.0049888300,0.0055982400,0.0057743800,0.0059740700
2018-06-13,0.0004948200,0.0006359600,0.0010028600,0.0014918300,0.0020772400,0.0026613900,0.0038071100,0.0050637000,0.0056744100,0.0058509300,0.0060505900
2018-06-12,0.0004457100,0.0005704300,0.0009648500,0.0014804200,0.0020768000,0.0026838400,0.0038750000,0.0051015700,0.0057187700,0.0058968700,0.0060983800
2018-06-11,0.0004944900,0.0006302600,0.0009833800,0.0014700400,0.0020702400,0.0026727300,0.0038125500,0.0050706200,0.0056884500,0.0058649000,0.0060655400
2018-06-08,0.0005975700,0.0007324300,0.0010843200,0.0015549600,0.0021714600,0.0027952200,0.0039637800,0.0052137000,0.0058502200,0.0060281200,0.0062331200
2018-06-07,0.0004666600,0.0005968400,0.0009050300,0.0012892600,0.0018626200,0.0024432100,0.0035923700,0.0048238700,0.0054487100,0.0056132700,0.0058128200
2018-06-06,0.0004644400,0.0005879700,0.0009059700,0.0013043600,0.0018431600,0.0023994600,0.0035058400,0.0047750300,0.0053896700,0.0055670900,0.0057679700
2018-06-05,0.0004290800,0.0005520400,0.0008343600,0.0011941300,0.0017392900,0.0022897500,0.0034064700,0.0046532000,0.0052608800,0.0054363000,0.0056357600
2018-06-04,0.0003791000,0.0004872900,0.0007816600,0.0011502300,0.0017026300,0.0022609700,0.0033815600,0.0046279000,0.0052318300,0.0054059500,0.0056055100
2018-06-01,0.0003861900,0.0004978800,0.0007998800,0.0012017900,0.0017400200,0.0022868600,0.0033733400,0.0046553200,0.0052622200,0.0054374500,0.0056383800
2018-05-31,0.0004248600,0.0005534500,0.0008575700,0.0012265600,0.0017773700,0.0023413000,0.0034421900,0.0046576300,0.0052594900,0.0054335400,0.0056331600
2018-05-30,0.0004060100,0.0005323300,0.0008410700,0.0012638600,0.0018018100,0.0023622300,0.0034249200,0.0046119300,0.0052063500,0.0053771400,0.0055706900
2018-05-29,0.0004610200,0.0005659100,0.0008763700,0.0012815500,0.0018389200,0.0024094000,0.0035256900,0.0047300900,0.0053366700,0.0055095600,0.0057097500
2018-05-28,0.0003853500,0.0004841600,0.0007564000,0.0011061400,0.0016333000,0.0021669600,0.0032497800,0.0044578800,0.0050560700,0.0052243600,0.0054219100
2018-05-25,0.0003695300,0.0004648400,0.0007288200,0.0010794600,0.0016109100,0.0021472200,0.0032516500,0.0044122700,0.0050048100,0.0051720400,0.0053678900
2018-05-24,0.0003202400,0.0004047400,0.0006495100,0.0009868600,0.0015063900,0.0020323400,0.0031497700,0.0042088100,0.0047882200,0.0049416900,0.0051434300
2018-05-23,0.0003329500,0.0004184400,0.0006604500,0.0009764000,0.0014955800,0.0020188400,0.0031550100,0.0042784800,0.0048678800,0.0050244400,0.0052184400
2018-05-22,0.0003396300,0.0004268900,0.0006658800,0.0009674800,0.0014712200,0.0019763800,0.0031446800,0.0043056800,0.0049079700,0.0050684200,0.0052670700
2018-05-21,0.0003385000,0.0004226600,0.0006564900,0.0009570200,0.0014624900,0.0019701100,0.0031239000,0.0042794000,0.0048812100,0.0050432900,0.0052410000
2018-05-18,0.0002907800,0.0003635300,0.0005675600,0.0008655600,0.0013819000,0.0019047400,0.0029837400,0.0041019100,0.0046820300,0.0048466900,0.0050363600
2018-05-17,0.0003162100,0.0003896800,0.0006150800,0.0009255400,0.0014294400,0.0019372700,0.0030589000,0.0042167300,0.0048134800,0.0049734800,0.0051695800
2018-05-16,0.0003144500,0.0003946100,0.0006077900,0.0009179000,0.0014215700,0.0019444100,0.0030122100,0.0041569700,0.0047480900,0.0049154700,0.0051108300
2018-05-15,0.0003255900,0.0004001200,0.0005886200,0.0008993600,0.0014021900,0.0019073900,0.0029536500,0.0041979100,0.0047994000,0.0049612300,0.0051618400
2018-05-14,0.0002749100,0.0003466700,0.0005171200,0.0007927300,0.0012951500,0.0018024700,0.0028632600,0.0040139400,0.0045951400,0.0047624600,0.0049541900
2018-05-11,0.0002583100,0.0003283900,0.0005030700,0.0007767500,0.0012791900,0.0017883800,0.0028499500,0.0039691100,0.0045411800,0.0047048600,0.0048940300
2018-05-10,0.0003287600,0.0004227300,0.0006188600,0.0008787600,0.0013712300,0.0018647000,0.0029592200,0.0042284800,0.0048342900,0.0050038800,0.0052029900
2018-05-09,0.0003271200,0.0004103100,0.0006024700,0.0009070200,0.0014026400,0.0018996700,0.0029868700,0.0042367800,0.0048440500,0.0050143200,0.0052140300
2018-05-08,0.0003060700,0.0003953700,0.0005885200,0.0008987700,0.0013947400,0.0018912200,0.0029755100,0.0042180100,0.0048302700,0.0050022800,0.0052017000
2018-05-07,0.0003119800,0.0003941500,0.0006084100,0.0009209800,0.0014227800,0.0019248700,0.0029927400,0.0042365300,0.0048817600,0.0050510200,0.0052491600
2018-05-04,0.0003374200,0.0004240000,0.0006432700,0.0009443900,0.0014493000,0.0019480300,0.0030494400,0.0042454500,0.0049859400,0.0051663300,0.0053761100
2018-05-03,0.0002813800,0.0003641900,0.0005674800,0.0008728900,0.0013688700,0.0018712500,0.0029177400,0.0040886700,0.0047981100,0.0049717100,0.0051761100
2018-05-02,0.0002908500,0.0003774200,0.0005738100,0.0008661400,0.0013532500,0.0018367100,0.0029649600,0.0041944100,0.0048911000,0.0050591200,0.0052695600
2018-05-01,0.0003211700,0.0004020000,0.0006051600,0.0008924200,0.0013859600,0.0018809100,0.0029959200,0.0042233500,0.0048170600,0.0049801400,0.0051818800
2018-04-30,0.0003347300,0.0004113500,0.0005990800,0.0008782400,0.0013707700,0.0018653400,0.0030227800,0.0041683600,0.0047514300,0.0049256800,0.0051272000
2018-04-27,0.0002858500,0.0003615500,0.0005460700,0.0008085000,0.0013007700,0.0017988800,0.0029012400,0.0040060000,0.0045827200,0.0047496400,0.0049412400
2018-04-26,0.0002885800,0.0003628200,0.0005607500,0.0008607700,0.0013488100,0.0018458100,0.0029345900,0.0040096800,0.0045847000,0.0047510800,0.0049423400
2018-04-25,0.0003244500,0.0003965200,0.0006024300,0.0008905300,0.0013958500,0.0019082200,0.0030147100,0.0041139400,0.0047028400,0.0048711700,0.0050654500
2018-04-24,0.0002701500,0.0003418300,0.0005031000,0.0007845900,0.0012871400,0.0017988000,0.0028357700,0.0039786000,0.0045561700,0.0047122700,0.0049041500
2018-04-23,0.0002641500,0.0003358700,0.0004883500,0.0007631200,0.0012685300,0.0017939700,0.0028629000,0.0039747600,0.0045537300,0.0047211700,0.0049122400
2018-04-20,0.0002685400,0.0003388300,0.0005050000,0.0007819600,0.0012856300,0.0017957600,0.0028698600,0.0040084300,0.0045919600,0.0047610700,0.0049542500
2018-04-19,0.0002617300,0.0003305700,0.0004956700,0.0007668100,0.0012729200,0.0017862000,0.0028576200,0.0040400300,0.0046289500,0.0047991700,0.0049946700
2018-04-18,0.0002862300,0.0003621900,0.0005425300,0.0008231900,0.0013009700,0.0017858100,0.0028543100,0.0041458600,0.0047514200,0.0049246200,0.0051276400
2018-04-17,0.0002719100,0.0003455000,0.0005139800,0.0007734500,0.0012483300,0.0017317400,0.0027892100,0.0040953600,0.0046981600,0.0048622900,0.0050743500
2018-04-16,0.0002722500,0.0003447900,0.0005259700,0.0008108400,0.0012931300,0.0017800200,0.0028862300,0.0041269800,0.0047259900,0.0048960500,0.0050966600
2018-04-13,0.0002816800,0.0003568400,0.0005520700,0.0008612500,0.0013372900,0.0018191300,0.0028963100,0.0041814100,0.0047938300,0.0049567400,0.0051582000
2018-04-12,0.0003228200,0.0004021400,0.0006183800,0.0009219700,0.0014120300,0.0019063400,0.0029985800,0.0042921100,0.0048896600,0.0050634500,0.0052663700
2018-04-11,0.0003254400,0.0004014900,0.0006312100,0.0009800900,0.0014712500,0.0019741500,0.0030559800,0.0043169900,0.0049135300,0.0050867400,0.0052881200
2018-04-10,0.0003234500,0.0004132600,0.0006482100,0.0010024200,0.0014971700,0.0020023900,0.0030854500,0.0043613400,0.0049639900,0.0051377600,0.0053414900
2018-04-09,0.0003253400,0.0004107300,0.0006449200,0.0009839800,0.0014897200,0.0020044300,0.0030889800,0.0043605000,0.0049774500,0.0051521600,0.0053522100
2018-04-06,0.0003274300,0.0004115500,0.0006658400,0.0010319500,0.0015401100,0.0020618500,0.0031249700,0.0044442600,0.0050521100,0.0052289500,0.0054300500
2018-04-05,0.0003539800,0.0004540500,0.0007074000,0.0010482300,0.0015377700,0.0020520700,0.0031097600,0.0044069200,0.0050115600,0.0051866600,0.0053857500
2018-04-04,0.0003568800,0.0004395600,0.0007174500,0.0011200200,0.0016539000,0.0022035100,0.0032725900,0.0045708400,0.0051927300,0.0053741400,0.0055768600
2018-04-03,0.0003508700,0.0004418600,0.0007125300,0.0010801900,0.0016083700,0.0021375900,0.0032148900,0.0044930900,0.0051082300,0.0052959900,0.0054980700
2018-04-02,0.0003232300,0.0004103700,0.0006810400,0.0010564300,0.0015812600,0.0021354500,0.0032220500,0.0045049200,0.0051263200,0.0053053100,0.0055098600
2018-03-30,0.0003223900,0.0004085500,0.0006780500,0.0010523600,0.0015761700,0.0021293700,0.0032143500,0.0045043900,0.0051257800,0.0053049800,0.0055096100
2018-03-29,0.0003109000,0.0003939300,0.0006680600,0.0010370500,0.0015626500,0.0021196900,0.0032085300,0.0045005900,0.0051213300,0.0053004100,0.0055048100
2018-03-28,0.0003628200,0.0004570700,0.0007279300,0.0011126600,0.0016355200,0.0021880800,0.0032359500,0.0045428200,0.0051860700,0.0053703700,0.0055791100
2018-03-27,0.0003152400,0.0004124100,0.0006741600,0.0010518000,0.0015625700,0.0020851500,0.0030788900,0.0044463100,0.0050792300,0.0052497400,0.0054525400
2018-03-26,0.0003961500,0.0005056900,0.0007955300,0.0011755400,0.0016757700,0.0021863900,0.0031978600,0.0045640800,0.0052196000,0.0053507900,0.0055376200
2018-03-23,0.0003753200,0.0004639500,0.0007409800,0.0010742000,0.0015912500,0.0021154400,0.0031589800,0.0044541700,0.0051940500,0.0053289400,0.0055219800
2018-03-22,0.0003666800,0.0004543000,0.0006941600,0.0010217800,0.0015267900,0.0020416800,0.0030987500,0.0043944600,0.0051194400,0.0052588400,0.0054496200
2018-03-21,0.0003547000,0.0004378800,0.0006706300,0.0009772700,0.0014783900,0.0019871500,0.0030105500,0.0043302200,0.0050261900,0.0051839200,0.0053762300
2018-03-20,0.0003490800,0.0004386900,0.0006515000,0.0009464000,0.0014446100,0.0019522000,0.0029524900,0.0042615200,0.0049211300,0.0050944400,0.0052918300
2018-03-19,0.0002388400,0.0003028600,0.0005002500,0.0007902000,0.0012712700,0.0017687200,0.0027866100,0.0040839400,0.0048394400,0.0050177900,0.0052166800
2018-03-16,0.0002358700,0.0002995200,0.0004784000,0.0007252200,0.0012084900,0.0017177200,0.0026439500,0.0040186300,0.0047506000,0.0049267900,0.0051256800
2018-03-15,0.0002232200,0.0002827600,0.0004728900,0.0007373900,0.0012305200,0.0017357000,0.0026657600,0.0040245800,0.0047276200,0.0049027900,0.0051017800
2018-03-14,0.0002190400,0.0002813300,0.0004945200,0.0007713800,0.0012607400,0.0017605500,0.0026909000,0.0040230700,0.0046764700,0.0048349500,0.0050211800
2018-03-13,0.0002790400,0.0003538200,0.0005580100,0.0008372500,0.0013152300,0.0017976200,0.0028304600,0.0041627600,0.0049202300,0.0050830400,0.0052884600
2018-03-12,0.0002507500,0.0003200400,0.0005124400,0.0007980600,0.0012999200,0.0018041200,0.0028205700,0.0041484400,0.0048542000,0.0050173500,0.0052209100
2018-03-09,0.0002536600,0.0003202600,0.0005494700,0.0008605400,0.0013698500,0.0018882100,0.0029311700,0.0042326500,0.0048412800,0.0049926500,0.0051843000
2018-03-08,0.0002851600,0.0003507500,0.0005710100,0.0009076000,0.0014097200,0.0019213200,0.0029981800,0.0042855100,0.0049041500,0.0050583400,0.0052487600
2018-03-07,0.0002673300,0.0003299000,0.0005642900,0.0008964600,0.0014126500,0.0019336300,0.0029954800,0.0043071800,0.0049503700,0.0051154000,0.0053052200
2018-03-06,0.0002838100,0.0003535800,0.0005966200,0.0009195500,0.0014265000,0.0019458000,0.0030228800,0.0043257200,0.0050608900,0.0052359100,0.0054365400
2018-03-05,0.0002968800,0.0003750200,0.0006514000,0.0010001000,0.0015284900,0.0020653800,0.0031435100,0.0044160000,0.0051395300,0.0053118200,0.0055106800
2018-03-02,0.0003228600,0.0004051100,0.0006588600,0.0009857600,0.0015339100,0.0020893500,0.0032015700,0.0044656700,0.0051714600,0.0053376400,0.0055408200
2018-03-01,0.0003115800,0.0003905100,0.0006348000,0.0009805800,0.0015044500,0.0020337600,0.0031503000,0.0044178000,0.0050310700,0.0051995800,0.0053927300
2018-02-28,0.0003054700,0.0003811900,0.0006228100,0.0009452200,0.0014769000,0.0019990400,0.0031155200,0.0043772000,0.0050469400,0.0052237700,0.0054273800
2018-02-27,0.0002913900,0.0003704300,0.0006163500,0.0009555800,0.0014746100,0.0020056500,0.0031130300,0.0043773200,0.0049602800,0.0051262900,0.0053181200
2018-02-26,0.0002999000,0.0003830300,0.0006500400,0.0010046500,0.0015271300,0.0020506400,0.0031710700,0.0044234000,0.0050085000,0.0051748700,0.0053652400
2018-02-23,0.0003410000,0.0004292000,0.0006881600,0.0010480800,0.0015980000,0.0021421600,0.0032609900,0.0044958600,0.0050898300,0.0052588300,0.0054490900
2018-02-22,0.0003172600,0.0004030900,0.0006744900,0.0010427100,0.0015661500,0.0020929200,0.0032114000,0.0044699800,0.0050687200,0.0052393100,0.0054323900
2018-02-21,0.0002905400,0.0003750600,0.0006473500,0.0010078200,0.0015291600,0.0020575500,0.0031858200,0.0044418500,0.0050413600,0.0052121400,0.0054060500
2018-02-20,0.0003644500,0.0004601100,0.0007440100,0.0010849100,0.0015948400,0.0021179400,0.0032955300,0.0045196000,0.0051296400,0.0053037900,0.0055002300
2018-02-19,0.0002950600,0.0003749300,0.0006226200,0.0009453700,0.0014745100,0.0020057200,0.0031010900,0.0043754000,0.0049646000,0.0051317300,0.0053234100
2018-02-16,0.0003354500,0.0004266700,0.0006858500,0.0010085200,0.0015262900,0.0020595200,0.0031911800,0.0044280000,0.0050243700,0.0051902500,0.0053855100
2018-02-15,0.0003060100,0.0003924700,0.0006492200,0.0009655400,0.0015154900,0.0020666500,0.0031781100,0.0044259000,0.0050313200,0.0051883100,0.0053826800
2018-02-14,0.0004152300,0.0005132700,0.0007982700,0.0011275700,0.0016937300,0.0022649000,0.0033849900,0.0046500000,0.0052605400,0.0054329500,0.0056308700
2018-02-13,0.0003542500,0.0004440500,0.0007113100,0.0010053000,0.0015680300,0.0021323800,0.0032541500,0.0045024000,0.0051235300,0.0052905900,0.0054818900
2018-02-12,0.0003774000,0.0004726600,0.0007386700,0.0011094400,0.0016570600,0.0021978000,0.0033160100,0.0045684600,0.0052209000,0.0053853900,0.0055786700
2018-02-09,0.0003990700,0.0004929500,0.0007791000,0.0011340500,0.0016835800,0.0022395400,0.0033837900,0.0046004900,0.0053600900,0.0055248900,0.0057365100
2018-02-08,0.0003468900,0.0004313700,0.0006809300,0.0010091600,0.0015509800,0.0020970900,0.0031959200,0.0044487400,0.0051930100,0.0053697600,0.0055706900
2018-02-07,0.0003054600,0.0003823900,0.0006290800,0.0009302000,0.0014515300,0.0019979000,0.0030460900,0.0043251400,0.0050650300,0.0052352300,0.0054307400
2018-02-06,0.0003547200,0.0004322000,0.0006788000,0.0010057200,0.0015440200,0.0020958500,0.0031778300,0.0044724600,0.0052352900,0.0054124100,0.0056137700
2018-02-05,0.0002953800,0.0003649900,0.0006065400,0.0009434900,0.0014567300,0.0019930500,0.0030683400,0.0043587600,0.0051056600,0.0052840900,0.0054867400
2018-02-02,0.0002829900,0.0003618500,0.0005800600,0.0009120300,0.0014385300,0.0019731300,0.0030482800,0.0043171500,0.0050602400,0.0052359800,0.0054369700
2018-02-01,0.0002586100,0.0003301000,0.0005572500,0.0008857700,0.0014034400,0.0019298500,0.0029232800,0.0043273400,0.0050719000,0.0052462400,0.0054497900
2018-01-31,0.0002816300,0.0003554700,0.0005775700,0.0009041100,0.0014263000,0.0019545500,0.0029531400,0.0043557200,0.0051034900,0.0052634900,0.0054654700
2018-01-30,0.0002912600,0.0003554700,0.0005775500,0.0009041000,0.0014263100,0.0019545800,0.0029781500,0.0043885600,0.0051125100,0.0052842500,0.0054845800
2018-01-29,0.0003171300,0.0003939500,0.0005962300,0.0008982100,0.0014216600,0.0019523300,0.0030054200,0.0043621700,0.0050668300,0.0052398500,0.0054287900
2018-01-26,0.0002807800,0.0003420100,0.0005377400,0.0008451400,0.0013683600,0.0018853900,0.0029062000,0.0042745700,0.0049514400,0.0050785500,0.0052421700
2018-01-25,0.0002627200,0.0003352300,0.0005180200,0.0008044100,0.0013330100,0.0018936800,0.0029358100,0.0042598100,0.0049297800,0.0050384800,0.0052177600
2018-01-24,0.0002899800,0.0003680000,0.0005645000,0.0008572800,0.0013839700,0.0019426700,0.0030586500,0.0043242100,0.0050021900,0.0051127500,0.0052959000
2018-01-23,0.0002629300,0.0003388100,0.0005434800,0.0008530500,0.0013858100,0.0019367400,0.0030551500,0.0043329700,0.0049978200,0.0051008300,0.0052879600
2018-01-22,0.0002651800,0.0003412000,0.0005727700,0.0009338900,0.0014459700,0.0020010400,0.0030890300,0.0044049500,0.0050507700,0.0051293300,0.0053260100
2018-01-19,0.0002677700,0.0003412000,0.0005714100,0.0009283500,0.0014437800,0.0020011600,0.0030878300,0.0044014000,0.0049877000,0.0051057400,0.0053064400
2018-01-18,0.0002564700,0.0003271600,0.0005588700,0.0008988900,0.0014219600,0.0019839400,0.0030615500,0.0043725000,0.0049543300,0.0050704300,0.0052710600
2018-01-17,0.0002629500,0.0003384100,0.0005961000,0.0009215200,0.0014494000,0.0020044300,0.0031450400,0.0043740500,0.0049610100,0.0050749200,0.0052842900
2018-01-16,0.0002889600,0.0003658000,0.0006014000,0.0009236500,0.0014661200,0.0020161500,0.0031372400,0.0043890100,0.0049866500,0.0050907100,0.0052912200
2018-01-15,0.0002921700,0.0003709300,0.0006095800,0.0009359900,0.0014846700,0.0020409000,0.0031617800,0.0044217000,0.0050690800,0.0051484900,0.0053441600
2018-01-12,0.0002925600,0.0003709900,0.0006097000,0.0009361300,0.0014847900,0.0020409300,0.0031615500,0.0044209200,0.0050114700,0.0051414500,0.0053404500
2018-01-11,0.0002733600,0.0003466800,0.0006208000,0.0009613900,0.0015014600,0.0020515800,0.0031622800,0.0045326900,0.0051393900,0.0052710500,0.0054751900
2018-01-10,0.0002924800,0.0003715800,0.0006110300,0.0009374000,0.0014855100,0.0020409900,0.0031606900,0.0044546400,0.0050679400,0.0051839700,0.0053849900
2018-01-09,0.0002857600,0.0003615300,0.0005822200,0.0008788400,0.0014329400,0.0020113900,0.0031588200,0.0044914500,0.0051232900,0.0052390100,0.0054426500
2018-01-08,0.0002758100,0.0003489900,0.0005883200,0.0008999100,0.0014488700,0.0020084500,0.0031149100,0.0044315400,0.0050551200,0.0051704200,0.0053711200
2018-01-05,0.0002744000,0.0003476000,0.0005878700,0.0009018900,0.0014498400,0.0020087700,0.0031291700,0.0044451600,0.0050699900,0.0051959800,0.0053959400
2018-01-04,0.0003052600,0.0003909000,0.0006201300,0.0009215500,0.0014524800,0.0020099600,0.0032057400,0.0044849900,0.0052200600,0.0053483300,0.0055608200
2018-01-03,0.0002790000,0.0003556100,0.0006073700,0.0009304300,0.0014787500,0.0020470700,0.0031667600,0.0045459600,0.0052988900,0.0054150100,0.0056283700
2018-01-02,0.0003003700,0.0003836500,0.0006036900,0.0008988900,0.0014643400,0.0020526100,0.0032391000,0.0045334100,0.0052735800,0.0053917700,0.0056061900
2018-01-01,0.0003111700,0.0003972200,0.0006417500,0.0009611400,0.0015143200,0.0020997300,0.0032941900,0.0045782900,0.0052852500,0.0054083400,0.0056266600
2017-12-29,0.0002780300,0.0003548200,0.0006175700,0.0009260000,0.0014793900,0.0020456200,0.0031906900,0.0044609300,0.0051495400,0.0052691300,0.0054815500
2017-12-28,0.0003451300,0.0004283300,0.0006962000,0.0010171300,0.0015749200,0.0021480500,0.0033450500,0.0045941700,0.0052459300,0.0053673700,0.0055772200
2017-12-27,0.0003615500,0.0004291100,0.0006982500,0.0010199900,0.0015774200,0.0021507900,0.0033413300,0.0045985600,0.0050918400,0.0051496000,0.0053285000
2017-12-26,0.0003562500,0.0004257800,0.0007124500,0.0010257300,0.0015881700,0.0021653000,0.0033057200,0.0046322300,0.0051409900,0.0052152100,0.0054102800
2017-12-25,0.0003479300,0.0004279300,0.0007166700,0.0010318100,0.0015963000,0.0021755900,0.0033203900,0.0046322500,0.0052280200,0.0053487100,0.0055663600
2017-12-22,0.0003313400,0.0004074100,0.0006918700,0.0010164500,0.0015706800,0.0021396200,0.0032402800,0.0045798700,0.0051689200,0.0052884300,0.0055038700
2017-12-21,0.0003409400,0.0004222400,0.0006986300,0.0010244700,0.0015776300,0.0021603900,0.0033048000,0.0046252300,0.0052148200,0.0053315700,0.0055385200
2017-12-20,0.0003415400,0.0004334600,0.0007199000,0.0010342700,0.0015923300,0.0021694300,0.0032781300,0.0046258400,0.0051845500,0.0052767800,0.0054713200
2017-12-19,0.0003538600,0.0004573400,0.0006992700,0.0010691000,0.0016019200,0.0021809500,0.0032924200,0.0046382200,0.0052364500,0.0053590400,0.0055679700
2017-12-18,0.0003247300,0.0004121000,0.0006663000,0.0010114300,0.0015476900,0.0021204600,0.0032523800,0.0045963100,0.0051935000,0.0053160000,0.0055242200
2017-12-15,0.0003213500,0.0004167500,0.0006698200,0.0009945200,0.0015377600,0.0021089300,0.0032606200,0.0045522600,0.0051427300,0.0052636000,0.0054691700
2017-12-14,0.0003240600,0.0004190100,0.0006720200,0.0009983700,0.0015412400,0.0021097200,0.0032659800,0.0045491100,0.0051382000,0.0052586900,0.0054636900
2017-12-13,0.0003242600,0.0004130300,0.0006755400,0.0009952600,0.0015461900,0.0021095200,0.0032678400,0.0045466100,0.0051341400,0.0052543600,0.0054591500
2017-12-12,0.0003989700,0.0005113500,0.0007865100,0.0011322000,0.0016707700,0.0022240100,0.0034344900,0.0047066800,0.0053136700,0.0054387400,0.0056524900
2017-12-11,0.0003259400,0.0004108300,0.0006674200,0.0009935200,0.0015486700,0.0021119600,0.0032813000,0.0044953900,0.0050784700,0.0051993400,0.0054101000
2017-12-08,0.0003344000,0.0004211200,0.0006757500,0.0010084700,0.0015664700,0.0021262800,0.0033367500,0.0045189400,0.0051111200,0.0052420500,0.0054421200
2017-12-07,0.0003135100,0.0003964700,0.0006444500,0.0009899400,0.0015507400,0.0021172800,0.0032639900,0.0045191200,0.0051387100,0.0052675100,0.0054650500
2017-12-06,0.0003743400,0.0004714100,0.0007336700,0.0010796400,0.0016230100,0.0021753500,0.0033758500,0.0045694900,0.0052975900,0.0054324500,0.0056442100
2017-12-05,0.0003052900,0.0003886400,0.0006464400,0.0009933000,0.0015395800,0.0020942900,0.0032598100,0.0044883100,0.0052033000,0.0053365300,0.0055471300
2017-12-04,0.0003047300,0.0003965300,0.0006714900,0.0010372300,0.0015866400,0.0021455100,0.0032985800,0.0045617400,0.0052713100,0.0054063400,0.0056189700
2017-12-01,0.0003319900,0.0004208500,0.0007077000,0.0010857400,0.0016302200,0.0021975700,0.0033772100,0.0046160700,0.0052981500,0.0054366800,0.0056504700
2017-11-30,0.0003448400,0.0004342200,0.0007077600,0.0010806300,0.0016435900,0.0022194800,0.0034176900,0.0046545400,0.0052427000,0.0053763800,0.0055793700
2017-11-29,0.0003557400,0.0004449500,0.0007229100,0.0010853900,0.0016457400,0.0022172100,0.0033866600,0.0046362800,0.0052171800,0.0053490400,0.0055503000
2017-11-28,0.0003268800,0.0004142300,0.0006997400,0.0010744400,0.0016491700,0.0022337800,0.0034115300,0.0046624100,0.0052504300,0.0053827400,0.0055862100
2017-11-27,0.0003385400,0.0004247100,0.0007033700,0.0010717000,0.0016458400,0.0022307900,0.0034107400,0.0046526900,0.0052366400,0.0053585000,0.0055619200
2017-11-24,0.0003150200,0.0003999600,0.0006932600,0.0010814200,0.0016515000,0.0022324400,0.0033853300,0.0046364200,0.0052226400,0.0053537800,0.0055569300
2017-11-23,0.0003104200,0.0003946400,0.0006922600,0.0010784900,0.0016503700,0.0022322000,0.0033938300,0.0046653200,0.0052530700,0.0053757700,0.0055803300
2017-11-22,0.0003402100,0.0004296300,0.0007158600,0.0010932300,0.0016738800,0.0022697600,0.0034628200,0.0047247100,0.0053180100,0.0054507300,0.0056547300
2017-11-21,0.0003273900,0.0004156200,0.0007287800,0.0011139900,0.0016892700,0.0022775600,0.0034364400,0.0047325100,0.0053247500,0.0054463500,0.0056477000
2017-11-20,0.0003382700,0.0004241500,0.0007590200,0.0011774900,0.0017482500,0.0023307600,0.0034480500,0.0047525800,0.0053356600,0.0054546400,0.0056537900
2017-11-17,0.0003746900,0.0004695100,0.0008069900,0.0012025400,0.0017840400,0.0023763200,0.0035485300,0.0048273300,0.0054183200,0.0055379000,0.0057394200
2017-11-16,0.0003892600,0.0004868700,0.0008065800,0.0012154300,0.0018016200,0.0023982400,0.0035931600,0.0048243100,0.0054254000,0.0055444300,0.0057473700
2017-11-15,0.0004320400,0.0005379200,0.0008797300,0.0012556200,0.0018421400,0.0024431700,0.0036696900,0.0049231300,0.0055245600,0.0056480500,0.0058665000
2017-11-14,0.0003434700,0.0004325800,0.0007473200,0.0011178900,0.0016998600,0.0022922500,0.0034478200,0.0047225500,0.0053085500,0.0054283100,0.0056394600
2017-11-13,0.0003437800,0.0004343700,0.0007459100,0.0011204700,0.0017031100,0.0022987700,0.0034790600,0.0047627700,0.0053529600,0.0054734300,0.0056859800
2017-11-10,0.0003739100,0.0004701500,0.0008046600,0.0011778700,0.0017672500,0.0023691800,0.0035457000,0.0048470800,0.0054442000,0.0055659800,0.0057715500
2017-11-09,0.0003781300,0.0004666600,0.0007883500,0.0011831700,0.0017746700,0.0023810100,0.0035660000,0.0047881900,0.0053801700,0.0055011200,0.0057047100
2017-11-08,0.0003581700,0.0004513600,0.0007328700,0.0011256300,0.0017162000,0.0023330700,0.0035519400,0.0048445600,0.0054451500,0.0055690200,0.0057762600
2017-11-07,0.0003502800,0.0004402700,0.0007150100,0.0011005200,0.0016871400,0.0023003100,0.0035138600,0.0048455600,0.0054438800,0.0055669300,0.0057742000
2017-11-06,0.0004061200,0.0005120200,0.0008160300,0.0011944900,0.0017310900,0.0023114900,0.0035452700,0.0047991100,0.0053933600,0.0055153900,0.0057237700
2017-11-03,0.0003890000,0.0004888500,0.0008041000,0.0011879800,0.0017440100,0.0023032500,0.0035316500,0.0047443900,0.0053316500,0.0054525300,0.0056675100
2017-11-02,0.0003720700,0.0004690200,0.0007978800,0.0011890600,0.0017375900,0.0023070300,0.0035311000,0.0047393300,0.0053232900,0.0054439300,0.0056488800
2017-11-01,0.0003388600,0.0004301200,0.0007503000,0.0011480700,0.0017198800,0.0023058600,0.0035274000,0.0047451700,0.0053223700,0.0054426300,0.0056486200
2017-10-31,0.0003624000,0.0004576000,0.0007949100,0.0012176500,0.0018031900,0.0024085100,0.0036139100,0.0048538900,0.0054144100,0.0055316300,0.0057409700
2017-10-30,0.0003741100,0.0004752000,0.0008211200,0.0012444500,0.0018296400,0.0024385500,0.0036768400,0.0049031700,0.0054235600,0.0055056600,0.0057014000
2017-10-27,0.0004008000,0.0005099100,0.0008562300,0.0012879200,0.0018781000,0.0024976000,0.0037541700,0.0049562900,0.0054668900,0.0055459400,0.0057371700
2017-10-26,0.0003940000,0.0004994400,0.0008800400,0.0013282500,0.0019436800,0.0025665600,0.0037943700,0.0049961200,0.0055177900,0.0056014900,0.0057914400
2017-10-25,0.0004019100,0.0005089600,0.0008964300,0.0013534000,0.0019810000,0.0026160000,0.0038568000,0.0050943000,0.0056378400,0.0057299000,0.0059228500
2017-10-24,0.0004043400,0.0005087700,0.0009446200,0.0014102000,0.0020305500,0.0026607500,0.0038839800,0.0052094000,0.0058063500,0.0059313200,0.0061426600
2017-10-23,0.0004154600,0.0005206600,0.0009042800,0.0013598700,0.0019773500,0.0026089600,0.0038111400,0.0050928300,0.0056771000,0.0058078500,0.0060135900
2017-10-20,0.0004057900,0.0005093100,0.0008572400,0.0013292600,0.0019514500,0.0025932400,0.0038097900,0.0051166300,0.0057068800,0.0058287100,0.0060373100
2017-10-19,0.0004234000,0.0005307000,0.0008801200,0.0013583900,0.0019798000,0.0026257000,0.0038840800,0.0051839300,0.0057810700,0.0059054600,0.0061154000
2017-10-18,0.0004056600,0.0005062600,0.0008753400,0.0013509700,0.0019640100,0.0025956900,0.0038456800,0.0052399300,0.0058434700,0.0059713200,0.0061849100
2017-10-17,0.0004477900,0.0005618200,0.0009089400,0.0013556400,0.0019414300,0.0025538300,0.0038520200,0.0050953600,0.0056853800,0.0058213200,0.0060287900
2017-10-16,0.0003857700,0.0004835400,0.0008427600,0.0013055600,0.0019192100,0.0025446000,0.0037850600,0.0050714300,0.0056535100,0.0057887400,0.0059948200
2017-10-13,0.0003782800,0.0004749100,0.0008378000,0.0012989400,0.0019124000,0.0025361800,0.0037658400,0.0050498500,0.0056168800,0.0057521800,0.0059582800
2017-10-12,0.0003805100,0.0004798200,0.0008473500,0.0013108800,0.0019219200,0.0025461000,0.0037731000,0.0050558100,0.0056237400,0.0057562800,0.0059620800
2017-10-11,0.0004016900,0.0005092900,0.0008975300,0.0013648900,0.0019724000,0.0025986700,0.0038411200,0.0051059000,0.0056819300,0.0058038700,0.0060083500
2017-10-10,0.0003925200,0.0005068500,0.0009083400,0.0013949500,0.0020011100,0.0026274600,0.0038740900,0.0051640200,0.0057362400,0.0058682100,0.0060729700
2017-10-09,0.0004698400,0.0006027700,0.0009864500,0.0014322600,0.0020369500,0.0026808600,0.0039402000,0.0051022400,0.0056807500,0.0057994000,0.0060021400
2017-10-06,0.0004750800,0.0005991500,0.0009849200,0.0014445100,0.0020476600,0.0026880200,0.0039226400,0.0051061300,0.0056857100,0.0058049500,0.0060083800
2017-10-05,0.0004335100,0.0005497800,0.0009499700,0.0014270100,0.0020315300,0.0026610300,0.0038914700,0.0051284800,0.0057119300,0.0058319400,0.0060380100
2017-10-04,0.0004385100,0.0005560900,0.0009589900,0.0014399300,0.0020479900,0.0026772500,0.0039184400,0.0051479100,0.0057326500,0.0058531200,0.0060599300
2017-10-03,0.0004182600,0.0005338000,0.0009265600,0.0013979400,0.0020115600,0.0026493100,0.0038830500,0.0051206300,0.0057007600,0.0058210400,0.0060256800
2017-10-02,0.0004353300,0.0005516000,0.0009201900,0.0014189500,0.0020657000,0.0027074800,0.0039338600,0.0051561700,0.0057358500,0.0058659300,0.0060691600
2017-09-29,0.0004357500,0.0005530800,0.0009322400,0.0014282300,0.0020968500,0.0027761400,0.0039554800,0.0051275600,0.0057034700,0.0058220500,0.0060249300
2017-09-28,0.0004285300,0.0005510700,0.0009317400,0.0014351200,0.0021047800,0.0027887100,0.0039712300,0.0051573900,0.0057330600,0.0058510900,0.0060525400
2017-09-27,0.0004437100,0.0005604400,0.0009461100,0.0014489200,0.0021141900,0.0027937600,0.0039850900,0.0051891000,0.0057684100,0.0058875400,0.0060906800
2017-09-26,0.0004741800,0.0005977200,0.0009982800,0.0014987800,0.0021512000,0.0028177100,0.0040342800,0.0052605600,0.0058447200,0.0059654300,0.0061709300
2017-09-25,0.0004649600,0.0005850700,0.0010296500,0.0015240800,0.0021388700,0.0027667800,0.0040559700,0.0052806300,0.0058670100,0.0059879500,0.0061947400
2017-09-22,0.0004961900,0.0006212800,0.0010555900,0.0015352200,0.0021555900,0.0027829400,0.0040535900,0.0052784000,0.0058646200,0.0059848800,0.0061932100
2017-09-21,0.0004709200,0.0005934600,0.0009985600,0.0014586200,0.0020630200,0.0026883600,0.0039846100,0.0051832300,0.0057608800,0.0058746300,0.0060787500
2017-09-20,0.0004780300,0.0006158700,0.0009971800,0.0014510200,0.0020497100,0.0026704800,0.0039494800,0.0051522400,0.0057117800,0.0057985600,0.0059876100
2017-09-19,0.0003924900,0.0004882600,0.0008421100,0.0012794800,0.0018763400,0.0024930600,0.0037715700,0.0050289000,0.0057121700,0.0058452700,0.0060554700
2017-09-18,0.0004366000,0.0005337900,0.0008876800,0.0013187300,0.0019006800,0.0025151700,0.0038085800,0.0050475900,0.0056970300,0.0058357200,0.0060477600
2017-09-15,0.0003629900,0.0004569800,0.0008089400,0.0012839600,0.0018892300,0.0025261600,0.0038043800,0.0050683800,0.0056190900,0.0057676800,0.0059660500
2017-09-14,0.0003775300,0.0004746800,0.0008306700,0.0013085800,0.0019084300,0.0025535100,0.0037737900,0.0050173800,0.0055622700,0.0057059900,0.0059021200
2017-09-13,0.0003691800,0.0004648500,0.0008298900,0.0013026600,0.0019075100,0.0025353300,0.0037413600,0.0049992900,0.0055531000,0.0056854100,0.0058810400
2017-09-12,0.0003650400,0.0004562700,0.0008184400,0.0012948000,0.0019004900,0.0025308700,0.0037238500,0.0049914300,0.0055300400,0.0056725400,0.0058673200
2017-09-11,0.0004248200,0.0005305700,0.0008989800,0.0013444900,0.0019482400,0.0025615800,0.0038487300,0.0049894600,0.0055258200,0.0056568200,0.0058523300
2017-09-08,0.0003783500,0.0004707700,0.0008562700,0.0013417200,0.0019615600,0.0026083600,0.0038470500,0.0050818500,0.0056199700,0.0057463200,0.0059382000
2017-09-07,0.0004823000,0.0005986100,0.0009915900,0.0014380300,0.0020296600,0.0026476200,0.0039535000,0.0051537000,0.0056987700,0.0058279200,0.0060231700
2017-09-06,0.0004765900,0.0005922800,0.0009808800,0.0014357800,0.0020289100,0.0026477500,0.0039543200,0.0051520700,0.0056945900,0.0058270500,0.0060224900
2017-09-05,0.0004787200,0.0005969200,0.0009907800,0.0014387800,0.0020307500,0.0026476800,0.0039521400,0.0051505500,0.0056798400,0.0058237600,0.0060191500
2017-09-04,0.0004212200,0.0005263400,0.0009121800,0.0014070200,0.0020235200,0.0026514800,0.0039488200,0.0051220000,0.0056449800,0.0057841100,0.0059773000
2017-09-01,0.0004142300,0.0005271900,0.0009144000,0.0014090100,0.0020262000,0.0026530800,0.0039449800,0.0051233400,0.0056495900,0.0057780900,0.0059725500
2017-08-31,0.0004543500,0.0005651000,0.0009614800,0.0014611300,0.0020900000,0.0027202200,0.0039901800,0.0051780200,0.0057161000,0.0058453600,0.0060405600
2017-08-30,0.0004686400,0.0005802000,0.0009837700,0.0014881000,0.0021155000,0.0027624400,0.0040564600,0.0053079900,0.0058477900,0.0059842800,0.0061833600
2017-08-29,0.0004445900,0.0005527100,0.0009513900,0.0014464100,0.0020751800,0.0027073800,0.0040147900,0.0051977700,0.0057310100,0.0058745400,0.0060678000
2017-08-28,0.0004345800,0.0005402700,0.0009416600,0.0014257000,0.0020486900,0.0026961800,0.0039611900,0.0051950600,0.0057376500,0.0058701900,0.0060622600
2017-08-25,0.0004131900,0.0005138300,0.0009444800,0.0014318500,0.0020559700,0.0026899300,0.0038994000,0.0051549100,0.0056933200,0.0058248600,0.0060153400
2017-08-24,0.0004347100,0.0005393000,0.0009275400,0.0014085100,0.0020483900,0.0027004300,0.0039447000,0.0052678000,0.0058019000,0.0059473200,0.0061316100
2017-08-23,0.0004367300,0.0005426600,0.0009349800,0.0014531100,0.0020683100,0.0027343000,0.0039607800,0.0053355000,0.0058753400,0.0060192700,0.0062053100
2017-08-22,0.0004296800,0.0005315400,0.0009018400,0.0014058600,0.0020494500,0.0027109900,0.0039411100,0.0052157000,0.0057520500,0.0058797200,0.0060703600
2017-08-21,0.0004960800,0.0006127800,0.0009921100,0.0014547100,0.0020601600,0.0027332900,0.0040385300,0.0051654900,0.0056800000,0.0058039300,0.0059849300
2017-08-18,0.0005006900,0.0006170700,0.0010153300,0.0014724600,0.0020834200,0.0027201700,0.0040437400,0.0051646800,0.0056640100,0.0057683100,0.0059507900
2017-08-17,0.0004377900,0.0005445000,0.0009062900,0.0013453300,0.0019498700,0.0025695000,0.0038898000,0.0049955300,0.0055119900,0.0056394600,0.0058310800
2017-08-16,0.0004366300,0.0005422800,0.0009062200,0.0013385000,0.0019417500,0.0025603800,0.0038803000,0.0049978100,0.0055151400,0.0056426400,0.0058343600
2017-08-15,0.0004560000,0.0005666200,0.0009327000,0.0013600900,0.0019555000,0.0025706300,0.0039019200,0.0050053000,0.0055274300,0.0056549300,0.0058469200
2017-08-14,0.0004431000,0.0005527000,0.0009065900,0.0013419700,0.0019472800,0.0025683300,0.0039231900,0.0050059300,0.0055437900,0.0056711700,0.0058631200
2017-08-11,0.0004703900,0.0005902400,0.0009618600,0.0013957900,0.0020027700,0.0026314500,0.0039679800,0.0050711000,0.0056086100,0.0057373400,0.0059301800
2017-08-10,0.0004714400,0.0005822300,0.0009218500,0.0013330200,0.0019285600,0.0025512500,0.0038735800,0.0049767100,0.0054995200,0.0056292400,0.0058226900
2017-08-09,0.0004380800,0.0005418800,0.0008486000,0.0012412100,0.0018325000,0.0024498700,0.0037774000,0.0048919200,0.0054184100,0.0055498100,0.0057446900
2017-08-08,0.0003852300,0.0004777500,0.0007586800,0.0011402800,0.0017348700,0.0023529000,0.0036696200,0.0047884900,0.0053098300,0.0054421600,0.0056365100
2017-08-07,0.0003704400,0.0004546700,0.0007436300,0.0011235500,0.0017190300,0.0023300100,0.0036553200,0.0047701300,0.0052931100,0.0054367000,0.0056299700
2017-08-04,0.0003725600,0.0004564300,0.0007448000,0.0011211300,0.0017107700,0.0023145400,0.0036762300,0.0047666000,0.0052887400,0.0054322500,0.0056256100
2017-08-03,0.0003564500,0.0004367700,0.0007294700,0.0011135100,0.0017011800,0.0023045100,0.0036210700,0.0047386300,0.0052585500,0.0054011100,0.0055930200
2017-08-02,0.0003541700,0.0004345100,0.0007278000,0.0011117200,0.0016988900,0.0023015000,0.0036173600,0.0047312400,0.0052527600,0.0053957300,0.0055879700
2017-08-01,0.0003503300,0.0004305400,0.0007227800,0.0011049300,0.0016899600,0.0022902100,0.0036066200,0.0047181800,0.0052396000,0.0053821900,0.0055740700
2017-07-31,0.0003525600,0.0004325300,0.0007253500,0.0011090900,0.0016969300,0.0022998800,0.0036155100,0.0047287200,0.0052523700,0.0053929400,0.0055820400
2017-07-28,0.0003525300,0.0004319400,0.0007247200,0.0011082500,0.0016961400,0.0022990600,0.0036140200,0.0047283000,0.0052535900,0.0053925600,0.0055810000
2017-07-27,0.0003477900,0.0004255100,0.0007163200,0.0010973300,0.0016829300,0.0022832800,0.0035943400,0.0047198000,0.0052588300,0.0053884800,0.0055762300
2017-07-26,0.0003600000,0.0004324100,0.0007242800,0.0011061100,0.0016928300,0.0022945100,0.0036046500,0.0047290300,0.0052745600,0.0054161600,0.0056002900
2017-07-25,0.0003671196,0.0004465488,0.0007269650,0.0011040030,0.0016919848,0.0022938199,0.0036049800,0.0047267444,0.0052599598,0.0054058301,0.0055909021
2017-07-24,0.0003743800,0.0004611500,0.0007296600,0.0011019000,0.0016911400,0.0022931300,0.0036053100,0.0047244600,0.0052454000,0.0053955200,0.0055815300
2017-07-21,0.0003424600,0.0004338200,0.0007106700,0.0010739200,0.0016589400,0.0022546500,0.0035867200,0.0046858300,0.0052077200,0.0053577800,0.0055432900
2017-07-20,0.0003472700,0.0004371700,0.0007271500,0.0010986800,0.0016807300,0.0022769600,0.0035669100,0.0047168800,0.0052359800,0.0053849900,0.0055705000
2017-07-19,0.0003591300,0.0004512500,0.0007405900,0.0011140900,0.0017030600,0.0023060000,0.0036018700,0.0047511400,0.0052722000,0.0054222100,0.0056100200
2017-07-18,0.0003614200,0.0004540700,0.0007556600,0.0011313100,0.0017215000,0.0023256700,0.0036210300,0.0047580000,0.0052783300,0.0054270600,0.0056158600
2017-07-17,0.0003733100,0.0004681100,0.0007716500,0.0011496900,0.0017440400,0.0023525700,0.0036506900,0.0047812100,0.0053049500,0.0054511300,0.0056405500
2017-07-14,0.0003779900,0.0004740500,0.0007802600,0.0011633400,0.0017615500,0.0023729600,0.0036671800,0.0047818200,0.0053163500,0.0054511300,0.0056396700
2017-07-13,0.0003778000,0.0004740000,0.0007836300,0.0011641500,0.0017627600,0.0023754200,0.0036460600,0.0047477300,0.0052655500,0.0054010600,0.0055909700
2017-07-12,0.0003843200,0.0004828400,0.0007997900,0.0011740500,0.0017722200,0.0023803300,0.0036411000,0.0047242900,0.0052420700,0.0053784200,0.0055671100
2017-07-11,0.0003850400,0.0004868100,0.0008162200,0.0011825600,0.0017811400,0.0023843100,0.0036383300,0.0047227500,0.0052502300,0.0053936800,0.0055809000
2017-07-10,0.0003921900,0.0005028700,0.0008400800,0.0012006000,0.0017983200,0.0024000100,0.0036579900,0.0047210700,0.0052344900,0.0053900700,0.0055784400
2017-07-07,0.0004243100,0.0005350800,0.0008661600,0.0012280800,0.0018145000,0.0024041400,0.0036736600,0.0046811000,0.0051916900,0.0053460300,0.0055292500
2017-07-06,0.0004079400,0.0005150000,0.0008325100,0.0012009600,0.0017875300,0.0023777400,0.0036409800,0.0046479400,0.0051576700,0.0053114900,0.0054962100
2017-07-05,0.0004062917,0.0005137184,0.0008350960,0.0011996643,0.0017851835,0.0023741323,0.0036331165,0.0046398730,0.0051486221,0.0053017811,0.0054870173
2017-07-04,0.0004046500,0.0005124400,0.0008376900,0.0011983700,0.0017828400,0.0023705300,0.0036252700,0.0046318200,0.0051395900,0.0052920900,0.0054778400
2017-07-03,0.0004097800,0.0005180000,0.0008389000,0.0012044200,0.0017884800,0.0023759200,0.0036303100,0.0046378900,0.0051462000,0.0052968900,0.0054837200
2017-06-30,0.0004162000,0.0005232400,0.0008425500,0.0012080300,0.0017918300,0.0023785500,0.0036340900,0.0046442700,0.0051523800,0.0052929100,0.0054815500
2017-06-29,0.0004127300,0.0005189300,0.0008341100,0.0011982000,0.0017819800,0.0023674000,0.0036236900,0.0046357100,0.0051432700,0.0052837600,0.0054714900
2017-06-28,0.0004137500,0.0005194600,0.0008328400,0.0011993600,0.0017834600,0.0023641300,0.0036243800,0.0046265600,0.0051341800,0.0052769600,0.0054649200
2017-06-27,0.0004079900,0.0005127800,0.0008242000,0.0011921100,0.0017739900,0.0023436200,0.0036112900,0.0046087500,0.0051145800,0.0052653900,0.0054518500
2017-06-26,0.0003947300,0.0004986200,0.0008135600,0.0011831900,0.0017659200,0.0023374600,0.0036024200,0.0045922800,0.0050928200,0.0052336800,0.0054215200
2017-06-23,0.0004113900,0.0005197000,0.0008354400,0.0012056700,0.0017896500,0.0023622000,0.0036272500,0.0046187900,0.0051226200,0.0052749400,0.0054629700
2017-06-22,0.0004134300,0.0005203600,0.0008370500,0.0012047100,0.0017891000,0.0023661500,0.0036285800,0.0046218900,0.0051264100,0.0052793400,0.0054668400
2017-06-21,0.0004077900,0.0005147400,0.0008341300,0.0011950800,0.0017815800,0.0023676600,0.0036255300,0.0046218900,0.0051285600,0.0052810600,0.0054700800
2017-06-20,0.0004053300,0.0005141700,0.0008375800,0.0011795700,0.0017727400,0.0023589600,0.0036255900,0.0046132000,0.0051244500,0.0052756500,0.0054651800
2017-06-19,0.0004070300,0.0005149900,0.0008464000,0.0011900600,0.0017843200,0.0023752300,0.0036439200,0.0046268200,0.0051285500,0.0052800100,0.0054673500
2017-06-16,0.0004342000,0.0005461000,0.0008783900,0.0012237400,0.0018198100,0.0024199300,0.0036821400,0.0046819900,0.0051893000,0.0053418700,0.0055295200
2017-06-15,0.0004327800,0.0005451200,0.0008771200,0.0012268500,0.0018241600,0.0024252300,0.0036870300,0.0046854000,0.0051951400,0.0053455400,0.0055333400
2017-06-14,0.0004139600,0.0005317900,0.0008679400,0.0012225300,0.0018199800,0.0024204300,0.0036795000,0.0046775000,0.0051953000,0.0053359600,0.0055229200
2017-06-13,0.0004420700,0.0005543900,0.0008992100,0.0012665900,0.0018648100,0.0024663700,0.0037293300,0.0047303700,0.0052378200,0.0053913900,0.0055777700
2017-06-12,0.0004590200,0.0005739400,0.0009409300,0.0013202300,0.0019238000,0.0025301500,0.0037986800,0.0048060600,0.0053141000,0.0054678700,0.0056540300
2017-06-09,0.0004651600,0.0005811600,0.0009628100,0.0013420800,0.0019526600,0.0025660100,0.0038374900,0.0048501600,0.0053601800,0.0055149100,0.0057027600
2017-06-08,0.0004748300,0.0005927700,0.0009733700,0.0013535900,0.0019677700,0.0025816700,0.0038585000,0.0048674600,0.0053750000,0.0055286000,0.0057159700
2017-06-07,0.0004775400,0.0005958200,0.0009717400,0.0013509400,0.0019684100,0.0025829300,0.0038647600,0.0048765100,0.0053846200,0.0055367400,0.0057249300
2017-06-06,0.0004843200,0.0006028000,0.0009794700,0.0013615600,0.0019734900,0.0025881100,0.0038658100,0.0048721800,0.0053787100,0.0055219100,0.0057096600
2017-06-05,0.0004834200,0.0006062900,0.0009718500,0.0013530400,0.0019676800,0.0025843800,0.0038649700,0.0048718200,0.0053791100,0.0055329500,0.0057186100
2017-06-02,0.0004697500,0.0005980200,0.0009638900,0.0013494300,0.0019645700,0.0025815400,0.0038619900,0.0048695900,0.0053774100,0.0055303400,0.0057179100
2017-06-01,0.0004810000,0.0006128200,0.0009761700,0.0013640200,0.0019833200,0.0026030300,0.0038919500,0.0049011300,0.0054115700,0.0055656200,0.0057528100
2017-05-31,0.0004839200,0.0006186600,0.0009738400,0.0013636600,0.0019877800,0.0026091600,0.0038971500,0.0049091000,0.0054201400,0.0055732700,0.0057613100
2017-05-30,0.0004817500,0.0006199200,0.0009579400,0.0013478200,0.0019830400,0.0026084900,0.0038942500,0.0049096400,0.0054154200,0.0055570100,0.0057451400
2017-05-29,0.0004950700,0.0006245000,0.0009215800,0.0013094700,0.0019579500,0.0026036100,0.0038793100,0.0049386900,0.0054126000,0.0055432500,0.0057190800
2017-05-26,0.0004701700,0.0005932800,0.0009450500,0.0013309200,0.0019722100,0.0026036400,0.0038879500,0.0048943700,0.0053695700,0.0055003400,0.0056756300
2017-05-25,0.0004599200,0.0005840200,0.0009042600,0.0013304300,0.0019722600,0.0026076900,0.0038861000,0.0048914400,0.0054001200,0.0055427000,0.0057321500
2017-05-24,0.0004716300,0.0005985400,0.0009296900,0.0013644600,0.0020032000,0.0026426700,0.0039316700,0.0049393200,0.0054506600,0.0055939500,0.0057829900
2017-05-23,0.0004776800,0.0006062200,0.0009362600,0.0013734300,0.0020140700,0.0026539500,0.0039427000,0.0049498400,0.0054609800,0.0056043500,0.0057936400
2017-05-22,0.0004658000,0.0005923700,0.0009230800,0.0013545600,0.0019971400,0.0026371200,0.0039233900,0.0049290600,0.0054382100,0.0055808100,0.0057690100
2017-05-19,0.0004674700,0.0005928000,0.0009236900,0.0013483000,0.0019995800,0.0026435700,0.0039321700,0.0049399400,0.0054488100,0.0055915300,0.0057796400
2017-05-18,0.0004654100,0.0006049900,0.0009283100,0.0013565800,0.0020104400,0.0026607700,0.0039508500,0.0049605200,0.0054744900,0.0056198100,0.0058080800
2017-05-17,0.0004174500,0.0005609200,0.0008816400,0.0013081100,0.0019542700,0.0025941200,0.0038738500,0.0048799600,0.0053918700,0.0055447200,0.0057314700
2017-05-16,0.0004237800,0.0005664900,0.0008979600,0.0013286800,0.0019717800,0.0026173600,0.0038907400,0.0048966200,0.0054087300,0.0055597600,0.0057479900
2017-05-15,0.0004388000,0.0005858400,0.0009237300,0.0013662900,0.0020052800,0.0026612000,0.0039399800,0.0049490000,0.0054775100,0.0056170600,0.0058047000
2017-05-12,0.0004380100,0.0005822400,0.0009180400,0.0013678600,0.0020076000,0.0026596500,0.0039387200,0.0049464300,0.0054739700,0.0056140100,0.0057992400
2017-05-11,0.0004272000,0.0005607800,0.0009028700,0.0013506100,0.0019889300,0.0026343300,0.0039048200,0.0049134400,0.0054376500,0.0055769800,0.0057628900
2017-05-10,0.0004357300,0.0005681600,0.0009269300,0.0013774900,0.0020235200,0.0026786300,0.0039416700,0.0049598700,0.0054856600,0.0056260500,0.0058120900
2017-05-09,0.0004355500,0.0005737600,0.0009520600,0.0014008500,0.0020569500,0.0027133000,0.0039814500,0.0049991400,0.0055238000,0.0056655400,0.0058390800
2017-05-08,0.0004528800,0.0005953900,0.0009659300,0.0014262000,0.0020936800,0.0027659600,0.0040342400,0.0050566600,0.0055711700,0.0057243000,0.0058885700
2017-05-05,0.0004257100,0.0005833100,0.0009585900,0.0014140300,0.0020771900,0.0027444400,0.0040059900,0.0050308000,0.0055559600,0.0056985300,0.0058710400
2017-05-04,0.0004268600,0.0005688600,0.0009429700,0.0014042700,0.0020605900,0.0027214700,0.0039838200,0.0050016800,0.0055132700,0.0056668000,0.0058292700
2017-05-03,0.0004718100,0.0006037400,0.0009831400,0.0014555100,0.0021092300,0.0027826900,0.0040416500,0.0050647100,0.0055819700,0.0057360600,0.0058931000
2017-05-02,0.0004874300,0.0006213200,0.0010142200,0.0014900000,0.0021515200,0.0028318600,0.0040934000,0.0051223600,0.0056529500,0.0057960900,0.0058697400
2017-05-01,0.0004613200,0.0005942200,0.0009991200,0.0014820400,0.0021444000,0.0028276000,0.0040680700,0.0051038100,0.0056142200,0.0057562100,0.0058291900
2017-04-28,0.0004827700,0.0006216300,0.0010138200,0.0014919000,0.0021557900,0.0028400100,0.0041207300,0.0051245600,0.0056373400,0.0057802500,0.0058535900
2017-04-27,0.0004954600,0.0006271600,0.0010185700,0.0014993000,0.0021686000,0.0028526200,0.0041317500,0.0051391200,0.0056545600,0.0057975100,0.0058709600
2017-04-26,0.0004870500,0.0006205100,0.0010140800,0.0014983600,0.0021742500,0.0028556800,0.0041296700,0.0051371800,0.0056662000,0.0058080600,0.0058807200
2017-04-25,0.0004626400,0.0006046200,0.0010084000,0.0015014100,0.0021699200,0.0028451200,0.0041181000,0.0051251100,0.0056527300,0.0057947500,0.0058676700
2017-04-24,0.0004462800,0.0005892500,0.0010233000,0.0015180100,0.0021762100,0.0028599700,0.0041265400,0.0051416600,0.0056625200,0.0058070300,0.0058776600
2017-04-21,0.0005252600,0.0006613400,0.0011202300,0.0016662200,0.0023562700,0.0030829700,0.0043803500,0.0054550700,0.0059745800,0.0061355100,0.0062003700
2017-04-20,0.0005417000,0.0006909000,0.0011701900,0.0017136300,0.0024134400,0.0031265400,0.0044146000,0.0054684800,0.0059871100,0.0061475100,0.0062219700
2017-04-19,0.0005690900,0.0007321300,0.0012148200,0.0017469800,0.0024367500,0.0031486200,0.0044422900,0.0054655400,0.0059844600,0.0061459800,0.0062209600
2017-04-18,0.0005840100,0.0007429300,0.0012228800,0.0017569600,0.0024554500,0.0031676900,0.0044571800,0.0054826400,0.0060026100,0.0061712300,0.0062456500
2017-04-17,0.0005673000,0.0007305400,0.0012059900,0.0017501500,0.0024521000,0.0031653000,0.0044348400,0.0054776600,0.0059938600,0.0061537300,0.0062185200
2017-04-14,0.0005670300,0.0007299800,0.0012043700,0.0017480500,0.0024494400,0.0031623100,0.0044314800,0.0054734400,0.0059894800,0.0061495600,0.0062144500
2017-04-13,0.0005870600,0.0007564600,0.0012262700,0.0017585300,0.0024552500,0.0031598500,0.0044600200,0.0054709700,0.0059874500,0.0061479900,0.0062134000
2017-04-12,0.0005890900,0.0007577800,0.0012279300,0.0017591600,0.0024549200,0.0031596700,0.0044604900,0.0054729400,0.0059895400,0.0061497900,0.0062149300
2017-04-11,0.0005907900,0.0007572600,0.0012276900,0.0017567400,0.0024515100,0.0031559100,0.0044585600,0.0054749500,0.0059908500,0.0061497500,0.0062157800
2017-04-10,0.0005775800,0.0007364100,0.0012065300,0.0017310000,0.0024236600,0.0031277000,0.0044327300,0.0054547100,0.0059734100,0.0061230900,0.0061992300
2017-04-07,0.0005691000,0.0007354200,0.0011993400,0.0017271100,0.0024135300,0.0031141700,0.0044150700,0.0054264900,0.0059415400,0.0060999200,0.0061657700
2017-04-06,0.0005958900,0.0007650200,0.0012460500,0.0017637700,0.0024591300,0.0031614000,0.0044620900,0.0054737000,0.0059890500,0.0061367900,0.0062137600
2017-04-05,0.0005977300,0.0007656800,0.0012445500,0.0017647600,0.0024603100,0.0031629000,0.0044625900,0.0054734200,0.0059895000,0.0061366100,0.0062129300
2017-04-04,0.0006070800,0.0007687800,0.0012436400,0.0017692400,0.0024649900,0.0031694800,0.0044695700,0.0054812000,0.0060091000,0.0061555400,0.0062310500
2017-04-03,0.0005851900,0.0007540500,0.0012354700,0.0017529800,0.0024479400,0.0031516500,0.0044509200,0.0054613000,0.0059760100,0.0061246600,0.0062006800
2017-03-31,0.0005895100,0.0007649700,0.0012448700,0.0017621100,0.0024559800,0.0031610800,0.0044575400,0.0054656900,0.0059810700,0.0061407500,0.0062157500
2017-03-30,0.0005974500,0.0007554400,0.0012305100,0.0017509800,0.0024449300,0.0031560800,0.0044530100,0.0054617500,0.0059772600,0.0061370400,0.0062122400
2017-03-29,0.0005872100,0.0007453600,0.0012196200,0.0017417700,0.0024352700,0.0031442300,0.0044388800,0.0054465500,0.0059618800,0.0061216100,0.0061969500
2017-03-28,0.0005951300,0.0007565300,0.0012278900,0.0017557800,0.0024489300,0.0031514200,0.0044395800,0.0054446300,0.0059587400,0.0061181400,0.0061934700
2017-03-27,0.0006040800,0.0007657700,0.0012374800,0.0017644300,0.0024557900,0.0031584100,0.0044498200,0.0054476100,0.0059535700,0.0061086700,0.0061818900
2017-03-24,0.0005994600,0.0007667200,0.0012386600,0.0017616000,0.0024468800,0.0031489700,0.0044477600,0.0054461000,0.0059625000,0.0061058900,0.0061792900
2017-03-23,0.0006125900,0.0007729400,0.0012513000,0.0017686200,0.0024626400,0.0031667000,0.0044687100,0.0054695800,0.0059736600,0.0061198600,0.0061934000
2017-03-22,0.0006206500,0.0007824800,0.0012592400,0.0017804000,0.0024745600,0.0031827200,0.0044897300,0.0054928200,0.0059993700,0.0061569300,0.0062217800
2017-03-21,0.0006081800,0.0007735800,0.0012335800,0.0017524400,0.0024406900,0.0031534000,0.0044438500,0.0054461200,0.0059497900,0.0061057400,0.0061791100
2017-03-20,0.0006282700,0.0007942000,0.0012535300,0.0017659000,0.0024651000,0.0031814300,0.0044747400,0.0054782900,0.0059778700,0.0061329600,0.0062063800
2017-03-17,0.0005166500,0.0006647000,0.0010804800,0.0015580400,0.0022495300,0.0029534600,0.0042419600,0.0052542200,0.0057529100,0.0058991400,0.0059654500
2017-03-16,0.0004944800,0.0006465100,0.0010680400,0.0015452800,0.0022473100,0.0029558100,0.0042539000,0.0052629900,0.0057781800,0.0059138700,0.0059807500
2017-03-15,0.0005409900,0.0006887000,0.0011229400,0.0016022000,0.0023105400,0.0030344200,0.0043461500,0.0053595300,0.0058662400,0.0060044800,0.0060732300
2017-03-14,0.0005740500,0.0007244400,0.0011521400,0.0016433100,0.0023539800,0.0030797800,0.0043940000,0.0054088200,0.0059287600,0.0060687400,0.0061363400
2017-03-13,0.0005722700,0.0007118500,0.0011377900,0.0016280400,0.0023368000,0.0030589000,0.0043677800,0.0053787200,0.0058818300,0.0060321600,0.0060903800
2017-03-10,0.0005631400,0.0007008500,0.0011262000,0.0016171700,0.0023245900,0.0030476400,0.0043540300,0.0053626700,0.0058636800,0.0060045300,0.0060698800
2017-03-09,0.0005640100,0.0006968200,0.0011187700,0.0016111100,0.0023188800,0.0030407600,0.0043476600,0.0053580800,0.0058553800,0.0060072700,0.0060628400
2017-03-08,0.0005598500,0.0006812400,0.0011001900,0.0016031100,0.0023033700,0.0030167900,0.0043142300,0.0053235300,0.0058185500,0.0059689400,0.0060248400
2017-03-07,0.0005346300,0.0006835400,0.0010928000,0.0015897000,0.0022979300,0.0030096600,0.0043161800,0.0053248400,0.0058195400,0.0059605100,0.0060275400
2017-03-06,0.0005302100,0.0006784800,0.0010665800,0.0015883100,0.0022956800,0.0030069400,0.0043112200,0.0053189600,0.0058136700,0.0059656700,0.0060310400
2017-03-03,0.0005271900,0.0006770100,0.0010330100,0.0015934100,0.0023016300,0.0030138500,0.0043159100,0.0053222400,0.0058113700,0.0059619700,0.0060164000
2017-03-02,0.0005155600,0.0006586400,0.0010330800,0.0015917600,0.0023019300,0.0030153200,0.0043130400,0.0053168400,0.0058041400,0.0059548800,0.0060096300
2017-03-01,0.0005338800,0.0006798200,0.0010881300,0.0016520300,0.0023723100,0.0030966100,0.0043975400,0.0054030200,0.0058714600,0.0060204900,0.0060768800
2017-02-28,0.0005696500,0.0007127500,0.0011496600,0.0017280600,0.0024580500,0.0031919300,0.0045022100,0.0055135000,0.0059991400,0.0061487300,0.0062061100
2017-02-27,0.0005698400,0.0007230000,0.0011625500,0.0017444200,0.0024818200,0.0032219300,0.0045344600,0.0055467400,0.0060309400,0.0061801600,0.0062472700
2017-02-24,0.0005810500,0.0007307100,0.0011753300,0.0017661100,0.0025087600,0.0032549100,0.0045689000,0.0055815100,0.0060663400,0.0062141100,0.0062824300
2017-02-23,0.0006045800,0.0007461900,0.0011928100,0.0017831300,0.0025291700,0.0032834200,0.0045983000,0.0056123900,0.0060971800,0.0062352600,0.0063059900
2017-02-22,0.0005830700,0.0007305700,0.0011803800,0.0017636700,0.0025163400,0.0032652400,0.0045800700,0.0055946000,0.0060765500,0.0062148300,0.0062828300
2017-02-21,0.0005685500,0.0007155100,0.0011662800,0.0017551200,0.0025040400,0.0032604400,0.0045742500,0.0055868000,0.0060553100,0.0062037000,0.0062617000
2017-02-20,0.0005696000,0.0007082300,0.0011683300,0.0017424800,0.0025036000,0.0032585300,0.0045682400,0.0055740900,0.0060308100,0.0061654700,0.0062230300
2017-02-17,0.0005961600,0.0007126000,0.0012024900,0.0017842600,0.0025732300,0.0033661500,0.0046805300,0.0057035200,0.0060797600,0.0061800100,0.0062131700
2017-02-16,0.0005617200,0.0006816700,0.0011750500,0.0017583400,0.0025423200,0.0033327300,0.0046419100,0.0056700400,0.0060572500,0.0061593800,0.0061819400
2017-02-15,0.0005678200,0.0006972700,0.0012043600,0.0017963700,0.0025848100,0.0033750800,0.0046761000,0.0057058500,0.0060929400,0.0061948500,0.0062164500
2017-02-14,0.0006240300,0.0007572900,0.0012882000,0.0018953700,0.0026911300,0.0034904900,0.0048014200,0.0058419800,0.0062303500,0.0063328800,0.0063549900
2017-02-13,0.0006566400,0.0007829200,0.0013134600,0.0019273900,0.0027230200,0.0035250100,0.0048457400,0.0058832700,0.0062734900,0.0063767600,0.0063993100
2017-02-10,0.0006534400,0.0007806900,0.0013124500,0.0019338100,0.0027257200,0.0035285000,0.0048493600,0.0058799400,0.0062690200,0.0063717900,0.0063940300
2017-02-09,0.0006332600,0.0007687500,0.0013024500,0.0019328200,0.0027235700,0.0035250500,0.0048450300,0.0058766000,0.0062662800,0.0063689100,0.0063927800
2017-02-08,0.0006562100,0.0008028000,0.0013366000,0.0019667300,0.0027586000,0.0035604100,0.0048825500,0.0059195600,0.0063110700,0.0064146300,0.0064498200
2017-02-07,0.0006396200,0.0007864200,0.0013207700,0.0019494800,0.0027427100,0.0035435100,0.0048654800,0.0059105200,0.0063071200,0.0064117800,0.0064456500
2017-02-06,0.0006336800,0.0007866500,0.0013145100,0.0019411600,0.0027318600,0.0035309500,0.0048511100,0.0058944200,0.0063183900,0.0064368900,0.0064711400
2017-02-03,0.0005906600,0.0007699700,0.0013039300,0.0019243800,0.0027097900,0.0035079600,0.0048256400,0.0058672100,0.0063708600,0.0065235400,0.0065907400
2017-02-02,0.0006259700,0.0008072900,0.0013476600,0.0019650200,0.0027606300,0.0035583400,0.0048766000,0.0059187400,0.0064238200,0.0065771500,0.0066440400
2017-02-01,0.0006322400,0.0007962100,0.0013352100,0.0019531300,0.0027452700,0.0035408400,0.0048575900,0.0059026900,0.0064046400,0.0065558500,0.0066123400
2017-01-31,0.0006759400,0.0008449000,0.0013799000,0.0020106200,0.0028013700,0.0035951200,0.0049152100,0.0059767600,0.0064785200,0.0066200500,0.0066775600
2017-01-30,0.0007106700,0.0008570200,0.0014263200,0.0020566300,0.0028478700,0.0036294100,0.0049357900,0.0060408200,0.0065196500,0.0066537500,0.0066914900
2017-01-27,0.0006899400,0.0008391000,0.0013826400,0.0020095900,0.0028056900,0.0036043000,0.0049294800,0.0059753200,0.0064842000,0.0066372100,0.0067070700
2017-01-26,0.0007024400,0.0008517500,0.0013995000,0.0020338500,0.0028307300,0.0036312900,0.0049575600,0.0059967400,0.0065063900,0.0066586100,0.0067289900
2017-01-25,0.0007448400,0.0008793700,0.0014380000,0.0020630700,0.0028610500,0.0036627700,0.0049871600,0.0060325500,0.0065423500,0.0066840000,0.0067555800
2017-01-24,0.0007573500,0.0008915300,0.0014497500,0.0020726800,0.0028752000,0.0036809100,0.0050061600,0.0060514500,0.0065618400,0.0067039600,0.0067762300
2017-01-23,0.0007608000,0.0008965500,0.0014525000,0.0020616400,0.0028721000,0.0036849300,0.0050091200,0.0060499800,0.0065598300,0.0067017100,0.0067737300
2017-01-20,0.0007366600,0.0008831200,0.0014306400,0.0020466600,0.0028576900,0.0036710100,0.0049955400,0.0060293100,0.0065383200,0.0066799300,0.0067514300
2017-01-19,0.0007388900,0.0008861300,0.0014338900,0.0020490500,0.0028588600,0.0036716600,0.0049952900,0.0060303900,0.0065398400,0.0066829700,0.0067536400
2017-01-18,0.0007387600,0.0008923200,0.0014392700,0.0020525900,0.0028615300,0.0036740700,0.0049970600,0.0060362200,0.0065453300,0.0066993600,0.0067593200
2017-01-17,0.0007321100,0.0008855400,0.0014321000,0.0020426300,0.0028532400,0.0036662700,0.0049884800,0.0060192500,0.0065279500,0.0066819700,0.0067423900
2017-01-16,0.0007406700,0.0008910500,0.0014384700,0.0020420600,0.0028574100,0.0036711300,0.0049916000,0.0060219300,0.0065283800,0.0066813500,0.0067408300
2017-01-13,0.0007342600,0.0008822200,0.0014333100,0.0020383500,0.0028476400,0.0036662600,0.0049878700,0.0060187000,0.0065270500,0.0066792900,0.0067401400
2017-01-12,0.0007218900,0.0008539400,0.0014167900,0.0020280300,0.0028464400,0.0036615200,0.0049837800,0.0060146700,0.0065326200,0.0066757100,0.0067451400
2017-01-11,0.0007014200,0.0008407900,0.0014170700,0.0020456300,0.0028750100,0.0037058000,0.0050396900,0.0060822100,0.0065928800,0.0067489400,0.0068107300
2017-01-10,0.0006795900,0.0008152200,0.0013920300,0.0020214300,0.0028417900,0.0036794600,0.0050152300,0.0060474300,0.0065550000,0.0067089400,0.0067714500
2017-01-09,0.0006726600,0.0008063000,0.0013882700,0.0020230100,0.0028525200,0.0036987700,0.0050417300,0.0060721500,0.0065807800,0.0067244100,0.0067977700
2017-01-06,0.0006732200,0.0008074200,0.0013903800,0.0020260100,0.0028563800,0.0037031900,0.0050447700,0.0060679700,0.0065764700,0.0067210700,0.0067943400
2017-01-05,0.0006713900,0.0008116500,0.0013980200,0.0020360600,0.0028693900,0.0037187100,0.0050579700,0.0060798500,0.0065911100,0.0067455400,0.0068182800
2017-01-04,0.0006792600,0.0008124000,0.0014077900,0.0020555900,0.0028965800,0.0037496100,0.0050913500,0.0061165800,0.0066426100,0.0067853100,0.0068578300
2017-01-03,0.0006597100,0.0007863800,0.0014018200,0.0020507400,0.0029036700,0.0037622300,0.0050982800,0.0061227900,0.0066451000,0.0067880700,0.0068615800
2017-01-02,0.0006691500,0.0007870000,0.0013832800,0.0020618400,0.0029447100,0.0038327400,0.0051692500,0.0062157900,0.0067299900,0.0068751700,0.0069501300
2016-12-30,0.0006918000,0.0008184500,0.0014219100,0.0020943100,0.0029634500,0.0038383800,0.0051853400,0.0062227500,0.0067009300,0.0068306100,0.0068842000
2016-12-29,0.0006506800,0.0007781000,0.0013723400,0.0020616500,0.0029478200,0.0038397900,0.0051866100,0.0062239800,0.0067399900,0.0068862700,0.0069621600
2016-12-28,0.0006498900,0.0007768600,0.0013665600,0.0020577400,0.0029436300,0.0038351600,0.0051811700,0.0062191500,0.0067354900,0.0068808600,0.0069555700
2016-12-27,0.0006552300,0.0007833200,0.0013488200,0.0020542700,0.0029379100,0.0038290600,0.0051645400,0.0062196500,0.0067486200,0.0068921900,0.0069659700
2016-12-26,0.0006845300,0.0008187400,0.0013751500,0.0020769900,0.0029538300,0.0038384300,0.0051556000,0.0062219300,0.0067508100,0.0068943900,0.0069680100
2016-12-23,0.0006481100,0.0007744100,0.0013575100,0.0020557800,0.0029413500,0.0038324600,0.0051796100,0.0062157500,0.0067446300,0.0068886100,0.0069624300
2016-12-22,0.0006510700,0.0007778000,0.0013593700,0.0020589900,0.0029444600,0.0038356300,0.0051834900,0.0062189900,0.0067470000,0.0068918400,0.0069662200
2016-12-21,0.0006531500,0.0007803900,0.0013641000,0.0020620000,0.0029475100,0.0038386900,0.0051867900,0.0062222000,0.0067362900,0.0068821700,0.0069574300
2016-12-20,0.0006546600,0.0007818900,0.0013660700,0.0020641300,0.0029499100,0.0038413400,0.0051904200,0.0062253300,0.0067394200,0.0068862500,0.0069601100
2016-12-19,0.0006634400,0.0007894800,0.0013739700,0.0020722600,0.0029583200,0.0038498800,0.0052010900,0.0062342300,0.0067482100,0.0069048600,0.0069691800
2016-12-16,0.0006624100,0.0007882100,0.0013734300,0.0020722400,0.0029585300,0.0038506900,0.0052096800,0.0062365800,0.0067510100,0.0068965100,0.0069710600
2016-12-15,0.0006538800,0.0007884400,0.0013753900,0.0020765600,0.0029643400,0.0038576000,0.0052159900,0.0062467300,0.0067733200,0.0069190100,0.0069914200
2016-12-14,0.0006456700,0.0007869900,0.0013762000,0.0020784900,0.0029654100,0.0038581600,0.0052072000,0.0062424800,0.0067563900,0.0069142000,0.0069772900
2016-12-13,0.0006405800,0.0007609400,0.0013616500,0.0020745600,0.0029667300,0.0038649100,0.0052190300,0.0062532900,0.0067665000,0.0069231800,0.0069876600
2016-12-12,0.0006509500,0.0007688900,0.0013778000,0.0020918100,0.0029859300,0.0038858900,0.0052526000,0.0062890500,0.0067994900,0.0069445000,0.0070186800
2016-12-09,0.0006658500,0.0007877900,0.0014004700,0.0021198600,0.0030156700,0.0039171400,0.0052910800,0.0063227600,0.0068349000,0.0069806900,0.0070556900
2016-12-08,0.0006645200,0.0007971400,0.0014153600,0.0021409300,0.0030366300,0.0039382000,0.0053051600,0.0063444200,0.0068596500,0.0070065700,0.0070822700
2016-12-07,0.0006662400,0.0007861400,0.0014207900,0.0021425500,0.0030397100,0.0039430400,0.0053128500,0.0063515900,0.0068635300,0.0070102900,0.0070846100
2016-12-06,0.0006947200,0.0008279300,0.0014684100,0.0021997800,0.0030993000,0.0040062100,0.0053821700,0.0064211600,0.0069395000,0.0070995100,0.0071662000
2016-12-05,0.0006992600,0.0008319600,0.0014683100,0.0022051200,0.0031082200,0.0040211300,0.0053992000,0.0064423300,0.0069602000,0.0071191000,0.0071952100
2016-12-02,0.0007287100,0.0008655300,0.0015026100,0.0022415500,0.0031426800,0.0040627900,0.0054332600,0.0064827000,0.0070042100,0.0071625000,0.0072392800
2016-12-01,0.0007180100,0.0008504300,0.0014862200,0.0022318500,0.0031247700,0.0040438700,0.0054133500,0.0064629900,0.0069951000,0.0071407100,0.0072172100
2016-11-30,0.0007393800,0.0008761000,0.0015113600,0.0022565600,0.0031498200,0.0040674400,0.0054367000,0.0064844900,0.0070183500,0.0071648900,0.0072420200
2016-11-29,0.0007381700,0.0008736900,0.0015106300,0.0022557800,0.0031498000,0.0040668400,0.0054369200,0.0064852700,0.0070187900,0.0071669600,0.0072442800
2016-11-28,0.0007466400,0.0008740900,0.0015122600,0.0022567900,0.0031535700,0.0040689100,0.0054393300,0.0064865000,0.0070084500,0.0071671900,0.0072440400
2016-11-25,0.0007406600,0.0008752000,0.0015151800,0.0022567100,0.0031613600,0.0040689500,0.0054399600,0.0064832500,0.0070123900,0.0071593200,0.0072348300
2016-11-24,0.0007454700,0.0008710800,0.0015173200,0.0022532500,0.0031594100,0.0040692800,0.0054476300,0.0064832400,0.0069995200,0.0071494000,0.0072264300
2016-11-23,0.0007493500,0.0008776400,0.0015331300,0.0022717100,0.0031782900,0.0040894000,0.0054673500,0.0065058500,0.0070241300,0.0071846800,0.0072594100
2016-11-22,0.0007717900,0.0009023300,0.0015663700,0.0023092700,0.0032167200,0.0041302900,0.0055047400,0.0065460900,0.0070608300,0.0072186000,0.0072842700
2016-11-21,0.0008124500,0.0009442900,0.0016137900,0.0023682000,0.0032786800,0.0041945000,0.0055784800,0.0066227600,0.0071452000,0.0073049500,0.0073720900
2016-11-18,0.0007826200,0.0009262700,0.0015961300,0.0023454600,0.0032563800,0.0041777600,0.0055571300,0.0066079200,0.0071309600,0.0072895700,0.0073668900
2016-11-17,0.0007775800,0.0009021100,0.0015695500,0.0023180600,0.0032251600,0.0041354600,0.0055168900,0.0065575700,0.0070881700,0.0072340500,0.0073095800
2016-11-16,0.0008027200,0.0009335800,0.0016049600,0.0023652600,0.0032744900,0.0041870700,0.0055685700,0.0066118500,0.0071500800,0.0073097800,0.0073769000
2016-11-15,0.0007926700,0.0009199900,0.0015907900,0.0023497900,0.0032593900,0.0041725900,0.0055458600,0.0065919900,0.0071217000,0.0072700700,0.0073475700
2016-11-14,0.0008127600,0.0009480900,0.0016298200,0.0023951100,0.0033143900,0.0042407000,0.0056293900,0.0066731500,0.0072051100,0.0073698300,0.0074495900
2016-11-11,0.0007840200,0.0009182400,0.0015838200,0.0023366000,0.0032574900,0.0041730500,0.0055580200,0.0065990700,0.0071311100,0.0072943000,0.0073745900
2016-11-10,0.0007326000,0.0008539500,0.0014959500,0.0022434700,0.0031467700,0.0040527000,0.0054273600,0.0064641600,0.0069952100,0.0071422400,0.0072199100
2016-11-09,0.0007460400,0.0008715600,0.0015116900,0.0022539800,0.0031554400,0.0040593500,0.0054385700,0.0064689800,0.0070027900,0.0071506700,0.0072288200
2016-11-08,0.0007418100,0.0008678200,0.0015105300,0.0022509800,0.0031511300,0.0040535200,0.0054228200,0.0064576700,0.0069875400,0.0071343900,0.0072118800
2016-11-07,0.0007422900,0.0008742300,0.0015313500,0.0022674800,0.0031674000,0.0040699400,0.0054405200,0.0064719100,0.0069988600,0.0071446500,0.0072214300
2016-11-04,0.0007686600,0.0009041100,0.0015699200,0.0023225000,0.0032291300,0.0041380300,0.0055206100,0.0065480100,0.0070813600,0.0072296600,0.0073081700
2016-11-03,0.0007934000,0.0009305200,0.0016103800,0.0023787400,0.0033046800,0.0042320200,0.0056429800,0.0066931400,0.0072342700,0.0073872900,0.0074685500
2016-11-02,0.0007980500,0.0009307900,0.0016134000,0.0023834700,0.0033131900,0.0042451300,0.0056561100,0.0067133000,0.0072441200,0.0074088600,0.0074906300
2016-11-01,0.0007885100,0.0009179900,0.0015990800,0.0023620500,0.0032907600,0.0042205200,0.0056285900,0.0066808800,0.0072090800,0.0073729800,0.0074542500
2016-10-31,0.0007881400,0.0009182800,0.0016003100,0.0023710500,0.0033015900,0.0042310600,0.0056404200,0.0066874900,0.0072155500,0.0073789600,0.0074599600
2016-10-28,0.0007914500,0.0009235800,0.0016084400,0.0023806000,0.0033148400,0.0042468300,0.0056556700,0.0067086900,0.0072381700,0.0074024500,0.0074837900
2016-10-27,0.0007888600,0.0009211200,0.0016026700,0.0023640700,0.0033032700,0.0042352700,0.0056426600,0.0066876800,0.0072161200,0.0073803100,0.0074621300
2016-10-26,0.0007802600,0.0009183300,0.0016025400,0.0023738100,0.0033089600,0.0042422000,0.0056485800,0.0066940400,0.0072232600,0.0073877900,0.0074698700
2016-10-25,0.0007859700,0.0009249600,0.0016055400,0.0023696800,0.0032977000,0.0042366400,0.0056323800,0.0066843300,0.0072098400,0.0073732000,0.0074545300
2016-10-24,0.0007992200,0.0009471900,0.0016277200,0.0023975900,0.0033249100,0.0042532800,0.0056534400,0.0067058100,0.0072316000,0.0073949700,0.0074760000
2016-10-21,0.0008155100,0.0009563900,0.0016340800,0.0024042800,0.0033316900,0.0042596200,0.0056649400,0.0067083500,0.0072331200,0.0073966000,0.0074779600
2016-10-20,0.0008296100,0.0009603100,0.0016510500,0.0024222400,0.0033497700,0.0042769700,0.0056737500,0.0067157600,0.0072387600,0.0074015000,0.0074829600
2016-10-19,0.0008621900,0.0009914000,0.0017032700,0.0024820400,0.0034181500,0.0043522300,0.0057532800,0.0067984900,0.0073208900,0.0074832200,0.0075641900
2016-10-18,0.0009002600,0.0010420600,0.0017580200,0.0025550900,0.0034916500,0.0044190900,0.0058283200,0.0068742400,0.0074116200,0.0075645800,0.0076456900
2016-10-17,0.0009123400,0.0010550500,0.0017775900,0.0025724200,0.0035189700,0.0044481900,0.0058559800,0.0069016500,0.0074281400,0.0075940500,0.0076666000
2016-10-14,0.0009096300,0.0010566700,0.0017700000,0.0025725600,0.0035203800,0.0044510900,0.0058641100,0.0069163600,0.0074491000,0.0076168200,0.0076996200
2016-10-13,0.0009002700,0.0010491500,0.0017635800,0.0025686300,0.0035173900,0.0044497300,0.0058650400,0.0069251800,0.0074649300,0.0076335700,0.0077096900
2016-10-12,0.0008903800,0.0010370100,0.0017510200,0.0025564300,0.0035024000,0.0044351800,0.0058499400,0.0069077900,0.0074901100,0.0076679000,0.0077772700
2016-10-11,0.0008757000,0.0010235800,0.0017387400,0.0025465500,0.0034848400,0.0044216400,0.0058354500,0.0068865200,0.0074338300,0.0075874800,0.0076714000
2016-10-10,0.0008749800,0.0010237400,0.0017368900,0.0025462700,0.0034918600,0.0044205900,0.0058339700,0.0068896600,0.0074371800,0.0075905200,0.0076738800
2016-10-07,0.0008571300,0.0010050200,0.0017016500,0.0024996900,0.0034213900,0.0043313100,0.0057230500,0.0067535500,0.0072934900,0.0074448100,0.0075258000
2016-10-06,0.0008727800,0.0010193800,0.0017314800,0.0025348000,0.0034810100,0.0044068700,0.0058195500,0.0068794700,0.0074267600,0.0075829900,0.0076668400
2016-10-05,0.0008798000,0.0010226000,0.0017349600,0.0025381400,0.0034874100,0.0044118200,0.0058256500,0.0068863100,0.0074236600,0.0075922800,0.0076667400
2016-10-04,0.0008797300,0.0010219200,0.0017345700,0.0025324800,0.0034812600,0.0043981800,0.0058128600,0.0068745100,0.0074271500,0.0075944100,0.0076697600
2016-10-03,0.0008682400,0.0010100000,0.0017285600,0.0025103800,0.0034673000,0.0043598300,0.0057824100,0.0068520100,0.0074017700,0.0075585500,0.0076433300
2016-09-30,0.0008738800,0.0010194400,0.0017290800,0.0025137600,0.0034621900,0.0043532500,0.0057754300,0.0068455300,0.0073860100,0.0075546800,0.0076310900
2016-09-29,0.0008525300,0.0009988400,0.0017050300,0.0024825600,0.0034297200,0.0043178600,0.0057402900,0.0068102500,0.0073599700,0.0075148100,0.0076004900
2016-09-28,0.0008826800,0.0010279000,0.0017328400,0.0025056200,0.0034564000,0.0043414500,0.0057666900,0.0068375600,0.0073908400,0.0075465200,0.0076326500
2016-09-27,0.0008685800,0.0010271500,0.0017355500,0.0025078400,0.0034587300,0.0043462000,0.0057762100,0.0068471200,0.0074034000,0.0075618700,0.0076477500
2016-09-26,0.0008426300,0.0010070400,0.0016963400,0.0024690400,0.0034082900,0.0042903000,0.0057108700,0.0067798000,0.0073217900,0.0074901600,0.0075658900
2016-09-23,0.0008256200,0.0009788800,0.0016647600,0.0024186500,0.0033538700,0.0042277000,0.0056414900,0.0067051700,0.0072543300,0.0074087000,0.0074936300
2016-09-22,0.0007882100,0.0009643800,0.0016545300,0.0024113000,0.0033359200,0.0042047100,0.0056065300,0.0066620200,0.0071850600,0.0073468900,0.0074205400
2016-09-21,0.0009110500,0.0010754600,0.0017838700,0.0025706800,0.0035067600,0.0043872000,0.0057963200,0.0068643400,0.0074146200,0.0075714700,0.0076585600
2016-09-20,0.0007526500,0.0011160200,0.0018132600,0.0026065600,0.0035408500,0.0044254900,0.0058282700,0.0068874000,0.0073803900,0.0075343200,0.0076048900
2016-09-19,0.0008036100,0.0009479400,0.0016142600,0.0023692900,0.0032818100,0.0041655700,0.0055904900,0.0066611800,0.0071919400,0.0073532600,0.0074312700
2016-09-16,0.0008409600,0.0009917500,0.0016619700,0.0024398000,0.0033507400,0.0042622100,0.0056991600,0.0067784800,0.0073194000,0.0074845300,0.0075646500
2016-09-15,0.0008233000,0.0009793400,0.0016253100,0.0023626600,0.0032541200,0.0041417100,0.0055659200,0.0066186600,0.0071513800,0.0073130700,0.0073892400
2016-09-14,0.0008198600,0.0009689600,0.0016245800,0.0023711400,0.0032824200,0.0041815800,0.0056349600,0.0067106600,0.0072548000,0.0074205600,0.0075008300
2016-09-13,0.0008017500,0.0009623500,0.0016175200,0.0023638000,0.0032679900,0.0041664700,0.0056183000,0.0067057300,0.0072589900,0.0074253700,0.0075065000
2016-09-12,0.0007598818,0.0009107253,0.0015592245,0.0022764200,0.0031697380,0.0040617233,0.0055022872,0.0065829102,0.0071350927,0.0072943033,0.0073734509
2016-09-09,0.0007202000,0.0008618700,0.0015030300,0.0021922700,0.0030744400,0.0039596100,0.0053886700,0.0064623400,0.0070133100,0.0071655500,0.0072427600
2016-09-08,0.0006945400,0.0008302400,0.0014356100,0.0021176000,0.0029781400,0.0038430000,0.0052505400,0.0062962800,0.0068181400,0.0069780900,0.0070427400
2016-09-07,0.0007235400,0.0008668900,0.0014916400,0.0022056400,0.0030917500,0.0039628300,0.0054119800,0.0064827500,0.0070115200,0.0071737100,0.0072403500
2016-09-06,0.0007293171,0.0008696479,0.0015002930,0.0022178687,0.0031058291,0.0039833865,0.0054376217,0.0065107192,0.0070425227,0.0072049934,0.0072758424
2016-09-05,0.0007351403,0.0008724145,0.0015089963,0.0022301653,0.0031199724,0.0040040497,0.0054633848,0.0065388090,0.0070736625,0.0072364132,0.0073115088
2016-09-02,0.0007410100,0.0008751900,0.0015177500,0.0022425300,0.0031341800,0.0040248200,0.0054892700,0.0065670200,0.0071049400,0.0072679700,0.0073473500
2016-09-01,0.0007388168,0.0008721146,0.0015119539,0.0022344203,0.0031274628,0.0040168822,0.0054769261,0.0065530702,0.0070911316,0.0072541769,0.0073334018
2016-08-31,0.0007366300,0.0008690500,0.0015061800,0.0022263400,0.0031207600,0.0040089600,0.0054646100,0.0065391500,0.0070773500,0.0072404100,0.0073194800
2016-08-30,0.0007152900,0.0008351300,0.0014632900,0.0021619800,0.0030449000,0.0039167800,0.0053514000,0.0064035300,0.0069478600,0.0070965600,0.0071733600
2016-08-29,0.0007405500,0.0008708800,0.0015032500,0.0022314700,0.0031077000,0.0039849500,0.0054357900,0.0064933700,0.0070432400,0.0071938300,0.0072721300
2016-08-26,0.0007054100,0.0008393200,0.0014626000,0.0021676000,0.0030675600,0.0039551200,0.0054211600,0.0064950100,0.0070469600,0.0071985600,0.0072777800
2016-08-25,0.0007003600,0.0008253100,0.0014474900,0.0021527600,0.0030519500,0.0039393600,0.0054031400,0.0064748800,0.0070255600,0.0071764500,0.0072552300
2016-08-24,0.0006974700,0.0008257200,0.0014490300,0.0021550300,0.0030551700,0.0039439200,0.0054084800,0.0064807800,0.0070344500,0.0071857300,0.0072650600
2016-08-23,0.0006904800,0.0008161400,0.0014375800,0.0021420100,0.0030389000,0.0039248100,0.0053886600,0.0064594000,0.0070121400,0.0071633100,0.0072426500
2016-08-22,0.0006886000,0.0008223200,0.0014381100,0.0021377800,0.0030304200,0.0039126100,0.0053741900,0.0064427200,0.0069844800,0.0071484800,0.0072192500
2016-08-19,0.0006489600,0.0007819500,0.0013973600,0.0020879400,0.0029784700,0.0038584500,0.0053238300,0.0063958600,0.0069353300,0.0070989200,0.0071797800
2016-08-18,0.0006562700,0.0007897200,0.0013960200,0.0020957000,0.0029877700,0.0038690000,0.0053317800,0.0064025500,0.0069410900,0.0071041000,0.0071832800
2016-08-17,0.0006650900,0.0007934700,0.0013950500,0.0020956000,0.0029846300,0.0038634700,0.0053225800,0.0063895200,0.0069284600,0.0070916300,0.0071626600
2016-08-16,0.0006519400,0.0007848400,0.0013868000,0.0020903000,0.0029801300,0.0038592400,0.0053240700,0.0063951500,0.0069391200,0.0071029200,0.0071866600
2016-08-15,0.0006560300,0.0007820100,0.0013906600,0.0020933900,0.0029850500,0.0038664500,0.0053312500,0.0064048800,0.0069608300,0.0071135400,0.0071966900
2016-08-12,0.0006502700,0.0007778500,0.0013831600,0.0020766000,0.0029671000,0.0038482600,0.0053103300,0.0063836300,0.0069303100,0.0070944600,0.0071778800
2016-08-11,0.0006324700,0.0007578600,0.0013508100,0.0020393600,0.0029293400,0.0038103500,0.0052797800,0.0063559300,0.0069141700,0.0070681500,0.0071519700
2016-08-10,0.0006097300,0.0007403800,0.0013222200,0.0019994200,0.0028838900,0.0037609200,0.0052269200,0.0062979500,0.0068514900,0.0070047000,0.0070881300
2016-08-09,0.0006058500,0.0007286200,0.0013090400,0.0019838100,0.0028695200,0.0037504300,0.0052154000,0.0062836500,0.0068334800,0.0069862700,0.0070687100
2016-08-08,0.0006002900,0.0007313500,0.0013169600,0.0019983000,0.0028774700,0.0037654000,0.0052309900,0.0062969000,0.0068438800,0.0069982200,0.0070814100
2016-08-05,0.0006456500,0.0007646600,0.0013640700,0.0020485100,0.0029364900,0.0038202700,0.0052961900,0.0063586400,0.0068932100,0.0070590000,0.0071430900
2016-08-04,0.0006768600,0.0007996400,0.0014258400,0.0021307400,0.0030255900,0.0039241800,0.0054057200,0.0064759500,0.0070295500,0.0071972000,0.0072734800
2016-08-03,0.0007055600,0.0008343600,0.0014675000,0.0021842600,0.0030838000,0.0039897000,0.0054822100,0.0065591100,0.0071068300,0.0072776300,0.0073654000
2016-08-02,0.0006908400,0.0008288100,0.0014529800,0.0021741800,0.0030652700,0.0039698800,0.0054658600,0.0065430000,0.0070928600,0.0072638600,0.0073521700
2016-08-01,0.0006915700,0.0008185300,0.0014484200,0.0021594100,0.0030482300,0.0039494400,0.0054417800,0.0065159400,0.0070687900,0.0072365100,0.0073225400
2016-07-29,0.0007047100,0.0008341500,0.0014643600,0.0021872700,0.0030846300,0.0039924600,0.0054902400,0.0065678800,0.0071083100,0.0072788800,0.0073665900
2016-07-28,0.0006890700,0.0008369900,0.0014651200,0.0021817100,0.0030846700,0.0039916600,0.0054838000,0.0065504000,0.0071719500,0.0073498100,0.0074347100
2016-07-27,0.0006891300,0.0008404080,0.0014538013,0.0021678862,0.0030739413,0.0039854101,0.0054748978,0.0065412586,0.0071323758,0.0073050386,0.0073859199
2016-07-26,0.0006891900,0.0008438400,0.0014425700,0.0021541500,0.0030632500,0.0039791700,0.0054660100,0.0065321300,0.0070930200,0.0072605400,0.0073374500
2016-07-25,0.0006661600,0.0008179400,0.0014175200,0.0021414600,0.0030472400,0.0039677800,0.0054516000,0.0065273400,0.0070859100,0.0072413700,0.0073278200
2016-07-22,0.0006638811,0.0008128793,0.0014114219,0.0021301753,0.0030343327,0.0039516522,0.0054313123,0.0064995458,0.0070531694,0.0072136168,0.0072984813
2016-07-21,0.0006616100,0.0008078500,0.0014053500,0.0021189500,0.0030214800,0.0039355900,0.0054111000,0.0064718700,0.0070205800,0.0071859700,0.0072692600
2016-07-20,0.0006746400,0.0008256300,0.0014345900,0.0021566400,0.0030770000,0.0040008900,0.0054917100,0.0065586400,0.0071024400,0.0072721500,0.0073590300
2016-07-19,0.0006789000,0.0008252400,0.0014344900,0.0021578600,0.0030797100,0.0040063400,0.0055030600,0.0065784400,0.0071264700,0.0072981500,0.0073854200
2016-07-18,0.0006567500,0.0007990500,0.0013915400,0.0021003500,0.0030152600,0.0039345400,0.0054182900,0.0064865900,0.0070240900,0.0071920900,0.0072768200
2016-07-15,0.0006821200,0.0008408500,0.0014336800,0.0021413700,0.0030562900,0.0039757900,0.0054359200,0.0064899800,0.0070318700,0.0072010200,0.0072866900
2016-07-14,0.0006937100,0.0008406600,0.0014378400,0.0021475100,0.0030619700,0.0039798600,0.0054484100,0.0065077600,0.0070595700,0.0072274300,0.0073118300
2016-07-13,0.0006914700,0.0008549000,0.0014579700,0.0021618000,0.0030658600,0.0039738800,0.0054123200,0.0064505000,0.0070009400,0.0071734700,0.0072568600
2016-07-12,0.0007251600,0.0008838100,0.0015154600,0.0022399900,0.0031710900,0.0041044000,0.0055846400,0.0066508100,0.0072269900,0.0074067600,0.0075081900
2016-07-11,0.0007918500,0.0009572100,0.0016223400,0.0023747500,0.0033224000,0.0042709900,0.0057557700,0.0068244700,0.0073913200,0.0075508200,0.0076399100
2016-07-08,0.0008165052,0.0010022963,0.0016986403,0.0024483076,0.0034003894,0.0043525197,0.0058507241,0.0069270080,0.0076359795,0.0078886807,0.0081094338
2016-07-07,0.0009010603,0.0010862125,0.0017891907,0.0025630256,0.0035295745,0.0045020715,0.0059847351,0.0070540754,0.0076811028,0.0077583902,0.0079087390
2016-07-06,0.0009057695,0.0011043250,0.0018037088,0.0025606483,0.0035146447,0.0044807345,0.0059698144,0.0070240032,0.0077452785,0.0078634141,0.0078751104
2016-07-05,0.0009393591,0.0010839711,0.0017331887,0.0024802174,0.0034314381,0.0043705866,0.0058721096,0.0069585403,0.0075938318,0.0078089270,0.0079394274
2016-07-04,0.0008467953,0.0010006903,0.0016365987,0.0023963864,0.0033419428,0.0042971554,0.0057865643,0.0068640217,0.0074334659,0.0076277472,0.0077764371
2016-07-01,0.0008973564,0.0010414872,0.0016697259,0.0024632920,0.0034029442,0.0043443776,0.0058110211,0.0068613428,0.0074073386,0.0074843882,0.0075488865
2016-06-30,0.0009623553,0.0010848058,0.0017686007,0.0025799656,0.0035119903,0.0044512393,0.0059154663,0.0069594268,0.0076686306,0.0078108534,0.0078350161
2016-06-29,0.0008816671,0.0011077185,0.0018404887,0.0026285832,0.0035460668,0.0045018614,0.0060046008,0.0070633642,0.0078851512,0.0082473036,0.0081410601
2016-06-28,0.0010895670,0.0012796585,0.0020617774,0.0028959109,0.0038733395,0.0048550309,0.0063740267,0.0074501762,0.0081495395,0.0084500125,0.0086204852
2016-06-27,0.0011107573,0.0013561517,0.0021804865,0.0030371678,0.0040218865,0.0050187735,0.0065514815,0.0076375263,0.0081883869,0.0084519932,0.0084197078
2016-06-24,0.0011291239,0.0012823508,0.0020501472,0.0028863172,0.0038578503,0.0048394845,0.0063531042,0.0074375771,0.0080403094,0.0081292910,0.0082738859
2016-06-23,0.0008077581,0.0009075875,0.0014805053,0.0022337500,0.0031447172,0.0040660656,0.0055543432,0.0065963052,0.0071401355,0.0072894627,0.0071508725
2016-06-22,0.0008113095,0.0009302143,0.0015079357,0.0022519217,0.0031686150,0.0040954545,0.0055667783,0.0066052868,0.0072091709,0.0073102090,0.0071889607
2016-06-21,0.0008148766,0.0009534052,0.0015358743,0.0022702411,0.0031926944,0.0041250557,0.0055792412,0.0066142806,0.0072788739,0.0073310144,0.0072272517
2016-06-20,0.0008293458,0.0009513683,0.0015375986,0.0022943735,0.0032217127,0.0041559571,0.0056265775,0.0066644215,0.0072065663,0.0073981431,0.0072708677
2016-06-17,0.0009244668,0.0010628655,0.0017008631,0.0024758855,0.0034149236,0.0043650683,0.0058850744,0.0069285426,0.0076014167,0.0078684143,0.0076796976
2016-06-16,0.0009193026,0.0011135662,0.0017843436,0.0025178264,0.0034936663,0.0044770605,0.0060114411,0.0070928517,0.0076840398,0.0079427871,0.0079043668
2016-06-15,0.0008975042,0.0010563497,0.0017012420,0.0024267057,0.0033914515,0.0043610168,0.0058857537,0.0069617066,0.0076387106,0.0078947886,0.0078373736
2016-06-14,0.0009761422,0.0011333854,0.0017511772,0.0024992924,0.0034805364,0.0044574067,0.0059962163,0.0070853027,0.0076442611,0.0078579024,0.0078378691
2016-06-13,0.0009010041,0.0010450554,0.0016028617,0.0023291435,0.0032781644,0.0042277848,0.0057492817,0.0068241021,0.0073601466,0.0074665736,0.0074214585
2016-06-10,0.0007431812,0.0009061668,0.0014507779,0.0021432164,0.0030670154,0.0039933816,0.0054996550,0.0065622638,0.0072054981,0.0072030912,0.0071564790
2016-06-09,0.0006884760,0.0008447543,0.0013812305,0.0020564844,0.0029621172,0.0038750260,0.0053777715,0.0064307308,0.0070510720,0.0071851746,0.0070759504
2016-06-08,0.0007263069,0.0008853525,0.0014151448,0.0020632488,0.0029825376,0.0039119045,0.0054118474,0.0064596597,0.0070614047,0.0070450430,0.0069843056
2016-06-07,0.0007486318,0.0008819191,0.0014154969,0.0020825407,0.0029936956,0.0039032059,0.0054282384,0.0064942278,0.0067841248,0.0069060980,0.0068815736
2016-06-06,0.0007315878,0.0008281481,0.0013692385,0.0020270674,0.0029571861,0.0038998350,0.0054653543,0.0065263730,0.0067606990,0.0068642032,0.0068369702
2016-06-03,0.0007442225,0.0008723953,0.0013019673,0.0019493531,0.0028535814,0.0037869125,0.0052868526,0.0063332646,0.0066028935,0.0066654646,0.0066207441
2016-06-02,0.0007428989,0.0007888662,0.0013089463,0.0019283186,0.0028418187,0.0037821699,0.0052651078,0.0063089938,0.0066381739,0.0066385897,0.0065710132
2016-06-01,0.0006923652,0.0008615421,0.0013828503,0.0019933476,0.0029072402,0.0038557564,0.0053740781,0.0064330375,0.0069482477,0.0071215410,0.0070326682
2016-05-31,0.0006554795,0.0008575518,0.0013639548,0.0019660486,0.0028807236,0.0038199780,0.0053436961,0.0064020084,0.0070494678,0.0072852907,0.0071456629
2016-05-30,0.0006189159,0.0008096881,0.0013057612,0.0019190112,0.0028334954,0.0037688854,0.0052751745,0.0063229161,0.0069026120,0.0070644716,0.0071749112
2016-05-27,0.0006188909,0.0008096618,0.0013057827,0.0019190920,0.0028343450,0.0037699264,0.0052760943,0.0063238724,0.0069045538,0.0070666346,0.0071774784
2016-05-26,0.0006409902,0.0008183471,0.0013137027,0.0019289978,0.0028479818,0.0037771565,0.0052544147,0.0062955382,0.0068402042,0.0068745566,0.0069281958
2016-05-25,0.0007644366,0.0008869098,0.0014699896,0.0020904724,0.0029740501,0.0038910197,0.0054036977,0.0064296610,0.0067756625,0.0068830894,0.0067538379
2016-05-24,0.0008114378,0.0009686176,0.0015401126,0.0021807721,0.0030838843,0.0040327184,0.0055710975,0.0066145769,0.0070889316,0.0072372335,0.0071743708
2016-05-23,0.0008208018,0.0009835152,0.0015719086,0.0022040930,0.0031105875,0.0040678227,0.0056055631,0.0066546894,0.0071133990,0.0072403387,0.0071921285
2016-05-20,0.0008202330,0.0009856610,0.0015808003,0.0022053988,0.0031158449,0.0040792484,0.0056212092,0.0066805990,0.0071351452,0.0072678362,0.0072198086
2016-05-19,0.0008236908,0.0009856632,0.0015818008,0.0022057249,0.0031168812,0.0040812621,0.0056233701,0.0066747063,0.0071317690,0.0072582395,0.0072130105
2016-05-18,0.0008310147,0.0009842016,0.0015827821,0.0022052365,0.0031143117,0.0040764928,0.0056099673,0.0066559024,0.0071254144,0.0072379194,0.0071891951
2016-05-17,0.0008414755,0.0009943732,0.0016096673,0.0022279905,0.0031328400,0.0040874257,0.0056029039,0.0066320298,0.0071207678,0.0071388100,0.0070773705
2016-05-16,0.0009342497,0.0010624437,0.0017329812,0.0023652984,0.0032463040,0.0041891745,0.0057129796,0.0067403771,0.0071708125,0.0073312684,0.0072458976
2016-05-13,0.0009333326,0.0010582921,0.0017198728,0.0023671791,0.0032453904,0.0041800312,0.0057094003,0.0067403187,0.0071636988,0.0073057847,0.0072272599
2016-05-12,0.0009180608,0.0010333789,0.0016922262,0.0023277835,0.0032087182,0.0041294140,0.0056625969,0.0066871045,0.0070369716,0.0071323127,0.0070897166
2016-05-11,0.0008637128,0.0009768773,0.0016350310,0.0022812871,0.0031643780,0.0041114357,0.0056645642,0.0066790180,0.0068665936,0.0068830373,0.0068176145
2016-05-10,0.0009380972,0.0010564015,0.0017288010,0.0023743885,0.0032510606,0.0041741726,0.0056724928,0.0066740241,0.0069178090,0.0068854852,0.0068364720
2016-05-09,0.0008995562,0.0010163069,0.0016753712,0.0023182836,0.0032051540,0.0041270299,0.0056540258,0.0066968746,0.0070718661,0.0071211812,0.0071915492
2016-05-06,0.0008767618,0.0010175677,0.0016542715,0.0022838766,0.0031787216,0.0041170680,0.0056406273,0.0066670883,0.0070693597,0.0071254107,0.0071446075
2016-05-05,0.0008940630,0.0010030375,0.0016555755,0.0022621532,0.0031311712,0.0040634562,0.0055913695,0.0066487019,0.0069550883,0.0070482697,0.0071352654
2016-05-04,0.0008891174,0.0009758173,0.0016314468,0.0022403537,0.0030947380,0.0040297748,0.0055529358,0.0066023650,0.0067786579,0.0067737900,0.0067806251
2016-05-03,0.0008772802,0.0009884612,0.0016417901,0.0022404473,0.0031110194,0.0040358071,0.0055588431,0.0065796333,0.0067485355,0.0067081779,0.0066640619
2016-05-02,0.0008496150,0.0009364907,0.0015833875,0.0021910770,0.0030668455,0.0039949530,0.0055022298,0.0065540151,0.0067663614,0.0067514485,0.0067071885
2016-04-29,0.0008188165,0.0009067598,0.0015449730,0.0021697668,0.0030501214,0.0039693305,0.0054898926,0.0065398145,0.0068285899,0.0068333962,0.0067816166
2016-04-28,0.0008007036,0.0008932994,0.0015231992,0.0021477315,0.0030449017,0.0039741386,0.0055292055,0.0065712761,0.0068282515,0.0068006921,0.0067525617
2016-04-27,0.0008007762,0.0008942121,0.0015188377,0.0021518917,0.0030487349,0.0039757502,0.0055387913,0.0065730638,0.0068376024,0.0068166550,0.0067507783
2016-04-26,0.0007607648,0.0008862931,0.0015098742,0.0021629069,0.0030661271,0.0039983259,0.0055637060,0.0065874849,0.0069051862,0.0068858258,0.0067864008
2016-04-25,0.0007911787,0.0009202395,0.0015364555,0.0021812016,0.0030866455,0.0040044000,0.0055546317,0.0065684262,0.0069074331,0.0069102179,0.0067937521
2016-04-22,0.0007218155,0.0008455094,0.0014548983,0.0021005679,0.0030016336,0.0039283673,0.0055169241,0.0065459296,0.0069081520,0.0070073662,0.0068686088
2016-04-21,0.0008786813,0.0008855170,0.0015309205,0.0021573705,0.0030507713,0.0039747112,0.0055068412,0.0065484513,0.0069325197,0.0070742824,0.0071547875
2016-04-20,0.0008732549,0.0009676234,0.0016468551,0.0022856652,0.0031853233,0.0041140617,0.0056597503,0.0067121389,0.0071391651,0.0072825077,0.0072642018
2016-04-19,0.0008226892,0.0009335613,0.0016107517,0.0022639810,0.0031593351,0.0041042014,0.0056444297,0.0066904431,0.0071097715,0.0072125744,0.0072026184
2016-04-18,0.0008522358,0.0009502735,0.0016385580,0.0023207853,0.0032501632,0.0042360513,0.0057799509,0.0068207472,0.0070944980,0.0071375359,0.0071695239
2016-04-15,0.0009002302,0.0010382520,0.0017308038,0.0024256921,0.0033585796,0.0043266523,0.0058532761,0.0068852151,0.0071891620,0.0072402611,0.0072680157
2016-04-14,0.0008433243,0.0009311496,0.0016311972,0.0023058088,0.0032342200,0.0041835860,0.0057193497,0.0067602011,0.0070468366,0.0070775225,0.0070962570
2016-04-13,0.0009052449,0.0009951717,0.0017104287,0.0023765120,0.0033151239,0.0042758021,0.0058256248,0.0068510530,0.0070184411,0.0070852165,0.0069918004
2016-04-12,0.0009261159,0.0009806649,0.0017180057,0.0024371413,0.0033790472,0.0043600680,0.0058933685,0.0069228978,0.0074633011,0.0075988615,0.0075248991
2016-04-11,0.0009290408,0.0010182338,0.0017553304,0.0024867269,0.0034622384,0.0044630312,0.0060037556,0.0070345022,0.0075667730,0.0075629480,0.0076292198
2016-04-08,0.0009045042,0.0010072521,0.0017717487,0.0025270346,0.0035208285,0.0045461909,0.0061101495,0.0071202736,0.0077901408,0.0077190561,0.0076604480
2016-04-07,0.0009803650,0.0010924256,0.0017548403,0.0025350696,0.0035176817,0.0045675585,0.0061398457,0.0071607170,0.0074491595,0.0075517559,0.0075045404
2016-04-06,0.0009008088,0.0010234766,0.0017926094,0.0025731894,0.0035630145,0.0045797954,0.0062304734,0.0072526204,0.0077751482,0.0079682365,0.0078058670
2016-04-05,0.0009979955,0.0011306669,0.0019330169,0.0026517512,0.0036240319,0.0046490901,0.0061922943,0.0072286586,0.0077843810,0.0078386340,0.0077209759
2016-04-04,0.0010172590,0.0010503960,0.0018577153,0.0025795135,0.0035461195,0.0045593246,0.0061234073,0.0071590183,0.0076006163,0.0077814359,0.0076595430
2016-04-01,0.0010105401,0.0011155147,0.0019196348,0.0026476855,0.0036167542,0.0046363699,0.0062046470,0.0072533529,0.0078056056,0.0080258775,0.0078400353
2016-03-31,0.0009820343,0.0010890228,0.0018854855,0.0026050176,0.0035781119,0.0045905607,0.0061574090,0.0071986286,0.0077493817,0.0079757840,0.0077787838
2016-03-30,0.0009868302,0.0010927764,0.0018919188,0.0026355535,0.0036049159,0.0046159376,0.0061869684,0.0072406104,0.0077794648,0.0080244020,0.0078445267
2016-03-29,0.0009946049,0.0011073619,0.0018989099,0.0026967630,0.0036641739,0.0046575654,0.0062355613,0.0072749742,0.0079182493,0.0081856937,0.0079645099
2016-03-28,0.0009440142,0.0010488718,0.0018348201,0.0026274022,0.0035875082,0.0045786294,0.0061349194,0.0071611500,0.0076723345,0.0078628928,0.0077315547
2016-03-25,0.0009440041,0.0010488071,0.0018347623,0.0026273554,0.0035874109,0.0045784904,0.0061346501,0.0071607537,0.0076723550,0.0078629568,0.0077316584
2016-03-24,0.0009440237,0.0010488771,0.0018348171,0.0026274554,0.0035880948,0.0045793259,0.0061352789,0.0071610749,0.0076742344,0.0078649532,0.0077335081
2016-03-23,0.0009445419,0.0010548339,0.0018366803,0.0026181249,0.0035917999,0.0045790084,0.0061275998,0.0071578318,0.0076136622,0.0077878743,0.0076667901
2016-03-22,0.0010257163,0.0010974517,0.0018751171,0.0026539528,0.0036202550,0.0046202542,0.0061581673,0.0071896458,0.0074888863,0.0075609983,0.0074381016
2016-03-21,0.0010347839,0.0011283116,0.0018867000,0.0026326091,0.0035900870,0.0045823048,0.0061226657,0.0071502415,0.0074207846,0.0075050343,0.0073771850
2016-03-18,0.0007955357,0.0008725373,0.0015934864,0.0022861934,0.0032380880,0.0042215869,0.0057729173,0.0068283358,0.0072574761,0.0074164330,0.0073560741
2016-03-17,0.0008794632,0.0009519975,0.0016555366,0.0023963016,0.0033251733,0.0043215102,0.0058568584,0.0069350859,0.0072691837,0.0073482858,0.0073453058
2016-03-16,0.0008968411,0.0009736014,0.0016251384,0.0023528675,0.0032946196,0.0042737586,0.0058129479,0.0068551217,0.0072444793,0.0073906076,0.0074446060
2016-03-15,0.0008090968,0.0009299403,0.0016673846,0.0024396307,0.0033988615,0.0043853109,0.0059395607,0.0069650304,0.0074330637,0.0075943393,0.0074796805
2016-03-14,0.0007635851,0.0008378361,0.0015870977,0.0023376821,0.0033018343,0.0042982029,0.0058637765,0.0069076455,0.0073730003,0.0075114303,0.0074283135
2016-03-11,0.0007001535,0.0007942647,0.0014960266,0.0023087508,0.0032929099,0.0042802334,0.0058576492,0.0068790614,0.0073036662,0.0074043170,0.0073525212
2016-03-10,0.0009421775,0.0010488154,0.0019152756,0.0027700024,0.0037767781,0.0047971160,0.0064114613,0.0074615857,0.0078529323,0.0079524265,0.0079127370
2016-03-09,0.0011280224,0.0012089604,0.0020984135,0.0030319047,0.0040637795,0.0051190719,0.0067354269,0.0077877810,0.0082112880,0.0083179233,0.0082686052
2016-03-08,0.0011598230,0.0012412334,0.0021457803,0.0030654017,0.0041032103,0.0051603846,0.0067679593,0.0078225184,0.0082108923,0.0083054684,0.0082494044
2016-03-07,0.0011553493,0.0012671232,0.0021502887,0.0031207109,0.0041588832,0.0052252661,0.0068019166,0.0078612038,0.0083856321,0.0083524247,0.0082944180
2016-03-04,0.0012743664,0.0013484287,0.0022686125,0.0031915958,0.0042071003,0.0052541882,0.0068732507,0.0078986519,0.0080972861,0.0080969257,0.0080456596
2016-03-03,0.0012722126,0.0013732895,0.0022706289,0.0031890357,0.0042111190,0.0052568244,0.0068453657,0.0079231392,0.0085160524,0.0084989697,0.0084358882
2016-03-02,0.0013381038,0.0014332368,0.0023687820,0.0033011944,0.0043156191,0.0053614346,0.0069839331,0.0080387086,0.0084648850,0.0086391390,0.0085613355
2016-03-01,0.0014487078,0.0015062479,0.0024662146,0.0033864231,0.0044250032,0.0055027870,0.0071031577,0.0081849166,0.0085832340,0.0087583190,0.0087107746
2016-02-29,0.0015414723,0.0015867614,0.0025428914,0.0034978641,0.0045280661,0.0056029756,0.0072153349,0.0082942968,0.0087367480,0.0089182350,0.0088539026
2016-02-26,0.0014294718,0.0015040054,0.0025230527,0.0034980455,0.0045328792,0.0056138547,0.0072225045,0.0082895664,0.0088238139,0.0090568076,0.0089200620
2016-02-25,0.0016527337,0.0016852773,0.0026810544,0.0036464568,0.0046898781,0.0057574164,0.0073957469,0.0084730937,0.0089202826,0.0091035727,0.0090112011
2016-02-24,0.0015809079,0.0016351866,0.0026473311,0.0036114727,0.0046588527,0.0057451329,0.0073796599,0.0084727286,0.0089057694,0.0090801475,0.0090472443
2016-02-23,0.0015548534,0.0015923296,0.0025410221,0.0034722647,0.0044991282,0.0055680332,0.0071860101,0.0082985019,0.0086938686,0.0088745575,0.0089578927
2016-02-22,0.0015693691,0.0016033478,0.0025362201,0.0034825955,0.0045089785,0.0055586773,0.0072214493,0.0083370607,0.0086962710,0.0088668929,0.0089388824
2016-02-19,0.0015434978,0.0015784270,0.0024698273,0.0034109828,0.0044340843,0.0055084819,0.0071729302,0.0082758963,0.0086045803,0.0087321013,0.0087239635
2016-02-18,0.0014375489,0.0014900073,0.0024413026,0.0033918680,0.0044090634,0.0054777942,0.0071247774,0.0082353965,0.0086924775,0.0089118747,0.0089584631
2016-02-17,0.0014996025,0.0015544644,0.0024985139,0.0034340746,0.0044680106,0.0055310027,0.0072104465,0.0082928302,0.0086906939,0.0088731879,0.0087979079
2016-02-16,0.0014805935,0.0015760366,0.0024926107,0.0033980807,0.0044283932,0.0054852319,0.0071421557,0.0082064355,0.0085341587,0.0086774620,0.0086430736
2016-02-15,0.0015002841,0.0015572782,0.0026076138,0.0035221534,0.0045677922,0.0056549739,0.0073215214,0.0084216524,0.0088427333,0.0090374702,0.0089487431
2016-02-12,0.0016677929,0.0017534297,0.0027886029,0.0036886820,0.0047245696,0.0057686151,0.0074523370,0.0085607835,0.0088376293,0.0089724211,0.0090274203
2016-02-11,0.0016859016,0.0017592447,0.0027622388,0.0036729268,0.0046944152,0.0057524309,0.0074408933,0.0085479124,0.0087992644,0.0089278376,0.0089701310
2016-02-10,0.0014667752,0.0015781411,0.0024728773,0.0033765354,0.0043993043,0.0054533361,0.0071355385,0.0082294862,0.0083609189,0.0084244261,0.0083475187
2016-02-09,0.0013675736,0.0015016579,0.0024512161,0.0033323469,0.0043590901,0.0054026794,0.0069977544,0.0081067397,0.0084721346,0.0084965439,0.0084968162
2016-02-08,0.0013508805,0.0014545093,0.0023668789,0.0032430424,0.0042730607,0.0053404516,0.0069745126,0.0080963126,0.0085403745,0.0087605808,0.0087636635
2016-02-05,0.0011560052,0.0012587164,0.0020730174,0.0029163954,0.0039356387,0.0049778948,0.0065963158,0.0077528215,0.0080360254,0.0081369702,0.0079711704
2016-02-04,0.0011498381,0.0012603807,0.0020707789,0.0029044791,0.0039158826,0.0049441203,0.0065339757,0.0076745075,0.0081974049,0.0083993252,0.0084007889
2016-02-03,0.0011582456,0.0012935756,0.0020759037,0.0029205934,0.0039210515,0.0049428942,0.0065140285,0.0076590429,0.0081140125,0.0081645170,0.0082030678
2016-02-02,0.0010740445,0.0011464508,0.0019105095,0.0027456781,0.0037377440,0.0047456395,0.0063565925,0.0074826871,0.0079793009,0.0081826275,0.0080504897
2016-02-01,0.0009829470,0.0010770622,0.0018396634,0.0026549451,0.0036429697,0.0046469615,0.0062324967,0.0073614389,0.0078016731,0.0079938057,0.0078987883
2016-01-29,0.0009972484,0.0010759905,0.0018418792,0.0026581981,0.0036439412,0.0046454895,0.0062334953,0.0073743291,0.0077802882,0.0079481537,0.0079974660
2016-01-28,0.0009471232,0.0010436937,0.0018180118,0.0026533874,0.0036118438,0.0045855277,0.0062147065,0.0073387191,0.0075775996,0.0076874341,0.0076070274
2016-01-27,0.0009560555,0.0010155278,0.0017846604,0.0026248165,0.0035615627,0.0045364216,0.0061329432,0.0072800235,0.0077538998,0.0079669216,0.0081023158
2016-01-26,0.0009672665,0.0010592052,0.0018319292,0.0026640886,0.0036338073,0.0046139391,0.0062440767,0.0073493622,0.0075932348,0.0076858912,0.0076647180
2016-01-25,0.0009668242,0.0010296321,0.0018018260,0.0026454630,0.0036032068,0.0045833756,0.0062082817,0.0073200249,0.0077539362,0.0079159957,0.0079280734
2016-01-22,0.0009930496,0.0010312373,0.0018043719,0.0026614657,0.0036113546,0.0045865423,0.0062038695,0.0073460343,0.0078902995,0.0080941578,0.0081104015
2016-01-21,0.0009917587,0.0011571931,0.0019161304,0.0027732998,0.0037249619,0.0047082853,0.0063236038,0.0074390272,0.0080713461,0.0083592937,0.0081353218
2016-01-20,0.0010722407,0.0011946251,0.0019371855,0.0027656715,0.0037355131,0.0047787147,0.0064047319,0.0075619309,0.0081616582,0.0084197307,0.0082785785
2016-01-19,0.0010270214,0.0011325228,0.0019170569,0.0027815228,0.0037323438,0.0046896935,0.0063166252,0.0074409290,0.0078724655,0.0080635201,0.0079663293
2016-01-18,0.0011057237,0.0011922515,0.0019611357,0.0027981403,0.0037398574,0.0047165889,0.0063413477,0.0074718172,0.0079055307,0.0080773792,0.0079844291
2016-01-15,0.0010357768,0.0011448139,0.0019166940,0.0027532452,0.0036977863,0.0046573532,0.0062943961,0.0074203600,0.0078832716,0.0080866403,0.0080593456
2016-01-14,0.0010409745,0.0011200419,0.0019214453,0.0027489228,0.0036283275,0.0045383553,0.0061463213,0.0072515718,0.0077044673,0.0079144592,0.0081149431
2016-01-13,0.0009825424,0.0010362422,0.0017929202,0.0025640955,0.0034377296,0.0043275924,0.0058886187,0.0070233903,0.0075553738,0.0078090048,0.0080596442
2016-01-12,0.0009709876,0.0010211832,0.0017423327,0.0024860195,0.0033501057,0.0042678719,0.0058071713,0.0069166085,0.0075009436,0.0077824220,0.0080509655
2016-01-11,0.0010101255,0.0010880372,0.0018206683,0.0025818520,0.0034407201,0.0043203495,0.0058844864,0.0069757649,0.0077000227,0.0080177535,0.0083414057
2016-01-08,0.0009797164,0.0010513148,0.0017812103,0.0024901506,0.0033531681,0.0042733881,0.0058254291,0.0069478652,0.0077789333,0.0081648102,0.0085430589
2016-01-07,0.0009861576,0.0010797543,0.0018020896,0.0025027972,0.0033581145,0.0042473447,0.0058119835,0.0068987247,0.0076004653,0.0079002585,0.0082057086
2016-01-06,0.0009926412,0.0011089631,0.0018232136,0.0025155080,0.0033630682,0.0042214600,0.0057985690,0.0068499317,0.0074260918,0.0076442786,0.0078816796
2016-01-05,0.0009515898,0.0010650994,0.0017658387,0.0024454882,0.0032994700,0.0041570368,0.0057122896,0.0067840939,0.0074368561,0.0076213826,0.0078784822
2016-01-04,0.0009249024,0.0010829974,0.0017531562,0.0023962614,0.0032542168,0.0041210577,0.0056732145,0.0067286947,0.0073737690,0.0073858239,0.0075774760
2016-01-01,0.0008537167,0.0009671088,0.0016119121,0.0022745839,0.0031551987,0.0040239353,0.0056141058,0.0066834864,0.0070892568,0.0073204683,0.0075116270
2015-12-31,0.0008747717,0.0009660149,0.0016126540,0.0022744410,0.0031549714,0.0040263374,0.0056159938,0.0066841347,0.0071969741,0.0074648106,0.0076985122
2015-12-30,0.0008704872,0.0009601329,0.0016171492,0.0022727944,0.0031488091,0.0040339349,0.0056215618,0.0066829497,0.0071965126,0.0074530108,0.0076968893
2015-12-29,0.0008444729,0.0009606899,0.0016232201,0.0022841361,0.0031565682,0.0040383783,0.0056252449,0.0066875751,0.0070281651,0.0072233149,0.0074071320
2015-12-28,0.0008512982,0.0009574512,0.0016454358,0.0023301847,0.0031870782,0.0040524858,0.0056314843,0.0066982747,0.0073374147,0.0075894574,0.0078813460
2015-12-25,0.0008481826,0.0009352940,0.0016260767,0.0023281842,0.0031793305,0.0040422007,0.0056279774,0.0066998185,0.0075042072,0.0078928964,0.0082692682
2015-12-24,0.0008512281,0.0009665123,0.0016486674,0.0023285499,0.0031888726,0.0040546664,0.0056340293,0.0066992758,0.0073385013,0.0075907361,0.0078828399
2015-12-23,0.0008908990,0.0009986404,0.0016481958,0.0023162081,0.0031875312,0.0040518554,0.0056407121,0.0067024817,0.0072650055,0.0075038196,0.0077480146
2015-12-22,0.0008522509,0.0009829246,0.0016516564,0.0023450779,0.0031899176,0.0040537222,0.0056412224,0.0066963459,0.0074036268,0.0076894600,0.0079820075
2015-12-21,0.0009024271,0.0010084633,0.0016676210,0.0023335426,0.0031963675,0.0040464500,0.0056282475,0.0066868230,0.0074194596,0.0077297906,0.0080422728
2015-12-18,0.0008752406,0.0009587250,0.0016290879,0.0023112513,0.0031501077,0.0039878539,0.0055585124,0.0066214573,0.0073545700,0.0076703326,0.0079890458
2015-12-17,0.0008217980,0.0009553046,0.0016157929,0.0022686704,0.0031165137,0.0039497285,0.0055082898,0.0065810786,0.0072425775,0.0073471291,0.0075586706
2015-12-16,0.0009076700,0.0009795810,0.0016464440,0.0023182806,0.0031708973,0.0040185307,0.0056015716,0.0066329460,0.0072171396,0.0074423818,0.0076677718
2015-12-15,0.0009322014,0.0010141865,0.0016779706,0.0023422811,0.0031980584,0.0040420914,0.0056222484,0.0066538620,0.0072386101,0.0074501364,0.0076745311
2015-12-14,0.0009750673,0.0010692536,0.0017134166,0.0023678183,0.0032153506,0.0040600209,0.0056439374,0.0066780086,0.0072309359,0.0073889535,0.0075817883
2015-12-11,0.0009014368,0.0010126805,0.0016168831,0.0022530781,0.0030920395,0.0039227919,0.0055150993,0.0065394688,0.0071211074,0.0072938863,0.0074846515
2015-12-10,0.0007858884,0.0009405537,0.0015049815,0.0021261824,0.0029482718,0.0037724362,0.0053728073,0.0064140664,0.0070178697,0.0070274443,0.0070736756
2015-12-09,0.0007831968,0.0009061114,0.0014758824,0.0021131381,0.0029393332,0.0037579498,0.0053352237,0.0063806939,0.0072315460,0.0070191245,0.0070045311
2015-12-08,0.0007833901,0.0009069372,0.0014774640,0.0021154350,0.0029420358,0.0037617997,0.0053447582,0.0063950101,0.0072630001,0.0069928985,0.0069770730
2015-12-07,0.0007545456,0.0009055382,0.0014753560,0.0021125319,0.0029368167,0.0037586817,0.0053362131,0.0063895724,0.0073255903,0.0068538452,0.0067888685
2015-12-04,0.0007794621,0.0009030388,0.0014722731,0.0021076862,0.0029213303,0.0037593948,0.0053443819,0.0064068115,0.0071516019,0.0070592113,0.0070360721
2015-12-03,0.0007864194,0.0008842033,0.0014484732,0.0021066984,0.0029227023,0.0037565533,0.0054103839,0.0064629307,0.0070136085,0.0071128027,0.0070740216
2015-12-02,0.0008662916,0.0009889093,0.0015338220,0.0021838341,0.0029926302,0.0038095175,0.0054197801,0.0064426493,0.0070774162,0.0071031392,0.0070875689
2015-12-01,0.0008887924,0.0009898921,0.0015178785,0.0021776003,0.0029777125,0.0038006057,0.0053415431,0.0063872276,0.0073275810,0.0070004811,0.0070570042
2015-11-30,0.0008745975,0.0010007785,0.0014929753,0.0021357962,0.0029335311,0.0037484447,0.0053344656,0.0063996738,0.0071473618,0.0073927383,0.0073579564
2015-11-27,0.0008724495,0.0009620216,0.0014801663,0.0021452601,0.0029443528,0.0037556152,0.0052989717,0.0063482697,0.0071507237,0.0073959541,0.0076901658
2015-11-26,0.0008821253,0.0009584995,0.0014802225,0.0021422524,0.0029437450,0.0037806618,0.0053396664,0.0063963613,0.0071069775,0.0074057751,0.0077318748
2015-11-25,0.0008739472,0.0009597018,0.0014692244,0.0021031450,0.0029351542,0.0038006929,0.0053879765,0.0064636948,0.0069626054,0.0071614974,0.0073877899
2015-11-24,0.0008275933,0.0009004691,0.0014342570,0.0020640483,0.0029210515,0.0037911224,0.0053619326,0.0064471551,0.0070053879,0.0072153843,0.0074402664
2015-11-23,0.0008878239,0.0009501848,0.0014641812,0.0021118417,0.0029493614,0.0038136147,0.0054107142,0.0064462345,0.0068587236,0.0069663424,0.0071091942
2015-11-20,0.0007789634,0.0008908990,0.0014617953,0.0021055511,0.0029530605,0.0038051481,0.0054130800,0.0064508981,0.0068751494,0.0069837529,0.0071421376
2015-11-19,0.0008597756,0.0009792692,0.0014884453,0.0021236252,0.0029541005,0.0038251646,0.0053985890,0.0064348266,0.0069173226,0.0069873677,0.0071480661
2015-11-18,0.0009054647,0.0010198290,0.0015328572,0.0021373961,0.0029816315,0.0038257596,0.0053570241,0.0064021847,0.0070186003,0.0069776727,0.0071361260
2015-11-17,0.0008673633,0.0009782886,0.0014961053,0.0021192291,0.0029372818,0.0037772067,0.0053185608,0.0063600931,0.0070639805,0.0070959070,0.0072897764
2015-11-16,0.0009011237,0.0010658978,0.0015717757,0.0021921974,0.0030332531,0.0039031860,0.0054619335,0.0065132224,0.0069978050,0.0070076770,0.0071287477
2015-11-13,0.0009854860,0.0011217785,0.0016403251,0.0022567444,0.0030893176,0.0039409062,0.0054958749,0.0065254560,0.0070645977,0.0071226165,0.0072818407
2015-11-12,0.0008942646,0.0009955001,0.0015101347,0.0021387506,0.0029791776,0.0038408100,0.0054176676,0.0064615090,0.0068788583,0.0069507178,0.0070751402
2015-11-11,0.0007989318,0.0009396427,0.0013523637,0.0019736018,0.0028144301,0.0036737290,0.0053240304,0.0063502489,0.0066261718,0.0066588106,0.0066652341
2015-11-10,0.0008191751,0.0009049402,0.0013902141,0.0020414590,0.0028843702,0.0037438347,0.0054280667,0.0064812430,0.0067305210,0.0068329304,0.0068157157
2015-11-09,0.0008162085,0.0009015379,0.0013865675,0.0020392718,0.0028802047,0.0037411861,0.0054246060,0.0064713368,0.0067223709,0.0068234098,0.0068048512
2015-11-06,0.0007986718,0.0008837670,0.0013694787,0.0020342869,0.0028630751,0.0037364883,0.0054174098,0.0064577388,0.0067209128,0.0068155404,0.0067924984
2015-11-05,0.0007733119,0.0008809665,0.0013757414,0.0020339889,0.0028675730,0.0037398594,0.0054133031,0.0064617318,0.0065509377,0.0065690014,0.0065335997
2015-11-04,0.0007725417,0.0008640764,0.0013635806,0.0020226983,0.0028735956,0.0037385852,0.0054037092,0.0064699465,0.0066988265,0.0067975839,0.0067990235
2015-11-03,0.0007218868,0.0008462359,0.0013786418,0.0020428321,0.0029130642,0.0037911676,0.0054296074,0.0065192527,0.0067575785,0.0068787603,0.0068891552
2015-11-02,0.0008027431,0.0009267217,0.0014925823,0.0021401787,0.0030256927,0.0039135705,0.0055354153,0.0065862999,0.0067773870,0.0068760690,0.0069679016
2015-10-30,0.0008127664,0.0009757761,0.0015585984,0.0021711881,0.0030669007,0.0039377677,0.0055828670,0.0065896823,0.0068170399,0.0069148000,0.0070016976
2015-10-29,0.0008002116,0.0009518014,0.0015010034,0.0021187015,0.0029971648,0.0038575047,0.0054831789,0.0064878310,0.0067864012,0.0069270373,0.0069818360
2015-10-28,0.0008080989,0.0009451195,0.0014804875,0.0021052697,0.0029770802,0.0038380501,0.0054619937,0.0064680839,0.0067466047,0.0068837986,0.0069485049
2015-10-27,0.0008034355,0.0009196310,0.0014311719,0.0020710827,0.0029269648,0.0037892560,0.0053974116,0.0064066537,0.0066004827,0.0066799024,0.0067565238
2015-10-26,0.0008319806,0.0008988281,0.0014132087,0.0020857834,0.0029294208,0.0037599604,0.0053504559,0.0063891510,0.0068161372,0.0069916267,0.0071394339
2015-10-23,0.0008119801,0.0009608581,0.0014322385,0.0021466454,0.0029867132,0.0038345178,0.0054462386,0.0064902696,0.0067691303,0.0068704357,0.0069300226
2015-10-22,0.0009097451,0.0009887991,0.0015674990,0.0022708299,0.0031094266,0.0039462125,0.0054817867,0.0065288247,0.0069146103,0.0069043692,0.0069977859
2015-10-21,0.0009673261,0.0010862801,0.0016390753,0.0023712877,0.0032135346,0.0040395750,0.0055758031,0.0066340627,0.0071265366,0.0071149078,0.0072611339
2015-10-20,0.0009516331,0.0010399269,0.0016061612,0.0023677366,0.0032144163,0.0040432472,0.0055918489,0.0066425339,0.0071595639,0.0072063832,0.0073828342
2015-10-19,0.0008192327,0.0009282697,0.0015525730,0.0023143320,0.0031885376,0.0040328716,0.0055889021,0.0066391312,0.0069571765,0.0069810663,0.0070761545
2015-10-16,0.0008519895,0.0009404573,0.0015655407,0.0023274976,0.0031906311,0.0040442535,0.0055946081,0.0066613248,0.0070579416,0.0071252577,0.0072661410
2015-10-15,0.0008875159,0.0010310336,0.0016601642,0.0024221398,0.0032727387,0.0041223893,0.0056615304,0.0067146734,0.0070644066,0.0070934832,0.0072069651
2015-10-14,0.0008706129,0.0009852446,0.0015579600,0.0023114202,0.0031700614,0.0040186342,0.0055306002,0.0066236987,0.0071174216,0.0071975833,0.0073645724
2015-10-13,0.0009443860,0.0010313557,0.0015677875,0.0023252532,0.0031475488,0.0039702402,0.0055137862,0.0065606628,0.0071696756,0.0072287167,0.0074193869
2015-10-12,0.0009406539,0.0010277326,0.0015545451,0.0023125516,0.0031360474,0.0039597165,0.0055089907,0.0065605188,0.0071434288,0.0071883248,0.0073800180
2015-10-09,0.0009317236,0.0010192730,0.0015504463,0.0023055086,0.0031297964,0.0039523812,0.0054925551,0.0065404360,0.0071092560,0.0071615274,0.0073330493
2015-10-08,0.0009751907,0.0010700549,0.0016451764,0.0023939087,0.0032367762,0.0040637759,0.0055950203,0.0066562968,0.0071255981,0.0071152242,0.0072364852
2015-10-07,0.0009029871,0.0009936071,0.0015712231,0.0023105674,0.0031624893,0.0040004789,0.0055515798,0.0065926605,0.0070084338,0.0069631506,0.0070794971
2015-10-06,0.0009631192,0.0010859536,0.0016748524,0.0024370031,0.0032752116,0.0041484638,0.0057057785,0.0067484893,0.0074887112,0.0073362313,0.0075160113
2015-10-05,0.0008699960,0.0010179858,0.0016470547,0.0024090045,0.0032692758,0.0041527781,0.0057263246,0.0067780538,0.0074387750,0.0072848185,0.0074478814
2015-10-02,0.0009734470,0.0010669466,0.0016868353,0.0024290579,0.0032923229,0.0041748888,0.0057419492,0.0067869118,0.0072301944,0.0071758881,0.0073038184
2015-10-01,0.0008689977,0.0010228105,0.0016358453,0.0023637685,0.0032722379,0.0041948232,0.0057776614,0.0068326527,0.0071363082,0.0071048501,0.0072215838
2015-09-30,0.0010448355,0.0011524362,0.0017252980,0.0024467081,0.0033141582,0.0041988102,0.0057606110,0.0067976460,0.0071783137,0.0071523007,0.0072584232
2015-09-29,0.0010091099,0.0011261984,0.0016932029,0.0024120112,0.0032854671,0.0041725867,0.0057665799,0.0068075193,0.0071086795,0.0071039759,0.0071498414
2015-09-28,0.0009364577,0.0010559284,0.0016390436,0.0023645164,0.0032438863,0.0041494843,0.0057769083,0.0068281578,0.0070892409,0.0071219764,0.0071603543
2015-09-25,0.0008863166,0.0009777262,0.0015885655,0.0023433661,0.0032294594,0.0041277772,0.0057988923,0.0068665672,0.0072076661,0.0073875656,0.0074412368
2015-09-24,0.0009870773,0.0010804818,0.0016526154,0.0023889203,0.0032529896,0.0041279084,0.0057800286,0.0068402894,0.0071030029,0.0071928694,0.0072408998
2015-09-23,0.0009138978,0.0010053645,0.0016058027,0.0022685501,0.0031169738,0.0039796413,0.0055557869,0.0065986247,0.0068847108,0.0068640381,0.0069820374
2015-09-22,0.0009244216,0.0010190417,0.0016204143,0.0023053896,0.0031651952,0.0040378976,0.0056469745,0.0066866413,0.0069223435,0.0069952064,0.0071057010
2015-09-21,0.0009066103,0.0009927639,0.0015760899,0.0022450223,0.0030734520,0.0039306496,0.0054702476,0.0065191747,0.0068550247,0.0068385673,0.0069330228
2015-09-18,0.0008256735,0.0009242120,0.0014602032,0.0021040958,0.0029441893,0.0038097068,0.0053404732,0.0064068135,0.0067524900,0.0067282146,0.0068358890
2015-09-17,0.0008711819,0.0009619955,0.0015157728,0.0021747419,0.0029952961,0.0038426937,0.0053789662,0.0064473939,0.0069199218,0.0068835024,0.0070029163
2015-09-16,0.0008595868,0.0009396576,0.0015178267,0.0022040512,0.0030235841,0.0038683308,0.0054058812,0.0064928334,0.0069937622,0.0069637212,0.0070948053
2015-09-15,0.0007560129,0.0008441255,0.0014596468,0.0021284824,0.0030097485,0.0038754710,0.0054007127,0.0065183992,0.0070614669,0.0071266423,0.0073152310
2015-09-14,0.0007873419,0.0008792130,0.0015136036,0.0021905517,0.0030559346,0.0039204330,0.0054642986,0.0065363855,0.0069884921,0.0070326581,0.0071713963
2015-09-11,0.0008364766,0.0009492900,0.0015815828,0.0022637292,0.0031308257,0.0039950338,0.0055437505,0.0066141125,0.0069821166,0.0069800790,0.0070747905
2015-09-10,0.0009535876,0.0010106518,0.0015865929,0.0022780268,0.0031375109,0.0039802826,0.0055486178,0.0066031090,0.0069538079,0.0070520877,0.0071705156
2015-09-09,0.0009364531,0.0010032845,0.0015839565,0.0022636992,0.0031200552,0.0039600437,0.0055368475,0.0065901485,0.0070004524,0.0070476604,0.0071639661
2015-09-08,0.0009984787,0.0011068578,0.0016761789,0.0023496776,0.0031927211,0.0040464014,0.0055800794,0.0066398995,0.0074353257,0.0071616362,0.0073383485
2015-09-07,0.0009904168,0.0011162004,0.0016932791,0.0023693377,0.0032285305,0.0040738474,0.0056220376,0.0066901474,0.0073869953,0.0071792621,0.0073719962
2015-09-04,0.0010258446,0.0011467362,0.0017260392,0.0023984637,0.0032448005,0.0040900695,0.0056312900,0.0067025742,0.0071878419,0.0071259419,0.0072709950
2015-09-03,0.0008905812,0.0010025015,0.0016428746,0.0023224756,0.0031801993,0.0040374317,0.0056005715,0.0066655650,0.0072355604,0.0072394221,0.0074078679
2015-09-02,0.0009009201,0.0010272800,0.0016570722,0.0023388806,0.0031968595,0.0040535086,0.0056227689,0.0066798794,0.0071852944,0.0070828150,0.0072024126
2015-09-01,0.0009847482,0.0010726490,0.0016891088,0.0023719624,0.0032299584,0.0040846097,0.0056591684,0.0067203120,0.0073092086,0.0071031958,0.0072299392
2015-08-31,0.0008238399,0.0009471970,0.0016224487,0.0022730609,0.0031563577,0.0040220575,0.0056209839,0.0066811460,0.0070489890,0.0070559648,0.0071757905
2015-08-28,0.0008402306,0.0009438478,0.0016180408,0.0022728080,0.0031583359,0.0040274321,0.0056295356,0.0066907043,0.0071879060,0.0072426960,0.0074128698
2015-08-27,0.0008033506,0.0009206912,0.0015864223,0.0022687560,0.0031656149,0.0040563950,0.0056807249,0.0067453844,0.0070367338,0.0071364117,0.0072563856
2015-08-26,0.0008910473,0.0010446344,0.0017420503,0.0024410685,0.0033438775,0.0042367308,0.0058592513,0.0069319280,0.0072170806,0.0072081543,0.0073054320
2015-08-25,0.0009908786,0.0011447030,0.0018282838,0.0025427161,0.0034255682,0.0042718385,0.0059153953,0.0070107854,0.0071808832,0.0070808462,0.0071072986
2015-08-24,0.0010208270,0.0011468942,0.0018360528,0.0025539477,0.0034399352,0.0042918128,0.0059364681,0.0070379484,0.0073828564,0.0073835282,0.0075013248
2015-08-21,0.0009115654,0.0010059358,0.0016926216,0.0023779279,0.0032710689,0.0041441296,0.0057725276,0.0069067866,0.0072565654,0.0074317455,0.0076023515
2015-08-20,0.0008629140,0.0009069568,0.0015532890,0.0022499596,0.0031500043,0.0040306121,0.0056327121,0.0068017430,0.0074420185,0.0077469815,0.0080388029
2015-08-19,0.0008586856,0.0009467646,0.0015613227,0.0022432928,0.0031299328,0.0039996566,0.0056599087,0.0068022654,0.0072901571,0.0075100190,0.0076684062
2015-08-18,0.0008300599,0.0009349559,0.0015690289,0.0022385694,0.0031121827,0.0039480988,0.0055959914,0.0066924461,0.0070866104,0.0073209789,0.0072531120
2015-08-17,0.0008939579,0.0009896392,0.0015920563,0.0022512125,0.0031054574,0.0039415131,0.0055780782,0.0066664218,0.0071127686,0.0073550739,0.0073253290
2015-08-14,0.0009627748,0.0010475208,0.0016154217,0.0022639270,0.0030987465,0.0039349384,0.0055602224,0.0066404986,0.0071390234,0.0073893276,0.0073982650
2015-08-13,0.0009128634,0.0010006737,0.0016014788,0.0022703276,0.0031047654,0.0039495819,0.0055812118,0.0066692296,0.0070616557,0.0072397517,0.0072705662
2015-08-12,0.0008539839,0.0010248854,0.0016631889,0.0023245105,0.0031715484,0.0040051844,0.0056483283,0.0067281618,0.0070587448,0.0071842089,0.0071823535
2015-08-11,0.0009599682,0.0010358973,0.0016240969,0.0022772783,0.0031112683,0.0039609280,0.0054985020,0.0065513757,0.0071379974,0.0071620171,0.0073331971
2015-08-10,0.0008894316,0.0009728808,0.0015634808,0.0022706378,0.0030752800,0.0038800911,0.0054079099,0.0064653578,0.0069108423,0.0069008653,0.0070187263
2015-08-07,0.0008889178,0.0009664861,0.0015453069,0.0022478645,0.0030537771,0.0038602439,0.0054112359,0.0064678019,0.0068817034,0.0068778792,0.0070061817
2015-08-06,0.0009646331,0.0009724095,0.0015013920,0.0022016663,0.0030102827,0.0038123740,0.0053265536,0.0064148264,0.0073198942,0.0077336342,0.0081327722
2015-08-05,0.0009490188,0.0009786400,0.0015226979,0.0022317446,0.0030305131,0.0038296251,0.0053658879,0.0064159367,0.0072722551,0.0076680250,0.0080565959
2015-08-04,0.0009463417,0.0009837972,0.0015190978,0.0022279184,0.0030265663,0.0038257201,0.0053652394,0.0064158694,0.0072773832,0.0076745600,0.0080649854
2015-08-03,0.0009134151,0.0009715795,0.0015071105,0.0022156916,0.0030150434,0.0038154950,0.0053578549,0.0064074092,0.0072430082,0.0076463274,0.0079948062
2015-07-31,0.0009110944,0.0009673747,0.0015158257,0.0022234520,0.0030231620,0.0038254643,0.0053846014,0.0064293474,0.0072422489,0.0076451566,0.0079931208
2015-07-30,0.0008831992,0.0009478545,0.0014988459,0.0022045888,0.0030074769,0.0038174217,0.0053869707,0.0064417984,0.0071446082,0.0074976118,0.0077948512
2015-07-29,0.0008425905,0.0009395732,0.0014977201,0.0021982278,0.0030104536,0.0038431784,0.0054223514,0.0064823340,0.0070443043,0.0072714006,0.0075412978
2015-07-28,0.0007400845,0.0009144922,0.0014936551,0.0021777182,0.0030176170,0.0038692982,0.0054771709,0.0065530302,0.0068390360,0.0068463732,0.0069633437
2015-07-27,0.0007606802,0.0009225522,0.0015086548,0.0021946720,0.0030273165,0.0038693703,0.0055083367,0.0065824505,0.0068290221,0.0069299858,0.0070477750
2015-07-24,0.0007622016,0.0008843260,0.0014536807,0.0021366250,0.0029611774,0.0037795152,0.0053777400,0.0064997634,0.0068628714,0.0070270410,0.0071821334
2015-07-23,0.0007080938,0.0008489628,0.0013994077,0.0020690607,0.0029038099,0.0037432328,0.0053829585,0.0064716002,0.0067684591,0.0068861913,0.0069973890
2015-07-22,0.0006712824,0.0008136284,0.0013767924,0.0020443881,0.0028669270,0.0036954089,0.0053225843,0.0063816809,0.0066233631,0.0067006475,0.0067842051
2015-07-21,0.0006945652,0.0008263127,0.0013972756,0.0020546961,0.0028646966,0.0036614950,0.0052285257,0.0062913904,0.0065615967,0.0065625637,0.0065993427
2015-07-20,0.0007775612,0.0008675548,0.0013756931,0.0020474157,0.0028389909,0.0036439877,0.0051515915,0.0062189901,0.0067196021,0.0066829468,0.0068284216
2015-07-17,0.0007787390,0.0008476914,0.0013933466,0.0020707587,0.0028733526,0.0036746102,0.0052080404,0.0062650758,0.0068360642,0.0068945880,0.0070851330
2015-07-16,0.0007954488,0.0009004731,0.0014605578,0.0021381258,0.0029441526,0.0037470093,0.0053020743,0.0063650449,0.0069892264,0.0070103241,0.0072017555
2015-07-15,0.0007589032,0.0009127851,0.0015377681,0.0022121951,0.0030324722,0.0038426842,0.0054310911,0.0065242195,0.0065935539,0.0065393825,0.0065409143
2015-07-14,0.0008568179,0.0009755869,0.0015461026,0.0022215530,0.0030222543,0.0038395200,0.0054182428,0.0065020493,0.0067812447,0.0067763781,0.0068492337
2015-07-13,0.0007875154,0.0008900946,0.0014683616,0.0021591704,0.0029784658,0.0038086135,0.0054243519,0.0064876609,0.0065705633,0.0065678064,0.0065658880
2015-07-10,0.0008273309,0.0009684329,0.0015797578,0.0022891504,0.0031204582,0.0039616423,0.0055517092,0.0066074680,0.0068725306,0.0068728797,0.0069662672
2015-07-09,0.0010177681,0.0011563575,0.0018372472,0.0025683016,0.0033924307,0.0042165699,0.0057932333,0.0068786963,0.0072307424,0.0072205990,0.0073187251
2015-07-08,0.0008577339,0.0009842520,0.0017656597,0.0025337831,0.0033768216,0.0042202563,0.0057883708,0.0069365524,0.0075361526,0.0076209941,0.0078298520
2015-07-07,0.0008884702,0.0010010576,0.0016748478,0.0024094938,0.0032806521,0.0041620000,0.0057931416,0.0069370851,0.0074026020,0.0076292814,0.0076552482
2015-07-06,0.0009287474,0.0011206566,0.0017911950,0.0024956710,0.0033154684,0.0041468590,0.0057042665,0.0068334527,0.0072967044,0.0073897849,0.0074415447
2015-07-03,0.0009587711,0.0010780648,0.0016721766,0.0023639079,0.0031684004,0.0039841307,0.0055026997,0.0066057827,0.0069933279,0.0070705033,0.0072078924
2015-07-02,0.0009709099,0.0010909144,0.0016736987,0.0023606761,0.0031673139,0.0039839205,0.0055059277,0.0066037423,0.0069842956,0.0070616617,0.0071961521
2015-07-01,0.0009930680,0.0010991134,0.0016546305,0.0023462204,0.0031626028,0.0039848842,0.0055250963,0.0066051898,0.0070425033,0.0071497874,0.0073128584
2015-06-30,0.0010068573,0.0011364462,0.0016803506,0.0023631536,0.0031785709,0.0039957457,0.0055756564,0.0066525115,0.0069958356,0.0070788939,0.0071347862
2015-06-29,0.0010187327,0.0011721315,0.0016851512,0.0023253783,0.0031344256,0.0039566333,0.0055249718,0.0066066155,0.0067350227,0.0068072772,0.0068625219
2015-06-26,0.0009034791,0.0009940664,0.0014770829,0.0020575941,0.0028498070,0.0036595914,0.0051629915,0.0062321599,0.0065397630,0.0065732775,0.0066658831
2015-06-25,0.0008955915,0.0009714114,0.0014571219,0.0020426308,0.0028378203,0.0036476889,0.0051523531,0.0062177609,0.0066380988,0.0067238429,0.0068746044
2015-06-24,0.0008632218,0.0009108210,0.0014418576,0.0020422238,0.0028457592,0.0036550561,0.0051613453,0.0062133603,0.0065649778,0.0066515353,0.0067812369
2015-06-23,0.0008510090,0.0008974157,0.0014322837,0.0020357572,0.0028415255,0.0036518993,0.0051618904,0.0062123628,0.0065310694,0.0066218811,0.0067474365
2015-06-22,0.0008505217,0.0008741202,0.0014259283,0.0020441765,0.0028605232,0.0036759616,0.0052039922,0.0062506744,0.0066563287,0.0068583635,0.0070513777
2015-06-19,0.0008174974,0.0009047888,0.0015139912,0.0021151447,0.0029512991,0.0037870912,0.0053353707,0.0064043713,0.0067483669,0.0068211633,0.0069506322
2015-06-18,0.0008480264,0.0009558984,0.0015632692,0.0021594838,0.0029768668,0.0038119057,0.0053149972,0.0064265988,0.0070593395,0.0070983364,0.0072977325
2015-06-17,0.0009443013,0.0010204739,0.0015869464,0.0021971202,0.0029942508,0.0038148798,0.0053112897,0.0063830000,0.0068920014,0.0069583112,0.0071405254
2015-06-16,0.0009597017,0.0010173181,0.0015700939,0.0021947803,0.0030046059,0.0038227507,0.0053567382,0.0064094664,0.0066117868,0.0066665024,0.0067416849
2015-06-15,0.0009119532,0.0009607470,0.0014901090,0.0021166698,0.0029337294,0.0037672107,0.0053502842,0.0063902375,0.0065763570,0.0066604877,0.0067441179
2015-06-12,0.0007252625,0.0008606867,0.0014160379,0.0020355374,0.0028648566,0.0036878186,0.0052304318,0.0062967687,0.0065061364,0.0065662689,0.0066488774
2015-06-11,0.0007371188,0.0008816321,0.0014178773,0.0020277695,0.0028538618,0.0036741996,0.0052118935,0.0062690828,0.0065120541,0.0065505348,0.0066348801
2015-06-10,0.0009026747,0.0009779875,0.0014925218,0.0021199298,0.0029217886,0.0037223510,0.0052261911,0.0062694384,0.0062188068,0.0062878371,0.0062869076
2015-06-09,0.0008990860,0.0009737387,0.0014768451,0.0021039889,0.0029066810,0.0037072680,0.0052113558,0.0062531675,0.0062122862,0.0062561825,0.0062530202
2015-06-08,0.0008974805,0.0009696919,0.0014723030,0.0020933929,0.0029009673,0.0037025261,0.0052079532,0.0062447532,0.0062222664,0.0062659156,0.0062671625
2015-06-05,0.0008878304,0.0009537862,0.0014538195,0.0020740258,0.0028740116,0.0036765819,0.0051847636,0.0062236795,0.0062280304,0.0062458387,0.0062507503
2015-06-04,0.0008498844,0.0009112284,0.0014242222,0.0020390440,0.0028368096,0.0036455975,0.0051662600,0.0061877749,0.0061228866,0.0061709069,0.0061754206
2015-06-03,0.0007985495,0.0008764542,0.0013916134,0.0020139046,0.0028163501,0.0036316074,0.0051818842,0.0062036351,0.0061392981,0.0061688336,0.0061542722
2015-06-02,0.0008062624,0.0008834010,0.0014121210,0.0020481044,0.0028465622,0.0036592324,0.0052061085,0.0062328007,0.0061756891,0.0062230104,0.0062108051
2015-06-01,0.0008163891,0.0008841065,0.0014105115,0.0020412867,0.0028384170,0.0036522416,0.0051871442,0.0062331565,0.0064236096,0.0064996295,0.0065820216
2015-05-29,0.0008024352,0.0008859168,0.0014031296,0.0020131776,0.0028010189,0.0036142965,0.0050990294,0.0061999245,0.0068418771,0.0069750710,0.0072120214
2015-05-28,0.0007018741,0.0008063321,0.0013271994,0.0019094527,0.0027238246,0.0035472815,0.0050901141,0.0061840473,0.0067149463,0.0068122428,0.0070096130
2015-05-27,0.0006961167,0.0008174449,0.0013414732,0.0019122971,0.0027273946,0.0035421634,0.0051166903,0.0061900077,0.0065361077,0.0065235115,0.0066250107
2015-05-26,0.0006684360,0.0007693873,0.0012996859,0.0018845641,0.0027041069,0.0035176196,0.0051329549,0.0061655070,0.0063112092,0.0063827746,0.0064554893
2015-05-25,0.0006672246,0.0007347412,0.0012000872,0.0018003323,0.0025986050,0.0034054085,0.0049800804,0.0060160320,0.0061987508,0.0062808003,0.0063607668
2015-05-22,0.0006672551,0.0007348404,0.0012000082,0.0018001158,0.0025986233,0.0034053971,0.0049803174,0.0060168897,0.0062023686,0.0062860060,0.0063690380
2015-05-21,0.0007176683,0.0007839317,0.0012008415,0.0018055499,0.0025922614,0.0034104774,0.0049995129,0.0060653651,0.0065200113,0.0067170030,0.0069043086
2015-05-20,0.0007340041,0.0007984690,0.0012229081,0.0018207799,0.0026005792,0.0034118234,0.0050016333,0.0060689268,0.0065301110,0.0067303258,0.0069229815
2015-05-19,0.0007318592,0.0007989178,0.0012244343,0.0018227396,0.0026032167,0.0034141617,0.0050040684,0.0060718369,0.0065370027,0.0067386799,0.0069340440
2015-05-18,0.0007165306,0.0008005244,0.0012294679,0.0018298936,0.0026124485,0.0034217692,0.0050113861,0.0060784601,0.0064281934,0.0065630004,0.0066924876
2015-05-15,0.0007105047,0.0007963865,0.0012318180,0.0018315564,0.0026104235,0.0034021343,0.0049922928,0.0060599015,0.0063700196,0.0065090183,0.0066457599
2015-05-14,0.0007175171,0.0008034385,0.0012564450,0.0018616755,0.0026383423,0.0034296987,0.0050188360,0.0060842300,0.0064172198,0.0065483219,0.0066716099
2015-05-13,0.0007158009,0.0008066445,0.0012762912,0.0018927571,0.0026514247,0.0034310163,0.0050217805,0.0060891521,0.0064318665,0.0065671074,0.0066965314
2015-05-12,0.0007066710,0.0008171194,0.0012945063,0.0018988032,0.0026436537,0.0034313958,0.0050236811,0.0060922008,0.0064153908,0.0065471462,0.0066713478
2015-05-11,0.0006553835,0.0008112060,0.0013170438,0.0018865766,0.0026296165,0.0033989899,0.0050104831,0.0060883522,0.0064235505,0.0064120167,0.0065106026
2015-05-08,0.0006603279,0.0007960560,0.0012998463,0.0018566547,0.0026121329,0.0033807724,0.0049753284,0.0060532602,0.0064318907,0.0064194793,0.0065200234
2015-05-07,0.0006856013,0.0007934161,0.0012883300,0.0018479523,0.0025941501,0.0033575459,0.0049397669,0.0060150138,0.0063468810,0.0064170431,0.0065439194
2015-05-06,0.0006458911,0.0007326940,0.0011923921,0.0017596425,0.0025128355,0.0032891113,0.0049051288,0.0059764653,0.0062921465,0.0064485059,0.0065947218
2015-05-05,0.0006063713,0.0007516168,0.0012325679,0.0017849831,0.0025355553,0.0032904843,0.0049249181,0.0060157774,0.0060613634,0.0060154730,0.0060472404
2015-05-04,0.0006339674,0.0007332469,0.0011863228,0.0017369554,0.0024859109,0.0032260175,0.0047857825,0.0058858729,0.0063169993,0.0063936644,0.0065541802
2015-05-01,0.0006335294,0.0007327680,0.0011854323,0.0017358905,0.0024848885,0.0032251592,0.0047854537,0.0058864517,0.0063224259,0.0063989926,0.0065607783
2015-04-30,0.0006310404,0.0007304992,0.0011813537,0.0017306240,0.0024793576,0.0032198504,0.0047806868,0.0058823460,0.0063146093,0.0063914533,0.0065505684
2015-04-29,0.0006240794,0.0007220988,0.0011677471,0.0017145674,0.0024654403,0.0032079090,0.0047713187,0.0058759774,0.0063065757,0.0063616045,0.0065179806
2015-04-28,0.0006180698,0.0007051760,0.0011504705,0.0017060682,0.0024619930,0.0032118948,0.0047867975,0.0058711254,0.0063424272,0.0063910376,0.0065497381
2015-04-27,0.0005891409,0.0006852979,0.0011421443,0.0017063499,0.0024495678,0.0032255960,0.0048286993,0.0059034960,0.0061632982,0.0061696238,0.0062720780
2015-04-24,0.0006309725,0.0007229861,0.0011783252,0.0017628368,0.0025054164,0.0032844024,0.0049473620,0.0059754434,0.0062225548,0.0062365894,0.0063196335
2015-04-23,0.0006485231,0.0007348515,0.0011987825,0.0017832951,0.0025257689,0.0033044904,0.0049669738,0.0059943910,0.0062680187,0.0062707581,0.0063516383
2015-04-22,0.0006497309,0.0007256641,0.0011897805,0.0017734927,0.0025163738,0.0032942572,0.0049569613,0.0059847437,0.0063604383,0.0064121802,0.0065422693
2015-04-21,0.0006529039,0.0007339874,0.0012003512,0.0017822566,0.0025283803,0.0033039754,0.0049690232,0.0059992996,0.0063700707,0.0064214423,0.0065526885
2015-04-20,0.0006363476,0.0007492338,0.0012162702,0.0017865220,0.0025435627,0.0033077049,0.0049747186,0.0060161886,0.0062478646,0.0062577518,0.0063427469
2015-04-17,0.0006620071,0.0007853242,0.0012630164,0.0018320455,0.0025885933,0.0033497391,0.0050300816,0.0060666553,0.0063367462,0.0063290295,0.0063998429
2015-04-16,0.0006088395,0.0007118997,0.0011317210,0.0017264804,0.0024540467,0.0032247955,0.0049667421,0.0059779339,0.0062853919,0.0063931976,0.0065009382
2015-04-15,0.0005519807,0.0006548974,0.0010511089,0.0016533333,0.0023828159,0.0031582794,0.0048630152,0.0059021512,0.0062470662,0.0063898055,0.0065310115
2015-04-14,0.0005901412,0.0006854672,0.0010891122,0.0016736507,0.0023928549,0.0031577686,0.0048341155,0.0058821937,0.0064416307,0.0064781888,0.0066776880
2015-04-13,0.0005601516,0.0006738292,0.0011114390,0.0016824002,0.0024057653,0.0031750575,0.0048888164,0.0059301092,0.0059820732,0.0059350685,0.0059414870
2015-04-10,0.0005404360,0.0006495934,0.0010761806,0.0016516704,0.0023961399,0.0031855521,0.0048760693,0.0059159526,0.0059521105,0.0058912182,0.0058955193
2015-04-09,0.0005419104,0.0006508947,0.0010777905,0.0016519987,0.0023953991,0.0031783991,0.0048980396,0.0059320838,0.0059046163,0.0058612320,0.0058665681
2015-04-08,0.0005645477,0.0006687687,0.0011054508,0.0016854664,0.0024404696,0.0032100511,0.0049970636,0.0060035788,0.0059963921,0.0059982336,0.0060032206
2015-04-07,0.0005899589,0.0006705093,0.0011216277,0.0016872638,0.0024401880,0.0032233422,0.0050156022,0.0060157945,0.0062114416,0.0063049030,0.0063946044
2015-04-06,0.0005414453,0.0006972631,0.0011611078,0.0017388279,0.0024744164,0.0032539105,0.0050572610,0.0060464283,0.0059573476,0.0059589047,0.0059636097
2015-04-03,0.0005716664,0.0006970482,0.0011617862,0.0017398587,0.0024757417,0.0032546361,0.0050566092,0.0060477242,0.0061890330,0.0062844417,0.0063764792
2015-04-02,0.0005563205,0.0007033025,0.0011719986,0.0017480453,0.0024845194,0.0032533644,0.0050480972,0.0060559231,0.0060168208,0.0060176245,0.0060376942
2015-04-01,0.0005564147,0.0007052659,0.0011739958,0.0017513570,0.0024880212,0.0032572291,0.0050424939,0.0060672634,0.0060227957,0.0060265371,0.0060545021
2015-03-31,0.0006036816,0.0007356413,0.0011957293,0.0017839807,0.0025087900,0.0032659966,0.0050736195,0.0061057951,0.0064741192,0.0066462762,0.0066978725
2015-03-30,0.0005820340,0.0007360512,0.0011958809,0.0017838413,0.0025082954,0.0032652918,0.0050733667,0.0061045287,0.0063502780,0.0064662672,0.0064869879
2015-03-27,0.0006072813,0.0007392566,0.0012024801,0.0017942424,0.0025242617,0.0032866781,0.0050803944,0.0061288340,0.0065183936,0.0066918654,0.0067341113
2015-03-26,0.0006060087,0.0007350665,0.0011957135,0.0017812288,0.0025062592,0.0032618947,0.0050502644,0.0061096506,0.0064806851,0.0066555006,0.0067042325
2015-03-25,0.0006256353,0.0007356733,0.0012034568,0.0017806657,0.0025137968,0.0032693340,0.0050198777,0.0060981585,0.0064715148,0.0066430754,0.0066927038
2015-03-24,0.0006153619,0.0007330714,0.0011983789,0.0017738433,0.0025041003,0.0032559657,0.0050067705,0.0060862238,0.0063764588,0.0064919949,0.0065041897
2015-03-23,0.0006258970,0.0007405861,0.0012028548,0.0017769602,0.0025147688,0.0032636942,0.0050066439,0.0060819249,0.0064473838,0.0066182413,0.0066686197
2015-03-20,0.0005944625,0.0007168864,0.0011608559,0.0017296813,0.0024603365,0.0032070402,0.0049466624,0.0060274256,0.0063459352,0.0064875621,0.0065225364
2015-03-19,0.0005646068,0.0006939452,0.0011203235,0.0016836603,0.0024070825,0.0031513696,0.0048873995,0.0059734147,0.0062460829,0.0063594632,0.0063796532
2015-03-18,0.0005644498,0.0006926349,0.0011223221,0.0016897756,0.0024165740,0.0031636855,0.0049027237,0.0059912923,0.0062550297,0.0063702944,0.0063960459
2015-03-17,0.0005764751,0.0007045155,0.0011449566,0.0016942180,0.0024311175,0.0031598303,0.0048989860,0.0059879372,0.0062463577,0.0063594819,0.0063749794
2015-03-16,0.0005191856,0.0006303227,0.0010591940,0.0016270774,0.0023676132,0.0031177404,0.0048242143,0.0059220272,0.0061682353,0.0062828365,0.0063246611
2015-03-13,0.0005727574,0.0006918744,0.0011102873,0.0016672774,0.0023916703,0.0031256706,0.0048080927,0.0059224773,0.0064140907,0.0064318559,0.0064952791
2015-03-12,0.0005630168,0.0007065097,0.0011243380,0.0016819549,0.0024066350,0.0031404424,0.0048227365,0.0059367177,0.0063297305,0.0062754934,0.0063070956
2015-03-11,0.0005599715,0.0006886183,0.0011056678,0.0016603106,0.0023965424,0.0031278084,0.0048109902,0.0059260349,0.0063080330,0.0061616717,0.0062319671
2015-03-10,0.0005600359,0.0006823560,0.0010985979,0.0016562552,0.0023937215,0.0031286121,0.0048113304,0.0059254204,0.0063081199,0.0061614621,0.0062310381
2015-03-09,0.0005410951,0.0006269817,0.0010443574,0.0016062051,0.0023550386,0.0031347584,0.0048108093,0.0059031345,0.0062640062,0.0064312367,0.0065899349
2015-03-06,0.0005092955,0.0006139023,0.0010204326,0.0015525520,0.0023038085,0.0030713464,0.0047033935,0.0058237399,0.0061003387,0.0059717728,0.0060682539
2015-03-05,0.0005124498,0.0006111871,0.0010210280,0.0015617838,0.0023180396,0.0030926074,0.0047308515,0.0058503244,0.0061473174,0.0060109911,0.0061160115
2015-03-04,0.0005616738,0.0006764379,0.0010936413,0.0016185884,0.0024026986,0.0031905763,0.0049241416,0.0059903733,0.0062428664,0.0064374096,0.0064602855
2015-03-03,0.0005492411,0.0006781613,0.0010866673,0.0015964469,0.0023288509,0.0031107195,0.0048216302,0.0059268282,0.0062449277,0.0061196680,0.0061538918
2015-03-02,0.0005583169,0.0006742099,0.0011003776,0.0016294426,0.0023917455,0.0031742135,0.0049355052,0.0060049694,0.0062694725,0.0064722954,0.0063648078
2015-02-27,0.0005386076,0.0006578876,0.0010903687,0.0016127454,0.0023638248,0.0031522957,0.0048703965,0.0059678916,0.0062431920,0.0061170730,0.0061467520
2015-02-26,0.0004914896,0.0005912897,0.0010140058,0.0015828087,0.0023294725,0.0031506335,0.0049500825,0.0059897561,0.0062477333,0.0064429872,0.0063550013
2015-02-25,0.0005147511,0.0006122752,0.0010653676,0.0016397484,0.0023981456,0.0032216048,0.0050147818,0.0060485059,0.0063501419,0.0065451630,0.0064361554
2015-02-24,0.0005085908,0.0005856832,0.0010409842,0.0016180171,0.0023763323,0.0032060937,0.0049850523,0.0060331642,0.0062975036,0.0064744827,0.0064128773
2015-02-23,0.0005218119,0.0006268358,0.0011113877,0.0016773972,0.0024548031,0.0032746019,0.0050221367,0.0060832468,0.0063761438,0.0062499798,0.0062890689
2015-02-20,0.0005882753,0.0006711642,0.0011795484,0.0017648104,0.0025388208,0.0033657575,0.0051669412,0.0062022904,0.0064992279,0.0066481316,0.0066194622
2015-02-19,0.0005272085,0.0006271025,0.0011492163,0.0017230041,0.0024993426,0.0033433026,0.0050904598,0.0061486689,0.0061840869,0.0058981086,0.0059868479
2015-02-18,0.0005427218,0.0006114353,0.0011337416,0.0017193121,0.0025139879,0.0033580706,0.0051396653,0.0061572484,0.0065609287,0.0067618122,0.0069524127
2015-02-17,0.0005811451,0.0006727454,0.0011966215,0.0017838253,0.0025843093,0.0034288498,0.0052100645,0.0062387890,0.0064962661,0.0067083021,0.0067133994
2015-02-16,0.0005623983,0.0006562802,0.0011792591,0.0017662049,0.0025626155,0.0034094085,0.0051807974,0.0062006370,0.0063612749,0.0065058676,0.0065504078
2015-02-13,0.0006167218,0.0006747529,0.0011842043,0.0017546859,0.0025624411,0.0033757584,0.0051406560,0.0061712984,0.0064228456,0.0066161387,0.0066805086
2015-02-12,0.0006333943,0.0007084973,0.0012302268,0.0018097769,0.0026307332,0.0034382559,0.0051888791,0.0062209286,0.0065805768,0.0068477325,0.0069256717
2015-02-11,0.0006455451,0.0007131021,0.0012494331,0.0018037175,0.0026134170,0.0034429000,0.0051375711,0.0061818763,0.0066356240,0.0066328657,0.0068012180
2015-02-10,0.0006349963,0.0006831387,0.0012123636,0.0017584585,0.0025681183,0.0033970951,0.0051001906,0.0061703420,0.0065104132,0.0064545618,0.0065813225
2015-02-09,0.0006495112,0.0007362658,0.0012562087,0.0018210743,0.0026437792,0.0034632150,0.0052214718,0.0062655738,0.0066158646,0.0068697763,0.0069595684
2015-02-06,0.0005966588,0.0006554859,0.0011721610,0.0017381260,0.0025556654,0.0033768347,0.0051330510,0.0061790306,0.0064326628,0.0066281194,0.0066914420
2015-02-05,0.0005918321,0.0006451965,0.0011764251,0.0017573745,0.0026123318,0.0034301770,0.0052019075,0.0062301200,0.0065089220,0.0067261572,0.0067696039
2015-02-04,0.0005157035,0.0005711185,0.0011132540,0.0016988018,0.0025639634,0.0034021716,0.0051750365,0.0062065120,0.0065712506,0.0068331602,0.0069111640
2015-02-03,0.0005341893,0.0006009192,0.0011454515,0.0017283333,0.0025878798,0.0034294953,0.0052152995,0.0062450718,0.0065895931,0.0068550970,0.0069292215
2015-02-02,0.0006261650,0.0006627977,0.0012312621,0.0018349590,0.0026391826,0.0035441035,0.0053593627,0.0063701822,0.0065856668,0.0067102142,0.0067352914
2015-01-30,0.0006108661,0.0006251405,0.0012230219,0.0017949644,0.0026238047,0.0035028594,0.0052923720,0.0063181126,0.0065758274,0.0067862890,0.0068418326
2015-01-29,0.0005772376,0.0005684369,0.0011651298,0.0017476078,0.0025756942,0.0034661387,0.0052418060,0.0062779561,0.0065395802,0.0067384015,0.0068014170
2015-01-28,0.0005775459,0.0005563867,0.0011520248,0.0017473161,0.0025768814,0.0034556591,0.0052453453,0.0062737856,0.0065405447,0.0067415199,0.0068046740
2015-01-27,0.0004735752,0.0005286730,0.0010881740,0.0016992295,0.0025512910,0.0034067996,0.0051983359,0.0062398664,0.0065684832,0.0068570242,0.0069149456
2015-01-26,0.0004789180,0.0005382333,0.0011184009,0.0016918951,0.0025480015,0.0034095499,0.0051950725,0.0062337280,0.0065732808,0.0068615569,0.0069187128
2015-01-23,0.0005731054,0.0006253617,0.0011631116,0.0017193901,0.0025690969,0.0034399764,0.0052212091,0.0062878153,0.0065307977,0.0067436828,0.0067913803
2015-01-22,0.0006225897,0.0007037327,0.0012552608,0.0018439984,0.0026858121,0.0035548038,0.0053591589,0.0064730216,0.0066971916,0.0069063376,0.0067825148
2015-01-21,0.0006672133,0.0007414491,0.0012883367,0.0018823893,0.0027396138,0.0036055529,0.0053783459,0.0064913725,0.0068744961,0.0069136271,0.0068843977
2015-01-20,0.0006664932,0.0007558284,0.0013008515,0.0018861111,0.0027503458,0.0036075266,0.0053794112,0.0064980154,0.0068849435,0.0069043969,0.0068834728
2015-01-19,0.0006861411,0.0007871503,0.0013193653,0.0019154150,0.0027875187,0.0036572762,0.0054855860,0.0065956740,0.0068008908,0.0069570838,0.0068700411
2015-01-16,0.0006765017,0.0007778677,0.0013350934,0.0019465584,0.0027786492,0.0036610479,0.0054722985,0.0065272011,0.0071628786,0.0070331104,0.0072170754
2015-01-15,0.0006034398,0.0007181874,0.0012505418,0.0018572088,0.0027375458,0.0035710885,0.0054039810,0.0064932108,0.0069262781,0.0073697801,0.0071043260
2015-01-14,0.0006179497,0.0007472307,0.0012705096,0.0018624695,0.0027479869,0.0035951812,0.0054465798,0.0065286488,0.0069188083,0.0073232414,0.0073051597
2015-01-13,0.0006128458,0.0007223852,0.0012409044,0.0018394460,0.0026959130,0.0035479158,0.0053815564,0.0064673866,0.0070359249,0.0077052721,0.0072343823
2015-01-12,0.0006250703,0.0007250429,0.0012456621,0.0018449465,0.0027075789,0.0035582396,0.0053892752,0.0064792442,0.0070503866,0.0077262072,0.0072509246
2015-01-09,0.0006011224,0.0006954744,0.0012301432,0.0018323339,0.0027030860,0.0035643822,0.0053940502,0.0064994247,0.0069272680,0.0073341140,0.0071081092
2015-01-08,0.0006140400,0.0006915792,0.0012241189,0.0018251416,0.0027092907,0.0035582202,0.0053660349,0.0064668006,0.0069938450,0.0074403579,0.0072564112
2015-01-07,0.0006531952,0.0007557929,0.0012916618,0.0018948096,0.0027878502,0.0036635161,0.0054236751,0.0065366103,0.0070246911,0.0070479256,0.0072349970
2015-01-06,0.0006401009,0.0007662812,0.0013114310,0.0019155900,0.0028080002,0.0036851507,0.0054487912,0.0065502309,0.0069840509,0.0069441201,0.0071006962
2015-01-05,0.0006673286,0.0007760177,0.0012924356,0.0019020526,0.0027766618,0.0036632772,0.0054480675,0.0065355486,0.0069637002,0.0069787906,0.0070755717
2015-01-02,0.0006207836,0.0007154258,0.0012123581,0.0018163403,0.0027234178,0.0035890355,0.0054187722,0.0064953823,0.0069038918,0.0073049733,0.0072923724
2015-01-01,0.0006047899,0.0007059950,0.0012115027,0.0018147273,0.0027370918,0.0035881999,0.0054174948,0.0064936317,0.0069010922,0.0073326294,0.0072837524
2014-12-31,0.0006236615,0.0007060036,0.0012117512,0.0018151118,0.0027379139,0.0035893747,0.0054190214,0.0064955588,0.0069859464,0.0074310066,0.0074482771
2014-12-30,0.0006294573,0.0007143518,0.0012039182,0.0018003444,0.0027156134,0.0035827372,0.0054131593,0.0064900505,0.0069797059,0.0074239208,0.0074432906
2014-12-29,0.0006220371,0.0007290031,0.0011641728,0.0017882315,0.0026970571,0.0035643283,0.0053944035,0.0064703845,0.0069608780,0.0074012704,0.0074257404
2014-12-26,0.0005987734,0.0007585156,0.0011940641,0.0018184748,0.0027251258,0.0035678613,0.0054156648,0.0064929857,0.0066984370,0.0069189306,0.0068757425
2014-12-25,0.0006256569,0.0007584192,0.0011940729,0.0018185256,0.0027252149,0.0035679979,0.0054157624,0.0064930803,0.0068141903,0.0071083409,0.0071091882
2014-12-24,0.0006257218,0.0007585651,0.0011940695,0.0018185965,0.0027256762,0.0035687705,0.0054170688,0.0064947808,0.0068144066,0.0071080970,0.0071098378
2014-12-23,0.0005988871,0.0007584941,0.0011929757,0.0018165966,0.0027222191,0.0035506204,0.0054117734,0.0064874319,0.0066989083,0.0069189264,0.0068768209
2014-12-22,0.0005963940,0.0007573512,0.0011883276,0.0018061645,0.0026929319,0.0035446300,0.0053778378,0.0064539405,0.0066999450,0.0069196374,0.0068761681
2014-12-19,0.0005846897,0.0007536012,0.0011707558,0.0017674373,0.0026515452,0.0035196244,0.0053051577,0.0063816125,0.0066417053,0.0065188724,0.0065774078
2014-12-18,0.0006444917,0.0007642484,0.0012017317,0.0017976010,0.0026766424,0.0035622084,0.0053503749,0.0064372585,0.0068794552,0.0068558606,0.0069240324
2014-12-17,0.0006726418,0.0008196942,0.0012931686,0.0018736691,0.0027777000,0.0036949073,0.0055223391,0.0066080759,0.0070138149,0.0073807934,0.0073925195
2014-12-16,0.0007207831,0.0009257899,0.0014101283,0.0019954186,0.0028927471,0.0037580438,0.0055955399,0.0066979911,0.0068918954,0.0070768071,0.0070683294
2014-12-15,0.0006336258,0.0007972105,0.0013044047,0.0018667313,0.0027474700,0.0036369180,0.0054368310,0.0065519403,0.0067985057,0.0066933450,0.0067532336
2014-12-12,0.0006307093,0.0007623175,0.0012083469,0.0017703947,0.0026689615,0.0035729569,0.0053913752,0.0064894613,0.0069205524,0.0069755591,0.0070627061
2014-12-11,0.0005736881,0.0007054953,0.0011317130,0.0017205500,0.0026057616,0.0035182063,0.0053530903,0.0064383968,0.0069411522,0.0073463337,0.0073969260
2014-12-10,0.0005479150,0.0006718809,0.0011209751,0.0017131272,0.0025849940,0.0034808992,0.0053146364,0.0064201688,0.0068558977,0.0071624825,0.0070885381
2014-12-09,0.0005480355,0.0006609035,0.0011210647,0.0017131433,0.0025847344,0.0034804141,0.0053136266,0.0064189972,0.0068549095,0.0071621363,0.0070896553
2014-12-08,0.0005131711,0.0006453292,0.0010903345,0.0016802361,0.0025678150,0.0034734222,0.0053172589,0.0064191286,0.0067739611,0.0070590113,0.0069276976
2014-12-05,0.0005213029,0.0006418274,0.0010814290,0.0017041295,0.0025869439,0.0034798519,0.0053247144,0.0064073489,0.0068834180,0.0072921439,0.0071330183
2014-12-04,0.0006003999,0.0006964264,0.0011862603,0.0018818413,0.0027155614,0.0036210984,0.0054817494,0.0065499639,0.0069898638,0.0071856537,0.0071706030
2014-12-03,0.0006427789,0.0007329699,0.0011758913,0.0018768941,0.0027409995,0.0036171797,0.0054753404,0.0065360559,0.0069126157,0.0071011656,0.0071186414
2014-12-02,0.0006543584,0.0007383883,0.0011812230,0.0018844871,0.0027451932,0.0036345879,0.0054766786,0.0065496248,0.0069193434,0.0071072259,0.0071211078
2014-12-01,0.0006147790,0.0007130651,0.0012451790,0.0019182488,0.0027890570,0.0036934840,0.0055096596,0.0066089743,0.0068455097,0.0067073744,0.0067798484
2014-11-28,0.0005058859,0.0006279475,0.0011567177,0.0018433038,0.0027666703,0.0036510959,0.0054927669,0.0065933563,0.0069720626,0.0072814144,0.0072418613
2014-11-27,0.0005191687,0.0006455594,0.0011855768,0.0019271600,0.0028273067,0.0037159980,0.0055646262,0.0066430694,0.0068057831,0.0069993090,0.0069142531
2014-11-26,0.0004600243,0.0006024437,0.0012081697,0.0019532413,0.0028496594,0.0037491004,0.0055680968,0.0066658946,0.0066401802,0.0066668065,0.0066512069
2014-11-25,0.0005005421,0.0006477076,0.0011758845,0.0018974758,0.0028200479,0.0037575571,0.0055920648,0.0066607232,0.0069863626,0.0072529409,0.0072889499
2014-11-24,0.0004917861,0.0006614582,0.0012158033,0.0019381034,0.0028561469,0.0038294087,0.0056375425,0.0067179712,0.0070505134,0.0070383512,0.0071191881
2014-11-21,0.0005611620,0.0007020767,0.0012669062,0.0020181999,0.0029355012,0.0039090981,0.0057124774,0.0068040255,0.0072405111,0.0072479672,0.0071967922
2014-11-20,0.0006064437,0.0007539295,0.0013183866,0.0020166542,0.0029558354,0.0039366219,0.0057218647,0.0068462323,0.0072645704,0.0072729981,0.0072329741
2014-11-19,0.0006069343,0.0007538858,0.0013166785,0.0020123195,0.0029466127,0.0039255363,0.0057178987,0.0068414250,0.0072577437,0.0072643551,0.0072191241
2014-11-18,0.0006123034,0.0007593059,0.0013180848,0.0020137493,0.0029504886,0.0039280015,0.0057190726,0.0068409173,0.0072546054,0.0072610488,0.0072195131
2014-11-17,0.0006170988,0.0007643792,0.0013233929,0.0020158522,0.0029555673,0.0039327412,0.0057147609,0.0068334166,0.0072305943,0.0072348373,0.0072016786
2014-11-14,0.0006437697,0.0008189704,0.0013509995,0.0020203768,0.0029710532,0.0039352467,0.0057181033,0.0068209541,0.0073580447,0.0073652154,0.0072749835
2014-11-13,0.0006446344,0.0008199022,0.0013546120,0.0020242846,0.0029774140,0.0039374091,0.0057243736,0.0068245698,0.0073618386,0.0073680031,0.0072742012
2014-11-12,0.0005889565,0.0007298079,0.0012857512,0.0019810371,0.0029394423,0.0039415326,0.0057345565,0.0068474283,0.0072176278,0.0072222547,0.0072962344
2014-11-11,0.0006680386,0.0008298016,0.0013886805,0.0020602571,0.0030255369,0.0039561233,0.0057810401,0.0068574155,0.0073550153,0.0077662162,0.0078091639
2014-11-10,0.0006811798,0.0008265347,0.0014478663,0.0021412228,0.0030692966,0.0039837630,0.0057783333,0.0068882537,0.0073115853,0.0076890708,0.0075209691
2014-11-07,0.0007260453,0.0008862302,0.0014993724,0.0021953721,0.0031448339,0.0040846631,0.0058857982,0.0069919744,0.0074996568,0.0078768150,0.0077480355
2014-11-06,0.0007384365,0.0008853445,0.0015203303,0.0022217041,0.0031922409,0.0041260682,0.0058779237,0.0069945888,0.0073102458,0.0073023161,0.0073895216
2014-11-05,0.0007225602,0.0008374517,0.0015329482,0.0022702108,0.0032283456,0.0041576009,0.0059026069,0.0070686776,0.0070906042,0.0069711376,0.0069665309
2014-11-04,0.0007683447,0.0009090250,0.0016161262,0.0023625654,0.0033390533,0.0042898608,0.0060400521,0.0072163480,0.0072212509,0.0070711840,0.0070912535
2014-11-03,0.0008268398,0.0009258535,0.0016298790,0.0024089247,0.0033620919,0.0043048257,0.0060899598,0.0072251941,0.0073960034,0.0075305439,0.0075603842
2014-10-31,0.0008284709,0.0009278080,0.0016340289,0.0024151773,0.0033731043,0.0043164188,0.0061025635,0.0072382639,0.0074125002,0.0075520282,0.0075768200
2014-10-30,0.0007909583,0.0009500983,0.0016298680,0.0023688331,0.0033353585,0.0043151032,0.0061046807,0.0072642694,0.0074485874,0.0073502885,0.0074023603
2014-10-29,0.0007958371,0.0009185741,0.0016085837,0.0023706986,0.0033172912,0.0042580637,0.0060666607,0.0071902943,0.0074241843,0.0076349107,0.0074863425
2014-10-28,0.0008164665,0.0009216258,0.0016196818,0.0023847827,0.0033442221,0.0042938970,0.0061092398,0.0072249323,0.0074282173,0.0076398131,0.0076157093
2014-10-27,0.0008254222,0.0009697185,0.0016497035,0.0023926620,0.0033425935,0.0043640049,0.0062057220,0.0073007229,0.0076335696,0.0078818044,0.0077797361
2014-10-24,0.0007630400,0.0009542352,0.0016273843,0.0023313245,0.0033057888,0.0043753710,0.0061960528,0.0072590127,0.0078557044,0.0084029021,0.0081653519
2014-10-23,0.0007726496,0.0009637958,0.0016473075,0.0023606175,0.0033409956,0.0043881456,0.0062069417,0.0072750511,0.0078831562,0.0084421336,0.0081891788
2014-10-22,0.0008739031,0.0010109224,0.0017459862,0.0025059675,0.0034800965,0.0044506301,0.0062582847,0.0073523183,0.0075356889,0.0076430057,0.0076165019
2014-10-21,0.0008989981,0.0010034436,0.0017931737,0.0025502858,0.0035336780,0.0044959638,0.0063096351,0.0074186493,0.0075644470,0.0076787141,0.0077074612
2014-10-20,0.0009665137,0.0010691516,0.0018481446,0.0026644906,0.0036668744,0.0046404650,0.0064555707,0.0075680307,0.0077379639,0.0078723927,0.0078822295
2014-10-17,0.0009697173,0.0011315607,0.0018866681,0.0027126986,0.0037147867,0.0046787602,0.0065060528,0.0076113396,0.0077380051,0.0078423336,0.0078503753
2014-10-16,0.0010128212,0.0011519800,0.0019552950,0.0028048477,0.0037989510,0.0047669812,0.0066120653,0.0076788920,0.0078597849,0.0080393154,0.0080261024
2014-10-15,0.0007954086,0.0009909711,0.0018281194,0.0025654659,0.0035810014,0.0045729837,0.0064203430,0.0075008531,0.0078820041,0.0080760445,0.0082601896
2014-10-14,0.0008242109,0.0009732431,0.0017541554,0.0025461257,0.0035181878,0.0044780418,0.0062814748,0.0073717897,0.0075868460,0.0074800546,0.0075553268
2014-10-13,0.0008242550,0.0009842099,0.0017538740,0.0025406296,0.0035156101,0.0044759494,0.0062791875,0.0073688967,0.0075802727,0.0074714560,0.0075454633
2014-10-10,0.0007350975,0.0009791683,0.0017466504,0.0024409096,0.0034676729,0.0044332994,0.0062033264,0.0073105385,0.0076904362,0.0076172386,0.0077595266
2014-10-09,0.0007177563,0.0009412407,0.0017244410,0.0024475844,0.0034384811,0.0043975656,0.0062280323,0.0073087230,0.0075404274,0.0073860883,0.0074695087
2014-10-08,0.0007228753,0.0009454946,0.0017413661,0.0024645699,0.0034553849,0.0044143832,0.0062446093,0.0073253902,0.0075733837,0.0074101998,0.0074933332
2014-10-07,0.0007180612,0.0009415141,0.0017083540,0.0024484722,0.0034228143,0.0043819497,0.0062120798,0.0072762721,0.0075098103,0.0073631800,0.0074465906
2014-10-06,0.0008455794,0.0009583170,0.0017403387,0.0024742794,0.0034486925,0.0043925972,0.0062382723,0.0072824331,0.0075424786,0.0076620815,0.0077732506
2014-10-03,0.0007466191,0.0009603718,0.0017203419,0.0024415636,0.0034368806,0.0043977044,0.0061848982,0.0072827514,0.0076370142,0.0074637542,0.0075132469
2014-10-02,0.0007309531,0.0009326828,0.0017099820,0.0024564374,0.0034634151,0.0044396532,0.0062292328,0.0073383404,0.0073586914,0.0072795859,0.0071838220
2014-10-01,0.0006905884,0.0009415587,0.0016999440,0.0024013573,0.0034317318,0.0044175969,0.0062074199,0.0073202365,0.0076987555,0.0076439839,0.0077830068
2014-09-30,0.0007185597,0.0009508574,0.0017205877,0.0024424700,0.0034621062,0.0044397181,0.0062405490,0.0073343756,0.0077196282,0.0076794648,0.0077967520
2014-09-29,0.0008416617,0.0010649134,0.0018272147,0.0025912516,0.0035904291,0.0045554744,0.0064048472,0.0074507480,0.0077684875,0.0079022262,0.0080671778
2014-09-26,0.0007217193,0.0008882690,0.0016172579,0.0024072733,0.0033624424,0.0043369309,0.0061941527,0.0072179647,0.0074787265,0.0076052115,0.0077235462
2014-09-25,0.0006777043,0.0008800622,0.0016103270,0.0023553374,0.0033522863,0.0043324253,0.0061063133,0.0071759646,0.0074968729,0.0074506030,0.0075692724
2014-09-24,0.0007617033,0.0008639643,0.0015932051,0.0024055194,0.0033196066,0.0042826802,0.0061275478,0.0071557208,0.0073190408,0.0074209812,0.0074044385
2014-09-23,0.0007515246,0.0008630978,0.0015913148,0.0023721923,0.0033051187,0.0042564200,0.0060836220,0.0071147277,0.0073298153,0.0074294680,0.0074316292
2014-09-22,0.0006892254,0.0008803611,0.0015654175,0.0022595643,0.0032484540,0.0042077841,0.0059469428,0.0070013347,0.0074970690,0.0074009096,0.0074837178
2014-09-19,0.0004202061,0.0005632986,0.0012979240,0.0020410890,0.0029999474,0.0039727613,0.0057532795,0.0067901390,0.0068448557,0.0067193551,0.0066904876
2014-09-18,0.0004973249,0.0006477324,0.0013435801,0.0020658159,0.0030380692,0.0040095591,0.0057902317,0.0068033929,0.0071730983,0.0069573100,0.0070559888
2014-09-17,0.0005879728,0.0007464137,0.0014223226,0.0021564627,0.0031167459,0.0040739692,0.0058610573,0.0069027353,0.0071319814,0.0070849051,0.0070431013
2014-09-16,0.0006157394,0.0007623150,0.0014334987,0.0021664937,0.0031296678,0.0040851412,0.0058765429,0.0069205856,0.0072136119,0.0074108988,0.0073834363
2014-09-15,0.0006227534,0.0007458021,0.0014226044,0.0021798046,0.0031360220,0.0040826295,0.0058888319,0.0069356157,0.0071313526,0.0072880373,0.0072214988
2014-09-12,0.0006208916,0.0007082599,0.0014243226,0.0021780851,0.0031365704,0.0040844672,0.0058954471,0.0069244776,0.0071387565,0.0072836284,0.0072230377
2014-09-11,0.0006253679,0.0007115013,0.0014276955,0.0021816640,0.0031410055,0.0040875068,0.0058865255,0.0069178474,0.0071218993,0.0072692908,0.0072175515
2014-09-10,0.0006250037,0.0007091046,0.0014225744,0.0021751169,0.0031324684,0.0040693441,0.0058673935,0.0069105920,0.0071191267,0.0072441594,0.0072126051
2014-09-09,0.0005968143,0.0006631720,0.0014087720,0.0021529349,0.0031131189,0.0040471343,0.0058495165,0.0068901483,0.0070530479,0.0071329529,0.0071517291
2014-09-08,0.0005478418,0.0006188700,0.0013628512,0.0021221385,0.0030757593,0.0040225087,0.0058618515,0.0068883198,0.0069158419,0.0069606633,0.0069180258
2014-09-05,0.0005165136,0.0006651241,0.0013626435,0.0021161661,0.0030773857,0.0040326733,0.0059209778,0.0069171304,0.0069519168,0.0069850519,0.0069435806
2014-09-04,0.0005297563,0.0006765578,0.0013568543,0.0020947217,0.0030569800,0.0040110510,0.0058835948,0.0068672298,0.0070454395,0.0071339186,0.0071659278
2014-09-03,0.0005520222,0.0007323753,0.0014442365,0.0021662023,0.0031462959,0.0040938166,0.0059633827,0.0069522249,0.0072075419,0.0071570519,0.0074356944
2014-09-02,0.0005668486,0.0007144085,0.0014701878,0.0022255696,0.0031753961,0.0041430707,0.0059289970,0.0070033857,0.0072115444,0.0067651073,0.0068554254
2014-09-01,0.0006381133,0.0007393417,0.0015008642,0.0022762125,0.0032345420,0.0041953738,0.0060187947,0.0070546309,0.0070856066,0.0070810973,0.0070698901
2014-08-29,0.0006263200,0.0007721013,0.0014847612,0.0022724609,0.0032251002,0.0041831228,0.0059836297,0.0070481555,0.0070843380,0.0070757687,0.0070697965
2014-08-28,0.0006480793,0.0007680800,0.0014776177,0.0022697621,0.0032314507,0.0041612116,0.0059431583,0.0070009306,0.0070152814,0.0070032817,0.0070277467
2014-08-27,0.0005964059,0.0007061821,0.0014225165,0.0022078172,0.0031641107,0.0041014509,0.0058921645,0.0069415547,0.0069461178,0.0069639958,0.0069734716
2014-08-26,0.0006022872,0.0006772153,0.0014449981,0.0021728954,0.0031504489,0.0040760645,0.0059313455,0.0069101418,0.0069675356,0.0070516327,0.0070088312
2014-08-25,0.0007445771,0.0007562176,0.0015710609,0.0022919186,0.0032863053,0.0041891147,0.0059702886,0.0069977690,0.0072549740,0.0073647253,0.0073893239
2014-08-22,0.0007445277,0.0007561794,0.0015707801,0.0022915124,0.0032860295,0.0041889722,0.0059703916,0.0069982133,0.0072562981,0.0073659666,0.0073922180
2014-08-21,0.0007481630,0.0008034043,0.0015664250,0.0023019784,0.0032877381,0.0042008553,0.0059739457,0.0070213384,0.0072505431,0.0073884262,0.0073847217
2014-08-20,0.0007402279,0.0008100958,0.0015554526,0.0023107154,0.0032984911,0.0042138983,0.0059919039,0.0070270871,0.0072533650,0.0073640925,0.0073936265
2014-08-19,0.0007185099,0.0007894798,0.0015401878,0.0023036210,0.0032995263,0.0042426064,0.0060304702,0.0070408420,0.0072532309,0.0072843039,0.0074640930
2014-08-18,0.0005160473,0.0007325409,0.0014406859,0.0022031729,0.0031932026,0.0041885623,0.0060549621,0.0070399664,0.0070295130,0.0068592237,0.0068099388
2014-08-15,0.0006946349,0.0008357902,0.0015461707,0.0023427802,0.0033109089,0.0043002991,0.0061532580,0.0071527943,0.0072300811,0.0072098751,0.0072726926
2014-08-14,0.0007067955,0.0008444534,0.0015449053,0.0023386750,0.0033056361,0.0042939583,0.0061513902,0.0071531821,0.0072035311,0.0071950959,0.0072451565
2014-08-13,0.0006951461,0.0008332971,0.0015375652,0.0023341152,0.0033079577,0.0042935740,0.0061661764,0.0071740681,0.0072285695,0.0071922999,0.0072674343
2014-08-12,0.0007508396,0.0008422399,0.0016135912,0.0024197637,0.0034007219,0.0043700025,0.0061980536,0.0072346319,0.0072671393,0.0072638924,0.0072924894
2014-08-11,0.0007526400,0.0008414625,0.0016110743,0.0024187467,0.0033874956,0.0043684470,0.0061913799,0.0072306563,0.0072867787,0.0072622502,0.0073111132
2014-08-08,0.0007615213,0.0009098827,0.0016532373,0.0024755118,0.0034678504,0.0044549387,0.0062713700,0.0073378926,0.0074159103,0.0073404827,0.0074274666
2014-08-07,0.0007369455,0.0008890375,0.0016200266,0.0024000552,0.0033567865,0.0043177556,0.0061113831,0.0071580464,0.0072487575,0.0069610186,0.0070865072
2014-08-06,0.0006219153,0.0008207553,0.0015523960,0.0023309979,0.0033141034,0.0042739798,0.0060604748,0.0071054955,0.0072258205,0.0067574387,0.0069187407
2014-08-05,0.0005790217,0.0007413948,0.0014701259,0.0022297917,0.0032002888,0.0041607630,0.0059220719,0.0069660072,0.0069626480,0.0067019426,0.0066921849
2014-08-04,0.0006188304,0.0008197937,0.0015018674,0.0022653634,0.0032286892,0.0041864302,0.0059228238,0.0070035546,0.0070227759,0.0067900859,0.0067355488
2014-08-01,0.0007118250,0.0008972206,0.0015882717,0.0023631731,0.0033123012,0.0042554667,0.0060140916,0.0070862526,0.0070622567,0.0070087930,0.0070709791
2014-07-31,0.0006149120,0.0008464914,0.0015005091,0.0022537908,0.0032014937,0.0041374489,0.0058676912,0.0069503491,0.0069140443,0.0066936337,0.0067163817
2014-07-30,0.0005916786,0.0008028483,0.0014257892,0.0021866405,0.0031372606,0.0040645488,0.0057974628,0.0068640403,0.0070762816,0.0069385070,0.0070291511
2014-07-29,0.0005522342,0.0007955462,0.0014113750,0.0021681481,0.0031230054,0.0040687760,0.0058164048,0.0068850781,0.0073866782,0.0069977070,0.0071175028
2014-07-28,0.0005474477,0.0007663420,0.0014081808,0.0021600269,0.0031198094,0.0040655642,0.0058180041,0.0068788870,0.0073849829,0.0069844042,0.0071162819
2014-07-25,0.0005493987,0.0007273725,0.0014105901,0.0021528791,0.0031246075,0.0040690110,0.0058379159,0.0068714763,0.0073821097,0.0069768462,0.0071138262
2014-07-24,0.0005523987,0.0007312255,0.0014153024,0.0021574494,0.0031292870,0.0040741480,0.0058434846,0.0068751895,0.0073820246,0.0069526183,0.0071142440
2014-07-23,0.0005228805,0.0007144188,0.0014042704,0.0021448559,0.0031131989,0.0040666060,0.0058390899,0.0068574670,0.0073858290,0.0068374592,0.0071191697
2014-07-22,0.0004578025,0.0006522395,0.0013799807,0.0021343724,0.0031055779,0.0040886503,0.0058765914,0.0069106959,0.0070698241,0.0065721218,0.0066747728
2014-07-21,0.0005032749,0.0006981599,0.0014017308,0.0021649758,0.0031413391,0.0040968737,0.0059064706,0.0069513909,0.0069659517,0.0067403684,0.0067667846
2014-07-18,0.0004439896,0.0006858993,0.0013453022,0.0020985325,0.0030547286,0.0040384883,0.0058415265,0.0069161651,0.0069727125,0.0067696999,0.0067926072
2014-07-17,0.0004636748,0.0005986312,0.0013178672,0.0020940989,0.0030597027,0.0039981152,0.0057769727,0.0067986905,0.0068569954,0.0068397113,0.0068718402
2014-07-16,0.0005231814,0.0006090748,0.0013497745,0.0020964577,0.0030640264,0.0039769047,0.0057688579,0.0067815613,0.0068419507,0.0068047185,0.0068505910
2014-07-15,0.0005203413,0.0006996591,0.0013849745,0.0021139422,0.0030723306,0.0039914413,0.0057795128,0.0068356183,0.0069304208,0.0067657714,0.0067747428
2014-07-14,0.0005758590,0.0006633948,0.0013657428,0.0020738193,0.0030401247,0.0039412881,0.0057173487,0.0067524316,0.0069515517,0.0068411543,0.0069047752
2014-07-11,0.0005140205,0.0006566540,0.0013300890,0.0020493559,0.0030245266,0.0039380527,0.0057043236,0.0067493580,0.0069602488,0.0068358706,0.0069150108
2014-07-10,0.0005689225,0.0006775155,0.0013505603,0.0020739818,0.0030387971,0.0039411009,0.0057206755,0.0067561433,0.0069549310,0.0068208539,0.0069097786
2014-07-09,0.0004848184,0.0006510892,0.0013265677,0.0020677793,0.0030296097,0.0039499284,0.0057445205,0.0067903607,0.0068692533,0.0067152059,0.0067216664
2014-07-08,0.0004775732,0.0006399750,0.0012779717,0.0020067942,0.0029962266,0.0038953793,0.0056683322,0.0067037359,0.0068669372,0.0068197168,0.0068391640
2014-07-07,0.0004578466,0.0005929785,0.0012596170,0.0019948366,0.0029825722,0.0038827194,0.0056552479,0.0066899568,0.0068609485,0.0068137244,0.0068570298
2014-07-04,0.0004602871,0.0005982701,0.0012619295,0.0019972600,0.0029870808,0.0038854619,0.0056589893,0.0066954130,0.0068651845,0.0068201951,0.0068640885
2014-07-03,0.0004603440,0.0006281414,0.0012635588,0.0019983186,0.0030016427,0.0038867594,0.0056672871,0.0067154604,0.0068585491,0.0068171207,0.0068541828
2014-07-02,0.0004777010,0.0006637416,0.0012898763,0.0020272784,0.0030386492,0.0039217647,0.0056995845,0.0067504051,0.0068966828,0.0068517486,0.0068851257
2014-07-01,0.0004879010,0.0007087999,0.0013069109,0.0020355578,0.0030578688,0.0039374232,0.0056925240,0.0067674758,0.0069001381,0.0068702158,0.0068894347
2014-06-30,0.0004896863,0.0007118014,0.0013110127,0.0020415482,0.0030669328,0.0039490367,0.0057042627,0.0067665960,0.0069208081,0.0068854646,0.0069081233
2014-06-27,0.0004854308,0.0007057993,0.0013007592,0.0020259638,0.0030410266,0.0039268683,0.0056823031,0.0067454418,0.0069002379,0.0068563181,0.0068816536
2014-06-26,0.0004827626,0.0007032966,0.0012983679,0.0020235994,0.0030086627,0.0039245544,0.0056783773,0.0067435706,0.0069052931,0.0068553650,0.0068883374
2014-06-25,0.0004871501,0.0007058902,0.0012992781,0.0020222506,0.0030017521,0.0039174408,0.0056592964,0.0067373661,0.0068894777,0.0068463515,0.0068770234
2014-06-24,0.0004683166,0.0006896588,0.0012832965,0.0020061578,0.0029701483,0.0038996912,0.0056424345,0.0067201606,0.0068617958,0.0068112483,0.0068500569
2014-06-23,0.0004559814,0.0006794012,0.0012771239,0.0020026751,0.0029795485,0.0038943738,0.0056485274,0.0067277099,0.0068549585,0.0067711524,0.0068467324
2014-06-20,0.0004324202,0.0006606480,0.0012914136,0.0020453400,0.0030196812,0.0039298988,0.0056754392,0.0067665946,0.0067307567,0.0066058181,0.0066011880
2014-06-19,0.0003091740,0.0005220643,0.0011421522,0.0018792416,0.0028346910,0.0037563301,0.0055028749,0.0065960466,0.0066064930,0.0064272152,0.0064714557
2014-06-18,0.0004564900,0.0006691440,0.0013090108,0.0020587975,0.0030047194,0.0039621389,0.0057082512,0.0068005614,0.0068221151,0.0066066812,0.0066808470
2014-06-17,0.0004632990,0.0006679034,0.0013156845,0.0020602081,0.0030063260,0.0039597826,0.0057115119,0.0068007165,0.0068150747,0.0066014437,0.0066721037
2014-06-16,0.0005118892,0.0006636562,0.0013489536,0.0020728711,0.0030226880,0.0039603402,0.0057387732,0.0068152702,0.0068149301,0.0066179653,0.0066738403
2014-06-13,0.0004151508,0.0005948656,0.0012926377,0.0020152744,0.0029609862,0.0039231850,0.0057201229,0.0067893475,0.0068230775,0.0066150204,0.0066737707
2014-06-12,0.0004250906,0.0006097745,0.0013075881,0.0020290243,0.0029750636,0.0039345627,0.0057289939,0.0067917394,0.0068223250,0.0066161871,0.0066716076
2014-06-11,0.0004621010,0.0006104188,0.0013084318,0.0020192313,0.0029528726,0.0039010808,0.0056747028,0.0067324826,0.0067609078,0.0065944109,0.0066046888
2014-06-10,0.0004556402,0.0006109022,0.0012936221,0.0019998951,0.0029395697,0.0038964187,0.0056568247,0.0067282244,0.0067573656,0.0065898238,0.0066008572
2014-06-09,0.0004429002,0.0006019080,0.0012581726,0.0019659688,0.0029080991,0.0038945154,0.0056375699,0.0067324603,0.0067607493,0.0066120306,0.0066052461
2014-06-06,0.0005225605,0.0006432134,0.0012945138,0.0020029011,0.0029506126,0.0039774825,0.0057158502,0.0068178278,0.0069851505,0.0068203028,0.0069447934
2014-06-05,0.0004675780,0.0006742641,0.0013264519,0.0020623643,0.0030584657,0.0040720261,0.0058352199,0.0069243546,0.0070191510,0.0068435214,0.0068122319
2014-06-04,0.0005562998,0.0008188510,0.0014472637,0.0021963292,0.0031928145,0.0042142084,0.0059867110,0.0070684213,0.0072766556,0.0071333593,0.0072086669
2014-06-03,0.0006270299,0.0008670937,0.0015240035,0.0022738852,0.0032620367,0.0042794618,0.0060562978,0.0071391944,0.0073268391,0.0071905547,0.0072594105
2014-06-02,0.0006510946,0.0008723780,0.0015809358,0.0023477081,0.0033387655,0.0043475724,0.0061182270,0.0072130812,0.0072538098,0.0070737695,0.0071282984
2014-05-30,0.0006515609,0.0009025137,0.0015964292,0.0023643056,0.0033529604,0.0043563435,0.0061176580,0.0072271509,0.0073081119,0.0070740914,0.0071040797
2014-05-29,0.0006572002,0.0009089233,0.0016110227,0.0023800706,0.0033689612,0.0043730447,0.0061400398,0.0072470164,0.0073084174,0.0070522885,0.0071052004
2014-05-28,0.0006744687,0.0008755030,0.0016059474,0.0023795694,0.0033695659,0.0043760045,0.0061620228,0.0072596486,0.0072070561,0.0069319343,0.0070998714
2014-05-27,0.0007601451,0.0010777268,0.0017840443,0.0025734916,0.0035685320,0.0045942963,0.0064197782,0.0075160465,0.0077308534,0.0071245407,0.0073848135
2014-05-26,0.0008007268,0.0010696443,0.0018168271,0.0026112466,0.0036146049,0.0046354233,0.0064174216,0.0075050239,0.0075334153,0.0072662579,0.0073471931
2014-05-23,0.0008006843,0.0010696816,0.0018170031,0.0026115060,0.0036148583,0.0046355982,0.0064174187,0.0075048562,0.0075325119,0.0072651332,0.0073450623
2014-05-22,0.0008206032,0.0010051121,0.0018011736,0.0025921167,0.0036016696,0.0046247593,0.0063958292,0.0074527728,0.0074574659,0.0071948078,0.0072285539
2014-05-21,0.0008449270,0.0010363516,0.0018175735,0.0026058397,0.0036021694,0.0046364709,0.0064000943,0.0074710877,0.0074793867,0.0071832414,0.0073124963
2014-05-20,0.0008120793,0.0010231973,0.0018007764,0.0025865071,0.0035925098,0.0046409376,0.0064006102,0.0074715048,0.0076647972,0.0071681012,0.0073028942
2014-05-19,0.0008156133,0.0010894285,0.0018383556,0.0026203194,0.0036336195,0.0046599350,0.0064445304,0.0075178218,0.0075553045,0.0073024899,0.0073966908
2014-05-16,0.0008046881,0.0010782720,0.0018199847,0.0025957557,0.0036170382,0.0046473499,0.0064369746,0.0075111961,0.0075217270,0.0072962477,0.0073464200
2014-05-15,0.0008532521,0.0011133557,0.0018458220,0.0026197152,0.0036149880,0.0046576905,0.0064815657,0.0075586581,0.0075939048,0.0073669627,0.0074014577
2014-05-14,0.0008917317,0.0011000830,0.0018176295,0.0025739517,0.0035861430,0.0046114812,0.0065263840,0.0076246018,0.0076361275,0.0076203480,0.0076361548
2014-05-13,0.0008972380,0.0011026521,0.0018158762,0.0025581148,0.0035849854,0.0046106379,0.0065437451,0.0076372721,0.0076343873,0.0076163142,0.0076335050
2014-05-12,0.0009077023,0.0011085281,0.0018059043,0.0025482838,0.0035770457,0.0046036987,0.0065512745,0.0076307493,0.0076166676,0.0076078261,0.0076155999
2014-05-09,0.0009182887,0.0011144354,0.0017959872,0.0025384905,0.0035691237,0.0045967699,0.0065588126,0.0076242321,0.0075989891,0.0075993475,0.0075977368
2014-05-08,0.0008367887,0.0010824256,0.0017668950,0.0025078619,0.0035594928,0.0045939359,0.0065630992,0.0076499788,0.0076225294,0.0076030768,0.0076352305
2014-05-07,0.0008375257,0.0010903473,0.0017586475,0.0025016450,0.0035341922,0.0045720804,0.0065399431,0.0075867090,0.0075332809,0.0075579459,0.0075711477
2014-05-06,0.0008725416,0.0011120421,0.0017704952,0.0025144313,0.0035272054,0.0045632875,0.0065142172,0.0075659290,0.0075322593,0.0075397443,0.0075331442
2014-05-05,0.0008165766,0.0011138586,0.0017617148,0.0024936150,0.0035326247,0.0045752982,0.0065393869,0.0075950855,0.0076787316,0.0075785030,0.0075816188
2014-05-02,0.0008165753,0.0011138836,0.0017617241,0.0024936735,0.0035328100,0.0045753403,0.0065395116,0.0075950621,0.0076783256,0.0075787506,0.0075816850
2014-05-01,0.0008230856,0.0011083096,0.0017650584,0.0024967379,0.0035356544,0.0045750277,0.0065403312,0.0075947809,0.0076772195,0.0075789095,0.0075797313
2014-04-30,0.0008623926,0.0010692575,0.0017893409,0.0025197089,0.0035552173,0.0045754822,0.0065482220,0.0075955851,0.0075889884,0.0075818093,0.0076113161
2014-04-29,0.0008039405,0.0010404488,0.0017644588,0.0024985636,0.0034984130,0.0045028158,0.0063423614,0.0074000626,0.0076615354,0.0074371455,0.0075900959
2014-04-28,0.0009217431,0.0010994334,0.0017949498,0.0024995740,0.0034789161,0.0045207189,0.0063535784,0.0073991218,0.0075547157,0.0073962507,0.0074987055
2014-04-25,0.0007914204,0.0009460657,0.0015809682,0.0022569468,0.0032828971,0.0042907065,0.0062219580,0.0072964293,0.0074219446,0.0071294695,0.0070064982
2014-04-24,0.0007618417,0.0009401162,0.0015604528,0.0022411010,0.0032579357,0.0042635191,0.0062461547,0.0072981108,0.0073271800,0.0075135534,0.0073369032
2014-04-23,0.0006040238,0.0008560910,0.0014707209,0.0021802934,0.0031989157,0.0042155835,0.0061207171,0.0072391633,0.0079365479,0.0077162982,0.0075687376
2014-04-22,0.0006469800,0.0008602074,0.0014471790,0.0021600687,0.0031549439,0.0041718337,0.0060337859,0.0071449560,0.0077557439,0.0077356303,0.0078190209
2014-04-21,0.0006299031,0.0008444305,0.0014616861,0.0021680374,0.0031454656,0.0041575083,0.0060457170,0.0071665080,0.0075763637,0.0075020919,0.0075046683
2014-04-18,0.0006299089,0.0008443905,0.0014615559,0.0021678007,0.0031450908,0.0041572018,0.0060454149,0.0071661779,0.0075766882,0.0075023841,0.0075051261
2014-04-17,0.0006299225,0.0008444213,0.0014614141,0.0021676001,0.0031447699,0.0041570701,0.0060454248,0.0071663378,0.0075770648,0.0075022225,0.0075059510
2014-04-16,0.0005825433,0.0008025309,0.0014103820,0.0021365181,0.0030710583,0.0041119082,0.0059965895,0.0071127780,0.0078439686,0.0074563316,0.0075711525
2014-04-15,0.0005957512,0.0008183548,0.0014545015,0.0021618270,0.0031007552,0.0041391734,0.0059954554,0.0071205247,0.0078419795,0.0073550099,0.0075701956
2014-04-14,0.0005822182,0.0008389509,0.0014787152,0.0021634982,0.0031150774,0.0041310538,0.0060479017,0.0071262552,0.0075463045,0.0069485865,0.0067143978
2014-04-11,0.0005801631,0.0007933319,0.0014007372,0.0020993251,0.0030585676,0.0040624540,0.0059883697,0.0070934483,0.0076380147,0.0073019373,0.0075143752
2014-04-10,0.0006831229,0.0008279163,0.0014506559,0.0021417231,0.0030855097,0.0040538080,0.0060464679,0.0070803171,0.0070713340,0.0070893997,0.0070661150
2014-04-09,0.0006839948,0.0008168361,0.0014411258,0.0021251131,0.0030607342,0.0040396373,0.0060335675,0.0070533605,0.0070668324,0.0070876543,0.0070586890
2014-04-08,0.0006518564,0.0008079069,0.0014384972,0.0020735107,0.0030440231,0.0040085353,0.0060162257,0.0070420192,0.0070204953,0.0070587031,0.0070226881
2014-04-07,0.0006283602,0.0007819570,0.0014028813,0.0020417266,0.0030150840,0.0039881829,0.0059816166,0.0070121162,0.0069749189,0.0070309052,0.0069989424
2014-04-04,0.0005307119,0.0006907104,0.0012854381,0.0019386808,0.0029159559,0.0039007330,0.0058904918,0.0069047196,0.0069085398,0.0069581642,0.0069319319
2014-04-03,0.0005577748,0.0007149951,0.0012997913,0.0019460144,0.0029288524,0.0039180670,0.0058821402,0.0069014377,0.0070223240,0.0071248338,0.0069421950
2014-04-02,0.0005800332,0.0006886827,0.0012558609,0.0019231855,0.0028956057,0.0038888947,0.0057996032,0.0068167440,0.0070490945,0.0073189453,0.0072810568
2014-04-01,0.0005824152,0.0006875871,0.0012567887,0.0019488679,0.0029294778,0.0039078151,0.0058115754,0.0068358653,0.0070524813,0.0073494373,0.0072864412
2014-03-31,0.0005975968,0.0006934837,0.0012721652,0.0019648968,0.0029498589,0.0039377526,0.0058416752,0.0068638199,0.0071109076,0.0074322873,0.0073472274
2014-03-28,0.0006201282,0.0007367008,0.0012959235,0.0019973677,0.0029888824,0.0039593852,0.0058668325,0.0068905295,0.0071757771,0.0075109674,0.0074149189
2014-03-27,0.0006548061,0.0007745457,0.0012910085,0.0019866007,0.0029916484,0.0039492290,0.0057637344,0.0067970212,0.0070374196,0.0072249208,0.0072735761
2014-03-26,0.0006571956,0.0007400812,0.0012936451,0.0019888478,0.0029881884,0.0039466979,0.0057835034,0.0068171684,0.0069647477,0.0071256082,0.0071041528
2014-03-25,0.0006499449,0.0007368949,0.0012782868,0.0019972359,0.0029801736,0.0039431878,0.0057793021,0.0068115997,0.0070395211,0.0072084615,0.0072777349
2014-03-24,0.0006279609,0.0007144319,0.0012525366,0.0019605420,0.0029605041,0.0039329695,0.0057827302,0.0068101815,0.0069488957,0.0070254274,0.0070658735
2014-03-21,0.0006063405,0.0007098131,0.0012453380,0.0019218276,0.0029153043,0.0038924839,0.0057287627,0.0067509679,0.0069170231,0.0068351691,0.0068748259
2014-03-20,0.0006091326,0.0007541902,0.0012588276,0.0019450284,0.0029363568,0.0039159994,0.0057312004,0.0067711905,0.0069387012,0.0068571180,0.0068923236
2014-03-19,0.0005660565,0.0006469684,0.0011296351,0.0017829740,0.0027585794,0.0037108277,0.0055349613,0.0065181464,0.0067955905,0.0067101017,0.0068186756
2014-03-18,0.0005578384,0.0006288055,0.0011394613,0.0018035705,0.0027868423,0.0037585811,0.0055909538,0.0066228443,0.0068381756,0.0067077804,0.0067548072
2014-03-17,0.0005026473,0.0006443532,0.0011321715,0.0018099901,0.0028043038,0.0037938269,0.0056240979,0.0066724533,0.0069439133,0.0067723633,0.0068375399
2014-03-14,0.0005696471,0.0007055248,0.0012120650,0.0018801349,0.0028736123,0.0038552058,0.0056886433,0.0067138252,0.0069859144,0.0068427084,0.0068990097
2014-03-13,0.0005755150,0.0006359418,0.0011263955,0.0017885946,0.0027759982,0.0037528209,0.0055843390,0.0065842550,0.0069903412,0.0067377161,0.0068699794
2014-03-12,0.0005551727,0.0006211713,0.0010824291,0.0017389863,0.0027248287,0.0037024018,0.0055333443,0.0065346376,0.0068911509,0.0066677524,0.0067704949
2014-03-11,0.0005350579,0.0006137683,0.0010757107,0.0017454693,0.0027202864,0.0036983900,0.0055295395,0.0065299587,0.0068806067,0.0066352319,0.0067594579
2014-03-10,0.0005499781,0.0005769486,0.0010654054,0.0017472710,0.0027106134,0.0036953948,0.0055167416,0.0065306652,0.0068884918,0.0066507930,0.0067684601
2014-03-07,0.0005751225,0.0005724860,0.0010731011,0.0017547159,0.0027326904,0.0037137799,0.0055136582,0.0065302401,0.0068073021,0.0066402864,0.0067449186
2014-03-06,0.0005433310,0.0005732868,0.0010812909,0.0017615927,0.0027430219,0.0037195788,0.0055248278,0.0065409221,0.0068007068,0.0065882831,0.0067378525
2014-03-05,0.0004856217,0.0005774589,0.0011417082,0.0018176750,0.0028277804,0.0037746817,0.0056183309,0.0066337166,0.0066469570,0.0064595241,0.0064589884
2014-03-04,0.0006395037,0.0006745536,0.0012151271,0.0018824978,0.0028680498,0.0038493974,0.0056601284,0.0066687906,0.0069370157,0.0067715712,0.0068376903
2014-03-03,0.0006399301,0.0006943043,0.0012405204,0.0019113497,0.0028982941,0.0038810618,0.0057205474,0.0067371813,0.0069838740,0.0068813145,0.0069045176
2014-02-28,0.0004372521,0.0005687250,0.0010784831,0.0018117863,0.0028233867,0.0037858221,0.0057176690,0.0067347053,0.0068825326,0.0070772885,0.0070451378
2014-02-27,0.0004976994,0.0006543444,0.0011957621,0.0018788436,0.0028789325,0.0038450755,0.0057836854,0.0068087994,0.0070426081,0.0071217259,0.0071996054
2014-02-26,0.0005297697,0.0006510012,0.0012113340,0.0018809474,0.0028627419,0.0038306655,0.0057675005,0.0067961935,0.0070226802,0.0070605943,0.0071924123
2014-02-25,0.0004650250,0.0005549998,0.0011897259,0.0018608520,0.0028606195,0.0038373962,0.0057577076,0.0068089760,0.0068242779,0.0068937632,0.0068724069
2014-02-24,0.0005350051,0.0006213939,0.0012051466,0.0018639274,0.0028725170,0.0038634711,0.0057160319,0.0067790689,0.0070144030,0.0070951647,0.0072352520
2014-02-21,0.0005051240,0.0006404267,0.0012176369,0.0018655151,0.0028820372,0.0038798544,0.0057464321,0.0068092486,0.0070447056,0.0071190832,0.0072658011
2014-02-20,0.0005249785,0.0006668949,0.0012254390,0.0018739093,0.0028959850,0.0038927323,0.0057593360,0.0068222361,0.0070441871,0.0071177069,0.0072656434
2014-02-19,0.0005545898,0.0006800698,0.0012153337,0.0018611451,0.0028736648,0.0038635761,0.0057295219,0.0067931639,0.0070186210,0.0070430920,0.0072438101
2014-02-18,0.0005489000,0.0007455194,0.0012573129,0.0018854035,0.0028747337,0.0038637868,0.0057229455,0.0067893562,0.0070013823,0.0068420687,0.0069050040
2014-02-17,0.0005803809,0.0007097357,0.0012799017,0.0019233583,0.0029191288,0.0039093565,0.0057993952,0.0068373712,0.0068527433,0.0068075102,0.0068535638
2014-02-14,0.0005277650,0.0007310025,0.0012856391,0.0019262395,0.0029129073,0.0039138041,0.0058024863,0.0068613728,0.0069253951,0.0066767196,0.0067327601
2014-02-13,0.0004908560,0.0007342422,0.0012680386,0.0019321455,0.0029297028,0.0039410262,0.0057989551,0.0068644405,0.0069162418,0.0066242874,0.0067080528
2014-02-12,0.0004885748,0.0007007984,0.0012221727,0.0018895346,0.0028824445,0.0038980502,0.0057262143,0.0067946001,0.0067489747,0.0065785206,0.0065626193
2014-02-11,0.0005064387,0.0007467711,0.0012415419,0.0019182329,0.0029201985,0.0039378581,0.0058032519,0.0068527264,0.0071274260,0.0069800322,0.0070305439
2014-02-10,0.0006150692,0.0008124368,0.0013256038,0.0019935063,0.0029816609,0.0039881964,0.0058767469,0.0069161004,0.0071331342,0.0070142258,0.0070512368
2014-02-07,0.0006684639,0.0008708196,0.0014179230,0.0020816009,0.0030853102,0.0040685497,0.0059991779,0.0070176703,0.0072493530,0.0071201783,0.0071555222
2014-02-06,0.0007926024,0.0009585825,0.0015281326,0.0021898949,0.0031774187,0.0041583309,0.0060934991,0.0071279088,0.0070886220,0.0072059887,0.0070761388
2014-02-05,0.0008846852,0.0010465202,0.0016021647,0.0022712319,0.0032632549,0.0042501894,0.0061938580,0.0072134656,0.0073942700,0.0075665256,0.0075581060
2014-02-04,0.0008073176,0.0010415173,0.0015970629,0.0022735617,0.0032861104,0.0042772426,0.0062227798,0.0072682328,0.0073929548,0.0075305476,0.0075194889
2014-02-03,0.0006544970,0.0009634443,0.0015011098,0.0021832695,0.0032040971,0.0042004992,0.0061252900,0.0071413381,0.0074397665,0.0073854617,0.0074530900
2014-01-31,0.0006477220,0.0009545368,0.0015105439,0.0021742337,0.0031942262,0.0041894795,0.0061453015,0.0071365600,0.0074789103,0.0074104609,0.0074851748
2014-01-30,0.0006177149,0.0009178275,0.0014671762,0.0021244231,0.0031400252,0.0041436132,0.0060685225,0.0070719392,0.0074962942,0.0073501358,0.0074994528
2014-01-29,0.0005910149,0.0009140862,0.0014767122,0.0021447930,0.0031615916,0.0041507463,0.0060782234,0.0071049441,0.0073647531,0.0072279369,0.0072108538
2014-01-28,0.0006703289,0.0009106874,0.0014309702,0.0021066229,0.0031178631,0.0041052869,0.0060476066,0.0070893881,0.0074245025,0.0075462564,0.0077361830
2014-01-27,0.0005935066,0.0008921810,0.0014322644,0.0021071191,0.0031326481,0.0041429933,0.0060515415,0.0070919581,0.0075399732,0.0073924775,0.0075366128
2014-01-24,0.0006652057,0.0009292020,0.0014682028,0.0021415711,0.0031659340,0.0041550520,0.0060799868,0.0071462743,0.0075005299,0.0074244718,0.0075275637
2014-01-23,0.0006441193,0.0008576404,0.0013707965,0.0020479031,0.0030669790,0.0040589897,0.0060285656,0.0070786697,0.0073044793,0.0075205940,0.0075535927
2014-01-22,0.0006165655,0.0008028030,0.0013387390,0.0019869372,0.0029907096,0.0039855101,0.0059853210,0.0070520642,0.0071544246,0.0072566103,0.0072692653
2014-01-21,0.0006440908,0.0008236056,0.0013646016,0.0020031860,0.0030222746,0.0040002924,0.0060002619,0.0070500594,0.0071959726,0.0073794893,0.0073247268
2014-01-20,0.0006039462,0.0008078742,0.0013650730,0.0019866938,0.0029962149,0.0039757781,0.0059328700,0.0069751376,0.0071500615,0.0069877969,0.0070415121
2014-01-17,0.0006231812,0.0008160684,0.0013254990,0.0019478702,0.0029459000,0.0039298468,0.0058222374,0.0068722831,0.0072520572,0.0071154105,0.0072642194
2014-01-16,0.0005978827,0.0007883079,0.0013382551,0.0019483901,0.0029439209,0.0039259792,0.0058433529,0.0069076438,0.0071915579,0.0069147736,0.0069971413
2014-01-15,0.0006597109,0.0007965316,0.0013074166,0.0019272260,0.0029202993,0.0039147469,0.0057956565,0.0068866122,0.0072253213,0.0069397428,0.0070614406
2014-01-14,0.0006590036,0.0007963880,0.0013313222,0.0019401950,0.0029364151,0.0039317046,0.0058456938,0.0069209257,0.0072795544,0.0069038432,0.0070999864
2014-01-13,0.0006066634,0.0007451519,0.0013141127,0.0018842381,0.0028897176,0.0038881070,0.0058672823,0.0069368307,0.0070271198,0.0066569038,0.0066908241
2014-01-10,0.0005247895,0.0007231687,0.0012608166,0.0018360204,0.0028523119,0.0038970519,0.0059066105,0.0069362183,0.0069446915,0.0065588610,0.0066758486
2014-01-09,0.0005506573,0.0007331010,0.0012787017,0.0018576056,0.0028624262,0.0038806823,0.0058790609,0.0069490887,0.0069707632,0.0066534160,0.0067342218
2014-01-08,0.0005622933,0.0007015331,0.0012561065,0.0018587084,0.0028443357,0.0038132796,0.0057336499,0.0068144098,0.0067114073,0.0064626477,0.0065945440
2014-01-07,0.0005738535,0.0007192508,0.0011918850,0.0017921140,0.0027874904,0.0037684543,0.0056988221,0.0067734196,0.0070870430,0.0067584917,0.0069035553
2014-01-06,0.0005740193,0.0007053331,0.0011785522,0.0017793777,0.0027750940,0.0037562143,0.0057009097,0.0067753763,0.0070913446,0.0067613682,0.0069056673
2014-01-03,0.0006282596,0.0007290504,0.0012126546,0.0018237642,0.0028121289,0.0037860772,0.0057880030,0.0068856207,0.0071873117,0.0073249863,0.0073344425
2014-01-02,0.0006282856,0.0007290674,0.0012123298,0.0018229547,0.0028108598,0.0037845582,0.0057865135,0.0068840141,0.0071870679,0.0073247951,0.0073330928
2014-01-01,0.0006285416,0.0007294185,0.0012132609,0.0018242779,0.0028121547,0.0037857406,0.0057729329,0.0068705275,0.0071882517,0.0073258708,0.0073348970
2013-12-31,0.0006285895,0.0007294931,0.0012129206,0.0018236882,0.0028116748,0.0037854671,0.0057730378,0.0068710107,0.0071890550,0.0073273323,0.0073382870
2013-12-30,0.0006013618,0.0007310820,0.0011922751,0.0017819493,0.0027833890,0.0037848370,0.0057112712,0.0068255017,0.0071910834,0.0069609336,0.0070548427
2013-12-27,0.0006012352,0.0007162631,0.0011773698,0.0017667178,0.0027675851,0.0037683610,0.0056944899,0.0068086484,0.0071856732,0.0069565487,0.0070499511
2013-12-26,0.0005504933,0.0006965719,0.0011901526,0.0018160750,0.0027942467,0.0037674777,0.0056994481,0.0068209932,0.0073119635,0.0069629585,0.0070663429
2013-12-25,0.0005860626,0.0007099504,0.0011672773,0.0017580006,0.0027643040,0.0037717473,0.0056996952,0.0068170006,0.0071910200,0.0069612594,0.0070552299
2013-12-24,0.0005860918,0.0007098476,0.0011666140,0.0017570206,0.0027635146,0.0037712391,0.0056994250,0.0068168391,0.0071894881,0.0069601419,0.0070540351
2013-12-23,0.0005860749,0.0007098735,0.0011664584,0.0017567612,0.0027633152,0.0037710487,0.0056993388,0.0068167357,0.0071874410,0.0069581451,0.0070511271
2013-12-20,0.0005856563,0.0007241651,0.0011808008,0.0017709401,0.0027773238,0.0037848262,0.0057129340,0.0068446606,0.0071873916,0.0069590190,0.0073356526
2013-12-19,0.0005931425,0.0007089550,0.0011869878,0.0018352195,0.0027958630,0.0037520936,0.0057409251,0.0068577803,0.0071439456,0.0072777629,0.0072653922
2013-12-18,0.0005245382,0.0006599615,0.0011337532,0.0017590898,0.0027731766,0.0037758090,0.0057187330,0.0068607693,0.0070823972,0.0071299776,0.0072738389
2013-12-17,0.0004742393,0.0006490358,0.0011158951,0.0017475960,0.0027627221,0.0037798473,0.0057235160,0.0068670857,0.0071301765,0.0069234119,0.0070090031
2013-12-16,0.0004298608,0.0006071470,0.0011011545,0.0017616151,0.0027799560,0.0038089793,0.0057609479,0.0068859565,0.0070973087,0.0069492575,0.0070079970
2013-12-13,0.0004330750,0.0006082050,0.0011197982,0.0017726899,0.0028067287,0.0038322985,0.0057843707,0.0069089678,0.0070962626,0.0069710446,0.0070283170
2013-12-12,0.0004409466,0.0005972043,0.0011082081,0.0017591208,0.0027910666,0.0038184835,0.0057734204,0.0068968892,0.0070940801,0.0069750177,0.0070261902
2013-12-11,0.0004871465,0.0006085864,0.0011206361,0.0017622520,0.0027968981,0.0038250452,0.0058012767,0.0069136290,0.0071942686,0.0070033069,0.0070833713
2013-12-10,0.0004825198,0.0006083156,0.0011306058,0.0017716701,0.0028072241,0.0038327568,0.0058150312,0.0069230706,0.0071961398,0.0069378589,0.0070861874
2013-12-09,0.0004601073,0.0006060339,0.0011994689,0.0018339430,0.0028646230,0.0038817400,0.0059070618,0.0069855849,0.0069702088,0.0066764065,0.0067222639
2013-12-06,0.0004818343,0.0006394128,0.0012238236,0.0018614593,0.0028958298,0.0039102561,0.0059347986,0.0070113198,0.0070009480,0.0067167097,0.0067711505
2013-12-05,0.0004801005,0.0006534781,0.0012350795,0.0018546237,0.0028856333,0.0039165679,0.0059388798,0.0070031384,0.0069986597,0.0066793428,0.0067690703
2013-12-04,0.0004702164,0.0006476300,0.0012129734,0.0018083548,0.0028272112,0.0038635438,0.0058695903,0.0069476495,0.0071159439,0.0065425319,0.0066388968
2013-12-03,0.0004468443,0.0006208191,0.0011810291,0.0017793614,0.0027921907,0.0038301969,0.0058322162,0.0069149128,0.0070674985,0.0066174372,0.0066057883
2013-12-02,0.0004304640,0.0006329996,0.0011563259,0.0017730546,0.0027773714,0.0037900940,0.0057628529,0.0068794801,0.0070880833,0.0069277218,0.0070017610
2013-11-29,0.0006133256,0.0007765303,0.0013221334,0.0019400279,0.0029134599,0.0038956252,0.0059074350,0.0069689068,0.0074560724,0.0074966302,0.0075838795
2013-11-28,0.0005640494,0.0007470679,0.0012997998,0.0019245122,0.0029170531,0.0039185591,0.0059279607,0.0070016471,0.0072575060,0.0071020217,0.0071263548
2013-11-27,0.0005705768,0.0007381211,0.0012702567,0.0018735407,0.0028896691,0.0039287901,0.0059202826,0.0070004368,0.0072589179,0.0070936836,0.0071541923
2013-11-26,0.0005507920,0.0007113948,0.0012609489,0.0018746282,0.0028862353,0.0039230488,0.0059029737,0.0069709657,0.0071685040,0.0070497037,0.0071007789
2013-11-25,0.0005484603,0.0007007564,0.0012407059,0.0018769571,0.0028969964,0.0039369574,0.0059075884,0.0069659219,0.0071770135,0.0070515115,0.0071001768
2013-11-22,0.0005461385,0.0006902771,0.0012207879,0.0018792889,0.0029077976,0.0039509152,0.0059122067,0.0069608817,0.0071855330,0.0070533198,0.0070995747
2013-11-21,0.0005581949,0.0006689060,0.0012285588,0.0019113797,0.0029440445,0.0039593141,0.0059192716,0.0069855188,0.0072091327,0.0071295742,0.0071148828
2013-11-20,0.0005564181,0.0006201928,0.0011781545,0.0019253839,0.0029526820,0.0040095031,0.0059625218,0.0069581281,0.0072553384,0.0074196704,0.0075353625
2013-11-19,0.0005203893,0.0006384353,0.0011876738,0.0019070616,0.0029479105,0.0040101621,0.0059991916,0.0070494556,0.0072885684,0.0071794106,0.0072010789
2013-11-18,0.0005404539,0.0006569546,0.0011895976,0.0019212768,0.0029715563,0.0040491146,0.0060155580,0.0070485614,0.0074238877,0.0073467902,0.0074338304
2013-11-15,0.0004736789,0.0006195626,0.0011816209,0.0019329758,0.0029731708,0.0040382054,0.0060069543,0.0070892572,0.0074209288,0.0073165656,0.0074266656
2013-11-14,0.0004940230,0.0006808947,0.0012229049,0.0019457259,0.0029883996,0.0040884998,0.0060961706,0.0071769419,0.0073523645,0.0072099321,0.0072652730
2013-11-13,0.0005551668,0.0007120969,0.0012477671,0.0019960756,0.0030610244,0.0041770678,0.0061686280,0.0072039794,0.0074991097,0.0074656823,0.0075292557
2013-11-12,0.0004420597,0.0006061669,0.0012058426,0.0020009228,0.0030384220,0.0041274154,0.0061289953,0.0071835939,0.0073164766,0.0071971463,0.0072413246
2013-11-11,0.0004894349,0.0006741427,0.0012079813,0.0019795795,0.0030103981,0.0041007932,0.0060708551,0.0071246671,0.0074328395,0.0073770944,0.0074533798
2013-11-08,0.0004886641,0.0007022025,0.0012479151,0.0019879307,0.0030160791,0.0040998614,0.0060730393,0.0071447228,0.0074326655,0.0073566721,0.0074539869
2013-11-07,0.0004814760,0.0006507266,0.0013013358,0.0019865731,0.0030183109,0.0040819443,0.0060773750,0.0071555906,0.0073787093,0.0072607975,0.0073123257
2013-11-06,0.0004391873,0.0006212106,0.0012620361,0.0020243176,0.0030354068,0.0040985998,0.0061194205,0.0071856810,0.0072107321,0.0072861510,0.0072022762
2013-11-05,0.0004733639,0.0006949092,0.0013542375,0.0020107511,0.0030446402,0.0040513687,0.0060775307,0.0071901568,0.0075875890,0.0073706663,0.0073765462
2013-11-04,0.0005517087,0.0007470319,0.0013769794,0.0020456829,0.0030778766,0.0041061532,0.0061244586,0.0071494926,0.0077487526,0.0074968887,0.0076112957
2013-11-01,0.0004994486,0.0007609481,0.0014006540,0.0020681584,0.0031044151,0.0041252249,0.0061440647,0.0071439587,0.0074622006,0.0073102316,0.0074030893
2013-10-31,0.0004824060,0.0007220067,0.0013558797,0.0020722288,0.0031060720,0.0041298645,0.0061463951,0.0071436248,0.0074701117,0.0072957266,0.0074143698
2013-10-30,0.0004391249,0.0006123608,0.0012398521,0.0020880240,0.0030956336,0.0041376873,0.0061316238,0.0071092594,0.0071720396,0.0071721210,0.0072454658
2013-10-29,0.0004601650,0.0005915013,0.0013004878,0.0020449990,0.0030672817,0.0041884643,0.0061787206,0.0071837439,0.0073302463,0.0071908550,0.0072414646
2013-10-28,0.0004313216,0.0005986245,0.0012195126,0.0020848747,0.0031106901,0.0042294720,0.0062264141,0.0072090207,0.0072582212,0.0072792578,0.0073273692
2013-10-25,0.0004187033,0.0006047593,0.0012287879,0.0020785276,0.0031103238,0.0042115651,0.0062156581,0.0072140830,0.0072379602,0.0072949495,0.0073323862
2013-10-24,0.0004637832,0.0006427717,0.0012528550,0.0020434735,0.0030867561,0.0041912589,0.0062084085,0.0072478596,0.0073643874,0.0074475755,0.0074669832
2013-10-23,0.0004390050,0.0006550627,0.0012440424,0.0020265877,0.0030927495,0.0041980426,0.0062287947,0.0072837591,0.0074927431,0.0075436609,0.0076160237
2013-10-22,0.0004431583,0.0006395132,0.0012374085,0.0020129405,0.0030822048,0.0041930523,0.0062142229,0.0072689900,0.0074663849,0.0074732158,0.0076032603
2013-10-21,0.0004826891,0.0006526558,0.0013731473,0.0020777567,0.0031445356,0.0042752626,0.0062803174,0.0073337811,0.0074418762,0.0072664185,0.0073667786
2013-10-18,0.0004830700,0.0006633062,0.0013790568,0.0020982040,0.0031799704,0.0043194397,0.0063411415,0.0074052310,0.0075633231,0.0073675484,0.0074546782
2013-10-17,0.0005313897,0.0006259042,0.0012667050,0.0020740000,0.0032075580,0.0043755221,0.0063682631,0.0074189300,0.0077849614,0.0080660539,0.0081608252
2013-10-16,0.0005136765,0.0006215043,0.0013747759,0.0021050248,0.0032149306,0.0043910882,0.0063906468,0.0074825322,0.0079026446,0.0078122861,0.0078949825
2013-10-15,0.0005914906,0.0006371209,0.0013475341,0.0021589105,0.0032304452,0.0044346361,0.0064264985,0.0075115002,0.0078386300,0.0081035887,0.0081402215
2013-10-14,0.0005117395,0.0006583127,0.0014869125,0.0022677087,0.0033540435,0.0044947492,0.0065059507,0.0075707949,0.0077262759,0.0076355370,0.0076215983
2013-10-11,0.0005846294,0.0007329235,0.0015462787,0.0022651228,0.0033739111,0.0045110732,0.0065215455,0.0076326819,0.0080687166,0.0079146010,0.0079705949
2013-10-10,0.0005976735,0.0007774927,0.0016056331,0.0023327832,0.0034168732,0.0045541661,0.0065516750,0.0076798268,0.0080994718,0.0079517492,0.0080194996
2013-10-09,0.0005699788,0.0007319996,0.0015887207,0.0023630839,0.0034836296,0.0046985332,0.0066909845,0.0078191232,0.0082568429,0.0082067136,0.0082616002
2013-10-08,0.0005976504,0.0007975119,0.0016564114,0.0024194459,0.0035134583,0.0047399630,0.0067317450,0.0078675544,0.0082801664,0.0082010629,0.0082812863
2013-10-07,0.0006640366,0.0008320025,0.0016742518,0.0024253133,0.0035262065,0.0047334461,0.0067371207,0.0078693504,0.0083282317,0.0081802321,0.0083417851
2013-10-04,0.0006674927,0.0007794970,0.0016199848,0.0023804281,0.0035080541,0.0046992636,0.0066835560,0.0077920449,0.0081891853,0.0080997174,0.0082317528
2013-10-03,0.0006811903,0.0008092111,0.0016464517,0.0024331463,0.0035737533,0.0047519076,0.0067493977,0.0078365160,0.0082643752,0.0081633080,0.0082910195
2013-10-02,0.0006425455,0.0008196318,0.0015533064,0.0023959722,0.0035901993,0.0047660253,0.0067726684,0.0077921171,0.0081182253,0.0082471146,0.0084444694
2013-10-01,0.0006355413,0.0008291202,0.0015927775,0.0024385683,0.0035599247,0.0046997869,0.0066986938,0.0077224071,0.0079928785,0.0081111373,0.0081717231
2013-09-30,0.0005383648,0.0007915857,0.0016059985,0.0025096300,0.0037244287,0.0049099829,0.0069100322,0.0078954860,0.0080310383,0.0079646892,0.0081073551
2013-09-27,0.0005721823,0.0007900088,0.0016110604,0.0024483532,0.0036879335,0.0048702460,0.0068764585,0.0078668572,0.0079151125,0.0077274173,0.0078259710
2013-09-26,0.0005578809,0.0007787702,0.0015994087,0.0024473522,0.0036740183,0.0048579194,0.0068645286,0.0078550726,0.0078879030,0.0077053642,0.0078042506
2013-09-25,0.0005561001,0.0007668548,0.0015868861,0.0024354059,0.0036605432,0.0048461087,0.0068531172,0.0078440039,0.0078908796,0.0077059875,0.0078080745
2013-09-24,0.0005427190,0.0007591669,0.0015760260,0.0024291827,0.0036541381,0.0048379033,0.0068445127,0.0078349152,0.0078941064,0.0076923891,0.0078109486
2013-09-23,0.0005753138,0.0008129149,0.0015959889,0.0024833000,0.0037080224,0.0048695741,0.0068789090,0.0078664307,0.0079160148,0.0077413870,0.0078262861
2013-09-20,0.0005769511,0.0007695980,0.0015976594,0.0024965165,0.0036683521,0.0047863634,0.0068048304,0.0078286581,0.0078934608,0.0077715260,0.0077626197
2013-09-19,0.0005173344,0.0006932800,0.0014610352,0.0024033093,0.0035641746,0.0046925054,0.0067176741,0.0077490204,0.0079659972,0.0081195639,0.0081009027
2013-09-18,0.0006200261,0.0007750795,0.0017075014,0.0025749078,0.0037348781,0.0048485585,0.0068718534,0.0079503049,0.0084625681,0.0081118873,0.0081435708
2013-09-17,0.0005335302,0.0006864880,0.0017270128,0.0026616715,0.0038699947,0.0050426895,0.0070556036,0.0080990733,0.0082556162,0.0081054860,0.0081746216
2013-09-16,0.0005600157,0.0006853795,0.0017061885,0.0026930272,0.0039050350,0.0050574857,0.0070502519,0.0081111219,0.0082863476,0.0081537254,0.0082000259
2013-09-13,0.0005861199,0.0007951680,0.0017988739,0.0027967629,0.0040081133,0.0051448771,0.0071484067,0.0082010785,0.0083817722,0.0082492384,0.0082735574
2013-09-12,0.0005700840,0.0007706178,0.0017780755,0.0027776312,0.0039859536,0.0051260038,0.0071291972,0.0081827355,0.0083854114,0.0082292014,0.0082768305
2013-09-11,0.0005524649,0.0007438374,0.0017776525,0.0027819453,0.0039786118,0.0051212832,0.0071215126,0.0081845312,0.0084262758,0.0082117009,0.0082794228
2013-09-10,0.0004761007,0.0007162975,0.0017517827,0.0027682667,0.0039521334,0.0051324616,0.0071183578,0.0081863599,0.0084559767,0.0082442654,0.0082882677
2013-09-09,0.0006960131,0.0008748167,0.0019265521,0.0029331973,0.0041361275,0.0052962137,0.0072733336,0.0083731043,0.0088315539,0.0085956417,0.0087733232
2013-09-06,0.0007458369,0.0008678388,0.0019685435,0.0029787121,0.0041924804,0.0053589079,0.0073286216,0.0084158033,0.0084453339,0.0081132265,0.0081270763
2013-09-05,0.0007630635,0.0008963658,0.0019812431,0.0029897997,0.0042008385,0.0053678492,0.0073431006,0.0084276179,0.0084285705,0.0082176753,0.0080750689
2013-09-04,0.0008067986,0.0009664061,0.0019773392,0.0030416546,0.0041619989,0.0053267730,0.0073128852,0.0083617485,0.0085247416,0.0086045997,0.0086189740
2013-09-03,0.0006700199,0.0008912749,0.0019689592,0.0029969752,0.0041976854,0.0053495739,0.0073363583,0.0084275950,0.0086988435,0.0084812960,0.0085366215
2013-09-02,0.0006899846,0.0008200948,0.0018656573,0.0029000799,0.0041099262,0.0052849594,0.0072608413,0.0083375514,0.0085671555,0.0085484049,0.0084621420
2013-08-30,0.0007599039,0.0008952614,0.0018814667,0.0029592794,0.0041767647,0.0053947083,0.0073865533,0.0084766718,0.0090967166,0.0093600434,0.0096033522
2013-08-29,0.0007016728,0.0009052384,0.0018589629,0.0029513197,0.0041805589,0.0054077170,0.0073989628,0.0084715653,0.0089083732,0.0091550002,0.0092848282
2013-08-28,0.0007738251,0.0009526053,0.0019301891,0.0030041843,0.0042372281,0.0054511431,0.0074425459,0.0084831480,0.0086468527,0.0087590103,0.0088136189
2013-08-27,0.0007358043,0.0009521644,0.0019942990,0.0030386156,0.0042727394,0.0054551169,0.0074295291,0.0084952159,0.0086257011,0.0085705633,0.0085735976
2013-08-26,0.0006382508,0.0008719131,0.0019063256,0.0029460873,0.0041416335,0.0053691302,0.0073544279,0.0084594000,0.0088858430,0.0086777682,0.0087395856
2013-08-23,0.0006381414,0.0008718495,0.0019052164,0.0029439028,0.0041389025,0.0053663028,0.0073521328,0.0084576686,0.0088827457,0.0086756536,0.0087364050
2013-08-22,0.0006496474,0.0008571640,0.0019273089,0.0029952503,0.0041970143,0.0054040036,0.0073743394,0.0084475177,0.0087025733,0.0085675979,0.0085898580
2013-08-21,0.0007468111,0.0008982497,0.0019180653,0.0030185111,0.0042150814,0.0054405001,0.0074337255,0.0084938692,0.0087220564,0.0088763772,0.0088884305
2013-08-20,0.0007397906,0.0008759330,0.0018930934,0.0029912326,0.0041868772,0.0054143943,0.0074091737,0.0084703569,0.0086991626,0.0088935414,0.0088663310
2013-08-19,0.0007481005,0.0008681192,0.0018587527,0.0029402805,0.0040675648,0.0052652514,0.0072566367,0.0082943483,0.0084769572,0.0086215530,0.0086461554
2013-08-16,0.0006822627,0.0008214235,0.0018169277,0.0028935189,0.0041059826,0.0053169969,0.0073247988,0.0083937444,0.0088584602,0.0089497574,0.0092375975
2013-08-15,0.0007003189,0.0008134234,0.0017907758,0.0028672227,0.0040074636,0.0052032243,0.0071930760,0.0082232005,0.0083796108,0.0084682164,0.0085464326
2013-08-14,0.0006415788,0.0007985651,0.0017744592,0.0028036106,0.0040238013,0.0052161423,0.0072073614,0.0082965123,0.0087098808,0.0085937727,0.0087465643
2013-08-13,0.0006508112,0.0008267980,0.0018091111,0.0028410651,0.0040515924,0.0052568779,0.0072492178,0.0083374206,0.0087275545,0.0086699753,0.0087577575
2013-08-12,0.0007132930,0.0008797010,0.0018307679,0.0029015751,0.0041286887,0.0053584082,0.0073558089,0.0084317436,0.0088567756,0.0090567550,0.0092414528
2013-08-09,0.0006684755,0.0008162245,0.0018133621,0.0029194314,0.0041408668,0.0053763110,0.0073714984,0.0084234285,0.0088020954,0.0089600724,0.0091483225
2013-08-08,0.0006718870,0.0008166440,0.0018128760,0.0029185961,0.0041390262,0.0053736788,0.0073716838,0.0084240419,0.0088012769,0.0089637915,0.0091339787
2013-08-07,0.0006901663,0.0008326764,0.0018277012,0.0029329728,0.0041531135,0.0053734257,0.0073852770,0.0084372075,0.0088498729,0.0089841011,0.0091826101
2013-08-06,0.0006441450,0.0008073322,0.0017930022,0.0028969901,0.0041206069,0.0053366946,0.0073472115,0.0083965189,0.0087455889,0.0089117192,0.0090660674
2013-08-05,0.0006345086,0.0008533889,0.0018608486,0.0029601036,0.0042066381,0.0053943099,0.0073904617,0.0084199968,0.0087025192,0.0089698554,0.0089714371
2013-08-02,0.0006472535,0.0008893195,0.0018954189,0.0029950155,0.0042465063,0.0054277043,0.0074264075,0.0084530595,0.0087225444,0.0089822209,0.0089924518
2013-08-01,0.0006366793,0.0009131171,0.0019066465,0.0030103176,0.0042643165,0.0054298610,0.0074540964,0.0084572531,0.0087144182,0.0089403008,0.0089853837
2013-07-31,0.0007194037,0.0009708958,0.0020184296,0.0031523494,0.0043966245,0.0054902969,0.0074834634,0.0084880761,0.0086554205,0.0087917769,0.0087960490
2013-07-30,0.0007294320,0.0010134808,0.0020322475,0.0031376923,0.0043943581,0.0055515293,0.0075522821,0.0085698445,0.0089062114,0.0088805143,0.0089332661
2013-07-29,0.0008216923,0.0010808331,0.0021292358,0.0033072872,0.0045736024,0.0057775667,0.0077715323,0.0087897710,0.0089918544,0.0091617846,0.0091629849
2013-07-26,0.0008843392,0.0011696422,0.0022228767,0.0033997017,0.0046865504,0.0059264779,0.0079179357,0.0089047828,0.0091194303,0.0092551539,0.0093072434
2013-07-25,0.0009043049,0.0012556033,0.0023530429,0.0035530288,0.0048090365,0.0059375505,0.0079463243,0.0089610551,0.0093193468,0.0093250398,0.0093191389
2013-07-24,0.0008650754,0.0011117800,0.0021350553,0.0033319553,0.0046006833,0.0057327305,0.0077430570,0.0087361886,0.0090502505,0.0093923236,0.0093900898
2013-07-23,0.0008245113,0.0010958350,0.0021357865,0.0033362904,0.0046025749,0.0057442796,0.0077502691,0.0087487654,0.0090388727,0.0093101691,0.0093795779
2013-07-22,0.0008228785,0.0011145430,0.0022244100,0.0034532563,0.0046981517,0.0058800795,0.0078725368,0.0088954035,0.0092200458,0.0093393086,0.0095614093
2013-07-19,0.0009401512,0.0013080932,0.0024133684,0.0036118797,0.0048738820,0.0060499222,0.0080322161,0.0090484568,0.0093699249,0.0093329067,0.0094052069
2013-07-18,0.0009413847,0.0013213368,0.0024383146,0.0036334772,0.0048971529,0.0060723308,0.0080546626,0.0090728338,0.0093955612,0.0093511664,0.0094042984
2013-07-17,0.0010624472,0.0014595423,0.0025800296,0.0037789525,0.0050165262,0.0062292671,0.0082138326,0.0092401479,0.0094652366,0.0093308762,0.0093394838
2013-07-16,0.0010054135,0.0014044318,0.0025639962,0.0037854805,0.0050413529,0.0062319340,0.0082137994,0.0092511461,0.0095351899,0.0095047332,0.0095523008
2013-07-15,0.0009723823,0.0013896048,0.0025596963,0.0038179551,0.0050697053,0.0062549935,0.0082376069,0.0092840357,0.0096354167,0.0095522768,0.0096559072
2013-07-12,0.0010429093,0.0014749618,0.0026450026,0.0039098576,0.0051586850,0.0063497222,0.0083406578,0.0093840819,0.0097472493,0.0096972280,0.0097860866
2013-07-11,0.0009911696,0.0014063815,0.0025805012,0.0038382494,0.0050915091,0.0062805473,0.0082611063,0.0093062341,0.0096732374,0.0095556843,0.0096856117
2013-07-10,0.0011910125,0.0015163924,0.0026407803,0.0038883362,0.0051427064,0.0063607337,0.0083523002,0.0093736325,0.0096894384,0.0098959759,0.0099612092
2013-07-09,0.0010611378,0.0014701719,0.0025884315,0.0038251630,0.0050694728,0.0062727163,0.0082560058,0.0092934711,0.0095924455,0.0095479467,0.0096176616
2013-07-08,0.0011295940,0.0015505022,0.0026876256,0.0039845636,0.0051956338,0.0063842773,0.0083660007,0.0094029116,0.0096892701,0.0096462713,0.0097326185
2013-07-05,0.0011582028,0.0015672127,0.0027281611,0.0040136274,0.0052848214,0.0065013232,0.0084851425,0.0094733503,0.0097268423,0.0096531261,0.0097463557
2013-07-04,0.0011185394,0.0015468198,0.0026265732,0.0038648136,0.0051296967,0.0063455102,0.0083377806,0.0093789517,0.0095276603,0.0094876730,0.0094781135
2013-07-03,0.0015357798,0.0018199712,0.0027975928,0.0039837900,0.0052364855,0.0065111718,0.0085221931,0.0095483689,0.0097926792,0.0098218106,0.0100244904
2013-07-02,0.0014037949,0.0017967570,0.0027969899,0.0039881843,0.0051476726,0.0063551045,0.0083478791,0.0093543942,0.0095411460,0.0094619848,0.0094604089
2013-07-01,0.0013789674,0.0017449697,0.0027515205,0.0039592996,0.0051213648,0.0063393811,0.0083297549,0.0093508583,0.0094897546,0.0094166478,0.0094328647
2013-06-28,0.0014019989,0.0018047863,0.0027999448,0.0039775317,0.0051926943,0.0064076775,0.0083973134,0.0094185665,0.0095668859,0.0095142045,0.0095138060
2013-06-27,0.0013318944,0.0017184578,0.0027353299,0.0039489003,0.0051660915,0.0063769462,0.0083908655,0.0094389133,0.0095783624,0.0092505682,0.0093318576
2013-06-26,0.0011400187,0.0015768698,0.0026517866,0.0039286372,0.0052003615,0.0064318855,0.0084366826,0.0094860968,0.0098287015,0.0094917769,0.0096656905
2013-06-25,0.0016902426,0.0020918744,0.0031509525,0.0043066383,0.0055381198,0.0067335944,0.0087349255,0.0097516626,0.0097425483,0.0095951284,0.0095884626
2013-06-24,0.0016274140,0.0021060720,0.0033450399,0.0044745100,0.0057276019,0.0069047815,0.0088961850,0.0098985979,0.0099532965,0.0098901150,0.0098776358
2013-06-21,0.0016003930,0.0020705086,0.0030448726,0.0041598399,0.0053640032,0.0065378964,0.0085470061,0.0096103497,0.0099813832,0.0096247030,0.0097755236
2013-06-20,0.0016038242,0.0020339994,0.0030981259,0.0041378360,0.0053054934,0.0064454807,0.0084582262,0.0095028425,0.0096980175,0.0095169526,0.0095691569
2013-06-19,0.0010262408,0.0014515801,0.0024154671,0.0033814607,0.0045029578,0.0056493543,0.0076638531,0.0087260508,0.0088558484,0.0083944662,0.0083670893
2013-06-18,0.0010839659,0.0014743894,0.0023973994,0.0033460787,0.0044805169,0.0056580757,0.0076891808,0.0087255331,0.0089015627,0.0087502353,0.0087892903
2013-06-17,0.0010569161,0.0014626169,0.0023986463,0.0033736680,0.0045429089,0.0057283149,0.0076660167,0.0086614402,0.0088500442,0.0086621870,0.0087273510
2013-06-14,0.0011146983,0.0014875371,0.0024417585,0.0034372418,0.0045361864,0.0057178052,0.0077353163,0.0087562237,0.0089782933,0.0088380689,0.0088687246
2013-06-13,0.0013132328,0.0016983874,0.0026358421,0.0036053398,0.0046971609,0.0058880755,0.0079446230,0.0088989418,0.0092289863,0.0092507573,0.0094542628
2013-06-12,0.0010731089,0.0015187639,0.0026041616,0.0036298176,0.0046808362,0.0058199821,0.0078347147,0.0088316133,0.0091549957,0.0090587423,0.0091775471
2013-06-11,0.0011898013,0.0015852047,0.0026268943,0.0036392699,0.0047011915,0.0058535213,0.0078513963,0.0088732316,0.0091970140,0.0091151616,0.0092107565
2013-06-10,0.0010307555,0.0014772229,0.0025085494,0.0034904410,0.0046105266,0.0057254111,0.0077637083,0.0087719561,0.0091665665,0.0089993569,0.0091735924
2013-06-07,0.0010260961,0.0014264005,0.0024225990,0.0033895675,0.0045318220,0.0055979344,0.0076068190,0.0085931717,0.0086605744,0.0085991818,0.0085909698
2013-06-06,0.0012497249,0.0016048065,0.0025778448,0.0035486111,0.0046409055,0.0058197708,0.0078144983,0.0088250600,0.0090149776,0.0090685619,0.0092018235
2013-06-05,0.0009943190,0.0014131897,0.0023513766,0.0033383305,0.0045096233,0.0056974950,0.0077363368,0.0087439596,0.0088239949,0.0086997033,0.0087273657
2013-06-04,0.0009321884,0.0012903360,0.0021145215,0.0030267039,0.0042162057,0.0054370106,0.0074504598,0.0084596819,0.0085664099,0.0085744897,0.0086862555
2013-06-03,0.0009100163,0.0012811373,0.0021906229,0.0031498727,0.0042158388,0.0053772786,0.0073520688,0.0084021447,0.0085050599,0.0083377144,0.0083915916
2013-05-31,0.0008429001,0.0011910149,0.0020209468,0.0029528916,0.0040237011,0.0051915004,0.0071660649,0.0082251700,0.0081788503,0.0079792607,0.0079609132
2013-05-30,0.0007692742,0.0010302383,0.0018233521,0.0027064827,0.0038442482,0.0050248197,0.0070321827,0.0080745158,0.0081814690,0.0082200810,0.0082526824
2013-05-29,0.0007250960,0.0010085537,0.0018293899,0.0027287788,0.0037826790,0.0049254782,0.0069045302,0.0079553590,0.0080350246,0.0078999202,0.0079355510
2013-05-28,0.0006434094,0.0008849263,0.0016842632,0.0025253045,0.0036585381,0.0048207498,0.0068257770,0.0079107742,0.0079262648,0.0076171451,0.0076131162
2013-05-27,0.0006300716,0.0009330082,0.0017418213,0.0025568541,0.0037211406,0.0048595715,0.0068725831,0.0079371710,0.0080063779,0.0078142365,0.0078946879
2013-05-24,0.0005925958,0.0009219587,0.0017301894,0.0025781972,0.0037261831,0.0048524256,0.0068658533,0.0079307064,0.0078060648,0.0076176106,0.0076036925
2013-05-23,0.0006293391,0.0009118205,0.0017262380,0.0025199208,0.0036034514,0.0047236324,0.0067052678,0.0077682913,0.0076851009,0.0075149015,0.0075591121
2013-05-22,0.0006090176,0.0009062223,0.0017257661,0.0025225619,0.0035858616,0.0046594151,0.0066323434,0.0076838281,0.0078377643,0.0076829662,0.0077441034
2013-05-21,0.0006048856,0.0008872408,0.0017487479,0.0025661023,0.0037104154,0.0047941204,0.0068054179,0.0079039485,0.0078215114,0.0075530405,0.0075064064
2013-05-20,0.0006703269,0.0009767396,0.0018186178,0.0025954700,0.0037679868,0.0048766958,0.0068908611,0.0079685673,0.0082483863,0.0078379251,0.0080199626
2013-05-17,0.0007272753,0.0010413901,0.0018809207,0.0027268709,0.0037892038,0.0049064152,0.0069099751,0.0079840032,0.0081587782,0.0076689765,0.0077081024
2013-05-16,0.0007275679,0.0010648575,0.0018787707,0.0027445600,0.0038016708,0.0049289736,0.0069375008,0.0080112637,0.0080169481,0.0077596396,0.0077880296
2013-05-15,0.0007168328,0.0010560166,0.0018726813,0.0027234456,0.0037765166,0.0049108925,0.0069162491,0.0079884113,0.0079813760,0.0077307104,0.0077332550
2013-05-14,0.0006362657,0.0009647894,0.0018234147,0.0026059420,0.0037017575,0.0047996502,0.0067821165,0.0078521016,0.0080048012,0.0079029414,0.0079321803
2013-05-13,0.0005019644,0.0008782878,0.0017326244,0.0025479487,0.0036910944,0.0047914675,0.0068022708,0.0079006517,0.0078015781,0.0075704036,0.0074929278
2013-05-10,0.0004111218,0.0007422002,0.0015721333,0.0023503405,0.0035110688,0.0046187275,0.0066286376,0.0077052904,0.0077926636,0.0075544781,0.0076604755
2013-05-09,0.0003788798,0.0006968582,0.0015092155,0.0023173006,0.0034740310,0.0046153251,0.0066337292,0.0077046845,0.0076057824,0.0073184582,0.0073270367
2013-05-08,0.0002908260,0.0006375927,0.0014591028,0.0022795681,0.0034661774,0.0046162352,0.0066269903,0.0077004975,0.0075864082,0.0072690499,0.0073136725
2013-05-07,0.0003214478,0.0006281197,0.0014559213,0.0022835697,0.0034814766,0.0046379643,0.0066486762,0.0077315223,0.0076492868,0.0073998338,0.0074159627
2013-05-06,0.0003315304,0.0006676514,0.0015125098,0.0023647386,0.0035058689,0.0046686699,0.0066613089,0.0077348171,0.0076267883,0.0074882536,0.0075226163
2013-05-03,0.0003315203,0.0006682095,0.0015130553,0.0023644491,0.0035784940,0.0047514555,0.0067647879,0.0078497866,0.0077340346,0.0075939139,0.0076160440
2013-05-02,0.0004122549,0.0007129669,0.0015995699,0.0024330344,0.0036476673,0.0048461421,0.0068410135,0.0079486603,0.0079117579,0.0076123655,0.0076051980
2013-05-01,0.0004254241,0.0007159006,0.0015988329,0.0024336547,0.0036312478,0.0048252002,0.0068262610,0.0079207228,0.0078665701,0.0075632007,0.0075448899
2013-04-30,0.0004504151,0.0007323313,0.0016233842,0.0024698057,0.0035989099,0.0047843116,0.0067639341,0.0078454325,0.0078004044,0.0075573228,0.0075411435
2013-04-29,0.0003579190,0.0007230221,0.0016505123,0.0025123770,0.0037301155,0.0049281714,0.0069216119,0.0080155607,0.0079150908,0.0075968638,0.0076242282
2013-04-26,0.0004857430,0.0008374046,0.0017628898,0.0026429631,0.0038404709,0.0050432741,0.0070408375,0.0081215531,0.0080344335,0.0077684001,0.0078069265
2013-04-25,0.0004174992,0.0008314321,0.0017609183,0.0026315203,0.0038367119,0.0050490667,0.0070383129,0.0081261050,0.0080377814,0.0076838546,0.0077524124
2013-04-24,0.0004540647,0.0008429528,0.0017769413,0.0026523097,0.0038540307,0.0050585788,0.0070496159,0.0081390710,0.0080361615,0.0077118361,0.0077489257
2013-04-23,0.0005973970,0.0009167250,0.0018659676,0.0027581031,0.0039382623,0.0051254743,0.0071230586,0.0082179253,0.0081714909,0.0078956473,0.0079555002
2013-04-22,0.0006185249,0.0009472079,0.0019001444,0.0028059822,0.0039982083,0.0051775469,0.0071749412,0.0082694654,0.0082055841,0.0079677689,0.0080070107
2013-04-19,0.0006300966,0.0009554586,0.0019068632,0.0028245286,0.0040201500,0.0051954354,0.0071954721,0.0082898758,0.0082020701,0.0080079754,0.0080018457
2013-04-18,0.0006910472,0.0010177614,0.0019638633,0.0028707001,0.0040675199,0.0051501563,0.0071415424,0.0082202757,0.0081715023,0.0080675240,0.0081151204
2013-04-17,0.0006210889,0.0009483093,0.0018861598,0.0027474353,0.0039446210,0.0051625214,0.0071800830,0.0082686225,0.0085085605,0.0083406926,0.0083760416
2013-04-16,0.0006067957,0.0009370268,0.0018870914,0.0027816176,0.0039771277,0.0051724415,0.0071819778,0.0083212361,0.0083751727,0.0080773725,0.0081039735
2013-04-15,0.0006261443,0.0009474119,0.0018859377,0.0027561755,0.0039733150,0.0051834858,0.0071973044,0.0082760542,0.0084417153,0.0079991831,0.0079625649
2013-04-12,0.0005536077,0.0008993086,0.0018331605,0.0026842231,0.0038840594,0.0051139073,0.0071227820,0.0082035254,0.0086844874,0.0082481081,0.0083403965
2013-04-11,0.0006043423,0.0009234275,0.0018720540,0.0027919723,0.0039539712,0.0051363022,0.0071423393,0.0082430524,0.0084464289,0.0083134212,0.0083478667
2013-04-10,0.0006463771,0.0009655759,0.0019103372,0.0027912446,0.0039784775,0.0051929376,0.0072158494,0.0082869233,0.0085799288,0.0085538883,0.0086813748
2013-04-09,0.0006981049,0.0010404695,0.0019793688,0.0028372231,0.0039922439,0.0052050343,0.0072053593,0.0084287322,0.0084554795,0.0083470604,0.0083822514
2013-04-08,0.0007394009,0.0010841204,0.0020056038,0.0028726099,0.0040844076,0.0052297175,0.0072347028,0.0084078355,0.0084704014,0.0083233408,0.0084934610
2013-04-05,0.0007490948,0.0011101904,0.0020388716,0.0028988183,0.0041207656,0.0053703027,0.0073986041,0.0084618683,0.0087858885,0.0084845685,0.0086137352
2013-04-04,0.0007584724,0.0011197796,0.0020559953,0.0029216870,0.0041448331,0.0053859025,0.0074130247,0.0084781480,0.0087854954,0.0085099230,0.0086110349
2013-04-03,0.0008570838,0.0012372009,0.0022196281,0.0031209268,0.0042736567,0.0054462006,0.0074447839,0.0085165199,0.0086344422,0.0085464538,0.0085525597
2013-04-02,0.0008738966,0.0012324974,0.0022292433,0.0031391033,0.0043741525,0.0054670871,0.0074648914,0.0086620923,0.0086732526,0.0087198966,0.0086018259
2013-04-01,0.0008886534,0.0012406645,0.0021887494,0.0030439912,0.0043041051,0.0054448870,0.0074526475,0.0085303891,0.0087110433,0.0086162533,0.0086351741
2013-03-29,0.0009005501,0.0012487466,0.0022388884,0.0031406962,0.0043029228,0.0054760511,0.0074750544,0.0085431066,0.0087128303,0.0086082576,0.0086181549
2013-03-28,0.0009006304,0.0012487740,0.0022386950,0.0031402973,0.0043024247,0.0054755122,0.0074740882,0.0085424808,0.0087121906,0.0086078644,0.0086177919
2013-03-27,0.0009157111,0.0012454600,0.0021823948,0.0030436583,0.0042451269,0.0054223176,0.0074298218,0.0084694449,0.0086865782,0.0085685483,0.0086015995
2013-03-26,0.0007311184,0.0010655091,0.0020556903,0.0029672367,0.0041944856,0.0053067346,0.0073127630,0.0083667891,0.0087387959,0.0083690674,0.0084756317
2013-03-25,0.0007581564,0.0010791686,0.0020495088,0.0029501379,0.0040954100,0.0052300159,0.0072338005,0.0082711871,0.0086190046,0.0083278438,0.0084240642
2013-03-22,0.0007746614,0.0010941447,0.0020671682,0.0029730070,0.0041127833,0.0052519322,0.0072560656,0.0082926680,0.0086179769,0.0083691004,0.0085691636
2013-03-21,0.0007740397,0.0011048575,0.0020862100,0.0029798910,0.0040710802,0.0052541465,0.0072611632,0.0082913217,0.0086183373,0.0083663951,0.0084500744
2013-03-20,0.0007694226,0.0010968862,0.0020704465,0.0029595479,0.0040528565,0.0052302584,0.0072346978,0.0082647441,0.0085841715,0.0083550137,0.0085434708
2013-03-19,0.0006710571,0.0009670837,0.0018879087,0.0027661756,0.0039607941,0.0051270108,0.0071286093,0.0081688491,0.0085529975,0.0084126144,0.0085585622
2013-03-18,0.0006612700,0.0009700086,0.0018597565,0.0027210853,0.0039372600,0.0051239065,0.0071259802,0.0081736178,0.0084177640,0.0081858781,0.0082967393
2013-03-15,0.0006105546,0.0008782925,0.0017630804,0.0026115913,0.0038355301,0.0050058323,0.0070120329,0.0080680203,0.0084483591,0.0081654998,0.0082411804
2013-03-14,0.0006131650,0.0009053935,0.0018070221,0.0027072159,0.0038688290,0.0050049979,0.0070014792,0.0080355351,0.0083697740,0.0083252975,0.0084850757
2013-03-13,0.0006398428,0.0009297115,0.0018217665,0.0027835663,0.0039472448,0.0050731033,0.0070762398,0.0080955388,0.0083876820,0.0086608808,0.0087888301
2013-03-12,0.0006440910,0.0009145627,0.0018068110,0.0027712359,0.0039374633,0.0050620488,0.0070665071,0.0080919511,0.0083890479,0.0086801708,0.0086698210
2013-03-11,0.0005996911,0.0008967261,0.0017902451,0.0027747206,0.0039662447,0.0051674672,0.0072005291,0.0082875791,0.0085683416,0.0088059816,0.0088489495
2013-03-08,0.0006484896,0.0009030619,0.0017998626,0.0028041013,0.0040340020,0.0051510996,0.0071704384,0.0084113668,0.0082581414,0.0083908794,0.0082609979
2013-03-07,0.0007023902,0.0010030587,0.0018373999,0.0028301561,0.0040961491,0.0052382659,0.0072474799,0.0083648484,0.0085592135,0.0086377355,0.0088680011
2013-03-06,0.0006992535,0.0010462560,0.0018876796,0.0028878546,0.0041612542,0.0053942410,0.0073824430,0.0085066438,0.0088634258,0.0087534888,0.0088844209
2013-03-05,0.0007904571,0.0011125577,0.0019717251,0.0029917563,0.0041654943,0.0053646471,0.0073329767,0.0084061131,0.0086414334,0.0084509469,0.0085094158
2013-03-04,0.0007701431,0.0011122375,0.0019586875,0.0029864832,0.0041558485,0.0053773703,0.0073475614,0.0084116743,0.0087912930,0.0086608741,0.0088247495
2013-03-01,0.0007929274,0.0011369802,0.0018846802,0.0029697396,0.0041090686,0.0053803188,0.0073194852,0.0083969853,0.0086807560,0.0085608492,0.0085893935
2013-02-28,0.0007033502,0.0010689100,0.0018719165,0.0029491872,0.0041593641,0.0054283064,0.0073864674,0.0085060700,0.0089406335,0.0088208110,0.0089676045
2013-02-27,0.0008238578,0.0011546691,0.0019616952,0.0030590457,0.0043097372,0.0055483833,0.0075422471,0.0086074579,0.0091114748,0.0089609964,0.0091028368
2013-02-26,0.0009205076,0.0012137008,0.0020923225,0.0032194820,0.0043649829,0.0055765677,0.0075972703,0.0086435217,0.0089670084,0.0090631974,0.0093217639
2013-02-25,0.0007999425,0.0010764107,0.0019139276,0.0030511154,0.0042140763,0.0053925268,0.0074119507,0.0085172441,0.0085035332,0.0085645963,0.0085048123
2013-02-22,0.0008006042,0.0011036414,0.0019335824,0.0030690277,0.0043199648,0.0055248810,0.0075713467,0.0086317753,0.0086499311,0.0085299646,0.0086537463
2013-02-21,0.0007937063,0.0011023821,0.0019352146,0.0030660758,0.0043149257,0.0055238488,0.0075695303,0.0086433843,0.0086502622,0.0086361813,0.0086531890
2013-02-20,0.0007599377,0.0011041951,0.0019599985,0.0030591879,0.0042933699,0.0055293213,0.0075652799,0.0087307902,0.0087508739,0.0088513912,0.0087472734
2013-02-19,0.0008693370,0.0011649255,0.0020109432,0.0030960804,0.0043162692,0.0055888530,0.0075835708,0.0086581240,0.0089089748,0.0087227545,0.0087898528
2013-02-18,0.0009185283,0.0011857677,0.0020431777,0.0031501741,0.0043636525,0.0056217957,0.0076358861,0.0086972026,0.0089079804,0.0090507866,0.0091599752
2013-02-15,0.0009030645,0.0011826875,0.0020312434,0.0031686043,0.0043861810,0.0056418003,0.0076385174,0.0087120052,0.0088360830,0.0086765126,0.0088389133
2013-02-14,0.0009121488,0.0011366497,0.0019819571,0.0031084798,0.0043580264,0.0055972627,0.0075977915,0.0087082393,0.0090032161,0.0090178459,0.0092587518
2013-02-13,0.0008563792,0.0011966975,0.0020787262,0.0032196612,0.0044743465,0.0057125336,0.0076913098,0.0088106075,0.0090803400,0.0087445550,0.0089580215
2013-02-12,0.0009200726,0.0012629069,0.0021165937,0.0032417868,0.0045057628,0.0057572795,0.0077297284,0.0088553349,0.0090448671,0.0087317824,0.0087947528
2013-02-11,0.0009885031,0.0013327795,0.0021551510,0.0032640645,0.0045373998,0.0058023760,0.0077683389,0.0089002894,0.0090095328,0.0087190285,0.0086344599
2013-02-08,0.0009837634,0.0013192573,0.0021920168,0.0033193918,0.0045635325,0.0058326624,0.0078036478,0.0088599268,0.0090660800,0.0089288851,0.0089858635
2013-02-07,0.0009985276,0.0013379145,0.0022004472,0.0033263386,0.0045709566,0.0058381127,0.0078096530,0.0088715706,0.0090662130,0.0089644990,0.0089863450
2013-02-06,0.0010255095,0.0013154514,0.0022079060,0.0033210861,0.0045604269,0.0058221132,0.0077954542,0.0089037294,0.0091047084,0.0089938507,0.0090333300
2013-02-05,0.0010790984,0.0013882124,0.0022815882,0.0033490187,0.0045897912,0.0057458225,0.0076913619,0.0089286587,0.0089770531,0.0088892070,0.0090486908
2013-02-04,0.0010999805,0.0014304566,0.0022712400,0.0033870199,0.0045563299,0.0057815981,0.0077504844,0.0088773712,0.0088397999,0.0089336057,0.0088400341
2013-02-01,0.0010364689,0.0013444414,0.0021896904,0.0032944539,0.0045287184,0.0056569548,0.0076324000,0.0088353425,0.0088404060,0.0089095966,0.0088915073
2013-01-31,0.0010101725,0.0013840112,0.0022010636,0.0033170330,0.0045414407,0.0057644210,0.0077577239,0.0089427420,0.0091963164,0.0093481628,0.0093948224
2013-01-30,0.0009933636,0.0012907116,0.0020837830,0.0032049445,0.0044109512,0.0055270492,0.0075013452,0.0086725507,0.0090399013,0.0092157370,0.0092718025
2013-01-29,0.0009866597,0.0012685779,0.0020619321,0.0031831762,0.0043876150,0.0055956391,0.0075851358,0.0086385386,0.0088905063,0.0091737999,0.0092501839
2013-01-28,0.0009147514,0.0011708386,0.0019232062,0.0030514757,0.0042509954,0.0054636111,0.0074224119,0.0084695850,0.0088325560,0.0089833961,0.0091885972
2013-01-25,0.0008885944,0.0011358532,0.0018934743,0.0030403468,0.0042297101,0.0054604703,0.0073990599,0.0084909607,0.0087200819,0.0088739551,0.0089723882
2013-01-24,0.0008958742,0.0011566297,0.0019408437,0.0030811712,0.0042703176,0.0055001507,0.0074555431,0.0086340028,0.0089712313,0.0090156248,0.0092281152
2013-01-23,0.0008303581,0.0011246046,0.0019126391,0.0030235797,0.0042245495,0.0054683995,0.0074015458,0.0085522972,0.0088165847,0.0086908979,0.0087221311
2013-01-22,0.0008078752,0.0011022980,0.0018785789,0.0029896007,0.0041984186,0.0054449250,0.0073785442,0.0085297340,0.0087661783,0.0086519054,0.0086826277
2013-01-21,0.0007781985,0.0010634585,0.0018271500,0.0029378641,0.0041338334,0.0052981219,0.0071985281,0.0082789966,0.0084712594,0.0083842010,0.0084281961
2013-01-18,0.0008236555,0.0011097170,0.0018868240,0.0029732086,0.0041034189,0.0053506942,0.0072407586,0.0083807612,0.0084214299,0.0082738789,0.0082463897
2013-01-17,0.0007978583,0.0011381589,0.0019181468,0.0030094969,0.0042295243,0.0054840119,0.0074220764,0.0086338408,0.0088321064,0.0087508861,0.0087585872
2013-01-16,0.0008013930,0.0011759469,0.0019412846,0.0030525868,0.0042986683,0.0055552145,0.0074697315,0.0086547116,0.0086970570,0.0085459553,0.0084434647
2013-01-15,0.0007703749,0.0011448123,0.0019242587,0.0030403516,0.0042711553,0.0055231003,0.0074526812,0.0086227751,0.0088119227,0.0087475743,0.0087383683
2013-01-14,0.0007565658,0.0010473389,0.0018644261,0.0029744068,0.0042068665,0.0054352383,0.0073615531,0.0085226143,0.0087659504,0.0086493684,0.0086595425
2013-01-11,0.0006979736,0.0010162843,0.0018111202,0.0029085087,0.0041402839,0.0053831620,0.0073202932,0.0085134382,0.0087426408,0.0086675054,0.0086555787
2013-01-10,0.0007090008,0.0010225906,0.0018279756,0.0029344274,0.0041583655,0.0053875436,0.0073233230,0.0084836069,0.0087270378,0.0086411504,0.0086285106
2013-01-09,0.0006470354,0.0010132114,0.0018205704,0.0029233659,0.0041582555,0.0053986492,0.0073338122,0.0084946365,0.0087267350,0.0086614435,0.0086496405
2013-01-08,0.0007028332,0.0010636282,0.0018726735,0.0029741335,0.0041909683,0.0054243248,0.0073675205,0.0085207562,0.0088743297,0.0088517321,0.0088953876
2013-01-07,0.0006801332,0.0009451494,0.0017697091,0.0028829464,0.0041039479,0.0053640328,0.0073185775,0.0085371511,0.0088542242,0.0090841480,0.0090737840
2013-01-04,0.0007763212,0.0010594950,0.0019312876,0.0030316276,0.0042745011,0.0054950420,0.0074319890,0.0085962596,0.0088367543,0.0091657387,0.0089971586
2013-01-03,0.0007555733,0.0010687960,0.0019139914,0.0030079852,0.0042365307,0.0054873919,0.0074476047,0.0086949677,0.0090877880,0.0093903425,0.0093837009
2013-01-02,0.0008141590,0.0011299110,0.0020935213,0.0031674064,0.0044089057,0.0056290884,0.0075939983,0.0088437931,0.0091998062,0.0094125525,0.0094945670
2013-01-01,0.0008999462,0.0012394374,0.0021722610,0.0033166084,0.0044987787,0.0056968720,0.0075179655,0.0086042858,0.0086031714,0.0087560760,0.0086073488
2012-12-31,0.0008999530,0.0012394567,0.0021723586,0.0033167633,0.0044989187,0.0056969786,0.0075179958,0.0086042807,0.0086032262,0.0087560756,0.0086073977
2012-12-28,0.0009037480,0.0012246813,0.0021559865,0.0032826295,0.0044695297,0.0056595028,0.0075175529,0.0086438762,0.0088132477,0.0090716709,0.0089494445
2012-12-27,0.0007899104,0.0011816338,0.0020978699,0.0032337220,0.0044735243,0.0056689763,0.0075739260,0.0088126264,0.0093615853,0.0095800130,0.0096554256
2012-12-26,0.0007897070,0.0011753454,0.0020946747,0.0032256450,0.0044667896,0.0056648404,0.0075775485,0.0088109314,0.0093599273,0.0095053911,0.0096528214
2012-12-25,0.0008052263,0.0011859634,0.0020963859,0.0032283958,0.0044828822,0.0056972665,0.0075232342,0.0086626484,0.0089993618,0.0088729807,0.0089118729
2012-12-24,0.0008052338,0.0011859717,0.0020964267,0.0032284865,0.0044829945,0.0056974002,0.0075233620,0.0086627444,0.0089994896,0.0088730749,0.0089119718
2012-12-21,0.0007933448,0.0011251229,0.0020725688,0.0031673333,0.0044243972,0.0056476559,0.0076327853,0.0088388853,0.0091329618,0.0092036475,0.0092448883
2012-12-20,0.0007949549,0.0011315222,0.0020632916,0.0031588513,0.0044148845,0.0056349671,0.0076095207,0.0088026373,0.0090836709,0.0091415166,0.0092056127
2012-12-19,0.0007910687,0.0011078777,0.0019583147,0.0030333717,0.0042789540,0.0054860679,0.0074471423,0.0086014917,0.0089367714,0.0089941085,0.0090751299
2012-12-18,0.0006989214,0.0010811578,0.0019633894,0.0030640681,0.0042312563,0.0054153647,0.0072878527,0.0083642303,0.0085451918,0.0086807257,0.0087500429
2012-12-17,0.0007593097,0.0011518995,0.0020398926,0.0031254271,0.0043277628,0.0055534318,0.0074339362,0.0085185480,0.0090683881,0.0092080247,0.0095017707
2012-12-14,0.0007806149,0.0011312617,0.0020142988,0.0031095038,0.0043145497,0.0055482255,0.0074395342,0.0085664447,0.0090442810,0.0091647573,0.0093918427
2012-12-13,0.0007913830,0.0011212011,0.0020308595,0.0031164189,0.0043148317,0.0055527184,0.0073916005,0.0085081006,0.0087569310,0.0088575845,0.0089210154
2012-12-12,0.0008086604,0.0011270056,0.0020747338,0.0031174028,0.0043163997,0.0055539914,0.0073960416,0.0085191270,0.0087580937,0.0089197906,0.0089227233
2012-12-11,0.0008158646,0.0011660844,0.0020807473,0.0031267801,0.0043246880,0.0055592403,0.0074186203,0.0085872456,0.0090838604,0.0092226500,0.0094319146
2012-12-10,0.0008397511,0.0011982546,0.0021530649,0.0032052828,0.0044110194,0.0056447819,0.0075032320,0.0086714625,0.0091616959,0.0092869422,0.0095077342
2012-12-07,0.0007633181,0.0010883731,0.0020713827,0.0031438298,0.0044066841,0.0056308153,0.0075778139,0.0087629841,0.0089363826,0.0092284950,0.0090853934
2012-12-06,0.0007026033,0.0010402606,0.0021243872,0.0031650211,0.0044416222,0.0056651624,0.0076411254,0.0089141898,0.0092449553,0.0095363355,0.0094618055
2012-12-05,0.0006808243,0.0010359844,0.0021252768,0.0031873932,0.0043874068,0.0055921744,0.0075052705,0.0087364906,0.0089964518,0.0092451598,0.0092017761
2012-12-04,0.0007300003,0.0010703847,0.0020801106,0.0031578078,0.0044501996,0.0057012884,0.0076494818,0.0088658903,0.0092858752,0.0096190459,0.0095753530
2012-12-03,0.0007176119,0.0010753231,0.0020838374,0.0031968739,0.0044874812,0.0057413438,0.0076777431,0.0088362773,0.0092153368,0.0095131674,0.0095024583
2012-11-30,0.0007481415,0.0010960230,0.0020697115,0.0032407078,0.0045309652,0.0057956224,0.0077825157,0.0090244039,0.0093490928,0.0096458173,0.0095246637
2012-11-29,0.0007460085,0.0010963176,0.0020695997,0.0032399758,0.0045298015,0.0057946261,0.0077572206,0.0089872342,0.0092894372,0.0095706255,0.0094737120
2012-11-28,0.0007974495,0.0011850286,0.0021067137,0.0032863117,0.0045822783,0.0058358848,0.0076860797,0.0088807674,0.0093342375,0.0092864596,0.0092829588
2012-11-27,0.0006628388,0.0010019687,0.0019578547,0.0031680012,0.0044593347,0.0057539558,0.0075543906,0.0085821036,0.0091875219,0.0089039630,0.0091386424
2012-11-26,0.0007501707,0.0010602656,0.0020645802,0.0032207541,0.0045167422,0.0058095423,0.0075519253,0.0086228668,0.0089245914,0.0087085135,0.0087135491
2012-11-23,0.0006805871,0.0010156656,0.0019621015,0.0031803316,0.0044739725,0.0057665459,0.0075675397,0.0085953316,0.0092103009,0.0089423864,0.0091764907
2012-11-22,0.0007160323,0.0010478601,0.0020531950,0.0032941309,0.0045063193,0.0057624231,0.0074387136,0.0083654951,0.0086568865,0.0083752800,0.0085125403
2012-11-21,0.0006969652,0.0011000030,0.0021205704,0.0033893635,0.0045970763,0.0058477929,0.0074804020,0.0083295384,0.0085747147,0.0082696190,0.0084402856
2012-11-20,0.0007742425,0.0011810705,0.0022255622,0.0035033146,0.0046958919,0.0059605423,0.0075919764,0.0084410350,0.0086709762,0.0083437844,0.0085381634
2012-11-19,0.0008938777,0.0013389486,0.0023900287,0.0036906356,0.0048788588,0.0061425923,0.0077784681,0.0086671670,0.0089297027,0.0085161336,0.0087562212
2012-11-16,0.0009531082,0.0014007785,0.0024635487,0.0037685874,0.0049669887,0.0062171387,0.0078526985,0.0087410974,0.0090577482,0.0086237272,0.0088627785
2012-11-15,0.0008818076,0.0012720136,0.0023975053,0.0035920945,0.0047771536,0.0060351305,0.0077201699,0.0085979981,0.0090330644,0.0086985835,0.0089931162
2012-11-14,0.0008548936,0.0012316681,0.0023577257,0.0035338138,0.0048242916,0.0061029510,0.0077587904,0.0086058129,0.0092208552,0.0088455428,0.0091417213
2012-11-13,0.0008549000,0.0012459336,0.0023718945,0.0035480068,0.0048385177,0.0061172228,0.0077731629,0.0086202228,0.0092200282,0.0088453325,0.0091412138
2012-11-12,0.0008150755,0.0012422942,0.0023640511,0.0035469488,0.0048419423,0.0061081869,0.0077569249,0.0086181847,0.0091840886,0.0088433165,0.0091046348
2012-11-09,0.0008621349,0.0012567743,0.0023532888,0.0035289120,0.0047381748,0.0059994298,0.0075760926,0.0084660912,0.0089819687,0.0087809613,0.0089492341
2012-11-08,0.0007994635,0.0012429748,0.0023410694,0.0035319177,0.0046979733,0.0059575381,0.0075550611,0.0084001859,0.0089095642,0.0086196390,0.0088726918
2012-11-07,0.0007710144,0.0012179861,0.0023139662,0.0034904886,0.0046704791,0.0059180397,0.0074467455,0.0083360709,0.0088160366,0.0086222625,0.0088174408
2012-11-06,0.0007416439,0.0011944801,0.0022894134,0.0034619858,0.0046423615,0.0058899416,0.0074187699,0.0083083064,0.0087484003,0.0085722628,0.0087662881
2012-11-05,0.0007559796,0.0012279747,0.0023231228,0.0034959042,0.0046768197,0.0059244452,0.0074631513,0.0083427925,0.0087830872,0.0085937893,0.0087892511
2012-11-02,0.0007214574,0.0011893190,0.0022868358,0.0034676751,0.0046486420,0.0058963889,0.0074389658,0.0083144614,0.0087157811,0.0084926789,0.0087500649
2012-11-01,0.0007441022,0.0012207334,0.0023090251,0.0035184498,0.0046719708,0.0059228961,0.0075814708,0.0086439909,0.0090602881,0.0090765609,0.0091724137
2012-10-31,0.0007819909,0.0012129233,0.0023779252,0.0035904524,0.0047800001,0.0060079433,0.0076334420,0.0086727732,0.0088440973,0.0087014852,0.0088574327
2012-10-30,0.0008217806,0.0012869175,0.0024460419,0.0036615717,0.0049286862,0.0061535270,0.0078046276,0.0088739795,0.0089653030,0.0087865982,0.0088953236
2012-10-29,0.0009376701,0.0013266091,0.0024974585,0.0037358931,0.0049998483,0.0062810254,0.0079270631,0.0088337191,0.0090671575,0.0087029847,0.0089120745
2012-10-26,0.0009580808,0.0013298615,0.0024529841,0.0037071375,0.0049844806,0.0062445403,0.0078422227,0.0087003921,0.0090177103,0.0088035521,0.0088350019
2012-10-25,0.0009147506,0.0013186197,0.0024290080,0.0036894314,0.0049623836,0.0062307889,0.0077723191,0.0085423049,0.0086517695,0.0085562951,0.0085491661
2012-10-24,0.0008352039,0.0012458560,0.0023948086,0.0036191339,0.0048971328,0.0061882404,0.0077443694,0.0085715158,0.0088514646,0.0086282718,0.0086440165
2012-10-23,0.0007802199,0.0012174752,0.0023523729,0.0035910484,0.0048691561,0.0061604250,0.0077169665,0.0085442374,0.0088017065,0.0086043575,0.0086122069
2012-10-22,0.0007819230,0.0012070997,0.0023948676,0.0035426502,0.0048179570,0.0061011721,0.0077154938,0.0085620116,0.0091646464,0.0088583604,0.0090823478
2012-10-19,0.0008002302,0.0012219583,0.0023828300,0.0035741004,0.0048483351,0.0061024908,0.0077116411,0.0085953236,0.0090793470,0.0089843026,0.0092432438
2012-10-18,0.0008003806,0.0012456745,0.0023989445,0.0035855659,0.0048502697,0.0061106603,0.0076717646,0.0084810337,0.0089694161,0.0088789108,0.0091874020
2012-10-17,0.0008098030,0.0012575125,0.0023433296,0.0035723473,0.0048232216,0.0060782029,0.0076063109,0.0085321245,0.0088840579,0.0088809784,0.0088782947
2012-10-16,0.0007743055,0.0011866263,0.0023422922,0.0035904554,0.0048925921,0.0061585705,0.0077826554,0.0087696731,0.0090880575,0.0088594117,0.0089352438
2012-10-15,0.0008729807,0.0013280573,0.0024100268,0.0036994327,0.0049436139,0.0062247569,0.0077958109,0.0086204307,0.0089886627,0.0085787505,0.0088413963
2012-10-12,0.0008147087,0.0012636282,0.0023407133,0.0036448677,0.0048790551,0.0061859068,0.0077758963,0.0085776759,0.0092415910,0.0084633487,0.0088476970
2012-10-11,0.0008845260,0.0013674020,0.0024463866,0.0037530754,0.0050119649,0.0062992093,0.0078889546,0.0086908869,0.0093395025,0.0085956723,0.0089126644
2012-10-10,0.0011218631,0.0014543229,0.0026497086,0.0038814603,0.0051390757,0.0064088942,0.0080783606,0.0089020089,0.0093744653,0.0090784727,0.0093483916
2012-10-09,0.0010577475,0.0013707087,0.0025606160,0.0037795019,0.0050400048,0.0062977797,0.0079678659,0.0087916453,0.0093024509,0.0090192403,0.0092703048
2012-10-08,0.0008971460,0.0012869625,0.0023986592,0.0036728259,0.0049189618,0.0062037656,0.0078400783,0.0086550601,0.0089569734,0.0086611068,0.0089416577
2012-10-05,0.0008668425,0.0012328119,0.0023506807,0.0036022848,0.0048673943,0.0061264503,0.0077180298,0.0085684740,0.0089516613,0.0087135926,0.0087979348
2012-10-04,0.0009246314,0.0013045464,0.0024137352,0.0036822086,0.0049489012,0.0062177674,0.0077513449,0.0085122048,0.0087538173,0.0086319094,0.0086507556
2012-10-03,0.0009251828,0.0013257700,0.0024401104,0.0037049102,0.0049667411,0.0062325950,0.0077682443,0.0085555807,0.0088040493,0.0086820287,0.0087179020
2012-10-02,0.0010373547,0.0013639674,0.0025527006,0.0037306611,0.0049939069,0.0062441540,0.0078586786,0.0087114312,0.0092258828,0.0090340887,0.0091861758
2012-10-01,0.0011207950,0.0014788844,0.0026451837,0.0037971733,0.0050625706,0.0063081425,0.0078629286,0.0087744967,0.0091997541,0.0091057210,0.0091647350
2012-09-28,0.0010967064,0.0015560664,0.0026991121,0.0038720765,0.0051263720,0.0063528176,0.0079028934,0.0088766911,0.0092260008,0.0091270363,0.0092090639
2012-09-27,0.0010068565,0.0015371293,0.0026082577,0.0038809457,0.0051349895,0.0063595366,0.0078704480,0.0088494811,0.0089198437,0.0088392753,0.0089366004
2012-09-26,0.0010955017,0.0014877497,0.0026536918,0.0038929647,0.0051744078,0.0064314844,0.0078911809,0.0088154233,0.0093512364,0.0092827809,0.0093987236
2012-09-25,0.0009214380,0.0012848611,0.0023879626,0.0036318031,0.0048838836,0.0061475521,0.0076710133,0.0085227426,0.0087006297,0.0085870734,0.0086198438
2012-09-24,0.0007921248,0.0011985330,0.0022913662,0.0034965787,0.0047292812,0.0059804586,0.0075147040,0.0083738459,0.0085318907,0.0084106202,0.0084449851
2012-09-21,0.0006718935,0.0011003160,0.0021942651,0.0033866342,0.0046473994,0.0058815929,0.0074161482,0.0082749252,0.0084072774,0.0082679229,0.0083030161
2012-09-20,0.0008171715,0.0011888615,0.0022885397,0.0034680364,0.0047493839,0.0059691174,0.0075028696,0.0083476783,0.0083851677,0.0083542465,0.0083280763
2012-09-19,0.0006324549,0.0009824521,0.0020408193,0.0032284112,0.0044773678,0.0057155083,0.0072109449,0.0080732458,0.0082035089,0.0081587531,0.0081266591
2012-09-18,0.0006525339,0.0010003933,0.0020610567,0.0032517038,0.0045111055,0.0057442871,0.0072393821,0.0081015214,0.0082360697,0.0081833397,0.0081509426
2012-09-17,0.0005623228,0.0009541480,0.0020920347,0.0033363099,0.0046059956,0.0058322388,0.0072362330,0.0081777920,0.0082023850,0.0082212186,0.0081917043
2012-09-14,0.0006845913,0.0012177479,0.0023105724,0.0035446182,0.0047717944,0.0060055817,0.0074030198,0.0083133095,0.0085488594,0.0082025185,0.0083729446
2012-09-13,0.0006196073,0.0012237317,0.0024743512,0.0037638435,0.0050276275,0.0062432288,0.0076567310,0.0086145257,0.0086597222,0.0086592295,0.0086808905
2012-09-12,0.0006812136,0.0011517379,0.0023094023,0.0036121978,0.0049217447,0.0061778410,0.0075879940,0.0085145170,0.0084818020,0.0084555284,0.0083661712
2012-09-11,0.0008356043,0.0013827124,0.0024756420,0.0037844527,0.0050914248,0.0063176125,0.0077174434,0.0086335235,0.0085479379,0.0085036787,0.0084855378
2012-09-10,0.0006686030,0.0011815420,0.0023707106,0.0037529622,0.0050856372,0.0063358548,0.0076878115,0.0085986472,0.0085523719,0.0085209040,0.0084485418
2012-09-07,0.0006013894,0.0011169435,0.0024077505,0.0037670976,0.0050760015,0.0062847810,0.0076122860,0.0086070514,0.0086451883,0.0086246342,0.0086231383
2012-09-06,0.0007011429,0.0012164146,0.0026172366,0.0040545937,0.0054156944,0.0066198685,0.0079741783,0.0089524496,0.0088557196,0.0088634117,0.0087727030
2012-09-05,0.0008038874,0.0013522873,0.0027573527,0.0041905449,0.0055303465,0.0068265618,0.0081292119,0.0091072320,0.0091610743,0.0091728922,0.0091578981
2012-09-04,0.0009437126,0.0014724756,0.0028112044,0.0041838326,0.0055583948,0.0068435782,0.0081800244,0.0091304775,0.0090930152,0.0091029170,0.0089763745
2012-09-03,0.0009657694,0.0016125308,0.0030021785,0.0043989945,0.0057617711,0.0070225747,0.0083351201,0.0093084372,0.0092413194,0.0092386743,0.0091563834
2012-08-31,0.0009700273,0.0016076318,0.0030072776,0.0043894502,0.0057547093,0.0070167332,0.0083202435,0.0092839212,0.0092356823,0.0092341443,0.0091630277
2012-08-30,0.0009940964,0.0017602927,0.0031040927,0.0044407091,0.0057551386,0.0070381170,0.0083233599,0.0092596529,0.0092370838,0.0092487383,0.0092288141
2012-08-29,0.0013458000,0.0019495522,0.0034369067,0.0048743487,0.0062337440,0.0074571702,0.0088047858,0.0098177979,0.0097380890,0.0097739590,0.0096212033
2012-08-28,0.0012970006,0.0018912389,0.0033566631,0.0048358999,0.0061907804,0.0074632215,0.0087839256,0.0097561729,0.0096872456,0.0097193674,0.0095688818
2012-08-27,0.0012968578,0.0018907110,0.0033563470,0.0048348928,0.0061907991,0.0074627909,0.0087835491,0.0097560637,0.0096870395,0.0097191224,0.0095684325
2012-08-24,0.0012968460,0.0018899602,0.0033560135,0.0048348745,0.0061902744,0.0074627971,0.0087838859,0.0097560053,0.0096881723,0.0097199259,0.0095709971
2012-08-23,0.0010808070,0.0017521267,0.0032424800,0.0047386331,0.0060889161,0.0073659859,0.0086855088,0.0096516879,0.0096156388,0.0095935289,0.0094994935
2012-08-22,0.0012206095,0.0017824709,0.0032225371,0.0046045096,0.0059195668,0.0072094760,0.0085102351,0.0095343202,0.0095237279,0.0096086464,0.0097050497
2012-08-21,0.0011613663,0.0017401600,0.0032372861,0.0046488216,0.0059667567,0.0072204773,0.0085211882,0.0095256139,0.0094845323,0.0094644258,0.0093898895
2012-08-20,0.0011824388,0.0018468896,0.0033232092,0.0047351813,0.0060356530,0.0072695783,0.0085931346,0.0095648592,0.0094863675,0.0095423579,0.0093277860
2012-08-17,0.0011258041,0.0020940864,0.0035071060,0.0048698944,0.0061047238,0.0073681290,0.0086626110,0.0096509268,0.0097717126,0.0096641821,0.0097715121
2012-08-16,0.0011594905,0.0019542393,0.0034234577,0.0048545236,0.0061435812,0.0073878784,0.0086852079,0.0097328013,0.0098044805,0.0097301603,0.0098040897
2012-08-15,0.0011255369,0.0018709952,0.0033547123,0.0047837917,0.0060793432,0.0073455703,0.0086460125,0.0096635989,0.0098046265,0.0097302709,0.0098042266
2012-08-14,0.0011592323,0.0019252207,0.0034096281,0.0048248409,0.0061299434,0.0073837861,0.0087063780,0.0097144043,0.0096897797,0.0096157173,0.0095729794
2012-08-13,0.0012002179,0.0019348985,0.0034305112,0.0048429503,0.0061679401,0.0074238373,0.0087358064,0.0097289368,0.0096826107,0.0096229647,0.0095880594
2012-08-10,0.0013072047,0.0019716741,0.0034497121,0.0048484480,0.0061760132,0.0074137354,0.0086899177,0.0097168390,0.0096780333,0.0096634374,0.0095610313
2012-08-09,0.0015253666,0.0020941991,0.0035485045,0.0049216986,0.0062365164,0.0075053406,0.0088144739,0.0097857527,0.0097259050,0.0097020143,0.0096081228
2012-08-08,0.0013045683,0.0021293152,0.0036002653,0.0049715171,0.0062974811,0.0075515008,0.0088457414,0.0098221723,0.0097268728,0.0097219782,0.0096480808
2012-08-07,0.0013313815,0.0022103186,0.0036851889,0.0050610574,0.0063917715,0.0076409813,0.0089175299,0.0099247492,0.0098984798,0.0098816212,0.0098030570
2012-08-06,0.0014277950,0.0022124260,0.0036665029,0.0050580301,0.0063717430,0.0076527781,0.0088905096,0.0099264278,0.0100132474,0.0099072204,0.0099695790
2012-08-03,0.0015017263,0.0024711199,0.0039184974,0.0053209484,0.0066545815,0.0079348869,0.0092270049,0.0102145582,0.0101281423,0.0101764024,0.0101211819
2012-08-02,0.0015493232,0.0026186275,0.0040800480,0.0054945967,0.0068228583,0.0080968474,0.0093928360,0.0103757119,0.0102157120,0.0102842520,0.0102194551
2012-08-01,0.0015382971,0.0025339259,0.0039982651,0.0053895909,0.0067205131,0.0079934739,0.0092769640,0.0102417520,0.0100946824,0.0101358743,0.0100050630
2012-07-31,0.0017579312,0.0027380801,0.0041766867,0.0055773019,0.0069197504,0.0081948403,0.0095067590,0.0104463609,0.0102837455,0.0102984215,0.0102799584
2012-07-30,0.0019056278,0.0028525181,0.0042869143,0.0056720894,0.0070039796,0.0082609074,0.0095294755,0.0105279519,0.0104083187,0.0104122641,0.0103039921
2012-07-27,0.0021887036,0.0030500482,0.0044745000,0.0058917128,0.0072386704,0.0085006944,0.0097688921,0.0107564917,0.0107359658,0.0107176340,0.0107028210
2012-07-26,0.0020740976,0.0029968602,0.0044300256,0.0059368938,0.0073064963,0.0086007180,0.0098652807,0.0108652452,0.0108683177,0.0108328656,0.0108825935
2012-07-25,0.0022086068,0.0032124762,0.0046543675,0.0060953999,0.0074516352,0.0087191452,0.0099833318,0.0109879127,0.0110293416,0.0109918709,0.0109498785
2012-07-24,0.0022675766,0.0032904180,0.0047881162,0.0062449770,0.0076059609,0.0088725319,0.0101735355,0.0111817688,0.0110689761,0.0110806124,0.0110442725
2012-07-23,0.0022907863,0.0032678612,0.0047886675,0.0062387512,0.0075827882,0.0088333963,0.0101053682,0.0111145957,0.0110232105,0.0110644086,0.0109452272
2012-07-20,0.0018405940,0.0030300621,0.0045065204,0.0059438146,0.0072764577,0.0085435740,0.0098277972,0.0108112153,0.0107151414,0.0107804667,0.0107342432
2012-07-19,0.0017659455,0.0028431455,0.0044325714,0.0058497860,0.0071978331,0.0085001320,0.0098398122,0.0107922024,0.0105944176,0.0106077181,0.0106131125
2012-07-18,0.0020153343,0.0029777375,0.0045229576,0.0059439121,0.0072821446,0.0085685161,0.0098792651,0.0108620591,0.0107392529,0.0107367522,0.0107065731
2012-07-17,0.0023428122,0.0032558826,0.0047338003,0.0061488590,0.0074513148,0.0086781664,0.0099956717,0.0109674964,0.0108506286,0.0108861372,0.0106947364
2012-07-16,0.0024396602,0.0032752260,0.0047402644,0.0061559857,0.0074758103,0.0087311796,0.0100563361,0.0110174489,0.0109302545,0.0109136310,0.0108457568
2012-07-13,0.0023066324,0.0032520970,0.0047415707,0.0061527727,0.0074742766,0.0087381344,0.0100651186,0.0110292610,0.0109291015,0.0108995558,0.0108445462
2012-07-12,0.0026276624,0.0035614144,0.0050441141,0.0064148095,0.0077453566,0.0090063253,0.0102638828,0.0112004666,0.0110922425,0.0111620387,0.0110329116
2012-07-11,0.0026128439,0.0035352008,0.0050454143,0.0064000124,0.0077109604,0.0089532760,0.0101699815,0.0111521573,0.0110793314,0.0111485128,0.0110096757
2012-07-10,0.0028986678,0.0036831084,0.0051665975,0.0065424617,0.0078513745,0.0090864310,0.0102991889,0.0112884286,0.0113844335,0.0113150504,0.0113455037
2012-07-09,0.0028076109,0.0037100662,0.0052539398,0.0066582924,0.0079777245,0.0092243470,0.0105113425,0.0114770936,0.0114234391,0.0114094643,0.0113372469
2012-07-06,0.0026424150,0.0036013739,0.0050605502,0.0064821416,0.0077926883,0.0090467756,0.0102723045,0.0112488163,0.0112951221,0.0112174748,0.0112427306
2012-07-05,0.0023462328,0.0034622977,0.0048725556,0.0063570988,0.0076720072,0.0089473423,0.0101842477,0.0112009986,0.0111889184,0.0112575646,0.0111785366
2012-07-04,0.0021015908,0.0031433358,0.0046463701,0.0060984212,0.0074160446,0.0087208647,0.0100415694,0.0110306320,0.0110464732,0.0109590235,0.0109315062
2012-07-03,0.0021158134,0.0031103877,0.0046075214,0.0060254334,0.0073463088,0.0086665315,0.0099902588,0.0109523177,0.0108577086,0.0109502485,0.0107902850
2012-07-02,0.0024318673,0.0034874566,0.0050170719,0.0064856573,0.0078131085,0.0091128014,0.0104201927,0.0114176817,0.0114898492,0.0113479492,0.0113437994
2012-06-29,0.0027779808,0.0037738954,0.0052954488,0.0067731333,0.0081308869,0.0094559979,0.0107369694,0.0117295619,0.0117331072,0.0116228780,0.0117455020
2012-06-28,0.0036837442,0.0047092385,0.0062866647,0.0077764731,0.0091107187,0.0103468154,0.0116140603,0.0126246098,0.0126196937,0.0125815452,0.0125043893
2012-06-27,0.0038056401,0.0048278322,0.0064228812,0.0079093358,0.0092616310,0.0105191823,0.0117823299,0.0127052202,0.0125650980,0.0125486798,0.0125067690
2012-06-26,0.0032384355,0.0043664042,0.0059418381,0.0074336718,0.0087462624,0.0099873812,0.0112444855,0.0121874826,0.0121725272,0.0121704982,0.0120994016
2012-06-25,0.0035068926,0.0045442105,0.0060532940,0.0074875078,0.0087682577,0.0099715409,0.0111698828,0.0121267226,0.0122357978,0.0121993077,0.0121986249
2012-06-22,0.0035477315,0.0043620803,0.0058043291,0.0071872511,0.0084652333,0.0096883750,0.0109262060,0.0119316433,0.0120607094,0.0119835783,0.0120400365
2012-06-21,0.0035476746,0.0043447498,0.0057764713,0.0071899488,0.0084588899,0.0096760878,0.0108960575,0.0119104656,0.0120300130,0.0119645569,0.0119926256
2012-06-20,0.0030887038,0.0041121745,0.0056446269,0.0071089242,0.0084145978,0.0096900193,0.0109322859,0.0118624886,0.0119134302,0.0118680448,0.0118945015
2012-06-19,0.0027875027,0.0040870753,0.0055690059,0.0070574321,0.0083940961,0.0097190970,0.0109463144,0.0119072574,0.0119825191,0.0118350784,0.0120425787
2012-06-18,0.0039027931,0.0048147947,0.0061690645,0.0075131925,0.0088009201,0.0100419798,0.0113067695,0.0122678516,0.0122727367,0.0122446514,0.0122709257
2012-06-15,0.0036461165,0.0046228116,0.0060287440,0.0074011534,0.0086893702,0.0099432384,0.0111544092,0.0121076810,0.0122196767,0.0122308366,0.0122207041
2012-06-14,0.0038626170,0.0049145252,0.0063633944,0.0077298665,0.0090041956,0.0102548896,0.0115205655,0.0124855372,0.0124890328,0.0125499704,0.0124927038
2012-06-13,0.0041149065,0.0050265469,0.0063822696,0.0076946873,0.0089503897,0.0102110065,0.0114610227,0.0124587358,0.0126480072,0.0125863379,0.0126708571
2012-06-12,0.0036291177,0.0046766496,0.0061517782,0.0076085560,0.0089367772,0.0102111777,0.0114201281,0.0123580838,0.0124758969,0.0124154352,0.0124860195
2012-06-11,0.0036164997,0.0045538450,0.0059786264,0.0074121850,0.0087234269,0.0099858160,0.0111766294,0.0121510979,0.0121777621,0.0121482373,0.0121795505
2012-06-08,0.0035765817,0.0045752259,0.0059744566,0.0073319327,0.0086265002,0.0098879812,0.0111409296,0.0121163253,0.0121494082,0.0121239019,0.0121421969
2012-06-07,0.0035195875,0.0045143721,0.0059130152,0.0072642586,0.0085543209,0.0098296458,0.0110777367,0.0120532661,0.0120849155,0.0120656868,0.0120951946
2012-06-06,0.0040406107,0.0049553061,0.0063676430,0.0077037139,0.0089508097,0.0102237146,0.0114776173,0.0124645374,0.0125248372,0.0124988405,0.0125228646
2012-06-05,0.0041108890,0.0049488369,0.0064002725,0.0077885564,0.0090816561,0.0103806703,0.0115786904,0.0125515595,0.0126326279,0.0126648631,0.0126357061
2012-06-04,0.0041109211,0.0049487815,0.0064003496,0.0077886499,0.0090871539,0.0103806664,0.0115787831,0.0125518501,0.0126333747,0.0126653194,0.0126362027
2012-06-01,0.0041109580,0.0049488732,0.0064004039,0.0077886995,0.0090926136,0.0103806260,0.0115785314,0.0125512003,0.0126303933,0.0126616876,0.0126291650
2012-05-31,0.0041211364,0.0048515251,0.0062180098,0.0075816851,0.0088775536,0.0101533948,0.0113874034,0.0123805509,0.0124007188,0.0124229098,0.0123951022
2012-05-30,0.0038585612,0.0046786549,0.0061017165,0.0074963970,0.0087981103,0.0100738623,0.0112755704,0.0122815575,0.0122428450,0.0122693045,0.0122295875
2012-05-29,0.0033927560,0.0043717205,0.0058715014,0.0071821669,0.0084510037,0.0096896985,0.0108424395,0.0118178760,0.0121073046,0.0122489046,0.0123062025
2012-05-28,0.0031327607,0.0041597240,0.0055577548,0.0069366880,0.0082308112,0.0095052089,0.0107612228,0.0117346016,0.0116606103,0.0117235548,0.0116579180
2012-05-25,0.0036063671,0.0047032579,0.0060813632,0.0073679067,0.0086451194,0.0098627461,0.0110592458,0.0121310316,0.0122885473,0.0124458092,0.0124467413
2012-05-24,0.0036033465,0.0047159553,0.0060942844,0.0073935722,0.0086808919,0.0099002417,0.0111085227,0.0121548611,0.0123057979,0.0124213821,0.0124625588
2012-05-23,0.0036419828,0.0044866521,0.0058951369,0.0072844543,0.0086212446,0.0099011528,0.0111294678,0.0121200778,0.0120939746,0.0121264944,0.0120921350
2012-05-22,0.0030545033,0.0040972914,0.0054577872,0.0068485559,0.0081905836,0.0094960932,0.0107481185,0.0117550424,0.0117068266,0.0116816776,0.0117399811
2012-05-21,0.0036661214,0.0046575404,0.0059869025,0.0074037205,0.0087426386,0.0099981754,0.0112691309,0.0122575781,0.0121803600,0.0122057657,0.0121835523
2012-05-18,0.0037338523,0.0046556974,0.0060404898,0.0074826859,0.0088789158,0.0101934105,0.0114846107,0.0125347845,0.0125183171,0.0125010478,0.0125827803
2012-05-17,0.0038868361,0.0044936424,0.0059213623,0.0073198864,0.0086835410,0.0099567584,0.0111745583,0.0121538421,0.0121280176,0.0122416371,0.0121386210
2012-05-16,0.0032426303,0.0042427726,0.0056954531,0.0070814781,0.0084402900,0.0097138377,0.0108900528,0.0119120346,0.0121149520,0.0121363847,0.0122929065
2012-05-15,0.0032911544,0.0040481230,0.0053320378,0.0066656689,0.0080089166,0.0092827200,0.0105165411,0.0115438137,0.0116585226,0.0115797184,0.0116539395
2012-05-14,0.0033296490,0.0041236393,0.0053300117,0.0065872917,0.0079127940,0.0091600050,0.0104358170,0.0114385046,0.0114570715,0.0114677151,0.0114578134
2012-05-11,0.0032233045,0.0038471843,0.0049671877,0.0061497961,0.0074732553,0.0087432569,0.0099861244,0.0109808562,0.0109152099,0.0109841082,0.0109173020
2012-05-10,0.0030301891,0.0036563410,0.0047966356,0.0060767643,0.0074111867,0.0086933840,0.0099510450,0.0109746365,0.0109865858,0.0109980814,0.0109876982
2012-05-09,0.0032143017,0.0038365085,0.0049344907,0.0061213063,0.0074322808,0.0086707627,0.0099246667,0.0109385757,0.0109519784,0.0109379517,0.0109532948
2012-05-08,0.0029029425,0.0034808104,0.0045736573,0.0057533080,0.0070601455,0.0083164561,0.0095358479,0.0105207294,0.0105902683,0.0105917870,0.0105934749
2012-05-07,0.0023433805,0.0030065668,0.0041220163,0.0053986280,0.0066984805,0.0079702006,0.0092222154,0.0101902694,0.0102757678,0.0102703511,0.0102768373
2012-05-04,0.0023435395,0.0030066144,0.0041223792,0.0053991649,0.0067022916,0.0079706095,0.0092224135,0.0101902770,0.0102754351,0.0102698529,0.0102761724
2012-05-03,0.0024173047,0.0030984025,0.0042707155,0.0054726601,0.0067358444,0.0079346640,0.0091613821,0.0102329262,0.0104291834,0.0106153732,0.0106274406
2012-05-02,0.0023197015,0.0029311200,0.0039539433,0.0051973759,0.0064770529,0.0077176506,0.0090151831,0.0100954206,0.0101961624,0.0102301944,0.0101715107
2012-05-01,0.0019261200,0.0027672823,0.0038723181,0.0051516838,0.0064507593,0.0077153966,0.0090155662,0.0100810565,0.0101785073,0.0101735537,0.0101478156
2012-04-30,0.0022715731,0.0029154396,0.0039207316,0.0051451610,0.0064295757,0.0076669544,0.0090112805,0.0101209680,0.0101302363,0.0101641283,0.0101219378
2012-04-27,0.0021549702,0.0028292604,0.0038680219,0.0051456325,0.0064471757,0.0077006770,0.0090177985,0.0100742742,0.0101134357,0.0101476883,0.0101094384
2012-04-26,0.0022986133,0.0028899490,0.0039012394,0.0051353676,0.0064269001,0.0076600507,0.0089729007,0.0100689402,0.0102966852,0.0101470503,0.0100963717
2012-04-25,0.0021912094,0.0028595524,0.0038980696,0.0051232395,0.0064282234,0.0076737701,0.0089332639,0.0099651351,0.0099856038,0.0099858270,0.0099679686
2012-04-24,0.0021916916,0.0028753136,0.0039265792,0.0051386675,0.0064407212,0.0076729336,0.0089425547,0.0099935025,0.0100234965,0.0100184838,0.0100183843
2012-04-23,0.0023276710,0.0029245081,0.0039522084,0.0051585691,0.0064286421,0.0076071791,0.0089013543,0.0099706743,0.0100734126,0.0099993268,0.0100737211
2012-04-20,0.0021361171,0.0027355824,0.0038165800,0.0049986695,0.0062649002,0.0074483439,0.0087442506,0.0097876633,0.0098763900,0.0098348836,0.0098756092
2012-04-19,0.0020830339,0.0026326820,0.0036294457,0.0048285393,0.0061077283,0.0073215142,0.0085680873,0.0096050094,0.0097373987,0.0097023745,0.0097355684
2012-04-18,0.0020153133,0.0025256290,0.0035064167,0.0046416426,0.0058820472,0.0070569007,0.0083385189,0.0093526977,0.0093365862,0.0093558038,0.0093346079
2012-04-17,0.0017169198,0.0023304155,0.0033256039,0.0044407354,0.0056619257,0.0068276862,0.0081478714,0.0091865929,0.0091115642,0.0090844689,0.0091762466
2012-04-16,0.0019694487,0.0023954194,0.0032993429,0.0043904667,0.0056474921,0.0068639189,0.0081129178,0.0091580343,0.0091758259,0.0092056399,0.0091702823
2012-04-13,0.0016214703,0.0022004610,0.0032015610,0.0043468951,0.0055665473,0.0067287693,0.0080363786,0.0090869334,0.0090849298,0.0089808965,0.0091120937
2012-04-12,0.0014249225,0.0020364469,0.0030173994,0.0041414472,0.0053356207,0.0064823459,0.0078048912,0.0088051965,0.0087658665,0.0087345088,0.0088162996
2012-04-11,0.0015273033,0.0021385126,0.0030919543,0.0042571036,0.0054639660,0.0066067462,0.0079250597,0.0089854436,0.0089886630,0.0089333132,0.0090527905
2012-04-10,0.0015422945,0.0020986501,0.0030361902,0.0041729017,0.0053873216,0.0065458333,0.0078445130,0.0088894138,0.0089175752,0.0089121427,0.0089132821
2012-04-09,0.0012584839,0.0018135668,0.0027324123,0.0037992285,0.0049900479,0.0061622985,0.0074273887,0.0084159744,0.0084591285,0.0084513139,0.0084505443
2012-04-06,0.0012585170,0.0018135694,0.0027324423,0.0037993326,0.0049926212,0.0061624029,0.0074274029,0.0084160044,0.0084592743,0.0084513379,0.0084505666
2012-04-05,0.0012585917,0.0018137330,0.0027326065,0.0037995159,0.0049953449,0.0061627464,0.0074278214,0.0084163267,0.0084605014,0.0084528857,0.0084525341
2012-04-04,0.0010542382,0.0017197901,0.0027084300,0.0037493844,0.0049000371,0.0060031860,0.0072706463,0.0082878335,0.0082692041,0.0082098670,0.0082826739
2012-04-03,0.0009761963,0.0016294040,0.0025762741,0.0035950084,0.0047351753,0.0058409930,0.0071110248,0.0081364022,0.0081611123,0.0081115112,0.0081356406
2012-04-02,0.0009111944,0.0014584916,0.0023995724,0.0034560749,0.0046084479,0.0057492620,0.0070562618,0.0080898993,0.0080862298,0.0081372806,0.0080756915
2012-03-30,0.0008319257,0.0014266909,0.0024035107,0.0034470294,0.0045851066,0.0057004772,0.0070090510,0.0080234972,0.0080058106,0.0079918819,0.0080095838
2012-03-29,0.0007977003,0.0013809957,0.0023032744,0.0034027375,0.0045470994,0.0056488080,0.0069602441,0.0080496379,0.0079935346,0.0080814616,0.0080084407
2012-03-28,0.0006235501,0.0011209536,0.0020520360,0.0031423203,0.0042702384,0.0053928279,0.0066894265,0.0077663970,0.0078074311,0.0078198456,0.0077945030
2012-03-27,0.0005517966,0.0012104474,0.0020926741,0.0031501776,0.0043127321,0.0054385597,0.0066855719,0.0077380340,0.0077012464,0.0077380310,0.0077110783
2012-03-26,0.0006552235,0.0013432999,0.0022935749,0.0034406652,0.0046633126,0.0057865368,0.0070270170,0.0080611653,0.0078807778,0.0078549443,0.0079119412
2012-03-23,0.0006709348,0.0014906472,0.0025470088,0.0037726217,0.0049549798,0.0061550172,0.0073945610,0.0084266990,0.0082462433,0.0082424604,0.0083198492
2012-03-22,0.0009222363,0.0016245040,0.0026423429,0.0039178302,0.0051261915,0.0063329713,0.0075600281,0.0086362588,0.0088167666,0.0089157518,0.0088984885
2012-03-21,0.0005402675,0.0013043230,0.0024954701,0.0038029228,0.0050439689,0.0062897099,0.0075604241,0.0086207860,0.0085517765,0.0086381779,0.0085430770
2012-03-20,0.0005963312,0.0013533301,0.0025444147,0.0038611905,0.0051583550,0.0064145252,0.0076891163,0.0087325053,0.0086939296,0.0087364641,0.0086872096
2012-03-19,0.0005257280,0.0012974868,0.0024577304,0.0038060510,0.0051192847,0.0063833683,0.0076612818,0.0087214778,0.0087862364,0.0087911004,0.0087795495
2012-03-16,0.0007874810,0.0013730919,0.0026429368,0.0039507521,0.0052153210,0.0064475618,0.0077730787,0.0088443941,0.0088119274,0.0088791619,0.0088477759
2012-03-15,0.0008405882,0.0015808962,0.0027566224,0.0040758891,0.0053923913,0.0066902361,0.0079611270,0.0089976109,0.0090360562,0.0090549730,0.0090299551
2012-03-14,0.0009825018,0.0016102306,0.0028247594,0.0041456626,0.0054421478,0.0067183903,0.0079863312,0.0090294578,0.0090846354,0.0091283197,0.0090772964
2012-03-13,0.0007850940,0.0016178482,0.0028393890,0.0041872279,0.0055109306,0.0068117772,0.0079834116,0.0089586184,0.0090081835,0.0088765126,0.0090016713
2012-03-12,0.0009599234,0.0017994282,0.0030093096,0.0043509145,0.0056863006,0.0069979037,0.0081032675,0.0090562150,0.0090414479,0.0090304131,0.0090373113
2012-03-09,0.0009601276,0.0018067491,0.0030168900,0.0043585853,0.0056939155,0.0070053612,0.0081247758,0.0090775920,0.0090406356,0.0090296963,0.0090359027
2012-03-08,0.0009601280,0.0018069105,0.0030165239,0.0043578854,0.0056931606,0.0070046615,0.0081384228,0.0090627891,0.0090391266,0.0090281069,0.0090328307
2012-03-07,0.0010806455,0.0019168074,0.0031287892,0.0044604263,0.0058076789,0.0071316774,0.0082508147,0.0092034497,0.0091720775,0.0091276779,0.0091669417
2012-03-06,0.0012746501,0.0020935434,0.0032631822,0.0045948211,0.0059411317,0.0072636826,0.0084239541,0.0093744061,0.0094053446,0.0094037655,0.0094013991
2012-03-05,0.0011283736,0.0019858847,0.0031813330,0.0045019191,0.0058035930,0.0070927272,0.0081810673,0.0090766713,0.0090764528,0.0090035149,0.0090719223
2012-03-02,0.0009450721,0.0018353992,0.0030163967,0.0043420298,0.0056610365,0.0069679889,0.0080722731,0.0089957645,0.0089478383,0.0088750443,0.0089453604
2012-03-01,0.0009620313,0.0017897117,0.0029992255,0.0043243661,0.0056154352,0.0069221248,0.0080270932,0.0089796863,0.0090096801,0.0089537116,0.0090042160
2012-02-29,0.0010269149,0.0018651553,0.0031032521,0.0044280867,0.0057736858,0.0070806708,0.0082128624,0.0092065331,0.0093246548,0.0092424635,0.0093206441
2012-02-28,0.0011206111,0.0019932046,0.0031502203,0.0044988125,0.0058618006,0.0071868189,0.0083467576,0.0093252656,0.0092570209,0.0092552553,0.0092530922
2012-02-27,0.0010740848,0.0020672603,0.0032243480,0.0046306238,0.0059669815,0.0073030048,0.0084334068,0.0093966749,0.0093587649,0.0095056838,0.0093549857
2012-02-24,0.0011685850,0.0019425928,0.0031774435,0.0045349646,0.0058416616,0.0071363423,0.0082158065,0.0091122591,0.0090473208,0.0091164839,0.0090424415
2012-02-23,0.0011624065,0.0020030640,0.0032557891,0.0045918377,0.0059214126,0.0072067305,0.0082986054,0.0092385796,0.0092654368,0.0092035631,0.0092560002
2012-02-22,0.0011626065,0.0020033813,0.0032559764,0.0045917902,0.0059213887,0.0072066757,0.0082984496,0.0092383477,0.0092651583,0.0092032305,0.0092559435
2012-02-21,0.0011626465,0.0020465274,0.0032848786,0.0046206792,0.0059215435,0.0071780900,0.0082698679,0.0092097294,0.0092645532,0.0092026453,0.0092540235
2012-02-20,0.0011826647,0.0020896646,0.0033279220,0.0046637400,0.0059645900,0.0072210041,0.0083127047,0.0092237901,0.0092636247,0.0092018694,0.0092529091
2012-02-17,0.0014743315,0.0022606590,0.0035139537,0.0048843035,0.0061633938,0.0073703362,0.0084064612,0.0093064853,0.0093807014,0.0094722506,0.0095132275
2012-02-16,0.0015512391,0.0023207647,0.0036107301,0.0049740810,0.0062864199,0.0075247352,0.0086464381,0.0095603683,0.0095692725,0.0095263829,0.0095674088
2012-02-15,0.0016319345,0.0024112613,0.0037168383,0.0050808334,0.0063345010,0.0075731716,0.0086926889,0.0095757712,0.0096541626,0.0096513715,0.0096526351
2012-02-14,0.0014756946,0.0023236214,0.0035664536,0.0049080024,0.0061689563,0.0074342104,0.0085474416,0.0094421497,0.0094818535,0.0094534929,0.0094805329
2012-02-13,0.0014173219,0.0022771767,0.0035575939,0.0049306223,0.0061881793,0.0074323909,0.0085561168,0.0094830309,0.0094808400,0.0094527274,0.0095828364
2012-02-10,0.0014513118,0.0023452322,0.0035266930,0.0048855700,0.0061286917,0.0073950776,0.0085175161,0.0094530354,0.0095068697,0.0095714528,0.0096036630
2012-02-09,0.0008921621,0.0017828997,0.0029912327,0.0043062429,0.0055252877,0.0067517608,0.0078703680,0.0088220505,0.0088888617,0.0090080735,0.0088808809
2012-02-08,0.0008135587,0.0015920956,0.0028640923,0.0041999600,0.0054836238,0.0066714530,0.0078202382,0.0088446691,0.0088110242,0.0087562248,0.0088383313
2012-02-07,0.0007270877,0.0015969421,0.0029037755,0.0042480499,0.0054884298,0.0066804113,0.0077851021,0.0087184313,0.0087154648,0.0087739336,0.0087675624
2012-02-06,0.0009290307,0.0017378819,0.0029451521,0.0042527402,0.0055087384,0.0066977862,0.0077514312,0.0086837171,0.0088597676,0.0089827799,0.0089953148
2012-02-03,0.0005914144,0.0013365931,0.0026604963,0.0040026316,0.0052304812,0.0064982383,0.0075724848,0.0084544611,0.0085131522,0.0085038770,0.0085028592
2012-02-02,0.0010425121,0.0017070427,0.0029868174,0.0042897210,0.0055230407,0.0067250194,0.0078155917,0.0087425315,0.0087346709,0.0087687030,0.0087796607
2012-02-01,0.0011143876,0.0017733695,0.0030532684,0.0043676330,0.0056233092,0.0068248870,0.0079152906,0.0087976427,0.0088749456,0.0089090582,0.0088965007
2012-01-31,0.0011722685,0.0019156214,0.0032501514,0.0046427254,0.0059188221,0.0071630556,0.0082970974,0.0091810232,0.0091446635,0.0090826112,0.0091412649
2012-01-30,0.0012498288,0.0019926830,0.0033984850,0.0047923860,0.0060600779,0.0072844070,0.0084005140,0.0092723385,0.0091624492,0.0092840956,0.0091592390
2012-01-27,0.0011148194,0.0018935658,0.0033490975,0.0047175081,0.0059886295,0.0071972607,0.0082761802,0.0091733472,0.0091126649,0.0091827400,0.0091082044
2012-01-26,0.0011092419,0.0019191268,0.0033680517,0.0047457083,0.0060160839,0.0072215577,0.0083268633,0.0092101574,0.0091144686,0.0092091715,0.0091108485
2012-01-25,0.0015029122,0.0022988740,0.0036171918,0.0049203716,0.0061750312,0.0073728425,0.0084767856,0.0093973531,0.0093569737,0.0094031691,0.0093886233
2012-01-24,0.0014273801,0.0022578901,0.0036134537,0.0049098520,0.0061549793,0.0073423040,0.0084706389,0.0093783345,0.0093403198,0.0094020803,0.0093836964
2012-01-23,0.0014866927,0.0022228121,0.0034579679,0.0048120468,0.0060569341,0.0072639545,0.0084101939,0.0093187261,0.0092303861,0.0092669020,0.0092848826
2012-01-20,0.0015426800,0.0022777432,0.0035639056,0.0048977410,0.0061333200,0.0073543171,0.0084881143,0.0093927290,0.0092579376,0.0092282926,0.0093459412
2012-01-19,0.0013974432,0.0021746000,0.0035292223,0.0048971181,0.0061511684,0.0073885884,0.0085043783,0.0093638056,0.0092581532,0.0092286035,0.0092536969
2012-01-18,0.0016652284,0.0024255777,0.0037068386,0.0050622253,0.0063255668,0.0075527978,0.0086173641,0.0094754975,0.0095421015,0.0096036651,0.0096634818
2012-01-17,0.0015341891,0.0022661189,0.0036409574,0.0050182717,0.0062603944,0.0074958182,0.0085580345,0.0094559311,0.0094546244,0.0094509568,0.0094512912
2012-01-16,0.0014807047,0.0022453104,0.0037336153,0.0051704813,0.0064151348,0.0076297032,0.0087066318,0.0095830992,0.0096396901,0.0096692753,0.0096375575
2012-01-13,0.0016532680,0.0024735101,0.0038496947,0.0052195305,0.0064775834,0.0077157679,0.0087919318,0.0096608643,0.0096304046,0.0096531360,0.0096289286
2012-01-12,0.0016708656,0.0025146259,0.0038431550,0.0052451257,0.0064943679,0.0077253180,0.0087012864,0.0095765410,0.0097794973,0.0098616922,0.0099022786
2012-01-11,0.0015992767,0.0025043703,0.0038951202,0.0052799444,0.0065320523,0.0077758448,0.0088222941,0.0096750282,0.0097636882,0.0097821344,0.0097627989
2012-01-10,0.0015497551,0.0026451881,0.0039337943,0.0052894832,0.0065515857,0.0078005586,0.0087915589,0.0096461506,0.0098573415,0.0099398014,0.0099794697
2012-01-09,0.0018523887,0.0029032262,0.0040625473,0.0054437954,0.0067562166,0.0079907139,0.0089998846,0.0099005192,0.0100925085,0.0101719696,0.0102444476
2012-01-06,0.0018413814,0.0029047321,0.0041701517,0.0055395841,0.0068429616,0.0080646540,0.0090714602,0.0099850776,0.0101669970,0.0101768414,0.0103197823
2012-01-05,0.0018581394,0.0029190376,0.0041839512,0.0055532222,0.0068568036,0.0080786840,0.0090855343,0.0099992090,0.0101920294,0.0101971884,0.0103454515
2012-01-04,0.0018295457,0.0028272271,0.0040902428,0.0054278280,0.0067339447,0.0079467587,0.0089982193,0.0098996722,0.0099995712,0.0099743926,0.0099998405
2012-01-03,0.0020800047,0.0030425168,0.0041163525,0.0054197044,0.0067223576,0.0079644341,0.0090212907,0.0099539898,0.0101147376,0.0101797598,0.0102301062
2012-01-02,0.0021520952,0.0029824024,0.0042140732,0.0055027984,0.0067983983,0.0080479388,0.0091479685,0.0100809777,0.0101483808,0.0101585300,0.0101758453
2011-12-30,0.0021523953,0.0029826576,0.0042141425,0.0055029872,0.0067992280,0.0080480368,0.0091479668,0.0100809948,0.0101483807,0.0101585300,0.0101760282
2011-12-29,0.0022651436,0.0030937532,0.0041962495,0.0054832057,0.0067830128,0.0080370036,0.0091553387,0.0100956327,0.0101484516,0.0101490666,0.0101558979
2011-12-28,0.0022648351,0.0030765072,0.0041955142,0.0054658792,0.0067727806,0.0080365860,0.0091384669,0.0100958018,0.0101482429,0.0101487844,0.0101760669
2011-12-27,0.0021803208,0.0030528098,0.0042713273,0.0055250046,0.0068222335,0.0080655188,0.0091694103,0.0101288775,0.0101645002,0.0101730619,0.0101957534
2011-12-26,0.0021767735,0.0030243694,0.0042844790,0.0055735309,0.0068694560,0.0081047622,0.0092048461,0.0101377246,0.0101713202,0.0101768727,0.0101947922
2011-12-23,0.0021768822,0.0030245998,0.0042848249,0.0055739452,0.0068676830,0.0081048813,0.0092048826,0.0101376831,0.0101713203,0.0101768725,0.0101948125
2011-12-22,0.0023485497,0.0031450142,0.0043646336,0.0056643793,0.0069540100,0.0081821994,0.0093383207,0.0102420167,0.0101296514,0.0101467606,0.0102161473
2011-12-21,0.0021484461,0.0030633921,0.0043393763,0.0056318046,0.0069222179,0.0081593884,0.0092317700,0.0101516561,0.0101728229,0.0101980794,0.0102340560
2011-12-20,0.0020308156,0.0031979672,0.0045627352,0.0059737298,0.0072657657,0.0084799784,0.0094699666,0.0103661745,0.0104887871,0.0106688832,0.0106165582
2011-12-19,0.0023680800,0.0032956938,0.0045719515,0.0059546364,0.0072512196,0.0084782710,0.0095404449,0.0104231815,0.0104333891,0.0105184718,0.0104354568
2011-12-16,0.0022726621,0.0033070766,0.0045469393,0.0059298232,0.0072165384,0.0084376097,0.0094561873,0.0103236658,0.0103477043,0.0104892406,0.0104694813
2011-12-15,0.0025534996,0.0033866686,0.0045570910,0.0059269702,0.0072126868,0.0084377685,0.0095000260,0.0103662583,0.0104108738,0.0106773352,0.0107381426
2011-12-14,0.0022728801,0.0032734750,0.0045402599,0.0059519588,0.0072363756,0.0084627473,0.0095401247,0.0104517798,0.0105076938,0.0106648955,0.0106305268
2011-12-13,0.0025041163,0.0033696684,0.0045226390,0.0058270554,0.0071087558,0.0083469926,0.0095058394,0.0104129823,0.0102308450,0.0102484375,0.0103632325
2011-12-12,0.0024936131,0.0032741124,0.0044561050,0.0058042797,0.0070954619,0.0083534884,0.0095411209,0.0104906857,0.0104454334,0.0104464707,0.0105267030
2011-12-09,0.0018547523,0.0031079907,0.0043659646,0.0056416679,0.0068804354,0.0080861554,0.0092203266,0.0101603804,0.0102140214,0.0103914816,0.0103675605
2011-12-08,0.0019775498,0.0029590730,0.0043140055,0.0056800892,0.0069488216,0.0081968655,0.0094318797,0.0104212483,0.0103919088,0.0103928880,0.0103935851
2011-12-07,0.0019964415,0.0028387898,0.0042207126,0.0056334349,0.0068871030,0.0081235042,0.0092856116,0.0102140516,0.0101221797,0.0101964370,0.0101942830
2011-12-06,0.0019779149,0.0029428673,0.0042671558,0.0056895190,0.0069426638,0.0081786785,0.0092882478,0.0102122170,0.0102303795,0.0103924863,0.0103749330
2011-12-05,0.0019625340,0.0029097784,0.0042448908,0.0056671525,0.0069175586,0.0081566176,0.0092662510,0.0101906068,0.0101924977,0.0103451354,0.0103261758
2011-12-02,0.0022698778,0.0029496425,0.0043411674,0.0058191951,0.0070648233,0.0082903312,0.0094351601,0.0103148605,0.0103437085,0.0105780128,0.0105224850
2011-12-01,0.0023486033,0.0031119249,0.0045580162,0.0060211806,0.0072715362,0.0084930907,0.0096247058,0.0105341035,0.0105580310,0.0107392976,0.0107647068
2011-11-30,0.0024582526,0.0033164465,0.0047842253,0.0061796153,0.0074464715,0.0086835554,0.0098134421,0.0107245786,0.0106880106,0.0106666095,0.0107443050
2011-11-29,0.0026200914,0.0036548965,0.0051547401,0.0065466621,0.0078137255,0.0090306129,0.0100649089,0.0109033745,0.0109587194,0.0110243664,0.0110817738
2011-11-28,0.0024685114,0.0036276176,0.0051698536,0.0065449825,0.0078018072,0.0090108484,0.0100555088,0.0108921507,0.0110024381,0.0110850114,0.0111573986
2011-11-25,0.0030031509,0.0039039285,0.0053647170,0.0067775475,0.0080668857,0.0093086321,0.0104268429,0.0113592017,0.0113777503,0.0114328120,0.0113971655
2011-11-24,0.0029404205,0.0038704225,0.0053313821,0.0067446238,0.0080210358,0.0092536421,0.0103714560,0.0113144540,0.0112786328,0.0113083391,0.0113140951
2011-11-23,0.0028122367,0.0039132683,0.0054078001,0.0067882572,0.0080444371,0.0092726277,0.0103285584,0.0111672915,0.0111575615,0.0112432102,0.0112819196
2011-11-22,0.0022998695,0.0031795400,0.0045613150,0.0059284715,0.0071539580,0.0084193798,0.0095773879,0.0104831776,0.0103983178,0.0103282305,0.0104858630
2011-11-21,0.0020827434,0.0030183758,0.0045384937,0.0059157796,0.0071169290,0.0083726632,0.0095050643,0.0103442205,0.0102603307,0.0102937316,0.0102611209
2011-11-18,0.0019237500,0.0027726792,0.0042527228,0.0056591508,0.0068489046,0.0081272121,0.0092829658,0.0102008746,0.0101470029,0.0101465941,0.0102148262
2011-11-17,0.0019957236,0.0029443451,0.0043434911,0.0057030015,0.0068869972,0.0081764961,0.0092420185,0.0100779641,0.0099940596,0.0100410569,0.0100873758
2011-11-16,0.0019195980,0.0028809738,0.0043984136,0.0057733339,0.0069576184,0.0082654348,0.0092698859,0.0101092827,0.0101512562,0.0101591030,0.0101667557
2011-11-15,0.0020791346,0.0028952108,0.0044559764,0.0058791323,0.0070590963,0.0083775384,0.0094916548,0.0103610914,0.0103134367,0.0103735988,0.0103145734
2011-11-14,0.0019242063,0.0029489402,0.0044723098,0.0059081972,0.0070680884,0.0083799359,0.0094804315,0.0103738182,0.0103695925,0.0103983191,0.0103866023
2011-11-11,0.0021275109,0.0029224317,0.0044061325,0.0058984763,0.0070371851,0.0083427669,0.0094607702,0.0103576821,0.0104935677,0.0106053409,0.0107044747
2011-11-10,0.0020419127,0.0030248517,0.0046279805,0.0060526929,0.0072286710,0.0085748334,0.0095807677,0.0104641368,0.0104898709,0.0104596754,0.0105060071
2011-11-09,0.0021540177,0.0031312825,0.0046177363,0.0060435403,0.0072260045,0.0085776408,0.0096229224,0.0105569999,0.0104634434,0.0104381630,0.0106150606
2011-11-08,0.0020603839,0.0031114270,0.0046215017,0.0060755634,0.0072258138,0.0085281574,0.0096283124,0.0105083953,0.0105067191,0.0104764786,0.0105237433
2011-11-07,0.0023828967,0.0032733021,0.0047483813,0.0061820081,0.0073335933,0.0086293426,0.0097763143,0.0107389460,0.0107121098,0.0106896485,0.0107832356
2011-11-04,0.0023773576,0.0032437797,0.0047183652,0.0061525280,0.0073046213,0.0085984638,0.0097450352,0.0106822802,0.0106620668,0.0106397288,0.0107422948
2011-11-03,0.0023167726,0.0033386599,0.0048337566,0.0062590389,0.0074149475,0.0087054850,0.0097999960,0.0106572257,0.0106846356,0.0106442740,0.0107028379
2011-11-02,0.0025659830,0.0034921744,0.0049716416,0.0064050534,0.0075746130,0.0088733580,0.0100642064,0.0110688507,0.0109344887,0.0109623985,0.0110008125
2011-11-01,0.0026183486,0.0035408499,0.0050056114,0.0064436467,0.0076085208,0.0088953701,0.0100347982,0.0109898827,0.0109559685,0.0109835739,0.0110175820
2011-10-31,0.0022573945,0.0031596542,0.0046249973,0.0060572335,0.0072115012,0.0084972370,0.0096468370,0.0105874651,0.0104933867,0.0105940705,0.0105396705
2011-10-28,0.0020960543,0.0031058776,0.0045477394,0.0059580313,0.0070948549,0.0083577686,0.0094609677,0.0103903075,0.0104111351,0.0104603214,0.0104547795
2011-10-27,0.0021588965,0.0031655994,0.0046331774,0.0060592804,0.0071988800,0.0084570775,0.0095712196,0.0104876643,0.0104687625,0.0104782406,0.0105340798
2011-10-26,0.0023881233,0.0033309144,0.0049250440,0.0064549353,0.0075959480,0.0088346424,0.0099422887,0.0108185583,0.0107886625,0.0110971132,0.0110724653
2011-10-25,0.0024244704,0.0033584365,0.0049557458,0.0064852737,0.0076285821,0.0088650596,0.0099731845,0.0108501403,0.0108574170,0.0111610049,0.0111382381
2011-10-24,0.0023049433,0.0032199286,0.0049068647,0.0063775116,0.0075478195,0.0088210337,0.0098734686,0.0107184007,0.0107154334,0.0107429345,0.0107169240
2011-10-21,0.0024069517,0.0033233740,0.0049956582,0.0065234635,0.0076818694,0.0089287104,0.0099797231,0.0108944395,0.0110356522,0.0113082584,0.0112846309
2011-10-20,0.0025987159,0.0035227738,0.0051821871,0.0066462061,0.0078216187,0.0090815090,0.0101541196,0.0110188238,0.0110260419,0.0110492997,0.0110306910
2011-10-19,0.0027187932,0.0035971184,0.0051092347,0.0065630505,0.0077361104,0.0089925638,0.0100923433,0.0110131606,0.0109859102,0.0110141695,0.0110444330
2011-10-18,0.0027220644,0.0036539854,0.0051823509,0.0066438126,0.0078093391,0.0090481657,0.0101618482,0.0111279068,0.0111788042,0.0112501505,0.0112045361
2011-10-17,0.0024832574,0.0038298783,0.0052722473,0.0066104836,0.0077568122,0.0089678450,0.0100155822,0.0109409403,0.0108855315,0.0108983728,0.0110321866
2011-10-14,0.0026716997,0.0036872745,0.0052561861,0.0067467029,0.0079014220,0.0091133722,0.0102042279,0.0110795709,0.0110970952,0.0113026611,0.0113214405
2011-10-13,0.0027286156,0.0037542079,0.0053278154,0.0068230273,0.0079849225,0.0091964691,0.0102874297,0.0111625827,0.0111703662,0.0114110314,0.0113898695
2011-10-12,0.0028213853,0.0038162942,0.0053872714,0.0068337328,0.0079913650,0.0091904632,0.0103269804,0.0112471603,0.0113456494,0.0116768928,0.0115558599
2011-10-11,0.0026910422,0.0041391579,0.0057855537,0.0072048039,0.0083484860,0.0095069976,0.0104753805,0.0114293967,0.0115038597,0.0115939807,0.0115274526
2011-10-10,0.0030603839,0.0041003521,0.0056990917,0.0071904524,0.0083925554,0.0096200860,0.0107262372,0.0116979269,0.0116559393,0.0119484262,0.0118942178
2011-10-07,0.0039217611,0.0048030314,0.0062808015,0.0075621669,0.0087386794,0.0099158167,0.0110373028,0.0119766404,0.0121923884,0.0124165519,0.0125413392
2011-10-06,0.0037137435,0.0045015724,0.0060069487,0.0074762080,0.0086971409,0.0099332455,0.0110992838,0.0120807249,0.0122565897,0.0125661545,0.0123934322
2011-10-05,0.0036630407,0.0047966946,0.0064604647,0.0079614923,0.0091739194,0.0103769873,0.0114351468,0.0123730158,0.0121537296,0.0125252198,0.0125696783
2011-10-04,0.0047517165,0.0055963141,0.0071784900,0.0085691463,0.0098229714,0.0110519909,0.0122598496,0.0132391003,0.0132223755,0.0134959273,0.0134259523
2011-10-03,0.0045148406,0.0053429830,0.0067904395,0.0081290800,0.0093764536,0.0106136446,0.0117831691,0.0127476018,0.0128392472,0.0131291271,0.0130674801
2011-09-30,0.0041872876,0.0051512049,0.0065785394,0.0079430616,0.0091790199,0.0104080607,0.0115882474,0.0126142757,0.0128233660,0.0128321870,0.0128960013
2011-09-29,0.0045903911,0.0050626816,0.0064635274,0.0077264842,0.0088606794,0.0099690469,0.0110912060,0.0120730389,0.0125377284,0.0124138474,0.0125213535
2011-09-28,0.0040669490,0.0049872447,0.0065083357,0.0077647003,0.0088915420,0.0099877435,0.0111065405,0.0120909408,0.0122168018,0.0123292399,0.0123973997
2011-09-27,0.0040995233,0.0048286334,0.0061460686,0.0074681931,0.0086448658,0.0098146603,0.0109434281,0.0119525755,0.0120884548,0.0123513566,0.0122289402
2011-09-26,0.0048088064,0.0053260819,0.0066074168,0.0078241799,0.0089947788,0.0101403477,0.0113521790,0.0122980395,0.0125817020,0.0124903100,0.0125483062
2011-09-23,0.0044765536,0.0051561781,0.0064056565,0.0077525451,0.0089332247,0.0100929777,0.0112413546,0.0122190772,0.0123912854,0.0126343778,0.0125349310
2011-09-22,0.0045257371,0.0051835301,0.0064418586,0.0077725253,0.0089535973,0.0101115205,0.0112729489,0.0122780303,0.0124730976,0.0127042858,0.0125965135
2011-09-21,0.0048586626,0.0050751581,0.0062703985,0.0075077915,0.0086586075,0.0097882217,0.0109898612,0.0119895885,0.0124660763,0.0122440339,0.0124200685
2011-09-20,0.0043208440,0.0048715938,0.0062744048,0.0077113276,0.0088438292,0.0099404907,0.0110733710,0.0119845765,0.0123179031,0.0127542994,0.0123992431
2011-09-19,0.0042021601,0.0047922331,0.0061959149,0.0075896271,0.0087857402,0.0099661854,0.0111723248,0.0120856435,0.0122442975,0.0126797643,0.0124419208
2011-09-16,0.0035733845,0.0043516856,0.0057071098,0.0071405635,0.0083034263,0.0094604385,0.0107110156,0.0116725916,0.0117478802,0.0121539892,0.0119507066
2011-09-15,0.0038359460,0.0046108642,0.0058552382,0.0071891902,0.0084031688,0.0096221401,0.0109632484,0.0119616012,0.0121160914,0.0122366387,0.0122087906
2011-09-14,0.0046487051,0.0051486831,0.0063643433,0.0076369273,0.0088127021,0.0099609646,0.0113785102,0.0124993824,0.0124435393,0.0127599686,0.0124300901
2011-09-13,0.0054018979,0.0055649916,0.0066502104,0.0078856850,0.0091283363,0.0103486121,0.0117810037,0.0131812159,0.0136001633,0.0135608725,0.0137193914
2011-09-12,0.0050114471,0.0056781497,0.0068866536,0.0081746327,0.0093761944,0.0105307576,0.0119066481,0.0130625015,0.0128259991,0.0130993476,0.0128117913
2011-09-09,0.0045658522,0.0051124319,0.0063120245,0.0076547985,0.0088636743,0.0100485842,0.0115387971,0.0127731157,0.0127748137,0.0130722305,0.0129819208
2011-09-08,0.0040599263,0.0047024074,0.0058580579,0.0071306930,0.0083403273,0.0095495280,0.0109728174,0.0121574322,0.0122701258,0.0124634236,0.0121769045
2011-09-07,0.0044512539,0.0051399102,0.0063601554,0.0076705683,0.0088004845,0.0098825605,0.0113503811,0.0125960457,0.0128219710,0.0128350516,0.0128074407
2011-09-06,0.0051890807,0.0056076214,0.0067042525,0.0078886105,0.0090697379,0.0102049108,0.0117045153,0.0129142432,0.0130041167,0.0131204949,0.0130108689
2011-09-05,0.0044493073,0.0051453924,0.0063287828,0.0076680039,0.0088569782,0.0100102627,0.0115045169,0.0126468413,0.0126669812,0.0127666028,0.0127360018
2011-09-02,0.0045419018,0.0049895728,0.0060440379,0.0072195188,0.0084113505,0.0095777966,0.0110567601,0.0123135400,0.0123887343,0.0125429586,0.0123847498
2011-09-01,0.0041975146,0.0047063119,0.0057735295,0.0070155107,0.0082213858,0.0094050027,0.0109269564,0.0121056982,0.0122884986,0.0124441140,0.0123605888
2011-08-31,0.0037189736,0.0044400564,0.0055988737,0.0068730517,0.0081483376,0.0094189464,0.0108872058,0.0121200153,0.0120175894,0.0121551928,0.0121115413
2011-08-30,0.0044594580,0.0050947836,0.0062475717,0.0074912919,0.0087137874,0.0098709026,0.0113833202,0.0126416349,0.0126655439,0.0126218286,0.0126580045
2011-08-29,0.0050872727,0.0053391703,0.0064054192,0.0076121723,0.0088194865,0.0099394740,0.0114791387,0.0129141278,0.0128973440,0.0128788061,0.0128995628
2011-08-26,0.0050872724,0.0053391802,0.0064053536,0.0076120792,0.0088246556,0.0099394740,0.0114791796,0.0129142261,0.0128563649,0.0128638332,0.0128684490
2011-08-25,0.0044285409,0.0049848528,0.0060951114,0.0072986731,0.0085637343,0.0097507805,0.0112893308,0.0125856047,0.0124893114,0.0125218238,0.0125106483
2011-08-24,0.0045943390,0.0048884396,0.0060212729,0.0072297516,0.0085678870,0.0098416239,0.0113588430,0.0126094021,0.0126325062,0.0126377893,0.0126395296
2011-08-23,0.0039246325,0.0045646722,0.0058406661,0.0072365032,0.0084910178,0.0096453763,0.0111142604,0.0122330853,0.0123224022,0.0122646297,0.0123512869
2011-08-22,0.0036085784,0.0041848957,0.0054552199,0.0066777840,0.0079571962,0.0091685774,0.0105845315,0.0115684024,0.0117052079,0.0117067939,0.0116998807
2011-08-19,0.0033664746,0.0039475869,0.0051790880,0.0063969832,0.0076240466,0.0087759838,0.0102851508,0.0114679874,0.0114432867,0.0115208999,0.0114387309
2011-08-18,0.0031430250,0.0036451906,0.0048688512,0.0062100571,0.0074410861,0.0086012736,0.0100751218,0.0111347914,0.0111018094,0.0113781264,0.0112546090
2011-08-17,0.0034163685,0.0037477603,0.0047982595,0.0059039982,0.0071018086,0.0082312001,0.0097576872,0.0111360733,0.0111702540,0.0112733422,0.0111627669
2011-08-16,0.0035161734,0.0037243949,0.0048478426,0.0059920412,0.0071912659,0.0083060226,0.0098753347,0.0113015305,0.0113055693,0.0112981072,0.0115271933
2011-08-15,0.0027545199,0.0032091883,0.0044766149,0.0056668903,0.0069212844,0.0081259011,0.0096512853,0.0110720375,0.0108670922,0.0105792929,0.0111217530
2011-08-12,0.0030848097,0.0034559151,0.0045667434,0.0057913653,0.0070493134,0.0082383719,0.0097063382,0.0108545206,0.0108174888,0.0110101293,0.0108578822
2011-08-11,0.0026667447,0.0031492682,0.0044935125,0.0056302731,0.0068341363,0.0079633597,0.0094260381,0.0106820093,0.0107032520,0.0107160361,0.0107661875
2011-08-10,0.0024069189,0.0030408088,0.0043322387,0.0054102041,0.0065602940,0.0076352154,0.0091388824,0.0105207102,0.0103089796,0.0104866229,0.0103575738
2011-08-09,0.0025417000,0.0029032067,0.0039374148,0.0051358929,0.0063488661,0.0075317264,0.0091053746,0.0104571842,0.0105128868,0.0104681205,0.0105192062
2011-08-08,0.0024810093,0.0028968810,0.0039615285,0.0051384880,0.0062962467,0.0074024607,0.0090397694,0.0104675893,0.0103951873,0.0104946949,0.0103939454
2011-08-05,0.0022491535,0.0026855528,0.0037356076,0.0049874319,0.0061420882,0.0072565955,0.0088518661,0.0102579252,0.0101252462,0.0103100014,0.0102491865
2011-08-04,0.0021969939,0.0025938891,0.0036522275,0.0047960002,0.0059418671,0.0070611312,0.0086227747,0.0099976832,0.0097025915,0.0099308251,0.0097010596
2011-08-03,0.0021231990,0.0025329362,0.0035702546,0.0047294687,0.0058762089,0.0070019585,0.0086057481,0.0100416259,0.0100737339,0.0101228239,0.0100729689
2011-08-02,0.0021802348,0.0024887677,0.0034842162,0.0046277756,0.0057794419,0.0069209667,0.0085305140,0.0099534798,0.0099436178,0.0099975761,0.0099412433
2011-08-01,0.0018523917,0.0023099441,0.0032296481,0.0044319023,0.0055984882,0.0067802924,0.0084411174,0.0098523440,0.0098041176,0.0098653912,0.0098028075
2011-07-29,0.0017935331,0.0022679770,0.0032237207,0.0044236346,0.0055910202,0.0067737592,0.0084167468,0.0098118782,0.0096952979,0.0097992253,0.0098006899
2011-07-28,0.0017940226,0.0022581821,0.0033049259,0.0044732080,0.0056246162,0.0067783406,0.0084499119,0.0098369534,0.0096518303,0.0097986231,0.0098641281
2011-07-27,0.0018412408,0.0023272977,0.0033377315,0.0045220537,0.0056436002,0.0067493707,0.0083541177,0.0097099523,0.0095688526,0.0096673963,0.0095730157
2011-07-26,0.0015985315,0.0021880514,0.0032666480,0.0044478486,0.0055714829,0.0066866399,0.0082961598,0.0096002221,0.0094680716,0.0094688714,0.0094729463
2011-07-25,0.0018940749,0.0023006323,0.0033416682,0.0044732965,0.0056044951,0.0067265356,0.0083575490,0.0097600189,0.0096256663,0.0097657410,0.0096259966
2011-07-22,0.0019338875,0.0023303432,0.0033154910,0.0044694087,0.0056005701,0.0067218741,0.0083514346,0.0098145041,0.0097537338,0.0098998112,0.0097946418
2011-07-21,0.0020914953,0.0023799762,0.0032856841,0.0044664532,0.0056061769,0.0067387072,0.0083349532,0.0097666057,0.0097201044,0.0098086876,0.0097407792
2011-07-20,0.0020328603,0.0024893719,0.0035272700,0.0046618145,0.0057998437,0.0069089682,0.0084885332,0.0098992799,0.0098663296,0.0098987316,0.0098669628
2011-07-19,0.0020151323,0.0024019616,0.0034846084,0.0046568158,0.0058053265,0.0069283475,0.0085177269,0.0098799945,0.0098258305,0.0098259142,0.0098268770
2011-07-18,0.0019192673,0.0023723821,0.0035047713,0.0046733628,0.0058476786,0.0070037836,0.0085965046,0.0099719307,0.0099988937,0.0098755250,0.0100691966
2011-07-15,0.0018723905,0.0023016076,0.0034127313,0.0045897045,0.0057583809,0.0069141869,0.0084195519,0.0097237970,0.0094999300,0.0095018954,0.0095054164
2011-07-14,0.0018591367,0.0022744758,0.0033729483,0.0045871625,0.0057248400,0.0068365571,0.0085109702,0.0099134332,0.0098994538,0.0099167111,0.0099170475
2011-07-13,0.0018035478,0.0022171446,0.0032788252,0.0044649894,0.0055877163,0.0066901051,0.0083774096,0.0097797515,0.0098000881,0.0098502642,0.0098506434
2011-07-12,0.0019830110,0.0024039103,0.0034974101,0.0046840929,0.0058358738,0.0069550586,0.0086882984,0.0101107749,0.0100739405,0.0100885031,0.0100691552
2011-07-11,0.0020109029,0.0024365559,0.0035160439,0.0047160263,0.0058674865,0.0069818787,0.0087027288,0.0101114208,0.0100987620,0.0101479540,0.0101081026
2011-07-08,0.0018086099,0.0021890075,0.0033095950,0.0044873578,0.0056836891,0.0068840508,0.0086417136,0.0100656518,0.0099775503,0.0099984070,0.0099935468
2011-07-07,0.0016863490,0.0021140974,0.0032688008,0.0044055575,0.0055758379,0.0067471967,0.0085338241,0.0099553468,0.0098502605,0.0098999810,0.0099304992
2011-07-06,0.0018724999,0.0023376746,0.0034327502,0.0045466917,0.0056924598,0.0068129973,0.0085547442,0.0099514139,0.0099523929,0.0099663161,0.0099502771
2011-07-05,0.0018180359,0.0022264036,0.0032772483,0.0043995389,0.0055344558,0.0066543598,0.0083818202,0.0097875583,0.0098010571,0.0098004007,0.0098023880
2011-07-04,0.0019147410,0.0022849719,0.0032813501,0.0044023506,0.0055403870,0.0066632940,0.0083532415,0.0097829981,0.0098011038,0.0097993572,0.0098018839
2011-07-01,0.0019132275,0.0022880327,0.0033020810,0.0044201369,0.0055598144,0.0066788045,0.0084195416,0.0098101548,0.0097945711,0.0097990450,0.0097932556
2011-06-30,0.0018743453,0.0022737990,0.0033398756,0.0045206813,0.0056651643,0.0067757198,0.0084733679,0.0099205827,0.0098997628,0.0099396330,0.0099253323
2011-06-29,0.0020669173,0.0024532454,0.0035906755,0.0047354158,0.0059150805,0.0070472222,0.0087649648,0.0101736733,0.0101472072,0.0101480374,0.0101483454
2011-06-28,0.0020912555,0.0025324227,0.0036611632,0.0048313731,0.0059957720,0.0070924265,0.0087900380,0.0102158979,0.0101987661,0.0102000473,0.0101990969
2011-06-27,0.0023702827,0.0028447941,0.0039705899,0.0050978954,0.0062510308,0.0073014316,0.0089556025,0.0104735675,0.0105439648,0.0105304375,0.0105457961
2011-06-24,0.0021541268,0.0025058601,0.0036388708,0.0049036521,0.0061071539,0.0072405938,0.0089355403,0.0103503041,0.0104146243,0.0102570748,0.0102950340
2011-06-23,0.0021133028,0.0025230657,0.0036675894,0.0049381944,0.0061364323,0.0072543794,0.0089962499,0.0103787744,0.0104144459,0.0103128593,0.0103116592
2011-06-22,0.0017413415,0.0021709773,0.0032355550,0.0044469310,0.0055983577,0.0067006649,0.0084293272,0.0098499806,0.0098628554,0.0097504570,0.0097500049
2011-06-21,0.0013869999,0.0018621359,0.0028756930,0.0040331267,0.0051466776,0.0062400709,0.0080101222,0.0094273138,0.0093487544,0.0093999211,0.0093499344
2011-06-20,0.0015944763,0.0020255112,0.0030293452,0.0041856174,0.0053140021,0.0064059247,0.0081778396,0.0096589048,0.0096127712,0.0096499557,0.0096252165
2011-06-17,0.0014258791,0.0018740259,0.0029475689,0.0040897654,0.0052165164,0.0063136588,0.0079931282,0.0094487345,0.0094163224,0.0094166473,0.0094185127
2011-06-16,0.0016137098,0.0020483551,0.0030629098,0.0042020347,0.0053380660,0.0064305341,0.0081379069,0.0095797241,0.0095500462,0.0096002797,0.0095520163
2011-06-15,0.0014414194,0.0018833385,0.0029179538,0.0040992124,0.0052320079,0.0063284246,0.0080737702,0.0094530966,0.0095043538,0.0095286261,0.0095039494
2011-06-14,0.0013822729,0.0017774747,0.0028307757,0.0039939592,0.0051309159,0.0062426054,0.0079200119,0.0093104357,0.0093247971,0.0093259683,0.0093296548
2011-06-13,0.0014127304,0.0018588295,0.0029133133,0.0041003564,0.0052475069,0.0063560102,0.0080899165,0.0094364355,0.0094530723,0.0094526890,0.0094553182
2011-06-10,0.0014036795,0.0018164533,0.0029291236,0.0041334177,0.0052835848,0.0063880554,0.0080153641,0.0094703072,0.0094780927,0.0094760999,0.0094775575
2011-06-09,0.0014032566,0.0018265911,0.0028915031,0.0040700026,0.0052075099,0.0062980568,0.0080259291,0.0094189714,0.0094388566,0.0094162219,0.0094406701
2011-06-08,0.0014905398,0.0018949856,0.0029232207,0.0040813967,0.0052197533,0.0063059810,0.0079963189,0.0094407515,0.0093484935,0.0094332197,0.0093514397
2011-06-07,0.0014205215,0.0018471073,0.0028760145,0.0040514934,0.0051898910,0.0062760051,0.0079984891,0.0093921943,0.0093695122,0.0093496655,0.0093716312
2011-06-06,0.0014591672,0.0018735858,0.0029069471,0.0040761868,0.0052188583,0.0063037552,0.0079724244,0.0094083161,0.0093995204,0.0093997956,0.0094018489
2011-06-03,0.0015150642,0.0019383799,0.0029561321,0.0040796914,0.0052307850,0.0063230888,0.0080316120,0.0094502420,0.0094344744,0.0094763697,0.0094018526
2011-06-02,0.0014477336,0.0018856448,0.0029453097,0.0040718391,0.0052266276,0.0063211458,0.0080327925,0.0094393714,0.0093996072,0.0093994119,0.0094009652
2011-06-01,0.0013000890,0.0017362437,0.0027541271,0.0039672519,0.0050987994,0.0061703504,0.0078930818,0.0093207532,0.0092500381,0.0091012732,0.0091028802
2011-05-31,0.0014054866,0.0018057030,0.0028444959,0.0039596217,0.0051092898,0.0062037113,0.0079094323,0.0092999864,0.0092616191,0.0092613385,0.0092300122
2011-05-30,0.0013352003,0.0017655099,0.0028361531,0.0039536115,0.0051069705,0.0062035083,0.0079145690,0.0093199938,0.0093014523,0.0093016311,0.0093041118
2011-05-27,0.0013352304,0.0017654879,0.0028357695,0.0039529917,0.0051013754,0.0062028470,0.0079139977,0.0093197026,0.0093009411,0.0093009487,0.0093032154
2011-05-26,0.0012695638,0.0017279784,0.0028011517,0.0039203472,0.0050536576,0.0061498884,0.0078579008,0.0092805218,0.0092346422,0.0091491926,0.0092360929
2011-05-25,0.0013200541,0.0017681794,0.0028411676,0.0039601897,0.0050907251,0.0061895800,0.0078976563,0.0093203819,0.0093012902,0.0092490164,0.0093019736
2011-05-24,0.0013660449,0.0017907021,0.0028652324,0.0039850245,0.0051199406,0.0062338232,0.0079606650,0.0093816126,0.0094035443,0.0093779808,0.0093678540
2011-05-23,0.0013335767,0.0017514785,0.0028675223,0.0040233846,0.0051449330,0.0062468527,0.0079583289,0.0093947661,0.0093901841,0.0094147450,0.0093917812
2011-05-20,0.0012391533,0.0016652526,0.0028173178,0.0039565538,0.0050611885,0.0061591256,0.0079192414,0.0093508715,0.0092862413,0.0093412188,0.0092907698
2011-05-19,0.0011641961,0.0016254589,0.0027569832,0.0039161478,0.0050247586,0.0061180018,0.0078581868,0.0092902786,0.0092169766,0.0092642161,0.0092205684
2011-05-18,0.0011561375,0.0016312387,0.0027432499,0.0039148896,0.0050285708,0.0061138539,0.0077898918,0.0091097438,0.0090828690,0.0090830487,0.0090855662
2011-05-17,0.0011744593,0.0016482417,0.0027138419,0.0038914419,0.0050123281,0.0060956640,0.0077400173,0.0089769916,0.0090499268,0.0090337254,0.0090539329
2011-05-16,0.0011855696,0.0016702440,0.0027174452,0.0038993221,0.0050251447,0.0060991287,0.0076433243,0.0088868896,0.0090012142,0.0090280860,0.0090064391
2011-05-13,0.0011855048,0.0016702993,0.0027179993,0.0039002535,0.0050324708,0.0061000952,0.0076441338,0.0088874279,0.0090019202,0.0090289568,0.0090075433
2011-05-12,0.0011852625,0.0016701880,0.0027376339,0.0038991639,0.0050242834,0.0060982403,0.0076017548,0.0088459050,0.0089333249,0.0088502542,0.0089391267
2011-05-11,0.0011523441,0.0016505834,0.0027186069,0.0038804743,0.0049979794,0.0060798483,0.0075831198,0.0088268738,0.0089009791,0.0088009110,0.0089080257
2011-05-10,0.0011523690,0.0016505053,0.0027383219,0.0038793765,0.0049899595,0.0060782922,0.0075817521,0.0088259585,0.0088997825,0.0087997190,0.0089064661
2011-05-09,0.0012183345,0.0016623030,0.0027663877,0.0038743549,0.0049958813,0.0061169527,0.0076394881,0.0089377155,0.0088575671,0.0087181153,0.0088205149
2011-05-06,0.0014149091,0.0017026840,0.0027805784,0.0038841783,0.0049957916,0.0061175937,0.0075589910,0.0088569022,0.0087414944,0.0086810897,0.0086874250
2011-05-05,0.0014202902,0.0016474396,0.0027342514,0.0038511034,0.0049582600,0.0060940417,0.0075340509,0.0088190210,0.0088050588,0.0087721583,0.0087689164
2011-05-04,0.0013188735,0.0016345876,0.0027160900,0.0038042801,0.0050322100,0.0061218303,0.0076009608,0.0088704907,0.0088792254,0.0088344291,0.0088121656
2011-05-03,0.0011372045,0.0015803021,0.0026994420,0.0038295064,0.0049500759,0.0060509957,0.0075404665,0.0087912829,0.0086753830,0.0086161562,0.0086223171
2011-05-02,0.0011853347,0.0016438428,0.0028066191,0.0038425130,0.0050266100,0.0061620268,0.0075656496,0.0088075021,0.0089718052,0.0089944164,0.0090214338
2011-04-29,0.0012839587,0.0016267571,0.0027447030,0.0038806380,0.0050571047,0.0061744194,0.0076270904,0.0089005856,0.0089593832,0.0089005262,0.0089075057
2011-04-28,0.0011860453,0.0016445496,0.0028083874,0.0038453475,0.0050306839,0.0061648235,0.0075677951,0.0088086479,0.0089731200,0.0089957526,0.0090228087
2011-04-27,0.0012957737,0.0016854232,0.0028072482,0.0039697052,0.0051403535,0.0062335680,0.0077408467,0.0090105409,0.0088896243,0.0088001064,0.0087929301
2011-04-26,0.0012963519,0.0016858859,0.0028084797,0.0039714927,0.0051430369,0.0062359312,0.0077427852,0.0090117120,0.0088933382,0.0088036507,0.0087991100
2011-04-25,0.0012889815,0.0017015701,0.0028232737,0.0039641964,0.0051429130,0.0062457677,0.0077326628,0.0089814390,0.0088677961,0.0087866633,0.0087727699
2011-04-22,0.0012890374,0.0017018342,0.0028238858,0.0039648585,0.0051442232,0.0062465663,0.0077332926,0.0089818015,0.0088695030,0.0087880217,0.0087753287
2011-04-21,0.0012890689,0.0017018698,0.0028237180,0.0039645854,0.0051321104,0.0062461516,0.0077328972,0.0089815736,0.0088688001,0.0087875992,0.0087740908
2011-04-20,0.0012888529,0.0017611441,0.0028975681,0.0040424054,0.0051799771,0.0062693572,0.0077375970,0.0090022754,0.0090409689,0.0087866758,0.0089733590
2011-04-19,0.0014536293,0.0017733384,0.0028871302,0.0039926632,0.0051454371,0.0062918441,0.0077339080,0.0089586697,0.0090988892,0.0090992348,0.0090808082
2011-04-18,0.0015160168,0.0019123109,0.0029874511,0.0040679395,0.0051928980,0.0063187339,0.0077636069,0.0089637718,0.0089342964,0.0089519700,0.0089016996
2011-04-15,0.0013798623,0.0017148889,0.0028244047,0.0038701607,0.0049783776,0.0061322594,0.0075455505,0.0087369085,0.0087471854,0.0087353883,0.0087498910
2011-04-14,0.0013584036,0.0017054974,0.0028144700,0.0038570303,0.0049602995,0.0061039250,0.0075257258,0.0087755989,0.0086653301,0.0086717697,0.0086692464
2011-04-13,0.0012962397,0.0015679710,0.0026166459,0.0036939861,0.0047959211,0.0059534376,0.0073619656,0.0084947094,0.0085258934,0.0085733310,0.0085606826
2011-04-12,0.0011949574,0.0015460902,0.0025770518,0.0036688045,0.0047778586,0.0059447502,0.0073902880,0.0085291002,0.0085927690,0.0085740381,0.0085622926
2011-04-11,0.0008041429,0.0012574362,0.0023173787,0.0033667645,0.0044627261,0.0056474434,0.0070473865,0.0082148599,0.0083468119,0.0083036203,0.0083647601
2011-04-08,0.0008045651,0.0012579452,0.0023185005,0.0033683059,0.0044659927,0.0056488655,0.0070485950,0.0082157418,0.0083484023,0.0083048589,0.0083671590
2011-04-07,0.0009746619,0.0012848082,0.0023821650,0.0034981804,0.0045724654,0.0056972854,0.0071495445,0.0083298694,0.0083166544,0.0082755318,0.0083469238
2011-04-06,0.0009748058,0.0013228077,0.0024015837,0.0035077401,0.0045927519,0.0057279662,0.0071660172,0.0083430462,0.0083160203,0.0082744938,0.0083452922
2011-04-05,0.0010773901,0.0014014678,0.0024048542,0.0034937796,0.0045880400,0.0057347348,0.0072312401,0.0083320493,0.0084561176,0.0083819114,0.0083686459
2011-04-04,0.0008692013,0.0013250388,0.0023690279,0.0034782883,0.0045691679,0.0057086800,0.0071784898,0.0083148364,0.0083708516,0.0083552454,0.0083769496
2011-04-01,0.0010356539,0.0014638418,0.0023881019,0.0033905711,0.0045157577,0.0057159446,0.0071547424,0.0082187232,0.0082476692,0.0082555673,0.0082461871
2011-03-31,0.0009319258,0.0014096404,0.0023935086,0.0033990679,0.0045320812,0.0057386233,0.0071604596,0.0082494182,0.0082795912,0.0083022567,0.0082928150
2011-03-30,0.0009319323,0.0013615953,0.0023640190,0.0034400545,0.0045538090,0.0057204351,0.0071148557,0.0082341574,0.0082833797,0.0083068222,0.0082958703
2011-03-29,0.0008806335,0.0012925900,0.0023419856,0.0034625907,0.0045571774,0.0056873252,0.0071429990,0.0083036888,0.0083407442,0.0083415039,0.0083479546
2011-03-28,0.0010719422,0.0013865511,0.0023547604,0.0034343305,0.0045353086,0.0056749433,0.0070909408,0.0082405579,0.0082222037,0.0082488029,0.0082111671
2011-03-25,0.0007879059,0.0012571315,0.0022489353,0.0034267993,0.0045052197,0.0056079712,0.0070385355,0.0082534321,0.0083035520,0.0083043697,0.0083099796
2011-03-24,0.0007879268,0.0012938841,0.0022942674,0.0034565390,0.0045461685,0.0056569803,0.0070990111,0.0083251564,0.0083018411,0.0083029867,0.0083091137
2011-03-23,0.0009743023,0.0013535500,0.0023626127,0.0034626603,0.0045748038,0.0057140327,0.0071430174,0.0083039656,0.0083792100,0.0083819358,0.0083915063
2011-03-22,0.0008366096,0.0012725998,0.0023403181,0.0034417974,0.0045449126,0.0056695161,0.0070861034,0.0082665637,0.0082583516,0.0082419331,0.0082716197
2011-03-21,0.0008789698,0.0012843947,0.0022617797,0.0033883626,0.0044798091,0.0055909027,0.0070163398,0.0082256052,0.0082062215,0.0082088350,0.0082128749
2011-03-18,0.0009040627,0.0012972891,0.0022652710,0.0033778931,0.0044682750,0.0055751849,0.0070424580,0.0082461187,0.0082512331,0.0082307513,0.0082432057
2011-03-17,0.0010954290,0.0014123606,0.0023890824,0.0035044185,0.0046103380,0.0057167280,0.0071772660,0.0083578757,0.0084061645,0.0083574292,0.0083764321
2011-03-16,0.0010963239,0.0014220680,0.0023886568,0.0035216573,0.0046336795,0.0057421618,0.0071925220,0.0083879580,0.0084148120,0.0084065343,0.0084547824
2011-03-15,0.0010455993,0.0014408615,0.0024476961,0.0035299223,0.0046431302,0.0057477741,0.0071615377,0.0083443632,0.0083167547,0.0083159247,0.0083289374
2011-03-14,0.0008628081,0.0012389771,0.0021607760,0.0032636093,0.0043297090,0.0054017557,0.0068142394,0.0080134913,0.0080521315,0.0080754322,0.0081053892
2011-03-11,0.0010923530,0.0013623014,0.0022720427,0.0033699089,0.0044518736,0.0055265709,0.0069371584,0.0081345076,0.0081609608,0.0081299336,0.0081336252
2011-03-10,0.0009243899,0.0013214381,0.0022447285,0.0033340090,0.0044235861,0.0055111604,0.0069366693,0.0081482832,0.0082061450,0.0081425217,0.0081479697
2011-03-09,0.0008886543,0.0013004349,0.0022855110,0.0033366092,0.0044376197,0.0055376849,0.0069234970,0.0081337812,0.0081631611,0.0081131465,0.0081246090
2011-03-08,0.0008556108,0.0012804804,0.0022650504,0.0033157511,0.0044169515,0.0055165724,0.0069024447,0.0081129795,0.0081145078,0.0080784391,0.0080716572
2011-03-07,0.0008556416,0.0012581461,0.0022608968,0.0033096408,0.0044105999,0.0055067204,0.0068903932,0.0080987412,0.0080869474,0.0080789252,0.0080724138
2011-03-04,0.0007277262,0.0011611402,0.0022501322,0.0033310229,0.0044178758,0.0054853018,0.0068557335,0.0080508387,0.0080232746,0.0080404891,0.0080116669
2011-03-03,0.0006944795,0.0011378337,0.0022228024,0.0032786928,0.0043618333,0.0054440158,0.0068094825,0.0080001724,0.0080172388,0.0080009476,0.0080021082
2011-03-02,0.0007289903,0.0011910004,0.0022660558,0.0033324219,0.0044220108,0.0055168659,0.0068929538,0.0080935966,0.0080193959,0.0080370732,0.0080169863
2011-03-01,0.0007476234,0.0011720246,0.0021521851,0.0031964706,0.0042729460,0.0053818026,0.0067624337,0.0079676093,0.0079361196,0.0079507220,0.0079282293
2011-02-28,0.0007811062,0.0011896794,0.0021682120,0.0032308412,0.0043033709,0.0054122325,0.0067499705,0.0079527076,0.0079671091,0.0079830107,0.0079753448
2011-02-25,0.0009527357,0.0012942317,0.0023232261,0.0033584422,0.0044448960,0.0055666083,0.0069450473,0.0080969942,0.0081247651,0.0081084907,0.0081183065
2011-02-24,0.0009542645,0.0013372267,0.0024109104,0.0034383861,0.0045285225,0.0056558072,0.0070166267,0.0081323392,0.0082542315,0.0082368249,0.0082652953
2011-02-23,0.0010830203,0.0014002711,0.0023816921,0.0034043755,0.0044861574,0.0056179591,0.0069853315,0.0081140372,0.0081267638,0.0081407577,0.0081537617
2011-02-22,0.0010391564,0.0013657439,0.0023189318,0.0033812620,0.0044430166,0.0055600014,0.0070332185,0.0082582545,0.0078577804,0.0081645884,0.0079951248
2011-02-21,0.0010705347,0.0013084901,0.0022845937,0.0033651196,0.0044086666,0.0055124250,0.0069633504,0.0081604117,0.0081358936,0.0080936964,0.0081662343
2011-02-18,0.0006260916,0.0011854686,0.0021857242,0.0033170166,0.0043876251,0.0055155863,0.0069870090,0.0081929714,0.0078908176,0.0081908413,0.0079621738
2011-02-17,0.0007932446,0.0012184236,0.0022430908,0.0033090683,0.0043849386,0.0054986142,0.0069271170,0.0080779064,0.0080945777,0.0080837143,0.0080583410
2011-02-16,0.0006984670,0.0011923080,0.0022009101,0.0032734474,0.0043729527,0.0055046256,0.0069512644,0.0081327324,0.0082113704,0.0081619456,0.0081841279
2011-02-15,0.0008345894,0.0012731920,0.0023466438,0.0034118343,0.0045252008,0.0056314861,0.0070323568,0.0081570139,0.0082331776,0.0082300660,0.0082473522
2011-02-14,0.0009508105,0.0013552703,0.0024313756,0.0034425692,0.0045630842,0.0056509459,0.0070272805,0.0080851761,0.0082124620,0.0082122509,0.0082170195
2011-02-11,0.0008659378,0.0011826640,0.0021860834,0.0032522967,0.0043808301,0.0054898587,0.0069556933,0.0080962570,0.0080767133,0.0081170001,0.0080734561
2011-02-10,0.0007943057,0.0011224188,0.0022072462,0.0032927468,0.0044054662,0.0054858994,0.0069229444,0.0080550432,0.0080434093,0.0080571879,0.0080510411
2011-02-09,0.0007354515,0.0010353537,0.0021032684,0.0031548226,0.0042794892,0.0054052439,0.0068111515,0.0079129957,0.0080805630,0.0080548429,0.0080059061
2011-02-08,0.0007179762,0.0012298565,0.0022883512,0.0033287949,0.0044327959,0.0054986837,0.0069190503,0.0079744273,0.0080141414,0.0080142529,0.0080268084
2011-02-07,0.0008163876,0.0013598530,0.0024615685,0.0034091321,0.0044809733,0.0054887710,0.0068575038,0.0078750380,0.0080111731,0.0080141214,0.0079726630
2011-02-04,0.0012326297,0.0013962449,0.0024196420,0.0034325077,0.0045052455,0.0055129439,0.0068802595,0.0079973882,0.0079463602,0.0079995881,0.0079694355
2011-02-03,0.0008380257,0.0013148541,0.0023140949,0.0033855440,0.0045168624,0.0056206604,0.0070615247,0.0081800863,0.0081489205,0.0081758835,0.0081749633
2011-02-02,0.0007796706,0.0012980947,0.0022878875,0.0033625558,0.0044924375,0.0056004204,0.0070475665,0.0081696982,0.0081071303,0.0081610669,0.0081497879
2011-02-01,0.0007502682,0.0012802187,0.0022753872,0.0033744795,0.0045029592,0.0056091777,0.0070795369,0.0081647114,0.0077311502,0.0081772380,0.0078202997
2011-01-31,0.0011933928,0.0015041558,0.0024027053,0.0034680980,0.0046061251,0.0057131285,0.0072023649,0.0082462104,0.0077996374,0.0080106290,0.0078935234
2011-01-28,0.0011725254,0.0014644126,0.0024041187,0.0034700938,0.0046074165,0.0057154650,0.0071640315,0.0082479076,0.0078027620,0.0080116747,0.0078959371
2011-01-27,0.0010475655,0.0013572688,0.0024306971,0.0034871478,0.0046067282,0.0056882225,0.0070685551,0.0081859866,0.0078726978,0.0082008413,0.0079409118
2011-01-26,0.0010544635,0.0012818112,0.0023505328,0.0034470839,0.0045629584,0.0056478982,0.0070075236,0.0081243715,0.0078461160,0.0081312694,0.0079115611
2011-01-25,0.0010707824,0.0013272033,0.0023814238,0.0034609111,0.0045761542,0.0056603133,0.0069771014,0.0080899541,0.0078262398,0.0081038168,0.0078940497
2011-01-24,0.0011641893,0.0014294650,0.0025369835,0.0035618172,0.0046643117,0.0057163270,0.0068324291,0.0078606281,0.0080354742,0.0079773109,0.0080473518
2011-01-21,0.0012575561,0.0014234402,0.0024992258,0.0035556374,0.0046635294,0.0057267662,0.0068606062,0.0079123884,0.0080692065,0.0080033574,0.0080829963
2011-01-20,0.0011408524,0.0015699202,0.0026043709,0.0036022057,0.0047329692,0.0058247899,0.0069697139,0.0079268417,0.0079477419,0.0079551233,0.0079969305
2011-01-19,0.0010225668,0.0014460487,0.0024593790,0.0035172954,0.0046626536,0.0057919234,0.0068954209,0.0078983241,0.0076896828,0.0079151813,0.0076964232
2011-01-18,0.0011126944,0.0015084208,0.0025749566,0.0036614522,0.0047844281,0.0058607875,0.0069545396,0.0079684614,0.0075370146,0.0079821995,0.0076267511
2011-01-17,0.0013647691,0.0016643712,0.0027162980,0.0037740474,0.0049075487,0.0059848751,0.0070557513,0.0080831102,0.0079954924,0.0082653564,0.0080660042
2011-01-14,0.0013650196,0.0016935239,0.0027457452,0.0037890969,0.0049118745,0.0059985139,0.0070542067,0.0080953899,0.0079908212,0.0082610168,0.0080574950
2011-01-13,0.0014259545,0.0018452609,0.0028280923,0.0038057339,0.0049260797,0.0060339392,0.0070089965,0.0080123565,0.0078451369,0.0081910850,0.0079462138
2011-01-12,0.0013762077,0.0017254121,0.0027543860,0.0038381886,0.0049351699,0.0060320652,0.0070156419,0.0080178465,0.0080811657,0.0080424168,0.0081348332
2011-01-11,0.0015426520,0.0019253229,0.0030135018,0.0040453556,0.0051410573,0.0062278204,0.0072429416,0.0082563272,0.0079938849,0.0083315159,0.0080695052
2011-01-10,0.0015523226,0.0019491249,0.0029779104,0.0040379844,0.0051356405,0.0062066882,0.0071528257,0.0081549563,0.0078896832,0.0082220090,0.0079624710
2011-01-07,0.0014886790,0.0018614621,0.0029723802,0.0040501142,0.0051386504,0.0062165662,0.0071902823,0.0082216446,0.0082339074,0.0082585329,0.0082602539
2011-01-06,0.0013574873,0.0018158495,0.0028250894,0.0039307524,0.0050387424,0.0061110917,0.0070373691,0.0080428039,0.0075268504,0.0080799778,0.0078833200
2011-01-05,0.0013535069,0.0017980193,0.0027826568,0.0038734840,0.0049878003,0.0060602484,0.0070054096,0.0080356202,0.0077659964,0.0080803704,0.0079347857
2011-01-04,0.0014324001,0.0018096066,0.0027710749,0.0038434045,0.0049378600,0.0060320215,0.0069729744,0.0079934711,0.0080633207,0.0080357684,0.0081158219
2011-01-03,0.0014832454,0.0019319873,0.0030643989,0.0041227474,0.0052436821,0.0062646796,0.0072275189,0.0082395872,0.0079659722,0.0082606401,0.0080374270
2010-12-31,0.0014831991,0.0019320403,0.0030645398,0.0041234458,0.0052430674,0.0062661011,0.0072292543,0.0082413923,0.0079692567,0.0082652943,0.0080430124
2010-12-30,0.0014829998,0.0019315717,0.0030631407,0.0041209542,0.0052384893,0.0062628944,0.0072261557,0.0082388019,0.0079654640,0.0082615331,0.0080376970
2010-12-29,0.0015040933,0.0020417530,0.0030661061,0.0040332104,0.0051765205,0.0062525859,0.0072127158,0.0082419476,0.0079977804,0.0082930328,0.0080955234
2010-12-28,0.0015641272,0.0020410608,0.0030653806,0.0040313287,0.0051731748,0.0062513630,0.0072114312,0.0082429097,0.0079985836,0.0082950217,0.0080957900
2010-12-27,0.0015640734,0.0020410322,0.0030655433,0.0040318175,0.0051722813,0.0062523885,0.0072127229,0.0082441206,0.0080010375,0.0082969752,0.0080994565
2010-12-24,0.0015640446,0.0020409134,0.0030660907,0.0040328782,0.0051718998,0.0062537653,0.0072141938,0.0082452039,0.0080033421,0.0082982323,0.0081020592
2010-12-23,0.0015639172,0.0020406936,0.0030649774,0.0040310244,0.0051684130,0.0062521501,0.0072129722,0.0082446442,0.0080025501,0.0082986507,0.0081025586
2010-12-22,0.0015368413,0.0019657180,0.0030139315,0.0040185844,0.0051537782,0.0062399729,0.0072256456,0.0082353163,0.0080392459,0.0082775657,0.0081223211
2010-12-21,0.0013348543,0.0017500635,0.0028348088,0.0039471487,0.0050911234,0.0062032893,0.0072081705,0.0082325194,0.0078795916,0.0082553616,0.0079717468
2010-12-20,0.0015358316,0.0019183907,0.0029119261,0.0039504309,0.0051006137,0.0062251899,0.0072303238,0.0082534131,0.0083245503,0.0083102156,0.0083755077
2010-12-17,0.0013469937,0.0018029761,0.0029064989,0.0040277748,0.0051308085,0.0061820509,0.0071672111,0.0081921613,0.0078119629,0.0082199187,0.0079067802
2010-12-16,0.0014449206,0.0018553944,0.0030044872,0.0040926017,0.0051751164,0.0061935670,0.0071574527,0.0081705591,0.0078842503,0.0081907367,0.0079273229
2010-12-15,0.0017544862,0.0019424065,0.0030402269,0.0041050693,0.0051678891,0.0061614068,0.0071066751,0.0080615165,0.0081759733,0.0081808056,0.0081975740
2010-12-14,0.0015276471,0.0018478017,0.0029437985,0.0040082006,0.0050823804,0.0061070691,0.0071126054,0.0081293467,0.0078605407,0.0081395203,0.0079355631
2010-12-13,0.0015928926,0.0019734365,0.0029819980,0.0040203840,0.0051324628,0.0062130659,0.0071824140,0.0081760976,0.0079305679,0.0082442389,0.0081095427
2010-12-10,0.0015329405,0.0019124116,0.0029954150,0.0041136149,0.0051927004,0.0062195464,0.0071729504,0.0081683037,0.0078223927,0.0082288203,0.0080402910
2010-12-09,0.0015948326,0.0019268251,0.0030219684,0.0041435185,0.0052202447,0.0062442775,0.0072061057,0.0081973802,0.0082198397,0.0082174509,0.0082855918
2010-12-08,0.0016074483,0.0019424832,0.0029403750,0.0040225511,0.0050824951,0.0061009299,0.0070444771,0.0080167638,0.0081464824,0.0081486489,0.0081160052
2010-12-07,0.0015284108,0.0018693699,0.0028726889,0.0039615814,0.0050380627,0.0060908256,0.0070949202,0.0081412431,0.0078990946,0.0081762319,0.0079679563
2010-12-06,0.0013564381,0.0018224899,0.0029374380,0.0040263218,0.0050959380,0.0061352369,0.0070584875,0.0081857196,0.0078348207,0.0082149239,0.0079211500
2010-12-03,0.0013161826,0.0017699582,0.0029007312,0.0039700369,0.0050529558,0.0061215575,0.0070438990,0.0081674543,0.0076463018,0.0082102042,0.0077685188
2010-12-02,0.0014434346,0.0018157421,0.0029351878,0.0040063463,0.0050752026,0.0061234715,0.0070147798,0.0081090152,0.0080590158,0.0081124289,0.0080777546
2010-12-01,0.0015028512,0.0019565256,0.0030970490,0.0041901324,0.0052754006,0.0063298946,0.0072591724,0.0083498971,0.0080775042,0.0083113410,0.0081499819
2010-11-30,0.0015253155,0.0020265629,0.0031653668,0.0042560427,0.0053370912,0.0063824960,0.0073032921,0.0084065183,0.0084176969,0.0083736620,0.0084205406
2010-11-29,0.0015432639,0.0018705129,0.0029672478,0.0040373289,0.0051054895,0.0061608674,0.0070514151,0.0081088802,0.0078784104,0.0081154869,0.0079574684
2010-11-26,0.0016269966,0.0018542564,0.0030478837,0.0040915292,0.0051433562,0.0061736599,0.0070472115,0.0080602063,0.0081120236,0.0081175523,0.0080760764
2010-11-25,0.0014307801,0.0018423978,0.0029446923,0.0040368026,0.0050830323,0.0061152935,0.0070271626,0.0080656763,0.0077038384,0.0079199336,0.0078040285
2010-11-24,0.0014697604,0.0019293211,0.0029710726,0.0040569463,0.0051146403,0.0061647283,0.0071694563,0.0081761319,0.0081742571,0.0081784033,0.0081925599
2010-11-23,0.0014594249,0.0018604638,0.0029338966,0.0040341826,0.0050903104,0.0061445479,0.0071215747,0.0081290919,0.0078995282,0.0081789728,0.0079755975
2010-11-22,0.0015149439,0.0018925406,0.0029450854,0.0039947045,0.0050346459,0.0060741300,0.0070089936,0.0080071829,0.0080160420,0.0080224586,0.0080424528
2010-11-19,0.0018351402,0.0018986108,0.0029983029,0.0039937891,0.0050028563,0.0060028259,0.0068323205,0.0077741382,0.0079094560,0.0079179449,0.0078928090
2010-11-18,0.0012189108,0.0016527236,0.0027459519,0.0038329103,0.0048963370,0.0059919895,0.0069450821,0.0080006077,0.0079483796,0.0080367480,0.0079608282
2010-11-17,0.0016511425,0.0018681093,0.0030149945,0.0040555998,0.0050861774,0.0061113518,0.0070259981,0.0079986864,0.0080632173,0.0080692689,0.0080297485
2010-11-16,0.0020281778,0.0021598137,0.0031804360,0.0042285788,0.0052368979,0.0062146323,0.0070083606,0.0079339395,0.0081472509,0.0081574734,0.0081823930
2010-11-15,0.0013577067,0.0018598324,0.0029292500,0.0040221524,0.0050515706,0.0060800658,0.0069220372,0.0078527038,0.0074413467,0.0079039306,0.0075734610
2010-11-12,0.0014177247,0.0018818651,0.0029483546,0.0039830818,0.0050321173,0.0060932430,0.0069710258,0.0079241986,0.0074877652,0.0079528475,0.0076207443
2010-11-11,0.0017839536,0.0020292501,0.0031146011,0.0041673572,0.0052034726,0.0062279387,0.0071028438,0.0079992846,0.0080649182,0.0080606005,0.0081173628
2010-11-10,0.0016312620,0.0019720433,0.0031483464,0.0041622025,0.0051896342,0.0062032756,0.0070259969,0.0078797230,0.0079863152,0.0079956496,0.0079720677
2010-11-09,0.0015258969,0.0019637161,0.0029763517,0.0039556695,0.0050385398,0.0061533620,0.0070771697,0.0080198814,0.0078888369,0.0081313102,0.0079552788
2010-11-08,0.0014700552,0.0019125923,0.0029654693,0.0040042760,0.0050692569,0.0061537516,0.0070567648,0.0080025518,0.0080086061,0.0080636850,0.0079841085
2010-11-05,0.0014583113,0.0018655807,0.0028874661,0.0039043938,0.0049396290,0.0059932541,0.0068242848,0.0076885133,0.0076072970,0.0078477035,0.0077803702
2010-11-04,0.0014784245,0.0018851402,0.0029173802,0.0039495653,0.0049850895,0.0060349898,0.0068707707,0.0077269734,0.0076350159,0.0078511447,0.0077762421
2010-11-03,0.0014626365,0.0019243443,0.0030668832,0.0041270767,0.0051658459,0.0062025828,0.0069024609,0.0077698197,0.0076462245,0.0078655024,0.0077775684
2010-11-02,0.0016227035,0.0019599924,0.0030156548,0.0041224201,0.0051702404,0.0062209071,0.0069511846,0.0077886955,0.0076966560,0.0079855263,0.0080136954
2010-11-01,0.0015767782,0.0018786573,0.0029315919,0.0040612740,0.0051197588,0.0061926063,0.0069024405,0.0077314257,0.0075535389,0.0080209626,0.0079327966
2010-10-29,0.0014199483,0.0018795732,0.0029704984,0.0042036590,0.0052185302,0.0062166724,0.0069466447,0.0077322201,0.0075537043,0.0080070759,0.0080259349
2010-10-28,0.0015275124,0.0019407384,0.0029792652,0.0040923023,0.0051339375,0.0061812283,0.0069328223,0.0077353337,0.0075010646,0.0078794880,0.0078883820
2010-10-27,0.0017462203,0.0019955288,0.0030633587,0.0041594409,0.0051288560,0.0060701534,0.0067528097,0.0076350336,0.0074663345,0.0077246203,0.0076996694
2010-10-26,0.0016693136,0.0018973644,0.0029386410,0.0039703577,0.0049764587,0.0059876591,0.0067744553,0.0075988144,0.0074844548,0.0076171004,0.0075326866
2010-10-25,0.0015271588,0.0018371975,0.0028678215,0.0039261320,0.0049303138,0.0059440495,0.0067475235,0.0075550284,0.0074270539,0.0075827277,0.0075132647
2010-10-22,0.0015311041,0.0019042471,0.0029121415,0.0039886740,0.0050130030,0.0060494774,0.0067512639,0.0075637257,0.0075449044,0.0076702692,0.0077590588
2010-10-21,0.0016052268,0.0019527994,0.0029491157,0.0040250549,0.0050400623,0.0060604202,0.0067701896,0.0075828413,0.0073892630,0.0076737182,0.0076754795
2010-10-20,0.0016869716,0.0020287114,0.0030841413,0.0041182143,0.0051571899,0.0062025795,0.0068919852,0.0077494644,0.0075808156,0.0077655381,0.0077425206
2010-10-19,0.0015672659,0.0019880428,0.0030337496,0.0040340636,0.0050856879,0.0061583447,0.0068444013,0.0076884299,0.0073721107,0.0076947568,0.0075224853
2010-10-18,0.0016739190,0.0022032137,0.0032060560,0.0041836779,0.0052376017,0.0062989230,0.0070193400,0.0078259611,0.0076682943,0.0078939285,0.0078075829
2010-10-15,0.0016824470,0.0021233208,0.0031357719,0.0041612636,0.0051565290,0.0061390558,0.0068383234,0.0076488824,0.0078040646,0.0078106293,0.0077568293
2010-10-14,0.0018200051,0.0021837515,0.0030956248,0.0040760708,0.0051035751,0.0061400438,0.0068591556,0.0076743119,0.0077450083,0.0078041282,0.0078912799
2010-10-13,0.0017474959,0.0019523425,0.0030150992,0.0040635356,0.0050759071,0.0060931197,0.0067731673,0.0076396034,0.0078084452,0.0077915736,0.0077937979
2010-10-12,0.0017093686,0.0018817296,0.0029771241,0.0040549554,0.0050847124,0.0061279531,0.0068423758,0.0076858063,0.0078480132,0.0078213731,0.0078938683
2010-10-11,0.0019934927,0.0018622737,0.0029648676,0.0040514345,0.0050643666,0.0060850264,0.0068384157,0.0075963777,0.0077730777,0.0077814273,0.0078081715
2010-10-08,0.0017472271,0.0020460707,0.0030652853,0.0041348551,0.0051500554,0.0061664726,0.0068632525,0.0076847186,0.0076916169,0.0078402797,0.0078509940
2010-10-07,0.0020109773,0.0022507845,0.0033985570,0.0045985356,0.0056255048,0.0066165108,0.0072985712,0.0081014753,0.0080539977,0.0083165652,0.0081854375
2010-10-06,0.0018539186,0.0022047889,0.0033545386,0.0045179295,0.0055893319,0.0066490287,0.0073514364,0.0081668327,0.0080465069,0.0082948183,0.0082916208
2010-10-05,0.0019276511,0.0023741168,0.0035205764,0.0046630063,0.0057256125,0.0067609550,0.0074521669,0.0082450616,0.0082078591,0.0082605279,0.0082231254
2010-10-04,0.0021602208,0.0025244466,0.0036491726,0.0047879042,0.0058555807,0.0068877426,0.0075681025,0.0083556946,0.0083066697,0.0085150818,0.0085060931
2010-10-01,0.0020583557,0.0022662339,0.0034843759,0.0047306373,0.0058476340,0.0069530511,0.0076902841,0.0085294271,0.0084314738,0.0084358386,0.0084341811
2010-09-30,0.0019449256,0.0021435548,0.0033489703,0.0045750598,0.0056963363,0.0068230957,0.0075872164,0.0084045579,0.0084481546,0.0084367194,0.0084423164
2010-09-29,0.0020722050,0.0024083895,0.0035733980,0.0047754855,0.0058718296,0.0069465414,0.0076862251,0.0084763112,0.0083027771,0.0084880663,0.0083902745
2010-09-28,0.0021490060,0.0027111508,0.0038007204,0.0048829625,0.0059936964,0.0070794195,0.0078429867,0.0086087015,0.0086430954,0.0086609808,0.0086883053
2010-09-27,0.0020662791,0.0024620470,0.0036037259,0.0047127700,0.0057999999,0.0068694752,0.0075660242,0.0083345437,0.0081000956,0.0086618027,0.0084700893
2010-09-24,0.0020502977,0.0025235371,0.0036262832,0.0047241466,0.0058135388,0.0068857921,0.0076110812,0.0083106060,0.0082005448,0.0085561725,0.0085112398
2010-09-23,0.0022762862,0.0026065274,0.0036356296,0.0046663716,0.0057318583,0.0067773510,0.0075410767,0.0082461546,0.0082534992,0.0084944027,0.0083466359
2010-09-22,0.0019809081,0.0023965380,0.0034180240,0.0045160393,0.0055331939,0.0065267167,0.0072281500,0.0079896993,0.0081307405,0.0081448761,0.0081693585
2010-09-21,0.0017926737,0.0021035605,0.0032247624,0.0044014405,0.0053949328,0.0063669319,0.0070279073,0.0078290567,0.0079388642,0.0079343526,0.0079570098
2010-09-20,0.0018595739,0.0022041121,0.0032576288,0.0044597447,0.0055286384,0.0065998130,0.0072593239,0.0079924443,0.0079786665,0.0081587476,0.0080503336
2010-09-17,0.0018514510,0.0022509030,0.0033276617,0.0045001914,0.0055420008,0.0065729408,0.0072535425,0.0080075654,0.0080094346,0.0081567016,0.0080727744
2010-09-16,0.0019362682,0.0024473733,0.0034896373,0.0045691919,0.0055942871,0.0065972041,0.0072397613,0.0079040640,0.0079015604,0.0082774004,0.0081935559
2010-09-15,0.0020108767,0.0027105475,0.0037989305,0.0049004015,0.0058699819,0.0067733569,0.0074189297,0.0081419004,0.0081682820,0.0081700095,0.0081786967
2010-09-14,0.0018566049,0.0026688733,0.0036321778,0.0046083540,0.0056547417,0.0066848874,0.0073974294,0.0081510219,0.0082897343,0.0083055797,0.0083309595
2010-09-13,0.0018589637,0.0024242560,0.0035026313,0.0045891468,0.0055871911,0.0065542316,0.0072629758,0.0080721523,0.0080758352,0.0082303580,0.0081649888
2010-09-10,0.0020430182,0.0025660346,0.0037375641,0.0048649901,0.0058299566,0.0067323647,0.0073990493,0.0081665418,0.0080985619,0.0084040721,0.0081937024
2010-09-09,0.0021404564,0.0029070667,0.0038628606,0.0048093171,0.0057616384,0.0066524225,0.0073297700,0.0080803555,0.0081411378,0.0085482221,0.0082082157
2010-09-08,0.0024034503,0.0029497417,0.0039955173,0.0050562865,0.0059706863,0.0067957963,0.0074221186,0.0081157215,0.0081077953,0.0082512639,0.0081970149
2010-09-07,0.0024866542,0.0028038420,0.0039435505,0.0050524293,0.0059654243,0.0067898195,0.0073963098,0.0080804830,0.0079102440,0.0080555742,0.0080434751
2010-09-06,0.0024431322,0.0027485376,0.0038288009,0.0048846209,0.0058054155,0.0066521775,0.0072629067,0.0078922115,0.0077618896,0.0080475155,0.0080373303
2010-09-03,0.0027214996,0.0029553436,0.0040608510,0.0050860378,0.0059579875,0.0067297660,0.0072944570,0.0079828887,0.0081183341,0.0081980566,0.0083314609
2010-09-02,0.0028456879,0.0031447454,0.0043267743,0.0053548494,0.0062115164,0.0069483336,0.0075504260,0.0081660897,0.0082305152,0.0084601985,0.0085843010
2010-09-01,0.0026607635,0.0032078275,0.0043713919,0.0053774628,0.0062165876,0.0069312511,0.0074967620,0.0081067727,0.0082745019,0.0084257337,0.0086227647
2010-08-31,0.0031407545,0.0034280889,0.0045276391,0.0055968953,0.0064660025,0.0072054609,0.0077736419,0.0083937962,0.0084608361,0.0088083149,0.0088092798
2010-08-30,0.0031769188,0.0033704902,0.0045220181,0.0055181448,0.0063627288,0.0070775546,0.0076300105,0.0082665235,0.0082922919,0.0084004231,0.0083898268
2010-08-27,0.0031772160,0.0033706162,0.0045215232,0.0055166585,0.0063601492,0.0070745740,0.0076256960,0.0082608841,0.0082796769,0.0083875601,0.0083634648
2010-08-26,0.0028322339,0.0032572920,0.0043802552,0.0053683174,0.0062249351,0.0069650707,0.0075169186,0.0081124177,0.0082919421,0.0083782034,0.0085556480
2010-08-25,0.0024835786,0.0034315721,0.0044652449,0.0054505205,0.0063161898,0.0070634799,0.0076363448,0.0082703416,0.0084292208,0.0085098836,0.0085923834
2010-08-24,0.0029118964,0.0034020271,0.0044128227,0.0054358103,0.0062747430,0.0069907894,0.0075625692,0.0081952192,0.0085344699,0.0087421100,0.0089364438
2010-08-23,0.0028399138,0.0031341220,0.0042725343,0.0052929149,0.0061228303,0.0068369192,0.0073799785,0.0080036720,0.0083650220,0.0083450314,0.0085536810
2010-08-20,0.0030096286,0.0033101999,0.0043809340,0.0054536220,0.0062738999,0.0069677625,0.0074958320,0.0081236937,0.0082814914,0.0086340586,0.0086106086
2010-08-19,0.0027360792,0.0031120634,0.0041729399,0.0052674363,0.0060530135,0.0067158265,0.0072270274,0.0078177964,0.0080446528,0.0087216050,0.0078072550
2010-08-18,0.0027113421,0.0030854076,0.0040871024,0.0051819570,0.0059848692,0.0066745699,0.0072113055,0.0077912736,0.0080129861,0.0087218181,0.0084498298
2010-08-17,0.0027575803,0.0034161232,0.0043117508,0.0051911479,0.0060063591,0.0067114944,0.0072745691,0.0078586368,0.0079687847,0.0089209194,0.0092001244
2010-08-16,0.0028173784,0.0032912258,0.0042096621,0.0051947228,0.0059928117,0.0066774588,0.0072640823,0.0078719416,0.0079483333,0.0088366474,0.0090503743
2010-08-13,0.0027285451,0.0031159879,0.0041090085,0.0050856530,0.0059173390,0.0066507525,0.0071903771,0.0078182325,0.0078158611,0.0088190526,0.0090975819
2010-08-12,0.0027530683,0.0032321986,0.0042305886,0.0051377880,0.0059632862,0.0066867027,0.0072722379,0.0078805003,0.0079768333,0.0089193318,0.0091975299
2010-08-11,0.0026574152,0.0030052104,0.0041540601,0.0051595765,0.0059399843,0.0066073257,0.0072007150,0.0078491432,0.0078456806,0.0088195768,0.0090973512
2010-08-10,0.0034865282,0.0034401587,0.0039881758,0.0049016398,0.0056990050,0.0064029208,0.0069307797,0.0075840966,0.0076453889,0.0085716462,0.0088497882
2010-08-09,0.0026948762,0.0030077013,0.0038392218,0.0048105951,0.0055841098,0.0062644484,0.0067410934,0.0073032154,0.0076204514,0.0083723312,0.0071348500
2010-08-06,0.0022190000,0.0024905339,0.0038499409,0.0047669759,0.0055411135,0.0062255419,0.0067274926,0.0072756660,0.0076236181,0.0083230087,0.0086016193
2010-08-05,0.0026581650,0.0024878125,0.0038078716,0.0047406074,0.0055151977,0.0062024958,0.0066710031,0.0072474483,0.0075576458,0.0082234474,0.0085023695
2010-08-04,0.0025081650,0.0036854786,0.0037436846,0.0046762733,0.0054375434,0.0061127436,0.0066189463,0.0072092997,0.0074155417,0.0081734457,0.0084524407
2010-08-03,0.0025081650,0.0037550173,0.0039001651,0.0047126431,0.0054321368,0.0060542412,0.0065598456,0.0071986580,0.0074155417,0.0078111951,0.0074879781
2010-08-02,0.0033540371,0.0038635095,0.0040411422,0.0048330285,0.0055530394,0.0061698883,0.0066295510,0.0071378415,0.0071922840,0.0076753994,0.0077374237
2010-07-30,0.0022353463,0.0031268305,0.0039694106,0.0049633556,0.0057080532,0.0063487479,0.0068166977,0.0073267334,0.0073484022,0.0080626114,0.0078672637
2010-07-29,0.0022600537,0.0030777368,0.0039242608,0.0048990497,0.0056555653,0.0063150954,0.0068001909,0.0073067331,0.0072720622,0.0080622577,0.0078668259
2010-07-28,0.0029501800,0.0035883737,0.0044791417,0.0054095689,0.0061973676,0.0068682146,0.0073033881,0.0078605402,0.0079384127,0.0088211338,0.0090987400
2010-07-27,0.0028329584,0.0034873510,0.0044394349,0.0053670296,0.0061321504,0.0067785358,0.0071714688,0.0077405050,0.0081566163,0.0081978146,0.0083752714
2010-07-26,0.0029106556,0.0035998164,0.0045994914,0.0054927918,0.0062734306,0.0069328791,0.0073675979,0.0079401949,0.0085513257,0.0087240745,0.0093468794
2010-07-23,0.0033271111,0.0040859899,0.0050933015,0.0059510369,0.0067347720,0.0073756788,0.0078003386,0.0083525357,0.0083062356,0.0093191062,0.0095966024
2010-07-22,0.0041215450,0.0042085363,0.0051704706,0.0060338311,0.0068055119,0.0074289866,0.0079089085,0.0084270838,0.0084939236,0.0089628282,0.0095962701
2010-07-21,0.0042304530,0.0042377620,0.0053667534,0.0061658345,0.0069584657,0.0076013117,0.0080389059,0.0085641838,0.0086099063,0.0089236986,0.0089290725
2010-07-20,0.0040904284,0.0045828837,0.0055113075,0.0063981959,0.0071678608,0.0077736913,0.0081617881,0.0087023492,0.0088249722,0.0092576774,0.0094499250
2010-07-19,0.0043217835,0.0047635566,0.0056142645,0.0065578958,0.0073189914,0.0079085332,0.0083173341,0.0088031694,0.0088316794,0.0093864317,0.0095978825
2010-07-16,0.0043335512,0.0048566607,0.0059342942,0.0068550658,0.0076283411,0.0082197545,0.0085693215,0.0090541669,0.0096050000,0.0097777295,0.0100057675
2010-07-15,0.0043335512,0.0048690901,0.0058381330,0.0068671723,0.0076401626,0.0082317052,0.0086042612,0.0090675541,0.0093765000,0.0097777295,0.0100057750
2010-07-14,0.0043043957,0.0048604959,0.0059002440,0.0068379190,0.0076306976,0.0082474439,0.0086451387,0.0091276015,0.0093115174,0.0097454031,0.0100057750
2010-07-13,0.0047005263,0.0050423902,0.0061130007,0.0070064658,0.0078288105,0.0084734383,0.0088917288,0.0093479544,0.0095871603,0.0099731513,0.0102593225
2010-07-12,0.0043769073,0.0052314980,0.0062522696,0.0071767387,0.0079649184,0.0085635713,0.0089577487,0.0094437670,0.0097324201,0.0101699765,0.0103085675
2010-07-09,0.0043210992,0.0052027107,0.0062635038,0.0072164330,0.0079656804,0.0085191223,0.0089420224,0.0094837328,0.0097796453,0.0101373267,0.0102835950
2010-07-08,0.0044617884,0.0054492467,0.0064146770,0.0073796149,0.0081183577,0.0086541941,0.0090602336,0.0094937730,0.0099714667,0.0104959148,0.0104313925
2010-07-07,0.0047847758,0.0056565883,0.0066694003,0.0076483320,0.0083929314,0.0089255885,0.0093640430,0.0098364786,0.0101412500,0.0106234464,0.0107583275
2010-07-06,0.0051945629,0.0059279689,0.0069011548,0.0079175619,0.0087060214,0.0092784733,0.0096524264,0.0101575812,0.0102854653,0.0107547344,0.0110183375
2010-07-05,0.0054375625,0.0059497049,0.0070590310,0.0080219138,0.0088092209,0.0093773003,0.0097311931,0.0102644500,0.0103184514,0.0107865951,0.0110675150
2010-07-02,0.0054008160,0.0059970246,0.0071049729,0.0080877334,0.0088733863,0.0094381101,0.0097970163,0.0103517342,0.0103184514,0.0108495596,0.0112151825
2010-07-01,0.0053666371,0.0061511294,0.0073124275,0.0082426447,0.0090224715,0.0095756846,0.0099511847,0.0105324807,0.0104861528,0.0108970000,0.0113701400
2010-06-30,0.0052980695,0.0060876831,0.0072817680,0.0082358750,0.0089988740,0.0095346391,0.0099180723,0.0105223015,0.0105184792,0.0108514774,0.0113242850
2010-06-29,0.0053786044,0.0062782214,0.0072882338,0.0082496142,0.0090311146,0.0095882426,0.0100160155,0.0106299122,0.0107313166,0.0109174480,0.0113242900
2010-06-28,0.0050833574,0.0058559163,0.0069061971,0.0079648866,0.0087529334,0.0093297472,0.0096543829,0.0103488886,0.0104614902,0.0102947059,0.0109166475
2010-06-25,0.0055480000,0.0059545992,0.0069933023,0.0079216430,0.0087487202,0.0093727772,0.0097457342,0.0104514625,0.0105663640,0.0103587411,0.0111700250
2010-06-24,0.0053818808,0.0057523526,0.0068916349,0.0080649515,0.0087835302,0.0092807534,0.0096595072,0.0103368087,0.0105306667,0.0102949777,0.0106040425
2010-06-23,0.0051885000,0.0056457478,0.0066970602,0.0074066225,0.0082923668,0.0090081554,0.0094552122,0.0100975868,0.0101984039,0.0102949696,0.0109165575
2010-06-22,0.0051780866,0.0057348577,0.0068458585,0.0079158705,0.0086736999,0.0092227719,0.0096239278,0.0103002983,0.0102949653,0.0102312127,0.0106631000
2010-06-21,0.0048337141,0.0052960839,0.0063041267,0.0073512431,0.0081577759,0.0087859029,0.0090979579,0.0096674525,0.0096775315,0.0098715509,0.0100971200
2010-06-18,0.0043460327,0.0052389478,0.0061949897,0.0071879343,0.0080121596,0.0086686408,0.0090922237,0.0097784218,0.0095558125,0.0098426443,0.0102626225
2010-06-17,0.0046089870,0.0050050768,0.0064669815,0.0073805885,0.0081710227,0.0087815271,0.0093138532,0.0101549208,0.0095391875,0.0099401894,0.0104168850
2010-06-16,0.0046416336,0.0053465279,0.0063379463,0.0072999701,0.0080467361,0.0086115024,0.0090790014,0.0098293154,0.0096375000,0.0101697712,0.0103643825
2010-06-15,0.0051540975,0.0053686118,0.0063853679,0.0072984596,0.0080795805,0.0086847873,0.0091796648,0.0100208430,0.0103774125,0.0107767517,0.0106146550
2010-06-14,0.0045091466,0.0049734116,0.0062438981,0.0072484623,0.0079863450,0.0085450637,0.0090908628,0.0100561018,0.0101125254,0.0105503652,0.0104661125
2010-06-11,0.0048905208,0.0054506202,0.0064696542,0.0074285589,0.0081852802,0.0087595110,0.0092908104,0.0102950054,0.0102458862,0.0107181700,0.0106671100
2010-06-10,0.0048077995,0.0052936363,0.0065672401,0.0075487483,0.0082908541,0.0088449060,0.0093689619,0.0103963322,0.0104772152,0.0107675050,0.0108738900
2010-06-09,0.0049535000,0.0057597172,0.0066846519,0.0075360148,0.0083449250,0.0089768721,0.0094431700,0.0101581196,0.0105426125,0.0108168150,0.0109231125
2010-06-08,0.0048724291,0.0053744290,0.0064427084,0.0074934870,0.0082711113,0.0088695264,0.0093296547,0.0101259455,0.0103332000,0.0108661150,0.0108673275
2010-06-07,0.0044479646,0.0050504829,0.0060332271,0.0070640463,0.0078233024,0.0084181782,0.0089056222,0.0096924349,0.0097541667,0.0103216700,0.0102593350
2010-06-04,0.0040215508,0.0044828125,0.0057406685,0.0068138611,0.0075246004,0.0080742053,0.0085816916,0.0093635478,0.0093465000,0.0098752650,0.0098021850
2010-06-03,0.0037918090,0.0045906191,0.0054480993,0.0064676163,0.0072078800,0.0078060584,0.0082648277,0.0090299364,0.0090802500,0.0097271575,0.0096042500
2010-06-02,0.0043830000,0.0047116783,0.0057578050,0.0068145966,0.0074824521,0.0079844211,0.0085155692,0.0092715310,0.0095199833,0.0100249000,0.0099353725
2010-06-01,0.0041396493,0.0047949118,0.0055736494,0.0065212672,0.0073187454,0.0079831033,0.0084949231,0.0092652899,0.0094404333,0.0100249000,0.0098578750
2010-05-31,0.0039675442,0.0046632394,0.0054624438,0.0063909703,0.0071982248,0.0078804175,0.0084061597,0.0092062587,0.0092949875,0.0100249000,0.0098053775
2010-05-28,0.0039675442,0.0046632394,0.0054624438,0.0063914147,0.0071982171,0.0078804835,0.0084062175,0.0092063057,0.0092949875,0.0100249000,0.0098053775
2010-05-27,0.0042923364,0.0048498140,0.0056838740,0.0067128222,0.0074454242,0.0080280208,0.0085653568,0.0094335100,0.0096965444,0.0102234000,0.0099103775
2010-05-26,0.0023602375,0.0049209068,0.0059972049,0.0069627510,0.0077304414,0.0083444406,0.0088892835,0.0095964581,0.0100128667,0.0104206250,0.0103673850
2010-05-25,0.0045631458,0.0052415753,0.0061311444,0.0070940656,0.0078855583,0.0085226363,0.0090033023,0.0097094692,0.0101004889,0.0106186875,0.0105433625
2010-05-24,0.0023324375,0.0050148982,0.0058197650,0.0066480586,0.0074840585,0.0081925391,0.0086703841,0.0095151911,0.0104034933,0.0103224700,0.0105757675
2010-05-21,0.0019807698,0.0042327468,0.0051609279,0.0065638012,0.0073890242,0.0080889572,0.0086675841,0.0094740669,0.0104034933,0.0100251675,0.0103292475
2010-05-20,0.0034642207,0.0040673556,0.0048245453,0.0057535223,0.0065926705,0.0073467874,0.0079172528,0.0088190117,0.0089359100,0.0095796000,0.0095086725
2010-05-19,0.0016610000,0.0037515893,0.0046565784,0.0056123973,0.0063931944,0.0070832196,0.0076787821,0.0085893657,0.0090288000,0.0093810900,0.0094561600
2010-05-18,0.0018795888,0.0030189036,0.0041528337,0.0049688812,0.0057549536,0.0064834042,0.0070876931,0.0079408485,0.0086244600,0.0087361825,0.0089051800
2010-05-17,0.0015555000,0.0030096698,0.0041466405,0.0050960355,0.0059020250,0.0066494001,0.0072421604,0.0081590996,0.0085186761,0.0089343025,0.0091028800
2010-05-14,0.0018798662,0.0036245469,0.0041814403,0.0050633728,0.0058157046,0.0064984886,0.0071355969,0.0080357195,0.0082893335,0.0086361700,0.0089051475
2010-05-13,0.0023805842,0.0028935268,0.0039182925,0.0048676125,0.0056352833,0.0063474290,0.0069669627,0.0078590158,0.0082313717,0.0084379400,0.0084997875
2010-05-12,0.0014900000,0.0029787364,0.0039980623,0.0049174046,0.0056793578,0.0063823353,0.0070233423,0.0078617285,0.0084524800,0.0084379375,0.0086022825
2010-05-11,0.0018530563,0.0030233573,0.0039738885,0.0049718772,0.0057523180,0.0064761549,0.0071059488,0.0079871880,0.0083301068,0.0083730124,0.0087012050
2010-05-10,0.0018659088,0.0030310695,0.0040987704,0.0049891813,0.0057449151,0.0064376085,0.0070604666,0.0079547809,0.0085228600,0.0084020574,0.0086481850
2010-05-07,0.0021749717,0.0045746915,0.0054424015,0.0061983327,0.0070040531,0.0077027420,0.0083401817,0.0092187020,0.0097243692,0.0099100850,0.0098611500
2010-05-06,0.0019164749,0.0036184753,0.0044500997,0.0053525663,0.0060923270,0.0067493275,0.0074233575,0.0083167966,0.0087761000,0.0084998351,0.0091554100
2010-05-05,0.0016850856,0.0022675920,0.0032503691,0.0042593947,0.0050629853,0.0058580943,0.0065064794,0.0073892428,0.0078157186,0.0078579972,0.0081523114
2010-05-04,0.0015349345,0.0021049688,0.0030114302,0.0040103111,0.0047917723,0.0055736533,0.0061687354,0.0071745576,0.0075617047,0.0075337934,0.0076738669
2010-05-03,0.0015593302,0.0021230923,0.0029418886,0.0040419741,0.0047804412,0.0055043097,0.0061040692,0.0070503957,0.0074228432,0.0076478125,0.0078438550
2010-04-30,0.0015593664,0.0021231121,0.0029417669,0.0040418510,0.0047817710,0.0055079809,0.0061200760,0.0070446722,0.0074228432,0.0076478125,0.0078438550
2010-04-29,0.0016882680,0.0023198881,0.0031631914,0.0040918660,0.0048412666,0.0055773325,0.0061412540,0.0070694462,0.0074913866,0.0077469900,0.0079953600
2010-04-28,0.0015383089,0.0023148894,0.0030986579,0.0043071785,0.0050878295,0.0058524394,0.0064674240,0.0073342551,0.0077814200,0.0076450025,0.0081503825
2010-04-27,0.0015838213,0.0020413513,0.0029400880,0.0038882312,0.0046431604,0.0053997636,0.0060541598,0.0069342497,0.0072863703,0.0075953925,0.0079458525
2010-04-26,0.0014558766,0.0020334821,0.0029496486,0.0037830252,0.0045579263,0.0053484702,0.0059329570,0.0068259598,0.0071864700,0.0074961700,0.0077417600
2010-04-23,0.0013725521,0.0018499139,0.0029532572,0.0038700160,0.0046324299,0.0054009968,0.0060026415,0.0068909739,0.0071877900,0.0074961900,0.0077417800
2010-04-22,0.0013814319,0.0022252619,0.0031696354,0.0038566514,0.0046059237,0.0053582976,0.0059473358,0.0068372321,0.0071695700,0.0075458025,0.0077913000
2010-04-21,0.0014670169,0.0020972202,0.0028403149,0.0036921286,0.0044467985,0.0052174293,0.0057717197,0.0067314969,0.0071195700,0.0072718575,0.0075431550
2010-04-20,0.0014215382,0.0020667640,0.0029336917,0.0037822467,0.0044805516,0.0051711409,0.0057656571,0.0066675739,0.0070416966,0.0072477350,0.0073855525
2010-04-19,0.0014187325,0.0020895287,0.0028006817,0.0036587867,0.0043885499,0.0051287674,0.0057156974,0.0066210438,0.0070416966,0.0071755550,0.0073359975
2010-04-16,0.0013790188,0.0020645533,0.0027560528,0.0035908864,0.0043106374,0.0050422467,0.0056712825,0.0065570863,0.0069794000,0.0070436984,0.0072334925
2010-04-15,0.0013260136,0.0020621867,0.0029035142,0.0036183563,0.0043293150,0.0050478284,0.0056670950,0.0065420124,0.0069639667,0.0071480400,0.0072334650
2010-04-14,0.0011401058,0.0020283220,0.0028469536,0.0035841529,0.0042974615,0.0050216883,0.0056209839,0.0065021695,0.0067412533,0.0071153600,0.0071809625
2010-04-13,0.0011154825,0.0019760834,0.0028236086,0.0035766643,0.0042661406,0.0049595150,0.0055895114,0.0065077042,0.0069454192,0.0070294933,0.0072594167
2010-04-12,0.0012150000,0.0019480925,0.0027740948,0.0036075338,0.0043443973,0.0050995339,0.0056774423,0.0065548723,0.0070999510,0.0071417239,0.0072829675
2010-04-09,0.0012646833,0.0022095794,0.0030144931,0.0038790333,0.0045268153,0.0051496607,0.0057059967,0.0065595900,0.0069497542,0.0072972800,0.0069180034
2010-04-08,0.0013181585,0.0022301439,0.0030594770,0.0037958767,0.0045141473,0.0052334814,0.0058018158,0.0066743174,0.0071192222,0.0072968767,0.0073550483
2010-04-07,0.0016111313,0.0021014657,0.0028562979,0.0035935048,0.0042838552,0.0049789462,0.0055921521,0.0064375573,0.0068835924,0.0071495550,0.0067569075
2010-04-06,0.0011430000,0.0020590765,0.0026558133,0.0035199136,0.0042422723,0.0049852384,0.0055896341,0.0064302400,0.0067972558,0.0071495325,0.0071284250
2010-04-05,0.0011406008,0.0020863634,0.0028358975,0.0036754259,0.0043527528,0.0050266186,0.0056357285,0.0065167409,0.0068845646,0.0070664050,0.0072335025
2010-04-02,0.0011406008,0.0020864032,0.0028359606,0.0036755135,0.0043526957,0.0050267695,0.0056359169,0.0065168101,0.0068845646,0.0070664050,0.0072335025
2010-04-01,0.0011406008,0.0020864073,0.0028359860,0.0036755713,0.0043526119,0.0050268993,0.0056360735,0.0065167916,0.0068845646,0.0070664050,0.0072335025
2010-03-31,0.0011901008,0.0020759420,0.0029014610,0.0037290064,0.0043775177,0.0050121330,0.0056224646,0.0064960969,0.0069119650,0.0069777602,0.0071206717
2010-03-30,0.0012051008,0.0020718148,0.0028984952,0.0037186178,0.0043620983,0.0049911890,0.0056134292,0.0064707334,0.0068540832,0.0070987267,0.0071809700
2010-03-29,0.0013559275,0.0020736657,0.0029956151,0.0037740390,0.0044154528,0.0050393384,0.0056822653,0.0065528617,0.0069622100,0.0072440800,0.0072834475
2010-03-26,0.0014952488,0.0020821117,0.0029272624,0.0037813566,0.0044453826,0.0050984109,0.0056859950,0.0065879289,0.0069184108,0.0072440850,0.0068865103
2010-03-25,0.0014450778,0.0020818927,0.0029374294,0.0037894916,0.0044344235,0.0050628180,0.0056932847,0.0066047439,0.0069097986,0.0072976075,0.0069974725
2010-03-24,0.0014688863,0.0021605327,0.0029668974,0.0038034973,0.0044499208,0.0050798998,0.0056239080,0.0065130587,0.0068692092,0.0071650950,0.0072240150
2010-03-23,0.0016411175,0.0021800357,0.0029562714,0.0038270328,0.0044668555,0.0050875663,0.0056557698,0.0065481992,0.0069260511,0.0069891525,0.0073360425
2010-03-22,0.0015767292,0.0022167851,0.0030718782,0.0039517346,0.0046119680,0.0052527655,0.0058578556,0.0067478320,0.0070334177,0.0069612962,0.0070167959
2010-03-19,0.0011367092,0.0020610104,0.0029272134,0.0037176072,0.0043945310,0.0050699018,0.0056666235,0.0065440679,0.0068854328,0.0071973225,0.0071885267
2010-03-18,0.0011797203,0.0020675336,0.0029034006,0.0037454104,0.0044020854,0.0050499870,0.0056379440,0.0065232567,0.0068905267,0.0071476900,0.0071807275
2010-03-17,0.0010870850,0.0019894457,0.0028133570,0.0036074429,0.0042924444,0.0049855994,0.0055926582,0.0064803277,0.0068090591,0.0069390600,0.0070786775
2010-03-16,0.0012915000,0.0020599822,0.0028516794,0.0037950559,0.0044331571,0.0050553393,0.0056209072,0.0064886032,0.0067562322,0.0069390400,0.0071836425
2010-03-15,0.0011861692,0.0020692219,0.0029000231,0.0037802562,0.0044294717,0.0050671021,0.0056674626,0.0065252732,0.0067246592,0.0070389850,0.0069504094
2010-03-12,0.0010895000,0.0020486545,0.0028123091,0.0036656767,0.0043139570,0.0049568896,0.0055733084,0.0064309044,0.0068227799,0.0070969400,0.0071282750
2010-03-11,0.0012730000,0.0019549007,0.0027913997,0.0036492907,0.0043004707,0.0049484599,0.0055450978,0.0064558825,0.0068228005,0.0070473450,0.0070787150
2010-03-10,0.0012355650,0.0024676525,0.0026991118,0.0035417554,0.0042031479,0.0048709322,0.0054539840,0.0063363838,0.0065698239,0.0070997275,0.0070816675
2010-03-09,0.0011866883,0.0019271774,0.0029340552,0.0038534255,0.0044618171,0.0050453653,0.0055890498,0.0065190888,0.0071308220,0.0069306770,0.0070417075
2010-03-08,0.0013206865,0.0024148980,0.0030793327,0.0038786195,0.0045085081,0.0051184603,0.0057532372,0.0066523217,0.0072749764,0.0076919229,0.0072366600
2010-03-05,0.0014844875,0.0023640393,0.0032598304,0.0040830652,0.0047437438,0.0053832148,0.0059436675,0.0068755825,0.0074508257,0.0079261033,0.0075399225
2010-03-04,0.0015655000,0.0022246265,0.0034161411,0.0042431176,0.0049417695,0.0056221216,0.0061789744,0.0070502109,0.0075575374,0.0077134198,0.0078089511
2010-03-03,0.0016335700,0.0027711605,0.0034858024,0.0042991616,0.0049638474,0.0055989704,0.0061768258,0.0070375157,0.0075540797,0.0077773943,0.0078409640
2010-03-02,0.0017495000,0.0029428951,0.0036077609,0.0043934911,0.0050836484,0.0057468664,0.0063082539,0.0071958915,0.0075140882,0.0076957176,0.0078440466
2010-03-01,0.0022870750,0.0030475138,0.0038893678,0.0046512571,0.0053180610,0.0059410184,0.0065629670,0.0074305511,0.0078384410,0.0080284210,0.0081194321
2010-02-26,0.0027295125,0.0031678840,0.0039022002,0.0048097595,0.0054861402,0.0061146248,0.0066979072,0.0075454393,0.0080260501,0.0081842857,0.0083430459
2010-02-25,0.0026672392,0.0031069043,0.0040197664,0.0048820363,0.0055609190,0.0061899377,0.0067320646,0.0075941727,0.0080494904,0.0082505092,0.0084413991
2010-02-24,0.0026400725,0.0031060658,0.0040970736,0.0048328792,0.0055076681,0.0061342078,0.0066834779,0.0075279329,0.0079602083,0.0081943959,0.0083472663
2010-02-23,0.0018283333,0.0030104678,0.0038958056,0.0047894867,0.0054594037,0.0060822618,0.0066400173,0.0075120584,0.0077442263,0.0080932371,0.0078679524
2010-02-22,0.0019463158,0.0028888889,0.0038033672,0.0046224466,0.0052872261,0.0059112901,0.0065076436,0.0073551080,0.0078372790,0.0082267717,0.0080858482
2010-02-19,0.0026647924,0.0030369572,0.0039992389,0.0049438808,0.0056369225,0.0062827432,0.0068449682,0.0077115283,0.0080549689,0.0084588951,0.0085070881
2010-02-18,0.0027103769,0.0033172862,0.0042846910,0.0051643574,0.0058498171,0.0064779295,0.0070681377,0.0079451473,0.0081322053,0.0085018958,0.0085062976
2010-02-17,0.0026777850,0.0031763801,0.0042580116,0.0052314050,0.0059192841,0.0065482118,0.0071073273,0.0079673747,0.0081728441,0.0084364775,0.0084450014
2010-02-16,0.0026996093,0.0033423233,0.0043330424,0.0051944753,0.0058986930,0.0065494879,0.0071382032,0.0079142126,0.0082443728,0.0084180325,0.0084292151
2010-02-15,0.0028212375,0.0032723522,0.0042036310,0.0051619285,0.0058687601,0.0065245858,0.0070969941,0.0079020458,0.0081847718,0.0084510724,0.0084992883
2010-02-12,0.0028193867,0.0030762307,0.0040432344,0.0049444460,0.0057091284,0.0064465737,0.0070387703,0.0078442580,0.0082045900,0.0084582291,0.0085509727
2010-02-11,0.0026074259,0.0031273995,0.0040863517,0.0048336167,0.0056082300,0.0063638678,0.0069620096,0.0077960364,0.0081722082,0.0083031213,0.0084377226
2010-02-10,0.0026034985,0.0030635428,0.0039907318,0.0048169295,0.0055394262,0.0062306846,0.0068277635,0.0076195003,0.0081730452,0.0083767233,0.0086589970
2010-02-09,0.0025006600,0.0032413886,0.0042170814,0.0052271700,0.0059169682,0.0065515355,0.0071897741,0.0079891560,0.0081602010,0.0084674483,0.0085023541
2010-02-08,0.0022622941,0.0031792621,0.0041105702,0.0049023050,0.0056094177,0.0062788664,0.0068826787,0.0077469827,0.0080915473,0.0084564142,0.0085084408
2010-02-05,0.0019330000,0.0031909235,0.0040605395,0.0048838973,0.0055552163,0.0061818177,0.0069072144,0.0077139119,0.0080841583,0.0084985827,0.0084797450
2010-02-04,0.0025979892,0.0029683177,0.0039397506,0.0047144164,0.0053817032,0.0060107279,0.0066555735,0.0075041958,0.0080261961,0.0080922324,0.0080415967
2010-02-03,0.0023404308,0.0028779302,0.0037230639,0.0045914352,0.0052165898,0.0057992951,0.0064719304,0.0073496320,0.0076073250,0.0086882900,0.0077514191
2010-02-02,0.0020014850,0.0028869693,0.0039588518,0.0048210693,0.0054787837,0.0060927028,0.0067527118,0.0076814657,0.0080631052,0.0084574225,0.0083693892
2010-02-01,0.0026985800,0.0031353901,0.0042083089,0.0051461494,0.0058430772,0.0064926302,0.0072456708,0.0080455123,0.0082569126,0.0090842149,0.0087439683
2010-01-29,0.0027178642,0.0030806733,0.0040695522,0.0051204869,0.0058111396,0.0064545494,0.0071977471,0.0081059244,0.0083528608,0.0089060642,0.0088439683
2010-01-28,0.0028269758,0.0032017896,0.0043175145,0.0052613893,0.0059565660,0.0066005605,0.0073274207,0.0082237062,0.0085597836,0.0092284165,0.0089889500
2010-01-27,0.0028619783,0.0033758595,0.0044771518,0.0054230889,0.0061499642,0.0068268841,0.0075830807,0.0083783556,0.0088566524,0.0092790617,0.0092185017
2010-01-26,0.0028618042,0.0033314082,0.0044057878,0.0053846512,0.0061139965,0.0067959729,0.0075598014,0.0083729056,0.0088563174,0.0094560858,0.0092181067
2010-01-25,0.0028190976,0.0034667814,0.0045372887,0.0056503356,0.0064012781,0.0070999087,0.0078782711,0.0087580089,0.0092590573,0.0097124175,0.0096904667
2010-01-22,0.0028962092,0.0035349627,0.0048210654,0.0057412366,0.0065133399,0.0072348646,0.0079720134,0.0088596944,0.0093258587,0.0099004784,0.0097694583
2010-01-21,0.0028366344,0.0035089827,0.0046441070,0.0055748821,0.0063089202,0.0069909711,0.0077742557,0.0086624343,0.0091546108,0.0100279741,0.0099452842
2010-01-20,0.0022150000,0.0032313356,0.0044362851,0.0053546340,0.0060415693,0.0066752514,0.0075241948,0.0083664295,0.0088631427,0.0094486280,0.0095393601
2010-01-19,0.0021673308,0.0031808134,0.0043443723,0.0052924189,0.0060112877,0.0066867251,0.0074957309,0.0083445758,0.0088199933,0.0094728673,0.0094717691
2010-01-18,0.0027936250,0.0031787213,0.0043380868,0.0051824864,0.0059029831,0.0065852508,0.0073298354,0.0081854230,0.0087422066,0.0093946355,0.0094002292
2010-01-15,0.0028071425,0.0031964762,0.0043484543,0.0052020109,0.0058917606,0.0065361361,0.0072602036,0.0082036692,0.0085622045,0.0095723184,0.0095758516
2010-01-14,0.0026109950,0.0031130972,0.0042311932,0.0050414811,0.0057487604,0.0064213627,0.0071637675,0.0080406419,0.0083741598,0.0094603524,0.0091951583
2010-01-13,0.0026488100,0.0029454706,0.0041164758,0.0049852267,0.0056863152,0.0063540209,0.0071170941,0.0080104287,0.0083413636,0.0092298758,0.0092815409
2010-01-12,0.0017090000,0.0029051108,0.0038494963,0.0047489147,0.0054242417,0.0060700204,0.0069022363,0.0077677549,0.0081713839,0.0086074473,0.0089106699
2010-01-11,0.0025183033,0.0028938521,0.0038593321,0.0047001771,0.0053437797,0.0059528382,0.0067622837,0.0076312184,0.0082175870,0.0088979842,0.0090729734
2010-01-08,0.0017090000,0.0030215206,0.0040060115,0.0048122402,0.0054743274,0.0061022530,0.0069092421,0.0077646985,0.0080469850,0.0084162783,0.0087147559
2010-01-07,0.0025621858,0.0026066069,0.0038906768,0.0047973655,0.0054420014,0.0060495798,0.0068148383,0.0076737054,0.0078894519,0.0084178133,0.0087117100
2010-01-06,0.0023912225,0.0029211496,0.0039117792,0.0047817125,0.0054562131,0.0061016132,0.0069023977,0.0076901923,0.0079913419,0.0085769274,0.0089933600
2010-01-05,0.0022024250,0.0029698480,0.0040198706,0.0048690200,0.0055611413,0.0062253896,0.0069859201,0.0078211517,0.0080060456,0.0086241508,0.0090356275
2010-01-04,0.0025055958,0.0029616956,0.0040863207,0.0050422315,0.0057323025,0.0063877870,0.0071105324,0.0079050311,0.0086662809,0.0087956129,0.0092189176
2010-01-01,0.0018965000,0.0031700219,0.0042678333,0.0052040621,0.0058769506,0.0065059598,0.0072226878,0.0081395643,0.0088367200,0.0092412334,0.0094001667
2009-12-31,0.0018965000,0.0031412688,0.0042754807,0.0052135605,0.0058719347,0.0064835452,0.0072228467,0.0081240719,0.0088367200,0.0092412334,0.0094001667
2009-12-30,0.0024051842,0.0030521762,0.0042505337,0.0052325804,0.0058999467,0.0065222818,0.0072446332,0.0080572514,0.0088892200,0.0092412334,0.0094551667
2009-12-29,0.0024297050,0.0029743512,0.0042966864,0.0051983860,0.0059036909,0.0065740460,0.0072377692,0.0081085244,0.0088996859,0.0092780200,0.0086724708
2009-12-28,0.0025665000,0.0031984145,0.0043545851,0.0052210036,0.0059323631,0.0066098296,0.0073228035,0.0081535514,0.0088735541,0.0093625155,0.0086249716
2009-12-25,0.0025665000,0.0032142677,0.0043467559,0.0052649087,0.0059562265,0.0066080775,0.0072762457,0.0081444742,0.0088735541,0.0093625155,0.0086249716
2009-12-24,0.0025665000,0.0032181753,0.0043507108,0.0052693745,0.0059606904,0.0066129067,0.0073158475,0.0081650877,0.0088735541,0.0093625155,0.0086249716
2009-12-23,0.0025665000,0.0032691889,0.0043645707,0.0053151669,0.0059881889,0.0066170918,0.0072924418,0.0081777395,0.0088735541,0.0093625155,0.0086249716
2009-12-22,0.0027587483,0.0033072895,0.0043947961,0.0053383112,0.0060246968,0.0066711198,0.0073781014,0.0083623676,0.0088743859,0.0093642064,0.0086285066
2009-12-21,0.0028495975,0.0032530605,0.0044607560,0.0054196161,0.0061062485,0.0067523014,0.0074172587,0.0082137435,0.0088755374,0.0091743422,0.0086317516
2009-12-18,0.0028733625,0.0033593597,0.0044354675,0.0054430115,0.0061291917,0.0067760672,0.0075027981,0.0082898527,0.0089062358,0.0091931162,0.0086563224
2009-12-17,0.0020510000,0.0033125637,0.0044283314,0.0054163817,0.0061001562,0.0067471810,0.0074710881,0.0082782212,0.0088724209,0.0091699606,0.0086200216
2009-12-16,0.0024762108,0.0033445462,0.0043692386,0.0054103154,0.0060904117,0.0067353407,0.0074766092,0.0083372351,0.0088743933,0.0091723106,0.0086237983
2009-12-15,0.0024690167,0.0033627030,0.0044110147,0.0054092140,0.0060806002,0.0067171762,0.0074495960,0.0082993072,0.0088403966,0.0091291592,0.0085882291
2009-12-14,0.0023951606,0.0032654357,0.0043340853,0.0052882580,0.0059568876,0.0065961927,0.0073171775,0.0081588349,0.0091285266,0.0096093550,0.0088997642
2009-12-11,0.0027679433,0.0033210623,0.0043087438,0.0053781370,0.0060752660,0.0067484659,0.0073569158,0.0082490042,0.0091356834,0.0097170234,0.0089547800
2009-12-10,0.0029220300,0.0033275731,0.0044202033,0.0053419151,0.0060640058,0.0067712321,0.0074450617,0.0084007055,0.0094450791,0.0100212334,0.0092539567
2009-12-09,0.0027845292,0.0033091787,0.0043689286,0.0053061873,0.0060209809,0.0067225888,0.0074328510,0.0083177830,0.0092594034,0.0098816649,0.0091113535
2009-12-08,0.0027484159,0.0033071369,0.0043943042,0.0053710070,0.0060565291,0.0067222658,0.0074180410,0.0083040462,0.0093265858,0.0099007391,0.0091817667
2009-12-07,0.0027047811,0.0033728772,0.0044349977,0.0053842230,0.0060845444,0.0067701148,0.0074529373,0.0083936703,0.0093787625,0.0099538124,0.0091857258
2009-12-04,0.0026914339,0.0034027320,0.0045017184,0.0054607300,0.0061461527,0.0068133089,0.0075155517,0.0084123212,0.0094486583,0.0100263208,0.0093019900
2009-12-03,0.0027760000,0.0034124783,0.0045789612,0.0055684915,0.0062676368,0.0069504245,0.0076949330,0.0085929041,0.0095841467,0.0102159101,0.0094925774
2009-12-02,0.0027760000,0.0034477246,0.0045296708,0.0055111268,0.0062228988,0.0069250908,0.0075631433,0.0085646835,0.0087965317,0.0101491358,0.0092906400
2009-12-01,0.0027808127,0.0032896084,0.0044732750,0.0054256738,0.0061675146,0.0069117217,0.0075732845,0.0084420258,0.0087645783,0.0100165916,0.0092575317
2009-11-30,0.0028459705,0.0035061946,0.0046112208,0.0055566213,0.0062702894,0.0069778732,0.0076257858,0.0085400159,0.0088645224,0.0101694141,0.0094049350
2009-11-27,0.0029491317,0.0034856789,0.0045348607,0.0055233985,0.0062220881,0.0069145478,0.0075808170,0.0084719365,0.0085623833,0.0098704008,0.0090303290
2009-11-26,0.0024641813,0.0032823982,0.0042079170,0.0051603873,0.0058930744,0.0066410778,0.0073192198,0.0081421995,0.0091721326,0.0098363325,0.0089536300
2009-11-25,0.0025229253,0.0031755140,0.0042677024,0.0052875183,0.0059784216,0.0066726350,0.0073698369,0.0081868854,0.0089420450,0.0090154447,0.0084374467
2009-11-24,0.0025370873,0.0031523257,0.0042534323,0.0052080932,0.0059338880,0.0066759837,0.0073564095,0.0081182213,0.0088393442,0.0088214266,0.0083284867
2009-11-23,0.0024114826,0.0031395096,0.0041586692,0.0050504455,0.0057588225,0.0064862276,0.0071711539,0.0079581423,0.0087808108,0.0093540242,0.0083599900
2009-11-20,0.0024315382,0.0030747101,0.0041435490,0.0051952079,0.0058596912,0.0065304056,0.0071594779,0.0078862822,0.0087808108,0.0092540242,0.0083599900
2009-11-19,0.0025350000,0.0030446806,0.0040903187,0.0050519108,0.0057348394,0.0064345715,0.0070586509,0.0077534669,0.0087370550,0.0092099767,0.0085037299
2009-11-18,0.0024857858,0.0029908411,0.0040541178,0.0050240724,0.0057068610,0.0064093006,0.0070122808,0.0076915951,0.0087282884,0.0092014450,0.0084961951
2009-11-17,0.0025110380,0.0030376950,0.0040809834,0.0050779146,0.0057474349,0.0064338928,0.0071040388,0.0078875898,0.0087254308,0.0091949017,0.0085719299
2009-11-16,0.0023820608,0.0031337276,0.0041139347,0.0050764430,0.0057467843,0.0064363630,0.0071004823,0.0077704045,0.0087104742,0.0089111451,0.0083995258
2009-11-13,0.0025078600,0.0031061635,0.0040857359,0.0050665411,0.0057700116,0.0065032613,0.0071871830,0.0079723686,0.0087968400,0.0093297242,0.0084823600
2009-11-12,0.0026073308,0.0031448305,0.0042173460,0.0051249146,0.0058133904,0.0065283121,0.0072081694,0.0079119943,0.0087546975,0.0089290425,0.0082831299
2009-11-11,0.0024472608,0.0032230091,0.0041239408,0.0051066645,0.0057674713,0.0064506172,0.0071370900,0.0078459775,0.0076762766,0.0085140070,0.0079123328
2009-11-10,0.0024469306,0.0030290824,0.0041812358,0.0050500501,0.0057485163,0.0064822044,0.0070841011,0.0079397629,0.0081648034,0.0090667544,0.0084411836
2009-11-09,0.0026369197,0.0033395937,0.0042088477,0.0052871044,0.0059312258,0.0065935157,0.0072229892,0.0079911628,0.0084707326,0.0088977408,0.0082987409
2009-11-06,0.0028171626,0.0033349195,0.0041432225,0.0054063579,0.0060518061,0.0067150676,0.0073703620,0.0079743597,0.0083993667,0.0087519651,0.0081774705
2009-11-05,0.0026406965,0.0035906919,0.0045061124,0.0054891027,0.0061007938,0.0067235039,0.0074404946,0.0081484773,0.0085600608,0.0093035642,0.0087085074
2009-11-04,0.0027325000,0.0036917936,0.0045039678,0.0054559970,0.0060888294,0.0067399546,0.0073735723,0.0080191884,0.0084231433,0.0085256266,0.0079946901
2009-11-03,0.0026992139,0.0036818837,0.0045822515,0.0056192641,0.0062448286,0.0068859559,0.0074963977,0.0082440320,0.0085342517,0.0089823349,0.0084381166
2009-11-02,0.0028099826,0.0031703553,0.0043174335,0.0054835103,0.0060801002,0.0066912091,0.0073623840,0.0081393834,0.0085038375,0.0092451800,0.0087006682
2009-10-30,0.0029471520,0.0032786085,0.0044259443,0.0053506850,0.0060007290,0.0066815865,0.0073342107,0.0081354687,0.0084840816,0.0088110420,0.0083070240
2009-10-29,0.0026010000,0.0033723918,0.0043590964,0.0054056632,0.0060128902,0.0066425933,0.0072547872,0.0080074691,0.0085074926,0.0087243877,0.0082401308
2009-10-28,0.0026510000,0.0034871088,0.0045556352,0.0055274110,0.0061234380,0.0067395072,0.0073427766,0.0081392173,0.0078288890,0.0083770800,0.0079263413
2009-10-27,0.0028112683,0.0034674086,0.0043470983,0.0053106633,0.0059336581,0.0065886232,0.0073075783,0.0079381800,0.0078752933,0.0084187667,0.0079801221
2009-10-26,0.0025574132,0.0033470605,0.0043269779,0.0051899633,0.0058284441,0.0065069662,0.0071330276,0.0078054734,0.0078506189,0.0086992242,0.0082608083
2009-10-23,0.0025574132,0.0034563962,0.0043640807,0.0051734702,0.0058195216,0.0065098253,0.0071458896,0.0078221447,0.0078657955,0.0084082717,0.0079988897
2009-10-22,0.0028149383,0.0033760510,0.0043641035,0.0052426932,0.0058653996,0.0065276467,0.0072425674,0.0078517492,0.0076778167,0.0083786383,0.0079850451
2009-10-21,0.0028977133,0.0032603319,0.0041781002,0.0050586253,0.0057102397,0.0064140329,0.0070814712,0.0076926240,0.0078479078,0.0081827417,0.0078123867
2009-10-20,0.0024765000,0.0034199814,0.0042395857,0.0050619607,0.0057032793,0.0063962391,0.0070842727,0.0076511303,0.0077777000,0.0094479232,0.0091093341
2009-10-19,0.0030123158,0.0034272978,0.0042695870,0.0050832790,0.0057325888,0.0064371105,0.0070727912,0.0076596275,0.0079229000,0.0083812605,0.0085184850
2009-10-16,0.0029986742,0.0034578329,0.0042451147,0.0051270319,0.0057754619,0.0064800732,0.0070687363,0.0076112965,0.0076200317,0.0079516335,0.0079556566
2009-10-15,0.0030527150,0.0033282987,0.0042043764,0.0050881511,0.0057191342,0.0064048979,0.0070610036,0.0075602881,0.0078812660,0.0088036308,0.0077404025
2009-10-14,0.0030049950,0.0033476834,0.0042608659,0.0051941944,0.0058130539,0.0064839744,0.0071323352,0.0076847037,0.0082091667,0.0083573869,0.0075766858
2009-10-13,0.0030705708,0.0035464259,0.0045807945,0.0053934862,0.0060246198,0.0067093380,0.0073619696,0.0079422161,0.0083230525,0.0084111251,0.0077146150
2009-10-12,0.0031669750,0.0037145521,0.0046464851,0.0055615125,0.0061741233,0.0068357596,0.0074112695,0.0079452162,0.0083632558,0.0083558533,0.0078135975
2009-10-09,0.0031500000,0.0038176319,0.0047652595,0.0057300569,0.0062896972,0.0068876140,0.0073333804,0.0078347943,0.0083833666,0.0084268450,0.0079317700
2009-10-08,0.0033595158,0.0039399653,0.0047446462,0.0056344635,0.0062441055,0.0069055029,0.0073712673,0.0079775748,0.0084323449,0.0092791384,0.0088113767
2009-10-07,0.0031666667,0.0039950815,0.0048400443,0.0057920343,0.0063412407,0.0069304895,0.0073805054,0.0078673360,0.0085409050,0.0082500000,0.0081083084
2009-10-06,0.0031859933,0.0039497173,0.0047660242,0.0057326637,0.0062861400,0.0068833105,0.0073059592,0.0080317005,0.0083670242,0.0083124700,0.0086014575
2009-10-05,0.0034329430,0.0040853548,0.0048764569,0.0058378262,0.0063712486,0.0069458086,0.0073972304,0.0078737516,0.0084422542,0.0093129667,0.0079057542
2009-10-02,0.0027265000,0.0039234481,0.0050446843,0.0059490069,0.0064799147,0.0070527442,0.0073919072,0.0078463253,0.0085398920,0.0094528317,0.0080550042
2009-10-01,0.0035513333,0.0039178296,0.0048028995,0.0058630225,0.0063615559,0.0068993521,0.0072376838,0.0076818787,0.0083630450,0.0091528317,0.0080074167
2009-09-30,0.0032267342,0.0038992882,0.0047617912,0.0057880690,0.0063052539,0.0068677392,0.0072383035,0.0077912550,0.0082644958,0.0090340358,0.0078699908
2009-09-29,0.0035864058,0.0038107322,0.0047054048,0.0058149010,0.0063295384,0.0068910157,0.0073281794,0.0077265459,0.0082169392,0.0080620818,0.0078435433
2009-09-28,0.0024506183,0.0039787417,0.0047934254,0.0057880267,0.0063251579,0.0069156477,0.0073250109,0.0076778928,0.0081740134,0.0082104234,0.0083316858
2009-09-25,0.0032350042,0.0037596000,0.0047058686,0.0057987154,0.0063202816,0.0068944696,0.0072857633,0.0077070909,0.0080962433,0.0080167999,0.0081500400
2009-09-24,0.0033354533,0.0038441122,0.0047135134,0.0057596664,0.0063046765,0.0069091917,0.0072242628,0.0075964145,0.0081292226,0.0080501025,0.0081988222
2009-09-23,0.0031168167,0.0038652732,0.0046746850,0.0056574839,0.0061581471,0.0067129730,0.0071069190,0.0074703775,0.0080247442,0.0079648025,0.0081267413
2009-09-22,0.0024098150,0.0041079889,0.0047827415,0.0057751089,0.0062923619,0.0068682243,0.0072004220,0.0075464475,0.0077781609,0.0077420558,0.0079138732
2009-09-21,0.0035450650,0.0039157434,0.0049531373,0.0060497241,0.0064567805,0.0069057823,0.0072292777,0.0075413910,0.0076603566,0.0073110779,0.0074869610
2009-09-18,0.0037070908,0.0041016060,0.0047978293,0.0055471851,0.0061024852,0.0067297105,0.0071990434,0.0075104799,0.0079570967,0.0078781092,0.0080823475
2009-09-17,0.0037588742,0.0039170892,0.0047393555,0.0056370816,0.0061352564,0.0066958518,0.0071219237,0.0074274300,0.0081210009,0.0074260925,0.0075489192
2009-09-16,0.0036417392,0.0038640298,0.0048265444,0.0056936242,0.0061529748,0.0066698390,0.0070341030,0.0073656384,0.0077654050,0.0078565884,0.0079134767
2009-09-15,0.0037812892,0.0039949428,0.0047999710,0.0056879995,0.0061878939,0.0067545931,0.0071219279,0.0074686188,0.0083293100,0.0083081151,0.0083802564
2009-09-14,0.0030500000,0.0042100351,0.0048377441,0.0057152864,0.0062310931,0.0068187170,0.0070842597,0.0074675819,0.0082748183,0.0084770783,0.0085629316
2009-09-11,0.0029387025,0.0043234996,0.0050559042,0.0058017593,0.0062783511,0.0068215462,0.0071686306,0.0075476293,0.0081092599,0.0079182675,0.0080099154
2009-09-10,0.0029300391,0.0043148388,0.0051116132,0.0060455171,0.0064439073,0.0068985148,0.0072921406,0.0075724853,0.0080071991,0.0076871155,0.0077872235
2009-09-09,0.0033425000,0.0044932264,0.0047549163,0.0058786672,0.0063364480,0.0068618705,0.0071308804,0.0075031030,0.0081559025,0.0080023334,0.0081181552
2009-09-08,0.0033425000,0.0042973620,0.0051879072,0.0059820267,0.0064577533,0.0070062133,0.0072577963,0.0077839297,0.0084409133,0.0081412724,0.0082709324
2009-09-07,0.0031513075,0.0035934130,0.0051779318,0.0062468852,0.0066178428,0.0070481854,0.0072877578,0.0076453806,0.0084517467,0.0081614541,0.0083033091
2009-09-04,0.0027498983,0.0045677927,0.0052948521,0.0062462126,0.0066173069,0.0070500613,0.0073654281,0.0076333736,0.0083382825,0.0080326658,0.0081839852
2009-09-03,0.0026947817,0.0046124387,0.0053434522,0.0063659963,0.0066870340,0.0070662166,0.0074087228,0.0077277357,0.0085027641,0.0082092466,0.0083758698
2009-09-02,0.0030050000,0.0043420077,0.0048932201,0.0059503934,0.0064490406,0.0070334752,0.0074336472,0.0077429044,0.0087401433,0.0085180750,0.0087034122
2009-09-01,0.0031000000,0.0041667114,0.0050162282,0.0059985540,0.0064259756,0.0069294081,0.0071954317,0.0074582922,0.0077892926,0.0076760925,0.0078543413
2009-08-31,0.0035080159,0.0040999217,0.0051702544,0.0059511897,0.0063882991,0.0069051071,0.0071915793,0.0075456188,0.0079427867,0.0075205323,0.0077061885
2009-08-28,0.0035080159,0.0040999217,0.0052220609,0.0059298725,0.0063943373,0.0069452616,0.0072036659,0.0075540165,0.0079427867,0.0075205323,0.0077172240
2009-08-27,0.0033107883,0.0040840460,0.0052539250,0.0061600169,0.0065355027,0.0069864754,0.0074258702,0.0076979131,0.0083058083,0.0084400641,0.0086732076
2009-08-26,0.0029760000,0.0033285900,0.0048018841,0.0062638316,0.0066225019,0.0070570841,0.0073135229,0.0077979167,0.0082757510,0.0077760925,0.0080023380
2009-08-25,0.0029760000,0.0041850641,0.0044191169,0.0056655362,0.0062187115,0.0068820867,0.0072480156,0.0075686600,0.0083818858,0.0077260925,0.0079622692
2009-08-24,0.0029760000,0.0041850641,0.0044187310,0.0056653482,0.0062176121,0.0068820867,0.0072685182,0.0075686600,0.0086168149,0.0076760925,0.0079622692
2009-08-21,0.0029760000,0.0041706183,0.0044969824,0.0060843109,0.0065219008,0.0070530285,0.0072654649,0.0077070826,0.0086168149,0.0077760925,0.0079993386
2009-08-20,0.0028885399,0.0033271913,0.0044877297,0.0061108541,0.0064905986,0.0069573747,0.0071552085,0.0076466422,0.0083259767,0.0080251742,0.0081873459
2009-08-19,0.0032510000,0.0033053225,0.0046212488,0.0061552872,0.0065251082,0.0069830325,0.0073057162,0.0076985829,0.0082528801,0.0082941175,0.0083917949
2009-08-18,0.0026652517,0.0031793555,0.0043344985,0.0055664140,0.0060233333,0.0065819473,0.0067684038,0.0070800607,0.0076101500,0.0076442025,0.0070205542
2009-08-17,0.0028260000,0.0035940675,0.0046404455,0.0055002031,0.0059094977,0.0064138335,0.0067082340,0.0070669679,0.0081420799,0.0072260925,0.0077067200
2009-08-14,0.0032165475,0.0034348221,0.0043423203,0.0053873014,0.0058027553,0.0063158478,0.0066235899,0.0070251826,0.0078668650,0.0072433269,0.0077405537
2009-08-13,0.0025360000,0.0031246677,0.0041479315,0.0053963516,0.0058029972,0.0063078021,0.0064551633,0.0068375945,0.0079157542,0.0070260925,0.0075234265
2009-08-12,0.0025360000,0.0031204336,0.0041541934,0.0054534160,0.0058393763,0.0063223279,0.0065304863,0.0068985693,0.0075831058,0.0071289905,0.0076488781
2009-08-11,0.0024260000,0.0037285334,0.0042176522,0.0051952128,0.0056936718,0.0063115117,0.0065620211,0.0069937946,0.0075971050,0.0072179525,0.0077598191
2009-08-10,0.0021510000,0.0029958353,0.0039745368,0.0049552913,0.0054722279,0.0061143488,0.0063847920,0.0066862578,0.0071950250,0.0067486021,0.0072697468
2009-08-07,0.0021515000,0.0029692794,0.0041979019,0.0050014597,0.0055019564,0.0061258690,0.0063696248,0.0067555501,0.0075495642,0.0067510925,0.0072869770
2009-08-06,0.0022015000,0.0031624881,0.0041028595,0.0052393112,0.0056464747,0.0061609817,0.0064024404,0.0067246330,0.0074923475,0.0069557969,0.0075229489
2009-08-05,0.0021515000,0.0030605215,0.0042130162,0.0052841308,0.0056527846,0.0061243474,0.0064285487,0.0067471713,0.0073428109,0.0068438301,0.0074166591
2009-08-04,0.0024091308,0.0029901858,0.0039671750,0.0050220579,0.0055639527,0.0062450051,0.0065280734,0.0068615012,0.0074105925,0.0069134065,0.0068971717
2009-08-03,0.0019642492,0.0052893737,0.0049411256,0.0052936517,0.0057073869,0.0062359995,0.0064902507,0.0068417150,0.0074295750,0.0069536677,0.0069395392
2009-07-31,0.0021515000,0.0032742654,0.0051184753,0.0054494383,0.0057866933,0.0062292412,0.0064327893,0.0067798308,0.0075341726,0.0067510925,0.0076333850
2009-07-30,0.0020248800,0.0031525000,0.0049946806,0.0053953857,0.0056930838,0.0060916897,0.0063716918,0.0067325457,0.0073074825,0.0068646272,0.0076417849
2009-07-29,0.0026155508,0.0029380075,0.0042102491,0.0055172244,0.0059668113,0.0065458828,0.0069432981,0.0072859524,0.0076708175,0.0072882028,0.0079879078
2009-07-28,0.0051990950,0.0047555994,0.0056003314,0.0060994541,0.0063251628,0.0066557327,0.0068762089,0.0070509190,0.0074233383,0.0071260925,0.0076895122
2009-07-27,0.0022828264,0.0048097240,0.0039808392,0.0054591610,0.0058568291,0.0063779598,0.0066935913,0.0068779677,0.0074824642,0.0071606596,0.0076073800
2009-07-24,0.0023992261,0.0051048579,0.0056985459,0.0065030285,0.0067101884,0.0070303266,0.0073202534,0.0076650134,0.0076866408,0.0073713488,0.0077987754
2009-07-23,0.0036611667,0.0056678632,0.0063393131,0.0069495139,0.0072349778,0.0076503423,0.0075372643,0.0078448521,0.0088181693,0.0078951850,0.0083183872
2009-07-22,0.0038775000,0.0057900889,0.0063790351,0.0071457902,0.0073110361,0.0075998959,0.0076929444,0.0080220623,0.0082812916,0.0082297592,0.0086349797
2009-07-21,0.0039790000,0.0056282735,0.0066245232,0.0070293737,0.0073241377,0.0077559600,0.0080564794,0.0081770567,0.0089242208,0.0082417635,0.0086117559
2009-07-20,0.0053635550,0.0057071632,0.0066137153,0.0072943422,0.0075757446,0.0079991319,0.0080198907,0.0084821335,0.0088895608,0.0082552848,0.0085901549
2009-07-17,0.0054543061,0.0059833945,0.0066450674,0.0072117804,0.0074953000,0.0079223322,0.0080933201,0.0083502689,0.0088997175,0.0086260925,0.0089388246
2009-07-16,0.0056509525,0.0061966171,0.0069299418,0.0073824895,0.0077464405,0.0082690992,0.0083765989,0.0086562382,0.0092843250,0.0086804245,0.0089578676
2009-07-15,0.0064491208,0.0066609973,0.0072102196,0.0076212737,0.0079119075,0.0083585445,0.0084263774,0.0086831297,0.0093670417,0.0086440925,0.0088834253
2009-07-14,0.0063590167,0.0067760539,0.0071774321,0.0078221152,0.0080358198,0.0084037115,0.0086720757,0.0088919853,0.0093450733,0.0085547592,0.0087552027
2009-07-13,0.0064663708,0.0069191930,0.0077143768,0.0081264484,0.0083258890,0.0086862949,0.0088904594,0.0091178828,0.0094810567,0.0086047592,0.0087698973
2009-07-10,0.0065981666,0.0065780420,0.0071174328,0.0077745041,0.0080383448,0.0084659137,0.0087737473,0.0090468659,0.0094909250,0.0086047592,0.0087335715
2009-07-09,0.0065793717,0.0059867926,0.0072837951,0.0075150746,0.0078367562,0.0083270621,0.0086079053,0.0088469615,0.0091541225,0.0085547592,0.0086468578
2009-07-08,0.0053611524,0.0054877559,0.0061210652,0.0073854398,0.0077177959,0.0082205675,0.0084575451,0.0088288145,0.0095829891,0.0086464029,0.0087032883
2009-07-07,0.0053378892,0.0049574354,0.0065411878,0.0071502928,0.0074951307,0.0080106052,0.0083057883,0.0085062297,0.0094662941,0.0084957701,0.0084970477
2009-07-06,0.0062428337,0.0066800812,0.0063994586,0.0072161259,0.0075111068,0.0079739529,0.0082199167,0.0084393463,0.0094022109,0.0085922866,0.0085386942
2009-07-03,0.0062321467,0.0064569692,0.0068784210,0.0073373271,0.0075721273,0.0079727286,0.0082004633,0.0084282763,0.0094558701,0.0093447643,0.0092082175
2009-07-02,0.0065066183,0.0064613644,0.0068790109,0.0073709320,0.0076676149,0.0081404119,0.0082955011,0.0085965847,0.0094558701,0.0094407643,0.0092244160
2009-07-01,0.0066820259,0.0068537123,0.0069661766,0.0077099198,0.0079137779,0.0082928767,0.0084668600,0.0088102633,0.0093349649,0.0095159633,0.0092195345
2009-06-30,0.0070555891,0.0071015584,0.0079494810,0.0083913853,0.0086062783,0.0090141259,0.0090496588,0.0091880927,0.0084292473,0.0095300925,0.0091554113
2009-06-29,0.0072142054,0.0074978960,0.0080251594,0.0085511748,0.0087933497,0.0092373749,0.0093700917,0.0095739837,0.0089313278,0.0097050925,0.0092449578
2009-06-26,0.0071211223,0.0075645297,0.0079678709,0.0086969250,0.0089255043,0.0093606201,0.0093256904,0.0093798967,0.0091242990,0.0097718475,0.0092301008
2009-06-25,0.0070612451,0.0074188929,0.0079992302,0.0086364184,0.0088755027,0.0093238700,0.0093677713,0.0094691006,0.0092228924,0.0097216099,0.0093771074
2009-06-24,0.0071674494,0.0074036886,0.0083422588,0.0087027499,0.0089418873,0.0093947452,0.0094862463,0.0097951456,0.0091830023,0.0095607648,0.0092656360
2009-06-23,0.0074880456,0.0080258067,0.0085474200,0.0092830041,0.0094260080,0.0097901500,0.0098003629,0.0099815089,0.0107145359,0.0100321967,0.0100791092
2009-06-22,0.0074975911,0.0078474836,0.0087001487,0.0092709466,0.0094333031,0.0098212084,0.0098372816,0.0101577153,0.0106123475,0.0098047592,0.0098452642
2009-06-19,0.0075117175,0.0079722916,0.0086140065,0.0093481500,0.0094471280,0.0097717987,0.0098377226,0.0101199845,0.0093803645,0.0105208100,0.0103774031
2009-06-18,0.0078930275,0.0082687212,0.0092572042,0.0098948775,0.0099775608,0.0103009691,0.0103285609,0.0106822035,0.0107572142,0.0108874975,0.0105491299
2009-06-17,0.0075723951,0.0081434468,0.0089975148,0.0097214495,0.0098237171,0.0101671578,0.0102860793,0.0106188427,0.0095206353,0.0103545965,0.0106281258
2009-06-16,0.0073451151,0.0078302000,0.0088330456,0.0093191651,0.0094681810,0.0098553974,0.0100130514,0.0102376071,0.0092242430,0.0100277778,0.0106148057
2009-06-15,0.0075259517,0.0080650852,0.0090588506,0.0094212647,0.0095634185,0.0099488830,0.0100384135,0.0102255594,0.0092740780,0.0101436077,0.0110734674
2009-06-12,0.0071078089,0.0078013750,0.0088895018,0.0094728744,0.0095098545,0.0097872869,0.0099038450,0.0099838224,0.0106644183,0.0099574854,0.0108420500
2009-06-11,0.0072976330,0.0081259304,0.0090328562,0.0095101649,0.0095747593,0.0098856036,0.0102405708,0.0103578774,0.0108912550,0.0107436983,0.0111459799
2009-06-10,0.0073483532,0.0079300360,0.0089649177,0.0096475306,0.0097110187,0.0100273941,0.0098958543,0.0104143255,0.0108214475,0.0106095051,0.0110102842
2009-06-09,0.0076463074,0.0080784506,0.0094655532,0.0101079790,0.0101059400,0.0103681894,0.0102547443,0.0102033349,0.0110335525,0.0108786667,0.0112641832
2009-06-08,0.0077436376,0.0082373670,0.0095784064,0.0101477803,0.0101657286,0.0104534331,0.0104975687,0.0107653590,0.0111423316,0.0109997295,0.0113638808
2009-06-05,0.0078275316,0.0083219437,0.0095570725,0.0100467614,0.0100713814,0.0103667858,0.0105600628,0.0107633828,0.0111970841,0.0112862600,0.0114183892
2009-06-04,0.0076882567,0.0083566248,0.0093799621,0.0099329075,0.0100499561,0.0104443933,0.0106158769,0.0107548808,0.0113825816,0.0114270167,0.0115177392
2009-06-03,0.0075367725,0.0081291138,0.0093515254,0.0098513913,0.0099784936,0.0103849122,0.0106799551,0.0108420776,0.0115170900,0.0115914033,0.0117095833
2009-06-02,0.0075684158,0.0085985972,0.0095520836,0.0100534413,0.0100698355,0.0103666776,0.0102651780,0.0101242139,0.0112666692,0.0109543834,0.0114066617
2009-06-01,0.0113499916,0.0097087857,0.0113310183,0.0118484778,0.0118009864,0.0120843363,0.0118222648,0.0116778591,0.0120863991,0.0118356066,0.0121149112
2009-05-29,0.0109522591,0.0108920016,0.0121558480,0.0124729274,0.0121952341,0.0122630864,0.0118817015,0.0117130845,0.0122686083,0.0123937050,0.0124706749
2009-05-28,0.0102925450,0.0124687500,0.0123815957,0.0127368530,0.0123567280,0.0123330897,0.0119313265,0.0117426907,0.0126055194,0.0126916960,0.0128036482
2009-05-27,0.0100314383,0.0099869453,0.0114553441,0.0119946877,0.0118673654,0.0120833093,0.0122898291,0.0124378960,0.0124741624,0.0125758959,0.0127062659
2009-05-26,0.0100081342,0.0096189872,0.0113437938,0.0115534601,0.0115924994,0.0119742261,0.0121295751,0.0123309253,0.0120000000,0.0116090000,0.0117307818
2009-05-25,0.0079231042,0.0092791031,0.0114259636,0.0117921879,0.0115109400,0.0115710215,0.0113549366,0.0111446187,0.0106170107,0.0111680000,0.0112865365
2009-05-22,0.0079231042,0.0092791031,0.0114259636,0.0117921879,0.0115090960,0.0115710215,0.0113549366,0.0111446187,0.0106170107,0.0111680000,0.0112879176
2009-05-21,0.0079601875,0.0092859894,0.0122282178,0.0118845950,0.0115558638,0.0115782592,0.0113109556,0.0112836750,0.0120602776,0.0121998316,0.0123323374
2009-05-20,0.0091071876,0.0090566830,0.0103473621,0.0104381621,0.0107005110,0.0113069890,0.0112317251,0.0114929984,0.0106109768,0.0111680000,0.0112917793
2009-05-19,0.0094678500,0.0089958515,0.0110907968,0.0121539795,0.0115772289,0.0113708222,0.0112276806,0.0111940454,0.0121863300,0.0123330416,0.0124724733
2009-05-18,0.0125644901,0.0126364741,0.0127398800,0.0126491898,0.0120587299,0.0118571608,0.0112872942,0.0108715397,0.0104863191,0.0108384483,0.0114747117
2009-05-15,0.0114835758,0.0124230609,0.0126235137,0.0123684086,0.0118800996,0.0117735051,0.0115249320,0.0108775870,0.0104157125,0.0108604741,0.0114119909
2009-05-14,0.0105200000,0.0128541953,0.0127396607,0.0125461058,0.0120370378,0.0119192490,0.0114123161,0.0109861874,0.0104991899,0.0109003776,0.0115919441
2009-05-13,0.0124443816,0.0126011017,0.0127923204,0.0127297144,0.0120576837,0.0117914406,0.0112095017,0.0106372826,0.0104516100,0.0104562108,0.0112493176
2009-05-12,0.0119292175,0.0121331531,0.0122346098,0.0122845174,0.0115974086,0.0113073469,0.0108010129,0.0102729284,0.0094167337,0.0096383900,0.0110336283
2009-05-11,0.0121242657,0.0121273561,0.0123251144,0.0123702097,0.0116350982,0.0113057427,0.0107672803,0.0101931433,0.0109307667,0.0095119076,0.0108830184
2009-05-08,0.0085353750,0.0112502902,0.0111718243,0.0112596536,0.0105376584,0.0101915070,0.0097720786,0.0091652654,0.0083999894,0.0085625158,0.0097674925
2009-05-07,0.0084700000,0.0113372457,0.0111279060,0.0110209484,0.0104089897,0.0101627806,0.0097834796,0.0091986344,0.0078735216,0.0082656567,0.0093252734
2009-05-06,0.0110384722,0.0115051773,0.0114630823,0.0113962757,0.0107515727,0.0104890115,0.0097567445,0.0092145251,0.0090031700,0.0086557337,0.0084522217
2009-05-05,0.0115978358,0.0120080911,0.0119467563,0.0118213741,0.0112178743,0.0110114840,0.0103045307,0.0095932983,0.0084377848,0.0087412942,0.0077769409
2009-05-04,0.0133400000,0.0121609736,0.0122718583,0.0122204593,0.0115785448,0.0113514739,0.0102450109,0.0097078336,0.0083500000,0.0092149625,0.0095894317
2009-05-01,0.0133400000,0.0121609736,0.0122718583,0.0122204593,0.0115766900,0.0113514739,0.0102450109,0.0097078336,0.0083500000,0.0092627968,0.0095894317
2009-04-30,0.0127215069,0.0127073851,0.0127051640,0.0125369914,0.0119722807,0.0118377889,0.0107382486,0.0100605093,0.0096287366,0.0090290825,0.0093172800
2009-04-29,0.0129139068,0.0129886279,0.0127037931,0.0127845506,0.0121576894,0.0119747349,0.0110549876,0.0102063627,0.0101883767,0.0099908800,0.0099909934
2009-04-28,0.0129001928,0.0131506337,0.0134992940,0.0131264739,0.0124201827,0.0121757671,0.0111087104,0.0109319271,0.0081339659,0.0099621441,0.0097877299
2009-04-27,0.0128029466,0.0131964003,0.0135706334,0.0131023397,0.0124018182,0.0121660462,0.0111316612,0.0104000289,0.0081340129,0.0097453074,0.0099272533
2009-04-24,0.0128559992,0.0125051886,0.0128955288,0.0129161964,0.0121618852,0.0118722739,0.0106596463,0.0101572833,0.0096682583,0.0093757108,0.0093567041
2009-04-23,0.0123501667,0.0127302537,0.0129562527,0.0128707355,0.0121243838,0.0118446406,0.0110040930,0.0100751122,0.0099591912,0.0097346850,0.0098015733
2009-04-22,0.0133526779,0.0124568918,0.0134415985,0.0131326833,0.0123866431,0.0121198943,0.0111086133,0.0105886218,0.0098434792,0.0099023025,0.0094560291
2009-04-21,0.0131136876,0.0130413595,0.0132362359,0.0130562441,0.0122209313,0.0118706516,0.0106412739,0.0101074990,0.0091596702,0.0090258182,0.0093393133
2009-04-20,0.0117269700,0.0124322370,0.0125649700,0.0126482430,0.0117880661,0.0114045537,0.0103974963,0.0094528039,0.0087183886,0.0085193084,0.0080106292
2009-04-17,0.0117933159,0.0116158967,0.0117883979,0.0117843286,0.0109262212,0.0105195619,0.0094526636,0.0085976745,0.0083637634,0.0078799762,0.0074623658
2009-04-16,0.0124806250,0.0120570986,0.0121644148,0.0121289482,0.0112994044,0.0109342661,0.0100257553,0.0092728205,0.0085406235,0.0084162266,0.0079385726
2009-04-15,0.0120674835,0.0121116589,0.0126332257,0.0126555807,0.0117757418,0.0113850594,0.0100076871,0.0093707243,0.0084240711,0.0076855750,0.0071324517
2009-04-14,0.0133431181,0.0125681007,0.0128146428,0.0128750440,0.0120227477,0.0116691367,0.0105864330,0.0094358063,0.0092092684,0.0094283800,0.0076947048
2009-04-13,0.0134405208,0.0131168824,0.0133447435,0.0133512585,0.0124630895,0.0120961833,0.0111421824,0.0101326651,0.0098233765,0.0096545475,0.0094249750
2009-04-10,0.0134405208,0.0131168824,0.0133447435,0.0133512585,0.0124610929,0.0120961833,0.0111421824,0.0101326651,0.0098233765,0.0096545475,0.0094249750
2009-04-09,0.0134151406,0.0131168824,0.0133447435,0.0133512585,0.0124590968,0.0120961833,0.0111421824,0.0101326651,0.0098233765,0.0096545475,0.0094249750
2009-04-08,0.0135663385,0.0132224098,0.0135291057,0.0135412116,0.0126676235,0.0123330181,0.0112660387,0.0101153120,0.0097086951,0.0097709825,0.0095814349
2009-04-07,0.0135267092,0.0135981372,0.0137269967,0.0137381703,0.0127980139,0.0124117212,0.0113946750,0.0100631296,0.0099137134,0.0096366667,0.0094699908
2009-04-06,0.0133678641,0.0135662153,0.0136970275,0.0138183417,0.0128558206,0.0124554260,0.0114017199,0.0102447454,0.0099761883,0.0096932984,0.0095822750
2009-04-03,0.0136679333,0.0137262011,0.0138796934,0.0140128815,0.0130330807,0.0126275990,0.0114125710,0.0103979138,0.0099078983,0.0099157700,0.0094557734
2009-04-02,0.0137229694,0.0138904988,0.0140281265,0.0142238754,0.0132044267,0.0127736313,0.0116846046,0.0106562292,0.0079500000,0.0099216775,0.0105272891
2009-04-01,0.0149504077,0.0142388615,0.0147246550,0.0148584977,0.0137007453,0.0131687894,0.0123381340,0.0114089067,0.0105915516,0.0105532539,0.0102372349
2009-03-31,0.0154330000,0.0140560090,0.0143959294,0.0145709377,0.0134660954,0.0129767936,0.0118520170,0.0113633450,0.0079500000,0.0106270725,0.0098240709
2009-03-30,0.0144670486,0.0145840101,0.0146884784,0.0149234005,0.0137625285,0.0132385174,0.0124795157,0.0114619050,0.0088638343,0.0107839039,0.0099980849
2009-03-27,0.0143054518,0.0144560641,0.0145903765,0.0144391704,0.0133594263,0.0128968369,0.0117643333,0.0114913677,0.0106763265,0.0108484443,0.0100872141
2009-03-26,0.0137258399,0.0139225322,0.0139073333,0.0141290091,0.0130912747,0.0126602172,0.0117564398,0.0108385434,0.0083854056,0.0103290984,0.0102568233
2009-03-25,0.0135987924,0.0140373996,0.0141856667,0.0143465616,0.0133576734,0.0129850000,0.0119486667,0.0114705075,0.0086526979,0.0102482082,0.0098673900
2009-03-24,0.0128499766,0.0127603446,0.0126833100,0.0125851385,0.0116843836,0.0113297653,0.0103258661,0.0097999466,0.0093544492,0.0089088564,0.0090711267
2009-03-23,0.0129854101,0.0126792057,0.0127456309,0.0125741194,0.0116768940,0.0113287906,0.0102844537,0.0096643672,0.0087026194,0.0088106654,0.0076805375
2009-03-20,0.0132847933,0.0125655461,0.0128006146,0.0127004044,0.0117910211,0.0114401280,0.0102529771,0.0093518216,0.0091008569,0.0090443192,0.0078499109
2009-03-19,0.0138500000,0.0123264152,0.0126901491,0.0126816312,0.0117738115,0.0114273044,0.0102826514,0.0093043293,0.0095763641,0.0085060925,0.0073774885
2009-03-18,0.0133392842,0.0137347419,0.0137478004,0.0135169506,0.0125042979,0.0120966136,0.0106759459,0.0103872986,0.0098215435,0.0095705016,0.0082947392
2009-03-17,0.0128009625,0.0127304970,0.0128059957,0.0126520172,0.0116292505,0.0111816719,0.0102012320,0.0092329645,0.0092395160,0.0088889755,0.0080336266
2009-03-16,0.0129386504,0.0127106884,0.0128098999,0.0127362028,0.0117937700,0.0114279298,0.0103537254,0.0096461991,0.0093537550,0.0091425451,0.0081307241
2009-03-13,0.0128616900,0.0125400336,0.0131630230,0.0128730000,0.0120531150,0.0118130000,0.0109026667,0.0097356353,0.0094335425,0.0093018867,0.0091375825
2009-03-12,0.0130028749,0.0127940000,0.0131832160,0.0128606667,0.0120108612,0.0117453333,0.0108030000,0.0096642787,0.0098061802,0.0098461307,0.0098380984
2009-03-11,0.0129548124,0.0126646667,0.0126357149,0.0126665234,0.0117236589,0.0113655015,0.0101821971,0.0096776615,0.0091871083,0.0086502150,0.0082720392
2009-03-10,0.0130787278,0.0130930349,0.0130594593,0.0130516578,0.0121390133,0.0118293242,0.0108533454,0.0099287593,0.0100801692,0.0104648675,0.0078460192
2009-03-09,0.0133329468,0.0131333694,0.0130052010,0.0130208981,0.0121497986,0.0118821550,0.0109270370,0.0099532490,0.0097591141,0.0100841341,0.0094749308
2009-03-06,0.0130475258,0.0130882985,0.0129063495,0.0130002417,0.0121331994,0.0118723417,0.0109345117,0.0100670096,0.0099750700,0.0100841341,0.0095502867
2009-03-05,0.0134276659,0.0130854555,0.0130269950,0.0131070506,0.0122057727,0.0119207034,0.0109605444,0.0101639208,0.0098046358,0.0103694897,0.0096905189
2009-03-04,0.0133377656,0.0127584053,0.0125228076,0.0126577659,0.0117410059,0.0114253367,0.0103951327,0.0098941071,0.0097833130,0.0096128421,0.0095916500
2009-03-03,0.0132670964,0.0126551289,0.0126309777,0.0127460811,0.0118020552,0.0114681460,0.0104350871,0.0099207210,0.0097833930,0.0100076429,0.0095911500
2009-03-02,0.0128088757,0.0127406856,0.0127020170,0.0127933627,0.0118798786,0.0115806531,0.0107347440,0.0099075478,0.0095090283,0.0098005822,0.0092241491
2009-02-27,0.0129337806,0.0125020709,0.0125377985,0.0124129026,0.0115708943,0.0113264398,0.0104128655,0.0096533482,0.0093047700,0.0101080754,0.0090408908
2009-02-26,0.0128873333,0.0124181634,0.0126348572,0.0124046625,0.0115449395,0.0112867898,0.0103466619,0.0097020499,0.0098229900,0.0098301309,0.0095942250
2009-02-25,0.0127492666,0.0123498417,0.0126860000,0.0125433333,0.0116348402,0.0113401580,0.0105040000,0.0097174054,0.0095025516,0.0100455600,0.0092514150
2009-02-24,0.0132138724,0.0125554439,0.0131712548,0.0127791577,0.0118533089,0.0115565273,0.0105040000,0.0098275611,0.0098906475,0.0101708242,0.0097107842
2009-02-23,0.0126344425,0.0125826712,0.0131310936,0.0126854472,0.0117529536,0.0114492699,0.0102975549,0.0098345226,0.0089792640,0.0097845125,0.0096207441
2009-02-20,0.0126716411,0.0128900357,0.0134152071,0.0132126120,0.0122149216,0.0118773997,0.0109475177,0.0102199507,0.0092342550,0.0103130612,0.0097611142
2009-02-19,0.0121459192,0.0122550199,0.0127418009,0.0124012468,0.0114989308,0.0112116407,0.0102968666,0.0095329767,0.0093868984,0.0098670708,0.0088651616
2009-02-18,0.0119694700,0.0121106708,0.0126123749,0.0124556583,0.0114136769,0.0109949935,0.0099822922,0.0090405893,0.0093462238,0.0101547425,0.0093047960
2009-02-17,0.0125313727,0.0119562010,0.0125196488,0.0121490329,0.0112297430,0.0109093621,0.0099659604,0.0093044238,0.0093773596,0.0094463132,0.0094020933
2009-02-16,0.0130427569,0.0120045677,0.0119305214,0.0116906798,0.0107495246,0.0103855880,0.0093510925,0.0089139576,0.0090006022,0.0089829942,0.0085868942
2009-02-13,0.0125529861,0.0112205054,0.0115787210,0.0114696053,0.0105911945,0.0102736479,0.0093233682,0.0087454158,0.0087964857,0.0089829942,0.0090445000
2009-02-12,0.0114388408,0.0116830025,0.0117266735,0.0116406135,0.0106990356,0.0103273184,0.0094313412,0.0087916303,0.0088532508,0.0083711641,0.0084001816
2009-02-11,0.0110967817,0.0113203087,0.0114897122,0.0115587232,0.0106454195,0.0102939200,0.0096700961,0.0087693595,0.0080617759,0.0080603570,0.0090429500
2009-02-10,0.0118416527,0.0109071604,0.0113811757,0.0113865868,0.0105101009,0.0101830111,0.0093240011,0.0084502682,0.0091668456,0.0093962825,0.0090403000
2009-02-09,0.0126319861,0.0114551546,0.0116049307,0.0114566163,0.0107664600,0.0106178457,0.0096179787,0.0086743699,0.0088520968,0.0090934693,0.0090379500
2009-02-06,0.0116728166,0.0116156085,0.0117804909,0.0117923526,0.0109532342,0.0106738753,0.0101433046,0.0093489208,0.0087610617,0.0094755769,0.0101923000
2009-02-05,0.0114815475,0.0118516328,0.0118965042,0.0119711391,0.0111399536,0.0108732667,0.0100801824,0.0093168008,0.0089470097,0.0091686525,0.0089950592
2009-02-04,0.0142825000,0.0115930012,0.0123637585,0.0122436673,0.0113521361,0.0110373121,0.0102149008,0.0094743694,0.0093401586,0.0094382692,0.0093505700
2009-02-03,0.0128211581,0.0124647708,0.0127789951,0.0131594407,0.0123552873,0.0121612677,0.0112032467,0.0105115010,0.0104824958,0.0102830052,0.0104409000
2009-02-02,0.0144380208,0.0130294361,0.0132258135,0.0133226542,0.0124943892,0.0122811999,0.0112683199,0.0105490431,0.0101925042,0.0103279660,0.0099281351
2009-01-30,0.0142385102,0.0134366574,0.0135086888,0.0133144593,0.0125140308,0.0123243299,0.0114544520,0.0106768800,0.0101212238,0.0103455318,0.0099277551
2009-01-29,0.0129546989,0.0129874398,0.0130168294,0.0130293382,0.0122747700,0.0121140035,0.0111475793,0.0104615557,0.0104202042,0.0103525129,0.0102416000
2009-01-28,0.0131902675,0.0129835786,0.0131098829,0.0130706288,0.0122358868,0.0119963371,0.0111229696,0.0101453485,0.0098884603,0.0108900346,0.0095851072
2009-01-27,0.0137375872,0.0133498185,0.0135848928,0.0133281129,0.0125538491,0.0123808454,0.0115374276,0.0107756042,0.0103261423,0.0111754405,0.0102174816
2009-01-26,0.0149138082,0.0138553400,0.0138706210,0.0138470207,0.0130386741,0.0128518778,0.0118715809,0.0112644145,0.0110229541,0.0115740175,0.0115263050
2009-01-23,0.0144036667,0.0142705232,0.0142753459,0.0143729214,0.0135002430,0.0132704333,0.0125040416,0.0116651058,0.0106328933,0.0117493574,0.0112372601
2009-01-22,0.0145930000,0.0139391638,0.0140400204,0.0139650491,0.0130877501,0.0128329181,0.0120621177,0.0113165379,0.0113346096,0.0114753375,0.0110693066
2009-01-21,0.0145017476,0.0142916497,0.0142529377,0.0141508325,0.0132957899,0.0130669766,0.0123302086,0.0115878931,0.0113942624,0.0115202292,0.0111988167
2009-01-20,0.0134170392,0.0137935574,0.0138503239,0.0137141307,0.0129045755,0.0126981044,0.0118033969,0.0112429406,0.0110829235,0.0110091806,0.0108377962
2009-01-19,0.0135792543,0.0131890481,0.0133364343,0.0131961976,0.0123832922,0.0121488194,0.0112933976,0.0105085693,0.0099129071,0.0110849396,0.0098701063
2009-01-16,0.0138405000,0.0132910020,0.0133500250,0.0133800168,0.0125753956,0.0123534487,0.0115486490,0.0106192810,0.0109426897,0.0108694533,0.0112557350
2009-01-15,0.0140071125,0.0139620700,0.0140236468,0.0139144765,0.0130874536,0.0128628117,0.0122225926,0.0110821992,0.0111283737,0.0116189225,0.0109348040
2009-01-14,0.0141366577,0.0138503112,0.0140335972,0.0141166452,0.0132286830,0.0129504575,0.0121770580,0.0115527499,0.0109498920,0.0111040832,0.0103541167
2009-01-13,0.0156428223,0.0152049425,0.0153747379,0.0152439562,0.0144136328,0.0142338872,0.0133375139,0.0125883515,0.0128688095,0.0126651210,0.0123456286
2009-01-12,0.0163637734,0.0150665499,0.0151117746,0.0156127628,0.0145981343,0.0142521429,0.0134503621,0.0125598682,0.0123188503,0.0123814048,0.0117609398
2009-01-09,0.0166210417,0.0155002133,0.0154488153,0.0155860929,0.0146579542,0.0143901591,0.0136885310,0.0127762323,0.0129545412,0.0126430492,0.0125676647
2009-01-08,0.0172378819,0.0161791119,0.0159953367,0.0162696914,0.0152302247,0.0148792265,0.0142488766,0.0134246127,0.0127579881,0.0130170375,0.0123035426
2009-01-07,0.0175827999,0.0167566445,0.0166770719,0.0165652492,0.0157719421,0.0156678837,0.0146847201,0.0136919322,0.0129106759,0.0127186679,0.0127373559
2009-01-06,0.0196548949,0.0186542811,0.0185695138,0.0183795529,0.0174343695,0.0172506884,0.0168017646,0.0157727491,0.0151574399,0.0141275830,0.0137842579
2009-01-05,0.0204255642,0.0202298955,0.0204492950,0.0204427868,0.0195151109,0.0194277158,0.0183972566,0.0176367013,0.0177074357,0.0174356645,0.0170713391
2009-01-02,0.0212173950,0.0210149056,0.0213257855,0.0212311930,0.0201529582,0.0199440760,0.0189394393,0.0182716082,0.0179514747,0.0177582580,0.0176405391
2009-01-01,0.0217748303,0.0210193392,0.0212786863,0.0212364611,0.0201370857,0.0199027330,0.0188927560,0.0180772107,0.0184616667,0.0179423446,0.0178869104
2008-12-31,0.0217748303,0.0210193392,0.0212786863,0.0212364611,0.0201396149,0.0199027330,0.0188927560,0.0180772107,0.0184616667,0.0179423446,0.0178869104
2008-12-30,0.0214830896,0.0213326072,0.0215983200,0.0215144554,0.0203763221,0.0201050284,0.0191409567,0.0181849192,0.0185725208,0.0183752219,0.0183196125
2008-12-29,0.0215818830,0.0212603209,0.0216901202,0.0215280892,0.0203989991,0.0201319853,0.0191474636,0.0182146310,0.0185723307,0.0183751967,0.0183814349
2008-12-26,0.0217627378,0.0213782962,0.0216382642,0.0215688780,0.0204372108,0.0201641993,0.0192127540,0.0182967107,0.0181402199,0.0181066898,0.0184089133
2008-12-25,0.0217746374,0.0214143666,0.0216382642,0.0215688780,0.0204397776,0.0201641993,0.0192127540,0.0182967107,0.0181402199,0.0181066898,0.0183804757
2008-12-24,0.0217746374,0.0214143666,0.0216382642,0.0215688780,0.0204423448,0.0201641993,0.0192127540,0.0182967107,0.0181402199,0.0181066898,0.0183804757
2008-12-23,0.0218549479,0.0215200961,0.0217092708,0.0217307869,0.0206778482,0.0204726124,0.0196101664,0.0187663060,0.0184903595,0.0190599094,0.0186301090
2008-12-22,0.0212997059,0.0214950378,0.0215160286,0.0215463868,0.0206161116,0.0205195582,0.0196579434,0.0188021823,0.0188899583,0.0189575199,0.0185799371
2008-12-19,0.0216882731,0.0214479423,0.0216933649,0.0216563771,0.0206825671,0.0205420101,0.0196748383,0.0187956903,0.0188404792,0.0189824628,0.0185735309
2008-12-18,0.0221738075,0.0220052936,0.0220068269,0.0219615835,0.0209639994,0.0208063260,0.0199896618,0.0189311548,0.0196165104,0.0192434699,0.0187023485
2008-12-17,0.0230458752,0.0228466173,0.0229029510,0.0227900139,0.0218092623,0.0216939709,0.0207100407,0.0200976016,0.0196458621,0.0201858626,0.0202251945
2008-12-16,0.0234020724,0.0230895182,0.0230946670,0.0230869124,0.0221218929,0.0220278099,0.0212796955,0.0204113034,0.0202109008,0.0206179387,0.0206268432
2008-12-15,0.0234021219,0.0230543090,0.0230129260,0.0230869124,0.0221129361,0.0220044484,0.0211310514,0.0204188407,0.0205076842,0.0205128623,0.0202719157
2008-12-12,0.0231322598,0.0233307066,0.0235465828,0.0233202342,0.0224070306,0.0223619743,0.0218449291,0.0210526271,0.0208896794,0.0205983413,0.0205499356
2008-12-11,0.0229752066,0.0229776465,0.0229874298,0.0227126361,0.0218322581,0.0217919013,0.0211282733,0.0211426331,0.0204308691,0.0203765922,0.0201254727
2008-12-10,0.0240605188,0.0240197758,0.0242024832,0.0240937129,0.0230669592,0.0229262608,0.0227835899,0.0215346341,0.0212573639,0.0206968966,0.0206347290
2008-12-09,0.0247453713,0.0247282269,0.0250952102,0.0246870929,0.0236043793,0.0234240723,0.0235385767,0.0226665600,0.0211393375,0.0220259980,0.0207501500
2008-12-08,0.0234124177,0.0248985080,0.0255870670,0.0252152903,0.0242647728,0.0242285029,0.0234769684,0.0226640217,0.0219985566,0.0219418248,0.0218487738
2008-12-05,0.0240848247,0.0255120025,0.0261428896,0.0263124938,0.0249646949,0.0245708129,0.0242065911,0.0234908286,0.0232174992,0.0230839903,0.0228017579
2008-12-04,0.0230120125,0.0235747779,0.0239780639,0.0237113542,0.0230137106,0.0231652431,0.0227008362,0.0220640228,0.0216741140,0.0213902859,0.0213636810
2008-12-03,0.0211532528,0.0220521709,0.0221414538,0.0221449685,0.0214162055,0.0214743894,0.0212465902,0.0205928365,0.0205543368,0.0205149923,0.0201577206
2008-12-02,0.0216607049,0.0212344688,0.0214688938,0.0212915752,0.0205252104,0.0205101670,0.0201765337,0.0199142305,0.0195051125,0.0194440391,0.0192540633
2008-12-01,0.0208411450,0.0212113066,0.0213387194,0.0211996938,0.0205601495,0.0206640584,0.0203245770,0.0196514722,0.0196983141,0.0194792093,0.0194158753
2008-11-28,0.0206952642,0.0201443341,0.0203392226,0.0201599022,0.0195265017,0.0195949451,0.0191104985,0.0186750451,0.0185657329,0.0180636935,0.0184330750
2008-11-27,0.0179086331,0.0193759308,0.0194765758,0.0192205293,0.0189808150,0.0194150659,0.0189365107,0.0182588247,0.0174909175,0.0172992718,0.0171079276
2008-11-26,0.0168724861,0.0185866732,0.0188340535,0.0189560998,0.0184395935,0.0185745848,0.0180645823,0.0176462057,0.0173230600,0.0175102850,0.0166417409
2008-11-25,0.0176023256,0.0192697255,0.0186811398,0.0187219792,0.0183355995,0.0185906597,0.0179335923,0.0178307908,0.0175024708,0.0174921951,0.0169760093
2008-11-24,0.0175056501,0.0181104766,0.0187906085,0.0186682058,0.0181473797,0.0182588119,0.0176477702,0.0171430870,0.0174297200,0.0173926825,0.0173250732
2008-11-21,0.0160927628,0.0180893120,0.0186750320,0.0189120870,0.0183026302,0.0183284489,0.0181384916,0.0179004554,0.0172145402,0.0184692517,0.0184792885
2008-11-20,0.0157019618,0.0177282989,0.0183681887,0.0185226078,0.0180387148,0.0181734814,0.0177293576,0.0175735745,0.0172941528,0.0183194470,0.0189548495
2008-11-19,0.0140534118,0.0146104625,0.0161657996,0.0165115718,0.0161541112,0.0163454812,0.0161049667,0.0160325807,0.0169803524,0.0167286086,0.0169771150
2008-11-18,0.0133366421,0.0140593006,0.0154343976,0.0157761265,0.0154933865,0.0157326989,0.0154929999,0.0155412718,0.0162897984,0.0155688022,0.0162417914
2008-11-17,0.0132862684,0.0134376430,0.0152218146,0.0153909533,0.0151296566,0.0153742677,0.0153173570,0.0151253794,0.0163673059,0.0168354836,0.0164771150
2008-11-14,0.0132572846,0.0135267948,0.0152301539,0.0153107514,0.0150739479,0.0153373472,0.0152120838,0.0149685121,0.0164483441,0.0179500000,0.0164271150
2008-11-13,0.0143172757,0.0135333312,0.0150317880,0.0153334282,0.0151003233,0.0153644450,0.0152773066,0.0150349204,0.0164651098,0.0152557467,0.0152725264
2008-11-12,0.0142363700,0.0143627031,0.0156984285,0.0157376246,0.0155870588,0.0159464396,0.0158450214,0.0155202563,0.0165409580,0.0168000001,0.0160534471
2008-11-11,0.0136941622,0.0145208970,0.0150181262,0.0149814618,0.0148874447,0.0152774760,0.0150754521,0.0149679939,0.0166000000,0.0161781248,0.0153779313
2008-11-10,0.0137933387,0.0144894304,0.0152461321,0.0148815347,0.0147674421,0.0151293137,0.0149158721,0.0147739712,0.0166000000,0.0169505729,0.0150250250
2008-11-07,0.0136351000,0.0151540327,0.0154181256,0.0154923001,0.0153940474,0.0157883609,0.0154624395,0.0153838800,0.0153703283,0.0160634738,0.0148789415
2008-11-06,0.0143906528,0.0159259267,0.0150849184,0.0155265946,0.0153882598,0.0157376915,0.0156031427,0.0153002858,0.0153500142,0.0149481009,0.0155143580
2008-11-05,0.0155450919,0.0158953686,0.0153397868,0.0161246969,0.0160057694,0.0163904430,0.0163780770,0.0161168988,0.0170135573,0.0170557096,0.0169610687
2008-11-04,0.0168511240,0.0152541573,0.0153946574,0.0153158848,0.0153139466,0.0157925486,0.0158739601,0.0157520197,0.0167471533,0.0171314193,0.0160283300
2008-11-03,0.0162387666,0.0170885661,0.0170087600,0.0170287144,0.0169008640,0.0172960495,0.0171137984,0.0168471841,0.0183540054,0.0180546715,0.0174793760
2008-10-31,0.0167702917,0.0168057533,0.0169139508,0.0168809800,0.0169707662,0.0175876221,0.0174203380,0.0174505847,0.0181205759,0.0181394569,0.0179346661
2008-10-30,0.0163785812,0.0166867574,0.0164740411,0.0166091381,0.0167391099,0.0173864302,0.0172509847,0.0170215512,0.0177247078,0.0190329397,0.0207703458
2008-10-29,0.0164196505,0.0177382206,0.0170330938,0.0173023238,0.0175338390,0.0183076798,0.0181000539,0.0179526352,0.0200033627,0.0180962963,0.0181433151
2008-10-28,0.0163518789,0.0172392018,0.0172542914,0.0173964346,0.0173569248,0.0178385662,0.0178268022,0.0174827814,0.0173647601,0.0182251290,0.0179342937
2008-10-27,0.0166399954,0.0169230884,0.0175725138,0.0176582411,0.0177029374,0.0182771624,0.0181889064,0.0180892693,0.0196259336,0.0186978324,0.0175165076
2008-10-24,0.0166301752,0.0171875015,0.0174527096,0.0175451239,0.0177793784,0.0185495409,0.0184157120,0.0182205564,0.0191119003,0.0197969678,0.0202209209
2008-10-23,0.0159588853,0.0160516374,0.0160122412,0.0162180908,0.0161788082,0.0166127183,0.0166682712,0.0166297283,0.0174282057,0.0171843897,0.0172804164
2008-10-22,0.0149165468,0.0152105430,0.0155643827,0.0160135056,0.0160500530,0.0165540711,0.0165597496,0.0167315850,0.0183938114,0.0177982059,0.0170771150
2008-10-21,0.0145885813,0.0144168822,0.0153873325,0.0152430056,0.0153377794,0.0158775529,0.0160073134,0.0160578412,0.0152798060,0.0156677734,0.0156878835
2008-10-20,0.0150507827,0.0153270977,0.0149515984,0.0156257765,0.0158724797,0.0165831898,0.0165219902,0.0167681820,0.0171895532,0.0165747849,0.0174271150
2008-10-17,0.0155307973,0.0152425265,0.0155130297,0.0161020925,0.0161552480,0.0166669439,0.0168061640,0.0168429297,0.0166282208,0.0167486924,0.0168946000
2008-10-16,0.0139488747,0.0142274887,0.0151132095,0.0154683341,0.0156214446,0.0162181306,0.0164853760,0.0166078674,0.0163377453,0.0175455435,0.0176204625
2008-10-15,0.0135116504,0.0138572038,0.0143643519,0.0149590635,0.0150653250,0.0155935669,0.0158051886,0.0161534333,0.0174517818,0.0165112673,0.0164451291
2008-10-14,0.0132519920,0.0133302286,0.0139506977,0.0142088048,0.0144041750,0.0150038601,0.0152725876,0.0154578118,0.0162039466,0.0156158946,0.0149255437
2008-10-13,0.0138345703,0.0142637840,0.0149552669,0.0148441657,0.0152229777,0.0160368152,0.0160977706,0.0163396111,0.0164648125,0.0166879055,0.0160957719
2008-10-10,0.0144242502,0.0148766504,0.0156720847,0.0160927149,0.0162887303,0.0169320972,0.0172231876,0.0171868009,0.0190383182,0.0171440633,0.0173642886
2008-10-09,0.0114649000,0.0136153913,0.0146993832,0.0152175293,0.0156480564,0.0165208802,0.0165240507,0.0165433892,0.0186195291,0.0193988954,0.0200587793
2008-10-08,0.0143688184,0.0140346681,0.0144513499,0.0146281404,0.0149832853,0.0157533317,0.0161204157,0.0164759565,0.0179740725,0.0167604945,0.0163743960
2008-10-07,0.0142331854,0.0139487913,0.0143886844,0.0144616637,0.0148337104,0.0156141983,0.0158607323,0.0161469905,0.0171174232,0.0171452038,0.0171079210
2008-10-06,0.0145479808,0.0147439617,0.0151878365,0.0150511456,0.0155936342,0.0165772045,0.0168007546,0.0170974941,0.0189056810,0.0168257247,0.0172241384
2008-10-03,0.0128770335,0.0139402078,0.0117447530,0.0129671479,0.0139229761,0.0153374681,0.0156544653,0.0161429250,0.0165099960,0.0167527503,0.0189350766
2008-10-02,0.0056113405,0.0066105410,0.0092333180,0.0106973176,0.0113491924,0.0123519867,0.0127639964,0.0132825034,0.0136005360,0.0143985266,0.0154323642
2008-10-01,0.0051116163,0.0060827369,0.0085020681,0.0098364823,0.0106375288,0.0117997089,0.0122246567,0.0127335966,0.0128474552,0.0135154772,0.0139084468
2008-09-30,0.0055717549,0.0059471360,0.0076756143,0.0093418861,0.0102385731,0.0115085796,0.0120254501,0.0125483382,0.0134988511,0.0134730182,0.0144255028
2008-09-29,0.0043848214,0.0058782990,0.0072024116,0.0091839585,0.0100629525,0.0113069681,0.0118464271,0.0123724296,0.0123249749,0.0125458941,0.0135360095
2008-09-26,0.0048247543,0.0054209078,0.0067518840,0.0083960195,0.0092520999,0.0104539456,0.0110657131,0.0113727281,0.0117284433,0.0119143442,0.0130391176
2008-09-25,0.0043004831,0.0054460069,0.0067661517,0.0081041390,0.0091088898,0.0104965088,0.0108698163,0.0113452113,0.0118804473,0.0116324205,0.0123803679
2008-09-24,0.0044421379,0.0050921308,0.0064172568,0.0080290625,0.0089846303,0.0103063350,0.0108650353,0.0112948336,0.0121367158,0.0112835912,0.0127509764
2008-09-23,0.0043401667,0.0048946413,0.0062783890,0.0079754401,0.0088067218,0.0099675950,0.0105599628,0.0110180058,0.0119626392,0.0119667656,0.0127901384
2008-09-22,0.0038223760,0.0047883368,0.0061303187,0.0075721733,0.0084580166,0.0096823512,0.0101473092,0.0105332699,0.0111835290,0.0111988950,0.0125503888
2008-09-19,0.0036804997,0.0047313410,0.0059539834,0.0075157741,0.0084281950,0.0096851767,0.0101304441,0.0105970112,0.0111382038,0.0114407841,0.0124590296
2008-09-18,0.0042865702,0.0050712865,0.0064740318,0.0081736546,0.0090584972,0.0102862235,0.0109374453,0.0114922318,0.0119372990,0.0120283036,0.0131075172
2008-09-17,0.0041249236,0.0052202680,0.0062718786,0.0079121752,0.0088734259,0.0101951707,0.0105031504,0.0109889295,0.0116246433,0.0120792929,0.0128440790
2008-09-16,0.0039854443,0.0046020282,0.0059583673,0.0074416108,0.0083779760,0.0096619955,0.0099480936,0.0103530032,0.0106328609,0.0106949217,0.0111214811
2008-09-15,0.0033252187,0.0040727311,0.0053200287,0.0067060673,0.0073933727,0.0083487348,0.0088182436,0.0093757527,0.0095136061,0.0099211799,0.0099156636
2008-09-12,0.0031937219,0.0035849606,0.0046014983,0.0055140659,0.0062075983,0.0071569247,0.0075754670,0.0081060964,0.0086784000,0.0091197768,0.0101061198
2008-09-11,0.0031393621,0.0036222735,0.0045849614,0.0055852367,0.0062649981,0.0071961349,0.0076242418,0.0081862576,0.0087357768,0.0085429547,0.0102092014
2008-09-10,0.0029680817,0.0034796025,0.0044317801,0.0054116386,0.0061206863,0.0070879111,0.0074942068,0.0079386310,0.0084726552,0.0086155911,0.0094475630
2008-09-09,0.0030223942,0.0034841121,0.0043450557,0.0053620474,0.0060860206,0.0070718137,0.0074761625,0.0079151008,0.0083769336,0.0085995925,0.0094574758
2008-09-08,0.0028901931,0.0033608807,0.0042359770,0.0051731560,0.0058643003,0.0068048611,0.0072430063,0.0077843456,0.0083689703,0.0086778817,0.0095954568
2008-09-05,0.0028664717,0.0034851796,0.0043558112,0.0053809136,0.0060812153,0.0070342046,0.0074468713,0.0078890565,0.0084736226,0.0086575329,0.0094924127
2008-09-04,0.0028334984,0.0034351708,0.0042598090,0.0053504998,0.0060168414,0.0069243791,0.0073411941,0.0077579407,0.0082113220,0.0087845574,0.0097473958
2008-09-03,0.0026783427,0.0033913782,0.0043651708,0.0052520031,0.0058952934,0.0067712954,0.0071745424,0.0077322714,0.0081450139,0.0083733607,0.0092239749
2008-09-02,0.0026791634,0.0033156753,0.0042301227,0.0051937965,0.0058525662,0.0067474772,0.0071782020,0.0075795045,0.0082525876,0.0088325469,0.0093225548
2008-09-01,0.0026787703,0.0033066850,0.0043157913,0.0052817561,0.0059392162,0.0068322135,0.0072686829,0.0076708559,0.0082527089,0.0084094237,0.0089523168
2008-08-29,0.0027054622,0.0033231811,0.0043134362,0.0052817561,0.0059387569,0.0068303362,0.0072662854,0.0077490882,0.0082525631,0.0086468565,0.0089523335
2008-08-28,0.0028037642,0.0033376485,0.0043507602,0.0052855231,0.0059365182,0.0068195036,0.0072906149,0.0077155764,0.0081466454,0.0085988514,0.0086855277
2008-08-27,0.0027903411,0.0033267674,0.0042588135,0.0052056537,0.0058877644,0.0068100534,0.0072231091,0.0076687671,0.0080712061,0.0085060148,0.0096444461
2008-08-26,0.0028783119,0.0032829914,0.0041626017,0.0051838460,0.0058520231,0.0067551149,0.0072076034,0.0076294272,0.0080679109,0.0083543686,0.0091820671
2008-08-25,0.0025351653,0.0032397573,0.0040899807,0.0050679990,0.0057598492,0.0066927758,0.0071123795,0.0075726222,0.0080457673,0.0086140470,0.0089353978
2008-08-22,0.0025351653,0.0032397573,0.0040843243,0.0050692657,0.0057577341,0.0066853869,0.0071123795,0.0075726222,0.0080457673,0.0086140470,0.0089353978
2008-08-21,0.0025431653,0.0032175347,0.0041122794,0.0050952345,0.0057887074,0.0067222588,0.0071907341,0.0076401123,0.0080457673,0.0085400067,0.0091662766
2008-08-20,0.0025195110,0.0031803701,0.0039820002,0.0049778258,0.0056613621,0.0065806106,0.0070018130,0.0074740382,0.0080457673,0.0084902110,0.0090468259
2008-08-19,0.0027156339,0.0031775715,0.0039900827,0.0050709912,0.0057313891,0.0066197069,0.0070849162,0.0075060261,0.0079032667,0.0087031644,0.0094929709
2008-08-18,0.0023873126,0.0030841111,0.0038969493,0.0048937186,0.0055906248,0.0065259139,0.0069076504,0.0073966670,0.0078265617,0.0080737115,0.0086908333
2008-08-15,0.0023749428,0.0030531152,0.0038973381,0.0048803611,0.0055667500,0.0064872247,0.0068970068,0.0073949045,0.0077469150,0.0082681574,0.0089315364
2008-08-14,0.0024051804,0.0030242828,0.0038775836,0.0048876774,0.0055738431,0.0064932514,0.0068724131,0.0074129971,0.0081649783,0.0083393682,0.0090531349
2008-08-13,0.0024788664,0.0030788792,0.0040022647,0.0049291667,0.0055938524,0.0064841281,0.0068854541,0.0074113266,0.0082149783,0.0083591599,0.0090729266
2008-08-12,0.0021103304,0.0028374951,0.0036971065,0.0045685304,0.0052174819,0.0060855002,0.0064708875,0.0069663239,0.0072829162,0.0074479810,0.0078307393
2008-08-11,0.0028464247,0.0030722469,0.0039236251,0.0048243882,0.0054925906,0.0063857355,0.0068624082,0.0073458397,0.0076209907,0.0077514384,0.0081598459
2008-08-08,0.0028448993,0.0031178538,0.0039811109,0.0048774850,0.0055788180,0.0065153083,0.0069800418,0.0074779655,0.0076806841,0.0078110760,0.0081611087
2008-08-07,0.0028466434,0.0031011922,0.0039428507,0.0048218352,0.0055314918,0.0064783815,0.0069157349,0.0073452177,0.0076021610,0.0077408431,0.0081758594
2008-08-06,0.0022080392,0.0029966385,0.0038399896,0.0047632965,0.0054650150,0.0064005494,0.0068554496,0.0073101492,0.0076026475,0.0077448064,0.0080986503
2008-08-05,0.0021894148,0.0028773528,0.0038457224,0.0047595814,0.0054301404,0.0063232934,0.0068241750,0.0072136513,0.0076247110,0.0077493782,0.0078590223
2008-08-04,0.0024093392,0.0031357228,0.0039952474,0.0049114133,0.0055807315,0.0064716282,0.0068590496,0.0072946465,0.0080014960,0.0080646335,0.0092199630
2008-08-01,0.0028085093,0.0031298038,0.0038744681,0.0047993238,0.0054493485,0.0063138566,0.0067535834,0.0072226049,0.0077361555,0.0078327766,0.0088002579
2008-07-31,0.0027333039,0.0030194127,0.0037132407,0.0046591847,0.0053547641,0.0062791979,0.0067495117,0.0071461711,0.0074312769,0.0075402840,0.0078668918
2008-07-30,0.0026415998,0.0029589943,0.0035703460,0.0044781721,0.0051015671,0.0059290846,0.0064778221,0.0068876119,0.0074544949,0.0074936838,0.0078014886
2008-07-29,0.0028581414,0.0031376776,0.0039810195,0.0050043712,0.0056693244,0.0065515210,0.0069777318,0.0074757255,0.0077406659,0.0078748328,0.0081221398
2008-07-28,0.0029089674,0.0033008638,0.0040885285,0.0051203524,0.0058170757,0.0067404117,0.0072254935,0.0076371577,0.0079650817,0.0083596111,0.0083743723
2008-07-25,0.0029400763,0.0032286899,0.0041084869,0.0051442616,0.0058477078,0.0067791142,0.0072287405,0.0077214622,0.0081316404,0.0083345544,0.0087343144
2008-07-24,0.0029319486,0.0032103128,0.0040939586,0.0050939730,0.0058275300,0.0067980582,0.0072253920,0.0077327731,0.0081349185,0.0086194643,0.0088749192
2008-07-23,0.0028761701,0.0032703720,0.0041177877,0.0051400790,0.0058803682,0.0068589801,0.0072354149,0.0076851632,0.0079908067,0.0079586855,0.0083701118
2008-07-22,0.0031051741,0.0035168413,0.0044536666,0.0054284111,0.0061670042,0.0071423949,0.0074937646,0.0080356129,0.0085384446,0.0088341836,0.0095277098
2008-07-21,0.0031856818,0.0034964506,0.0044259687,0.0054660012,0.0061612136,0.0070791110,0.0076212722,0.0080785546,0.0083440795,0.0086309866,0.0093431267
2008-07-18,0.0025744415,0.0034981473,0.0044285655,0.0055938205,0.0062734887,0.0071708962,0.0076167480,0.0082273626,0.0086872474,0.0088284350,0.0097099475
2008-07-17,0.0025353993,0.0035156693,0.0044553549,0.0055666864,0.0062343149,0.0071152842,0.0076274103,0.0081477660,0.0086091892,0.0087380208,0.0092160510
2008-07-16,0.0028993056,0.0034547425,0.0045432081,0.0056211183,0.0063627927,0.0073389205,0.0078007028,0.0082576910,0.0087613635,0.0089396517,0.0094091326
2008-07-15,0.0028011136,0.0035176543,0.0045204282,0.0056008449,0.0063556721,0.0073481258,0.0078054875,0.0082562386,0.0087613593,0.0089317903,0.0094091089
2008-07-14,0.0025061177,0.0034456712,0.0041761670,0.0053339996,0.0060348816,0.0069556788,0.0074151325,0.0078602026,0.0082483268,0.0083620150,0.0087971196
2008-07-11,0.0029176644,0.0037008674,0.0045373964,0.0056494830,0.0063771064,0.0073323200,0.0080805643,0.0086172463,0.0092814700,0.0092272082,0.0098533074
2008-07-10,0.0029151570,0.0036337028,0.0045170732,0.0056657667,0.0063974139,0.0073570012,0.0078719022,0.0085493505,0.0087681119,0.0091484373,0.0097533074
2008-07-09,0.0031574407,0.0035314443,0.0042724873,0.0054324755,0.0061905320,0.0071838390,0.0076688161,0.0081821107,0.0086308308,0.0086864236,0.0093127584
2008-07-08,0.0033016336,0.0035745936,0.0046381925,0.0056659638,0.0064639180,0.0075086891,0.0079197683,0.0084413334,0.0089689289,0.0090341184,0.0098057511
2008-07-07,0.0031897237,0.0036015441,0.0043503439,0.0056392410,0.0063575380,0.0072971174,0.0077136701,0.0082834225,0.0086011701,0.0086841754,0.0092592007
2008-07-04,0.0031890298,0.0036981934,0.0045267626,0.0055904892,0.0063398375,0.0073189420,0.0077531930,0.0082525572,0.0085716076,0.0087178302,0.0095379367
2008-07-03,0.0031782074,0.0037688768,0.0045877686,0.0056154392,0.0063640807,0.0073413732,0.0077453335,0.0083586496,0.0085714885,0.0086595897,0.0092272614
2008-07-02,0.0030671798,0.0035460635,0.0043638456,0.0054677121,0.0061823629,0.0071144419,0.0075661198,0.0081019982,0.0083047477,0.0087079886,0.0094644663
2008-07-01,0.0027431542,0.0031228426,0.0044022822,0.0054960956,0.0062063003,0.0071317581,0.0075555733,0.0081106373,0.0082848547,0.0087255365,0.0093305851
2008-06-30,0.0029559056,0.0034609616,0.0041809846,0.0053469537,0.0060164810,0.0068882959,0.0075491743,0.0078693855,0.0080650195,0.0084953821,0.0088083117
2008-06-27,0.0028624060,0.0034702111,0.0042366460,0.0055237485,0.0061479441,0.0069615646,0.0074203721,0.0079074176,0.0083368254,0.0085797161,0.0096675887
2008-06-26,0.0027168848,0.0029942878,0.0037488659,0.0046845115,0.0053495369,0.0062143658,0.0067274260,0.0071865805,0.0077135756,0.0078920221,0.0084302946
2008-06-25,0.0024446466,0.0026724414,0.0034767248,0.0042415893,0.0048932420,0.0057417111,0.0062009370,0.0066569421,0.0069396621,0.0071767342,0.0080860069
2008-06-24,0.0024682543,0.0027845962,0.0035145206,0.0043117117,0.0049701823,0.0058266551,0.0063114709,0.0067262859,0.0070676091,0.0074534436,0.0082250645
2008-06-23,0.0025132882,0.0027713055,0.0033773774,0.0041550193,0.0047987080,0.0056356990,0.0061247320,0.0066038425,0.0069039001,0.0070770143,0.0083897540
2008-06-20,0.0023029758,0.0026875328,0.0033226523,0.0040716422,0.0046612526,0.0054256988,0.0058341048,0.0063851584,0.0068050088,0.0070342307,0.0077331496
2008-06-19,0.0024090083,0.0025277495,0.0031719759,0.0038963338,0.0044766141,0.0052289078,0.0057467306,0.0062046657,0.0064446409,0.0066967212,0.0074248364
2008-06-18,0.0023270243,0.0024890175,0.0031081169,0.0037986531,0.0043956029,0.0051703853,0.0056453361,0.0061362948,0.0065530217,0.0066127350,0.0068280583
2008-06-17,0.0021620894,0.0023416432,0.0031154223,0.0036820717,0.0042555085,0.0049988963,0.0054843841,0.0059037983,0.0060010321,0.0062932599,0.0064397817
2008-06-16,0.0014747760,0.0024553364,0.0030927865,0.0038173704,0.0043875252,0.0051249096,0.0056022415,0.0060923908,0.0065217307,0.0073564070,0.0076418858
2008-06-13,0.0015380352,0.0024033129,0.0031613211,0.0039484922,0.0045295470,0.0052800414,0.0057221239,0.0061761804,0.0067930139,0.0072305631,0.0070376558
2008-06-12,0.0023177919,0.0025179992,0.0032550044,0.0039345447,0.0045637979,0.0053785499,0.0058390197,0.0063067412,0.0069054701,0.0067060764,0.0069694359
2008-06-11,0.0023163181,0.0024981537,0.0032474637,0.0039649628,0.0045910317,0.0054005271,0.0058767894,0.0063133457,0.0069055983,0.0069075087,0.0071068992
2008-06-10,0.0024860609,0.0025343124,0.0032247208,0.0040657540,0.0046528423,0.0054087647,0.0058656444,0.0063388699,0.0069029717,0.0071054376,0.0084488152
2008-06-09,0.0022843511,0.0025452753,0.0031413502,0.0038072641,0.0044184309,0.0052080298,0.0056772896,0.0061256232,0.0063448875,0.0065457968,0.0066865349
2008-06-06,0.0020875458,0.0024118094,0.0029764515,0.0037168066,0.0042939954,0.0050379207,0.0055113634,0.0060043501,0.0061949898,0.0064723064,0.0066514754
2008-06-05,0.0021067139,0.0022422608,0.0029716357,0.0036979975,0.0042790183,0.0050276800,0.0054155380,0.0059401014,0.0059440442,0.0063187947,0.0065616765
2008-06-04,0.0021246918,0.0023280626,0.0029673260,0.0037078603,0.0042844076,0.0050263412,0.0054761272,0.0060228435,0.0065259884,0.0062276121,0.0065617504
2008-06-03,0.0021993196,0.0024455570,0.0030744403,0.0037506708,0.0043228878,0.0050580202,0.0054832878,0.0059971533,0.0064437539,0.0063293750,0.0064836350
2008-06-02,0.0021837386,0.0023688612,0.0029572855,0.0036362326,0.0042119104,0.0049521750,0.0054331384,0.0059714131,0.0064448174,0.0062517702,0.0063836350
2008-05-30,0.0020830259,0.0023577352,0.0028741541,0.0035441864,0.0040993169,0.0048121998,0.0053227893,0.0057227555,0.0058126198,0.0059213368,0.0062837498
2008-05-29,0.0020929444,0.0023237715,0.0028486244,0.0035241242,0.0041023381,0.0048461485,0.0053325838,0.0057302821,0.0059020455,0.0059848070,0.0061208880
2008-05-28,0.0023781169,0.0024213056,0.0028312592,0.0036922279,0.0041831601,0.0048089838,0.0052940510,0.0056480995,0.0059267722,0.0061670471,0.0066878535
2008-05-27,0.0021366172,0.0024577321,0.0030968365,0.0038261847,0.0044451347,0.0052394364,0.0057127550,0.0061089332,0.0064463503,0.0066210842,0.0078448295
2008-05-26,0.0020009918,0.0024194539,0.0030198557,0.0037377929,0.0042953575,0.0050073951,0.0054909252,0.0059274308,0.0062769143,0.0065210255,0.0071764438
2008-05-23,0.0020864876,0.0024194539,0.0029994225,0.0037377929,0.0042956156,0.0050073951,0.0054909252,0.0059274308,0.0062769143,0.0065210255,0.0071764438
2008-05-22,0.0010497833,0.0024365652,0.0029318931,0.0035801267,0.0041329279,0.0048388411,0.0053131221,0.0057915075,0.0060854877,0.0063505592,0.0074935665
2008-05-21,0.0010096875,0.0022467300,0.0027573107,0.0033977719,0.0039523987,0.0046622890,0.0051242774,0.0055356478,0.0057079806,0.0061225714,0.0074598951
2008-05-20,0.0009997917,0.0023240660,0.0027852679,0.0033776335,0.0039171978,0.0046063634,0.0050862467,0.0055291116,0.0059439181,0.0059234226,0.0075018484
2008-05-19,0.0009636341,0.0023389809,0.0027831965,0.0033685151,0.0039074543,0.0045953316,0.0050747757,0.0055241139,0.0059439181,0.0057759747,0.0072721150
2008-05-16,0.0020217521,0.0023679174,0.0028998866,0.0035719000,0.0041202857,0.0048180435,0.0053313546,0.0057217351,0.0060375671,0.0061692642,0.0080842105
2008-05-15,0.0020835907,0.0023981691,0.0030118629,0.0036441685,0.0042098861,0.0049295287,0.0053788039,0.0057936749,0.0060184550,0.0062228069,0.0063445831
2008-05-14,0.0025900194,0.0025540364,0.0030793395,0.0037625025,0.0043291041,0.0050481265,0.0054937230,0.0059276914,0.0060514844,0.0063021611,0.0064173338
2008-05-13,0.0026403573,0.0027130430,0.0031818370,0.0039967990,0.0045789047,0.0053158128,0.0057819208,0.0062118561,0.0065892633,0.0066918328,0.0069408316
2008-05-12,0.0026601033,0.0027355430,0.0032516950,0.0040694739,0.0046713130,0.0054330821,0.0058882385,0.0063753986,0.0064810655,0.0065633699,0.0068946633
2008-05-09,0.0028210090,0.0027800479,0.0033082272,0.0041148500,0.0047480311,0.0055504413,0.0060222927,0.0064845231,0.0065584500,0.0070559128,0.0072032505
2008-05-08,0.0023486724,0.0027984877,0.0033273195,0.0041535158,0.0047526094,0.0055087189,0.0059888648,0.0064368264,0.0067267801,0.0069899217,0.0071372770
2008-05-07,0.0023002183,0.0027708412,0.0033258485,0.0041556417,0.0048028231,0.0056221851,0.0060279679,0.0064679204,0.0066417110,0.0073203949,0.0082152863
2008-05-06,0.0022710954,0.0027617889,0.0032985511,0.0041133156,0.0047407211,0.0055334329,0.0059733595,0.0064631476,0.0071043868,0.0073207540,0.0079189647
2008-05-05,0.0021544521,0.0026614018,0.0031548876,0.0038873541,0.0045359987,0.0053596622,0.0058003570,0.0062061353,0.0064984652,0.0069062584,0.0074297801
2008-05-02,0.0021544521,0.0026948094,0.0031628637,0.0038873541,0.0045253000,0.0053337682,0.0057537848,0.0061908223,0.0064984652,0.0069974699,0.0074297801
2008-05-01,0.0023000524,0.0028556447,0.0034789433,0.0042881877,0.0049056422,0.0056814508,0.0061308402,0.0065294271,0.0066786333,0.0070295294,0.0085826713
2008-04-30,0.0023095995,0.0028746020,0.0036670669,0.0044352457,0.0050613298,0.0058465640,0.0063332050,0.0067504114,0.0070122949,0.0072621383,0.0075458950
2008-04-29,0.0024231400,0.0029429923,0.0036089350,0.0044484788,0.0050864004,0.0058863556,0.0062281521,0.0067241649,0.0072796135,0.0073234356,0.0077884175
2008-04-28,0.0025812943,0.0031561319,0.0037869782,0.0051486667,0.0057956713,0.0066023333,0.0072330000,0.0075270000,0.0072725314,0.0074824559,0.0078530448
2008-04-25,0.0031002017,0.0033939152,0.0041707493,0.0052695421,0.0059075828,0.0067016123,0.0074016667,0.0076974724,0.0080472542,0.0083844702,0.0087176349
2008-04-24,0.0029852170,0.0034586667,0.0044770180,0.0054620453,0.0061185236,0.0069345510,0.0075196667,0.0078922013,0.0088402778,0.0087281491,0.0102442105
2008-04-23,0.0029904392,0.0034076157,0.0045430000,0.0055806667,0.0061519339,0.0068606523,0.0073867759,0.0081910000,0.0088054688,0.0088544779,0.0096017412
2008-04-22,0.0031678472,0.0036278640,0.0044631904,0.0057316667,0.0064093131,0.0072496667,0.0078043333,0.0082176667,0.0089014314,0.0087508314,0.0098099707
2008-04-21,0.0032085594,0.0038726667,0.0047966667,0.0055757157,0.0062756425,0.0071439691,0.0080660000,0.0085726667,0.0088079644,0.0088088812,0.0101082503
2008-04-18,0.0032460389,0.0041373333,0.0051510000,0.0062810000,0.0070813163,0.0080736667,0.0084605000,0.0088940000,0.0090877840,0.0088556684,0.0098223852
2008-04-17,0.0033437629,0.0040270108,0.0048513073,0.0067320000,0.0075194206,0.0084926667,0.0089863333,0.0094135000,0.0090222241,0.0099774922,0.0097369710
2008-04-16,0.0035265777,0.0042751898,0.0055312500,0.0069902500,0.0077894152,0.0087757500,0.0094580000,0.0098416667,0.0095149768,0.0099207224,0.0104050001
2008-04-15,0.0037115760,0.0047343336,0.0058592500,0.0073056667,0.0081775178,0.0092533333,0.0098930000,0.0101747500,0.0111147293,0.0111965395,0.0114059114
2008-04-14,0.0039693474,0.0046382303,0.0060340186,0.0074432500,0.0082426785,0.0092265000,0.0097715000,0.0104922050,0.0114304438,0.0113713818,0.0122299099
2008-04-11,0.0039283722,0.0045993017,0.0058109266,0.0071122834,0.0080275436,0.0091572902,0.0095011901,0.0101142723,0.0102008414,0.0106643639,0.0111300805
2008-04-10,0.0034280088,0.0041154502,0.0052125000,0.0067811787,0.0074973703,0.0083766667,0.0089977100,0.0094062783,0.0103400303,0.0104929659,0.0108843520
2008-04-09,0.0031322764,0.0037645000,0.0048155000,0.0060978232,0.0067446952,0.0075380000,0.0079990000,0.0087740714,0.0092909160,0.0097680159,0.0102422151
2008-04-08,0.0031910996,0.0039723333,0.0047843333,0.0058844759,0.0065750346,0.0074223670,0.0081083905,0.0086266121,0.0091347202,0.0094306491,0.0104968421
2008-04-07,0.0034046667,0.0038890000,0.0047563333,0.0060503333,0.0067231973,0.0075470000,0.0078663333,0.0083485000,0.0089230483,0.0093559916,0.0100900352
2008-04-04,0.0036580989,0.0042375699,0.0055133684,0.0073083333,0.0078264511,0.0084656667,0.0089370000,0.0093343333,0.0094047851,0.0098854420,0.0114526316
2008-04-03,0.0040484474,0.0046954518,0.0063230000,0.0070959873,0.0082918062,0.0097855000,0.0094855576,0.0101043333,0.0098541524,0.0101566455,0.0109870577
2008-04-02,0.0041923333,0.0041094109,0.0062433333,0.0080015961,0.0088569301,0.0099000000,0.0103736280,0.0107333333,0.0117499353,0.0122273684,0.0123541869
2008-04-01,0.0042306667,0.0048195000,0.0062053333,0.0078957626,0.0088319583,0.0099750054,0.0105802914,0.0111727186,0.0118328456,0.0113767461,0.0125665767
2008-03-31,0.0043003304,0.0050964733,0.0066004429,0.0081372684,0.0091374850,0.0103589497,0.0104452500,0.0112319119,0.0115829634,0.0117308670,0.0123558400
2008-03-28,0.0036049716,0.0045922573,0.0057802565,0.0075500000,0.0084144863,0.0094666667,0.0099452902,0.0103816458,0.0109979100,0.0109359076,0.0117782176
2008-03-27,0.0036590840,0.0043971286,0.0056609428,0.0074380036,0.0083249813,0.0094047397,0.0097855658,0.0101579711,0.0110691367,0.0114976160,0.0123957895
2008-03-26,0.0037700042,0.0047067573,0.0056888067,0.0076666667,0.0085612507,0.0096483333,0.0099457136,0.0104456667,0.0107201608,0.0108171046,0.0107771543
2008-03-25,0.0038362634,0.0047443315,0.0060993333,0.0074694978,0.0089044704,0.0107116667,0.0098103946,0.0103474110,0.0102190716,0.0103665017,0.0110248560
2008-03-24,0.0046187153,0.0055607187,0.0067630647,0.0090092465,0.0100428627,0.0112955311,0.0121349838,0.0124608690,0.0130912887,0.0137004332,0.0143360682
2008-03-21,0.0046187153,0.0055270501,0.0067795577,0.0090240903,0.0100517365,0.0112955311,0.0121045351,0.0124443759,0.0130912887,0.0136483061,0.0143360682
2008-03-20,0.0046698245,0.0055197552,0.0068045577,0.0090490903,0.0100803165,0.0113271100,0.0124183426,0.0127611659,0.0136818274,0.0137983061,0.0143360682
2008-03-19,0.0046669090,0.0059010000,0.0069145383,0.0097860833,0.0107868476,0.0119923333,0.0123230000,0.0128343333,0.0126452555,0.0133573994,0.0144834103
2008-03-18,0.0048788924,0.0061033708,0.0072912914,0.0097339415,0.0108794697,0.0122630374,0.0126069257,0.0130822930,0.0134478666,0.0138521349,0.0148446353
2008-03-17,0.0049914585,0.0060863538,0.0076604724,0.0101825502,0.0112420448,0.0125156441,0.0128287845,0.0133308376,0.0138006416,0.0141966633,0.0147032494
2008-03-14,0.0043171421,0.0051210209,0.0064173585,0.0083896441,0.0093453383,0.0104957500,0.0109645614,0.0114312139,0.0119071832,0.0126484211,0.0128891907
2008-03-13,0.0043972951,0.0052976891,0.0066422777,0.0083478750,0.0093651262,0.0105917105,0.0108340000,0.0115866406,0.0115639401,0.0125557895,0.0129473782
2008-03-12,0.0039699723,0.0049024604,0.0063468445,0.0079401708,0.0088893259,0.0100316043,0.0104300814,0.0108096326,0.0111787945,0.0115084459,0.0110089341
2008-03-11,0.0039467511,0.0047919464,0.0058765028,0.0077749167,0.0087159580,0.0098479292,0.0100396667,0.0107264695,0.0110792092,0.0110597949,0.0119995431
2008-03-10,0.0037851441,0.0045907481,0.0059181430,0.0077594628,0.0085411209,0.0094745000,0.0103187882,0.0106580307,0.0110431963,0.0113256805,0.0114999542
2008-03-07,0.0037760312,0.0046111589,0.0056281072,0.0074318750,0.0084078525,0.0095846841,0.0099160000,0.0100672500,0.0111697516,0.0118821053,0.0127124211
2008-03-06,0.0035051915,0.0042309968,0.0053111541,0.0073218750,0.0080951201,0.0090173333,0.0094308000,0.0099641317,0.0110248567,0.0110883249,0.0121718750
2008-03-05,0.0032971365,0.0040991172,0.0050352984,0.0067493753,0.0075611929,0.0085333333,0.0090316667,0.0096082700,0.0099748131,0.0103044499,0.0115001009
2008-03-04,0.0034289558,0.0041011759,0.0051746178,0.0069885625,0.0076830120,0.0085079442,0.0090897500,0.0093666853,0.0096660000,0.0104967183,0.0115057595
2008-03-03,0.0034068676,0.0039815507,0.0050445343,0.0067931567,0.0075779895,0.0085140000,0.0089979039,0.0094567832,0.0102050604,0.0106787413,0.0115599865
2008-02-29,0.0032213769,0.0040923207,0.0050336667,0.0068135000,0.0075550866,0.0084363333,0.0089813333,0.0093124980,0.0119993187,0.0102182017,0.0110569645
2008-02-28,0.0032104073,0.0037403514,0.0047737713,0.0065090625,0.0072217355,0.0080678464,0.0085962455,0.0089343620,0.0095726775,0.0101009138,0.0107323812
2008-02-27,0.0030881805,0.0036496667,0.0046951991,0.0063024375,0.0069565631,0.0077307500,0.0081526000,0.0085892500,0.0094108786,0.0099553622,0.0104440472
2008-02-26,0.0030214384,0.0037660675,0.0050894583,0.0064544167,0.0070902743,0.0078407500,0.0083032500,0.0087079320,0.0094108786,0.0096978173,0.0104944816
2008-02-25,0.0031252727,0.0038582442,0.0054306667,0.0067213333,0.0072462429,0.0078633333,0.0083843333,0.0090114001,0.0090498440,0.0099592527,0.0108944272
2008-02-22,0.0033417400,0.0042756667,0.0049773333,0.0069972500,0.0076207788,0.0083532500,0.0089060000,0.0093971841,0.0094213033,0.0099406700,0.0109804816
2008-02-21,0.0034048427,0.0041503064,0.0050674783,0.0071930833,0.0078632052,0.0086500000,0.0091873333,0.0095894475,0.0098669462,0.0099228184,0.0114757151
2008-02-20,0.0034634380,0.0043545861,0.0052347631,0.0073730000,0.0079944406,0.0087219123,0.0092459607,0.0096101503,0.0104043441,0.0110710878,0.0117144724
2008-02-19,0.0031563633,0.0038172315,0.0049233333,0.0063308000,0.0069968720,0.0077799512,0.0082672365,0.0086228960,0.0096311132,0.0098832161,0.0105715251
2008-02-18,0.0028356673,0.0038754794,0.0050511667,0.0060312500,0.0066458642,0.0073666667,0.0078710000,0.0082696667,0.0092288030,0.0099354167,0.0102362166
2008-02-15,0.0028595894,0.0035914985,0.0048339384,0.0058588125,0.0065021814,0.0072582480,0.0076862629,0.0082184235,0.0089500488,0.0095774742,0.0098767699
2008-02-14,0.0027148992,0.0034252058,0.0042329811,0.0056006015,0.0061762839,0.0068500048,0.0074250000,0.0078949575,0.0083834817,0.0092036345,0.0095573105
2008-02-13,0.0027488601,0.0033639646,0.0040286242,0.0057513333,0.0063485855,0.0070470000,0.0074956667,0.0077125077,0.0087829872,0.0095099151,0.0099305483
2008-02-12,0.0028303222,0.0035452674,0.0045432748,0.0058491763,0.0064354820,0.0071192480,0.0074320115,0.0077865575,0.0080002082,0.0095054073,0.0099695561
2008-02-11,0.0027517533,0.0032811016,0.0042060334,0.0056541619,0.0062491454,0.0069436449,0.0073449855,0.0075921660,0.0086326772,0.0090266856,0.0096390014
2008-02-08,0.0024321556,0.0030181034,0.0037045848,0.0049876469,0.0055012057,0.0060993333,0.0066028746,0.0069913584,0.0078696351,0.0082868967,0.0090187695
2008-02-07,0.0023497782,0.0028815867,0.0036803278,0.0048146667,0.0053123277,0.0058913333,0.0062952786,0.0067508600,0.0073850591,0.0082259115,0.0086763410
2008-02-06,0.0022565812,0.0027393345,0.0034185819,0.0044731375,0.0050470666,0.0057230000,0.0060890000,0.0065169701,0.0072448798,0.0074455234,0.0082054303
2008-02-05,0.0021794634,0.0031200000,0.0039127917,0.0045063125,0.0049660997,0.0054994000,0.0059740000,0.0063240000,0.0067948088,0.0078698237,0.0083038035
2008-02-04,0.0020762266,0.0025111441,0.0032746307,0.0043997500,0.0048452953,0.0053612500,0.0058242500,0.0061860200,0.0066794677,0.0067577745,0.0077207442
2008-02-01,0.0021010455,0.0025554535,0.0033593333,0.0042616199,0.0047341354,0.0052833333,0.0056750000,0.0061083666,0.0067536865,0.0068494398,0.0077707182
2008-01-31,0.0022221075,0.0025959929,0.0033760000,0.0043811875,0.0048399494,0.0053708000,0.0058228000,0.0062454940,0.0068258691,0.0074060409,0.0080110270
2008-01-30,0.0018510000,0.0025430364,0.0035196667,0.0043800000,0.0047617616,0.0051994593,0.0056528654,0.0061643333,0.0068357113,0.0075333438,0.0079851060
2008-01-29,0.0021369627,0.0025818261,0.0032548987,0.0044046250,0.0048506891,0.0053646667,0.0058190000,0.0062146450,0.0066914200,0.0077805990,0.0082552003
2008-01-28,0.0023000791,0.0026679679,0.0034030130,0.0046147500,0.0051044641,0.0056695000,0.0060817500,0.0065792276,0.0068761291,0.0077313152,0.0083883681
2008-01-25,0.0023244000,0.0028252681,0.0037325417,0.0046221875,0.0051130488,0.0056787500,0.0060542000,0.0065205000,0.0068675000,0.0077295611,0.0082234375
2008-01-24,0.0024994000,0.0032943333,0.0039260000,0.0047262000,0.0052113127,0.0057686000,0.0064163333,0.0066962000,0.0067921832,0.0080924946,0.0083072423
2008-01-23,0.0024465524,0.0033993333,0.0039803872,0.0048330000,0.0053918399,0.0060380020,0.0064564572,0.0068913481,0.0074805724,0.0081434313,0.0088204004
2008-01-22,0.0021627879,0.0031588040,0.0038513143,0.0047434136,0.0052848758,0.0059096596,0.0063428034,0.0067582901,0.0074376587,0.0079597057,0.0085240033
2008-01-21,0.0021055000,0.0031866667,0.0036666667,0.0047205000,0.0051542777,0.0056478000,0.0061517104,0.0064944580,0.0070285124,0.0078177083,0.0082175801
2008-01-18,0.0024409400,0.0027714495,0.0033494039,0.0043915000,0.0048478117,0.0053698000,0.0058108000,0.0063351081,0.0071257818,0.0073358879,0.0077252593
2008-01-17,0.0019326715,0.0026774590,0.0032975372,0.0042528750,0.0046998953,0.0052110000,0.0058235708,0.0061933823,0.0070283424,0.0069355992,0.0075174118
2008-01-16,0.0020286857,0.0025536667,0.0031769245,0.0039876250,0.0045188130,0.0051370000,0.0056402500,0.0060455000,0.0065970500,0.0079372656,0.0083394914
2008-01-15,0.0019617583,0.0024881233,0.0031251510,0.0039141395,0.0044023383,0.0049665345,0.0054766667,0.0059416667,0.0065470500,0.0077815422,0.0077875932
2008-01-14,0.0019683000,0.0025428519,0.0031986667,0.0039882309,0.0045110070,0.0051172598,0.0056081183,0.0059135796,0.0066980875,0.0078343330,0.0079105619
2008-01-11,0.0019683000,0.0025180440,0.0032856173,0.0038632602,0.0043797900,0.0049793333,0.0055272500,0.0058938000,0.0065886696,0.0072319486,0.0079166667
2008-01-10,0.0018951834,0.0024671718,0.0032020132,0.0040591637,0.0045101906,0.0050248097,0.0055703904,0.0060577601,0.0063492201,0.0073700625,0.0083125000
2008-01-09,0.0017503451,0.0021643758,0.0027604128,0.0035567516,0.0039938778,0.0044962475,0.0050490957,0.0054748951,0.0058872141,0.0067578899,0.0071105064
2008-01-08,0.0006032067,0.0020337415,0.0025853505,0.0032556035,0.0036840071,0.0041789910,0.0047100988,0.0051479450,0.0054447125,0.0066148144,0.0072899306
2008-01-07,0.0006361531,0.0020286458,0.0026135252,0.0032796782,0.0036818337,0.0041429236,0.0047012500,0.0049703333,0.0059246528,0.0068802301,0.0071579861
2008-01-04,0.0006642505,0.0019622938,0.0024537667,0.0030211667,0.0034820063,0.0040220000,0.0045189560,0.0049937500,0.0057500000,0.0065369458,0.0071579861
2008-01-03,0.0006533469,0.0018428549,0.0023031239,0.0028621572,0.0033147896,0.0038470152,0.0043867152,0.0049749766,0.0054340735,0.0060414795,0.0067330044
2008-01-02,0.0007068810,0.0017312643,0.0023603289,0.0027177800,0.0031721738,0.0037098208,0.0041680452,0.0046484654,0.0049092658,0.0049798432,0.0065396150
2008-01-01,0.0007068810,0.0017217964,0.0023664287,0.0026870732,0.0031014888,0.0035864271,0.0040975663,0.0045592660,0.0049092658,0.0049919847,0.0064021150
2007-12-31,0.0007068810,0.0017288087,0.0023664287,0.0026870732,0.0031209911,0.0036312359,0.0040975663,0.0045592660,0.0049092658,0.0049919847,0.0064021150
2007-12-28,0.0007068810,0.0017217964,0.0023593577,0.0026886721,0.0031098486,0.0036027768,0.0040951767,0.0046250000,0.0049979324,0.0049919847,0.0065006581
2007-12-27,0.0006446715,0.0017104993,0.0023474919,0.0026669666,0.0031181982,0.0036511897,0.0041777806,0.0046250000,0.0049979324,0.0050639439,0.0064885357
2007-12-26,0.0006198555,0.0017192234,0.0023639332,0.0026990128,0.0031344401,0.0036450824,0.0041577964,0.0046372967,0.0049979324,0.0050639439,0.0065006581
2007-12-25,0.0006285573,0.0017155302,0.0023540374,0.0026877033,0.0031196272,0.0036254692,0.0042142972,0.0046833333,0.0049979324,0.0050639439,0.0065006581
2007-12-24,0.0007116052,0.0017173774,0.0023106841,0.0026877033,0.0031065467,0.0036254692,0.0042210363,0.0046833333,0.0049979324,0.0050639439,0.0065006581
2007-12-21,0.0007116052,0.0017218948,0.0023084632,0.0026950991,0.0031149167,0.0036429247,0.0041962624,0.0046833333,0.0049979324,0.0050639439,0.0065127805
2007-12-20,0.0007313785,0.0017755870,0.0023019236,0.0027559860,0.0031600068,0.0036742898,0.0042307225,0.0047500000,0.0050661983,0.0062943601,0.0064609680
2007-12-19,0.0007038056,0.0018850000,0.0024006609,0.0027742642,0.0031824612,0.0037101811,0.0043708614,0.0047237860,0.0053968750,0.0061210908,0.0063183963
2007-12-18,0.0007038056,0.0018850000,0.0025409428,0.0028666667,0.0032999535,0.0038689886,0.0044501547,0.0048189974,0.0050142417,0.0050043117,0.0052000000
2007-12-17,0.0006889720,0.0019674427,0.0025598379,0.0028662407,0.0032843291,0.0038413333,0.0042926667,0.0048358000,0.0050142417,0.0051269117,0.0065205194
2007-12-14,0.0007062917,0.0018561605,0.0017985564,0.0028435455,0.0032606568,0.0038246667,0.0042760000,0.0048408000,0.0050142417,0.0052570134,0.0065205194
2007-12-13,0.0008499502,0.0018719618,0.0017924328,0.0028542502,0.0032845073,0.0038746667,0.0043260000,0.0047922500,0.0050351642,0.0052297028,0.0064948540
2007-12-12,0.0009627462,0.0017770000,0.0017537441,0.0026378824,0.0031187058,0.0037881016,0.0042715784,0.0047343287,0.0053851642,0.0050073249,0.0065448540
2007-12-11,0.0011757240,0.0018186667,0.0024107667,0.0029865000,0.0033494718,0.0038677701,0.0043413159,0.0047819800,0.0051351642,0.0051053305,0.0066672940
2007-12-10,0.0013050806,0.0016918318,0.0023460809,0.0029299241,0.0034752848,0.0039505667,0.0045588187,0.0049872762,0.0052953883,0.0058562573,0.0066704714
2007-12-07,0.0013854167,0.0017402434,0.0024538333,0.0030384364,0.0035835519,0.0040712833,0.0045800626,0.0049888700,0.0052953883,0.0054626325,0.0067512874
2007-12-06,0.0013494313,0.0016323790,0.0024275750,0.0031571667,0.0036661999,0.0041220000,0.0046513333,0.0050614239,0.0061054806,0.0062845049,0.0068321034
2007-12-05,0.0013490973,0.0016526978,0.0024744500,0.0031655000,0.0036776040,0.0041579564,0.0046470000,0.0050589479,0.0062405867,0.0063437785,0.0068321034
2007-12-04,0.0013901190,0.0019195000,0.0024881667,0.0032008333,0.0037002161,0.0041841049,0.0047266384,0.0051425797,0.0060381798,0.0064480708,0.0069763697
2007-12-03,0.0006103909,0.0018336979,0.0022821850,0.0029620140,0.0034380000,0.0039233333,0.0044443333,0.0049039968,0.0059319873,0.0062314292,0.0068078582
2007-11-30,0.0006240630,0.0010512446,0.0020003333,0.0029348333,0.0033148492,0.0039530000,0.0044800000,0.0048753840,0.0058759831,0.0064216093,0.0067359396
2007-11-29,0.0015560278,0.0009138553,0.0019953333,0.0029867500,0.0034356821,0.0041702500,0.0047087500,0.0050572000,0.0061250000,0.0063113539,0.0067344645
2007-11-28,0.0015412299,0.0009435037,0.0021591534,0.0029818044,0.0034446058,0.0041965000,0.0047610000,0.0052201840,0.0060128690,0.0065657079,0.0072239583
2007-11-27,0.0007219612,0.0010050717,0.0020753830,0.0031238371,0.0036193912,0.0044200000,0.0049745000,0.0054187820,0.0064145516,0.0065297821,0.0066118328
2007-11-26,0.0006983073,0.0009044514,0.0021256710,0.0029044106,0.0035158762,0.0044833333,0.0047957461,0.0054005000,0.0060330621,0.0068048842,0.0069702161
2007-11-23,0.0006833535,0.0009087741,0.0022335527,0.0031050042,0.0035699972,0.0043213333,0.0049090000,0.0053284001,0.0056378492,0.0067646941,0.0081475694
2007-11-22,0.0006287778,0.0011000000,0.0023390668,0.0036194171,0.0040153701,0.0046871518,0.0052322627,0.0057354929,0.0065771984,0.0069753048,0.0072912701
2007-11-21,0.0006339621,0.0011493046,0.0024973388,0.0033783756,0.0038266212,0.0045579737,0.0050911262,0.0055226818,0.0065769379,0.0070744956,0.0075302656
2007-11-20,0.0005308664,0.0010048690,0.0024059637,0.0028333769,0.0032935152,0.0040236120,0.0045938450,0.0050674800,0.0055080587,0.0061327505,0.0070408315
2007-11-19,0.0005240000,0.0011397692,0.0023458623,0.0027696710,0.0032198176,0.0039317668,0.0046154194,0.0050147571,0.0056643490,0.0065378266,0.0069930556
2007-11-16,0.0005154823,0.0008902394,0.0017357181,0.0025399008,0.0030200087,0.0037696873,0.0042363333,0.0047492325,0.0050397068,0.0058845169,0.0066319268
2007-11-15,0.0004413990,0.0011658322,0.0015641922,0.0024613216,0.0028534541,0.0034708145,0.0040056425,0.0045314899,0.0052144097,0.0057746064,0.0065642361
2007-11-14,0.0004532497,0.0007960792,0.0014377235,0.0024014164,0.0027439265,0.0032876667,0.0038806667,0.0043633333,0.0045011874,0.0054851165,0.0064152579
2007-11-13,0.0004849341,0.0008018046,0.0014309340,0.0021631608,0.0025890348,0.0032475030,0.0038684337,0.0043166467,0.0052128125,0.0058656495,0.0063905183
2007-11-12,0.0004464480,0.0007567847,0.0013901491,0.0021533618,0.0025760989,0.0032279214,0.0037846667,0.0043275470,0.0047000000,0.0056630599,0.0060753087
2007-11-09,0.0004034499,0.0007688780,0.0013409969,0.0020931981,0.0024975490,0.0031194995,0.0037479078,0.0042574235,0.0044474458,0.0054070480,0.0059539931
2007-11-08,0.0004024732,0.0006382228,0.0011584558,0.0016522567,0.0020077022,0.0025523518,0.0030831292,0.0035988617,0.0038243133,0.0050963542,0.0054899760
2007-11-07,0.0003776448,0.0006176209,0.0011480282,0.0016411667,0.0019422944,0.0024035281,0.0030876066,0.0033780000,0.0043841879,0.0048153612,0.0051814734
2007-11-06,0.0003703796,0.0005889838,0.0010696985,0.0015116605,0.0018295468,0.0023139654,0.0029317025,0.0033770781,0.0043137369,0.0045190610,0.0049479167
2007-11-05,0.0003682537,0.0006061783,0.0010528990,0.0015250707,0.0018315501,0.0022973333,0.0028862025,0.0033269991,0.0043183159,0.0046739776,0.0048035567
2007-11-02,0.0003673065,0.0007547355,0.0010343131,0.0014731053,0.0017838174,0.0022547358,0.0028099073,0.0031694642,0.0039568490,0.0049260925,0.0053279367
2007-11-01,0.0003425026,0.0005839642,0.0009839176,0.0013702591,0.0016735529,0.0021323435,0.0027620000,0.0031310362,0.0039250000,0.0036264338,0.0051500000
2007-10-31,0.0003179856,0.0005879558,0.0009424924,0.0013245303,0.0015960993,0.0020053546,0.0027058866,0.0031844773,0.0035283333,0.0035663693,0.0045000000
2007-10-30,0.0003052820,0.0005692444,0.0009218526,0.0012673765,0.0015544811,0.0019867849,0.0026272147,0.0031304579,0.0036000000,0.0035346401,0.0041000000
2007-10-29,0.0002812239,0.0006323757,0.0009056055,0.0012738958,0.0015620521,0.0019947800,0.0025755697,0.0031185882,0.0033852500,0.0035391560,0.0037000000
2007-10-26,0.0002836979,0.0004733860,0.0009247329,0.0012954564,0.0015986289,0.0020533486,0.0025788852,0.0031039145,0.0039879210,0.0037760912,0.0039025883
2007-10-25,0.0002812239,0.0004548001,0.0008919900,0.0012884720,0.0015871509,0.0020337797,0.0025621467,0.0031097782,0.0036000000,0.0037113464,0.0037918399
2007-10-24,0.0002749944,0.0004694882,0.0009850000,0.0013262934,0.0016296517,0.0020818275,0.0027390000,0.0031720744,0.0035390000,0.0038613385,0.0039000000
2007-10-23,0.0002615296,0.0004842156,0.0009122745,0.0012555815,0.0015749187,0.0020526667,0.0026890000,0.0031953333,0.0034890000,0.0038068508,0.0039000000
2007-10-22,0.0002707657,0.0005221738,0.0009551667,0.0013435748,0.0016558935,0.0021193482,0.0027009434,0.0032692723,0.0037440045,0.0040245036,0.0044271150
2007-10-19,0.0002720678,0.0004883620,0.0009551667,0.0013130000,0.0016242178,0.0020853333,0.0027883333,0.0032280000,0.0040485073,0.0035892204,0.0050271150
2007-10-18,0.0002648355,0.0004773906,0.0008472484,0.0012620335,0.0015514842,0.0019784625,0.0026078141,0.0032514133,0.0040576308,0.0043467335,0.0049771150
2007-10-17,0.0002919448,0.0004841032,0.0008374129,0.0012614993,0.0015451389,0.0019620238,0.0025966602,0.0031331249,0.0040333070,0.0045492091,0.0049771150
2007-10-16,0.0002650706,0.0004545486,0.0008125943,0.0011896782,0.0014583996,0.0018523888,0.0024560982,0.0030741900,0.0035923525,0.0040797273,0.0042350000
2007-10-15,0.0002582348,0.0004122615,0.0007868849,0.0011586365,0.0014175114,0.0017958363,0.0024469500,0.0030193666,0.0032767867,0.0037745139,0.0042577014
2007-10-12,0.0002755349,0.0004191288,0.0008190000,0.0011706550,0.0014511858,0.0018617882,0.0024505792,0.0029419150,0.0038986412,0.0038023729,0.0048033360
2007-10-11,0.0002996755,0.0004379170,0.0008257886,0.0012341570,0.0015422037,0.0019933268,0.0026497075,0.0031684950,0.0037242075,0.0041633000,0.0048529568
2007-10-10,0.0003299419,0.0004966667,0.0008695000,0.0012834035,0.0015752201,0.0019986513,0.0026345192,0.0032888599,0.0034364337,0.0044943638,0.0049377104
2007-10-09,0.0003259419,0.0005122092,0.0008885000,0.0013226667,0.0016301178,0.0020756667,0.0027761480,0.0033126667,0.0035087083,0.0045355903,0.0049809028
2007-10-08,0.0003377898,0.0005104148,0.0009065611,0.0013470999,0.0016511147,0.0020896667,0.0027720000,0.0033123333,0.0035087083,0.0043523990,0.0052500000
2007-10-05,0.0003440398,0.0004796667,0.0008890853,0.0013312777,0.0016549010,0.0021230000,0.0027470000,0.0033071096,0.0035087083,0.0044113158,0.0050500000
2007-10-04,0.0003516648,0.0004906667,0.0008746497,0.0013292910,0.0016541499,0.0021230321,0.0027606598,0.0032774276,0.0043500000,0.0043485286,0.0052500000
2007-10-03,0.0004080218,0.0005044112,0.0008842417,0.0013359226,0.0016626052,0.0021329280,0.0027951760,0.0032991378,0.0042015278,0.0044557639,0.0054350260
2007-10-02,0.0003719346,0.0005233349,0.0009043764,0.0013446481,0.0016803183,0.0021632465,0.0027878726,0.0033423251,0.0045000000,0.0047519792,0.0053800347
2007-10-01,0.0003287898,0.0009153646,0.0009099318,0.0014308946,0.0017499816,0.0022036527,0.0028919823,0.0034302732,0.0050564410,0.0048406458,0.0054855903
2007-09-28,0.0003668693,0.0005318290,0.0012270833,0.0014893038,0.0017961994,0.0022292663,0.0028392389,0.0034688885,0.0038990750,0.0044381859,0.0055000000
2007-09-27,0.0003887138,0.0005397713,0.0010446667,0.0014522046,0.0017731842,0.0022267341,0.0028616224,0.0035787766,0.0043822954,0.0046629292,0.0042000000
2007-09-26,0.0003002497,0.0005127166,0.0010335000,0.0014470000,0.0017859196,0.0022656667,0.0029676667,0.0034891140,0.0041635713,0.0048446791,0.0054089756
2007-09-25,0.0003313725,0.0005278403,0.0010340000,0.0014611437,0.0017960626,0.0022680000,0.0029529732,0.0035668300,0.0046000000,0.0049193852,0.0054235225
2007-09-24,0.0003111455,0.0005237327,0.0010507500,0.0014444385,0.0017996147,0.0023020000,0.0029059532,0.0035397733,0.0040218068,0.0047292128,0.0053987210
2007-09-21,0.0003237992,0.0005320774,0.0010125151,0.0014683544,0.0018329360,0.0023478011,0.0030071445,0.0039382466,0.0046510201,0.0049207800,0.0054433681
2007-09-20,0.0003117837,0.0005891968,0.0011289314,0.0015993266,0.0019694034,0.0024870363,0.0032871080,0.0040599753,0.0040045040,0.0052790790,0.0062172222
2007-09-19,0.0003493757,0.0006030962,0.0011012293,0.0016155702,0.0020882243,0.0027665000,0.0034016667,0.0040290000,0.0040223165,0.0054858431,0.0054771150
2007-09-18,0.0004878253,0.0006743621,0.0013285000,0.0017590000,0.0022118826,0.0028491336,0.0036560000,0.0041200000,0.0046639468,0.0057431914,0.0061043975
2007-09-17,0.0005151771,0.0007801711,0.0013465224,0.0019426667,0.0024043425,0.0030465000,0.0038175000,0.0043587500,0.0060350244,0.0064711290,0.0056271150
2007-09-14,0.0004953854,0.0007754836,0.0013933757,0.0019626667,0.0024301051,0.0030786667,0.0038612500,0.0043837500,0.0061676633,0.0067771208,0.0056525201
2007-09-13,0.0004165099,0.0007847396,0.0013587632,0.0019726667,0.0024369829,0.0030786667,0.0038487500,0.0044033333,0.0063055291,0.0058853629,0.0046690000
2007-09-12,0.0004386328,0.0007131088,0.0013028549,0.0019446325,0.0024252898,0.0030913875,0.0038396195,0.0043433476,0.0059291390,0.0060120752,0.0058821034
2007-09-11,0.0005519401,0.0007280508,0.0014181536,0.0019627669,0.0024306796,0.0030746997,0.0037365893,0.0041939580,0.0049000000,0.0063940316,0.0059044271
2007-09-10,0.0003887572,0.0006904331,0.0013587354,0.0018790180,0.0023365861,0.0029662036,0.0036404373,0.0041639276,0.0045908750,0.0041387351,0.0054366774
2007-09-07,0.0003965696,0.0006806658,0.0012636667,0.0017819826,0.0022273603,0.0028405216,0.0034201084,0.0039960000,0.0044342868,0.0042044591,0.0053875280
2007-09-06,0.0003775429,0.0006227126,0.0013181250,0.0016410298,0.0020419877,0.0025909717,0.0032005595,0.0037001864,0.0051848753,0.0052999706,0.0051408895
2007-09-05,0.0003809896,0.0006391059,0.0012837500,0.0015995588,0.0019809093,0.0025000814,0.0030995810,0.0035760000,0.0051371019,0.0052966298,0.0050085631
2007-09-04,0.0004288194,0.0005933333,0.0012700000,0.0015916667,0.0019886336,0.0025306667,0.0031560000,0.0036176667,0.0050242243,0.0054513824,0.0050736499
2007-09-03,0.0004288194,0.0005933333,0.0013033333,0.0015916667,0.0019892008,0.0025306667,0.0031560000,0.0036176667,0.0054111458,0.0056227058,0.0051973475
2007-08-31,0.0003958333,0.0005734074,0.0012700000,0.0015816667,0.0019769654,0.0025140000,0.0031810000,0.0035520000,0.0052611458,0.0057284375,0.0051973475
2007-08-30,0.0003618016,0.0006125000,0.0012950088,0.0015816561,0.0019491252,0.0024423158,0.0031092897,0.0035196548,0.0053611458,0.0057610764,0.0052070653
2007-08-29,0.0003546287,0.0005875000,0.0012948333,0.0016041063,0.0019757160,0.0024728774,0.0031108690,0.0035276722,0.0039977000,0.0057577351,0.0051921689
2007-08-28,0.0003427408,0.0005588153,0.0011689569,0.0015374740,0.0019177246,0.0024294261,0.0031396349,0.0035232698,0.0053902459,0.0052494874,0.0051592642
2007-08-27,0.0003117188,0.0009141667,0.0012480401,0.0014905786,0.0018428367,0.0023126510,0.0028792435,0.0033940137,0.0037600000,0.0047593486,0.0048637086
2007-08-24,0.0003117188,0.0009141667,0.0012416371,0.0014816610,0.0018366410,0.0023096347,0.0028372624,0.0033858378,0.0035802290,0.0049557071,0.0048637086
2007-08-23,0.0003298611,0.0009721977,0.0010335541,0.0014151522,0.0017671320,0.0022373333,0.0028710000,0.0032994709,0.0048215450,0.0051148147,0.0047330836
2007-08-22,0.0003255919,0.0008778667,0.0009754792,0.0014262129,0.0017576742,0.0021950305,0.0027896667,0.0032665045,0.0046916560,0.0047782382,0.0049723475
2007-08-21,0.0003452025,0.0005791752,0.0009671667,0.0013666938,0.0017659875,0.0023110243,0.0029510550,0.0034305616,0.0038655625,0.0049662785,0.0050120072
2007-08-20,0.0003499584,0.0005540567,0.0009505000,0.0013680795,0.0017703971,0.0023189042,0.0029690000,0.0034570000,0.0044994053,0.0039241145,0.0049447731
2007-08-17,0.0003364984,0.0005221701,0.0009470000,0.0014166753,0.0018085553,0.0023355993,0.0029547309,0.0034268171,0.0037789232,0.0043712799,0.0047104027
2007-08-16,0.0003071699,0.0005531506,0.0010048377,0.0015020279,0.0018983231,0.0024256027,0.0030415024,0.0035389524,0.0039400125,0.0049783379,0.0052223475
2007-08-15,0.0003568602,0.0005499132,0.0009948750,0.0014128639,0.0017982325,0.0023126027,0.0028846783,0.0033783333,0.0047597344,0.0049061888,0.0050667877
2007-08-14,0.0002835540,0.0004467786,0.0009161667,0.0012815747,0.0016153943,0.0020562462,0.0027130000,0.0031692500,0.0044963458,0.0047093895,0.0047654100
2007-08-13,0.0002735326,0.0004704691,0.0008350814,0.0012604221,0.0015815821,0.0020030038,0.0026331173,0.0030935131,0.0033895000,0.0044520894,0.0046502885
2007-08-10,0.0003885667,0.0005220000,0.0008064969,0.0012172501,0.0015583822,0.0020124946,0.0025676483,0.0030914550,0.0034400750,0.0041974259,0.0044048127
2007-08-09,0.0003498000,0.0005210000,0.0007866667,0.0012090000,0.0015435412,0.0019866851,0.0025833333,0.0030333333,0.0042269728,0.0044703077,0.0045644531
2007-08-08,0.0003414667,0.0004437421,0.0007658333,0.0011890000,0.0014909729,0.0018837741,0.0024272500,0.0029675409,0.0037366667,0.0036534000,0.0042539931
2007-08-07,0.0003414000,0.0004393213,0.0007600887,0.0011542121,0.0014767920,0.0019027270,0.0024277767,0.0029550000,0.0032273624,0.0040091252,0.0044223475
2007-08-06,0.0002935912,0.0004257657,0.0007593652,0.0011790619,0.0014997920,0.0019200000,0.0024236070,0.0030033779,0.0033089250,0.0041946321,0.0043553926
2007-08-03,0.0002811665,0.0004046764,0.0008481667,0.0011543227,0.0014430587,0.0018145495,0.0025062175,0.0029045456,0.0042757284,0.0040296105,0.0042685578
2007-08-02,0.0002764896,0.0004110617,0.0008065000,0.0011353223,0.0014386500,0.0018326161,0.0024916667,0.0030960000,0.0040715049,0.0040038905,0.0040584457
2007-08-01,0.0002870027,0.0004916667,0.0009072500,0.0013003333,0.0016087547,0.0019996667,0.0027653720,0.0036159975,0.0040376446,0.0035917765,0.0049902017
2007-07-31,0.0002438649,0.0004355348,0.0008436250,0.0012176439,0.0015220531,0.0019103997,0.0026003750,0.0034368833,0.0037303561,0.0043372371,0.0047776252
2007-07-30,0.0003009360,0.0005110661,0.0009760000,0.0013333382,0.0017101979,0.0022013529,0.0028209755,0.0034284006,0.0043850812,0.0040549361,0.0049723475
2007-07-27,0.0002633829,0.0004253478,0.0007613183,0.0011020620,0.0014244924,0.0018467316,0.0024606697,0.0032062701,0.0037481126,0.0042865408,0.0043692815
2007-07-26,0.0002287417,0.0004295986,0.0006665000,0.0009681155,0.0012582771,0.0016393333,0.0022388333,0.0027818001,0.0031545629,0.0030561417,0.0044376496
2007-07-25,0.0002446613,0.0003483045,0.0006058736,0.0009356468,0.0011927691,0.0015233333,0.0021168136,0.0027425750,0.0028390058,0.0029619036,0.0032783333
2007-07-24,0.0002572092,0.0003806975,0.0007241667,0.0009804754,0.0012688928,0.0016442187,0.0022982000,0.0028923333,0.0035000000,0.0033398438,0.0038000000
2007-07-23,0.0002479262,0.0003901669,0.0007242268,0.0010597950,0.0013095561,0.0016192918,0.0021945570,0.0028040546,0.0032520339,0.0034684058,0.0041223475
2007-07-20,0.0002548533,0.0003807566,0.0006835805,0.0009936983,0.0012447009,0.0015592886,0.0021293888,0.0026336994,0.0033490375,0.0037476458,0.0040723475
2007-07-19,0.0002131898,0.0003902481,0.0005812028,0.0008778599,0.0011084884,0.0013990732,0.0019674917,0.0025090489,0.0028584157,0.0030080935,0.0038033874
2007-07-18,0.0002131898,0.0003857407,0.0005601666,0.0008706437,0.0011009798,0.0013908295,0.0019554100,0.0024396251,0.0028555718,0.0029668608,0.0037953058
2007-07-17,0.0002129424,0.0003662297,0.0005584886,0.0008422047,0.0010722428,0.0013629396,0.0019140561,0.0024732634,0.0028805718,0.0029794042,0.0037538909
2007-07-16,0.0002136846,0.0003584049,0.0005674739,0.0008499389,0.0010780859,0.0013645179,0.0019218923,0.0024798687,0.0028805718,0.0029917740,0.0037791426
2007-07-13,0.0002136846,0.0003429646,0.0005691074,0.0008559057,0.0011011132,0.0014127020,0.0019933848,0.0025442430,0.0028740957,0.0029899205,0.0033500000
2007-07-12,0.0002338061,0.0003466339,0.0005775088,0.0008685106,0.0011182896,0.0014351532,0.0019962504,0.0025538515,0.0028730197,0.0030529388,0.0040500000
2007-07-11,0.0002171568,0.0003478353,0.0005801727,0.0008716805,0.0011355009,0.0014734478,0.0020074603,0.0025810540,0.0026872000,0.0029467475,0.0042684729
2007-07-10,0.0001997046,0.0003329116,0.0005601256,0.0008473726,0.0010917786,0.0014004390,0.0019103430,0.0024715700,0.0026786939,0.0027818287,0.0044000000
2007-07-09,0.0001829782,0.0003093002,0.0005224400,0.0008070771,0.0010509989,0.0013617934,0.0018698143,0.0023801147,0.0028549605,0.0026000000,0.0044000000
2007-07-06,0.0001804885,0.0003103711,0.0005237559,0.0008142705,0.0010541334,0.0013570518,0.0018751384,0.0024003564,0.0028091891,0.0028000000,0.0042864815
2007-07-05,0.0001887350,0.0003165560,0.0005372502,0.0008203230,0.0010616600,0.0013655650,0.0018655253,0.0024035529,0.0027844495,0.0027048611,0.0040864815
2007-07-04,0.0001887350,0.0003036560,0.0005345242,0.0008309575,0.0010662911,0.0013590997,0.0018687061,0.0023970587,0.0026792660,0.0027048611,0.0044000000
2007-07-03,0.0001917587,0.0003080642,0.0005482731,0.0008426509,0.0010774479,0.0013676526,0.0018917325,0.0024208363,0.0028712985,0.0028230000,0.0041531481
2007-07-02,0.0001920336,0.0003245978,0.0005460215,0.0008474660,0.0010856417,0.0013798566,0.0019057933,0.0024338554,0.0028212985,0.0030494191,0.0040027778
2007-06-29,0.0002161001,0.0003342269,0.0005645171,0.0008298174,0.0010601988,0.0013431594,0.0018857295,0.0024021361,0.0029400068,0.0031997933,0.0040055556
2007-06-28,0.0002161001,0.0003272509,0.0005529745,0.0008297026,0.0010573580,0.0013353942,0.0018960480,0.0024175064,0.0029000068,0.0033942302,0.0037500000
2007-06-27,0.0002133786,0.0003204312,0.0005339213,0.0007962619,0.0010336835,0.0013291052,0.0018753434,0.0023789103,0.0026896356,0.0029997933,0.0041723475
2007-06-26,0.0001973077,0.0002940064,0.0005192364,0.0007719553,0.0010029990,0.0012900341,0.0018044119,0.0023390350,0.0025163953,0.0026000000,0.0033598475
2007-06-25,0.0002210792,0.0002933583,0.0004806906,0.0007632750,0.0009872784,0.0012634059,0.0017471907,0.0022878045,0.0024504231,0.0036962400,0.0043717945
2007-06-22,0.0002164929,0.0003119078,0.0004855376,0.0007433058,0.0009538807,0.0012103686,0.0017065337,0.0021793650,0.0024208146,0.0034540705,0.0037392468
2007-06-21,0.0002142663,0.0003037425,0.0004882151,0.0007375206,0.0009480441,0.0012042932,0.0016635493,0.0021459788,0.0027590633,0.0027492400,0.0037392468
2007-06-20,0.0002027546,0.0002887679,0.0004538584,0.0007115844,0.0009170249,0.0011671788,0.0016074359,0.0021518964,0.0027206315,0.0027399762,0.0039125000
2007-06-19,0.0001926389,0.0002800156,0.0004222761,0.0006697045,0.0008780860,0.0011364356,0.0015606069,0.0021277171,0.0026808807,0.0027184827,0.0038194540
2007-06-18,0.0001926389,0.0002829811,0.0004198021,0.0006621101,0.0008655459,0.0011162363,0.0015671291,0.0021376243,0.0026908805,0.0026854966,0.0037125000
2007-06-15,0.0001926389,0.0002787500,0.0004128290,0.0006751607,0.0008734302,0.0011140579,0.0015875365,0.0021525163,0.0027007891,0.0026854966,0.0037125000
2007-06-14,0.0001926389,0.0002473051,0.0004356028,0.0006709972,0.0008745170,0.0011231212,0.0015873421,0.0021270349,0.0025794942,0.0027315703,0.0037125000
2007-06-13,0.0001926389,0.0002473051,0.0004333209,0.0006998485,0.0008899104,0.0011144271,0.0016071389,0.0021257646,0.0025794942,0.0027315703,0.0034018056
2007-06-12,0.0001926389,0.0002192006,0.0004448630,0.0006970716,0.0008971697,0.0011365463,0.0016344480,0.0021080281,0.0025694942,0.0027718605,0.0034525000
2007-06-11,0.0001956076,0.0002043568,0.0004169295,0.0006542648,0.0008640331,0.0011224704,0.0016413972,0.0021116122,0.0025144240,0.0027514688,0.0036125000
2007-06-08,0.0001956076,0.0002093048,0.0004169295,0.0006355820,0.0008417926,0.0010961213,0.0016276093,0.0021057021,0.0025144240,0.0027514688,0.0034125000
2007-06-07,0.0001956076,0.0002104633,0.0004415959,0.0006196494,0.0008280759,0.0010873431,0.0016255947,0.0021036085,0.0023792435,0.0026820912,0.0037125000
2007-06-06,0.0001956076,0.0002099019,0.0004227520,0.0006006191,0.0008233666,0.0011084393,0.0016260581,0.0021051347,0.0025144240,0.0026820912,0.0037625000
2007-06-05,0.0001956076,0.0002107053,0.0004368498,0.0006030444,0.0008265408,0.0011118755,0.0016239423,0.0021188914,0.0025716264,0.0026966104,0.0034250000
2007-06-04,0.0001956076,0.0002107053,0.0004306860,0.0006173957,0.0008459890,0.0011370904,0.0016401486,0.0021105131,0.0026211055,0.0028472654,0.0033269097
2007-06-01,0.0001956076,0.0002120048,0.0004327160,0.0006356274,0.0008656807,0.0011558310,0.0016567716,0.0021186388,0.0029087153,0.0028436893,0.0034750000
2007-05-31,0.0001926389,0.0002137742,0.0004285509,0.0006861965,0.0008993035,0.0011547763,0.0017000350,0.0021305933,0.0028027731,0.0028790908,0.0037250000
2007-05-30,0.0001823878,0.0002239208,0.0004196678,0.0006645548,0.0008836812,0.0011506587,0.0016911877,0.0021462969,0.0028477600,0.0027306533,0.0038564236
2007-05-29,0.0001823878,0.0002329170,0.0004171938,0.0006698386,0.0008872138,0.0011500713,0.0016990210,0.0021961214,0.0024802440,0.0027892558,0.0039046721
2007-05-28,0.0001729321,0.0002388674,0.0004239102,0.0006455173,0.0008619019,0.0011256371,0.0016437151,0.0021582650,0.0024337138,0.0026661117,0.0038348475
2007-05-25,0.0001729321,0.0002388674,0.0004326081,0.0006537975,0.0008676595,0.0011256371,0.0016390247,0.0021621204,0.0024337138,0.0027745838,0.0037848475
2007-05-24,0.0001729321,0.0002427434,0.0004334520,0.0006421989,0.0008626638,0.0011321627,0.0016494614,0.0022686167,0.0024318500,0.0033671617,0.0040348475
2007-05-23,0.0001785511,0.0002725192,0.0004534008,0.0006826744,0.0009017189,0.0011629909,0.0017104160,0.0023339500,0.0026040148,0.0030574764,0.0040000000
2007-05-22,0.0001785511,0.0002699982,0.0004470674,0.0006906591,0.0009099260,0.0011698987,0.0017265663,0.0022307725,0.0025906928,0.0028000000,0.0034000000
2007-05-21,0.0001817992,0.0002682913,0.0004659117,0.0006821892,0.0009127247,0.0011910417,0.0017450001,0.0023089610,0.0025906928,0.0029868056,0.0040000000
2007-05-18,0.0001968588,0.0002620560,0.0004544936,0.0006619995,0.0009045413,0.0012047684,0.0017716901,0.0023314810,0.0031183961,0.0032262133,0.0034000000
2007-05-17,0.0001968588,0.0002641346,0.0004573168,0.0006950484,0.0009300996,0.0012125528,0.0017608958,0.0023186771,0.0030933961,0.0031135047,0.0033000000
2007-05-16,0.0001968588,0.0002907610,0.0004694343,0.0007237080,0.0009609425,0.0012423400,0.0017908270,0.0023748667,0.0029344866,0.0031737478,0.0039305556
2007-05-15,0.0002167514,0.0002924795,0.0005049433,0.0007479038,0.0009755540,0.0012382783,0.0017906561,0.0023792229,0.0029873884,0.0033008089,0.0041500000
2007-05-14,0.0002167514,0.0002924795,0.0005114363,0.0007312655,0.0009663573,0.0012419784,0.0017693417,0.0024710933,0.0028400155,0.0030816676,0.0044500000
2007-05-11,0.0002197127,0.0002886169,0.0005137552,0.0007333310,0.0009594981,0.0012202649,0.0017514966,0.0024710933,0.0028431090,0.0030816676,0.0033785608
2007-05-10,0.0002280198,0.0003138079,0.0005153869,0.0007285651,0.0009642255,0.0012396729,0.0019016400,0.0024500000,0.0028040860,0.0032897138,0.0033785608
2007-05-09,0.0002375411,0.0003151474,0.0005424310,0.0007757970,0.0010103664,0.0012775570,0.0018931265,0.0024602725,0.0029958429,0.0032579722,0.0036285608
2007-05-08,0.0002424854,0.0002839391,0.0005953333,0.0007550765,0.0009942768,0.0012704176,0.0018680276,0.0024756706,0.0027281689,0.0032713533,0.0035285608
2007-05-07,0.0002446660,0.0002848260,0.0005225777,0.0007558506,0.0010004793,0.0012842672,0.0018848741,0.0024950677,0.0029984037,0.0033275223,0.0036122664
2007-05-04,0.0002446660,0.0002848260,0.0005225777,0.0007567164,0.0010065401,0.0012976466,0.0018737630,0.0024939670,0.0029984037,0.0033132366,0.0036122664
2007-05-03,0.0002446660,0.0002867641,0.0005953333,0.0007661519,0.0010023490,0.0012702898,0.0019143066,0.0025271471,0.0030125096,0.0033414360,0.0035857623
2007-05-02,0.0002438602,0.0002863460,0.0005953333,0.0007768570,0.0010262757,0.0013125596,0.0019200000,0.0024723133,0.0029919590,0.0033243116,0.0036122664
2007-05-01,0.0002445877,0.0003124904,0.0005184449,0.0007944613,0.0010552182,0.0013561140,0.0019073890,0.0025175405,0.0028630571,0.0033717174,0.0036491675
2007-04-30,0.0002569225,0.0003157614,0.0005396329,0.0007945934,0.0010597522,0.0013667855,0.0019099780,0.0025279733,0.0027357021,0.0033439899,0.0036571215
2007-04-27,0.0001417311,0.0002323621,0.0003824628,0.0006402094,0.0008598716,0.0011161796,0.0015897789,0.0022018233,0.0029928964,0.0034101885,0.0039760106
2007-04-26,0.0001333453,0.0001670778,0.0003498998,0.0005652655,0.0007682556,0.0010085565,0.0016183133,0.0021321866,0.0024131902,0.0030626582,0.0035909446
2007-04-25,0.0001106771,0.0001481573,0.0003198509,0.0005469480,0.0007497850,0.0009922498,0.0015044727,0.0021145746,0.0021510584,0.0031160000,0.0038110000
2007-04-24,0.0001573871,0.0001618004,0.0003588071,0.0005884006,0.0007830075,0.0010053205,0.0015367721,0.0020670613,0.0025052542,0.0029703517,0.0036110000
2007-04-23,0.0001293858,0.0001720696,0.0003601854,0.0005728351,0.0007643801,0.0009835291,0.0015351911,0.0020751280,0.0024591381,0.0029713552,0.0038500000
2007-04-20,0.0001449189,0.0001691212,0.0003638801,0.0005928107,0.0007898548,0.0010142123,0.0015565720,0.0021988100,0.0026746905,0.0029713552,0.0039000000
2007-04-19,0.0001482049,0.0001781240,0.0003787952,0.0006910802,0.0008768907,0.0010716801,0.0016032090,0.0021478641,0.0026220842,0.0029161988,0.0042000000
2007-04-18,0.0001540170,0.0001915195,0.0003875982,0.0006475944,0.0008426375,0.0010554398,0.0016024400,0.0021222921,0.0026217714,0.0028649729,0.0041000000
2007-04-17,0.0001572409,0.0001878583,0.0003917638,0.0006554046,0.0008558341,0.0010751696,0.0016395100,0.0022121916,0.0028395865,0.0029349183,0.0041000000
2007-04-16,0.0001572409,0.0001878583,0.0003917638,0.0006463733,0.0008501595,0.0010751696,0.0016508728,0.0022229354,0.0028395865,0.0029349183,0.0041000000
2007-04-13,0.0001589941,0.0001877934,0.0003916399,0.0006459838,0.0008592659,0.0010983621,0.0016581293,0.0022134437,0.0028646072,0.0029349183,0.0038387237
2007-04-12,0.0001589941,0.0001877934,0.0003916399,0.0006398804,0.0008554410,0.0010983621,0.0016637030,0.0022134437,0.0028646072,0.0029105694,0.0038387237
2007-04-11,0.0001589941,0.0001952528,0.0003883885,0.0006299917,0.0008490473,0.0010983621,0.0016584708,0.0022297558,0.0028646072,0.0029105694,0.0039709790
2007-04-10,0.0001585668,0.0001978622,0.0003898114,0.0006428329,0.0008595929,0.0011026975,0.0017057423,0.0022676130,0.0029029425,0.0029105694,0.0035791667
2007-04-09,0.0001585668,0.0002147399,0.0003873540,0.0006309112,0.0008482948,0.0010935697,0.0017033797,0.0022586876,0.0027971803,0.0029105694,0.0035791667
2007-04-06,0.0001585668,0.0002147399,0.0003873540,0.0006353954,0.0008557991,0.0011045185,0.0017033797,0.0022572581,0.0028577443,0.0029105694,0.0037222914
2007-04-05,0.0001585668,0.0002160483,0.0003898304,0.0006353954,0.0008560432,0.0011045185,0.0017056944,0.0022618053,0.0028577443,0.0029105694,0.0037222914
2007-04-04,0.0001585668,0.0002214552,0.0003943103,0.0006361279,0.0008583819,0.0011086505,0.0017115183,0.0022695811,0.0027971803,0.0029034615,0.0040703191
2007-04-03,0.0001585668,0.0002289471,0.0003943103,0.0006357427,0.0008638275,0.0011228014,0.0017156599,0.0022757429,0.0029029425,0.0031380217,0.0044500000
2007-04-02,0.0001585668,0.0002317378,0.0004081229,0.0006362099,0.0008589137,0.0011086161,0.0017104915,0.0022730877,0.0029029425,0.0029034615,0.0041486738
2007-03-30,0.0001690511,0.0002253212,0.0004086849,0.0006171418,0.0008415393,0.0010964749,0.0017093987,0.0022752395,0.0029006510,0.0030521943,0.0039973475
2007-03-29,0.0001690511,0.0002264625,0.0004094231,0.0006223519,0.0008483620,0.0011043673,0.0017052323,0.0022864794,0.0029006510,0.0030521943,0.0039973475
2007-03-28,0.0001690511,0.0002253690,0.0004081520,0.0006185919,0.0008459205,0.0011040645,0.0016791521,0.0023490500,0.0029506510,0.0030381750,0.0036973475
2007-03-27,0.0001693901,0.0002303516,0.0004006303,0.0006216003,0.0008452423,0.0010963344,0.0016585004,0.0022477474,0.0028490941,0.0032353344,0.0036223475
2007-03-26,0.0001693901,0.0002539037,0.0004176928,0.0006281993,0.0008567501,0.0011139225,0.0016059338,0.0022361620,0.0029140246,0.0033263705,0.0036723475
2007-03-23,0.0001854374,0.0002479814,0.0004310525,0.0006310692,0.0008728474,0.0011502602,0.0016681604,0.0022756490,0.0030806298,0.0031494744,0.0037223475
2007-03-22,0.0001973853,0.0002980000,0.0004556520,0.0006878367,0.0009331711,0.0012055520,0.0018043066,0.0024568267,0.0028765857,0.0032694908,0.0037564432
2007-03-21,0.0001925861,0.0002890630,0.0004568355,0.0007047474,0.0009528252,0.0012260100,0.0017503066,0.0024074933,0.0030321728,0.0034470387,0.0038500000
2007-03-20,0.0002005324,0.0003005185,0.0004405917,0.0006742369,0.0009198475,0.0011936373,0.0017233323,0.0023909033,0.0028087535,0.0032492992,0.0038000000
2007-03-19,0.0001908958,0.0002633994,0.0004123031,0.0006464568,0.0008793543,0.0011370874,0.0017014900,0.0023342755,0.0027091667,0.0031785703,0.0031000000
2007-03-16,0.0001908958,0.0002585101,0.0004180897,0.0006607158,0.0009000694,0.0011649175,0.0017453583,0.0023923943,0.0032443970,0.0032354896,0.0037000000
2007-03-15,0.0001766111,0.0002415861,0.0004282460,0.0006587044,0.0009006027,0.0011691926,0.0017550979,0.0024088440,0.0027158903,0.0032051479,0.0036500000
2007-03-14,0.0001766111,0.0002406846,0.0004325308,0.0006642963,0.0009090065,0.0011804149,0.0018039906,0.0024887818,0.0032500000,0.0032279193,0.0038000000
2007-03-13,0.0001558333,0.0002370904,0.0004528865,0.0006539574,0.0009033597,0.0011835504,0.0018331316,0.0024938576,0.0031132566,0.0032488870,0.0038309028
2007-03-12,0.0001558333,0.0002468300,0.0004610028,0.0006756732,0.0009206531,0.0011891111,0.0018353805,0.0024929403,0.0031132566,0.0032755482,0.0038309028
2007-03-09,0.0002164947,0.0002556298,0.0004705112,0.0006847474,0.0009238465,0.0011808334,0.0018743548,0.0024985033,0.0031132566,0.0032681504,0.0038471354
2007-03-08,0.0002164947,0.0002582665,0.0004689691,0.0006560157,0.0009041024,0.0011797574,0.0018206010,0.0024655815,0.0030969468,0.0032876351,0.0037750000
2007-03-07,0.0002164947,0.0002951687,0.0004852583,0.0007106700,0.0009451530,0.0011894885,0.0018170139,0.0024505297,0.0030221085,0.0032787002,0.0033863464
2007-03-06,0.0002164947,0.0002975248,0.0004839728,0.0006993456,0.0009478347,0.0012149255,0.0018010878,0.0024548427,0.0030026293,0.0032494815,0.0032011528
2007-03-05,0.0002287666,0.0003140145,0.0004965187,0.0006982634,0.0009525200,0.0012281672,0.0018009552,0.0024503181,0.0031214104,0.0033950742,0.0033317394
2007-03-02,0.0002398272,0.0003024017,0.0005293333,0.0006846479,0.0009368618,0.0012110572,0.0017534216,0.0024474246,0.0031186934,0.0033738688,0.0029666667
2007-03-01,0.0002285590,0.0003055438,0.0005036235,0.0007073778,0.0009655916,0.0012444249,0.0018399929,0.0025342768,0.0030011643,0.0033957925,0.0032000000
2007-02-28,0.0001908958,0.0002813726,0.0004948464,0.0007329226,0.0010025393,0.0012939878,0.0019281157,0.0026424067,0.0032436393,0.0033957925,0.0039123216
2007-02-27,0.0002134958,0.0002880804,0.0004907316,0.0007245525,0.0009866824,0.0012671344,0.0019124197,0.0026424067,0.0032123156,0.0034136889,0.0039545671
2007-02-26,0.0002077018,0.0002880804,0.0004908008,0.0007270317,0.0009919003,0.0012754774,0.0019233043,0.0026424067,0.0031895617,0.0034017580,0.0038348475
2007-02-23,0.0002077018,0.0002880804,0.0004908008,0.0007196044,0.0009848659,0.0012697047,0.0019163475,0.0026424067,0.0031219662,0.0033546225,0.0037488861
2007-02-22,0.0002231422,0.0002652046,0.0004729822,0.0007122544,0.0009791768,0.0012673067,0.0019080022,0.0025285513,0.0032496742,0.0033769646,0.0037061215
2007-02-21,0.0002259583,0.0002997929,0.0004821153,0.0007634475,0.0010272782,0.0013006005,0.0019424441,0.0025382655,0.0026693495,0.0034962019,0.0037061215
2007-02-20,0.0002582312,0.0003408526,0.0005237863,0.0008007257,0.0010719294,0.0013494222,0.0019757813,0.0026067558,0.0033526742,0.0036628722,0.0044000000
2007-02-19,0.0002582312,0.0003518907,0.0005264647,0.0008104653,0.0010820404,0.0013577009,0.0019837117,0.0026248143,0.0032852143,0.0036628722,0.0044000000
2007-02-16,0.0002582312,0.0003518907,0.0005264647,0.0008104653,0.0010823490,0.0013577009,0.0020260525,0.0026248143,0.0032852143,0.0036828722,0.0044000000
2007-02-15,0.0002582312,0.0003518907,0.0005362043,0.0008016111,0.0010799411,0.0013658172,0.0020510589,0.0026200416,0.0032543044,0.0036289809,0.0043902826
2007-02-14,0.0002761311,0.0003563178,0.0005361338,0.0007964942,0.0010768774,0.0013660240,0.0020510589,0.0026200416,0.0031251669,0.0036289809,0.0046536508
2007-02-13,0.0002761311,0.0003518907,0.0005328345,0.0008046105,0.0010770587,0.0013697130,0.0020267992,0.0026147190,0.0032791403,0.0036628722,0.0045036508
2007-02-12,0.0002761311,0.0003513373,0.0005328345,0.0008046105,0.0010770587,0.0013533206,0.0020267992,0.0026147190,0.0032543044,0.0036433931,0.0045036508
2007-02-09,0.0002761311,0.0003514216,0.0005196409,0.0007948710,0.0010774236,0.0013490622,0.0020329270,0.0026233523,0.0032484606,0.0036633931,0.0045036508
2007-02-08,0.0002761311,0.0003514216,0.0005117971,0.0007936941,0.0010773995,0.0013531907,0.0020572760,0.0026152359,0.0032299554,0.0036433931,0.0044536508
2007-02-07,0.0002684577,0.0003333721,0.0005150247,0.0007767873,0.0010676387,0.0013550782,0.0020479427,0.0026334651,0.0033003614,0.0035719745,0.0046472369
2007-02-06,0.0002684577,0.0003349316,0.0005171939,0.0007712357,0.0010676387,0.0013469619,0.0020369635,0.0026275328,0.0032352530,0.0036289809,0.0047309841
2007-02-05,0.0002684577,0.0003299633,0.0005260481,0.0007612357,0.0010676387,0.0013469619,0.0020376593,0.0026698637,0.0032685864,0.0036539809,0.0047309841
2007-02-02,0.0002626140,0.0003328297,0.0005326878,0.0007549930,0.0010730674,0.0013499656,0.0020076698,0.0026286668,0.0032685864,0.0036789809,0.0045324329
2007-02-01,0.0002626140,0.0003244964,0.0005326878,0.0007515842,0.0010730674,0.0013453077,0.0020042477,0.0026240541,0.0032353272,0.0036539809,0.0045324329
2007-01-31,0.0002755656,0.0003341855,0.0005304959,0.0007629458,0.0010730674,0.0013555177,0.0020294031,0.0026575864,0.0032353272,0.0037200416,0.0046073015
2007-01-30,0.0002755656,0.0003249833,0.0005436355,0.0007687789,0.0010730674,0.0013525997,0.0020611157,0.0026599703,0.0031813843,0.0037507651,0.0051092000
2007-01-29,0.0002755656,0.0003237744,0.0005436355,0.0007609873,0.0010730674,0.0013487470,0.0020714616,0.0026715068,0.0033043941,0.0037301805,0.0046073015
2007-01-26,0.0002755656,0.0003281019,0.0005475313,0.0007609224,0.0010821224,0.0013519088,0.0020336367,0.0026753304,0.0033137573,0.0037658390,0.0046073015
2007-01-25,0.0002755656,0.0003439963,0.0005569467,0.0007689472,0.0010821224,0.0013465461,0.0020860369,0.0027029861,0.0032303229,0.0038325056,0.0050773333
2007-01-24,0.0002755656,0.0003439963,0.0005666863,0.0007852515,0.0010942969,0.0013778305,0.0020823347,0.0027009780,0.0031969896,0.0037174317,0.0045773333
2007-01-23,0.0002755656,0.0003439963,0.0005618165,0.0007977506,0.0010821224,0.0013542554,0.0020736576,0.0027067321,0.0031969896,0.0037252907,0.0045423710
2007-01-22,0.0002755656,0.0003359581,0.0005624627,0.0007960214,0.0010825664,0.0013493381,0.0020633351,0.0026830642,0.0036046295,0.0037696979,0.0041250000
2007-01-19,0.0002755656,0.0003370403,0.0005624627,0.0007969204,0.0010825664,0.0013638882,0.0020612416,0.0027007725,0.0037206922,0.0034302813,0.0039783854
2007-01-18,0.0002755656,0.0003317468,0.0005615372,0.0008024581,0.0010703919,0.0013723469,0.0020750588,0.0027067142,0.0035396990,0.0035970599,0.0037250000
2007-01-17,0.0002645938,0.0003257863,0.0005645786,0.0007773938,0.0010772113,0.0013694119,0.0020666178,0.0027388348,0.0035961619,0.0033576452,0.0039432992
2007-01-16,0.0002823618,0.0003193976,0.0005691346,0.0007831546,0.0010772113,0.0013741287,0.0020586380,0.0027288355,0.0036379629,0.0035560000,0.0037969100
2007-01-15,0.0002823618,0.0003193976,0.0005691346,0.0007743004,0.0010493839,0.0013652746,0.0020331786,0.0027286584,0.0035396990,0.0036413056,0.0036255749
2007-01-12,0.0002823618,0.0003193976,0.0005691346,0.0007788128,0.0010493839,0.0013384753,0.0020469226,0.0027346035,0.0036046295,0.0035085048,0.0036922415
2007-01-11,0.0002647532,0.0003112813,0.0005610183,0.0007792175,0.0010493839,0.0013527654,0.0020226565,0.0027264330,0.0036046295,0.0034760396,0.0037969100
2007-01-10,0.0002823618,0.0003088464,0.0005628445,0.0007741896,0.0010632976,0.0013592133,0.0020294510,0.0027649585,0.0035278686,0.0034760396,0.0037969100
2007-01-09,0.0002507609,0.0003135585,0.0005665610,0.0007840421,0.0010764791,0.0013592133,0.0020207382,0.0027161127,0.0035278686,0.0035085048,0.0036922415
2007-01-08,0.0002349396,0.0003116628,0.0005631877,0.0007991841,0.0010678419,0.0013711871,0.0020176758,0.0027396095,0.0035763304,0.0036951475,0.0038094100
2007-01-05,0.0002349396,0.0003113915,0.0005616744,0.0008017961,0.0010818934,0.0013657160,0.0020334346,0.0026985174,0.0035763304,0.0036917557,0.0033714531
2007-01-04,0.0002268233,0.0003165905,0.0005581959,0.0007935174,0.0010632378,0.0013583669,0.0020167105,0.0026984371,0.0035891559,0.0042000000,0.0038214531
2007-01-03,0.0002268233,0.0003165905,0.0005581959,0.0008011731,0.0010498697,0.0013527797,0.0020279690,0.0028246067,0.0035891559,0.0037794215,0.0037188006
2007-01-02,0.0002112501,0.0003083650,0.0005565269,0.0008042834,0.0010554587,0.0013590524,0.0020278610,0.0027313052,0.0036409573,0.0036144909,0.0032558437
2007-01-01,0.0002079584,0.0003103080,0.0005575664,0.0008104873,0.0010365768,0.0013435537,0.0020744853,0.0027412674,0.0034087727,0.0036794215,0.0032838186
