Date,CR_CDS_SPREAD.05ABBF.EUR.SNRFOR.6M,CR_CDS_SPREAD.05ABBF.EUR.SNRFOR.1Y,CR_CDS_SPREAD.05ABBF.EUR.SNRFOR.2Y,CR_CDS_SPREAD.05ABBF.EUR.SNRFOR.3Y,CR_CDS_SPREAD.05ABBF.EUR.SNRFOR.4Y,CR_CDS_SPREAD.05ABBF.EUR.SNRFOR.5Y,CR_CDS_SPREAD.05ABBF.EUR.SNRFOR.7Y,CR_CDS_SPREAD.05ABBF.EUR.SNRFOR.10Y,CR_CDS_SPREAD.05ABBF.EUR.SNRFOR.15Y,CR_CDS_SPREAD.05ABBF.EUR.SNRFOR.20Y,CR_CDS_SPREAD.05ABBF.EUR.SNRFOR.30Y
2024-09-25,0.0020007100,0.0023414800,0.0029541300,0.0035609600,0.0041695700,0.0048074600,0.0060877000,0.0072469900,0.0081472400,0.0084167200,0.0084549900
2024-09-24,0.0019585600,0.0023023400,0.0029207100,0.0035318800,0.0041265100,0.0047647500,0.0060355600,0.0071834000,0.0080594000,0.0083248200,0.0083705000
2024-09-23,0.0019604000,0.0022976100,0.0029165600,0.0035288300,0.0041218100,0.0047566300,0.0060170500,0.0071588700,0.0080238400,0.0082913900,0.0083535900
2024-09-20,0.0018485900,0.0021647000,0.0027652800,0.0033525000,0.0039248700,0.0045268600,0.0057691500,0.0068746000,0.0076789300,0.0079264900,0.0079939800
2024-09-19,0.0015819000,0.0018709400,0.0024169000,0.0029610900,0.0035197900,0.0040646700,0.0053200700,0.0064286600,0.0072902300,0.0075321400,0.0075808800
2024-09-18,0.0016239500,0.0019245300,0.0024859200,0.0030374200,0.0035928500,0.0041546800,0.0054076800,0.0065348100,0.0073976700,0.0076562500,0.0076917900
2024-09-17,0.0016149100,0.0019285500,0.0024902900,0.0030298500,0.0035896700,0.0041438600,0.0054018700,0.0065226300,0.0073812900,0.0076389500,0.0076755000
2024-09-16,0.0016608500,0.0019743700,0.0025278800,0.0030732400,0.0036330400,0.0041808600,0.0054309200,0.0065704900,0.0074521100,0.0077117600,0.0077468400
2024-09-13,0.0016679300,0.0019816000,0.0025453500,0.0030866500,0.0036505400,0.0041956400,0.0054535600,0.0065903100,0.0074652000,0.0077237300,0.0077607400
2024-09-12,0.0017056700,0.0020207100,0.0025909400,0.0031372400,0.0037037700,0.0042676900,0.0055152500,0.0066518400,0.0075363900,0.0077836300,0.0078288000
2024-09-11,0.0017896800,0.0021124100,0.0026737400,0.0032161800,0.0037824300,0.0043431700,0.0055855900,0.0066962300,0.0075564700,0.0078148200,0.0078503200
2024-09-10,0.0017209000,0.0020411300,0.0025983800,0.0031545100,0.0037082600,0.0042755800,0.0055182600,0.0066470800,0.0075297800,0.0077746400,0.0078176700
2024-09-09,0.0017027100,0.0020166100,0.0025813200,0.0031380400,0.0036996200,0.0042483600,0.0055008800,0.0066375700,0.0075093700,0.0077713900,0.0078050500
2024-09-06,0.0017133600,0.0020252500,0.0025928500,0.0031440600,0.0037098400,0.0042636400,0.0055093200,0.0066368500,0.0075204400,0.0077804900,0.0078103900
2024-09-05,0.0017017200,0.0020133700,0.0025820200,0.0031360500,0.0037017300,0.0042523000,0.0055087800,0.0066363500,0.0075070200,0.0077658400,0.0078014300
2024-09-04,0.0017414600,0.0020599300,0.0026437000,0.0032068700,0.0037788100,0.0043482300,0.0055995800,0.0067262000,0.0076207000,0.0078679400,0.0079189400
2024-09-03,0.0016966300,0.0020060200,0.0025743600,0.0031262300,0.0036881400,0.0042442200,0.0054962200,0.0066107800,0.0074817500,0.0077272500,0.0077768500
2024-09-02,0.0016442000,0.0019501500,0.0025124300,0.0030608400,0.0036140200,0.0041710600,0.0054181700,0.0065383700,0.0073978100,0.0076565700,0.0076918100
2024-08-30,0.0016805100,0.0019937000,0.0025189100,0.0030346900,0.0035715700,0.0041029200,0.0053579100,0.0064401800,0.0072762400,0.0075298000,0.0075674400
2024-08-29,0.0016286600,0.0019331700,0.0024651900,0.0030105000,0.0035481800,0.0040866500,0.0053352100,0.0064663800,0.0073490900,0.0075923600,0.0076372600
2024-08-28,0.0016630900,0.0019712200,0.0024937900,0.0030081900,0.0035431000,0.0040788000,0.0053263100,0.0064622400,0.0073231500,0.0075800900,0.0076156800
2024-08-27,0.0016840200,0.0019939200,0.0025224700,0.0030364700,0.0035705600,0.0040924100,0.0053351400,0.0064543900,0.0073155900,0.0075711200,0.0076055300
2024-08-26,0.0016820200,0.0019931800,0.0025151100,0.0030458600,0.0035618500,0.0040801300,0.0053571400,0.0064372400,0.0072889700,0.0075459700,0.0075837400
2024-08-23,0.0016829600,0.0019941300,0.0025176600,0.0030409100,0.0035662900,0.0040880400,0.0053393000,0.0064447300,0.0072934100,0.0075486800,0.0075885500
2024-08-22,0.0017044600,0.0020294300,0.0025622700,0.0030820900,0.0036184800,0.0041507300,0.0053966000,0.0065050200,0.0073424700,0.0075863400,0.0076447300
2024-08-21,0.0016683300,0.0019761600,0.0025249900,0.0030778300,0.0036350300,0.0041751600,0.0054260600,0.0065549300,0.0073790700,0.0076366300,0.0076877300
2024-08-20,0.0017348400,0.0020507600,0.0025909100,0.0031359400,0.0036853300,0.0042143500,0.0054590700,0.0065801600,0.0073703900,0.0076096300,0.0076793200
2024-08-19,0.0016972200,0.0020123000,0.0025576000,0.0031222600,0.0036754600,0.0042110000,0.0054439300,0.0066074600,0.0072819000,0.0075179900,0.0076072600
2024-08-16,0.0017488900,0.0020572600,0.0026148700,0.0031752700,0.0037386600,0.0042809900,0.0055077600,0.0066987100,0.0073660600,0.0076155700,0.0076956100
2024-08-15,0.0018053900,0.0021209800,0.0026914500,0.0032648800,0.0038478600,0.0043929200,0.0056211200,0.0068415100,0.0075534900,0.0077906800,0.0078799100
2024-08-14,0.0019153600,0.0022489400,0.0028420400,0.0034348400,0.0040401800,0.0046202700,0.0058482900,0.0070739700,0.0077745000,0.0080099900,0.0081003900
2024-08-13,0.0019869400,0.0023270900,0.0029391100,0.0035567200,0.0041841100,0.0047660500,0.0059789500,0.0072420200,0.0079324500,0.0081703100,0.0082633500
2024-08-12,0.0019628800,0.0022981500,0.0029048300,0.0035227200,0.0041419400,0.0047025200,0.0059432500,0.0072085300,0.0079215100,0.0081574200,0.0082450700
2024-08-09,0.0019996000,0.0023392500,0.0029425600,0.0035527700,0.0041726700,0.0047392500,0.0059984400,0.0072273300,0.0079161100,0.0081524000,0.0082424800
2024-08-08,0.0020170400,0.0023497100,0.0029567700,0.0035849000,0.0042087000,0.0047906000,0.0060379500,0.0072618300,0.0079675700,0.0082052600,0.0082916400
2024-08-07,0.0020358000,0.0023790900,0.0029978600,0.0036254400,0.0042557600,0.0048457900,0.0061094700,0.0073320500,0.0080293700,0.0082806400,0.0083558100
2024-08-06,0.0021687600,0.0025282200,0.0031679400,0.0038114300,0.0044595800,0.0050680400,0.0063283600,0.0075705000,0.0082659500,0.0085060400,0.0085984400
2024-08-05,0.0022441100,0.0026062100,0.0032639600,0.0039413100,0.0046084200,0.0052391800,0.0065080700,0.0077089200,0.0083493000,0.0086024400,0.0087012700
2024-08-02,0.0020420700,0.0023747700,0.0029773600,0.0036039700,0.0042255300,0.0048334800,0.0060733000,0.0072673400,0.0079440700,0.0081940900,0.0082865300
2024-08-01,0.0018738400,0.0021958000,0.0027691700,0.0033617600,0.0039506400,0.0045250300,0.0057557300,0.0069312400,0.0075848800,0.0078202400,0.0079155700
2024-07-31,0.0017858300,0.0020961300,0.0026649200,0.0032553500,0.0038368200,0.0044000300,0.0056626400,0.0068029400,0.0074509800,0.0076880800,0.0077833900
2024-07-30,0.0018040400,0.0021141500,0.0026864300,0.0032777000,0.0038634200,0.0044323700,0.0056515000,0.0068376900,0.0074863600,0.0077354800,0.0078274200
2024-07-29,0.0017904700,0.0020999600,0.0026523300,0.0032201000,0.0037993800,0.0043714300,0.0055966900,0.0067639200,0.0074193800,0.0076549700,0.0077466300
2024-07-26,0.0018044500,0.0021172300,0.0026770600,0.0032429300,0.0038224000,0.0043771900,0.0055831000,0.0068037400,0.0074793300,0.0077299900,0.0078154800
2024-07-25,0.0018632600,0.0021820300,0.0027594600,0.0033367700,0.0039228800,0.0044846000,0.0056833800,0.0069081200,0.0075941400,0.0078456300,0.0079184600
2024-07-24,0.0018288600,0.0021454600,0.0027023200,0.0032767000,0.0038524800,0.0044144100,0.0056124800,0.0068312900,0.0075218400,0.0077713600,0.0078455100
2024-07-23,0.0017605400,0.0020698900,0.0026085100,0.0031710300,0.0037294700,0.0042952900,0.0054917900,0.0067058600,0.0073951000,0.0076302200,0.0077186800
2024-07-22,0.0017283300,0.0020348600,0.0025759200,0.0031173400,0.0036820300,0.0042346100,0.0054264500,0.0066473900,0.0073510000,0.0075873800,0.0076716700
2024-07-19,0.0017604700,0.0020685300,0.0026272500,0.0031871700,0.0037546800,0.0042995500,0.0054860600,0.0067173600,0.0074057700,0.0076559400,0.0077295500
2024-07-18,0.0017832900,0.0020970500,0.0026081900,0.0031504700,0.0037034800,0.0042277300,0.0054188700,0.0066359000,0.0073270000,0.0075634200,0.0076495900
2024-07-17,0.0017893100,0.0021025500,0.0026139600,0.0031399800,0.0036854000,0.0042290600,0.0054326600,0.0065981700,0.0072753700,0.0075232400,0.0075987400
2024-07-16,0.0017422800,0.0020523400,0.0025530500,0.0030736800,0.0036159100,0.0041440000,0.0053462600,0.0065222600,0.0071978600,0.0074313300,0.0075202900
2024-07-15,0.0017014600,0.0020069800,0.0025104300,0.0030276500,0.0035766900,0.0040981900,0.0052964500,0.0064875100,0.0071643400,0.0074000100,0.0074881300
2024-07-12,0.0016900000,0.0019913000,0.0025272200,0.0030728300,0.0036333400,0.0041736400,0.0053677500,0.0065866000,0.0072455000,0.0074967200,0.0075864100
2024-07-11,0.0017098800,0.0020124700,0.0025524900,0.0030953100,0.0036606300,0.0042115700,0.0053719800,0.0066237500,0.0072726400,0.0075231700,0.0076141500
2024-07-10,0.0017436700,0.0020573300,0.0025941500,0.0031507200,0.0037157800,0.0042792300,0.0054443100,0.0066784300,0.0073375400,0.0075861900,0.0076769600
2024-07-09,0.0017750100,0.0020775000,0.0026182300,0.0031690300,0.0037352700,0.0042939000,0.0054838700,0.0066793500,0.0073423700,0.0075734900,0.0076609000
2024-07-08,0.0016594800,0.0019585900,0.0024865300,0.0030193700,0.0035692600,0.0041043000,0.0053038800,0.0065060400,0.0071836000,0.0074178700,0.0075078900
2024-07-05,0.0017242200,0.0020367700,0.0025682700,0.0031183800,0.0036775600,0.0042232800,0.0054314200,0.0066315000,0.0073100300,0.0075445600,0.0076347500
2024-07-04,0.0017542900,0.0020620300,0.0025875300,0.0031182100,0.0036721100,0.0042037900,0.0054083800,0.0066124900,0.0072843100,0.0075160600,0.0076040300
2024-07-03,0.0017239900,0.0020283600,0.0025832200,0.0031448900,0.0037056000,0.0042614300,0.0054638100,0.0066984400,0.0073784000,0.0076135700,0.0077041800
2024-07-02,0.0018554600,0.0021716300,0.0027551600,0.0033316500,0.0039168000,0.0044892400,0.0057019500,0.0069256100,0.0076187200,0.0078535000,0.0079400400
2024-07-01,0.0019210200,0.0022471200,0.0028324700,0.0034117600,0.0040118500,0.0045920800,0.0058101900,0.0070699800,0.0077928400,0.0080290900,0.0081127500
2024-06-28,0.0022042700,0.0025672200,0.0032526400,0.0038920300,0.0045420200,0.0051776300,0.0063961900,0.0077063500,0.0084198800,0.0086599500,0.0087510800
2024-06-27,0.0021473100,0.0025038100,0.0031620600,0.0038007400,0.0044435000,0.0050598600,0.0063095200,0.0075732700,0.0082540000,0.0084935900,0.0085871800
2024-06-26,0.0021903200,0.0025428100,0.0032060900,0.0038419500,0.0044826200,0.0051239200,0.0063594800,0.0075929100,0.0082562100,0.0085083300,0.0086026900
2024-06-25,0.0021598800,0.0025148500,0.0031708200,0.0038044300,0.0044442300,0.0050817500,0.0063050200,0.0075417100,0.0082065400,0.0084425300,0.0085363100
2024-06-24,0.0021648700,0.0025130600,0.0031696100,0.0038053100,0.0044390600,0.0050804800,0.0062991900,0.0075334500,0.0082065000,0.0084431700,0.0085362500
2024-06-21,0.0022416300,0.0026059800,0.0032805200,0.0039250900,0.0045751300,0.0052301500,0.0064506400,0.0076832400,0.0083506700,0.0085882800,0.0086836200
2024-06-20,0.0021827800,0.0025321900,0.0032027900,0.0038239100,0.0044633000,0.0051040000,0.0063163500,0.0075779800,0.0082702700,0.0085097600,0.0086012700
2024-06-19,0.0021487400,0.0025045200,0.0031651800,0.0037892100,0.0044160500,0.0050442600,0.0063075800,0.0075248500,0.0082284500,0.0084822900,0.0085712200
2024-06-18,0.0020774500,0.0024170100,0.0030530800,0.0036721400,0.0042979700,0.0049137300,0.0061431500,0.0073879000,0.0080728300,0.0083263800,0.0084040200
2024-06-17,0.0022346000,0.0025992700,0.0032841500,0.0039241400,0.0045769500,0.0052254900,0.0064407400,0.0076873400,0.0083553000,0.0086085300,0.0087045400
2024-06-14,0.0022718800,0.0026287900,0.0032985900,0.0039252900,0.0045619400,0.0052015600,0.0064081500,0.0076439300,0.0082624200,0.0085014000,0.0086046600
2024-06-13,0.0019475900,0.0022675200,0.0028537600,0.0034314800,0.0040284200,0.0046099000,0.0058612500,0.0070672200,0.0077056000,0.0079552300,0.0080476900
2024-06-12,0.0017697800,0.0020861500,0.0026275800,0.0031743900,0.0037525500,0.0043274700,0.0055669900,0.0067714300,0.0074310500,0.0076849400,0.0077817400
2024-06-11,0.0018746600,0.0021879100,0.0027605200,0.0033233900,0.0039171600,0.0045064800,0.0057462800,0.0069528000,0.0076287000,0.0078683500,0.0079611600
2024-06-10,0.0017088300,0.0020000300,0.0025299300,0.0030669300,0.0036329700,0.0041913700,0.0054250600,0.0066041500,0.0072357500,0.0074847900,0.0075658700
2024-06-07,0.0014967500,0.0017775800,0.0022977800,0.0028285500,0.0034008900,0.0039592000,0.0051877100,0.0063364100,0.0069948200,0.0072222600,0.0073037700
2024-06-06,0.0014612300,0.0017328900,0.0022787600,0.0028379400,0.0034398200,0.0040225100,0.0053079700,0.0064729300,0.0071506900,0.0073830400,0.0074666400
2024-06-05,0.0015175000,0.0017872800,0.0023145100,0.0028519400,0.0034314500,0.0039968600,0.0052403100,0.0064020100,0.0070917500,0.0073222200,0.0074023900
2024-06-04,0.0014980100,0.0017704100,0.0022896300,0.0028191800,0.0033898700,0.0039467600,0.0051747300,0.0063228200,0.0069880000,0.0072144300,0.0072944800
2024-06-03,0.0016185700,0.0019228300,0.0024144400,0.0029012200,0.0034157400,0.0039158500,0.0051003500,0.0063438500,0.0070192700,0.0072488200,0.0073311000
2024-05-31,0.0016297000,0.0019321200,0.0024187300,0.0029028500,0.0034267800,0.0039247200,0.0051056200,0.0063504300,0.0070241900,0.0072533300,0.0073342800
2024-05-30,0.0016412900,0.0019464600,0.0024146200,0.0029083600,0.0034294100,0.0039451500,0.0051757900,0.0063395100,0.0069998900,0.0072446400,0.0073104900
2024-05-29,0.0016020500,0.0019016300,0.0023965900,0.0028840600,0.0034127000,0.0039126700,0.0050999300,0.0063224300,0.0070052100,0.0072328600,0.0073093800
2024-05-28,0.0014858500,0.0017652400,0.0022460700,0.0027652500,0.0033270500,0.0038574400,0.0050908200,0.0062009100,0.0068795900,0.0071048300,0.0071814200
2024-05-27,0.0016278600,0.0019298500,0.0023379200,0.0028290800,0.0033389800,0.0038903800,0.0051210600,0.0061893300,0.0068608500,0.0071010100,0.0071760500
2024-05-24,0.0016187900,0.0019190300,0.0023534400,0.0028403400,0.0033647700,0.0038849400,0.0050698600,0.0063019200,0.0069818200,0.0072263600,0.0073035500
2024-05-23,0.0016075900,0.0019049400,0.0023576800,0.0028306000,0.0033606600,0.0038873600,0.0050937300,0.0063210600,0.0070122000,0.0072571800,0.0073322500
2024-05-22,0.0016156100,0.0019149700,0.0023975900,0.0028948100,0.0034076500,0.0039304900,0.0051787200,0.0062607100,0.0069098700,0.0071526100,0.0072174700
2024-05-21,0.0016238100,0.0019266400,0.0023958500,0.0028982800,0.0034100800,0.0039304800,0.0051801200,0.0062611600,0.0068928700,0.0071185000,0.0072035600
2024-05-20,0.0015106700,0.0017906900,0.0023097100,0.0028190300,0.0033727200,0.0039164600,0.0051962300,0.0062887100,0.0069071100,0.0071329600,0.0072192000
2024-05-17,0.0016499200,0.0019440300,0.0024283300,0.0029087800,0.0034497400,0.0039469200,0.0051522800,0.0063962900,0.0070383200,0.0072672400,0.0073522900
2024-05-16,0.0015443100,0.0018305300,0.0023365000,0.0028335800,0.0034071100,0.0039290800,0.0051385800,0.0063541300,0.0069974700,0.0072256900,0.0073109500
2024-05-15,0.0015472300,0.0018319200,0.0023553400,0.0028713400,0.0034399900,0.0039814100,0.0051776000,0.0064061300,0.0070553400,0.0072853300,0.0073728900
2024-05-14,0.0016870900,0.0019951400,0.0024850300,0.0029792400,0.0035219500,0.0040329800,0.0051996600,0.0064709900,0.0071182900,0.0073486100,0.0074345200
2024-05-13,0.0016790500,0.0019843900,0.0024757800,0.0029755900,0.0035113100,0.0040368800,0.0052800200,0.0063989400,0.0070153900,0.0072431700,0.0073315100
2024-05-10,0.0016838200,0.0019896300,0.0024587600,0.0029508900,0.0034937200,0.0040124000,0.0052114500,0.0064549400,0.0070953900,0.0073267700,0.0074126100
2024-05-09,0.0017000800,0.0020074400,0.0025124400,0.0030021200,0.0035555800,0.0040656200,0.0052516900,0.0065007300,0.0071256600,0.0073715000,0.0074577000
2024-05-08,0.0016327400,0.0019268400,0.0024499500,0.0029612700,0.0035354900,0.0040742600,0.0052729200,0.0064974800,0.0071358400,0.0073799800,0.0074655800
2024-05-07,0.0017100000,0.0020182600,0.0025267600,0.0030171400,0.0035675900,0.0040964900,0.0052719800,0.0065173600,0.0071534800,0.0073867800,0.0074768600
2024-05-06,0.0017237500,0.0020405600,0.0025225000,0.0030029600,0.0035839000,0.0041328600,0.0053587500,0.0064916200,0.0070980700,0.0073455600,0.0074363400
2024-05-03,0.0017144500,0.0020285100,0.0025269300,0.0030290900,0.0035931000,0.0041444100,0.0053676700,0.0065052600,0.0071174400,0.0073653800,0.0074562800
2024-05-02,0.0017722000,0.0020831100,0.0026157600,0.0031411600,0.0037107900,0.0042592500,0.0054580800,0.0066894500,0.0073308300,0.0075812700,0.0076718900
2024-05-01,0.0017489800,0.0020523900,0.0025918900,0.0031141700,0.0037017100,0.0042910700,0.0055081800,0.0066443100,0.0072970400,0.0075316800,0.0076189500
2024-04-30,0.0017644800,0.0020740700,0.0025942100,0.0031105600,0.0036655600,0.0042186900,0.0054177300,0.0065994200,0.0072318400,0.0074783100,0.0075657600
2024-04-29,0.0017004700,0.0020017200,0.0025367000,0.0030732300,0.0036385100,0.0042093800,0.0054164900,0.0066031400,0.0072671000,0.0075004200,0.0075876200
2024-04-26,0.0017160300,0.0020210100,0.0025661100,0.0030802000,0.0036625600,0.0042389800,0.0054473500,0.0066188300,0.0072772500,0.0075101700,0.0075979200
2024-04-25,0.0017760100,0.0020958800,0.0026226700,0.0031444200,0.0037265600,0.0043025000,0.0054962900,0.0066827000,0.0073321100,0.0075638100,0.0076499000
2024-04-24,0.0017774200,0.0020966400,0.0026172400,0.0031285000,0.0036944200,0.0042556100,0.0054594500,0.0066558600,0.0073084500,0.0075395600,0.0076235300
2024-04-23,0.0017881300,0.0021019200,0.0026203000,0.0031370900,0.0037061600,0.0042805700,0.0054736300,0.0066689500,0.0073240000,0.0075562200,0.0076429800
2024-04-22,0.0017964000,0.0021152500,0.0026622500,0.0032018300,0.0037902800,0.0043812500,0.0056000200,0.0067882500,0.0074467300,0.0076812300,0.0077697100
2024-04-19,0.0018910900,0.0022095400,0.0027575900,0.0033047300,0.0038922900,0.0044933200,0.0057176100,0.0068828300,0.0075337500,0.0077673300,0.0078565000
2024-04-18,0.0018554600,0.0021791500,0.0027333500,0.0032709100,0.0038578800,0.0044465300,0.0056557700,0.0068425300,0.0074824900,0.0077159600,0.0078052600
2024-04-17,0.0018975100,0.0022150000,0.0027774500,0.0033211900,0.0039104200,0.0045026800,0.0057206400,0.0069355400,0.0076142100,0.0078521400,0.0079390400
2024-04-16,0.0018902300,0.0022071400,0.0027579000,0.0033157100,0.0039257400,0.0045236600,0.0057411800,0.0069494000,0.0076159700,0.0078665100,0.0079509300
2024-04-15,0.0018059100,0.0021137600,0.0026587400,0.0031966600,0.0037935100,0.0043787800,0.0055845500,0.0067800000,0.0074361300,0.0076847400,0.0077702000
2024-04-12,0.0018267200,0.0021444800,0.0026658100,0.0031842700,0.0037553000,0.0043344700,0.0055162800,0.0067081900,0.0073858900,0.0076215700,0.0077108500
2024-04-11,0.0017648700,0.0020736100,0.0025897600,0.0031016000,0.0036667400,0.0042172400,0.0054017700,0.0065939700,0.0072528000,0.0074888900,0.0075766500
2024-04-10,0.0017304000,0.0020364700,0.0025384500,0.0030445300,0.0036085800,0.0041539200,0.0053566600,0.0065610100,0.0071978000,0.0074485700,0.0075376800
2024-04-09,0.0017246100,0.0020276800,0.0025170500,0.0030219600,0.0036172600,0.0041606900,0.0053871200,0.0066079200,0.0072739000,0.0075230300,0.0076095900
2024-04-08,0.0017125800,0.0020124400,0.0024583600,0.0029914300,0.0036361500,0.0041747100,0.0054597200,0.0066860000,0.0073591700,0.0075953800,0.0076833800
2024-04-05,0.0017700400,0.0020815900,0.0025698500,0.0030739200,0.0036928000,0.0042342300,0.0055234600,0.0068256700,0.0075160600,0.0077572400,0.0078469400
2024-04-04,0.0016799100,0.0019784200,0.0024732400,0.0030033100,0.0036461700,0.0042030700,0.0055916800,0.0067997600,0.0074847800,0.0077277000,0.0078201800
2024-04-03,0.0017095900,0.0020103100,0.0025215900,0.0030558900,0.0036648300,0.0042623100,0.0055311400,0.0067298100,0.0074073200,0.0076477400,0.0077355500
2024-04-02,0.0017128100,0.0020123000,0.0025065000,0.0030400100,0.0036409200,0.0042420500,0.0054959200,0.0066943300,0.0073493100,0.0076011500,0.0076756300
2024-04-01,0.0016820200,0.0019780000,0.0024618800,0.0030002500,0.0036191600,0.0042217800,0.0054653000,0.0066506000,0.0072811100,0.0075330500,0.0076262200
2024-03-29,0.0016839300,0.0019805100,0.0024675600,0.0030061300,0.0036251200,0.0042279200,0.0054754700,0.0066641100,0.0072962200,0.0075486300,0.0076420600
2024-03-28,0.0016961700,0.0019946100,0.0025053500,0.0030457100,0.0036641700,0.0042678900,0.0055431700,0.0067571300,0.0074021200,0.0076561700,0.0077507600
2024-03-27,0.0017013500,0.0019980300,0.0025137000,0.0030538300,0.0036698800,0.0042762300,0.0055782300,0.0067835700,0.0074578900,0.0076986400,0.0077914500
2024-03-26,0.0017558200,0.0020722100,0.0025774200,0.0031133700,0.0036752300,0.0042495700,0.0055210900,0.0067762700,0.0074514600,0.0076938900,0.0077832700
2024-03-25,0.0017236100,0.0020456500,0.0025509600,0.0030873800,0.0036779100,0.0042803900,0.0055524300,0.0067510800,0.0074264200,0.0076806100,0.0077561700
2024-03-22,0.0017568400,0.0020847800,0.0025820400,0.0031312200,0.0037262700,0.0043199500,0.0055778100,0.0067805700,0.0074366200,0.0076883300,0.0077794400
2024-03-21,0.0017286100,0.0020377800,0.0025282900,0.0030580900,0.0036366600,0.0042245400,0.0054671900,0.0066513200,0.0073164300,0.0075526600,0.0076413300
2024-03-20,0.0017799600,0.0020894200,0.0025824100,0.0031210300,0.0036876900,0.0042712500,0.0054654600,0.0066340200,0.0073105800,0.0075448700,0.0076307000
2024-03-19,0.0016596400,0.0019767800,0.0023780800,0.0028860200,0.0034295000,0.0039811400,0.0051913300,0.0063684900,0.0070544100,0.0072813400,0.0073590400
2024-03-18,0.0014908300,0.0017746700,0.0022495600,0.0027712700,0.0033748900,0.0039575600,0.0052105000,0.0065081500,0.0071989500,0.0074316500,0.0075121300
2024-03-15,0.0015926600,0.0018949900,0.0023537100,0.0028655400,0.0034292400,0.0039863700,0.0052045100,0.0063734700,0.0070712100,0.0072982100,0.0073721500
2024-03-14,0.0016560500,0.0019682300,0.0024439600,0.0029373900,0.0034748800,0.0039764700,0.0051656400,0.0064079200,0.0071208700,0.0073497500,0.0074109400
2024-03-13,0.0016129300,0.0019151000,0.0023888900,0.0028944400,0.0034451800,0.0039782200,0.0051751700,0.0064142900,0.0071390300,0.0073688100,0.0074419800
2024-03-12,0.0016437800,0.0019479100,0.0024590400,0.0029814200,0.0035301000,0.0040658200,0.0052515800,0.0065117500,0.0072420100,0.0074746100,0.0075468500
2024-03-11,0.0017250400,0.0020527900,0.0025410900,0.0030468000,0.0035963000,0.0041250000,0.0052876000,0.0065840200,0.0073047800,0.0075518000,0.0076115600
2024-03-08,0.0017219900,0.0020448600,0.0025251100,0.0030357400,0.0035940300,0.0041288200,0.0053068800,0.0065610600,0.0072745100,0.0075191400,0.0075819700
2024-03-07,0.0017578000,0.0020721400,0.0025386700,0.0030445400,0.0036188100,0.0041559000,0.0053428400,0.0066082200,0.0073232000,0.0075555700,0.0076307400
2024-03-06,0.0017275300,0.0020329800,0.0025514100,0.0030851500,0.0036606800,0.0042189100,0.0053854100,0.0066554100,0.0073612400,0.0076054500,0.0076690900
2024-03-05,0.0018137900,0.0021324400,0.0026343900,0.0031692800,0.0037161800,0.0042651300,0.0054228300,0.0067199800,0.0074322700,0.0076629400,0.0077411700
2024-03-04,0.0017953100,0.0021119800,0.0026031600,0.0031227400,0.0036891000,0.0042512100,0.0054280800,0.0067114100,0.0074349700,0.0076667000,0.0077418500
2024-03-01,0.0017046400,0.0020054700,0.0025066600,0.0030493300,0.0036540300,0.0042699900,0.0055268200,0.0067884400,0.0075091400,0.0077560600,0.0078324900
2024-02-29,0.0017754400,0.0020932400,0.0026001700,0.0031396900,0.0037123500,0.0043048700,0.0054731900,0.0067388500,0.0074509500,0.0076817600,0.0077607800
2024-02-28,0.0017625400,0.0020852300,0.0026141100,0.0031464500,0.0037196200,0.0042940500,0.0054441900,0.0067053500,0.0074131400,0.0076409100,0.0077155000
2024-02-27,0.0017617000,0.0020746400,0.0025794300,0.0031275900,0.0036878900,0.0042731200,0.0054262700,0.0066659800,0.0073948200,0.0076220500,0.0076927700
2024-02-26,0.0017507100,0.0020727200,0.0025784600,0.0031194300,0.0036940800,0.0042509700,0.0054257700,0.0066979900,0.0074320700,0.0076634500,0.0077354000
2024-02-23,0.0017612200,0.0020851300,0.0025533900,0.0031009400,0.0036769400,0.0042389100,0.0054181200,0.0067158300,0.0075046000,0.0077388200,0.0078050900
2024-02-22,0.0017847800,0.0021141600,0.0026050100,0.0031473300,0.0037264100,0.0042943900,0.0054544100,0.0067298100,0.0074593300,0.0077060500,0.0077636300
2024-02-21,0.0018236300,0.0021571600,0.0026993300,0.0032573300,0.0038353000,0.0044119400,0.0055804200,0.0068756300,0.0076451600,0.0078884600,0.0079414600
2024-02-20,0.0017263400,0.0020398600,0.0025915800,0.0031643800,0.0037883200,0.0044036400,0.0056856100,0.0069509200,0.0077420400,0.0079722100,0.0080374800
2024-02-19,0.0017607200,0.0020886400,0.0026582200,0.0032183000,0.0038412100,0.0044348800,0.0056722800,0.0070161300,0.0078156200,0.0080480900,0.0081136900
2024-02-16,0.0018676300,0.0022146200,0.0027461700,0.0032892700,0.0038679400,0.0044387500,0.0056048500,0.0069336400,0.0077288300,0.0079586000,0.0080224800
2024-02-15,0.0019117500,0.0022701200,0.0027778400,0.0033450400,0.0039247600,0.0045205100,0.0056829100,0.0069407700,0.0077354900,0.0079639000,0.0080283000
2024-02-14,0.0019375400,0.0022989100,0.0028347400,0.0033952800,0.0039609400,0.0045437500,0.0056575100,0.0069250600,0.0076861600,0.0079135700,0.0079815000
2024-02-13,0.0019396900,0.0023020900,0.0028437200,0.0034020200,0.0039747400,0.0045605700,0.0056757100,0.0069443200,0.0077001800,0.0079278900,0.0079969000
2024-02-12,0.0019610000,0.0023158500,0.0028654900,0.0034263100,0.0040029600,0.0045869200,0.0057069400,0.0069725200,0.0077224300,0.0079496000,0.0080187800
2024-02-09,0.0020173600,0.0023915600,0.0029340900,0.0034840500,0.0040528400,0.0046294300,0.0057304000,0.0069952700,0.0077339100,0.0079598700,0.0080294000
2024-02-08,0.0020138000,0.0023833200,0.0029392500,0.0035137100,0.0040993800,0.0046928000,0.0058148600,0.0070555200,0.0077886700,0.0080144300,0.0080837600
2024-02-07,0.0020141400,0.0023757900,0.0029374400,0.0035114200,0.0040989000,0.0046959700,0.0058141400,0.0070739800,0.0078164600,0.0080432200,0.0081132800
2024-02-06,0.0019978900,0.0023627900,0.0029535700,0.0035153500,0.0041024800,0.0046954000,0.0058289800,0.0070620700,0.0077833300,0.0080099600,0.0080831000
2024-02-05,0.0019835700,0.0023409700,0.0028989700,0.0034710700,0.0040630900,0.0046445300,0.0057752300,0.0069847900,0.0076717000,0.0078978600,0.0079726100
2024-02-02,0.0020025900,0.0023703800,0.0029190200,0.0034910400,0.0040806800,0.0046724000,0.0057901200,0.0070060100,0.0077166100,0.0079460500,0.0080187800
2024-02-01,0.0020640400,0.0024427700,0.0030017400,0.0035665200,0.0041542700,0.0047371300,0.0058447300,0.0070637100,0.0077710400,0.0080128700,0.0080748500
2024-01-31,0.0020156100,0.0023871800,0.0029383500,0.0035030200,0.0040610000,0.0046366000,0.0057343100,0.0069665500,0.0077002400,0.0079283800,0.0080011500
2024-01-30,0.0019724500,0.0023406400,0.0028197600,0.0033809300,0.0039243100,0.0044992800,0.0056067700,0.0067585000,0.0074830900,0.0077081500,0.0077781400
2024-01-29,0.0019907300,0.0023587800,0.0028486400,0.0034225900,0.0039800600,0.0045491100,0.0056731400,0.0068270800,0.0075492900,0.0077740500,0.0078441900
2024-01-26,0.0020114000,0.0023732700,0.0028864300,0.0034583900,0.0040172900,0.0046024800,0.0057119600,0.0068919200,0.0076219900,0.0078477200,0.0079179900
2024-01-25,0.0020151400,0.0023880400,0.0029150100,0.0034883500,0.0040485000,0.0046364900,0.0057442800,0.0069322800,0.0076636000,0.0078889800,0.0079592200
2024-01-24,0.0019603100,0.0023215800,0.0028743400,0.0034440300,0.0040098200,0.0046028900,0.0057166200,0.0069527400,0.0076831900,0.0079101300,0.0079803500
2024-01-23,0.0020027100,0.0023687600,0.0029538100,0.0035210600,0.0040733700,0.0046631200,0.0057617300,0.0070139500,0.0077548300,0.0079809400,0.0080472100
2024-01-22,0.0020106600,0.0023776500,0.0029670900,0.0035308500,0.0041000800,0.0046919500,0.0057941300,0.0070335500,0.0077880300,0.0080107300,0.0080644500
2024-01-19,0.0020446900,0.0024143400,0.0030022400,0.0035558500,0.0041450700,0.0047470500,0.0058740300,0.0070937300,0.0078351300,0.0080577400,0.0081253500
2024-01-18,0.0020887300,0.0024650700,0.0030642300,0.0036401600,0.0042321600,0.0048443000,0.0059611900,0.0071642500,0.0078845000,0.0081070500,0.0081777300
2024-01-17,0.0021928600,0.0025826000,0.0032053900,0.0038013800,0.0043875800,0.0049985300,0.0061095700,0.0072758900,0.0079364200,0.0081595800,0.0082397100
2024-01-16,0.0021280900,0.0025091100,0.0030913200,0.0036820200,0.0042616400,0.0048903200,0.0060331700,0.0071078000,0.0077450000,0.0079639500,0.0080428000
2024-01-15,0.0020877900,0.0024605100,0.0030939800,0.0036610200,0.0042583700,0.0048645400,0.0060056500,0.0071407500,0.0077955000,0.0080161600,0.0080941900
2024-01-12,0.0021178300,0.0024980100,0.0030891000,0.0036808800,0.0042597900,0.0048637200,0.0059905600,0.0071663700,0.0078217900,0.0080440200,0.0081233300
2024-01-11,0.0021258300,0.0025064800,0.0030847200,0.0036704900,0.0042364000,0.0048320400,0.0059458600,0.0071221000,0.0077732900,0.0079942500,0.0080718300
2024-01-10,0.0021124900,0.0024932300,0.0030689800,0.0036641700,0.0042522800,0.0048624300,0.0059803500,0.0071432100,0.0077859100,0.0080116300,0.0080918100
2024-01-09,0.0022103100,0.0026025800,0.0032102700,0.0038311700,0.0044344200,0.0050524600,0.0061794800,0.0073501400,0.0079972800,0.0082377100,0.0083041300
2024-01-08,0.0022746000,0.0026737800,0.0033020400,0.0039384900,0.0045384000,0.0051660900,0.0062787600,0.0074555300,0.0081454200,0.0083842500,0.0084476500
2024-01-05,0.0022580500,0.0026557800,0.0032678900,0.0038977400,0.0044983000,0.0051156700,0.0062251400,0.0074148100,0.0081060300,0.0083321300,0.0084072800
2024-01-04,0.0022212400,0.0026117100,0.0032196300,0.0038400400,0.0044529700,0.0050806500,0.0062034300,0.0073858900,0.0080311400,0.0082710500,0.0083366700
2024-01-03,0.0022305900,0.0026141100,0.0032101400,0.0038268300,0.0044514600,0.0050787800,0.0062032400,0.0073835900,0.0080205100,0.0082605300,0.0083287000
2024-01-02,0.0021623800,0.0025473400,0.0031351200,0.0037307700,0.0043480700,0.0049716600,0.0060734500,0.0072580100,0.0079434700,0.0081803000,0.0082421500
2024-01-01,0.0021163000,0.0024989700,0.0030991500,0.0037025600,0.0042895000,0.0048905700,0.0060066900,0.0072886500,0.0080209100,0.0082467300,0.0083198700
2023-12-29,0.0021290200,0.0025140700,0.0030932500,0.0037082600,0.0042868000,0.0048921300,0.0059981800,0.0072261600,0.0079521000,0.0081754900,0.0082466800
2023-12-28,0.0020996300,0.0024873200,0.0030698100,0.0036865300,0.0042736400,0.0048858000,0.0060116400,0.0072477200,0.0079775100,0.0082025700,0.0082749700
2023-12-27,0.0020433100,0.0024847600,0.0030671700,0.0036850400,0.0042696600,0.0048815400,0.0060078300,0.0072282300,0.0079709100,0.0081964400,0.0082693200
2023-12-26,0.0020423300,0.0024901200,0.0030567200,0.0036963300,0.0042729600,0.0048904700,0.0060231800,0.0072005100,0.0079236700,0.0081470900,0.0082188900
2023-12-25,0.0020491100,0.0024973200,0.0030683400,0.0037063400,0.0042785900,0.0048941100,0.0060234200,0.0072029900,0.0079238100,0.0081473800,0.0082195600
2023-12-22,0.0020882800,0.0025444600,0.0031288300,0.0037383700,0.0042923300,0.0048999900,0.0060019500,0.0071970100,0.0079138300,0.0081375200,0.0082102400
2023-12-21,0.0021092200,0.0025606000,0.0031503100,0.0037651000,0.0043088600,0.0049170400,0.0060297000,0.0071993000,0.0078894900,0.0081156900,0.0081915900
2023-12-20,0.0020474800,0.0024859200,0.0030823500,0.0036983400,0.0042576000,0.0048731600,0.0060313400,0.0071783500,0.0078423700,0.0080807600,0.0081480800
2023-12-19,0.0020917600,0.0025491100,0.0031417200,0.0037552600,0.0042976800,0.0048979200,0.0060110400,0.0071799800,0.0078608600,0.0080837700,0.0081611700
2023-12-18,0.0020533800,0.0025035900,0.0031008700,0.0037289600,0.0042944400,0.0049040900,0.0060301700,0.0072203100,0.0079083900,0.0081317000,0.0082066400
2023-12-15,0.0020405400,0.0024884400,0.0030735400,0.0037078800,0.0042660700,0.0048722300,0.0059911500,0.0071997200,0.0079164300,0.0081405700,0.0082149300
2023-12-14,0.0020439200,0.0024967500,0.0030697900,0.0036863200,0.0042591900,0.0048625000,0.0059611100,0.0071834100,0.0079035300,0.0081263300,0.0081977700
2023-12-13,0.0021604000,0.0026582300,0.0032439200,0.0038859300,0.0044761800,0.0050559300,0.0061688100,0.0074009000,0.0081064500,0.0083318100,0.0084097900
2023-12-12,0.0022196500,0.0027254400,0.0033171300,0.0039438600,0.0045522900,0.0051450400,0.0062366500,0.0074755700,0.0081701900,0.0083948400,0.0084724300
2023-12-11,0.0022106000,0.0027226500,0.0033358200,0.0039644800,0.0045856300,0.0051871700,0.0063027500,0.0075479300,0.0082374200,0.0084629000,0.0085406200
2023-12-08,0.0022126700,0.0027187100,0.0033238400,0.0039531400,0.0045620400,0.0051681300,0.0062791900,0.0075151500,0.0082225900,0.0084474000,0.0085211000
2023-12-07,0.0022264500,0.0027356500,0.0033350800,0.0039630000,0.0045732900,0.0051693300,0.0062724400,0.0075500600,0.0083029300,0.0085287500,0.0085985300
2023-12-06,0.0022200800,0.0027355400,0.0033416900,0.0039669000,0.0046133000,0.0052078700,0.0063276400,0.0076101600,0.0083655400,0.0085934200,0.0086625100
2023-12-05,0.0023050500,0.0028267400,0.0034484600,0.0040945000,0.0047307500,0.0053418700,0.0064656000,0.0077066200,0.0084130900,0.0086545100,0.0087186000
2023-12-04,0.0022593000,0.0027737900,0.0033934500,0.0040413800,0.0046629500,0.0052804700,0.0064091300,0.0076606300,0.0083869800,0.0086122700,0.0086858200
2023-12-01,0.0022797800,0.0028011300,0.0034332800,0.0040835200,0.0047225200,0.0053351400,0.0064814200,0.0077136600,0.0083808300,0.0086073400,0.0086888500
2023-11-30,0.0023523800,0.0028846900,0.0035468500,0.0042264900,0.0048635900,0.0054954600,0.0066502900,0.0078609900,0.0085505000,0.0087761200,0.0088523300
2023-11-29,0.0023555500,0.0028896300,0.0035430800,0.0042136400,0.0048590300,0.0054815200,0.0066148900,0.0078606700,0.0085370900,0.0087639100,0.0088437100
2023-11-28,0.0024544600,0.0030075800,0.0036792000,0.0043747500,0.0050340100,0.0056753500,0.0068206000,0.0080359700,0.0087329100,0.0089632500,0.0090398600
2023-11-27,0.0024266400,0.0029804700,0.0036181400,0.0043136700,0.0049538900,0.0056158200,0.0067503300,0.0078378000,0.0085052600,0.0087437300,0.0088068400
2023-11-24,0.0024207300,0.0029718200,0.0036080500,0.0043053900,0.0049153200,0.0055562600,0.0066835100,0.0077414500,0.0083920600,0.0086133000,0.0086905700
2023-11-23,0.0024092800,0.0029574500,0.0036085700,0.0043116900,0.0049155200,0.0055530400,0.0066775900,0.0077207700,0.0083544700,0.0085746100,0.0086525700
2023-11-22,0.0024374100,0.0029837700,0.0036325800,0.0043495800,0.0049707400,0.0056138800,0.0067375300,0.0077913300,0.0084333300,0.0086546900,0.0087325700
2023-11-21,0.0024544500,0.0030028100,0.0036639500,0.0043940300,0.0050013000,0.0056537700,0.0067798100,0.0078142500,0.0084684000,0.0086911500,0.0087657200
2023-11-20,0.0024558900,0.0030154700,0.0036560200,0.0043915200,0.0050017400,0.0056418500,0.0067794200,0.0078182200,0.0084607400,0.0086966000,0.0087614600
2023-11-17,0.0024703200,0.0030346700,0.0036911900,0.0044364100,0.0050475600,0.0056652100,0.0068145500,0.0078548600,0.0085008000,0.0087215700,0.0087987500
2023-11-16,0.0025063800,0.0030765800,0.0037433500,0.0044635700,0.0050674400,0.0057210900,0.0068690300,0.0079265000,0.0085795800,0.0088008500,0.0088773600
2023-11-15,0.0025074200,0.0030758400,0.0037399900,0.0044550800,0.0050575800,0.0057137500,0.0068448800,0.0079076700,0.0085403600,0.0087604600,0.0088374700
2023-11-14,0.0025820500,0.0031697600,0.0038593900,0.0045932200,0.0052332000,0.0058928300,0.0070214800,0.0080867800,0.0087285500,0.0089507200,0.0090314100
2023-11-13,0.0027007000,0.0033071500,0.0040289600,0.0047925600,0.0054341100,0.0061138600,0.0072615400,0.0083131600,0.0089622500,0.0091838000,0.0092617600
2023-11-10,0.0027334800,0.0033457500,0.0040710900,0.0048388600,0.0054901400,0.0061749000,0.0073343800,0.0083839800,0.0090328800,0.0092546600,0.0093317300
2023-11-09,0.0027099000,0.0033179500,0.0040381000,0.0047968100,0.0054458600,0.0061236900,0.0073013100,0.0083473000,0.0089985800,0.0092220100,0.0092972500
2023-11-08,0.0026943200,0.0033002200,0.0040145200,0.0047764000,0.0054314500,0.0061198100,0.0072879100,0.0083327200,0.0089611200,0.0091972200,0.0092649000
2023-11-07,0.0027553400,0.0033685900,0.0040809800,0.0048794300,0.0055566500,0.0062447200,0.0073727500,0.0084304700,0.0090848000,0.0093054100,0.0093820800
2023-11-06,0.0027182300,0.0033345100,0.0040623400,0.0048351800,0.0054777600,0.0061857200,0.0073426600,0.0084211900,0.0090905100,0.0093115300,0.0093818700
2023-11-03,0.0027510200,0.0033654700,0.0040832800,0.0048406800,0.0055140600,0.0062117700,0.0074030000,0.0084718200,0.0090975800,0.0093330700,0.0093971100
2023-11-02,0.0027327700,0.0033428600,0.0040478600,0.0048192900,0.0054836500,0.0061795900,0.0073739500,0.0084232900,0.0090759900,0.0092964400,0.0093606300
2023-11-01,0.0027949200,0.0034158800,0.0041601000,0.0049254500,0.0056091100,0.0063131200,0.0074677400,0.0085128000,0.0091819800,0.0093987800,0.0094691700
2023-10-31,0.0027442300,0.0033552400,0.0040625700,0.0048351500,0.0055155300,0.0062212700,0.0073780500,0.0084276900,0.0091068200,0.0093252500,0.0093949300
2023-10-30,0.0027735200,0.0033974900,0.0041316500,0.0048990200,0.0055776800,0.0062788900,0.0074235400,0.0084799500,0.0091336500,0.0093508600,0.0094229300
2023-10-27,0.0028069800,0.0034374000,0.0041822100,0.0049470000,0.0056363700,0.0063616400,0.0074965300,0.0085435700,0.0091810400,0.0093992200,0.0094733300
2023-10-26,0.0028610100,0.0034989800,0.0042146800,0.0050081600,0.0057172000,0.0064196900,0.0075626400,0.0085902200,0.0092475300,0.0094668300,0.0095402500
2023-10-25,0.0027546500,0.0033659400,0.0040913300,0.0048759200,0.0055457200,0.0062675300,0.0073861100,0.0084218100,0.0090853400,0.0093056100,0.0093791800
2023-10-24,0.0026949700,0.0032964100,0.0040224600,0.0047929600,0.0054472200,0.0061767700,0.0072821600,0.0083213500,0.0089881600,0.0092071000,0.0092790100
2023-10-23,0.0027830100,0.0034092500,0.0041707500,0.0049279900,0.0056011300,0.0063482100,0.0074757100,0.0085006500,0.0091480000,0.0093691900,0.0094465300
2023-10-20,0.0028065600,0.0034377200,0.0041933900,0.0049158300,0.0056034700,0.0063480700,0.0074847600,0.0085204600,0.0091683600,0.0093889500,0.0094640000
2023-10-19,0.0027556700,0.0033679500,0.0041125300,0.0048429500,0.0055140400,0.0062330400,0.0073681900,0.0084091400,0.0090757000,0.0092969900,0.0093699400
2023-10-18,0.0027003300,0.0033011800,0.0040337100,0.0047685600,0.0054276700,0.0061329300,0.0072626000,0.0083085800,0.0089930900,0.0092148700,0.0092830600
2023-10-17,0.0026310100,0.0032190700,0.0039229500,0.0046577400,0.0053155300,0.0060259700,0.0071641100,0.0081976000,0.0088656800,0.0090992600,0.0091574800
2023-10-16,0.0026636100,0.0032580100,0.0039673900,0.0046838800,0.0053434200,0.0060438300,0.0071870900,0.0082525200,0.0089275600,0.0091479800,0.0092201100
2023-10-13,0.0026172200,0.0032005500,0.0038955900,0.0045905600,0.0052455100,0.0059651800,0.0071259000,0.0081638600,0.0088197800,0.0090381500,0.0091107400
2023-10-12,0.0025566300,0.0031255800,0.0038068900,0.0044938400,0.0051533900,0.0058713100,0.0070417600,0.0080804900,0.0087349400,0.0089551900,0.0090295500
2023-10-11,0.0025899500,0.0031774500,0.0038720800,0.0045645400,0.0052250000,0.0059477200,0.0070951100,0.0081279500,0.0087808900,0.0090047100,0.0090820200
2023-10-10,0.0026290300,0.0032236900,0.0039253400,0.0046315900,0.0052936900,0.0060332500,0.0071690000,0.0082153600,0.0088632700,0.0091003800,0.0091652900
2023-10-09,0.0027244400,0.0033311600,0.0040534800,0.0047694000,0.0054404800,0.0061754900,0.0073439800,0.0083815500,0.0090411300,0.0092656200,0.0093395500
2023-10-06,0.0026893200,0.0032792800,0.0039876200,0.0046935800,0.0053581400,0.0060871200,0.0072467000,0.0082787600,0.0089312200,0.0091690500,0.0092264600
2023-10-05,0.0026010200,0.0031730100,0.0038580100,0.0045499700,0.0052001300,0.0058997100,0.0070826600,0.0081226600,0.0087816900,0.0090173800,0.0090747100
2023-10-04,0.0025323800,0.0030944900,0.0037678000,0.0044565300,0.0050919400,0.0057825300,0.0069342800,0.0079955400,0.0087028000,0.0089244500,0.0089800400
2023-10-03,0.0024622500,0.0030242700,0.0036742700,0.0043503000,0.0049859900,0.0056623200,0.0068149500,0.0078567600,0.0085252900,0.0087477000,0.0088158300
2023-10-02,0.0023484800,0.0028904300,0.0035180800,0.0041584900,0.0047683100,0.0054539800,0.0065814700,0.0076467100,0.0083231500,0.0085565100,0.0086092000
2023-09-29,0.0022957200,0.0028283800,0.0034652900,0.0040765300,0.0046959400,0.0054033800,0.0065102900,0.0076183300,0.0083892000,0.0086109800,0.0086693900
2023-09-28,0.0024276100,0.0029687900,0.0036320400,0.0042701100,0.0048960700,0.0056330700,0.0067185500,0.0078438000,0.0086461100,0.0088703200,0.0089244000
2023-09-27,0.0024134900,0.0029518700,0.0035932000,0.0042432100,0.0048748800,0.0055710300,0.0067355300,0.0077890600,0.0084751200,0.0087120700,0.0087644900
2023-09-26,0.0023960700,0.0029334100,0.0035660900,0.0042144200,0.0048451000,0.0055387000,0.0066883300,0.0077545600,0.0084447800,0.0086824200,0.0087360500
2023-09-25,0.0023513400,0.0028919700,0.0035189600,0.0041601000,0.0047827900,0.0054494700,0.0065684300,0.0076358200,0.0083093900,0.0085472000,0.0086025500
2023-09-22,0.0023616900,0.0029061900,0.0035198300,0.0041681300,0.0048009300,0.0054275700,0.0065804700,0.0076262300,0.0082716400,0.0085104000,0.0085725700
2023-09-21,0.0023596200,0.0028908900,0.0035165400,0.0041662200,0.0047793200,0.0054123700,0.0065636800,0.0076035000,0.0082704600,0.0085071600,0.0085681600
2023-09-20,0.0023424100,0.0028682800,0.0034833800,0.0041119400,0.0047236300,0.0053458900,0.0064895900,0.0075150800,0.0081621000,0.0083867300,0.0084666300
2023-09-19,0.0020887800,0.0026232300,0.0032243700,0.0037959400,0.0043871300,0.0049839900,0.0061068000,0.0071825100,0.0078318400,0.0080635700,0.0081527500
2023-09-18,0.0021249700,0.0026793100,0.0032494500,0.0038249500,0.0044127000,0.0050029700,0.0060971000,0.0071583900,0.0077812000,0.0080115500,0.0080900900
2023-09-15,0.0020839000,0.0026274600,0.0032075300,0.0037807100,0.0043665800,0.0049699800,0.0060743500,0.0071563400,0.0078231800,0.0080537200,0.0081274600
2023-09-14,0.0021384600,0.0026865700,0.0032781500,0.0038576000,0.0044451900,0.0050435000,0.0060955800,0.0071694600,0.0078382000,0.0080679600,0.0081465500
2023-09-13,0.0021513400,0.0027092100,0.0033097300,0.0039092100,0.0045009500,0.0051186500,0.0062231100,0.0073035600,0.0079879500,0.0082052100,0.0082981100
2023-09-12,0.0021711600,0.0027211600,0.0033285000,0.0039332800,0.0045232900,0.0051329000,0.0062182200,0.0072948400,0.0079598500,0.0081753900,0.0082678600
2023-09-11,0.0021530100,0.0027094300,0.0033069700,0.0039036400,0.0044988100,0.0051157200,0.0062528700,0.0073136900,0.0079785000,0.0081954800,0.0082898700
2023-09-08,0.0021861800,0.0027390800,0.0033518000,0.0039505300,0.0045329200,0.0051736200,0.0062982100,0.0073669000,0.0080100600,0.0082279200,0.0083265500
2023-09-07,0.0021801900,0.0027390300,0.0033460700,0.0039481000,0.0045370000,0.0051713200,0.0062855900,0.0073556200,0.0079982600,0.0082150300,0.0083128000
2023-09-06,0.0021885200,0.0027412400,0.0033409700,0.0039365500,0.0045385600,0.0051528600,0.0062639300,0.0073129800,0.0079436300,0.0081602500,0.0082587600
2023-09-05,0.0021220200,0.0026601100,0.0032647800,0.0038575700,0.0044618700,0.0050974600,0.0062155600,0.0072840200,0.0079249700,0.0081411200,0.0082372800
2023-09-04,0.0020537400,0.0025771500,0.0031652600,0.0037534800,0.0043551100,0.0050160000,0.0061497100,0.0072312900,0.0078939000,0.0081103400,0.0082041700
2023-09-01,0.0020847500,0.0026278200,0.0032384300,0.0038306200,0.0044109500,0.0050678400,0.0061642500,0.0072162300,0.0078753100,0.0080911200,0.0081850300
2023-08-31,0.0021086100,0.0026559500,0.0032611700,0.0038507700,0.0044342900,0.0050611200,0.0061750600,0.0072274800,0.0078914100,0.0081079800,0.0082035400
2023-08-30,0.0021255300,0.0026689100,0.0032714000,0.0038575400,0.0044385100,0.0050661100,0.0061792900,0.0072310400,0.0079037800,0.0081206200,0.0082145900
2023-08-29,0.0021352600,0.0026886300,0.0032961000,0.0038837400,0.0044640500,0.0050925500,0.0062240900,0.0072763700,0.0079568100,0.0081737700,0.0082679000
2023-08-28,0.0022250600,0.0027914000,0.0033973600,0.0040073000,0.0046094600,0.0052359400,0.0063927700,0.0074603500,0.0081440700,0.0083618500,0.0084539800
2023-08-25,0.0022321200,0.0028002400,0.0034173200,0.0040204900,0.0046171900,0.0052411500,0.0063599500,0.0074189100,0.0080948900,0.0083112900,0.0084040500
2023-08-24,0.0022442900,0.0028150000,0.0034418400,0.0040426700,0.0046255800,0.0052601400,0.0063648500,0.0074014700,0.0080477700,0.0082629400,0.0083593100
2023-08-23,0.0022765900,0.0028520000,0.0034887600,0.0040955600,0.0046845700,0.0053221000,0.0064281300,0.0074614600,0.0080971000,0.0083122600,0.0084114700
2023-08-22,0.0022821200,0.0028615500,0.0035092100,0.0041179600,0.0047127900,0.0053413300,0.0064426400,0.0074836200,0.0081101800,0.0083256900,0.0084251100
2023-08-21,0.0023149800,0.0028983100,0.0035520800,0.0041687100,0.0047745700,0.0054158700,0.0065167500,0.0075623100,0.0081878600,0.0084044600,0.0085039900
2023-08-18,0.0023409600,0.0029284800,0.0035840900,0.0042033300,0.0048188600,0.0054502000,0.0065495900,0.0076118900,0.0082013900,0.0084195900,0.0085256500
2023-08-17,0.0022640800,0.0028359800,0.0034715100,0.0040789400,0.0046818500,0.0053027800,0.0064059200,0.0074664600,0.0080789200,0.0082958600,0.0083966200
2023-08-16,0.0022178900,0.0027737700,0.0034217200,0.0040239100,0.0046231900,0.0052396000,0.0063196600,0.0073497200,0.0079809500,0.0081987000,0.0082990600
2023-08-15,0.0022004300,0.0027639300,0.0033913200,0.0039928100,0.0045887600,0.0052011900,0.0062903100,0.0073337800,0.0079734300,0.0081913300,0.0082898800
2023-08-14,0.0021640000,0.0027217100,0.0033433300,0.0039374000,0.0045214700,0.0051312300,0.0062117700,0.0072617600,0.0079027800,0.0081194100,0.0082165000
2023-08-11,0.0021753300,0.0027314500,0.0033417000,0.0039309700,0.0044767200,0.0050791400,0.0061380400,0.0072000000,0.0078818600,0.0080955000,0.0081837600
2023-08-10,0.0021644400,0.0027221600,0.0033202300,0.0039077100,0.0044568500,0.0050503000,0.0061138500,0.0071736600,0.0078531700,0.0080657600,0.0081545000
2023-08-09,0.0021752600,0.0027456300,0.0033813700,0.0039820000,0.0045307400,0.0051205700,0.0061893000,0.0072246100,0.0078879200,0.0080927100,0.0081738600
2023-08-08,0.0022323500,0.0028153200,0.0034591700,0.0040641700,0.0046080900,0.0051902000,0.0062674800,0.0073049900,0.0079480400,0.0081549900,0.0082419900
2023-08-07,0.0021858600,0.0027559700,0.0033814200,0.0039850800,0.0045415600,0.0051118000,0.0061901600,0.0072364400,0.0078723900,0.0080780000,0.0081623500
2023-08-04,0.0022397400,0.0028138300,0.0034317900,0.0040342500,0.0045964000,0.0051797800,0.0062574100,0.0073012600,0.0079383100,0.0081475600,0.0082334500
2023-08-03,0.0022096900,0.0027846000,0.0034173800,0.0040245200,0.0045825900,0.0051909100,0.0062862500,0.0073134000,0.0079217000,0.0081424900,0.0082166900
2023-08-02,0.0022398700,0.0028117800,0.0034552800,0.0040630200,0.0046234700,0.0052109100,0.0063089700,0.0073290100,0.0079417300,0.0081491200,0.0082382400
2023-08-01,0.0021921900,0.0027657500,0.0034202800,0.0040123700,0.0045692200,0.0051441200,0.0062283500,0.0072493200,0.0078684300,0.0080747200,0.0081618600
2023-07-31,0.0021853000,0.0027613600,0.0033787300,0.0039723100,0.0045108700,0.0050774900,0.0061624500,0.0071967600,0.0078402500,0.0080465700,0.0081313900
2023-07-28,0.0021933400,0.0027721800,0.0034053500,0.0040032900,0.0045396600,0.0051142700,0.0062023600,0.0072427900,0.0079086600,0.0081164700,0.0081980800
2023-07-27,0.0021854900,0.0027602600,0.0034008300,0.0040041400,0.0045632500,0.0051486500,0.0062386900,0.0072695000,0.0079325900,0.0081399700,0.0082106600
2023-07-26,0.0022887200,0.0028752800,0.0035529800,0.0041741900,0.0047454500,0.0053374400,0.0064082000,0.0074650200,0.0081070300,0.0083140200,0.0083887700
2023-07-25,0.0022991000,0.0028887900,0.0035733100,0.0041843700,0.0047501100,0.0053401000,0.0063867800,0.0074110600,0.0080088500,0.0082142500,0.0083050300
2023-07-24,0.0023621600,0.0029646900,0.0036480700,0.0042725500,0.0048556100,0.0054568300,0.0065279200,0.0075343200,0.0081414000,0.0083498200,0.0084421900
2023-07-21,0.0023539900,0.0029548700,0.0036352800,0.0042644500,0.0048572600,0.0054687700,0.0065352900,0.0075324700,0.0081472200,0.0083562600,0.0084483800
2023-07-20,0.0023661200,0.0029668200,0.0036479200,0.0042736200,0.0048579400,0.0054636500,0.0065401400,0.0075459200,0.0081624900,0.0083702700,0.0084600300
2023-07-19,0.0023449900,0.0029420900,0.0036169300,0.0042379900,0.0048113100,0.0054143600,0.0064950400,0.0074980800,0.0081415000,0.0083492300,0.0084339600
2023-07-18,0.0023947300,0.0029997100,0.0036829600,0.0043126100,0.0048804700,0.0055009700,0.0065795900,0.0076083900,0.0082873400,0.0084958300,0.0085658600
2023-07-17,0.0024423100,0.0030572300,0.0037519200,0.0043909400,0.0049740900,0.0055965700,0.0066929200,0.0077321000,0.0084236600,0.0086331900,0.0087028700
2023-07-14,0.0024323200,0.0030455700,0.0037335500,0.0043544500,0.0049407400,0.0055579500,0.0066312100,0.0076538700,0.0083424300,0.0085505400,0.0086312900
2023-07-13,0.0024384100,0.0030546100,0.0037605800,0.0043852100,0.0049726900,0.0055845900,0.0066571800,0.0076771400,0.0083762300,0.0085843300,0.0086643200
2023-07-12,0.0024981400,0.0031392000,0.0038573900,0.0045006700,0.0050908900,0.0057113400,0.0068026500,0.0078200700,0.0084989700,0.0087064800,0.0087898200
2023-07-11,0.0026107100,0.0032783500,0.0040470600,0.0047065800,0.0053203800,0.0059658700,0.0070611400,0.0080617800,0.0086664900,0.0088750600,0.0089680600
2023-07-10,0.0026885400,0.0033711000,0.0041711100,0.0048496000,0.0054926700,0.0061465300,0.0072352300,0.0082380100,0.0088516400,0.0090605900,0.0091525300
2023-07-07,0.0027706000,0.0034750200,0.0042821200,0.0049855200,0.0056516900,0.0063015100,0.0073745700,0.0083746800,0.0090077500,0.0092170700,0.0093058100
2023-07-06,0.0027549000,0.0034522500,0.0042525100,0.0049524000,0.0056068300,0.0062526700,0.0073268700,0.0083297300,0.0089790000,0.0091883900,0.0092752900
2023-07-05,0.0026875300,0.0033613400,0.0041376500,0.0048171100,0.0054672600,0.0061171000,0.0071893600,0.0081855700,0.0088156800,0.0090240000,0.0091117500
2023-07-04,0.0026696700,0.0033487000,0.0041232200,0.0048019900,0.0054495500,0.0060997800,0.0071693700,0.0081568500,0.0088088400,0.0090176300,0.0091033400
2023-07-03,0.0026623000,0.0033422800,0.0041234600,0.0048034600,0.0054381800,0.0060956200,0.0071751400,0.0081972200,0.0089091000,0.0091186300,0.0091994000
2023-06-30,0.0027044300,0.0033959400,0.0041981300,0.0048982900,0.0055557400,0.0062071500,0.0072867900,0.0083156300,0.0090043300,0.0092149300,0.0092993800
2023-06-29,0.0027671600,0.0034723800,0.0043036300,0.0050508600,0.0057259100,0.0064032600,0.0074791900,0.0084975700,0.0091888000,0.0094001900,0.0094808200
2023-06-28,0.0028541500,0.0035879700,0.0043925400,0.0051231400,0.0058120200,0.0065135400,0.0075744200,0.0085815000,0.0092580200,0.0094819500,0.0095539600
2023-06-27,0.0029000200,0.0036432300,0.0044518500,0.0051973500,0.0059071800,0.0065922900,0.0076506700,0.0086560100,0.0093161100,0.0095266400,0.0096157200
2023-06-26,0.0029287700,0.0036780900,0.0044957900,0.0052385400,0.0059521600,0.0066414100,0.0076906600,0.0086714700,0.0093079200,0.0095178000,0.0096096400
2023-06-23,0.0029146500,0.0036679400,0.0044798200,0.0052057900,0.0059117400,0.0065684200,0.0075959900,0.0085677400,0.0091894000,0.0093939800,0.0094837400
2023-06-22,0.0028897700,0.0036355700,0.0044417000,0.0051632500,0.0058597700,0.0065591400,0.0076193900,0.0085471300,0.0091835300,0.0093880200,0.0094744600
2023-06-21,0.0028478400,0.0035757500,0.0044019900,0.0051388900,0.0058266500,0.0065086000,0.0075834500,0.0085429700,0.0091718400,0.0093778500,0.0094623600
2023-06-20,0.0028686100,0.0036002100,0.0044244900,0.0051417400,0.0058146500,0.0065242200,0.0075898700,0.0085092300,0.0091360100,0.0093557400,0.0094271000
2023-06-19,0.0028221400,0.0035460100,0.0043945000,0.0051068300,0.0057713500,0.0064510300,0.0074899800,0.0084387500,0.0090634500,0.0092792600,0.0093493600
2023-06-16,0.0028375100,0.0035706100,0.0044210400,0.0051236000,0.0058112900,0.0064672800,0.0075098900,0.0084833700,0.0091104900,0.0093139600,0.0094013500
2023-06-15,0.0028960500,0.0036405800,0.0045016500,0.0052168900,0.0059237900,0.0065679900,0.0076174700,0.0086070700,0.0092314200,0.0094356700,0.0095231800
2023-06-14,0.0028526700,0.0035880300,0.0044323800,0.0051384500,0.0058354800,0.0064643400,0.0075060100,0.0084835100,0.0091257700,0.0093278700,0.0094089200
2023-06-13,0.0027670700,0.0034840900,0.0043091400,0.0049892700,0.0056755600,0.0062964900,0.0073476400,0.0083364700,0.0089979700,0.0092018600,0.0092710000
2023-06-12,0.0027086900,0.0034112100,0.0042281100,0.0049099100,0.0055763300,0.0062230700,0.0072549700,0.0082505200,0.0089359500,0.0091386700,0.0092164100
2023-06-09,0.0027661000,0.0034808900,0.0043325200,0.0050105300,0.0056578800,0.0063146100,0.0073280600,0.0083312100,0.0090094300,0.0092134700,0.0092950500
2023-06-08,0.0027425400,0.0034476000,0.0042688800,0.0049609700,0.0056317600,0.0062948800,0.0073295900,0.0083055700,0.0089517900,0.0091547900,0.0092381100
2023-06-07,0.0027521800,0.0034287000,0.0042263800,0.0049359400,0.0056438400,0.0062729500,0.0073272300,0.0083226000,0.0089847600,0.0091905700,0.0092725600
2023-06-06,0.0027859000,0.0034590500,0.0042529500,0.0049727100,0.0057053100,0.0063144500,0.0073939300,0.0083769600,0.0089649500,0.0091871100,0.0092799200
2023-06-05,0.0028359400,0.0035193900,0.0043150300,0.0050132700,0.0057203300,0.0063654100,0.0074563900,0.0084207400,0.0089030400,0.0091369200,0.0092490400
2023-06-02,0.0027718100,0.0034555800,0.0042470200,0.0049510800,0.0056787000,0.0063380300,0.0074031200,0.0083604800,0.0089928700,0.0091962400,0.0092820700
2023-06-01,0.0028281000,0.0035256600,0.0043396600,0.0050634900,0.0057445100,0.0064150700,0.0075031300,0.0084637900,0.0090869200,0.0092917600,0.0093805900
2023-05-31,0.0029249700,0.0036426600,0.0044641500,0.0052079300,0.0058653900,0.0065556400,0.0076517300,0.0086082500,0.0092344400,0.0094390400,0.0095272400
2023-05-30,0.0028239100,0.0035206900,0.0043459500,0.0051081900,0.0058239100,0.0064959800,0.0075547000,0.0085256000,0.0091495800,0.0093544400,0.0094429500
2023-05-29,0.0028921900,0.0035991700,0.0044136800,0.0051878100,0.0059081500,0.0066354000,0.0076936000,0.0086692900,0.0093106100,0.0095154800,0.0096024200
2023-05-26,0.0029048600,0.0036147500,0.0044451600,0.0052063200,0.0059408200,0.0066362300,0.0076811400,0.0086572100,0.0092960200,0.0095000000,0.0095850800
2023-05-25,0.0029801600,0.0037051900,0.0045499800,0.0053114100,0.0060783100,0.0067670600,0.0078190900,0.0087879400,0.0094197000,0.0096238200,0.0097092800
2023-05-24,0.0030178300,0.0037514400,0.0046027600,0.0053638700,0.0061297400,0.0068240700,0.0078787800,0.0088598100,0.0095132500,0.0097202500,0.0098032600
2023-05-23,0.0029946800,0.0037346200,0.0045723200,0.0053161200,0.0060580400,0.0067233300,0.0077832200,0.0087700100,0.0094145900,0.0096334400,0.0097042000
2023-05-22,0.0029598800,0.0036964500,0.0045289700,0.0052748900,0.0060252200,0.0067151100,0.0077667400,0.0087357500,0.0093780000,0.0095819500,0.0096667200
2023-05-19,0.0029841800,0.0037234100,0.0045756400,0.0053294500,0.0061020900,0.0067940500,0.0078585700,0.0088366500,0.0094826000,0.0096861500,0.0097704700
2023-05-18,0.0030732800,0.0038322600,0.0047040300,0.0054815200,0.0062722600,0.0069779200,0.0080294100,0.0089985000,0.0096281400,0.0098326200,0.0099213800
2023-05-17,0.0031566000,0.0039373100,0.0048193600,0.0055997600,0.0063746200,0.0070970600,0.0081513400,0.0091061000,0.0097151100,0.0099187600,0.0100248300
2023-05-16,0.0030912600,0.0039122800,0.0047867200,0.0055595100,0.0063338200,0.0070523700,0.0081001200,0.0090694600,0.0097277400,0.0099318600,0.0100553400
2023-05-15,0.0030216400,0.0038243300,0.0046915800,0.0054621900,0.0062737900,0.0069780200,0.0080327300,0.0090143200,0.0097196400,0.0099229700,0.0100407600
2023-05-12,0.0030470300,0.0038675900,0.0047396900,0.0055199300,0.0063657000,0.0070581200,0.0081095600,0.0090678500,0.0097073400,0.0099111800,0.0100383900
2023-05-11,0.0031739300,0.0040110700,0.0049174500,0.0057167600,0.0065337000,0.0072708100,0.0083275800,0.0092966000,0.0099265700,0.0101311000,0.0102638700
2023-05-10,0.0032440000,0.0041158000,0.0050283100,0.0058298200,0.0066270700,0.0073929200,0.0084517500,0.0094161400,0.0100507300,0.0102560200,0.0103976300
2023-05-09,0.0032638700,0.0041207300,0.0050348700,0.0058387600,0.0066498100,0.0074060600,0.0084695900,0.0094358900,0.0100662400,0.0102712200,0.0104000200
2023-05-08,0.0031418800,0.0039824700,0.0048791500,0.0056968200,0.0065289300,0.0072808000,0.0083591600,0.0093163700,0.0099182500,0.0101226800,0.0102546700
2023-05-05,0.0031985833,0.0040497517,0.0049569645,0.0057734299,0.0066144746,0.0073605532,0.0084316854,0.0093896369,0.0100132352,0.0102182241,0.0103479111
2023-05-04,0.0032563100,0.0041181700,0.0050360200,0.0058510700,0.0067011400,0.0074411800,0.0085048400,0.0094634800,0.0101091300,0.0103146700,0.0104420000
2023-05-03,0.0031932500,0.0040417800,0.0049383300,0.0057195500,0.0065137200,0.0072642400,0.0083209600,0.0092783000,0.0099097300,0.0101149500,0.0102438200
2023-05-02,0.0031891400,0.0040390100,0.0049249000,0.0057023600,0.0065006300,0.0072569700,0.0083115000,0.0092734700,0.0099835900,0.0101893900,0.0103109100
2023-05-01,0.0030283200,0.0038279100,0.0047146900,0.0055017100,0.0063074200,0.0070352300,0.0080504900,0.0090555400,0.0097412600,0.0099457500,0.0100827200
2023-04-28,0.0030512900,0.0038569000,0.0047317600,0.0055099300,0.0063096100,0.0070294100,0.0080744500,0.0090651200,0.0097467800,0.0099519200,0.0100892200
2023-04-27,0.0031128000,0.0039326000,0.0048112300,0.0055862800,0.0063644700,0.0071036300,0.0081442500,0.0091023900,0.0097499600,0.0099551900,0.0100844600
2023-04-26,0.0031493200,0.0039724000,0.0048627900,0.0056445100,0.0064541700,0.0071972700,0.0082302800,0.0091887100,0.0098134000,0.0100191800,0.0101644400
2023-04-25,0.0030834300,0.0038791900,0.0047432400,0.0054861000,0.0062587700,0.0069964100,0.0080353300,0.0089880500,0.0095931200,0.0097985700,0.0099457300
2023-04-24,0.0030536200,0.0038237900,0.0046579300,0.0054246500,0.0061721400,0.0069101300,0.0079362500,0.0088988200,0.0095229700,0.0097278500,0.0098690000
2023-04-21,0.0030425700,0.0038350000,0.0046620000,0.0054082000,0.0061651500,0.0068961300,0.0079127400,0.0088793900,0.0095224400,0.0097270400,0.0098523600
2023-04-20,0.0029781700,0.0037534700,0.0045678600,0.0053347300,0.0061035900,0.0068042700,0.0078307700,0.0088083000,0.0094560600,0.0096598200,0.0097853200
2023-04-19,0.0028479000,0.0035851900,0.0043699600,0.0050905400,0.0058569300,0.0064945400,0.0075309300,0.0085015500,0.0091463400,0.0093519300,0.0094782500
2023-04-18,0.0027494100,0.0034741300,0.0042274200,0.0049488100,0.0056816200,0.0063025800,0.0073726700,0.0083391100,0.0089723400,0.0091785400,0.0093066600
2023-04-17,0.0027551000,0.0034813800,0.0042548700,0.0049810600,0.0057261800,0.0063349900,0.0074377300,0.0084134700,0.0090783600,0.0092840000,0.0094078800
2023-04-14,0.0027930800,0.0035290700,0.0043098400,0.0050401600,0.0057876800,0.0064164600,0.0075181800,0.0084958800,0.0091623000,0.0093691600,0.0094987300
2023-04-13,0.0028986300,0.0036499100,0.0044485800,0.0051927300,0.0059733900,0.0066065400,0.0077098100,0.0086847000,0.0093347700,0.0095425000,0.0096871900
2023-04-12,0.0028810100,0.0036440900,0.0044476300,0.0052000600,0.0059862900,0.0066560500,0.0077369800,0.0087051700,0.0093452700,0.0095535300,0.0096979900
2023-04-11,0.0029817400,0.0037805300,0.0046083500,0.0053842200,0.0061752100,0.0068854400,0.0079976500,0.0089459000,0.0096021800,0.0098096000,0.0099403300
2023-04-10,0.0031301700,0.0039437800,0.0048020300,0.0056060500,0.0064686000,0.0071885000,0.0083426100,0.0092113600,0.0098376900,0.0100460600,0.0101956000
2023-04-07,0.0031422500,0.0039598600,0.0048365600,0.0056281400,0.0064998300,0.0071871900,0.0083035800,0.0091854400,0.0098102800,0.0100181000,0.0101680000
2023-04-06,0.0031169100,0.0039364100,0.0047927800,0.0055926900,0.0063864800,0.0071346000,0.0082369600,0.0092026600,0.0098290800,0.0100374800,0.0101868900
2023-04-05,0.0031771000,0.0040059400,0.0048705600,0.0056863100,0.0065071000,0.0072364000,0.0083383400,0.0093212200,0.0099563200,0.0101661600,0.0103150300
2023-04-04,0.0029961300,0.0037638900,0.0045842100,0.0053659600,0.0061543800,0.0068552400,0.0079576100,0.0089453800,0.0096002400,0.0098086400,0.0099383100
2023-04-03,0.0028562100,0.0035963300,0.0043969600,0.0051744000,0.0059355200,0.0066582200,0.0077736600,0.0087405200,0.0093689700,0.0095772200,0.0097119200
2023-03-31,0.0028588300,0.0036175100,0.0044205700,0.0052160100,0.0060028200,0.0067283800,0.0078781100,0.0088418700,0.0094902700,0.0096998200,0.0098335200
2023-03-30,0.0029208100,0.0037063200,0.0045234300,0.0053242900,0.0061427400,0.0068749300,0.0080269700,0.0090009600,0.0096524600,0.0098609800,0.0099929200
2023-03-29,0.0031246100,0.0039575500,0.0048251300,0.0056550600,0.0065474300,0.0072913100,0.0084537100,0.0094343300,0.0101461500,0.0103575000,0.0104948800
2023-03-28,0.0032843500,0.0041530500,0.0050372400,0.0058920000,0.0067778600,0.0075449000,0.0087469300,0.0097607600,0.0104999400,0.0107119800,0.0108361100
2023-03-27,0.0032577700,0.0041187700,0.0050122500,0.0058754400,0.0067987000,0.0075234600,0.0087219000,0.0097655600,0.0105197100,0.0107320600,0.0108674800
2023-03-24,0.0032386600,0.0040619300,0.0049192900,0.0057454200,0.0066219100,0.0073334500,0.0085516600,0.0095782300,0.0102854700,0.0105046100,0.0106528700
2023-03-23,0.0029269000,0.0036944800,0.0045214200,0.0052769400,0.0060690800,0.0067593500,0.0078978900,0.0088735800,0.0093971500,0.0096389600,0.0098024900
2023-03-22,0.0026716000,0.0033570500,0.0041298600,0.0048547900,0.0056319600,0.0062458400,0.0073909000,0.0083641500,0.0090594800,0.0092693800,0.0094098800
2023-03-21,0.0030073600,0.0037820900,0.0046099900,0.0053896500,0.0061992300,0.0067840600,0.0079172000,0.0089163800,0.0095873100,0.0098227000,0.0099823900
2023-03-20,0.0035683700,0.0044312000,0.0053679200,0.0062395700,0.0071577700,0.0079066000,0.0089806100,0.0099273000,0.0104132400,0.0106607700,0.0108568500
2023-03-17,0.0032797800,0.0040688800,0.0050385100,0.0058402000,0.0067362100,0.0075872000,0.0085404100,0.0095308500,0.0101853700,0.0103882900,0.0105261500
2023-03-16,0.0032836500,0.0040699100,0.0049976100,0.0057244100,0.0064829600,0.0073373200,0.0083917900,0.0094231800,0.0101430400,0.0103547300,0.0104811700
2023-03-15,0.0031436000,0.0038716100,0.0047515100,0.0054837900,0.0062353500,0.0070173300,0.0080630500,0.0090576800,0.0097374800,0.0099575600,0.0100774300
2023-03-14,0.0026094800,0.0032367500,0.0040146300,0.0046631900,0.0053260500,0.0060329900,0.0070623400,0.0080443800,0.0086714500,0.0088908500,0.0090152600
2023-03-13,0.0026796600,0.0033097500,0.0041121600,0.0047730700,0.0054486600,0.0061508200,0.0071764900,0.0081613400,0.0087481400,0.0089732400,0.0091215500
2023-03-10,0.0023083000,0.0028439800,0.0035470600,0.0041440400,0.0047416300,0.0053848500,0.0064346400,0.0074058500,0.0077870600,0.0080500700,0.0082478400
2023-03-09,0.0021742800,0.0026803600,0.0033394500,0.0039061800,0.0044631900,0.0050665600,0.0061170700,0.0070847800,0.0074646900,0.0077129400,0.0079131200
2023-03-08,0.0021045600,0.0025934900,0.0032266200,0.0037678700,0.0043049100,0.0048974500,0.0059478200,0.0069235000,0.0073006800,0.0075479600,0.0077471200
2023-03-07,0.0020898800,0.0025654000,0.0032023700,0.0037374800,0.0042764900,0.0048601700,0.0059039600,0.0068828900,0.0072584400,0.0075061800,0.0077046500
2023-03-06,0.0020533700,0.0025359000,0.0031832000,0.0037240000,0.0042774100,0.0048505900,0.0058863300,0.0068673600,0.0072384600,0.0074889900,0.0076865300
2023-03-03,0.0021095700,0.0026113000,0.0032584300,0.0038136600,0.0043571600,0.0049487900,0.0059993400,0.0069720700,0.0073347400,0.0076005700,0.0077978900
2023-03-02,0.0021581900,0.0026605200,0.0033266300,0.0038783700,0.0044244000,0.0050324700,0.0060862600,0.0070474400,0.0074278500,0.0076957500,0.0078899400
2023-03-01,0.0021113600,0.0026147700,0.0032703600,0.0038151100,0.0043440300,0.0049293900,0.0059967800,0.0069586900,0.0073375800,0.0076059900,0.0078017000
2023-02-28,0.0021419500,0.0026492500,0.0033104800,0.0038641100,0.0044027100,0.0049722800,0.0060387200,0.0070064100,0.0073826100,0.0076500900,0.0078452900
2023-02-27,0.0021537500,0.0026571000,0.0033323800,0.0038845000,0.0044216200,0.0049832700,0.0060727100,0.0070511900,0.0074153000,0.0076835500,0.0078825100
2023-02-24,0.0022049900,0.0027151200,0.0033934000,0.0039539700,0.0044989800,0.0050637800,0.0061555500,0.0071352300,0.0075021300,0.0077690600,0.0079690900
2023-02-23,0.0021434400,0.0026420700,0.0033243900,0.0038701100,0.0044209900,0.0049707300,0.0060547700,0.0070311100,0.0074078100,0.0076600300,0.0078598000
2023-02-22,0.0022259400,0.0027419600,0.0034375500,0.0039936400,0.0045296900,0.0050897000,0.0061865500,0.0071619000,0.0075311300,0.0077954700,0.0079956700
2023-02-21,0.0021719700,0.0026754800,0.0033670400,0.0039301300,0.0044960400,0.0050645500,0.0061368600,0.0071178900,0.0075003100,0.0077506500,0.0079500700
2023-02-20,0.0021626000,0.0026634200,0.0033549800,0.0038924900,0.0044479300,0.0049802800,0.0060842700,0.0070641200,0.0074446300,0.0076977000,0.0078991800
2023-02-17,0.0021837600,0.0026859400,0.0033655100,0.0039238300,0.0044664400,0.0049960300,0.0060950400,0.0070729600,0.0074522000,0.0077072800,0.0079093500
2023-02-16,0.0021606000,0.0026569800,0.0033430100,0.0038856300,0.0044340500,0.0049519500,0.0060467000,0.0070197800,0.0073872300,0.0076535200,0.0078554400
2023-02-15,0.0022007700,0.0027053000,0.0033946500,0.0039440900,0.0044845100,0.0050004700,0.0060995100,0.0070716900,0.0074419300,0.0077066000,0.0079087400
2023-02-14,0.0022145400,0.0027175800,0.0033872200,0.0039587600,0.0045120800,0.0050037200,0.0060947500,0.0070756200,0.0074584200,0.0077081700,0.0079098300
2023-02-13,0.0022625700,0.0027771800,0.0034705600,0.0040489800,0.0046179200,0.0051175000,0.0061988100,0.0071716200,0.0075553700,0.0078061800,0.0080084600
2023-02-10,0.0022673800,0.0027760000,0.0034410500,0.0040206900,0.0045823700,0.0050836200,0.0061452400,0.0071192700,0.0074997800,0.0077488300,0.0079464400
2023-02-09,0.0021403700,0.0026265800,0.0032942400,0.0038300900,0.0043783300,0.0048926500,0.0059105300,0.0068706800,0.0072431900,0.0074891100,0.0076834900
2023-02-08,0.0021970500,0.0026954500,0.0033587500,0.0039182300,0.0044690300,0.0049668700,0.0060191000,0.0069851600,0.0073604700,0.0076234300,0.0078182000
2023-02-07,0.0022578100,0.0027622100,0.0034368700,0.0039836300,0.0045374100,0.0050281200,0.0060796100,0.0070523600,0.0074164100,0.0076784000,0.0078727800
2023-02-06,0.0022638500,0.0027556500,0.0034279900,0.0039621900,0.0045252700,0.0050449800,0.0060822700,0.0070530400,0.0074223100,0.0076653600,0.0078343300
2023-02-03,0.0022481000,0.0027605100,0.0034339900,0.0039495700,0.0045132900,0.0050278100,0.0060557700,0.0070278500,0.0073679800,0.0075983000,0.0077151400
2023-02-02,0.0022160500,0.0027997200,0.0034720200,0.0040024000,0.0045840200,0.0051149400,0.0061287500,0.0070926600,0.0074701800,0.0077333900,0.0079304100
2023-02-01,0.0022914600,0.0028688100,0.0035954700,0.0041858100,0.0048291900,0.0054053200,0.0064215000,0.0073889900,0.0077516100,0.0080122000,0.0082080900
2023-01-31,0.0023063700,0.0028758500,0.0036298500,0.0042513600,0.0049001800,0.0054879400,0.0065103100,0.0074739500,0.0078408800,0.0080973600,0.0082925500
2023-01-30,0.0023931300,0.0029660500,0.0037110700,0.0042887300,0.0049244600,0.0055131200,0.0065148500,0.0074971000,0.0078782500,0.0081210900,0.0083151900
2023-01-27,0.0024168500,0.0030067700,0.0037247200,0.0042769900,0.0048799800,0.0054492100,0.0064542200,0.0074489500,0.0078312700,0.0080776000,0.0082729200
2023-01-26,0.0023957600,0.0029779400,0.0037168900,0.0042761600,0.0048692200,0.0054362100,0.0063547200,0.0073488000,0.0077265800,0.0079720500,0.0081649200
2023-01-25,0.0024665100,0.0030339300,0.0037821500,0.0043616700,0.0049569400,0.0055217200,0.0064333000,0.0074250500,0.0078010200,0.0080602300,0.0082542500
2023-01-24,0.0024731200,0.0030467700,0.0037627900,0.0043180600,0.0049078100,0.0054737300,0.0064011700,0.0073913300,0.0077589000,0.0080136200,0.0082084400
2023-01-23,0.0023808400,0.0029344100,0.0036728600,0.0042729500,0.0049063800,0.0054781800,0.0064228100,0.0074064900,0.0077997300,0.0080420000,0.0082337100
2023-01-20,0.0024375500,0.0029906900,0.0037313500,0.0043315900,0.0049551900,0.0055368000,0.0064721900,0.0074543200,0.0078466600,0.0080876900,0.0082783500
2023-01-19,0.0024827000,0.0030519400,0.0037697600,0.0043272700,0.0049173600,0.0054835900,0.0064161400,0.0073964100,0.0077944300,0.0080353300,0.0082262600
2023-01-18,0.0023905300,0.0029483800,0.0036559400,0.0042118100,0.0047992200,0.0053628500,0.0062909600,0.0072619600,0.0077000600,0.0079373800,0.0081200400
2023-01-17,0.0024536400,0.0030125900,0.0037245000,0.0042902000,0.0048893500,0.0054722400,0.0064085600,0.0073660700,0.0078574500,0.0080874200,0.0082544100
2023-01-16,0.0025031900,0.0030831500,0.0037691400,0.0043152300,0.0049307500,0.0054969700,0.0064655300,0.0074236200,0.0080447100,0.0082456000,0.0083710600
2023-01-13,0.0023921000,0.0029341800,0.0036683100,0.0042525900,0.0048843000,0.0054595000,0.0064033100,0.0073642900,0.0079839200,0.0081840100,0.0083100700
2023-01-12,0.0023865300,0.0029318200,0.0036730200,0.0042682400,0.0049050900,0.0054868200,0.0064247200,0.0073723000,0.0079842600,0.0081875500,0.0083303100
2023-01-11,0.0024127600,0.0029648600,0.0037312300,0.0043422500,0.0049760900,0.0055725000,0.0065069300,0.0074499300,0.0080105900,0.0082298500,0.0083802700
2023-01-10,0.0024475590,0.0030304348,0.0037857319,0.0044101098,0.0050478328,0.0056476384,0.0065610152,0.0075086635,0.0080278564,0.0082561330,0.0084192941
2023-01-09,0.0024828600,0.0030974600,0.0038410300,0.0044790300,0.0051206100,0.0057237900,0.0066155500,0.0075678600,0.0080451600,0.0082825000,0.0084585000
2023-01-06,0.0025822200,0.0032116600,0.0039775500,0.0046292500,0.0052854700,0.0059048100,0.0067949500,0.0077374900,0.0082968000,0.0085204300,0.0086722700
2023-01-05,0.0026906000,0.0033351100,0.0041279300,0.0048091900,0.0054869000,0.0061342900,0.0070182900,0.0079688900,0.0083738200,0.0086332100,0.0088255400
2023-01-04,0.0026660600,0.0033177500,0.0041018200,0.0047752900,0.0054492300,0.0060789700,0.0069678800,0.0079301700,0.0083345100,0.0085826700,0.0087764600
2023-01-03,0.0027247800,0.0033837500,0.0041791800,0.0048624600,0.0055398400,0.0061888100,0.0070716400,0.0080322000,0.0084376500,0.0086993500,0.0088911300
2023-01-02,0.0028804700,0.0035809700,0.0043564800,0.0050226000,0.0056872200,0.0063200200,0.0071940100,0.0081709300,0.0085839500,0.0088447000,0.0090367100
2022-12-30,0.0027991000,0.0034805300,0.0042820800,0.0049769800,0.0056722800,0.0063211900,0.0072099200,0.0081710100,0.0085884700,0.0088463900,0.0090357200
2022-12-29,0.0028208200,0.0035141100,0.0043120200,0.0050044000,0.0056952600,0.0063409400,0.0072294500,0.0081949100,0.0086399000,0.0088813900,0.0090675300
2022-12-28,0.0028506700,0.0035534100,0.0043337400,0.0050195800,0.0057046500,0.0063504500,0.0072382700,0.0082034700,0.0086972600,0.0089293900,0.0090986900
2022-12-27,0.0030317900,0.0037628200,0.0044697400,0.0051345100,0.0057953200,0.0064220600,0.0073133400,0.0082995300,0.0089236000,0.0091263500,0.0092528600
2022-12-26,0.0029127600,0.0036152000,0.0043559500,0.0050621400,0.0057600800,0.0063966600,0.0073065600,0.0082812300,0.0089037500,0.0091065000,0.0092346500
2022-12-23,0.0028982200,0.0035967600,0.0043974800,0.0050936900,0.0057874200,0.0064329200,0.0073165600,0.0082904200,0.0089142700,0.0091170000,0.0092445700
2022-12-22,0.0029014300,0.0035965600,0.0043995200,0.0050974900,0.0057949300,0.0064533000,0.0073359200,0.0083056800,0.0089349900,0.0091367900,0.0092621300
2022-12-21,0.0028874000,0.0035713700,0.0043876200,0.0050912500,0.0058044300,0.0064698500,0.0073513800,0.0083069800,0.0089502200,0.0091526100,0.0092783400
2022-12-20,0.0029505000,0.0036417200,0.0044428600,0.0051465900,0.0058720500,0.0065307900,0.0074263200,0.0083787200,0.0090178900,0.0092215900,0.0093464800
2022-12-19,0.0028915600,0.0035695200,0.0043629600,0.0050575700,0.0057674200,0.0064240200,0.0073069600,0.0082615000,0.0088632800,0.0090815800,0.0092135500
2022-12-16,0.0029196200,0.0035932800,0.0043511800,0.0050557200,0.0057717300,0.0064408600,0.0073346600,0.0082746900,0.0088430400,0.0090662400,0.0092209600
2022-12-15,0.0027537000,0.0033939200,0.0041515600,0.0048313600,0.0055340000,0.0061897500,0.0070912100,0.0080452400,0.0084516900,0.0086975300,0.0088955100
2022-12-14,0.0026298100,0.0032606700,0.0040291300,0.0046831600,0.0053695800,0.0060033900,0.0068909900,0.0078460400,0.0082492600,0.0084957500,0.0086935900
2022-12-13,0.0026265400,0.0032581300,0.0040167700,0.0046589400,0.0053551300,0.0059897300,0.0068745600,0.0078293700,0.0082314400,0.0084901700,0.0086869700
2022-12-12,0.0027659700,0.0034428700,0.0041808200,0.0048427100,0.0055760200,0.0062354900,0.0071385000,0.0080903100,0.0084966800,0.0087466900,0.0089462800
2022-12-09,0.0027277000,0.0033830200,0.0041814300,0.0048426800,0.0055604800,0.0062156600,0.0070948000,0.0080517800,0.0084576200,0.0087088900,0.0089063800
2022-12-08,0.0027541000,0.0034192300,0.0041951200,0.0048538100,0.0055619300,0.0062193000,0.0070859400,0.0080368700,0.0084437900,0.0087097700,0.0089053900
2022-12-07,0.0026673000,0.0033136900,0.0041162000,0.0048252100,0.0055764200,0.0062488500,0.0071425100,0.0080881900,0.0084964700,0.0087636300,0.0089610900
2022-12-06,0.0026769300,0.0033340300,0.0041082900,0.0048006700,0.0055461200,0.0062219700,0.0071328100,0.0080695400,0.0084785400,0.0087461000,0.0089440400
2022-12-05,0.0026696000,0.0033259000,0.0040836400,0.0047706500,0.0054857500,0.0061326500,0.0070186100,0.0079705500,0.0083771800,0.0086422800,0.0088382000
2022-12-02,0.0026695700,0.0033243600,0.0040678700,0.0047315200,0.0054428800,0.0060935000,0.0069871200,0.0079337500,0.0083453400,0.0086104400,0.0088087100
2022-12-01,0.0025328100,0.0031733100,0.0039253900,0.0046030900,0.0053123200,0.0059462500,0.0068237400,0.0077778000,0.0081860800,0.0084370600,0.0086349600
2022-11-30,0.0026683000,0.0033206500,0.0040904100,0.0047788100,0.0054944900,0.0061482900,0.0070228100,0.0079718000,0.0083810800,0.0086469200,0.0088413500
2022-11-29,0.0025473000,0.0031783400,0.0039306500,0.0046021000,0.0053056700,0.0059428500,0.0068188900,0.0077699200,0.0081791100,0.0084442900,0.0086369200
2022-11-28,0.0025626200,0.0032018200,0.0039485600,0.0046199400,0.0053293000,0.0059615900,0.0068448300,0.0077951800,0.0082044900,0.0084699000,0.0086627300
2022-11-25,0.0024943200,0.0031183000,0.0038335400,0.0044766900,0.0051522300,0.0057630200,0.0066372100,0.0075906900,0.0079968800,0.0082603200,0.0084520600
2022-11-24,0.0023866700,0.0029964300,0.0037103500,0.0043455200,0.0049991400,0.0056240500,0.0064970800,0.0074506600,0.0078582200,0.0081212500,0.0083144200
2022-11-23,0.0024371300,0.0030429600,0.0037888600,0.0044385000,0.0051161900,0.0057495200,0.0066206200,0.0075740800,0.0079780900,0.0082265200,0.0084137900
2022-11-22,0.0025071000,0.0031288300,0.0038903300,0.0045430300,0.0052406200,0.0058854000,0.0067577100,0.0077041000,0.0081057700,0.0083611900,0.0085296500
2022-11-21,0.0026994600,0.0033310500,0.0041128700,0.0047992300,0.0055088000,0.0061702900,0.0070440700,0.0079972500,0.0083915700,0.0086237500,0.0087769500
2022-11-18,0.0026994400,0.0032913000,0.0040662900,0.0047469500,0.0054506700,0.0061086100,0.0069743800,0.0079329800,0.0082897100,0.0084842500,0.0085541700
2022-11-17,0.0029138800,0.0035383900,0.0043172700,0.0049861300,0.0056874900,0.0063516500,0.0072050900,0.0081732500,0.0085371900,0.0087326500,0.0087979100
2022-11-16,0.0028310100,0.0034471500,0.0041900500,0.0048565000,0.0055496900,0.0061715900,0.0070106700,0.0079827300,0.0083583300,0.0085514700,0.0086039900
2022-11-15,0.0026454600,0.0032432500,0.0039925600,0.0046409800,0.0053190500,0.0059555400,0.0068030000,0.0077571800,0.0081270000,0.0083176300,0.0083854000
2022-11-14,0.0027879000,0.0034109200,0.0041799500,0.0048736200,0.0055652300,0.0062100800,0.0070383300,0.0080008900,0.0083586800,0.0085448000,0.0086151300
2022-11-11,0.0028074300,0.0034441200,0.0042281300,0.0049116100,0.0056183500,0.0062913000,0.0071308500,0.0080921400,0.0084647500,0.0086378500,0.0087078300
2022-11-10,0.0028846700,0.0035397400,0.0043336800,0.0050372300,0.0057717300,0.0064394300,0.0072813100,0.0082323500,0.0085973100,0.0087807800,0.0088502400
2022-11-09,0.0031853600,0.0038942300,0.0047406500,0.0054890500,0.0062510600,0.0069624500,0.0078150600,0.0087778200,0.0091369700,0.0093216600,0.0093959200
2022-11-08,0.0030586800,0.0037472400,0.0046088400,0.0053610000,0.0061175500,0.0068559000,0.0077251100,0.0086872700,0.0090666800,0.0092368600,0.0093112800
2022-11-07,0.0031873400,0.0039111600,0.0048232000,0.0056224400,0.0064135100,0.0072025500,0.0080385400,0.0089941300,0.0093691600,0.0095393500,0.0096144800
2022-11-04,0.0034651100,0.0042403700,0.0051943500,0.0060476300,0.0068896400,0.0077345700,0.0085595600,0.0095083900,0.0098850700,0.0100620400,0.0101354800
2022-11-03,0.0037196500,0.0045444600,0.0054949600,0.0063850500,0.0072430700,0.0080630400,0.0088899100,0.0098260500,0.0102004100,0.0103948600,0.0104557400
2022-11-02,0.0034925900,0.0042747700,0.0052075100,0.0060729800,0.0069263100,0.0077555000,0.0085785400,0.0095172100,0.0098783600,0.0100713400,0.0101453100
2022-11-01,0.0033917200,0.0041506900,0.0051081000,0.0059682200,0.0068330800,0.0076866300,0.0085252100,0.0094488000,0.0098292800,0.0100237500,0.0100964100
2022-10-31,0.0034180300,0.0041715800,0.0051409800,0.0060264400,0.0069396100,0.0078041300,0.0086479400,0.0095680200,0.0099471300,0.0101411800,0.0102081300
2022-10-28,0.0034176800,0.0041817700,0.0052055900,0.0060902700,0.0070523300,0.0079623200,0.0088174200,0.0097302000,0.0101139900,0.0103101900,0.0103744600
2022-10-27,0.0033602100,0.0041213100,0.0051158600,0.0059886400,0.0069062000,0.0078285100,0.0086825400,0.0095997000,0.0099782500,0.0101719200,0.0102510600
2022-10-26,0.0033372500,0.0040994600,0.0050976800,0.0059899900,0.0069091500,0.0078265100,0.0086873800,0.0095964200,0.0099736800,0.0101666800,0.0102460800
2022-10-25,0.0034816200,0.0042820000,0.0052689600,0.0061982700,0.0071811800,0.0081429000,0.0089697500,0.0098399200,0.0102168200,0.0104098000,0.0104933500
2022-10-24,0.0037019500,0.0045581600,0.0055935000,0.0065596400,0.0075317900,0.0085292500,0.0093387500,0.0102099200,0.0105834200,0.0107760400,0.0108597400
2022-10-21,0.0037794400,0.0046441800,0.0057299300,0.0067132700,0.0077233700,0.0087816300,0.0095976700,0.0104467300,0.0108206100,0.0110142200,0.0110986100
2022-10-20,0.0037721500,0.0046348100,0.0056853600,0.0066859600,0.0077029500,0.0086798200,0.0094735300,0.0103624200,0.0107327300,0.0109255100,0.0110092300
2022-10-19,0.0037928600,0.0046573500,0.0056722700,0.0066526500,0.0077109300,0.0087825100,0.0095954800,0.0105176900,0.0108757400,0.0110685400,0.0111504300
2022-10-18,0.0036398200,0.0044875900,0.0055209000,0.0065022700,0.0075390700,0.0085690100,0.0093866100,0.0102621700,0.0106264500,0.0108154500,0.0108987100
2022-10-17,0.0038279500,0.0047230400,0.0057865700,0.0068120000,0.0079012800,0.0089872000,0.0097756900,0.0106567400,0.0110118300,0.0112015300,0.0112864700
2022-10-14,0.0039561300,0.0048864700,0.0060274200,0.0070850100,0.0081656700,0.0092319500,0.0100094100,0.0108725400,0.0112455500,0.0114363500,0.0115168400
2022-10-13,0.0041717900,0.0051795100,0.0063450200,0.0074276700,0.0085274600,0.0095997500,0.0103843600,0.0112700900,0.0116504900,0.0118446500,0.0119236300
2022-10-12,0.0041693200,0.0051592100,0.0063157700,0.0073868100,0.0084621800,0.0095251200,0.0103151200,0.0112025100,0.0115827000,0.0117774700,0.0118430000
2022-10-11,0.0039745500,0.0049310100,0.0060296900,0.0070500400,0.0080871000,0.0090821200,0.0099169900,0.0107949900,0.0111738600,0.0113676200,0.0114543300
2022-10-10,0.0039234200,0.0048752200,0.0059534400,0.0069601600,0.0079881700,0.0089447500,0.0097886800,0.0106788600,0.0110573300,0.0112500100,0.0113382300
2022-10-07,0.0039072400,0.0048463500,0.0059066000,0.0068777600,0.0078847300,0.0088262600,0.0096991800,0.0106203100,0.0109999500,0.0111889600,0.0112778200
2022-10-06,0.0037382500,0.0046473700,0.0056868100,0.0066438600,0.0076303200,0.0085565500,0.0094393700,0.0103411100,0.0107218600,0.0108991100,0.0109848900
2022-10-05,0.0036996700,0.0045999000,0.0056301300,0.0065672700,0.0075523200,0.0084874700,0.0093771300,0.0102369800,0.0106216600,0.0108148000,0.0108920200
2022-10-04,0.0035914200,0.0044692400,0.0055191600,0.0064843100,0.0074573700,0.0083844500,0.0092542900,0.0101258700,0.0105232800,0.0107144200,0.0107726900
2022-10-03,0.0037611300,0.0046686000,0.0057580800,0.0067693800,0.0077866400,0.0087323200,0.0095973400,0.0104669000,0.0109026700,0.0110875000,0.0111329200
2022-09-30,0.0037619400,0.0046432800,0.0057517000,0.0067743100,0.0078130200,0.0087590100,0.0096313800,0.0105197000,0.0109911700,0.0111748300,0.0111832400
2022-09-29,0.0039062700,0.0048238000,0.0059629500,0.0070344700,0.0080739100,0.0090180900,0.0098984200,0.0108209400,0.0113915700,0.0115587600,0.0116128900
2022-09-28,0.0036050600,0.0044931400,0.0055755600,0.0065915300,0.0075891800,0.0085343600,0.0093923800,0.0102737300,0.0106514600,0.0108460800,0.0109253700
2022-09-27,0.0035560900,0.0044359200,0.0055143400,0.0065209300,0.0075235800,0.0084621200,0.0093322200,0.0102150700,0.0105925000,0.0107871700,0.0108722900
2022-09-26,0.0036355200,0.0045231200,0.0055908100,0.0066101400,0.0075990400,0.0085344800,0.0094015300,0.0102989200,0.0106809900,0.0108772400,0.0109596800
2022-09-23,0.0035154300,0.0043615000,0.0054017600,0.0063848100,0.0073334000,0.0082400100,0.0091061100,0.0099995200,0.0103828700,0.0105787200,0.0106580000
2022-09-22,0.0034096100,0.0042154400,0.0052298300,0.0061739100,0.0071085400,0.0079665000,0.0088230400,0.0096989800,0.0100812800,0.0102732700,0.0103431200
2022-09-21,0.0033165400,0.0040909000,0.0050545400,0.0059729100,0.0068681800,0.0076979800,0.0085627300,0.0094351700,0.0098172800,0.0099995500,0.0100881400
2022-09-20,0.0033678500,0.0041306800,0.0050655400,0.0060066000,0.0068752200,0.0076670900,0.0085302400,0.0093865000,0.0097491500,0.0099466300,0.0100375100
2022-09-19,0.0028844700,0.0036192400,0.0045377700,0.0054180100,0.0062735200,0.0070686300,0.0079554100,0.0088604200,0.0092184300,0.0094107000,0.0095163500
2022-09-16,0.0029061800,0.0036450200,0.0045587800,0.0054532500,0.0062787400,0.0070865800,0.0079861000,0.0089204100,0.0092825500,0.0094758000,0.0095824400
2022-09-15,0.0026865600,0.0033889500,0.0042903400,0.0051421400,0.0059650200,0.0067525700,0.0076541300,0.0085594400,0.0089307500,0.0091205200,0.0092270700
2022-09-14,0.0027441000,0.0034454100,0.0043423400,0.0052011700,0.0060211300,0.0067932500,0.0077028700,0.0086143100,0.0089765600,0.0091623100,0.0092728300
2022-09-13,0.0026608200,0.0033345600,0.0042251700,0.0050802300,0.0059033000,0.0066665800,0.0075858100,0.0084836600,0.0088590400,0.0090271700,0.0091499800
2022-09-12,0.0025314500,0.0031885300,0.0040839400,0.0049387100,0.0057730300,0.0065363100,0.0074621600,0.0083627600,0.0087353200,0.0089056500,0.0090230500
2022-09-09,0.0026750400,0.0033788200,0.0042772000,0.0051455900,0.0059848000,0.0067475400,0.0076864000,0.0085792000,0.0089550400,0.0091382500,0.0092404500
2022-09-08,0.0027291700,0.0034563600,0.0043699300,0.0052651300,0.0061170100,0.0069042300,0.0078601700,0.0087456600,0.0091218700,0.0092888500,0.0093929800
2022-09-07,0.0027221300,0.0034410000,0.0044080500,0.0053205000,0.0061999600,0.0070027300,0.0079727400,0.0088482100,0.0092278200,0.0093966600,0.0095015700
2022-09-06,0.0027813300,0.0035145000,0.0044607000,0.0053364800,0.0061966100,0.0069909000,0.0079306100,0.0088268600,0.0092043200,0.0093741000,0.0094767500
2022-09-05,0.0028609500,0.0035994700,0.0045681500,0.0054648200,0.0063394800,0.0071311300,0.0080781100,0.0089770400,0.0093568900,0.0095331000,0.0096346600
2022-09-02,0.0027847500,0.0034974000,0.0044607600,0.0053351700,0.0062071800,0.0069828700,0.0079250700,0.0088138600,0.0091899000,0.0093810400,0.0094810100
2022-09-01,0.0028904600,0.0035874500,0.0045755300,0.0054336100,0.0063344100,0.0071233600,0.0080689600,0.0089401500,0.0093181900,0.0095105700,0.0096087000
2022-08-31,0.0028433800,0.0035244200,0.0044852500,0.0053236800,0.0062087400,0.0069806500,0.0079328900,0.0087973500,0.0091746100,0.0093666400,0.0094646400
2022-08-30,0.0028270500,0.0034894200,0.0043974100,0.0051899300,0.0060409600,0.0068013900,0.0077635500,0.0086177900,0.0089980500,0.0091920800,0.0092943100
2022-08-29,0.0027824500,0.0034507500,0.0043159900,0.0051436400,0.0059294000,0.0066395300,0.0075669300,0.0084475800,0.0088211300,0.0090115100,0.0091154000
2022-08-26,0.0027291200,0.0033975000,0.0042863300,0.0051068200,0.0059206100,0.0066371400,0.0075621600,0.0084609000,0.0088356900,0.0090267400,0.0091305900
2022-08-25,0.0026469000,0.0032950800,0.0042183200,0.0050426100,0.0058529800,0.0065678400,0.0075029800,0.0083940400,0.0087715600,0.0089640400,0.0090682000
2022-08-24,0.0027065000,0.0033602200,0.0042568700,0.0050520900,0.0058571200,0.0065693900,0.0074842200,0.0083897800,0.0087648900,0.0089570600,0.0090624800
2022-08-23,0.0027205700,0.0033615900,0.0042523600,0.0050373600,0.0058293900,0.0065339400,0.0074515900,0.0083762800,0.0087475900,0.0089398900,0.0090499300
2022-08-22,0.0026841300,0.0033147100,0.0041961200,0.0049801600,0.0057638600,0.0064628700,0.0073940300,0.0083186600,0.0086787100,0.0088718600,0.0089819900
2022-08-19,0.0024815800,0.0030792600,0.0039809400,0.0047595200,0.0055700800,0.0062765600,0.0072173500,0.0081150000,0.0084877400,0.0086812500,0.0087881000
2022-08-18,0.0023095300,0.0028783500,0.0038363200,0.0046462400,0.0054836200,0.0062137100,0.0071616500,0.0080404500,0.0084018200,0.0085958300,0.0087040600
2022-08-17,0.0023546400,0.0029291700,0.0038700100,0.0046496000,0.0054714300,0.0061804700,0.0071511100,0.0079990200,0.0083703200,0.0085637700,0.0086705800
2022-08-16,0.0023366800,0.0029164000,0.0038420700,0.0046127000,0.0054071300,0.0060920100,0.0070307900,0.0079013900,0.0082530900,0.0084450700,0.0085541700
2022-08-15,0.0023143100,0.0028933500,0.0038302500,0.0046058000,0.0054126300,0.0061049500,0.0070286500,0.0078976200,0.0082490500,0.0084407200,0.0085494800
2022-08-12,0.0023425400,0.0029285800,0.0038602600,0.0046360500,0.0054426700,0.0061387600,0.0070589200,0.0079312400,0.0082815000,0.0084716700,0.0085805100
2022-08-11,0.0024401400,0.0030371400,0.0039398600,0.0047101200,0.0055135500,0.0062225100,0.0071301300,0.0080126800,0.0083611000,0.0085476200,0.0086551800
2022-08-10,0.0025600900,0.0031792900,0.0041123200,0.0048944000,0.0057107200,0.0064487100,0.0073411900,0.0082270400,0.0085849100,0.0087682700,0.0088763200
2022-08-09,0.0025741600,0.0032020300,0.0041751600,0.0049616600,0.0057921600,0.0065386700,0.0074342800,0.0083178900,0.0086902800,0.0088570900,0.0089640700
2022-08-08,0.0024941300,0.0031071500,0.0041310000,0.0049204500,0.0057744300,0.0065413000,0.0074433400,0.0083234600,0.0086983200,0.0088673300,0.0089740400
2022-08-05,0.0025626200,0.0031861100,0.0042368900,0.0050295600,0.0059000100,0.0066878000,0.0076029500,0.0084786100,0.0088538200,0.0090285300,0.0091337500
2022-08-04,0.0026033400,0.0032224700,0.0042875300,0.0051005500,0.0059661900,0.0067499200,0.0076474300,0.0085393400,0.0089140900,0.0091055100,0.0092089000
2022-08-03,0.0025886100,0.0032122100,0.0042771800,0.0051122300,0.0059851300,0.0067833600,0.0076776200,0.0085787200,0.0089554500,0.0091479000,0.0092505000
2022-08-02,0.0026635100,0.0033000500,0.0043828100,0.0052017400,0.0060443000,0.0068340300,0.0077310100,0.0086491300,0.0090279600,0.0092212100,0.0093230800
2022-08-01,0.0025743600,0.0032021100,0.0042666500,0.0050884600,0.0059419100,0.0067265900,0.0076217900,0.0085093800,0.0088843400,0.0090756000,0.0091736500
2022-07-29,0.0025573200,0.0031721000,0.0042631400,0.0050871700,0.0059518100,0.0067261000,0.0076244700,0.0085104000,0.0088815300,0.0090706600,0.0091739100
2022-07-28,0.0026809900,0.0033243300,0.0044434600,0.0053087800,0.0062045500,0.0070061500,0.0079080500,0.0087929700,0.0091641100,0.0093530300,0.0094544800
2022-07-27,0.0027340300,0.0033780900,0.0045002500,0.0053876100,0.0063071900,0.0071342500,0.0080378400,0.0089300900,0.0093022600,0.0094912200,0.0095930700
2022-07-26,0.0027652400,0.0034138100,0.0045396000,0.0054183400,0.0063358400,0.0071622300,0.0080646600,0.0089567000,0.0093297900,0.0095180600,0.0096193300
2022-07-25,0.0026214800,0.0032434600,0.0043404100,0.0051907100,0.0060769200,0.0068765300,0.0077626400,0.0086468300,0.0090163400,0.0091992200,0.0093037600
2022-07-22,0.0026279300,0.0032519400,0.0043537600,0.0052314500,0.0061659300,0.0069845200,0.0078710500,0.0087614900,0.0091274700,0.0092976200,0.0094050300
2022-07-21,0.0026858800,0.0033245000,0.0044107300,0.0053146700,0.0062808500,0.0071213200,0.0080159300,0.0088968200,0.0092513700,0.0094331600,0.0095422400
2022-07-20,0.0026508100,0.0033082600,0.0044423100,0.0053251100,0.0062722000,0.0071117200,0.0079966700,0.0088863300,0.0092566800,0.0094232400,0.0095419200
2022-07-19,0.0027905000,0.0034784200,0.0046093000,0.0055553700,0.0065727200,0.0074748700,0.0083548000,0.0092593900,0.0096297100,0.0098008400,0.0099043900
2022-07-18,0.0029302000,0.0036007700,0.0047863300,0.0057680500,0.0067818100,0.0077143900,0.0085926900,0.0094898400,0.0098629100,0.0100503000,0.0101512100
2022-07-15,0.0029688400,0.0036459000,0.0048471400,0.0058742000,0.0069142300,0.0078845400,0.0087437600,0.0096618500,0.0100356900,0.0102187500,0.0103194800
2022-07-14,0.0030295800,0.0037032800,0.0048962100,0.0059397200,0.0070004600,0.0079856700,0.0088389600,0.0097518500,0.0101257700,0.0102941200,0.0103960900
2022-07-13,0.0028985200,0.0035631700,0.0047265800,0.0057466900,0.0067753900,0.0077393900,0.0085920700,0.0095063000,0.0098775500,0.0100506800,0.0101460900
2022-07-12,0.0028295300,0.0034900100,0.0046387800,0.0056480100,0.0066620200,0.0076125600,0.0084600200,0.0093712200,0.0097374400,0.0099258000,0.0100250400
2022-07-11,0.0027945600,0.0034509400,0.0045712100,0.0055735700,0.0065558800,0.0074784000,0.0083597200,0.0092761400,0.0096275500,0.0098128200,0.0099165200
2022-07-08,0.0026913300,0.0033240900,0.0043890000,0.0054138300,0.0064551200,0.0074403300,0.0083250800,0.0092251000,0.0095773600,0.0097604100,0.0098655100
2022-07-07,0.0027856600,0.0034431800,0.0045451100,0.0055652400,0.0065860300,0.0075379100,0.0084109100,0.0093201300,0.0096848500,0.0098558700,0.0099714800
2022-07-06,0.0028659300,0.0035372400,0.0045976600,0.0056855800,0.0067813300,0.0077936500,0.0086926900,0.0095943600,0.0099409100,0.0101240100,0.0102235300
2022-07-05,0.0029336200,0.0036203800,0.0046635800,0.0057409600,0.0067914600,0.0077671900,0.0086540100,0.0095719300,0.0099331700,0.0101024800,0.0102002800
2022-07-04,0.0028086400,0.0034731400,0.0045016800,0.0055585500,0.0065958500,0.0075583000,0.0084334000,0.0093594700,0.0097069400,0.0098897400,0.0099879200
2022-07-01,0.0027966400,0.0034516600,0.0045005000,0.0055542800,0.0065789100,0.0075177900,0.0084017300,0.0093271300,0.0096927600,0.0098746800,0.0099716700
2022-06-30,0.0028422400,0.0035100000,0.0045765500,0.0056284100,0.0066710500,0.0076251300,0.0084974600,0.0094113200,0.0097745200,0.0099463100,0.0100448600
2022-06-29,0.0026125500,0.0032366200,0.0042479500,0.0052349400,0.0062473400,0.0071877800,0.0080603000,0.0089658000,0.0093138400,0.0095013100,0.0095962800
2022-06-28,0.0025285300,0.0031386100,0.0041340600,0.0051002900,0.0060998900,0.0070330100,0.0079039000,0.0088098400,0.0091720500,0.0093606700,0.0094536600
2022-06-27,0.0024910200,0.0030981100,0.0040966100,0.0050581000,0.0060676000,0.0070069700,0.0079078500,0.0088136600,0.0091788500,0.0093754200,0.0094764600
2022-06-24,0.0025893400,0.0032512900,0.0042635800,0.0052356400,0.0062309300,0.0071533800,0.0080371100,0.0089535000,0.0093042800,0.0095065100,0.0096312100
2022-06-23,0.0026053300,0.0032691800,0.0042627700,0.0052343900,0.0062285000,0.0071504500,0.0080370700,0.0089481700,0.0092992900,0.0095000500,0.0096227900
2022-06-22,0.0024814200,0.0031165200,0.0040806100,0.0050251800,0.0060038400,0.0069306500,0.0077983700,0.0087004900,0.0090679300,0.0092692800,0.0093901700
2022-06-21,0.0024138500,0.0030306500,0.0039637100,0.0049004100,0.0058600900,0.0067914000,0.0076459200,0.0085440200,0.0089114200,0.0091162000,0.0092542600
2022-06-20,0.0026148700,0.0032539900,0.0041331100,0.0050427800,0.0060172100,0.0069428000,0.0078154200,0.0087093300,0.0090844600,0.0093127300,0.0094725000
2022-06-17,0.0026941600,0.0032793100,0.0042238900,0.0051478300,0.0060871200,0.0070143300,0.0078993100,0.0088047400,0.0091964300,0.0094398300,0.0096809600
2022-06-16,0.0027001200,0.0032866300,0.0042445800,0.0051705600,0.0061250000,0.0070426100,0.0079109800,0.0088057000,0.0091976200,0.0094439900,0.0096690000
2022-06-15,0.0026053700,0.0031786200,0.0041127500,0.0050182400,0.0059613100,0.0068495700,0.0077151800,0.0086117000,0.0090008000,0.0092573200,0.0094736600
2022-06-14,0.0027538600,0.0033451000,0.0042961000,0.0052066300,0.0061357900,0.0070167300,0.0078942200,0.0088010700,0.0091968600,0.0094583700,0.0096825500
2022-06-13,0.0026172800,0.0031731500,0.0040881100,0.0049663400,0.0058781000,0.0067570200,0.0076312500,0.0085334200,0.0089299700,0.0091868800,0.0094100900
2022-06-10,0.0024294900,0.0029414300,0.0038080200,0.0046585500,0.0055274200,0.0063662200,0.0072432800,0.0081477700,0.0085508400,0.0088030400,0.0090458500
2022-06-09,0.0021340100,0.0025900500,0.0033993800,0.0042203600,0.0050512800,0.0058545900,0.0067268800,0.0076256900,0.0080237700,0.0082839300,0.0085102600
2022-06-08,0.0021389200,0.0025982000,0.0034076000,0.0042140500,0.0050063000,0.0057781700,0.0066389100,0.0075469000,0.0079488400,0.0081973200,0.0084284900
2022-06-07,0.0020320400,0.0024698400,0.0032579800,0.0040378100,0.0048270600,0.0055895000,0.0064457700,0.0073453500,0.0077436600,0.0079918400,0.0082222800
2022-06-06,0.0019483100,0.0023631800,0.0031489600,0.0039312700,0.0047274800,0.0055007300,0.0063543400,0.0072499000,0.0076459400,0.0079052300,0.0081343000
2022-06-03,0.0019859300,0.0024079600,0.0032080800,0.0040289100,0.0048799700,0.0056622700,0.0065383400,0.0074481100,0.0078476300,0.0080970400,0.0083430700
2022-06-02,0.0019834500,0.0024048000,0.0032047700,0.0040257400,0.0048767500,0.0056616000,0.0065365600,0.0074451300,0.0078445600,0.0080939400,0.0083395400
2022-06-01,0.0019539600,0.0023695200,0.0031769500,0.0040002000,0.0048527100,0.0056538000,0.0065197600,0.0074182200,0.0078162500,0.0080651400,0.0083104500
2022-05-31,0.0019472100,0.0023668200,0.0031670700,0.0039805500,0.0048107200,0.0056384700,0.0065185400,0.0074118200,0.0078112900,0.0080631000,0.0083092500
2022-05-30,0.0019052700,0.0023145800,0.0031210200,0.0039248600,0.0047467700,0.0055816100,0.0064515600,0.0073413100,0.0077382700,0.0079992400,0.0082335900
2022-05-27,0.0019987400,0.0024361700,0.0032530100,0.0040878500,0.0049289300,0.0057693300,0.0066448000,0.0075317800,0.0079294100,0.0081780300,0.0084249200
2022-05-26,0.0021234700,0.0025864900,0.0034147400,0.0042533500,0.0050913600,0.0058907600,0.0067491300,0.0076516600,0.0080466900,0.0082973700,0.0085290200
2022-05-25,0.0022774700,0.0027679900,0.0036178200,0.0044858900,0.0053438900,0.0061800000,0.0070311900,0.0079347500,0.0083319700,0.0085982800,0.0088302700
2022-05-24,0.0023173000,0.0028143200,0.0036616300,0.0045270500,0.0053904400,0.0062100600,0.0070625700,0.0079674700,0.0083640100,0.0086298400,0.0088618800
2022-05-23,0.0022503800,0.0027383400,0.0035887300,0.0044437900,0.0052915400,0.0061153800,0.0069681400,0.0078710500,0.0082660200,0.0085312900,0.0087636400
2022-05-20,0.0022819900,0.0027724600,0.0036264500,0.0044859200,0.0053664500,0.0062093600,0.0070827600,0.0079786300,0.0083728700,0.0086377100,0.0088706500
2022-05-19,0.0023069500,0.0027974500,0.0036539500,0.0045150500,0.0053796800,0.0062158100,0.0070754800,0.0079818600,0.0083805400,0.0086476600,0.0088858500
2022-05-18,0.0022308900,0.0027014400,0.0035278000,0.0043742800,0.0052088400,0.0060091100,0.0068568600,0.0077575800,0.0081504500,0.0084097600,0.0086476400
2022-05-17,0.0021420100,0.0026061600,0.0034298000,0.0042616800,0.0050910900,0.0058879500,0.0067236100,0.0076121500,0.0080023200,0.0082454300,0.0084943700
2022-05-16,0.0021874700,0.0026523300,0.0035002700,0.0043369200,0.0051975400,0.0060140300,0.0068527600,0.0077424300,0.0081344100,0.0083786900,0.0086197600
2022-05-13,0.0021153200,0.0025762100,0.0033947800,0.0042415300,0.0051095300,0.0059448400,0.0068057200,0.0076944300,0.0080855800,0.0083294200,0.0085828400
2022-05-12,0.0021881900,0.0026623400,0.0034915300,0.0043593800,0.0052447000,0.0060894500,0.0069579700,0.0078563500,0.0082498900,0.0084961800,0.0087519000
2022-05-11,0.0021198500,0.0025835800,0.0034111000,0.0042617000,0.0051424500,0.0059832300,0.0068510600,0.0077483800,0.0081422600,0.0083887600,0.0086423100
2022-05-10,0.0022222700,0.0027050100,0.0035446800,0.0044135300,0.0052993800,0.0061377400,0.0069969000,0.0078967700,0.0082883400,0.0085375600,0.0087876200
2022-05-09,0.0023496700,0.0028467300,0.0036872500,0.0045701900,0.0054666400,0.0062979100,0.0071493100,0.0080659400,0.0084501600,0.0087122500,0.0089498600
2022-05-06,0.0022742000,0.0027353000,0.0035701400,0.0044274100,0.0053149100,0.0061291600,0.0069773300,0.0078888200,0.0082855900,0.0085368000,0.0087742000
2022-05-05,0.0021255200,0.0025598900,0.0033584600,0.0041947200,0.0050712900,0.0058785000,0.0067317400,0.0076278800,0.0080199400,0.0082842700,0.0085191500
2022-05-04,0.0021290800,0.0025653500,0.0033659400,0.0042083100,0.0050865600,0.0058955200,0.0067611300,0.0076598400,0.0080445500,0.0083090200,0.0085501400
2022-05-03,0.0020043800,0.0024150200,0.0032128000,0.0040401500,0.0049260400,0.0057777400,0.0066504600,0.0075241700,0.0079190000,0.0081689900,0.0084196100
2022-05-02,0.0021057700,0.0025357900,0.0033048000,0.0041436700,0.0050247600,0.0058292700,0.0066983600,0.0076122700,0.0080122000,0.0082773200,0.0085175600
2022-04-29,0.0021135400,0.0025452300,0.0033322500,0.0041565200,0.0050277700,0.0058312600,0.0066816800,0.0075804000,0.0079806600,0.0082444700,0.0084869600
2022-04-28,0.0019901300,0.0024001700,0.0031872100,0.0040041700,0.0048753600,0.0057106200,0.0065709400,0.0074558000,0.0078523600,0.0081028600,0.0083553100
2022-04-27,0.0020078900,0.0024176700,0.0031918400,0.0040077200,0.0048690900,0.0056933000,0.0065609100,0.0074537500,0.0078543100,0.0081192100,0.0083646000
2022-04-26,0.0020037700,0.0024141600,0.0031909900,0.0039897900,0.0048189900,0.0056001000,0.0064608800,0.0073659300,0.0077701300,0.0080263700,0.0082860700
2022-04-25,0.0019180300,0.0023116300,0.0030689000,0.0038461300,0.0046534800,0.0054228900,0.0062735900,0.0071719300,0.0075738300,0.0078417000,0.0080862200
2022-04-22,0.0018233700,0.0022017500,0.0029457500,0.0037085500,0.0044947300,0.0052509600,0.0061003400,0.0069874400,0.0073918800,0.0076527000,0.0078965300
2022-04-21,0.0017959800,0.0021741800,0.0029088300,0.0036742000,0.0044581700,0.0051981400,0.0060424700,0.0069413300,0.0073583400,0.0076013700,0.0078526000
2022-04-20,0.0018579800,0.0022483800,0.0030084200,0.0038031700,0.0046204200,0.0053960200,0.0062517000,0.0071511300,0.0075875100,0.0078323900,0.0080815700
2022-04-19,0.0019398600,0.0023432100,0.0031219500,0.0039541600,0.0048018000,0.0055983900,0.0064467000,0.0073494100,0.0077735300,0.0080207700,0.0082667700
2022-04-18,0.0018865600,0.0022794700,0.0030684500,0.0038850000,0.0047352600,0.0055375500,0.0064129700,0.0073181500,0.0077442800,0.0080068600,0.0082416200
2022-04-15,0.0018754200,0.0022659200,0.0030452600,0.0038781000,0.0047264200,0.0055277300,0.0064083100,0.0073162300,0.0077444100,0.0080046200,0.0082403600
2022-04-14,0.0019232100,0.0023236100,0.0030730700,0.0038877600,0.0047243300,0.0055463400,0.0064031800,0.0072984300,0.0077261700,0.0079715700,0.0082201900
2022-04-13,0.0019247900,0.0023250400,0.0031023700,0.0039345100,0.0047840600,0.0055813600,0.0064205300,0.0073192900,0.0077645700,0.0080100700,0.0082553800
2022-04-12,0.0018969300,0.0022914000,0.0030675100,0.0038989200,0.0047441000,0.0055353800,0.0063757600,0.0072706100,0.0077409000,0.0079845300,0.0082123300
2022-04-11,0.0018680300,0.0022702700,0.0030595400,0.0038964900,0.0047557800,0.0055246800,0.0063585300,0.0072545100,0.0078036800,0.0080302100,0.0082289000
2022-04-08,0.0019763900,0.0023959200,0.0031738100,0.0040136900,0.0048674200,0.0056792100,0.0065253400,0.0074245000,0.0078229200,0.0080762200,0.0083361700
2022-04-07,0.0019894200,0.0024123400,0.0031830000,0.0040175900,0.0048749600,0.0056698000,0.0065054600,0.0074060100,0.0078041000,0.0080709900,0.0083285600
2022-04-06,0.0020502300,0.0024678900,0.0032593900,0.0041049100,0.0049637600,0.0057804900,0.0066396200,0.0075452600,0.0079506200,0.0082188100,0.0084669000
2022-04-05,0.0019924800,0.0023888900,0.0031645900,0.0040066000,0.0048424700,0.0056309100,0.0064971300,0.0074139000,0.0078241500,0.0080848200,0.0083467400
2022-04-04,0.0017994900,0.0021652700,0.0028465500,0.0036067100,0.0043797600,0.0051022500,0.0059661600,0.0068715900,0.0072711000,0.0075372900,0.0077805900
2022-04-01,0.0017496900,0.0021027700,0.0027859500,0.0035546200,0.0042928500,0.0049795600,0.0058378600,0.0067661000,0.0071647200,0.0074176800,0.0076521000
2022-03-31,0.0016492900,0.0019801100,0.0026964200,0.0034492100,0.0041976200,0.0049367500,0.0057891700,0.0066863500,0.0070814500,0.0073320600,0.0076005100
2022-03-30,0.0016329400,0.0019580900,0.0026935700,0.0034468100,0.0042057800,0.0049595600,0.0058035400,0.0066890600,0.0070817300,0.0073304100,0.0075963100
2022-03-29,0.0016329100,0.0019581600,0.0026625700,0.0033992200,0.0041685200,0.0049364900,0.0057937900,0.0066733400,0.0070650900,0.0073132600,0.0075796300
2022-03-28,0.0017613900,0.0021229600,0.0028493900,0.0036378500,0.0044453700,0.0052345400,0.0060947500,0.0069924000,0.0073899900,0.0076410900,0.0079094100
2022-03-25,0.0017457000,0.0021271100,0.0028694000,0.0036753000,0.0044965000,0.0053089500,0.0061455900,0.0070488100,0.0074483500,0.0077002700,0.0079663100
2022-03-24,0.0018169600,0.0022234300,0.0029885300,0.0038208300,0.0046372700,0.0054407800,0.0062826300,0.0072052300,0.0076153200,0.0078730200,0.0081382600
2022-03-23,0.0017900100,0.0022180000,0.0029944500,0.0038048700,0.0045939300,0.0053465400,0.0061945500,0.0071141300,0.0075399200,0.0078039700,0.0080487900
2022-03-22,0.0016582400,0.0020579500,0.0028135800,0.0035975000,0.0044186800,0.0052350800,0.0060716400,0.0069744100,0.0074600100,0.0076992000,0.0079247700
2022-03-21,0.0016466800,0.0020578900,0.0027940800,0.0035824600,0.0043964500,0.0051946900,0.0060286600,0.0069214900,0.0075195900,0.0077253400,0.0079033800
2022-03-18,0.0013995100,0.0018379300,0.0025581500,0.0032916800,0.0040845500,0.0048950400,0.0057488900,0.0066770600,0.0072983900,0.0074922300,0.0076687700
2022-03-17,0.0012903200,0.0017556900,0.0024593900,0.0031862200,0.0039885800,0.0047835700,0.0056187300,0.0065419600,0.0072006000,0.0073377200,0.0074223300
2022-03-16,0.0012919000,0.0017648800,0.0024853500,0.0032264900,0.0040429900,0.0048631600,0.0057099700,0.0066367300,0.0072965600,0.0074344100,0.0075154600
2022-03-15,0.0014902700,0.0020121500,0.0027769900,0.0035612200,0.0043974300,0.0052588300,0.0061357500,0.0070752600,0.0077383800,0.0078943100,0.0079817800
2022-03-14,0.0014536800,0.0019657800,0.0027163900,0.0034826100,0.0043202100,0.0051486600,0.0060284000,0.0069539100,0.0076004000,0.0077465600,0.0078593600
2022-03-11,0.0015051600,0.0020022400,0.0027455700,0.0035119000,0.0043339400,0.0051651500,0.0060570900,0.0069719600,0.0075588900,0.0077539700,0.0079454500
2022-03-10,0.0014453500,0.0019191600,0.0026890600,0.0034749900,0.0043372200,0.0052396000,0.0060972900,0.0070396700,0.0076294200,0.0078247200,0.0080164600
2022-03-09,0.0014234900,0.0019114200,0.0026704700,0.0034609800,0.0043454600,0.0052200200,0.0060927000,0.0070383500,0.0076313000,0.0078270900,0.0080186800
2022-03-08,0.0016185400,0.0021503700,0.0029640300,0.0038408300,0.0048348200,0.0058048700,0.0066516400,0.0076248900,0.0082311900,0.0084283900,0.0086218800
2022-03-07,0.0016808700,0.0022071900,0.0030049300,0.0038994500,0.0048991100,0.0058948600,0.0067644100,0.0077386700,0.0083670700,0.0085647700,0.0087540600
2022-03-04,0.0014842100,0.0019702000,0.0026877500,0.0035190700,0.0044555600,0.0053738300,0.0062457200,0.0072235600,0.0079332500,0.0081618800,0.0083660100
2022-03-03,0.0013943900,0.0018570400,0.0025070900,0.0032551600,0.0040942600,0.0049277600,0.0058212400,0.0067748800,0.0074613000,0.0076827900,0.0078775800
2022-03-02,0.0013886900,0.0018488800,0.0024829200,0.0032281000,0.0040712500,0.0049032600,0.0057977500,0.0067592400,0.0074443800,0.0076781800,0.0078720800
2022-03-01,0.0014014500,0.0018607100,0.0025029100,0.0032534200,0.0040960100,0.0049252900,0.0058429200,0.0068140500,0.0075082500,0.0077295900,0.0079265900
2022-02-28,0.0013326600,0.0017637200,0.0023956800,0.0031188500,0.0039211500,0.0047242800,0.0056336000,0.0065931300,0.0072268400,0.0074428100,0.0076275600
2022-02-25,0.0012461900,0.0016639700,0.0022702400,0.0029668300,0.0037598300,0.0045402400,0.0054392900,0.0063940600,0.0070551900,0.0072852800,0.0074797500
2022-02-24,0.0013780400,0.0018203600,0.0024632700,0.0032006400,0.0040082300,0.0048174800,0.0057224600,0.0066762200,0.0073604800,0.0075794700,0.0077766600
2022-02-23,0.0012422600,0.0016548200,0.0022439100,0.0029234700,0.0036740900,0.0044433900,0.0053270800,0.0062664200,0.0069106400,0.0071238000,0.0073169700
2022-02-22,0.0012473300,0.0016621000,0.0022643600,0.0029382700,0.0036942200,0.0044599200,0.0053475800,0.0062940100,0.0069156200,0.0071282200,0.0073001900
2022-02-21,0.0012586400,0.0016794900,0.0022821200,0.0029565100,0.0036977900,0.0044693300,0.0053651600,0.0063137100,0.0069784300,0.0071927800,0.0073756600
2022-02-18,0.0011576000,0.0015483700,0.0021159900,0.0027677600,0.0034956200,0.0042227900,0.0051168900,0.0060486200,0.0066609700,0.0068602700,0.0070450600
2022-02-17,0.0011386200,0.0015272000,0.0020830000,0.0027149500,0.0034250300,0.0041274400,0.0050353100,0.0059452200,0.0065846900,0.0067928700,0.0069708500
2022-02-16,0.0010937900,0.0014713500,0.0020153400,0.0026419100,0.0033430500,0.0040467400,0.0049435900,0.0058731900,0.0064918200,0.0066904700,0.0068747700
2022-02-15,0.0010919600,0.0014703200,0.0020224700,0.0026604300,0.0033621000,0.0040759700,0.0049618600,0.0058970700,0.0065397400,0.0067485700,0.0069367700
2022-02-14,0.0011581500,0.0015467900,0.0021178000,0.0027758200,0.0034967900,0.0042185800,0.0051164900,0.0060607500,0.0067302400,0.0069416400,0.0071310300
2022-02-11,0.0011245400,0.0015104300,0.0020538300,0.0026803000,0.0033711300,0.0040851900,0.0049947000,0.0059353900,0.0065890800,0.0067998100,0.0069922800
2022-02-10,0.0010592000,0.0014192000,0.0019679200,0.0026009000,0.0032944700,0.0039891400,0.0048847900,0.0058190900,0.0064751500,0.0066702300,0.0068594300
2022-02-09,0.0010028800,0.0013675700,0.0019073500,0.0025501300,0.0032423800,0.0039318100,0.0048268900,0.0057622300,0.0063940600,0.0065922000,0.0067627400
2022-02-08,0.0010535800,0.0014315100,0.0019876300,0.0026395400,0.0033453100,0.0040581100,0.0049392900,0.0058792200,0.0065181600,0.0067168200,0.0068837300
2022-02-07,0.0011929700,0.0015949500,0.0021680800,0.0028442300,0.0035752200,0.0043062000,0.0052003300,0.0061412100,0.0068153000,0.0070282800,0.0072044700
2022-02-04,0.0011459700,0.0015369100,0.0020902800,0.0027405300,0.0034368800,0.0041357200,0.0050327300,0.0059575600,0.0066296700,0.0068414000,0.0070305700
2022-02-03,0.0010226200,0.0013846100,0.0018982800,0.0025134300,0.0031822500,0.0038433200,0.0047326800,0.0056504800,0.0062861400,0.0064925900,0.0066814300
2022-02-02,0.0009300000,0.0012661100,0.0017656200,0.0023570700,0.0030011900,0.0036458000,0.0045282500,0.0054472300,0.0060723400,0.0062764000,0.0064649400
2022-02-01,0.0009555400,0.0012975000,0.0018070400,0.0024180600,0.0030627200,0.0037290200,0.0046148100,0.0055334300,0.0061690400,0.0063747400,0.0065516600
2022-01-31,0.0009932700,0.0013504700,0.0018752500,0.0025004700,0.0031769700,0.0038493600,0.0047293800,0.0056524600,0.0062824900,0.0064888900,0.0066789800
2022-01-28,0.0010217000,0.0013869000,0.0019282400,0.0025515100,0.0032064500,0.0038902700,0.0047776900,0.0057013500,0.0063540400,0.0065616300,0.0067393900
2022-01-27,0.0009361600,0.0012825600,0.0018138000,0.0024286000,0.0030736300,0.0037388800,0.0046194600,0.0055374300,0.0061757000,0.0063796900,0.0065573000
2022-01-26,0.0009209700,0.0012654800,0.0017937700,0.0024104600,0.0030573300,0.0037276200,0.0046058800,0.0055176800,0.0061309900,0.0063269800,0.0065105800
2022-01-25,0.0009659300,0.0013177800,0.0018628000,0.0024874700,0.0031523700,0.0038382400,0.0047188700,0.0056386300,0.0062706800,0.0064700200,0.0066542100
2022-01-24,0.0010015100,0.0013594300,0.0019113300,0.0025409600,0.0032086800,0.0039023100,0.0047883800,0.0057125700,0.0063661000,0.0065776700,0.0067663000
2022-01-21,0.0009726200,0.0013190900,0.0018654400,0.0024773700,0.0031350300,0.0038204100,0.0047028300,0.0056277300,0.0062669000,0.0064872800,0.0066687300
2022-01-20,0.0009066900,0.0012403900,0.0017745600,0.0023809000,0.0030483600,0.0037074700,0.0045707800,0.0055095400,0.0061477600,0.0063518500,0.0065418500
2022-01-19,0.0009322100,0.0012741600,0.0018087000,0.0024190400,0.0030886700,0.0037587200,0.0046360400,0.0055578600,0.0061876700,0.0063923400,0.0065851000
2022-01-18,0.0009709200,0.0013234200,0.0018682100,0.0024792500,0.0031449100,0.0038144200,0.0047024800,0.0056256300,0.0062564000,0.0064612800,0.0066549300
2022-01-17,0.0009386300,0.0012826700,0.0018144700,0.0024129200,0.0030617200,0.0037182400,0.0045957400,0.0055127900,0.0061261800,0.0063234600,0.0065132600
2022-01-14,0.0009119200,0.0012444100,0.0017583300,0.0023478600,0.0029933100,0.0036320700,0.0044962300,0.0054070400,0.0060274800,0.0062292100,0.0064227800
2022-01-13,0.0008764800,0.0012091400,0.0017227600,0.0022924800,0.0029239000,0.0035549000,0.0044357800,0.0053417300,0.0059489800,0.0061444800,0.0063364600
2022-01-12,0.0008513800,0.0011787500,0.0016897800,0.0022555400,0.0028747100,0.0035076000,0.0044016600,0.0052886700,0.0058911800,0.0060857200,0.0062756700
2022-01-11,0.0008577800,0.0011773000,0.0016746400,0.0022469800,0.0028870500,0.0035226000,0.0043966600,0.0052709700,0.0058826300,0.0060810600,0.0062717800
2022-01-10,0.0009218000,0.0012519800,0.0017702700,0.0023544800,0.0029929200,0.0036407000,0.0045197600,0.0053987600,0.0060012300,0.0061955100,0.0063843600
2022-01-07,0.0009018600,0.0012317600,0.0017463900,0.0023104500,0.0029460700,0.0035797200,0.0044343000,0.0053229600,0.0059418200,0.0061438900,0.0063366000
2022-01-06,0.0008873600,0.0012143400,0.0017190200,0.0022885000,0.0029095800,0.0035400100,0.0044197600,0.0052987300,0.0059169800,0.0061183800,0.0063092300
2022-01-05,0.0008262800,0.0011412100,0.0016360400,0.0022111100,0.0028374300,0.0034484300,0.0043272300,0.0052010900,0.0058177500,0.0060176400,0.0061992900
2022-01-04,0.0007678000,0.0010623700,0.0015563600,0.0021282300,0.0027380300,0.0033531800,0.0042367200,0.0051089100,0.0057170700,0.0059142700,0.0061045600
2022-01-03,0.0008123300,0.0011304200,0.0015998500,0.0021612900,0.0027650400,0.0033910800,0.0042233700,0.0051186000,0.0057264200,0.0059216700,0.0061087700
2021-12-31,0.0008233800,0.0011443500,0.0016165000,0.0021685200,0.0027630900,0.0034077000,0.0042517900,0.0051364200,0.0057463000,0.0059423600,0.0061303600
2021-12-30,0.0008733100,0.0012026300,0.0017255600,0.0022791700,0.0028748400,0.0034963400,0.0043813700,0.0052616300,0.0058850300,0.0060856600,0.0062785700
2021-12-29,0.0008109600,0.0011167800,0.0016303000,0.0022252400,0.0028732000,0.0034935300,0.0043760500,0.0052364200,0.0058552300,0.0060544600,0.0062461000
2021-12-28,0.0008213700,0.0011328800,0.0015954300,0.0021912200,0.0028422100,0.0034551800,0.0043253200,0.0051896300,0.0057959900,0.0059933900,0.0061853700
2021-12-27,0.0008227400,0.0011345300,0.0015950100,0.0021907700,0.0028423400,0.0034558700,0.0043260000,0.0051893300,0.0057928800,0.0059889200,0.0061805400
2021-12-24,0.0008114300,0.0011190200,0.0015818300,0.0021817300,0.0028388900,0.0034554300,0.0043270500,0.0051862200,0.0057786600,0.0059690400,0.0061569500
2021-12-23,0.0008195400,0.0011288800,0.0016212000,0.0022135300,0.0028550100,0.0035016100,0.0043596200,0.0052363400,0.0058385800,0.0060310300,0.0062183100
2021-12-22,0.0008236700,0.0011346000,0.0016494100,0.0022523400,0.0029103200,0.0035671400,0.0044125000,0.0052852900,0.0058998500,0.0061004900,0.0062942400
2021-12-21,0.0008444900,0.0011608600,0.0016669400,0.0022891000,0.0029380000,0.0036051700,0.0044465200,0.0053184700,0.0059346500,0.0061361200,0.0063298200
2021-12-20,0.0008757900,0.0012060600,0.0017311100,0.0023390500,0.0029904700,0.0036608600,0.0045051000,0.0053844800,0.0060047800,0.0062083300,0.0064048900
2021-12-17,0.0008801700,0.0012127200,0.0017243000,0.0023107300,0.0029577000,0.0035868400,0.0044328400,0.0053177900,0.0059328500,0.0061353300,0.0063333100
2021-12-16,0.0008429300,0.0011651800,0.0016716700,0.0022549200,0.0029086400,0.0035539800,0.0043906600,0.0052564200,0.0058486700,0.0060438800,0.0062393800
2021-12-15,0.0008609200,0.0011899000,0.0017098900,0.0023207200,0.0029830200,0.0036432900,0.0044702400,0.0053310600,0.0059222000,0.0061002400,0.0062874500
2021-12-14,0.0009222400,0.0012649500,0.0017956100,0.0023950000,0.0030280600,0.0037013400,0.0045607400,0.0054346600,0.0060335200,0.0062278600,0.0064089100
2021-12-13,0.0008283900,0.0011438500,0.0016967300,0.0023148800,0.0029907900,0.0036503600,0.0044809000,0.0053291000,0.0059237000,0.0061162200,0.0063044900
2021-12-10,0.0009286700,0.0012677600,0.0017971800,0.0023958000,0.0030574200,0.0037193000,0.0045805000,0.0054431300,0.0060772800,0.0062817600,0.0064761100
2021-12-09,0.0009191800,0.0012540100,0.0017904000,0.0023887200,0.0030526500,0.0037146700,0.0045657000,0.0054400900,0.0060632100,0.0062671500,0.0064622100
2021-12-08,0.0009560000,0.0012984800,0.0018689800,0.0024759200,0.0031372400,0.0037950200,0.0046743400,0.0055563200,0.0061968500,0.0064040600,0.0066005000
2021-12-07,0.0009438200,0.0012844600,0.0018408100,0.0024422000,0.0030977400,0.0037776300,0.0046385700,0.0055131100,0.0061458300,0.0063516700,0.0065480600
2021-12-06,0.0010230500,0.0013853300,0.0019480100,0.0025752300,0.0032591900,0.0039649200,0.0048287100,0.0057035600,0.0063469700,0.0065565500,0.0067562900
2021-12-03,0.0010235300,0.0013978500,0.0019612400,0.0025740700,0.0032508800,0.0039508900,0.0048131800,0.0056952700,0.0063363200,0.0065459100,0.0067456200
2021-12-02,0.0010125600,0.0013799300,0.0019414800,0.0025633400,0.0032380700,0.0039499300,0.0048068800,0.0056769200,0.0063097400,0.0065152800,0.0067127500
2021-12-01,0.0009754200,0.0013164300,0.0018876700,0.0025046700,0.0031844400,0.0038881500,0.0047224100,0.0056030200,0.0062091400,0.0064015700,0.0065886600
2021-11-30,0.0010397900,0.0014007600,0.0019682200,0.0026014100,0.0032897500,0.0039998200,0.0048645000,0.0057391700,0.0063743500,0.0065813900,0.0067790300
2021-11-29,0.0010216800,0.0013798800,0.0019530700,0.0025859200,0.0032782700,0.0039810800,0.0048587200,0.0057379400,0.0063641100,0.0065681900,0.0067654000
2021-11-26,0.0011031900,0.0014838700,0.0020708000,0.0027231800,0.0034412600,0.0041595100,0.0050459900,0.0059333300,0.0065489400,0.0067469300,0.0069419800
2021-11-25,0.0009832500,0.0013452200,0.0018984800,0.0025218900,0.0032124000,0.0039016800,0.0047669700,0.0056418200,0.0062723700,0.0064791900,0.0066784600
2021-11-24,0.0009899200,0.0013559300,0.0019037400,0.0025141800,0.0031774200,0.0038535300,0.0047233500,0.0055965400,0.0062148600,0.0064136300,0.0066087000
2021-11-23,0.0009439900,0.0012906400,0.0018259200,0.0024155500,0.0030577200,0.0037028800,0.0045723500,0.0054604800,0.0060842300,0.0062912400,0.0064907300
2021-11-22,0.0009202600,0.0012625900,0.0017564700,0.0023261500,0.0029441200,0.0035700600,0.0044315100,0.0053155500,0.0059292200,0.0061320000,0.0063268100
2021-11-19,0.0008914100,0.0012344700,0.0017379200,0.0022964200,0.0029585200,0.0035842200,0.0044700200,0.0053485100,0.0059671000,0.0061720900,0.0063704200
2021-11-18,0.0008761400,0.0012054700,0.0016998800,0.0022577000,0.0028964400,0.0035374800,0.0044104900,0.0052870200,0.0058995200,0.0061014400,0.0062969100
2021-11-17,0.0009117900,0.0012544000,0.0017574400,0.0023051700,0.0029054200,0.0035180700,0.0044021500,0.0052871300,0.0058861100,0.0060807700,0.0062709900
2021-11-16,0.0008751500,0.0012025000,0.0017102000,0.0022695300,0.0029058700,0.0035521900,0.0044052600,0.0052759800,0.0058756500,0.0060711600,0.0062613600
2021-11-15,0.0008970400,0.0012207800,0.0017428900,0.0022936100,0.0029096000,0.0035388200,0.0043906700,0.0052806500,0.0059159700,0.0061229100,0.0063174100
2021-11-12,0.0008922100,0.0011851900,0.0016954100,0.0022534900,0.0028806400,0.0035112800,0.0043787700,0.0052623700,0.0059056300,0.0061307900,0.0063370500
2021-11-11,0.0008675700,0.0011431000,0.0016692200,0.0022416100,0.0028578700,0.0034773200,0.0043423200,0.0052255800,0.0058533300,0.0060792900,0.0062616400
2021-11-10,0.0008577000,0.0011472500,0.0016747500,0.0022251400,0.0028163800,0.0034411800,0.0043107800,0.0052169300,0.0058471800,0.0060867800,0.0062945000
2021-11-09,0.0008011600,0.0010611700,0.0016308500,0.0021958400,0.0028185000,0.0034494700,0.0043100200,0.0052061700,0.0058335800,0.0060706400,0.0062533800
2021-11-08,0.0007810400,0.0010456000,0.0015657100,0.0021358300,0.0027698200,0.0033856700,0.0042610600,0.0051325400,0.0057665700,0.0059881700,0.0061961200
2021-11-05,0.0008163200,0.0010895300,0.0016000200,0.0021670300,0.0027860400,0.0034105500,0.0042605200,0.0051355900,0.0057473100,0.0059632000,0.0061783600
2021-11-04,0.0008547700,0.0011375100,0.0016351100,0.0022004300,0.0028215000,0.0034514300,0.0043072100,0.0051850400,0.0058069200,0.0060306800,0.0062395700
2021-11-03,0.0008743400,0.0011539800,0.0016769400,0.0022455500,0.0028695100,0.0034935200,0.0043448200,0.0052306900,0.0058533300,0.0060875100,0.0062936800
2021-11-02,0.0009092000,0.0012005300,0.0017151300,0.0022795400,0.0029329300,0.0035620700,0.0044317100,0.0053039300,0.0059149200,0.0061313300,0.0063375500
2021-11-01,0.0009450900,0.0012479700,0.0017811500,0.0023582700,0.0029976500,0.0036347200,0.0045018600,0.0053822300,0.0060211600,0.0062478800,0.0064605300
2021-10-29,0.0009473800,0.0012522500,0.0017825900,0.0023601100,0.0029888400,0.0036331900,0.0044912700,0.0053795600,0.0060089400,0.0062357400,0.0064501200
2021-10-28,0.0008756700,0.0011612000,0.0016774000,0.0022581500,0.0028924200,0.0035333500,0.0043876700,0.0052528500,0.0058873500,0.0061115600,0.0063211400
2021-10-27,0.0008185600,0.0010900000,0.0016029900,0.0021990900,0.0028459000,0.0034862900,0.0043292300,0.0051765900,0.0057841200,0.0060127200,0.0062197700
2021-10-26,0.0009017300,0.0011982200,0.0016680200,0.0022144200,0.0028236800,0.0034503600,0.0043035000,0.0051705800,0.0057897600,0.0060051800,0.0062094200
2021-10-25,0.0009228200,0.0012241500,0.0017659700,0.0023016300,0.0029068100,0.0035357100,0.0044118900,0.0053005600,0.0059346200,0.0061626300,0.0063749300
2021-10-22,0.0009216800,0.0012243900,0.0017366600,0.0022893000,0.0028945500,0.0035237400,0.0043877100,0.0052839100,0.0059116600,0.0061509700,0.0063614800
2021-10-21,0.0008913400,0.0011816500,0.0016975500,0.0022584100,0.0028825800,0.0035136100,0.0043728600,0.0052646400,0.0058921500,0.0061282900,0.0063352500
2021-10-20,0.0009102100,0.0012057100,0.0017060200,0.0022615700,0.0028791200,0.0034932700,0.0043754300,0.0052485600,0.0058897500,0.0061085600,0.0062951100
2021-10-19,0.0009364600,0.0012241700,0.0017321700,0.0022866100,0.0028919200,0.0034943900,0.0043871900,0.0052715000,0.0059416100,0.0061367800,0.0062499700
2021-10-18,0.0009596100,0.0012437900,0.0017709600,0.0023426500,0.0029703300,0.0036032200,0.0044754200,0.0053649700,0.0060132100,0.0062190600,0.0063344600
2021-10-15,0.0009252800,0.0012118900,0.0017370300,0.0023111300,0.0029543400,0.0035871700,0.0044577900,0.0053510400,0.0060079800,0.0062223900,0.0063637000
2021-10-14,0.0009278400,0.0012283000,0.0017771000,0.0023569900,0.0029939600,0.0036420200,0.0045322100,0.0054376500,0.0060703000,0.0062983500,0.0065255500
2021-10-13,0.0010045200,0.0013269600,0.0018834900,0.0024659200,0.0031167000,0.0037738000,0.0046698300,0.0055715200,0.0062076100,0.0064368100,0.0066635000
2021-10-12,0.0010255900,0.0013491600,0.0019162300,0.0025236800,0.0031911700,0.0038653900,0.0047244300,0.0056176700,0.0062451200,0.0064649800,0.0066738100
2021-10-11,0.0010216800,0.0013517300,0.0019072000,0.0025062800,0.0031583900,0.0038083700,0.0046827400,0.0055735100,0.0062041400,0.0064317000,0.0066476600
2021-10-08,0.0010108800,0.0013339800,0.0018706700,0.0024529100,0.0030987200,0.0037454300,0.0046339100,0.0055340500,0.0061494200,0.0063688200,0.0065902500
2021-10-07,0.0009845900,0.0013069100,0.0018459600,0.0024290100,0.0030768300,0.0037187200,0.0045936300,0.0055085000,0.0061449800,0.0063721800,0.0065862700
2021-10-06,0.0010273300,0.0013553700,0.0019037800,0.0024879000,0.0031266000,0.0037790800,0.0046559500,0.0055617900,0.0061881700,0.0064082000,0.0066186600
2021-10-05,0.0009610600,0.0012694300,0.0018251600,0.0024179600,0.0030455300,0.0036867200,0.0045391200,0.0054392700,0.0060715200,0.0062983100,0.0065212400
2021-10-04,0.0009777100,0.0012985100,0.0018540400,0.0024584200,0.0030757500,0.0037048400,0.0045523500,0.0054526500,0.0061010500,0.0063300000,0.0065411000
2021-10-01,0.0009511000,0.0012528700,0.0017839700,0.0023604100,0.0029717400,0.0035907700,0.0044507300,0.0053466000,0.0059801300,0.0062162900,0.0064236500
2021-09-30,0.0009477500,0.0012520600,0.0017517100,0.0022958500,0.0028997400,0.0035253400,0.0043977600,0.0053022000,0.0059260400,0.0061399100,0.0063342800
2021-09-29,0.0008947000,0.0011824000,0.0016887200,0.0022729800,0.0028907300,0.0035041200,0.0043675800,0.0052474600,0.0058816400,0.0061009500,0.0062870500
2021-09-28,0.0009480800,0.0012365600,0.0017612600,0.0023273800,0.0029345300,0.0035445600,0.0044105200,0.0053015700,0.0059649700,0.0061587700,0.0062730300
2021-09-27,0.0009597100,0.0012505500,0.0017530600,0.0023261000,0.0029223300,0.0035162600,0.0043748500,0.0052697300,0.0059315800,0.0061183300,0.0062275500
2021-09-24,0.0009509800,0.0012379700,0.0017336300,0.0022872500,0.0028935800,0.0034872300,0.0043471200,0.0052511800,0.0059155000,0.0061100400,0.0062239600
2021-09-23,0.0009470200,0.0012260400,0.0017128800,0.0022544000,0.0028602400,0.0034606100,0.0043491900,0.0052406000,0.0059038900,0.0060981000,0.0062116500
2021-09-22,0.0009278100,0.0012016800,0.0017051200,0.0022402400,0.0028454900,0.0034553300,0.0043424800,0.0052373500,0.0059158000,0.0061107800,0.0062228000
2021-09-21,0.0009696600,0.0012524100,0.0017662500,0.0022960800,0.0029073700,0.0035243700,0.0044253800,0.0053281200,0.0059936100,0.0061919200,0.0063113300
2021-09-20,0.0009661600,0.0012427100,0.0017298000,0.0022611400,0.0028856900,0.0035124200,0.0043773400,0.0052741100,0.0058798700,0.0060791000,0.0062200300
2021-09-17,0.0008426400,0.0010987600,0.0015493900,0.0020079900,0.0025623500,0.0031166600,0.0040501900,0.0049987400,0.0054341400,0.0056572900,0.0058335200
2021-09-16,0.0007730700,0.0010068500,0.0014751100,0.0019392000,0.0024932600,0.0030898200,0.0039779300,0.0049027800,0.0053511400,0.0055723800,0.0057432900
2021-09-15,0.0008115900,0.0010488700,0.0015205200,0.0020093100,0.0025414800,0.0031171300,0.0040155900,0.0049059400,0.0053632400,0.0055890400,0.0057603200
2021-09-14,0.0008183600,0.0010649700,0.0015353700,0.0020220000,0.0025673100,0.0031465200,0.0040306100,0.0049265800,0.0053867900,0.0056162700,0.0057859300
2021-09-13,0.0007988500,0.0010344800,0.0015208600,0.0020090200,0.0025581600,0.0031262900,0.0040251700,0.0049136600,0.0053774600,0.0056207100,0.0057726400
2021-09-10,0.0008255300,0.0010743400,0.0015332300,0.0020181700,0.0025716400,0.0031321900,0.0040063500,0.0049037500,0.0053871700,0.0056116600,0.0057625300
2021-09-09,0.0008108900,0.0010460400,0.0015033300,0.0019830500,0.0025308500,0.0030983500,0.0039799600,0.0048850500,0.0053845300,0.0055983800,0.0057396100
2021-09-08,0.0008284800,0.0010826800,0.0015340800,0.0019689700,0.0025381800,0.0031230000,0.0039231700,0.0047814200,0.0054384500,0.0056160900,0.0057191400
2021-09-07,0.0007520300,0.0009834600,0.0014681200,0.0019552900,0.0025104400,0.0030910600,0.0040229100,0.0049234500,0.0055871100,0.0057572600,0.0058661400
2021-09-06,0.0007713700,0.0010030600,0.0014565100,0.0019401200,0.0024952500,0.0030731800,0.0040208600,0.0049502600,0.0056223800,0.0058056400,0.0059115100
2021-09-03,0.0007465100,0.0010061600,0.0014950500,0.0019808300,0.0025422700,0.0030915000,0.0039755300,0.0048370400,0.0054846300,0.0056433000,0.0057266100
2021-09-02,0.0007899400,0.0010251500,0.0014836900,0.0019530600,0.0025061100,0.0030899000,0.0039199600,0.0047965300,0.0054293100,0.0056078400,0.0057156600
2021-09-01,0.0007675700,0.0010249800,0.0014994900,0.0019378800,0.0024966700,0.0030926600,0.0039242700,0.0048085700,0.0054344800,0.0055927100,0.0056783200
2021-08-31,0.0007452100,0.0009722300,0.0014431200,0.0018910800,0.0024745300,0.0030867000,0.0038948300,0.0047669600,0.0053957700,0.0055761300,0.0056860500
2021-08-30,0.0008319900,0.0010747400,0.0015124500,0.0019551900,0.0025135600,0.0030931200,0.0039109300,0.0048019800,0.0054270500,0.0056064600,0.0057173600
2021-08-27,0.0008088300,0.0010444100,0.0015294000,0.0019914000,0.0025388600,0.0031354700,0.0039685800,0.0048458600,0.0054819700,0.0056651700,0.0057781900
2021-08-26,0.0007961800,0.0010285400,0.0014930000,0.0019779800,0.0025399900,0.0031520700,0.0039539700,0.0047937700,0.0054233800,0.0056014300,0.0057127800
2021-08-25,0.0007700400,0.0010004200,0.0014613300,0.0019323100,0.0025243100,0.0031116800,0.0039281400,0.0047878100,0.0054182600,0.0055818900,0.0056945200
2021-08-24,0.0009090400,0.0011844400,0.0015614400,0.0019647400,0.0025267900,0.0031245300,0.0039374800,0.0047869000,0.0054056600,0.0055703000,0.0056860400
2021-08-23,0.0008568700,0.0011152900,0.0015152000,0.0019659300,0.0025428800,0.0031426300,0.0039063400,0.0047953500,0.0054033300,0.0055297900,0.0056588900
2021-08-20,0.0008794900,0.0011426900,0.0015631300,0.0020029500,0.0025597600,0.0031849700,0.0039130900,0.0048171700,0.0054312700,0.0055781600,0.0057039600
2021-08-19,0.0008794900,0.0011426900,0.0015631300,0.0020029500,0.0025597600,0.0031849700,0.0039130900,0.0048171700,0.0054312700,0.0055781600,0.0057039600
2021-08-18,0.0009326700,0.0012049600,0.0015542700,0.0019901400,0.0025947600,0.0031939200,0.0039347400,0.0048463500,0.0054810600,0.0056639500,0.0058013100
2021-08-17,0.0008028700,0.0010473400,0.0014600000,0.0019402100,0.0025685100,0.0031882300,0.0039747900,0.0048700600,0.0054994500,0.0056785100,0.0058143500
2021-08-16,0.0008143300,0.0010832500,0.0014449300,0.0019466000,0.0025770300,0.0031702800,0.0039465500,0.0048480500,0.0055014200,0.0056610900,0.0057730900
2021-08-13,0.0008403700,0.0010833700,0.0013765300,0.0018713600,0.0025161600,0.0031252800,0.0038506600,0.0047767800,0.0054257600,0.0056061400,0.0057397800
2021-08-12,0.0008642900,0.0011139100,0.0014538500,0.0019409000,0.0025425200,0.0031366400,0.0039158500,0.0048270400,0.0054817600,0.0056587200,0.0058048000
2021-08-11,0.0008610500,0.0011095700,0.0016132800,0.0019322900,0.0025317800,0.0031234000,0.0039027400,0.0056042600,0.0063544700,0.0065461900,0.0067223800
2021-08-10,0.0008355400,0.0010764700,0.0015833300,0.0019320800,0.0025183500,0.0031136300,0.0038979400,0.0047925700,0.0054423900,0.0056079100,0.0057599700
2021-08-09,0.0008406300,0.0010816300,0.0014000300,0.0018991400,0.0025071100,0.0030936800,0.0039832100,0.0047679700,0.0054090700,0.0055707000,0.0057207000
2021-08-06,0.0008557300,0.0011006100,0.0014299000,0.0019117300,0.0025051800,0.0031078900,0.0043317300,0.0047813700,0.0054243600,0.0055872400,0.0057377100
2021-08-05,0.0009360700,0.0012098700,0.0015455200,0.0019984900,0.0025612500,0.0031357500,0.0038820400,0.0048032100,0.0054306000,0.0055921000,0.0057369700
2021-08-04,0.0008240400,0.0010714600,0.0014304900,0.0019228300,0.0025384000,0.0031502100,0.0039162300,0.0048198900,0.0054351200,0.0055839700,0.0056866200
2021-08-03,0.0008500400,0.0010996100,0.0014337000,0.0019495600,0.0025727400,0.0031878800,0.0039435600,0.0048441000,0.0054522300,0.0055998400,0.0056681000
2021-08-02,0.0007485700,0.0010075300,0.0014706500,0.0019811300,0.0025501100,0.0031634700,0.0040000300,0.0048751900,0.0054900600,0.0056441600,0.0057363900
2021-07-30,0.0008492300,0.0011112400,0.0015358900,0.0021269600,0.0025746300,0.0031950900,0.0040251100,0.0049042500,0.0055263400,0.0057095100,0.0058681200
2021-07-29,0.0008125800,0.0011000500,0.0015134000,0.0020271800,0.0026128100,0.0032188500,0.0040160000,0.0049051700,0.0054970400,0.0057041200,0.0059242800
2021-07-28,0.0008883900,0.0011989600,0.0015927900,0.0021988400,0.0026831500,0.0033080300,0.0040937700,0.0049806800,0.0055767200,0.0057841000,0.0059784600
2021-07-27,0.0008579200,0.0011532500,0.0015552600,0.0020846800,0.0027049200,0.0033249500,0.0041043800,0.0049713900,0.0055766300,0.0057698200,0.0059857900
2021-07-26,0.0008836800,0.0011410700,0.0015700400,0.0020595700,0.0026729800,0.0032854300,0.0040648300,0.0049616600,0.0055957900,0.0057816300,0.0059345500
2021-07-23,0.0008159200,0.0010647100,0.0015180600,0.0020334400,0.0026604500,0.0032873100,0.0040745600,0.0049460400,0.0055715900,0.0057601600,0.0059290800
2021-07-22,0.0008488500,0.0011438900,0.0015672100,0.0020821800,0.0027024700,0.0033394400,0.0041229200,0.0050000100,0.0055977700,0.0058110500,0.0060343200
2021-07-21,0.0008004400,0.0010757800,0.0015879200,0.0021274800,0.0027566900,0.0033956300,0.0042363400,0.0051030600,0.0057068000,0.0059254400,0.0061534900
2021-07-20,0.0008971800,0.0011991100,0.0016687700,0.0022003100,0.0028553300,0.0034937200,0.0043183300,0.0052014800,0.0058097800,0.0060413500,0.0062719200
2021-07-19,0.0008972600,0.0011928700,0.0016528300,0.0021624700,0.0028061800,0.0034332600,0.0043091000,0.0051341600,0.0057387500,0.0059545500,0.0061815700
2021-07-16,0.0009272700,0.0012447800,0.0017296800,0.0020944500,0.0026922300,0.0032879800,0.0046142500,0.0049751200,0.0055840900,0.0058001100,0.0060253300
2021-07-15,0.0009792800,0.0013140000,0.0015903700,0.0020697900,0.0027333800,0.0033396900,0.0040208900,0.0049515100,0.0055475800,0.0057607400,0.0059937700
2021-07-14,0.0009472000,0.0012709300,0.0015857800,0.0020855600,0.0027096400,0.0033230500,0.0040422100,0.0049520700,0.0055465300,0.0057587100,0.0059814500
2021-07-13,0.0009838400,0.0013237600,0.0016326600,0.0021308300,0.0027691300,0.0033920900,0.0040813700,0.0050080600,0.0056066500,0.0058159700,0.0060469500
2021-07-12,0.0009361500,0.0012609700,0.0016410600,0.0021531500,0.0027833500,0.0034051500,0.0041574200,0.0050772100,0.0056824700,0.0058980600,0.0061210000
2021-07-09,0.0008665300,0.0011670000,0.0016006400,0.0021194100,0.0027653100,0.0033934500,0.0041850500,0.0050788700,0.0056746200,0.0058849600,0.0060799700
2021-07-08,0.0008758700,0.0011735500,0.0016189400,0.0021618700,0.0028010700,0.0034385300,0.0042372100,0.0051304200,0.0057391300,0.0059558300,0.0061826800
2021-07-07,0.0008330300,0.0011265300,0.0015731100,0.0021151300,0.0027412800,0.0033631000,0.0041792500,0.0050685100,0.0056956700,0.0059131100,0.0061390500
2021-07-06,0.0007955400,0.0010663100,0.0014931800,0.0020161800,0.0027205900,0.0033546500,0.0041995100,0.0048361100,0.0054472600,0.0056554300,0.0058582900
2021-07-05,0.0007792700,0.0010071900,0.0015056600,0.0020788100,0.0026994000,0.0033221700,0.0041639300,0.0050124000,0.0056508400,0.0058360900,0.0059708200
2021-07-02,0.0007871300,0.0010258900,0.0014718800,0.0020507200,0.0026653500,0.0033114400,0.0041378800,0.0049742500,0.0056283800,0.0058131100,0.0059477600
2021-07-01,0.0007738200,0.0010043300,0.0014351500,0.0020180600,0.0026527200,0.0032769100,0.0041200800,0.0049621200,0.0055834100,0.0057707700,0.0059304900
2021-06-30,0.0007767200,0.0010478500,0.0015120400,0.0020889500,0.0027192300,0.0033772700,0.0042233000,0.0050818300,0.0056735700,0.0058893300,0.0061327700
2021-06-29,0.0008708300,0.0011764800,0.0014811500,0.0020033000,0.0026958900,0.0033169200,0.0040555200,0.0049637000,0.0055068400,0.0057012100,0.0059331300
2021-06-28,0.0008266400,0.0011158800,0.0015104000,0.0020413900,0.0027092500,0.0033426900,0.0041020000,0.0049983100,0.0054919100,0.0057385200,0.0060120200
2021-06-25,0.0007468800,0.0010015600,0.0015189900,0.0020725000,0.0026979000,0.0033182300,0.0041797700,0.0050336900,0.0056116800,0.0058449000,0.0060861600
2021-06-24,0.0007821900,0.0010567700,0.0015398200,0.0021032300,0.0027360700,0.0033699600,0.0042114800,0.0050687900,0.0055713700,0.0058221900,0.0060946500
2021-06-23,0.0008337800,0.0011304300,0.0015754900,0.0021049900,0.0027337600,0.0033669700,0.0041604900,0.0050324800,0.0056091100,0.0058420700,0.0060709700
2021-06-22,0.0008968300,0.0012026400,0.0016142900,0.0021441400,0.0027783300,0.0034165500,0.0042008300,0.0050748800,0.0055765200,0.0058248300,0.0060842500
2021-06-21,0.0009349900,0.0012420900,0.0017597700,0.0022064700,0.0028365800,0.0034873400,0.0043167000,0.0052067300,0.0058221700,0.0060545400,0.0062838500
2021-06-18,0.0007942800,0.0010630200,0.0015767700,0.0021251000,0.0027653700,0.0034138100,0.0042891700,0.0051682000,0.0057741800,0.0059880200,0.0062281500
2021-06-17,0.0008640600,0.0011601300,0.0015853200,0.0021099300,0.0027658400,0.0034121000,0.0042153700,0.0051075900,0.0057177800,0.0059392100,0.0061800800
2021-06-16,0.0008798200,0.0011809900,0.0015690100,0.0020805800,0.0027167600,0.0033701200,0.0041113600,0.0049565800,0.0055707000,0.0057993300,0.0060184200
2021-06-15,0.0009307400,0.0012478900,0.0015916900,0.0020813500,0.0027258200,0.0033599900,0.0040703700,0.0049697200,0.0055800300,0.0058072600,0.0060263600
2021-06-14,0.0008872800,0.0011774400,0.0016030500,0.0021145300,0.0027342900,0.0033642800,0.0041257700,0.0049911900,0.0055873900,0.0058080200,0.0060262600
2021-06-11,0.0008399000,0.0011091500,0.0016114300,0.0021616700,0.0027476000,0.0033862100,0.0041929600,0.0050373900,0.0056301100,0.0058459600,0.0060793200
2021-06-10,0.0010376700,0.0013681500,0.0017330200,0.0024196400,0.0028578400,0.0034827300,0.0042614200,0.0051604100,0.0057730500,0.0059903900,0.0062112500
2021-06-09,0.0010150800,0.0013383200,0.0016998300,0.0022401000,0.0029026500,0.0035313200,0.0042827100,0.0051654900,0.0057626800,0.0059728100,0.0061635500
2021-06-08,0.0010112700,0.0013349400,0.0016739900,0.0022342100,0.0029024600,0.0035641900,0.0043214100,0.0052327200,0.0058362500,0.0060480700,0.0062407400
2021-06-07,0.0008609800,0.0011343800,0.0016283500,0.0022085200,0.0028575600,0.0035215500,0.0043635100,0.0052336400,0.0058342600,0.0060492900,0.0062469600
2021-06-04,0.0009890900,0.0013007300,0.0018019800,0.0023632400,0.0028912700,0.0035281000,0.0043301300,0.0052192600,0.0058305000,0.0060506800,0.0062778000
2021-06-03,0.0009728100,0.0012848200,0.0017301200,0.0022805400,0.0029369700,0.0035711100,0.0043799500,0.0052705200,0.0058731100,0.0060873900,0.0063118700
2021-06-02,0.0009260600,0.0012334300,0.0016678100,0.0021754900,0.0028153200,0.0034384800,0.0042438700,0.0051347400,0.0057296700,0.0059430300,0.0061662300
2021-06-01,0.0008847200,0.0011808800,0.0016358500,0.0021596100,0.0027865400,0.0034080200,0.0042279900,0.0051001700,0.0056785300,0.0058977200,0.0061181800
2021-05-31,0.0009184200,0.0012167200,0.0017262500,0.0022656800,0.0028850400,0.0035228300,0.0043693800,0.0052266200,0.0058229700,0.0060372300,0.0062753000
2021-05-28,0.0009255300,0.0012264800,0.0016977600,0.0022333600,0.0028833800,0.0035221900,0.0043312300,0.0052091200,0.0057995500,0.0060069100,0.0062381000
2021-05-27,0.0009480900,0.0012605900,0.0017137800,0.0022732900,0.0029402200,0.0035953200,0.0043906000,0.0052730300,0.0058828400,0.0060981100,0.0063224300
2021-05-26,0.0010929500,0.0014335800,0.0018016300,0.0023524300,0.0030557200,0.0037277400,0.0044535500,0.0053548200,0.0059627100,0.0061695800,0.0063868800
2021-05-25,0.0010268700,0.0013481500,0.0017806700,0.0023429900,0.0030632900,0.0037191200,0.0045101100,0.0054158100,0.0060452300,0.0062623700,0.0064862900
2021-05-24,0.0010297700,0.0013507500,0.0018334700,0.0023829200,0.0030942600,0.0037807800,0.0045546800,0.0054574300,0.0060785100,0.0062960600,0.0065207300
2021-05-21,0.0009857000,0.0013034300,0.0018117600,0.0024056400,0.0030852800,0.0037591500,0.0045930700,0.0054416100,0.0060542700,0.0062706200,0.0064955600
2021-05-20,0.0009570200,0.0012550500,0.0018087500,0.0024132400,0.0030831100,0.0037707900,0.0046231100,0.0054646600,0.0060478000,0.0062563200,0.0064783400
2021-05-19,0.0009903900,0.0012956100,0.0018344600,0.0024431400,0.0030960700,0.0037758400,0.0046327000,0.0054825800,0.0060952400,0.0063136800,0.0065403200
2021-05-18,0.0009903500,0.0012996100,0.0017542400,0.0023552700,0.0030248800,0.0036959900,0.0045053300,0.0053710500,0.0059870200,0.0062031500,0.0064278300
2021-05-17,0.0009901200,0.0013001200,0.0017760000,0.0023490800,0.0030012400,0.0036683600,0.0044855100,0.0053522300,0.0059560900,0.0061736900,0.0063991600
2021-05-14,0.0009778200,0.0012906000,0.0017624700,0.0023371800,0.0030002900,0.0036754900,0.0044844800,0.0053595100,0.0059738400,0.0062027100,0.0064269400
2021-05-13,0.0011122600,0.0014542700,0.0018783300,0.0024507000,0.0031158000,0.0038010400,0.0045941900,0.0054857900,0.0061239000,0.0063427400,0.0065639400
2021-05-12,0.0010386700,0.0013549300,0.0018333100,0.0024341000,0.0031052600,0.0037886500,0.0046043800,0.0055014700,0.0061405100,0.0063586500,0.0065780000
2021-05-11,0.0010326400,0.0013537800,0.0018727900,0.0024803000,0.0031666700,0.0038568700,0.0047000300,0.0055811200,0.0062323500,0.0064559400,0.0066805300
2021-05-10,0.0010495000,0.0013733300,0.0018366300,0.0024125400,0.0031120400,0.0037920700,0.0046093600,0.0055426400,0.0061837200,0.0064032200,0.0066266100
2021-05-07,0.0009794200,0.0012817600,0.0018471700,0.0024408600,0.0031133800,0.0037987000,0.0046632300,0.0055530100,0.0061992200,0.0064247600,0.0066527900
2021-05-06,0.0010378800,0.0013585300,0.0018621500,0.0024501900,0.0031262200,0.0038084900,0.0046391000,0.0055357100,0.0061850200,0.0064101300,0.0066382400
2021-05-05,0.0010025300,0.0013164300,0.0018130100,0.0024014600,0.0030713200,0.0037511600,0.0045936200,0.0054827600,0.0061507900,0.0063756300,0.0066003800
2021-05-04,0.0010103900,0.0013217400,0.0018105700,0.0024196700,0.0031044600,0.0037890900,0.0046265600,0.0054895500,0.0061537600,0.0063811000,0.0066059400
2021-05-03,0.0009651100,0.0012690500,0.0017731500,0.0023614600,0.0029808300,0.0036415400,0.0045064100,0.0053813000,0.0060266600,0.0062623700,0.0064826300
2021-04-30,0.0009625400,0.0012655000,0.0017508500,0.0023337900,0.0029851200,0.0036463000,0.0044966300,0.0053729700,0.0060248600,0.0062476600,0.0064687400
2021-04-29,0.0009296300,0.0012217500,0.0017396000,0.0023145500,0.0029606600,0.0036218400,0.0044811200,0.0053718400,0.0059861200,0.0062090100,0.0064338600
2021-04-28,0.0009768900,0.0012761900,0.0017454200,0.0023111500,0.0029929600,0.0036573100,0.0044685300,0.0053775900,0.0060107800,0.0062323700,0.0064553200
2021-04-27,0.0009054300,0.0011904100,0.0017791400,0.0024102500,0.0030609500,0.0037390100,0.0046619000,0.0054677200,0.0061078500,0.0063318800,0.0065663300
2021-04-26,0.0009174200,0.0012063700,0.0018008800,0.0024001000,0.0030475500,0.0037289100,0.0046299000,0.0054488500,0.0061066700,0.0063297000,0.0065500300
2021-04-23,0.0008959200,0.0011799400,0.0017660700,0.0023873000,0.0030311200,0.0037032400,0.0046347100,0.0054860100,0.0061528400,0.0063779000,0.0066001100
2021-04-22,0.0009260100,0.0012153400,0.0017946600,0.0024070000,0.0030577100,0.0037379900,0.0046671000,0.0055132800,0.0061802900,0.0064065900,0.0066317400
2021-04-21,0.0010073900,0.0013221900,0.0018361300,0.0024054200,0.0030672100,0.0037650300,0.0046047200,0.0054709500,0.0061102400,0.0063341200,0.0065708700
2021-04-20,0.0010165200,0.0013317900,0.0018353900,0.0024212200,0.0030981500,0.0037970000,0.0046426600,0.0055015700,0.0061274100,0.0063471200,0.0065810100
2021-04-19,0.0009761200,0.0012835700,0.0017820500,0.0023677200,0.0030433400,0.0037204400,0.0045539600,0.0054484900,0.0061032800,0.0063272700,0.0065503600
2021-04-16,0.0009801700,0.0012857900,0.0018003200,0.0023884300,0.0030530300,0.0037233500,0.0045783900,0.0054636700,0.0060856200,0.0063091900,0.0065451500
2021-04-15,0.0009765300,0.0012811700,0.0017928300,0.0023987600,0.0030847900,0.0037681700,0.0046177200,0.0055040700,0.0061399200,0.0063642200,0.0065894800
2021-04-14,0.0010457700,0.0013629100,0.0018841700,0.0025189600,0.0032061400,0.0039044200,0.0047657700,0.0056595600,0.0062951300,0.0065173900,0.0067426800
2021-04-13,0.0011255700,0.0014545300,0.0019808500,0.0026136200,0.0033088800,0.0040182900,0.0048760300,0.0057683600,0.0063922300,0.0066082800,0.0068403600
2021-04-12,0.0011233500,0.0014489600,0.0019597300,0.0025871100,0.0032777200,0.0039840800,0.0048366900,0.0057295000,0.0063788600,0.0066034000,0.0068286500
2021-04-09,0.0010619200,0.0013754800,0.0018474900,0.0024431200,0.0030964900,0.0037710100,0.0046313900,0.0055418700,0.0061697500,0.0063887500,0.0066146200
2021-04-08,0.0009708100,0.0012623600,0.0017537000,0.0023544200,0.0029867800,0.0036273900,0.0045285000,0.0054019900,0.0060421800,0.0062627800,0.0064993900
2021-04-07,0.0010012700,0.0013020600,0.0017596100,0.0023528600,0.0029880500,0.0036248600,0.0045016500,0.0053869100,0.0060288800,0.0062496300,0.0064744500
2021-04-06,0.0009717800,0.0012677800,0.0017220000,0.0023029500,0.0029236700,0.0035477600,0.0044225200,0.0053255900,0.0059793400,0.0062007900,0.0064234100
2021-04-05,0.0008854600,0.0011645000,0.0016536600,0.0022719600,0.0028776700,0.0034994400,0.0044171900,0.0053314100,0.0059759800,0.0062113600,0.0064343200
2021-04-02,0.0008863500,0.0011655900,0.0016514900,0.0022548000,0.0028673700,0.0034933800,0.0044042700,0.0053086800,0.0059509700,0.0061855700,0.0064076200
2021-04-01,0.0009703700,0.0012750400,0.0017018400,0.0022783900,0.0028923300,0.0035139300,0.0043776900,0.0053110200,0.0059543600,0.0061896300,0.0064122500
2021-03-31,0.0010195000,0.0013269100,0.0017755300,0.0023379000,0.0029539500,0.0035909900,0.0044559100,0.0053597500,0.0060010200,0.0062366500,0.0064583800
2021-03-30,0.0010377400,0.0013498300,0.0017853800,0.0023432100,0.0029669900,0.0036012200,0.0044838400,0.0053900200,0.0060267700,0.0062608800,0.0064842300
2021-03-29,0.0009831000,0.0012816400,0.0017515000,0.0023335000,0.0029487400,0.0035775900,0.0044793100,0.0053843500,0.0060186300,0.0062409900,0.0064804500
2021-03-26,0.0009033200,0.0011875000,0.0016849900,0.0022555800,0.0028740100,0.0034949000,0.0043751900,0.0052876800,0.0059122900,0.0061327000,0.0063712000
2021-03-25,0.0009165100,0.0011967800,0.0016711000,0.0022764000,0.0029040000,0.0035363000,0.0044147800,0.0053020100,0.0059467900,0.0061667800,0.0063939800
2021-03-24,0.0009654600,0.0012610800,0.0017235700,0.0022958500,0.0028928500,0.0035201000,0.0043878500,0.0052298200,0.0058456100,0.0060624400,0.0062975200
2021-03-23,0.0009703800,0.0012695900,0.0017174800,0.0023141100,0.0029321000,0.0035544400,0.0044626600,0.0053724200,0.0060014000,0.0062227500,0.0064509300
2021-03-22,0.0010381200,0.0013604400,0.0018030000,0.0023704500,0.0029763200,0.0035963200,0.0045062100,0.0054071900,0.0060330500,0.0062522800,0.0064809700
2021-03-19,0.0008454900,0.0011724700,0.0015823400,0.0020775000,0.0026367900,0.0032399700,0.0041538000,0.0050566000,0.0056700000,0.0058651000,0.0060788000
2021-03-18,0.0008170600,0.0011407300,0.0015211400,0.0020021700,0.0025149500,0.0030971000,0.0040049500,0.0049068500,0.0054873200,0.0056829200,0.0059029600
2021-03-17,0.0008067300,0.0011291000,0.0014691600,0.0019356600,0.0024325400,0.0029960700,0.0038331000,0.0047552900,0.0053506600,0.0055430500,0.0057559700
2021-03-16,0.0007184600,0.0010182800,0.0014008300,0.0018838300,0.0023850500,0.0029324200,0.0037981100,0.0046905200,0.0052780600,0.0054675900,0.0056815100
2021-03-15,0.0007321800,0.0010367700,0.0013625900,0.0018315800,0.0023790300,0.0029093700,0.0037477400,0.0046446600,0.0052609700,0.0054373700,0.0056564900
2021-03-12,0.0007467500,0.0010503600,0.0014181400,0.0019101700,0.0024253000,0.0029635100,0.0038254200,0.0047328000,0.0053372200,0.0055311000,0.0057427100
2021-03-11,0.0007255000,0.0010400100,0.0013196900,0.0017931000,0.0023104100,0.0028576500,0.0037053500,0.0046167400,0.0051964000,0.0053869500,0.0056015100
2021-03-10,0.0007495300,0.0010524300,0.0014307400,0.0019134900,0.0024128800,0.0029581300,0.0038391100,0.0047265600,0.0053150800,0.0055083000,0.0057230200
2021-03-09,0.0007574800,0.0010640800,0.0014215700,0.0018936000,0.0024244500,0.0029619300,0.0037847300,0.0047104600,0.0053029000,0.0054948300,0.0057037900
2021-03-08,0.0007219900,0.0010104600,0.0013940600,0.0018801800,0.0024284000,0.0029883700,0.0038538400,0.0047384500,0.0053254300,0.0055169200,0.0057262900
2021-03-05,0.0007503500,0.0010499300,0.0014277400,0.0018992300,0.0024347400,0.0029953300,0.0038641400,0.0047943800,0.0054151900,0.0056085300,0.0058181600
2021-03-04,0.0006720000,0.0009414000,0.0013761000,0.0018798700,0.0024129400,0.0029874800,0.0039144300,0.0047628500,0.0053675100,0.0055631800,0.0057761600
2021-03-03,0.0007382700,0.0010475500,0.0014004800,0.0018569200,0.0023665200,0.0029009700,0.0037582900,0.0046826400,0.0052689100,0.0054609300,0.0056684400
2021-03-02,0.0007344500,0.0010368200,0.0014185100,0.0018737600,0.0023866400,0.0029383900,0.0037954700,0.0047113400,0.0053124000,0.0055057100,0.0056910600
2021-03-01,0.0007337300,0.0010299500,0.0014121700,0.0018609500,0.0023886900,0.0029689500,0.0038448800,0.0047331400,0.0053122100,0.0055073200,0.0057225500
2021-02-26,0.0007948500,0.0010693900,0.0014775300,0.0019612600,0.0025284500,0.0031116100,0.0039852100,0.0048664100,0.0054732700,0.0056804900,0.0058980900
2021-02-25,0.0007504000,0.0010451500,0.0014353900,0.0019139200,0.0024817700,0.0030477800,0.0039431000,0.0048288300,0.0054188600,0.0056140100,0.0058255700
2021-02-24,0.0007664100,0.0010686000,0.0014440400,0.0019153400,0.0024743100,0.0030483700,0.0039043400,0.0047954200,0.0054155600,0.0056117500,0.0058201600
2021-02-23,0.0008059200,0.0010795800,0.0014673000,0.0019481400,0.0025240000,0.0031023300,0.0039535200,0.0048472600,0.0054609600,0.0056703500,0.0058888500
2021-02-22,0.0008331000,0.0011083600,0.0014793700,0.0019464000,0.0024747500,0.0030539700,0.0039029100,0.0048143500,0.0054296000,0.0056388400,0.0058596700
2021-02-19,0.0008107600,0.0010842600,0.0014406000,0.0019044800,0.0024368300,0.0030028800,0.0037942100,0.0047075000,0.0053108000,0.0055172900,0.0057466100
2021-02-18,0.0007689600,0.0010401000,0.0014188300,0.0019058700,0.0024466600,0.0029937300,0.0038329900,0.0047185600,0.0053341700,0.0055413400,0.0057703000
2021-02-17,0.0007640900,0.0010306600,0.0014046200,0.0018627800,0.0024319900,0.0030104400,0.0038646000,0.0047451600,0.0053478200,0.0055557500,0.0057865500
2021-02-16,0.0007768900,0.0010600700,0.0013498500,0.0018271100,0.0024005400,0.0029611700,0.0037725700,0.0046851300,0.0052878000,0.0054938400,0.0057125400
2021-02-15,0.0007511600,0.0010590200,0.0014037500,0.0018778200,0.0023852400,0.0029193500,0.0037282900,0.0046521500,0.0052596100,0.0054546600,0.0056666800
2021-02-12,0.0007966700,0.0010838700,0.0014057900,0.0018822500,0.0023927400,0.0029583400,0.0037400700,0.0046536200,0.0052526900,0.0054610100,0.0056812600
2021-02-11,0.0007503200,0.0010211300,0.0013922700,0.0018570600,0.0023611100,0.0029304200,0.0037980700,0.0047042900,0.0053016300,0.0055115700,0.0057359400
2021-02-10,0.0007520100,0.0010101200,0.0013992800,0.0018926300,0.0024471900,0.0030512600,0.0039102900,0.0048018700,0.0053972700,0.0056131800,0.0058515800
2021-02-09,0.0008047800,0.0010755700,0.0014522700,0.0019690300,0.0025594500,0.0031311200,0.0039753400,0.0048677200,0.0054758900,0.0056915900,0.0059289000
2021-02-08,0.0008289900,0.0011104500,0.0015079800,0.0020149900,0.0025863800,0.0031529400,0.0039813100,0.0049123600,0.0055466800,0.0057648900,0.0059928800
2021-02-05,0.0008958000,0.0011988500,0.0015475200,0.0020275900,0.0025699500,0.0031431600,0.0039576100,0.0049378500,0.0055682300,0.0057864700,0.0060261600
2021-02-04,0.0008082400,0.0010781000,0.0014541300,0.0019541400,0.0025420200,0.0031517900,0.0040246400,0.0049610000,0.0055917600,0.0058102700,0.0060488100
2021-02-03,0.0007848600,0.0010491100,0.0014418500,0.0019538900,0.0025362700,0.0031430800,0.0040319400,0.0049482100,0.0055919300,0.0058100500,0.0060347500
2021-02-02,0.0008588400,0.0011330800,0.0015298800,0.0020501600,0.0026248500,0.0032247000,0.0041008500,0.0050533500,0.0057052500,0.0059256700,0.0061524400
2021-02-01,0.0008649500,0.0011412100,0.0015518100,0.0020835100,0.0026641700,0.0032719100,0.0041607200,0.0051166000,0.0057764700,0.0059987000,0.0062261900
2021-01-29,0.0008650900,0.0011355500,0.0015764400,0.0021311500,0.0026665900,0.0032527200,0.0041737700,0.0051235900,0.0057639400,0.0059851000,0.0062146400
2021-01-28,0.0008846100,0.0011709600,0.0015464700,0.0020865300,0.0026683400,0.0032524400,0.0041202400,0.0050859400,0.0057246200,0.0059441100,0.0061816600
2021-01-27,0.0008996600,0.0011713500,0.0015460400,0.0020879200,0.0026695800,0.0032535200,0.0041194600,0.0050751200,0.0057287200,0.0059496800,0.0061766200
2021-01-26,0.0008318900,0.0010907100,0.0014760200,0.0019973700,0.0025651900,0.0031286500,0.0039789700,0.0049201600,0.0055592600,0.0057756200,0.0060012800
2021-01-25,0.0008308100,0.0010912800,0.0014981200,0.0020120200,0.0025898400,0.0031646500,0.0040188300,0.0049721900,0.0056012700,0.0058124500,0.0060350900
2021-01-22,0.0008858800,0.0011592100,0.0015655500,0.0020842100,0.0026620400,0.0032416400,0.0041089300,0.0050477800,0.0056809900,0.0058941000,0.0061200700
2021-01-21,0.0008933200,0.0011725100,0.0015366900,0.0020315900,0.0025895500,0.0031905100,0.0040526800,0.0050096300,0.0056436300,0.0058569200,0.0060917400
2021-01-20,0.0008757200,0.0011358000,0.0015389400,0.0020586300,0.0026389300,0.0032310700,0.0041147700,0.0050480800,0.0056858100,0.0059044700,0.0061332600
2021-01-19,0.0008973200,0.0011505600,0.0015650100,0.0020860700,0.0027144700,0.0033255400,0.0041973800,0.0051195100,0.0057511300,0.0059680500,0.0061956600
2021-01-18,0.0009227800,0.0012024300,0.0016343300,0.0021773900,0.0028025100,0.0034093900,0.0042849000,0.0052109600,0.0058271800,0.0060422800,0.0062806600
2021-01-15,0.0008715300,0.0011360700,0.0015602500,0.0020967400,0.0027448900,0.0033490900,0.0042172200,0.0051429000,0.0057585800,0.0059749000,0.0062020200
2021-01-14,0.0009189700,0.0012007900,0.0016046800,0.0021129500,0.0027266200,0.0033273700,0.0042041000,0.0051496200,0.0057680600,0.0059983900,0.0062265900
2021-01-13,0.0008857600,0.0011571000,0.0015755100,0.0020940000,0.0027088900,0.0033060500,0.0041866300,0.0051046400,0.0057146900,0.0059411500,0.0061685600
2021-01-12,0.0009411800,0.0012233000,0.0016453500,0.0021718700,0.0027946100,0.0034022800,0.0042745600,0.0052170100,0.0058473000,0.0060636800,0.0062880200
2021-01-11,0.0009197100,0.0011971100,0.0016214300,0.0021476700,0.0027609800,0.0033571000,0.0042411800,0.0051665700,0.0057808000,0.0059957800,0.0061991900
2021-01-08,0.0008868700,0.0011602100,0.0015817100,0.0020894000,0.0026968900,0.0032645800,0.0041393800,0.0050555300,0.0056677000,0.0058811900,0.0061219300
2021-01-07,0.0008973800,0.0011730200,0.0015610800,0.0020510900,0.0026540300,0.0032468200,0.0041125600,0.0050447800,0.0056537400,0.0058667200,0.0061072800
2021-01-06,0.0009308900,0.0012190900,0.0015955400,0.0020689600,0.0026679600,0.0032505800,0.0041077300,0.0050426700,0.0056559100,0.0058713400,0.0061126800
2021-01-05,0.0009158700,0.0011962200,0.0015787700,0.0020544900,0.0026756300,0.0032591000,0.0041118800,0.0050457200,0.0056588600,0.0058863100,0.0061163900
2021-01-04,0.0008358700,0.0010898100,0.0014828700,0.0019633000,0.0025770100,0.0031494400,0.0040208100,0.0049421300,0.0055644800,0.0057830400,0.0060252500
2021-01-01,0.0008974700,0.0011755200,0.0016223800,0.0020653900,0.0026835900,0.0032821500,0.0042190900,0.0051387200,0.0057698200,0.0060037800,0.0062382800
2020-12-31,0.0008918300,0.0011629200,0.0015535500,0.0020206100,0.0026008700,0.0031900100,0.0040909100,0.0050097200,0.0056250100,0.0058526000,0.0060811000
2020-12-30,0.0009156500,0.0011974100,0.0015471600,0.0019987700,0.0026092600,0.0031810500,0.0040673400,0.0050138700,0.0056313000,0.0058568300,0.0060858700
2020-12-29,0.0008712200,0.0011376500,0.0015259300,0.0020101200,0.0026043600,0.0031840900,0.0040891500,0.0050456900,0.0056791500,0.0058914800,0.0061202300
2020-12-28,0.0008457400,0.0011339300,0.0015738400,0.0020515500,0.0026467000,0.0032453300,0.0042036900,0.0051472000,0.0057891500,0.0059474100,0.0061084800
2020-12-25,0.0007968200,0.0010635600,0.0015243900,0.0020320200,0.0026428600,0.0032495000,0.0041984800,0.0051132600,0.0057299100,0.0059299200,0.0061713600
2020-12-24,0.0008191100,0.0010699400,0.0015201000,0.0020108500,0.0026274700,0.0032297700,0.0041728300,0.0051079700,0.0057285600,0.0059429500,0.0061887000
2020-12-23,0.0008062700,0.0010640800,0.0015110100,0.0020231200,0.0026167200,0.0032385000,0.0041917800,0.0051253900,0.0057579200,0.0059722100,0.0062054800
2020-12-22,0.0008448000,0.0011052500,0.0015567100,0.0021370800,0.0027272300,0.0033684100,0.0042891000,0.0052371600,0.0058725500,0.0060874200,0.0063232300
2020-12-21,0.0008915200,0.0011600000,0.0016422400,0.0021713700,0.0027865500,0.0034144500,0.0043558200,0.0052898000,0.0059191700,0.0061332500,0.0063706900
2020-12-18,0.0008554400,0.0011370900,0.0014892100,0.0019191500,0.0024877400,0.0030766400,0.0039975500,0.0049645300,0.0055726300,0.0057660600,0.0059883400
2020-12-17,0.0007853000,0.0010563800,0.0014791000,0.0019317700,0.0024695800,0.0030518100,0.0039648200,0.0049023600,0.0055134800,0.0057084500,0.0059427900
2020-12-16,0.0008647300,0.0011387700,0.0015426000,0.0020156600,0.0025699500,0.0031489400,0.0040450900,0.0049943300,0.0056019200,0.0057998500,0.0060237200
2020-12-15,0.0009303300,0.0011826600,0.0016000200,0.0021043500,0.0026640100,0.0032432400,0.0041571100,0.0051088100,0.0057419200,0.0059580300,0.0061910700
2020-12-14,0.0008960000,0.0011299700,0.0016032500,0.0021240800,0.0026984500,0.0032960700,0.0042355800,0.0051725300,0.0058047900,0.0060259100,0.0062612700
2020-12-11,0.0010038200,0.0012700600,0.0017156000,0.0022303500,0.0028320500,0.0034441100,0.0043388400,0.0052781500,0.0059127600,0.0061309200,0.0063629500
2020-12-10,0.0009783800,0.0012469900,0.0016362000,0.0021086700,0.0027180400,0.0033281900,0.0042054900,0.0051264400,0.0057497800,0.0059662600,0.0062093900
2020-12-09,0.0008990200,0.0011499400,0.0015711000,0.0020678100,0.0026662100,0.0032574600,0.0041537700,0.0050822200,0.0057036100,0.0059198700,0.0061535200
2020-12-08,0.0009283100,0.0011719200,0.0015906700,0.0021290200,0.0027510000,0.0033462300,0.0041911300,0.0050917300,0.0057033200,0.0059169800,0.0061580200
2020-12-07,0.0008922600,0.0011240700,0.0016463100,0.0021448000,0.0027465300,0.0033431800,0.0042401800,0.0051692800,0.0057856000,0.0060027400,0.0062362600
2020-12-04,0.0008612400,0.0010729600,0.0015724600,0.0020439900,0.0026269400,0.0032315500,0.0041175300,0.0050555900,0.0056759100,0.0058922300,0.0061269100
2020-12-03,0.0008832300,0.0010966700,0.0016037000,0.0021096400,0.0027046600,0.0032973400,0.0041637800,0.0050896200,0.0057075300,0.0059239200,0.0061662600
2020-12-02,0.0009165200,0.0011358100,0.0016403900,0.0021506300,0.0027585000,0.0033788300,0.0042633800,0.0051756600,0.0057985000,0.0060284000,0.0062625500
2020-12-01,0.0009222500,0.0011449000,0.0016540000,0.0021302600,0.0027404000,0.0033462700,0.0042353800,0.0051590900,0.0057766400,0.0059936500,0.0062300000
2020-11-30,0.0009153500,0.0011065000,0.0016538100,0.0022255500,0.0028441600,0.0034622900,0.0043359100,0.0052465400,0.0058569000,0.0060752200,0.0063236300
2020-11-27,0.0009557100,0.0011557900,0.0016899700,0.0022289700,0.0028254900,0.0034466100,0.0043338400,0.0052440700,0.0058675000,0.0060876300,0.0063236800
2020-11-26,0.0009611800,0.0011623400,0.0016853800,0.0022036900,0.0028168000,0.0034311900,0.0043098000,0.0052233500,0.0058460800,0.0060762400,0.0063108300
2020-11-25,0.0009729700,0.0011793200,0.0017088600,0.0022330200,0.0028138700,0.0034386600,0.0043906000,0.0053140800,0.0059505400,0.0061740200,0.0064239300
2020-11-24,0.0009480300,0.0011714100,0.0016947000,0.0021822900,0.0027706500,0.0033975700,0.0043173600,0.0052442400,0.0058741400,0.0061067700,0.0063422800
2020-11-23,0.0010060800,0.0012217100,0.0017477100,0.0022373100,0.0028571400,0.0034806600,0.0043367200,0.0052484400,0.0058639200,0.0060786300,0.0063181600
2020-11-20,0.0011316300,0.0013862400,0.0018725500,0.0023079200,0.0029413100,0.0035699600,0.0044487400,0.0054025400,0.0060354200,0.0062695900,0.0065041700
2020-11-19,0.0010366200,0.0012794000,0.0017984400,0.0022896900,0.0029200500,0.0035377600,0.0044319700,0.0053669300,0.0060047700,0.0062255500,0.0064706700
2020-11-18,0.0010825300,0.0013375100,0.0018303900,0.0022782800,0.0028652400,0.0035073300,0.0044516600,0.0054149900,0.0060715500,0.0062969000,0.0065463300
2020-11-17,0.0010313500,0.0012775800,0.0017832700,0.0022748400,0.0028759700,0.0034928500,0.0044097900,0.0053599000,0.0060112700,0.0062341700,0.0064778500
2020-11-16,0.0009994700,0.0012410800,0.0017456800,0.0021932800,0.0027795700,0.0034047800,0.0043481500,0.0053009000,0.0059492500,0.0061722900,0.0064028100
2020-11-13,0.0009700600,0.0012010400,0.0018334000,0.0023517300,0.0029679000,0.0035598100,0.0045038900,0.0054963100,0.0061466700,0.0063796100,0.0066078900
2020-11-12,0.0010327500,0.0012905700,0.0017806800,0.0022737900,0.0028917400,0.0035056200,0.0044384900,0.0053761200,0.0060106400,0.0062427000,0.0064697700
2020-11-11,0.0009845800,0.0013012300,0.0017069300,0.0020642800,0.0026523400,0.0032661800,0.0041402700,0.0050846700,0.0057136500,0.0059292400,0.0061660800
2020-11-10,0.0008191100,0.0010387700,0.0015306600,0.0020238100,0.0026637900,0.0032650600,0.0040558500,0.0049836400,0.0055965200,0.0058063700,0.0060282900
2020-11-09,0.0008954200,0.0011680000,0.0016362600,0.0020909400,0.0027034100,0.0033157100,0.0042164900,0.0051285900,0.0057412300,0.0059447400,0.0061563100
2020-11-06,0.0009512800,0.0013943800,0.0018524800,0.0022826100,0.0029737700,0.0036494100,0.0044761700,0.0054245800,0.0060193600,0.0062009900,0.0063961100
2020-11-05,0.0009527200,0.0014127000,0.0018828400,0.0023532300,0.0030100300,0.0036740600,0.0045679900,0.0054798500,0.0061054300,0.0062971100,0.0064959700
2020-11-04,0.0011616700,0.0015823400,0.0021111000,0.0026213100,0.0033101700,0.0040060800,0.0048969500,0.0058342500,0.0064737900,0.0066877400,0.0069007300
2020-11-03,0.0012290600,0.0016550000,0.0022000700,0.0027381700,0.0034454100,0.0041652200,0.0050413800,0.0059763100,0.0066168500,0.0068308400,0.0070419000
2020-11-02,0.0013830500,0.0018107700,0.0023821800,0.0029505300,0.0036828300,0.0043874200,0.0052457100,0.0061652100,0.0068080500,0.0070238800,0.0072357300
2020-10-30,0.0015263300,0.0019830600,0.0025394200,0.0030891600,0.0037914800,0.0045080200,0.0054191100,0.0062953500,0.0069266900,0.0071360500,0.0073446000
2020-10-29,0.0014060700,0.0018471200,0.0024058300,0.0029845500,0.0036848900,0.0044111700,0.0053351900,0.0062205200,0.0068557200,0.0070758700,0.0072929300
2020-10-28,0.0013661600,0.0017951400,0.0023540600,0.0029250300,0.0036485400,0.0043740000,0.0052503600,0.0061460300,0.0067751600,0.0069926900,0.0072081500
2020-10-27,0.0012994500,0.0017451900,0.0022700100,0.0027715500,0.0034613900,0.0041489200,0.0050102000,0.0058987300,0.0065213400,0.0067351400,0.0069514700
2020-10-26,0.0012436800,0.0016732200,0.0022034100,0.0027240400,0.0034143900,0.0040994600,0.0049805800,0.0058774600,0.0065034700,0.0067183100,0.0069454000
2020-10-23,0.0012037200,0.0016328400,0.0021390700,0.0026103100,0.0032890200,0.0039643900,0.0048259100,0.0057204800,0.0063358300,0.0065491700,0.0067644200
2020-10-22,0.0012307400,0.0016479800,0.0021679400,0.0026757100,0.0033392500,0.0040057600,0.0048654600,0.0057499800,0.0063304500,0.0065435800,0.0067630900
2020-10-21,0.0011587300,0.0015682100,0.0020798400,0.0025646300,0.0032388700,0.0039215100,0.0047797500,0.0057133300,0.0062912200,0.0065041900,0.0067280300
2020-10-20,0.0011711800,0.0015767600,0.0020920500,0.0025672000,0.0032276800,0.0039101500,0.0047599200,0.0056884200,0.0062484800,0.0064582300,0.0066926800
2020-10-19,0.0011613400,0.0015659800,0.0021131000,0.0026249200,0.0032884800,0.0039400500,0.0048073400,0.0056956300,0.0061358200,0.0063748900,0.0066472600
2020-10-16,0.0011863700,0.0015951500,0.0021227300,0.0026430900,0.0033234500,0.0040044600,0.0048890300,0.0057885600,0.0062742200,0.0065103500,0.0067655100
2020-10-15,0.0012397300,0.0016603100,0.0021868800,0.0027154600,0.0034093200,0.0040907900,0.0049852300,0.0058903600,0.0064961700,0.0067126400,0.0069471500
2020-10-14,0.0011654900,0.0016028400,0.0020632600,0.0025408200,0.0032190400,0.0038912300,0.0047300500,0.0056230700,0.0061795200,0.0063937700,0.0066314700
2020-10-13,0.0010763000,0.0014967300,0.0019876600,0.0025002000,0.0031656400,0.0038118100,0.0046801100,0.0055618300,0.0060462300,0.0062805300,0.0065340500
2020-10-12,0.0010285300,0.0014983400,0.0019784200,0.0024237500,0.0030886300,0.0037447500,0.0046083700,0.0055035900,0.0061081200,0.0062957200,0.0064985500
2020-10-09,0.0010521000,0.0014647000,0.0019989500,0.0025061000,0.0031608800,0.0037958800,0.0046623100,0.0055487100,0.0061423000,0.0063271100,0.0065279400
2020-10-08,0.0011254600,0.0015070400,0.0020441500,0.0025551100,0.0032130800,0.0038556400,0.0047439600,0.0056496600,0.0062339400,0.0064389900,0.0066549500
2020-10-07,0.0010587400,0.0014802800,0.0020397800,0.0025574300,0.0032382200,0.0038999100,0.0047825400,0.0057082900,0.0062123900,0.0064171800,0.0066328400
2020-10-06,0.0010467800,0.0015089900,0.0020960600,0.0026282600,0.0032945100,0.0039582300,0.0048169800,0.0056924600,0.0060711500,0.0063057400,0.0065822100
2020-10-05,0.0011011400,0.0015588900,0.0021481400,0.0026867800,0.0033817600,0.0040718300,0.0049425300,0.0058365700,0.0062200800,0.0064571700,0.0067242900
2020-10-02,0.0011945000,0.0016330400,0.0022455700,0.0028075300,0.0035077200,0.0041943800,0.0050661500,0.0059532500,0.0063263800,0.0065573800,0.0068311700
2020-10-01,0.0012475600,0.0017276700,0.0023411200,0.0028730500,0.0035698600,0.0042531500,0.0051210400,0.0059866900,0.0063980600,0.0066404700,0.0069170300
2020-09-30,0.0012592000,0.0016826100,0.0023152600,0.0028984500,0.0036251700,0.0043274500,0.0051879200,0.0061144500,0.0065478300,0.0067982700,0.0070735900
2020-09-29,0.0013578600,0.0017951900,0.0024563200,0.0030324500,0.0037435800,0.0044332000,0.0052930600,0.0061899200,0.0066281300,0.0068936300,0.0071565700
2020-09-28,0.0013507700,0.0017877300,0.0024356100,0.0030562800,0.0037570000,0.0044387200,0.0053168400,0.0062212600,0.0066798900,0.0069568600,0.0072262900
2020-09-25,0.0014716300,0.0019201900,0.0025565200,0.0032282100,0.0039595300,0.0046461000,0.0055459100,0.0064812600,0.0069318000,0.0072125700,0.0074788700
2020-09-24,0.0013682900,0.0018059500,0.0024589300,0.0030948600,0.0037951500,0.0044710800,0.0054296000,0.0063540700,0.0067606600,0.0070253500,0.0073068500
2020-09-23,0.0011898800,0.0016465000,0.0022701100,0.0028640600,0.0035312500,0.0041927400,0.0051319500,0.0060511700,0.0064343600,0.0066883300,0.0069648500
2020-09-22,0.0013113500,0.0017342900,0.0024021600,0.0029877900,0.0036599400,0.0043030400,0.0051892100,0.0061056400,0.0065387200,0.0068118100,0.0070776800
2020-09-21,0.0013037900,0.0016972300,0.0023426900,0.0029245000,0.0036289100,0.0042776000,0.0051476500,0.0060888100,0.0065041500,0.0067758300,0.0070496600
2020-09-18,0.0009914900,0.0014069700,0.0019556100,0.0024591100,0.0030247000,0.0036112200,0.0045234700,0.0054226700,0.0057700300,0.0060073900,0.0062979800
2020-09-17,0.0009691400,0.0013748700,0.0018880600,0.0024183500,0.0030407600,0.0036349200,0.0045506300,0.0054381600,0.0057878800,0.0060235400,0.0063023800
2020-09-16,0.0009831600,0.0013985400,0.0019447600,0.0024359200,0.0030169700,0.0035826100,0.0044470400,0.0053348200,0.0056929000,0.0059106800,0.0061976800
2020-09-15,0.0009614100,0.0013618600,0.0019115100,0.0024526900,0.0030753800,0.0036693700,0.0045853900,0.0054475600,0.0058111300,0.0060325700,0.0063207300
2020-09-14,0.0009210800,0.0013341300,0.0019110100,0.0024615600,0.0031014100,0.0037289200,0.0046585400,0.0055523000,0.0059181900,0.0061440900,0.0064161200
2020-09-11,0.0010240500,0.0014632500,0.0020294700,0.0025808500,0.0031927600,0.0037869700,0.0046941900,0.0055692100,0.0059199600,0.0061597000,0.0064198500
2020-09-10,0.0009521200,0.0013312000,0.0019209200,0.0024583000,0.0030893500,0.0036928300,0.0045169300,0.0053357500,0.0056773100,0.0059093900,0.0061769200
2020-09-09,0.0010056900,0.0013986200,0.0019538100,0.0024802400,0.0030794000,0.0036485200,0.0045767500,0.0054668500,0.0058286200,0.0060675100,0.0063408800
2020-09-08,0.0010224300,0.0014213900,0.0019711900,0.0025144100,0.0031264500,0.0037262400,0.0046463400,0.0055275900,0.0059077400,0.0061354200,0.0064250300
2020-09-07,0.0009647200,0.0013442800,0.0018764700,0.0024268400,0.0030419000,0.0036136600,0.0045517700,0.0054102700,0.0057845300,0.0060067900,0.0062699300
2020-09-04,0.0011081000,0.0014716500,0.0020033800,0.0025112800,0.0030482100,0.0035951800,0.0045348100,0.0054229000,0.0057870300,0.0059915300,0.0061927100
2020-09-03,0.0010949700,0.0014315400,0.0019746600,0.0024584600,0.0030050700,0.0035531100,0.0044243700,0.0052699500,0.0056275900,0.0058279400,0.0060303000
2020-09-02,0.0010433700,0.0013738400,0.0018925300,0.0024043400,0.0029651700,0.0035157300,0.0044209900,0.0052863900,0.0056648900,0.0058683400,0.0060968500
2020-09-01,0.0010899700,0.0014297000,0.0019283900,0.0024579500,0.0030281500,0.0035880900,0.0045240900,0.0053392400,0.0057116900,0.0059111200,0.0061162500
2020-08-31,0.0011642700,0.0015588300,0.0020988900,0.0025792500,0.0031094600,0.0036345900,0.0044536600,0.0052808600,0.0056516800,0.0058492100,0.0060423900
2020-08-28,0.0011425600,0.0015360300,0.0020834600,0.0025667900,0.0031076100,0.0036323600,0.0044702200,0.0052968300,0.0056690800,0.0058676400,0.0060619600
2020-08-27,0.0011177600,0.0015087200,0.0020657000,0.0025738400,0.0031520100,0.0036611900,0.0045644300,0.0054186600,0.0057971800,0.0060012200,0.0062056900
2020-08-26,0.0010324400,0.0014077200,0.0020029200,0.0025048300,0.0031047100,0.0036933900,0.0045268100,0.0054162100,0.0057783300,0.0059843000,0.0062141600
2020-08-25,0.0010588600,0.0014834400,0.0020402700,0.0025390400,0.0031577000,0.0037294400,0.0045175100,0.0053672500,0.0057372200,0.0059583300,0.0062421000
2020-08-24,0.0010942400,0.0015329300,0.0021085000,0.0026095100,0.0031813600,0.0037308800,0.0045600400,0.0054194100,0.0057968900,0.0060211500,0.0063069000
2020-08-21,0.0011070800,0.0014874600,0.0020923300,0.0026186800,0.0032245700,0.0038020100,0.0046143300,0.0054480400,0.0058584100,0.0060935500,0.0063792000
2020-08-20,0.0011493200,0.0015908500,0.0021854400,0.0027285900,0.0033413700,0.0039107400,0.0047149200,0.0055601000,0.0059762500,0.0062269100,0.0064804800
2020-08-19,0.0011485800,0.0015754900,0.0021878500,0.0027256000,0.0033268100,0.0039374700,0.0047616700,0.0056386300,0.0060572800,0.0062988500,0.0065735600
2020-08-18,0.0012441100,0.0016875100,0.0023108900,0.0028780400,0.0034777100,0.0040694400,0.0049346000,0.0057707500,0.0061907000,0.0064434200,0.0067102200
2020-08-17,0.0011907700,0.0016140500,0.0022713900,0.0028280100,0.0034517700,0.0040797500,0.0049083500,0.0057470700,0.0061660600,0.0064174900,0.0066864900
2020-08-14,0.0013050500,0.0017069800,0.0023162900,0.0028583000,0.0034595000,0.0040628100,0.0048952800,0.0057742000,0.0061956100,0.0064368400,0.0067404100
2020-08-13,0.0012244800,0.0016283300,0.0022644800,0.0028066900,0.0033872600,0.0039938100,0.0048789900,0.0056902000,0.0061254900,0.0063675400,0.0066625300
2020-08-12,0.0011692300,0.0015649000,0.0021949800,0.0027408500,0.0033497300,0.0039599600,0.0047858300,0.0056210500,0.0060373700,0.0062776000,0.0065647400
2020-08-11,0.0011925800,0.0016506000,0.0022722300,0.0028023000,0.0034053900,0.0039833700,0.0048212500,0.0056876400,0.0061025200,0.0063555400,0.0066098800
2020-08-10,0.0012620200,0.0017559300,0.0023717900,0.0029170100,0.0035406100,0.0041003300,0.0049365900,0.0058382600,0.0062190400,0.0064615100,0.0067124200
2020-08-07,0.0013750100,0.0018389500,0.0024582300,0.0030224900,0.0036247800,0.0042016900,0.0050923100,0.0059519100,0.0063759300,0.0066312500,0.0068881200
2020-08-06,0.0013193600,0.0017630400,0.0024461200,0.0030095400,0.0036317300,0.0042607300,0.0051505400,0.0059915400,0.0064162700,0.0066600500,0.0069303200
2020-08-05,0.0013240800,0.0017597700,0.0024144400,0.0029672500,0.0036029500,0.0042112200,0.0051129200,0.0059859800,0.0064136800,0.0066605900,0.0069273100
2020-08-04,0.0014390300,0.0018598400,0.0025134700,0.0030884500,0.0037365400,0.0043591500,0.0052438700,0.0061271800,0.0065552600,0.0068143200,0.0070412800
2020-08-03,0.0014660800,0.0018680800,0.0025679200,0.0031356200,0.0037805600,0.0044364300,0.0052930700,0.0061503000,0.0065741800,0.0068289800,0.0070571700
2020-07-31,0.0014565200,0.0019077700,0.0025932000,0.0031664400,0.0038227000,0.0044795500,0.0053337900,0.0062210300,0.0066273700,0.0068599500,0.0070967600
2020-07-30,0.0016444200,0.0021222800,0.0027874500,0.0033353000,0.0039778500,0.0045892400,0.0055110300,0.0064077500,0.0068546500,0.0071054000,0.0073771800
2020-07-29,0.0015715800,0.0020520500,0.0026641900,0.0032000200,0.0038267300,0.0043897300,0.0052892400,0.0061442100,0.0065754400,0.0068347100,0.0070949200
2020-07-28,0.0015127200,0.0019754300,0.0026150100,0.0031691800,0.0037840600,0.0043784400,0.0052835200,0.0061474600,0.0065902300,0.0068384700,0.0071099600
2020-07-27,0.0014572900,0.0019184500,0.0025288000,0.0030894800,0.0037200500,0.0043048100,0.0051948200,0.0060452900,0.0064737700,0.0067309600,0.0070002600
2020-07-24,0.0013784600,0.0018234200,0.0024639500,0.0030223200,0.0036437600,0.0042447900,0.0050580900,0.0058972100,0.0063306200,0.0065730500,0.0068337400
2020-07-23,0.0012706700,0.0016526800,0.0023303100,0.0028928700,0.0035255600,0.0041734500,0.0049854700,0.0059012500,0.0063240400,0.0065788200,0.0068081300
2020-07-22,0.0013720600,0.0018243400,0.0024919300,0.0030428600,0.0036531200,0.0042650700,0.0051183900,0.0059789800,0.0064025200,0.0066473700,0.0069198300
2020-07-21,0.0013612500,0.0018190400,0.0024564400,0.0029976400,0.0035968500,0.0041804300,0.0050879900,0.0059462000,0.0063714000,0.0066291500,0.0068978800
2020-07-20,0.0014689200,0.0019380100,0.0026048500,0.0031727600,0.0037874500,0.0043962000,0.0052992200,0.0061593900,0.0065888900,0.0068470500,0.0071055300
2020-07-17,0.0014731400,0.0019085800,0.0026324200,0.0032456400,0.0038785600,0.0045276100,0.0054085800,0.0062436200,0.0066822800,0.0069276300,0.0071943300
2020-07-16,0.0014605200,0.0019027100,0.0026312400,0.0032408000,0.0038761100,0.0045423300,0.0054400400,0.0063077200,0.0067389000,0.0069971700,0.0072566800
2020-07-15,0.0015146700,0.0019799800,0.0026835200,0.0032765000,0.0039288900,0.0045840100,0.0054774300,0.0063524400,0.0067986000,0.0070461100,0.0073181900
2020-07-14,0.0015746400,0.0020160800,0.0027563100,0.0033741600,0.0040553300,0.0047446400,0.0056065800,0.0064788300,0.0069223500,0.0071687000,0.0074323400
2020-07-13,0.0016416100,0.0020916000,0.0028048800,0.0034131400,0.0040828400,0.0047676000,0.0056589400,0.0065329300,0.0069793600,0.0072298000,0.0074715600
2020-07-10,0.0017312700,0.0022102200,0.0029318200,0.0035618100,0.0042460400,0.0049429600,0.0058399600,0.0067121000,0.0071495000,0.0074142800,0.0076719700
2020-07-09,0.0016302600,0.0020988300,0.0027986300,0.0034418100,0.0041093000,0.0047651600,0.0056597200,0.0064648800,0.0068949600,0.0071531900,0.0074073100
2020-07-08,0.0015028200,0.0019249300,0.0026726500,0.0033041100,0.0040168900,0.0047262600,0.0055807400,0.0064425000,0.0068720700,0.0071298900,0.0073851600
2020-07-07,0.0014355300,0.0018482500,0.0025799100,0.0031923100,0.0038938900,0.0045993000,0.0054634700,0.0063275900,0.0067567800,0.0070141100,0.0072792200
2020-07-06,0.0015310000,0.0019814800,0.0026747100,0.0032678100,0.0039185000,0.0045799400,0.0054868400,0.0063616800,0.0067953100,0.0070551500,0.0073113700
2020-07-03,0.0015905100,0.0020462000,0.0027840800,0.0034138000,0.0040849900,0.0047744200,0.0056832300,0.0065228300,0.0069552200,0.0072145800,0.0074700200
2020-07-02,0.0015680000,0.0020200200,0.0027371100,0.0033559300,0.0040306400,0.0047161200,0.0056166300,0.0064814600,0.0069148000,0.0071740900,0.0074285800
2020-07-01,0.0016452900,0.0020934100,0.0028276600,0.0034636700,0.0041594100,0.0048635000,0.0057682000,0.0066421400,0.0070804600,0.0073405800,0.0075963500
2020-06-30,0.0015621600,0.0020315700,0.0028346100,0.0034940100,0.0042264900,0.0049525000,0.0058265200,0.0066905100,0.0071342900,0.0073804100,0.0076442800
2020-06-29,0.0017545500,0.0022733500,0.0030245300,0.0037155400,0.0044479300,0.0051509300,0.0060442500,0.0068957200,0.0073347600,0.0075950100,0.0078603800
2020-06-26,0.0016884900,0.0021964800,0.0029996300,0.0036762800,0.0044055200,0.0051506200,0.0060231800,0.0069162300,0.0073701600,0.0076207500,0.0078896000
2020-06-25,0.0016532200,0.0021393100,0.0029121300,0.0035611900,0.0042709000,0.0049855600,0.0058548700,0.0067481200,0.0071956400,0.0074455500,0.0077126200
2020-06-24,0.0016082100,0.0021186200,0.0028210100,0.0034309300,0.0040914800,0.0047562900,0.0056505100,0.0065468100,0.0069731500,0.0072191300,0.0074716900
2020-06-23,0.0014048500,0.0018950800,0.0025916300,0.0032038900,0.0038600400,0.0045304100,0.0054145900,0.0062980800,0.0066975100,0.0069338900,0.0071319900
2020-06-22,0.0013832600,0.0018786300,0.0026349100,0.0032942300,0.0040042900,0.0047312000,0.0055939000,0.0064981700,0.0069295400,0.0071923600,0.0074495500
2020-06-19,0.0012232600,0.0016724300,0.0024501300,0.0031126100,0.0038808400,0.0046094200,0.0053980200,0.0062398600,0.0066545400,0.0069069300,0.0071607000
2020-06-18,0.0012578500,0.0017768200,0.0025180000,0.0031719600,0.0038857700,0.0046253300,0.0055031900,0.0063856600,0.0067745100,0.0070090600,0.0072777000
2020-06-17,0.0012030300,0.0016934800,0.0024196500,0.0030648100,0.0037725500,0.0044980800,0.0053529300,0.0062052000,0.0066210400,0.0068755900,0.0071400800
2020-06-16,0.0010934000,0.0015958400,0.0023253100,0.0029956600,0.0037289700,0.0044747300,0.0053721000,0.0062572200,0.0066447300,0.0068920400,0.0071585700
2020-06-15,0.0014420100,0.0019212100,0.0027273500,0.0034420100,0.0042081600,0.0050016500,0.0059141900,0.0068076600,0.0072419900,0.0075056400,0.0077755400
2020-06-12,0.0014204200,0.0019043900,0.0026888300,0.0034113700,0.0041781800,0.0049600100,0.0058557600,0.0067457400,0.0071731200,0.0074316800,0.0076914900
2020-06-11,0.0015186900,0.0020107300,0.0028177800,0.0035390700,0.0042995700,0.0050783800,0.0059861100,0.0068860900,0.0073115100,0.0075551000,0.0078086700
2020-06-10,0.0013168700,0.0018173300,0.0025570300,0.0032137600,0.0039040700,0.0046194400,0.0055062600,0.0063919600,0.0067877800,0.0070039700,0.0072040100
2020-06-09,0.0012249000,0.0017188100,0.0024506500,0.0030773400,0.0037445100,0.0044378600,0.0053126900,0.0061725300,0.0065620500,0.0067892000,0.0069925300
2020-06-08,0.0010955700,0.0015865000,0.0022819000,0.0028985500,0.0035158000,0.0041719600,0.0050573400,0.0058997400,0.0063094400,0.0065212000,0.0067236900
2020-06-05,0.0010528200,0.0014964000,0.0021763800,0.0027977600,0.0034478400,0.0040992400,0.0049600600,0.0058168600,0.0062660000,0.0064981900,0.0067095100
2020-06-04,0.0012894300,0.0017550700,0.0024799400,0.0031119000,0.0037786100,0.0044638000,0.0053403100,0.0061976700,0.0066380300,0.0068883100,0.0071028500
2020-06-03,0.0013601300,0.0018454000,0.0025947300,0.0032244000,0.0039054800,0.0045998000,0.0054297500,0.0062835600,0.0067194700,0.0069693800,0.0071998500
2020-06-02,0.0012901500,0.0017841800,0.0025952900,0.0032891300,0.0040005200,0.0047458100,0.0056240300,0.0064903600,0.0069057300,0.0071599900,0.0074289500
2020-06-01,0.0015412200,0.0020698400,0.0029047700,0.0036154100,0.0043215100,0.0050727900,0.0059826500,0.0068501800,0.0072739500,0.0075315500,0.0077957200
2020-05-29,0.0016392700,0.0022013300,0.0030668900,0.0037871200,0.0045018900,0.0052912400,0.0061063800,0.0069497300,0.0073838000,0.0076298000,0.0079027100
2020-05-28,0.0015828500,0.0021320900,0.0029990300,0.0037121100,0.0044304100,0.0052221900,0.0060246800,0.0068822200,0.0073044200,0.0075620200,0.0078284600
2020-05-27,0.0016036900,0.0021362300,0.0030340700,0.0037701700,0.0045048200,0.0053091300,0.0061301900,0.0069818300,0.0073886100,0.0076262700,0.0078971700
2020-05-26,0.0017501100,0.0022986700,0.0032890700,0.0040954900,0.0049049300,0.0057632700,0.0065696400,0.0074441800,0.0078651100,0.0081232700,0.0083861800
2020-05-25,0.0019418600,0.0025319700,0.0035701100,0.0043906700,0.0052104000,0.0061265700,0.0069684200,0.0078530300,0.0082792800,0.0085400800,0.0088154900
2020-05-22,0.0018969900,0.0024752400,0.0035144500,0.0043564400,0.0051987100,0.0060998000,0.0069098000,0.0077910200,0.0082142500,0.0084731700,0.0087464900
2020-05-21,0.0018986300,0.0024915800,0.0035468500,0.0043964500,0.0052402800,0.0061497600,0.0069600500,0.0078332900,0.0082574400,0.0085169600,0.0087791800
2020-05-20,0.0019585200,0.0025538600,0.0036152200,0.0044793400,0.0053249100,0.0062434900,0.0070586500,0.0079159600,0.0083390800,0.0085854900,0.0088598900
2020-05-19,0.0020373000,0.0026618000,0.0037256000,0.0045994600,0.0054718900,0.0064046200,0.0072234500,0.0080839400,0.0085119600,0.0087719900,0.0090296600
2020-05-18,0.0021445600,0.0027533100,0.0038489700,0.0047377000,0.0056384400,0.0066071100,0.0074335900,0.0083244000,0.0087692300,0.0090226300,0.0092354000
2020-05-15,0.0023520600,0.0030061100,0.0041289600,0.0050207800,0.0059348400,0.0069174900,0.0077274400,0.0085868100,0.0090267700,0.0092798100,0.0094969900
2020-05-14,0.0022416500,0.0029152500,0.0040090700,0.0048788000,0.0057860600,0.0067565500,0.0075462900,0.0083879800,0.0088077600,0.0090664500,0.0093281300
2020-05-13,0.0020960800,0.0027484800,0.0038352400,0.0046832500,0.0055550000,0.0064990000,0.0072555200,0.0080836300,0.0084982600,0.0087517000,0.0090222400
2020-05-12,0.0020866900,0.0027413200,0.0037997100,0.0046247900,0.0054983600,0.0064320400,0.0072187300,0.0080696400,0.0084903900,0.0087339000,0.0090098400
2020-05-11,0.0021287900,0.0028045000,0.0038097000,0.0046470500,0.0055145600,0.0064298500,0.0071898300,0.0080285700,0.0084553000,0.0086960300,0.0089662800
2020-05-08,0.0021463000,0.0028120900,0.0039268500,0.0047349400,0.0056233600,0.0066159600,0.0074612000,0.0083515900,0.0087772000,0.0090238700,0.0093003000
2020-05-07,0.0022051000,0.0028895700,0.0039638200,0.0047832000,0.0056509400,0.0065923100,0.0073933300,0.0082529900,0.0086737700,0.0089177300,0.0091913700
2020-05-06,0.0022017300,0.0029044000,0.0039765900,0.0048057900,0.0056835000,0.0066112400,0.0073899100,0.0082306200,0.0086604100,0.0089044000,0.0091751700
2020-05-05,0.0022570900,0.0029365600,0.0040207300,0.0048440400,0.0057136800,0.0066447800,0.0074399000,0.0082962900,0.0087155400,0.0089709300,0.0092436500
2020-05-04,0.0022813300,0.0029651400,0.0040558100,0.0049079500,0.0058155700,0.0067945400,0.0075852700,0.0084422800,0.0088681300,0.0091251400,0.0094021300
2020-05-01,0.0021430900,0.0028090700,0.0038651100,0.0046983200,0.0055880600,0.0065438800,0.0073302600,0.0081795000,0.0086120300,0.0088540600,0.0091312600
2020-04-30,0.0020775400,0.0027328600,0.0037752700,0.0045899800,0.0054527600,0.0063559200,0.0071549300,0.0079825600,0.0084036300,0.0086458500,0.0089223600
2020-04-29,0.0020048400,0.0026535400,0.0037000200,0.0045136200,0.0053869300,0.0063268600,0.0071122300,0.0079676900,0.0083923400,0.0086353200,0.0089080300
2020-04-28,0.0021170700,0.0027836100,0.0038504400,0.0046589600,0.0055489500,0.0064771900,0.0072509800,0.0081052700,0.0085320500,0.0087882900,0.0090492200
2020-04-27,0.0021091500,0.0027748200,0.0038319100,0.0046699200,0.0055789100,0.0065502700,0.0073250000,0.0081962200,0.0086230400,0.0088789000,0.0091376100
2020-04-24,0.0022632800,0.0029683700,0.0041068100,0.0049831600,0.0059375500,0.0069581600,0.0077103000,0.0085713700,0.0090024300,0.0092600600,0.0095202100
2020-04-23,0.0021731900,0.0028582500,0.0039652500,0.0048153100,0.0057518100,0.0067598200,0.0075107500,0.0083574800,0.0088032100,0.0090609300,0.0093309200
2020-04-22,0.0025385900,0.0033014900,0.0043379600,0.0051305100,0.0059887400,0.0069890300,0.0077079700,0.0085570200,0.0090301900,0.0092942800,0.0095642200
2020-04-21,0.0024556500,0.0031780500,0.0043423500,0.0052485800,0.0061950200,0.0072370600,0.0080064700,0.0088582900,0.0093368200,0.0095923500,0.0098670600
2020-04-20,0.0025115200,0.0032741000,0.0043529900,0.0051873100,0.0060676000,0.0070202500,0.0078217900,0.0086593400,0.0091032800,0.0093488100,0.0096200400
2020-04-17,0.0023199900,0.0030618100,0.0040798900,0.0048967200,0.0057321100,0.0066083900,0.0073665100,0.0081706900,0.0086237300,0.0088892100,0.0091605500
2020-04-16,0.0022748600,0.0029733800,0.0040494100,0.0049009500,0.0057924800,0.0067216500,0.0075009300,0.0083372200,0.0087633500,0.0090280000,0.0092921400
2020-04-15,0.0022682000,0.0029449600,0.0039705700,0.0047644200,0.0056108600,0.0065214700,0.0073203400,0.0081669400,0.0085961900,0.0088627700,0.0091263500
2020-04-14,0.0021347000,0.0028421500,0.0037356200,0.0044278900,0.0051388200,0.0059558400,0.0066230200,0.0074242500,0.0078632900,0.0081148400,0.0083642900
2020-04-13,0.0019436600,0.0026066900,0.0036889800,0.0044823700,0.0053718300,0.0063760100,0.0071739700,0.0080627200,0.0085383900,0.0087870000,0.0090476200
2020-04-10,0.0021113500,0.0028461200,0.0038376800,0.0046106400,0.0054640600,0.0064175400,0.0072177000,0.0080838900,0.0085321100,0.0087727700,0.0090321900
2020-04-09,0.0019590300,0.0026325100,0.0036741600,0.0045025500,0.0054101100,0.0063952800,0.0071506100,0.0080125000,0.0084607400,0.0087028900,0.0089603500
2020-04-08,0.0026915100,0.0034803400,0.0045512700,0.0053940600,0.0063147900,0.0073384600,0.0081026700,0.0089687600,0.0094296200,0.0096907900,0.0099485900
2020-04-07,0.0025199400,0.0032541900,0.0044091300,0.0053235000,0.0063733400,0.0074674400,0.0082037800,0.0090663200,0.0095610500,0.0098318400,0.0100936600
2020-04-06,0.0029738200,0.0038136500,0.0049404100,0.0058468800,0.0068671100,0.0079624400,0.0087743500,0.0096609600,0.0101631400,0.0104266500,0.0106955600
2020-04-03,0.0035608900,0.0045452400,0.0056024200,0.0065172300,0.0075014200,0.0085592300,0.0092914200,0.0101453000,0.0106157900,0.0108692200,0.0111343000
2020-04-02,0.0029285100,0.0037388800,0.0050560200,0.0060762800,0.0072247700,0.0083451500,0.0091014400,0.0099105900,0.0103908100,0.0106429800,0.0109061000
2020-04-01,0.0030085100,0.0038360000,0.0051299200,0.0062206800,0.0073531700,0.0085204900,0.0092602600,0.0100961200,0.0106020900,0.0108669900,0.0111362100
2020-03-31,0.0029017400,0.0037351600,0.0050021200,0.0060094400,0.0070461800,0.0081037100,0.0088361700,0.0096372600,0.0101356100,0.0103961000,0.0106616400
2020-03-30,0.0023643400,0.0031817600,0.0043602300,0.0052611400,0.0062608200,0.0074128400,0.0081953800,0.0090247400,0.0095041200,0.0097509400,0.0099922800
2020-03-27,0.0022860700,0.0030980900,0.0042724100,0.0051531400,0.0061268600,0.0072524100,0.0080320600,0.0089414100,0.0095256000,0.0098140300,0.0100220700
2020-03-26,0.0020506400,0.0028137600,0.0039128400,0.0047523000,0.0056603200,0.0066859900,0.0074695600,0.0083716400,0.0089367100,0.0092079200,0.0094182600
2020-03-25,0.0022568300,0.0030481500,0.0041161900,0.0049401700,0.0058749300,0.0070257200,0.0078218900,0.0087538900,0.0093254000,0.0096147200,0.0098180100
2020-03-24,0.0022541200,0.0030677100,0.0043624900,0.0053105600,0.0064233300,0.0076375700,0.0085313200,0.0094921200,0.0100823400,0.0103831600,0.0105952200
2020-03-23,0.0026584500,0.0035067800,0.0050113000,0.0060721500,0.0073419600,0.0086768800,0.0096921900,0.0107149100,0.0113039300,0.0116196900,0.0118481600
2020-03-20,0.0022661600,0.0030313800,0.0044673100,0.0054743600,0.0066818500,0.0080748200,0.0091572700,0.0102292500,0.0107767600,0.0110691900,0.0113153300
2020-03-19,0.0024912200,0.0032257400,0.0046406500,0.0058470600,0.0071817500,0.0087356300,0.0099297800,0.0111170400,0.0116753000,0.0120133400,0.0123763100
2020-03-18,0.0031110900,0.0040246500,0.0055515700,0.0068120000,0.0081108800,0.0095968000,0.0108990700,0.0122558900,0.0128679000,0.0132149800,0.0136785000
2020-03-17,0.0025061600,0.0032686900,0.0046776000,0.0057815000,0.0069949100,0.0084642600,0.0095729700,0.0106627700,0.0112561900,0.0116009400,0.0120611900
2020-03-16,0.0026651800,0.0034616200,0.0048002700,0.0059390300,0.0071335100,0.0085435900,0.0097961200,0.0111254700,0.0117943100,0.0122112400,0.0127974900
2020-03-13,0.0021767800,0.0028594700,0.0040091700,0.0050407000,0.0061569600,0.0074707500,0.0087218600,0.0099851500,0.0106436100,0.0110464900,0.0116115100
2020-03-12,0.0026151600,0.0033707400,0.0045363400,0.0057027300,0.0068275600,0.0081544200,0.0094475400,0.0106904400,0.0113641800,0.0117774400,0.0123477700
2020-03-11,0.0017251400,0.0022735600,0.0031602000,0.0042192600,0.0052992500,0.0064353900,0.0076906300,0.0089200700,0.0095844800,0.0099864500,0.0105410500
2020-03-10,0.0016718700,0.0022006100,0.0031208600,0.0041666200,0.0052046600,0.0064111300,0.0076405800,0.0088025300,0.0094646200,0.0098650700,0.0104127300
2020-03-09,0.0018997800,0.0023842400,0.0034116000,0.0045248500,0.0056134900,0.0068421600,0.0079510000,0.0090067700,0.0096308100,0.0100193400,0.0105513500
2020-03-06,0.0013509800,0.0017045800,0.0022807600,0.0030968000,0.0038849300,0.0047880500,0.0059949600,0.0071157100,0.0077143500,0.0080873200,0.0085784000
2020-03-05,0.0010348400,0.0013121700,0.0017844800,0.0024483600,0.0031336700,0.0039068100,0.0050535200,0.0061156300,0.0066795100,0.0070114200,0.0074639000
2020-03-04,0.0008115100,0.0010798900,0.0015047900,0.0021311300,0.0027631300,0.0034964900,0.0045887000,0.0056148300,0.0061437700,0.0064613700,0.0069044600
2020-03-03,0.0008209000,0.0011106800,0.0015495100,0.0021629900,0.0028419700,0.0035747500,0.0046704700,0.0057043600,0.0062205300,0.0065322200,0.0069647000
2020-03-02,0.0010094900,0.0013331300,0.0018137100,0.0024845100,0.0032207500,0.0039742100,0.0050932400,0.0061460900,0.0066823500,0.0070075600,0.0074465600
2020-02-28,0.0009887400,0.0013309300,0.0017662900,0.0023753200,0.0030543100,0.0037690800,0.0048178600,0.0057946800,0.0062789500,0.0065808600,0.0069899000
2020-02-27,0.0008465300,0.0011445200,0.0015380800,0.0020923900,0.0026960400,0.0033555800,0.0043700000,0.0053089600,0.0057765900,0.0060621800,0.0064385900
2020-02-26,0.0007963700,0.0010839400,0.0014553000,0.0019675000,0.0025200900,0.0031210100,0.0040696800,0.0049596600,0.0054055500,0.0056871200,0.0060709200
2020-02-25,0.0007672000,0.0010335200,0.0013739700,0.0018833800,0.0024071300,0.0030066300,0.0039584300,0.0048324600,0.0052743700,0.0055522200,0.0059219400
2020-02-24,0.0007473800,0.0010178400,0.0013334800,0.0017967100,0.0022816200,0.0028631100,0.0037902900,0.0046433800,0.0050783800,0.0053405800,0.0057154000
2020-02-21,0.0006325800,0.0008682900,0.0011700900,0.0016063200,0.0020495000,0.0025801700,0.0034722500,0.0042588000,0.0046781800,0.0049415900,0.0052970500
2020-02-20,0.0006611500,0.0009072600,0.0012367100,0.0016308500,0.0020672700,0.0025674800,0.0034485300,0.0042579100,0.0046804600,0.0049450300,0.0052901800
2020-02-19,0.0006348600,0.0008639400,0.0011775100,0.0015740800,0.0020188000,0.0024967100,0.0033796800,0.0041621700,0.0045778800,0.0048367700,0.0051791200
2020-02-18,0.0006671700,0.0009077000,0.0012074000,0.0016101900,0.0020628500,0.0025330000,0.0033994200,0.0042152800,0.0046323900,0.0048798500,0.0052357300
2020-02-17,0.0006424800,0.0008770800,0.0011857700,0.0015937200,0.0020277400,0.0025177400,0.0034057800,0.0042109600,0.0046304300,0.0048787700,0.0052350500
2020-02-14,0.0006229900,0.0008546600,0.0011421400,0.0015666700,0.0020046700,0.0024825000,0.0033640800,0.0041628600,0.0046004500,0.0048547000,0.0052141600
2020-02-13,0.0006089800,0.0008332100,0.0011181800,0.0015674200,0.0020124600,0.0024985300,0.0033992100,0.0042236700,0.0046522600,0.0049096000,0.0052700600
2020-02-12,0.0005824400,0.0008112000,0.0010896900,0.0015118400,0.0019494100,0.0024374200,0.0033206500,0.0041555800,0.0045783500,0.0048420200,0.0051851600
2020-02-11,0.0006358600,0.0008799400,0.0011603600,0.0015884700,0.0020339100,0.0025395500,0.0034332300,0.0042793300,0.0047095900,0.0049748500,0.0053231200
2020-02-10,0.0006506900,0.0008938000,0.0011773800,0.0016365400,0.0020982900,0.0025940000,0.0035219100,0.0043735400,0.0048238200,0.0050812400,0.0054488100
2020-02-07,0.0006426500,0.0008739000,0.0011622400,0.0016031200,0.0020444900,0.0025376400,0.0034303900,0.0042431000,0.0046813800,0.0049328000,0.0052911000
2020-02-06,0.0005618900,0.0007730400,0.0010347400,0.0014614800,0.0018767900,0.0023433200,0.0032182800,0.0040064900,0.0044185100,0.0046630000,0.0050065400
2020-02-05,0.0005763700,0.0007927900,0.0010687100,0.0014905700,0.0019293300,0.0024035300,0.0032922500,0.0041145800,0.0045342200,0.0047954900,0.0051329600
2020-02-04,0.0006026800,0.0008251400,0.0011047400,0.0015551600,0.0019971100,0.0024871400,0.0033809800,0.0042222800,0.0046502700,0.0049156000,0.0052602600
2020-02-03,0.0006292000,0.0008620200,0.0011540400,0.0016276900,0.0020885500,0.0025910900,0.0035061900,0.0043439500,0.0047925300,0.0050616700,0.0054150500
2020-01-31,0.0006246700,0.0008648100,0.0011574400,0.0016325700,0.0020923500,0.0025995200,0.0035110300,0.0043662900,0.0048159200,0.0050738600,0.0054414700
2020-01-30,0.0006250700,0.0008642200,0.0011543600,0.0016341900,0.0020990200,0.0026101300,0.0035235400,0.0043827200,0.0048353900,0.0050969800,0.0054669800
2020-01-29,0.0006140900,0.0008407600,0.0011230700,0.0015896600,0.0020296000,0.0025286200,0.0034467200,0.0042941000,0.0047260600,0.0049951800,0.0053576600
2020-01-28,0.0006749200,0.0009169900,0.0012174400,0.0016807100,0.0021322800,0.0026450800,0.0035640200,0.0044206100,0.0048613500,0.0051356900,0.0055053800
2020-01-27,0.0006943000,0.0009429800,0.0012596400,0.0017180100,0.0021744600,0.0026698600,0.0036251300,0.0044904700,0.0049348300,0.0052117900,0.0055842600
2020-01-24,0.0006636900,0.0009052300,0.0012094600,0.0016683400,0.0021116000,0.0025796400,0.0035418600,0.0044049500,0.0048469500,0.0051225600,0.0054797000
2020-01-23,0.0006398800,0.0008815700,0.0011704300,0.0016267900,0.0020576800,0.0025414500,0.0034769400,0.0043121300,0.0047450400,0.0050146500,0.0053643800
2020-01-22,0.0006273600,0.0008638700,0.0011437400,0.0016128700,0.0020408600,0.0025338100,0.0034550400,0.0042929600,0.0047232100,0.0049895700,0.0053382900
2020-01-21,0.0006391400,0.0008792300,0.0011674700,0.0016296500,0.0020655700,0.0025471800,0.0034624700,0.0042959300,0.0047265400,0.0049805800,0.0053391500
2020-01-20,0.0006112700,0.0008338300,0.0011089100,0.0015480700,0.0019532900,0.0024343900,0.0033260200,0.0041294600,0.0045444900,0.0047889900,0.0051180900
2020-01-17,0.0006044900,0.0008280300,0.0011099200,0.0015351500,0.0019422200,0.0024263300,0.0033165800,0.0041092900,0.0045146100,0.0047627100,0.0050753900
2020-01-16,0.0006015400,0.0008236600,0.0010952700,0.0015417500,0.0019475700,0.0024214100,0.0033153400,0.0041253300,0.0045314800,0.0047798100,0.0050936300
2020-01-15,0.0006261400,0.0008509400,0.0011327900,0.0015837000,0.0020125900,0.0024873500,0.0033938800,0.0042263000,0.0046401500,0.0048917100,0.0052112000
2020-01-14,0.0006256700,0.0008511400,0.0011127800,0.0015531700,0.0019831400,0.0024513100,0.0033532200,0.0041669000,0.0045766900,0.0048130700,0.0051281000
2020-01-13,0.0006067900,0.0008330000,0.0011166100,0.0015371700,0.0019548900,0.0024201800,0.0033013800,0.0040853300,0.0044896700,0.0047244100,0.0050351900
2020-01-10,0.0005818900,0.0008104800,0.0010925300,0.0015324000,0.0019449900,0.0024194700,0.0033130000,0.0041251100,0.0045333900,0.0047828500,0.0050971200
2020-01-09,0.0005864100,0.0008039400,0.0011060100,0.0015737600,0.0019907100,0.0024975100,0.0034146300,0.0042588800,0.0046784800,0.0049345000,0.0052572400
2020-01-08,0.0006399500,0.0008765900,0.0011850900,0.0016325300,0.0020850700,0.0025860400,0.0034886700,0.0043003200,0.0047197700,0.0049745700,0.0053001100
2020-01-07,0.0006394148,0.0008734243,0.0011828579,0.0016509758,0.0020909467,0.0026007084,0.0035149113,0.0043501908,0.0047793440,0.0050298528,0.0053643507
2020-01-06,0.0006388800,0.0008702700,0.0011806300,0.0016696300,0.0020968400,0.0026154600,0.0035413500,0.0044006400,0.0048396700,0.0050857500,0.0054293700
2020-01-03,0.0006657800,0.0009197100,0.0012210300,0.0016678400,0.0020962200,0.0025811300,0.0035008000,0.0043333400,0.0047700000,0.0050157500,0.0053588200
2020-01-02,0.0006303000,0.0008754900,0.0011707600,0.0016011400,0.0020211800,0.0024937700,0.0033974100,0.0042223800,0.0046364700,0.0048777900,0.0052104500
2020-01-01,0.0006410900,0.0008861700,0.0011993000,0.0016465500,0.0020575600,0.0025443000,0.0034412600,0.0042562100,0.0046725500,0.0049271700,0.0052486300
2019-12-31,0.0006337600,0.0008766000,0.0011750700,0.0016132200,0.0020404300,0.0025425300,0.0034380600,0.0042548100,0.0046699300,0.0049232900,0.0052428600
2019-12-30,0.0006331400,0.0008785200,0.0011757000,0.0016126200,0.0020386000,0.0025389100,0.0034350800,0.0042567900,0.0046746700,0.0049272300,0.0052483500
2019-12-27,0.0006273900,0.0008841000,0.0011766900,0.0016083300,0.0020282300,0.0025228800,0.0034143200,0.0042533200,0.0046852800,0.0049264700,0.0052497400
2019-12-26,0.0006390200,0.0008998600,0.0012157600,0.0016365900,0.0020634500,0.0025502700,0.0034391300,0.0042375300,0.0046682800,0.0049086800,0.0052307400
2019-12-25,0.0006390600,0.0008999100,0.0012136900,0.0016347800,0.0020617600,0.0025484600,0.0034386000,0.0042397100,0.0046703400,0.0049109100,0.0052332900
2019-12-24,0.0006363600,0.0008962400,0.0011932700,0.0016160500,0.0020447800,0.0025296100,0.0034306300,0.0042541000,0.0046842900,0.0049254600,0.0052488800
2019-12-23,0.0006432700,0.0009020600,0.0011991100,0.0016140600,0.0020392700,0.0025191100,0.0034199000,0.0042383200,0.0046543200,0.0048949700,0.0052187400
2019-12-20,0.0006904800,0.0009723300,0.0012655500,0.0016401400,0.0020438700,0.0024957700,0.0033857300,0.0041674400,0.0045758900,0.0048133000,0.0051420800
2019-12-19,0.0006191300,0.0008691400,0.0011715900,0.0016003200,0.0020266500,0.0025193400,0.0034319400,0.0042666300,0.0046861600,0.0049404500,0.0052662600
2019-12-18,0.0006061400,0.0008453600,0.0011490900,0.0015887800,0.0020042100,0.0025184400,0.0034301200,0.0042677500,0.0046904700,0.0049444000,0.0052715300
2019-12-17,0.0007057500,0.0009745400,0.0012385600,0.0016175800,0.0020217300,0.0025034900,0.0033775300,0.0041865300,0.0046162200,0.0048547800,0.0051786000
2019-12-16,0.0005952300,0.0008254300,0.0011174700,0.0015378500,0.0019360800,0.0024283200,0.0033226100,0.0041504800,0.0045782100,0.0048174000,0.0051400000
2019-12-13,0.0005861600,0.0008115200,0.0011057000,0.0015408800,0.0019423600,0.0024347000,0.0033417100,0.0041692800,0.0045855900,0.0048353900,0.0051598200
2019-12-12,0.0006235400,0.0008504500,0.0011615200,0.0016013400,0.0020537000,0.0025621100,0.0034874000,0.0043205500,0.0047566100,0.0049989600,0.0053420000
2019-12-11,0.0006109200,0.0008308800,0.0011397500,0.0016244300,0.0020652800,0.0025932500,0.0035658900,0.0044566700,0.0049015200,0.0051491600,0.0055000300
2019-12-10,0.0005982100,0.0008218300,0.0011318600,0.0016108500,0.0020439800,0.0025723300,0.0035451200,0.0044308400,0.0048762600,0.0051240300,0.0054740200
2019-12-09,0.0006129900,0.0008336500,0.0011556000,0.0016171700,0.0020611900,0.0025695600,0.0035392100,0.0043915800,0.0048353000,0.0050824800,0.0054313400
2019-12-06,0.0006066100,0.0008242500,0.0011599600,0.0016452400,0.0020891500,0.0026242400,0.0035912000,0.0044578700,0.0049023900,0.0051521900,0.0055014500
2019-12-05,0.0006285400,0.0008554400,0.0011938300,0.0016611200,0.0021108600,0.0026351800,0.0036011600,0.0044642800,0.0048989200,0.0051598700,0.0054991500
2019-12-04,0.0006290800,0.0008688700,0.0012095800,0.0016926900,0.0021569800,0.0026970900,0.0036644000,0.0045377200,0.0049886900,0.0052411400,0.0055973800
2019-12-03,0.0006402000,0.0008748300,0.0012271800,0.0017280800,0.0021944900,0.0027498900,0.0037320100,0.0046173500,0.0050626600,0.0053186900,0.0056762700
2019-12-02,0.0006835900,0.0009274800,0.0012631000,0.0017076800,0.0021832500,0.0027158600,0.0036513900,0.0044903800,0.0049146600,0.0051771800,0.0055173200
2019-11-29,0.0006938500,0.0009384000,0.0013012000,0.0017770500,0.0022532500,0.0027904200,0.0037757600,0.0046469300,0.0050796700,0.0053477300,0.0057109400
2019-11-28,0.0006632800,0.0008986400,0.0012689000,0.0017637200,0.0022398400,0.0027844600,0.0037850400,0.0046831700,0.0051141800,0.0053705100,0.0057368000
2019-11-27,0.0006565000,0.0009023200,0.0012660800,0.0017880200,0.0022445000,0.0027985100,0.0038334100,0.0047463400,0.0051485700,0.0053980500,0.0057750400
2019-11-26,0.0006682300,0.0009136500,0.0012876200,0.0018116700,0.0022886000,0.0028579900,0.0038941400,0.0048164800,0.0052272300,0.0054808800,0.0058573200
2019-11-25,0.0007135400,0.0009689200,0.0013507800,0.0018856100,0.0023887100,0.0029668900,0.0040241900,0.0049378700,0.0053651600,0.0056234400,0.0060042600
2019-11-22,0.0007814100,0.0010516500,0.0014410600,0.0019596900,0.0024832400,0.0030584700,0.0041197300,0.0050001800,0.0054189800,0.0056926400,0.0060714500
2019-11-21,0.0007587200,0.0009965700,0.0013862100,0.0019341200,0.0024543800,0.0030387000,0.0040867100,0.0050017800,0.0054590200,0.0057366900,0.0060933700
2019-11-20,0.0007652400,0.0010141000,0.0014200800,0.0019756600,0.0024797700,0.0030779900,0.0041481300,0.0050856200,0.0055489200,0.0058302400,0.0061934700
2019-11-19,0.0007358100,0.0009777900,0.0013717600,0.0019179000,0.0024339500,0.0030236200,0.0040823300,0.0050263700,0.0054860600,0.0057656600,0.0061386000
2019-11-18,0.0007665700,0.0010068400,0.0014003700,0.0019599400,0.0025050600,0.0031015700,0.0041543300,0.0050658700,0.0055244800,0.0058042200,0.0061758800
2019-11-15,0.0007526500,0.0009967200,0.0013921500,0.0019717500,0.0025162200,0.0031134300,0.0041834600,0.0051175200,0.0055794400,0.0058616600,0.0062257400
2019-11-14,0.0007677100,0.0010163200,0.0014156700,0.0019996700,0.0025484300,0.0031473600,0.0042213700,0.0051613300,0.0056257500,0.0059098600,0.0062879300
2019-11-13,0.0007964600,0.0010509900,0.0014492300,0.0020369000,0.0026025900,0.0031953400,0.0042610700,0.0051990900,0.0056625300,0.0059465200,0.0063129700
2019-11-12,0.0007835600,0.0010288400,0.0014225400,0.0019722200,0.0025015100,0.0030750900,0.0041489300,0.0050515800,0.0054955700,0.0057748400,0.0061470400
2019-11-11,0.0008001600,0.0010582600,0.0014466900,0.0019977500,0.0025714800,0.0031582500,0.0041953200,0.0051056200,0.0055525500,0.0058333900,0.0062071200
2019-11-08,0.0007930100,0.0010385600,0.0014365000,0.0020091200,0.0025629300,0.0031567000,0.0042036400,0.0051238800,0.0055719700,0.0058531800,0.0062264100
2019-11-07,0.0007499500,0.0009837500,0.0013803100,0.0019511700,0.0024868100,0.0030766100,0.0041276500,0.0050426400,0.0054984400,0.0057765700,0.0061338900
2019-11-06,0.0007645900,0.0010041600,0.0013987500,0.0019687100,0.0025242200,0.0031179200,0.0041593300,0.0050746600,0.0055324700,0.0058106900,0.0061722300
2019-11-05,0.0007330000,0.0009764400,0.0013669800,0.0019187100,0.0024612000,0.0030570500,0.0041031500,0.0049988900,0.0054511500,0.0057159800,0.0060856300
2019-11-04,0.0007510900,0.0009996300,0.0014088200,0.0019991500,0.0025631100,0.0031868400,0.0042283100,0.0051601700,0.0056060200,0.0058870800,0.0062630800
2019-11-01,0.0007468300,0.0009869000,0.0013948600,0.0019942300,0.0025807700,0.0031951600,0.0042676800,0.0052187400,0.0056769900,0.0059602300,0.0063404800
2019-10-31,0.0008056700,0.0010557800,0.0014688000,0.0020494700,0.0026379300,0.0032527600,0.0043146400,0.0052306000,0.0056812700,0.0059670100,0.0063506900
2019-10-30,0.0008020400,0.0010508400,0.0014588500,0.0020368300,0.0026275500,0.0032486300,0.0042808200,0.0052011600,0.0056458700,0.0059297000,0.0063127800
2019-10-29,0.0007511800,0.0009850200,0.0013776400,0.0019602200,0.0025343000,0.0031595400,0.0041639200,0.0050583600,0.0054974900,0.0057769900,0.0061534800
2019-10-28,0.0008034100,0.0010539800,0.0014584400,0.0020166900,0.0025553200,0.0031706800,0.0041734100,0.0050721100,0.0055113800,0.0057924000,0.0061725600
2019-10-25,0.0007839700,0.0010323700,0.0014261200,0.0019869400,0.0025398300,0.0031507800,0.0041517700,0.0050483500,0.0054558500,0.0057304600,0.0061189000
2019-10-24,0.0008038300,0.0010492800,0.0014664600,0.0020279900,0.0025669500,0.0031834900,0.0041913800,0.0050805900,0.0054870000,0.0057618100,0.0061519700
2019-10-23,0.0008001100,0.0010479400,0.0014708200,0.0019984400,0.0025356100,0.0031445700,0.0041555600,0.0050237600,0.0054262500,0.0056982200,0.0060843600
2019-10-22,0.0007480800,0.0009963400,0.0014079400,0.0019495200,0.0024599500,0.0030503200,0.0040918800,0.0049641200,0.0053624200,0.0056313400,0.0060122800
2019-10-21,0.0007294200,0.0009755200,0.0013738100,0.0019353200,0.0024782300,0.0030880600,0.0041153800,0.0050121300,0.0054153400,0.0056876300,0.0060729400
2019-10-18,0.0007888700,0.0010489200,0.0014776600,0.0020726200,0.0026092900,0.0032367400,0.0043095200,0.0052039300,0.0056106200,0.0058849500,0.0062731600
2019-10-17,0.0008110200,0.0010691700,0.0015155400,0.0021035300,0.0026384000,0.0032829400,0.0043400200,0.0052530200,0.0056910100,0.0059713900,0.0063510700
2019-10-16,0.0007641400,0.0010199400,0.0014432400,0.0020414000,0.0026008000,0.0032323200,0.0043034200,0.0052351200,0.0056748200,0.0059561500,0.0063366300
2019-10-15,0.0007609500,0.0010134200,0.0014236600,0.0020487000,0.0026415500,0.0032659000,0.0043510800,0.0053317500,0.0057754100,0.0060599300,0.0064455000
2019-10-14,0.0008437800,0.0011230600,0.0015671000,0.0021449100,0.0027428700,0.0033996100,0.0045041200,0.0054323600,0.0058795700,0.0061676600,0.0065589300
2019-10-11,0.0007886800,0.0010439300,0.0014866000,0.0021065800,0.0027315700,0.0033878800,0.0044906200,0.0054462600,0.0058765700,0.0061614300,0.0065528100
2019-10-10,0.0008493500,0.0011231500,0.0015775100,0.0022198800,0.0028944700,0.0035554600,0.0047024900,0.0056303200,0.0060190600,0.0062763900,0.0066711600
2019-10-09,0.0008804900,0.0011648100,0.0016390500,0.0023001200,0.0029749500,0.0036632600,0.0048138700,0.0057724600,0.0061709700,0.0064489800,0.0068534000
2019-10-08,0.0009653900,0.0012732500,0.0017667500,0.0024106000,0.0030537800,0.0037539400,0.0049095800,0.0058686600,0.0062701600,0.0065506000,0.0069597900
2019-10-07,0.0009597900,0.0012666700,0.0017479000,0.0023761200,0.0029879000,0.0036839700,0.0048308100,0.0057710200,0.0061661900,0.0064424000,0.0068454300
2019-10-04,0.0009181200,0.0012147700,0.0016995300,0.0023660500,0.0029812700,0.0036851400,0.0048601200,0.0058383500,0.0062422300,0.0065230800,0.0069327800
2019-10-03,0.0009342600,0.0012351100,0.0017074200,0.0023429100,0.0030518100,0.0037228300,0.0048769500,0.0057941600,0.0062143600,0.0064948800,0.0069009500
2019-10-02,0.0008632700,0.0011574900,0.0016208600,0.0022638800,0.0029077300,0.0035733100,0.0047264200,0.0056696500,0.0061194300,0.0064094200,0.0068046800
2019-10-01,0.0008331900,0.0011240500,0.0015792900,0.0021640400,0.0027809000,0.0034421600,0.0045681300,0.0054973400,0.0059523400,0.0062383700,0.0066272800
2019-09-30,0.0008488900,0.0011433900,0.0015995000,0.0022223400,0.0028733800,0.0035502100,0.0046907500,0.0056396400,0.0060887700,0.0063793300,0.0067758200
2019-09-27,0.0008672900,0.0011621100,0.0016269000,0.0022790600,0.0029451200,0.0036265500,0.0047654700,0.0057060400,0.0061486400,0.0064363700,0.0068343700
2019-09-26,0.0008984300,0.0011877900,0.0016460200,0.0022966500,0.0029833500,0.0036504600,0.0047768600,0.0056880700,0.0060796000,0.0063569500,0.0067637000
2019-09-25,0.0008755000,0.0011678300,0.0016143300,0.0022049100,0.0028168700,0.0034840600,0.0045867600,0.0054862600,0.0058865000,0.0061461800,0.0065437200
2019-09-24,0.0008900900,0.0011899700,0.0016336700,0.0021474100,0.0027314300,0.0034127600,0.0044416500,0.0052645200,0.0056620000,0.0059297700,0.0063178500
2019-09-23,0.0008433700,0.0011143000,0.0015375500,0.0021145900,0.0026967100,0.0033245800,0.0043579300,0.0052507300,0.0056781000,0.0059379900,0.0063093300
2019-09-20,0.0008317200,0.0011104900,0.0015202400,0.0020987100,0.0026595700,0.0032796500,0.0043251400,0.0052153900,0.0056314000,0.0059032700,0.0062615700
2019-09-19,0.0006456500,0.0009714500,0.0013551300,0.0018870700,0.0024193000,0.0030109700,0.0040484500,0.0049250300,0.0053258900,0.0055924400,0.0059549300
2019-09-18,0.0006471800,0.0009732600,0.0013392700,0.0018866300,0.0024201900,0.0030087700,0.0040563600,0.0049276900,0.0053509900,0.0056201100,0.0059847400
2019-09-17,0.0006377100,0.0009580500,0.0013299500,0.0018505000,0.0023715200,0.0029493600,0.0039682100,0.0048318000,0.0052232000,0.0054841800,0.0058389800
2019-09-16,0.0006259200,0.0009323900,0.0012883100,0.0018094600,0.0023361300,0.0029137800,0.0039284900,0.0047986800,0.0052023000,0.0054646000,0.0058207300
2019-09-13,0.0005830500,0.0008593700,0.0012057000,0.0017165800,0.0022135600,0.0027576200,0.0037471300,0.0045925400,0.0050085300,0.0052538100,0.0055902800
2019-09-12,0.0005424700,0.0008142700,0.0011487600,0.0016550300,0.0021378200,0.0026836700,0.0037092300,0.0045646500,0.0049794500,0.0052259400,0.0055741700
2019-09-11,0.0006149700,0.0009119100,0.0012639900,0.0017833400,0.0022952000,0.0028592200,0.0039011700,0.0047465800,0.0051721300,0.0054361200,0.0057828000
2019-09-10,0.0006311000,0.0009275700,0.0012845100,0.0017754300,0.0022816900,0.0028371500,0.0039067700,0.0047437500,0.0051714000,0.0054236200,0.0057825500
2019-09-09,0.0006038800,0.0008974400,0.0012357600,0.0017481700,0.0022497900,0.0028061600,0.0038407900,0.0047245500,0.0051590100,0.0054138900,0.0057759200
2019-09-06,0.0005749900,0.0008591800,0.0011884000,0.0017078400,0.0021805100,0.0027299300,0.0038003800,0.0046801900,0.0051234100,0.0053759000,0.0057347800
2019-09-05,0.0005699400,0.0008527300,0.0011824100,0.0017242400,0.0022184100,0.0027826300,0.0038585800,0.0047677300,0.0052190200,0.0054776000,0.0058447700
2019-09-04,0.0006039600,0.0009103800,0.0012629600,0.0018114100,0.0023276200,0.0029077500,0.0039817700,0.0048840200,0.0053391800,0.0056021700,0.0059725600
2019-09-03,0.0006641000,0.0009821600,0.0013687000,0.0019025900,0.0024288800,0.0030273500,0.0041176400,0.0050285300,0.0054903500,0.0057704600,0.0061376700
2019-09-02,0.0006738900,0.0009954000,0.0013671500,0.0019111400,0.0024132200,0.0030072000,0.0040768500,0.0049851300,0.0054338900,0.0057118100,0.0060902100
2019-08-30,0.0006573100,0.0009601200,0.0013282100,0.0018675000,0.0023989500,0.0029716800,0.0040566600,0.0049608400,0.0054208500,0.0056879400,0.0060663400
2019-08-29,0.0006059700,0.0008723700,0.0012179100,0.0017475500,0.0022506500,0.0028178100,0.0038754700,0.0047635400,0.0051997000,0.0054729700,0.0058439100
2019-08-28,0.0005985700,0.0008526400,0.0012063200,0.0017154000,0.0022062400,0.0027658200,0.0038228900,0.0047046000,0.0051383500,0.0054087900,0.0057757800
2019-08-27,0.0005701900,0.0008253800,0.0011587600,0.0016513300,0.0021468200,0.0027010500,0.0037212500,0.0045758700,0.0050109000,0.0052756300,0.0056347000
2019-08-26,0.0006244500,0.0009030300,0.0012350700,0.0017737700,0.0023080700,0.0028704200,0.0039394100,0.0048238000,0.0052694200,0.0055492500,0.0059284800
2019-08-23,0.0006123400,0.0008855500,0.0012233300,0.0017456700,0.0022506100,0.0028044700,0.0038518600,0.0047287900,0.0051604600,0.0054298100,0.0057917400
2019-08-22,0.0006132600,0.0008868800,0.0012466600,0.0017664700,0.0022756000,0.0028493000,0.0039143900,0.0048101400,0.0052492800,0.0055220700,0.0058760700
2019-08-21,0.0006269200,0.0009062800,0.0012769600,0.0017928800,0.0023304200,0.0029156800,0.0039807900,0.0048724700,0.0053283700,0.0056046300,0.0059656300
2019-08-20,0.0006894100,0.0009829300,0.0013731600,0.0018813400,0.0024303200,0.0030162100,0.0040442500,0.0048955500,0.0053448800,0.0056175500,0.0059863600
2019-08-19,0.0006433000,0.0009306900,0.0013159100,0.0018385600,0.0024187800,0.0030289500,0.0041212400,0.0050280500,0.0054774900,0.0057583100,0.0061382100
2019-08-16,0.0006879900,0.0009909900,0.0013944600,0.0019569100,0.0025455400,0.0031748000,0.0042798900,0.0052036600,0.0056743400,0.0059607800,0.0063491400
2019-08-15,0.0007283900,0.0010439100,0.0014490500,0.0020450900,0.0026602400,0.0032798800,0.0043945700,0.0053329500,0.0058084400,0.0060980700,0.0064916100
2019-08-14,0.0007700200,0.0011005600,0.0015182800,0.0020993900,0.0027348000,0.0033772200,0.0045215500,0.0054588900,0.0059426800,0.0062368000,0.0066356200
2019-08-13,0.0007200400,0.0010398800,0.0014398600,0.0020241300,0.0026270000,0.0032496400,0.0043484600,0.0052810000,0.0057530300,0.0060394900,0.0064261700
2019-08-12,0.0007699900,0.0011016000,0.0015238000,0.0021058300,0.0027199000,0.0033579700,0.0044833900,0.0054235400,0.0059014500,0.0061919900,0.0065836400
2019-08-09,0.0007503800,0.0010754500,0.0014805800,0.0020262500,0.0026328700,0.0032483400,0.0043570000,0.0052864200,0.0057450100,0.0060307400,0.0064137900
2019-08-08,0.0006950200,0.0010126100,0.0013987300,0.0019270800,0.0025227400,0.0031285900,0.0042450300,0.0051585600,0.0056151600,0.0059002500,0.0062719100
2019-08-07,0.0007184300,0.0010475600,0.0014364900,0.0019636500,0.0025559000,0.0031660000,0.0042443700,0.0051451900,0.0055960800,0.0058766400,0.0062550000
2019-08-06,0.0006917000,0.0010067500,0.0013889400,0.0019752000,0.0025341600,0.0031501800,0.0042222600,0.0051081100,0.0055659700,0.0058437700,0.0062177600
2019-08-05,0.0007550800,0.0010945500,0.0015013600,0.0020610300,0.0026330100,0.0032512100,0.0043819300,0.0053072900,0.0057807400,0.0060677700,0.0064414300
2019-08-02,0.0006898800,0.0010058900,0.0013914600,0.0019373100,0.0025046100,0.0031094500,0.0042072800,0.0051059000,0.0055598600,0.0058392200,0.0062161600
2019-08-01,0.0007019500,0.0010247400,0.0013884300,0.0018857400,0.0024505600,0.0030390900,0.0041315500,0.0050332800,0.0054974300,0.0057750700,0.0061363000
2019-07-31,0.0006283600,0.0009191000,0.0012034600,0.0017502600,0.0023009700,0.0029257700,0.0040232900,0.0049289800,0.0053791000,0.0056491200,0.0060012200
2019-07-30,0.0006996100,0.0010285100,0.0013814000,0.0019046300,0.0024321400,0.0030421000,0.0041625800,0.0050702600,0.0055242800,0.0058017800,0.0061658800
2019-07-29,0.0006666800,0.0009726500,0.0013381000,0.0018426400,0.0023547800,0.0029188000,0.0040056700,0.0048735700,0.0053273200,0.0055847200,0.0059503800
2019-07-26,0.0006345300,0.0009293800,0.0012710000,0.0017594200,0.0022516400,0.0028063400,0.0038623800,0.0047189600,0.0051625600,0.0054167200,0.0057735500
2019-07-25,0.0005885400,0.0008668600,0.0011905800,0.0016624500,0.0021639400,0.0027029000,0.0037396000,0.0045663800,0.0049904700,0.0052420900,0.0055927900
2019-07-24,0.0005651700,0.0008384100,0.0011617600,0.0016238400,0.0020895100,0.0026154300,0.0036385200,0.0044549600,0.0048711700,0.0051275500,0.0054583700
2019-07-23,0.0005871200,0.0008694300,0.0012187300,0.0016922200,0.0021760500,0.0027141400,0.0037743400,0.0046242700,0.0050638200,0.0053170900,0.0056690200
2019-07-22,0.0006616100,0.0009659300,0.0013284700,0.0018129200,0.0023123900,0.0028527800,0.0039118600,0.0047443800,0.0051751900,0.0054430600,0.0057857200
2019-07-19,0.0006193000,0.0009123200,0.0012645500,0.0017097500,0.0021751200,0.0027107300,0.0037067200,0.0044897000,0.0049064700,0.0051632300,0.0054946900
2019-07-18,0.0006774000,0.0009920200,0.0013473000,0.0017767000,0.0022725800,0.0028338800,0.0038702100,0.0046601300,0.0051018600,0.0053550300,0.0057111000
2019-07-17,0.0006365200,0.0009282500,0.0012981100,0.0017412500,0.0022002100,0.0027453300,0.0037785200,0.0045982100,0.0050211800,0.0052708100,0.0056211700
2019-07-16,0.0006521900,0.0009469000,0.0013771800,0.0016970300,0.0021443700,0.0026719400,0.0037151400,0.0045429000,0.0049653200,0.0052153400,0.0055626700
2019-07-15,0.0005837000,0.0008595300,0.0012265400,0.0016931000,0.0021635300,0.0027027800,0.0036904100,0.0044778600,0.0049034500,0.0051607200,0.0054887400
2019-07-12,0.0006126600,0.0008921800,0.0012591800,0.0017339000,0.0022009800,0.0027508600,0.0037949800,0.0046315400,0.0050577200,0.0053220700,0.0056589400
2019-07-11,0.0006157200,0.0009028600,0.0012654300,0.0017537000,0.0022501200,0.0028205800,0.0038864300,0.0047427500,0.0051757400,0.0054414100,0.0057852300
2019-07-10,0.0006468800,0.0009473600,0.0013329800,0.0018247600,0.0023091200,0.0028843600,0.0039529700,0.0047900600,0.0052373700,0.0054918800,0.0058504000
2019-07-09,0.0006958600,0.0010095100,0.0014017800,0.0019054300,0.0023977500,0.0029800000,0.0040406500,0.0048846600,0.0053383100,0.0055975600,0.0059624700
2019-07-08,0.0006183600,0.0008982100,0.0012694700,0.0017662100,0.0022760700,0.0028492800,0.0038912200,0.0047326000,0.0051754600,0.0054306400,0.0057870600
2019-07-05,0.0006225800,0.0009075600,0.0012668400,0.0017374400,0.0022207500,0.0027748200,0.0037760100,0.0045902200,0.0050136500,0.0052769000,0.0056146100
2019-07-04,0.0006426300,0.0009321100,0.0013163000,0.0017454900,0.0022276700,0.0027561500,0.0037480900,0.0045187200,0.0049377300,0.0051981100,0.0055326000
2019-07-03,0.0006020300,0.0008607200,0.0012261400,0.0016801700,0.0021209300,0.0026564400,0.0036742100,0.0044685900,0.0048821500,0.0051389400,0.0054680300
2019-07-02,0.0006415700,0.0009038200,0.0012650600,0.0017124900,0.0021801600,0.0027440600,0.0037849000,0.0045866400,0.0050130200,0.0052762300,0.0056137800
2019-07-01,0.0006025300,0.0008615200,0.0012283300,0.0016997000,0.0021291800,0.0027356800,0.0037826100,0.0046256500,0.0050675800,0.0053206400,0.0056735500
2019-06-28,0.0006416500,0.0009052000,0.0012956100,0.0017937400,0.0022600400,0.0028499900,0.0038967600,0.0047281200,0.0051699400,0.0054341700,0.0057773700
2019-06-27,0.0006542400,0.0009312800,0.0013220300,0.0018387300,0.0023041400,0.0029452600,0.0040504300,0.0049277300,0.0053868200,0.0056488600,0.0060178800
2019-06-26,0.0007102100,0.0010043600,0.0014063600,0.0018918000,0.0024237800,0.0030451200,0.0041116600,0.0049599300,0.0054155400,0.0056763300,0.0060432200
2019-06-25,0.0007038100,0.0009895600,0.0013986800,0.0019208700,0.0024163800,0.0030598500,0.0041753700,0.0050426500,0.0055012400,0.0057664400,0.0061371500
2019-06-24,0.0006370200,0.0009115800,0.0013042000,0.0018760600,0.0023258500,0.0030067200,0.0041498700,0.0050739000,0.0055248200,0.0058039000,0.0061757500
2019-06-21,0.0006678600,0.0009509300,0.0013543400,0.0019194600,0.0023824800,0.0030723600,0.0042357500,0.0051847700,0.0056571400,0.0059420600,0.0063089800
2019-06-20,0.0006726700,0.0009569400,0.0013639700,0.0018982300,0.0023744100,0.0030445800,0.0041767300,0.0050920900,0.0055593400,0.0058409400,0.0062052500
2019-06-19,0.0007223100,0.0010169100,0.0014212700,0.0019310200,0.0024495100,0.0031189800,0.0042272400,0.0051212800,0.0055873300,0.0058681000,0.0062436600
2019-06-18,0.0007456100,0.0010439600,0.0014746800,0.0020066700,0.0025604000,0.0032516100,0.0043895500,0.0053056000,0.0057746300,0.0060573900,0.0064368800
2019-06-17,0.0008493800,0.0011859200,0.0016528400,0.0022066500,0.0028289000,0.0035591800,0.0047504600,0.0056966600,0.0061899700,0.0064872000,0.0068851500
2019-06-14,0.0009447900,0.0012849800,0.0017670800,0.0023095700,0.0029521700,0.0036324200,0.0047958900,0.0057198500,0.0062107100,0.0065067300,0.0069021300
2019-06-13,0.0008644700,0.0011757600,0.0016807000,0.0022504700,0.0029095200,0.0036289200,0.0048427500,0.0058120300,0.0063103500,0.0066107000,0.0070006000
2019-06-12,0.0008675200,0.0011783000,0.0016759000,0.0022590100,0.0028841800,0.0036107700,0.0047923200,0.0057373700,0.0062266400,0.0065217600,0.0069168900
2019-06-11,0.0008086400,0.0011113900,0.0016132500,0.0021765100,0.0028175000,0.0035137200,0.0047084200,0.0056648900,0.0061521300,0.0064457900,0.0068391600
2019-06-10,0.0008256700,0.0011295000,0.0016441700,0.0022591800,0.0029228200,0.0036951100,0.0049341200,0.0059344000,0.0064374100,0.0067414100,0.0071496400
2019-06-07,0.0008828100,0.0012051400,0.0017274700,0.0023444200,0.0030364200,0.0038128600,0.0050659000,0.0060754400,0.0065923500,0.0069028400,0.0073220900
2019-06-06,0.0009235300,0.0012637100,0.0018254500,0.0024515800,0.0031747300,0.0039556800,0.0052373400,0.0062704800,0.0067872600,0.0071044700,0.0075434300
2019-06-05,0.0008780100,0.0012026400,0.0017608400,0.0024379800,0.0031693400,0.0039990300,0.0052920600,0.0063367100,0.0068683300,0.0071890700,0.0076181200
2019-06-04,0.0009175800,0.0012658700,0.0018390300,0.0025397900,0.0032939800,0.0041315700,0.0054303100,0.0064863400,0.0070097900,0.0073429000,0.0077758300
2019-06-03,0.0010704700,0.0014593800,0.0020656400,0.0028128100,0.0036260300,0.0044991600,0.0058188200,0.0068902600,0.0074460000,0.0077795700,0.0082413300
2019-05-31,0.0010853100,0.0014808600,0.0020911100,0.0028150700,0.0036290600,0.0045200500,0.0058876100,0.0069927900,0.0075565200,0.0078949500,0.0083639500
2019-05-30,0.0010229300,0.0013960100,0.0019911600,0.0027193700,0.0035072100,0.0043745800,0.0057194900,0.0068027700,0.0073560700,0.0076882300,0.0081450400
2019-05-29,0.0010915400,0.0014796900,0.0020900500,0.0028102900,0.0036231300,0.0044954200,0.0058509500,0.0069472900,0.0075103200,0.0078485700,0.0083121200
2019-05-28,0.0010335800,0.0014011600,0.0020078800,0.0027331600,0.0035170000,0.0043842000,0.0057320200,0.0068273000,0.0073729100,0.0077204700,0.0081666700
2019-05-27,0.0010302500,0.0013936700,0.0019794200,0.0026713800,0.0034479600,0.0042930800,0.0056239800,0.0066936600,0.0072440100,0.0075740800,0.0080138500
2019-05-24,0.0010247700,0.0013879900,0.0019557000,0.0026369700,0.0034099500,0.0042749800,0.0055976200,0.0066612900,0.0072095900,0.0075383900,0.0079759600
2019-05-23,0.0010603700,0.0014389200,0.0020329200,0.0027307500,0.0035118800,0.0043734000,0.0057138200,0.0067971800,0.0073541000,0.0076884300,0.0081330300
2019-05-22,0.0010205100,0.0013879800,0.0019680900,0.0026372100,0.0033957600,0.0042394200,0.0055666100,0.0066220400,0.0071721400,0.0075024900,0.0079407100
2019-05-21,0.0009630600,0.0013058000,0.0019034600,0.0025583500,0.0032900700,0.0040884000,0.0054034000,0.0064540800,0.0069925800,0.0073205400,0.0077519400
2019-05-20,0.0009535000,0.0012987200,0.0018632100,0.0025747900,0.0032809000,0.0040995700,0.0053857200,0.0064195200,0.0069452000,0.0072851300,0.0077173200
2019-05-17,0.0009554200,0.0012950500,0.0018408800,0.0025020000,0.0031895800,0.0039843300,0.0052467600,0.0062538600,0.0067704000,0.0071013400,0.0075278900
2019-05-16,0.0009331200,0.0012715300,0.0018172600,0.0024685600,0.0031676200,0.0039658000,0.0052375800,0.0062512000,0.0067709100,0.0070923100,0.0075299000
2019-05-15,0.0009972600,0.0013582000,0.0018995300,0.0025645600,0.0032813600,0.0040906800,0.0053704700,0.0063960000,0.0069318700,0.0072564200,0.0076860000
2019-05-14,0.0009506500,0.0012956700,0.0018407900,0.0024880400,0.0031899900,0.0039868100,0.0052484100,0.0062608300,0.0067863800,0.0071068100,0.0075297200
2019-05-13,0.0010139100,0.0013638600,0.0019088300,0.0025693900,0.0032637300,0.0040594600,0.0053163600,0.0063358800,0.0068485400,0.0071807300,0.0076048900
2019-05-10,0.0009276100,0.0012637400,0.0017822900,0.0024350900,0.0030896600,0.0038694300,0.0051106100,0.0061059100,0.0066115600,0.0069262000,0.0073432100
2019-05-09,0.0009683200,0.0013072900,0.0018461300,0.0025056400,0.0031708800,0.0039535400,0.0052048000,0.0062065000,0.0067184000,0.0070371900,0.0074610800
2019-05-08,0.0008997300,0.0012207300,0.0017644400,0.0023858000,0.0030446100,0.0037808400,0.0050195200,0.0060199400,0.0065254800,0.0068401400,0.0072693000
2019-05-07,0.0009033500,0.0012255000,0.0017351800,0.0023442100,0.0029851500,0.0037386300,0.0049636700,0.0059476000,0.0064471100,0.0067603800,0.0071729800
2019-05-06,0.0008476100,0.0011575100,0.0016433400,0.0022396000,0.0028375200,0.0035804500,0.0047686000,0.0057292200,0.0062032500,0.0065202800,0.0069218400
2019-05-03,0.0007962500,0.0010881500,0.0015779500,0.0021889100,0.0028034500,0.0035840200,0.0047964500,0.0057891000,0.0062674600,0.0065872500,0.0069930600
2019-05-02,0.0008080800,0.0011078100,0.0016166500,0.0022205500,0.0028597200,0.0036051500,0.0048219900,0.0058159400,0.0062931300,0.0066100900,0.0070197000
2019-05-01,0.0008875100,0.0012171100,0.0017181400,0.0022624500,0.0029170000,0.0036123300,0.0048102400,0.0058340000,0.0063270300,0.0066351400,0.0070498900
2019-04-30,0.0008290900,0.0011403000,0.0016452800,0.0022449300,0.0028706600,0.0035995700,0.0048256100,0.0058049000,0.0062772500,0.0065821500,0.0069965600
2019-04-29,0.0008573600,0.0011816200,0.0017116000,0.0023235000,0.0029632100,0.0036955200,0.0049626200,0.0059489500,0.0063869700,0.0066862800,0.0071262100
2019-04-26,0.0009311800,0.0012691900,0.0018308300,0.0024270900,0.0030890300,0.0038264400,0.0050729400,0.0060664100,0.0065098900,0.0068120800,0.0072554500
2019-04-25,0.0009689800,0.0013058800,0.0018849500,0.0024999900,0.0031712500,0.0039114600,0.0052022800,0.0062138500,0.0066688300,0.0069767800,0.0074257500
2019-04-24,0.0009107000,0.0012325500,0.0017689900,0.0023882500,0.0030403900,0.0037717300,0.0050525900,0.0060516800,0.0065154100,0.0068204600,0.0072562200
2019-04-23,0.0008761200,0.0011911500,0.0017279900,0.0023406100,0.0029735900,0.0036937200,0.0049699600,0.0059940100,0.0064710600,0.0067818300,0.0072338200
2019-04-22,0.0008348500,0.0011347200,0.0017067900,0.0023191300,0.0029604900,0.0036634500,0.0049611300,0.0059815500,0.0064579400,0.0067683200,0.0072201400
2019-04-19,0.0008428400,0.0011466900,0.0017150500,0.0023251400,0.0029714000,0.0036760500,0.0049678100,0.0059850300,0.0064621700,0.0067731000,0.0072249300
2019-04-18,0.0008555600,0.0011659900,0.0017283400,0.0023363900,0.0029908600,0.0036996500,0.0049861200,0.0060014200,0.0064802100,0.0067923900,0.0072427300
2019-04-17,0.0008511400,0.0011699100,0.0017322700,0.0023398700,0.0029931300,0.0037013200,0.0049908100,0.0060078100,0.0064869100,0.0067990100,0.0072362200
2019-04-16,0.0008664800,0.0011807000,0.0017443800,0.0023546600,0.0030100000,0.0037219500,0.0050097800,0.0060269700,0.0065071100,0.0068203900,0.0072605000
2019-04-15,0.0008738200,0.0012008600,0.0017378700,0.0023199600,0.0029666900,0.0036657700,0.0049153000,0.0058955500,0.0063573300,0.0066653200,0.0071093900
2019-04-12,0.0007827700,0.0010854100,0.0016109100,0.0022251200,0.0028713100,0.0036301800,0.0048692500,0.0058814600,0.0063538200,0.0066613700,0.0070949500
2019-04-11,0.0007687100,0.0010754200,0.0016455700,0.0023081700,0.0029929800,0.0037723000,0.0050606100,0.0060873700,0.0065672300,0.0068814900,0.0073336100
2019-04-10,0.0008254600,0.0011342000,0.0017341700,0.0023877300,0.0030919200,0.0038581000,0.0051473700,0.0061569100,0.0066324100,0.0069487600,0.0073968600
2019-04-09,0.0008670300,0.0011873000,0.0017706900,0.0024177800,0.0031178100,0.0038948400,0.0051818200,0.0062020800,0.0066679800,0.0069978000,0.0074351900
2019-04-08,0.0008120000,0.0011125600,0.0016875000,0.0023702900,0.0030747600,0.0038827200,0.0051708300,0.0062108400,0.0066793100,0.0070087100,0.0074489000
2019-04-05,0.0008531300,0.0011551200,0.0017427600,0.0024366900,0.0031615800,0.0039603400,0.0052257500,0.0062656700,0.0067472300,0.0070775200,0.0075285500
2019-04-04,0.0009443500,0.0012463300,0.0018633600,0.0025708600,0.0033149000,0.0041197200,0.0053699900,0.0064151600,0.0069032800,0.0072198300,0.0076661700
2019-04-03,0.0009292900,0.0012343500,0.0018074400,0.0025132600,0.0032560900,0.0040635900,0.0053292600,0.0063719800,0.0068583300,0.0071831200,0.0076296100
2019-04-02,0.0009974900,0.0013192500,0.0019162800,0.0026462600,0.0033941500,0.0042227200,0.0055329400,0.0065723500,0.0070657400,0.0073828500,0.0078463000
2019-04-01,0.0009612100,0.0012867200,0.0018876200,0.0026019600,0.0033670800,0.0041936200,0.0054971000,0.0065519800,0.0070447300,0.0073623600,0.0078152500
2019-03-29,0.0010503400,0.0013818100,0.0019986900,0.0027372600,0.0035369000,0.0043760000,0.0056971900,0.0067690300,0.0072647700,0.0075873600,0.0080529800
2019-03-28,0.0011353200,0.0014763700,0.0020814200,0.0028396800,0.0036475000,0.0045062600,0.0058221900,0.0069051000,0.0074040000,0.0077401100,0.0081965400
2019-03-27,0.0011379900,0.0014695400,0.0020845800,0.0028289000,0.0036150400,0.0044534700,0.0057788900,0.0068536300,0.0073503600,0.0076812400,0.0081398400
2019-03-26,0.0011441900,0.0014784400,0.0021004400,0.0028552900,0.0036542600,0.0045017600,0.0058277600,0.0069149700,0.0074275800,0.0077488800,0.0082235900
2019-03-25,0.0012733800,0.0016229700,0.0022677000,0.0030497300,0.0038739200,0.0047266600,0.0060685900,0.0071764300,0.0076823000,0.0080077100,0.0084885300
2019-03-22,0.0012401200,0.0015847400,0.0022178400,0.0029784500,0.0037658200,0.0045979500,0.0059267900,0.0070080000,0.0075129900,0.0078378100,0.0083170300
2019-03-21,0.0010957300,0.0014154400,0.0020090900,0.0027388900,0.0034880400,0.0042967000,0.0056052500,0.0066683300,0.0071658800,0.0074862400,0.0079572000
2019-03-20,0.0010123700,0.0013480200,0.0019311000,0.0026449000,0.0033681400,0.0041532600,0.0054353400,0.0064765900,0.0069738500,0.0072974000,0.0077688700
2019-03-19,0.0006834000,0.0010101500,0.0015583300,0.0022298200,0.0029137700,0.0036739200,0.0049951000,0.0060904500,0.0066058500,0.0069494200,0.0074387200
2019-03-18,0.0007446100,0.0010834800,0.0016464700,0.0023325800,0.0030231600,0.0037960100,0.0051562900,0.0062783100,0.0068002500,0.0071478200,0.0076433500
2019-03-15,0.0007895900,0.0011323500,0.0017321900,0.0024150400,0.0031242900,0.0038981400,0.0052643500,0.0063737300,0.0068973800,0.0072419100,0.0077383000
2019-03-14,0.0007404600,0.0010897900,0.0016904900,0.0023818700,0.0031090400,0.0038906000,0.0052618800,0.0063866500,0.0069141800,0.0072467800,0.0077462300
2019-03-13,0.0006809500,0.0010432100,0.0016172100,0.0023468300,0.0031169000,0.0039514100,0.0053264900,0.0064800900,0.0070257700,0.0073623800,0.0078772800
2019-03-12,0.0007545000,0.0011276400,0.0017604400,0.0025627800,0.0034164500,0.0043314000,0.0057460000,0.0069618300,0.0075316000,0.0078874200,0.0084264800
2019-03-11,0.0008636900,0.0012276400,0.0018731000,0.0026902700,0.0035733600,0.0044877500,0.0059239500,0.0071511300,0.0077167000,0.0080708400,0.0086037800
2019-03-08,0.0009864700,0.0013618200,0.0020344300,0.0028731500,0.0037782100,0.0047063300,0.0061448100,0.0073819900,0.0079525900,0.0083101200,0.0088451200
2019-03-07,0.0010440700,0.0014444700,0.0020946700,0.0029230700,0.0037918300,0.0046777500,0.0061194900,0.0073294500,0.0078978200,0.0082532600,0.0087711300
2019-03-06,0.0010100800,0.0013909300,0.0020185400,0.0028444900,0.0037129500,0.0045879700,0.0060243400,0.0072212400,0.0077770900,0.0081242000,0.0086257100
2019-03-05,0.0010024310,0.0013769447,0.0020279779,0.0028485371,0.0037264206,0.0046097782,0.0060616544,0.0072860244,0.0078392615,0.0081799338,0.0086555484
2019-03-04,0.0009948400,0.0013631000,0.0020374600,0.0028525900,0.0037399400,0.0046316900,0.0060992000,0.0073513900,0.0079019300,0.0082360500,0.0086854900
2019-03-01,0.0010025200,0.0013792100,0.0020346400,0.0028386600,0.0037079900,0.0045945900,0.0060466400,0.0073093000,0.0078428600,0.0081734300,0.0086113700
2019-02-28,0.0008876400,0.0012534800,0.0018591200,0.0026121000,0.0034422000,0.0043039400,0.0057210200,0.0069449600,0.0074484700,0.0077579500,0.0081452600
2019-02-27,0.0009556100,0.0013745100,0.0020106000,0.0027791600,0.0036106800,0.0044498600,0.0059103900,0.0071485000,0.0076422600,0.0079063300,0.0081920800
2019-02-26,0.0010684800,0.0015022200,0.0021864100,0.0029324100,0.0037731600,0.0046139500,0.0061079100,0.0073623100,0.0078614100,0.0081289000,0.0084233900
2019-02-25,0.0010609300,0.0014945500,0.0021751000,0.0029680800,0.0038471400,0.0047157900,0.0062147400,0.0074856800,0.0079908100,0.0082634400,0.0085814300
2019-02-22,0.0011123600,0.0015686400,0.0022985000,0.0031054700,0.0039997400,0.0048901400,0.0064206300,0.0077518700,0.0082815300,0.0085747400,0.0089289100
2019-02-21,0.0009777600,0.0013831100,0.0020856500,0.0029268100,0.0038729700,0.0048099200,0.0063119300,0.0076270600,0.0081505100,0.0084467800,0.0088217400
2019-02-20,0.0010095800,0.0014420800,0.0021556300,0.0030150500,0.0039524500,0.0048616900,0.0063983800,0.0076943500,0.0082262700,0.0085496500,0.0089666000
2019-02-19,0.0010591700,0.0015352400,0.0022982000,0.0031637100,0.0041415200,0.0050921500,0.0066348100,0.0079803200,0.0085516300,0.0089287900,0.0094576200
2019-02-18,0.0010917000,0.0015729300,0.0023324300,0.0032131700,0.0042015900,0.0051628000,0.0067242400,0.0080717900,0.0086411500,0.0090173700,0.0095450200
2019-02-15,0.0012238700,0.0017220300,0.0024968200,0.0033845500,0.0043986700,0.0053615600,0.0069231100,0.0082678400,0.0088369000,0.0092132300,0.0097413100
2019-02-14,0.0013097900,0.0018212500,0.0026335500,0.0035256500,0.0044867500,0.0054601100,0.0070498200,0.0084095800,0.0089806200,0.0093601000,0.0098929300
2019-02-13,0.0012371300,0.0017310400,0.0025529500,0.0034720900,0.0044424200,0.0054152300,0.0069829200,0.0083422000,0.0088968400,0.0092738300,0.0098065200
2019-02-12,0.0012378100,0.0017146900,0.0025740600,0.0034989600,0.0044970200,0.0055031800,0.0070735800,0.0084525500,0.0090089300,0.0093868500,0.0099329700
2019-02-11,0.0013897300,0.0018885300,0.0027531200,0.0036702300,0.0046735100,0.0056770200,0.0072848700,0.0086755400,0.0092388900,0.0096207500,0.0101717400
2019-02-08,0.0013887600,0.0018715300,0.0027472800,0.0037039000,0.0047180800,0.0057359600,0.0073184500,0.0087109500,0.0092757200,0.0096568200,0.0102043500
2019-02-07,0.0013370100,0.0018212100,0.0026768000,0.0036426900,0.0046447100,0.0056573800,0.0072283200,0.0085998100,0.0091704100,0.0095485500,0.0100813900
2019-02-06,0.0012424700,0.0017368300,0.0025526100,0.0034893600,0.0044733800,0.0054483400,0.0069993500,0.0083662600,0.0089203400,0.0092915100,0.0098218000
2019-02-05,0.0013048700,0.0017784200,0.0026543700,0.0036091800,0.0046406200,0.0056488500,0.0071939600,0.0085875300,0.0091496000,0.0095066100,0.0100433100
2019-02-04,0.0014822400,0.0019898600,0.0028711300,0.0038292000,0.0048774900,0.0059000300,0.0074545100,0.0088710300,0.0094449500,0.0098197600,0.0103539900
2019-02-01,0.0014274100,0.0019228400,0.0027651200,0.0037313900,0.0047642100,0.0057813100,0.0073396800,0.0087510600,0.0093214500,0.0096830300,0.0102271400
2019-01-31,0.0013479200,0.0018341600,0.0026729900,0.0036254000,0.0046614100,0.0056725800,0.0072185100,0.0086189400,0.0091840300,0.0095460600,0.0100851000
2019-01-30,0.0015547000,0.0020665100,0.0029211800,0.0038783700,0.0049426400,0.0059771800,0.0075511900,0.0089692400,0.0095393400,0.0099166700,0.0104453700
2019-01-29,0.0017313200,0.0022661000,0.0030898000,0.0039854400,0.0050492300,0.0060842800,0.0076656700,0.0090972000,0.0096642900,0.0100415000,0.0105702800
2019-01-28,0.0017295700,0.0022666700,0.0030836700,0.0039736500,0.0050386700,0.0060804500,0.0076570900,0.0090954700,0.0096484400,0.0100236200,0.0105511100
2019-01-25,0.0017801000,0.0023340100,0.0031037900,0.0039640000,0.0050281400,0.0060541100,0.0076327200,0.0090670700,0.0096087400,0.0099717300,0.0104871100
2019-01-24,0.0018767100,0.0024227700,0.0032199300,0.0041084800,0.0051969600,0.0062381600,0.0078197400,0.0092721300,0.0097891300,0.0101290400,0.0106256600
2019-01-23,0.0018800700,0.0023888100,0.0032083200,0.0040874300,0.0051796000,0.0062501400,0.0078240700,0.0092834200,0.0097549300,0.0100577600,0.0104906200
2019-01-22,0.0019985600,0.0025168100,0.0033216300,0.0041906300,0.0052920900,0.0063769300,0.0079655000,0.0094565100,0.0099344900,0.0102401400,0.0106884600
2019-01-21,0.0018679100,0.0023661600,0.0031845900,0.0039960900,0.0050762200,0.0061529900,0.0077465800,0.0092524300,0.0097595500,0.0100718200,0.0105238900
2019-01-18,0.0019761800,0.0024981600,0.0032890100,0.0040909500,0.0051627300,0.0062320400,0.0078208900,0.0093124500,0.0098197400,0.0101317600,0.0105826400
2019-01-17,0.0021556100,0.0026786700,0.0034828800,0.0043034300,0.0053888300,0.0064741600,0.0080630000,0.0095624400,0.0100723400,0.0103867400,0.0108390500
2019-01-16,0.0022369400,0.0027604100,0.0035630700,0.0043839100,0.0054836100,0.0065636000,0.0081660000,0.0096765600,0.0101961700,0.0105210400,0.0109679900
2019-01-15,0.0023700200,0.0029066800,0.0037361800,0.0045924600,0.0057088100,0.0068059100,0.0083976200,0.0099217300,0.0105095900,0.0108667100,0.0113395300
2019-01-14,0.0025174700,0.0030515100,0.0039156600,0.0047961900,0.0059178200,0.0070100300,0.0085827800,0.0101326200,0.0106341700,0.0109447800,0.0113552000
2019-01-11,0.0024291500,0.0029614500,0.0038336300,0.0047214900,0.0058523800,0.0069539400,0.0085206800,0.0100704200,0.0106598100,0.0109861900,0.0114429000
2019-01-10,0.0026217800,0.0031663100,0.0040465300,0.0049446800,0.0060984500,0.0072039300,0.0088103100,0.0103765900,0.0109482400,0.0112740100,0.0117169300
2019-01-09,0.0025404100,0.0030916100,0.0039525300,0.0048431900,0.0059952600,0.0070879500,0.0087232600,0.0102954300,0.0108012300,0.0111024300,0.0115173600
2019-01-08,0.0027459000,0.0033150600,0.0042141800,0.0051416800,0.0063104500,0.0074302600,0.0090292800,0.0105947500,0.0111104800,0.0114092200,0.0118190800
2019-01-07,0.0028393305,0.0034181229,0.0043317889,0.0052691694,0.0064548381,0.0075933648,0.0091985239,0.0107740282,0.0113119975,0.0116279140,0.0120584363
2019-01-04,0.0029359400,0.0035243900,0.0044526800,0.0053998200,0.0066025300,0.0077600500,0.0093709400,0.0109563400,0.0115171700,0.0118508000,0.0123026400
2019-01-03,0.0031459700,0.0037469700,0.0046565400,0.0055862200,0.0067738700,0.0079004700,0.0095162500,0.0110924000,0.0116112700,0.0119241300,0.0123352700
2019-01-02,0.0030073700,0.0036039100,0.0044872700,0.0053989300,0.0065626800,0.0076698800,0.0092698300,0.0108357300,0.0114392700,0.0117866600,0.0122406800
2019-01-01,0.0029512500,0.0035381600,0.0044184300,0.0053212600,0.0064731300,0.0075584600,0.0091692700,0.0107283800,0.0113240400,0.0116685700,0.0121310700
2018-12-31,0.0029214100,0.0035098900,0.0044244800,0.0053630600,0.0065177200,0.0075990500,0.0091591100,0.0107101800,0.0113107300,0.0116537900,0.0121159800
2018-12-28,0.0029825800,0.0035611900,0.0044569500,0.0053899600,0.0065567100,0.0076478100,0.0093041900,0.0108637500,0.0114964900,0.0118422600,0.0123213800
2018-12-27,0.0030047100,0.0035914200,0.0044600100,0.0053680200,0.0064813200,0.0075501200,0.0091813800,0.0107470800,0.0113594600,0.0117170200,0.0121985200
2018-12-26,0.0029258700,0.0034820300,0.0043110900,0.0051805200,0.0063188700,0.0074435300,0.0091562200,0.0107115400,0.0113276300,0.0116746000,0.0121582700
2018-12-25,0.0029251100,0.0034819800,0.0043109600,0.0051804100,0.0063188100,0.0074435100,0.0091562600,0.0107690000,0.0113887500,0.0117379200,0.0122242000
2018-12-24,0.0029536600,0.0035169500,0.0043863800,0.0052848500,0.0063760500,0.0074288700,0.0090349100,0.0106057000,0.0112174600,0.0115630700,0.0120425700
2018-12-21,0.0029623000,0.0035358700,0.0043848700,0.0052555600,0.0063403600,0.0073542900,0.0088974800,0.0104540400,0.0110664500,0.0114220600,0.0118997600
2018-12-20,0.0028300700,0.0033740100,0.0042325500,0.0051013200,0.0061379000,0.0071351900,0.0086999700,0.0102446300,0.0108865900,0.0112384400,0.0117231900
2018-12-19,0.0027237200,0.0032669300,0.0041227500,0.0049875600,0.0059996500,0.0069751100,0.0084854000,0.0100210300,0.0106575800,0.0110183900,0.0114908800
2018-12-18,0.0028965200,0.0034578700,0.0042841900,0.0051099300,0.0061164800,0.0070998000,0.0086336800,0.0101674800,0.0108126000,0.0111826300,0.0116755000
2018-12-17,0.0027169400,0.0032472000,0.0041004800,0.0049644200,0.0060043500,0.0069995600,0.0085547100,0.0100923900,0.0107552300,0.0111086600,0.0115915700
2018-12-14,0.0027354000,0.0032789100,0.0041181000,0.0049559000,0.0059307100,0.0069059600,0.0084272400,0.0099561100,0.0106311100,0.0109932400,0.0114895400
2018-12-13,0.0025100700,0.0030336100,0.0038532700,0.0046801400,0.0056752200,0.0066542300,0.0081877800,0.0097083600,0.0103737800,0.0107474400,0.0112428000
2018-12-12,0.0026566500,0.0032026200,0.0040361700,0.0048680400,0.0058343000,0.0068058500,0.0083245200,0.0098548000,0.0105083300,0.0108810400,0.0113755300
2018-12-11,0.0027630700,0.0033677100,0.0041904500,0.0050314500,0.0060229600,0.0070176300,0.0085471200,0.0100790200,0.0107402400,0.0111145900,0.0116117100
2018-12-10,0.0027790700,0.0033903100,0.0042127500,0.0050365400,0.0060302900,0.0070190300,0.0085646900,0.0101085300,0.0107628200,0.0111405400,0.0116423600
2018-12-07,0.0026196000,0.0032054900,0.0040218000,0.0048529100,0.0058419800,0.0068257500,0.0083489400,0.0098764300,0.0105196200,0.0108928000,0.0113883900
2018-12-06,0.0026047000,0.0031779300,0.0040027600,0.0048817200,0.0059308500,0.0069142300,0.0084442000,0.0099862500,0.0106377100,0.0110148400,0.0115155200
2018-12-05,0.0024456200,0.0030165900,0.0038319500,0.0047031700,0.0057127900,0.0066744700,0.0081617300,0.0096912900,0.0103382100,0.0107114100,0.0112078300
2018-12-04,0.0023350700,0.0028758000,0.0036864000,0.0045427900,0.0056097700,0.0065961300,0.0081280600,0.0096473800,0.0103257100,0.0106987500,0.0112073700
2018-12-03,0.0022961400,0.0028303200,0.0036476200,0.0045070500,0.0055014800,0.0064461200,0.0079477800,0.0094488400,0.0102506300,0.0106766200,0.0112525900
2018-11-30,0.0024618800,0.0030271200,0.0038359200,0.0046713700,0.0056659500,0.0066351900,0.0081784500,0.0096937200,0.0105117100,0.0109451000,0.0115309000
2018-11-29,0.0023281500,0.0028589500,0.0036524800,0.0045196500,0.0055311100,0.0064919600,0.0079739800,0.0094759000,0.0102776900,0.0107039500,0.0112793900
2018-11-28,0.0027078100,0.0033351000,0.0041122000,0.0049397900,0.0057535600,0.0066322600,0.0080436400,0.0095798400,0.0103800100,0.0108098300,0.0113846900
2018-11-27,0.0024392200,0.0029825100,0.0037589700,0.0046244000,0.0056260400,0.0065752300,0.0080572100,0.0095582800,0.0103693100,0.0108097200,0.0113698000
2018-11-26,0.0021906600,0.0027012900,0.0034664800,0.0043081900,0.0053059500,0.0062603300,0.0077581100,0.0092464200,0.0100681600,0.0104915500,0.0110634100
2018-11-23,0.0021957800,0.0026996500,0.0034697200,0.0043118300,0.0053140100,0.0062775900,0.0077775400,0.0092526100,0.0100565500,0.0104852300,0.0110654800
2018-11-22,0.0021206900,0.0026282200,0.0033838800,0.0042222900,0.0052423100,0.0061739800,0.0076751100,0.0091692100,0.0099728200,0.0103997900,0.0109721300
2018-11-21,0.0021119700,0.0026105800,0.0033649100,0.0042082000,0.0051719100,0.0061077000,0.0075763300,0.0090765300,0.0098836100,0.0103207000,0.0108785500
2018-11-20,0.0021497700,0.0026704500,0.0034376600,0.0042803800,0.0053072000,0.0062469600,0.0077617900,0.0092637300,0.0101072200,0.0105540200,0.0111307400
2018-11-19,0.0020085200,0.0024926200,0.0032417400,0.0040763800,0.0050562700,0.0059762600,0.0074710000,0.0089737300,0.0097892100,0.0102151700,0.0107961800
2018-11-16,0.0019895200,0.0024333300,0.0031701700,0.0040028900,0.0049060700,0.0058037100,0.0072659100,0.0087608400,0.0095657100,0.0099867900,0.0105591000
2018-11-15,0.0019296000,0.0023648600,0.0030608200,0.0038605600,0.0047727100,0.0056568200,0.0071372400,0.0086157100,0.0094065500,0.0098333300,0.0104062800
2018-11-14,0.0017945600,0.0022211900,0.0029035200,0.0036636400,0.0044574300,0.0053013200,0.0067396100,0.0082161700,0.0089863100,0.0094187000,0.0099705300
2018-11-13,0.0017678600,0.0021893400,0.0029277500,0.0037083800,0.0044510500,0.0052428900,0.0066422000,0.0081945500,0.0089811500,0.0094067600,0.0099800100
2018-11-12,0.0016649800,0.0020629000,0.0027364600,0.0035056700,0.0043663900,0.0052244700,0.0066601300,0.0081044900,0.0088661400,0.0092983600,0.0098514500
2018-11-09,0.0016619900,0.0020503000,0.0027021700,0.0034480700,0.0043370500,0.0051997000,0.0066676100,0.0081204700,0.0088931100,0.0093127600,0.0098814700
2018-11-08,0.0016070900,0.0019861600,0.0026162700,0.0033512100,0.0042171500,0.0050724800,0.0065331400,0.0079814600,0.0087399700,0.0091548000,0.0097152600
2018-11-07,0.0015077700,0.0018808500,0.0025095800,0.0032252800,0.0040131300,0.0048397000,0.0062706700,0.0076637800,0.0084257200,0.0088337800,0.0093819400
2018-11-06,0.0015719500,0.0019519100,0.0025872100,0.0032956200,0.0041388200,0.0049944700,0.0064448600,0.0079271100,0.0087058000,0.0091361800,0.0096811500
2018-11-05,0.0014539100,0.0018191700,0.0024730600,0.0032414300,0.0040702700,0.0049117500,0.0063320400,0.0078134700,0.0085913200,0.0090231600,0.0095720900
2018-11-02,0.0014620600,0.0018383300,0.0024674100,0.0032080000,0.0040763300,0.0049283500,0.0063898300,0.0078384200,0.0086150700,0.0090473100,0.0096004900
2018-11-01,0.0015840200,0.0019648600,0.0026344700,0.0034087000,0.0042698400,0.0051283800,0.0065666100,0.0080059600,0.0087554500,0.0091779100,0.0097189800
2018-10-31,0.0017118700,0.0020867100,0.0027225200,0.0034475000,0.0043361100,0.0051925600,0.0066301900,0.0080871800,0.0088386800,0.0092630500,0.0098110000
2018-10-30,0.0018090900,0.0022009400,0.0028279600,0.0035544600,0.0044659700,0.0053381000,0.0067729900,0.0082083100,0.0089682600,0.0093780600,0.0099269000
2018-10-29,0.0017272300,0.0021242600,0.0027374000,0.0034426000,0.0043391800,0.0051844900,0.0066156800,0.0080528400,0.0088166500,0.0092192100,0.0097715600
2018-10-26,0.0018554300,0.0022992600,0.0029677000,0.0037073900,0.0046034700,0.0054715100,0.0069058800,0.0083957900,0.0091911900,0.0096116000,0.0101894200
2018-10-25,0.0017726800,0.0021954300,0.0028534200,0.0035759500,0.0044520500,0.0053066100,0.0067441000,0.0082252800,0.0090156300,0.0094330000,0.0100059800
2018-10-24,0.0017456400,0.0021553600,0.0028171900,0.0035480100,0.0044291300,0.0052865300,0.0067229700,0.0082063800,0.0089968900,0.0094148900,0.0099880900
2018-10-23,0.0016098100,0.0019959700,0.0026532800,0.0034096700,0.0043161400,0.0051949600,0.0066669500,0.0081205600,0.0089081400,0.0093319300,0.0099076400
2018-10-22,0.0014490000,0.0018189200,0.0024775500,0.0032066400,0.0040885800,0.0049552200,0.0064064900,0.0078686200,0.0086536700,0.0090763200,0.0096449100
2018-10-19,0.0016736300,0.0020905300,0.0027570800,0.0034543100,0.0043089500,0.0051418600,0.0065709700,0.0080684900,0.0088604800,0.0092892100,0.0098620800
2018-10-18,0.0016171200,0.0020135400,0.0026783000,0.0034069500,0.0042747000,0.0051206800,0.0065502900,0.0079959400,0.0087870000,0.0092278100,0.0097891400
2018-10-17,0.0013930500,0.0017666800,0.0023972200,0.0031206100,0.0039905900,0.0048664200,0.0063058400,0.0077645300,0.0085644800,0.0089932900,0.0095730200
2018-10-16,0.0014736400,0.0018643300,0.0024850300,0.0032115000,0.0041105600,0.0050075000,0.0064683900,0.0079019000,0.0086955000,0.0091327700,0.0097208200
2018-10-15,0.0015783300,0.0019728600,0.0026127800,0.0033692700,0.0042878900,0.0051942900,0.0066617000,0.0081452300,0.0089405400,0.0093904900,0.0099605400
2018-10-12,0.0016117200,0.0020120300,0.0026660700,0.0033842000,0.0042582700,0.0051173300,0.0065463000,0.0080245400,0.0088007100,0.0092435400,0.0098201800
2018-10-11,0.0015842500,0.0019764400,0.0026122600,0.0033184400,0.0041970000,0.0050509300,0.0064497700,0.0078858800,0.0086653100,0.0091061500,0.0096875000
2018-10-10,0.0013731900,0.0017507000,0.0023713800,0.0030569500,0.0038907200,0.0047319700,0.0061376500,0.0075812000,0.0083586800,0.0088161500,0.0094640700
2018-10-09,0.0014329500,0.0018153200,0.0024440800,0.0031369100,0.0039870800,0.0048208200,0.0062426300,0.0077199900,0.0085155700,0.0089955000,0.0096336100
2018-10-08,0.0014988700,0.0018890600,0.0024975200,0.0031715400,0.0040438700,0.0048713800,0.0063108900,0.0077936000,0.0085919200,0.0090729900,0.0097116800
2018-10-05,0.0014059500,0.0017757200,0.0023781800,0.0030451800,0.0039163700,0.0047270100,0.0061642900,0.0076655400,0.0084802100,0.0089603200,0.0095961500
2018-10-04,0.0012918800,0.0016432900,0.0022383300,0.0029140200,0.0037794600,0.0046087800,0.0060623300,0.0075759500,0.0084474400,0.0089302900,0.0095474400
2018-10-03,0.0012394000,0.0015851500,0.0021559900,0.0027902400,0.0036111000,0.0044107000,0.0058259800,0.0072814800,0.0081341700,0.0085691000,0.0091246000
2018-10-02,0.0013481500,0.0017127300,0.0023044800,0.0029657600,0.0038264700,0.0046662600,0.0061315300,0.0075953300,0.0084694000,0.0089152100,0.0094851800
2018-10-01,0.0012143100,0.0015685900,0.0021410700,0.0027730700,0.0035914900,0.0044127000,0.0058949500,0.0073809500,0.0082385800,0.0086992400,0.0092707900
2018-09-28,0.0012174000,0.0015778100,0.0021616100,0.0027888700,0.0035757800,0.0043519300,0.0057898500,0.0072478100,0.0080959000,0.0085557500,0.0091311000
2018-09-27,0.0011899700,0.0015615700,0.0021195600,0.0027238700,0.0034811100,0.0042371500,0.0056573100,0.0070552900,0.0079077600,0.0083806400,0.0090040600
2018-09-26,0.0011648200,0.0015401400,0.0020728900,0.0026686100,0.0034421500,0.0042185900,0.0056403900,0.0069363800,0.0077784400,0.0082075800,0.0087589500
2018-09-25,0.0010678900,0.0014024500,0.0020099700,0.0026665900,0.0034388500,0.0042082100,0.0056455400,0.0071487300,0.0080147900,0.0084563200,0.0090234400
2018-09-24,0.0010649600,0.0013916100,0.0019956800,0.0026516000,0.0034415800,0.0042346500,0.0057164900,0.0072036100,0.0080714900,0.0085127000,0.0090781500
2018-09-21,0.0009698400,0.0012896100,0.0018924600,0.0025511900,0.0033376600,0.0041421100,0.0056232000,0.0071241400,0.0080036800,0.0084474000,0.0090144900
2018-09-20,0.0011133000,0.0014534900,0.0020571100,0.0026867900,0.0034649700,0.0042431900,0.0056794100,0.0071486800,0.0079789900,0.0084241700,0.0089862100
2018-09-19,0.0008673500,0.0011512200,0.0017358000,0.0023608300,0.0031296000,0.0039261600,0.0054647900,0.0069994000,0.0077894600,0.0082483500,0.0088987700
2018-09-18,0.0008915700,0.0011873800,0.0017413400,0.0023884100,0.0031415000,0.0039379300,0.0054085400,0.0067644300,0.0075242100,0.0079658800,0.0085754200
2018-09-17,0.0007715900,0.0010253800,0.0016430700,0.0022843700,0.0030509500,0.0038203100,0.0053387700,0.0069012700,0.0076818700,0.0081357400,0.0087459100
2018-09-14,0.0009194200,0.0012090100,0.0018093500,0.0024225000,0.0031752800,0.0039335900,0.0053956300,0.0068634300,0.0076073900,0.0080215000,0.0085572200
2018-09-13,0.0009639400,0.0012679900,0.0018797200,0.0024928400,0.0032334500,0.0039862300,0.0054200300,0.0069136300,0.0076528600,0.0080676900,0.0086143000
2018-09-12,0.0011163000,0.0014620200,0.0020285900,0.0026028100,0.0033370300,0.0040837600,0.0054981200,0.0069406800,0.0076800800,0.0081048100,0.0086343900
2018-09-11,0.0010174300,0.0013374800,0.0019556500,0.0025846800,0.0033321600,0.0041000900,0.0055486800,0.0070507500,0.0078115400,0.0082300600,0.0087674800
2018-09-10,0.0009811600,0.0013225100,0.0019556800,0.0025973600,0.0033744800,0.0041622700,0.0056234900,0.0071580500,0.0079290000,0.0083400800,0.0088473300
2018-09-07,0.0010900800,0.0014306200,0.0020952900,0.0027640600,0.0035582100,0.0043756000,0.0058922700,0.0074610300,0.0082529400,0.0086745500,0.0091944500
2018-09-06,0.0011966200,0.0015464000,0.0022014700,0.0028428900,0.0036378600,0.0044428100,0.0059075600,0.0074323200,0.0082107000,0.0086262000,0.0091396700
2018-09-05,0.0012150400,0.0015660900,0.0022268200,0.0028742900,0.0036762300,0.0044882100,0.0059549100,0.0074864300,0.0082524800,0.0086656200,0.0091756400
2018-09-04,0.0013099300,0.0016653300,0.0023348500,0.0029981800,0.0038097600,0.0046325900,0.0061043400,0.0076358000,0.0083965100,0.0088068100,0.0093146400
2018-09-03,0.0012868600,0.0016302400,0.0023153600,0.0029913900,0.0038322300,0.0046793200,0.0061614200,0.0076871200,0.0083808900,0.0087652800,0.0092513700
2018-08-31,0.0013477700,0.0017260100,0.0024027100,0.0030749000,0.0038958200,0.0047262600,0.0061924200,0.0077004800,0.0084941800,0.0089278700,0.0094419000
2018-08-30,0.0013127300,0.0016729500,0.0023499400,0.0030069500,0.0038268600,0.0046599100,0.0061045000,0.0076026900,0.0084005400,0.0088297000,0.0093389800
2018-08-29,0.0013243900,0.0017013000,0.0023188900,0.0029611900,0.0037723400,0.0046099700,0.0061328500,0.0075931300,0.0083913100,0.0088088200,0.0093311600
2018-08-28,0.0013113500,0.0016869700,0.0023413400,0.0029846200,0.0037703700,0.0045759600,0.0060607800,0.0076342200,0.0084410000,0.0088760500,0.0093909600
2018-08-27,0.0013734100,0.0017549400,0.0023813000,0.0030127700,0.0037943400,0.0045921300,0.0060506000,0.0075646600,0.0083668200,0.0087836700,0.0092942400
2018-08-24,0.0013292000,0.0017060300,0.0023461200,0.0029925400,0.0037688500,0.0045638500,0.0060413300,0.0075443800,0.0083591200,0.0087739800,0.0092820600
2018-08-23,0.0014343400,0.0018311000,0.0024470300,0.0030549900,0.0038123500,0.0045887200,0.0060374400,0.0074457100,0.0082540700,0.0086667400,0.0091751000
2018-08-22,0.0012639100,0.0016199300,0.0022430800,0.0028603700,0.0036546700,0.0044807500,0.0059496800,0.0073528000,0.0081571300,0.0085658800,0.0090818200
2018-08-21,0.0012248900,0.0015665300,0.0022139500,0.0028836100,0.0037113500,0.0045494300,0.0060335800,0.0075561100,0.0083906800,0.0088050700,0.0093136600
2018-08-20,0.0013857700,0.0017575200,0.0023650700,0.0030239700,0.0038398900,0.0046595900,0.0061387500,0.0076719300,0.0085026800,0.0089187000,0.0094297000
2018-08-17,0.0014198100,0.0017913900,0.0024244800,0.0031185800,0.0039362300,0.0047672100,0.0062541000,0.0078208200,0.0086442700,0.0090655900,0.0095805900
2018-08-16,0.0014670500,0.0018510400,0.0024678400,0.0031185600,0.0039368700,0.0047817200,0.0062618200,0.0077504200,0.0085679900,0.0089999500,0.0095122200
2018-08-15,0.0014923000,0.0018839200,0.0024973300,0.0031576600,0.0039697100,0.0048049000,0.0062936100,0.0078465100,0.0086767600,0.0091094300,0.0096255900
2018-08-14,0.0013802400,0.0017547300,0.0023831100,0.0030512000,0.0038909300,0.0047393300,0.0062587300,0.0078678100,0.0087183200,0.0091442200,0.0096846500
2018-08-13,0.0015917400,0.0019898600,0.0026286900,0.0033128300,0.0041444500,0.0049880700,0.0064872900,0.0080265100,0.0088659700,0.0092917300,0.0098300500
2018-08-10,0.0014670700,0.0018388600,0.0024804500,0.0031386500,0.0039493500,0.0047618800,0.0062323600,0.0077605300,0.0085782300,0.0090040100,0.0095257900
2018-08-09,0.0011642800,0.0015184800,0.0021652800,0.0027970800,0.0035563800,0.0043178200,0.0057189100,0.0071837900,0.0079826700,0.0084163900,0.0089327100
2018-08-08,0.0012165000,0.0015810200,0.0021334600,0.0026884400,0.0034296100,0.0041924400,0.0056128700,0.0069341800,0.0077158700,0.0081232200,0.0086378500
2018-08-07,0.0011202300,0.0014389400,0.0020733600,0.0027143900,0.0034924400,0.0042608900,0.0056903100,0.0072030200,0.0080027500,0.0084312300,0.0089607400
2018-08-06,0.0012462400,0.0015959900,0.0021540500,0.0027946000,0.0035524400,0.0043318800,0.0058115900,0.0073556400,0.0081608800,0.0085907200,0.0091330800
2018-08-03,0.0011748400,0.0015002300,0.0021043600,0.0027669100,0.0035570200,0.0043672100,0.0058724000,0.0074532000,0.0082656200,0.0087002800,0.0092370700
2018-08-02,0.0011751500,0.0015019900,0.0021152500,0.0027637400,0.0035482000,0.0043464300,0.0058301700,0.0073645700,0.0081746500,0.0086095900,0.0091557800
2018-08-01,0.0009716100,0.0012671100,0.0018334400,0.0024861900,0.0032758800,0.0040922600,0.0056294400,0.0072245300,0.0080515900,0.0085027000,0.0090366500
2018-07-31,0.0010948700,0.0014295200,0.0020245700,0.0026647800,0.0034436600,0.0042360100,0.0057100500,0.0072455800,0.0080683200,0.0085171600,0.0090496800
2018-07-30,0.0013732700,0.0017420500,0.0023128600,0.0029549000,0.0037368400,0.0045583000,0.0060695100,0.0075947000,0.0084507100,0.0088966700,0.0094092300
2018-07-27,0.0011858400,0.0015153300,0.0021602800,0.0028271700,0.0036451900,0.0044951600,0.0060088400,0.0076137300,0.0084879400,0.0089379500,0.0094560200
2018-07-26,0.0012693000,0.0016735800,0.0022356000,0.0028539100,0.0036411800,0.0045145300,0.0060555100,0.0075903300,0.0084488400,0.0088936700,0.0094085200
2018-07-25,0.0014926200,0.0019350100,0.0025034300,0.0031293600,0.0039277600,0.0048068500,0.0063489700,0.0078714500,0.0087480100,0.0091872300,0.0096971900
2018-07-24,0.0015430600,0.0019988300,0.0025826800,0.0032362900,0.0040674500,0.0049742400,0.0065356100,0.0080859500,0.0089731000,0.0094018600,0.0099122300
2018-07-23,0.0016668300,0.0021310300,0.0027927200,0.0034691500,0.0043418000,0.0052338600,0.0067350500,0.0082951600,0.0091953000,0.0096222000,0.0101023300
2018-07-20,0.0017911200,0.0022795500,0.0029049200,0.0035849300,0.0044350400,0.0053576400,0.0068987100,0.0084513300,0.0094066000,0.0098060400,0.0101825200
2018-07-19,0.0017650400,0.0022511600,0.0028362000,0.0034995600,0.0043314500,0.0052601200,0.0068475000,0.0083776900,0.0093114300,0.0097101900,0.0100843300
2018-07-18,0.0016756500,0.0021430700,0.0027549500,0.0034172400,0.0042549800,0.0051630300,0.0067013700,0.0082549200,0.0092005300,0.0095977000,0.0099582200
2018-07-17,0.0017024500,0.0021599400,0.0027915000,0.0034719400,0.0043479300,0.0052542900,0.0067657900,0.0083224200,0.0092800500,0.0096769100,0.0100510400
2018-07-16,0.0017245400,0.0021959100,0.0028269400,0.0035031400,0.0043618100,0.0052820400,0.0068111400,0.0083732100,0.0093328100,0.0097310800,0.0101062300
2018-07-13,0.0017843600,0.0022364200,0.0029096500,0.0036104700,0.0045074600,0.0054227300,0.0069061600,0.0084840900,0.0094418300,0.0098382200,0.0102092300
2018-07-12,0.0018633200,0.0023390900,0.0029930700,0.0036701900,0.0045698300,0.0054877100,0.0070347700,0.0086254000,0.0095945200,0.0099953000,0.0103522200
2018-07-11,0.0019671200,0.0024607800,0.0031004200,0.0038013500,0.0047066000,0.0056467600,0.0071959200,0.0087861300,0.0097649100,0.0101713800,0.0105337100
2018-07-10,0.0019335000,0.0024223800,0.0030086800,0.0036693500,0.0045450100,0.0055153500,0.0071193900,0.0086948900,0.0096522200,0.0100558000,0.0104172600
2018-07-09,0.0019374800,0.0024173900,0.0030846900,0.0037954500,0.0047015000,0.0056443100,0.0071630900,0.0087558200,0.0096849700,0.0100866700,0.0104605800
2018-07-06,0.0019782500,0.0024650600,0.0030797000,0.0037705900,0.0046472800,0.0056188000,0.0072194600,0.0088142600,0.0097455600,0.0101476000,0.0105215900
2018-07-05,0.0019526500,0.0024369600,0.0030748000,0.0037765700,0.0046693200,0.0056496400,0.0072172900,0.0088029100,0.0097444600,0.0101476100,0.0105191400
2018-07-04,0.0020395700,0.0025325200,0.0032320000,0.0039676900,0.0048965700,0.0058556800,0.0073474100,0.0089464200,0.0098887400,0.0103036800,0.0106630200
2018-07-03,0.0021069900,0.0026155600,0.0032804200,0.0040088400,0.0049401200,0.0059213100,0.0074890300,0.0090948700,0.0100731000,0.0104769900,0.0108531100
2018-07-02,0.0022369100,0.0027600900,0.0033851500,0.0040866100,0.0049820500,0.0059729200,0.0075872700,0.0091932600,0.0101622500,0.0105718600,0.0109516100
2018-06-29,0.0020266800,0.0025401800,0.0032258700,0.0039648600,0.0048887200,0.0058570300,0.0073314900,0.0089143000,0.0098485200,0.0102492500,0.0106051400
2018-06-28,0.0022482300,0.0028009200,0.0034353900,0.0041314700,0.0050173200,0.0059852200,0.0075291400,0.0091255500,0.0100663700,0.0104698400,0.0108279900
2018-06-27,0.0020790800,0.0026010400,0.0032508400,0.0039679900,0.0048672300,0.0058158800,0.0073627500,0.0089507300,0.0098945600,0.0102992800,0.0106582300
2018-06-26,0.0021275500,0.0026571000,0.0033194600,0.0040575300,0.0049645000,0.0059300800,0.0074744400,0.0089972800,0.0099231600,0.0103259400,0.0106967800
2018-06-25,0.0021349000,0.0026861600,0.0032718300,0.0038913800,0.0047252700,0.0056406600,0.0072793700,0.0090160700,0.0099544500,0.0103628400,0.0107393400
2018-06-22,0.0020357200,0.0025771800,0.0031990200,0.0038312100,0.0046762300,0.0055531400,0.0070842900,0.0087564900,0.0096934400,0.0101012100,0.0104771900
2018-06-21,0.0019551700,0.0024622200,0.0030234400,0.0036713100,0.0044976300,0.0054203200,0.0070107400,0.0086677200,0.0095711000,0.0099647300,0.0103114200
2018-06-20,0.0017980100,0.0022678600,0.0028293100,0.0034578000,0.0042760600,0.0051915400,0.0067793100,0.0084321400,0.0093427600,0.0097166800,0.0100611100
2018-06-19,0.0019223200,0.0024017800,0.0029693000,0.0036099500,0.0044277500,0.0053408300,0.0069073500,0.0085639600,0.0094687700,0.0098608500,0.0101947300
2018-06-18,0.0018017100,0.0022815400,0.0028498400,0.0035052100,0.0043231200,0.0052008100,0.0066534000,0.0082436500,0.0091358300,0.0095092000,0.0098487400
2018-06-15,0.0016380400,0.0020882200,0.0027391200,0.0033753600,0.0041823500,0.0050133500,0.0064412700,0.0081013600,0.0089797500,0.0093613100,0.0096809300
2018-06-14,0.0017194000,0.0021933400,0.0028016300,0.0034334100,0.0042347900,0.0051243300,0.0066576300,0.0083056200,0.0092045300,0.0095887500,0.0099116500
2018-06-13,0.0019153100,0.0024236800,0.0030124600,0.0036410600,0.0044610100,0.0053771100,0.0069685200,0.0086375700,0.0095596200,0.0099459200,0.0102704300
2018-06-12,0.0020914600,0.0026221700,0.0032353400,0.0038869600,0.0047085200,0.0056503600,0.0072506200,0.0089109600,0.0098214800,0.0102086200,0.0105321400
2018-06-11,0.0021898500,0.0027532000,0.0034071500,0.0040887800,0.0049560500,0.0059064900,0.0074797900,0.0091347800,0.0099998000,0.0103781900,0.0106835400
2018-06-08,0.0025311400,0.0031633500,0.0037851700,0.0044487300,0.0053123700,0.0062777100,0.0079260100,0.0096626700,0.0105640300,0.0109391200,0.0112506500
2018-06-07,0.0020878400,0.0026366200,0.0032321600,0.0038635300,0.0046950000,0.0056199100,0.0072763900,0.0090034700,0.0098994700,0.0102861100,0.0105941100
2018-06-06,0.0020106500,0.0025353500,0.0031423900,0.0037810100,0.0046117600,0.0055291700,0.0070880600,0.0087407300,0.0096036300,0.0099819800,0.0102824200
2018-06-05,0.0018750200,0.0023586100,0.0029705700,0.0036176900,0.0044204500,0.0053117500,0.0068347600,0.0084651700,0.0092852600,0.0096547800,0.0099357300
2018-06-04,0.0016790100,0.0021456500,0.0027481100,0.0033899600,0.0041850600,0.0050529600,0.0065587200,0.0081879500,0.0089552200,0.0092782000,0.0095332000
2018-06-01,0.0018918600,0.0023745700,0.0030129200,0.0036037100,0.0043651200,0.0051932100,0.0066508400,0.0082609200,0.0090445900,0.0093926100,0.0096568400
2018-05-31,0.0022692000,0.0028053600,0.0033440500,0.0038254500,0.0045788200,0.0053973500,0.0070038300,0.0086773500,0.0093767100,0.0096978000,0.0098602900
2018-05-30,0.0020375500,0.0024676600,0.0030967300,0.0037132300,0.0045390800,0.0053926900,0.0068574300,0.0085115000,0.0092079400,0.0095148100,0.0096657600
2018-05-29,0.0020389500,0.0024665000,0.0030187600,0.0035491300,0.0042772600,0.0050509500,0.0064822600,0.0081099100,0.0088773300,0.0091695300,0.0093150300
2018-05-28,0.0015369400,0.0019044600,0.0023972500,0.0028736300,0.0034925900,0.0041634600,0.0055247700,0.0070113800,0.0077758200,0.0080749000,0.0082047900
2018-05-25,0.0015668000,0.0019453400,0.0024170200,0.0028730300,0.0035117800,0.0041970800,0.0055605400,0.0071221600,0.0079013200,0.0082076300,0.0083424100
2018-05-24,0.0013289000,0.0016757400,0.0021497900,0.0025967200,0.0032160100,0.0038794200,0.0052013100,0.0067373100,0.0074955300,0.0077978900,0.0079425100
2018-05-23,0.0013041600,0.0016538900,0.0021065600,0.0025396300,0.0031395600,0.0037842000,0.0050984600,0.0066214600,0.0073720300,0.0076703200,0.0078053500
2018-05-22,0.0012419100,0.0015848900,0.0020158600,0.0024225800,0.0029908000,0.0036235100,0.0049371200,0.0064465000,0.0071937900,0.0074878300,0.0076267300
2018-05-21,0.0012087400,0.0015461000,0.0019905600,0.0024049200,0.0029855900,0.0036091300,0.0049192700,0.0064400500,0.0071803000,0.0074754900,0.0076155200
2018-05-18,0.0011692300,0.0015082300,0.0019326100,0.0023303200,0.0028773600,0.0034703000,0.0047911900,0.0063026500,0.0070554500,0.0073511200,0.0074878600
2018-05-17,0.0010734000,0.0013930900,0.0018031600,0.0021549800,0.0026541600,0.0032058200,0.0044783600,0.0059745200,0.0067117400,0.0069983800,0.0071294300
2018-05-16,0.0010542200,0.0013720900,0.0017810600,0.0021618200,0.0026946600,0.0032683600,0.0045491300,0.0060360200,0.0067893100,0.0070809600,0.0072143900
2018-05-15,0.0011051800,0.0014447600,0.0018242000,0.0021335300,0.0026083700,0.0031750300,0.0045117600,0.0059611400,0.0067044000,0.0069949000,0.0071312600
2018-05-14,0.0009813300,0.0012846900,0.0016849100,0.0020541300,0.0025615400,0.0031237700,0.0044240100,0.0059299600,0.0066657500,0.0069532000,0.0070908700
2018-05-11,0.0010175600,0.0013330900,0.0017104400,0.0020591200,0.0025687700,0.0031401300,0.0044720500,0.0059752800,0.0067113800,0.0070007800,0.0071409100
2018-05-10,0.0010458300,0.0013598400,0.0017695300,0.0021468000,0.0026608400,0.0032307500,0.0045360800,0.0060467000,0.0067736200,0.0070615400,0.0072007400
2018-05-09,0.0010931300,0.0014116100,0.0017959600,0.0021562400,0.0026849900,0.0032743400,0.0046270900,0.0061499200,0.0068852200,0.0071760500,0.0073169300
2018-05-08,0.0009541200,0.0012409100,0.0016580000,0.0020060700,0.0024554300,0.0029895800,0.0042467600,0.0055525400,0.0062102500,0.0064746100,0.0066025700
2018-05-07,0.0010235700,0.0013317800,0.0017516600,0.0021317400,0.0026389400,0.0032117100,0.0044789100,0.0059614100,0.0066664700,0.0069496500,0.0070876500
2018-05-04,0.0010773600,0.0014055900,0.0017874900,0.0021372000,0.0026545700,0.0032239900,0.0045248600,0.0060339900,0.0067567500,0.0070435800,0.0071812200
2018-05-03,0.0010250700,0.0013501800,0.0017238600,0.0020724400,0.0025864400,0.0031487500,0.0044522000,0.0058955200,0.0066303200,0.0069176300,0.0070509400
2018-05-02,0.0008239600,0.0011675400,0.0015586800,0.0019307000,0.0024414800,0.0029741600,0.0041448200,0.0056247500,0.0063358600,0.0066153000,0.0067409700
2018-05-01,0.0008168900,0.0011454400,0.0015406900,0.0019291200,0.0024537000,0.0029902700,0.0042029000,0.0057792900,0.0065070900,0.0067928900,0.0069217300
2018-04-30,0.0007802400,0.0011039800,0.0014884700,0.0018387200,0.0023240700,0.0028575900,0.0041264600,0.0055759000,0.0062920600,0.0065720400,0.0067009700
2018-04-27,0.0007939900,0.0011211500,0.0015062900,0.0018545200,0.0023279800,0.0028549600,0.0040858900,0.0054927300,0.0062018600,0.0064798200,0.0066077400
2018-04-26,0.0007157000,0.0010288200,0.0013919000,0.0017215700,0.0022018400,0.0027409700,0.0040376400,0.0054961000,0.0062098000,0.0064919700,0.0066222000
2018-04-25,0.0007449000,0.0010644600,0.0014424200,0.0017881000,0.0022670500,0.0027927300,0.0040542900,0.0054943200,0.0062076100,0.0064883500,0.0066182300
2018-04-24,0.0007002900,0.0010112800,0.0013951700,0.0017374700,0.0021955500,0.0027154300,0.0039473500,0.0053869700,0.0060799000,0.0063550800,0.0064862200
2018-04-23,0.0006397800,0.0009078900,0.0012935400,0.0016856100,0.0022298400,0.0027930000,0.0040967500,0.0056446500,0.0063369300,0.0066097100,0.0067593000
2018-04-20,0.0007802600,0.0010593800,0.0014190300,0.0017449300,0.0022222400,0.0027490500,0.0039357200,0.0052861800,0.0058108800,0.0059995200,0.0061917600
2018-04-19,0.0006995600,0.0009969100,0.0013995200,0.0017914800,0.0022785000,0.0027995400,0.0040121800,0.0055247600,0.0062343400,0.0065168300,0.0066472900
2018-04-18,0.0007496800,0.0010482400,0.0014295000,0.0017779900,0.0022572400,0.0027899400,0.0040672400,0.0055472800,0.0062476000,0.0065441300,0.0066824300
2018-04-17,0.0007672000,0.0010861200,0.0014594000,0.0018064900,0.0022851500,0.0028098600,0.0039847000,0.0053712500,0.0060408000,0.0063253700,0.0064584800
2018-04-16,0.0008526700,0.0011995100,0.0015534000,0.0018848500,0.0023740500,0.0029316800,0.0042200600,0.0056711900,0.0063808200,0.0066832800,0.0068247300
2018-04-13,0.0009106900,0.0012568700,0.0016377800,0.0019920800,0.0025040500,0.0030698200,0.0043350000,0.0058277600,0.0065380700,0.0068415800,0.0069859400
2018-04-12,0.0010110700,0.0013827500,0.0017882900,0.0021647900,0.0026991200,0.0032920000,0.0045687600,0.0060852300,0.0068118400,0.0071227100,0.0072735600
2018-04-11,0.0012223800,0.0016307800,0.0020245400,0.0023565100,0.0028750800,0.0034920700,0.0047979900,0.0063289500,0.0070441500,0.0073479000,0.0075024900
2018-04-10,0.0012516100,0.0016661100,0.0020612000,0.0023886800,0.0029025300,0.0035245600,0.0048250500,0.0063527600,0.0070691100,0.0073732300,0.0075282000
2018-04-09,0.0011691300,0.0015279200,0.0019598700,0.0023645600,0.0029344300,0.0035337400,0.0047902700,0.0063137300,0.0069501700,0.0072033400,0.0073489000
2018-04-06,0.0012731000,0.0016632300,0.0020523800,0.0024231500,0.0030028900,0.0036254800,0.0049465000,0.0065247100,0.0071826300,0.0074446700,0.0075967000
2018-04-05,0.0012095900,0.0015837000,0.0019758000,0.0023419700,0.0029084400,0.0035127900,0.0048368300,0.0063724600,0.0070189900,0.0072756200,0.0074230700
2018-04-04,0.0012617500,0.0016399800,0.0020781000,0.0024606700,0.0030103500,0.0036421200,0.0049863500,0.0065330800,0.0071842800,0.0074434600,0.0075937900
2018-04-03,0.0012123000,0.0015861100,0.0020093000,0.0024034800,0.0029701700,0.0035924000,0.0048965100,0.0064428400,0.0070955700,0.0073562000,0.0075061500
2018-04-02,0.0011853100,0.0015552100,0.0019403600,0.0023372500,0.0029070400,0.0035539500,0.0048127000,0.0063565100,0.0070046300,0.0072627300,0.0074101700
2018-03-30,0.0011771500,0.0015445200,0.0019331400,0.0023315100,0.0029091200,0.0035484600,0.0048392100,0.0063563000,0.0070047300,0.0072630100,0.0074105900
2018-03-29,0.0011411200,0.0014972600,0.0019186400,0.0023326900,0.0029148600,0.0035389600,0.0048088700,0.0063537500,0.0070016500,0.0072597200,0.0074070300
2018-03-28,0.0012488600,0.0016390000,0.0020222500,0.0023857800,0.0029559600,0.0035883700,0.0049154800,0.0064345300,0.0070933100,0.0073537300,0.0075100000
2018-03-27,0.0011728100,0.0015499200,0.0019394400,0.0023152100,0.0028922200,0.0035263800,0.0048589800,0.0063440500,0.0070050100,0.0072661700,0.0074184400
2018-03-26,0.0013062400,0.0017157500,0.0020457200,0.0023594600,0.0029515900,0.0036264900,0.0051774600,0.0068048800,0.0074991500,0.0077740200,0.0079349500
2018-03-23,0.0012818200,0.0016846400,0.0020465600,0.0023942400,0.0029937100,0.0036558200,0.0050574100,0.0066789800,0.0073606800,0.0076303900,0.0077885300
2018-03-22,0.0012114200,0.0016022800,0.0019531900,0.0022753100,0.0028452100,0.0034750300,0.0048588300,0.0064559100,0.0071431900,0.0074158100,0.0075754900
2018-03-21,0.0009914800,0.0013270100,0.0016859300,0.0020320300,0.0025692000,0.0031699300,0.0045013900,0.0060626900,0.0067355200,0.0070004800,0.0071486100
2018-03-20,0.0010313700,0.0014053100,0.0016997500,0.0020113500,0.0025360400,0.0031376300,0.0044925400,0.0060254600,0.0066919300,0.0069545600,0.0071025200
2018-03-19,0.0009023000,0.0012778800,0.0015759100,0.0019122000,0.0023903700,0.0029710900,0.0042626900,0.0057193200,0.0064716400,0.0067648200,0.0070068800
2018-03-16,0.0008911300,0.0012570900,0.0015381200,0.0018334300,0.0022819800,0.0028454900,0.0041656200,0.0056058900,0.0063406600,0.0066267200,0.0068665300
2018-03-15,0.0008155900,0.0011509500,0.0014379500,0.0017475700,0.0022566000,0.0028277100,0.0041347800,0.0056273800,0.0063647500,0.0066520600,0.0068896600
2018-03-14,0.0007455300,0.0011042300,0.0014003400,0.0017171900,0.0022027900,0.0027567700,0.0040249800,0.0054923800,0.0061078000,0.0063210600,0.0065286100
2018-03-13,0.0007573000,0.0010580400,0.0013272900,0.0016045900,0.0020273900,0.0025576100,0.0038381300,0.0052369900,0.0055843000,0.0056682600,0.0058562800
2018-03-12,0.0006281400,0.0008825600,0.0012046900,0.0015227800,0.0019898300,0.0025108400,0.0038291100,0.0053328600,0.0056849700,0.0057697400,0.0059644200
2018-03-09,0.0006808400,0.0009552500,0.0012427200,0.0015494200,0.0020049700,0.0025277800,0.0037867200,0.0052610200,0.0056093000,0.0056933300,0.0058855700
2018-03-08,0.0006779100,0.0009981700,0.0012852600,0.0015906000,0.0020472200,0.0025705600,0.0038344000,0.0053166700,0.0058110900,0.0059835000,0.0061857500
2018-03-07,0.0007508200,0.0010917200,0.0013231600,0.0016377100,0.0020905700,0.0026204300,0.0038486000,0.0052436100,0.0057217100,0.0058880100,0.0060900700
2018-03-06,0.0007518800,0.0010868900,0.0013653700,0.0016673100,0.0021497900,0.0027001900,0.0040246200,0.0055786700,0.0060870100,0.0062640200,0.0064787400
2018-03-05,0.0008004200,0.0011402900,0.0014236500,0.0017327300,0.0022248700,0.0027872800,0.0041157900,0.0056611600,0.0061694500,0.0063465900,0.0065571900
2018-03-02,0.0008092000,0.0011224900,0.0013602800,0.0016907300,0.0021521600,0.0027016600,0.0039858700,0.0054263400,0.0057633900,0.0058452500,0.0060415700
2018-03-01,0.0007717800,0.0010764400,0.0013235200,0.0016463500,0.0021323800,0.0026762900,0.0039233700,0.0053711800,0.0056477600,0.0057274600,0.0059328900
2018-02-28,0.0006544700,0.0009455300,0.0012439300,0.0015782900,0.0020865500,0.0026729200,0.0040589000,0.0055740600,0.0060081600,0.0061727400,0.0063928000
2018-02-27,0.0007270400,0.0010306800,0.0013256700,0.0016681700,0.0021677700,0.0027357000,0.0040559700,0.0055580600,0.0059827300,0.0061428800,0.0063575300
2018-02-26,0.0007597300,0.0010777600,0.0013718600,0.0017245000,0.0022504100,0.0028429500,0.0041839700,0.0057217100,0.0061521300,0.0063152800,0.0065332400
2018-02-23,0.0009062700,0.0012403100,0.0015429100,0.0019175500,0.0024661800,0.0030746000,0.0044539700,0.0060097700,0.0064608100,0.0066327800,0.0068520400
2018-02-22,0.0008543200,0.0011862000,0.0015069800,0.0018401900,0.0023449700,0.0029260100,0.0042345800,0.0057328600,0.0061755900,0.0063436900,0.0065562700
2018-02-21,0.0007627700,0.0010658900,0.0013833800,0.0017443100,0.0022589300,0.0028306800,0.0042061400,0.0057880000,0.0062407800,0.0064127200,0.0066310200
2018-02-20,0.0008019400,0.0011172600,0.0014106900,0.0017566500,0.0022610400,0.0028347400,0.0041463100,0.0056978500,0.0061554900,0.0063301300,0.0065428600
2018-02-19,0.0006957900,0.0009702800,0.0012598100,0.0016074900,0.0020911100,0.0026361700,0.0039283700,0.0054779000,0.0059256300,0.0060955900,0.0063061700
2018-02-16,0.0006831900,0.0009584100,0.0012489800,0.0015978300,0.0020899800,0.0026437000,0.0039393600,0.0055168700,0.0059790900,0.0061561200,0.0063735500
2018-02-15,0.0007408000,0.0010291000,0.0013102700,0.0016420700,0.0021541200,0.0027168900,0.0039852000,0.0055630100,0.0060363100,0.0062192900,0.0064436300
2018-02-14,0.0007850500,0.0010827400,0.0013712700,0.0017126700,0.0022373000,0.0028139000,0.0041221600,0.0056687500,0.0061669000,0.0063613500,0.0065844900
2018-02-13,0.0007905800,0.0010817500,0.0013445100,0.0016839300,0.0022391400,0.0027972400,0.0041665000,0.0057386600,0.0062354600,0.0064285200,0.0066528600
2018-02-12,0.0006891700,0.0009525600,0.0012664300,0.0016127100,0.0021558800,0.0027361600,0.0040805500,0.0056414500,0.0061358400,0.0063280800,0.0065532500
2018-02-09,0.0007720700,0.0010689100,0.0013202500,0.0016751700,0.0022032200,0.0027713500,0.0040850500,0.0056488300,0.0061377100,0.0063282900,0.0065511300
2018-02-08,0.0006244400,0.0008925500,0.0011243400,0.0014501000,0.0019290000,0.0024467500,0.0036934100,0.0051776400,0.0056337600,0.0058095800,0.0060209400
2018-02-07,0.0004587300,0.0006797400,0.0009245500,0.0012499000,0.0017672900,0.0022853700,0.0035775600,0.0051172000,0.0055725200,0.0057485500,0.0059692900
2018-02-06,0.0007351100,0.0010254500,0.0012497000,0.0015762100,0.0020844600,0.0026287100,0.0038985200,0.0054169400,0.0058971000,0.0060852700,0.0063094900
2018-02-05,0.0006568700,0.0009264900,0.0011618300,0.0014972400,0.0019894000,0.0025188100,0.0037829300,0.0052753800,0.0057317400,0.0059080700,0.0061233100
2018-02-02,0.0006106000,0.0008727400,0.0011056300,0.0014325300,0.0019110900,0.0024253500,0.0036680300,0.0051333300,0.0055809200,0.0057532700,0.0059660000
2018-02-01,0.0006374000,0.0009199400,0.0010924200,0.0013766000,0.0018394100,0.0023335700,0.0035024900,0.0049498800,0.0053857200,0.0055537100,0.0057646500
2018-01-31,0.0006344200,0.0009155800,0.0010943200,0.0013783900,0.0018127700,0.0023005400,0.0034577900,0.0048580600,0.0052755800,0.0054349200,0.0056394800
2018-01-30,0.0006092200,0.0008719200,0.0011033600,0.0014267600,0.0018751600,0.0023723000,0.0036173100,0.0050673700,0.0055091400,0.0056780600,0.0058916700
2018-01-29,0.0005184200,0.0007601800,0.0010319700,0.0013550600,0.0017736200,0.0022811000,0.0035650000,0.0050110600,0.0054497900,0.0056176000,0.0058295800
2018-01-26,0.0004973200,0.0007387200,0.0010056700,0.0013231700,0.0016923700,0.0021906100,0.0034753300,0.0048651200,0.0052968800,0.0054633300,0.0056716400
2018-01-25,0.0005560700,0.0008175200,0.0010738100,0.0013703500,0.0018089700,0.0022876100,0.0034596800,0.0048129500,0.0052209400,0.0053766500,0.0055798800
2018-01-24,0.0005279200,0.0007842400,0.0010404000,0.0013370500,0.0017757100,0.0022544000,0.0034265700,0.0047801200,0.0051874200,0.0053422500,0.0055438800
2018-01-23,0.0005280300,0.0007844700,0.0010404700,0.0013371400,0.0017757000,0.0022543900,0.0034265500,0.0047801100,0.0051762900,0.0053258900,0.0055263000
2018-01-22,0.0006523100,0.0009533800,0.0011597100,0.0014571700,0.0017988100,0.0022863500,0.0034518700,0.0047449400,0.0051362600,0.0052845300,0.0054841000
2018-01-19,0.0006554600,0.0009590000,0.0011676200,0.0014679000,0.0018123600,0.0023031900,0.0034782400,0.0048159600,0.0052128500,0.0053632600,0.0055656000
2018-01-18,0.0006498200,0.0009591900,0.0011677300,0.0014679500,0.0018123600,0.0023032200,0.0034782600,0.0048062300,0.0052099100,0.0053635100,0.0055663500
2018-01-17,0.0006314200,0.0009270900,0.0011132500,0.0014514700,0.0018517900,0.0023654600,0.0036007700,0.0050335300,0.0054511500,0.0056098200,0.0058227400
2018-01-16,0.0006074900,0.0008954100,0.0010749800,0.0014023200,0.0017896500,0.0022866800,0.0034821300,0.0048945200,0.0053114100,0.0054706800,0.0056804700
2018-01-15,0.0006131700,0.0009003700,0.0010681600,0.0013860300,0.0018583200,0.0023722200,0.0035159100,0.0049537600,0.0053562100,0.0055080100,0.0057161100
2018-01-12,0.0005565100,0.0008173900,0.0010775600,0.0013925500,0.0018203500,0.0022967900,0.0035197500,0.0049166500,0.0053038900,0.0054485100,0.0056534600
2018-01-11,0.0005629300,0.0008268500,0.0010635800,0.0013942000,0.0018167200,0.0023122600,0.0036128000,0.0050222100,0.0054178700,0.0055661800,0.0057760000
2018-01-10,0.0005936800,0.0008609900,0.0011224100,0.0014396500,0.0018696900,0.0023487300,0.0035781900,0.0049820600,0.0053633600,0.0055048900,0.0057105800
2018-01-09,0.0005995700,0.0008707000,0.0011113000,0.0014217100,0.0018743200,0.0023847500,0.0036668200,0.0050793000,0.0054719600,0.0056183700,0.0058261800
2018-01-08,0.0005548600,0.0008075800,0.0010353900,0.0013316400,0.0017751800,0.0022632700,0.0035446300,0.0049264800,0.0053118800,0.0054554200,0.0056643800
2018-01-05,0.0006337800,0.0009426800,0.0011484500,0.0013582000,0.0017415400,0.0021903800,0.0034102000,0.0046646700,0.0050368200,0.0051752800,0.0053796300
2018-01-04,0.0004796500,0.0007223600,0.0009487900,0.0012388900,0.0016419000,0.0020953800,0.0033336500,0.0046802500,0.0050519500,0.0051899000,0.0053938800
2018-01-03,0.0004780300,0.0007081900,0.0009609800,0.0012741100,0.0017130800,0.0021944900,0.0035273900,0.0049483900,0.0053367100,0.0054813900,0.0056932100
2018-01-02,0.0005622100,0.0008213900,0.0010574300,0.0013624300,0.0017939800,0.0022794300,0.0035514800,0.0049468100,0.0053418800,0.0054905500,0.0057016900
2018-01-01,0.0006198600,0.0009196400,0.0010854600,0.0013486600,0.0017437000,0.0022492200,0.0034804700,0.0048051200,0.0051912800,0.0053365800,0.0055421400
2017-12-29,0.0005617400,0.0008337000,0.0010694100,0.0013731600,0.0017827000,0.0022653100,0.0035350700,0.0049272400,0.0053224800,0.0054712300,0.0056818700
2017-12-28,0.0005613000,0.0008332500,0.0010742300,0.0013835000,0.0017950400,0.0022723700,0.0035408900,0.0049286800,0.0053224900,0.0054708100,0.0056813800
2017-12-27,0.0005686000,0.0008403700,0.0010820900,0.0013928400,0.0018065500,0.0022866600,0.0035602900,0.0049545600,0.0053502100,0.0054992100,0.0057104300
2017-12-26,0.0006093900,0.0009007500,0.0011614600,0.0014245500,0.0018208400,0.0023017100,0.0035809000,0.0049072000,0.0052997500,0.0054475200,0.0056569200
2017-12-25,0.0005435800,0.0008032200,0.0010616800,0.0013739200,0.0018173500,0.0023165500,0.0037026500,0.0051505800,0.0055617200,0.0057166500,0.0059361900
2017-12-22,0.0006241300,0.0009224800,0.0011846200,0.0014342500,0.0018148300,0.0022901500,0.0036359700,0.0050146300,0.0054157200,0.0055669100,0.0057811400
2017-12-21,0.0006353200,0.0009445600,0.0011771100,0.0014333600,0.0018113300,0.0022899100,0.0035536700,0.0049167000,0.0053095800,0.0054572900,0.0056667000
2017-12-20,0.0005345300,0.0007946500,0.0010195300,0.0013703600,0.0018216700,0.0023176900,0.0035104900,0.0048773700,0.0052672000,0.0054138600,0.0056201500
2017-12-19,0.0005377000,0.0008001800,0.0010691600,0.0014064300,0.0018170200,0.0022881500,0.0034985900,0.0048549500,0.0052445700,0.0053911400,0.0055976300
2017-12-18,0.0004717900,0.0007021000,0.0010224900,0.0013726100,0.0018281400,0.0023058800,0.0036566000,0.0051705200,0.0055853300,0.0057420100,0.0059624700
2017-12-15,0.0005210700,0.0007755100,0.0009998400,0.0013497300,0.0018096600,0.0023104900,0.0034941500,0.0048772800,0.0052738300,0.0054240700,0.0056293500
2017-12-14,0.0005981000,0.0008980400,0.0010909700,0.0013623000,0.0017865900,0.0022892100,0.0035270400,0.0049148200,0.0053168200,0.0054684500,0.0056763700
2017-12-13,0.0006073500,0.0009081300,0.0011019100,0.0013753500,0.0018026200,0.0023093200,0.0035545600,0.0049518300,0.0053563800,0.0055084900,0.0057171400
2017-12-12,0.0005569900,0.0008428900,0.0009976700,0.0012929500,0.0017295200,0.0022051500,0.0033038200,0.0046851700,0.0050693500,0.0052138100,0.0054113500
2017-12-11,0.0005504600,0.0008283600,0.0010101200,0.0013124700,0.0017472400,0.0022218100,0.0033368100,0.0047520700,0.0051558500,0.0053093800,0.0055119100
2017-12-08,0.0005330700,0.0008169500,0.0010074500,0.0013393200,0.0017527100,0.0022216700,0.0034051700,0.0048337900,0.0052568300,0.0054185100,0.0056226300
2017-12-07,0.0005328300,0.0008067800,0.0010749500,0.0013376900,0.0017405900,0.0022385700,0.0036875800,0.0051922800,0.0056442300,0.0058168900,0.0060336000
2017-12-06,0.0005471100,0.0008166300,0.0010541900,0.0013647100,0.0018024700,0.0023063600,0.0036913600,0.0051968300,0.0056505800,0.0058252200,0.0060427400
2017-12-05,0.0004881700,0.0007315800,0.0009532800,0.0012961000,0.0017601500,0.0022395500,0.0035654600,0.0050619500,0.0055052600,0.0056758400,0.0058880000
2017-12-04,0.0005420500,0.0007876600,0.0010373100,0.0013519000,0.0017976500,0.0022875700,0.0035984800,0.0050620100,0.0055145300,0.0056889800,0.0059011900
2017-12-01,0.0006002900,0.0008732700,0.0011072600,0.0014407100,0.0018884800,0.0024091800,0.0037513500,0.0052468900,0.0056983800,0.0058722000,0.0060877100
2017-11-30,0.0005463400,0.0007948800,0.0010440200,0.0013905800,0.0018368800,0.0023227600,0.0035856400,0.0050282100,0.0054617400,0.0056282900,0.0058344700
2017-11-29,0.0004758700,0.0007132600,0.0009795800,0.0013094000,0.0017489600,0.0022327600,0.0035864400,0.0050708600,0.0055337600,0.0057143200,0.0059244500
2017-11-28,0.0006214900,0.0009145200,0.0010964700,0.0013897200,0.0017936100,0.0022843000,0.0034837200,0.0048979300,0.0053411700,0.0055143800,0.0057174600
2017-11-27,0.0005897100,0.0008609900,0.0010821600,0.0013875200,0.0018064700,0.0022903600,0.0035570700,0.0050009300,0.0054530900,0.0056298200,0.0058370200
2017-11-24,0.0005695100,0.0008317200,0.0010615000,0.0014007800,0.0018568900,0.0023224400,0.0035838000,0.0050165900,0.0054733700,0.0056524000,0.0058594000
2017-11-23,0.0006008200,0.0008679700,0.0010756900,0.0014266800,0.0018875200,0.0023899700,0.0035744000,0.0049433100,0.0053896500,0.0055651400,0.0057681000
2017-11-22,0.0005558000,0.0008347500,0.0010997500,0.0014431000,0.0019062300,0.0023811700,0.0036578400,0.0050861200,0.0055450100,0.0057257000,0.0059347700
2017-11-21,0.0006033300,0.0008558600,0.0010910500,0.0014746400,0.0019472100,0.0024487100,0.0036964700,0.0051657900,0.0057296700,0.0059679400,0.0061950100
2017-11-20,0.0006019000,0.0008661500,0.0011808500,0.0015537500,0.0020106300,0.0025064300,0.0037077900,0.0051225800,0.0056539900,0.0058765600,0.0060949200
2017-11-17,0.0005803700,0.0009215000,0.0012112400,0.0015986500,0.0020878700,0.0026422000,0.0039365300,0.0053659200,0.0059184200,0.0061506700,0.0063736700
2017-11-16,0.0006711300,0.0010122200,0.0013308200,0.0017319600,0.0022265400,0.0027797800,0.0040252100,0.0054405500,0.0059937500,0.0062263700,0.0064502000
2017-11-15,0.0006203900,0.0009100000,0.0013360100,0.0018560600,0.0023872800,0.0029893100,0.0041875800,0.0056838100,0.0062467600,0.0064845300,0.0067132200
2017-11-14,0.0006835100,0.0010097000,0.0013983700,0.0018656300,0.0023733800,0.0029506300,0.0041765500,0.0056559600,0.0062179200,0.0064547300,0.0066818900
2017-11-13,0.0006848300,0.0010209400,0.0013701800,0.0018303200,0.0023256300,0.0029089200,0.0041289200,0.0056584700,0.0062231400,0.0064605600,0.0066875200
2017-11-10,0.0009066500,0.0013374700,0.0016089000,0.0019676300,0.0024836100,0.0030580300,0.0044039900,0.0058933900,0.0064730100,0.0067178700,0.0069486900
2017-11-09,0.0009143000,0.0013524100,0.0016288500,0.0019939900,0.0025225100,0.0031101200,0.0044723800,0.0059760900,0.0065563400,0.0068009600,0.0070309800
2017-11-08,0.0009619300,0.0014059700,0.0017045800,0.0021356400,0.0026703100,0.0032837000,0.0046427400,0.0061984500,0.0067855800,0.0070331900,0.0072680700
2017-11-07,0.0009451000,0.0013864800,0.0016685000,0.0021069400,0.0026276000,0.0032430300,0.0045680600,0.0061135200,0.0066924800,0.0069365200,0.0071714200
2017-11-06,0.0009055700,0.0013352300,0.0016309200,0.0020305800,0.0025755500,0.0031955000,0.0045771700,0.0060327200,0.0066047100,0.0068460100,0.0070784600
2017-11-03,0.0008947500,0.0013326100,0.0016674100,0.0020897000,0.0025666600,0.0031089700,0.0044440500,0.0059367700,0.0065017700,0.0067400400,0.0069716900
2017-11-02,0.0008210400,0.0012550100,0.0015642000,0.0019897500,0.0025147300,0.0031126700,0.0044571700,0.0059612400,0.0065101600,0.0067404300,0.0069707600
2017-11-01,0.0007992200,0.0012407100,0.0015615200,0.0019828800,0.0024840200,0.0030395800,0.0043732100,0.0058465200,0.0063886800,0.0066158900,0.0068450800
2017-10-31,0.0008550700,0.0013125300,0.0016230800,0.0020514700,0.0025809100,0.0031841400,0.0045373600,0.0060294100,0.0065528800,0.0067715200,0.0069998500
2017-10-30,0.0009597900,0.0014588400,0.0017849400,0.0022227400,0.0027513900,0.0033256800,0.0046935700,0.0061596400,0.0066811600,0.0068988500,0.0071249900
2017-10-27,0.0009215100,0.0014204500,0.0017779100,0.0022477600,0.0028131100,0.0034296900,0.0048051000,0.0062627000,0.0067883800,0.0070076400,0.0072343400
2017-10-26,0.0010055400,0.0015187100,0.0018461400,0.0023247900,0.0029269500,0.0035514900,0.0049999200,0.0064027400,0.0069228800,0.0071384000,0.0073676400
2017-10-25,0.0010929200,0.0015300900,0.0019080000,0.0024366100,0.0030780300,0.0037614500,0.0051747500,0.0065877200,0.0070339300,0.0072052300,0.0074223000
2017-10-24,0.0010524900,0.0015060300,0.0019244600,0.0024316700,0.0030597600,0.0037495200,0.0051762000,0.0066101900,0.0070744200,0.0072555200,0.0074715300
2017-10-23,0.0008810600,0.0013269500,0.0017371000,0.0022872100,0.0029096200,0.0035833500,0.0050615900,0.0064664800,0.0070082200,0.0072347500,0.0074632300
2017-10-20,0.0009233700,0.0013896200,0.0017526300,0.0022880300,0.0029123200,0.0036050200,0.0050953400,0.0065134700,0.0070532700,0.0072789000,0.0075081900
2017-10-19,0.0008598300,0.0013274300,0.0017590100,0.0023171300,0.0029572800,0.0036368300,0.0051101000,0.0065101800,0.0070448900,0.0072680500,0.0074939800
2017-10-18,0.0008968600,0.0013433800,0.0018268800,0.0023464500,0.0029658800,0.0036399300,0.0050829600,0.0064831600,0.0070231000,0.0072485200,0.0074785700
2017-10-17,0.0010178700,0.0015244200,0.0019229400,0.0023883900,0.0029916300,0.0036866100,0.0051158100,0.0065574200,0.0071024800,0.0073302100,0.0075594000
2017-10-16,0.0008292200,0.0012411100,0.0017357800,0.0022885700,0.0028979700,0.0035596000,0.0049625300,0.0063640600,0.0068936100,0.0071143900,0.0073360500
2017-10-13,0.0008995400,0.0013328500,0.0017265300,0.0022855600,0.0028998700,0.0035555500,0.0050282500,0.0064087100,0.0069481500,0.0071737100,0.0074031300
2017-10-12,0.0008675800,0.0012829600,0.0017495700,0.0022870900,0.0028945300,0.0035666700,0.0049956800,0.0064258300,0.0069617700,0.0071854800,0.0074142800
2017-10-11,0.0009401200,0.0013845100,0.0018265400,0.0023333000,0.0029278200,0.0035997400,0.0050022100,0.0064089600,0.0069422500,0.0071654000,0.0073940600
2017-10-10,0.0009017400,0.0013269000,0.0018324900,0.0023794300,0.0030012100,0.0036789000,0.0051223700,0.0065009100,0.0070357100,0.0072592000,0.0074878400
2017-10-09,0.0009547700,0.0014049300,0.0018539800,0.0023805100,0.0029984600,0.0036866800,0.0050321700,0.0064746300,0.0070071600,0.0072297600,0.0074550800
2017-10-06,0.0009736000,0.0014316200,0.0018833600,0.0024133200,0.0030353700,0.0037284500,0.0050736300,0.0065324800,0.0070674700,0.0072911800,0.0075156200
2017-10-05,0.0008925200,0.0013051100,0.0017731200,0.0023762500,0.0030213400,0.0036915400,0.0052192000,0.0065939900,0.0071336000,0.0073598200,0.0075892800
2017-10-04,0.0010152100,0.0014697600,0.0019025200,0.0024720600,0.0031008900,0.0037874600,0.0052746900,0.0066862900,0.0072305600,0.0074587400,0.0076899400
2017-10-03,0.0008839600,0.0013146600,0.0017599900,0.0022300900,0.0028451800,0.0034904700,0.0048593600,0.0062669800,0.0067875800,0.0070050200,0.0072278500
2017-10-02,0.0009072000,0.0013469700,0.0018096700,0.0022973400,0.0029237300,0.0035854400,0.0049931300,0.0064013900,0.0069308200,0.0071525600,0.0073789000
2017-09-29,0.0008701500,0.0012941600,0.0017216800,0.0022593200,0.0028914500,0.0035542400,0.0050013900,0.0063964100,0.0069251600,0.0071465100,0.0073748700
2017-09-28,0.0009183600,0.0013496200,0.0018209400,0.0023186500,0.0029348300,0.0035822000,0.0050104800,0.0064108500,0.0069331600,0.0071511100,0.0073765200
2017-09-27,0.0009117400,0.0013323700,0.0017988600,0.0024236600,0.0030118000,0.0036713400,0.0051794900,0.0065389000,0.0070678700,0.0072885000,0.0075158700
2017-09-26,0.0010080300,0.0014567300,0.0019465600,0.0024860700,0.0030897100,0.0037638500,0.0051900600,0.0065905400,0.0071134100,0.0073315600,0.0075593100
2017-09-25,0.0009846800,0.0014213400,0.0018809300,0.0025143100,0.0031031400,0.0037784500,0.0053361100,0.0067066700,0.0072409200,0.0074637000,0.0076934700
2017-09-22,0.0009885300,0.0014390500,0.0018753700,0.0024739700,0.0030897300,0.0037697200,0.0052441000,0.0066140800,0.0071253000,0.0073358900,0.0075612600
2017-09-21,0.0008952400,0.0013311700,0.0018043100,0.0023972000,0.0029414000,0.0035671200,0.0050912000,0.0064234200,0.0069398400,0.0071527700,0.0073793900
2017-09-20,0.0008585700,0.0012608900,0.0016511700,0.0022259000,0.0028166600,0.0034688800,0.0049742100,0.0063175100,0.0068345500,0.0070484500,0.0072756000
2017-09-19,0.0006698000,0.0010120200,0.0014055000,0.0020258000,0.0025786800,0.0031937700,0.0048213800,0.0060695000,0.0065755000,0.0067859600,0.0070179900
2017-09-18,0.0007605400,0.0011348800,0.0015307100,0.0020810700,0.0026548900,0.0032889800,0.0049273200,0.0061946300,0.0066659500,0.0068588900,0.0070843600
2017-09-15,0.0008545400,0.0012486100,0.0016815000,0.0021955300,0.0027679400,0.0034013100,0.0050652500,0.0062951500,0.0067267100,0.0069254300,0.0071623900
2017-09-14,0.0007925300,0.0011530900,0.0016215700,0.0021393700,0.0027721700,0.0034289200,0.0049574500,0.0062563200,0.0066806300,0.0068762800,0.0071113500
2017-09-13,0.0008184400,0.0012623800,0.0016959500,0.0022038200,0.0027683500,0.0033955300,0.0050875800,0.0063037700,0.0067687000,0.0069547300,0.0071791900
2017-09-12,0.0007041000,0.0010934800,0.0015909100,0.0021503600,0.0027382600,0.0033570700,0.0050532700,0.0062616800,0.0067259300,0.0069119000,0.0071353600
2017-09-11,0.0007680000,0.0011838800,0.0016325000,0.0021518300,0.0027485900,0.0033952200,0.0050412600,0.0063027700,0.0067668300,0.0069526900,0.0071742200
2017-09-08,0.0008208100,0.0012397700,0.0016515100,0.0021426200,0.0028089700,0.0035087200,0.0049420500,0.0062814800,0.0067349900,0.0069164600,0.0071313700
2017-09-07,0.0008532900,0.0013055700,0.0017613900,0.0022795900,0.0028541600,0.0034933600,0.0052254100,0.0064238500,0.0068905700,0.0070770900,0.0072947700
2017-09-06,0.0007960800,0.0011486800,0.0015945500,0.0022301000,0.0028545900,0.0035104200,0.0052414300,0.0064540400,0.0068740500,0.0070678500,0.0073033900
2017-09-05,0.0008078400,0.0011633000,0.0016037800,0.0021853700,0.0028021700,0.0034578500,0.0051491100,0.0064387600,0.0068587200,0.0070524600,0.0072904400
2017-09-04,0.0008943500,0.0013141100,0.0018175600,0.0023571800,0.0029601800,0.0036178200,0.0052873700,0.0065420700,0.0070092300,0.0071957700,0.0074180200
2017-09-01,0.0008439400,0.0012462100,0.0017007300,0.0022787500,0.0028917100,0.0035524600,0.0052516600,0.0065045300,0.0069731500,0.0071603000,0.0073816800
2017-08-31,0.0009233700,0.0013249800,0.0017856500,0.0023828200,0.0030076900,0.0036880600,0.0053707500,0.0066315400,0.0071013200,0.0072895800,0.0075124200
2017-08-30,0.0010464600,0.0014811400,0.0019885000,0.0025240800,0.0031468100,0.0038340000,0.0055826300,0.0067725400,0.0072500800,0.0074381400,0.0076589700
2017-08-29,0.0010194500,0.0014380500,0.0019861700,0.0025563700,0.0031990800,0.0039075700,0.0055520200,0.0067735100,0.0072465400,0.0074324200,0.0076475100
2017-08-28,0.0009819900,0.0013982200,0.0018712100,0.0024811900,0.0031264500,0.0038163600,0.0054705600,0.0067134900,0.0071894000,0.0073765200,0.0075928400
2017-08-25,0.0010391900,0.0014796600,0.0019882300,0.0025312800,0.0031447000,0.0038090800,0.0055049800,0.0067420100,0.0072199700,0.0074078000,0.0076248600
2017-08-24,0.0009854300,0.0014056700,0.0018012400,0.0024387500,0.0031296500,0.0038509100,0.0054724600,0.0067020300,0.0072150100,0.0073983200,0.0075990200
2017-08-23,0.0010641500,0.0015160000,0.0019639500,0.0025769500,0.0032170800,0.0039210600,0.0056687500,0.0068758900,0.0074018400,0.0075899900,0.0077938000
2017-08-22,0.0009995700,0.0014291700,0.0018852100,0.0025044400,0.0031279600,0.0038181100,0.0055218500,0.0067220800,0.0072400100,0.0074249900,0.0076264300
2017-08-21,0.0009336700,0.0013415200,0.0018388900,0.0024972200,0.0031077000,0.0037793900,0.0056046700,0.0067905400,0.0073147600,0.0075022900,0.0077086500
2017-08-18,0.0009448500,0.0013575900,0.0018399000,0.0024482200,0.0030832600,0.0037663000,0.0054740200,0.0067166500,0.0072374700,0.0074240300,0.0076263400
2017-08-17,0.0008425400,0.0012318800,0.0016808200,0.0022711900,0.0028893200,0.0035532900,0.0052124300,0.0064646800,0.0069793600,0.0071630900,0.0073653700
2017-08-16,0.0008003700,0.0011742100,0.0016218000,0.0022272200,0.0028512700,0.0035231000,0.0052292300,0.0064705300,0.0069884400,0.0071736500,0.0073766000
2017-08-15,0.0008902500,0.0012828500,0.0017421500,0.0023347800,0.0029568900,0.0036250700,0.0052870800,0.0065412000,0.0070567200,0.0072412200,0.0074459200
2017-08-14,0.0008463900,0.0012154700,0.0016645500,0.0022672400,0.0028975900,0.0035730400,0.0052554300,0.0064816000,0.0069905000,0.0071727600,0.0073729200
2017-08-11,0.0009788300,0.0013795200,0.0018623800,0.0024711900,0.0031547400,0.0038863500,0.0056041600,0.0068476800,0.0073688500,0.0075563800,0.0077553600
2017-08-10,0.0010781900,0.0014922300,0.0019516800,0.0025447100,0.0031911800,0.0038854600,0.0055528400,0.0068273800,0.0073467400,0.0075330300,0.0077308000
2017-08-09,0.0009472200,0.0013232900,0.0017695600,0.0023724800,0.0030219500,0.0037172900,0.0054268800,0.0066862300,0.0072049800,0.0073908900,0.0075876000
2017-08-08,0.0008741900,0.0012403100,0.0016549600,0.0022223300,0.0028363000,0.0034956400,0.0051769500,0.0064363400,0.0069478900,0.0071304100,0.0073315500
2017-08-07,0.0008110600,0.0011671600,0.0015816900,0.0021680300,0.0027894200,0.0034578600,0.0051840700,0.0064329000,0.0069532300,0.0071396100,0.0073420200
2017-08-04,0.0007587400,0.0011111500,0.0015181200,0.0021010400,0.0027173600,0.0033806200,0.0051075000,0.0063567700,0.0068766400,0.0070627800,0.0072634000
2017-08-03,0.0007664900,0.0011320700,0.0014885700,0.0020463800,0.0026467300,0.0033012300,0.0049689000,0.0062221500,0.0067367700,0.0069210700,0.0071176900
2017-08-02,0.0007370800,0.0010886500,0.0014562100,0.0020325800,0.0026485200,0.0033171600,0.0050382500,0.0062803700,0.0068001500,0.0069866200,0.0071854300
2017-08-01,0.0007321900,0.0010814300,0.0014766400,0.0020554100,0.0026733200,0.0033366800,0.0050574400,0.0062944600,0.0068137300,0.0070005000,0.0072002700
2017-07-31,0.0007281800,0.0010755200,0.0014646400,0.0020409000,0.0026491500,0.0033040900,0.0050379300,0.0062874300,0.0068081600,0.0069947300,0.0071933300
2017-07-28,0.0007637100,0.0011280400,0.0014786000,0.0020363900,0.0026368500,0.0032914100,0.0049592000,0.0062124300,0.0067311100,0.0069165300,0.0071122600
2017-07-27,0.0007072200,0.0010499400,0.0014332500,0.0020014500,0.0026049200,0.0032543000,0.0049854100,0.0062328200,0.0067559900,0.0069432400,0.0071404400
2017-07-26,0.0007283100,0.0010792100,0.0014472200,0.0020225900,0.0026397600,0.0033095500,0.0050264500,0.0062653800,0.0067879100,0.0069749500,0.0071728900
2017-07-25,0.0006995470,0.0010408793,0.0014468550,0.0019957975,0.0026075586,0.0032620948,0.0049898568,0.0062110797,0.0067336229,0.0069207595,0.0071175616
2017-07-24,0.0006719200,0.0010039100,0.0014464900,0.0019693600,0.0025757500,0.0032153200,0.0049535300,0.0061572500,0.0066797700,0.0068669900,0.0070626600
2017-07-21,0.0006296300,0.0009600100,0.0013716500,0.0018846000,0.0024905300,0.0031342500,0.0048675500,0.0060642700,0.0065854300,0.0067721900,0.0069673900
2017-07-20,0.0006164400,0.0009298400,0.0013415600,0.0018676400,0.0024605400,0.0030992000,0.0048290200,0.0060232900,0.0065433000,0.0067294700,0.0069284700
2017-07-19,0.0005639400,0.0008473600,0.0012658000,0.0018771600,0.0025129500,0.0031599400,0.0049238200,0.0060896300,0.0066072100,0.0067931700,0.0069948700
2017-07-18,0.0005500200,0.0008203700,0.0012426100,0.0018938400,0.0025423600,0.0032159100,0.0049434200,0.0060870600,0.0065887300,0.0067726200,0.0069721100
2017-07-17,0.0005562700,0.0008427300,0.0012622400,0.0019111000,0.0025536800,0.0032191800,0.0049909600,0.0061571500,0.0066655100,0.0068519700,0.0070539400
2017-07-14,0.0005918900,0.0008719200,0.0011789000,0.0019602300,0.0025778800,0.0032967700,0.0050383800,0.0061700500,0.0066809600,0.0068690000,0.0070694700
2017-07-13,0.0006348000,0.0008990000,0.0012398400,0.0019938200,0.0026212700,0.0033428800,0.0051023100,0.0062470600,0.0067611600,0.0069506800,0.0071562900
2017-07-12,0.0007115300,0.0009917300,0.0013730800,0.0021483300,0.0028067200,0.0035388500,0.0052880600,0.0064212500,0.0070657900,0.0072262300,0.0073934400
2017-07-11,0.0007477300,0.0010163800,0.0014117700,0.0021853200,0.0028442700,0.0035888600,0.0053265600,0.0064518000,0.0070975400,0.0072582300,0.0074211300
2017-07-10,0.0007729000,0.0010595300,0.0014291000,0.0022399300,0.0028876200,0.0036630400,0.0053734500,0.0064277600,0.0070687800,0.0072283800,0.0073862300
2017-07-07,0.0008027800,0.0010716700,0.0014642300,0.0023056000,0.0029744000,0.0037388700,0.0055103500,0.0066319000,0.0072778300,0.0074388500,0.0075966500
2017-07-06,0.0007296400,0.0010100600,0.0014040800,0.0022219000,0.0028733200,0.0036320800,0.0054060900,0.0065408800,0.0071895700,0.0073499400,0.0075070100
2017-07-05,0.0006945828,0.0009666052,0.0013570007,0.0021623315,0.0028147378,0.0035605813,0.0053267122,0.0064723763,0.0071267152,0.0072898292,0.0074483407
2017-07-04,0.0006612100,0.0009250200,0.0013115000,0.0021043600,0.0027573500,0.0034904900,0.0052485000,0.0064045900,0.0070644100,0.0072302100,0.0073901300
2017-07-03,0.0006822000,0.0009117000,0.0013310600,0.0021447400,0.0028067600,0.0035400700,0.0053281100,0.0065032900,0.0072985100,0.0074995500,0.0076619800
2017-06-30,0.0007087100,0.0009408100,0.0013896100,0.0022127600,0.0028716800,0.0036250900,0.0054314100,0.0066134900,0.0074175900,0.0076209700,0.0077813600
2017-06-29,0.0006570000,0.0009021400,0.0013252000,0.0021352900,0.0027843300,0.0035243100,0.0053187100,0.0065138900,0.0073145200,0.0075148300,0.0076703500
2017-06-28,0.0006398000,0.0009011800,0.0013114200,0.0021288700,0.0027921400,0.0035271500,0.0053450600,0.0065428500,0.0073544200,0.0075604200,0.0077220400
2017-06-27,0.0006205900,0.0008596900,0.0012797100,0.0021237300,0.0027944600,0.0035574400,0.0053808900,0.0065853300,0.0073973800,0.0076022400,0.0077585300
2017-06-26,0.0005715400,0.0008116900,0.0012193000,0.0020501800,0.0026980200,0.0034356400,0.0052404500,0.0064401500,0.0072601700,0.0074696100,0.0076341600
2017-06-23,0.0005830400,0.0008774200,0.0013505800,0.0021896900,0.0028450800,0.0035825800,0.0054282700,0.0066116700,0.0074444900,0.0076588600,0.0078268500
2017-06-22,0.0006359600,0.0009337800,0.0014746000,0.0023455400,0.0030568100,0.0038547700,0.0057595900,0.0069520100,0.0076427400,0.0078223200,0.0079894400
2017-06-21,0.0007380700,0.0010569600,0.0016396200,0.0025166300,0.0033059600,0.0041604400,0.0060961800,0.0072775900,0.0078875500,0.0080673700,0.0082469600
2017-06-20,0.0006830100,0.0009474300,0.0014847200,0.0023752200,0.0031680600,0.0040383100,0.0059754700,0.0071322000,0.0077449300,0.0079249500,0.0081051900
2017-06-19,0.0006783100,0.0009997200,0.0015316300,0.0023433000,0.0031885800,0.0040944100,0.0060594100,0.0071859300,0.0078746400,0.0080297600,0.0081720100
2017-06-16,0.0007353300,0.0010358800,0.0015776500,0.0024301500,0.0033147700,0.0042552300,0.0062232400,0.0073806200,0.0080789600,0.0082243500,0.0083780500
2017-06-15,0.0007532900,0.0010526600,0.0016436300,0.0024931200,0.0033724200,0.0042979500,0.0062832500,0.0074254500,0.0081245000,0.0082829400,0.0084221800
2017-06-14,0.0006781800,0.0009696000,0.0015600700,0.0024116500,0.0032787600,0.0042012400,0.0061757900,0.0073084200,0.0080132800,0.0081584500,0.0083134000
2017-06-13,0.0006104900,0.0009052300,0.0015740200,0.0024741600,0.0033904100,0.0043571800,0.0063573200,0.0075051100,0.0083072200,0.0084900300,0.0086368000
2017-06-12,0.0005313200,0.0008693400,0.0016503500,0.0026140100,0.0035735900,0.0045872100,0.0065933200,0.0077429600,0.0084171700,0.0085746000,0.0087314300
2017-06-09,0.0004733100,0.0008751800,0.0017015700,0.0026957500,0.0036633700,0.0046958800,0.0066927200,0.0078476000,0.0084858700,0.0086653100,0.0088322900
2017-06-08,0.0005354700,0.0009939200,0.0018664200,0.0028612600,0.0038274100,0.0048543500,0.0068611300,0.0080147000,0.0086927600,0.0088536800,0.0090038200
2017-06-07,0.0006241200,0.0010411300,0.0019213000,0.0029666600,0.0039525100,0.0049906000,0.0069831700,0.0081457600,0.0088097200,0.0089704400,0.0091336500
2017-06-06,0.0007633400,0.0011394400,0.0021171200,0.0031726300,0.0041554300,0.0051898000,0.0071993800,0.0083823600,0.0089686200,0.0091538100,0.0093442300
2017-06-05,0.0007581100,0.0011370300,0.0021088500,0.0031700900,0.0041445400,0.0051819800,0.0071801600,0.0083614800,0.0089498200,0.0091362100,0.0093285100
2017-06-02,0.0007576200,0.0011491400,0.0021322600,0.0031978300,0.0041795800,0.0052098400,0.0072159000,0.0084016800,0.0089881700,0.0091737900,0.0093632400
2017-06-01,0.0007382900,0.0011453600,0.0021427300,0.0032195600,0.0041997000,0.0052328200,0.0072420200,0.0084404500,0.0090259100,0.0092114700,0.0094016400
2017-05-31,0.0007028200,0.0011396300,0.0021230900,0.0032012600,0.0041721300,0.0052089700,0.0072159400,0.0084220100,0.0089943900,0.0091804600,0.0093724600
2017-05-30,0.0007502800,0.0011769200,0.0021614800,0.0032412000,0.0042102900,0.0052459700,0.0072649300,0.0084751800,0.0090656400,0.0092536000,0.0094441100
2017-05-29,0.0006762600,0.0011059400,0.0020608700,0.0031493500,0.0041225700,0.0051706700,0.0072067100,0.0083856000,0.0089752600,0.0091626000,0.0093544400
2017-05-26,0.0006603400,0.0010792600,0.0020716600,0.0031523800,0.0041294400,0.0051572500,0.0071478700,0.0083805900,0.0089700200,0.0091573700,0.0093491200
2017-05-25,0.0006948700,0.0011411200,0.0021121600,0.0031763200,0.0041275200,0.0051298900,0.0071078900,0.0083609500,0.0089466700,0.0091334200,0.0093264800
2017-05-24,0.0007184800,0.0011448100,0.0021451100,0.0032386900,0.0042179500,0.0052510600,0.0072541400,0.0084660100,0.0090386200,0.0092249000,0.0094176900
2017-05-23,0.0007217700,0.0011723300,0.0021711600,0.0032594300,0.0042299500,0.0052623500,0.0072625800,0.0084668000,0.0090522000,0.0092520100,0.0094424700
2017-05-22,0.0008448400,0.0012787300,0.0022810000,0.0033482400,0.0043167600,0.0053431500,0.0073411000,0.0085433300,0.0092288400,0.0094466800,0.0096482300
2017-05-19,0.0010078500,0.0014849100,0.0024961100,0.0035740500,0.0045533700,0.0055922400,0.0075920500,0.0088062000,0.0093816100,0.0095693300,0.0097637100
2017-05-18,0.0010583800,0.0015613600,0.0025761400,0.0036571900,0.0046421100,0.0056925400,0.0076926800,0.0089202100,0.0095044700,0.0096898300,0.0098664100
2017-05-17,0.0010370500,0.0015445500,0.0025566600,0.0036426800,0.0046125100,0.0056454000,0.0076341200,0.0088927000,0.0094733300,0.0096434500,0.0098337400
2017-05-16,0.0009130700,0.0013787500,0.0023883200,0.0034610900,0.0044510200,0.0054949300,0.0074940500,0.0086602700,0.0092379100,0.0094212200,0.0096131000
2017-05-15,0.0009593800,0.0014306700,0.0024370300,0.0035064300,0.0045075200,0.0055654000,0.0075737000,0.0087501700,0.0093487000,0.0095378200,0.0097255200
2017-05-12,0.0009737600,0.0014551300,0.0024605000,0.0035333600,0.0045303500,0.0055768800,0.0075830800,0.0087867700,0.0093863200,0.0095757400,0.0097640900
2017-05-11,0.0008657000,0.0013426500,0.0023550200,0.0034166100,0.0044155400,0.0054649900,0.0074531100,0.0086459000,0.0092405400,0.0094140300,0.0096043300
2017-05-10,0.0008051700,0.0012996700,0.0023483500,0.0034061200,0.0044111700,0.0054855000,0.0074806200,0.0086840400,0.0092819500,0.0094705400,0.0096583600
2017-05-09,0.0007724100,0.0012570400,0.0023064700,0.0033501700,0.0043459900,0.0054186900,0.0073973900,0.0085808500,0.0091884200,0.0093757200,0.0095613400
2017-05-08,0.0009629500,0.0014057800,0.0024535400,0.0035087700,0.0045174000,0.0056106700,0.0075884700,0.0087670800,0.0094739200,0.0096918600,0.0098884200
2017-05-05,0.0011139700,0.0015349500,0.0026044600,0.0036811800,0.0047019300,0.0058161900,0.0078131900,0.0090050800,0.0097191500,0.0099396800,0.0101344000
2017-05-04,0.0011616200,0.0015840900,0.0026614800,0.0037361500,0.0047666600,0.0058909500,0.0078810400,0.0090667800,0.0097822700,0.0100052400,0.0102034400
2017-05-03,0.0012323700,0.0016591200,0.0027615800,0.0038646400,0.0049306400,0.0060790900,0.0080773900,0.0092575100,0.0099525100,0.0101828100,0.0103755400
2017-05-02,0.0013433600,0.0017706700,0.0028851700,0.0040079900,0.0050733500,0.0062432700,0.0082209900,0.0094262800,0.0101269600,0.0103604800,0.0105540500
2017-05-01,0.0013868000,0.0018159100,0.0029675100,0.0041379100,0.0051746200,0.0063329400,0.0082459200,0.0094775500,0.0101772600,0.0104023300,0.0106001900
2017-04-28,0.0014092700,0.0018449700,0.0029554800,0.0040805500,0.0051637500,0.0063372800,0.0083070100,0.0095206900,0.0102240500,0.0104506000,0.0106497500
2017-04-27,0.0013324600,0.0018213200,0.0029306500,0.0040654900,0.0051835800,0.0063556100,0.0083194900,0.0095397700,0.0101421600,0.0103358800,0.0105278200
2017-04-26,0.0012996800,0.0017744900,0.0028678400,0.0040562300,0.0051927800,0.0062874500,0.0082612500,0.0094942100,0.0101124700,0.0103066200,0.0104936600
2017-04-25,0.0012535100,0.0016762600,0.0027454700,0.0038576700,0.0049589300,0.0061884400,0.0081487900,0.0094219600,0.0101491300,0.0103862900,0.0105938800
2017-04-24,0.0013198800,0.0018338900,0.0029083600,0.0040412200,0.0051818500,0.0064222900,0.0083798400,0.0096730700,0.0103419400,0.0105045700,0.0106696100
2017-04-21,0.0026275000,0.0034392300,0.0047049700,0.0060688900,0.0072967400,0.0086019500,0.0105882400,0.0119750900,0.0127165500,0.0129188600,0.0129125500
2017-04-20,0.0028973300,0.0037046300,0.0049759700,0.0063483600,0.0075589300,0.0088729500,0.0108710100,0.0123037500,0.0130894100,0.0133115800,0.0133057700
2017-04-19,0.0032510100,0.0040715000,0.0053798000,0.0068430300,0.0080248700,0.0093810300,0.0114130100,0.0128858900,0.0136929100,0.0139253700,0.0139215400
2017-04-18,0.0033475500,0.0041626700,0.0054733000,0.0069396700,0.0081431100,0.0095013200,0.0115789500,0.0130306700,0.0138411300,0.0140762000,0.0140732700
2017-04-17,0.0033267800,0.0041490500,0.0054648400,0.0068646800,0.0081474700,0.0095116900,0.0116158100,0.0130547900,0.0138695900,0.0141049800,0.0141009300
2017-04-14,0.0033267000,0.0041490300,0.0054648500,0.0068647100,0.0081477600,0.0095117800,0.0116154500,0.0130539500,0.0138686300,0.0141041000,0.0141001600
2017-04-13,0.0033243400,0.0041460500,0.0054607200,0.0068606800,0.0081447500,0.0095108700,0.0116192400,0.0130622900,0.0138768000,0.0141121200,0.0141081500
2017-04-12,0.0032628800,0.0040862200,0.0053992400,0.0067962000,0.0080527600,0.0094160200,0.0114962000,0.0129355700,0.0137426100,0.0139755600,0.0139719500
2017-04-11,0.0033164500,0.0041766700,0.0054901000,0.0068876700,0.0081697800,0.0095333900,0.0116384500,0.0131024800,0.0139179200,0.0141547000,0.0141515600
2017-04-10,0.0031675000,0.0039780400,0.0053172300,0.0067157300,0.0079736000,0.0093385600,0.0114211600,0.0128866900,0.0136971700,0.0139296900,0.0139249800
2017-04-07,0.0029583400,0.0037684200,0.0050715900,0.0064525300,0.0076949700,0.0090415900,0.0110746500,0.0125163300,0.0133097000,0.0135359900,0.0135307400
2017-04-06,0.0030085500,0.0038223700,0.0051286500,0.0065143000,0.0077860900,0.0091128000,0.0111773300,0.0126447100,0.0134616700,0.0136976100,0.0136914900
2017-04-05,0.0029433300,0.0037447200,0.0050231800,0.0064047300,0.0076476900,0.0089950000,0.0110288900,0.0124660600,0.0132748400,0.0135073300,0.0135012500
2017-04-04,0.0030700000,0.0038769500,0.0051813800,0.0065897900,0.0078341000,0.0091828900,0.0112432800,0.0127068500,0.0135245400,0.0137614400,0.0137556700
2017-04-03,0.0030585700,0.0038744400,0.0051938000,0.0066202300,0.0079050900,0.0092448300,0.0113805800,0.0128373000,0.0136665600,0.0139063000,0.0139003900
2017-03-31,0.0028541300,0.0036501700,0.0049500600,0.0063256800,0.0075884900,0.0089045800,0.0109546100,0.0124074400,0.0132157900,0.0134477200,0.0134405000
2017-03-30,0.0026874000,0.0034704800,0.0047652000,0.0061322100,0.0073874600,0.0086946300,0.0108062200,0.0121978800,0.0130017700,0.0132303900,0.0132216100
2017-03-29,0.0024231600,0.0031909800,0.0044553900,0.0057889300,0.0070121500,0.0083111900,0.0103383500,0.0117430800,0.0125266500,0.0127469200,0.0127380300
2017-03-28,0.0025010600,0.0032558100,0.0045184700,0.0057987900,0.0070194600,0.0083154000,0.0102644300,0.0116896800,0.0124698200,0.0126891900,0.0126810300
2017-03-27,0.0029358000,0.0036779000,0.0048921900,0.0060874300,0.0073084000,0.0085955300,0.0106789500,0.0120068300,0.0127986600,0.0130236400,0.0130155600
2017-03-24,0.0029398200,0.0037050800,0.0048845000,0.0060779700,0.0073139800,0.0085822800,0.0106136400,0.0119712300,0.0127614300,0.0129861900,0.0129787800
2017-03-23,0.0032869700,0.0040817300,0.0053021600,0.0064912000,0.0077712300,0.0091015900,0.0111815500,0.0125401500,0.0133529400,0.0135886500,0.0135832400
2017-03-22,0.0033851200,0.0041674200,0.0054081500,0.0066026900,0.0078875100,0.0092402200,0.0113264700,0.0126941500,0.0135124400,0.0137498600,0.0137435300
2017-03-21,0.0032779700,0.0040360000,0.0052591100,0.0064979600,0.0077863100,0.0090866200,0.0111561400,0.0125366500,0.0133509200,0.0135855000,0.0135775200
2017-03-20,0.0032343400,0.0039944000,0.0052340500,0.0064560500,0.0077701400,0.0090614200,0.0112288200,0.0125442100,0.0133589000,0.0135936600,0.0135863500
2017-03-17,0.0027484700,0.0034267200,0.0045965900,0.0057519800,0.0069729000,0.0082087700,0.0102592000,0.0115689100,0.0123290000,0.0125335500,0.0125196600
2017-03-16,0.0028750500,0.0033814500,0.0045693200,0.0057264200,0.0069657000,0.0082195800,0.0101903100,0.0115681900,0.0123254400,0.0125298500,0.0125164800
2017-03-15,0.0030683900,0.0035771800,0.0047688400,0.0059495800,0.0071942300,0.0084530000,0.0104316800,0.0118340800,0.0126019500,0.0128110000,0.0127980300
2017-03-14,0.0031317400,0.0036429600,0.0048372900,0.0060233400,0.0072890700,0.0085515500,0.0105858000,0.0119616700,0.0127355300,0.0129470100,0.0129334900
2017-03-13,0.0029974300,0.0035105000,0.0047022800,0.0058832700,0.0071448400,0.0084036100,0.0104150700,0.0117845200,0.0125529200,0.0127612500,0.0127471900
2017-03-10,0.0029284300,0.0034283700,0.0046005000,0.0057762800,0.0070168700,0.0082553100,0.0102115300,0.0116074700,0.0123650800,0.0125702900,0.0125579800
2017-03-09,0.0031387500,0.0036485200,0.0048441600,0.0060321400,0.0072827800,0.0085467800,0.0105508300,0.0119456900,0.0127183000,0.0129287300,0.0129147900
2017-03-08,0.0031645600,0.0036719600,0.0048663800,0.0060341900,0.0072983000,0.0085422900,0.0105561000,0.0119278600,0.0126966700,0.0129069300,0.0128943700
2017-03-07,0.0031287200,0.0036449100,0.0048205500,0.0059680500,0.0071959900,0.0084209800,0.0103817100,0.0117821600,0.0125469700,0.0127549700,0.0127429000
2017-03-06,0.0032386900,0.0037282900,0.0048855000,0.0060527500,0.0072351800,0.0084242300,0.0103516400,0.0116840300,0.0125147400,0.0126429800,0.0126583300
2017-03-03,0.0032985900,0.0037949600,0.0049294300,0.0060701300,0.0072280500,0.0083736700,0.0102837700,0.0116014600,0.0122533700,0.0123819900,0.0125104300
2017-03-02,0.0036020500,0.0041139200,0.0052768700,0.0064409700,0.0076074500,0.0087604200,0.0106738000,0.0120146600,0.0126741600,0.0128074300,0.0129410500
2017-03-01,0.0038401500,0.0043607400,0.0055383200,0.0067180100,0.0078867300,0.0090417800,0.0109594300,0.0123027600,0.0131384000,0.0132736800,0.0132958200
2017-02-28,0.0041172700,0.0046566500,0.0058453000,0.0070512800,0.0082269800,0.0093918300,0.0113279200,0.0126849300,0.0135315000,0.0136697200,0.0136911900
2017-02-27,0.0042652800,0.0048058300,0.0060003000,0.0072045300,0.0083557200,0.0095027700,0.0114488700,0.0127591700,0.0133944700,0.0135337600,0.0136760900
2017-02-24,0.0044664600,0.0050189800,0.0062202900,0.0074449600,0.0086083200,0.0097642700,0.0117245600,0.0130355000,0.0136805500,0.0138223400,0.0139642500
2017-02-23,0.0043628400,0.0049108300,0.0061138600,0.0073301900,0.0084937100,0.0096445200,0.0116155600,0.0129159500,0.0135654700,0.0137053000,0.0138442700
2017-02-22,0.0044543600,0.0049969000,0.0062124100,0.0074375800,0.0086016400,0.0097604000,0.0117212400,0.0130381200,0.0136876600,0.0138295300,0.0139716200
2017-02-21,0.0043890000,0.0049373600,0.0061341100,0.0073435500,0.0084982200,0.0096550300,0.0116008300,0.0129295100,0.0136019000,0.0137431500,0.0138791100
2017-02-20,0.0044677300,0.0050189500,0.0062190400,0.0074407400,0.0086078600,0.0097663700,0.0117258900,0.0130775400,0.0137528800,0.0138965600,0.0140351500
2017-02-17,0.0042726900,0.0048219600,0.0060154000,0.0072194400,0.0083881300,0.0095479100,0.0115206000,0.0128594900,0.0135344300,0.0136751500,0.0138094900
2017-02-16,0.0038124400,0.0043589000,0.0055263400,0.0067017100,0.0078603800,0.0090099700,0.0109910700,0.0122965200,0.0129598500,0.0130955600,0.0132287300
2017-02-15,0.0036405000,0.0041664600,0.0053168100,0.0064782200,0.0076160600,0.0087462800,0.0106978500,0.0119931000,0.0126490800,0.0127824600,0.0129161600
2017-02-14,0.0037353200,0.0042645600,0.0054280800,0.0065840400,0.0077355600,0.0088682200,0.0108185900,0.0121255300,0.0127842900,0.0129193200,0.0130550600
2017-02-13,0.0037657100,0.0043005500,0.0054677800,0.0066304800,0.0077779900,0.0089283500,0.0108728200,0.0121922400,0.0128584200,0.0129932700,0.0131248600
2017-02-10,0.0039106800,0.0044322700,0.0055943200,0.0067641200,0.0079149300,0.0090569300,0.0110414300,0.0123290000,0.0129962600,0.0131341500,0.0132724200
2017-02-09,0.0037403400,0.0042537100,0.0054091800,0.0065753900,0.0077272600,0.0088706600,0.0108509500,0.0121461000,0.0128070700,0.0129427100,0.0130777800
2017-02-08,0.0042728600,0.0047615900,0.0059015800,0.0070509600,0.0082215800,0.0093814900,0.0113370700,0.0126909000,0.0133615500,0.0135004500,0.0136336000
2017-02-07,0.0041728100,0.0047076900,0.0058802000,0.0070638900,0.0082441800,0.0094155600,0.0113956200,0.0127257000,0.0135199600,0.0136627800,0.0137360600
2017-02-06,0.0040433300,0.0045641300,0.0057293000,0.0069119900,0.0080892600,0.0092640900,0.0112535400,0.0125699200,0.0133649600,0.0135060100,0.0135764900
2017-02-03,0.0036087400,0.0041241900,0.0052612800,0.0064077500,0.0075688700,0.0087266300,0.0106703900,0.0119825100,0.0127607200,0.0128964500,0.0129662200
2017-02-02,0.0037499000,0.0042660300,0.0054143400,0.0065536700,0.0077266600,0.0088869800,0.0108747400,0.0121673900,0.0129518800,0.0130894300,0.0131589200
2017-02-01,0.0036430800,0.0041625800,0.0052999400,0.0064329600,0.0076051600,0.0087650800,0.0107580600,0.0120480600,0.0128250600,0.0129617900,0.0130322600
2017-01-31,0.0034750100,0.0039895100,0.0051156000,0.0062510700,0.0074098100,0.0085673100,0.0105209900,0.0118313500,0.0126037300,0.0127380600,0.0128069400
2017-01-30,0.0033741300,0.0038899200,0.0050193900,0.0061341000,0.0073088500,0.0084621900,0.0103981700,0.0116780900,0.0124498100,0.0125827500,0.0126505300
2017-01-27,0.0030914800,0.0036129200,0.0047315400,0.0058451400,0.0070242500,0.0081831900,0.0102016700,0.0114889000,0.0123858000,0.0125263400,0.0125268100
2017-01-26,0.0029403600,0.0034489900,0.0045444800,0.0056455100,0.0068202500,0.0079749300,0.0100022500,0.0112690900,0.0121587700,0.0122963100,0.0122955200
2017-01-25,0.0027636900,0.0032751200,0.0043496600,0.0054396300,0.0065867600,0.0077241700,0.0096980600,0.0110149800,0.0119013600,0.0120366400,0.0120356200
2017-01-24,0.0028985100,0.0034019400,0.0044924700,0.0055950100,0.0067584400,0.0079010600,0.0098669000,0.0111578900,0.0120356000,0.0121707700,0.0121716600
2017-01-23,0.0031465800,0.0036618100,0.0047727100,0.0058897100,0.0070698700,0.0082184500,0.0102136200,0.0115054900,0.0124006700,0.0125404400,0.0125415800
2017-01-20,0.0031597900,0.0036745200,0.0047887100,0.0059093400,0.0070891900,0.0082381400,0.0102338200,0.0115254800,0.0124201400,0.0125603500,0.0125628100
2017-01-19,0.0032384500,0.0037501200,0.0048681200,0.0059943500,0.0071764900,0.0083300700,0.0103304300,0.0116293600,0.0125244400,0.0126662400,0.0126699800
2017-01-18,0.0032722300,0.0037853200,0.0049044500,0.0060419900,0.0072143300,0.0083758300,0.0103664500,0.0116721500,0.0125687900,0.0127110400,0.0127146500
2017-01-17,0.0032982300,0.0038113100,0.0049288100,0.0060650400,0.0072437400,0.0083943900,0.0104004700,0.0116929600,0.0125885400,0.0127300000,0.0127330600
2017-01-16,0.0031969500,0.0037142900,0.0048301800,0.0059631300,0.0071342000,0.0082950900,0.0102995500,0.0115879100,0.0124858400,0.0126263300,0.0126276000
2017-01-13,0.0031792400,0.0036729400,0.0047894500,0.0059133700,0.0070830200,0.0082335000,0.0101997800,0.0115142300,0.0124069000,0.0125466100,0.0125490500
2017-01-12,0.0035592500,0.0040750700,0.0052100700,0.0063660700,0.0075457000,0.0087136300,0.0107139600,0.0120378400,0.0129409200,0.0130860900,0.0130907200
2017-01-11,0.0035111700,0.0040269500,0.0051686300,0.0063188900,0.0075087100,0.0086764300,0.0107036700,0.0120056000,0.0129126500,0.0130581900,0.0130627000
2017-01-10,0.0032434400,0.0037584600,0.0048779100,0.0060048200,0.0071997300,0.0083637400,0.0103754900,0.0116715500,0.0125732900,0.0127153100,0.0127178100
2017-01-09,0.0030531200,0.0035618900,0.0046697400,0.0057818000,0.0069601600,0.0081184200,0.0101110100,0.0113979500,0.0122902600,0.0124296900,0.0124321300
2017-01-06,0.0029719400,0.0034836000,0.0045904900,0.0057032800,0.0068843300,0.0080448400,0.0100419400,0.0113251800,0.0122146700,0.0123532400,0.0123547300
2017-01-05,0.0029802600,0.0034939900,0.0046033700,0.0057199200,0.0069026300,0.0080634100,0.0100627300,0.0113566100,0.0122464800,0.0123847500,0.0123855900
2017-01-04,0.0029991500,0.0035132000,0.0046221100,0.0057396300,0.0069188400,0.0080659100,0.0100618300,0.0113536200,0.0122454400,0.0123844300,0.0123860900
2017-01-03,0.0031356600,0.0036458100,0.0047566400,0.0058864100,0.0070679300,0.0082172800,0.0102308300,0.0115218900,0.0124101900,0.0125508300,0.0125553700
2017-01-02,0.0033438900,0.0038697200,0.0049381600,0.0060658600,0.0072359300,0.0084037300,0.0104036000,0.0116604400,0.0125323400,0.0126629800,0.0126618400
2016-12-30,0.0033211400,0.0038426800,0.0049382400,0.0060690800,0.0072436600,0.0083896000,0.0104375100,0.0117575400,0.0126367200,0.0127692300,0.0127692500
2016-12-29,0.0033234100,0.0038234400,0.0049203400,0.0060466000,0.0072343500,0.0083856500,0.0104254000,0.0117110500,0.0125828400,0.0126988600,0.0127008200
2016-12-28,0.0032685500,0.0037647100,0.0048589100,0.0059813600,0.0071662300,0.0083150100,0.0103490900,0.0116302000,0.0124995100,0.0126158400,0.0126187700
2016-12-27,0.0032563700,0.0037511300,0.0048669600,0.0059849800,0.0071606600,0.0083337600,0.0103415400,0.0116945000,0.0125672400,0.0126844400,0.0126879600
2016-12-26,0.0032846800,0.0037835000,0.0048837200,0.0060029000,0.0071846100,0.0083373000,0.0103576600,0.0116234100,0.0124909800,0.0126070700,0.0126099900
2016-12-23,0.0032943500,0.0037939300,0.0048932900,0.0060221700,0.0072076200,0.0083568200,0.0103917900,0.0116728700,0.0125442100,0.0126610200,0.0126640200
2016-12-22,0.0034229800,0.0039229300,0.0050248800,0.0061576400,0.0073468700,0.0085003500,0.0105403200,0.0118284600,0.0127022400,0.0128204900,0.0128240300
2016-12-21,0.0034139500,0.0039144900,0.0050162300,0.0061387400,0.0073282400,0.0084906000,0.0105142100,0.0118103000,0.0126827500,0.0128008400,0.0128043600
2016-12-20,0.0034406700,0.0039390400,0.0050406500,0.0061634100,0.0073528500,0.0085053300,0.0105491100,0.0118345700,0.0127075000,0.0128258600,0.0128295900
2016-12-19,0.0034690200,0.0039687100,0.0050702400,0.0061930100,0.0073823400,0.0085346300,0.0105846600,0.0118617400,0.0127329000,0.0128509900,0.0128546400
2016-12-16,0.0034612900,0.0039604800,0.0050617600,0.0061836000,0.0073724200,0.0085243500,0.0105535900,0.0118412700,0.0127142100,0.0128321400,0.0128356600
2016-12-15,0.0034759500,0.0039734800,0.0050744000,0.0061966900,0.0073846100,0.0085374800,0.0105102100,0.0118060500,0.0127670200,0.0128860800,0.0128787000
2016-12-14,0.0035353000,0.0040377100,0.0051433600,0.0062711900,0.0074613700,0.0086263100,0.0106282300,0.0119091800,0.0128726600,0.0129913400,0.0129820400
2016-12-13,0.0035415000,0.0040448700,0.0051130200,0.0062586500,0.0074427600,0.0085992900,0.0106087400,0.0119603500,0.0129283100,0.0130477300,0.0130393000
2016-12-12,0.0035895700,0.0040874400,0.0051960200,0.0063341800,0.0075133700,0.0086765800,0.0106620400,0.0119457700,0.0129121800,0.0130319500,0.0130242100
2016-12-09,0.0036728600,0.0041747500,0.0052810700,0.0064089600,0.0075997600,0.0087629400,0.0107767900,0.0120451600,0.0130135000,0.0131355300,0.0131306700
2016-12-08,0.0036066100,0.0040935200,0.0052051600,0.0063382700,0.0075337100,0.0086935200,0.0106837100,0.0119660600,0.0128779000,0.0130251400,0.0130586800
2016-12-07,0.0037696900,0.0042680600,0.0053776200,0.0064894400,0.0076858100,0.0088653500,0.0108815500,0.0121368900,0.0130553300,0.0132044300,0.0132385200
2016-12-06,0.0038858600,0.0043895900,0.0055019900,0.0066197800,0.0078153900,0.0089863200,0.0110149300,0.0122738900,0.0131973700,0.0133481800,0.0133829600
2016-12-05,0.0039168900,0.0044383400,0.0055523800,0.0066801700,0.0078797800,0.0090632100,0.0111041700,0.0123544400,0.0132978900,0.0134495700,0.0134830700
2016-12-02,0.0038191400,0.0043249500,0.0054338700,0.0065471700,0.0077413500,0.0089196500,0.0109508100,0.0121992400,0.0131294200,0.0132831500,0.0133210900
2016-12-01,0.0038220000,0.0043296100,0.0054386000,0.0065579200,0.0077535000,0.0089334600,0.0109480800,0.0122028600,0.0131316600,0.0132839500,0.0133207800
2016-11-30,0.0037765100,0.0042863800,0.0054038700,0.0065447400,0.0077377100,0.0089041700,0.0108908800,0.0121834300,0.0131151700,0.0132670000,0.0133027000
2016-11-29,0.0038183700,0.0043262500,0.0054395600,0.0065564300,0.0077544100,0.0089360700,0.0109491300,0.0122110100,0.0130441400,0.0132176800,0.0132646000
2016-11-28,0.0038571300,0.0043808800,0.0054939900,0.0066208800,0.0078214400,0.0090037000,0.0110430900,0.0122942100,0.0131402700,0.0133167600,0.0133656400
2016-11-25,0.0037221800,0.0042205000,0.0053274000,0.0064380000,0.0076441900,0.0088254500,0.0108416700,0.0120995700,0.0129349400,0.0131093300,0.0131577800
2016-11-24,0.0036539700,0.0041455100,0.0052476900,0.0063615400,0.0075545300,0.0087328800,0.0107348100,0.0119960700,0.0128276300,0.0130012700,0.0130490200
2016-11-23,0.0036436900,0.0041242800,0.0052212500,0.0063253900,0.0075209100,0.0087107200,0.0107225100,0.0119803400,0.0128167300,0.0129898000,0.0130377200
2016-11-22,0.0035596800,0.0040198000,0.0050779900,0.0061851500,0.0073767200,0.0085528300,0.0105411300,0.0118109900,0.0126767400,0.0128712700,0.0129279900
2016-11-21,0.0035289000,0.0040055400,0.0051170200,0.0062870300,0.0075007800,0.0086904100,0.0106972600,0.0120167800,0.0129042100,0.0131024500,0.0131585800
2016-11-18,0.0035220400,0.0040269700,0.0051033300,0.0062455500,0.0074372400,0.0086044400,0.0106055700,0.0119131600,0.0128128000,0.0130128200,0.0130685700
2016-11-17,0.0031994000,0.0036781500,0.0047764100,0.0059376800,0.0071290600,0.0083140700,0.0104118800,0.0117228500,0.0126295900,0.0128317900,0.0128912500
2016-11-16,0.0029260800,0.0033813200,0.0044560200,0.0055912600,0.0067745300,0.0079426600,0.0100059400,0.0113118000,0.0121899600,0.0123830500,0.0124372100
2016-11-15,0.0029074000,0.0033716000,0.0044193900,0.0055295800,0.0067144300,0.0078677600,0.0098558800,0.0111563100,0.0120304300,0.0122240400,0.0122780000
2016-11-14,0.0029335000,0.0034376000,0.0044481900,0.0055098200,0.0066753000,0.0078162700,0.0098182700,0.0110944200,0.0119786600,0.0121716500,0.0122242000
2016-11-11,0.0027631800,0.0032668500,0.0042376400,0.0052837000,0.0064275600,0.0075552900,0.0096023900,0.0108930500,0.0117806600,0.0119752300,0.0120305700
2016-11-10,0.0025467000,0.0030011600,0.0039629000,0.0049854700,0.0061234900,0.0072354600,0.0092419200,0.0105268800,0.0113804000,0.0115659600,0.0116165600
2016-11-09,0.0025700100,0.0030356600,0.0040163400,0.0050539300,0.0062120400,0.0073362600,0.0093019400,0.0105698100,0.0114040700,0.0115325000,0.0115317500
2016-11-08,0.0024982500,0.0029411100,0.0038871200,0.0049021300,0.0060241600,0.0071326700,0.0091160300,0.0104066000,0.0112250300,0.0113505400,0.0113474600
2016-11-07,0.0025374700,0.0029809300,0.0039564200,0.0049899800,0.0061303600,0.0072482600,0.0091773700,0.0104488700,0.0112596400,0.0113840800,0.0113796300
2016-11-04,0.0026695300,0.0031176900,0.0040903100,0.0051416000,0.0062857700,0.0074083400,0.0093638200,0.0106302000,0.0114545000,0.0115835200,0.0115827700
2016-11-03,0.0027337800,0.0031845900,0.0041427400,0.0051872800,0.0063043000,0.0074168700,0.0094253300,0.0107226800,0.0115480800,0.0116764800,0.0116740600
2016-11-02,0.0028487100,0.0033227500,0.0042851900,0.0053326700,0.0064637400,0.0075775600,0.0095935800,0.0108855700,0.0117254900,0.0118583100,0.0118593400
2016-11-01,0.0027943700,0.0032644600,0.0042353100,0.0052693800,0.0064115800,0.0075265100,0.0094948800,0.0108159500,0.0116450500,0.0117757800,0.0117750800
2016-10-31,0.0027429500,0.0032241200,0.0042114400,0.0052551600,0.0064149400,0.0075398800,0.0095153400,0.0107743300,0.0116353500,0.0118247500,0.0118789600
2016-10-28,0.0026951000,0.0031795200,0.0041486200,0.0051799200,0.0063192600,0.0074345900,0.0094261200,0.0107269400,0.0115862700,0.0117772400,0.0118333200
2016-10-27,0.0026301600,0.0030967300,0.0040802400,0.0051191600,0.0062697100,0.0074056300,0.0093361700,0.0106271500,0.0114758600,0.0116639600,0.0117181300
2016-10-26,0.0026124500,0.0031102800,0.0040955300,0.0051379200,0.0062985200,0.0074249900,0.0093881800,0.0106682400,0.0115399000,0.0117321000,0.0117862900
2016-10-25,0.0025149900,0.0030558700,0.0040150500,0.0050386600,0.0061769100,0.0072926500,0.0093295300,0.0106173300,0.0114980200,0.0116910100,0.0117454400
2016-10-24,0.0023732600,0.0028630500,0.0038040500,0.0048217100,0.0059466200,0.0070714500,0.0090607600,0.0103662400,0.0112177400,0.0114031000,0.0114545300
2016-10-21,0.0024463200,0.0029479700,0.0038697600,0.0048885200,0.0060127000,0.0071392000,0.0091276100,0.0104321700,0.0112900900,0.0114776200,0.0115297800
2016-10-20,0.0024087500,0.0028909300,0.0038335800,0.0048537100,0.0059982500,0.0071335300,0.0090866900,0.0103501300,0.0111998300,0.0113845000,0.0114357900
2016-10-19,0.0024812600,0.0029580900,0.0038800200,0.0048861800,0.0059978500,0.0071354000,0.0091388000,0.0104282100,0.0112822200,0.0114675100,0.0115186200
2016-10-18,0.0025152600,0.0029814700,0.0039042400,0.0049115500,0.0060237800,0.0071720600,0.0091932800,0.0104620300,0.0113188000,0.0115045400,0.0115562800
2016-10-17,0.0025213700,0.0029788000,0.0039092700,0.0049116100,0.0060226200,0.0071686900,0.0091657000,0.0104444400,0.0112941900,0.0114778400,0.0115291600
2016-10-14,0.0024750500,0.0029048300,0.0038538000,0.0048694100,0.0060001500,0.0071426900,0.0090824600,0.0103366900,0.0111698300,0.0113496000,0.0113988600
2016-10-13,0.0025478600,0.0030119200,0.0039557500,0.0049755400,0.0061178800,0.0072809600,0.0092596000,0.0104855600,0.0113323900,0.0115155400,0.0115677600
2016-10-12,0.0025546900,0.0029983300,0.0039237200,0.0049348100,0.0060589500,0.0072075900,0.0092281900,0.0104827800,0.0113290000,0.0115117200,0.0115621600
2016-10-11,0.0026028700,0.0030431000,0.0039944700,0.0050231500,0.0061687900,0.0073337200,0.0092843100,0.0105291000,0.0113787800,0.0115646700,0.0116181300
2016-10-10,0.0026838900,0.0031303000,0.0041022400,0.0051414000,0.0062878500,0.0074414000,0.0093766200,0.0106397800,0.0114942800,0.0116810100,0.0117328600
2016-10-07,0.0027365000,0.0031977500,0.0041755400,0.0052205600,0.0063788600,0.0075253800,0.0094952800,0.0107506100,0.0116097500,0.0117996200,0.0118537600
2016-10-06,0.0028001700,0.0032420400,0.0042222600,0.0052718600,0.0064237400,0.0075742100,0.0095568200,0.0108078600,0.0116581600,0.0118484600,0.0119050800
2016-10-05,0.0029331200,0.0033895100,0.0043608800,0.0054101400,0.0065435800,0.0076965400,0.0097090000,0.0109996800,0.0118577000,0.0120490600,0.0121053000
2016-10-04,0.0030251000,0.0035022700,0.0044851200,0.0055489800,0.0066967700,0.0078547100,0.0098641900,0.0111689600,0.0120470100,0.0122444500,0.0123023300
2016-10-03,0.0030118900,0.0034890100,0.0044854900,0.0055677000,0.0067359800,0.0079017200,0.0098885700,0.0111554500,0.0120273200,0.0122240800,0.0122827000
2016-09-30,0.0030012600,0.0035004900,0.0044763100,0.0055467500,0.0067120400,0.0078748000,0.0098648300,0.0111178100,0.0120033800,0.0122006400,0.0122587800
2016-09-29,0.0028128000,0.0033030300,0.0042801100,0.0053519700,0.0065179100,0.0076822400,0.0096739900,0.0109284300,0.0117989200,0.0119919500,0.0120485800
2016-09-28,0.0027506800,0.0032200200,0.0041953900,0.0052621900,0.0064156500,0.0075767500,0.0095531500,0.0108040200,0.0116586200,0.0118482500,0.0119027500
2016-09-27,0.0026874300,0.0032971400,0.0042778400,0.0053386300,0.0064975600,0.0076543800,0.0096350400,0.0108890400,0.0118830900,0.0120533900,0.0120952900
2016-09-26,0.0025000800,0.0030017400,0.0039716900,0.0050197900,0.0061771000,0.0073336700,0.0093216200,0.0105659800,0.0114392600,0.0116301700,0.0116841700
2016-09-23,0.0023356900,0.0028081300,0.0037682500,0.0048033200,0.0059451100,0.0070956100,0.0090610400,0.0102997800,0.0111522800,0.0113369200,0.0113884200
2016-09-22,0.0022898600,0.0027282000,0.0037115200,0.0047578300,0.0059007000,0.0070438200,0.0089815400,0.0102298100,0.0110599500,0.0112432800,0.0112953600
2016-09-21,0.0025329000,0.0030793300,0.0040737400,0.0051292300,0.0062575200,0.0074080500,0.0094139700,0.0106940600,0.0116451300,0.0118068000,0.0118450800
2016-09-20,0.0024045000,0.0031429300,0.0041470900,0.0052086500,0.0063664600,0.0075329100,0.0095248400,0.0107701700,0.0116177200,0.0117678400,0.0118122400
2016-09-19,0.0020383300,0.0025191400,0.0035451000,0.0046283400,0.0058016500,0.0069731600,0.0089431100,0.0102074600,0.0111408800,0.0112890900,0.0113164900
2016-09-16,0.0022004400,0.0027324600,0.0037424000,0.0048109900,0.0059629500,0.0071012900,0.0090893200,0.0103420000,0.0112946400,0.0114481200,0.0114795400
2016-09-15,0.0021553500,0.0026863900,0.0036611400,0.0046966300,0.0058469400,0.0069862900,0.0089527800,0.0101875800,0.0111280100,0.0112791000,0.0113093300
2016-09-14,0.0021869400,0.0027214700,0.0036881500,0.0047029700,0.0058331800,0.0069682300,0.0089926700,0.0102484200,0.0111910700,0.0113422400,0.0113724400
2016-09-13,0.0021652900,0.0027201800,0.0036827600,0.0047114100,0.0058422000,0.0070053700,0.0089780200,0.0102134700,0.0111586300,0.0113105900,0.0113409000
2016-09-12,0.0021149294,0.0026590941,0.0036243061,0.0046580731,0.0057886546,0.0069467800,0.0089230366,0.0101527797,0.0111026144,0.0112550637,0.0112857660
2016-09-09,0.0020657400,0.0025993800,0.0035667800,0.0046053400,0.0057356000,0.0068886800,0.0088683900,0.0100924500,0.0110468800,0.0111998100,0.0112309000
2016-09-08,0.0019154800,0.0024141300,0.0034105900,0.0044495300,0.0055743500,0.0067245900,0.0086885000,0.0098981200,0.0108402900,0.0109365200,0.0109123300
2016-09-07,0.0019144300,0.0023953600,0.0033513400,0.0043768100,0.0054668100,0.0066083200,0.0086218600,0.0098541100,0.0107880600,0.0108840600,0.0108606100
2016-09-06,0.0019394483,0.0024317510,0.0033985032,0.0044331549,0.0055311042,0.0066751976,0.0086701853,0.0098966726,0.0108282402,0.0109415755,0.0109356832
2016-09-05,0.0019647935,0.0024686949,0.0034463300,0.0044902251,0.0055961546,0.0067427520,0.0087187815,0.0099394190,0.0108685700,0.0109993950,0.0110112753
2016-09-02,0.0019904700,0.0025062000,0.0034948300,0.0045480300,0.0056619700,0.0068109900,0.0087676500,0.0099823500,0.0109090500,0.0110575200,0.0110873900
2016-09-01,0.0020740118,0.0025999081,0.0035941244,0.0046522118,0.0057730111,0.0069224775,0.0088663593,0.0100907366,0.0110172286,0.0111653591,0.0111954633
2016-08-31,0.0021610600,0.0026971200,0.0036962400,0.0047587800,0.0058862300,0.0070357900,0.0089661800,0.0102003000,0.0111264800,0.0112742500,0.0113045900
2016-08-30,0.0022436900,0.0027639700,0.0037549200,0.0048178300,0.0059250600,0.0070701700,0.0090509600,0.0103141500,0.0112376800,0.0113862000,0.0114180100
2016-08-29,0.0021618200,0.0026461200,0.0037697500,0.0048604800,0.0060335500,0.0072192900,0.0091117000,0.0103387600,0.0112617300,0.0114129600,0.0114437500
2016-08-26,0.0023606400,0.0028795700,0.0038780200,0.0049495100,0.0060579600,0.0072046400,0.0091885800,0.0104539500,0.0113925300,0.0115477100,0.0115801300
2016-08-25,0.0022457200,0.0027440800,0.0037948600,0.0049112000,0.0060530900,0.0072290400,0.0092217900,0.0104983100,0.0114411800,0.0115969000,0.0116294400
2016-08-24,0.0023548000,0.0028604700,0.0038719300,0.0049565100,0.0060422100,0.0071900200,0.0091642500,0.0104321800,0.0113619600,0.0115156100,0.0115468800
2016-08-23,0.0024679000,0.0029654700,0.0039887300,0.0050788200,0.0061891800,0.0073440800,0.0092742700,0.0105161500,0.0114427400,0.0115961800,0.0116275900
2016-08-22,0.0025499200,0.0030705900,0.0040983300,0.0051943700,0.0063077200,0.0074650300,0.0094019000,0.0106492400,0.0115838700,0.0117401600,0.0117738900
2016-08-19,0.0025481400,0.0031031700,0.0041147300,0.0052015500,0.0062901400,0.0074385200,0.0094204400,0.0106921600,0.0116447600,0.0118033500,0.0118377500
2016-08-18,0.0024107900,0.0028812200,0.0038956700,0.0049746400,0.0060851000,0.0072404100,0.0091674300,0.0104071000,0.0113645200,0.0114723000,0.0114528200
2016-08-17,0.0022924200,0.0027794100,0.0037878000,0.0048606800,0.0059643600,0.0071139700,0.0090318500,0.0102654400,0.0112142800,0.0113205700,0.0113012700
2016-08-16,0.0021767600,0.0026216100,0.0036199800,0.0046881500,0.0057692700,0.0069132400,0.0088665400,0.0101389600,0.0110691600,0.0111736700,0.0111545600
2016-08-15,0.0022603800,0.0027135500,0.0037145400,0.0047866100,0.0058704200,0.0070164200,0.0089715400,0.0102454600,0.0111819800,0.0112862800,0.0112661500
2016-08-12,0.0022553500,0.0027063000,0.0037250200,0.0048156900,0.0059100400,0.0070665600,0.0090222300,0.0102959600,0.0112382800,0.0113443500,0.0113254800
2016-08-11,0.0022744100,0.0027095600,0.0037276000,0.0048170300,0.0059119500,0.0070687700,0.0090241500,0.0102986200,0.0112320300,0.0113363100,0.0113169500
2016-08-10,0.0022602300,0.0027724700,0.0038029300,0.0048976700,0.0060166900,0.0071816100,0.0090960200,0.0103457100,0.0112740600,0.0114280000,0.0114606900
2016-08-09,0.0023193700,0.0028183200,0.0038299600,0.0049125800,0.0060093100,0.0071695100,0.0091295000,0.0104070800,0.0113346700,0.0114892100,0.0115221400
2016-08-08,0.0023451400,0.0028286800,0.0038587900,0.0049592400,0.0060820100,0.0072510500,0.0091795200,0.0104395500,0.0113563800,0.0115086900,0.0115409400
2016-08-05,0.0024367200,0.0029329600,0.0039657300,0.0050904200,0.0061695300,0.0073259400,0.0093035400,0.0105919400,0.0115173300,0.0116704900,0.0117012500
2016-08-04,0.0025329800,0.0030316600,0.0040736500,0.0052161300,0.0062893000,0.0074560900,0.0094127100,0.0107100400,0.0115062400,0.0116448000,0.0116834300
2016-08-03,0.0026851500,0.0032033300,0.0042684900,0.0054228200,0.0065200400,0.0076911500,0.0096015100,0.0108679900,0.0116759600,0.0118182000,0.0118589300
2016-08-02,0.0027002200,0.0032445800,0.0043180200,0.0054771400,0.0065532000,0.0077219100,0.0096720900,0.0109766700,0.0118044200,0.0119480900,0.0119897700
2016-08-01,0.0025389800,0.0030445000,0.0040991200,0.0052273200,0.0063081200,0.0074706100,0.0093799700,0.0106928300,0.0114904500,0.0116270700,0.0116640600
2016-07-29,0.0025983400,0.0031038900,0.0041618700,0.0052964300,0.0063809700,0.0075482200,0.0094715600,0.0107813900,0.0115624800,0.0117014300,0.0117433800
2016-07-28,0.0025888100,0.0031338600,0.0041953700,0.0053402200,0.0064262900,0.0075896800,0.0095025500,0.0108159700,0.0117730800,0.0119484700,0.0119778500
2016-07-27,0.0027476300,0.0032536900,0.0043293500,0.0054781800,0.0065785600,0.0077448000,0.0096358300,0.0109651800,0.0117913400,0.0119419500,0.0119856700
2016-07-26,0.0027907200,0.0033421400,0.0044311100,0.0055769700,0.0067109100,0.0078714100,0.0097814900,0.0110512200,0.0119015600,0.0120559500,0.0121016400
2016-07-25,0.0026115000,0.0031346800,0.0042124100,0.0053401600,0.0064521600,0.0076062700,0.0095377200,0.0108448100,0.0116761800,0.0118267900,0.0118705400
2016-07-22,0.0025303440,0.0030370651,0.0041090058,0.0052309023,0.0063414400,0.0074952193,0.0094254087,0.0107310635,0.0115532125,0.0117025019,0.0117453953
2016-07-21,0.0024517100,0.0029424900,0.0040081400,0.0051238800,0.0062326200,0.0073857900,0.0093144200,0.0106185100,0.0114315400,0.0115795200,0.0116215700
2016-07-20,0.0027029000,0.0032074000,0.0042756600,0.0054094800,0.0065280300,0.0077000400,0.0096511300,0.0109689700,0.0117873900,0.0119438200,0.0119824600
2016-07-19,0.0028369300,0.0034165600,0.0044997300,0.0056443900,0.0067680800,0.0079408100,0.0099134200,0.0112227200,0.0120941200,0.0122451300,0.0122979400
2016-07-18,0.0026801900,0.0032233300,0.0042973400,0.0054286500,0.0065422300,0.0077040900,0.0096661100,0.0109504100,0.0117874300,0.0119466700,0.0119867900
2016-07-15,0.0026343200,0.0031899000,0.0042535100,0.0053701700,0.0064733700,0.0076205400,0.0095447200,0.0108231800,0.0116582900,0.0118179000,0.0118604700
2016-07-14,0.0026026000,0.0030851700,0.0041482800,0.0052622400,0.0063623900,0.0075044700,0.0093917300,0.0106909200,0.0114930700,0.0116437100,0.0116790200
2016-07-13,0.0028079500,0.0033354900,0.0044318800,0.0055829800,0.0067125400,0.0078776700,0.0098012500,0.0111241400,0.0119517900,0.0121113100,0.0121617000
2016-07-12,0.0029656200,0.0034159700,0.0045276100,0.0056884100,0.0068391300,0.0080223700,0.0099567000,0.0112334500,0.0120960000,0.0122631600,0.0122929100
2016-07-11,0.0034626300,0.0039603800,0.0051168700,0.0063155800,0.0074617400,0.0086625300,0.0106282800,0.0119709200,0.0128138000,0.0130024900,0.0130867400
2016-07-08,0.0039360460,0.0043794533,0.0055539114,0.0066855693,0.0077848091,0.0089924762,0.0109602901,0.0121066791,0.0133923784,0.0136047840,0.0136790600
2016-07-07,0.0041880414,0.0046737672,0.0058808097,0.0070551577,0.0082046544,0.0094117464,0.0113998924,0.0125925384,0.0139847673,0.0141086898,0.0141480194
2016-07-06,0.0044551336,0.0048515254,0.0060591643,0.0072018764,0.0083257729,0.0095699158,0.0115444068,0.0127209708,0.0141831109,0.0142102081,0.0142119529
2016-07-05,0.0040185800,0.0043615834,0.0056190020,0.0068207262,0.0080209952,0.0092989856,0.0113495345,0.0125669848,0.0136357913,0.0136771528,0.0136410643
2016-07-04,0.0037065191,0.0040261491,0.0053202530,0.0065665449,0.0077985019,0.0090978667,0.0111659189,0.0124579009,0.0133928712,0.0134430918,0.0134121853
2016-07-01,0.0039223342,0.0043725572,0.0055328508,0.0066561553,0.0077499772,0.0089693844,0.0108894658,0.0120674417,0.0138393333,0.0138653617,0.0138160694
2016-06-30,0.0044077178,0.0048303588,0.0060010369,0.0071408387,0.0082149985,0.0094473546,0.0113721520,0.0125630761,0.0142467029,0.0143116202,0.0141692651
2016-06-29,0.0046167041,0.0050013462,0.0061723225,0.0073042278,0.0083927884,0.0096151050,0.0115491289,0.0127212499,0.0142846079,0.0143493325,0.0142653780
2016-06-28,0.0051259234,0.0055681528,0.0067242687,0.0078813050,0.0089702631,0.0101869098,0.0121049256,0.0132435647,0.0146281379,0.0147066211,0.0147688779
2016-06-27,0.0055825588,0.0060346825,0.0072167762,0.0083874117,0.0094733058,0.0107009748,0.0126475923,0.0137725258,0.0147394827,0.0148915762,0.0150847186
2016-06-24,0.0051850337,0.0056607135,0.0068551882,0.0080393576,0.0090768099,0.0102916823,0.0122690173,0.0133587350,0.0143476879,0.0144518449,0.0145158014
2016-06-23,0.0030072161,0.0034744033,0.0046444783,0.0058033875,0.0068232092,0.0080606419,0.0100424384,0.0111533061,0.0120823481,0.0121943557,0.0122677286
2016-06-22,0.0031751858,0.0036613993,0.0048326137,0.0059821238,0.0070426419,0.0082443769,0.0101506923,0.0112579831,0.0122558575,0.0123487104,0.0123515930
2016-06-21,0.0034225670,0.0039083640,0.0050614526,0.0062152721,0.0072979361,0.0084846694,0.0103486186,0.0114231716,0.0124660982,0.0125084699,0.0123780529
2016-06-20,0.0035350418,0.0040182469,0.0051361891,0.0062783017,0.0073984810,0.0085297010,0.0102619925,0.0113376784,0.0124156581,0.0124188152,0.0121830814
2016-06-17,0.0043999371,0.0048313325,0.0060440395,0.0072579107,0.0083503854,0.0095343484,0.0114243615,0.0124838690,0.0134529660,0.0134543377,0.0132703157
2016-06-16,0.0047758714,0.0052074993,0.0063796840,0.0075679150,0.0086512420,0.0098284667,0.0116836841,0.0128026903,0.0136699650,0.0136738394,0.0136308724
2016-06-15,0.0041691908,0.0046168181,0.0058731512,0.0071422090,0.0082451683,0.0094453205,0.0113621710,0.0123886277,0.0132283464,0.0132292571,0.0130705738
2016-06-14,0.0043647775,0.0048153165,0.0060911856,0.0073644974,0.0084805459,0.0096877805,0.0116328993,0.0126780706,0.0133907286,0.0133912320,0.0133106227
2016-06-13,0.0039293214,0.0043686701,0.0056146516,0.0068557913,0.0079587719,0.0091425941,0.0110456178,0.0121060744,0.0126715474,0.0126639111,0.0126220427
2016-06-10,0.0036401482,0.0040775362,0.0052973634,0.0065125209,0.0076197245,0.0088291973,0.0107471849,0.0117907668,0.0126491851,0.0126418654,0.0124490951
2016-06-09,0.0034492857,0.0039026047,0.0051016561,0.0062859510,0.0073929682,0.0085996344,0.0105091437,0.0115380385,0.0124535647,0.0124547263,0.0122476963
2016-06-08,0.0032590031,0.0037148002,0.0048979915,0.0060572561,0.0071589795,0.0083590189,0.0102387290,0.0112580986,0.0122422864,0.0122435335,0.0120272965
2016-06-07,0.0031260171,0.0036095896,0.0047867295,0.0059320880,0.0070251045,0.0082083658,0.0100028958,0.0110734936,0.0120953464,0.0120971643,0.0118996420
2016-06-06,0.0032752467,0.0038704694,0.0049760337,0.0060750337,0.0072208091,0.0083500285,0.0099901269,0.0111104361,0.0122045292,0.0122092285,0.0122107304
2016-06-03,0.0034888940,0.0038916487,0.0050449804,0.0061423268,0.0072219900,0.0084321967,0.0102282413,0.0113437757,0.0128674923,0.0128781427,0.0123620220
2016-06-02,0.0033083981,0.0037774750,0.0049578786,0.0061206500,0.0072102784,0.0083917590,0.0102212812,0.0113206272,0.0123216548,0.0123233832,0.0120440053
2016-06-01,0.0031882401,0.0036436813,0.0048289790,0.0059762723,0.0070659764,0.0082468787,0.0100733193,0.0111661304,0.0121915299,0.0121932081,0.0119213319
2016-05-31,0.0029997657,0.0034147711,0.0045782618,0.0057162015,0.0068124046,0.0079974468,0.0098352795,0.0109234796,0.0119464948,0.0119484173,0.0116568615
2016-05-30,0.0028807564,0.0033585958,0.0044795264,0.0056079831,0.0067002586,0.0078312746,0.0095933826,0.0106968657,0.0113987813,0.0113986026,0.0112515195
2016-05-27,0.0028420378,0.0033141183,0.0044640019,0.0055848964,0.0066484018,0.0078003620,0.0095688898,0.0106670664,0.0113983099,0.0113981973,0.0112512224
2016-05-26,0.0028482550,0.0033040395,0.0044593542,0.0055803116,0.0066453657,0.0078208056,0.0096206600,0.0107097823,0.0115716969,0.0115729942,0.0113846317
2016-05-25,0.0028773961,0.0033470778,0.0044926015,0.0056301702,0.0067059409,0.0078476622,0.0096408122,0.0107572041,0.0113735909,0.0113734762,0.0113395383
2016-05-24,0.0031957301,0.0036633827,0.0048303798,0.0059779585,0.0070765268,0.0082163686,0.0100032745,0.0110994184,0.0118134330,0.0118130887,0.0116625595
2016-05-23,0.0033489238,0.0038113112,0.0050161988,0.0061687659,0.0072454726,0.0084311822,0.0102360831,0.0113480511,0.0123546117,0.0123564829,0.0121189332
2016-05-20,0.0033231499,0.0037835534,0.0049893227,0.0061524937,0.0072195053,0.0084052524,0.0102148415,0.0113525293,0.0123212582,0.0123230763,0.0121123967
2016-05-19,0.0035211723,0.0039670866,0.0051804451,0.0063360131,0.0074090991,0.0085988455,0.0104162547,0.0115355655,0.0124530515,0.0124547650,0.0123338384
2016-05-18,0.0034069786,0.0038663021,0.0050213114,0.0061191456,0.0071636030,0.0083159174,0.0100629836,0.0112207159,0.0121529189,0.0121578419,0.0121592473
2016-05-17,0.0033613725,0.0037959706,0.0049728821,0.0061426607,0.0072463107,0.0083823963,0.0103194722,0.0113743703,0.0114436887,0.0114483949,0.0115012645
2016-05-16,0.0032464987,0.0037225038,0.0049239463,0.0060610730,0.0071582363,0.0083430496,0.0101779922,0.0112321557,0.0123225365,0.0123240990,0.0120050829
2016-05-13,0.0032009936,0.0036872752,0.0048475560,0.0059520718,0.0070400276,0.0082267527,0.0100195045,0.0111077719,0.0123717459,0.0123793445,0.0119896716
2016-05-12,0.0029502404,0.0034540692,0.0046031293,0.0057389059,0.0068464542,0.0079867394,0.0097521659,0.0108305432,0.0114701362,0.0114702736,0.0113641237
2016-05-11,0.0030050209,0.0035021456,0.0046479275,0.0057788352,0.0068773403,0.0079971393,0.0097446078,0.0108270370,0.0115749873,0.0115767835,0.0114589687
2016-05-10,0.0028323795,0.0033794639,0.0045679008,0.0057144778,0.0068041179,0.0079575598,0.0097548501,0.0107755970,0.0111517081,0.0111493041,0.0111590668
2016-05-09,0.0030620769,0.0035671967,0.0047876924,0.0059671111,0.0070270216,0.0081650743,0.0100083205,0.0110242369,0.0110359174,0.0110333635,0.0111216988
2016-05-06,0.0034009395,0.0039599554,0.0051532073,0.0063247948,0.0073956195,0.0084988068,0.0103090071,0.0113743628,0.0114307964,0.0114294737,0.0115164630
2016-05-05,0.0033273695,0.0038255897,0.0050698521,0.0062356523,0.0072978010,0.0084827630,0.0103505766,0.0113867550,0.0116178287,0.0116657148,0.0116862440
2016-05-04,0.0033249195,0.0038185062,0.0050721228,0.0062479323,0.0073063508,0.0084880971,0.0103635781,0.0114112654,0.0116845265,0.0117124906,0.0117333628
2016-05-03,0.0031499958,0.0036514442,0.0048578638,0.0060093028,0.0070587784,0.0082081364,0.0100506840,0.0110893205,0.0112373478,0.0112345543,0.0112723085
2016-05-02,0.0027567454,0.0032309765,0.0043882672,0.0054983089,0.0065713744,0.0077444704,0.0095842141,0.0106384400,0.0112396693,0.0112395561,0.0111982350
2016-04-29,0.0027567072,0.0032309277,0.0043881104,0.0054980743,0.0065711089,0.0077443515,0.0095847470,0.0106384256,0.0112396167,0.0112395042,0.0111981875
2016-04-28,0.0023609231,0.0028935022,0.0040515422,0.0051740193,0.0062175063,0.0073685181,0.0092111783,0.0102605463,0.0102596571,0.0102591469,0.0103818191
2016-04-27,0.0023388914,0.0028604347,0.0040239392,0.0051407628,0.0061840999,0.0073349601,0.0091775492,0.0102210522,0.0101940580,0.0101935923,0.0103325436
2016-04-26,0.0024267334,0.0029220366,0.0040722958,0.0051861245,0.0062344746,0.0073820749,0.0092282744,0.0102604395,0.0102281647,0.0102275536,0.0103329352
2016-04-25,0.0024400309,0.0028903345,0.0040281085,0.0051407549,0.0061855693,0.0073349725,0.0091953584,0.0102137091,0.0102962488,0.0102955111,0.0103346979
2016-04-22,0.0021413260,0.0025919747,0.0037240771,0.0048431415,0.0058944376,0.0070274043,0.0088532594,0.0099110685,0.0103017971,0.0103003503,0.0102191356
2016-04-21,0.0022586266,0.0027363800,0.0038687573,0.0049542092,0.0060183085,0.0071976418,0.0089927470,0.0101069684,0.0109882899,0.0109894217,0.0108308686
2016-04-20,0.0023798336,0.0029843512,0.0041626375,0.0052695622,0.0063375277,0.0075436508,0.0093108915,0.0103710963,0.0110711613,0.0110717136,0.0109997949
2016-04-19,0.0027084219,0.0031944853,0.0042845245,0.0053339664,0.0063927222,0.0075397696,0.0093699282,0.0104415782,0.0106899209,0.0106878935,0.0107023790
2016-04-18,0.0029197987,0.0033724269,0.0044744906,0.0055375932,0.0066171868,0.0077939910,0.0095558774,0.0107117863,0.0116750137,0.0116773709,0.0116104644
2016-04-15,0.0030664349,0.0035234006,0.0045897159,0.0056165792,0.0067130106,0.0079169730,0.0097515004,0.0108028510,0.0117686337,0.0117701517,0.0115412009
2016-04-14,0.0029788356,0.0034386034,0.0045151589,0.0055431977,0.0066402825,0.0078425756,0.0096776848,0.0107504675,0.0116677883,0.0116692055,0.0114900504
2016-04-13,0.0033900181,0.0038352089,0.0049736548,0.0060574285,0.0071371930,0.0083095495,0.0101209325,0.0112273523,0.0119317479,0.0119677205,0.0118772233
2016-04-12,0.0037375259,0.0041368498,0.0053318622,0.0064538318,0.0075183446,0.0087111227,0.0106778802,0.0117377228,0.0123416527,0.0122771208,0.0120059388
2016-04-11,0.0038387395,0.0042999158,0.0054273137,0.0064867740,0.0075698908,0.0087719202,0.0106025656,0.0116632010,0.0123323596,0.0123669163,0.0123114589
2016-04-08,0.0038236181,0.0043209755,0.0055063402,0.0066005105,0.0076461237,0.0088418013,0.0106846172,0.0117303234,0.0123431518,0.0123154284,0.0121497224
2016-04-07,0.0042270776,0.0046730175,0.0058254405,0.0069118768,0.0079950346,0.0091643047,0.0109993981,0.0120579462,0.0127191063,0.0127194336,0.0126186342
2016-04-06,0.0037861396,0.0042156123,0.0053996410,0.0065285968,0.0075791222,0.0087442779,0.0106455208,0.0117139200,0.0116931974,0.0116980566,0.0118096787
2016-04-05,0.0035458517,0.0040447645,0.0052026028,0.0062829736,0.0073297867,0.0085166813,0.0103766668,0.0113991596,0.0113622824,0.0113582353,0.0114981254
2016-04-04,0.0032049152,0.0037273444,0.0048604358,0.0059544367,0.0070116780,0.0081827581,0.0100291494,0.0110292007,0.0110313601,0.0110559905,0.0111736818
2016-04-01,0.0032741225,0.0037735946,0.0048872170,0.0059596113,0.0070128202,0.0081460756,0.0099586354,0.0110219756,0.0110065278,0.0110041333,0.0109916814
2016-03-31,0.0032573998,0.0037397676,0.0048658155,0.0059418696,0.0069956716,0.0081462489,0.0099616198,0.0110032079,0.0112395119,0.0112449316,0.0111908334
2016-03-30,0.0032474887,0.0036546002,0.0048182287,0.0059264800,0.0070030099,0.0081732303,0.0099842216,0.0110445272,0.0118530896,0.0118558671,0.0116840730
2016-03-29,0.0037072081,0.0041193620,0.0053016878,0.0064151288,0.0074902550,0.0086674608,0.0105554744,0.0115088580,0.0120432889,0.0120742872,0.0119482071
2016-03-28,0.0038015451,0.0042077004,0.0053574487,0.0064329004,0.0075361804,0.0087248984,0.0105888993,0.0115783688,0.0125315795,0.0125329599,0.0122900050
2016-03-25,0.0038015446,0.0042077376,0.0053575357,0.0064329903,0.0075362287,0.0087248361,0.0105884134,0.0115783404,0.0125315322,0.0125329200,0.0122899753
2016-03-24,0.0038015201,0.0042077251,0.0053576250,0.0064331679,0.0075364504,0.0087249945,0.0105881365,0.0115783384,0.0125315653,0.0125329709,0.0122900246
2016-03-23,0.0035563214,0.0039532632,0.0050881993,0.0061528371,0.0072568210,0.0084504489,0.0103101106,0.0113010110,0.0123047109,0.0123068046,0.0120257048
2016-03-22,0.0034286923,0.0038360275,0.0049613489,0.0060256125,0.0071298686,0.0083107329,0.0101622388,0.0111960020,0.0119982716,0.0119825442,0.0118205348
2016-03-21,0.0029957674,0.0034373118,0.0045808103,0.0056744634,0.0067655311,0.0079209755,0.0097317803,0.0107639363,0.0111639613,0.0111626493,0.0111206868
2016-03-18,0.0025321255,0.0028350661,0.0040392627,0.0051681296,0.0062121340,0.0073447521,0.0092245005,0.0102777300,0.0105994173,0.0105983231,0.0105211232
2016-03-17,0.0026533891,0.0029595896,0.0041661048,0.0052975921,0.0063375466,0.0074813262,0.0093613070,0.0104040216,0.0109953010,0.0109929665,0.0107841387
2016-03-16,0.0027217326,0.0030672012,0.0041889242,0.0052432863,0.0063505214,0.0075434785,0.0094075365,0.0104193716,0.0114301996,0.0114307001,0.0112073441
2016-03-15,0.0025508317,0.0029278931,0.0040104221,0.0050582259,0.0061880855,0.0073689189,0.0092002449,0.0101817668,0.0113085747,0.0113156512,0.0110856412
2016-03-14,0.0022014996,0.0025028791,0.0036656702,0.0047840995,0.0059095424,0.0070778203,0.0089050191,0.0099667136,0.0112093425,0.0112121989,0.0108293974
2016-03-11,0.0024498657,0.0028739088,0.0039763000,0.0050473974,0.0061767427,0.0073181648,0.0091153809,0.0101491441,0.0106858976,0.0106854411,0.0106216166
2016-03-10,0.0033375399,0.0037792135,0.0049474928,0.0060617490,0.0071537968,0.0083190218,0.0101492969,0.0111476767,0.0118298312,0.0118260043,0.0117292696
2016-03-09,0.0041236571,0.0044804647,0.0056818647,0.0067926027,0.0078728005,0.0090797899,0.0108848311,0.0120218557,0.0134156140,0.0134272487,0.0133363788
2016-03-08,0.0043684395,0.0046819501,0.0058952924,0.0070291738,0.0080997921,0.0092617101,0.0110632332,0.0121653551,0.0130839028,0.0130897837,0.0128848639
2016-03-07,0.0043586642,0.0046989821,0.0058553207,0.0069382741,0.0079969048,0.0091632116,0.0109237161,0.0121035642,0.0130885366,0.0130943547,0.0130315937
2016-03-04,0.0041612229,0.0045419588,0.0057397418,0.0068796284,0.0079757026,0.0091572628,0.0109229316,0.0119980504,0.0128337096,0.0128331639,0.0126624826
2016-03-03,0.0041317921,0.0046422721,0.0058602108,0.0070278079,0.0081660188,0.0092946359,0.0110189446,0.0120687768,0.0126593313,0.0126580318,0.0126216470
2016-03-02,0.0044870188,0.0048107995,0.0060256201,0.0071647082,0.0082490620,0.0094089407,0.0111615320,0.0123048725,0.0129711311,0.0129714827,0.0128529381
2016-03-01,0.0050728889,0.0054121567,0.0066488301,0.0078200658,0.0089070327,0.0100646545,0.0118150185,0.0129724753,0.0135707246,0.0135686189,0.0134844659
2016-02-29,0.0056014216,0.0059411252,0.0072117825,0.0084165662,0.0095028476,0.0106606576,0.0123638702,0.0135638827,0.0141771878,0.0141732599,0.0141077975
2016-02-26,0.0057425136,0.0060813967,0.0073557866,0.0085424225,0.0096248012,0.0107837466,0.0124710754,0.0136542659,0.0143563801,0.0143547381,0.0142635842
2016-02-25,0.0065189219,0.0068444415,0.0080857106,0.0092484374,0.0103303223,0.0114990880,0.0132254889,0.0143819182,0.0152159822,0.0152235963,0.0150623234
2016-02-24,0.0061940148,0.0065426745,0.0078505159,0.0090893687,0.0101873037,0.0113622440,0.0130532762,0.0142322839,0.0150266410,0.0150163755,0.0148574400
2016-02-23,0.0053337390,0.0057151504,0.0069479460,0.0081288323,0.0092127150,0.0103762727,0.0120498923,0.0132233561,0.0137684488,0.0137646525,0.0137326751
2016-02-22,0.0049610182,0.0054431618,0.0066803186,0.0078576479,0.0089552034,0.0101169230,0.0117823042,0.0128945420,0.0133514999,0.0133444792,0.0132930677
2016-02-19,0.0053801881,0.0057429617,0.0069793417,0.0081679857,0.0092705822,0.0104140822,0.0120955655,0.0132666475,0.0139157923,0.0139064471,0.0137796648
2016-02-18,0.0047921372,0.0052426297,0.0064505632,0.0076499554,0.0088237656,0.0099680946,0.0117153057,0.0128820306,0.0132543416,0.0132527128,0.0132283370
2016-02-17,0.0050442127,0.0053911375,0.0066003165,0.0077479011,0.0088288930,0.0099791410,0.0116920334,0.0128443128,0.0138872751,0.0138933690,0.0136653880
2016-02-16,0.0055238037,0.0059514640,0.0071633179,0.0083140117,0.0094091445,0.0105727895,0.0122441026,0.0133208537,0.0143911456,0.0143977314,0.0142089093
2016-02-15,0.0059416712,0.0063049263,0.0076127931,0.0087778484,0.0098598308,0.0110239510,0.0127360621,0.0138529008,0.0148408508,0.0148497449,0.0146045594
2016-02-12,0.0067259334,0.0072042003,0.0084983926,0.0096526908,0.0107617277,0.0119095119,0.0135869189,0.0146738658,0.0156118214,0.0156217334,0.0155037819
2016-02-11,0.0079995919,0.0085028695,0.0098149757,0.0110055789,0.0121011582,0.0132623860,0.0149274895,0.0159950902,0.0164273850,0.0164039170,0.0164528748
2016-02-10,0.0064739798,0.0068669703,0.0083877219,0.0097612406,0.0108322514,0.0119733585,0.0136632537,0.0147992419,0.0148032957,0.0148045977,0.0149569631
2016-02-09,0.0074181253,0.0077687044,0.0090767862,0.0102433054,0.0113214449,0.0124791007,0.0141814918,0.0152903391,0.0154382759,0.0154246650,0.0155193845
2016-02-08,0.0066143321,0.0071684109,0.0085543723,0.0099136189,0.0110552840,0.0121937533,0.0137936598,0.0149939221,0.0152970894,0.0152845844,0.0153469687
2016-02-05,0.0051799375,0.0056360477,0.0069846527,0.0083072909,0.0094218664,0.0105534333,0.0121864784,0.0134537117,0.0136065800,0.0136012985,0.0136223251
2016-02-04,0.0047508822,0.0051991894,0.0065256732,0.0077991185,0.0088918660,0.0100680347,0.0117610102,0.0129841416,0.0130339834,0.0130245252,0.0131023730
2016-02-03,0.0043534567,0.0048312274,0.0061965998,0.0075086245,0.0085891473,0.0097625130,0.0114785701,0.0126847373,0.0127367760,0.0127645451,0.0127547598
2016-02-02,0.0041998474,0.0045498906,0.0057783470,0.0069522504,0.0080559361,0.0092647115,0.0110915035,0.0122226271,0.0125201816,0.0126266954,0.0125005992
2016-02-01,0.0035963826,0.0039488411,0.0051717852,0.0063250706,0.0074325247,0.0086445591,0.0104627511,0.0116135825,0.0121174366,0.0123211011,0.0122606467
2016-01-29,0.0031152056,0.0035049248,0.0047341023,0.0058768238,0.0069644909,0.0081858586,0.0099713077,0.0111236416,0.0113776871,0.0114731341,0.0114695341
2016-01-28,0.0029030396,0.0032623976,0.0045275503,0.0057523771,0.0068680576,0.0080679379,0.0098274779,0.0110696591,0.0110995073,0.0110999520,0.0111476841
2016-01-27,0.0026467095,0.0030445902,0.0043542416,0.0056241779,0.0067708411,0.0079590000,0.0095876747,0.0108878803,0.0108777066,0.0108760707,0.0109234674
2016-01-26,0.0026003090,0.0029830542,0.0042612168,0.0054602121,0.0065784848,0.0077262256,0.0094078481,0.0106577902,0.0106523618,0.0106398807,0.0107594275
2016-01-25,0.0023937076,0.0027749373,0.0040374902,0.0052199122,0.0063094959,0.0074711868,0.0091845694,0.0103898137,0.0103410327,0.0103396952,0.0104564864
2016-01-22,0.0021770479,0.0025541199,0.0038154178,0.0049963072,0.0060919973,0.0072809921,0.0090104755,0.0102161395,0.0102456243,0.0102453151,0.0103284218
2016-01-21,0.0027413767,0.0030343100,0.0042574665,0.0054390748,0.0065667048,0.0077147668,0.0095339331,0.0107143522,0.0107856095,0.0107864509,0.0107834600
2016-01-20,0.0028284584,0.0031857895,0.0045187111,0.0058112574,0.0069322017,0.0080753975,0.0098491742,0.0110528882,0.0110958808,0.0110952731,0.0111297564
2016-01-19,0.0026512890,0.0029839708,0.0042513938,0.0054453633,0.0065569830,0.0077058301,0.0094988415,0.0106738574,0.0108219072,0.0108230227,0.0108141950
2016-01-18,0.0027328261,0.0031401835,0.0044017112,0.0056120677,0.0067271292,0.0078916072,0.0095491744,0.0107194514,0.0111967174,0.0111964931,0.0111455369
2016-01-15,0.0026499986,0.0029804460,0.0042023958,0.0053786023,0.0064405760,0.0075711781,0.0093543462,0.0105412152,0.0105620048,0.0105620763,0.0105599890
2016-01-14,0.0022186000,0.0025266625,0.0036947051,0.0048304745,0.0058928935,0.0070289294,0.0087952758,0.0099905929,0.0100141953,0.0100138799,0.0100139637
2016-01-13,0.0018334888,0.0021529434,0.0032554291,0.0043506784,0.0054562238,0.0065754888,0.0082581057,0.0095204116,0.0095800640,0.0095804005,0.0095815828
2016-01-12,0.0019739802,0.0021660208,0.0032797584,0.0043687282,0.0054582324,0.0065826345,0.0083800938,0.0095099363,0.0096269102,0.0096257588,0.0096275627
2016-01-11,0.0018989007,0.0021321355,0.0032840141,0.0043757191,0.0054275697,0.0065791605,0.0084090212,0.0095107267,0.0095615997,0.0095601776,0.0095619727
2016-01-08,0.0021474788,0.0024162816,0.0035441264,0.0046415904,0.0056887976,0.0068333421,0.0086824051,0.0097849798,0.0097409941,0.0097401931,0.0097746195
2016-01-07,0.0022692917,0.0025835999,0.0037084435,0.0047946162,0.0058492182,0.0069679164,0.0087947450,0.0099611893,0.0099345882,0.0099339261,0.0100202492
2016-01-06,0.0023980142,0.0027625045,0.0038803789,0.0049526870,0.0060141627,0.0071051410,0.0089085385,0.0101405719,0.0101320298,0.0101315125,0.0102720513
2016-01-05,0.0024042674,0.0026979724,0.0038417813,0.0049124980,0.0059668410,0.0070606779,0.0089311658,0.0100713407,0.0100521955,0.0100517763,0.0102122666
2016-01-04,0.0025559764,0.0028844070,0.0040314274,0.0051109130,0.0061410694,0.0072522971,0.0090970131,0.0102821367,0.0102995424,0.0102988802,0.0104297591
2016-01-01,0.0023686195,0.0026209141,0.0037720254,0.0048633500,0.0059146716,0.0070517504,0.0088706921,0.0100139812,0.0101015350,0.0101013541,0.0101010709
2015-12-31,0.0023686038,0.0026208613,0.0037720312,0.0048634196,0.0059147769,0.0070518752,0.0088707499,0.0100139801,0.0101015340,0.0101013541,0.0101010748
2015-12-30,0.0022719972,0.0025852639,0.0037209303,0.0048074254,0.0058693737,0.0069902411,0.0087820842,0.0099527072,0.0100538796,0.0100533919,0.0100533659
2015-12-29,0.0023815070,0.0026662751,0.0037644999,0.0048408533,0.0059091494,0.0069752067,0.0088781497,0.0099848915,0.0100016908,0.0100014201,0.0100752920
2015-12-28,0.0023929154,0.0027171660,0.0038272472,0.0048603870,0.0059408401,0.0071169109,0.0089595646,0.0100884432,0.0100985217,0.0100987678,0.0100984319
2015-12-25,0.0023928793,0.0027171406,0.0038272459,0.0048604013,0.0059408573,0.0071169040,0.0089594004,0.0100884400,0.0100985179,0.0100987677,0.0100984317
2015-12-24,0.0023928771,0.0027171484,0.0038272643,0.0048604248,0.0059408835,0.0071169357,0.0089594143,0.0100884373,0.0100985127,0.0100987627,0.0100984175
2015-12-23,0.0023502452,0.0027224544,0.0038362841,0.0048863342,0.0059577069,0.0071226517,0.0088935479,0.0100991720,0.0100977377,0.0100978650,0.0100975868
2015-12-22,0.0023744172,0.0027943290,0.0039053856,0.0049808999,0.0060194869,0.0071837336,0.0088873826,0.0101489813,0.0101656126,0.0101653481,0.0101653725
2015-12-21,0.0023889971,0.0028091307,0.0039074632,0.0049858072,0.0060389463,0.0071897244,0.0088909277,0.0101304635,0.0101314561,0.0101309596,0.0101306248
2015-12-18,0.0024160938,0.0028104408,0.0038657918,0.0049141575,0.0060004777,0.0071445696,0.0088757453,0.0100557580,0.0100369394,0.0100371944,0.0100366669
2015-12-17,0.0022902694,0.0026784292,0.0037001972,0.0047341005,0.0058533097,0.0069754905,0.0086741092,0.0098755681,0.0098865467,0.0098865477,0.0098869066
2015-12-16,0.0023513290,0.0027691938,0.0038098553,0.0048610394,0.0059606918,0.0070622156,0.0086820187,0.0099437644,0.0099870822,0.0099870087,0.0100092200
2015-12-15,0.0023464190,0.0028116639,0.0038844529,0.0049224886,0.0059928343,0.0071518275,0.0087781152,0.0100391748,0.0101285909,0.0101615205,0.0101703291
2015-12-14,0.0027159023,0.0031023967,0.0041983238,0.0052948049,0.0063693618,0.0075057457,0.0092240242,0.0103685400,0.0104642696,0.0104894555,0.0105119949
2015-12-11,0.0025280678,0.0029839717,0.0040454276,0.0050939796,0.0061834475,0.0073566018,0.0090151625,0.0101992377,0.0104921887,0.0106231207,0.0107498394
2015-12-10,0.0020452428,0.0024742030,0.0035129482,0.0045169559,0.0056021874,0.0067999735,0.0084676758,0.0096091102,0.0097413961,0.0098021214,0.0098779845
2015-12-09,0.0019065738,0.0023779224,0.0034079076,0.0044086389,0.0054873802,0.0066356956,0.0083147240,0.0095189009,0.0095096489,0.0095099057,0.0095438339
2015-12-08,0.0017788641,0.0022478440,0.0033038349,0.0043138066,0.0053776735,0.0065250155,0.0081594903,0.0093595051,0.0093511867,0.0093640928,0.0094612330
2015-12-07,0.0017426582,0.0021248899,0.0031241096,0.0041104502,0.0052061310,0.0063193798,0.0079410840,0.0091372653,0.0091038622,0.0091027235,0.0092067769
2015-12-04,0.0017550167,0.0022191018,0.0032254100,0.0041879416,0.0052677095,0.0064327703,0.0081045207,0.0093345760,0.0093818702,0.0093823677,0.0093833360
2015-12-03,0.0016570830,0.0021049638,0.0030798219,0.0040263365,0.0051164272,0.0063022407,0.0079681898,0.0091326080,0.0092705619,0.0092723335,0.0092752957
2015-12-02,0.0013337449,0.0017325177,0.0028095494,0.0038520071,0.0049657500,0.0061220605,0.0077589846,0.0088482964,0.0093072203,0.0093055624,0.0093033864
2015-12-01,0.0017626312,0.0021836683,0.0032576248,0.0042852334,0.0053772451,0.0065241599,0.0081059390,0.0091798170,0.0092539596,0.0092551041,0.0092571924
2015-11-30,0.0019018488,0.0023558982,0.0033448364,0.0042954367,0.0054493164,0.0065735252,0.0080510886,0.0092362879,0.0094193827,0.0094205305,0.0094495456
2015-11-27,0.0017897442,0.0022179164,0.0032981234,0.0043684172,0.0055080171,0.0066173599,0.0081903205,0.0093629118,0.0096079852,0.0096077916,0.0095579760
2015-11-26,0.0018770843,0.0023466015,0.0033518548,0.0043919079,0.0055212072,0.0066788295,0.0083063786,0.0095426142,0.0098059305,0.0098053796,0.0097704337
2015-11-25,0.0019501630,0.0023897545,0.0034169237,0.0044590751,0.0056299131,0.0067875893,0.0083925992,0.0095708216,0.0101900801,0.0101891129,0.0100913558
2015-11-24,0.0019907565,0.0024170744,0.0034689257,0.0044931713,0.0057073369,0.0068957198,0.0084693845,0.0094498917,0.0101310987,0.0101306277,0.0101295858
2015-11-23,0.0018801639,0.0023301281,0.0033766183,0.0044178863,0.0055892977,0.0067092530,0.0082537870,0.0094581311,0.0100949059,0.0100939840,0.0100692600
2015-11-20,0.0017230719,0.0021699917,0.0032281272,0.0043514117,0.0055284124,0.0066353619,0.0082689953,0.0094100611,0.0100628782,0.0100954104,0.0100940940
2015-11-19,0.0018345372,0.0023094332,0.0033322746,0.0044209179,0.0055504460,0.0066061184,0.0082345803,0.0093405739,0.0100725126,0.0101713889,0.0102252051
2015-11-18,0.0018702966,0.0023064820,0.0033572863,0.0044312628,0.0056012864,0.0067605082,0.0083968260,0.0095786238,0.0102391370,0.0102386045,0.0101247946
2015-11-17,0.0019845435,0.0023974795,0.0034409804,0.0044595581,0.0056569393,0.0068395607,0.0084349906,0.0094274158,0.0100652005,0.0100646553,0.0100636664
2015-11-16,0.0022666494,0.0026867871,0.0037612230,0.0048015503,0.0060036139,0.0071946694,0.0087554228,0.0097394298,0.0104220096,0.0104215848,0.0104203743
2015-11-13,0.0022454641,0.0026776024,0.0037471430,0.0047891316,0.0059904502,0.0072007971,0.0087418050,0.0097661542,0.0104219490,0.0104214882,0.0104201965
2015-11-12,0.0022172776,0.0026597162,0.0037403856,0.0047532428,0.0059528159,0.0071319739,0.0085928878,0.0096826241,0.0103246908,0.0103243549,0.0102922944
2015-11-11,0.0019172116,0.0023517116,0.0033878501,0.0044223926,0.0056088100,0.0067964593,0.0083629012,0.0093477379,0.0099673841,0.0099671894,0.0099668522
2015-11-10,0.0018903224,0.0023211572,0.0033661524,0.0044071162,0.0055866746,0.0067617904,0.0083276524,0.0093412489,0.0098533796,0.0098530984,0.0098527359
2015-11-09,0.0017049008,0.0021478096,0.0031393659,0.0041307208,0.0053262101,0.0065651531,0.0081465113,0.0090917016,0.0095727121,0.0095719902,0.0095711109
2015-11-06,0.0015976729,0.0020536280,0.0030738494,0.0040883203,0.0052402829,0.0064007032,0.0080162747,0.0090196117,0.0090836751,0.0090854260,0.0090891488
2015-11-05,0.0017195346,0.0021715116,0.0031398988,0.0041417423,0.0052903219,0.0064344639,0.0080833637,0.0091279030,0.0093869346,0.0093873739,0.0093228552
2015-11-04,0.0015653075,0.0020109781,0.0030770125,0.0041102082,0.0052827805,0.0064219930,0.0079743926,0.0090568042,0.0099012605,0.0098999922,0.0097114674
2015-11-03,0.0017396295,0.0021812002,0.0032106658,0.0041391071,0.0053256864,0.0064466056,0.0080113428,0.0090353656,0.0099923036,0.0099919323,0.0097772690
2015-11-02,0.0018074557,0.0022605913,0.0032861590,0.0043305596,0.0054942085,0.0066035577,0.0081468257,0.0092133806,0.0097407163,0.0097398190,0.0097386205
2015-10-30,0.0017949958,0.0022732163,0.0032986782,0.0043179412,0.0054816607,0.0065911220,0.0081467215,0.0092131622,0.0097408442,0.0097400709,0.0097391265
2015-10-29,0.0022315032,0.0026913433,0.0035948463,0.0043968011,0.0055438211,0.0066327585,0.0082504837,0.0094903016,0.0099253063,0.0099381367,0.0099077753
2015-10-28,0.0022739829,0.0027369124,0.0036700237,0.0044763740,0.0056057727,0.0067052730,0.0082916271,0.0095166418,0.0098451798,0.0098714337,0.0098121619
2015-10-27,0.0023080381,0.0028063628,0.0037299702,0.0046134158,0.0057104256,0.0067546683,0.0083250671,0.0094776336,0.0097592398,0.0098598027,0.0098938710
2015-10-26,0.0019861476,0.0024382346,0.0034604700,0.0043783480,0.0055231684,0.0066215590,0.0081822267,0.0093529373,0.0097090070,0.0097084064,0.0096804484
2015-10-23,0.0019595082,0.0024107827,0.0034480522,0.0043956300,0.0055550743,0.0066530828,0.0082024366,0.0093189600,0.0100606555,0.0100595225,0.0099501897
2015-10-22,0.0024370867,0.0028999809,0.0038951150,0.0048052900,0.0059681064,0.0070832484,0.0086228908,0.0096692396,0.0103812642,0.0103795696,0.0103759212
2015-10-21,0.0027317414,0.0032218534,0.0041770585,0.0050690013,0.0061832632,0.0072634503,0.0088971157,0.0101085958,0.0106088075,0.0107642866,0.0110198535
2015-10-20,0.0026381370,0.0031431630,0.0042368966,0.0052737197,0.0063767596,0.0074548685,0.0090490408,0.0102073163,0.0108236581,0.0109797577,0.0111115851
2015-10-19,0.0028820981,0.0033556135,0.0043905407,0.0053238315,0.0064624710,0.0075591194,0.0090782887,0.0101468022,0.0109431091,0.0110747322,0.0109938754
2015-10-16,0.0031381217,0.0035882458,0.0045754377,0.0054604688,0.0065928542,0.0077084186,0.0092541859,0.0103934657,0.0108372076,0.0109021051,0.0108855455
2015-10-15,0.0033077157,0.0037669199,0.0047402206,0.0056580103,0.0067558509,0.0078332982,0.0094326195,0.0106056906,0.0106915687,0.0106914072,0.0107373461
2015-10-14,0.0033270468,0.0037917381,0.0047648622,0.0056992476,0.0067972248,0.0078747749,0.0094575268,0.0106347941,0.0107408130,0.0107403047,0.0107684704
2015-10-13,0.0031280941,0.0035933316,0.0045997264,0.0055441727,0.0066575706,0.0077527314,0.0093083261,0.0104802720,0.0106429633,0.0106429625,0.0106757681
2015-10-12,0.0028447176,0.0033365156,0.0043621568,0.0053446932,0.0064556504,0.0075502004,0.0090842144,0.0102058157,0.0104850117,0.0104840056,0.0104184955
2015-10-09,0.0027862606,0.0032692535,0.0043479487,0.0053641181,0.0065286140,0.0076663075,0.0091638867,0.0102652854,0.0109133498,0.0109125292,0.0107934395
2015-10-08,0.0033012693,0.0037708604,0.0048098280,0.0057985806,0.0069015084,0.0079704404,0.0095018533,0.0106239983,0.0107316319,0.0107194798,0.0107911893
2015-10-07,0.0029803329,0.0034636439,0.0045019328,0.0054528608,0.0065764757,0.0076723862,0.0091761505,0.0102603909,0.0107741519,0.0107729791,0.0107166942
2015-10-06,0.0034291036,0.0039167794,0.0048934716,0.0058266613,0.0068923380,0.0079394925,0.0095066748,0.0106584568,0.0107533778,0.0107527844,0.0107725813
2015-10-05,0.0035212032,0.0039873149,0.0050336504,0.0060059885,0.0070950771,0.0081713009,0.0097118653,0.0108414076,0.0111855484,0.0111826692,0.0111891309
2015-10-02,0.0039866933,0.0044494163,0.0055126044,0.0064974568,0.0076021307,0.0087120715,0.0102293264,0.0113791513,0.0115112554,0.0115093352,0.0115723262
2015-10-01,0.0042893870,0.0047729065,0.0056973961,0.0066047425,0.0076621632,0.0087150731,0.0102915404,0.0114734432,0.0113801450,0.0113792778,0.0114975334
2015-09-30,0.0041242358,0.0046109961,0.0055988656,0.0065598226,0.0076142209,0.0086452299,0.0102088143,0.0113106705,0.0112719585,0.0112707987,0.0113239239
2015-09-29,0.0039680602,0.0044417036,0.0054556912,0.0064115221,0.0074977474,0.0085438282,0.0100808709,0.0112424903,0.0111115104,0.0111095292,0.0112426275
2015-09-28,0.0036782458,0.0041788204,0.0051359932,0.0060778868,0.0071274022,0.0081584571,0.0097134787,0.0108419957,0.0109811150,0.0110124031,0.0111136304
2015-09-25,0.0031059513,0.0036198714,0.0046384981,0.0056148098,0.0067095391,0.0077900807,0.0093532373,0.0104870763,0.0110259250,0.0111379965,0.0114798462
2015-09-24,0.0032416502,0.0036949052,0.0047264516,0.0056775874,0.0067854125,0.0078641219,0.0093829147,0.0104407656,0.0109682782,0.0109673560,0.0109647563
2015-09-23,0.0031099819,0.0035742412,0.0045353733,0.0054464594,0.0065259945,0.0075805718,0.0091265112,0.0101997883,0.0102610147,0.0102606879,0.0102932996
2015-09-22,0.0031998652,0.0036626186,0.0046283227,0.0055437149,0.0066428245,0.0077012124,0.0092426403,0.0103442886,0.0103605157,0.0103599468,0.0104505783
2015-09-21,0.0028090050,0.0032967193,0.0042406504,0.0051133345,0.0061880734,0.0072376375,0.0087714982,0.0098839529,0.0100367121,0.0100698011,0.0101231174
2015-09-18,0.0024903415,0.0029795295,0.0039303811,0.0047863893,0.0058836237,0.0069364947,0.0084777770,0.0097097413,0.0099756633,0.0100717018,0.0101495343
2015-09-17,0.0025104022,0.0030211260,0.0038951899,0.0047819163,0.0058284478,0.0068300998,0.0084263230,0.0096316673,0.0099783760,0.0101042375,0.0101390805
2015-09-16,0.0024298052,0.0029186515,0.0038684388,0.0047884923,0.0058992623,0.0069641014,0.0085326419,0.0097387637,0.0102995571,0.0104267549,0.0104416342
2015-09-15,0.0027150478,0.0032466409,0.0041155776,0.0050188087,0.0060561207,0.0070748826,0.0086567023,0.0098476679,0.0102239398,0.0102431315,0.0100438652
2015-09-14,0.0026745795,0.0030798240,0.0040777074,0.0050533301,0.0061623039,0.0072536119,0.0088587738,0.0100329154,0.0104414979,0.0105716243,0.0105832696
2015-09-11,0.0028171929,0.0032435464,0.0041985029,0.0051241712,0.0062262213,0.0072964972,0.0089093501,0.0101474073,0.0104904720,0.0106287542,0.0106230857
2015-09-10,0.0027671525,0.0031935177,0.0041484299,0.0050740655,0.0061808337,0.0072606306,0.0088595377,0.0100839544,0.0104044286,0.0105346726,0.0105534261
2015-09-09,0.0024510525,0.0029403036,0.0038745080,0.0047861549,0.0059276634,0.0070367909,0.0086002779,0.0097285701,0.0100755148,0.0101787837,0.0102099561
2015-09-08,0.0026564743,0.0031141149,0.0040903856,0.0050453644,0.0062112739,0.0073505972,0.0088754254,0.0099741433,0.0104626810,0.0104619414,0.0104407492
2015-09-07,0.0028927048,0.0032690486,0.0042642911,0.0052625822,0.0063960799,0.0075168716,0.0090885964,0.0102220221,0.0107440517,0.0107431132,0.0107032540
2015-09-04,0.0029180890,0.0033012210,0.0043253045,0.0053247307,0.0064769560,0.0075996057,0.0091560912,0.0102882216,0.0108205692,0.0108184949,0.0107500506
2015-09-03,0.0026100788,0.0030720592,0.0040968019,0.0050995758,0.0062371244,0.0073698535,0.0088993716,0.0100001597,0.0110718824,0.0110731445,0.0108044392
2015-09-02,0.0028404050,0.0031862247,0.0042288900,0.0052533526,0.0064328251,0.0075813049,0.0091538246,0.0102799229,0.0108928423,0.0108918931,0.0108080851
2015-09-01,0.0029490427,0.0033275876,0.0043558500,0.0053323892,0.0065072119,0.0076611348,0.0092083783,0.0103139874,0.0107502455,0.0107488816,0.0107298546
2015-08-31,0.0027537760,0.0030889425,0.0040972454,0.0050137134,0.0061468502,0.0072533268,0.0088337560,0.0100578524,0.0101724585,0.0101717993,0.0102421404
2015-08-28,0.0027537313,0.0030889088,0.0040971522,0.0050136208,0.0061469095,0.0072535849,0.0088343525,0.0100579346,0.0101721425,0.0101713409,0.0102404177
2015-08-27,0.0024779548,0.0028674260,0.0038810206,0.0048264580,0.0059729524,0.0071299895,0.0087069486,0.0098027068,0.0099870115,0.0100534320,0.0100861077
2015-08-26,0.0028104423,0.0032470875,0.0042848950,0.0052784538,0.0064292927,0.0075657760,0.0091953554,0.0103137317,0.0107019264,0.0108582778,0.0108968323
2015-08-25,0.0029180921,0.0033825971,0.0044129015,0.0054577931,0.0066571309,0.0078252247,0.0095369655,0.0106986218,0.0112478564,0.0113643399,0.0113476695
2015-08-24,0.0032630458,0.0038215291,0.0048301014,0.0058092850,0.0069892165,0.0081886194,0.0098577969,0.0110875632,0.0117819533,0.0119872292,0.0120073087
2015-08-21,0.0028338743,0.0033124169,0.0043565799,0.0053998187,0.0065458168,0.0077303435,0.0094714210,0.0106360966,0.0112341357,0.0114333533,0.0115246150
2015-08-20,0.0029547388,0.0033590117,0.0043354955,0.0052687862,0.0063618420,0.0074388447,0.0091170901,0.0103029503,0.0105055317,0.0106506899,0.0109762175
2015-08-19,0.0026117772,0.0031498020,0.0041134427,0.0050518901,0.0061720837,0.0073359200,0.0089765576,0.0100817570,0.0106855596,0.0108816489,0.0109613388
2015-08-18,0.0025432024,0.0029548468,0.0039472033,0.0048497449,0.0059004860,0.0070163420,0.0086451222,0.0097783193,0.0101580532,0.0103721316,0.0105253818
2015-08-17,0.0024455765,0.0028615496,0.0038954546,0.0048475455,0.0059079682,0.0070416618,0.0086422817,0.0097262875,0.0101977313,0.0104014684,0.0105538845
2015-08-14,0.0023516982,0.0027711982,0.0038443844,0.0048453471,0.0059154599,0.0070670730,0.0086394421,0.0096745326,0.0102375643,0.0104308881,0.0105824644
2015-08-13,0.0025103250,0.0030477475,0.0039695251,0.0048783888,0.0059475608,0.0070749044,0.0086339377,0.0097048369,0.0103506931,0.0106175274,0.0106510056
2015-08-12,0.0026002585,0.0031591074,0.0041351203,0.0050768572,0.0062090661,0.0074035110,0.0089358372,0.0100170395,0.0106514984,0.0109279489,0.0109167279
2015-08-11,0.0025341280,0.0030660438,0.0040333808,0.0049615339,0.0060724665,0.0072473539,0.0087735830,0.0098514798,0.0104136146,0.0106819292,0.0107157292
2015-08-10,0.0023355251,0.0028804655,0.0038038456,0.0046927421,0.0058044494,0.0069753726,0.0084759692,0.0095367340,0.0100848670,0.0103468995,0.0103979926
2015-08-07,0.0024515863,0.0028454092,0.0038940945,0.0048993464,0.0059862100,0.0070797568,0.0086655607,0.0097443353,0.0101559654,0.0103487912,0.0103346581
2015-08-06,0.0023553640,0.0027833888,0.0037782021,0.0047127838,0.0058252644,0.0070117088,0.0085381976,0.0095798714,0.0098473005,0.0099924087,0.0100262041
2015-08-05,0.0023307314,0.0027784069,0.0037642676,0.0046955587,0.0058041739,0.0069687716,0.0085007807,0.0095277891,0.0098649564,0.0100330584,0.0100568779
2015-08-04,0.0024993375,0.0030494658,0.0039971667,0.0048985907,0.0059896693,0.0071443566,0.0086478260,0.0097271408,0.0102864901,0.0105524647,0.0105930267
2015-08-03,0.0024109876,0.0028417879,0.0037941906,0.0046861126,0.0057197997,0.0067942146,0.0083520349,0.0094857737,0.0099805602,0.0101918057,0.0103742618
2015-07-31,0.0026044251,0.0030100734,0.0039194640,0.0047676533,0.0058823887,0.0069711452,0.0084986594,0.0096123321,0.0098235613,0.0099235748,0.0099688627
2015-07-30,0.0026320354,0.0031924686,0.0040925657,0.0049498338,0.0060094959,0.0071216993,0.0086295603,0.0097839825,0.0103208514,0.0106443437,0.0109721966
2015-07-29,0.0026386728,0.0030612682,0.0040023619,0.0048975938,0.0059807742,0.0070588614,0.0086122550,0.0097110565,0.0101105310,0.0102748058,0.0103279734
2015-07-28,0.0025774648,0.0030423123,0.0039795893,0.0048731883,0.0059559342,0.0070738708,0.0086279793,0.0097243205,0.0101793553,0.0103790877,0.0105680711
2015-07-27,0.0026492095,0.0031095516,0.0040932164,0.0049963291,0.0060929592,0.0072321193,0.0087251498,0.0098257913,0.0102696435,0.0104657162,0.0106289019
2015-07-24,0.0023625065,0.0028753240,0.0038127328,0.0046761258,0.0057219702,0.0068146795,0.0082635933,0.0094091396,0.0100429461,0.0104022892,0.0107014358
2015-07-23,0.0023117245,0.0028132223,0.0037077497,0.0045308086,0.0056143456,0.0066207313,0.0081136700,0.0092613895,0.0096998341,0.0099844274,0.0102025993
2015-07-22,0.0023093742,0.0028368567,0.0037486650,0.0045639369,0.0056749079,0.0067631207,0.0082578101,0.0093118201,0.0097421602,0.0099416423,0.0101446113
2015-07-21,0.0021217608,0.0025607415,0.0035236939,0.0044191635,0.0055074705,0.0065924725,0.0081385533,0.0091522951,0.0094574695,0.0096154470,0.0097546055
2015-07-20,0.0018819326,0.0022350797,0.0032501137,0.0041537126,0.0052492209,0.0063096015,0.0078527318,0.0089365539,0.0090364896,0.0090881718,0.0091867745
2015-07-17,0.0020463308,0.0024923863,0.0033606260,0.0041752148,0.0052313761,0.0062836553,0.0078398310,0.0088708580,0.0089905072,0.0090835054,0.0092623124
2015-07-16,0.0021912706,0.0025923003,0.0035005814,0.0043570772,0.0054315570,0.0065222161,0.0081100874,0.0091799355,0.0092977259,0.0093326064,0.0094305089
2015-07-15,0.0024826461,0.0029088608,0.0038805888,0.0047714710,0.0058460163,0.0069518239,0.0085538490,0.0096039708,0.0098447279,0.0099776707,0.0100774356
2015-07-14,0.0024904669,0.0029490773,0.0039279082,0.0048508567,0.0059363243,0.0070618030,0.0086445688,0.0096489819,0.0098671798,0.0099674946,0.0100687175
2015-07-13,0.0025344270,0.0029966675,0.0039562681,0.0048459872,0.0059461961,0.0070995927,0.0086501966,0.0097098506,0.0098307937,0.0099312213,0.0100412767
2015-07-10,0.0028840476,0.0033123829,0.0043364580,0.0052812989,0.0064442393,0.0076253731,0.0092298888,0.0103136496,0.0107857333,0.0108662073,0.0108481931
2015-07-09,0.0036395170,0.0041035633,0.0051699026,0.0061692774,0.0073433332,0.0085364530,0.0101989934,0.0112752110,0.0116691914,0.0117576194,0.0117866301
2015-07-08,0.0036757902,0.0041978796,0.0053513683,0.0064630126,0.0076280940,0.0088589619,0.0105698121,0.0115761434,0.0118650181,0.0119762236,0.0120589790
2015-07-07,0.0042254826,0.0047293520,0.0057516427,0.0067360831,0.0078182174,0.0089831062,0.0106354595,0.0117196350,0.0121352946,0.0122863782,0.0123028757
2015-07-06,0.0040989561,0.0045379951,0.0056966612,0.0068468929,0.0078959136,0.0089946866,0.0105782671,0.0116097847,0.0118714586,0.0119581709,0.0120235352
2015-07-03,0.0039750080,0.0043305827,0.0054364366,0.0064724790,0.0075382110,0.0086306946,0.0102125957,0.0113005220,0.0115024446,0.0115010355,0.0114998288
2015-07-02,0.0037192905,0.0040734670,0.0050557665,0.0060861998,0.0072127768,0.0083334237,0.0100230603,0.0110470058,0.0114667856,0.0115318358,0.0115521799
2015-07-01,0.0034718129,0.0039624798,0.0050010574,0.0059811229,0.0071596598,0.0083373002,0.0099197505,0.0109731075,0.0113799692,0.0115534242,0.0117199498
2015-06-30,0.0036951776,0.0042252837,0.0052890938,0.0063522354,0.0074827370,0.0086711096,0.0102586058,0.0112676890,0.0116880392,0.0118629174,0.0120548558
2015-06-29,0.0039208570,0.0043634933,0.0054780480,0.0065633620,0.0076873720,0.0088111290,0.0103704111,0.0114397046,0.0117206449,0.0117783036,0.0118323470
2015-06-26,0.0028932484,0.0034052046,0.0044399616,0.0054588851,0.0064757474,0.0075594904,0.0091177458,0.0100978138,0.0102806109,0.0103850543,0.0104834151
2015-06-25,0.0031681194,0.0036669631,0.0046658879,0.0056639799,0.0066831641,0.0077340305,0.0093385715,0.0103300342,0.0104689757,0.0105495558,0.0106879222
2015-06-24,0.0033497197,0.0037729926,0.0047720179,0.0057437368,0.0067694030,0.0078295788,0.0093864439,0.0104847715,0.0105304534,0.0105324575,0.0106332109
2015-06-23,0.0027382688,0.0031451241,0.0041470063,0.0051092037,0.0062083387,0.0073138167,0.0089607993,0.0101007898,0.0104972350,0.0105865924,0.0106525265
2015-06-22,0.0031129867,0.0035434890,0.0045772545,0.0055601778,0.0066557289,0.0077553411,0.0093905241,0.0105277460,0.0109609421,0.0110531771,0.0110573645
2015-06-19,0.0037058770,0.0041055260,0.0051783687,0.0062820708,0.0073159204,0.0083552758,0.0099861307,0.0110257015,0.0112195786,0.0112898969,0.0113474639
2015-06-18,0.0041410206,0.0045677709,0.0056219782,0.0066416159,0.0076474163,0.0086582109,0.0101681913,0.0112331212,0.0115125086,0.0115112324,0.0115236950
2015-06-17,0.0040793827,0.0044689371,0.0053872227,0.0063335736,0.0073375820,0.0083731439,0.0098781656,0.0109937183,0.0112305276,0.0112308337,0.0112323452
2015-06-16,0.0037575039,0.0041373745,0.0051353566,0.0061567907,0.0071486566,0.0081297460,0.0096547152,0.0107133854,0.0109281884,0.0109450859,0.0109985136
2015-06-15,0.0034572041,0.0038774736,0.0048775183,0.0059160942,0.0069178042,0.0079287514,0.0094479739,0.0104905882,0.0107600852,0.0108296071,0.0109149568
2015-06-12,0.0030579585,0.0034525095,0.0044125015,0.0054077015,0.0064065343,0.0074092859,0.0089177890,0.0099722042,0.0102494480,0.0103122864,0.0103565954
2015-06-11,0.0029900770,0.0033199798,0.0042017968,0.0051070825,0.0061098457,0.0071332324,0.0085754909,0.0096395368,0.0100369015,0.0100894106,0.0101233953
2015-06-10,0.0027917855,0.0033331095,0.0042497358,0.0051737992,0.0061887435,0.0072458392,0.0087038775,0.0097554356,0.0103571541,0.0105468129,0.0107053326
2015-06-09,0.0029863810,0.0034765809,0.0043969418,0.0052631788,0.0062916131,0.0073591874,0.0087014314,0.0097896331,0.0103369336,0.0104709423,0.0105950645
2015-06-08,0.0029753506,0.0034533803,0.0043785671,0.0052724451,0.0062783078,0.0072936557,0.0086798241,0.0097343433,0.0100063719,0.0101134316,0.0102354251
2015-06-05,0.0029357528,0.0033446307,0.0042974372,0.0052355325,0.0062235782,0.0072163351,0.0086580329,0.0096997787,0.0099845042,0.0100721774,0.0101576454
2015-06-04,0.0028673075,0.0031980270,0.0041066690,0.0049881798,0.0060165076,0.0069648892,0.0084642129,0.0094951627,0.0096265022,0.0096633553,0.0097498819
2015-06-03,0.0023991933,0.0028647974,0.0038406361,0.0048298948,0.0058686580,0.0068149645,0.0083071434,0.0092862998,0.0097844081,0.0099024043,0.0099434412
2015-06-02,0.0025905838,0.0030443989,0.0039661966,0.0048589235,0.0058851509,0.0068995275,0.0082817031,0.0092835138,0.0097886067,0.0099207754,0.0100496982
2015-06-01,0.0029678746,0.0033201737,0.0042297295,0.0051541302,0.0061780522,0.0071784021,0.0086153382,0.0096024493,0.0100370816,0.0101160487,0.0101976185
2015-05-29,0.0028308556,0.0032661934,0.0041944245,0.0050789870,0.0060865022,0.0071016251,0.0084704012,0.0095013173,0.0099569881,0.0100634917,0.0101808959
2015-05-28,0.0026732477,0.0031465267,0.0040663479,0.0049816014,0.0060042958,0.0070193430,0.0083997740,0.0094263479,0.0097904521,0.0099506926,0.0101274257
2015-05-27,0.0025859715,0.0030499212,0.0039682173,0.0048848509,0.0058921274,0.0068910478,0.0082573046,0.0092573781,0.0097494466,0.0098812731,0.0100103493
2015-05-26,0.0028122357,0.0032703659,0.0042407489,0.0051736267,0.0061947672,0.0071583559,0.0085119038,0.0095318078,0.0098975789,0.0099852377,0.0100658424
2015-05-25,0.0026267652,0.0030998225,0.0040577930,0.0049848333,0.0059862017,0.0069278368,0.0082773900,0.0093023863,0.0095430776,0.0096470681,0.0097405229
2015-05-22,0.0026270405,0.0031001847,0.0040580993,0.0049852187,0.0059869552,0.0069288345,0.0082785204,0.0093036791,0.0095452133,0.0096493542,0.0097434479
2015-05-21,0.0026460999,0.0030515900,0.0040052564,0.0049550133,0.0059736742,0.0069213871,0.0083164945,0.0093122424,0.0097257575,0.0098385823,0.0099481595
2015-05-20,0.0028294377,0.0031567858,0.0040578932,0.0049932396,0.0059884814,0.0069601182,0.0083660417,0.0093473690,0.0097573981,0.0098345005,0.0098943452
2015-05-19,0.0028093975,0.0031567423,0.0040778933,0.0049934160,0.0059887883,0.0069605414,0.0083664807,0.0093477590,0.0097382017,0.0097954508,0.0098758345
2015-05-18,0.0028519481,0.0032802871,0.0042058129,0.0051704738,0.0061401029,0.0070855284,0.0084740805,0.0094854944,0.0097656198,0.0097871510,0.0098071543
2015-05-15,0.0025604586,0.0029107162,0.0038031414,0.0047130767,0.0056985385,0.0066811370,0.0080814113,0.0090571579,0.0093478411,0.0094182648,0.0095175255
2015-05-14,0.0024778967,0.0029080938,0.0038071653,0.0047255333,0.0057092932,0.0067051269,0.0080921534,0.0090694024,0.0095418078,0.0096174636,0.0096941496
2015-05-13,0.0024534243,0.0029260201,0.0038303291,0.0047440657,0.0057331977,0.0067688647,0.0081357963,0.0091220219,0.0097245044,0.0098438531,0.0099687286
2015-05-12,0.0023740900,0.0029495222,0.0039166497,0.0048185869,0.0058380122,0.0068580689,0.0082259752,0.0092421317,0.0100194796,0.0102177827,0.0104167917
2015-05-11,0.0023692841,0.0028040462,0.0037772877,0.0047133996,0.0057454366,0.0066965024,0.0080808873,0.0090648894,0.0095577903,0.0096867853,0.0098123304
2015-05-08,0.0023783264,0.0028634598,0.0038202646,0.0047228716,0.0057373510,0.0066979095,0.0080601004,0.0090740834,0.0095044497,0.0096177399,0.0097468511
2015-05-07,0.0027125855,0.0031670035,0.0041016434,0.0049547525,0.0059159826,0.0068833843,0.0082518213,0.0093045362,0.0094445141,0.0094485093,0.0094829483
2015-05-06,0.0026735825,0.0030474782,0.0039482507,0.0048632052,0.0058380303,0.0068295603,0.0082355962,0.0092172554,0.0096134584,0.0096834279,0.0097616666
2015-05-05,0.0023942103,0.0028819278,0.0038258170,0.0046853810,0.0056505581,0.0066138983,0.0079770684,0.0090285561,0.0093715183,0.0094392698,0.0094998796
2015-05-04,0.0022060377,0.0025942400,0.0035122973,0.0044046669,0.0054083196,0.0063461639,0.0077390091,0.0087631846,0.0091991577,0.0092120550,0.0092086137
2015-05-01,0.0022060399,0.0025942398,0.0035122907,0.0044046781,0.0054083426,0.0063461824,0.0077390117,0.0087631923,0.0091991797,0.0092120903,0.0092086707
2015-04-30,0.0022738413,0.0026880547,0.0035836890,0.0044581859,0.0054274298,0.0063891269,0.0077587473,0.0087917378,0.0091245580,0.0091520433,0.0091748945
2015-04-29,0.0021814142,0.0027074934,0.0036033412,0.0044924270,0.0054711624,0.0064361921,0.0077979931,0.0087936483,0.0092336559,0.0093107823,0.0094096413
2015-04-28,0.0021165750,0.0025621860,0.0034866207,0.0043930529,0.0053807066,0.0063386599,0.0077285564,0.0087528987,0.0090133947,0.0090368053,0.0090774470
2015-04-27,0.0020420042,0.0026208813,0.0035354433,0.0044164017,0.0053596537,0.0063368623,0.0076856204,0.0087044215,0.0090008086,0.0091371112,0.0092646242
2015-04-24,0.0022481923,0.0027400487,0.0036867838,0.0045558556,0.0055373190,0.0065001160,0.0078645357,0.0089319116,0.0090946900,0.0091764089,0.0092904636
2015-04-23,0.0021499192,0.0026167514,0.0035770627,0.0044687162,0.0054408594,0.0064156521,0.0078523271,0.0089367566,0.0088806529,0.0088877086,0.0090517626
2015-04-22,0.0022853263,0.0028229541,0.0037763676,0.0046260067,0.0055948990,0.0065785401,0.0079623258,0.0090394245,0.0091944392,0.0092984713,0.0093916909
2015-04-21,0.0025046598,0.0029915325,0.0039752273,0.0048867374,0.0058497380,0.0068175173,0.0082420870,0.0093172422,0.0092705341,0.0092767092,0.0092798381
2015-04-20,0.0023999439,0.0029193593,0.0038804109,0.0047777516,0.0057940702,0.0067813699,0.0082492238,0.0093248478,0.0095036074,0.0096083078,0.0097030922
2015-04-17,0.0025243295,0.0030464771,0.0040065872,0.0048867226,0.0058704875,0.0068560560,0.0082929600,0.0093768387,0.0094777445,0.0095842291,0.0097362456
2015-04-16,0.0022523441,0.0027701015,0.0037045266,0.0045732709,0.0055518045,0.0065402678,0.0079761407,0.0090550496,0.0091309518,0.0092283885,0.0093649271
2015-04-15,0.0017757980,0.0022239710,0.0031112655,0.0039910769,0.0049684483,0.0059427593,0.0074310419,0.0085383042,0.0085261063,0.0085328386,0.0085777605
2015-04-14,0.0016564481,0.0021476635,0.0030743243,0.0039257370,0.0048962949,0.0058766745,0.0073609946,0.0084510168,0.0083866446,0.0083940695,0.0085675265
2015-04-13,0.0013526628,0.0018896173,0.0028060542,0.0036536181,0.0046294801,0.0056234192,0.0071414582,0.0082669515,0.0082294158,0.0082344186,0.0083923720
2015-04-10,0.0013407902,0.0018682418,0.0027751409,0.0036324012,0.0046083728,0.0055881571,0.0071159417,0.0082466521,0.0082289775,0.0082337253,0.0083539369
2015-04-09,0.0015513193,0.0020021524,0.0028995140,0.0037754619,0.0047644169,0.0057277745,0.0072484285,0.0083561212,0.0083678621,0.0083941432,0.0084803913
2015-04-08,0.0017573952,0.0022537405,0.0031217423,0.0039345620,0.0048946340,0.0058545456,0.0073193985,0.0083891207,0.0085817909,0.0087274838,0.0088463912
2015-04-07,0.0019688239,0.0023829566,0.0032433336,0.0040483492,0.0049797307,0.0059402885,0.0073100544,0.0083059005,0.0086487426,0.0088092555,0.0089615584
2015-04-06,0.0020657423,0.0025048088,0.0033524165,0.0041644015,0.0051030831,0.0060714664,0.0074526925,0.0084554515,0.0088108292,0.0089780796,0.0091489213
2015-04-03,0.0020657597,0.0025048318,0.0033524328,0.0041644143,0.0051031135,0.0060714865,0.0074526334,0.0084553974,0.0088109465,0.0089872708,0.0091493939
2015-04-02,0.0020661686,0.0025053501,0.0033528842,0.0041647821,0.0051038302,0.0060723448,0.0074535987,0.0084564068,0.0088114075,0.0089786649,0.0091489006
2015-04-01,0.0018974294,0.0024093197,0.0032770537,0.0040521079,0.0049581712,0.0059267200,0.0073422343,0.0083585537,0.0087436036,0.0089325133,0.0091117648
2015-03-31,0.0019268227,0.0023569974,0.0032679425,0.0040697264,0.0049971093,0.0059735049,0.0075370840,0.0086380058,0.0087969386,0.0088933386,0.0090052125
2015-03-30,0.0018422804,0.0021896937,0.0031290550,0.0039844092,0.0049138459,0.0058901134,0.0075204044,0.0086542452,0.0086553476,0.0086632163,0.0086993587
2015-03-27,0.0018556140,0.0022331163,0.0031808161,0.0040497460,0.0050237389,0.0060261245,0.0076677357,0.0087907907,0.0088537943,0.0088908124,0.0089849925
2015-03-26,0.0019175504,0.0024594888,0.0032828075,0.0041499785,0.0050598199,0.0060808556,0.0076472042,0.0087657317,0.0090704613,0.0092312696,0.0092826748
2015-03-25,0.0020673947,0.0024581848,0.0033636002,0.0042233047,0.0051608584,0.0061580272,0.0077925720,0.0089125847,0.0090458810,0.0091449064,0.0092146637
2015-03-24,0.0020776034,0.0024517181,0.0033807570,0.0042418860,0.0052077512,0.0061893458,0.0078097315,0.0089310112,0.0089500522,0.0089896361,0.0090615864
2015-03-23,0.0019555382,0.0023991078,0.0033016966,0.0041814281,0.0051076370,0.0061098461,0.0077243403,0.0088128320,0.0089628434,0.0090568046,0.0091568779
2015-03-20,0.0017978270,0.0022658981,0.0031512441,0.0040344396,0.0049860310,0.0059916220,0.0075859921,0.0087186302,0.0088118424,0.0088659509,0.0089613512
2015-03-19,0.0016528350,0.0021400847,0.0030076474,0.0038926182,0.0048673203,0.0058756855,0.0074501219,0.0086254353,0.0086633855,0.0086791191,0.0087699996
2015-03-18,0.0017257338,0.0020759726,0.0029676727,0.0038483303,0.0048401786,0.0058258200,0.0074083176,0.0085500451,0.0085539291,0.0085679212,0.0086345755
2015-03-17,0.0014387841,0.0018611158,0.0027352765,0.0036168036,0.0046073654,0.0056016572,0.0071632022,0.0083105914,0.0083178861,0.0083238254,0.0083915418
2015-03-16,0.0013306493,0.0016717522,0.0025426931,0.0034139526,0.0044118082,0.0053957510,0.0069776227,0.0081317438,0.0081189063,0.0081297175,0.0082181677
2015-03-13,0.0013952710,0.0017192196,0.0026133456,0.0035083147,0.0045293557,0.0055100393,0.0071170264,0.0082424792,0.0082205458,0.0082282775,0.0083273761
2015-03-12,0.0015545213,0.0018525475,0.0027393322,0.0036265464,0.0046189629,0.0055952689,0.0071949297,0.0083869974,0.0083862342,0.0083941760,0.0084729826
2015-03-11,0.0016994976,0.0021702452,0.0029851427,0.0038582084,0.0047404436,0.0057354198,0.0072858941,0.0083486718,0.0086837210,0.0088499266,0.0090182364
2015-03-10,0.0016760118,0.0020840785,0.0029356222,0.0038195212,0.0047802769,0.0057700190,0.0074035410,0.0085215562,0.0086841242,0.0087867803,0.0088857502
2015-03-09,0.0014285644,0.0018359691,0.0027111853,0.0036285134,0.0046317750,0.0056231571,0.0071944536,0.0084081173,0.0084190238,0.0084343086,0.0085241295
2015-03-06,0.0012823007,0.0016650230,0.0025370732,0.0034097261,0.0044334467,0.0054185284,0.0070363608,0.0081866395,0.0081648430,0.0081695725,0.0081691014
2015-03-05,0.0014243920,0.0018116687,0.0026499279,0.0034937980,0.0045076725,0.0054973960,0.0071427539,0.0083478495,0.0083210432,0.0083282987,0.0083393273
2015-03-04,0.0014472468,0.0019930355,0.0028479126,0.0037538412,0.0047008085,0.0057036258,0.0071998029,0.0083160320,0.0082985046,0.0084309719,0.0088206231
2015-03-03,0.0015954453,0.0019800758,0.0028489728,0.0037460355,0.0047015642,0.0056904062,0.0073025504,0.0084695149,0.0086060657,0.0086996296,0.0087657539
2015-03-02,0.0014516323,0.0017710192,0.0026776896,0.0035854170,0.0045986580,0.0055714821,0.0071663733,0.0084053154,0.0083708108,0.0083781110,0.0083779319
2015-02-27,0.0015463422,0.0020045103,0.0027977032,0.0036454629,0.0045890124,0.0055940422,0.0072216381,0.0083889096,0.0085317905,0.0086039018,0.0086779984
2015-02-26,0.0015097845,0.0019246960,0.0028248966,0.0037068418,0.0047065941,0.0057021778,0.0073385503,0.0085443008,0.0086641439,0.0087401585,0.0088072717
2015-02-25,0.0015986979,0.0020639785,0.0029884138,0.0039159229,0.0049556332,0.0059618158,0.0076344506,0.0088591635,0.0088655258,0.0088697265,0.0089168352
2015-02-24,0.0016700208,0.0020919495,0.0030163088,0.0039435398,0.0049877865,0.0059887791,0.0076702080,0.0089188548,0.0089727780,0.0089782967,0.0090007221
2015-02-23,0.0018029797,0.0022097168,0.0031369441,0.0040627264,0.0051107842,0.0061111725,0.0077950233,0.0090700210,0.0090800772,0.0090839802,0.0090861634
2015-02-20,0.0019718549,0.0023749962,0.0032885877,0.0042605728,0.0052509006,0.0062710470,0.0079450571,0.0091789249,0.0093983857,0.0094785740,0.0095171558
2015-02-19,0.0019292877,0.0023895085,0.0033031734,0.0042511865,0.0052192968,0.0062416367,0.0078953363,0.0090950617,0.0093999160,0.0095300521,0.0095752925
2015-02-18,0.0019533113,0.0024325776,0.0033653108,0.0043100918,0.0053529540,0.0063572232,0.0080166497,0.0092751030,0.0092769482,0.0092803056,0.0093155186
2015-02-17,0.0022471901,0.0027483574,0.0036402484,0.0045686775,0.0055485428,0.0065865935,0.0082543489,0.0095067511,0.0096754089,0.0097751550,0.0098674074
2015-02-16,0.0021863991,0.0027116403,0.0036404684,0.0045845409,0.0055568807,0.0065858789,0.0082447967,0.0094896114,0.0097143200,0.0098489600,0.0099569694
2015-02-13,0.0019875392,0.0024667392,0.0034034652,0.0043575248,0.0053956754,0.0064001291,0.0080646425,0.0093323003,0.0093029465,0.0093065254,0.0093560951
2015-02-12,0.0021257080,0.0025726927,0.0035220916,0.0045489576,0.0055719760,0.0065498660,0.0081759108,0.0094645248,0.0094274599,0.0094317141,0.0095314699
2015-02-11,0.0022137605,0.0026871965,0.0036287761,0.0046181342,0.0056435832,0.0066308333,0.0082898573,0.0095608229,0.0095574136,0.0095612400,0.0096511810
2015-02-10,0.0021150962,0.0026014060,0.0035293391,0.0045156898,0.0055731766,0.0065729408,0.0082859772,0.0095438245,0.0094568270,0.0094573796,0.0095770036
2015-02-09,0.0021360883,0.0025539847,0.0035289981,0.0045698809,0.0056122342,0.0066299843,0.0083213949,0.0095462329,0.0096357699,0.0097043154,0.0097914376
2015-02-06,0.0019905680,0.0023510959,0.0033082141,0.0042978462,0.0053541158,0.0063379689,0.0081031007,0.0094159576,0.0094001661,0.0093314182,0.0094019023
2015-02-05,0.0018838003,0.0024136950,0.0033410899,0.0043370543,0.0052892657,0.0063070086,0.0078372271,0.0089508745,0.0092798092,0.0095029387,0.0096009261
2015-02-04,0.0020521530,0.0024674225,0.0034152237,0.0043857789,0.0054080139,0.0064047458,0.0080710571,0.0092729127,0.0093417936,0.0094274329,0.0094936939
2015-02-03,0.0021425742,0.0024922090,0.0034536053,0.0044297721,0.0054548369,0.0064221968,0.0081347046,0.0094235367,0.0093681140,0.0092587832,0.0094244485
2015-02-02,0.0022766583,0.0026977893,0.0036346353,0.0046126755,0.0056456975,0.0066312476,0.0083103562,0.0095850402,0.0095491483,0.0095523980,0.0096075175
2015-01-30,0.0020178310,0.0024642483,0.0034483347,0.0044906032,0.0055140606,0.0064933255,0.0081264174,0.0094343771,0.0093382946,0.0093415883,0.0093465722
2015-01-29,0.0019933020,0.0024183852,0.0033635179,0.0043243006,0.0053758383,0.0063789431,0.0080912416,0.0093502655,0.0092789064,0.0092810125,0.0093507841
2015-01-28,0.0018474416,0.0022933887,0.0032559128,0.0042132308,0.0052679200,0.0062830236,0.0079841968,0.0091768482,0.0092699742,0.0093548067,0.0094539540
2015-01-27,0.0017240669,0.0021432831,0.0031039084,0.0040563252,0.0050644038,0.0060582922,0.0076549682,0.0088466650,0.0089908838,0.0090755688,0.0091735984
2015-01-26,0.0014804866,0.0019305936,0.0028741964,0.0037962518,0.0048336498,0.0058239044,0.0074813749,0.0087513447,0.0087592645,0.0087641834,0.0088076499
2015-01-23,0.0014111046,0.0018602338,0.0027904996,0.0037743064,0.0048234299,0.0058134286,0.0074590555,0.0087308891,0.0087919551,0.0087970888,0.0088274657
2015-01-22,0.0016555580,0.0020630712,0.0030070770,0.0039784455,0.0050196013,0.0060421463,0.0077385069,0.0090577476,0.0090626068,0.0090662440,0.0090690491
2015-01-21,0.0018373699,0.0022607122,0.0032197068,0.0042200144,0.0052615915,0.0062844445,0.0079529552,0.0092727617,0.0092846077,0.0092869316,0.0092971447
2015-01-20,0.0020491502,0.0025227281,0.0035034283,0.0045160603,0.0055526174,0.0065681348,0.0082374660,0.0095452930,0.0095232109,0.0095259492,0.0095290480
2015-01-19,0.0023215656,0.0027109984,0.0036498808,0.0046212040,0.0056577853,0.0066818133,0.0083675708,0.0097077363,0.0096697020,0.0096728972,0.0096753757
2015-01-16,0.0023749021,0.0027207156,0.0036668056,0.0046716131,0.0056941161,0.0067221483,0.0083859965,0.0097569389,0.0097675848,0.0097707950,0.0097728412
2015-01-15,0.0023434662,0.0026503496,0.0035828954,0.0045894727,0.0055996761,0.0066365638,0.0082921190,0.0096888550,0.0096447894,0.0096477296,0.0096497342
2015-01-14,0.0021995613,0.0026920613,0.0036626388,0.0047280847,0.0057858882,0.0068236829,0.0084948191,0.0097631901,0.0099236731,0.0100149370,0.0100422537
2015-01-13,0.0020677375,0.0025729469,0.0035275456,0.0045488154,0.0056138790,0.0066325884,0.0083108760,0.0095624572,0.0096430447,0.0097322520,0.0097965298
2015-01-12,0.0024633743,0.0028918870,0.0038727531,0.0049069252,0.0059722888,0.0070233692,0.0086820548,0.0099587711,0.0101424465,0.0102637413,0.0103300188
2015-01-09,0.0027266644,0.0031542960,0.0041023199,0.0050683016,0.0061308190,0.0071469707,0.0088136393,0.0101350769,0.0102151644,0.0102190535,0.0102436267
2015-01-08,0.0024503581,0.0028570053,0.0038197019,0.0048240000,0.0058627145,0.0068857757,0.0085864713,0.0099280132,0.0099103196,0.0099125060,0.0099145870
2015-01-07,0.0026498831,0.0030961235,0.0040576502,0.0050689190,0.0060503322,0.0071389410,0.0087021701,0.0099472367,0.0102584934,0.0103860162,0.0104030985
2015-01-06,0.0027451263,0.0031256774,0.0040748033,0.0050654396,0.0061052949,0.0071085391,0.0088395696,0.0102065051,0.0102213128,0.0101816671,0.0102237217
2015-01-05,0.0023470286,0.0028136639,0.0038406633,0.0048913427,0.0059488447,0.0070053906,0.0086705842,0.0099273130,0.0101183777,0.0101915451,0.0102164054
2015-01-02,0.0020232138,0.0024313526,0.0034395798,0.0044965070,0.0055525906,0.0065921792,0.0082581749,0.0095629231,0.0096409119,0.0096420658,0.0096372408
2015-01-01,0.0021521838,0.0025847978,0.0035827158,0.0046488252,0.0057067156,0.0067759263,0.0084674774,0.0096921536,0.0099611488,0.0100783763,0.0101165480
2014-12-31,0.0021522966,0.0025849697,0.0035831028,0.0046493785,0.0057072708,0.0067763701,0.0084676851,0.0096921984,0.0099611853,0.0100784290,0.0101166084
2014-12-30,0.0021523255,0.0025850205,0.0035831346,0.0046493754,0.0057072065,0.0068013033,0.0084677088,0.0096922221,0.0099611463,0.0100783566,0.0101167339
2014-12-29,0.0021834911,0.0026417445,0.0036257813,0.0046830208,0.0057280386,0.0067343612,0.0083425879,0.0096370353,0.0096196920,0.0096244813,0.0096752494
2014-12-26,0.0022258758,0.0025733427,0.0035472147,0.0045797078,0.0056072182,0.0066365751,0.0082987828,0.0096692358,0.0096351544,0.0096380918,0.0096405309
2014-12-25,0.0022258767,0.0025733452,0.0035472257,0.0045797290,0.0056072305,0.0066365761,0.0082987743,0.0096692305,0.0096351396,0.0096379663,0.0096404875
2014-12-24,0.0022259125,0.0025733849,0.0035472660,0.0045797824,0.0056072815,0.0066366147,0.0082987823,0.0096692320,0.0096351427,0.0096379661,0.0096404774
2014-12-23,0.0022259693,0.0025734251,0.0035472202,0.0045797074,0.0056072103,0.0066365566,0.0082989909,0.0096697477,0.0096355877,0.0096384305,0.0096409023
2014-12-22,0.0022859270,0.0026333767,0.0036072954,0.0046398830,0.0056673141,0.0066967400,0.0083589288,0.0097295028,0.0096949775,0.0096975787,0.0096998515
2014-12-19,0.0021030234,0.0025580757,0.0035648221,0.0046159512,0.0056695511,0.0066882171,0.0083904396,0.0096067787,0.0096966442,0.0097654950,0.0098265960
2014-12-18,0.0021769521,0.0026239936,0.0036068425,0.0046408906,0.0056901962,0.0067038285,0.0083693460,0.0096197696,0.0097424136,0.0098286708,0.0098893210
2014-12-17,0.0025445099,0.0028514799,0.0038827357,0.0049402188,0.0059782879,0.0069728934,0.0087365745,0.0100654685,0.0100561841,0.0100306680,0.0100594286
2014-12-16,0.0026923931,0.0029913512,0.0039733674,0.0050184121,0.0060652246,0.0071058835,0.0088554586,0.0102360347,0.0104312543,0.0105653558,0.0106173175
2014-12-15,0.0020264088,0.0024426671,0.0034449323,0.0045017140,0.0055825892,0.0066022488,0.0084259060,0.0097049948,0.0099099909,0.0100985126,0.0101287017
2014-12-12,0.0020186512,0.0023727881,0.0033706355,0.0044283499,0.0055069970,0.0064963428,0.0082677683,0.0095686776,0.0097393600,0.0098883303,0.0099170474
2014-12-11,0.0020923084,0.0023494601,0.0033085327,0.0043152284,0.0053443970,0.0063677075,0.0081092941,0.0094238261,0.0094302958,0.0094353523,0.0094385677
2014-12-10,0.0018017640,0.0021718195,0.0031211820,0.0041376964,0.0051755386,0.0061959482,0.0079339831,0.0091968880,0.0093853059,0.0094977293,0.0096001774
2014-12-09,0.0017277346,0.0020302624,0.0029997534,0.0040283093,0.0050401148,0.0060513566,0.0077173882,0.0090337306,0.0092335221,0.0093812961,0.0094973296
2014-12-08,0.0016222316,0.0018269908,0.0028213869,0.0038334956,0.0048659357,0.0058676704,0.0076267444,0.0089772806,0.0089911420,0.0089524333,0.0090508566
2014-12-05,0.0015885307,0.0017167014,0.0027311082,0.0037680913,0.0047683185,0.0057810667,0.0074828190,0.0089262280,0.0089593549,0.0088835725,0.0090139319
2014-12-04,0.0016760429,0.0018622542,0.0028815226,0.0039188316,0.0049462359,0.0059510741,0.0077299914,0.0090812800,0.0090263209,0.0089811199,0.0090327133
2014-12-03,0.0016552707,0.0019387126,0.0029009528,0.0039118647,0.0049449188,0.0059975803,0.0077705460,0.0091403296,0.0090526780,0.0090549555,0.0092113182
2014-12-02,0.0015953870,0.0019041966,0.0028354898,0.0038047329,0.0048414831,0.0058723876,0.0075866964,0.0089343587,0.0090237214,0.0090291727,0.0091045103
2014-12-01,0.0016968019,0.0020354182,0.0029477836,0.0039421038,0.0049650404,0.0059656724,0.0076371232,0.0089483820,0.0093147637,0.0095306197,0.0097296277
2014-11-28,0.0016398726,0.0019739784,0.0029077916,0.0039655479,0.0050262666,0.0060694205,0.0078502303,0.0092639591,0.0091952696,0.0091731388,0.0092083708
2014-11-27,0.0018728486,0.0020864063,0.0030590458,0.0040496871,0.0050476304,0.0061017755,0.0078988454,0.0093056500,0.0092868836,0.0091792138,0.0093565477
2014-11-26,0.0017600215,0.0022185340,0.0030946103,0.0040950949,0.0051895529,0.0062778666,0.0081853486,0.0094317715,0.0094739630,0.0094367692,0.0094700350
2014-11-25,0.0019393623,0.0021672973,0.0030786691,0.0041715514,0.0051942294,0.0062787886,0.0079735560,0.0093669165,0.0095671169,0.0097019669,0.0097829070
2014-11-24,0.0019911247,0.0022587177,0.0031721755,0.0042585997,0.0052880816,0.0063672636,0.0080940274,0.0094643310,0.0096166041,0.0097072363,0.0097937035
2014-11-21,0.0021889167,0.0024709213,0.0034617162,0.0045380072,0.0055744461,0.0066617763,0.0085036884,0.0098019565,0.0100468687,0.0102493099,0.0102312063
2014-11-20,0.0024184421,0.0027622272,0.0037483996,0.0047909280,0.0058387517,0.0069231678,0.0087973120,0.0101136404,0.0103153279,0.0105133958,0.0105246955
2014-11-19,0.0023770476,0.0027208405,0.0037065834,0.0047485609,0.0057872486,0.0068802984,0.0087552216,0.0100735989,0.0103042027,0.0104992119,0.0104986776
2014-11-18,0.0022390710,0.0025399335,0.0034882336,0.0045146596,0.0055416487,0.0066417610,0.0083852195,0.0097277832,0.0099109673,0.0099937571,0.0100775351
2014-11-17,0.0022049263,0.0024834894,0.0034777835,0.0045461671,0.0055478561,0.0066081801,0.0083063280,0.0096490074,0.0097891852,0.0098204813,0.0099181088
2014-11-14,0.0021560727,0.0024797986,0.0034818858,0.0045286326,0.0055469575,0.0066073996,0.0083967099,0.0097117716,0.0099562266,0.0101267506,0.0101388391
2014-11-13,0.0021045801,0.0023360143,0.0032945623,0.0042773002,0.0052842420,0.0063316250,0.0080316947,0.0094491040,0.0094245281,0.0093595150,0.0095209522
2014-11-12,0.0020911133,0.0023789163,0.0033620460,0.0043687097,0.0053811768,0.0064246739,0.0081805228,0.0095132054,0.0095356022,0.0095364984,0.0095726600
2014-11-11,0.0020201805,0.0022775086,0.0032996804,0.0043805788,0.0054088685,0.0064252056,0.0081717573,0.0095303938,0.0095301596,0.0094858497,0.0095304509
2014-11-10,0.0021873398,0.0024573250,0.0034239234,0.0044465120,0.0054722847,0.0065059201,0.0082590649,0.0096614296,0.0098412498,0.0100023035,0.0100547320
2014-11-07,0.0024840430,0.0027138383,0.0037235157,0.0047319529,0.0057869035,0.0067670347,0.0085430697,0.0099881812,0.0099352684,0.0099033647,0.0099358321
2014-11-06,0.0017295194,0.0020766079,0.0030320806,0.0041548914,0.0052058547,0.0062657820,0.0079347783,0.0092092203,0.0094298645,0.0095372040,0.0096380692
2014-11-05,0.0023603979,0.0026911194,0.0036766868,0.0045859358,0.0056097631,0.0066722429,0.0085456600,0.0099635533,0.0099022455,0.0099905596,0.0100287819
2014-11-04,0.0019768227,0.0022736988,0.0032701382,0.0043709776,0.0053755703,0.0064529183,0.0081973205,0.0095940393,0.0097862759,0.0098952510,0.0099586404
2014-11-03,0.0020831215,0.0025031009,0.0034220627,0.0044449081,0.0055116976,0.0066068430,0.0084192914,0.0097396965,0.0098960019,0.0100111269,0.0101277570
2014-10-31,0.0021238271,0.0025129612,0.0034772172,0.0044748084,0.0055198228,0.0066197366,0.0084986021,0.0098377161,0.0098537407,0.0097810170,0.0099136042
2014-10-30,0.0021932390,0.0025841978,0.0036172168,0.0046831638,0.0057490282,0.0068260460,0.0087029361,0.0100404399,0.0099997869,0.0099512473,0.0100933305
2014-10-29,0.0023623235,0.0026524518,0.0035998713,0.0045751403,0.0056110316,0.0066897399,0.0084633887,0.0098689734,0.0101665369,0.0103241793,0.0103709350
2014-10-28,0.0022144461,0.0024758923,0.0034674349,0.0044177708,0.0054331107,0.0064703051,0.0082692966,0.0096995132,0.0096764859,0.0096131253,0.0097579622
2014-10-27,0.0018058317,0.0021617154,0.0032059832,0.0043160458,0.0053804707,0.0063955590,0.0082094727,0.0095302804,0.0097431308,0.0099392655,0.0099591787
2014-10-24,0.0018474120,0.0022081078,0.0032471056,0.0043498395,0.0053396511,0.0064160830,0.0082191974,0.0095316395,0.0097386026,0.0098336667,0.0099520208
2014-10-23,0.0019876704,0.0023267770,0.0033350112,0.0044307581,0.0054720105,0.0065208947,0.0082771468,0.0096096488,0.0097554001,0.0098470584,0.0099274617
2014-10-22,0.0021472719,0.0024977609,0.0035006531,0.0045507629,0.0055884143,0.0066485480,0.0084296946,0.0097694064,0.0099050075,0.0099978491,0.0100979353
2014-10-21,0.0022890313,0.0026120105,0.0035761120,0.0045885838,0.0056249444,0.0066816196,0.0084376773,0.0098380051,0.0099659453,0.0100603984,0.0101662364
2014-10-20,0.0026731964,0.0029591523,0.0039554002,0.0050236039,0.0060271231,0.0071418698,0.0089331112,0.0103717252,0.0106459768,0.0108325777,0.0108782540
2014-10-17,0.0024017806,0.0027424896,0.0037787321,0.0048135414,0.0058411403,0.0068756566,0.0086653765,0.0100069722,0.0099010156,0.0099004478,0.0100149700
2014-10-16,0.0026834587,0.0031081779,0.0040874266,0.0051279512,0.0061548948,0.0072532865,0.0090446431,0.0103917849,0.0106853205,0.0109008091,0.0109702464
2014-10-15,0.0023193422,0.0026699366,0.0036992889,0.0047807037,0.0058347963,0.0068801714,0.0086525300,0.0099902444,0.0101573939,0.0102508292,0.0103414863
2014-10-14,0.0021588979,0.0024210194,0.0033526614,0.0043721099,0.0053992650,0.0064376245,0.0081153050,0.0094985407,0.0097039728,0.0098163303,0.0099154343
2014-10-13,0.0022198805,0.0024639469,0.0034537801,0.0044626981,0.0054623399,0.0064927946,0.0082327886,0.0096668426,0.0096555528,0.0095736595,0.0097244607
2014-10-10,0.0017802203,0.0021818728,0.0031869702,0.0042917285,0.0053652794,0.0064258019,0.0082622730,0.0096011158,0.0095817764,0.0095075422,0.0095814466
2014-10-09,0.0017153548,0.0021218046,0.0030089134,0.0039825913,0.0050615973,0.0061224669,0.0079335598,0.0093160532,0.0091555467,0.0091560898,0.0093633375
2014-10-08,0.0016661938,0.0020479004,0.0030333573,0.0040559448,0.0050626247,0.0061312246,0.0079565129,0.0092742223,0.0093903826,0.0095060497,0.0095666043
2014-10-07,0.0016521817,0.0019559681,0.0029094294,0.0039116041,0.0049515050,0.0059677148,0.0077979519,0.0091748760,0.0093117764,0.0095894263,0.0094893957
2014-10-06,0.0013506740,0.0016561341,0.0025965080,0.0036623935,0.0047305752,0.0057461126,0.0075915338,0.0089911660,0.0089377788,0.0089078635,0.0089445562
2014-10-03,0.0014289758,0.0017545156,0.0027132496,0.0037551786,0.0047957587,0.0058638497,0.0076562257,0.0090553653,0.0090426661,0.0089182246,0.0091213497
2014-10-02,0.0015589997,0.0019072794,0.0029314535,0.0040171828,0.0050631585,0.0060667376,0.0079571991,0.0092406130,0.0094155495,0.0095924239,0.0096241198
2014-10-01,0.0018766903,0.0021151104,0.0030653408,0.0040952679,0.0051270359,0.0061840824,0.0080183298,0.0094269330,0.0094644556,0.0096193565,0.0095277597
2014-09-30,0.0019839471,0.0022709447,0.0032561038,0.0042584364,0.0052806296,0.0063086180,0.0081424206,0.0095266206,0.0096925687,0.0099159711,0.0098707179
2014-09-29,0.0021016123,0.0024074256,0.0033916725,0.0044513365,0.0054640725,0.0064992626,0.0083195325,0.0097035418,0.0098236518,0.0099485299,0.0099685234
2014-09-26,0.0017095855,0.0021182635,0.0031601261,0.0041271091,0.0051776359,0.0061828637,0.0079537371,0.0092321264,0.0094090265,0.0096572983,0.0096562886
2014-09-25,0.0015565044,0.0019927218,0.0029894948,0.0039368631,0.0050482537,0.0060720664,0.0078283989,0.0090785034,0.0092820276,0.0094836269,0.0094860397
2014-09-24,0.0017187667,0.0020007417,0.0029848618,0.0039853322,0.0050011438,0.0060053054,0.0077297761,0.0091197045,0.0091127073,0.0090946097,0.0091210171
2014-09-23,0.0016860575,0.0021049493,0.0030786776,0.0039760346,0.0050645329,0.0060853439,0.0078615036,0.0091440130,0.0093239575,0.0095399945,0.0094716621
2014-09-22,0.0012134345,0.0016589023,0.0026765421,0.0036147100,0.0047057419,0.0056988242,0.0075299321,0.0088471387,0.0088341064,0.0087408153,0.0088399853
2014-09-19,0.0008493971,0.0013656743,0.0023115794,0.0033279217,0.0043640671,0.0053921223,0.0071600602,0.0084794412,0.0084941166,0.0084428781,0.0084850748
2014-09-18,0.0012385938,0.0015638618,0.0025703001,0.0036256387,0.0046130498,0.0056179591,0.0074321110,0.0087305513,0.0087779194,0.0087595291,0.0087420146
2014-09-17,0.0013581745,0.0016785081,0.0026872511,0.0037468311,0.0047542635,0.0057595174,0.0075706787,0.0088878889,0.0089375871,0.0090021006,0.0089088561
2014-09-16,0.0013934891,0.0017593735,0.0027601934,0.0037938423,0.0048326811,0.0058473497,0.0076503497,0.0090043995,0.0092182986,0.0093842440,0.0092943574
2014-09-15,0.0014073340,0.0016865766,0.0026694373,0.0037048967,0.0047196312,0.0057415588,0.0075838509,0.0089372223,0.0089645647,0.0088638583,0.0089547100
2014-09-12,0.0011778670,0.0014863530,0.0024684735,0.0035081261,0.0045304639,0.0055121338,0.0073125266,0.0086761037,0.0088472745,0.0088918502,0.0089946106
2014-09-11,0.0012497797,0.0015534839,0.0025371550,0.0035260311,0.0045481297,0.0055430951,0.0073868382,0.0087527247,0.0089380379,0.0090172867,0.0091180189
2014-09-10,0.0012738199,0.0015999485,0.0025229240,0.0034826500,0.0045259386,0.0055556731,0.0073601638,0.0086495315,0.0088351066,0.0088865154,0.0089265384
2014-09-09,0.0011604454,0.0014946014,0.0024366835,0.0034246626,0.0044699760,0.0055336590,0.0073662713,0.0086172947,0.0086476323,0.0086352111,0.0086353294
2014-09-08,0.0009755120,0.0013550819,0.0023288656,0.0033312865,0.0043855459,0.0054525735,0.0072696536,0.0085645163,0.0085845348,0.0085856819,0.0085614718
2014-09-05,0.0010817387,0.0014139623,0.0023904879,0.0033751044,0.0044297401,0.0054871454,0.0073215953,0.0086281178,0.0086674671,0.0086932993,0.0086116709
2014-09-04,0.0010689941,0.0014330156,0.0024082485,0.0034052300,0.0044664193,0.0054738282,0.0072878414,0.0086359782,0.0087983708,0.0089404953,0.0088709261
2014-09-03,0.0014541342,0.0018168025,0.0027448915,0.0036571208,0.0047416141,0.0057766412,0.0075999829,0.0089883787,0.0091925813,0.0093157229,0.0093306551
2014-09-02,0.0015019946,0.0017092411,0.0027767447,0.0037129347,0.0047830386,0.0057831733,0.0076534582,0.0090248390,0.0092625617,0.0089473360,0.0091622085
2014-09-01,0.0015616890,0.0018475703,0.0028425658,0.0038451048,0.0049010184,0.0059171901,0.0077455162,0.0091018432,0.0093567193,0.0095922079,0.0094864503
2014-08-29,0.0015466280,0.0018094255,0.0028227145,0.0038144606,0.0048976152,0.0059304794,0.0077864611,0.0091461890,0.0094052104,0.0096713652,0.0095271667
2014-08-28,0.0016771075,0.0018588944,0.0028858388,0.0038372367,0.0049441108,0.0059568317,0.0078196351,0.0091800551,0.0094694411,0.0097352565,0.0095930359
2014-08-27,0.0011473623,0.0014859275,0.0024888102,0.0035325793,0.0046210783,0.0056923605,0.0075473730,0.0089029682,0.0091517090,0.0092596475,0.0093065056
2014-08-26,0.0010680176,0.0014388762,0.0024098752,0.0034308349,0.0045319305,0.0056394710,0.0075174830,0.0088757843,0.0088700048,0.0088821490,0.0088988788
2014-08-25,0.0012984339,0.0016620760,0.0026719374,0.0037147029,0.0048447716,0.0059827061,0.0079027284,0.0092565405,0.0094742937,0.0096268429,0.0095296723
2014-08-22,0.0012983235,0.0016618790,0.0026715859,0.0037142320,0.0048443634,0.0059824122,0.0079025556,0.0092565926,0.0094745597,0.0096272072,0.0095303590
2014-08-21,0.0014158390,0.0017711408,0.0027430589,0.0037301301,0.0048745952,0.0060173415,0.0079184835,0.0092361444,0.0094527561,0.0096282335,0.0095432598
2014-08-20,0.0015923891,0.0018658812,0.0029208386,0.0038943211,0.0050791094,0.0061909025,0.0080683134,0.0094226081,0.0095021400,0.0094989043,0.0094902662
2014-08-19,0.0015924646,0.0018592457,0.0029072492,0.0038883445,0.0050651741,0.0061805258,0.0080608691,0.0094076544,0.0094780579,0.0094991803,0.0094705025
2014-08-18,0.0016284793,0.0019414313,0.0029475137,0.0039848333,0.0051547833,0.0063176950,0.0082476902,0.0095731485,0.0097544382,0.0099536783,0.0098462879
2014-08-15,0.0018024955,0.0020861515,0.0031282437,0.0042187520,0.0053575545,0.0065075599,0.0083962977,0.0097116439,0.0098448650,0.0100114967,0.0099786102
2014-08-14,0.0018193366,0.0020495926,0.0031033532,0.0040976385,0.0052573828,0.0063733439,0.0083023013,0.0096321214,0.0098263948,0.0099334056,0.0098917957
2014-08-13,0.0019761650,0.0021195840,0.0032090155,0.0042457294,0.0053871840,0.0064897628,0.0084429288,0.0097963233,0.0098411454,0.0097886649,0.0097881927
2014-08-12,0.0022236412,0.0023586080,0.0034466752,0.0044538759,0.0056141387,0.0067273411,0.0086820225,0.0100369564,0.0100367566,0.0100333895,0.0100537767
2014-08-11,0.0022339626,0.0024541102,0.0035383250,0.0046010369,0.0057407929,0.0068571109,0.0088210461,0.0101942460,0.0102597224,0.0102838405,0.0102484415
2014-08-08,0.0023663718,0.0026330209,0.0037550566,0.0049034433,0.0060332459,0.0071713077,0.0091862243,0.0105300397,0.0107474146,0.0111235691,0.0108919695
2014-08-07,0.0024309125,0.0028047565,0.0038611658,0.0050488674,0.0061744660,0.0073330238,0.0093457093,0.0107432805,0.0109535208,0.0111276483,0.0110341610
2014-08-06,0.0023356640,0.0026783248,0.0036085970,0.0047482907,0.0058705361,0.0070094222,0.0090015223,0.0104338112,0.0106724712,0.0108411143,0.0107600900
2014-08-05,0.0022006339,0.0025404241,0.0034614431,0.0046181222,0.0057025226,0.0068418548,0.0088286530,0.0102595051,0.0104986721,0.0106631155,0.0105682833
2014-08-04,0.0023311225,0.0027050114,0.0036349559,0.0047820087,0.0059052681,0.0070342888,0.0090078188,0.0104531995,0.0108270089,0.0111247030,0.0108737956
2014-08-01,0.0024773037,0.0028466695,0.0038629497,0.0050905838,0.0062293582,0.0073635816,0.0093485992,0.0108065633,0.0111326435,0.0114779453,0.0111970748
2014-07-31,0.0024202336,0.0026822469,0.0037356339,0.0048748224,0.0060521297,0.0071156917,0.0091365799,0.0105879797,0.0108291027,0.0111441532,0.0109254291
2014-07-30,0.0018514476,0.0021190681,0.0031098124,0.0042759308,0.0053237016,0.0064700929,0.0084023470,0.0097320561,0.0099564019,0.0101134660,0.0101340358
2014-07-29,0.0018896279,0.0022650993,0.0032355978,0.0043770517,0.0054336801,0.0065052797,0.0084407523,0.0098288646,0.0101180095,0.0103557933,0.0103538194
2014-07-28,0.0019610009,0.0023082494,0.0032901079,0.0043206408,0.0054538713,0.0065103790,0.0084477707,0.0097922039,0.0101798313,0.0105442807,0.0104163476
2014-07-25,0.0019138048,0.0022774650,0.0033295658,0.0044053393,0.0055946709,0.0065784669,0.0085555054,0.0100396983,0.0103764248,0.0109139584,0.0106193668
2014-07-24,0.0019138044,0.0022774662,0.0033295664,0.0044053398,0.0055946720,0.0065784668,0.0085555054,0.0100396983,0.0103764244,0.0109139539,0.0106193558
2014-07-23,0.0019318233,0.0022420856,0.0032925726,0.0043496417,0.0055177771,0.0065294253,0.0084888858,0.0099131121,0.0102169027,0.0104999804,0.0102766833
2014-07-22,0.0019438594,0.0022753531,0.0032644573,0.0044004371,0.0054983274,0.0065614942,0.0085023763,0.0099155085,0.0101594095,0.0103269442,0.0103515901
2014-07-21,0.0021893236,0.0024427796,0.0035209328,0.0045843059,0.0057929054,0.0068324824,0.0088115965,0.0102558051,0.0105838925,0.0108585829,0.0108335187
2014-07-18,0.0020093377,0.0022973765,0.0033693985,0.0043899183,0.0056072161,0.0066982378,0.0086297055,0.0099763451,0.0104718964,0.0109274056,0.0108993817
2014-07-17,0.0020175548,0.0023416613,0.0033819745,0.0045777787,0.0056776812,0.0068158790,0.0088285796,0.0102203133,0.0103515981,0.0105149038,0.0105346162
2014-07-16,0.0018690795,0.0022097980,0.0032838744,0.0044090091,0.0055438361,0.0065878411,0.0085884051,0.0100172696,0.0102892094,0.0105154081,0.0103454931
2014-07-15,0.0021848652,0.0025254537,0.0035723338,0.0047132048,0.0059003650,0.0070158641,0.0090240366,0.0103957002,0.0109181607,0.0114051795,0.0113614159
2014-07-14,0.0020334774,0.0023439256,0.0034589536,0.0046611395,0.0057458247,0.0068326500,0.0087958103,0.0101636271,0.0101968289,0.0103462164,0.0102481073
2014-07-11,0.0020596252,0.0024219187,0.0035145099,0.0047291275,0.0058023766,0.0068879972,0.0089308093,0.0103730196,0.0104314833,0.0103840400,0.0104337487
2014-07-10,0.0022649460,0.0025958058,0.0036995874,0.0048767105,0.0060203914,0.0071410850,0.0091950339,0.0106721348,0.0108520486,0.0111234158,0.0110217496
2014-07-09,0.0017881015,0.0021937578,0.0033125905,0.0045000222,0.0055835256,0.0067165210,0.0086843027,0.0101009151,0.0102294214,0.0102806279,0.0102298247
2014-07-08,0.0019662680,0.0022983853,0.0033353911,0.0044614693,0.0056000090,0.0067051438,0.0087170616,0.0101437342,0.0104115662,0.0106028702,0.0105748060
2014-07-07,0.0014944317,0.0018466799,0.0028455656,0.0038973634,0.0050758518,0.0061248259,0.0080269628,0.0093282358,0.0099467931,0.0101898809,0.0100127458
2014-07-04,0.0013459746,0.0016721923,0.0027824481,0.0038686520,0.0050242904,0.0060546568,0.0080029422,0.0093454528,0.0094728771,0.0095011448,0.0093904361
2014-07-03,0.0015128905,0.0018058895,0.0028563799,0.0038721314,0.0050284105,0.0060183404,0.0079348781,0.0092800971,0.0096114835,0.0098503410,0.0098367813
2014-07-02,0.0015884040,0.0019549846,0.0029599627,0.0040939928,0.0052045799,0.0062546329,0.0082293049,0.0095959802,0.0098577315,0.0100412860,0.0099219620
2014-07-01,0.0017863616,0.0021346724,0.0032704672,0.0044222614,0.0055801235,0.0066894569,0.0087679935,0.0101456757,0.0102429441,0.0103740167,0.0103635124
2014-06-30,0.0024200213,0.0028261844,0.0039567925,0.0052186036,0.0063547204,0.0074482986,0.0094878710,0.0108938321,0.0109307016,0.0109244739,0.0109325875
2014-06-27,0.0023364833,0.0027299106,0.0038210736,0.0050692044,0.0062264688,0.0073129001,0.0094257449,0.0108419612,0.0108436050,0.0108115079,0.0108451527
2014-06-26,0.0021310573,0.0025344070,0.0036180958,0.0047984879,0.0059319020,0.0069998414,0.0090788208,0.0104953970,0.0105309454,0.0105161577,0.0105325830
2014-06-25,0.0018496160,0.0022679089,0.0033080275,0.0044354737,0.0055348480,0.0066136195,0.0086810726,0.0100974255,0.0103396954,0.0105330901,0.0105061318
2014-06-24,0.0015721018,0.0018744669,0.0029699486,0.0040756938,0.0052184208,0.0062440378,0.0083271488,0.0097181917,0.0097232437,0.0097254945,0.0097281169
2014-06-23,0.0016490315,0.0020155598,0.0030014165,0.0040817371,0.0051969376,0.0062458796,0.0083278783,0.0097315121,0.0101354475,0.0103070841,0.0104611277
2014-06-20,0.0014947117,0.0018888554,0.0029539505,0.0040931041,0.0052237889,0.0062841111,0.0083805893,0.0098009433,0.0098243594,0.0098218617,0.0098257694
2014-06-19,0.0013410585,0.0016150335,0.0026680589,0.0036059007,0.0047807842,0.0057037556,0.0077434324,0.0090695268,0.0094519964,0.0095387581,0.0096537665
2014-06-18,0.0014050182,0.0017199653,0.0028511391,0.0038439332,0.0049386313,0.0059535088,0.0079638389,0.0093785867,0.0094442305,0.0094562668,0.0094433395
2014-06-17,0.0014326811,0.0017450220,0.0027980032,0.0038320496,0.0049827358,0.0059756452,0.0079734377,0.0093545031,0.0096303917,0.0098803114,0.0098381385
2014-06-16,0.0014976793,0.0018053444,0.0028862083,0.0039148400,0.0050921929,0.0060705858,0.0081051448,0.0094778745,0.0097575684,0.0100023266,0.0099677561
2014-06-13,0.0011323685,0.0015349997,0.0025125156,0.0036138084,0.0047430042,0.0057669733,0.0078061076,0.0091975465,0.0093850947,0.0095357965,0.0095527130
2014-06-12,0.0011525963,0.0015317774,0.0024849406,0.0035513289,0.0046902778,0.0057205067,0.0077422452,0.0091086007,0.0092885043,0.0094337357,0.0094479830
2014-06-11,0.0012652375,0.0016068340,0.0025586886,0.0036547462,0.0048397315,0.0058440791,0.0078478997,0.0091493201,0.0094874738,0.0098356255,0.0098623504
2014-06-10,0.0015015175,0.0016909155,0.0027637780,0.0037632522,0.0049578686,0.0059017518,0.0079504286,0.0092725855,0.0095836687,0.0098161292,0.0097898756
2014-06-09,0.0010241062,0.0013898868,0.0024445554,0.0035545857,0.0047356101,0.0057448723,0.0079265818,0.0092432320,0.0094495164,0.0096664492,0.0096064002
2014-06-06,0.0010968071,0.0014658877,0.0025197265,0.0036897375,0.0049085168,0.0060146079,0.0082791275,0.0097090451,0.0098167298,0.0098697937,0.0095913910
2014-06-05,0.0016538240,0.0019603193,0.0030623021,0.0041542788,0.0054967975,0.0065556890,0.0088243263,0.0101918076,0.0103930500,0.0106499891,0.0105706279
2014-06-04,0.0019603336,0.0023266708,0.0034408094,0.0045727488,0.0059189790,0.0070022840,0.0093212167,0.0107151004,0.0110665190,0.0114629837,0.0113813535
2014-06-03,0.0018482904,0.0020680438,0.0033620925,0.0045255300,0.0058646995,0.0069547541,0.0093354400,0.0107120132,0.0108579983,0.0108406837,0.0105465815
2014-06-02,0.0018541996,0.0020450628,0.0033144076,0.0045080647,0.0058187303,0.0069280116,0.0093408244,0.0106979833,0.0107636811,0.0108450878,0.0107659235
2014-05-30,0.0017956871,0.0021174394,0.0032779143,0.0046619832,0.0059514230,0.0071188883,0.0095133936,0.0109138911,0.0108984716,0.0109743676,0.0109021835
2014-05-29,0.0012750953,0.0017048851,0.0028626254,0.0041909472,0.0054613554,0.0066121706,0.0089114284,0.0102844647,0.0105420635,0.0108024069,0.0107701717
2014-05-28,0.0012665440,0.0017669946,0.0029393931,0.0042749757,0.0055926610,0.0066489311,0.0090556151,0.0103889529,0.0107517280,0.0112284319,0.0110607971
2014-05-27,0.0014464382,0.0018818616,0.0030866435,0.0045024901,0.0058142719,0.0069071307,0.0093622967,0.0107383544,0.0109804213,0.0111349770,0.0109169880
2014-05-26,0.0017385645,0.0021102850,0.0034282366,0.0047844849,0.0061396010,0.0072464646,0.0096305178,0.0110182439,0.0112535347,0.0114794987,0.0114457732
2014-05-23,0.0017384202,0.0021102748,0.0034282425,0.0047848691,0.0061401553,0.0072471033,0.0096311694,0.0110189278,0.0112549613,0.0114812786,0.0114474350
2014-05-22,0.0017687794,0.0022137877,0.0034559255,0.0049270745,0.0062745041,0.0074235816,0.0098627792,0.0112343063,0.0115784432,0.0119109689,0.0118297308
2014-05-21,0.0017894982,0.0022322119,0.0034739265,0.0048914565,0.0061937174,0.0073787835,0.0097799474,0.0111584065,0.0113736125,0.0115822779,0.0115715644
2014-05-20,0.0020776382,0.0023803877,0.0037238122,0.0050492609,0.0064448488,0.0075722472,0.0099644400,0.0113541227,0.0114704850,0.0114181031,0.0111614683
2014-05-19,0.0017327036,0.0021359680,0.0033866174,0.0047910872,0.0061098126,0.0072633667,0.0096220776,0.0110469987,0.0112849133,0.0114942641,0.0113787077
2014-05-16,0.0016390322,0.0018945527,0.0030765961,0.0044816407,0.0058194099,0.0069431617,0.0093955848,0.0107275375,0.0108285166,0.0107653227,0.0104133395
2014-05-15,0.0013815440,0.0017942548,0.0030679904,0.0044629700,0.0058231691,0.0069410280,0.0092913076,0.0106638339,0.0109306851,0.0112296532,0.0110667904
2014-05-14,0.0010385941,0.0014547817,0.0026683387,0.0040183829,0.0053366012,0.0064075656,0.0086901004,0.0100450833,0.0103410678,0.0107177113,0.0104786156
2014-05-13,0.0010005557,0.0013119483,0.0025618291,0.0038528835,0.0051380262,0.0062265705,0.0085111573,0.0098582682,0.0101026258,0.0104363409,0.0102722386
2014-05-12,0.0008098755,0.0011634103,0.0023550947,0.0036839407,0.0049741719,0.0061065830,0.0084609259,0.0098645594,0.0100269766,0.0101856965,0.0099824417
2014-05-09,0.0006555340,0.0010316896,0.0021650434,0.0035224059,0.0048155429,0.0059889076,0.0084109910,0.0098708546,0.0099518938,0.0099410717,0.0097008204
2014-05-08,0.0006079430,0.0009994050,0.0021214817,0.0034774408,0.0047639600,0.0059781296,0.0084383974,0.0098971231,0.0099587927,0.0099743070,0.0097089697
2014-05-07,0.0006835427,0.0010764041,0.0022342075,0.0036773350,0.0050709711,0.0062679012,0.0087342038,0.0101392159,0.0103122920,0.0103290856,0.0099217815
2014-05-06,0.0006904405,0.0010269526,0.0022219229,0.0037285705,0.0051532138,0.0063605239,0.0088869748,0.0103547446,0.0104739787,0.0103301126,0.0100646898
2014-05-05,0.0006562761,0.0010122083,0.0021389312,0.0036566237,0.0050450871,0.0062797820,0.0087981649,0.0102376935,0.0104726324,0.0103286313,0.0100166858
2014-05-02,0.0006562787,0.0010122699,0.0021390482,0.0036567991,0.0050453975,0.0062800677,0.0087983432,0.0102377091,0.0104725844,0.0103285913,0.0100168349
2014-05-01,0.0007127994,0.0011217459,0.0022843252,0.0036701922,0.0050741641,0.0063396712,0.0088054678,0.0102488947,0.0103553918,0.0103801131,0.0100343420
2014-04-30,0.0007321063,0.0010957342,0.0023161228,0.0036373748,0.0050336755,0.0063024759,0.0087595887,0.0101950924,0.0102942284,0.0103144689,0.0099856186
2014-04-29,0.0008701110,0.0012896348,0.0024514061,0.0038927466,0.0052485508,0.0065418649,0.0090149988,0.0104443151,0.0104772422,0.0104777479,0.0104411064
2014-04-28,0.0010564855,0.0013798095,0.0026052753,0.0040664370,0.0054928239,0.0067690984,0.0092670014,0.0107466922,0.0109553060,0.0108127565,0.0105386186
2014-04-25,0.0009805351,0.0014072367,0.0026110084,0.0040756623,0.0055012731,0.0067935921,0.0092390004,0.0106919468,0.0106376172,0.0107202319,0.0106238014
2014-04-24,0.0007860550,0.0011137228,0.0023586676,0.0038213686,0.0052532525,0.0065683946,0.0090878876,0.0106046383,0.0106935485,0.0106066011,0.0103826162
2014-04-23,0.0006479687,0.0010291528,0.0022364433,0.0036672602,0.0050794058,0.0064127727,0.0089240516,0.0103996784,0.0104678837,0.0104450218,0.0102184308
2014-04-22,0.0005267084,0.0009714973,0.0021625441,0.0036116963,0.0050895208,0.0064211690,0.0089436858,0.0104544311,0.0105331279,0.0104226005,0.0103080013
2014-04-21,0.0007089638,0.0011691505,0.0023314265,0.0037629650,0.0052508488,0.0065841979,0.0090790989,0.0105420999,0.0105640415,0.0105816062,0.0103214820
2014-04-18,0.0007089472,0.0011691140,0.0023314017,0.0037630565,0.0052509183,0.0065841940,0.0090790436,0.0105420785,0.0105639328,0.0105813349,0.0103214683
2014-04-17,0.0007089503,0.0011690147,0.0023307172,0.0037619777,0.0052498243,0.0065832255,0.0090787236,0.0105423841,0.0105645182,0.0105821726,0.0103219689
2014-04-16,0.0007024149,0.0011430733,0.0023788921,0.0038296109,0.0052766606,0.0066822525,0.0092261589,0.0106781978,0.0106959641,0.0106795044,0.0105117361
2014-04-15,0.0008007261,0.0012545199,0.0025105188,0.0039503353,0.0054094607,0.0068098152,0.0093332291,0.0107839529,0.0106900701,0.0106809348,0.0107586185
2014-04-14,0.0007287318,0.0011707373,0.0024210750,0.0039011056,0.0053365735,0.0066971342,0.0092233820,0.0107001317,0.0107161005,0.0106807959,0.0104652824
2014-04-11,0.0009666228,0.0013937257,0.0026559842,0.0041736159,0.0056860270,0.0070422290,0.0095747862,0.0111146600,0.0111357055,0.0110339302,0.0108842060
2014-04-10,0.0006956160,0.0012212526,0.0024324577,0.0038672200,0.0053397391,0.0066925031,0.0091611665,0.0106587609,0.0105021901,0.0105362866,0.0105882715
2014-04-09,0.0006325530,0.0011019818,0.0024093756,0.0038715865,0.0053405542,0.0067085108,0.0092341088,0.0107114950,0.0107837783,0.0107775893,0.0106018370
2014-04-08,0.0006163028,0.0010242239,0.0024202338,0.0039653961,0.0055337025,0.0069883319,0.0095432146,0.0111042399,0.0111977525,0.0111614813,0.0109464642
2014-04-07,0.0006190408,0.0010733489,0.0023829810,0.0038829773,0.0054840550,0.0069340479,0.0094710701,0.0110172998,0.0111373815,0.0110960157,0.0109140901
2014-04-04,0.0005588449,0.0010312483,0.0023430232,0.0038354594,0.0054265250,0.0068807737,0.0094167863,0.0109408931,0.0110588775,0.0109659464,0.0108467268
2014-04-03,0.0006297039,0.0011275644,0.0025605764,0.0040916688,0.0057694967,0.0072294033,0.0097882233,0.0112898011,0.0113038115,0.0112813470,0.0112640545
2014-04-02,0.0005337632,0.0010135161,0.0025094994,0.0042119551,0.0058906314,0.0073764683,0.0100452704,0.0115530783,0.0117040510,0.0116010386,0.0113856842
2014-04-01,0.0005961760,0.0011995942,0.0026456718,0.0043288705,0.0060445422,0.0074754173,0.0100453045,0.0115357530,0.0119182873,0.0121112330,0.0117672484
2014-03-31,0.0006864039,0.0013696738,0.0027284152,0.0043172645,0.0060815168,0.0075992439,0.0100863122,0.0116300544,0.0120314679,0.0120307281,0.0118652199
2014-03-28,0.0007904651,0.0013851399,0.0027608579,0.0044143495,0.0062237420,0.0077276784,0.0102753727,0.0117315888,0.0120821398,0.0123172595,0.0121797697
2014-03-27,0.0009589465,0.0015163426,0.0028799375,0.0045466934,0.0063944193,0.0079069785,0.0104270836,0.0118308612,0.0123072386,0.0126006160,0.0125225890
2014-03-26,0.0009163878,0.0014785039,0.0028806752,0.0045520419,0.0063843080,0.0079124926,0.0105236739,0.0119822243,0.0123577768,0.0126257154,0.0123490599
2014-03-25,0.0010342537,0.0015092853,0.0030082746,0.0047009954,0.0065227895,0.0080407334,0.0106983357,0.0122520660,0.0124951805,0.0126275856,0.0124678650
2014-03-24,0.0010500616,0.0014841337,0.0030053281,0.0046502120,0.0064246500,0.0079989297,0.0106348189,0.0122850275,0.0124359521,0.0123094822,0.0121229132
2014-03-21,0.0010953532,0.0014941467,0.0029738617,0.0046456755,0.0063815350,0.0079331074,0.0105859015,0.0121884788,0.0123881798,0.0125704590,0.0125665405
2014-03-20,0.0010776587,0.0015758584,0.0030857753,0.0047190811,0.0064497252,0.0080767804,0.0105886277,0.0122420739,0.0125567163,0.0127634171,0.0126532313
2014-03-19,0.0006358610,0.0011605571,0.0026027113,0.0042839405,0.0060620054,0.0076767873,0.0103563156,0.0120477990,0.0121192512,0.0120592943,0.0118915337
2014-03-18,0.0007461700,0.0012540285,0.0027307809,0.0043958179,0.0062448153,0.0078459889,0.0104431044,0.0120322375,0.0121284048,0.0120853022,0.0119312352
2014-03-17,0.0008722350,0.0014749271,0.0029703396,0.0046297799,0.0064568185,0.0080643742,0.0106757756,0.0122627582,0.0123711457,0.0122259542,0.0121649909
2014-03-14,0.0011965631,0.0016353254,0.0031355193,0.0048552967,0.0067313454,0.0083641860,0.0110014595,0.0125768276,0.0126432442,0.0125851878,0.0124212147
2014-03-13,0.0009415418,0.0015026709,0.0029894827,0.0046941968,0.0064932994,0.0081110346,0.0106776027,0.0122415908,0.0125851399,0.0129063159,0.0129160195
2014-03-12,0.0007355642,0.0012086828,0.0027138613,0.0044213363,0.0062271221,0.0078951573,0.0105056600,0.0121029341,0.0121706808,0.0121139565,0.0119785065
2014-03-11,0.0007423453,0.0013118820,0.0027572971,0.0043841049,0.0061267205,0.0078266567,0.0103628077,0.0120688332,0.0123438952,0.0126497449,0.0124938592
2014-03-10,0.0008800379,0.0014394676,0.0029282703,0.0046132640,0.0063526081,0.0079601390,0.0104236190,0.0120025985,0.0127379601,0.0130775392,0.0133835138
2014-03-07,0.0006702306,0.0011060278,0.0026256373,0.0043736376,0.0061864807,0.0078347668,0.0104107943,0.0120983510,0.0124949472,0.0127753295,0.0124411331
2014-03-06,0.0006718105,0.0011341726,0.0026379400,0.0043613686,0.0061126779,0.0078278608,0.0103904748,0.0120387278,0.0124295012,0.0127401749,0.0125159183
2014-03-05,0.0008095878,0.0012941334,0.0028342799,0.0045673950,0.0063602892,0.0079269489,0.0105106934,0.0120088606,0.0124044097,0.0125459177,0.0123664375
2014-03-04,0.0008903923,0.0013155863,0.0028845943,0.0046294726,0.0064320063,0.0080529379,0.0106737110,0.0122228450,0.0125916770,0.0128349202,0.0126914517
2014-03-03,0.0009995803,0.0014917817,0.0030558571,0.0047904101,0.0066173153,0.0082684129,0.0108342079,0.0124273953,0.0128814990,0.0131286167,0.0130013904
2014-02-28,0.0007664256,0.0013094159,0.0028753440,0.0045111424,0.0063113245,0.0079476945,0.0105642104,0.0121749402,0.0123816598,0.0124864140,0.0123649350
2014-02-27,0.0008570952,0.0014329761,0.0030151332,0.0046668514,0.0065645505,0.0081650355,0.0108289563,0.0124285762,0.0127445398,0.0129812425,0.0126886517
2014-02-26,0.0008148084,0.0013470374,0.0029709774,0.0046105181,0.0064555134,0.0081295574,0.0107356018,0.0124645014,0.0128614270,0.0131410308,0.0127588854
2014-02-25,0.0008320286,0.0011217038,0.0027688714,0.0045193886,0.0064326403,0.0079699676,0.0106399801,0.0121819879,0.0122133098,0.0120592297,0.0119628475
2014-02-24,0.0007788134,0.0012931651,0.0028826467,0.0046099297,0.0064168885,0.0080818381,0.0107256361,0.0123237119,0.0123996296,0.0122592645,0.0122180585
2014-02-21,0.0009770275,0.0016471555,0.0032149502,0.0048062555,0.0065911424,0.0082264139,0.0107138783,0.0122552045,0.0128950986,0.0130852827,0.0130739555
2014-02-20,0.0010722553,0.0015986583,0.0031497414,0.0048205162,0.0066682044,0.0083673751,0.0109727901,0.0126335308,0.0131292688,0.0133719695,0.0131772974
2014-02-19,0.0009992920,0.0014256423,0.0029755190,0.0047393687,0.0066988051,0.0082685864,0.0109525003,0.0125252680,0.0125460624,0.0125297725,0.0123170180
2014-02-18,0.0008446445,0.0014348560,0.0029939563,0.0046028617,0.0064251114,0.0080750884,0.0106592396,0.0122548134,0.0125429927,0.0126720125,0.0124676844
2014-02-17,0.0008341162,0.0014486475,0.0029791600,0.0045406642,0.0063893803,0.0080659116,0.0105908791,0.0122145168,0.0124988971,0.0126867308,0.0124521077
2014-02-14,0.0010681095,0.0015494436,0.0031546801,0.0048465306,0.0066868036,0.0082315531,0.0108166887,0.0123818918,0.0126907383,0.0128251842,0.0126599746
2014-02-13,0.0011785990,0.0017003988,0.0033438579,0.0049988677,0.0068724567,0.0084542594,0.0110532804,0.0126401694,0.0129099063,0.0130614155,0.0128767220
2014-02-12,0.0010675266,0.0015269479,0.0030923024,0.0048293279,0.0067166615,0.0083452068,0.0109147576,0.0124892958,0.0125208414,0.0124580355,0.0123519827
2014-02-11,0.0011873532,0.0015639179,0.0031490314,0.0049027329,0.0067730838,0.0084188793,0.0110202010,0.0125918624,0.0126053105,0.0125508831,0.0124223905
2014-02-10,0.0012787468,0.0016669138,0.0033438397,0.0051118268,0.0069626369,0.0085549627,0.0111806324,0.0127374460,0.0127955645,0.0127777190,0.0125892912
2014-02-07,0.0012624325,0.0017083919,0.0033896483,0.0051083767,0.0069206201,0.0085435899,0.0111521985,0.0127279564,0.0129583365,0.0131252438,0.0129369716
2014-02-06,0.0014164425,0.0018671396,0.0034786404,0.0051648867,0.0070421449,0.0086741678,0.0113486792,0.0130701012,0.0133641437,0.0136184348,0.0133011694
2014-02-05,0.0014318961,0.0019399614,0.0036047408,0.0053557956,0.0072172324,0.0088841584,0.0115173662,0.0131663999,0.0132866068,0.0134083844,0.0132223368
2014-02-04,0.0015514283,0.0020119648,0.0037207313,0.0054817866,0.0073847937,0.0090141038,0.0116117578,0.0132101793,0.0133008109,0.0135266560,0.0134441711
2014-02-03,0.0019632599,0.0024699711,0.0041232398,0.0058088968,0.0077127992,0.0093491948,0.0118356663,0.0135386431,0.0134817746,0.0134850165,0.0135739827
2014-01-31,0.0018331554,0.0023161351,0.0040144073,0.0057537799,0.0076649776,0.0093284547,0.0119458282,0.0134883601,0.0134666583,0.0133675411,0.0132567281
2014-01-30,0.0015093047,0.0020649743,0.0037297161,0.0055479434,0.0074760016,0.0091290395,0.0117869567,0.0133362821,0.0134924570,0.0138617491,0.0136767280
2014-01-29,0.0016452338,0.0022277813,0.0039039997,0.0057188395,0.0075975489,0.0092442509,0.0119333247,0.0134665100,0.0136352193,0.0138270713,0.0136048969
2014-01-28,0.0014493756,0.0019238455,0.0035501894,0.0052516727,0.0071220359,0.0087791073,0.0114633791,0.0130993141,0.0132532615,0.0134709043,0.0132082849
2014-01-27,0.0018271444,0.0022781462,0.0039153474,0.0056510753,0.0076374383,0.0092660542,0.0118934035,0.0135296601,0.0134565599,0.0133526127,0.0132614283
2014-01-24,0.0019481067,0.0024565573,0.0041132598,0.0058667257,0.0076865959,0.0093115976,0.0118976374,0.0134788368,0.0134614464,0.0133488479,0.0132691479
2014-01-23,0.0011874116,0.0017333259,0.0033318673,0.0050007843,0.0067845015,0.0084138447,0.0110318535,0.0126334278,0.0129244794,0.0130869689,0.0128617483
2014-01-22,0.0011346743,0.0015882789,0.0031640112,0.0046877560,0.0064790556,0.0080474567,0.0106117002,0.0123045923,0.0130002241,0.0133044745,0.0135744453
2014-01-21,0.0009353037,0.0013910736,0.0029629119,0.0044693233,0.0063872158,0.0079960177,0.0105488898,0.0121699705,0.0123265053,0.0122215063,0.0119573608
2014-01-20,0.0009912539,0.0013952588,0.0029545413,0.0044675760,0.0064150226,0.0080205976,0.0105941959,0.0121810150,0.0122925919,0.0122174722,0.0119542783
2014-01-17,0.0007359287,0.0014072983,0.0029012058,0.0044329471,0.0061985425,0.0078542687,0.0103895260,0.0119504990,0.0124234404,0.0127461777,0.0124970716
2014-01-16,0.0006244007,0.0012983279,0.0028133272,0.0043956234,0.0062047663,0.0078490299,0.0103923889,0.0119335719,0.0122003539,0.0123908741,0.0120915669
2014-01-15,0.0007227075,0.0013998656,0.0028918682,0.0044149423,0.0061339173,0.0078366992,0.0103759408,0.0119468942,0.0124400951,0.0127790934,0.0124986527
2014-01-14,0.0010328515,0.0015188564,0.0030548209,0.0046662131,0.0066151622,0.0082953567,0.0108953060,0.0124336291,0.0127855901,0.0129854466,0.0126627504
2014-01-13,0.0009992333,0.0014927441,0.0029915061,0.0045267383,0.0064005667,0.0081361424,0.0106872013,0.0122247944,0.0124868197,0.0128687590,0.0126574310
2014-01-10,0.0007693398,0.0011491135,0.0027762968,0.0044504175,0.0063130941,0.0078910911,0.0105394254,0.0119223942,0.0120308730,0.0120893642,0.0120321938
2014-01-09,0.0008048930,0.0012452493,0.0028464088,0.0044079269,0.0061810037,0.0077884146,0.0103717116,0.0118629076,0.0119038017,0.0118358482,0.0119045397
2014-01-08,0.0008493196,0.0013992746,0.0029895294,0.0044982019,0.0061825492,0.0078047391,0.0104131844,0.0119147243,0.0123154077,0.0124997879,0.0125933441
2014-01-07,0.0006954921,0.0009678477,0.0027159046,0.0042788398,0.0062428348,0.0078158505,0.0105610254,0.0118870942,0.0118281150,0.0119673771,0.0118279753
2014-01-06,0.0006785293,0.0011087610,0.0027298346,0.0043481535,0.0061458115,0.0079085841,0.0105827377,0.0119461099,0.0119847813,0.0119286817,0.0119273475
2014-01-03,0.0005430360,0.0010167364,0.0026399015,0.0043522560,0.0062576702,0.0079127820,0.0106038931,0.0119592476,0.0119897383,0.0119747205,0.0119665891
2014-01-02,0.0008038353,0.0011306077,0.0027979149,0.0045243170,0.0064549837,0.0081426557,0.0109887674,0.0123656836,0.0124098210,0.0123806203,0.0120810249
2014-01-01,0.0009513806,0.0011990127,0.0029914311,0.0046162392,0.0065018104,0.0082376124,0.0111050308,0.0124946601,0.0124612268,0.0125252489,0.0124843682
2013-12-31,0.0009515643,0.0011992339,0.0029915568,0.0046164494,0.0065019146,0.0082377491,0.0111049150,0.0124941405,0.0124609094,0.0125252418,0.0124827297
2013-12-30,0.0008996940,0.0012188502,0.0028863571,0.0046449285,0.0064609707,0.0082625705,0.0111346074,0.0125382749,0.0125186420,0.0124931964,0.0122777380
2013-12-27,0.0008555234,0.0011759753,0.0028424380,0.0045819797,0.0065363434,0.0082099091,0.0110688741,0.0124371485,0.0123933182,0.0124416790,0.0124390314
2013-12-26,0.0008490422,0.0011372703,0.0029246839,0.0045360795,0.0064705289,0.0081713290,0.0109915319,0.0124183728,0.0127342740,0.0130762199,0.0128883581
2013-12-25,0.0008491044,0.0011374359,0.0029246701,0.0045362067,0.0064706227,0.0081714045,0.0109914885,0.0124182345,0.0127342761,0.0130766021,0.0128886310
2013-12-24,0.0008491359,0.0011374894,0.0029245155,0.0045361780,0.0064706305,0.0081715056,0.0109913815,0.0124179069,0.0127342937,0.0130767589,0.0128889974
2013-12-23,0.0008777008,0.0011567401,0.0029343860,0.0045543054,0.0064959302,0.0081962423,0.0110115893,0.0124378309,0.0127348080,0.0130770133,0.0129310013
2013-12-20,0.0007706822,0.0010778897,0.0027983664,0.0044349767,0.0063358017,0.0081277011,0.0109127982,0.0123730861,0.0126194915,0.0128916517,0.0125999312
2013-12-19,0.0006815932,0.0010100058,0.0025650881,0.0042264793,0.0061174365,0.0080141163,0.0108408883,0.0122615944,0.0122259397,0.0121682595,0.0119884843
2013-12-18,0.0008022003,0.0011397681,0.0028038849,0.0045374604,0.0064597088,0.0081841835,0.0110888363,0.0125355868,0.0124605070,0.0124141545,0.0122275178
2013-12-17,0.0009425587,0.0012587123,0.0029890642,0.0046791898,0.0065209188,0.0082939208,0.0111583462,0.0126419707,0.0130409660,0.0132429420,0.0134171562
2013-12-16,0.0009713259,0.0013125185,0.0029598849,0.0046619118,0.0065847003,0.0083725050,0.0112816640,0.0127099968,0.0126769710,0.0126386492,0.0124174744
2013-12-13,0.0010546185,0.0013993017,0.0030523159,0.0048111989,0.0067779864,0.0084853024,0.0113889996,0.0127964747,0.0127502423,0.0127350012,0.0125122818
2013-12-12,0.0010113091,0.0013539764,0.0030464339,0.0047880705,0.0066797982,0.0084747436,0.0113457247,0.0127677252,0.0129184131,0.0130730066,0.0128581577
2013-12-11,0.0010836740,0.0013945875,0.0030581635,0.0046507838,0.0066611215,0.0083680076,0.0112558218,0.0128049296,0.0126079423,0.0125765712,0.0124516112
2013-12-10,0.0011208077,0.0014310935,0.0031001269,0.0046649876,0.0066662296,0.0083786810,0.0112366446,0.0128846107,0.0126712719,0.0125774252,0.0124598881
2013-12-09,0.0011668171,0.0015515807,0.0031356796,0.0048773499,0.0068226727,0.0086397202,0.0114898094,0.0132373250,0.0134885558,0.0138282794,0.0134452402
2013-12-06,0.0013092468,0.0016498148,0.0032280726,0.0050060256,0.0068889171,0.0088595015,0.0117461475,0.0135029383,0.0137705804,0.0142666213,0.0139457201
2013-12-05,0.0011836010,0.0016376197,0.0032976505,0.0052095791,0.0071488017,0.0089483297,0.0118089424,0.0136037694,0.0140139204,0.0146607596,0.0141456387
2013-12-04,0.0012847420,0.0016092871,0.0033144264,0.0050506556,0.0069720673,0.0087930350,0.0116250794,0.0133341538,0.0136591355,0.0140119840,0.0137722862
2013-12-03,0.0012031676,0.0015157743,0.0031957007,0.0049353756,0.0069268202,0.0086819821,0.0114997199,0.0131836173,0.0135497398,0.0139054664,0.0136884341
2013-12-02,0.0008927693,0.0012921255,0.0028952147,0.0046166085,0.0065331420,0.0082767953,0.0111279850,0.0130186073,0.0132755085,0.0136930376,0.0132592201
2013-11-29,0.0008090283,0.0012362936,0.0027806493,0.0046360394,0.0065029066,0.0082170732,0.0110817860,0.0129609372,0.0131143451,0.0134832608,0.0130919181
2013-11-28,0.0007201847,0.0010893378,0.0026340590,0.0043625421,0.0062414375,0.0079635602,0.0109429256,0.0130074497,0.0131916838,0.0135429687,0.0133626362
2013-11-27,0.0006508098,0.0009766243,0.0026227463,0.0043810788,0.0062881196,0.0080070520,0.0110538447,0.0131679330,0.0134065461,0.0136681700,0.0135473946
2013-11-26,0.0007410668,0.0011115805,0.0027898931,0.0045455946,0.0065012440,0.0082173704,0.0113776405,0.0135390330,0.0136112575,0.0135626061,0.0135255815
2013-11-25,0.0005067577,0.0009556982,0.0027313744,0.0045001988,0.0065030428,0.0082568234,0.0113956689,0.0135744061,0.0136376508,0.0136272760,0.0135981389
2013-11-22,0.0003465321,0.0008216761,0.0026740830,0.0044552563,0.0065048421,0.0082964658,0.0114137259,0.0136098716,0.0136640953,0.0136922542,0.0136710854
2013-11-21,0.0006454172,0.0010156330,0.0028123963,0.0046271489,0.0066575175,0.0085477460,0.0116455433,0.0137150126,0.0140372653,0.0142282963,0.0141356370
2013-11-20,0.0006137049,0.0010208109,0.0028364233,0.0047537957,0.0067901760,0.0086751044,0.0118415245,0.0139592013,0.0140155247,0.0140466754,0.0139385855
2013-11-19,0.0006088602,0.0011775656,0.0030282277,0.0048854771,0.0068567744,0.0086675780,0.0117974794,0.0139548713,0.0140915300,0.0140471620,0.0140111217
2013-11-18,0.0006725960,0.0011823553,0.0030882588,0.0048852432,0.0068267731,0.0086756826,0.0117483687,0.0138968113,0.0142166170,0.0145001915,0.0143344182
2013-11-15,0.0008049783,0.0012049695,0.0030567925,0.0049588237,0.0070481120,0.0089202952,0.0120791390,0.0142312333,0.0142867930,0.0142920499,0.0142912305
2013-11-14,0.0008870676,0.0013803809,0.0032125726,0.0050704916,0.0071411691,0.0090286097,0.0121121288,0.0142838462,0.0143680172,0.0143749195,0.0142828571
2013-11-13,0.0008465495,0.0014060961,0.0032612058,0.0051660501,0.0072097079,0.0090542581,0.0120780103,0.0142317455,0.0146475689,0.0148599696,0.0147910597
2013-11-12,0.0006494078,0.0012454867,0.0030414006,0.0049339298,0.0069506792,0.0087431651,0.0118691224,0.0140047643,0.0141000009,0.0140643290,0.0140524168
2013-11-11,0.0004973282,0.0009791150,0.0027304553,0.0046284364,0.0067027277,0.0085554604,0.0117848380,0.0139339736,0.0139535599,0.0139436579,0.0138849978
2013-11-08,0.0005623655,0.0011393658,0.0029542452,0.0048345882,0.0069147794,0.0087355454,0.0118831230,0.0140804057,0.0141547606,0.0141448337,0.0141649866
2013-11-07,0.0007435631,0.0011847284,0.0029954665,0.0047793101,0.0068154291,0.0087815093,0.0118959035,0.0140574951,0.0142923189,0.0145309588,0.0144631195
2013-11-06,0.0004557418,0.0010633858,0.0030697199,0.0050494208,0.0072558396,0.0092805419,0.0123770270,0.0145260952,0.0148444952,0.0150285474,0.0149728748
2013-11-05,0.0006066297,0.0010915039,0.0031290386,0.0051565283,0.0074497433,0.0094999699,0.0127716945,0.0148894200,0.0148747787,0.0148206922,0.0148807411
2013-11-04,0.0005648285,0.0010899472,0.0031371284,0.0051022825,0.0074181100,0.0095152508,0.0126923330,0.0148311043,0.0148068134,0.0148476673,0.0147997015
2013-11-01,0.0006138829,0.0011542438,0.0031911337,0.0051219446,0.0074658008,0.0095647252,0.0127373797,0.0148870179,0.0149522444,0.0149808334,0.0149249003
2013-10-31,0.0008059007,0.0013728091,0.0033084534,0.0052870457,0.0076493136,0.0098071251,0.0130413810,0.0151332570,0.0154139175,0.0158056355,0.0155665952
2013-10-30,0.0009498669,0.0014895677,0.0034973447,0.0055242335,0.0079576001,0.0100438913,0.0132223307,0.0153015549,0.0153035060,0.0153484077,0.0152840512
2013-10-29,0.0006666670,0.0012793774,0.0032074048,0.0053096154,0.0077251689,0.0099879074,0.0132081009,0.0152985714,0.0157034539,0.0161184080,0.0158656670
2013-10-28,0.0009949678,0.0016543100,0.0035219475,0.0056357565,0.0081896459,0.0104632032,0.0136525962,0.0157850162,0.0158489827,0.0157889014,0.0158344466
2013-10-25,0.0011898534,0.0017693124,0.0036932647,0.0058659135,0.0084138204,0.0106362877,0.0138250707,0.0159153164,0.0159485818,0.0159673969,0.0159494525
2013-10-24,0.0008534745,0.0014985465,0.0034425817,0.0055953180,0.0081158907,0.0104183447,0.0137225753,0.0157671996,0.0162788423,0.0171844255,0.0164910039
2013-10-23,0.0008145642,0.0013152988,0.0032094946,0.0053458626,0.0079084673,0.0101888447,0.0134949960,0.0155007904,0.0159106793,0.0165902965,0.0160876424
2013-10-22,0.0004083144,0.0010888355,0.0030001253,0.0051914419,0.0078071916,0.0099409873,0.0131630550,0.0152298205,0.0153044289,0.0157775969,0.0152634924
2013-10-21,0.0007217495,0.0012831335,0.0031635052,0.0051828074,0.0076590645,0.0100490783,0.0133506641,0.0153890220,0.0158813742,0.0163513840,0.0161031634
2013-10-18,0.0006126822,0.0012171039,0.0031879352,0.0052745110,0.0077751561,0.0100969914,0.0132770130,0.0154217097,0.0159833691,0.0165114021,0.0161766080
2013-10-17,0.0006291783,0.0012756886,0.0032547460,0.0053440519,0.0078505486,0.0101775859,0.0133631298,0.0155066695,0.0160762860,0.0165570320,0.0162012486
2013-10-16,0.0004753785,0.0009696601,0.0029049762,0.0051278864,0.0078054127,0.0101127498,0.0132878142,0.0154002229,0.0154586806,0.0154851362,0.0154482092
2013-10-15,0.0004954290,0.0009722646,0.0030153748,0.0052268650,0.0078623610,0.0102102549,0.0133727198,0.0154745536,0.0159160209,0.0162228766,0.0160719829
2013-10-14,0.0005993499,0.0011452719,0.0032099408,0.0054824401,0.0081868654,0.0105223328,0.0136936592,0.0157678639,0.0158821055,0.0158931947,0.0157761218
2013-10-11,0.0006264201,0.0011532611,0.0032007799,0.0055434354,0.0082352716,0.0106094873,0.0137708413,0.0158484201,0.0159216050,0.0159619580,0.0158862242
2013-10-10,0.0007212460,0.0011926872,0.0032840143,0.0056290613,0.0083285853,0.0106921904,0.0138877576,0.0159326205,0.0159868802,0.0160424114,0.0159822965
2013-10-09,0.0011110366,0.0015871871,0.0036925112,0.0060811757,0.0087243935,0.0110891127,0.0142671703,0.0163104191,0.0163825791,0.0163815454,0.0163710380
2013-10-08,0.0010491903,0.0016302678,0.0037255419,0.0061052186,0.0087731916,0.0110606003,0.0143162755,0.0163092338,0.0164432706,0.0163661655,0.0163714198
2013-10-07,0.0013535786,0.0019143009,0.0039755312,0.0063024271,0.0089785424,0.0113613145,0.0145966846,0.0166440315,0.0166291148,0.0165501170,0.0165723635
2013-10-04,0.0014102600,0.0019122846,0.0038563541,0.0062503447,0.0090018327,0.0113472336,0.0145201093,0.0165323215,0.0165145985,0.0164005754,0.0163207625
2013-10-03,0.0016281971,0.0022044810,0.0043998326,0.0066838864,0.0093624316,0.0117098515,0.0148741154,0.0169425936,0.0170322174,0.0170261073,0.0170444565
2013-10-02,0.0019877200,0.0023394438,0.0046515960,0.0068233568,0.0096014249,0.0118802285,0.0150635241,0.0171189994,0.0172131338,0.0172638730,0.0172286582
2013-10-01,0.0021315192,0.0026059337,0.0048159315,0.0070095220,0.0096981850,0.0120553431,0.0152993580,0.0173448229,0.0173226110,0.0173692688,0.0172595085
2013-09-30,0.0025030644,0.0029718915,0.0051193817,0.0074721694,0.0100579012,0.0124977774,0.0156897839,0.0177419602,0.0177769253,0.0177948865,0.0177167501
2013-09-27,0.0021642460,0.0025809798,0.0048700968,0.0071137401,0.0098192913,0.0122026424,0.0154314763,0.0174739865,0.0174772716,0.0175180908,0.0174296985
2013-09-26,0.0019466183,0.0023794661,0.0046782892,0.0069424344,0.0096076954,0.0119626068,0.0151884743,0.0172138074,0.0172374922,0.0172757028,0.0171742825
2013-09-25,0.0018758288,0.0023775413,0.0046396566,0.0069160490,0.0094857250,0.0119388550,0.0151973556,0.0172287433,0.0177161923,0.0181287155,0.0178405306
2013-09-24,0.0016864422,0.0021234346,0.0044923510,0.0066427156,0.0092996246,0.0117145283,0.0148972376,0.0169458477,0.0173225688,0.0176045357,0.0174427634
2013-09-23,0.0016123134,0.0021019623,0.0041597582,0.0064541408,0.0090505555,0.0115467632,0.0147760036,0.0168246782,0.0171309868,0.0174100752,0.0172518456
2013-09-20,0.0015775509,0.0020418886,0.0040931931,0.0064755499,0.0090171558,0.0114797960,0.0146780363,0.0167435162,0.0170840235,0.0173630457,0.0172312237
2013-09-19,0.0005559039,0.0009719758,0.0028780939,0.0053157611,0.0079292638,0.0104095043,0.0136419996,0.0156775493,0.0161013154,0.0164163415,0.0162374008
2013-09-18,0.0004616536,0.0009801367,0.0030522415,0.0056430423,0.0082664033,0.0107773941,0.0139025119,0.0160109932,0.0160931279,0.0161188126,0.0161118307
2013-09-17,0.0005577541,0.0011787067,0.0032862442,0.0057644996,0.0083467295,0.0108729543,0.0140170561,0.0161124727,0.0164211303,0.0166634695,0.0166644020
2013-09-16,0.0006843582,0.0013594551,0.0034944546,0.0059328083,0.0084797211,0.0109645933,0.0141702187,0.0161915736,0.0164509619,0.0167180983,0.0166010629
2013-09-13,0.0008380493,0.0015000906,0.0037607935,0.0061755303,0.0086996049,0.0112991209,0.0144829125,0.0165721683,0.0169716446,0.0174716066,0.0172451431
2013-09-12,0.0004616910,0.0012754008,0.0034640898,0.0060646659,0.0086506704,0.0111548831,0.0142566544,0.0164216548,0.0163552244,0.0162990847,0.0163155695
2013-09-11,0.0004641806,0.0011906081,0.0033876951,0.0060369131,0.0086566730,0.0111259713,0.0142923569,0.0163862930,0.0164554429,0.0165246403,0.0164436171
2013-09-10,0.0006665057,0.0015557840,0.0037549873,0.0063335008,0.0089594984,0.0114465026,0.0145280979,0.0166412538,0.0170179153,0.0173955913,0.0171072420
2013-09-09,0.0011231717,0.0018963429,0.0041168847,0.0066452081,0.0092504534,0.0117845281,0.0148796225,0.0170054441,0.0173104510,0.0176653724,0.0174120827
2013-09-06,0.0011406489,0.0020888819,0.0042723343,0.0069128360,0.0095737207,0.0119870254,0.0151003663,0.0171576379,0.0175498345,0.0182976976,0.0176798939
2013-09-05,0.0012305125,0.0019652657,0.0041894470,0.0068669572,0.0095372342,0.0120695195,0.0152248823,0.0172665257,0.0178714321,0.0185304100,0.0180072916
2013-09-04,0.0014744602,0.0021132593,0.0043209178,0.0070012698,0.0096753496,0.0121860099,0.0152431953,0.0174393402,0.0177542405,0.0180245046,0.0180245623
2013-09-03,0.0013050617,0.0020054295,0.0042180541,0.0068982400,0.0095772630,0.0120520832,0.0151510669,0.0172889104,0.0172543370,0.0173021846,0.0172057934
2013-09-02,0.0015323823,0.0022423054,0.0044864714,0.0070353423,0.0096817023,0.0122367554,0.0153744261,0.0174966500,0.0177752744,0.0180804408,0.0178756395
2013-08-30,0.0015996747,0.0023034335,0.0045516247,0.0072766127,0.0099579210,0.0124405965,0.0156294655,0.0176729699,0.0179501567,0.0183072256,0.0180815270
2013-08-29,0.0015640663,0.0022696167,0.0045830577,0.0071011122,0.0097414310,0.0123514751,0.0156015207,0.0176293783,0.0182622011,0.0190872798,0.0185544548
2013-08-28,0.0017157912,0.0023756635,0.0047145223,0.0074327206,0.0101097445,0.0126121297,0.0157643667,0.0178672771,0.0182622513,0.0185976119,0.0185650753
2013-08-27,0.0017162962,0.0024371690,0.0046864960,0.0073364066,0.0100001268,0.0124982286,0.0155876136,0.0176936057,0.0179732763,0.0182522365,0.0180997659
2013-08-26,0.0013368182,0.0020786632,0.0043217131,0.0068082729,0.0094649297,0.0119962307,0.0151066920,0.0172104166,0.0177034716,0.0182455920,0.0179849962
2013-08-23,0.0013367253,0.0020785866,0.0043209847,0.0068072907,0.0094646972,0.0119974203,0.0151109357,0.0172181585,0.0177167322,0.0182557955,0.0179954193
2013-08-22,0.0014963835,0.0020964744,0.0044283613,0.0070125419,0.0097417890,0.0122843418,0.0154229139,0.0174956990,0.0179097740,0.0182891832,0.0180518342
2013-08-21,0.0017291412,0.0023200085,0.0045500953,0.0072286616,0.0099694537,0.0124668296,0.0155905385,0.0176941915,0.0179878251,0.0182488598,0.0181481784
2013-08-20,0.0012053699,0.0021485023,0.0044226468,0.0069515470,0.0096586124,0.0121321693,0.0152398519,0.0173172232,0.0176580183,0.0179499578,0.0177907571
2013-08-19,0.0014535968,0.0019808343,0.0043316922,0.0067764899,0.0093682767,0.0120155098,0.0151998026,0.0172811667,0.0177716036,0.0183493221,0.0181992815
2013-08-16,0.0012114622,0.0020440888,0.0042652216,0.0068591721,0.0095341675,0.0120030616,0.0150596754,0.0171982172,0.0175110843,0.0179162461,0.0176529176
2013-08-15,0.0012559268,0.0019960105,0.0042726943,0.0067826415,0.0094131772,0.0120087878,0.0151167173,0.0172955152,0.0175289392,0.0179583877,0.0177576502
2013-08-14,0.0007754921,0.0015860659,0.0038116670,0.0063758673,0.0089892838,0.0115154471,0.0146285230,0.0167393831,0.0169660376,0.0173416488,0.0171804353
2013-08-13,0.0008511341,0.0015210621,0.0037417471,0.0062480011,0.0090025928,0.0115439654,0.0146896855,0.0167207283,0.0170102722,0.0174045364,0.0171541873
2013-08-12,0.0008180384,0.0015571420,0.0037954073,0.0064748875,0.0091927505,0.0117711050,0.0147488478,0.0168247199,0.0167529967,0.0166448441,0.0167827992
2013-08-09,0.0007992012,0.0016136664,0.0038501082,0.0064782269,0.0092740960,0.0117391615,0.0148494353,0.0168791746,0.0172251403,0.0176009703,0.0173381500
2013-08-08,0.0008284460,0.0016647259,0.0039030993,0.0065335283,0.0093297521,0.0118040249,0.0149085289,0.0169475410,0.0172787892,0.0176704369,0.0173924639
2013-08-07,0.0012282490,0.0018562011,0.0040884751,0.0066846006,0.0094731608,0.0120389869,0.0150239709,0.0171184842,0.0173770361,0.0176222633,0.0173416825
2013-08-06,0.0008773894,0.0016605504,0.0038527055,0.0063954091,0.0092847878,0.0117667477,0.0147330197,0.0168675314,0.0170651699,0.0173695626,0.0170223093
2013-08-05,0.0011083069,0.0017643881,0.0039893441,0.0064933627,0.0093166325,0.0118357813,0.0145952197,0.0167352283,0.0168894647,0.0169326226,0.0168281093
2013-08-02,0.0010189877,0.0016632690,0.0038849958,0.0064987130,0.0093544202,0.0118942511,0.0148187111,0.0169051241,0.0168437855,0.0167149833,0.0166215479
2013-08-01,0.0009987304,0.0017669991,0.0040595634,0.0066973581,0.0094968841,0.0119806236,0.0149418004,0.0170479668,0.0171296233,0.0171674264,0.0171034756
2013-07-31,0.0014291429,0.0021422082,0.0044237841,0.0071244728,0.0099905935,0.0124723258,0.0154899765,0.0175148229,0.0175267164,0.0173889421,0.0173165573
2013-07-30,0.0018556321,0.0025154414,0.0047652927,0.0074437675,0.0102639992,0.0127812261,0.0157521924,0.0177662289,0.0177831521,0.0176412601,0.0175695657
2013-07-29,0.0022386445,0.0028257382,0.0051638637,0.0078477888,0.0106775066,0.0131983637,0.0162059713,0.0183407125,0.0183968294,0.0184623990,0.0183576545
2013-07-26,0.0019408370,0.0027806275,0.0052007378,0.0079088783,0.0106801958,0.0132034956,0.0161096228,0.0182768179,0.0187158599,0.0192243337,0.0191076778
2013-07-25,0.0021691316,0.0028620785,0.0052010724,0.0078094094,0.0106783382,0.0132636370,0.0162528418,0.0183754567,0.0185859324,0.0188439083,0.0187370709
2013-07-24,0.0020946248,0.0026406831,0.0049003508,0.0074771779,0.0104077445,0.0129980727,0.0159523373,0.0180307097,0.0179468049,0.0178959412,0.0176476945
2013-07-23,0.0020102122,0.0026375042,0.0049509174,0.0075118284,0.0104159977,0.0130226731,0.0158809051,0.0180895056,0.0182499151,0.0184295484,0.0182518376
2013-07-22,0.0016289657,0.0025221037,0.0048784984,0.0075711220,0.0103278006,0.0128585579,0.0158530126,0.0179795656,0.0183471782,0.0187104931,0.0184505723
2013-07-19,0.0021655730,0.0030543775,0.0053629908,0.0080943865,0.0108970475,0.0133539345,0.0163654510,0.0184140735,0.0185071272,0.0185291327,0.0184885317
2013-07-18,0.0025556102,0.0032539807,0.0057098452,0.0082576019,0.0111472029,0.0135541769,0.0165639804,0.0185570215,0.0189223087,0.0193033524,0.0190509861
2013-07-17,0.0034396372,0.0037269336,0.0060158817,0.0086170237,0.0114982127,0.0140938285,0.0169822307,0.0190250179,0.0191039626,0.0189564769,0.0188763594
2013-07-16,0.0029788213,0.0035928861,0.0059922612,0.0085501669,0.0114462424,0.0140010195,0.0168553921,0.0190735833,0.0192876732,0.0195826410,0.0194884182
2013-07-15,0.0030297447,0.0037247538,0.0060455987,0.0087233105,0.0114484909,0.0139863299,0.0169433699,0.0190249820,0.0194615646,0.0202307444,0.0196329199
2013-07-12,0.0031971762,0.0038982747,0.0062662916,0.0088763367,0.0117030514,0.0142589920,0.0170657312,0.0192655559,0.0195456479,0.0197850268,0.0197439193
2013-07-11,0.0027181557,0.0034611709,0.0058248201,0.0084926080,0.0112778769,0.0137520803,0.0167609361,0.0187855123,0.0191677232,0.0196019612,0.0192777572
2013-07-10,0.0030170116,0.0036745614,0.0062329536,0.0087362842,0.0116034491,0.0140668071,0.0169575321,0.0191689789,0.0194661449,0.0199050055,0.0197213135
2013-07-09,0.0027057815,0.0035333395,0.0059355167,0.0084325448,0.0112959425,0.0136387284,0.0166147545,0.0186046551,0.0190783701,0.0194021671,0.0191987043
2013-07-08,0.0032720878,0.0042235690,0.0065566889,0.0090879622,0.0118561159,0.0142589450,0.0172103783,0.0192414924,0.0198997605,0.0204962974,0.0201924928
2013-07-05,0.0037295713,0.0044886285,0.0069545605,0.0094498625,0.0123398553,0.0147868012,0.0176529911,0.0198310136,0.0202907348,0.0206922866,0.0206882895
2013-07-04,0.0036952388,0.0045580381,0.0068334989,0.0094543448,0.0122757581,0.0147485939,0.0176799730,0.0196998622,0.0201017575,0.0203042164,0.0202075008
2013-07-03,0.0042710750,0.0050495994,0.0074963810,0.0099836338,0.0129043261,0.0153337358,0.0182763357,0.0203061142,0.0206473149,0.0208713971,0.0207612285
2013-07-02,0.0034162828,0.0041081305,0.0066337221,0.0090574673,0.0119418802,0.0144298081,0.0171691852,0.0193655202,0.0194568758,0.0194205929,0.0194633307
2013-07-01,0.0037775649,0.0042766529,0.0067351565,0.0092795760,0.0121483978,0.0146669390,0.0175086804,0.0196462316,0.0196761396,0.0195992376,0.0196021661
2013-06-28,0.0040158272,0.0043331053,0.0068478128,0.0093391229,0.0122439240,0.0148944823,0.0176747032,0.0198511638,0.0197602128,0.0196238604,0.0195491026
2013-06-27,0.0035517205,0.0038745787,0.0063156254,0.0087563864,0.0116515612,0.0142275735,0.0171074908,0.0190945256,0.0193033698,0.0194067059,0.0192751422
2013-06-26,0.0039589099,0.0046546840,0.0069965553,0.0094420316,0.0122747600,0.0148910107,0.0176218372,0.0196554299,0.0200626046,0.0203379935,0.0202547476
2013-06-25,0.0051118470,0.0057684161,0.0081756540,0.0106163273,0.0135085181,0.0160793786,0.0188827691,0.0209191627,0.0210844301,0.0211067405,0.0210429852
2013-06-24,0.0057656547,0.0066281872,0.0089831768,0.0114725675,0.0143315494,0.0169618469,0.0197762398,0.0219013309,0.0223731198,0.0227796295,0.0225913612
2013-06-21,0.0051456035,0.0055994228,0.0080139837,0.0104617871,0.0134102362,0.0160886769,0.0189983675,0.0210266313,0.0211660575,0.0212005311,0.0211606843
2013-06-20,0.0042790990,0.0048062844,0.0073121830,0.0097980396,0.0127629286,0.0154338901,0.0183811606,0.0204025892,0.0205628645,0.0206290761,0.0205572783
2013-06-19,0.0026791081,0.0033646677,0.0058506978,0.0083052214,0.0111031291,0.0136320105,0.0163991062,0.0184261444,0.0187362673,0.0188675530,0.0187342492
2013-06-18,0.0026645468,0.0033182547,0.0058637374,0.0082739978,0.0110776559,0.0136147118,0.0163745075,0.0183787345,0.0186835682,0.0188367440,0.0186716954
2013-06-17,0.0026133275,0.0031965186,0.0056094714,0.0080674313,0.0108545842,0.0133834487,0.0162067383,0.0181847468,0.0184367784,0.0185106260,0.0184341964
2013-06-14,0.0030835611,0.0035362693,0.0059122794,0.0083399130,0.0111751682,0.0136974657,0.0164915265,0.0184527161,0.0184133625,0.0183536203,0.0181859689
2013-06-13,0.0033234138,0.0039589516,0.0063565018,0.0087720228,0.0114660033,0.0140886663,0.0169794681,0.0188594203,0.0191524615,0.0194396359,0.0192655413
2013-06-12,0.0036737769,0.0039165381,0.0063044767,0.0086829302,0.0116215423,0.0141470320,0.0170264686,0.0187449027,0.0187004084,0.0186746502,0.0184307346
2013-06-11,0.0035914282,0.0041611449,0.0063152518,0.0089544596,0.0116602281,0.0142106712,0.0170611440,0.0189371946,0.0188101689,0.0190177647,0.0187999544
2013-06-10,0.0030740980,0.0036852252,0.0059405636,0.0085033887,0.0112255659,0.0138502136,0.0166023146,0.0186021569,0.0188221432,0.0189897296,0.0188376082
2013-06-07,0.0027371952,0.0034145044,0.0058051967,0.0082722930,0.0110792898,0.0136083962,0.0163055748,0.0182751949,0.0184352949,0.0187332225,0.0184219286
2013-06-06,0.0036605092,0.0041507001,0.0065305139,0.0089934460,0.0117975006,0.0143436948,0.0171053602,0.0190771870,0.0190118876,0.0191947490,0.0190285502
2013-06-05,0.0031487913,0.0036916841,0.0060958069,0.0085394482,0.0113402307,0.0139048528,0.0167032531,0.0185997016,0.0188908568,0.0193928947,0.0191352358
2013-06-04,0.0028915754,0.0033689225,0.0056246423,0.0080820366,0.0109222050,0.0133978370,0.0161048707,0.0180159091,0.0179286281,0.0179447820,0.0179208342
2013-06-03,0.0034872856,0.0038295508,0.0061175388,0.0085220673,0.0113727069,0.0138925056,0.0166270510,0.0184268384,0.0185618642,0.0185977483,0.0185793517
2013-05-31,0.0029249913,0.0034563718,0.0056928490,0.0081706966,0.0109776499,0.0134561868,0.0162507241,0.0180721655,0.0181325399,0.0183439964,0.0180876887
2013-05-30,0.0023286226,0.0029486219,0.0053380988,0.0077516670,0.0105708184,0.0130023944,0.0156862261,0.0174402539,0.0180854684,0.0184197696,0.0186218805
2013-05-29,0.0024538865,0.0029328919,0.0050562028,0.0076403305,0.0104152405,0.0130255956,0.0157812997,0.0174945002,0.0175701062,0.0177164799,0.0177593058
2013-05-28,0.0019700579,0.0025301279,0.0046292102,0.0071408930,0.0098175962,0.0123759439,0.0150730836,0.0169336594,0.0169725351,0.0170284167,0.0169903881
2013-05-27,0.0023071722,0.0028840073,0.0052680290,0.0077060682,0.0104013751,0.0127933629,0.0157477998,0.0173819722,0.0177403304,0.0180768351,0.0179476581
2013-05-24,0.0022079573,0.0027048527,0.0051069562,0.0075659715,0.0102471548,0.0126946542,0.0157022924,0.0174050502,0.0178257323,0.0182900739,0.0180810031
2013-05-23,0.0014387884,0.0018050007,0.0039071672,0.0063999149,0.0091822775,0.0118114679,0.0145275978,0.0164058673,0.0162195360,0.0161655617,0.0162275484
2013-05-22,0.0007635385,0.0013064890,0.0035537646,0.0059741088,0.0086030211,0.0111730325,0.0140538682,0.0159072005,0.0160887999,0.0162429538,0.0162569071
2013-05-21,0.0012875423,0.0017520223,0.0041998629,0.0066717061,0.0094193308,0.0119178239,0.0147725884,0.0166182627,0.0169286355,0.0170900872,0.0171068027
2013-05-20,0.0009356253,0.0014270856,0.0038769071,0.0063451689,0.0090754537,0.0115601165,0.0143975898,0.0162303343,0.0164941307,0.0166995209,0.0166731278
2013-05-17,0.0009864711,0.0016119929,0.0042601695,0.0067978094,0.0095345185,0.0120212066,0.0148590270,0.0166904531,0.0169172290,0.0171214300,0.0170839476
2013-05-16,0.0012378794,0.0020921018,0.0046560545,0.0073351048,0.0100262935,0.0126041018,0.0154552274,0.0172943061,0.0176627129,0.0180000874,0.0180109274
2013-05-15,0.0017033243,0.0023919620,0.0050846804,0.0077058877,0.0105327188,0.0130124975,0.0157581125,0.0175826727,0.0179112531,0.0182116222,0.0181914713
2013-05-14,0.0017664720,0.0024609414,0.0050976566,0.0078198970,0.0105614318,0.0131220597,0.0159042953,0.0176305008,0.0179422692,0.0182284317,0.0182248174
2013-05-13,0.0020674866,0.0025753833,0.0053549358,0.0079497833,0.0107982487,0.0133722332,0.0161908018,0.0179730178,0.0182257501,0.0182678027,0.0181660790
2013-05-10,0.0019948800,0.0023153158,0.0051609607,0.0076828100,0.0105324370,0.0130489177,0.0157370465,0.0173781435,0.0176412997,0.0176343342,0.0176859617
2013-05-09,0.0017487470,0.0022663011,0.0048947117,0.0074877001,0.0104215632,0.0129751980,0.0156176392,0.0174297943,0.0174073745,0.0173044472,0.0174043916
2013-05-08,0.0011781916,0.0015166788,0.0041576283,0.0067367597,0.0096358258,0.0122393984,0.0148404614,0.0164996557,0.0164085163,0.0164717465,0.0164167453
2013-05-07,0.0008834794,0.0012907841,0.0038960682,0.0064689520,0.0093576635,0.0119369167,0.0145376985,0.0162027128,0.0160742170,0.0161423559,0.0160783740
2013-05-06,0.0010612903,0.0017796585,0.0042694901,0.0069295328,0.0097145066,0.0123550128,0.0151490223,0.0169670113,0.0171429780,0.0172202555,0.0173520525
2013-05-03,0.0010615541,0.0017790176,0.0042686534,0.0069257628,0.0097121943,0.0123534258,0.0151493407,0.0169700843,0.0171523970,0.0172308267,0.0173704224
2013-05-02,0.0020115128,0.0025415851,0.0051665974,0.0079484059,0.0107403483,0.0133758560,0.0161761289,0.0180215956,0.0181339851,0.0181465276,0.0181154181
2013-05-01,0.0024345082,0.0030272142,0.0056232678,0.0083979993,0.0111254139,0.0137178854,0.0166726547,0.0183308960,0.0186106694,0.0195703281,0.0188456775
2013-04-30,0.0024078713,0.0030547634,0.0055559587,0.0082681593,0.0111226289,0.0137315972,0.0163510895,0.0179700986,0.0177142754,0.0175600618,0.0177068126
2013-04-29,0.0028180371,0.0037485979,0.0064903550,0.0087865368,0.0115709979,0.0141231399,0.0167709692,0.0183382750,0.0184732356,0.0187744457,0.0187046638
2013-04-26,0.0034938335,0.0041253364,0.0065311148,0.0093054061,0.0122475551,0.0148570419,0.0172935858,0.0190477117,0.0185220676,0.0185180945,0.0184877002
2013-04-25,0.0036963615,0.0042329362,0.0066506940,0.0094408222,0.0122637956,0.0148379769,0.0173734236,0.0190066443,0.0190989881,0.0192173036,0.0193229630
2013-04-24,0.0036026923,0.0041253444,0.0066514844,0.0094457028,0.0122082338,0.0148065603,0.0173577851,0.0188124741,0.0188785193,0.0190477633,0.0189776447
2013-04-23,0.0038565781,0.0044097466,0.0069241046,0.0097127439,0.0124644713,0.0150526190,0.0176047694,0.0190513991,0.0191358967,0.0192986148,0.0191782346
2013-04-22,0.0043180095,0.0049145951,0.0073777111,0.0101552500,0.0129124148,0.0154739057,0.0180589847,0.0195082303,0.0195649061,0.0197605661,0.0197349885
2013-04-19,0.0045672345,0.0051558589,0.0077463577,0.0106220194,0.0132333834,0.0157976156,0.0183887222,0.0197474432,0.0202012347,0.0208261155,0.0202342417
2013-04-18,0.0046119315,0.0052533415,0.0077932808,0.0106637992,0.0134113635,0.0159392062,0.0183594273,0.0198225809,0.0202560130,0.0207820271,0.0202712360
2013-04-17,0.0042749590,0.0047857292,0.0072519525,0.0101566552,0.0130093139,0.0156117362,0.0180647303,0.0195434927,0.0194723184,0.0195021122,0.0194028869
2013-04-16,0.0038149059,0.0045888441,0.0071078619,0.0099944295,0.0128338553,0.0153549451,0.0177466709,0.0192526587,0.0194595036,0.0196274032,0.0194584642
2013-04-15,0.0039890441,0.0045388810,0.0071170368,0.0099781529,0.0126881553,0.0152388578,0.0177054201,0.0191687046,0.0195979387,0.0198843865,0.0195986504
2013-04-12,0.0037048114,0.0042505071,0.0070424297,0.0097371644,0.0124958973,0.0149253790,0.0173142057,0.0187672434,0.0192056235,0.0196420087,0.0191800991
2013-04-11,0.0033760145,0.0039094566,0.0067888156,0.0093849613,0.0120838189,0.0144195859,0.0167516677,0.0182405049,0.0188712010,0.0195956306,0.0197327053
2013-04-10,0.0033398331,0.0041446714,0.0065509169,0.0093123552,0.0120475039,0.0145705410,0.0170909510,0.0185557967,0.0189127126,0.0194308818,0.0191617810
2013-04-09,0.0039297464,0.0045389041,0.0070450619,0.0098856278,0.0125910619,0.0151175613,0.0176321642,0.0189997784,0.0194096775,0.0199418859,0.0194682992
2013-04-08,0.0041174951,0.0047607086,0.0072283900,0.0101125698,0.0128405387,0.0153748713,0.0178360639,0.0193124530,0.0196072996,0.0198892758,0.0196490911
2013-04-05,0.0045807622,0.0052204434,0.0076506338,0.0105726709,0.0133209598,0.0157892167,0.0181631680,0.0197033831,0.0204074788,0.0206298032,0.0202414319
2013-04-04,0.0047777250,0.0054561753,0.0079358008,0.0108044555,0.0136097893,0.0161443254,0.0186044991,0.0200856295,0.0200970817,0.0202042375,0.0200912073
2013-04-03,0.0049183883,0.0055182229,0.0083883460,0.0110655778,0.0137933791,0.0162555727,0.0187189730,0.0201562920,0.0204964498,0.0209999775,0.0205430588
2013-04-02,0.0053375615,0.0059349620,0.0088061131,0.0114868913,0.0142352887,0.0166776231,0.0191348083,0.0205631039,0.0209928125,0.0216009075,0.0210369096
2013-04-01,0.0059713651,0.0065062185,0.0093886160,0.0121602773,0.0150667205,0.0174985518,0.0199861195,0.0213847716,0.0215302036,0.0217282785,0.0213648470
2013-03-29,0.0059713946,0.0065063079,0.0093878024,0.0121600092,0.0150661086,0.0174979006,0.0199852777,0.0213839319,0.0215295418,0.0217277357,0.0213641371
2013-03-28,0.0059714191,0.0065063358,0.0093874953,0.0121600639,0.0150660780,0.0174983163,0.0199863458,0.0213855080,0.0215341827,0.0217350954,0.0213693876
2013-03-27,0.0068795232,0.0074228035,0.0101241759,0.0128345803,0.0157022799,0.0181401569,0.0206463013,0.0220617793,0.0223270971,0.0228030069,0.0223607430
2013-03-26,0.0056592810,0.0062294984,0.0086995365,0.0115626490,0.0142907127,0.0168189185,0.0193072991,0.0207028523,0.0211443099,0.0214631443,0.0211984846
2013-03-25,0.0052878743,0.0058657766,0.0083082571,0.0111217309,0.0139428487,0.0164614285,0.0189942521,0.0204555147,0.0205228480,0.0207507500,0.0205991858
2013-03-22,0.0040558668,0.0045514451,0.0073723874,0.0100356118,0.0128961876,0.0153694496,0.0178781765,0.0193360610,0.0196786005,0.0202812960,0.0198297488
2013-03-21,0.0035246057,0.0040762102,0.0065581112,0.0094370038,0.0121919657,0.0147206468,0.0172241617,0.0186181942,0.0190260271,0.0193115985,0.0190810530
2013-03-20,0.0030817332,0.0036174727,0.0061033700,0.0089839136,0.0117383662,0.0142799992,0.0167844027,0.0181861612,0.0185761410,0.0188440241,0.0186400324
2013-03-19,0.0024929074,0.0030011235,0.0054923365,0.0085246652,0.0112533826,0.0138918078,0.0165088492,0.0179347241,0.0181759065,0.0184502089,0.0182312310
2013-03-18,0.0020938060,0.0024969662,0.0052195359,0.0080425879,0.0108455630,0.0133981957,0.0160124244,0.0174446407,0.0178232264,0.0181132263,0.0178452305
2013-03-15,0.0015096830,0.0019547781,0.0047757840,0.0075891583,0.0103856898,0.0129192659,0.0155030571,0.0169552710,0.0173397085,0.0177104427,0.0173751218
2013-03-14,0.0014534370,0.0020288538,0.0045749602,0.0076068890,0.0102455806,0.0128847446,0.0155015463,0.0169484397,0.0174870462,0.0179246030,0.0176704909
2013-03-13,0.0017242308,0.0021372830,0.0047970606,0.0075395039,0.0104884211,0.0130442598,0.0154972650,0.0169053935,0.0170472396,0.0171370988,0.0170218769
2013-03-12,0.0015067085,0.0019702371,0.0044916494,0.0073870755,0.0102242680,0.0128397738,0.0153031463,0.0167005878,0.0168645678,0.0169270253,0.0167839936
2013-03-11,0.0014007401,0.0018423412,0.0045289925,0.0072335611,0.0101939945,0.0127741990,0.0149587736,0.0164530567,0.0166380040,0.0165943111,0.0164122166
2013-03-08,0.0014365113,0.0018902314,0.0044384868,0.0071347525,0.0100567120,0.0126516953,0.0148646870,0.0162945566,0.0163588563,0.0163305304,0.0163446340
2013-03-07,0.0016198936,0.0020958948,0.0045614225,0.0075164617,0.0103146234,0.0129682137,0.0151846575,0.0166613031,0.0167603861,0.0167325471,0.0166862355
2013-03-06,0.0018178889,0.0023312691,0.0048837766,0.0075792663,0.0105009032,0.0131182153,0.0153264984,0.0167602745,0.0167843582,0.0167196404,0.0167669644
2013-03-05,0.0021836584,0.0028010590,0.0052059998,0.0080236703,0.0108589732,0.0135009238,0.0156292684,0.0170665491,0.0170656964,0.0171118885,0.0170990078
2013-03-04,0.0030312231,0.0036160276,0.0059918096,0.0087656821,0.0116303228,0.0142901082,0.0163971724,0.0177727057,0.0177018180,0.0177190735,0.0177416051
2013-03-01,0.0030299034,0.0035831311,0.0059854475,0.0088086372,0.0116892397,0.0143445295,0.0164446499,0.0179065179,0.0178711467,0.0178959313,0.0178850377
2013-02-28,0.0027165540,0.0032318716,0.0056899572,0.0085514763,0.0113664120,0.0140314320,0.0161039867,0.0175769389,0.0175702334,0.0176352261,0.0175500491
2013-02-27,0.0028802701,0.0034776408,0.0058799233,0.0086774299,0.0115357572,0.0141773997,0.0162731859,0.0177413174,0.0177660684,0.0177563429,0.0177652320
2013-02-26,0.0033753730,0.0039746686,0.0064019346,0.0091412212,0.0120145013,0.0146598194,0.0166914550,0.0181439079,0.0180693341,0.0181333535,0.0180954625
2013-02-25,0.0012780860,0.0016586594,0.0043966965,0.0070259060,0.0098741389,0.0125252939,0.0146285930,0.0160107044,0.0161505413,0.0163661283,0.0162876778
2013-02-22,0.0014287692,0.0017233600,0.0043842294,0.0070552073,0.0099299514,0.0125308430,0.0146464263,0.0160398855,0.0160874384,0.0162737566,0.0161379795
2013-02-21,0.0013250606,0.0017357660,0.0043551854,0.0069458690,0.0098229153,0.0124751102,0.0145610303,0.0159654223,0.0161109341,0.0162848833,0.0162426433
2013-02-20,0.0009216610,0.0013454766,0.0038111296,0.0064469598,0.0093761400,0.0119936515,0.0139919432,0.0155043104,0.0154892501,0.0155811345,0.0155094230
2013-02-19,0.0009190623,0.0014314301,0.0040069928,0.0065171935,0.0093904496,0.0120277685,0.0139986261,0.0154502549,0.0155379445,0.0156779511,0.0156738688
2013-02-18,0.0009815532,0.0014188180,0.0040799479,0.0066084691,0.0094754573,0.0120913676,0.0141908022,0.0155464771,0.0157393293,0.0158336306,0.0159125972
2013-02-15,0.0008943416,0.0012920958,0.0037048445,0.0063007520,0.0092332970,0.0118902590,0.0139284150,0.0153032984,0.0154109889,0.0154024870,0.0154099068
2013-02-14,0.0006667309,0.0010746119,0.0034354295,0.0062569659,0.0090700054,0.0117922192,0.0138161554,0.0151597460,0.0151987106,0.0153182514,0.0152061411
2013-02-13,0.0007745291,0.0012779578,0.0038022929,0.0065583038,0.0093022257,0.0120341733,0.0140368111,0.0154025706,0.0154921736,0.0156256108,0.0156213199
2013-02-12,0.0011394001,0.0016762071,0.0042270089,0.0070187971,0.0097828155,0.0125191457,0.0145548143,0.0159328645,0.0160575119,0.0162054904,0.0161782988
2013-02-11,0.0016761574,0.0021985624,0.0046991658,0.0075116242,0.0102882344,0.0130236624,0.0150919335,0.0164814158,0.0166434804,0.0168068898,0.0167551367
2013-02-08,0.0015909229,0.0022792592,0.0047723839,0.0076599396,0.0103763123,0.0130543965,0.0151627565,0.0165812202,0.0168545912,0.0171903159,0.0169994197
2013-02-07,0.0016441943,0.0023132323,0.0049770708,0.0078645183,0.0105397568,0.0132288071,0.0155240749,0.0169681350,0.0175749985,0.0178066994,0.0178150372
2013-02-06,0.0019261868,0.0024223836,0.0049285420,0.0077749285,0.0105126236,0.0132526173,0.0153705085,0.0167375065,0.0169221953,0.0171108665,0.0170303002
2013-02-05,0.0016321902,0.0022477173,0.0048952593,0.0076557591,0.0104760128,0.0131850307,0.0152119470,0.0166743413,0.0168223647,0.0169069866,0.0169613431
2013-02-04,0.0019922083,0.0024501401,0.0053179857,0.0080185262,0.0108676161,0.0135487045,0.0156956062,0.0171213529,0.0174576603,0.0175664620,0.0175682428
2013-02-01,0.0014561793,0.0018225451,0.0046580091,0.0073175171,0.0101787783,0.0128451253,0.0148472808,0.0162254942,0.0165476425,0.0166628832,0.0166390696
2013-01-31,0.0013398462,0.0019401127,0.0043153995,0.0071807128,0.0100347937,0.0127186392,0.0147746939,0.0162036742,0.0161563515,0.0162568784,0.0161296751
2013-01-30,0.0013313765,0.0018221380,0.0043672397,0.0070987047,0.0099129693,0.0126790115,0.0146887656,0.0160862075,0.0162834280,0.0163678735,0.0164545659
2013-01-29,0.0013362433,0.0017688218,0.0040347889,0.0070715032,0.0098850075,0.0125641350,0.0146909855,0.0161295385,0.0160718741,0.0161824586,0.0161249443
2013-01-28,0.0010952180,0.0016041184,0.0039117674,0.0068170351,0.0095828561,0.0123415322,0.0144440285,0.0158287791,0.0159890458,0.0161491554,0.0160893378
2013-01-25,0.0011501798,0.0016325534,0.0040545549,0.0068665980,0.0096117226,0.0123976421,0.0143421779,0.0157184028,0.0159025706,0.0160395933,0.0160678868
2013-01-24,0.0012288875,0.0017333166,0.0042018445,0.0070253803,0.0097796555,0.0124813069,0.0144925401,0.0159398029,0.0160529136,0.0161979635,0.0161796758
2013-01-23,0.0015472309,0.0021776660,0.0046655455,0.0076293824,0.0103233351,0.0129945035,0.0150140610,0.0164398132,0.0166185467,0.0170882496,0.0168807341
2013-01-22,0.0015644070,0.0020523990,0.0045090416,0.0073429849,0.0101224076,0.0128276331,0.0148388387,0.0162776278,0.0164041207,0.0165732737,0.0165383788
2013-01-21,0.0013117598,0.0017055232,0.0041260998,0.0069982823,0.0097602706,0.0124466035,0.0144358655,0.0157923309,0.0160408880,0.0162831523,0.0162072114
2013-01-18,0.0014395505,0.0018910875,0.0042703200,0.0070708308,0.0098760390,0.0126234663,0.0146264086,0.0159996528,0.0161305015,0.0162548024,0.0162286851
2013-01-17,0.0013709964,0.0018611961,0.0041627154,0.0070128947,0.0098366009,0.0126402477,0.0146893743,0.0161032304,0.0162061750,0.0163447769,0.0163209527
2013-01-16,0.0016334817,0.0021126502,0.0045562976,0.0074505633,0.0103444252,0.0130734372,0.0151370214,0.0165709773,0.0167435893,0.0168157851,0.0168257550
2013-01-15,0.0017994445,0.0021756289,0.0048710280,0.0077608384,0.0106644844,0.0132002104,0.0152357570,0.0166266878,0.0168694492,0.0171685814,0.0169690034
2013-01-14,0.0014757345,0.0017203802,0.0041111691,0.0068857445,0.0098300725,0.0125288357,0.0144100518,0.0157084489,0.0157646564,0.0158290836,0.0158146143
2013-01-11,0.0012427394,0.0015418793,0.0038374329,0.0065946979,0.0095740810,0.0122771142,0.0140395685,0.0153286310,0.0153881905,0.0154529250,0.0155016008
2013-01-10,0.0009965859,0.0014522510,0.0036716258,0.0066809226,0.0095187753,0.0122350443,0.0141311614,0.0155415179,0.0152626926,0.0152863203,0.0153623499
2013-01-09,0.0008478293,0.0012134642,0.0035769296,0.0065903420,0.0094462337,0.0121011750,0.0140544271,0.0155239471,0.0156075980,0.0158370532,0.0157241697
2013-01-08,0.0006917700,0.0011272922,0.0037638628,0.0066428782,0.0094152201,0.0120249568,0.0140284701,0.0154326238,0.0156810221,0.0157843599,0.0158587863
2013-01-07,0.0010111367,0.0012605661,0.0037630041,0.0065204460,0.0094487034,0.0120775762,0.0140786739,0.0153689568,0.0155740399,0.0158229045,0.0156908884
2013-01-04,0.0008042143,0.0010806756,0.0035075886,0.0064711425,0.0093797292,0.0122262950,0.0141920140,0.0155419056,0.0157338075,0.0159076051,0.0158480885
2013-01-03,0.0007469534,0.0010908769,0.0036373682,0.0065275743,0.0093706507,0.0121537713,0.0140071732,0.0152890142,0.0154734697,0.0155709904,0.0155946448
2013-01-02,0.0006852920,0.0011453727,0.0038148711,0.0067586261,0.0096732249,0.0125264529,0.0143784221,0.0156700629,0.0158748577,0.0159654963,0.0160101151
2013-01-01,0.0008831828,0.0014424461,0.0043543993,0.0074776750,0.0105630137,0.0135611041,0.0154600807,0.0168828255,0.0169059467,0.0169386688,0.0169165082
2012-12-31,0.0008831981,0.0014424747,0.0043544677,0.0074777340,0.0105630084,0.0135610090,0.0154599953,0.0168827984,0.0169058632,0.0169388931,0.0169166322
2012-12-28,0.0009394943,0.0014359599,0.0043381975,0.0074827897,0.0105463015,0.0135540381,0.0154696092,0.0168193766,0.0168707360,0.0169078231,0.0168792968
2012-12-27,0.0008483625,0.0015283662,0.0044641293,0.0075774998,0.0106166463,0.0134644101,0.0151940224,0.0164344702,0.0167068515,0.0168189139,0.0168374329
2012-12-26,0.0009085325,0.0015556587,0.0044804703,0.0076138786,0.0106093059,0.0135027001,0.0152115316,0.0164882574,0.0166878948,0.0167979117,0.0168108013
2012-12-25,0.0009085615,0.0015493781,0.0044804120,0.0076075901,0.0106093165,0.0135026845,0.0152114714,0.0164943799,0.0166959404,0.0168075880,0.0168271869
2012-12-24,0.0009085790,0.0015494169,0.0044804998,0.0076076452,0.0106093065,0.0135025105,0.0152110785,0.0164936422,0.0166945900,0.0168061674,0.0168251965
2012-12-21,0.0009344366,0.0015721305,0.0044971806,0.0076272996,0.0106509969,0.0135543582,0.0152636660,0.0165417643,0.0167112481,0.0168242661,0.0168460125
2012-12-20,0.0010232586,0.0015726534,0.0043884600,0.0074765078,0.0105359472,0.0135457268,0.0152307297,0.0165313044,0.0166192994,0.0166314408,0.0166192456
2012-12-19,0.0007143818,0.0013983325,0.0042826845,0.0073529542,0.0104511982,0.0133874702,0.0152554549,0.0166355144,0.0166521579,0.0167960332,0.0167880149
2012-12-18,0.0008687297,0.0014455017,0.0044126020,0.0075394020,0.0106097477,0.0135164925,0.0154290342,0.0168066015,0.0169456456,0.0171430918,0.0170732806
2012-12-17,0.0011166993,0.0017578622,0.0050590564,0.0080661371,0.0112444105,0.0140853873,0.0160985148,0.0175481707,0.0178972620,0.0180152518,0.0180072095
2012-12-14,0.0011732139,0.0019127822,0.0051833530,0.0082022734,0.0114270181,0.0143092534,0.0162039938,0.0176604850,0.0178461314,0.0179632402,0.0180103377
2012-12-13,0.0010974628,0.0018017709,0.0049038063,0.0081229006,0.0113014326,0.0143338616,0.0160522162,0.0174957063,0.0174217987,0.0175589652,0.0173951814
2012-12-12,0.0014142303,0.0020425825,0.0053431020,0.0084023056,0.0116193646,0.0145605560,0.0163302215,0.0177617971,0.0176406077,0.0177666334,0.0176231238
2012-12-11,0.0016035465,0.0023347906,0.0054937318,0.0087138892,0.0119021542,0.0148051321,0.0165859492,0.0179929677,0.0182465318,0.0185596833,0.0183063857
2012-12-10,0.0021252486,0.0028749641,0.0059126175,0.0090368732,0.0121516350,0.0151277599,0.0167319066,0.0180081604,0.0180991941,0.0180617521,0.0181046541
2012-12-07,0.0017677482,0.0024274805,0.0053737151,0.0085291509,0.0116400465,0.0146068466,0.0162021903,0.0173924148,0.0176012057,0.0176109001,0.0175495124
2012-12-06,0.0014267185,0.0021401345,0.0052188511,0.0083275455,0.0113151778,0.0143521651,0.0159640735,0.0171216328,0.0172305652,0.0172383962,0.0172218917
2012-12-05,0.0014444923,0.0021755011,0.0052452260,0.0083551495,0.0113457875,0.0143769753,0.0159993905,0.0171733934,0.0171808464,0.0171687292,0.0171667096
2012-12-04,0.0013567088,0.0024141975,0.0054453045,0.0085900515,0.0116394044,0.0146419989,0.0163514755,0.0176851412,0.0178004212,0.0179176717,0.0178863560
2012-12-03,0.0018678163,0.0031820323,0.0062495259,0.0094007930,0.0124268010,0.0153076995,0.0169582878,0.0183142581,0.0184691322,0.0186389439,0.0185063576
2012-11-30,0.0021281778,0.0033795089,0.0065499767,0.0097972710,0.0128208923,0.0157078360,0.0172993126,0.0185570573,0.0186433967,0.0187523811,0.0187117904
2012-11-29,0.0024561176,0.0036180415,0.0068717971,0.0100544001,0.0130485149,0.0158942560,0.0174622838,0.0186289990,0.0188564821,0.0189763334,0.0189185962
2012-11-28,0.0027419480,0.0038643359,0.0071755676,0.0104160811,0.0134334932,0.0163443322,0.0179147444,0.0190217501,0.0190827201,0.0191510125,0.0191983280
2012-11-27,0.0024674320,0.0037016661,0.0069173263,0.0100289647,0.0130283470,0.0159232741,0.0176303323,0.0187577844,0.0188575583,0.0190886368,0.0189805339
2012-11-26,0.0029035400,0.0039358918,0.0070949094,0.0102236006,0.0132606167,0.0160797256,0.0178422830,0.0190567872,0.0191733590,0.0193579146,0.0192355333
2012-11-23,0.0026726155,0.0038315409,0.0069322996,0.0100988281,0.0131099369,0.0160079554,0.0176113487,0.0188234935,0.0190329825,0.0191509730,0.0190829560
2012-11-22,0.0027884931,0.0038301761,0.0069190168,0.0101022803,0.0131623029,0.0160694211,0.0176449835,0.0188835058,0.0189160726,0.0189305132,0.0188920729
2012-11-21,0.0029130018,0.0041986880,0.0073425278,0.0105021053,0.0135085624,0.0164662402,0.0180996310,0.0192772072,0.0194238508,0.0195900903,0.0195078947
2012-11-20,0.0033700225,0.0047300003,0.0078862691,0.0111151233,0.0141439249,0.0170488107,0.0187144281,0.0199720864,0.0200890135,0.0202373550,0.0201602969
2012-11-19,0.0036688653,0.0050933492,0.0082562966,0.0114977711,0.0145344214,0.0174443753,0.0191109517,0.0203761311,0.0204563869,0.0205955075,0.0205169690
2012-11-16,0.0045583296,0.0058236062,0.0089944346,0.0123123745,0.0153595644,0.0183575089,0.0200274392,0.0213799691,0.0216976060,0.0221185141,0.0220092691
2012-11-15,0.0046070758,0.0057194821,0.0090087791,0.0123930074,0.0154452668,0.0183419251,0.0200282710,0.0213092780,0.0217900864,0.0225849048,0.0222031934
2012-11-14,0.0042794980,0.0057614616,0.0089469084,0.0121478079,0.0152381491,0.0181602034,0.0198369909,0.0211016095,0.0212461415,0.0214380476,0.0213393125
2012-11-13,0.0046179021,0.0059409234,0.0089831876,0.0120953648,0.0151612085,0.0181181670,0.0196592712,0.0208552117,0.0208273473,0.0208461426,0.0208548417
2012-11-12,0.0041398236,0.0055843932,0.0087389578,0.0117048354,0.0148454338,0.0178308239,0.0194263355,0.0206052052,0.0207006037,0.0208343017,0.0208047091
2012-11-09,0.0040920316,0.0055338716,0.0087522174,0.0116646276,0.0148085784,0.0177641520,0.0193704644,0.0205064335,0.0205793326,0.0207065026,0.0206709544
2012-11-08,0.0032157803,0.0046429455,0.0078602121,0.0107708052,0.0138917702,0.0169008550,0.0185414098,0.0197625321,0.0199153265,0.0201316952,0.0199831209
2012-11-07,0.0029092600,0.0042744549,0.0072978685,0.0103525452,0.0136465253,0.0166391359,0.0182191409,0.0194623827,0.0195217728,0.0195871819,0.0196337644
2012-11-06,0.0027036633,0.0040924419,0.0071115423,0.0101254061,0.0133936979,0.0163571409,0.0179661283,0.0192253495,0.0192836159,0.0193643768,0.0194056803
2012-11-05,0.0026299092,0.0040631651,0.0070686427,0.0100166525,0.0132254874,0.0161751761,0.0177360992,0.0190117892,0.0190405573,0.0191311084,0.0191300944
2012-11-02,0.0026171596,0.0037254895,0.0068368740,0.0097822491,0.0128862995,0.0158192167,0.0174118268,0.0185480986,0.0186390194,0.0187518537,0.0187603564
2012-11-01,0.0025763260,0.0038168213,0.0069492639,0.0097684031,0.0127929259,0.0158025050,0.0173613953,0.0184067442,0.0186641723,0.0187747938,0.0187829340
2012-10-31,0.0024572449,0.0037741880,0.0068931554,0.0098416398,0.0130446442,0.0158702413,0.0174105097,0.0185576826,0.0186474886,0.0188724668,0.0187135706
2012-10-30,0.0024697256,0.0037901504,0.0069222171,0.0099216630,0.0130683997,0.0159312905,0.0175384608,0.0187339148,0.0187516219,0.0188915645,0.0188174526
2012-10-29,0.0028162461,0.0040924543,0.0071115601,0.0101585187,0.0133271341,0.0161703236,0.0177698834,0.0189945393,0.0193096851,0.0195822177,0.0194744531
2012-10-26,0.0023810136,0.0036560458,0.0067827911,0.0096933450,0.0128255351,0.0157013575,0.0172365450,0.0183823548,0.0184309233,0.0185019555,0.0184839638
2012-10-25,0.0017516512,0.0027476525,0.0059025679,0.0088581011,0.0119280557,0.0149163010,0.0164718336,0.0175029086,0.0173395218,0.0172873807,0.0174120078
2012-10-24,0.0017422143,0.0030778788,0.0062596157,0.0091177507,0.0121912829,0.0151019585,0.0166536755,0.0177105172,0.0178073113,0.0171333636,0.0178752366
2012-10-23,0.0021016024,0.0032999171,0.0064254389,0.0093414058,0.0124552098,0.0153629480,0.0168888531,0.0180030985,0.0179708901,0.0181115104,0.0180774479
2012-10-22,0.0017456575,0.0028364453,0.0059420126,0.0088685685,0.0119134824,0.0148086528,0.0163157284,0.0174162970,0.0175121793,0.0176700343,0.0175757362
2012-10-19,0.0014998956,0.0026737220,0.0058291633,0.0087334379,0.0117663916,0.0147676087,0.0163146426,0.0173876739,0.0174427168,0.0176048164,0.0174759573
2012-10-18,0.0014147727,0.0024775762,0.0055978972,0.0085339218,0.0115486585,0.0143859349,0.0158822682,0.0169470671,0.0170540753,0.0172425680,0.0171314098
2012-10-17,0.0011122697,0.0022495571,0.0052975403,0.0081883782,0.0111710350,0.0140286303,0.0154986750,0.0165872854,0.0167261862,0.0168345977,0.0167660442
2012-10-16,0.0013566462,0.0029622721,0.0060538675,0.0090309757,0.0120170774,0.0149403799,0.0163886339,0.0174985165,0.0175676131,0.0177242247,0.0176577333
2012-10-15,0.0016652230,0.0032922846,0.0064130465,0.0094366371,0.0124439128,0.0154110926,0.0168865895,0.0179407891,0.0180432965,0.0181999631,0.0181020947
2012-10-12,0.0016611034,0.0033028017,0.0063766715,0.0095067967,0.0125730144,0.0154890767,0.0170573096,0.0181125154,0.0181010135,0.0180911350,0.0180239667
2012-10-11,0.0022988144,0.0040079557,0.0071941792,0.0101775867,0.0131809273,0.0160192885,0.0173238054,0.0182975955,0.0182638106,0.0183834375,0.0182503068
2012-10-10,0.0023514448,0.0043741139,0.0076551148,0.0106485608,0.0133194475,0.0164320019,0.0177246860,0.0187255542,0.0188375309,0.0189050253,0.0189142570
2012-10-09,0.0025687813,0.0042410490,0.0075684701,0.0104947434,0.0134243659,0.0162855671,0.0176652671,0.0186237782,0.0185650849,0.0185620596,0.0184931867
2012-10-08,0.0025057449,0.0042072225,0.0078404752,0.0109448970,0.0135944619,0.0161441472,0.0174149684,0.0183034389,0.0182869679,0.0183643007,0.0182663888
2012-10-05,0.0028124810,0.0045077228,0.0080952595,0.0110088860,0.0137401734,0.0160609734,0.0173104034,0.0181873618,0.0183287537,0.0184101477,0.0182764432
2012-10-04,0.0032356530,0.0049179100,0.0087001377,0.0117162260,0.0142363697,0.0165669556,0.0178382771,0.0187354552,0.0188086447,0.0189647945,0.0187755007
2012-10-03,0.0039120418,0.0055011701,0.0092744093,0.0121896303,0.0146557711,0.0168467436,0.0180117786,0.0188559040,0.0187421168,0.0187549741,0.0187647144
2012-10-02,0.0040613544,0.0059024325,0.0094729023,0.0124163605,0.0149809301,0.0172001409,0.0184596412,0.0193501411,0.0194911872,0.0197265111,0.0195538663
2012-10-01,0.0046692898,0.0062954140,0.0099339632,0.0129221766,0.0154039409,0.0176548272,0.0189005713,0.0197825578,0.0199929195,0.0202408411,0.0201156245
2012-09-28,0.0052060605,0.0066085897,0.0100856026,0.0129681542,0.0157511893,0.0178397705,0.0190805174,0.0199173192,0.0198658428,0.0201337061,0.0198603288
2012-09-27,0.0047663168,0.0066725254,0.0103088000,0.0132406995,0.0156719549,0.0178501980,0.0191524710,0.0201112386,0.0201643580,0.0202628974,0.0202421256
2012-09-26,0.0057102420,0.0075983536,0.0112363636,0.0142385569,0.0166663327,0.0189605712,0.0202256533,0.0211594176,0.0211053262,0.0211410264,0.0210247719
2012-09-25,0.0052495360,0.0069942265,0.0106820625,0.0138050293,0.0162383742,0.0183628220,0.0196733608,0.0205582849,0.0207794988,0.0210967110,0.0208175756
2012-09-24,0.0047701726,0.0066376788,0.0104242140,0.0134763215,0.0158204001,0.0180111437,0.0193275471,0.0202715789,0.0203610607,0.0205709725,0.0203820352
2012-09-21,0.0045665258,0.0062070214,0.0099162266,0.0130075137,0.0153901591,0.0174903642,0.0187556705,0.0196413407,0.0198671493,0.0201079922,0.0199569915
2012-09-20,0.0046571445,0.0063440037,0.0100420404,0.0130812136,0.0154872149,0.0176085800,0.0188900930,0.0198230149,0.0199017228,0.0201216620,0.0199854791
2012-09-19,0.0031320087,0.0048928846,0.0090045551,0.0121549168,0.0144205687,0.0164214487,0.0177216896,0.0185332138,0.0185273604,0.0186515932,0.0185737828
2012-09-18,0.0037452431,0.0054201421,0.0094648201,0.0125847376,0.0147834227,0.0168955902,0.0181274133,0.0189731552,0.0188086969,0.0187700913,0.0188050828
2012-09-17,0.0032443738,0.0048761874,0.0089517101,0.0121841265,0.0144216231,0.0165707237,0.0177930285,0.0187002705,0.0187176385,0.0188404817,0.0187765367
2012-09-14,0.0034748887,0.0052676446,0.0090502802,0.0121072779,0.0145573070,0.0164776937,0.0176620281,0.0185720636,0.0186947148,0.0190177470,0.0188020838
2012-09-13,0.0037871968,0.0059207633,0.0098743197,0.0131417834,0.0153650967,0.0175794406,0.0188111342,0.0197249015,0.0199576914,0.0200973880,0.0199941318
2012-09-12,0.0043019274,0.0061090677,0.0099747394,0.0131441705,0.0153823327,0.0173265866,0.0185428981,0.0194557706,0.0196837055,0.0199142121,0.0197464708
2012-09-11,0.0056236617,0.0071706785,0.0110266303,0.0140825857,0.0163144238,0.0182174519,0.0194367941,0.0203398767,0.0204285428,0.0206404864,0.0203086929
2012-09-10,0.0051512814,0.0069620009,0.0109053256,0.0139979710,0.0161767385,0.0180306219,0.0192248644,0.0201512940,0.0202992919,0.0204034690,0.0203473990
2012-09-07,0.0046833241,0.0063529081,0.0100322963,0.0129858780,0.0154066231,0.0171221958,0.0182609639,0.0191513153,0.0192802924,0.0196056079,0.0194101445
2012-09-06,0.0043148588,0.0067503623,0.0107228242,0.0138249365,0.0159743276,0.0178506960,0.0190442734,0.0199622563,0.0201124769,0.0204053520,0.0201928188
2012-09-05,0.0061928444,0.0086580772,0.0124883482,0.0154463619,0.0175837760,0.0193704947,0.0204992956,0.0213548034,0.0214323303,0.0216910239,0.0213627517
2012-09-04,0.0069544587,0.0094551309,0.0131823049,0.0161545894,0.0181906440,0.0200074988,0.0210867201,0.0219038577,0.0218660857,0.0220519344,0.0219069219
2012-09-03,0.0080484434,0.0098459639,0.0138562733,0.0168640669,0.0188470507,0.0205527603,0.0215949468,0.0224800231,0.0221952189,0.0220682870,0.0221160917
2012-08-31,0.0080243205,0.0102331628,0.0141246973,0.0170629926,0.0191219555,0.0209579989,0.0221126540,0.0230107379,0.0230002202,0.0231528543,0.0229454005
2012-08-30,0.0083310707,0.0106943939,0.0143844550,0.0174356527,0.0195227866,0.0214101971,0.0225787538,0.0234346395,0.0233751467,0.0235289287,0.0233938831
2012-08-29,0.0084826096,0.0104423633,0.0141341689,0.0170891863,0.0191671306,0.0209995090,0.0222323656,0.0231410694,0.0231651393,0.0233029647,0.0232044039
2012-08-28,0.0082509688,0.0105842135,0.0142843594,0.0172825745,0.0192917643,0.0211708331,0.0222786038,0.0231462854,0.0231070809,0.0232045253,0.0231232186
2012-08-27,0.0079139425,0.0102720308,0.0142126264,0.0172687310,0.0193603162,0.0212104030,0.0224030459,0.0233173842,0.0234590285,0.0236751819,0.0234694813
2012-08-24,0.0079134389,0.0102699141,0.0142102321,0.0172651414,0.0193558297,0.0212057784,0.0223970791,0.0233084864,0.0234348815,0.0236372548,0.0234230797
2012-08-23,0.0077207665,0.0100165899,0.0139004518,0.0168594128,0.0189304635,0.0208215209,0.0220200232,0.0229335099,0.0228894191,0.0229393338,0.0227548181
2012-08-22,0.0070882303,0.0093776550,0.0132482849,0.0162002252,0.0182606451,0.0202296459,0.0214032461,0.0223296827,0.0223164148,0.0223939490,0.0221932872
2012-08-21,0.0066763298,0.0091682409,0.0128755138,0.0158173719,0.0178421774,0.0197256896,0.0208725909,0.0217337719,0.0217205676,0.0219382701,0.0217139120
2012-08-20,0.0075484743,0.0100551760,0.0137430774,0.0166956256,0.0187040178,0.0205886792,0.0217570752,0.0226021068,0.0225461157,0.0227738312,0.0225474488
2012-08-17,0.0082121769,0.0109559613,0.0146817634,0.0175624319,0.0194810655,0.0211869905,0.0223643461,0.0231762663,0.0233255445,0.0236055658,0.0231786576
2012-08-16,0.0087090199,0.0111584186,0.0147453303,0.0177213219,0.0196255173,0.0214155368,0.0225353312,0.0233521508,0.0233405993,0.0235142475,0.0233367384
2012-08-15,0.0092499406,0.0114680850,0.0148224845,0.0177895354,0.0196575909,0.0214179508,0.0225623402,0.0233799119,0.0233732428,0.0235322342,0.0234519252
2012-08-14,0.0093137249,0.0114106944,0.0148379361,0.0177949200,0.0196577640,0.0214030363,0.0225235054,0.0233252241,0.0233491285,0.0235524406,0.0234412529
2012-08-13,0.0089137575,0.0114254040,0.0150704932,0.0179608807,0.0199032062,0.0216179048,0.0228222247,0.0236390207,0.0235760482,0.0236816972,0.0235039321
2012-08-10,0.0089348074,0.0116382207,0.0152631852,0.0181508089,0.0200520625,0.0218354095,0.0230479196,0.0238709699,0.0238438198,0.0239542474,0.0237219294
2012-08-09,0.0104194878,0.0116965988,0.0150672249,0.0179596413,0.0198365518,0.0214799519,0.0225804686,0.0233947765,0.0234083967,0.0235532069,0.0234667800
2012-08-08,0.0108210020,0.0123563891,0.0160588226,0.0190490947,0.0209604570,0.0225755598,0.0235814788,0.0243587417,0.0242932721,0.0243678986,0.0243117621
2012-08-07,0.0101715263,0.0119582218,0.0157256441,0.0186452959,0.0205620716,0.0221613258,0.0232341627,0.0240924469,0.0239723344,0.0240976603,0.0239485999
2012-08-06,0.0108399939,0.0122456265,0.0157374847,0.0185865837,0.0204432275,0.0221334650,0.0231785518,0.0240297930,0.0240560480,0.0242064639,0.0241645285
2012-08-03,0.0104987828,0.0125310394,0.0161816735,0.0190239639,0.0208790997,0.0225857974,0.0236990993,0.0246048397,0.0246376543,0.0247460134,0.0245805012
2012-08-02,0.0118158988,0.0135190674,0.0173740806,0.0205544623,0.0223770617,0.0241880452,0.0252196036,0.0260604201,0.0261322431,0.0262058767,0.0261045195
2012-08-01,0.0103023034,0.0123487772,0.0162644824,0.0191813594,0.0210077493,0.0227000527,0.0237660897,0.0246556473,0.0245015040,0.0245541588,0.0244048865
2012-07-31,0.0110310578,0.0132991904,0.0166284538,0.0194660082,0.0213250921,0.0230371206,0.0241570964,0.0250007943,0.0251143729,0.0252295641,0.0251281964
2012-07-30,0.0120185043,0.0137617324,0.0170558191,0.0197752286,0.0215932438,0.0232387948,0.0243581850,0.0252380592,0.0253211758,0.0254954775,0.0252840103
2012-07-27,0.0118575627,0.0138489015,0.0176106311,0.0205135721,0.0223611178,0.0240116018,0.0251094011,0.0259803633,0.0258835941,0.0259578771,0.0257372793
2012-07-26,0.0125437692,0.0150096139,0.0187052258,0.0216374547,0.0234903331,0.0251086667,0.0261863734,0.0270527563,0.0270117808,0.0271964015,0.0269700249
2012-07-25,0.0152926886,0.0172763552,0.0207182151,0.0235498325,0.0254472372,0.0270595767,0.0282374627,0.0291302615,0.0292775248,0.0292605592,0.0289392966
2012-07-24,0.0153591320,0.0174078082,0.0211135207,0.0239539617,0.0259226775,0.0275921776,0.0287358497,0.0296628619,0.0298822591,0.0300144117,0.0298735761
2012-07-23,0.0147800719,0.0172926006,0.0206451976,0.0235042523,0.0254071658,0.0269988760,0.0280773383,0.0289371779,0.0291035550,0.0292623824,0.0290788524
2012-07-20,0.0129006556,0.0153996006,0.0188176732,0.0216615665,0.0235740493,0.0252077606,0.0263230879,0.0271737343,0.0273426232,0.0275379248,0.0272381926
2012-07-19,0.0125568116,0.0142015323,0.0176670347,0.0204935594,0.0223556960,0.0239491894,0.0250207641,0.0259088814,0.0257845356,0.0257546118,0.0257009413
2012-07-18,0.0122189887,0.0142858444,0.0176981369,0.0204340833,0.0223317232,0.0239550567,0.0250729924,0.0259561305,0.0259282809,0.0260379668,0.0257398424
2012-07-17,0.0134431268,0.0152918292,0.0186964690,0.0215462413,0.0234009182,0.0249332126,0.0259816878,0.0268510149,0.0266565302,0.0266971338,0.0265769367
2012-07-16,0.0135932352,0.0155909647,0.0190879288,0.0219898036,0.0238806303,0.0254290567,0.0265116104,0.0273778586,0.0272624610,0.0273062733,0.0270429844
2012-07-13,0.0134536177,0.0158313041,0.0189216485,0.0216283128,0.0234524973,0.0249225024,0.0259092021,0.0267217689,0.0266813346,0.0267607651,0.0265524927
2012-07-12,0.0140824158,0.0156862028,0.0192033334,0.0221957458,0.0241073461,0.0256472753,0.0267323472,0.0276405985,0.0279308618,0.0280130955,0.0280778565
2012-07-11,0.0142737208,0.0157375442,0.0192315516,0.0222223047,0.0241523145,0.0256990252,0.0267436555,0.0276663245,0.0279281080,0.0280066821,0.0280654755
2012-07-10,0.0135989341,0.0157222646,0.0191040065,0.0219599138,0.0238105273,0.0252622311,0.0262466156,0.0270950782,0.0267981309,0.0268250275,0.0265491543
2012-07-09,0.0145008622,0.0162950436,0.0195736342,0.0224326421,0.0244284418,0.0260166564,0.0270621468,0.0279554961,0.0280757948,0.0283570205,0.0282738030
2012-07-06,0.0146065720,0.0161769833,0.0196119301,0.0225123154,0.0244250755,0.0259040762,0.0270109343,0.0278854938,0.0277949828,0.0278403792,0.0276873411
2012-07-05,0.0128366815,0.0149740440,0.0183767316,0.0213050905,0.0232109611,0.0247055986,0.0257429945,0.0265958025,0.0265407820,0.0266285749,0.0263829403
2012-07-04,0.0129207021,0.0145247982,0.0176804378,0.0203569123,0.0222368657,0.0237194070,0.0247907588,0.0256920023,0.0256404764,0.0257950910,0.0255767102
2012-07-03,0.0111759402,0.0130755783,0.0164036224,0.0192291946,0.0210524878,0.0225256790,0.0235397911,0.0243805733,0.0242649018,0.0243780796,0.0240742641
2012-07-02,0.0126122694,0.0141184468,0.0174614121,0.0203158963,0.0221878518,0.0237022844,0.0247965715,0.0256690830,0.0254739927,0.0255625132,0.0254108470
2012-06-29,0.0132428149,0.0149478451,0.0183788306,0.0213207947,0.0232357499,0.0247895832,0.0259044156,0.0267939899,0.0268548029,0.0270330626,0.0269384486
2012-06-28,0.0147621897,0.0176845371,0.0207523755,0.0235833401,0.0254951112,0.0270041979,0.0279493545,0.0287280959,0.0290399951,0.0293562685,0.0289714957
2012-06-27,0.0153697374,0.0174054018,0.0207897196,0.0236603190,0.0255258605,0.0270039011,0.0280211818,0.0288645130,0.0287448904,0.0287879707,0.0284828555
2012-06-26,0.0158907419,0.0177852923,0.0209758702,0.0238161332,0.0256787848,0.0271723722,0.0281745962,0.0290136990,0.0288359001,0.0289276736,0.0288444533
2012-06-25,0.0158306442,0.0176991723,0.0208845978,0.0237179130,0.0255622436,0.0270604419,0.0280512228,0.0288728985,0.0285632298,0.0286256268,0.0284952229
2012-06-22,0.0140846759,0.0160101634,0.0193849166,0.0222293743,0.0240481158,0.0255747757,0.0265795946,0.0274488374,0.0270625002,0.0273906596,0.0270252726
2012-06-21,0.0146506929,0.0166143296,0.0198046729,0.0226234710,0.0244356809,0.0259675015,0.0269563923,0.0277765066,0.0275131247,0.0275013960,0.0274520563
2012-06-20,0.0150831638,0.0169583248,0.0200510468,0.0228688734,0.0246952920,0.0262595705,0.0272585436,0.0281075092,0.0280018826,0.0280766513,0.0280360324
2012-06-19,0.0153825198,0.0173036072,0.0205440099,0.0233836790,0.0252352248,0.0268391725,0.0277803512,0.0286211590,0.0285871118,0.0286897489,0.0284611285
2012-06-18,0.0159158653,0.0178737116,0.0210982840,0.0239630107,0.0257916507,0.0273809208,0.0282890500,0.0291179359,0.0290135581,0.0290963087,0.0288376519
2012-06-15,0.0156724136,0.0174492870,0.0205564037,0.0233691153,0.0251804093,0.0267841582,0.0277375026,0.0285784342,0.0284667821,0.0285580241,0.0284353361
2012-06-14,0.0161487943,0.0182114678,0.0213560172,0.0241919894,0.0260236021,0.0275880728,0.0286082048,0.0294533144,0.0294055339,0.0296554544,0.0295154626
2012-06-13,0.0165664187,0.0186179259,0.0218691926,0.0247519875,0.0266192856,0.0281646441,0.0291295188,0.0299349192,0.0297441997,0.0299421348,0.0295546504
2012-06-12,0.0164387766,0.0188523148,0.0221457278,0.0251511781,0.0269981527,0.0285745584,0.0295935074,0.0303862217,0.0303477776,0.0304455668,0.0302332248
2012-06-11,0.0153853335,0.0175234425,0.0209087923,0.0237938699,0.0255810101,0.0271304193,0.0281834365,0.0290233347,0.0289969136,0.0291983760,0.0286817733
2012-06-08,0.0155438431,0.0172911414,0.0204843559,0.0233604625,0.0252020284,0.0268166103,0.0278345617,0.0286445317,0.0285793352,0.0286815068,0.0282998543
2012-06-07,0.0152614218,0.0170098324,0.0201553004,0.0231138832,0.0249827198,0.0266286386,0.0277304389,0.0286094862,0.0286875539,0.0287865043,0.0288904209
2012-06-06,0.0164706647,0.0184560991,0.0217720634,0.0248020026,0.0266321639,0.0283315872,0.0294255352,0.0303097972,0.0303372706,0.0304559083,0.0303762594
2012-06-05,0.0176226090,0.0196536437,0.0230707679,0.0260619486,0.0279222183,0.0295228095,0.0305484274,0.0314409502,0.0312150665,0.0313440085,0.0311432951
2012-06-04,0.0176225621,0.0196536243,0.0230701301,0.0260607562,0.0279241650,0.0295226928,0.0305502661,0.0314453612,0.0312268765,0.0313611724,0.0311563389
2012-06-01,0.0180693079,0.0199284333,0.0232463928,0.0261603577,0.0280379807,0.0296449167,0.0307660211,0.0316460679,0.0314472429,0.0315701825,0.0313455746
2012-05-31,0.0175240620,0.0194656425,0.0228344401,0.0258590912,0.0277338419,0.0293376362,0.0302985155,0.0311471164,0.0308275826,0.0307054910,0.0300948751
2012-05-30,0.0179561487,0.0197848788,0.0229452338,0.0258848254,0.0277676375,0.0293743854,0.0303987372,0.0312322726,0.0311056526,0.0311455050,0.0309345697
2012-05-29,0.0171035530,0.0190182513,0.0219874091,0.0247347297,0.0266411296,0.0282912494,0.0294144939,0.0303009609,0.0301493004,0.0303985365,0.0302026813
2012-05-28,0.0174384986,0.0194543717,0.0223034289,0.0250895147,0.0269885208,0.0286179015,0.0298061122,0.0307066533,0.0310573909,0.0313980510,0.0308893358
2012-05-25,0.0171893532,0.0196272492,0.0223301365,0.0250728833,0.0269564169,0.0285726381,0.0298296406,0.0307395299,0.0309652544,0.0313064044,0.0310903246
2012-05-24,0.0171583730,0.0189318097,0.0219916971,0.0247861125,0.0266983750,0.0283563246,0.0295466240,0.0305387954,0.0308740551,0.0313065746,0.0310700130
2012-05-23,0.0179870050,0.0199823821,0.0232223289,0.0261152119,0.0279774594,0.0295576635,0.0306834633,0.0315448837,0.0312536806,0.0313005836,0.0310888355
2012-05-22,0.0166520678,0.0189065572,0.0221059287,0.0250501635,0.0268977802,0.0284857612,0.0295897105,0.0304490126,0.0304833286,0.0306562573,0.0305245717
2012-05-21,0.0173319016,0.0200784717,0.0232811255,0.0262651823,0.0281213427,0.0296999425,0.0308062522,0.0316607115,0.0316679587,0.0318885313,0.0317795047
2012-05-18,0.0176775019,0.0198991953,0.0232934930,0.0262252632,0.0281938705,0.0299028013,0.0311425303,0.0321406714,0.0324845421,0.0330323856,0.0320694760
2012-05-17,0.0188779409,0.0206284227,0.0237408410,0.0265160175,0.0284677171,0.0301562771,0.0314165731,0.0324413791,0.0324547964,0.0327265894,0.0324548016
2012-05-16,0.0178152243,0.0198537824,0.0229119378,0.0257170403,0.0276392576,0.0293137182,0.0306020743,0.0316101035,0.0316853299,0.0323501023,0.0317615061
2012-05-15,0.0180681568,0.0199341904,0.0228661945,0.0257152936,0.0276454555,0.0293328032,0.0306291169,0.0317176828,0.0320584842,0.0325715857,0.0322933013
2012-05-14,0.0173142203,0.0188471045,0.0218560436,0.0247329151,0.0267211543,0.0284964713,0.0297016889,0.0307207972,0.0306933415,0.0307918307,0.0305878523
2012-05-11,0.0152969598,0.0172782595,0.0201300303,0.0231171969,0.0250353936,0.0267662818,0.0279690182,0.0289891117,0.0292166156,0.0294254809,0.0293525390
2012-05-10,0.0155848253,0.0173878567,0.0202929276,0.0231809634,0.0250714500,0.0267731950,0.0279500798,0.0289632650,0.0292366753,0.0293057640,0.0294298393
2012-05-09,0.0160451136,0.0178557023,0.0207395959,0.0235571895,0.0254789686,0.0272126852,0.0285526125,0.0295460492,0.0297818544,0.0300345365,0.0299019543
2012-05-08,0.0137227231,0.0155962441,0.0186336053,0.0214770418,0.0233843454,0.0251458062,0.0263812320,0.0273164688,0.0273408286,0.0274880337,0.0271661694
2012-05-07,0.0133367998,0.0150180804,0.0179132316,0.0205549799,0.0224395652,0.0241969051,0.0254342772,0.0263773155,0.0263973495,0.0264661568,0.0263813743
2012-05-04,0.0133364576,0.0150179431,0.0179127885,0.0205539797,0.0224364951,0.0241947153,0.0254310686,0.0263728004,0.0263864784,0.0264531779,0.0263634125
2012-05-03,0.0130770676,0.0148026534,0.0176200143,0.0203556646,0.0221821419,0.0238828686,0.0250587293,0.0259762720,0.0261058659,0.0262190702,0.0259347572
2012-05-02,0.0132384467,0.0146072272,0.0173998775,0.0199585259,0.0217933466,0.0235148717,0.0247032775,0.0256904155,0.0258379522,0.0259372705,0.0258328114
2012-05-01,0.0121443783,0.0135826292,0.0165538039,0.0193097372,0.0210803855,0.0227437655,0.0239372190,0.0249028397,0.0248542715,0.0249514831,0.0248479515
2012-04-30,0.0129078343,0.0145365199,0.0172612269,0.0200567516,0.0218853466,0.0236040378,0.0247610602,0.0257573164,0.0259324261,0.0262730965,0.0261072245
2012-04-27,0.0129971302,0.0148051724,0.0176624075,0.0203295687,0.0221128133,0.0237770670,0.0249604671,0.0258907078,0.0259285396,0.0263184290,0.0257372389
2012-04-26,0.0138411581,0.0156691183,0.0186255834,0.0212874088,0.0230792409,0.0247387126,0.0259733368,0.0269470390,0.0267487291,0.0270884431,0.0267666100
2012-04-25,0.0138831960,0.0154319294,0.0184124754,0.0211536258,0.0229337355,0.0245855567,0.0257370089,0.0266651894,0.0266113132,0.0266390406,0.0266040858
2012-04-24,0.0161182563,0.0177845774,0.0203783221,0.0227220131,0.0244874883,0.0260984881,0.0272471687,0.0282493524,0.0282042829,0.0283161242,0.0283005338
2012-04-23,0.0165222868,0.0183188523,0.0208988798,0.0234441333,0.0252406741,0.0268781763,0.0280951882,0.0290889414,0.0291846097,0.0293781005,0.0292906898
2012-04-20,0.0159845620,0.0176638479,0.0202023731,0.0227593462,0.0245516470,0.0261994377,0.0274346683,0.0284208667,0.0285950809,0.0288296664,0.0287212557
2012-04-19,0.0158226523,0.0176308834,0.0202908774,0.0227535461,0.0245264781,0.0261559311,0.0272897309,0.0281802114,0.0283247673,0.0285083590,0.0283010058
2012-04-18,0.0153998397,0.0171386884,0.0196587438,0.0219252872,0.0236705158,0.0252858442,0.0263638891,0.0272393810,0.0272950516,0.0274812698,0.0273826751
2012-04-17,0.0145336658,0.0157798336,0.0182861327,0.0205292532,0.0222722994,0.0239123729,0.0250021524,0.0259933094,0.0261491456,0.0269316113,0.0260198728
2012-04-16,0.0136961705,0.0153947691,0.0181138037,0.0204193503,0.0221948783,0.0238774386,0.0250526449,0.0259327628,0.0259886938,0.0259927886,0.0259786018
2012-04-13,0.0135624690,0.0151536795,0.0176885283,0.0199329809,0.0216658118,0.0233109627,0.0244409005,0.0253474345,0.0253669960,0.0254582772,0.0254655586
2012-04-12,0.0123889323,0.0140042770,0.0166328738,0.0188696220,0.0206414271,0.0223540994,0.0234842639,0.0244686467,0.0244081845,0.0244238927,0.0244745810
2012-04-11,0.0133287198,0.0153832472,0.0177343767,0.0202099889,0.0219415178,0.0235866683,0.0247005501,0.0256953182,0.0257779682,0.0258884555,0.0259261658
2012-04-10,0.0147060220,0.0161669614,0.0185635451,0.0208936007,0.0226234184,0.0242583309,0.0253268809,0.0262467607,0.0264589800,0.0265759897,0.0263455247
2012-04-09,0.0123702731,0.0140919487,0.0166736374,0.0190592334,0.0208036432,0.0224900035,0.0236109827,0.0245903199,0.0247595579,0.0248207523,0.0248722547
2012-04-06,0.0124111109,0.0139929160,0.0165867297,0.0190195690,0.0207891868,0.0225086215,0.0236662609,0.0246884651,0.0250354321,0.0251221036,0.0252024825
2012-04-05,0.0124108528,0.0139928170,0.0165866000,0.0190191328,0.0207869923,0.0225074128,0.0236641931,0.0246852059,0.0250243810,0.0251093361,0.0251869476
2012-04-04,0.0117680087,0.0134356632,0.0156873305,0.0180093611,0.0196804613,0.0213090272,0.0224117125,0.0232450780,0.0234417612,0.0235453751,0.0235684633
2012-04-03,0.0112879356,0.0128099153,0.0150044328,0.0173554087,0.0190041713,0.0206211470,0.0217211057,0.0227004369,0.0227132305,0.0229104977,0.0228528977
2012-04-02,0.0116649641,0.0133396329,0.0155881065,0.0179350912,0.0196532905,0.0213439679,0.0225749674,0.0235942954,0.0237880869,0.0239545522,0.0239466077
2012-03-30,0.0121027901,0.0138892124,0.0160858984,0.0184139652,0.0200662860,0.0216747094,0.0227528000,0.0236585901,0.0237932816,0.0238164133,0.0237426000
2012-03-29,0.0120509070,0.0137901082,0.0160487411,0.0182765658,0.0200192295,0.0215988003,0.0226504323,0.0235010748,0.0236452162,0.0236901272,0.0235784671
2012-03-28,0.0096757505,0.0111568284,0.0134941116,0.0157667712,0.0175968939,0.0192441231,0.0204186864,0.0213217401,0.0216334289,0.0218035612,0.0216566559
2012-03-27,0.0096917629,0.0110102303,0.0131745182,0.0154814712,0.0172490196,0.0187927905,0.0198781343,0.0207925716,0.0210820223,0.0212431452,0.0210187464
2012-03-26,0.0098959493,0.0113519952,0.0135782515,0.0157701801,0.0175221080,0.0190577692,0.0199959778,0.0207361255,0.0210055622,0.0212039205,0.0210508878
2012-03-23,0.0100786746,0.0116407064,0.0139447992,0.0161699163,0.0179716603,0.0194638106,0.0203704270,0.0211280980,0.0212665428,0.0213655013,0.0212850829
2012-03-22,0.0088207004,0.0103860529,0.0127922094,0.0150071543,0.0167942760,0.0183861159,0.0193262766,0.0201021794,0.0200649354,0.0200768959,0.0200959775
2012-03-21,0.0081437467,0.0096298213,0.0118713450,0.0141310017,0.0158538116,0.0173346319,0.0182350092,0.0189792568,0.0188857959,0.0188327562,0.0188549571
2012-03-20,0.0086156857,0.0096594432,0.0117361972,0.0139790823,0.0157067176,0.0172625110,0.0181613121,0.0190048603,0.0189045257,0.0188819196,0.0188541230
2012-03-19,0.0077420686,0.0092659580,0.0112692329,0.0133634320,0.0150928520,0.0166738135,0.0174966179,0.0183581356,0.0182367922,0.0182555515,0.0182923397
2012-03-16,0.0081185105,0.0097915226,0.0118039970,0.0137966457,0.0155701977,0.0171036664,0.0179296893,0.0187749459,0.0189205505,0.0192085465,0.0189663514
2012-03-15,0.0096795449,0.0111423242,0.0129730019,0.0148641721,0.0164931586,0.0178659498,0.0187201814,0.0194696072,0.0196083611,0.0198846834,0.0196222636
2012-03-14,0.0093809843,0.0110847593,0.0128889186,0.0147140414,0.0163348485,0.0177475214,0.0185805757,0.0193822844,0.0195234176,0.0198155152,0.0196244557
2012-03-13,0.0099256093,0.0114191741,0.0134174944,0.0153067878,0.0169652372,0.0183948197,0.0192954277,0.0201045257,0.0202476910,0.0204831620,0.0203252090
2012-03-12,0.0112346767,0.0125456688,0.0145091187,0.0164827611,0.0181258796,0.0197080813,0.0206938075,0.0216179142,0.0215941301,0.0219578665,0.0215253220
2012-03-09,0.0102100526,0.0120021432,0.0141970250,0.0162748052,0.0180228673,0.0195678093,0.0204618115,0.0214211579,0.0210163890,0.0209469320,0.0209897012
2012-03-08,0.0106325475,0.0123209227,0.0144708241,0.0165769047,0.0182218667,0.0196245627,0.0205278656,0.0214578199,0.0211705570,0.0212323959,0.0212703897
2012-03-07,0.0119786420,0.0137739536,0.0157412069,0.0178255238,0.0193528396,0.0207857709,0.0216940789,0.0225356689,0.0225332500,0.0225976506,0.0226757786
2012-03-06,0.0123009180,0.0140514591,0.0160622010,0.0181109579,0.0197442812,0.0211756261,0.0220438209,0.0229182105,0.0229565661,0.0230653424,0.0230698112
2012-03-05,0.0109416168,0.0125525923,0.0145195150,0.0164256880,0.0181177133,0.0195444971,0.0203437097,0.0210908174,0.0209696544,0.0211687934,0.0211086869
2012-03-02,0.0099661023,0.0113232791,0.0134140842,0.0154457915,0.0171522310,0.0186132070,0.0194412077,0.0202812144,0.0200379309,0.0200262246,0.0201746298
2012-03-01,0.0098030247,0.0112233081,0.0133078162,0.0153353007,0.0169628067,0.0184410060,0.0193229289,0.0201009845,0.0201227085,0.0201543111,0.0202087514
2012-02-29,0.0106868834,0.0122213853,0.0141459104,0.0160529616,0.0178153179,0.0192744671,0.0200848989,0.0209289454,0.0209257920,0.0211198172,0.0209514415
2012-02-28,0.0111877105,0.0127999266,0.0148439277,0.0168093554,0.0182931957,0.0198067926,0.0206365907,0.0214673292,0.0214367770,0.0215400296,0.0214888002
2012-02-27,0.0123733130,0.0139438104,0.0157985258,0.0176285195,0.0192278952,0.0206919535,0.0215447791,0.0223891790,0.0224877800,0.0228339890,0.0225903525
2012-02-24,0.0119741361,0.0137641372,0.0156460383,0.0174877656,0.0190979430,0.0205156432,0.0213497037,0.0221675393,0.0224005878,0.0228407475,0.0224832015
2012-02-23,0.0128262293,0.0144236229,0.0164407086,0.0185201293,0.0199494276,0.0213467263,0.0221263959,0.0227355789,0.0228508845,0.0229682706,0.0229904238
2012-02-22,0.0128557177,0.0144505636,0.0162580419,0.0180701505,0.0196428951,0.0211304472,0.0219463916,0.0226499544,0.0225263770,0.0228279986,0.0227338411
2012-02-21,0.0117310141,0.0131277840,0.0150193833,0.0169454463,0.0185352754,0.0199831921,0.0207473472,0.0214022824,0.0212412449,0.0215476455,0.0213010200
2012-02-20,0.0113732608,0.0124733889,0.0144572106,0.0164647622,0.0179086670,0.0193533693,0.0202276979,0.0210910636,0.0208870592,0.0209286861,0.0209633203
2012-02-17,0.0121255370,0.0133850241,0.0153074935,0.0172786953,0.0186743235,0.0201467599,0.0209668669,0.0216882858,0.0216925657,0.0217713343,0.0218433488
2012-02-16,0.0125758877,0.0142493991,0.0162491093,0.0182752321,0.0197329621,0.0212523487,0.0220325292,0.0227495732,0.0228172269,0.0229575397,0.0229486523
2012-02-15,0.0146061993,0.0160397848,0.0180207464,0.0199064156,0.0214790872,0.0229224980,0.0237460549,0.0244419225,0.0244874158,0.0247420468,0.0245842995
2012-02-14,0.0137475560,0.0150884384,0.0168664950,0.0186960257,0.0201905222,0.0216841250,0.0224547197,0.0231090518,0.0232879440,0.0234914728,0.0234335249
2012-02-13,0.0131260240,0.0142322333,0.0159935062,0.0178652796,0.0193232752,0.0208391007,0.0216830649,0.0224202591,0.0224821514,0.0226668664,0.0225956988
2012-02-10,0.0136453984,0.0148409240,0.0167890712,0.0186942312,0.0203140190,0.0217458339,0.0225608180,0.0232774557,0.0233993207,0.0236869704,0.0234637189
2012-02-09,0.0126516321,0.0140844559,0.0161188629,0.0179835310,0.0194659382,0.0208600370,0.0215644820,0.0221029844,0.0219975895,0.0220052970,0.0220513471
2012-02-08,0.0124357877,0.0137992053,0.0156285745,0.0173134590,0.0188946646,0.0203990403,0.0211498620,0.0218229336,0.0215479876,0.0218701420,0.0217631101
2012-02-07,0.0111017593,0.0125526741,0.0142398076,0.0158090754,0.0173747323,0.0189194976,0.0196587728,0.0203225888,0.0202155717,0.0205101793,0.0203098172
2012-02-06,0.0110486628,0.0125399512,0.0143738398,0.0160140315,0.0174483728,0.0189464164,0.0196920435,0.0203512363,0.0204344016,0.0207003849,0.0205965941
2012-02-03,0.0115244409,0.0127609319,0.0145542555,0.0162647153,0.0176399440,0.0190116195,0.0196477690,0.0201176216,0.0203738184,0.0204628359,0.0204322543
2012-02-02,0.0118720498,0.0132621858,0.0151261285,0.0169384376,0.0183883257,0.0198079451,0.0204762465,0.0210134262,0.0210806417,0.0211512039,0.0212089671
2012-02-01,0.0123129404,0.0135648584,0.0152796707,0.0169762339,0.0183837470,0.0199804328,0.0205630401,0.0210148413,0.0211127438,0.0210940634,0.0210967987
2012-01-31,0.0128560780,0.0140033514,0.0158853059,0.0177975367,0.0192341760,0.0205005182,0.0210184210,0.0214412637,0.0213832882,0.0213144753,0.0213530204
2012-01-30,0.0136430811,0.0150566486,0.0169073145,0.0186211676,0.0200164423,0.0213641834,0.0219351254,0.0224054046,0.0225245868,0.0227290692,0.0224855396
2012-01-27,0.0114787347,0.0127679844,0.0147636241,0.0166018533,0.0180362280,0.0194721673,0.0200141686,0.0205671806,0.0205165681,0.0206107723,0.0204547754
2012-01-26,0.0119060245,0.0130925089,0.0148779899,0.0165362911,0.0179596028,0.0192106406,0.0197472295,0.0201962496,0.0201946331,0.0204620146,0.0202145180
2012-01-25,0.0135824236,0.0151790477,0.0170787217,0.0188831874,0.0202427176,0.0215003294,0.0220512473,0.0225011668,0.0224698482,0.0225473320,0.0225397051
2012-01-24,0.0143382132,0.0156535515,0.0176517379,0.0194570651,0.0208201093,0.0220470652,0.0226008413,0.0230607672,0.0232027061,0.0233028063,0.0232796294
2012-01-23,0.0134035948,0.0146438746,0.0164893376,0.0182770802,0.0197808764,0.0211070734,0.0216894644,0.0221931452,0.0221233240,0.0223795236,0.0221260684
2012-01-20,0.0138237605,0.0148957399,0.0167095562,0.0184086115,0.0199412115,0.0211993072,0.0217936569,0.0222766059,0.0222722733,0.0226101022,0.0222854005
2012-01-19,0.0139023536,0.0150237059,0.0168751493,0.0188131726,0.0202485822,0.0215049108,0.0220576847,0.0226636595,0.0225434767,0.0225772697,0.0225768408
2012-01-18,0.0157753474,0.0173426375,0.0194204529,0.0212252057,0.0226274934,0.0239872843,0.0245131158,0.0250670124,0.0250260207,0.0251058800,0.0251087690
2012-01-17,0.0167841604,0.0182074636,0.0201355645,0.0218565487,0.0233364017,0.0246946886,0.0252302463,0.0257942880,0.0257368870,0.0260591560,0.0258472421
2012-01-16,0.0189116044,0.0203718911,0.0222085701,0.0239132664,0.0253689368,0.0267117405,0.0272314240,0.0277885243,0.0277052699,0.0280148194,0.0277821491
2012-01-13,0.0187343158,0.0202213292,0.0220974246,0.0237553604,0.0251867098,0.0264840286,0.0270138186,0.0275724349,0.0274716664,0.0278516580,0.0275317524
2012-01-12,0.0187605485,0.0197724994,0.0213872342,0.0229278063,0.0242236338,0.0254145338,0.0258964359,0.0263707113,0.0263897045,0.0266822788,0.0264563887
2012-01-11,0.0188941345,0.0203127051,0.0221653891,0.0236799233,0.0248964359,0.0257913822,0.0262140001,0.0266704864,0.0268549109,0.0269152264,0.0267775475
2012-01-10,0.0193465815,0.0205030603,0.0222244953,0.0236363583,0.0247582974,0.0256809670,0.0261139547,0.0265955802,0.0266807813,0.0265934667,0.0265540716
2012-01-09,0.0219230687,0.0230740699,0.0247401424,0.0261796842,0.0272454513,0.0280841414,0.0284967635,0.0289387516,0.0291256337,0.0291377180,0.0290045579
2012-01-06,0.0214884488,0.0231008264,0.0246736231,0.0260793727,0.0271010546,0.0278439224,0.0282722793,0.0287177411,0.0288994096,0.0289140050,0.0288790066
2012-01-05,0.0204450883,0.0220169839,0.0237734131,0.0251487475,0.0262578248,0.0269552462,0.0274131448,0.0279108348,0.0278705098,0.0280006846,0.0278475557
2012-01-04,0.0185480806,0.0197202059,0.0214796062,0.0228319914,0.0238719639,0.0247100425,0.0251163863,0.0256077030,0.0256722500,0.0256632493,0.0255763453
2012-01-03,0.0179707166,0.0189823155,0.0207012397,0.0221586688,0.0232873459,0.0241093782,0.0245216810,0.0250259003,0.0249995945,0.0250000068,0.0249119553
2012-01-02,0.0194136471,0.0204968125,0.0223310143,0.0237573026,0.0248831252,0.0257463421,0.0261775243,0.0267099354,0.0267910848,0.0268249651,0.0268169633
2011-12-30,0.0194132533,0.0204950317,0.0223301645,0.0237562875,0.0248693563,0.0257449491,0.0261761062,0.0267076548,0.0267891411,0.0268223169,0.0268143690
2011-12-29,0.0194954999,0.0208012604,0.0226493299,0.0241091312,0.0251381945,0.0259457860,0.0263954019,0.0268973892,0.0268824249,0.0269241343,0.0268967444
2011-12-28,0.0205554358,0.0210932627,0.0225758519,0.0239983135,0.0249483702,0.0256993753,0.0261484604,0.0265717104,0.0265142186,0.0265164594,0.0265127577
2011-12-27,0.0207100646,0.0212095670,0.0227451239,0.0241893786,0.0250834866,0.0257993480,0.0262436666,0.0266838564,0.0267186586,0.0267199583,0.0265926338
2011-12-26,0.0208029912,0.0211673583,0.0227122594,0.0241109448,0.0250768825,0.0258957923,0.0263201145,0.0267812001,0.0267278682,0.0267262801,0.0267274884
2011-12-23,0.0208027030,0.0211657807,0.0227116577,0.0241101720,0.0250768546,0.0258951866,0.0263206128,0.0267825109,0.0267343349,0.0267359000,0.0267424954
2011-12-22,0.0200499801,0.0211316468,0.0229472687,0.0243133104,0.0253124490,0.0261622057,0.0265790464,0.0270830817,0.0271364175,0.0271948942,0.0271445998
2011-12-21,0.0207632471,0.0217930504,0.0235984411,0.0249999005,0.0259796722,0.0268013125,0.0272342088,0.0277342297,0.0276966313,0.0276875320,0.0276145517
2011-12-20,0.0224745231,0.0235570698,0.0253222913,0.0267297296,0.0276539705,0.0284003913,0.0288019499,0.0292852986,0.0294317495,0.0294654118,0.0293048016
2011-12-19,0.0233930079,0.0245971925,0.0263619768,0.0278851411,0.0289368570,0.0298064777,0.0302243048,0.0307306876,0.0306780496,0.0306558295,0.0306575482
2011-12-16,0.0231762676,0.0243546687,0.0262277746,0.0278136844,0.0288433928,0.0296887453,0.0300924107,0.0305967427,0.0304819059,0.0304401509,0.0303765452
2011-12-15,0.0250617993,0.0262964754,0.0280755792,0.0295634425,0.0305737342,0.0313817051,0.0317951268,0.0323086427,0.0323350677,0.0322468257,0.0322619390
2011-12-14,0.0256132482,0.0269065486,0.0287348184,0.0302684491,0.0313336682,0.0321916896,0.0326016776,0.0330769753,0.0330495997,0.0329505355,0.0329548532
2011-12-13,0.0239784007,0.0255763558,0.0274549657,0.0290895860,0.0302162647,0.0311481573,0.0315854472,0.0320950622,0.0319633463,0.0318097314,0.0318278636
2011-12-12,0.0254178348,0.0266588843,0.0283735503,0.0299042259,0.0309197732,0.0317252660,0.0321190582,0.0326185507,0.0325675815,0.0324685454,0.0323576415
2011-12-09,0.0219675297,0.0231220883,0.0249647367,0.0265585610,0.0275343367,0.0283261027,0.0287278508,0.0292261990,0.0292342744,0.0292131487,0.0291009159
2011-12-08,0.0208009048,0.0223836802,0.0239435387,0.0253249224,0.0262783479,0.0270562130,0.0275101724,0.0280233065,0.0281456690,0.0284726843,0.0281134898
2011-12-07,0.0191791477,0.0204750098,0.0220508868,0.0234865053,0.0242209218,0.0247832833,0.0252116032,0.0256597561,0.0257420751,0.0257508627,0.0256632451
2011-12-06,0.0184500719,0.0194422555,0.0211373163,0.0225815365,0.0234874033,0.0242375835,0.0246380653,0.0251373611,0.0253955363,0.0254029618,0.0252940456
2011-12-05,0.0172256903,0.0183511011,0.0200346610,0.0215119193,0.0224252142,0.0231922949,0.0236089629,0.0241285667,0.0241408366,0.0241144113,0.0239898487
2011-12-02,0.0189152854,0.0199624906,0.0216813223,0.0230875962,0.0238772021,0.0244971031,0.0249071267,0.0253707873,0.0254628531,0.0254741269,0.0254406243
2011-12-01,0.0206301145,0.0217621268,0.0235596583,0.0251626912,0.0260629988,0.0267790486,0.0271891392,0.0276214804,0.0277452159,0.0277578760,0.0276559552
2011-11-30,0.0231453771,0.0243065952,0.0260303439,0.0275599540,0.0285095816,0.0292538853,0.0296722763,0.0301781349,0.0301314164,0.0300797441,0.0299875386
2011-11-29,0.0272911510,0.0285850255,0.0302665200,0.0317154556,0.0326879436,0.0334165406,0.0338442287,0.0343491341,0.0341566571,0.0340991523,0.0340264553
2011-11-28,0.0274659780,0.0289041275,0.0307241667,0.0322116658,0.0332044171,0.0339478808,0.0343808607,0.0348695102,0.0349071915,0.0348358868,0.0346887932
2011-11-25,0.0286370792,0.0310303004,0.0329809232,0.0345185704,0.0354283115,0.0360627742,0.0365355278,0.0370362768,0.0370463745,0.0370871589,0.0369006217
2011-11-24,0.0279941798,0.0299736531,0.0319350704,0.0334203966,0.0344380625,0.0351927929,0.0355901720,0.0360397440,0.0360606688,0.0359977576,0.0359416173
2011-11-23,0.0282155985,0.0296892942,0.0316312808,0.0332521692,0.0342038039,0.0348840625,0.0352807288,0.0357218101,0.0357842505,0.0357606336,0.0356210694
2011-11-22,0.0259568564,0.0274523778,0.0294272275,0.0311597216,0.0322041804,0.0329943416,0.0334213127,0.0339322872,0.0340244305,0.0340112506,0.0338943447
2011-11-21,0.0261042085,0.0268960124,0.0287512783,0.0302733407,0.0312771486,0.0320267449,0.0324916119,0.0330268061,0.0326318711,0.0328979263,0.0324740179
2011-11-18,0.0231174455,0.0248057344,0.0267341630,0.0283757032,0.0294917380,0.0303726898,0.0308324146,0.0313693688,0.0312070988,0.0311738316,0.0311754090
2011-11-17,0.0244933476,0.0256874623,0.0275805053,0.0291209386,0.0301295611,0.0308830158,0.0313536788,0.0319055280,0.0319961280,0.0319990665,0.0319734960
2011-11-16,0.0229844424,0.0242497723,0.0260755333,0.0276041042,0.0285738100,0.0292962762,0.0297309586,0.0302433421,0.0301733877,0.0301153174,0.0300396357
2011-11-15,0.0232090636,0.0244995816,0.0262737534,0.0276941004,0.0287263385,0.0295075646,0.0299478966,0.0304601211,0.0305200578,0.0308822817,0.0304659024
2011-11-14,0.0206307099,0.0218813378,0.0237378492,0.0252778876,0.0262904877,0.0270724088,0.0275407236,0.0281250540,0.0282647378,0.0283966095,0.0282891508
2011-11-11,0.0200076284,0.0212433132,0.0231095975,0.0245321668,0.0253703456,0.0259715314,0.0263899303,0.0268784603,0.0270744542,0.0271457067,0.0270328933
2011-11-10,0.0205389105,0.0225905817,0.0244176550,0.0258434359,0.0266278910,0.0271507349,0.0275862678,0.0280585595,0.0280844116,0.0281553242,0.0280657295
2011-11-09,0.0197003930,0.0214404794,0.0232512242,0.0246661423,0.0254385621,0.0259549251,0.0264338453,0.0269186936,0.0270484314,0.0271062179,0.0270109799
2011-11-08,0.0186307332,0.0196580996,0.0213586328,0.0227925644,0.0237049915,0.0243837169,0.0248303672,0.0253478797,0.0256003463,0.0256466755,0.0255445139
2011-11-07,0.0180418283,0.0195664235,0.0212941537,0.0226516725,0.0234556855,0.0240152478,0.0244484223,0.0249301182,0.0249199307,0.0248700721,0.0248853362
2011-11-04,0.0169664067,0.0176064151,0.0195742399,0.0214398144,0.0225191473,0.0233803789,0.0238943800,0.0244412057,0.0246803708,0.0247317986,0.0247800469
2011-11-03,0.0165261246,0.0178629003,0.0197280878,0.0213197819,0.0223421665,0.0231373753,0.0235881466,0.0240974057,0.0242579575,0.0242942878,0.0241912002
2011-11-02,0.0186965423,0.0197106179,0.0213973060,0.0228316846,0.0237831418,0.0244750940,0.0249536020,0.0255005015,0.0254393165,0.0254095473,0.0253364855
2011-11-01,0.0192946639,0.0204490532,0.0222271707,0.0236732454,0.0246535628,0.0253573026,0.0258309683,0.0263555032,0.0264696172,0.0264878596,0.0263725194
2011-10-31,0.0144648933,0.0155380821,0.0174629477,0.0190566491,0.0200181019,0.0207624369,0.0211769616,0.0216695220,0.0220088427,0.0222522480,0.0220580162
2011-10-28,0.0135345460,0.0145539757,0.0162199473,0.0175185111,0.0183462208,0.0189649938,0.0193703840,0.0198553338,0.0199479066,0.0200658914,0.0199338789
2011-10-27,0.0147250466,0.0159287038,0.0176608892,0.0189271475,0.0196921437,0.0202178553,0.0206371645,0.0211213078,0.0211821707,0.0211701744,0.0211392605
2011-10-26,0.0183054958,0.0193116093,0.0211374240,0.0224786176,0.0231898505,0.0236014213,0.0240263842,0.0245290123,0.0246829688,0.0247647629,0.0246378562
2011-10-25,0.0181166547,0.0194732687,0.0212527804,0.0225516515,0.0232505875,0.0236417143,0.0240489110,0.0245644233,0.0247422822,0.0249624857,0.0247111745
2011-10-24,0.0177308668,0.0187165837,0.0205416636,0.0218673606,0.0225720799,0.0229727953,0.0233959831,0.0238991590,0.0241214064,0.0241490107,0.0240767853
2011-10-21,0.0174505958,0.0186564338,0.0205774128,0.0218334470,0.0224922430,0.0228395675,0.0232488975,0.0237497162,0.0237760394,0.0236792463,0.0237452641
2011-10-20,0.0191417228,0.0201594371,0.0218636990,0.0231492267,0.0238206995,0.0241543177,0.0245820338,0.0250836480,0.0252817019,0.0252780149,0.0252428560
2011-10-19,0.0182407516,0.0191157217,0.0207668162,0.0220116039,0.0227101634,0.0230828096,0.0235067604,0.0240115188,0.0241187603,0.0241728406,0.0241443664
2011-10-18,0.0183039804,0.0192553629,0.0208830599,0.0222158472,0.0229140507,0.0232765331,0.0237188719,0.0242857850,0.0243356457,0.0244748116,0.0243403687
2011-10-17,0.0174914253,0.0184400457,0.0200202849,0.0212881920,0.0220544471,0.0224961708,0.0229012249,0.0233890554,0.0233743957,0.0233699355,0.0233912561
2011-10-14,0.0175572807,0.0192264014,0.0207382083,0.0218223445,0.0224634432,0.0227606085,0.0231472748,0.0235977315,0.0235670417,0.0236103653,0.0236264249
2011-10-13,0.0188775670,0.0192774999,0.0207517785,0.0219094537,0.0225034427,0.0227792035,0.0231838562,0.0236627082,0.0241691144,0.0242795202,0.0236844864
2011-10-12,0.0176056503,0.0182101115,0.0197821663,0.0210233501,0.0216952747,0.0220922563,0.0225229944,0.0230489339,0.0230815005,0.0231162518,0.0229635193
2011-10-11,0.0169404073,0.0181932237,0.0198739150,0.0213690162,0.0221229900,0.0226284255,0.0230427768,0.0234960700,0.0235040566,0.0236111902,0.0235238130
2011-10-10,0.0179894091,0.0193327975,0.0208769392,0.0220229603,0.0225925936,0.0229270003,0.0233607795,0.0238594819,0.0237178207,0.0240291981,0.0237826344
2011-10-07,0.0179664107,0.0196683905,0.0213155997,0.0226348436,0.0233469797,0.0238269761,0.0242040238,0.0245957822,0.0246400192,0.0247148452,0.0245301770
2011-10-06,0.0189692347,0.0202536696,0.0218541557,0.0231374291,0.0237111941,0.0240475606,0.0244506279,0.0248643608,0.0249811497,0.0249907297,0.0249916689
2011-10-05,0.0209633112,0.0227704783,0.0242809406,0.0253750156,0.0259309043,0.0262302573,0.0265580186,0.0269598449,0.0268330176,0.0268944921,0.0267912494
2011-10-04,0.0231704379,0.0242600354,0.0258518312,0.0269956183,0.0276760940,0.0280920946,0.0284535507,0.0288279418,0.0290101131,0.0290773611,0.0288135761
2011-10-03,0.0203400113,0.0217207418,0.0233623829,0.0248366528,0.0255689344,0.0260671928,0.0264796046,0.0268910496,0.0270466195,0.0269722219,0.0268869971
2011-09-30,0.0197070567,0.0214615362,0.0230089257,0.0243933792,0.0250181603,0.0254152926,0.0258152881,0.0262000943,0.0262809798,0.0262339538,0.0261696282
2011-09-29,0.0193110694,0.0207011834,0.0220646528,0.0231450700,0.0237377770,0.0241197162,0.0245720753,0.0250212290,0.0251639292,0.0251734604,0.0249974985
2011-09-28,0.0200042243,0.0204047312,0.0219427346,0.0232509646,0.0238460195,0.0242345902,0.0246721716,0.0251396055,0.0252147800,0.0250693312,0.0249689701
2011-09-27,0.0180002153,0.0196057111,0.0211978494,0.0224836476,0.0231563197,0.0236380385,0.0240015866,0.0243676006,0.0244520876,0.0244400426,0.0244121368
2011-09-26,0.0213972057,0.0229692258,0.0246240231,0.0259290813,0.0266336580,0.0271211376,0.0275217219,0.0279737637,0.0280664544,0.0281371790,0.0279728987
2011-09-23,0.0232051688,0.0244314942,0.0259300239,0.0271378163,0.0278111377,0.0282611788,0.0286586987,0.0290765539,0.0293402582,0.0292816533,0.0292383230
2011-09-22,0.0248125448,0.0270142821,0.0285678528,0.0298603397,0.0305465657,0.0309921682,0.0313660767,0.0317718086,0.0318690960,0.0318046893,0.0316861803
2011-09-21,0.0215597928,0.0229415427,0.0244981724,0.0256120079,0.0261744885,0.0265356036,0.0268960550,0.0273032947,0.0274605605,0.0276066478,0.0272225851
2011-09-20,0.0214691751,0.0236192767,0.0252145710,0.0263922410,0.0270501269,0.0275088732,0.0278643494,0.0282560998,0.0282388821,0.0282757641,0.0280383557
2011-09-19,0.0212721266,0.0227259501,0.0242780028,0.0255651469,0.0261444435,0.0265347641,0.0268962518,0.0273077267,0.0275569458,0.0275789491,0.0274317225
2011-09-16,0.0179774261,0.0194115691,0.0210039139,0.0223572031,0.0229281561,0.0233410169,0.0237329380,0.0241515262,0.0242478458,0.0242774960,0.0240753550
2011-09-15,0.0192918121,0.0208809696,0.0225140652,0.0239966663,0.0245502283,0.0249375283,0.0253737518,0.0258326504,0.0260606360,0.0261196178,0.0260067672
2011-09-14,0.0236404034,0.0246326883,0.0262006366,0.0275804955,0.0282436871,0.0287228965,0.0291492118,0.0295961730,0.0297942449,0.0297947862,0.0296951319
2011-09-13,0.0228330871,0.0255187139,0.0269581398,0.0284031003,0.0289474934,0.0293047458,0.0296727417,0.0300588384,0.0300363325,0.0310315765,0.0298619928
2011-09-12,0.0246239490,0.0265492540,0.0279685744,0.0293710871,0.0299330182,0.0303079835,0.0306790963,0.0310938995,0.0311043481,0.0311307226,0.0310280901
2011-09-09,0.0213455302,0.0231690684,0.0249076065,0.0262751386,0.0269162713,0.0274002853,0.0278979228,0.0283975687,0.0283938485,0.0284028698,0.0283853535
2011-09-08,0.0192487521,0.0205542552,0.0222080945,0.0233658800,0.0238951439,0.0242885579,0.0246902728,0.0251549378,0.0251559428,0.0251694385,0.0250633038
2011-09-07,0.0180093019,0.0202051200,0.0219488630,0.0231684960,0.0238120923,0.0243307844,0.0247217636,0.0251433099,0.0252652107,0.0253170329,0.0249802920
2011-09-06,0.0190541735,0.0204255039,0.0223544384,0.0239271213,0.0245871148,0.0251233640,0.0256625208,0.0261637966,0.0262263206,0.0261788029,0.0260634311
2011-09-05,0.0188938357,0.0206491124,0.0222012221,0.0237063328,0.0243228134,0.0248205045,0.0253061491,0.0257615562,0.0258715893,0.0258613412,0.0257988383
2011-09-02,0.0167733836,0.0181099250,0.0198058964,0.0210464863,0.0216669597,0.0221840651,0.0226093190,0.0230027699,0.0230693113,0.0230506280,0.0229532780
2011-09-01,0.0161643113,0.0170415471,0.0184704121,0.0197816726,0.0202537843,0.0206229859,0.0210179767,0.0214871398,0.0212586153,0.0211948015,0.0211710511
2011-08-31,0.0151195973,0.0163790988,0.0178570539,0.0193595809,0.0198835307,0.0203081641,0.0207588070,0.0212378983,0.0212250626,0.0212269772,0.0212585578
2011-08-30,0.0172911286,0.0183600257,0.0196906133,0.0210789261,0.0216846497,0.0221826465,0.0226114332,0.0230802581,0.0231244768,0.0230812618,0.0230575449
2011-08-29,0.0173907040,0.0187001413,0.0201696460,0.0216347800,0.0221863225,0.0226231250,0.0230634414,0.0235571645,0.0234545393,0.0235971509,0.0234977983
2011-08-26,0.0181246128,0.0189927033,0.0202898652,0.0217269733,0.0222574186,0.0226705578,0.0230729167,0.0235080381,0.0235065326,0.0235639993,0.0236390013
2011-08-25,0.0167422122,0.0180161311,0.0193390458,0.0205148383,0.0210638663,0.0215029153,0.0219229753,0.0223695020,0.0224697975,0.0225419153,0.0225066764
2011-08-24,0.0179162851,0.0186119433,0.0200621197,0.0213450289,0.0220881520,0.0227242047,0.0231536302,0.0236134017,0.0238365505,0.0240079109,0.0239434396
2011-08-23,0.0186614648,0.0201071716,0.0215040041,0.0227353528,0.0233828150,0.0239075998,0.0243546227,0.0248031018,0.0249364699,0.0249884915,0.0249069184
2011-08-22,0.0166640984,0.0181540563,0.0197941964,0.0213904272,0.0223416754,0.0231970907,0.0237751176,0.0243615939,0.0244236028,0.0243711845,0.0242332459
2011-08-19,0.0151219969,0.0163969048,0.0180406766,0.0197874182,0.0209112280,0.0219669041,0.0225524079,0.0231588632,0.0233017819,0.0233318529,0.0232702165
2011-08-18,0.0129723852,0.0147092521,0.0163487161,0.0180824032,0.0191577837,0.0201748683,0.0207490786,0.0213587500,0.0214757907,0.0215346925,0.0214364356
2011-08-17,0.0118120099,0.0134836721,0.0149631681,0.0164947936,0.0174863648,0.0184249333,0.0189367929,0.0195371832,0.0192776127,0.0198048302,0.0193563464
2011-08-16,0.0129374231,0.0151327290,0.0167143126,0.0182231324,0.0191645354,0.0200310961,0.0207768353,0.0214338482,0.0217222559,0.0217093966,0.0214670206
2011-08-15,0.0115823535,0.0142931440,0.0159015589,0.0176294651,0.0186249645,0.0195551134,0.0202157751,0.0208908522,0.0211367300,0.0211765328,0.0211559248
2011-08-12,0.0134765873,0.0155928107,0.0172500151,0.0189685320,0.0199726227,0.0208988533,0.0215832335,0.0222780137,0.0225165579,0.0226193471,0.0225648983
2011-08-11,0.0186699379,0.0187591575,0.0200469889,0.0214407654,0.0225219413,0.0234773075,0.0240271592,0.0245510064,0.0252388878,0.0253966208,0.0244469772
2011-08-10,0.0153415560,0.0176395513,0.0195329623,0.0211860042,0.0224712730,0.0236196888,0.0244682541,0.0252369757,0.0252565488,0.0252763607,0.0252897615
2011-08-09,0.0128637240,0.0151241296,0.0170917372,0.0186526974,0.0199728860,0.0211640521,0.0220270613,0.0228134465,0.0233676361,0.0235398972,0.0233860306
2011-08-08,0.0125793019,0.0144841528,0.0164534281,0.0180771385,0.0193686993,0.0205078906,0.0213086319,0.0221092851,0.0223506874,0.0225431542,0.0223930929
2011-08-05,0.0099033736,0.0117771726,0.0136165355,0.0154863320,0.0168987867,0.0181971425,0.0191062862,0.0198979352,0.0196434534,0.0200452992,0.0196157301
2011-08-04,0.0104572072,0.0120882684,0.0139359434,0.0156607885,0.0168349408,0.0178336902,0.0186305177,0.0193909570,0.0194049072,0.0194605685,0.0194556223
2011-08-03,0.0092309757,0.0108398619,0.0126841651,0.0142760233,0.0157454425,0.0170893324,0.0179724577,0.0188163209,0.0189168012,0.0193089330,0.0188835979
2011-08-02,0.0084924071,0.0099096018,0.0116871471,0.0133152231,0.0148907663,0.0163643667,0.0172999525,0.0181698681,0.0184206224,0.0185304227,0.0183962753
2011-08-01,0.0078823998,0.0092158577,0.0109311095,0.0125849126,0.0141348689,0.0155789385,0.0165351199,0.0174223748,0.0175254001,0.0175913507,0.0175597687
2011-07-29,0.0075769798,0.0088322754,0.0105822450,0.0122535310,0.0138712273,0.0153873548,0.0163491031,0.0171950770,0.0173206180,0.0173514478,0.0172445689
2011-07-28,0.0063889843,0.0074730701,0.0092766103,0.0111168395,0.0127677980,0.0143495096,0.0154046533,0.0162612852,0.0164047896,0.0163224140,0.0161873930
2011-07-27,0.0062734877,0.0073973501,0.0092010010,0.0109985425,0.0126460126,0.0142085388,0.0152572617,0.0161343109,0.0162465780,0.0163627096,0.0162351168
2011-07-26,0.0061391972,0.0068567686,0.0085578375,0.0104178302,0.0120878864,0.0136864793,0.0146631059,0.0155126609,0.0156152065,0.0156497434,0.0155368250
2011-07-25,0.0058454499,0.0069931688,0.0087647391,0.0104843826,0.0121117887,0.0136343028,0.0146386868,0.0155155414,0.0156480285,0.0157093700,0.0156052113
2011-07-22,0.0054855441,0.0066660955,0.0084110756,0.0101864049,0.0118012370,0.0133040634,0.0144273549,0.0153516961,0.0153765040,0.0153510239,0.0153629281
2011-07-21,0.0064510390,0.0075426078,0.0092150286,0.0108633640,0.0124105011,0.0137770243,0.0148869166,0.0158179754,0.0157429409,0.0157268317,0.0157098595
2011-07-20,0.0073067239,0.0083204469,0.0099806200,0.0116932681,0.0133282600,0.0147415473,0.0158096404,0.0167097106,0.0166779894,0.0166638499,0.0166318556
2011-07-19,0.0085829308,0.0088811829,0.0106230221,0.0123189051,0.0140069616,0.0154325887,0.0163431759,0.0171331120,0.0172628885,0.0173082401,0.0172357476
2011-07-18,0.0077966561,0.0089376771,0.0106860697,0.0123781831,0.0141661298,0.0156877077,0.0166998145,0.0176381038,0.0178476585,0.0179260184,0.0178249293
2011-07-15,0.0070638538,0.0082370067,0.0100650669,0.0119306244,0.0137149646,0.0152346020,0.0164174928,0.0174153608,0.0174657345,0.0174036274,0.0172639431
2011-07-14,0.0059244165,0.0069178226,0.0086537328,0.0104188998,0.0121173928,0.0135985425,0.0146373691,0.0156163159,0.0158691250,0.0159684317,0.0158014383
2011-07-13,0.0064247572,0.0076970678,0.0095009078,0.0112553713,0.0128863002,0.0142161980,0.0151973356,0.0162125166,0.0163588239,0.0164692879,0.0164366493
2011-07-12,0.0068926798,0.0077630759,0.0095067249,0.0112139863,0.0129763864,0.0144485832,0.0154403736,0.0164112114,0.0164815143,0.0165309784,0.0164231174
2011-07-11,0.0066317224,0.0074738395,0.0093442001,0.0113051838,0.0131818800,0.0147688192,0.0158740125,0.0168958834,0.0168288422,0.0168148762,0.0165722189
2011-07-08,0.0052907918,0.0059419169,0.0078049177,0.0096266419,0.0114100533,0.0129765777,0.0140294987,0.0150551928,0.0151234552,0.0151768381,0.0149650680
2011-07-07,0.0042811903,0.0048318147,0.0066314498,0.0084774299,0.0102364400,0.0118436147,0.0129902233,0.0141036568,0.0141077717,0.0141480882,0.0140893912
2011-07-06,0.0048700515,0.0054571075,0.0072904730,0.0090738310,0.0108810026,0.0124850037,0.0135535401,0.0146363213,0.0148017077,0.0148262232,0.0147923462
2011-07-05,0.0038437142,0.0046519366,0.0064991656,0.0082864420,0.0100488826,0.0116439392,0.0127782728,0.0138426925,0.0138656816,0.0138894622,0.0138498938
2011-07-04,0.0039359712,0.0045041688,0.0062354296,0.0079325758,0.0097160170,0.0113549631,0.0124287555,0.0134908259,0.0135737322,0.0137609281,0.0135855296
2011-07-01,0.0034426691,0.0039990650,0.0059912006,0.0079173311,0.0095707434,0.0110346844,0.0122102251,0.0133027049,0.0133686243,0.0133549391,0.0133594938
2011-06-30,0.0034858194,0.0042182689,0.0060794186,0.0079399712,0.0096553038,0.0111939740,0.0123722748,0.0134583428,0.0135166020,0.0135480443,0.0135055626
2011-06-29,0.0041773297,0.0049092950,0.0066506606,0.0083758022,0.0101742312,0.0117780144,0.0128280161,0.0138426234,0.0139064916,0.0140261263,0.0137879675
2011-06-28,0.0047423790,0.0053431036,0.0071299032,0.0089362347,0.0107267824,0.0122660188,0.0133943241,0.0144528345,0.0145486079,0.0146174036,0.0146067278
2011-06-27,0.0053123838,0.0059441612,0.0078064811,0.0096173248,0.0115038005,0.0131030259,0.0141524138,0.0152578563,0.0154071664,0.0154463407,0.0152651490
2011-06-24,0.0044701882,0.0055286049,0.0074965209,0.0094483282,0.0112572809,0.0127667158,0.0138699395,0.0149289449,0.0147600361,0.0146430791,0.0146290140
2011-06-23,0.0049212643,0.0054204529,0.0072663433,0.0091406328,0.0109921076,0.0125769922,0.0137689881,0.0148386288,0.0149292010,0.0149986153,0.0149359296
2011-06-22,0.0038979436,0.0045202983,0.0062866866,0.0081025514,0.0099373090,0.0115912657,0.0127752086,0.0138196452,0.0139114671,0.0139930022,0.0139028325
2011-06-21,0.0034040085,0.0040872538,0.0058538260,0.0076481706,0.0094613494,0.0111272444,0.0123192383,0.0133618205,0.0134441363,0.0134177435,0.0135022649
2011-06-20,0.0042450778,0.0047188056,0.0065515534,0.0084070814,0.0103111984,0.0120181056,0.0131320628,0.0142427571,0.0143920704,0.0143994947,0.0144038109
2011-06-17,0.0040093984,0.0046639509,0.0064756464,0.0083337983,0.0102176516,0.0118999772,0.0131412179,0.0142318715,0.0142950992,0.0142622249,0.0142836318
2011-06-16,0.0044536985,0.0052799809,0.0070638537,0.0088852057,0.0107888231,0.0124391742,0.0136059744,0.0146196436,0.0147960166,0.0148063831,0.0148436847
2011-06-15,0.0043119310,0.0053009402,0.0072663753,0.0092505955,0.0112116792,0.0128975283,0.0141411241,0.0151843543,0.0150494043,0.0149107610,0.0147878586
2011-06-14,0.0034865530,0.0040775308,0.0059859489,0.0078827667,0.0097882263,0.0115315621,0.0128494668,0.0139363280,0.0139744303,0.0139698332,0.0139577327
2011-06-13,0.0042811763,0.0049982351,0.0067631451,0.0085669934,0.0105215549,0.0122550244,0.0134597552,0.0144635089,0.0146803110,0.0145877558,0.0144979276
2011-06-10,0.0041345592,0.0047727714,0.0065723514,0.0084457399,0.0103642902,0.0120572466,0.0133404581,0.0144188463,0.0145010832,0.0144169926,0.0144872104
2011-06-09,0.0038973363,0.0044767492,0.0062146798,0.0079643132,0.0099051160,0.0116735103,0.0127192162,0.0136907504,0.0137171086,0.0139521030,0.0136279299
2011-06-08,0.0036122997,0.0042745475,0.0060551976,0.0079029669,0.0097698512,0.0114403778,0.0126723746,0.0136884214,0.0139049162,0.0138816420,0.0139532322
2011-06-07,0.0029573433,0.0036609398,0.0054521004,0.0072435615,0.0091133444,0.0108563042,0.0120090493,0.0129349418,0.0130892853,0.0132029095,0.0131896982
2011-06-06,0.0037046416,0.0039822703,0.0058382079,0.0076720481,0.0095246108,0.0111914330,0.0124058929,0.0133932714,0.0136365033,0.0136261413,0.0136652549
2011-06-03,0.0031685713,0.0038587810,0.0057198113,0.0075795734,0.0094486287,0.0111434404,0.0122870795,0.0133030246,0.0135325187,0.0135459169,0.0135157487
2011-06-02,0.0031955441,0.0040294051,0.0058319407,0.0076562014,0.0095214858,0.0111981570,0.0122638671,0.0132799044,0.0136387218,0.0133247526,0.0133821696
2011-06-01,0.0029935451,0.0038341873,0.0055798403,0.0072989159,0.0091690868,0.0108885041,0.0120247600,0.0129511428,0.0133727060,0.0133502239,0.0131096928
2011-05-31,0.0033584967,0.0039187715,0.0058116418,0.0076801877,0.0095590411,0.0112423006,0.0125780496,0.0136039494,0.0136239790,0.0135739369,0.0136062514
2011-05-30,0.0037655256,0.0042645222,0.0060219023,0.0078494669,0.0097004069,0.0113230145,0.0125611396,0.0136355862,0.0136539729,0.0135641747,0.0136358298
2011-05-27,0.0035044696,0.0040874561,0.0058861004,0.0077764470,0.0096663061,0.0113001927,0.0124967356,0.0135403578,0.0136540404,0.0135658115,0.0136385970
2011-05-26,0.0036706475,0.0041074078,0.0058958583,0.0076309621,0.0094931562,0.0110588913,0.0121064674,0.0129972224,0.0133287496,0.0133782135,0.0132480756
2011-05-25,0.0039717370,0.0042327058,0.0059796230,0.0076508981,0.0095443784,0.0111013596,0.0122060558,0.0131240665,0.0132353838,0.0133888466,0.0133356449
2011-05-24,0.0031849826,0.0038281560,0.0056834745,0.0074750779,0.0094317456,0.0110480437,0.0122319157,0.0131563037,0.0133817540,0.0133886295,0.0133696826
2011-05-23,0.0034003403,0.0037875763,0.0055926433,0.0074192790,0.0093899402,0.0109851138,0.0121118437,0.0130893125,0.0132518832,0.0132550838,0.0132380015
2011-05-20,0.0027537211,0.0032948137,0.0050618177,0.0068486143,0.0088155288,0.0104437941,0.0115592458,0.0124969791,0.0126420685,0.0126758622,0.0126296910
2011-05-19,0.0027029474,0.0030434042,0.0048245144,0.0065782447,0.0085122580,0.0101731801,0.0114287806,0.0124005481,0.0124319009,0.0124060123,0.0124247613
2011-05-18,0.0027561491,0.0030016026,0.0048380254,0.0066702094,0.0086023866,0.0102822601,0.0115212246,0.0125268927,0.0124451421,0.0122854713,0.0122911911
2011-05-17,0.0021894361,0.0028148483,0.0046350563,0.0064376244,0.0083519951,0.0100776181,0.0112124361,0.0121542924,0.0120996834,0.0118058680,0.0118020087
2011-05-16,0.0024644483,0.0030185834,0.0047735876,0.0066418463,0.0084546523,0.0100442771,0.0111937677,0.0122339937,0.0122976230,0.0122625664,0.0122845108
2011-05-13,0.0019238279,0.0025309128,0.0045152709,0.0063985535,0.0082057104,0.0098555189,0.0111041008,0.0121022975,0.0121865718,0.0122562546,0.0121795249
2011-05-12,0.0026685989,0.0028988709,0.0046338215,0.0064236400,0.0082657979,0.0099236606,0.0111271024,0.0121372190,0.0121685537,0.0121351975,0.0121556933
2011-05-11,0.0025041468,0.0028362756,0.0045793867,0.0062996349,0.0080552768,0.0095737856,0.0106473814,0.0115568646,0.0118349637,0.0118662901,0.0118986081
2011-05-10,0.0022682614,0.0026324839,0.0044681695,0.0062835731,0.0081173987,0.0097100131,0.0109807151,0.0119626398,0.0118120144,0.0116268807,0.0116124687
2011-05-09,0.0024743008,0.0028329532,0.0046584840,0.0064422048,0.0083369603,0.0099524102,0.0111485631,0.0121132551,0.0121960405,0.0122019799,0.0121844612
2011-05-06,0.0019258101,0.0022826458,0.0041335356,0.0059678192,0.0078960246,0.0096007082,0.0107362213,0.0116146123,0.0115790463,0.0114657991,0.0113193828
2011-05-05,0.0022480770,0.0024821809,0.0042243731,0.0059860418,0.0079246063,0.0096044428,0.0107207724,0.0116224562,0.0116606303,0.0115718990,0.0114150801
2011-05-04,0.0018850989,0.0024272857,0.0041076866,0.0057863905,0.0076667813,0.0092604118,0.0103204742,0.0112121149,0.0114286794,0.0115442813,0.0113703518
2011-05-03,0.0021720463,0.0025869553,0.0042512599,0.0059003664,0.0078183693,0.0093414117,0.0104251178,0.0113055149,0.0115612331,0.0116436228,0.0117153895
2011-05-02,0.0021412958,0.0024304167,0.0042643616,0.0060571288,0.0079305124,0.0095633110,0.0107265278,0.0116557228,0.0116196965,0.0116589207,0.0114681663
2011-04-29,0.0022104740,0.0025168408,0.0043125924,0.0060661197,0.0079071063,0.0095351908,0.0106660421,0.0115774237,0.0117138962,0.0118365560,0.0117835465
2011-04-28,0.0021620656,0.0024323154,0.0042494801,0.0060381938,0.0078525597,0.0094897173,0.0106516380,0.0115735965,0.0117120861,0.0117484767,0.0117800150
2011-04-27,0.0023596633,0.0026331613,0.0045033502,0.0062898509,0.0081781949,0.0099253312,0.0111126462,0.0120086422,0.0118155931,0.0118672489,0.0115833667
2011-04-26,0.0025435696,0.0028662721,0.0045424266,0.0063183431,0.0081695105,0.0099035736,0.0109738320,0.0118614395,0.0120520609,0.0120419963,0.0120379688
2011-04-25,0.0026384598,0.0029512584,0.0045604701,0.0063338080,0.0081053606,0.0097682213,0.0109545388,0.0119478545,0.0119622964,0.0119114217,0.0119492295
2011-04-22,0.0026385774,0.0029513663,0.0045605634,0.0063338804,0.0080874118,0.0097682681,0.0109545571,0.0119478048,0.0119622513,0.0119113240,0.0119492391
2011-04-21,0.0026386360,0.0029514243,0.0045602040,0.0063334279,0.0081060691,0.0097682035,0.0109550070,0.0119490894,0.0119640555,0.0119134993,0.0119527856
2011-04-20,0.0022678879,0.0026403324,0.0043744223,0.0061224602,0.0079186863,0.0095979359,0.0106989754,0.0115882926,0.0115634631,0.0116366595,0.0115038507
2011-04-19,0.0026711036,0.0030524902,0.0047126330,0.0064600952,0.0083229195,0.0100017183,0.0109655805,0.0118042082,0.0120264822,0.0120804601,0.0119806710
2011-04-18,0.0033240030,0.0034899949,0.0050881151,0.0068876783,0.0088150854,0.0104738648,0.0114752152,0.0123237666,0.0125838157,0.0126635703,0.0125518249
2011-04-15,0.0024453786,0.0028383771,0.0043966441,0.0063022801,0.0082022441,0.0098641359,0.0108314107,0.0116688123,0.0119520403,0.0119973619,0.0118005524
2011-04-14,0.0023395485,0.0027239968,0.0043513295,0.0060472004,0.0079093181,0.0095559285,0.0105603934,0.0113940549,0.0114522618,0.0114922214,0.0113309197
2011-04-13,0.0016983799,0.0019998582,0.0035984896,0.0054947058,0.0073204318,0.0090060824,0.0100406173,0.0108999740,0.0109338801,0.0108480944,0.0107172054
2011-04-12,0.0012545868,0.0018642362,0.0034563947,0.0052919811,0.0070538069,0.0086794778,0.0096507067,0.0104991724,0.0107801082,0.0108464646,0.0107583140
2011-04-11,0.0012520842,0.0015499501,0.0031282599,0.0049147970,0.0066824267,0.0083846584,0.0094684388,0.0102699362,0.0102156089,0.0100820277,0.0099358264
2011-04-08,0.0012381824,0.0015003928,0.0031097160,0.0048820413,0.0066231657,0.0082891526,0.0092592845,0.0100437039,0.0100312800,0.0100072735,0.0099761371
2011-04-07,0.0011780087,0.0016576833,0.0033052267,0.0050552383,0.0068388924,0.0085323378,0.0094134776,0.0101701083,0.0103235232,0.0105483361,0.0103808804
2011-04-06,0.0013282571,0.0017462553,0.0033779675,0.0050126116,0.0067886498,0.0084761509,0.0093835094,0.0101519280,0.0101840066,0.0103226788,0.0100620829
2011-04-05,0.0015074499,0.0019626306,0.0036325858,0.0053891732,0.0072059152,0.0088799368,0.0097730650,0.0105178581,0.0104590130,0.0106433765,0.0104088902
2011-04-04,0.0017251393,0.0020511379,0.0037184794,0.0053660764,0.0071824626,0.0088573013,0.0098447098,0.0106067431,0.0106359569,0.0106178329,0.0105445462
2011-04-01,0.0015923614,0.0020128186,0.0037985697,0.0056257687,0.0074862309,0.0091751648,0.0101297028,0.0109125347,0.0108517756,0.0106814407,0.0107117068
2011-03-31,0.0024368036,0.0027595951,0.0045406465,0.0062447056,0.0081495487,0.0097922446,0.0106359905,0.0113832262,0.0114109593,0.0114112513,0.0114046811
2011-03-30,0.0021291079,0.0026748182,0.0044546940,0.0061593624,0.0080239929,0.0096212214,0.0104461330,0.0111517468,0.0111770116,0.0111500006,0.0110898098
2011-03-29,0.0022316525,0.0025927665,0.0042897281,0.0058640095,0.0077233587,0.0093596678,0.0102554614,0.0109622400,0.0110784000,0.0111440675,0.0110044960
2011-03-28,0.0025221052,0.0028395044,0.0046906504,0.0062072154,0.0080432810,0.0095867225,0.0102181389,0.0108196718,0.0110221329,0.0110134404,0.0110106087
2011-03-25,0.0021771738,0.0025324397,0.0043349173,0.0058978069,0.0077973084,0.0094788826,0.0103323883,0.0110460535,0.0110736542,0.0111965283,0.0109859677
2011-03-24,0.0022048494,0.0025948523,0.0043172259,0.0060148051,0.0078936461,0.0095224744,0.0103739049,0.0110766687,0.0112682514,0.0113246182,0.0113105989
2011-03-23,0.0022700197,0.0026822857,0.0045377693,0.0062740524,0.0081585073,0.0097487096,0.0105521705,0.0112346177,0.0113416219,0.0113149783,0.0112620574
2011-03-22,0.0022191597,0.0026515907,0.0044403699,0.0059997965,0.0077937251,0.0093000505,0.0100551480,0.0107179268,0.0110511237,0.0111134571,0.0111024656
2011-03-21,0.0016974396,0.0020777233,0.0036659918,0.0054988202,0.0073372492,0.0089905544,0.0099335063,0.0106630313,0.0110069158,0.0110652759,0.0109925004
2011-03-18,0.0019090912,0.0021486704,0.0039215570,0.0057347509,0.0075793478,0.0091959450,0.0100138855,0.0106899750,0.0106168398,0.0105470601,0.0105400183
2011-03-17,0.0020451597,0.0024745984,0.0042852115,0.0061420667,0.0080368052,0.0096506684,0.0105071944,0.0112085358,0.0113250042,0.0113647723,0.0113657025
2011-03-16,0.0025938191,0.0029421123,0.0046407187,0.0064342205,0.0083891030,0.0100345511,0.0109435910,0.0116810820,0.0118074623,0.0118074560,0.0118037364
2011-03-15,0.0031139674,0.0034816403,0.0052226997,0.0068169328,0.0087426174,0.0102828751,0.0110821663,0.0117556141,0.0120131525,0.0120510639,0.0120185232
2011-03-14,0.0024911564,0.0029073606,0.0047600891,0.0065788778,0.0084757976,0.0100112372,0.0107960017,0.0114660470,0.0117206729,0.0117577471,0.0117399229
2011-03-11,0.0034836355,0.0038659267,0.0056072740,0.0073123217,0.0092050373,0.0106201836,0.0114064278,0.0120608688,0.0123283151,0.0123725754,0.0123468979
2011-03-10,0.0026943759,0.0032946634,0.0052690126,0.0069864051,0.0089469748,0.0104976639,0.0112576765,0.0119590827,0.0122519479,0.0123242476,0.0123449598
2011-03-09,0.0028653136,0.0032528490,0.0050132957,0.0067988946,0.0086944120,0.0101834261,0.0109569999,0.0116143128,0.0118582862,0.0118945682,0.0119029836
2011-03-08,0.0028841025,0.0033962304,0.0051651637,0.0067226971,0.0084551342,0.0097365938,0.0102626492,0.0108142015,0.0113542116,0.0117505161,0.0115736857
2011-03-07,0.0024541707,0.0031702646,0.0049552797,0.0065179028,0.0083914349,0.0098885353,0.0106352982,0.0113111169,0.0117359447,0.0118543547,0.0116680164
2011-03-04,0.0023389622,0.0028854446,0.0046386422,0.0062779750,0.0081610082,0.0097071832,0.0104348858,0.0111141035,0.0113092807,0.0113521808,0.0113135834
2011-03-03,0.0018197361,0.0026267291,0.0045100298,0.0061324520,0.0079136927,0.0093801337,0.0100255790,0.0106424431,0.0106626774,0.0106606797,0.0106372346
2011-03-02,0.0026153999,0.0033001825,0.0050332136,0.0065147889,0.0082851794,0.0097151153,0.0102953793,0.0108464054,0.0110656608,0.0114829619,0.0109423761
2011-03-01,0.0022899545,0.0027459518,0.0045248583,0.0060889584,0.0079137706,0.0095198041,0.0102342249,0.0108915508,0.0109655516,0.0109570191,0.0108663255
2011-02-28,0.0031930712,0.0036681790,0.0053902109,0.0067457586,0.0083992018,0.0097164805,0.0102345637,0.0107394313,0.0112444973,0.0117420475,0.0110995109
2011-02-25,0.0029794449,0.0035710232,0.0052938733,0.0069348959,0.0086201117,0.0099933070,0.0106284139,0.0112369610,0.0114417365,0.0116762637,0.0112996510
2011-02-24,0.0036472656,0.0039651844,0.0056504797,0.0072122974,0.0089059261,0.0102959775,0.0108716265,0.0114841294,0.0117657982,0.0119197763,0.0118518994
2011-02-23,0.0042598410,0.0045726354,0.0062156638,0.0075612513,0.0090378547,0.0101526572,0.0106435656,0.0111800005,0.0113532054,0.0114150622,0.0113683418
2011-02-22,0.0036334105,0.0041461832,0.0058308581,0.0072764763,0.0087722631,0.0099771041,0.0104892923,0.0110471370,0.0111915671,0.0113913323,0.0111577984
2011-02-21,0.0035154460,0.0040695304,0.0057603080,0.0071425338,0.0086032554,0.0098137568,0.0102690815,0.0107937411,0.0112051975,0.0116113336,0.0112305814
2011-02-18,0.0033398764,0.0038461708,0.0055363251,0.0069304663,0.0083589691,0.0095737879,0.0101393507,0.0106977021,0.0107415460,0.0106155022,0.0106456596
2011-02-17,0.0034241414,0.0038594668,0.0055209794,0.0068704403,0.0082477824,0.0094277811,0.0099406579,0.0104865678,0.0105456985,0.0105486422,0.0105530220
2011-02-16,0.0034376222,0.0039182206,0.0055651280,0.0069098565,0.0082611732,0.0094300272,0.0099386189,0.0104697188,0.0105839076,0.0105859140,0.0105827179
2011-02-15,0.0035998489,0.0041841831,0.0059582595,0.0073800802,0.0087877050,0.0100176818,0.0105567097,0.0111469124,0.0112129749,0.0111463976,0.0111639636
2011-02-14,0.0039032213,0.0044518965,0.0061834352,0.0075856560,0.0089458443,0.0101275817,0.0106081918,0.0111643676,0.0113367252,0.0113912275,0.0115319595
2011-02-11,0.0036998128,0.0044905464,0.0060748852,0.0075280347,0.0088550023,0.0100260721,0.0105540756,0.0110974350,0.0112019512,0.0112246500,0.0112356401
2011-02-10,0.0038722962,0.0045937882,0.0061114155,0.0074974648,0.0088637503,0.0100960782,0.0106224643,0.0111268293,0.0112716878,0.0114990839,0.0112922807
2011-02-09,0.0037985708,0.0043746752,0.0059355702,0.0073125473,0.0086316348,0.0098253172,0.0103706761,0.0109325739,0.0110393781,0.0110553344,0.0111056571
2011-02-08,0.0041515834,0.0046862792,0.0064357181,0.0077804958,0.0091268123,0.0103337311,0.0108193081,0.0113544580,0.0116235524,0.0117204765,0.0117895783
2011-02-07,0.0039888604,0.0044322106,0.0059330865,0.0073735789,0.0087814883,0.0101037166,0.0106712506,0.0113163841,0.0114256634,0.0114624337,0.0114895023
2011-02-04,0.0049328204,0.0048934453,0.0063882204,0.0076839157,0.0089775906,0.0101427862,0.0106139922,0.0111331285,0.0112523100,0.0112505330,0.0112465221
2011-02-03,0.0041046515,0.0047161241,0.0063126837,0.0077803405,0.0091097675,0.0103236505,0.0108617559,0.0114257962,0.0114945556,0.0114951914,0.0114726107
2011-02-02,0.0039651354,0.0045873249,0.0061735519,0.0075678338,0.0088111454,0.0099381945,0.0103741822,0.0108416021,0.0108996770,0.0112792252,0.0109700959
2011-02-01,0.0040328276,0.0046613187,0.0062527848,0.0077017544,0.0090000318,0.0101978779,0.0106679415,0.0111776466,0.0111970579,0.0112084819,0.0112728812
2011-01-31,0.0045701403,0.0048769643,0.0065931111,0.0080822897,0.0094108193,0.0106347891,0.0111376875,0.0116820973,0.0117882663,0.0117067235,0.0117802259
2011-01-28,0.0045510145,0.0051186538,0.0068445137,0.0082934657,0.0096028858,0.0108012232,0.0112959317,0.0118449694,0.0120698899,0.0121236794,0.0121294168
2011-01-27,0.0053923221,0.0057792379,0.0075292612,0.0089638667,0.0103047312,0.0115180895,0.0119662231,0.0124943335,0.0125978189,0.0126296865,0.0126724313
2011-01-26,0.0046483141,0.0050866936,0.0067339206,0.0081985280,0.0094982888,0.0107091351,0.0111608354,0.0117011453,0.0117199362,0.0121571706,0.0117746783
2011-01-25,0.0040296894,0.0048172245,0.0064412408,0.0079115158,0.0092766030,0.0105953381,0.0111295422,0.0116708704,0.0117448772,0.0116982821,0.0116978900
2011-01-24,0.0036256901,0.0043936835,0.0059327064,0.0073008127,0.0086005578,0.0098781507,0.0103739001,0.0108625795,0.0109575377,0.0109670178,0.0109695611
2011-01-21,0.0043670701,0.0050671490,0.0065895016,0.0080435668,0.0093241794,0.0105478325,0.0110044048,0.0114846251,0.0114630985,0.0114715018,0.0114735629
2011-01-20,0.0040906565,0.0050282984,0.0068889153,0.0085401169,0.0098707477,0.0111435606,0.0116546792,0.0121827680,0.0120671735,0.0119192076,0.0119787644
2011-01-19,0.0046433655,0.0052872192,0.0069901627,0.0083404945,0.0096910536,0.0110086718,0.0114875370,0.0119940819,0.0121948829,0.0122341294,0.0122577756
2011-01-18,0.0050859097,0.0059786498,0.0074457311,0.0088912649,0.0102338694,0.0115265135,0.0120049528,0.0125045204,0.0125725919,0.0125783392,0.0125718508
2011-01-17,0.0057435001,0.0063355171,0.0080230004,0.0094894350,0.0108333966,0.0121134470,0.0126031069,0.0131238444,0.0132086671,0.0131014378,0.0131779370
2011-01-14,0.0061669770,0.0063384612,0.0081297122,0.0096348770,0.0109307013,0.0121747733,0.0125894469,0.0130447105,0.0131636665,0.0135483360,0.0131423796
2011-01-13,0.0061424942,0.0061091497,0.0078788748,0.0094127368,0.0107131296,0.0119994131,0.0124436267,0.0128773950,0.0128865018,0.0128647038,0.0128634575
2011-01-12,0.0055914692,0.0061806384,0.0078382971,0.0095067888,0.0108936615,0.0123137209,0.0127787480,0.0132290750,0.0132143242,0.0131216791,0.0131634296
2011-01-11,0.0069651568,0.0074226709,0.0089487788,0.0103836412,0.0117737825,0.0130192789,0.0134534560,0.0138890285,0.0139417308,0.0141497153,0.0139157779
2011-01-10,0.0078896393,0.0078427091,0.0096549061,0.0112139246,0.0126468953,0.0139069364,0.0143818363,0.0148513407,0.0148447579,0.0148036578,0.0147836337
2011-01-07,0.0068015009,0.0073613320,0.0091712265,0.0107183930,0.0121270144,0.0134117656,0.0138968344,0.0144101499,0.0143867932,0.0142533325,0.0143318208
2011-01-06,0.0057665155,0.0065791066,0.0083393787,0.0099091650,0.0113285140,0.0127832404,0.0132832253,0.0137815476,0.0137486377,0.0135995493,0.0136667812
2011-01-05,0.0050692622,0.0056905592,0.0073430506,0.0088651013,0.0102208549,0.0114963204,0.0120044682,0.0125109401,0.0125005283,0.0124286159,0.0124459711
2011-01-04,0.0044806528,0.0052037084,0.0067581094,0.0081297783,0.0093986935,0.0106927694,0.0111337550,0.0116091248,0.0115936187,0.0115598130,0.0115463717
2011-01-03,0.0049055732,0.0054996646,0.0071059215,0.0085209631,0.0099106358,0.0112079494,0.0116566016,0.0121584801,0.0125346619,0.0131229160,0.0128951467
2010-12-31,0.0056214562,0.0058152054,0.0074279565,0.0087694348,0.0101427965,0.0114090698,0.0118113851,0.0122366877,0.0122768653,0.0127223582,0.0122988574
2010-12-30,0.0050002972,0.0055619208,0.0073044623,0.0087212771,0.0101022419,0.0113829931,0.0118115543,0.0122744299,0.0122913099,0.0122955520,0.0122949334
2010-12-29,0.0056830273,0.0058332707,0.0074687478,0.0087975751,0.0101444775,0.0113813040,0.0117805071,0.0121875017,0.0123881545,0.0123902465,0.0123916357
2010-12-28,0.0047400915,0.0052951678,0.0069230524,0.0083768356,0.0097222287,0.0109810007,0.0114433036,0.0119284746,0.0118826713,0.0118798942,0.0118697406
2010-12-27,0.0047400562,0.0052951526,0.0069231201,0.0083769576,0.0097211286,0.0109807478,0.0114426597,0.0119272316,0.0118801771,0.0118768099,0.0118658519
2010-12-24,0.0047404163,0.0052954655,0.0069236403,0.0083774678,0.0097201725,0.0109803109,0.0114418028,0.0119258875,0.0118784483,0.0118751304,0.0118648634
2010-12-23,0.0046996304,0.0052369061,0.0068569137,0.0082895539,0.0096174125,0.0108657424,0.0113112677,0.0117932853,0.0117789672,0.0117753591,0.0117644043
2010-12-22,0.0045526772,0.0052291020,0.0068819295,0.0083036968,0.0096419048,0.0109049299,0.0114051779,0.0119256159,0.0120311766,0.0120269848,0.0120133739
2010-12-21,0.0050951807,0.0053178722,0.0070709575,0.0084270251,0.0097854332,0.0110700383,0.0115570527,0.0120326401,0.0121884925,0.0121778694,0.0121736179
2010-12-20,0.0049659535,0.0052708947,0.0069877594,0.0083573209,0.0097193045,0.0110144092,0.0115228330,0.0120108551,0.0121330823,0.0121219300,0.0121138759
2010-12-17,0.0043671335,0.0047743219,0.0065001173,0.0079116473,0.0092522747,0.0105458754,0.0110210556,0.0115304503,0.0116832788,0.0116712238,0.0116613911
2010-12-16,0.0040238772,0.0043780516,0.0060642604,0.0075174056,0.0088269503,0.0101041667,0.0106070608,0.0110847079,0.0112310393,0.0112228170,0.0112194671
2010-12-15,0.0039607362,0.0042670988,0.0059067094,0.0073415709,0.0086305319,0.0098929965,0.0103856807,0.0108829841,0.0109468726,0.0109398515,0.0109368122
2010-12-14,0.0041919392,0.0047369821,0.0061565194,0.0074311065,0.0087311947,0.0100053019,0.0104343175,0.0109190496,0.0110558632,0.0112925614,0.0109978342
2010-12-13,0.0041587034,0.0044974623,0.0061354471,0.0076425858,0.0090048291,0.0103500293,0.0108922726,0.0114235408,0.0115073563,0.0114245256,0.0114625250
2010-12-10,0.0042632015,0.0046444496,0.0062242964,0.0076887009,0.0089767749,0.0102261760,0.0107720463,0.0113022900,0.0113908713,0.0113438677,0.0113729582
2010-12-09,0.0040170033,0.0045371102,0.0059798595,0.0073903882,0.0086374269,0.0098519385,0.0103162695,0.0107480222,0.0107519991,0.0107153461,0.0107029867
2010-12-08,0.0038200057,0.0043768121,0.0058388550,0.0071462954,0.0083323571,0.0094835200,0.0099170148,0.0104426484,0.0105249181,0.0105236941,0.0105192973
2010-12-07,0.0038316500,0.0042367161,0.0057244111,0.0071488607,0.0083942148,0.0096234925,0.0101437794,0.0106427767,0.0106851847,0.0106810495,0.0106981925
2010-12-06,0.0039548722,0.0043923852,0.0060221843,0.0073933157,0.0087062708,0.0100121903,0.0105015421,0.0110096878,0.0110752331,0.0110583121,0.0110417825
2010-12-03,0.0038108289,0.0042346616,0.0057207830,0.0070630025,0.0083007263,0.0095288708,0.0099970287,0.0104544577,0.0104511943,0.0107564524,0.0104141918
2010-12-02,0.0050217319,0.0051356966,0.0066030110,0.0079925787,0.0092639011,0.0104904500,0.0109466501,0.0114081542,0.0114574594,0.0117387425,0.0114513429
2010-12-01,0.0053957925,0.0058735749,0.0074345609,0.0088648061,0.0102399922,0.0115589355,0.0120113791,0.0125074223,0.0125229058,0.0126723100,0.0124691734
2010-11-30,0.0058481105,0.0063786859,0.0082306307,0.0098308459,0.0112896656,0.0126722493,0.0131834783,0.0137259148,0.0136893968,0.0136423703,0.0136063384
2010-11-29,0.0055401138,0.0059231704,0.0077158241,0.0092374624,0.0106805329,0.0120728612,0.0125845416,0.0131085270,0.0130919187,0.0130570494,0.0130289956
2010-11-26,0.0050475574,0.0055973851,0.0073555993,0.0089383113,0.0103215691,0.0116548754,0.0121969186,0.0127468951,0.0127086465,0.0126749181,0.0126462773
2010-11-25,0.0044218038,0.0051230909,0.0068181693,0.0083780476,0.0097095372,0.0110057719,0.0115416916,0.0120905566,0.0122083978,0.0121827217,0.0121360577
2010-11-24,0.0041440897,0.0048353293,0.0066195384,0.0082706108,0.0096512958,0.0110177913,0.0115608051,0.0121071395,0.0121151932,0.0121038728,0.0120885023
2010-11-23,0.0044460100,0.0049949598,0.0067402915,0.0083372458,0.0097147284,0.0110762872,0.0116554148,0.0121757998,0.0122465132,0.0121987385,0.0121772873
2010-11-22,0.0039112605,0.0043974241,0.0060925821,0.0076499636,0.0089803850,0.0103176464,0.0108854870,0.0114351656,0.0113712099,0.0113290078,0.0112926982
2010-11-19,0.0041014487,0.0044081789,0.0061289846,0.0075360928,0.0088449232,0.0101621734,0.0106872748,0.0112208935,0.0111468718,0.0111082150,0.0110738153
2010-11-18,0.0039377602,0.0040847468,0.0056875724,0.0070975141,0.0083463769,0.0096098896,0.0101427206,0.0106944407,0.0106481406,0.0106115778,0.0105760119
2010-11-17,0.0034504013,0.0038956653,0.0057103296,0.0072126305,0.0085411767,0.0099049975,0.0104582922,0.0109752291,0.0110173845,0.0109727355,0.0109347262
2010-11-16,0.0038423015,0.0043716842,0.0061534469,0.0076710142,0.0089880396,0.0103151078,0.0108896698,0.0114144521,0.0113862072,0.0113243596,0.0112723537
2010-11-15,0.0040300969,0.0043186369,0.0059901071,0.0075274767,0.0087549929,0.0099756854,0.0105449245,0.0110594633,0.0110739845,0.0110624225,0.0110560735
2010-11-12,0.0041314681,0.0046575977,0.0062701888,0.0077596339,0.0090276002,0.0102912453,0.0108817373,0.0113790858,0.0114311727,0.0114132451,0.0114019233
2010-11-11,0.0044875603,0.0049103091,0.0066339097,0.0082371873,0.0095353541,0.0108179060,0.0114051533,0.0119574204,0.0119600833,0.0119356588,0.0119136805
2010-11-10,0.0039014028,0.0044998051,0.0063379555,0.0078957971,0.0091997376,0.0105072090,0.0110825900,0.0116628649,0.0116178589,0.0115612076,0.0114941988
2010-11-09,0.0032170511,0.0039026830,0.0057263394,0.0073732652,0.0086506138,0.0099506265,0.0104727661,0.0110315603,0.0111044296,0.0110945961,0.0110722535
2010-11-08,0.0037094793,0.0042194799,0.0059980356,0.0075123513,0.0087949659,0.0100970110,0.0106364113,0.0111991045,0.0111463334,0.0110952462,0.0110481369
2010-11-05,0.0037169336,0.0040283235,0.0057069062,0.0072136693,0.0084173121,0.0096332981,0.0101686989,0.0107270235,0.0107598078,0.0107113633,0.0106662829
2010-11-04,0.0035663126,0.0039952315,0.0055085477,0.0070715631,0.0082581808,0.0094606654,0.0099701988,0.0104028489,0.0105027584,0.0104955591,0.0104926189
2010-11-03,0.0035969093,0.0040461061,0.0056487909,0.0070784792,0.0083007648,0.0095509934,0.0101012493,0.0106246323,0.0105810517,0.0105409757,0.0105017211
2010-11-02,0.0033712225,0.0038810350,0.0054595503,0.0068250102,0.0080371762,0.0092883791,0.0098010486,0.0103039706,0.0102958994,0.0102954423,0.0102942270
2010-11-01,0.0033468439,0.0037367017,0.0052650316,0.0066455187,0.0078280473,0.0090510344,0.0095946974,0.0101195733,0.0100688653,0.0100269232,0.0099860156
2010-10-29,0.0031855717,0.0038205684,0.0052151603,0.0066526417,0.0078426171,0.0090767856,0.0096463457,0.0101377120,0.0102226903,0.0102198048,0.0102194026
2010-10-28,0.0038505317,0.0041597291,0.0053611524,0.0066548277,0.0077763602,0.0089228599,0.0094712395,0.0099384145,0.0100990078,0.0100978120,0.0101472002
2010-10-27,0.0029869634,0.0033704465,0.0049534270,0.0064049682,0.0076237805,0.0089124254,0.0093833771,0.0098847116,0.0098163327,0.0097977680,0.0097750299
2010-10-26,0.0024415551,0.0032783581,0.0047132585,0.0062190446,0.0074322205,0.0087250835,0.0091964312,0.0096716574,0.0096890306,0.0096096039,0.0096952207
2010-10-25,0.0033350312,0.0038629592,0.0053064319,0.0065500749,0.0076491957,0.0087765803,0.0091779698,0.0096288786,0.0096456790,0.0096270357,0.0096055577
2010-10-22,0.0025597975,0.0035231802,0.0050418378,0.0064650520,0.0077199232,0.0090589518,0.0095239641,0.0099582230,0.0100162011,0.0098717811,0.0100166023
2010-10-21,0.0038410130,0.0042726808,0.0056244618,0.0067767063,0.0078965109,0.0090439842,0.0094497048,0.0098618014,0.0098163485,0.0097938181,0.0097674952
2010-10-20,0.0040414696,0.0045291131,0.0058002457,0.0070011689,0.0081243837,0.0092683461,0.0097075231,0.0101753506,0.0102380709,0.0102370545,0.0102359481
2010-10-19,0.0036951173,0.0040263372,0.0055265612,0.0067771095,0.0079263905,0.0091155386,0.0095818562,0.0101199580,0.0101712679,0.0101424625,0.0101121882
2010-10-18,0.0036512235,0.0042187093,0.0056866661,0.0069404270,0.0080540252,0.0091917806,0.0095945624,0.0100559289,0.0101547150,0.0101332087,0.0101100095
2010-10-15,0.0036146330,0.0038943610,0.0052876693,0.0064925860,0.0076489946,0.0088641039,0.0093008271,0.0098020314,0.0098465560,0.0098307341,0.0098118396
2010-10-14,0.0032778093,0.0035967535,0.0049607458,0.0061462096,0.0072768782,0.0084763844,0.0088885547,0.0094103241,0.0094269291,0.0094114398,0.0093912653
2010-10-13,0.0028771635,0.0031724514,0.0045985820,0.0057902017,0.0068774550,0.0080384737,0.0084458367,0.0089404910,0.0089694463,0.0089328052,0.0089571177
2010-10-12,0.0037710086,0.0040603076,0.0051971989,0.0063503874,0.0073792893,0.0084396529,0.0088659898,0.0093672195,0.0094532124,0.0094545883,0.0094598126
2010-10-11,0.0032434282,0.0038436348,0.0050747044,0.0062664870,0.0073146077,0.0084049983,0.0088035780,0.0092800384,0.0094135308,0.0094073148,0.0094221672
2010-10-08,0.0045556317,0.0047757258,0.0058363324,0.0069114241,0.0079060081,0.0089045224,0.0092541585,0.0096436601,0.0097252460,0.0100244911,0.0097324547
2010-10-07,0.0048526252,0.0050425128,0.0061748225,0.0073009828,0.0083152259,0.0093264079,0.0097254606,0.0101690705,0.0103244652,0.0103234125,0.0103211494
2010-10-06,0.0047001796,0.0048007068,0.0058895483,0.0069749288,0.0079995176,0.0090368986,0.0094081437,0.0097865010,0.0098518430,0.0102145938,0.0098543035
2010-10-05,0.0045965231,0.0049459876,0.0060536052,0.0072300210,0.0083016898,0.0093909388,0.0098079245,0.0102469729,0.0103172304,0.0103144216,0.0103134039
2010-10-04,0.0053408231,0.0054107880,0.0064790149,0.0075523069,0.0085803755,0.0096057767,0.0100013420,0.0104350590,0.0105200936,0.0108526316,0.0105879331
2010-10-01,0.0053272432,0.0054080673,0.0065091361,0.0076139178,0.0086624094,0.0097129849,0.0100348577,0.0103856120,0.0104087400,0.0107446733,0.0104311035
2010-09-30,0.0054854796,0.0058648741,0.0070402237,0.0082116044,0.0093017854,0.0103865679,0.0107591174,0.0111504431,0.0111102210,0.0111042008,0.0111008922
2010-09-29,0.0054217463,0.0059585947,0.0071977430,0.0084508055,0.0095588679,0.0106602218,0.0110509990,0.0114757547,0.0115196146,0.0114915335,0.0115010168
2010-09-28,0.0058695949,0.0062638396,0.0075751204,0.0088584747,0.0099988322,0.0111294831,0.0115060414,0.0119131166,0.0120712626,0.0120451192,0.0120413013
2010-09-27,0.0051737725,0.0060939017,0.0073898711,0.0086349570,0.0097272772,0.0108079110,0.0111901260,0.0115509562,0.0116259105,0.0115943388,0.0115909509
2010-09-24,0.0056521124,0.0060196618,0.0072237782,0.0084310983,0.0095658218,0.0107068997,0.0110903557,0.0115236648,0.0115672064,0.0115559313,0.0115568458
2010-09-23,0.0067684423,0.0068672157,0.0078854979,0.0089051469,0.0099449821,0.0109585782,0.0113714035,0.0118044062,0.0118656349,0.0120958644,0.0119027126
2010-09-22,0.0061104151,0.0063594222,0.0075194396,0.0086595929,0.0097465914,0.0108262809,0.0111796028,0.0115825064,0.0116075152,0.0118522749,0.0115890183
2010-09-21,0.0056438975,0.0058911038,0.0070328744,0.0081632379,0.0092432372,0.0103309664,0.0106911618,0.0110818470,0.0110540982,0.0113218332,0.0110419223
2010-09-20,0.0053134213,0.0055802443,0.0067356764,0.0078663156,0.0088868609,0.0099120749,0.0102564986,0.0106309757,0.0106661965,0.0109973167,0.0106573417
2010-09-17,0.0048420393,0.0051269506,0.0061781778,0.0072280353,0.0083484170,0.0095216266,0.0099081121,0.0103157294,0.0104601458,0.0107944997,0.0104591537
2010-09-16,0.0047792564,0.0052902148,0.0064142800,0.0074974161,0.0085309966,0.0095872716,0.0099350772,0.0103398628,0.0104310981,0.0104269372,0.0104259871
2010-09-15,0.0051931932,0.0055648681,0.0065475822,0.0075091600,0.0085049822,0.0095158270,0.0097990401,0.0101470333,0.0106412365,0.0112444499,0.0110564837
2010-09-14,0.0054511770,0.0057600989,0.0067310545,0.0076763886,0.0086195692,0.0095628910,0.0098330897,0.0101575390,0.0102487220,0.0105956030,0.0102452577
2010-09-13,0.0054681816,0.0057022778,0.0066734279,0.0075599931,0.0084456943,0.0093241301,0.0095882490,0.0099005369,0.0099154594,0.0102234329,0.0099198993
2010-09-10,0.0056212615,0.0060640796,0.0070702186,0.0079649905,0.0089649655,0.0099736690,0.0102836124,0.0106398655,0.0106312061,0.0106065160,0.0106170504
2010-09-09,0.0058758016,0.0063085048,0.0073359883,0.0081992779,0.0091642706,0.0101262149,0.0104416004,0.0107965490,0.0108314166,0.0108001739,0.0108184074
2010-09-08,0.0062774253,0.0066658395,0.0076469623,0.0085703440,0.0095208369,0.0104583433,0.0108009452,0.0111839951,0.0112015230,0.0111985406,0.0112756876
2010-09-07,0.0060694206,0.0064766881,0.0074806802,0.0083834674,0.0093276677,0.0102640160,0.0105559034,0.0108891331,0.0108767700,0.0108699894,0.0108664486
2010-09-06,0.0052370147,0.0056699682,0.0067038855,0.0075842654,0.0086071730,0.0096624304,0.0099348112,0.0102949607,0.0107133797,0.0113784807,0.0107096784
2010-09-03,0.0054503283,0.0058973804,0.0068819897,0.0077709668,0.0087205622,0.0096822595,0.0099600975,0.0102948522,0.0103457111,0.0106528687,0.0103409282
2010-09-02,0.0058785757,0.0062538933,0.0072521144,0.0081613519,0.0090963790,0.0100327906,0.0103068050,0.0106359742,0.0106156649,0.0109028947,0.0106102376
2010-09-01,0.0065507572,0.0067526807,0.0077430056,0.0086724253,0.0095831495,0.0104810958,0.0107971936,0.0111817348,0.0112183084,0.0115089921,0.0113153108
2010-08-31,0.0067642476,0.0071791170,0.0082279008,0.0092110739,0.0101831411,0.0111446889,0.0113984300,0.0117050611,0.0117674045,0.0117405688,0.0117283981
2010-08-30,0.0065864523,0.0070467352,0.0080847056,0.0090053284,0.0099547185,0.0108957484,0.0111782952,0.0115101720,0.0115542418,0.0115407760,0.0115277531
2010-08-27,0.0066550787,0.0071561819,0.0081940710,0.0090959681,0.0100243892,0.0109408115,0.0112666187,0.0116628059,0.0117280062,0.0117536527,0.0118235684
2010-08-26,0.0064293890,0.0067999737,0.0078570144,0.0087913807,0.0097744693,0.0107645499,0.0111273052,0.0114976413,0.0114682956,0.0114064666,0.0115214862
2010-08-25,0.0063866659,0.0066639320,0.0076932449,0.0086285998,0.0095781440,0.0105335062,0.0108511058,0.0111830397,0.0112348243,0.0114381516,0.0112839908
2010-08-24,0.0058303303,0.0062255795,0.0072347438,0.0081065538,0.0090637259,0.0100418049,0.0103997041,0.0107420811,0.0107876645,0.0108083531,0.0108716693
2010-08-23,0.0053750180,0.0057159507,0.0067029172,0.0075545359,0.0085335749,0.0095537244,0.0098840545,0.0101488287,0.0103276133,0.0103668050,0.0104004437
2010-08-20,0.0055087058,0.0058403430,0.0068372637,0.0078014504,0.0087386690,0.0097032602,0.0099775706,0.0102512959,0.0103069468,0.0105460305,0.0103488998
2010-08-19,0.0042923437,0.0054283141,0.0064560102,0.0073216229,0.0082731830,0.0092688172,0.0095719076,0.0098497292,0.0101397261,0.0109716730,0.0105763140
2010-08-18,0.0041000479,0.0054306459,0.0062802646,0.0072445047,0.0081414976,0.0090734048,0.0094438117,0.0097554021,0.0097259891,0.0108477570,0.0102953950
2010-08-17,0.0043030044,0.0056334195,0.0065253168,0.0075289654,0.0083836395,0.0092594296,0.0096121205,0.0098959929,0.0100225280,0.0112712640,0.0106915390
2010-08-16,0.0047576027,0.0060697324,0.0069686209,0.0079509556,0.0088178611,0.0097016474,0.0100343014,0.0104441287,0.0105222111,0.0115080190,0.0109133650
2010-08-13,0.0044026519,0.0055987183,0.0066530955,0.0077591403,0.0086527628,0.0095745477,0.0097461329,0.0100742974,0.0101472060,0.0111990004,0.0105645940
2010-08-12,0.0045040409,0.0056921359,0.0067342943,0.0077813844,0.0086383666,0.0095172753,0.0098465452,0.0101348019,0.0104285480,0.0113607460,0.0107649120
2010-08-11,0.0044690197,0.0055125016,0.0064960316,0.0075011883,0.0084035527,0.0093451438,0.0096419854,0.0099541459,0.0101136581,0.0111134891,0.0104628770
2010-08-10,0.0044571280,0.0048709804,0.0059160961,0.0068868691,0.0077745154,0.0087136276,0.0090098095,0.0093381673,0.0093949520,0.0104049170,0.0099699830
2010-08-09,0.0039583478,0.0045114317,0.0055728988,0.0064079833,0.0073416893,0.0083527362,0.0086399545,0.0089635186,0.0090515800,0.0102537000,0.0097149720
2010-08-06,0.0040526445,0.0045680988,0.0055912247,0.0064697010,0.0074071320,0.0084228305,0.0086945321,0.0089909153,0.0089233959,0.0101158369,0.0095693580
2010-08-05,0.0038034921,0.0044844311,0.0055071524,0.0064506392,0.0073552116,0.0083313171,0.0086096766,0.0088676604,0.0088111670,0.0101062310,0.0095125630
2010-08-04,0.0037008285,0.0041783167,0.0053004124,0.0060864157,0.0069846767,0.0079641796,0.0083134739,0.0085742326,0.0085018489,0.0098083250,0.0088621300
2010-08-03,0.0028818849,0.0041810000,0.0051249440,0.0060096994,0.0068943501,0.0078600972,0.0081020032,0.0083429239,0.0086593951,0.0097105399,0.0092534911
2010-08-02,0.0043856664,0.0046694117,0.0056001908,0.0065066790,0.0073758874,0.0083108824,0.0086255442,0.0088761797,0.0088104990,0.0103863980,0.0093560179
2010-07-30,0.0044853522,0.0048450295,0.0058426550,0.0069773641,0.0078102899,0.0086917025,0.0089665310,0.0091184843,0.0092127480,0.0101013870,0.0097653650
2010-07-29,0.0043909077,0.0048630925,0.0058624613,0.0067283718,0.0076057690,0.0085491350,0.0088039897,0.0089349161,0.0090189350,0.0104770310,0.0096250279
2010-07-28,0.0047502178,0.0047674798,0.0057709676,0.0066214277,0.0075010270,0.0084512252,0.0086808937,0.0089514929,0.0091093880,0.0108659200,0.0095679019
2010-07-27,0.0047851996,0.0047705119,0.0056312579,0.0067213539,0.0074798188,0.0082801694,0.0084622505,0.0086420120,0.0092724641,0.0109221330,0.0098675520
2010-07-26,0.0053411199,0.0058257657,0.0068462182,0.0076729180,0.0085518574,0.0094832704,0.0096984785,0.0098584261,0.0101512830,0.0122925156,0.0107840080
2010-07-23,0.0059397023,0.0067322442,0.0077583101,0.0086236283,0.0094834364,0.0103782278,0.0106398760,0.0108007798,0.0110161060,0.0130193529,0.0115713530
2010-07-22,0.0065031355,0.0068415427,0.0078349135,0.0090449618,0.0099009866,0.0107873787,0.0109667815,0.0111941568,0.0111953045,0.0114390013,0.0119130269
2010-07-21,0.0071928096,0.0073466853,0.0082950786,0.0092276435,0.0100832373,0.0109687934,0.0112231868,0.0113836545,0.0115446745,0.0136122271,0.0120944471
2010-07-20,0.0075166449,0.0080458458,0.0087629548,0.0097088554,0.0105246851,0.0113601440,0.0116459627,0.0118987842,0.0121590233,0.0153592934,0.0128358052
2010-07-19,0.0073006116,0.0079673876,0.0088353234,0.0096466817,0.0105104033,0.0114045572,0.0116700885,0.0119114544,0.0121223012,0.0154240466,0.0128508776
2010-07-16,0.0069923878,0.0074733341,0.0083644761,0.0092740393,0.0101699497,0.0111088795,0.0113585636,0.0115187591,0.0116211349,0.0150638802,0.0127125634
2010-07-15,0.0071248364,0.0074461827,0.0082606855,0.0091727601,0.0100330337,0.0109332695,0.0111381059,0.0112358205,0.0114716374,0.0152304650,0.0128177676
2010-07-14,0.0066177321,0.0073325238,0.0081930571,0.0090468669,0.0098599713,0.0107083514,0.0109690312,0.0111393479,0.0113183700,0.0154207223,0.0129387776
2010-07-13,0.0070646896,0.0076297743,0.0084910672,0.0092541609,0.0100682186,0.0109174623,0.0111675600,0.0114012193,0.0112517033,0.0157207223,0.0115335450
2010-07-12,0.0071486312,0.0077250817,0.0083986269,0.0092308641,0.0100772132,0.0109667004,0.0112445967,0.0113624608,0.0112961525,0.0157182223,0.0123101235
2010-07-09,0.0076925684,0.0076249450,0.0082451630,0.0092005225,0.0099936324,0.0108231994,0.0110767222,0.0111596243,0.0110218333,0.0155309700,0.0129701563
2010-07-08,0.0078493890,0.0081307472,0.0090739005,0.0099250930,0.0106730816,0.0114459131,0.0117481484,0.0119792136,0.0118188500,0.0155234700,0.0133111563
2010-07-07,0.0081637678,0.0086102191,0.0093922922,0.0103461472,0.0112341309,0.0121671719,0.0124543740,0.0126484340,0.0126033501,0.0157034700,0.0136068363
2010-07-06,0.0081307943,0.0087723035,0.0095160924,0.0104245978,0.0112387267,0.0120878265,0.0123938961,0.0125664749,0.0126544263,0.0157034700,0.0135977913
2010-07-05,0.0082811748,0.0087705003,0.0099391111,0.0106675344,0.0115411435,0.0124592213,0.0126612315,0.0127712669,0.0130149290,0.0161622163,0.0139519887
2010-07-02,0.0082157160,0.0091210696,0.0101936766,0.0110747030,0.0119072141,0.0127770168,0.0130264107,0.0132861216,0.0130915287,0.0159545438,0.0138567151
2010-07-01,0.0086325723,0.0095760575,0.0104713700,0.0113644868,0.0121797484,0.0130302276,0.0132392099,0.0134763120,0.0137130356,0.0165211574,0.0145435225
2010-06-30,0.0093826758,0.0098209027,0.0106342490,0.0115560226,0.0123668622,0.0132135595,0.0134233308,0.0137412062,0.0137245621,0.0165039687,0.0144009899
2010-06-29,0.0093217375,0.0100226287,0.0109888511,0.0118673804,0.0126865315,0.0135432865,0.0136717510,0.0139174273,0.0140033566,0.0167419787,0.0145939074
2010-06-28,0.0082872198,0.0091474872,0.0100818853,0.0112091522,0.0119887118,0.0128070577,0.0130721453,0.0133183894,0.0134144399,0.0159330199,0.0137647399
2010-06-25,0.0083925799,0.0095352695,0.0104439313,0.0113778194,0.0121978172,0.0130637019,0.0131750067,0.0132842276,0.0134701000,0.0159343587,0.0136152244
2010-06-24,0.0079111205,0.0082201098,0.0097156151,0.0106268613,0.0116134356,0.0126812320,0.0129304438,0.0131470140,0.0133998400,0.0158124049,0.0135808460
2010-06-23,0.0075779890,0.0079678805,0.0091592528,0.0102078801,0.0111157565,0.0120968273,0.0123455684,0.0125633695,0.0128307111,0.0148417774,0.0131223000
2010-06-22,0.0072997291,0.0075566786,0.0088326068,0.0096841306,0.0105391281,0.0114646732,0.0116347006,0.0118758961,0.0116593767,0.0141926312,0.0123180288
2010-06-21,0.0063522586,0.0067401357,0.0076152201,0.0087366313,0.0094978439,0.0103229296,0.0104636567,0.0104732369,0.0109582475,0.0134214086,0.0118044900
2010-06-18,0.0058596535,0.0074776189,0.0081762161,0.0091764182,0.0100080497,0.0109145690,0.0110266115,0.0112328806,0.0112830213,0.0139458236,0.0121521955
2010-06-17,0.0063325323,0.0078187732,0.0086813005,0.0098179026,0.0105991778,0.0114443330,0.0114986700,0.0116878698,0.0118471687,0.0142572623,0.0126897163
2010-06-16,0.0075145301,0.0082391473,0.0091729077,0.0102595638,0.0111068984,0.0120283350,0.0123215021,0.0125606222,0.0124448500,0.0148432639,0.0130549850
2010-06-15,0.0075204914,0.0082804196,0.0091982848,0.0102501241,0.0110921383,0.0120097567,0.0121845374,0.0124024264,0.0121118500,0.0148169913,0.0130505063
2010-06-14,0.0073230179,0.0079491217,0.0088922343,0.0099071083,0.0106990070,0.0115626339,0.0117498211,0.0120088413,0.0120518000,0.0147209986,0.0129164577
2010-06-11,0.0082417783,0.0080183973,0.0092418974,0.0102104308,0.0108754446,0.0115944643,0.0118537233,0.0120354145,0.0122018000,0.0140489986,0.0133753373
2010-06-10,0.0086441693,0.0095861360,0.0105792044,0.0113689124,0.0121790803,0.0130615508,0.0131573735,0.0135910995,0.0133470333,0.0143235534,0.0140740533
2010-06-09,0.0103004178,0.0107020205,0.0116789758,0.0122799739,0.0131371123,0.0140724924,0.0142470719,0.0146731417,0.0147319712,0.0150808482,0.0153302250
2010-06-08,0.0106145220,0.0109975771,0.0120238339,0.0130785071,0.0140798021,0.0151659782,0.0153124152,0.0155101437,0.0157080523,0.0160912944,0.0158875200
2010-06-07,0.0095812352,0.0103836102,0.0115045424,0.0124247014,0.0133612390,0.0143651397,0.0144803062,0.0147867648,0.0149368822,0.0152227323,0.0152323800
2010-06-04,0.0090097625,0.0096785578,0.0105635762,0.0116581713,0.0124837030,0.0133544384,0.0135100947,0.0138416173,0.0138702024,0.0145098000,0.0139703133
2010-06-03,0.0081732930,0.0087386833,0.0096247685,0.0106412947,0.0115299953,0.0124709591,0.0127313097,0.0130506311,0.0125050363,0.0137212264,0.0127804226
2010-06-02,0.0083729343,0.0087323892,0.0097591819,0.0108189737,0.0116959540,0.0126121218,0.0129471299,0.0131498632,0.0130176868,0.0139555750,0.0133742049
2010-06-01,0.0079078600,0.0085613563,0.0094388408,0.0106556563,0.0114801277,0.0123277270,0.0127424808,0.0129371424,0.0127665189,0.0137721610,0.0130268325
2010-05-31,0.0076544565,0.0080986246,0.0089950571,0.0099373574,0.0108430572,0.0117833620,0.0120087009,0.0123388950,0.0123284462,0.0136578324,0.0126896600
2010-05-28,0.0076545315,0.0080986396,0.0089950254,0.0099373399,0.0108472073,0.0117833620,0.0120089653,0.0123394136,0.0123284462,0.0136578324,0.0126932300
2010-05-27,0.0079693564,0.0081665097,0.0091359488,0.0101855577,0.0110846088,0.0119957185,0.0123712593,0.0126723137,0.0124616576,0.0138393934,0.0131168568
2010-05-26,0.0081947311,0.0085421466,0.0095816936,0.0106003848,0.0114980981,0.0123927468,0.0126501809,0.0129332456,0.0129602500,0.0142659250,0.0132860237
2010-05-25,0.0091805550,0.0089785227,0.0104004686,0.0114508693,0.0124496428,0.0134393844,0.0138569057,0.0141017960,0.0144364344,0.0151506967,0.0145974201
2010-05-24,0.0075752228,0.0078148772,0.0089126690,0.0100391092,0.0109984193,0.0119546337,0.0123705780,0.0126985827,0.0130319762,0.0145527591,0.0129762625
2010-05-21,0.0074210373,0.0079761195,0.0088671770,0.0098156820,0.0109070109,0.0120151382,0.0123339348,0.0128747316,0.0133722400,0.0149008764,0.0132853577
2010-05-20,0.0073022632,0.0079131324,0.0089442382,0.0099096731,0.0109733341,0.0120371173,0.0124344009,0.0129311075,0.0142622088,0.0150843275,0.0134547849
2010-05-19,0.0067662362,0.0073890753,0.0083782306,0.0092816126,0.0102592963,0.0112249180,0.0115587729,0.0120606802,0.0132340400,0.0143830625,0.0125964787
2010-05-18,0.0062963552,0.0068875772,0.0078388129,0.0088146085,0.0097526463,0.0106728460,0.0111001223,0.0116731694,0.0123552677,0.0136803520,0.0120881850
2010-05-17,0.0065332724,0.0071934497,0.0081250814,0.0090727895,0.0100564989,0.0110168634,0.0114449052,0.0119251197,0.0126733111,0.0144146543,0.0124868313
2010-05-14,0.0062051774,0.0069686102,0.0078939198,0.0089203512,0.0099327243,0.0109226204,0.0113565274,0.0119263636,0.0121296262,0.0140397112,0.0123599449
2010-05-13,0.0053999867,0.0057858495,0.0066380715,0.0077305497,0.0086271111,0.0095007807,0.0099052715,0.0104238825,0.0110415863,0.0128657113,0.0115781276
2010-05-12,0.0052664121,0.0056656945,0.0065556351,0.0075512729,0.0084726595,0.0093740028,0.0097567699,0.0102794979,0.0104155350,0.0126850524,0.0114535888
2010-05-11,0.0063961829,0.0066691397,0.0077081403,0.0087518606,0.0096909609,0.0105731863,0.0111518371,0.0114878561,0.0112759500,0.0136752690,0.0124243963
2010-05-10,0.0066247194,0.0068280193,0.0077027310,0.0089416677,0.0099265557,0.0108497091,0.0112584805,0.0117616425,0.0140891461,0.0138301889,0.0125802426
2010-05-07,0.0085716819,0.0104975687,0.0125222434,0.0144322732,0.0155068168,0.0163914314,0.0169015253,0.0175184711,0.0184923788,0.0185507119,0.0176238826
2010-05-06,0.0080967908,0.0095249411,0.0109582280,0.0118808052,0.0130851473,0.0141672161,0.0146611780,0.0154139695,0.0157149786,0.0154435612,0.0146639662
2010-05-05,0.0072254420,0.0081639853,0.0094781777,0.0102812161,0.0114453430,0.0125156425,0.0130192021,0.0137025938,0.0140337267,0.0137239667,0.0129823578
2010-05-04,0.0064493205,0.0075466066,0.0087353257,0.0093343328,0.0104684360,0.0115235740,0.0119540841,0.0124871013,0.0130102333,0.0125371825,0.0118361056
2010-05-03,0.0057784273,0.0062561763,0.0068223122,0.0078062942,0.0087648141,0.0096519314,0.0101279113,0.0106451400,0.0111797333,0.0110402588,0.0108481300
2010-04-30,0.0056046054,0.0059528469,0.0067893429,0.0076758143,0.0086945791,0.0096519096,0.0100746163,0.0106518900,0.0111797333,0.0105950088,0.0108489950
2010-04-29,0.0057716476,0.0061827367,0.0069856823,0.0077608629,0.0087461732,0.0096523613,0.0101306217,0.0107121246,0.0113846758,0.0111545050,0.0110854489
2010-04-28,0.0056205766,0.0065674079,0.0075329104,0.0084789328,0.0095651632,0.0105588802,0.0110326265,0.0115432900,0.0122600337,0.0126512325,0.0111633650
2010-04-27,0.0054139865,0.0058829710,0.0067688258,0.0075241335,0.0086246572,0.0096664796,0.0101176667,0.0107737919,0.0113631989,0.0107489755,0.0108115663
2010-04-26,0.0049693439,0.0054198273,0.0062807403,0.0070462428,0.0081441909,0.0091970023,0.0095807520,0.0101447491,0.0108753449,0.0109312284,0.0103879633
2010-04-23,0.0044633905,0.0048932791,0.0056922599,0.0066383211,0.0077176103,0.0087595599,0.0091604326,0.0097222471,0.0102563333,0.0102445938,0.0097209334
2010-04-22,0.0044962803,0.0049229136,0.0056623165,0.0065027517,0.0076214519,0.0087140485,0.0090934900,0.0096361739,0.0101875588,0.0104583150,0.0100662633
2010-04-21,0.0039487417,0.0042771788,0.0049977696,0.0058610038,0.0069097946,0.0079408473,0.0084111594,0.0089886649,0.0095581238,0.0096600988,0.0096546812
2010-04-20,0.0038846060,0.0040715756,0.0047667325,0.0057965328,0.0067745895,0.0077121078,0.0081843619,0.0087896373,0.0094389926,0.0096092612,0.0096351924
2010-04-19,0.0039181450,0.0041629671,0.0050348812,0.0059541962,0.0069233104,0.0078351397,0.0082913527,0.0089563884,0.0093600000,0.0093975000,0.0089688067
2010-04-16,0.0031351131,0.0038644737,0.0045181435,0.0054210496,0.0063601280,0.0072570058,0.0077542904,0.0084151688,0.0086707338,0.0090791287,0.0084997425
2010-04-15,0.0030857415,0.0037476344,0.0044796857,0.0053294035,0.0062604548,0.0071467593,0.0076397395,0.0082691706,0.0085073267,0.0090409925,0.0084429575
2010-04-14,0.0029168458,0.0037494170,0.0043374303,0.0052425252,0.0061791171,0.0070722103,0.0074954348,0.0081234682,0.0085501050,0.0090571650,0.0084609550
2010-04-13,0.0028352699,0.0037439215,0.0042807805,0.0051158393,0.0060335309,0.0069045581,0.0074018746,0.0080198509,0.0085843276,0.0090159975,0.0088232312
2010-04-12,0.0031267642,0.0039205330,0.0044012474,0.0053545444,0.0062647735,0.0071066474,0.0075960903,0.0082410332,0.0081236333,0.0091018600,0.0089998837
2010-04-09,0.0031931239,0.0039733691,0.0046375556,0.0054452395,0.0064188616,0.0073306494,0.0078207900,0.0084221528,0.0084426333,0.0091983075,0.0091467075
2010-04-08,0.0035676681,0.0040439968,0.0047861501,0.0055721068,0.0065835707,0.0075303272,0.0080035740,0.0085842933,0.0087957000,0.0091983075,0.0091497025
2010-04-07,0.0031763783,0.0039735683,0.0045284123,0.0053812517,0.0063499131,0.0072481867,0.0076752876,0.0083492064,0.0086000000,0.0090822360,0.0090485925
2010-04-06,0.0028296342,0.0038733814,0.0044797666,0.0051700335,0.0061171992,0.0069960977,0.0074759320,0.0081267043,0.0081500000,0.0082014000,0.0079868567
2010-04-05,0.0030999492,0.0039745904,0.0045607713,0.0053184633,0.0061984624,0.0069773837,0.0074736813,0.0080840349,0.0081587975,0.0089927375,0.0089542263
2010-04-02,0.0031000258,0.0039746342,0.0045608559,0.0053186216,0.0062010121,0.0069775626,0.0074638615,0.0080840840,0.0081587975,0.0089927375,0.0089543713
2010-04-01,0.0031000142,0.0039747131,0.0045610010,0.0053187241,0.0062035619,0.0069778128,0.0074641017,0.0080839955,0.0081587975,0.0089927375,0.0089543263
2010-03-31,0.0031345651,0.0039192586,0.0045593364,0.0053002885,0.0062076177,0.0070058657,0.0074830909,0.0081316997,0.0078067667,0.0089133325,0.0088996513
2010-03-30,0.0029998566,0.0039754174,0.0046153257,0.0051923400,0.0060833549,0.0068628015,0.0073364494,0.0079441419,0.0075886333,0.0089560889,0.0088982374
2010-03-29,0.0029997060,0.0040979622,0.0045964866,0.0052211806,0.0061060926,0.0068707343,0.0073827168,0.0080115276,0.0074442000,0.0088052462,0.0087362399
2010-03-26,0.0030707337,0.0040032481,0.0046810965,0.0051736065,0.0061031976,0.0069220292,0.0073800745,0.0080153546,0.0087493925,0.0086924574,0.0087643725
2010-03-25,0.0030245800,0.0042041345,0.0047797458,0.0053320161,0.0062649009,0.0070715688,0.0074974436,0.0080855228,0.0083972283,0.0080218000,0.0079227633
2010-03-24,0.0030246878,0.0042172537,0.0045640281,0.0051018333,0.0061235078,0.0070553727,0.0075044987,0.0081152243,0.0078102500,0.0089147084,0.0090623813
2010-03-23,0.0040295875,0.0042356088,0.0047048633,0.0052700815,0.0063048516,0.0072351065,0.0076628188,0.0083335621,0.0079738000,0.0088732075,0.0085993875
2010-03-22,0.0032728487,0.0043013688,0.0047612144,0.0052760437,0.0063202367,0.0072566751,0.0077012528,0.0083208324,0.0079388000,0.0083910300,0.0085993875
2010-03-19,0.0027226066,0.0037446061,0.0043525014,0.0050778171,0.0060743552,0.0069593638,0.0073858356,0.0080518618,0.0081046488,0.0084822524,0.0082185850
2010-03-18,0.0025378321,0.0039127653,0.0041858167,0.0049419076,0.0059090840,0.0067617451,0.0072088509,0.0078473436,0.0078835387,0.0083704838,0.0080754700
2010-03-17,0.0024516454,0.0037985834,0.0040179387,0.0048026174,0.0057527069,0.0065894087,0.0070764086,0.0077284364,0.0078714275,0.0083346113,0.0080407812
2010-03-16,0.0038677970,0.0039136409,0.0042854948,0.0050106679,0.0060007528,0.0068669305,0.0073135898,0.0079316341,0.0080081474,0.0081542689,0.0083222700
2010-03-15,0.0027623647,0.0039104532,0.0044342733,0.0050382834,0.0060282305,0.0068866936,0.0072214874,0.0078920982,0.0081883051,0.0081780801,0.0081990463
2010-03-12,0.0037046395,0.0037720973,0.0040887245,0.0049179729,0.0058663416,0.0066761960,0.0071073256,0.0076478115,0.0079405200,0.0078730250,0.0078412600
2010-03-11,0.0026062624,0.0038589436,0.0042089263,0.0050237442,0.0059389904,0.0066933739,0.0071042565,0.0076356069,0.0080142100,0.0078568275,0.0078618850
2010-03-10,0.0026064775,0.0038062447,0.0041954970,0.0049284902,0.0058242548,0.0065566356,0.0070176086,0.0075169718,0.0076233333,0.0080848887,0.0081159263
2010-03-09,0.0038929080,0.0038607430,0.0046113271,0.0053037815,0.0062269076,0.0069588952,0.0073694890,0.0078912290,0.0078233333,0.0076554500,0.0075275000
2010-03-08,0.0038941010,0.0038274570,0.0045367931,0.0053268000,0.0062172524,0.0069020569,0.0073092267,0.0077750066,0.0078817817,0.0081766262,0.0079462374
2010-03-05,0.0038468300,0.0040808104,0.0048224456,0.0056163346,0.0065537956,0.0072685467,0.0075768998,0.0080027471,0.0080773000,0.0084171000,0.0084738874
2010-03-04,0.0040514537,0.0041325257,0.0049217841,0.0057776502,0.0066910672,0.0073590403,0.0076516539,0.0081293135,0.0081651252,0.0083346712,0.0083987712
2010-03-03,0.0041029950,0.0045363583,0.0052723595,0.0057822181,0.0067292908,0.0074317762,0.0078535805,0.0081852019,0.0080606667,0.0081680785,0.0082236564
2010-03-02,0.0041281075,0.0046075234,0.0053317234,0.0062207188,0.0070935691,0.0076701594,0.0080767694,0.0085201374,0.0084598400,0.0085100950,0.0085604625
2010-03-01,0.0046848950,0.0050048566,0.0057316636,0.0065131946,0.0073940873,0.0079534818,0.0083648866,0.0087485698,0.0086280556,0.0090564262,0.0091301012
2010-02-26,0.0046024500,0.0051508035,0.0059464578,0.0067430121,0.0076519191,0.0082212122,0.0086415231,0.0091645595,0.0088669222,0.0091904700,0.0091979362
2010-02-25,0.0046681683,0.0054168711,0.0061826614,0.0069910833,0.0079522155,0.0085575159,0.0090029860,0.0094770051,0.0092807778,0.0094101275,0.0094528813
2010-02-24,0.0047272850,0.0053653276,0.0061207223,0.0068975974,0.0078646592,0.0084770499,0.0088575765,0.0092450681,0.0092474444,0.0094328813,0.0094651483
2010-02-23,0.0044019283,0.0051043151,0.0058558926,0.0067513426,0.0076689207,0.0082286383,0.0086420676,0.0091012971,0.0089174333,0.0092329051,0.0092992738
2010-02-22,0.0042230907,0.0048896236,0.0056693349,0.0065346265,0.0074570577,0.0080321298,0.0084226888,0.0089744916,0.0089218389,0.0089709550,0.0090382476
2010-02-19,0.0042688578,0.0048063007,0.0056910052,0.0066979841,0.0076917245,0.0083307991,0.0086846812,0.0091396820,0.0093439075,0.0091940375,0.0092368526
2010-02-18,0.0047682350,0.0053128513,0.0061232801,0.0069626947,0.0079764040,0.0086116648,0.0089792291,0.0094588868,0.0093194889,0.0093173771,0.0093676458
2010-02-17,0.0047448314,0.0052143484,0.0060219620,0.0070341558,0.0080668024,0.0087118000,0.0089540704,0.0094180063,0.0094147556,0.0095638875,0.0096225525
2010-02-16,0.0049935446,0.0056383377,0.0064661327,0.0072629820,0.0083490477,0.0090311450,0.0093594272,0.0098512100,0.0100288962,0.0098601113,0.0099118351
2010-02-15,0.0047088160,0.0055476127,0.0063157743,0.0073681892,0.0083331454,0.0088615134,0.0092456195,0.0097623027,0.0099034712,0.0097697889,0.0098192275
2010-02-12,0.0045086348,0.0052416977,0.0059416584,0.0071602018,0.0081351942,0.0086841675,0.0090777907,0.0095977274,0.0095673033,0.0096261112,0.0096717912
2010-02-11,0.0040874630,0.0045927087,0.0056018106,0.0060996439,0.0071868429,0.0079498016,0.0083732708,0.0088883324,0.0093727387,0.0093071500,0.0093511019
2010-02-10,0.0042091637,0.0045856583,0.0056724206,0.0061876512,0.0072469418,0.0079622360,0.0084228768,0.0089211444,0.0092717462,0.0090865831,0.0091292840
2010-02-09,0.0044679790,0.0048141123,0.0052161298,0.0062428339,0.0073326232,0.0080733751,0.0086578511,0.0091943002,0.0097456624,0.0094262576,0.0094703375
2010-02-08,0.0043809418,0.0045127454,0.0051712786,0.0062430703,0.0073602532,0.0081277869,0.0086409182,0.0091961374,0.0092590700,0.0091312564,0.0091851848
2010-02-05,0.0041050923,0.0044575423,0.0049495515,0.0059272135,0.0070603040,0.0078713299,0.0083480957,0.0089998666,0.0093366911,0.0093883959,0.0094554012
2010-02-04,0.0038930483,0.0044511152,0.0048467820,0.0057797736,0.0069432817,0.0078007702,0.0082597956,0.0088245335,0.0092964756,0.0095312963,0.0096110701
2010-02-03,0.0036610043,0.0041464422,0.0044781283,0.0054162538,0.0065262479,0.0073487541,0.0079160628,0.0085468821,0.0089124700,0.0086310100,0.0086977837
2010-02-02,0.0036287322,0.0039384918,0.0043902998,0.0051576348,0.0062960707,0.0071769688,0.0077383705,0.0083912881,0.0083265333,0.0088512226,0.0089147700
2010-02-01,0.0038803165,0.0040161455,0.0044309181,0.0052370680,0.0064109472,0.0073227717,0.0078570220,0.0085702003,0.0085436000,0.0088927049,0.0089786488
2010-01-29,0.0032500000,0.0037791533,0.0041839544,0.0050944659,0.0062186245,0.0070774394,0.0075884025,0.0083389773,0.0083230667,0.0086383863,0.0087763463
2010-01-28,0.0030166667,0.0038699682,0.0042672821,0.0049979154,0.0061148807,0.0069701173,0.0075559552,0.0084375264,0.0086393650,0.0085221200,0.0085628450
2010-01-27,0.0022631843,0.0035130660,0.0039829546,0.0045978070,0.0056762863,0.0065237561,0.0071059423,0.0079265335,0.0078343000,0.0082808051,0.0083696438
2010-01-26,0.0020617465,0.0034417203,0.0037898213,0.0043777563,0.0054315309,0.0062687311,0.0068929881,0.0078541523,0.0075326000,0.0082968476,0.0087341827
2010-01-25,0.0021874860,0.0035519356,0.0038664477,0.0045192645,0.0055878393,0.0064220493,0.0070781263,0.0081071113,0.0075009500,0.0083660775,0.0091728816
2010-01-22,0.0035724303,0.0039953128,0.0042778332,0.0048783235,0.0060039765,0.0068632180,0.0074453325,0.0082445903,0.0081750000,0.0077890500,0.0088949425
2010-01-21,0.0026000000,0.0037105002,0.0041047397,0.0046772082,0.0057454968,0.0065502181,0.0071435670,0.0080767952,0.0075023500,0.0072321500,0.0085595767
2010-01-20,0.0022129856,0.0035971418,0.0038288241,0.0044621604,0.0055631011,0.0064319532,0.0069851851,0.0078412271,0.0075825667,0.0071011667,0.0087104537
2010-01-19,0.0019086319,0.0033223677,0.0036628730,0.0043350522,0.0053747790,0.0061751554,0.0067733049,0.0076540831,0.0071719000,0.0068360500,0.0079720448
2010-01-18,0.0018774394,0.0033223746,0.0035933772,0.0042355716,0.0053248255,0.0061984997,0.0067438138,0.0076041920,0.0074750000,0.0068359000,0.0075790300
2010-01-15,0.0019792327,0.0033639721,0.0037158977,0.0043901325,0.0054514565,0.0062632852,0.0068234894,0.0076133520,0.0077884828,0.0080318988,0.0084662205
2010-01-14,0.0015787389,0.0025771440,0.0033056521,0.0038920595,0.0049605987,0.0058453467,0.0064709488,0.0073813188,0.0071750000,0.0070919251,0.0071070426
2010-01-13,0.0014154273,0.0024075724,0.0032244524,0.0036513605,0.0046960322,0.0055795070,0.0061642588,0.0070472068,0.0069250000,0.0071356025,0.0072115962
2010-01-12,0.0012394403,0.0023518006,0.0031703074,0.0034563951,0.0045079238,0.0054273149,0.0059285823,0.0065134852,0.0067462319,0.0067301262,0.0067317675
2010-01-11,0.0010480917,0.0022184890,0.0028207033,0.0032906943,0.0042199476,0.0049917026,0.0055739176,0.0062434816,0.0065221400,0.0062282624,0.0062664339
2010-01-08,0.0009950285,0.0023495062,0.0030194364,0.0034658256,0.0044175057,0.0051896314,0.0057200669,0.0064084143,0.0069412971,0.0064632763,0.0065411475
2010-01-07,0.0028075889,0.0025214122,0.0030825327,0.0035719007,0.0045249697,0.0052794394,0.0057777423,0.0063607051,0.0064254022,0.0061009126,0.0061323026
2010-01-06,0.0030951028,0.0028207632,0.0031110141,0.0038880507,0.0048491196,0.0055656587,0.0060176088,0.0065033558,0.0066617433,0.0067197425,0.0066613589
2010-01-05,0.0031122320,0.0030501662,0.0032332013,0.0039009176,0.0049022311,0.0056651360,0.0061088356,0.0066796936,0.0071662400,0.0067712126,0.0072436024
2010-01-04,0.0032661340,0.0032088147,0.0034962510,0.0041347847,0.0051402258,0.0058717547,0.0063244529,0.0068645894,0.0068443333,0.0071738600,0.0064571100
2010-01-01,0.0032982010,0.0032746247,0.0035624713,0.0041215330,0.0051558179,0.0059218802,0.0063541503,0.0069654366,0.0072750000,0.0077145351,0.0071111350
2009-12-31,0.0032473015,0.0032556247,0.0035285637,0.0042365000,0.0052590268,0.0059895426,0.0064735485,0.0071122427,0.0073935800,0.0076322625,0.0071111350
2009-12-30,0.0032472830,0.0032556247,0.0035285607,0.0042365000,0.0052609383,0.0059893014,0.0064735905,0.0071124429,0.0073935800,0.0075822625,0.0076269562
2009-12-29,0.0032472705,0.0032228813,0.0034896509,0.0041609792,0.0052197404,0.0059982710,0.0064171109,0.0071126174,0.0074385387,0.0075814262,0.0076265475
2009-12-28,0.0033301750,0.0031722225,0.0033341187,0.0041350078,0.0051950575,0.0059744105,0.0064594118,0.0070791393,0.0074542655,0.0076094845,0.0077139463
2009-12-25,0.0034697351,0.0031722225,0.0033341187,0.0041350078,0.0051970585,0.0059744291,0.0064594318,0.0070791749,0.0074542655,0.0076094845,0.0077139463
2009-12-24,0.0036151438,0.0031722225,0.0033341187,0.0041350078,0.0051990522,0.0059744291,0.0064594318,0.0070791749,0.0074542655,0.0076094845,0.0077139463
2009-12-23,0.0038836220,0.0032707380,0.0033317156,0.0041498578,0.0052196423,0.0059956948,0.0064672827,0.0070475971,0.0074542655,0.0076011512,0.0077139463
2009-12-22,0.0040625000,0.0032837714,0.0034024751,0.0043035896,0.0053744611,0.0061323244,0.0065691139,0.0071760317,0.0072180667,0.0075541276,0.0068657050
2009-12-21,0.0039835000,0.0033351208,0.0034455312,0.0043239303,0.0054083485,0.0061834614,0.0066319430,0.0072122437,0.0072180667,0.0074253638,0.0068652250
2009-12-18,0.0038306525,0.0034238360,0.0035576894,0.0043271176,0.0054405816,0.0062555837,0.0067122576,0.0073605142,0.0076403426,0.0077796475,0.0069075000
2009-12-17,0.0035019110,0.0032887414,0.0034560818,0.0043355534,0.0054339675,0.0062310367,0.0066628510,0.0072756519,0.0072835667,0.0077072525,0.0077935938
2009-12-16,0.0032699265,0.0032266142,0.0035083252,0.0042806690,0.0053408091,0.0060991333,0.0064849705,0.0071151788,0.0070835667,0.0072529925,0.0068193900
2009-12-15,0.0032703155,0.0032333023,0.0036012604,0.0042445206,0.0052891773,0.0060354292,0.0064554004,0.0070025501,0.0074306687,0.0072534499,0.0068134600
2009-12-14,0.0032431725,0.0032823167,0.0035995913,0.0042241875,0.0052481112,0.0059733547,0.0063886940,0.0069409965,0.0073258244,0.0073905837,0.0068145050
2009-12-11,0.0033740625,0.0033458020,0.0037182504,0.0042806077,0.0053591113,0.0061493674,0.0065703902,0.0071527422,0.0073652722,0.0072967963,0.0067087900
2009-12-10,0.0034739510,0.0034442500,0.0038448560,0.0043301188,0.0054331920,0.0062510861,0.0066567566,0.0072218213,0.0072341667,0.0073262875,0.0068669450
2009-12-09,0.0034198590,0.0034251443,0.0036908306,0.0043166047,0.0053746831,0.0061390834,0.0065695353,0.0070363261,0.0075513812,0.0071586875,0.0074897775
2009-12-08,0.0033269309,0.0033467727,0.0036927847,0.0042560271,0.0052830413,0.0060186431,0.0064200435,0.0069119645,0.0069487667,0.0070802425,0.0073537975
2009-12-07,0.0033069987,0.0032050000,0.0036320605,0.0042244771,0.0052328435,0.0059515815,0.0063744157,0.0068542449,0.0073111813,0.0068712163,0.0073409901
2009-12-04,0.0033155635,0.0032490161,0.0034751851,0.0040062351,0.0050304345,0.0058022882,0.0062344176,0.0067453194,0.0072859100,0.0068580887,0.0072807624
2009-12-03,0.0034844485,0.0032573333,0.0035263286,0.0040720160,0.0050798147,0.0058237924,0.0062477358,0.0067485196,0.0067982667,0.0071088049,0.0063975000
2009-12-02,0.0028930008,0.0024445747,0.0035097536,0.0041898427,0.0052511135,0.0060508947,0.0064980930,0.0070159711,0.0073129300,0.0074906050,0.0070064750
2009-12-01,0.0032937325,0.0025157628,0.0036895691,0.0043050156,0.0053598658,0.0061382205,0.0066090208,0.0072079306,0.0075979512,0.0071708175,0.0076467350
2009-11-30,0.0039606798,0.0030339153,0.0039391127,0.0044887868,0.0055530416,0.0063217475,0.0067537386,0.0072855649,0.0075771334,0.0071376201,0.0076442937
2009-11-27,0.0040416667,0.0031048927,0.0040276495,0.0046500506,0.0057028310,0.0064390601,0.0068744933,0.0073081578,0.0071805000,0.0073846800,0.0076203326
2009-11-26,0.0035655714,0.0036313333,0.0038956605,0.0043491133,0.0053938998,0.0061616790,0.0065980804,0.0070851372,0.0070331667,0.0071966225,0.0077154526
2009-11-25,0.0035000000,0.0038513333,0.0041663238,0.0045261888,0.0054367320,0.0060177216,0.0064266855,0.0070164286,0.0069331667,0.0070033113,0.0074433487
2009-11-24,0.0038032087,0.0039324500,0.0041874083,0.0046192864,0.0056241310,0.0063127672,0.0067532786,0.0072419990,0.0071348333,0.0071071113,0.0075465537
2009-11-23,0.0038220675,0.0039453545,0.0044209544,0.0046672176,0.0056205333,0.0062427463,0.0066770417,0.0071556614,0.0073304866,0.0074148613,0.0075439587
2009-11-20,0.0039032540,0.0039280723,0.0044259039,0.0050958743,0.0059277635,0.0063626290,0.0067674613,0.0072485157,0.0073815937,0.0074398613,0.0074538222
2009-11-19,0.0038072953,0.0037969273,0.0043870391,0.0049936835,0.0058637567,0.0063562260,0.0067552622,0.0072325859,0.0071637267,0.0073830926,0.0073640000
2009-11-18,0.0036508467,0.0035778187,0.0041455462,0.0048135076,0.0056580748,0.0061424136,0.0065661994,0.0070203761,0.0070198576,0.0069490024,0.0072320576
2009-11-17,0.0036090635,0.0035651088,0.0041303354,0.0047597228,0.0055850652,0.0060552637,0.0064838708,0.0068730305,0.0069245687,0.0067391775,0.0071820874
2009-11-16,0.0038060277,0.0034417400,0.0041641210,0.0047486800,0.0055676640,0.0060342910,0.0064432547,0.0068562271,0.0069769450,0.0067863737,0.0072206212
2009-11-13,0.0037528263,0.0036499898,0.0042523758,0.0048455400,0.0056522913,0.0060975430,0.0064838895,0.0068854423,0.0069968326,0.0067930163,0.0072238150
2009-11-12,0.0036375011,0.0037521186,0.0043049983,0.0049206791,0.0056886910,0.0060847470,0.0064401716,0.0068550060,0.0069409312,0.0067265812,0.0071532299
2009-11-11,0.0035289037,0.0037017159,0.0042448533,0.0047528097,0.0055676314,0.0060370989,0.0064171385,0.0068142556,0.0069125750,0.0068034612,0.0071387151
2009-11-10,0.0037642010,0.0036518000,0.0042140918,0.0047968375,0.0056379371,0.0061364627,0.0065294070,0.0070203063,0.0070274412,0.0068541150,0.0072862650
2009-11-09,0.0036200084,0.0037130537,0.0041667702,0.0047732022,0.0056128293,0.0061147875,0.0065624047,0.0069861707,0.0073373688,0.0072053650,0.0076638663
2009-11-06,0.0038376034,0.0037057792,0.0042040306,0.0048119253,0.0056718026,0.0061964900,0.0066045722,0.0070912808,0.0073850224,0.0071676700,0.0076145687
2009-11-05,0.0038171606,0.0039160089,0.0042061989,0.0046392857,0.0055828499,0.0062298571,0.0066723485,0.0071206068,0.0073188787,0.0070910212,0.0075291001
2009-11-04,0.0037176585,0.0038468928,0.0041935642,0.0048019761,0.0056650574,0.0062001302,0.0066160509,0.0070284393,0.0073879862,0.0075258512,0.0076322562
2009-11-03,0.0037779076,0.0039144840,0.0044515988,0.0049451093,0.0058153348,0.0063471770,0.0066472105,0.0071509528,0.0072923751,0.0070016163,0.0074253300
2009-11-02,0.0039347310,0.0039215418,0.0043206187,0.0049028333,0.0057466770,0.0062544394,0.0066046183,0.0069655536,0.0073601776,0.0070256337,0.0069974578
2009-10-30,0.0036106667,0.0039271028,0.0043474715,0.0048773357,0.0057026546,0.0061939590,0.0065942442,0.0069849829,0.0071891734,0.0070266187,0.0072781863
2009-10-29,0.0035961700,0.0039122494,0.0043527675,0.0048259807,0.0056933847,0.0062423367,0.0065849963,0.0070201673,0.0071266989,0.0071068238,0.0070602889
2009-10-28,0.0034259740,0.0038009545,0.0043713015,0.0046552468,0.0055609048,0.0061763913,0.0065865125,0.0070418801,0.0068901976,0.0068358126,0.0070704737
2009-10-27,0.0037584513,0.0038543089,0.0042171817,0.0046117498,0.0053854251,0.0058499982,0.0062398663,0.0066670859,0.0066268211,0.0064768688,0.0064290567
2009-10-26,0.0036686795,0.0037862982,0.0041051455,0.0045166761,0.0052878126,0.0057611546,0.0060940839,0.0064177928,0.0066851513,0.0064440775,0.0066952788
2009-10-23,0.0035360925,0.0037075127,0.0040699664,0.0044948172,0.0052271702,0.0056596882,0.0060005004,0.0064502424,0.0065707063,0.0063232387,0.0065554763
2009-10-22,0.0035880986,0.0037833171,0.0041623138,0.0046378416,0.0053673089,0.0057858000,0.0061213125,0.0064750522,0.0065843650,0.0063419624,0.0065863013
2009-10-21,0.0034681887,0.0037113930,0.0041246382,0.0046372045,0.0053203827,0.0056884050,0.0060223852,0.0064612514,0.0066000251,0.0062232512,0.0066158513
2009-10-20,0.0035436678,0.0036928333,0.0041274818,0.0045693800,0.0052634658,0.0056525218,0.0060142000,0.0064397562,0.0065911987,0.0067380962,0.0067560287
2009-10-19,0.0033936345,0.0037106227,0.0040935894,0.0046120491,0.0053096009,0.0057013884,0.0060834721,0.0065068785,0.0066584950,0.0066397450,0.0065940189
2009-10-16,0.0034629164,0.0037573639,0.0041974069,0.0046696511,0.0053567983,0.0057341866,0.0061011478,0.0065098718,0.0064969122,0.0064902992,0.0065069055
2009-10-15,0.0034474684,0.0036568953,0.0041321278,0.0046544839,0.0052641276,0.0055580421,0.0059092462,0.0063776056,0.0063931862,0.0064796290,0.0065010850
2009-10-14,0.0033160753,0.0036013600,0.0036755181,0.0044259429,0.0051202317,0.0055323400,0.0059205621,0.0063415142,0.0061079362,0.0063568857,0.0064012988
2009-10-13,0.0033433571,0.0037819273,0.0041110316,0.0046827200,0.0053522669,0.0057162031,0.0061004061,0.0065460753,0.0063624244,0.0064735247,0.0063448755
2009-10-12,0.0033980000,0.0037279318,0.0039371465,0.0045725545,0.0052950132,0.0057319238,0.0060754510,0.0064486398,0.0063548944,0.0064180287,0.0063353321
2009-10-09,0.0036772062,0.0039081900,0.0043191534,0.0048714892,0.0055106116,0.0058298578,0.0061825092,0.0065975927,0.0065513837,0.0064090545,0.0064092122
2009-10-08,0.0035475425,0.0038318013,0.0041111000,0.0047277148,0.0054039321,0.0057794097,0.0060946196,0.0064489387,0.0064775038,0.0064011921,0.0064054444
2009-10-07,0.0032011818,0.0038313675,0.0041645636,0.0045587351,0.0053233361,0.0058187980,0.0060631833,0.0064720646,0.0063218934,0.0064199067,0.0059650650
2009-10-06,0.0031227727,0.0036212273,0.0040716291,0.0044726452,0.0051513254,0.0055562051,0.0058736439,0.0062761758,0.0060021000,0.0064704426,0.0064789876
2009-10-05,0.0028612329,0.0038228091,0.0042244193,0.0047821819,0.0054434767,0.0058053215,0.0061300313,0.0065406030,0.0063265375,0.0063397445,0.0066728925
2009-10-02,0.0029238195,0.0039335927,0.0041815022,0.0049160869,0.0056249576,0.0060327242,0.0064243498,0.0068555050,0.0068703299,0.0069758312,0.0067468267
2009-10-01,0.0029919072,0.0036902652,0.0040895583,0.0046356323,0.0053267340,0.0057398750,0.0060153571,0.0063719286,0.0062874787,0.0065092363,0.0062999433
2009-09-30,0.0022895152,0.0034387857,0.0038406875,0.0044869147,0.0051465901,0.0055382891,0.0058884917,0.0062540033,0.0062411112,0.0062743761,0.0063953999
2009-09-29,0.0023120176,0.0035678933,0.0038609327,0.0045003819,0.0051428270,0.0055161189,0.0058707998,0.0061622207,0.0062770388,0.0063445838,0.0055989400
2009-09-28,0.0024179808,0.0035341036,0.0040633284,0.0045985321,0.0052141345,0.0055516142,0.0058246105,0.0061155839,0.0062193263,0.0063561563,0.0060225244
2009-09-25,0.0026081088,0.0035569545,0.0041179301,0.0046589673,0.0052866090,0.0056355155,0.0058766330,0.0061646989,0.0062448275,0.0063162086,0.0063339313
2009-09-24,0.0020885195,0.0033938000,0.0038914916,0.0044741129,0.0050568414,0.0053717471,0.0056307797,0.0060008070,0.0061077200,0.0062701262,0.0055983250
2009-09-23,0.0022020561,0.0033789333,0.0038034872,0.0044258743,0.0050151363,0.0053434914,0.0056091438,0.0060083139,0.0058725378,0.0062600546,0.0056329633
2009-09-22,0.0021600840,0.0034262275,0.0037362720,0.0044412664,0.0050624087,0.0054282666,0.0057005944,0.0060291632,0.0059067100,0.0062815412,0.0059837211
2009-09-21,0.0033131178,0.0033889020,0.0039188687,0.0045177562,0.0051404496,0.0055046269,0.0056807096,0.0060304026,0.0059627178,0.0063577600,0.0060653811
2009-09-18,0.0027246639,0.0032071512,0.0037267139,0.0042236745,0.0048181817,0.0051751062,0.0054400607,0.0057111429,0.0058286937,0.0058646522,0.0057728522
2009-09-17,0.0026609152,0.0029749249,0.0035515640,0.0040457632,0.0046201872,0.0049700060,0.0052363706,0.0056909605,0.0057319956,0.0058119650,0.0059179413
2009-09-16,0.0026458152,0.0030033902,0.0035650595,0.0040414783,0.0045993147,0.0049326367,0.0052240586,0.0056114630,0.0059239344,0.0058869334,0.0059839588
2009-09-15,0.0027451361,0.0030963862,0.0038003764,0.0042215364,0.0047746385,0.0050914145,0.0053783259,0.0057345091,0.0060948333,0.0059512325,0.0062441949
2009-09-14,0.0028307898,0.0033971493,0.0039438600,0.0043506385,0.0049194130,0.0052468237,0.0055220522,0.0058888846,0.0062442250,0.0061842874,0.0063853401
2009-09-11,0.0028743243,0.0032585616,0.0039099084,0.0043568190,0.0049184068,0.0052395881,0.0054661603,0.0058031071,0.0061611838,0.0061550595,0.0063798412
2009-09-10,0.0030212176,0.0033251366,0.0040771882,0.0045182364,0.0050575148,0.0053446349,0.0055793604,0.0059816116,0.0061643825,0.0060843446,0.0063652750
2009-09-09,0.0030064269,0.0034436493,0.0040192980,0.0044792998,0.0050542602,0.0053865737,0.0056436910,0.0059616543,0.0060781667,0.0061092500,0.0063991375
2009-09-08,0.0031778159,0.0034368841,0.0041806237,0.0046011817,0.0051551028,0.0054576753,0.0057439426,0.0060922884,0.0061560488,0.0060890566,0.0062012800
2009-09-07,0.0033397787,0.0038719908,0.0043249314,0.0047620651,0.0053303054,0.0056403516,0.0059397284,0.0063132636,0.0065885145,0.0061750667,0.0062601650
2009-09-04,0.0033430371,0.0038912443,0.0044488069,0.0048583481,0.0054224071,0.0057238443,0.0060606494,0.0064412010,0.0066759313,0.0067069337,0.0067985799
2009-09-03,0.0032943680,0.0037414748,0.0043556531,0.0048231671,0.0053993954,0.0057193283,0.0059506771,0.0063847512,0.0064971134,0.0062516833,0.0067937188
2009-09-02,0.0032009492,0.0038422137,0.0043069522,0.0047693514,0.0053337859,0.0056466881,0.0059469763,0.0062862625,0.0065570284,0.0063123000,0.0070324024
2009-09-01,0.0033676600,0.0037933719,0.0041882023,0.0047757073,0.0052462599,0.0054580656,0.0057445366,0.0062052705,0.0064253900,0.0064867430,0.0065529413
2009-08-31,0.0032093093,0.0036843050,0.0042757330,0.0047442569,0.0052636450,0.0055332045,0.0057975789,0.0061520422,0.0064441255,0.0063461400,0.0064696350
2009-08-28,0.0032093093,0.0036843350,0.0042716346,0.0047363221,0.0052643726,0.0055464950,0.0058172557,0.0061729324,0.0064441255,0.0063461400,0.0064672600
2009-08-27,0.0031488962,0.0035135822,0.0040634336,0.0047170940,0.0052531549,0.0055478842,0.0057828111,0.0060806596,0.0065408025,0.0064263424,0.0065614199
2009-08-26,0.0031430707,0.0034290534,0.0043698932,0.0046354573,0.0051930211,0.0055195538,0.0057975753,0.0061627052,0.0061162500,0.0059409500,0.0059717125
2009-08-25,0.0031664631,0.0035153530,0.0043463111,0.0046458452,0.0052192287,0.0055654358,0.0058551454,0.0061609146,0.0067250238,0.0068132713,0.0067867525
2009-08-24,0.0031547940,0.0034675382,0.0043618121,0.0047142111,0.0052420126,0.0055351991,0.0058185600,0.0061658998,0.0067250238,0.0068132713,0.0067864050
2009-08-21,0.0032657203,0.0040446353,0.0047251131,0.0050536927,0.0055768719,0.0058467368,0.0060855818,0.0064159076,0.0065906845,0.0064054071,0.0070568350
2009-08-20,0.0035100434,0.0041184652,0.0047483799,0.0052068595,0.0057392633,0.0060127391,0.0062573760,0.0066259867,0.0067655333,0.0066096000,0.0066727933
2009-08-19,0.0037537270,0.0041656207,0.0047253015,0.0052640527,0.0058603311,0.0062037584,0.0064747806,0.0067835546,0.0070428467,0.0070524613,0.0071831074
2009-08-18,0.0035112353,0.0038454335,0.0045523980,0.0050256661,0.0056167683,0.0059717974,0.0062473893,0.0065535250,0.0067611617,0.0068286276,0.0069741162
2009-08-17,0.0030368000,0.0036641132,0.0048778847,0.0051166088,0.0056532062,0.0059446736,0.0062318128,0.0065347144,0.0069518333,0.0066069500,0.0066947366
2009-08-14,0.0033241012,0.0033536667,0.0042614341,0.0046775027,0.0051886901,0.0054804581,0.0058278450,0.0060921037,0.0064291350,0.0062727323,0.0065167112
2009-08-13,0.0030963344,0.0033455739,0.0039136120,0.0047005296,0.0051812197,0.0054403589,0.0057110043,0.0059965527,0.0062739550,0.0063549836,0.0059485688
2009-08-12,0.0030476538,0.0033365476,0.0039207875,0.0044226424,0.0050280631,0.0054478461,0.0056721826,0.0059556862,0.0061886363,0.0060453078,0.0060546725
2009-08-11,0.0029351691,0.0032365986,0.0037786261,0.0043750898,0.0049100963,0.0052540372,0.0054484146,0.0056763875,0.0058351613,0.0059842600,0.0056885700
2009-08-10,0.0025839933,0.0029355217,0.0035587049,0.0042283233,0.0046993104,0.0049819006,0.0052091163,0.0054810845,0.0056509787,0.0058591687,0.0055432751
2009-08-07,0.0030130225,0.0030306091,0.0041468025,0.0044978031,0.0048884113,0.0050701980,0.0052916422,0.0055369488,0.0056952000,0.0058772505,0.0052432600
2009-08-06,0.0026041378,0.0030092711,0.0042643915,0.0043230725,0.0047599501,0.0050037664,0.0052312772,0.0054444244,0.0055416667,0.0057637018,0.0056349800
2009-08-05,0.0025835003,0.0030353926,0.0038784656,0.0041206545,0.0046497461,0.0050115481,0.0052378812,0.0054886816,0.0054783559,0.0055465800,0.0055514963
2009-08-04,0.0027424712,0.0028566896,0.0037933358,0.0039717002,0.0044992838,0.0048706267,0.0050960147,0.0053466870,0.0055370834,0.0056101562,0.0051261650
2009-08-03,0.0025772745,0.0028254746,0.0037545452,0.0042351227,0.0046025009,0.0047817974,0.0050137476,0.0052427103,0.0054378467,0.0055258163,0.0053135200
2009-07-31,0.0026410906,0.0028491767,0.0040597583,0.0042983714,0.0046441961,0.0047993392,0.0050036511,0.0052618109,0.0053261413,0.0055351537,0.0051275762
2009-07-30,0.0037807825,0.0036368054,0.0039352593,0.0042343358,0.0045979622,0.0047775437,0.0050293661,0.0052802526,0.0056059362,0.0057134875,0.0053984325
2009-07-29,0.0042066300,0.0041882923,0.0044410717,0.0048063542,0.0051797601,0.0053438908,0.0055492348,0.0057610337,0.0059451337,0.0060000362,0.0056682851
2009-07-28,0.0024162075,0.0039998070,0.0041652543,0.0044771029,0.0048002158,0.0049291656,0.0051273975,0.0053535775,0.0055190588,0.0057800733,0.0055075287
2009-07-27,0.0024967770,0.0028760891,0.0035386616,0.0040888433,0.0045166972,0.0047806320,0.0050087854,0.0052751452,0.0054772000,0.0057148027,0.0054294612
2009-07-24,0.0028037182,0.0031664395,0.0039283929,0.0043639337,0.0048238099,0.0051114125,0.0053575769,0.0056301655,0.0057884175,0.0058294058,0.0051846300
2009-07-23,0.0029591910,0.0033085930,0.0041487825,0.0045708263,0.0050005872,0.0052466353,0.0054755454,0.0057366004,0.0059386175,0.0061432175,0.0059185313
2009-07-22,0.0033968418,0.0037622669,0.0044478585,0.0049716968,0.0053596020,0.0055435621,0.0057374079,0.0059709656,0.0063360912,0.0063569050,0.0060303112
2009-07-21,0.0033459916,0.0036299578,0.0044647607,0.0049542550,0.0052961674,0.0054346104,0.0056294611,0.0058781160,0.0062521142,0.0063739037,0.0059722975
2009-07-20,0.0037819574,0.0041447479,0.0050218411,0.0053573793,0.0057806208,0.0059898344,0.0061700219,0.0063749014,0.0065109037,0.0066631787,0.0063663426
2009-07-17,0.0056051667,0.0052662044,0.0054805364,0.0059903933,0.0063703258,0.0065085026,0.0068405758,0.0070700946,0.0070533074,0.0070164386,0.0063060525
2009-07-16,0.0058157500,0.0054534406,0.0056131422,0.0061021983,0.0065155767,0.0066869400,0.0069576094,0.0072415728,0.0075560814,0.0072063458,0.0070885813
2009-07-15,0.0059687500,0.0054828633,0.0055826400,0.0061928213,0.0066481300,0.0068629899,0.0070802324,0.0073479020,0.0074522783,0.0073040950,0.0070596362
2009-07-14,0.0062247500,0.0056268490,0.0060077330,0.0063626946,0.0068262422,0.0070456342,0.0073491254,0.0076115817,0.0078011688,0.0079116725,0.0076481630
2009-07-13,0.0063827500,0.0062065258,0.0062469276,0.0067445433,0.0072212135,0.0074415000,0.0076804150,0.0079425470,0.0079128000,0.0078821132,0.0076208679
2009-07-10,0.0050534619,0.0059029665,0.0059796925,0.0065007005,0.0069382075,0.0071305326,0.0074132118,0.0077093413,0.0079024975,0.0076657558,0.0074129262
2009-07-09,0.0060103333,0.0058386778,0.0059752310,0.0062993794,0.0067564010,0.0069809657,0.0072840557,0.0075775574,0.0078183725,0.0077684387,0.0073864600
2009-07-08,0.0060170000,0.0061347228,0.0060419417,0.0064296682,0.0068796954,0.0070945880,0.0073808793,0.0076548553,0.0075204725,0.0076904838,0.0073036688
2009-07-07,0.0059903333,0.0059798608,0.0058588678,0.0061905327,0.0066653859,0.0069198197,0.0071431039,0.0073781555,0.0073784667,0.0075368578,0.0076409313
2009-07-06,0.0059502500,0.0059908424,0.0061481084,0.0063297352,0.0067223445,0.0068868889,0.0071265677,0.0073104948,0.0073758000,0.0071648333,0.0071700000
2009-07-03,0.0057578309,0.0058709643,0.0060031947,0.0061340280,0.0065182018,0.0066845446,0.0069458334,0.0070946665,0.0073686925,0.0071203556,0.0074834313
2009-07-02,0.0059003740,0.0059136561,0.0061248565,0.0063648616,0.0067218139,0.0068539488,0.0070664866,0.0072720224,0.0076812762,0.0072650578,0.0074309313
2009-07-01,0.0057906415,0.0057759257,0.0058820711,0.0061157862,0.0064573048,0.0065857012,0.0067579695,0.0069710295,0.0069124500,0.0070035667,0.0066849883
2009-06-30,0.0059535583,0.0059592316,0.0060222575,0.0062995841,0.0066606361,0.0068055960,0.0069972947,0.0072189164,0.0071526000,0.0072328000,0.0070059667
2009-06-29,0.0061975861,0.0062499158,0.0064730449,0.0066755627,0.0070099353,0.0071167489,0.0073568714,0.0075981395,0.0074274833,0.0076497667,0.0076915491
2009-06-26,0.0068125625,0.0065248091,0.0067499125,0.0070974476,0.0074457654,0.0075553207,0.0078299000,0.0081148583,0.0083328375,0.0081915078,0.0078875000
2009-06-25,0.0067226533,0.0067866205,0.0068720889,0.0070813761,0.0074567772,0.0075982915,0.0078647333,0.0081528583,0.0083328375,0.0081915078,0.0078875000
2009-06-24,0.0066743111,0.0066534143,0.0069088683,0.0071606683,0.0075186794,0.0076428571,0.0078362857,0.0081418333,0.0079986333,0.0079535333,0.0078726600
2009-06-23,0.0070230704,0.0070217100,0.0072243167,0.0075981871,0.0080414881,0.0082429735,0.0084104200,0.0086356200,0.0087548667,0.0087149333,0.0083885024
2009-06-22,0.0069482535,0.0070480158,0.0072310961,0.0076334207,0.0079982930,0.0081206603,0.0083512668,0.0085704491,0.0088987325,0.0088477350,0.0087917275
2009-06-19,0.0069537176,0.0070480311,0.0072259878,0.0075530456,0.0078904991,0.0079909360,0.0081020993,0.0083425457,0.0087284188,0.0087840267,0.0089249612
2009-06-18,0.0069626250,0.0071701481,0.0074303334,0.0077194486,0.0081029843,0.0082491539,0.0084003375,0.0086556613,0.0090284188,0.0087840267,0.0089249612
2009-06-17,0.0069268238,0.0068567544,0.0071453616,0.0074669315,0.0079072838,0.0081248071,0.0083201281,0.0085889312,0.0086095300,0.0087080925,0.0086468664
2009-06-16,0.0064250000,0.0064706857,0.0066312888,0.0071215179,0.0074832491,0.0076331412,0.0077947857,0.0080608820,0.0079823000,0.0080378722,0.0081215888
2009-06-15,0.0067017163,0.0065432502,0.0067094312,0.0070203790,0.0073397180,0.0074522693,0.0076443282,0.0078624070,0.0081649875,0.0081863033,0.0080165888
2009-06-12,0.0057495000,0.0057512550,0.0059445387,0.0061802581,0.0065975680,0.0068429973,0.0069902414,0.0071448484,0.0071995489,0.0072587400,0.0072987113
2009-06-11,0.0055256667,0.0056164741,0.0058253384,0.0062351193,0.0065912973,0.0067729388,0.0069079348,0.0070510635,0.0071101333,0.0072670000,0.0069021550
2009-06-10,0.0054583333,0.0053085738,0.0054018962,0.0059011433,0.0061987642,0.0063321190,0.0064917612,0.0066227626,0.0065979300,0.0066673000,0.0065469200
2009-06-09,0.0056250000,0.0061172158,0.0055879145,0.0062015874,0.0065482649,0.0067269700,0.0067836001,0.0069848328,0.0072370037,0.0072597988,0.0071942838
2009-06-08,0.0055056667,0.0054741123,0.0056525257,0.0057633279,0.0062059025,0.0065043114,0.0066744285,0.0068008637,0.0067389333,0.0067872500,0.0065480350
2009-06-05,0.0054230000,0.0052644177,0.0055711510,0.0057345227,0.0060436959,0.0062025116,0.0063815006,0.0065824371,0.0064511122,0.0067540167,0.0065480350
2009-06-04,0.0053725000,0.0052296253,0.0055584644,0.0058461005,0.0061231913,0.0062480417,0.0064099886,0.0065852101,0.0064806450,0.0066874000,0.0065480350
2009-06-03,0.0053490000,0.0053787666,0.0056595301,0.0059114581,0.0061595229,0.0062553116,0.0062966362,0.0063780252,0.0064495092,0.0065335000,0.0064430350
2009-06-02,0.0055445000,0.0056111769,0.0056815904,0.0059035425,0.0061672054,0.0062821518,0.0064918914,0.0067831476,0.0068362000,0.0069413000,0.0066530350
2009-06-01,0.0058750000,0.0059892995,0.0060767898,0.0064656006,0.0067407182,0.0068555556,0.0069393096,0.0070715719,0.0070767333,0.0075592633,0.0074698054
2009-05-29,0.0061900000,0.0062465639,0.0064230763,0.0068421935,0.0072058700,0.0074064752,0.0074835491,0.0076733552,0.0078019400,0.0080003300,0.0079775499
2009-05-28,0.0062533333,0.0064017153,0.0064499253,0.0069062783,0.0073088621,0.0075523900,0.0075421355,0.0076483345,0.0077504667,0.0079314078,0.0078677350
2009-05-27,0.0063025000,0.0063400092,0.0064204549,0.0068138099,0.0071617210,0.0073530686,0.0074415909,0.0075694762,0.0075151166,0.0082037625,0.0078677350
2009-05-26,0.0087005000,0.0065905778,0.0065529628,0.0068592221,0.0072353038,0.0074586015,0.0073911667,0.0073741783,0.0075151166,0.0082037625,0.0078677350
2009-05-25,0.0077495000,0.0060444053,0.0062355288,0.0065954176,0.0069110358,0.0070803969,0.0072220845,0.0073032160,0.0074803333,0.0073098000,0.0072985801
2009-05-22,0.0077495000,0.0060444053,0.0062355288,0.0065954176,0.0069094854,0.0070803969,0.0072220845,0.0073032160,0.0074803333,0.0073098000,0.0072985801
2009-05-21,0.0076893333,0.0059982694,0.0062586174,0.0066046605,0.0069384228,0.0071330357,0.0072480011,0.0073682580,0.0072803333,0.0073098000,0.0072985801
2009-05-20,0.0075640000,0.0058451649,0.0060326700,0.0062578608,0.0065353752,0.0066821067,0.0069144682,0.0070081656,0.0070083333,0.0069501292,0.0069835801
2009-05-19,0.0079402376,0.0060683395,0.0062588706,0.0067100725,0.0069984039,0.0071493068,0.0071907199,0.0071997245,0.0073967333,0.0076777500,0.0068887600
2009-05-18,0.0095631620,0.0070610656,0.0088767767,0.0082918437,0.0084209673,0.0083803254,0.0084679986,0.0084444834,0.0085428887,0.0092551000,0.0083630695
2009-05-15,0.0098263333,0.0073008658,0.0074662172,0.0080711439,0.0083708435,0.0085111111,0.0085760000,0.0085850000,0.0087426000,0.0091132000,0.0082934072
2009-05-14,0.0096629750,0.0076374000,0.0083648270,0.0086549615,0.0089056545,0.0089876125,0.0089321767,0.0089978071,0.0089755878,0.0092691000,0.0084952694
2009-05-13,0.0090250520,0.0074052616,0.0079857483,0.0082970621,0.0084951004,0.0085346432,0.0084694775,0.0084334226,0.0084911823,0.0087924333,0.0081157034
2009-05-12,0.0085792857,0.0064678522,0.0073069584,0.0076429508,0.0077883192,0.0077910141,0.0078103811,0.0077678509,0.0080542500,0.0080386000,0.0074726562
2009-05-11,0.0082166558,0.0063108058,0.0069771307,0.0073117992,0.0074846158,0.0075244926,0.0075954278,0.0074710644,0.0078002000,0.0078422500,0.0073151562
2009-05-08,0.0076489207,0.0078555000,0.0073939037,0.0070224858,0.0070999419,0.0070530353,0.0070911829,0.0070643177,0.0073688500,0.0073319643,0.0067144413
2009-05-07,0.0089153333,0.0091269501,0.0082583333,0.0078583333,0.0077380019,0.0074899588,0.0074021912,0.0072705160,0.0078280500,0.0081097500,0.0070819413
2009-05-06,0.0094856313,0.0095498201,0.0089906667,0.0085135700,0.0084485109,0.0082450962,0.0082143500,0.0081790600,0.0084092500,0.0086057500,0.0077836624
2009-05-05,0.0098376667,0.0098186429,0.0094560714,0.0091439375,0.0090191612,0.0087526797,0.0086998662,0.0086034876,0.0091186000,0.0088442100,0.0086964962
2009-05-04,0.0101130000,0.0099609000,0.0095721318,0.0093759997,0.0092849149,0.0090505535,0.0089604521,0.0088193729,0.0088449733,0.0088747267,0.0087489962
2009-05-01,0.0101130000,0.0099609000,0.0095722227,0.0093759997,0.0092828319,0.0090505535,0.0089604521,0.0088193729,0.0088449733,0.0088747267,0.0087489962
2009-04-30,0.0100277967,0.0101011491,0.0096641583,0.0094275828,0.0092766190,0.0089930233,0.0089422542,0.0087665714,0.0088450400,0.0088747933,0.0087489962
2009-04-29,0.0102595233,0.0103765000,0.0100125607,0.0097585714,0.0096540380,0.0094135468,0.0093240184,0.0091815021,0.0094621534,0.0095300822,0.0095074063
2009-04-28,0.0104125300,0.0105436728,0.0101888253,0.0098861523,0.0098015792,0.0095825527,0.0094839175,0.0092382634,0.0099821500,0.0099043333,0.0094782350
2009-04-27,0.0106041700,0.0103533127,0.0100516984,0.0097758342,0.0097309242,0.0095557690,0.0093834359,0.0091249513,0.0096782500,0.0098004667,0.0093207350
2009-04-24,0.0102630000,0.0102729456,0.0099302131,0.0096425217,0.0096038504,0.0094407462,0.0093138888,0.0090687314,0.0095282000,0.0097671000,0.0086480688
2009-04-23,0.0099960000,0.0102873250,0.0098193333,0.0096054000,0.0095794327,0.0094333333,0.0093025786,0.0091797153,0.0095281000,0.0097004333,0.0086480688
2009-04-22,0.0101906667,0.0107886572,0.0102067361,0.0099760720,0.0098679282,0.0096424706,0.0095184490,0.0093015547,0.0098366500,0.0099752000,0.0088806574
2009-04-21,0.0101285400,0.0111254668,0.0104339059,0.0101416321,0.0100469876,0.0098368195,0.0097606856,0.0095236466,0.0097825500,0.0099046333,0.0088055688
2009-04-20,0.0096873333,0.0098631429,0.0096084490,0.0093790000,0.0092704222,0.0090600000,0.0089506943,0.0087113057,0.0091730500,0.0093954000,0.0084380688
2009-04-17,0.0092406667,0.0095633820,0.0092683534,0.0088206301,0.0086832066,0.0084555380,0.0083712832,0.0081380655,0.0084636000,0.0087861667,0.0080705688
2009-04-16,0.0092866667,0.0093919013,0.0088983993,0.0086169577,0.0085456583,0.0083871142,0.0082506994,0.0080516805,0.0082135500,0.0086528333,0.0084558213
2009-04-15,0.0096900237,0.0099810081,0.0096078985,0.0092749549,0.0092014974,0.0090380672,0.0088995011,0.0086598485,0.0089230000,0.0092893000,0.0088233213
2009-04-14,0.0097195475,0.0099712766,0.0095544696,0.0093398081,0.0092238253,0.0090229683,0.0088542165,0.0085825431,0.0087686000,0.0091851333,0.0086658213
2009-04-13,0.0103230000,0.0106725116,0.0102608826,0.0099316974,0.0096689413,0.0093281281,0.0092007698,0.0090518549,0.0089687000,0.0092612500,0.0089974712
2009-04-10,0.0103230000,0.0106725116,0.0102608826,0.0099316974,0.0096667722,0.0093281281,0.0092007698,0.0090518549,0.0089687000,0.0092612500,0.0089974712
2009-04-09,0.0103230000,0.0106725116,0.0102608826,0.0099316974,0.0096646035,0.0093281281,0.0092007698,0.0090518549,0.0089687000,0.0092612500,0.0089974712
2009-04-08,0.0106562533,0.0107497370,0.0104467978,0.0101435500,0.0099539103,0.0096926438,0.0095522321,0.0093408399,0.0096821000,0.0102225333,0.0098459874
2009-04-07,0.0108979533,0.0107496098,0.0104018375,0.0100672250,0.0099220898,0.0097081438,0.0095916938,0.0093594224,0.0095280000,0.0101185667,0.0096884874
2009-04-06,0.0124675000,0.0111545435,0.0107486625,0.0103041131,0.0101064658,0.0098451549,0.0097796537,0.0095680210,0.0095521000,0.0100931000,0.0096884874
2009-04-03,0.0129683627,0.0112327500,0.0110341442,0.0105484000,0.0104446091,0.0102760740,0.0100951889,0.0099604352,0.0097060000,0.0107302667,0.0099717463
2009-04-02,0.0116017300,0.0121893361,0.0116058097,0.0110841580,0.0109828524,0.0108181226,0.0106320478,0.0103529871,0.0101517500,0.0103863500,0.0103152488
2009-04-01,0.0119950000,0.0127376718,0.0120322176,0.0114773659,0.0113444201,0.0111517128,0.0110088575,0.0107475833,0.0112719000,0.0116156500,0.0111027488
2009-03-31,0.0133785890,0.0123643283,0.0116922955,0.0111461162,0.0110752597,0.0109496024,0.0107685779,0.0104618478,0.0107636000,0.0110378000,0.0107877488
2009-03-30,0.0120905000,0.0119407188,0.0113084381,0.0108858409,0.0107487362,0.0105648126,0.0104636420,0.0102389159,0.0106634500,0.0109377333,0.0100294136
2009-03-27,0.0118287500,0.0112132704,0.0106780651,0.0101520591,0.0100689131,0.0099452317,0.0099447157,0.0095894201,0.0098516000,0.0103261667,0.0095569136
2009-03-26,0.0127175212,0.0109553351,0.0108842973,0.0102417211,0.0100727665,0.0098701402,0.0097405755,0.0095233222,0.0096625000,0.0101594667,0.0095569136
2009-03-25,0.0126134898,0.0112539360,0.0109405061,0.0104597487,0.0102468060,0.0100057442,0.0097944297,0.0095498643,0.0097980667,0.0103006667,0.0108575000
2009-03-24,0.0123642904,0.0112114405,0.0107307808,0.0099328922,0.0098221025,0.0096854925,0.0094725033,0.0091027034,0.0097982000,0.0105008000,0.0108575000
2009-03-23,0.0126118326,0.0113890420,0.0107717044,0.0101737270,0.0101016343,0.0100066012,0.0096812450,0.0094977657,0.0097286000,0.0105305667,0.0105729078
2009-03-20,0.0132821726,0.0125973033,0.0114599317,0.0110249617,0.0109380397,0.0108312898,0.0106915389,0.0102531480,0.0104706333,0.0114367333,0.0105458026
2009-03-19,0.0129561251,0.0124453744,0.0112687958,0.0113040082,0.0109875618,0.0106645700,0.0104650996,0.0104991322,0.0103363333,0.0114347000,0.0115524188
2009-03-18,0.0135983333,0.0137103842,0.0125746000,0.0123371266,0.0122883144,0.0122275274,0.0119608884,0.0116034401,0.0103625000,0.0119930000,0.0125220263
2009-03-17,0.0138252139,0.0134362500,0.0123572000,0.0122187500,0.0121983954,0.0121714286,0.0118871286,0.0118449520,0.0103625000,0.0125901333,0.0126795263
2009-03-16,0.0138252139,0.0137164366,0.0128870957,0.0123431980,0.0124178537,0.0124917472,0.0124178459,0.0123352644,0.0120882500,0.0125553000,0.0126270263
2009-03-13,0.0141983333,0.0150490000,0.0139301429,0.0135385714,0.0135818210,0.0136300000,0.0135193330,0.0133814811,0.0138632000,0.0140461333,0.0127707663
2009-03-12,0.0139650000,0.0145890000,0.0134372000,0.0131187500,0.0132780281,0.0134500000,0.0131901900,0.0130608144,0.0140632000,0.0138794667,0.0127707663
2009-03-11,0.0138252139,0.0138737239,0.0126759450,0.0122781980,0.0123617627,0.0124614515,0.0123262209,0.0121478967,0.0124256500,0.0125803333,0.0118457563
2009-03-10,0.0136390200,0.0135897500,0.0126995714,0.0125750000,0.0125117085,0.0124698889,0.0124145500,0.0123351575,0.0125282000,0.0126495333,0.0130602126
2009-03-09,0.0136700000,0.0137196000,0.0128598000,0.0125146000,0.0125813820,0.0126757000,0.0125747375,0.0122872514,0.0126485000,0.0125283333,0.0125356050
2009-03-06,0.0136495000,0.0130596667,0.0123337143,0.0119267500,0.0120733665,0.0122535455,0.0121461250,0.0122086250,0.0123074000,0.0120998333,0.0102031200
2009-03-05,0.0115439111,0.0108340833,0.0103749854,0.0102643138,0.0102608337,0.0102886258,0.0100474852,0.0097335576,0.0102625000,0.0099750000,0.0095093600
2009-03-04,0.0107638975,0.0106719979,0.0099129773,0.0095651314,0.0095057763,0.0094798424,0.0094579448,0.0092051240,0.0096668333,0.0101224000,0.0087234387
2009-03-03,0.0110294466,0.0112955331,0.0109014185,0.0106292507,0.0105445900,0.0105019152,0.0103654030,0.0102945650,0.0096125000,0.0106290667,0.0098252537
2009-03-02,0.0109582190,0.0111892291,0.0103229008,0.0097496076,0.0098822057,0.0100606790,0.0100378562,0.0099391822,0.0099215000,0.0104078500,0.0108444000
2009-02-27,0.0106339688,0.0106630447,0.0098489135,0.0095142191,0.0095200773,0.0095721463,0.0095521319,0.0096161982,0.0093956333,0.0098626500,0.0092368500
2009-02-26,0.0101571136,0.0104787613,0.0093192317,0.0090424650,0.0091902227,0.0093899147,0.0093331757,0.0094895529,0.0092434667,0.0095122333,0.0088744100
2009-02-25,0.0103425000,0.0097938414,0.0097378386,0.0093497500,0.0094760789,0.0096593662,0.0097113333,0.0099304000,0.0098821667,0.0102240333,0.0109887500
2009-02-24,0.0111147978,0.0106889223,0.0105713209,0.0102359709,0.0103428863,0.0105157594,0.0106265714,0.0109594000,0.0098125000,0.0107704667,0.0110439013
2009-02-23,0.0100112888,0.0104659135,0.0101393323,0.0101190609,0.0103068989,0.0105680993,0.0107787889,0.0109705833,0.0097625000,0.0106387000,0.0111457513
2009-02-20,0.0081084469,0.0092146667,0.0089096526,0.0094376348,0.0096764624,0.0099918524,0.0100850000,0.0104010250,0.0100707667,0.0102331000,0.0107643767
2009-02-19,0.0067193333,0.0083008571,0.0082819265,0.0086754528,0.0088457248,0.0090814100,0.0091872222,0.0093515556,0.0094486667,0.0092251333,0.0102800000
2009-02-18,0.0068140000,0.0084255000,0.0084498192,0.0088613858,0.0090391323,0.0092818182,0.0094225000,0.0096271667,0.0097928667,0.0090660000,0.0107000000
2009-02-17,0.0068540478,0.0080262030,0.0080771985,0.0085528321,0.0087315800,0.0089713867,0.0091176358,0.0092984286,0.0095802000,0.0090052667,0.0101750000
2009-02-16,0.0062209562,0.0068956820,0.0069981859,0.0074045315,0.0076911198,0.0080383711,0.0081591187,0.0082909134,0.0083639000,0.0081699000,0.0081391263
2009-02-13,0.0060201575,0.0063022556,0.0067439166,0.0071713170,0.0074319285,0.0077480648,0.0078604322,0.0079831383,0.0080472500,0.0075782000,0.0078251949
2009-02-12,0.0056950000,0.0061076914,0.0064541048,0.0069831381,0.0071468704,0.0073565287,0.0074624633,0.0076161950,0.0076562000,0.0073497000,0.0079014875
2009-02-11,0.0080494859,0.0060063600,0.0063304048,0.0065245342,0.0066300470,0.0067745131,0.0069666067,0.0071328700,0.0073997500,0.0067970000,0.0091046412
2009-02-10,0.0057220000,0.0060699777,0.0063890753,0.0066973889,0.0067626819,0.0068648242,0.0070851725,0.0072008673,0.0072497000,0.0066970000,0.0091046412
2009-02-09,0.0075831843,0.0061488360,0.0064496460,0.0066591000,0.0067123664,0.0068004151,0.0069599484,0.0070596673,0.0070997000,0.0068942500,0.0091046412
2009-02-06,0.0062480145,0.0061719240,0.0064137600,0.0067232795,0.0068256271,0.0069631579,0.0071738380,0.0072284591,0.0071996500,0.0068200000,0.0091046412
2009-02-05,0.0053410000,0.0064274450,0.0066738660,0.0068246986,0.0069001488,0.0070087143,0.0072587100,0.0073955600,0.0073291500,0.0072472167,0.0074608912
2009-02-04,0.0054870000,0.0064426300,0.0066760799,0.0068361580,0.0069258161,0.0070475371,0.0072822583,0.0074872267,0.0074521500,0.0071875333,0.0091046412
2009-02-03,0.0058459201,0.0066534000,0.0071294668,0.0071823653,0.0071781464,0.0072038941,0.0073535011,0.0075328571,0.0076291000,0.0073614667,0.0074608912
2009-02-02,0.0058249875,0.0064261120,0.0069591285,0.0069557925,0.0069344276,0.0069404469,0.0071455338,0.0073352725,0.0073523000,0.0071429667,0.0073411132
2009-01-30,0.0058541233,0.0061739120,0.0064170817,0.0066174078,0.0066998969,0.0068086936,0.0069413183,0.0071245533,0.0071496000,0.0068325000,0.0071206538
2009-01-29,0.0057720000,0.0060706400,0.0066929605,0.0065633968,0.0065508027,0.0065611273,0.0067900386,0.0069230000,0.0069911000,0.0067258667,0.0071079673
2009-01-28,0.0073832706,0.0056262175,0.0063384560,0.0060509490,0.0061909253,0.0063548946,0.0064780000,0.0066117267,0.0066489000,0.0058965000,0.0063190008
2009-01-27,0.0058823750,0.0057652828,0.0063585729,0.0061993610,0.0061969883,0.0062135212,0.0063471475,0.0066225563,0.0063322500,0.0059465000,0.0064620820
2009-01-26,0.0082540483,0.0060783050,0.0065921425,0.0065488903,0.0066392885,0.0067499625,0.0068386228,0.0070394405,0.0072372500,0.0064465000,0.0071038203
2009-01-23,0.0061250000,0.0064063900,0.0073407472,0.0070319161,0.0070322378,0.0070508591,0.0073606100,0.0075398829,0.0076476000,0.0067440000,0.0075360276
2009-01-22,0.0058515163,0.0059497684,0.0066695252,0.0065390713,0.0066723198,0.0068244693,0.0069439624,0.0071576633,0.0075179500,0.0065940000,0.0073522276
2009-01-21,0.0056000000,0.0060898870,0.0063852433,0.0066465968,0.0067936148,0.0069588327,0.0070781824,0.0072547714,0.0075511500,0.0066940000,0.0091051662
2009-01-20,0.0057164155,0.0061268325,0.0068583333,0.0065167463,0.0067433905,0.0069913706,0.0071156061,0.0072467183,0.0073511500,0.0066880000,0.0091051662
2009-01-19,0.0055093333,0.0058197225,0.0059484427,0.0061572966,0.0062686341,0.0063928560,0.0064609389,0.0066714550,0.0067488500,0.0062715000,0.0085949803
2009-01-16,0.0055606578,0.0057357250,0.0060460327,0.0060326536,0.0061092553,0.0061959792,0.0062872690,0.0064871380,0.0063321000,0.0062720000,0.0086528935
2009-01-15,0.0057808435,0.0079395188,0.0065724361,0.0065921188,0.0066365069,0.0066895747,0.0068057000,0.0071197000,0.0067988000,0.0066720000,0.0092660191
2009-01-14,0.0056814377,0.0055884487,0.0060459299,0.0062024763,0.0063111377,0.0064283167,0.0065336706,0.0067789583,0.0067487000,0.0064720000,0.0090481024
2009-01-13,0.0054092665,0.0051767857,0.0056471184,0.0059795000,0.0062138085,0.0064625000,0.0065670180,0.0067565713,0.0067485500,0.0063720000,0.0089676079
2009-01-12,0.0051499507,0.0054745608,0.0058524311,0.0057304396,0.0058395763,0.0059542500,0.0059959106,0.0063098996,0.0062818500,0.0058982500,0.0083561431
2009-01-09,0.0050135053,0.0053933732,0.0057177601,0.0056124743,0.0057094102,0.0058100930,0.0058482128,0.0059842485,0.0060561500,0.0056545000,0.0080641527
2009-01-08,0.0049417250,0.0052940405,0.0057944846,0.0056655363,0.0057146961,0.0057650469,0.0057860362,0.0059774846,0.0064765000,0.0055045000,0.0079024955
2009-01-07,0.0052056210,0.0049936661,0.0051372449,0.0052649292,0.0053523054,0.0054406333,0.0055087340,0.0058380000,0.0061598500,0.0053545000,0.0077383283
2009-01-06,0.0056034925,0.0052888651,0.0054664690,0.0057178539,0.0058341330,0.0059508973,0.0058912142,0.0059952522,0.0061560000,0.0056600000,0.0082342966
2009-01-05,0.0063626465,0.0056588784,0.0058761708,0.0060928376,0.0064025591,0.0067243930,0.0067566114,0.0068380533,0.0072568500,0.0064100000,0.0093875000
2009-01-02,0.0056778475,0.0060114175,0.0061910660,0.0065842627,0.0068031709,0.0070239878,0.0070602217,0.0072513601,0.0074234000,0.0068435000,0.0077640737
2009-01-01,0.0056559822,0.0060114175,0.0062138325,0.0065842627,0.0068039336,0.0070239878,0.0070602217,0.0072513601,0.0074234000,0.0068435000,0.0077640737
2008-12-31,0.0056559822,0.0060114175,0.0062138325,0.0067637591,0.0068968255,0.0070239878,0.0070602217,0.0072513601,0.0074234000,0.0068522000,0.0077640737
2008-12-30,0.0058203156,0.0058463990,0.0062201883,0.0066948375,0.0068437256,0.0069858807,0.0070956940,0.0072364501,0.0074234000,0.0069870000,0.0077640737
2008-12-29,0.0061031147,0.0059506329,0.0063793448,0.0068237420,0.0069374265,0.0070413000,0.0070633613,0.0072490450,0.0075234000,0.0070745000,0.0080724437
2008-12-26,0.0059731377,0.0059867594,0.0064308134,0.0068337687,0.0070758298,0.0073126667,0.0073529524,0.0074355012,0.0075734000,0.0077030500,0.0080724437
2008-12-25,0.0055952400,0.0058651851,0.0064851680,0.0069581681,0.0071619244,0.0073561145,0.0076081277,0.0077172077,0.0075734000,0.0074687000,0.0080724437
2008-12-24,0.0055952400,0.0058651851,0.0064851680,0.0069581681,0.0071627273,0.0073561145,0.0076081277,0.0077172077,0.0075734000,0.0074687000,0.0080724437
2008-12-23,0.0058400000,0.0058651851,0.0064851680,0.0069581681,0.0071635303,0.0073561145,0.0076081277,0.0077172077,0.0075734000,0.0074687000,0.0080724437
2008-12-22,0.0055952400,0.0059261085,0.0064802720,0.0069118746,0.0070590384,0.0071893077,0.0072773729,0.0073646551,0.0075068000,0.0072489667,0.0079018437
2008-12-19,0.0062167770,0.0060635347,0.0065732737,0.0070146131,0.0071963724,0.0073606811,0.0075656651,0.0076777502,0.0078341500,0.0072270000,0.0082299437
2008-12-18,0.0063133907,0.0061629998,0.0065646407,0.0071839048,0.0073412157,0.0074777768,0.0078453510,0.0078995301,0.0073472500,0.0077283000,0.0079937437
2008-12-17,0.0063866677,0.0065795347,0.0066119491,0.0072064588,0.0075189282,0.0078178926,0.0080861585,0.0083286838,0.0082867000,0.0077720000,0.0083349437
2008-12-16,0.0060788545,0.0057965046,0.0063731353,0.0069347018,0.0072236451,0.0074969975,0.0076752745,0.0078561648,0.0079474000,0.0077438000,0.0076381687
2008-12-15,0.0060370275,0.0057497977,0.0061647827,0.0067993089,0.0071082369,0.0074022544,0.0075397954,0.0076485321,0.0079474000,0.0077363000,0.0076381687
2008-12-12,0.0052682788,0.0058136143,0.0062042484,0.0065480076,0.0069080690,0.0072579135,0.0073428814,0.0074913249,0.0077972500,0.0077058000,0.0076381687
2008-12-11,0.0052154050,0.0055490167,0.0060075416,0.0064401084,0.0066629378,0.0068635468,0.0070713555,0.0071288650,0.0072010500,0.0070572957,0.0071447978
2008-12-10,0.0052275000,0.0056384649,0.0060766348,0.0064481194,0.0066999329,0.0069298006,0.0070048078,0.0073084039,0.0070781500,0.0068790500,0.0071131213
2008-12-09,0.0051651312,0.0057006746,0.0061766166,0.0066436158,0.0067832816,0.0068927213,0.0069427620,0.0073363037,0.0074508500,0.0073300000,0.0073939105
2008-12-08,0.0053360000,0.0060037308,0.0062549555,0.0072623740,0.0075111699,0.0077295593,0.0080104485,0.0082202520,0.0076521000,0.0075217333,0.0074016171
2008-12-05,0.0053725000,0.0063266690,0.0063564049,0.0073010348,0.0078112859,0.0083134531,0.0085485621,0.0088964775,0.0094125000,0.0076604000,0.0073535763
2008-12-04,0.0050368156,0.0052122910,0.0058471048,0.0061830190,0.0067369671,0.0073004849,0.0072143801,0.0075143855,0.0076570000,0.0076600500,0.0073535763
2008-12-03,0.0048083333,0.0054234000,0.0053640556,0.0060422617,0.0064846814,0.0069199638,0.0069230786,0.0071084800,0.0071364500,0.0085750000,0.0081767190
2008-12-02,0.0045367333,0.0048090000,0.0050830952,0.0054791250,0.0059749085,0.0064770913,0.0065717657,0.0068223638,0.0067766500,0.0066770500,0.0063242279
2008-12-01,0.0046524393,0.0048111374,0.0050819402,0.0051621958,0.0055560396,0.0059432983,0.0060740396,0.0062216219,0.0065101500,0.0064048638,0.0060257447
2008-11-28,0.0041000000,0.0039092000,0.0043427619,0.0046047173,0.0049335365,0.0052522778,0.0054016767,0.0056617460,0.0056297500,0.0055304102,0.0051681620
2008-11-27,0.0043730000,0.0044604900,0.0044735556,0.0046110367,0.0049779762,0.0053388000,0.0054537786,0.0056416067,0.0055797000,0.0054730374,0.0050802506
2008-11-26,0.0044206947,0.0046397240,0.0048613160,0.0047182656,0.0050280646,0.0053218000,0.0054931613,0.0056062800,0.0055796500,0.0054647947,0.0050385842
2008-11-25,0.0043833333,0.0046001817,0.0048213300,0.0050830555,0.0053473748,0.0055859658,0.0057493111,0.0058748625,0.0057298500,0.0056035013,0.0051318280
2008-11-24,0.0047972397,0.0050305800,0.0051781406,0.0054478059,0.0056556981,0.0058290168,0.0059064959,0.0059081200,0.0060040500,0.0058628645,0.0053333540
2008-11-21,0.0049750000,0.0052233090,0.0057881600,0.0059767273,0.0062157184,0.0064160295,0.0064763833,0.0066726656,0.0065244500,0.0063614892,0.0057481395
2008-11-20,0.0048551437,0.0051724470,0.0057963786,0.0062790583,0.0065190655,0.0067162358,0.0067459548,0.0070542462,0.0071886000,0.0069985576,0.0062813788
2008-11-19,0.0051563848,0.0052046792,0.0057986063,0.0061051695,0.0062996431,0.0064489137,0.0067881110,0.0069447611,0.0070386500,0.0068423128,0.0060999645
2008-11-18,0.0050000000,0.0057562967,0.0055393340,0.0060725880,0.0062332805,0.0063462118,0.0065679214,0.0066856067,0.0067786500,0.0065797000,0.0058265091
2008-11-17,0.0044250000,0.0030308333,0.0048839550,0.0050871325,0.0054133887,0.0057124584,0.0058702371,0.0060714286,0.0061323500,0.0060396342,0.0053124018
2008-11-14,0.0043250000,0.0043460055,0.0049259026,0.0052302934,0.0054601389,0.0056512124,0.0057221667,0.0059100000,0.0058656500,0.0058616606,0.0051212844
2008-11-13,0.0045267625,0.0044060391,0.0049862866,0.0052734687,0.0055904889,0.0058744354,0.0059570311,0.0061355834,0.0062323500,0.0063194195,0.0054842008
2008-11-12,0.0045267625,0.0044236467,0.0049825137,0.0053710970,0.0056592498,0.0059090860,0.0060581176,0.0062289883,0.0062823000,0.0064634567,0.0055715875
2008-11-11,0.0036625000,0.0041062308,0.0046618318,0.0052595080,0.0054630578,0.0056220495,0.0056755633,0.0059178473,0.0061823000,0.0064538233,0.0055259777
2008-11-10,0.0040193250,0.0045476075,0.0044494775,0.0049405269,0.0052368011,0.0054983163,0.0056351488,0.0058152472,0.0059156000,0.0062659455,0.0053291337
2008-11-07,0.0045214930,0.0044087931,0.0047640774,0.0052713189,0.0055165914,0.0057173637,0.0057549839,0.0060765000,0.0060823000,0.0065369697,0.0055223563
2008-11-06,0.0057489574,0.0038147256,0.0044522286,0.0049339454,0.0052476678,0.0055260452,0.0056090000,0.0059517918,0.0060823000,0.0066609321,0.0056368480
2008-11-05,0.0035000000,0.0041455486,0.0043607746,0.0045630633,0.0048322685,0.0050655237,0.0054282440,0.0055998642,0.0054799500,0.0061150822,0.0051839044
2008-11-04,0.0032500000,0.0036668200,0.0042326067,0.0044622900,0.0047454963,0.0049944407,0.0051453819,0.0053797583,0.0052748000,0.0059977759,0.0050932887
2008-11-03,0.0043911000,0.0043215848,0.0044844968,0.0047632511,0.0049754761,0.0051422102,0.0053881633,0.0053991477,0.0056176000,0.0065086900,0.0055367512
2008-10-31,0.0043911000,0.0044164925,0.0045355435,0.0048452373,0.0051036561,0.0053178293,0.0054381186,0.0055410563,0.0059443000,0.0068721291,0.0056154512
2008-10-30,0.0045545397,0.0045391410,0.0047741774,0.0047473091,0.0051346155,0.0054923426,0.0057023851,0.0057803767,0.0059111000,0.0070934390,0.0060253513
2008-10-29,0.0046639650,0.0046814090,0.0049026157,0.0051484360,0.0055740444,0.0059670193,0.0060826715,0.0061527698,0.0062278000,0.0075953409,0.0064292050
2008-10-28,0.0051250000,0.0046749114,0.0048849704,0.0050984908,0.0056334609,0.0061532346,0.0062710578,0.0063597217,0.0065321500,0.0080202027,0.0066384213
2008-10-27,0.0050103700,0.0050014714,0.0055908333,0.0056948000,0.0061704393,0.0066077084,0.0068186250,0.0067943883,0.0070216667,0.0085171825,0.0066384213
2008-10-24,0.0053995030,0.0054528571,0.0056351796,0.0057905159,0.0064332381,0.0070622290,0.0072430000,0.0072774286,0.0068989000,0.0085911500,0.0068090713
2008-10-23,0.0047064253,0.0050245336,0.0052536854,0.0053704915,0.0057782619,0.0061416189,0.0063086637,0.0063117939,0.0062154500,0.0077878166,0.0064677713
2008-10-22,0.0039200000,0.0038062500,0.0048609994,0.0051120405,0.0053528076,0.0055357192,0.0055140000,0.0056230992,0.0052711000,0.0066458157,0.0057843425
2008-10-21,0.0041691587,0.0042278360,0.0040936694,0.0043927871,0.0046621930,0.0048859391,0.0048448000,0.0050115980,0.0050018000,0.0062418237,0.0055087425
2008-10-20,0.0046305743,0.0047310850,0.0050373998,0.0050764122,0.0054342080,0.0057428303,0.0061136422,0.0059990637,0.0061244000,0.0072321138,0.0059155925
2008-10-17,0.0044427470,0.0039886584,0.0044946710,0.0047078047,0.0053547504,0.0060113636,0.0059218920,0.0060813189,0.0061160500,0.0068300095,0.0051714275
2008-10-16,0.0041150000,0.0033463230,0.0040496917,0.0045152835,0.0047555266,0.0049422854,0.0049941735,0.0054674283,0.0051625000,0.0056669000,0.0042910550
2008-10-15,0.0035725000,0.0025873250,0.0045137050,0.0039880580,0.0042272723,0.0044205594,0.0043506671,0.0044163099,0.0052364667,0.0055499500,0.0042910550
2008-10-14,0.0033601113,0.0037302871,0.0038340734,0.0033965879,0.0035656453,0.0036919370,0.0034910992,0.0042992829,0.0042767939,0.0049623500,0.0046393200
2008-10-13,0.0047812265,0.0037850000,0.0042682465,0.0042447778,0.0047462781,0.0052332914,0.0052508900,0.0054194267,0.0052227769,0.0056699000,0.0066650875
2008-10-10,0.0051029187,0.0053966759,0.0056228332,0.0052405043,0.0058112997,0.0063533037,0.0065527254,0.0065138829,0.0060980563,0.0056295500,0.0062346050
2008-10-09,0.0054802107,0.0049951023,0.0050967059,0.0055529490,0.0057898633,0.0059503391,0.0059216875,0.0058678709,0.0061481486,0.0066064500,0.0070600000
2008-10-08,0.0053937585,0.0030228450,0.0039981080,0.0047589976,0.0054646375,0.0061835609,0.0058868787,0.0061428193,0.0061625000,0.0067752333,0.0073487500
2008-10-07,0.0023655287,0.0057073286,0.0059543750,0.0065207273,0.0068551750,0.0071002739,0.0076342205,0.0074166632,0.0067730998,0.0071144500,0.0071223587
2008-10-06,0.0062772550,0.0062875000,0.0066464286,0.0068348182,0.0073395765,0.0077661285,0.0078317639,0.0080433626,0.0085797754,0.0088360500,0.0073566587
2008-10-03,0.0024787062,0.0031973333,0.0059360000,0.0052082544,0.0059698603,0.0067434349,0.0068981716,0.0076077610,0.0079712538,0.0085795500,0.0065294099
2008-10-02,0.0050767133,0.0061159880,0.0065434083,0.0067500200,0.0072723851,0.0077223451,0.0078163685,0.0078867483,0.0077332926,0.0076248500,0.0078248788
2008-10-01,0.0060499339,0.0068070000,0.0070599707,0.0078300000,0.0083890529,0.0088597225,0.0092565000,0.0092000000,0.0071354674,0.0090750000,0.0104025299
2008-09-30,0.0044786667,0.0047062500,0.0069087128,0.0076762536,0.0085283197,0.0093409091,0.0093891250,0.0093642009,0.0094087500,0.0093250000,0.0101525299
2008-09-29,0.0027230925,0.0046352850,0.0071163726,0.0079624842,0.0088974646,0.0098028184,0.0094440521,0.0097015693,0.0106641166,0.0095750000,0.0104025299
2008-09-26,0.0034880000,0.0045992022,0.0060947792,0.0072051081,0.0080682866,0.0089093214,0.0089873333,0.0088081818,0.0089372725,0.0094300000,0.0097750000
2008-09-25,0.0022000000,0.0046464063,0.0057658159,0.0066148422,0.0073479191,0.0080498397,0.0081222625,0.0081765091,0.0084042812,0.0089925000,0.0082192325
2008-09-24,0.0020754488,0.0038038401,0.0052361429,0.0061910025,0.0069283431,0.0076477076,0.0078330556,0.0079357549,0.0078568948,0.0083125000,0.0091250000
2008-09-23,0.0020250000,0.0039375000,0.0051808571,0.0063041071,0.0070545016,0.0077875000,0.0078157143,0.0080799290,0.0075224030,0.0080750000,0.0083877513
2008-09-22,0.0024613358,0.0035180356,0.0048193118,0.0058981656,0.0066355744,0.0073652000,0.0077784007,0.0077795718,0.0072485347,0.0080750000,0.0083877513
2008-09-19,0.0027137925,0.0035718756,0.0050509861,0.0061303614,0.0070913036,0.0080940530,0.0082065215,0.0083818408,0.0086699724,0.0086750000,0.0082768459
2008-09-18,0.0024825000,0.0046600000,0.0060148810,0.0074699615,0.0084803495,0.0095008967,0.0096456126,0.0099595194,0.0100509529,0.0104750000,0.0095255751
2008-09-17,0.0038458750,0.0050729807,0.0068272547,0.0084643333,0.0095742853,0.0106888485,0.0107362000,0.0110503085,0.0107339522,0.0117250000,0.0119546945
2008-09-16,0.0046666667,0.0046200354,0.0065642497,0.0080284844,0.0090545525,0.0100801467,0.0102220107,0.0099219971,0.0100916227,0.0117652000,0.0101185562
2008-09-15,0.0024146360,0.0038871594,0.0055469671,0.0069583949,0.0076940820,0.0083989788,0.0082986242,0.0085571243,0.0085439983,0.0090250000,0.0087804388
2008-09-12,0.0023698675,0.0031648571,0.0042630571,0.0051848698,0.0058353900,0.0064845425,0.0066048289,0.0068016166,0.0071467056,0.0067250000,0.0081737500
2008-09-11,0.0023698675,0.0033039725,0.0043878096,0.0053409614,0.0059892490,0.0066322094,0.0067391553,0.0069054506,0.0072320210,0.0069500000,0.0075685221
2008-09-10,0.0019770012,0.0030399832,0.0041550781,0.0050281371,0.0056512371,0.0062729000,0.0064026000,0.0065294444,0.0070418744,0.0076213250,0.0074362500
2008-09-09,0.0020255121,0.0030590652,0.0041517174,0.0049543236,0.0056417463,0.0063458037,0.0064839202,0.0065750630,0.0069352033,0.0073203667,0.0077883333
2008-09-08,0.0019516104,0.0029234805,0.0038834370,0.0046583544,0.0052666438,0.0058821320,0.0060724071,0.0061471724,0.0069209000,0.0069566000,0.0076350000
2008-09-05,0.0022267562,0.0033431526,0.0045904543,0.0055124650,0.0062597124,0.0070229214,0.0071992627,0.0072815549,0.0077651581,0.0076538250,0.0087491667
2008-09-04,0.0021434175,0.0031638193,0.0042675498,0.0051960988,0.0058827318,0.0065809876,0.0066886121,0.0068748672,0.0071308878,0.0069000000,0.0065106187
2008-09-03,0.0020487515,0.0030703711,0.0039285319,0.0048997257,0.0055674085,0.0062517311,0.0063240464,0.0065856049,0.0067378333,0.0071750000,0.0074647087
2008-09-02,0.0019725489,0.0029098843,0.0037745293,0.0047395507,0.0053724017,0.0060189557,0.0060703207,0.0062627806,0.0064564500,0.0065245500,0.0058996675
2008-09-01,0.0020425265,0.0030399063,0.0039570797,0.0050909250,0.0056898998,0.0062862174,0.0063976632,0.0066520563,0.0069522500,0.0067750000,0.0073250000
2008-08-29,0.0020437545,0.0030435242,0.0040473243,0.0049903724,0.0056056754,0.0062252285,0.0063657708,0.0065887549,0.0069522500,0.0067750000,0.0072250000
2008-08-28,0.0021556862,0.0030505054,0.0039784550,0.0048555320,0.0055864061,0.0063550069,0.0064627204,0.0066574894,0.0071528000,0.0075608000,0.0080423291
2008-08-27,0.0021191521,0.0030151528,0.0039506147,0.0048984778,0.0055700459,0.0062632500,0.0063990214,0.0065761259,0.0074827667,0.0075662500,0.0080275000
2008-08-26,0.0021118506,0.0029058376,0.0038978385,0.0048183486,0.0055066513,0.0062240888,0.0063717181,0.0065522125,0.0067887952,0.0070413000,0.0078850000
2008-08-25,0.0019710447,0.0026502792,0.0036236057,0.0045432381,0.0051286417,0.0057265565,0.0058904280,0.0060448878,0.0062601578,0.0064250000,0.0074566667
2008-08-22,0.0019710447,0.0026710699,0.0036236057,0.0045161926,0.0051130271,0.0057265565,0.0058904280,0.0060448878,0.0062601578,0.0064250000,0.0074566667
2008-08-21,0.0019806100,0.0027433079,0.0037633745,0.0046352769,0.0052555071,0.0058954762,0.0060082611,0.0061718628,0.0066468788,0.0063000000,0.0063652751
2008-08-20,0.0019093878,0.0026192560,0.0036126536,0.0043306250,0.0049266105,0.0055458317,0.0057153711,0.0058860781,0.0062931936,0.0067003333,0.0072900000
2008-08-19,0.0018152865,0.0025384005,0.0034705147,0.0042374981,0.0047769735,0.0053293280,0.0054545024,0.0056246415,0.0060775974,0.0059695000,0.0064412042
2008-08-18,0.0016849586,0.0023359619,0.0031148691,0.0039477303,0.0044515802,0.0049683561,0.0051047194,0.0052555308,0.0060251374,0.0050500000,0.0072150000
2008-08-15,0.0016953371,0.0022269190,0.0031262079,0.0039835100,0.0044939207,0.0050184799,0.0051341762,0.0053204028,0.0059494407,0.0050500000,0.0072150000
2008-08-14,0.0017152728,0.0024399046,0.0032408554,0.0040425550,0.0045851906,0.0051487478,0.0052872705,0.0054882473,0.0061351908,0.0068505500,0.0073800000
2008-08-13,0.0017050021,0.0022704320,0.0031607873,0.0039440535,0.0044570573,0.0049871440,0.0051204734,0.0052836103,0.0056805546,0.0051000000,0.0054633499
2008-08-12,0.0016218558,0.0024618043,0.0031734769,0.0038191250,0.0043243325,0.0048487307,0.0049567586,0.0051255171,0.0054580307,0.0049000000,0.0062460000
2008-08-11,0.0014531250,0.0024579293,0.0032023386,0.0038519196,0.0043783768,0.0049289943,0.0050578293,0.0052509613,0.0060191000,0.0061770500,0.0065250000
2008-08-08,0.0016972670,0.0024672633,0.0033102750,0.0039466152,0.0044861223,0.0050510561,0.0052059638,0.0054073419,0.0062157667,0.0061542000,0.0068125000
2008-08-07,0.0016855606,0.0025491304,0.0032317996,0.0038754394,0.0044060282,0.0049624236,0.0051010400,0.0052969388,0.0058367908,0.0060585000,0.0071650000
2008-08-06,0.0015331077,0.0024714907,0.0031672046,0.0038126087,0.0043399471,0.0048946582,0.0050394737,0.0051907675,0.0059651667,0.0059963333,0.0068116667
2008-08-05,0.0016816667,0.0024577160,0.0031835040,0.0041461413,0.0045840909,0.0050221950,0.0052144246,0.0053467606,0.0059662000,0.0058762750,0.0067041667
2008-08-04,0.0017578548,0.0025519683,0.0033374391,0.0040728109,0.0046011529,0.0051514064,0.0052567433,0.0054316524,0.0057765059,0.0054666667,0.0065641667
2008-08-01,0.0017361642,0.0024797279,0.0031817716,0.0039920607,0.0045343950,0.0051048593,0.0052002031,0.0053811182,0.0054868499,0.0054000000,0.0061375000
2008-07-31,0.0014746736,0.0022025617,0.0030057058,0.0036872653,0.0042105176,0.0047661126,0.0049067566,0.0051089791,0.0053893776,0.0050000000,0.0053450638
2008-07-30,0.0013841250,0.0022452789,0.0029459167,0.0036483673,0.0041555463,0.0046925715,0.0048335880,0.0049341650,0.0053892333,0.0053808750,0.0052134225
2008-07-29,0.0014660451,0.0021149289,0.0030584286,0.0035459444,0.0041104516,0.0047245000,0.0048403000,0.0050255000,0.0050778498,0.0055606250,0.0054500000
2008-07-28,0.0015448603,0.0020511504,0.0028641940,0.0035909904,0.0040793368,0.0045954608,0.0047234306,0.0049552595,0.0050028424,0.0049810667,0.0050816900
2008-07-25,0.0017166334,0.0020471798,0.0030354433,0.0037476111,0.0042146600,0.0047010000,0.0048248050,0.0049622850,0.0054492010,0.0050666667,0.0053000000
2008-07-24,0.0016314472,0.0022405680,0.0029625457,0.0036833863,0.0041574736,0.0046546487,0.0047924530,0.0049514251,0.0052944010,0.0058537667,0.0049694937
2008-07-23,0.0016154427,0.0022431569,0.0031660279,0.0038280653,0.0043418314,0.0048853675,0.0049908551,0.0052419443,0.0056267038,0.0061157333,0.0063000000
2008-07-22,0.0018007123,0.0025152701,0.0034469420,0.0041847222,0.0047826589,0.0054232341,0.0055190022,0.0056897143,0.0061020393,0.0059250000,0.0068037500
2008-07-21,0.0022467662,0.0025229971,0.0033263466,0.0041720102,0.0047031496,0.0052610676,0.0053869592,0.0055362910,0.0058842572,0.0064464667,0.0066706250
2008-07-18,0.0024197150,0.0025315186,0.0035967500,0.0044509403,0.0050295309,0.0056402758,0.0057897112,0.0059474186,0.0062274376,0.0062500000,0.0059090837
2008-07-17,0.0025421878,0.0027608896,0.0041396877,0.0048184174,0.0053368015,0.0058669222,0.0060349678,0.0061866843,0.0064599802,0.0067666667,0.0076118750
2008-07-16,0.0031575000,0.0033017495,0.0041983347,0.0052300865,0.0059180620,0.0066474990,0.0067063571,0.0068643571,0.0075311000,0.0076983333,0.0082666667
2008-07-15,0.0021261800,0.0030882679,0.0041277461,0.0051526285,0.0057696602,0.0064140932,0.0065894006,0.0067963510,0.0073644667,0.0068000000,0.0077356917
2008-07-14,0.0028025000,0.0028706144,0.0039003208,0.0047773737,0.0053835135,0.0060236748,0.0061727689,0.0064191243,0.0066847415,0.0065981333,0.0074716667
2008-07-11,0.0027220925,0.0029208719,0.0041232973,0.0051719063,0.0058584122,0.0065899757,0.0067554700,0.0069274200,0.0073302333,0.0077744000,0.0075535062
2008-07-10,0.0028620000,0.0028649283,0.0039844521,0.0049633447,0.0056241411,0.0063294809,0.0065428469,0.0067389706,0.0071818000,0.0073980667,0.0079200000
2008-07-09,0.0027516667,0.0030198743,0.0041505406,0.0051504014,0.0057128303,0.0062942961,0.0065910892,0.0066781381,0.0073302667,0.0074872000,0.0082825000
2008-07-08,0.0030120000,0.0038305346,0.0044356385,0.0056158000,0.0063078493,0.0070386939,0.0071938039,0.0073898198,0.0080347000,0.0082000000,0.0088433333
2008-07-07,0.0027845000,0.0035991432,0.0044211334,0.0055946086,0.0062219669,0.0068751514,0.0070198335,0.0072017240,0.0073509438,0.0068956454,0.0078808516
2008-07-04,0.0021995512,0.0033901357,0.0044943594,0.0055899794,0.0062181155,0.0068732072,0.0069913794,0.0072297278,0.0076796618,0.0070718958,0.0085000000
2008-07-03,0.0021898965,0.0033206988,0.0044687897,0.0057985130,0.0063919562,0.0070025870,0.0071152765,0.0073520040,0.0080714667,0.0071217413,0.0088775000
2008-07-02,0.0027805000,0.0035894452,0.0045575130,0.0054953377,0.0061583348,0.0068595445,0.0069904054,0.0072592773,0.0075153661,0.0069699013,0.0080493495
2008-07-01,0.0024989829,0.0034426107,0.0047315879,0.0057394001,0.0063298204,0.0069396063,0.0071213895,0.0073424725,0.0077054616,0.0075199317,0.0085761412
2008-06-30,0.0021396586,0.0037310836,0.0048087708,0.0056877108,0.0063249980,0.0069929003,0.0071742572,0.0072681451,0.0076358889,0.0074414782,0.0087468750
2008-06-27,0.0026481112,0.0040822000,0.0046573481,0.0057273400,0.0063823088,0.0070718365,0.0073300716,0.0074758029,0.0076751667,0.0076145556,0.0089402222
2008-06-26,0.0026144138,0.0033141026,0.0045483062,0.0055440213,0.0062338486,0.0069706398,0.0070538327,0.0072827121,0.0078507533,0.0078000000,0.0087608333
2008-06-25,0.0025890546,0.0032238499,0.0040773297,0.0054224078,0.0059984539,0.0065997426,0.0068106401,0.0069863190,0.0073403961,0.0077921250,0.0080301992
2008-06-24,0.0025011976,0.0034259224,0.0043619630,0.0055313017,0.0061369615,0.0067729127,0.0069964392,0.0071917197,0.0075063816,0.0075021333,0.0081913828
2008-06-23,0.0022982302,0.0031641133,0.0041420320,0.0051799667,0.0057598511,0.0063715789,0.0064906489,0.0066081111,0.0071328465,0.0066658889,0.0081979583
2008-06-20,0.0022101312,0.0030192752,0.0038862493,0.0048884663,0.0054571978,0.0060614116,0.0062096349,0.0065156042,0.0069382959,0.0068162600,0.0077962500
2008-06-19,0.0020310000,0.0027075627,0.0034816439,0.0042700770,0.0047494204,0.0052566375,0.0054171659,0.0055473169,0.0059132236,0.0061057000,0.0067720000
2008-06-18,0.0020790000,0.0025364072,0.0033014288,0.0040881435,0.0045892486,0.0051271382,0.0053075637,0.0054543799,0.0057280257,0.0059659000,0.0062918800
2008-06-17,0.0020841484,0.0024427587,0.0032272381,0.0039395580,0.0044036282,0.0048994493,0.0051229034,0.0053319299,0.0056490984,0.0056171000,0.0061315562
2008-06-16,0.0020812464,0.0024542352,0.0032824358,0.0040125807,0.0044783139,0.0049754718,0.0051420348,0.0053367327,0.0056690384,0.0056770600,0.0063772500
2008-06-13,0.0022396924,0.0025931295,0.0036004195,0.0042865378,0.0048116733,0.0053773719,0.0056703709,0.0059101042,0.0061085602,0.0064250000,0.0067500000
2008-06-12,0.0022347691,0.0027903784,0.0036879580,0.0045616349,0.0050658188,0.0056016860,0.0057776231,0.0059999103,0.0065591333,0.0064250000,0.0071908333
2008-06-11,0.0021972691,0.0027315761,0.0036858530,0.0044601594,0.0050000384,0.0055820248,0.0057408421,0.0059424078,0.0060692997,0.0063232667,0.0066812000
2008-06-10,0.0022795869,0.0027785308,0.0038652322,0.0045545820,0.0050791601,0.0056413914,0.0058153819,0.0060040011,0.0063677828,0.0060376000,0.0070107500
2008-06-09,0.0021608086,0.0025729482,0.0036271263,0.0044102505,0.0049579075,0.0055518793,0.0056846962,0.0059486665,0.0060992602,0.0059976000,0.0069607500
2008-06-06,0.0019596474,0.0024053033,0.0033606638,0.0039126824,0.0044131011,0.0049587829,0.0051101127,0.0054212794,0.0054457718,0.0055062500,0.0064038750
2008-06-05,0.0019047887,0.0022361222,0.0032693960,0.0037996073,0.0042871643,0.0048196886,0.0049866827,0.0052184519,0.0058630333,0.0050890000,0.0062514000
2008-06-04,0.0019435353,0.0024086989,0.0031902636,0.0038342171,0.0043290207,0.0048705226,0.0050421350,0.0052230810,0.0055538910,0.0056250000,0.0063681000
2008-06-03,0.0017676667,0.0023238865,0.0031286377,0.0036936891,0.0041412473,0.0046273295,0.0047549727,0.0049820700,0.0052240000,0.0053042500,0.0060564000
2008-06-02,0.0017651130,0.0022251374,0.0030610451,0.0036350466,0.0040850986,0.0045759264,0.0047152183,0.0049287355,0.0052755500,0.0048880000,0.0057547500
2008-05-30,0.0016758481,0.0020296622,0.0028997783,0.0034299782,0.0038901537,0.0043982668,0.0045420754,0.0047338094,0.0049965250,0.0053740667,0.0055706667
2008-05-29,0.0016507500,0.0021575000,0.0029638750,0.0035516786,0.0040217793,0.0045404375,0.0046148838,0.0047960871,0.0052755000,0.0048173333,0.0056938000
2008-05-28,0.0016160000,0.0021440814,0.0029684019,0.0036015806,0.0039862558,0.0043993405,0.0045682332,0.0047001800,0.0049769815,0.0051614500,0.0054680000
2008-05-27,0.0017135000,0.0021532419,0.0031699854,0.0039240574,0.0043910763,0.0049001853,0.0050548572,0.0051596725,0.0055654852,0.0053792500,0.0062764000
2008-05-26,0.0016578000,0.0020935784,0.0030949646,0.0037452491,0.0041736416,0.0046388567,0.0047420651,0.0049354762,0.0055638000,0.0050204000,0.0057743000
2008-05-23,0.0015980000,0.0020896229,0.0031038956,0.0037554812,0.0041819140,0.0046451684,0.0047753984,0.0049796316,0.0055638000,0.0050625000,0.0057981250
2008-05-22,0.0015960000,0.0021273674,0.0028345652,0.0033625828,0.0037979649,0.0042795811,0.0044036889,0.0045846358,0.0048022523,0.0051210000,0.0053092500
2008-05-21,0.0014986000,0.0020101635,0.0025296111,0.0031161076,0.0035108362,0.0039467222,0.0041271041,0.0042586033,0.0043406859,0.0044052500,0.0043250000
2008-05-20,0.0014476667,0.0016918111,0.0024298900,0.0029947560,0.0033783371,0.0038030136,0.0039043041,0.0040654835,0.0042681049,0.0039472500,0.0045312500
2008-05-19,0.0011262500,0.0016324313,0.0022473889,0.0027039565,0.0031372934,0.0036328662,0.0037874656,0.0039346133,0.0037782697,0.0041500000,0.0040415289
2008-05-16,0.0010715000,0.0016401153,0.0022949375,0.0028030738,0.0032046104,0.0036568765,0.0037099732,0.0039337459,0.0042807713,0.0036360000,0.0042225678
2008-05-15,0.0018221100,0.0018347428,0.0026483349,0.0029613743,0.0033534483,0.0037908776,0.0039171828,0.0041389286,0.0050304000,0.0046000000,0.0043065678
2008-05-14,0.0018083500,0.0018769429,0.0025838667,0.0030445831,0.0034382925,0.0038767084,0.0040750921,0.0042316663,0.0048564000,0.0038270000,0.0044252458
2008-05-13,0.0018166667,0.0019536268,0.0027147637,0.0030807062,0.0034575187,0.0038747136,0.0040618969,0.0042316041,0.0039672987,0.0040246667,0.0044644122
2008-05-12,0.0018500000,0.0019029614,0.0027166003,0.0030820500,0.0034656493,0.0038917582,0.0040668060,0.0042277182,0.0040716667,0.0038905000,0.0045064122
2008-05-09,0.0018400281,0.0020120487,0.0026491940,0.0032124873,0.0035683819,0.0039588863,0.0041257604,0.0042888302,0.0047021750,0.0048260250,0.0044186425
2008-05-08,0.0013912500,0.0017426250,0.0024553500,0.0029481333,0.0033272348,0.0037510000,0.0038405385,0.0040091667,0.0040025000,0.0040990000,0.0041375000
2008-05-07,0.0014057500,0.0017399568,0.0023630556,0.0027768000,0.0031377874,0.0035422991,0.0036647276,0.0038245069,0.0038200097,0.0041618333,0.0045790000
2008-05-06,0.0014520000,0.0017802332,0.0024114980,0.0027536727,0.0031755001,0.0036588973,0.0038102606,0.0040285270,0.0042253322,0.0036500000,0.0042750000
2008-05-05,0.0013066667,0.0015511060,0.0021695662,0.0026013154,0.0029523712,0.0033484412,0.0035039425,0.0037258749,0.0034816267,0.0039000000,0.0037875000
2008-05-02,0.0013066667,0.0015735899,0.0021695662,0.0025945171,0.0029578945,0.0033702187,0.0035068567,0.0037135207,0.0034816267,0.0039000000,0.0037875000
2008-05-01,0.0014155000,0.0018440289,0.0024563102,0.0029618736,0.0033352060,0.0037539076,0.0038739989,0.0041492372,0.0040997309,0.0045400667,0.0046281667
2008-04-30,0.0014450000,0.0017526444,0.0024910216,0.0030494032,0.0034503263,0.0039027050,0.0040323846,0.0042508333,0.0044163333,0.0051748500,0.0048583333
2008-04-29,0.0014172000,0.0017812222,0.0023690909,0.0028801364,0.0033441930,0.0038822667,0.0040088333,0.0042681818,0.0040877500,0.0053474500,0.0045990000
2008-04-28,0.0013385667,0.0016860556,0.0023908678,0.0027763394,0.0031966287,0.0036802986,0.0037195271,0.0038797867,0.0038820000,0.0039638000,0.0041239000
2008-04-25,0.0013976667,0.0017364750,0.0020940000,0.0027556364,0.0033092512,0.0039743333,0.0040116085,0.0041318462,0.0040860000,0.0039963333,0.0043550000
2008-04-24,0.0016010000,0.0021792224,0.0030364051,0.0034285669,0.0038566142,0.0043389234,0.0044474299,0.0044930464,0.0045942877,0.0056838351,0.0051852456
2008-04-23,0.0015826667,0.0019748750,0.0027921538,0.0032752500,0.0037389925,0.0042697500,0.0044330000,0.0043664444,0.0045146667,0.0046431000,0.0048796000
2008-04-22,0.0016366667,0.0019588713,0.0029428907,0.0034387000,0.0038228197,0.0042517385,0.0044080336,0.0045020255,0.0045732070,0.0050519596,0.0047324561
2008-04-21,0.0018200000,0.0021224708,0.0030458032,0.0036066448,0.0040691022,0.0045934873,0.0047233333,0.0048242884,0.0048259787,0.0049000000,0.0053033333
2008-04-18,0.0018382322,0.0020592802,0.0032019218,0.0036075944,0.0041066861,0.0046781000,0.0048261429,0.0049609857,0.0048493604,0.0049333333,0.0050685965
2008-04-17,0.0019130000,0.0023829616,0.0032315336,0.0038710757,0.0043045412,0.0047905102,0.0048982206,0.0050407413,0.0047710656,0.0063821719,0.0051942050
2008-04-16,0.0019518000,0.0023620969,0.0033483313,0.0039294350,0.0044314224,0.0050023189,0.0051150374,0.0052355468,0.0052184108,0.0059681333,0.0054350567
2008-04-15,0.0020913333,0.0032439583,0.0042254692,0.0047666906,0.0053105227,0.0059228163,0.0060489167,0.0062525568,0.0062787519,0.0062986667,0.0057026316
2008-04-14,0.0028529787,0.0034972365,0.0047365778,0.0051992844,0.0057178827,0.0062958313,0.0064730334,0.0065468911,0.0065554186,0.0079515509,0.0076895550
2008-04-11,0.0026874089,0.0032795000,0.0044832143,0.0048390757,0.0053866140,0.0060041419,0.0061248000,0.0060954544,0.0060960465,0.0067631000,0.0061050877
2008-04-10,0.0026807254,0.0033092680,0.0045234095,0.0052928649,0.0057943742,0.0063527158,0.0063549209,0.0061930490,0.0064027756,0.0077426333,0.0087833510
2008-04-09,0.0022830000,0.0028518114,0.0042246892,0.0048208764,0.0053401218,0.0059247357,0.0060079669,0.0060617309,0.0061579920,0.0066914333,0.0059814375
2008-04-08,0.0021246250,0.0026725000,0.0038399270,0.0044723651,0.0049769985,0.0055481209,0.0056202533,0.0056351434,0.0058506587,0.0062599800,0.0067743457
2008-04-07,0.0019238750,0.0023918571,0.0034805074,0.0040929152,0.0044843753,0.0049223760,0.0051451446,0.0053420422,0.0055382004,0.0057856750,0.0063237500
2008-04-04,0.0021615000,0.0026207577,0.0037687060,0.0042300414,0.0048195256,0.0055020318,0.0058604302,0.0059238306,0.0059505338,0.0071131000,0.0063803333
2008-04-03,0.0027929063,0.0034033131,0.0043321283,0.0046134817,0.0053131935,0.0061319286,0.0062989091,0.0063207778,0.0063330000,0.0074927000,0.0065384558
2008-04-02,0.0033505072,0.0034853136,0.0042842475,0.0050478249,0.0056280642,0.0062890337,0.0064419205,0.0065109855,0.0077250000,0.0076218000,0.0070220609
2008-04-01,0.0032856250,0.0040464714,0.0053205997,0.0059088922,0.0064474223,0.0070516667,0.0074170000,0.0074795813,0.0076075000,0.0079768400,0.0083968750
2008-03-31,0.0034531250,0.0038971000,0.0058208607,0.0062812708,0.0071304399,0.0081145833,0.0078398182,0.0078977251,0.0082436667,0.0086050000,0.0083000000
2008-03-28,0.0033041220,0.0037909005,0.0046576250,0.0056569104,0.0064340966,0.0073372353,0.0073112727,0.0076010487,0.0074980000,0.0079895000,0.0098045000
2008-03-27,0.0033581952,0.0037215784,0.0047124656,0.0056472539,0.0063855457,0.0072402040,0.0073515000,0.0074335258,0.0075006667,0.0078656667,0.0073346276
2008-03-26,0.0032932312,0.0037186500,0.0048167778,0.0057510146,0.0064974233,0.0073618240,0.0073543217,0.0075133894,0.0075006667,0.0078707500,0.0073875450
2008-03-25,0.0031314510,0.0036125645,0.0046937285,0.0055387789,0.0062425368,0.0070568561,0.0070749967,0.0070221722,0.0075825000,0.0078610000,0.0064665762
2008-03-24,0.0050943848,0.0042884900,0.0055769352,0.0069294082,0.0078405678,0.0088993329,0.0089861992,0.0091141287,0.0090916667,0.0100081667,0.0094025844
2008-03-21,0.0050943848,0.0043170614,0.0056277093,0.0069475900,0.0078314203,0.0088564758,0.0089175793,0.0090891287,0.0090916667,0.0100081667,0.0094025844
2008-03-20,0.0050943848,0.0043170614,0.0056277093,0.0069475900,0.0078309200,0.0088564758,0.0089175793,0.0090891287,0.0090916667,0.0105133298,0.0094025844
2008-03-19,0.0051077458,0.0046050770,0.0069920363,0.0071235350,0.0078003180,0.0085714461,0.0087369299,0.0088498714,0.0086583333,0.0090055000,0.0086166667
2008-03-18,0.0052179176,0.0051617244,0.0076572442,0.0076925883,0.0084150515,0.0092389284,0.0095176903,0.0097091767,0.0107430000,0.0111256167,0.0127805000
2008-03-17,0.0051281842,0.0062394985,0.0081102778,0.0097837329,0.0108183927,0.0120076198,0.0119059304,0.0121771353,0.0119776667,0.0122950000,0.0118793638
2008-03-14,0.0051993113,0.0060299942,0.0085962860,0.0096441492,0.0105692561,0.0116283059,0.0114963041,0.0117670788,0.0117045000,0.0116030000,0.0113263142
2008-03-13,0.0051292717,0.0059321371,0.0080446082,0.0089602039,0.0097239272,0.0105952820,0.0108096724,0.0107128501,0.0097750000,0.0116419462,0.0146505867
2008-03-12,0.0051433333,0.0052562500,0.0071747500,0.0081957683,0.0088926207,0.0096888531,0.0096876923,0.0097423077,0.0099163333,0.0108398767,0.0096250000
2008-03-11,0.0046120712,0.0054242735,0.0077205022,0.0086136962,0.0093961656,0.0102936590,0.0104310581,0.0104836810,0.0109666667,0.0115683180,0.0133559633
2008-03-10,0.0058138476,0.0052233333,0.0075415678,0.0082921286,0.0090158007,0.0098459148,0.0097499231,0.0098443846,0.0097830000,0.0091971930,0.0099500000
2008-03-07,0.0059126562,0.0071024462,0.0072644472,0.0078483821,0.0085879309,0.0094398683,0.0092651369,0.0093518911,0.0089875000,0.0097663333,0.0121565500
2008-03-06,0.0039721261,0.0050431667,0.0058688781,0.0066771060,0.0074252750,0.0082958578,0.0084033646,0.0084783410,0.0085250000,0.0085812500,0.0117290500
2008-03-05,0.0038185479,0.0047215714,0.0060010217,0.0066408721,0.0071315296,0.0076952059,0.0078300233,0.0079549438,0.0083020744,0.0097655433,0.0112092055
2008-03-04,0.0038837814,0.0052943530,0.0060233676,0.0066166715,0.0071343826,0.0077305197,0.0078137515,0.0078551642,0.0077750000,0.0097654767,0.0111838962
2008-03-03,0.0038668020,0.0053179293,0.0061741450,0.0066006844,0.0071176470,0.0077139157,0.0078251450,0.0079791756,0.0078500000,0.0082323333,0.0114327712
2008-02-29,0.0035594000,0.0044241444,0.0055328591,0.0062820631,0.0068916839,0.0075996721,0.0076629168,0.0078379644,0.0077000000,0.0085715940,0.0099398200
2008-02-28,0.0034063333,0.0041828370,0.0046808258,0.0052604505,0.0059713137,0.0068142614,0.0069185262,0.0068788704,0.0072558547,0.0079557025,0.0088227400
2008-02-27,0.0029420000,0.0037300000,0.0043653583,0.0050290885,0.0056192822,0.0063129135,0.0063747458,0.0065043552,0.0068043333,0.0067876667,0.0076350000
2008-02-26,0.0037092317,0.0037076012,0.0046964970,0.0049223292,0.0054227919,0.0060074221,0.0062769242,0.0064860931,0.0068955000,0.0076192760,0.0082751020
2008-02-25,0.0042224554,0.0041247065,0.0049673663,0.0057021011,0.0061000535,0.0065629757,0.0067715483,0.0068119504,0.0072065000,0.0080634400,0.0079110000
2008-02-22,0.0036184353,0.0046415000,0.0052343087,0.0065175321,0.0070438856,0.0076571177,0.0077135624,0.0078473542,0.0078382444,0.0080178606,0.0108108100
2008-02-21,0.0035995442,0.0045158333,0.0051719411,0.0062112653,0.0067705713,0.0074242051,0.0076347687,0.0077837310,0.0074894289,0.0071458655,0.0097443025
2008-02-20,0.0037402833,0.0045674489,0.0052246248,0.0063800853,0.0071316022,0.0080201527,0.0080596720,0.0082107490,0.0078090137,0.0075663250,0.0095148948
2008-02-19,0.0036477466,0.0042827700,0.0049542458,0.0060096457,0.0066773505,0.0074653450,0.0075591040,0.0076416463,0.0075795745,0.0085323333,0.0113546269
2008-02-18,0.0033152200,0.0045870875,0.0050391596,0.0061599940,0.0066304949,0.0071822000,0.0072603333,0.0073413333,0.0073465088,0.0075800626,0.0094721900
2008-02-15,0.0033075250,0.0038606950,0.0047091742,0.0058118066,0.0063258740,0.0069299691,0.0069235531,0.0072289705,0.0062883562,0.0067000000,0.0105970200
2008-02-14,0.0032435322,0.0036687458,0.0044980251,0.0051045706,0.0056192872,0.0062267311,0.0063880760,0.0065730423,0.0066996667,0.0075427500,0.0076976236
2008-02-13,0.0036459050,0.0039381472,0.0051847156,0.0059366706,0.0063306146,0.0067961219,0.0069616071,0.0070587378,0.0069928475,0.0078926940,0.0079840000
2008-02-12,0.0024345000,0.0042239220,0.0055163099,0.0063921570,0.0069257411,0.0075553212,0.0076274240,0.0077674341,0.0076232632,0.0080532000,0.0102568693
2008-02-11,0.0040260800,0.0039840836,0.0051256116,0.0060175338,0.0065891601,0.0072654905,0.0072711335,0.0074535439,0.0074243808,0.0073534333,0.0099658067
2008-02-08,0.0041662453,0.0041710333,0.0052358225,0.0058225209,0.0062333947,0.0067207392,0.0068894034,0.0070161899,0.0071597150,0.0070803333,0.0100841415
2008-02-07,0.0038753433,0.0039252000,0.0050257143,0.0054876317,0.0058929520,0.0063740461,0.0065313636,0.0065982901,0.0066981579,0.0088660367,0.0094968739
2008-02-06,0.0037640075,0.0048946952,0.0050811984,0.0055930541,0.0059919621,0.0064666437,0.0066645306,0.0068523680,0.0090577000,0.0071566323,0.0094308760
2008-02-05,0.0035825000,0.0041112323,0.0048084837,0.0053115184,0.0058030391,0.0063875988,0.0064745005,0.0066358409,0.0065626667,0.0066376667,0.0093475932
2008-02-04,0.0018315000,0.0040917073,0.0045523160,0.0050523629,0.0054727566,0.0059733581,0.0061277000,0.0062836481,0.0063548596,0.0060090000,0.0087708550
2008-02-01,0.0018775000,0.0036844680,0.0045543402,0.0049224435,0.0054212745,0.0060169771,0.0061927300,0.0062918999,0.0060175000,0.0068345080,0.0070386045
2008-01-31,0.0019125987,0.0038318191,0.0044148614,0.0047767699,0.0053243475,0.0059815022,0.0061934375,0.0062113492,0.0065480000,0.0066170000,0.0068128876
2008-01-30,0.0027640000,0.0032321250,0.0039632078,0.0044279537,0.0048149133,0.0052776571,0.0053306714,0.0054480317,0.0057070000,0.0058886000,0.0062475872
2008-01-29,0.0028037368,0.0029066219,0.0037541685,0.0042721242,0.0046917337,0.0051945223,0.0052417493,0.0052486965,0.0053606316,0.0063631083,0.0062733130
2008-01-28,0.0026130000,0.0031864286,0.0039463466,0.0044543372,0.0048788444,0.0053880192,0.0055394162,0.0056727540,0.0056309678,0.0066226288,0.0061760260
2008-01-25,0.0024337500,0.0029329000,0.0038630013,0.0043163091,0.0046711856,0.0050977143,0.0051654885,0.0051659473,0.0055403333,0.0058388700,0.0060180000
2008-01-24,0.0015741512,0.0029272727,0.0037149377,0.0043220579,0.0047234636,0.0052061878,0.0051668178,0.0052436284,0.0054700000,0.0064774950,0.0070660054
2008-01-23,0.0037190000,0.0034030700,0.0041461035,0.0046729047,0.0051869488,0.0058074002,0.0056798031,0.0058550107,0.0061110877,0.0058560000,0.0068919220
2008-01-22,0.0017124525,0.0033085778,0.0041901427,0.0046354327,0.0050449316,0.0055388619,0.0057438030,0.0060556769,0.0057106667,0.0057785000,0.0081301722
2008-01-21,0.0030150000,0.0034365804,0.0044208105,0.0048990594,0.0053244860,0.0058384615,0.0059995650,0.0064485073,0.0050429867,0.0069416250,0.0083788625
2008-01-18,0.0024683333,0.0025646585,0.0034134428,0.0038313096,0.0042341611,0.0047217039,0.0047784149,0.0048995882,0.0056701000,0.0049568242,0.0066194700
2008-01-17,0.0020587500,0.0023646818,0.0029328379,0.0033550373,0.0037314945,0.0041882731,0.0044138169,0.0044978195,0.0047700000,0.0049420200,0.0054208733
2008-01-16,0.0019350000,0.0022691688,0.0026736453,0.0030027124,0.0033417797,0.0037537396,0.0038093746,0.0039517207,0.0041750000,0.0049549767,0.0055385200
2008-01-15,0.0017631953,0.0020230810,0.0023321716,0.0026256444,0.0029124598,0.0032610818,0.0034025529,0.0035717325,0.0039384667,0.0044971733,0.0041083333
2008-01-14,0.0019066667,0.0021429078,0.0026392053,0.0029559597,0.0032426634,0.0035911905,0.0037458322,0.0039510711,0.0040207018,0.0040504739,0.0042500000
2008-01-11,0.0016394000,0.0020415800,0.0024336365,0.0027805399,0.0031367179,0.0035728147,0.0036972103,0.0038777020,0.0040725000,0.0041090750,0.0043486883
2008-01-10,0.0018318750,0.0020815988,0.0024847085,0.0029517374,0.0032247142,0.0035575330,0.0037596585,0.0037715986,0.0039073333,0.0039670850,0.0044485367
2008-01-09,0.0017950000,0.0020746351,0.0024360327,0.0027625056,0.0031120923,0.0035408007,0.0037124203,0.0038743033,0.0046059500,0.0037001388,0.0040812605
2008-01-08,0.0016066667,0.0018425038,0.0022653779,0.0026324398,0.0029080976,0.0032450000,0.0033722283,0.0034875000,0.0034280000,0.0044870667,0.0038699139
2008-01-07,0.0012240825,0.0017865733,0.0021202321,0.0024959957,0.0028764878,0.0033488209,0.0034836268,0.0036143924,0.0044564000,0.0035208911,0.0041294933
2008-01-04,0.0016000000,0.0016402143,0.0020880000,0.0024796667,0.0026398632,0.0028394597,0.0032219777,0.0033972943,0.0032577350,0.0034500000,0.0039277204
2008-01-03,0.0012500000,0.0013620123,0.0018438036,0.0022191015,0.0024836892,0.0028089176,0.0030512149,0.0031228178,0.0036417500,0.0041129042,0.0037265314
2008-01-02,0.0013250000,0.0013770625,0.0017792594,0.0020697207,0.0023280429,0.0026463505,0.0026724058,0.0028286199,0.0033087316,0.0040938468,0.0036311000
2008-01-01,0.0013125000,0.0013785000,0.0017893417,0.0020675295,0.0022946730,0.0025740830,0.0026940584,0.0028365000,0.0033087316,0.0040875311,0.0036311000
2007-12-31,0.0013125000,0.0013785000,0.0017893417,0.0020675295,0.0022945264,0.0025740830,0.0026940584,0.0028365000,0.0031441500,0.0041127942,0.0035311000
2007-12-28,0.0012875000,0.0013820625,0.0018067594,0.0021110398,0.0023399175,0.0026220941,0.0028027514,0.0029145805,0.0033087316,0.0038702250,0.0034811000
2007-12-27,0.0011875000,0.0012915539,0.0018446318,0.0021733816,0.0024482409,0.0027885051,0.0029107787,0.0030531748,0.0034915000,0.0040989667,0.0041241667
2007-12-26,0.0011166607,0.0013453956,0.0017694037,0.0021700543,0.0024593819,0.0028186164,0.0029607787,0.0030833997,0.0032000000,0.0042235000,0.0036121177
2007-12-25,0.0010216301,0.0013635539,0.0017694037,0.0021700543,0.0024592248,0.0028186164,0.0029564208,0.0030833997,0.0032000000,0.0030940000,0.0036121177
2007-12-24,0.0010216301,0.0013584712,0.0017809175,0.0021700543,0.0024674771,0.0028212317,0.0029557787,0.0030833997,0.0039375000,0.0041967193,0.0036262120
2007-12-21,0.0009551822,0.0013518016,0.0017952138,0.0022163908,0.0024883732,0.0028159949,0.0029244433,0.0031230443,0.0032500000,0.0030578757,0.0036121177
2007-12-20,0.0009706349,0.0012656895,0.0015808595,0.0020600929,0.0023651043,0.0027435007,0.0028924848,0.0031046688,0.0036041000,0.0030926934,0.0039143843
2007-12-19,0.0009963333,0.0013032857,0.0016277600,0.0019514868,0.0022905605,0.0027230355,0.0028797568,0.0030439996,0.0036061000,0.0039133667,0.0039845130
2007-12-18,0.0010449880,0.0013112477,0.0017959348,0.0019368785,0.0022389893,0.0026277322,0.0028886218,0.0030915257,0.0036743298,0.0039133667,0.0041485526
2007-12-17,0.0010626100,0.0013028715,0.0015047163,0.0020207278,0.0022687952,0.0025924257,0.0028154524,0.0030611708,0.0036578316,0.0032014055,0.0039687140
2007-12-14,0.0010501467,0.0011799449,0.0014727077,0.0018347394,0.0021488796,0.0025675412,0.0028226342,0.0029042718,0.0030093333,0.0031187138,0.0036977748
2007-12-13,0.0008875000,0.0013804613,0.0017580304,0.0021130270,0.0023553747,0.0026848912,0.0028098708,0.0031582462,0.0031138333,0.0034355021,0.0036985500
2007-12-12,0.0009377660,0.0015360810,0.0017672773,0.0021412514,0.0024840623,0.0029540180,0.0032051205,0.0035276531,0.0032582000,0.0031350861,0.0040875744
2007-12-11,0.0010302948,0.0016749182,0.0020440223,0.0024547744,0.0027267594,0.0031123035,0.0033633660,0.0037313306,0.0030850188,0.0043685000,0.0044367333
2007-12-10,0.0019600000,0.0016331066,0.0022021033,0.0025897963,0.0029336434,0.0032768237,0.0033770696,0.0037090298,0.0043547000,0.0043322316,0.0039419602
2007-12-07,0.0020138042,0.0020987567,0.0025416129,0.0027529320,0.0031352664,0.0035276342,0.0037504461,0.0038928385,0.0038084000,0.0043818500,0.0047188782
2007-12-06,0.0020250722,0.0021463348,0.0024600448,0.0028800154,0.0032507918,0.0036319489,0.0037923514,0.0040971574,0.0042530825,0.0048119268,0.0049774449
2007-12-05,0.0011027258,0.0020938245,0.0024628953,0.0028180549,0.0032443782,0.0037042117,0.0038815929,0.0042540651,0.0047870667,0.0047917500,0.0053084000
2007-12-04,0.0010788213,0.0015984676,0.0024035270,0.0027617074,0.0031701904,0.0036157753,0.0038443582,0.0042136541,0.0046869667,0.0048523250,0.0053084000
2007-12-03,0.0009217917,0.0017232091,0.0022715064,0.0026547048,0.0029983185,0.0033711167,0.0036120848,0.0039474565,0.0045084579,0.0045368734,0.0050058500
2007-11-30,0.0009217917,0.0017562903,0.0019818783,0.0026165531,0.0030380804,0.0033739189,0.0036549351,0.0039488168,0.0044354000,0.0046465702,0.0050444980
2007-11-29,0.0008719929,0.0021913046,0.0025758361,0.0027932308,0.0032209930,0.0035534002,0.0036635193,0.0039972388,0.0046151000,0.0048922440,0.0051694980
2007-11-28,0.0011910547,0.0014700626,0.0027194912,0.0031080284,0.0035136255,0.0038010454,0.0040788461,0.0043877673,0.0048787667,0.0051705300,0.0054812480
2007-11-27,0.0013959742,0.0020536000,0.0028126189,0.0032176864,0.0037110487,0.0040966834,0.0043994452,0.0047853449,0.0055083684,0.0054314734,0.0055757370
2007-11-26,0.0014312500,0.0020376625,0.0025763333,0.0030369233,0.0036047318,0.0040963835,0.0043798450,0.0046733108,0.0060375000,0.0057528840,0.0064186971
2007-11-23,0.0019175000,0.0021453901,0.0031170353,0.0037326071,0.0042278522,0.0045858682,0.0048183238,0.0050258434,0.0061300000,0.0058648067,0.0063546121
2007-11-22,0.0018937500,0.0023027728,0.0035542065,0.0040014541,0.0044346951,0.0047077095,0.0051198231,0.0051933700,0.0058960526,0.0059690000,0.0064327000
2007-11-21,0.0016250000,0.0021222478,0.0028154444,0.0036671700,0.0041954533,0.0045986719,0.0048565427,0.0051489167,0.0057950000,0.0057171850,0.0062643000
2007-11-20,0.0011057987,0.0021093895,0.0030029789,0.0034706349,0.0040448139,0.0045175145,0.0047119855,0.0051363036,0.0055125000,0.0057224734,0.0061149321
2007-11-19,0.0015666667,0.0020742000,0.0029228607,0.0033496250,0.0039087248,0.0043721103,0.0048317595,0.0051047229,0.0052125000,0.0053200996,0.0064807011
2007-11-16,0.0015500000,0.0026224631,0.0029205556,0.0033262555,0.0038951512,0.0043733665,0.0046774163,0.0050616846,0.0053028550,0.0056981740,0.0063584846
2007-11-15,0.0010242933,0.0023500000,0.0028285714,0.0031764370,0.0037514471,0.0042489924,0.0045269295,0.0048445191,0.0066955000,0.0054724185,0.0066179383
2007-11-14,0.0009847443,0.0016369129,0.0027977375,0.0031307139,0.0036809352,0.0041515209,0.0044390334,0.0048863162,0.0053613158,0.0052410395,0.0056038080
2007-11-13,0.0013242094,0.0016904301,0.0029338334,0.0032356815,0.0038210670,0.0043295577,0.0046828778,0.0049275357,0.0053606140,0.0054823333,0.0062889917
2007-11-12,0.0013334531,0.0017732048,0.0029790000,0.0033661667,0.0039682059,0.0044895053,0.0048512420,0.0052388366,0.0053602632,0.0054056519,0.0064659820
2007-11-09,0.0011201256,0.0017064938,0.0020795564,0.0028500520,0.0035711775,0.0042955770,0.0045469501,0.0049507701,0.0050230101,0.0055305290,0.0061310906
2007-11-08,0.0008266667,0.0016826667,0.0021058629,0.0028688075,0.0034778037,0.0040482364,0.0042402194,0.0047753834,0.0049530733,0.0050143222,0.0056332498
2007-11-07,0.0008100000,0.0015103746,0.0019745360,0.0029441476,0.0034819702,0.0039550627,0.0043133623,0.0046529867,0.0048827225,0.0048539012,0.0051028500
2007-11-06,0.0011809189,0.0014707230,0.0020618857,0.0028113090,0.0033885855,0.0039237099,0.0042406587,0.0047025338,0.0046084678,0.0049158264,0.0053832498
2007-11-05,0.0011108285,0.0015705528,0.0021908539,0.0029339759,0.0035345908,0.0040916270,0.0045344958,0.0049649371,0.0062110000,0.0052623409,0.0061414413
2007-11-02,0.0009504411,0.0015706900,0.0020757608,0.0027932059,0.0034122553,0.0040064534,0.0045393753,0.0049012332,0.0051885426,0.0053955217,0.0058971309
2007-11-01,0.0011878597,0.0013592817,0.0017430836,0.0022928859,0.0029200966,0.0035751783,0.0038589272,0.0043611419,0.0037584600,0.0048274925,0.0052747746
2007-10-31,0.0009000000,0.0011078308,0.0014250000,0.0018761385,0.0023177721,0.0027533916,0.0031539429,0.0035167172,0.0037302542,0.0038045724,0.0041997746
2007-10-30,0.0007727398,0.0010677278,0.0014387765,0.0019375178,0.0023187118,0.0026689782,0.0029965783,0.0034236989,0.0036371489,0.0037132727,0.0043915246
2007-10-29,0.0007457620,0.0008975928,0.0012855294,0.0017382802,0.0021372772,0.0025281612,0.0029183025,0.0032200611,0.0035045833,0.0036259742,0.0040500000
2007-10-26,0.0005381818,0.0008981754,0.0013829428,0.0017657311,0.0021403243,0.0024965669,0.0028477588,0.0031822000,0.0035045833,0.0036679656,0.0040281291
2007-10-25,0.0005093608,0.0009591616,0.0013610284,0.0016997398,0.0020563049,0.0023944561,0.0027160718,0.0030857522,0.0034000000,0.0035315682,0.0039015846
2007-10-24,0.0005233333,0.0009285435,0.0012832271,0.0016272898,0.0019490963,0.0022476139,0.0025258311,0.0029338333,0.0030000000,0.0034300000,0.0048675403
2007-10-23,0.0005584545,0.0008508286,0.0012203208,0.0015704677,0.0019126059,0.0022430953,0.0025328944,0.0031158589,0.0036352550,0.0037934561,0.0045823825
2007-10-22,0.0006451818,0.0010450000,0.0013747673,0.0016304149,0.0020717504,0.0025357601,0.0028248721,0.0032343822,0.0035333333,0.0033723411,0.0045216347
2007-10-19,0.0007094574,0.0010640033,0.0011422593,0.0015121212,0.0019450459,0.0024105175,0.0027085368,0.0029534829,0.0031927750,0.0034711250,0.0038583333
2007-10-18,0.0004402045,0.0007846029,0.0012302502,0.0014666507,0.0018531043,0.0022563992,0.0025127718,0.0029789289,0.0030268421,0.0032300000,0.0046805121
2007-10-17,0.0004047500,0.0007819893,0.0010781340,0.0013755341,0.0016708846,0.0019564563,0.0022898660,0.0027827784,0.0030211237,0.0032440775,0.0041631316
2007-10-16,0.0004400000,0.0007291429,0.0010278571,0.0012988102,0.0015815255,0.0018567825,0.0021515828,0.0025366264,0.0027425424,0.0027811233,0.0028475500
2007-10-15,0.0004031949,0.0006142857,0.0009750000,0.0012327618,0.0014937020,0.0017454556,0.0020290585,0.0024173702,0.0027000000,0.0029525277,0.0027375000
2007-10-12,0.0003944728,0.0005833333,0.0009209790,0.0012188253,0.0014680372,0.0017056833,0.0019982751,0.0023709811,0.0026000000,0.0030633333,0.0030250000
2007-10-11,0.0004717307,0.0006479619,0.0009745455,0.0012616034,0.0015222569,0.0017722481,0.0019984708,0.0024371429,0.0029880000,0.0029814000,0.0030007500
2007-10-10,0.0004721207,0.0006656599,0.0009037878,0.0012113818,0.0014919794,0.0017734615,0.0020907824,0.0024819043,0.0027331840,0.0028542500,0.0030834500
2007-10-09,0.0004644766,0.0006619699,0.0009352122,0.0012164769,0.0014899379,0.0017616327,0.0021227366,0.0025543178,0.0026811840,0.0031495714,0.0033711749
2007-10-08,0.0005460000,0.0007567222,0.0010555556,0.0013981971,0.0017202845,0.0020437172,0.0023931777,0.0028282423,0.0032835789,0.0038922709,0.0042205321
2007-10-05,0.0005670000,0.0008282358,0.0010850833,0.0014532895,0.0017809339,0.0021078407,0.0024210640,0.0028530000,0.0031000000,0.0041077997,0.0044784418
2007-10-04,0.0005670000,0.0008049830,0.0010917143,0.0014835053,0.0018252768,0.0021695438,0.0024802294,0.0028230525,0.0030666667,0.0041465453,0.0035431500
2007-10-03,0.0006085000,0.0008665150,0.0012476667,0.0015659480,0.0019252953,0.0022873002,0.0026182106,0.0030601968,0.0033059644,0.0034007500,0.0037464996
2007-10-02,0.0006298320,0.0009371982,0.0012630000,0.0015749836,0.0019315851,0.0022896185,0.0026250352,0.0030419084,0.0033392978,0.0034869378,0.0041104215
2007-10-01,0.0005895030,0.0008711806,0.0011078619,0.0015705492,0.0019437616,0.0023256890,0.0026164794,0.0030621178,0.0033850189,0.0031898725,0.0043822772
2007-09-28,0.0005796024,0.0008625179,0.0010900342,0.0015540096,0.0018937578,0.0022316091,0.0025339916,0.0029793247,0.0029428163,0.0033967800,0.0040600398
2007-09-27,0.0005300000,0.0008526223,0.0011430119,0.0014946139,0.0018200665,0.0021437500,0.0024732433,0.0029492458,0.0034298947,0.0025986500,0.0041939779
2007-09-26,0.0005050000,0.0008021783,0.0011416982,0.0015060241,0.0018053738,0.0020938073,0.0024102454,0.0028276725,0.0032449123,0.0029000000,0.0044117397
2007-09-25,0.0005444000,0.0008135035,0.0011547979,0.0015415117,0.0018094588,0.0020553731,0.0023494350,0.0028295767,0.0030666667,0.0031500000,0.0042315229
2007-09-24,0.0005811478,0.0007428523,0.0010490355,0.0013568570,0.0016921312,0.0020425833,0.0023953242,0.0027622807,0.0033860000,0.0033657429,0.0040467900
2007-09-21,0.0005878637,0.0007777726,0.0010672267,0.0014166615,0.0017480853,0.0020883855,0.0024131976,0.0029812856,0.0030541575,0.0037000000,0.0036996294
2007-09-20,0.0006318600,0.0008350988,0.0013012271,0.0017952041,0.0021520513,0.0024983232,0.0028332856,0.0032574278,0.0033466134,0.0036333333,0.0041669666
2007-09-19,0.0006906661,0.0010061539,0.0013310592,0.0019284000,0.0023307558,0.0027287224,0.0031087151,0.0035241187,0.0036250000,0.0040332461,0.0044165569
2007-09-18,0.0006596044,0.0010665918,0.0014411775,0.0019558865,0.0024444850,0.0029600549,0.0033332867,0.0038565671,0.0040125755,0.0043717523,0.0045892952
2007-09-17,0.0009990966,0.0012794730,0.0016906830,0.0022555447,0.0027212065,0.0031816026,0.0035994311,0.0040315034,0.0044565599,0.0044094468,0.0050439126
2007-09-14,0.0008540000,0.0013068938,0.0017142644,0.0022757541,0.0027686447,0.0032650453,0.0036235515,0.0041126238,0.0042672883,0.0043457163,0.0050618062
2007-09-13,0.0008753650,0.0013621962,0.0017479142,0.0023203869,0.0028616958,0.0034219396,0.0037365597,0.0041809913,0.0045835088,0.0046999127,0.0050002999
2007-09-12,0.0009230675,0.0014717940,0.0017563557,0.0023771448,0.0029251217,0.0034907904,0.0038938731,0.0042985419,0.0046607824,0.0047503596,0.0050598318
2007-09-11,0.0009641310,0.0014000000,0.0019771429,0.0025535000,0.0030622930,0.0035625000,0.0038662000,0.0043850401,0.0045872177,0.0046536091,0.0051808000
2007-09-10,0.0011580702,0.0015314587,0.0021192994,0.0024474946,0.0030339613,0.0036492305,0.0040019970,0.0044602379,0.0046333333,0.0048665794,0.0053218043
2007-09-07,0.0011875000,0.0013271929,0.0018403333,0.0022263521,0.0027634206,0.0033289619,0.0037093379,0.0040938013,0.0044666667,0.0043980000,0.0048891263
2007-09-06,0.0011389642,0.0012351083,0.0017910828,0.0022561429,0.0027185646,0.0031800000,0.0035129691,0.0039255790,0.0041383375,0.0043443572,0.0049150020
2007-09-05,0.0011726484,0.0012403900,0.0017299067,0.0021374791,0.0026149087,0.0031062136,0.0034683105,0.0039083640,0.0040344500,0.0042665794,0.0049344444
2007-09-04,0.0012000000,0.0013600000,0.0017505417,0.0022435354,0.0027009263,0.0031580455,0.0034619750,0.0039756663,0.0039513994,0.0060750500,0.0051666500
2007-09-03,0.0012125000,0.0011912283,0.0017251396,0.0022181661,0.0026802153,0.0031461314,0.0034760542,0.0039603889,0.0040115550,0.0039696168,0.0046945214
2007-08-31,0.0012375000,0.0011912283,0.0017251396,0.0022701250,0.0027149505,0.0031550869,0.0034845333,0.0039676616,0.0039684234,0.0040140311,0.0047759361
2007-08-30,0.0007833333,0.0012486228,0.0016152278,0.0021024947,0.0026134480,0.0031574450,0.0034800500,0.0039186583,0.0040511167,0.0042806978,0.0046870619
2007-08-29,0.0008035000,0.0011387511,0.0015913600,0.0019373710,0.0024718797,0.0030661299,0.0033872678,0.0038555402,0.0045250000,0.0041667092,0.0054125000
2007-08-28,0.0007785000,0.0010775714,0.0015455504,0.0020245706,0.0024683828,0.0029264864,0.0032826549,0.0036914156,0.0042000000,0.0044824369,0.0044337000
2007-08-27,0.0007022533,0.0009880625,0.0014913810,0.0019617261,0.0024158112,0.0028936618,0.0032685488,0.0036363198,0.0037036825,0.0036999067,0.0042787696
2007-08-24,0.0007272533,0.0009880625,0.0014913810,0.0020527029,0.0024760494,0.0029057508,0.0032626665,0.0036363198,0.0037036825,0.0037999254,0.0042787696
2007-08-23,0.0007522533,0.0010384500,0.0015362083,0.0019538987,0.0024061365,0.0028834344,0.0032459187,0.0035898764,0.0039341392,0.0036998756,0.0042290833
2007-08-22,0.0007632613,0.0012216567,0.0018619178,0.0023017604,0.0027124385,0.0031112649,0.0033733175,0.0040044255,0.0048422500,0.0049465690,0.0057862965
2007-08-21,0.0007632613,0.0013233333,0.0017240705,0.0022698776,0.0027711062,0.0032937217,0.0036471792,0.0041071227,0.0043527106,0.0042591800,0.0046216111
2007-08-20,0.0009312156,0.0014267071,0.0017016883,0.0023645933,0.0028531782,0.0033526642,0.0036997038,0.0042522800,0.0043826500,0.0047374238,0.0046966667
2007-08-17,0.0009755000,0.0015149643,0.0019890250,0.0025284250,0.0030660168,0.0036215411,0.0040341620,0.0045118484,0.0057940526,0.0044315833,0.0047546152
2007-08-16,0.0008686675,0.0016455375,0.0022020600,0.0029659167,0.0034597369,0.0039321254,0.0044404507,0.0050214493,0.0053406678,0.0054062891,0.0050571667
2007-08-15,0.0010431747,0.0012619750,0.0017351800,0.0021458500,0.0027236953,0.0033691750,0.0037394915,0.0041824190,0.0042203276,0.0041136842,0.0051512281
2007-08-14,0.0008224216,0.0011026000,0.0016433542,0.0021441207,0.0026400520,0.0031687451,0.0034779818,0.0040709091,0.0042125000,0.0040419986,0.0040205839
2007-08-13,0.0007395567,0.0009694860,0.0014963140,0.0019696670,0.0024964201,0.0030850333,0.0035585780,0.0040123912,0.0041738835,0.0038225000,0.0040557500
2007-08-10,0.0007166667,0.0009426146,0.0013287402,0.0018120022,0.0022157367,0.0026424125,0.0030333696,0.0035150044,0.0035982902,0.0037269039,0.0051466386
2007-08-09,0.0005327516,0.0009514680,0.0012081780,0.0015203889,0.0019251877,0.0023780458,0.0027165680,0.0031354986,0.0040023640,0.0032633333,0.0052171982
2007-08-08,0.0002562346,0.0006213834,0.0010542104,0.0013940822,0.0017061049,0.0020373120,0.0024244189,0.0029049174,0.0035010000,0.0032748476,0.0033421000
2007-08-07,0.0002066964,0.0006806238,0.0012179167,0.0015668863,0.0019506207,0.0023700000,0.0027925600,0.0030652300,0.0041507368,0.0047715614,0.0037749167
2007-08-06,0.0002400000,0.0010730944,0.0012983571,0.0018175457,0.0023286795,0.0029125944,0.0032719643,0.0036917465,0.0043410250,0.0051322444,0.0057105500
2007-08-03,0.0002300000,0.0009416667,0.0013454000,0.0017386771,0.0022221546,0.0027732000,0.0029637143,0.0033555000,0.0052158333,0.0036449067,0.0038907752
2007-08-02,0.0002225000,0.0010014916,0.0012534400,0.0016654786,0.0021140155,0.0026208045,0.0030077027,0.0035036200,0.0052158333,0.0035955527,0.0037765833
2007-08-01,0.0007897413,0.0009535095,0.0013815436,0.0017459605,0.0022361409,0.0027978662,0.0032229622,0.0036020079,0.0044414117,0.0043803122,0.0050524000
2007-07-31,0.0007815413,0.0009405615,0.0013553990,0.0019024181,0.0022761057,0.0026610170,0.0029482058,0.0034884567,0.0048674475,0.0053540313,0.0041127333
2007-07-30,0.0007250000,0.0009025000,0.0014937500,0.0022292235,0.0026639571,0.0031115394,0.0036908965,0.0041428582,0.0049652363,0.0041657358,0.0046976833
2007-07-27,0.0007635042,0.0009456279,0.0014959686,0.0019642915,0.0024450306,0.0029753830,0.0036081025,0.0041378900,0.0049652363,0.0056442937,0.0049701000
2007-07-26,0.0006712807,0.0007539781,0.0010719604,0.0013390023,0.0014602223,0.0015571933,0.0019208472,0.0024184871,0.0030693400,0.0029871767,0.0036836744
2007-07-25,0.0005114742,0.0005831596,0.0008085093,0.0010575349,0.0013073405,0.0015807906,0.0019154958,0.0023240072,0.0029482116,0.0025563217,0.0027198167
2007-07-24,0.0005062989,0.0005622577,0.0007858846,0.0010473656,0.0013003360,0.0015794658,0.0018141774,0.0023132764,0.0025872088,0.0025563217,0.0027555667
2007-07-23,0.0004788772,0.0006497878,0.0008462363,0.0010464400,0.0012869018,0.0015487438,0.0018599063,0.0022683650,0.0024615333,0.0024904833,0.0027946833
2007-07-20,0.0003540178,0.0004507562,0.0005811988,0.0007711251,0.0009667186,0.0011862714,0.0014250377,0.0020283188,0.0020623289,0.0020435924,0.0023470288
2007-07-19,0.0003073333,0.0004239760,0.0005776408,0.0007233413,0.0008824785,0.0010540944,0.0013105382,0.0016888747,0.0019986493,0.0018574316,0.0022555667
2007-07-18,0.0003359825,0.0003925300,0.0005418120,0.0007037447,0.0008573685,0.0010229164,0.0012648557,0.0016023184,0.0018133033,0.0017475000,0.0021300000
2007-07-17,0.0003000000,0.0003710435,0.0004616914,0.0005970960,0.0007365746,0.0008900519,0.0011119396,0.0014787984,0.0016480689,0.0017831944,0.0035860211
2007-07-16,0.0002990000,0.0003681681,0.0004658667,0.0005878062,0.0007349015,0.0009002346,0.0011196612,0.0014660695,0.0016586813,0.0019607878,0.0035245614
2007-07-13,0.0002990000,0.0003523913,0.0004724667,0.0005974364,0.0007398101,0.0008978136,0.0011337401,0.0014623894,0.0019643333,0.0025171053,0.0035000000
2007-07-12,0.0002986667,0.0003589988,0.0004814430,0.0006136029,0.0007581813,0.0009183364,0.0011493966,0.0014692551,0.0018976667,0.0016333333,0.0020083500
2007-07-11,0.0001781165,0.0003515100,0.0004780990,0.0006144378,0.0007654383,0.0009349561,0.0011662012,0.0014764789,0.0015971111,0.0015823243,0.0021166667
2007-07-10,0.0001566667,0.0002854556,0.0004188512,0.0005441875,0.0006788882,0.0008306201,0.0010637250,0.0013191286,0.0015444980,0.0015454299,0.0032972000
2007-07-09,0.0001566667,0.0002715061,0.0004020389,0.0005156900,0.0006472981,0.0007970401,0.0010055059,0.0013053583,0.0014942047,0.0015491351,0.0031944000
2007-07-06,0.0001566667,0.0002835044,0.0003959588,0.0005156900,0.0006472193,0.0007970401,0.0010055059,0.0013225118,0.0014942047,0.0015600825,0.0031887719
2007-07-05,0.0001566667,0.0002843863,0.0003980651,0.0005165239,0.0006503306,0.0008036180,0.0010142975,0.0013518530,0.0015245225,0.0015926411,0.0030000000
2007-07-04,0.0001566667,0.0002739066,0.0003968557,0.0005172530,0.0006507039,0.0008036022,0.0010052832,0.0013233385,0.0015496317,0.0015902944,0.0019548135
2007-07-03,0.0001600000,0.0002741369,0.0004115154,0.0005265121,0.0006591025,0.0008101785,0.0010130903,0.0013210692,0.0015294933,0.0015902944,0.0018428470
2007-07-02,0.0001827804,0.0002958042,0.0004265825,0.0005402675,0.0006736623,0.0008250200,0.0010308553,0.0013183136,0.0015359667,0.0016000000,0.0019337500
2007-06-29,0.0002000000,0.0003057257,0.0004183898,0.0005221724,0.0006520857,0.0008000000,0.0009945271,0.0012939422,0.0016236667,0.0015975000,0.0019337500
2007-06-28,0.0001886762,0.0002900350,0.0004134606,0.0005105584,0.0006337733,0.0007730769,0.0009530183,0.0012596178,0.0015321279,0.0016735558,0.0019675000
2007-06-27,0.0001774612,0.0002743267,0.0003871350,0.0005048641,0.0006272174,0.0007658921,0.0009659750,0.0012570944,0.0016264094,0.0015883500,0.0032561404
2007-06-26,0.0001594379,0.0002478492,0.0003624250,0.0004810292,0.0005993211,0.0007341071,0.0008982813,0.0012181818,0.0013764500,0.0015466667,0.0031000000
2007-06-25,0.0001369612,0.0002141040,0.0003375823,0.0004289908,0.0005321652,0.0006491759,0.0008403660,0.0011874892,0.0015833333,0.0014375000,0.0022499833
2007-06-22,0.0001326391,0.0002085115,0.0003030648,0.0004012483,0.0004949285,0.0006004750,0.0007984393,0.0011168228,0.0015333333,0.0013337925,0.0023333333
2007-06-21,0.0001397359,0.0002209011,0.0003109375,0.0004012019,0.0004905219,0.0005900417,0.0007846087,0.0010454056,0.0013500000,0.0013639067,0.0019225833
2007-06-20,0.0001306863,0.0002077549,0.0002996278,0.0003924351,0.0004845187,0.0005886917,0.0007742450,0.0010350056,0.0015166667,0.0013320015,0.0018784833
2007-06-19,0.0001240773,0.0001983558,0.0002841422,0.0003779474,0.0004749517,0.0005875000,0.0007728314,0.0010352994,0.0013007990,0.0013962517,0.0018903333
2007-06-18,0.0001181328,0.0001899128,0.0002790346,0.0003843920,0.0004755101,0.0005791500,0.0007821350,0.0010484637,0.0012853383,0.0013320015,0.0019140167
2007-06-15,0.0001164085,0.0001881913,0.0002735915,0.0003639351,0.0004618773,0.0005772727,0.0007616167,0.0010403993,0.0012686717,0.0013962517,0.0018946833
2007-06-14,0.0001157586,0.0001881913,0.0002735460,0.0003605928,0.0004547426,0.0005649000,0.0007615258,0.0010544850,0.0013004481,0.0013416706,0.0019226833
2007-06-13,0.0001160089,0.0001896570,0.0002712778,0.0003516421,0.0004490006,0.0005648800,0.0007501621,0.0010401707,0.0013004481,0.0013526853,0.0018787167
2007-06-12,0.0001143806,0.0001880448,0.0002690915,0.0003431834,0.0004375030,0.0005496733,0.0007397539,0.0010294564,0.0012520050,0.0013962517,0.0018240500
2007-06-11,0.0001040593,0.0001720367,0.0002647306,0.0003431834,0.0004356164,0.0005450755,0.0007488267,0.0010294279,0.0012686717,0.0013962517,0.0018481333
2007-06-08,0.0000966308,0.0001606523,0.0002629543,0.0003583370,0.0004450758,0.0005450755,0.0007545895,0.0010150994,0.0012958867,0.0013093190,0.0018432000
2007-06-07,0.0001042322,0.0001742628,0.0002654336,0.0003635971,0.0004492730,0.0005475027,0.0007502485,0.0010522409,0.0012958867,0.0013235805,0.0018296000
2007-06-06,0.0001036503,0.0001742628,0.0002654336,0.0003545062,0.0004398690,0.0005384118,0.0007302485,0.0010300187,0.0012292200,0.0013712517,0.0017591523
2007-06-05,0.0001030716,0.0001742628,0.0002675073,0.0003716646,0.0004581379,0.0005572353,0.0007503101,0.0010604035,0.0013369756,0.0016357130,0.0018579167
2007-06-04,0.0001108632,0.0001884883,0.0002789063,0.0003798286,0.0004713231,0.0005772353,0.0007512291,0.0010604035,0.0013147533,0.0014666667,0.0017824814
2007-06-01,0.0001065491,0.0001821704,0.0002747797,0.0003885402,0.0004766395,0.0005772353,0.0007702181,0.0010705221,0.0013480867,0.0014624646,0.0018282414
2007-05-31,0.0001100328,0.0001891827,0.0002789063,0.0003884992,0.0004839208,0.0005952139,0.0007737681,0.0010829021,0.0013860650,0.0014719298,0.0018452744
2007-05-30,0.0001158279,0.0002002644,0.0002889063,0.0003801658,0.0004786443,0.0005952139,0.0007626570,0.0010811453,0.0013860650,0.0015000000,0.0018166667
2007-05-29,0.0001146446,0.0001993313,0.0002880948,0.0003874500,0.0004855923,0.0006012484,0.0007763913,0.0010939788,0.0013969020,0.0017770716,0.0020420443
2007-05-28,0.0001140046,0.0001993313,0.0002880948,0.0003783591,0.0004798032,0.0006012484,0.0007663913,0.0010839788,0.0014050079,0.0017665433,0.0019260200
2007-05-25,0.0001133681,0.0001993313,0.0002880948,0.0003783591,0.0004797448,0.0006012484,0.0007663913,0.0010854353,0.0014050079,0.0017665433,0.0018274144
2007-05-24,0.0001127352,0.0001993313,0.0002880948,0.0003874500,0.0004854150,0.0006012484,0.0007763913,0.0010937888,0.0013374583,0.0017706624,0.0017379000
2007-05-23,0.0001064441,0.0001892644,0.0002790039,0.0003874500,0.0004853559,0.0006012484,0.0007763913,0.0010937488,0.0013707833,0.0017386920,0.0017379000
2007-05-22,0.0001058499,0.0001892644,0.0002790039,0.0003874500,0.0004852969,0.0006012484,0.0007763913,0.0010965898,0.0014050079,0.0017386920,0.0017379000
2007-05-21,0.0001117424,0.0002009222,0.0002811857,0.0003867312,0.0004866621,0.0006059073,0.0007844003,0.0010962288,0.0014050079,0.0017647968,0.0014757500
2007-05-18,0.0001111696,0.0002010144,0.0002793043,0.0003877977,0.0004870754,0.0006054150,0.0007828403,0.0010961488,0.0013707833,0.0017664870,0.0014515000
2007-05-17,0.0001104983,0.0002009222,0.0002811857,0.0003865933,0.0004864569,0.0006059073,0.0007844003,0.0010961488,0.0013707833,0.0017526260,0.0015030000
2007-05-16,0.0001143967,0.0002091787,0.0002902766,0.0003867220,0.0004864787,0.0006059073,0.0007844003,0.0010961488,0.0014050079,0.0017508332,0.0015530000
2007-05-15,0.0001152387,0.0002119013,0.0002951207,0.0003918502,0.0004923672,0.0006126908,0.0007909051,0.0010940833,0.0014050079,0.0017120738,0.0016059500
2007-05-14,0.0001131205,0.0002091740,0.0002951207,0.0003871210,0.0004877891,0.0006088446,0.0007896168,0.0010878481,0.0013374583,0.0017827094,0.0017059500
2007-05-11,0.0001084442,0.0002016527,0.0002886405,0.0003837793,0.0004833139,0.0006030754,0.0007896468,0.0010913955,0.0013707833,0.0016089095,0.0017107810
2007-05-10,0.0001130723,0.0002114390,0.0002929030,0.0003752019,0.0004770999,0.0006012484,0.0007791818,0.0010766259,0.0013374499,0.0015094443,0.0016950460
2007-05-09,0.0001077315,0.0002025829,0.0002829030,0.0003837984,0.0004832083,0.0006030754,0.0007891818,0.0010876939,0.0013707833,0.0015611369,0.0016992833
2007-05-08,0.0001071300,0.0002025829,0.0002875914,0.0003878517,0.0004850025,0.0006013593,0.0007942308,0.0010917211,0.0013500000,0.0015611112,0.0017118833
2007-05-07,0.0001111891,0.0002114390,0.0002928330,0.0003823018,0.0004814170,0.0006012484,0.0007894318,0.0010764814,0.0013365587,0.0015610342,0.0017370833
2007-05-04,0.0001105684,0.0002114390,0.0002928330,0.0003828128,0.0004816085,0.0006010700,0.0007894318,0.0010875757,0.0013365587,0.0016088274,0.0017858333
2007-05-03,0.0001099511,0.0002114390,0.0002878330,0.0003700062,0.0004751346,0.0006054150,0.0007794318,0.0010653703,0.0013365587,0.0015360342,0.0018114980
2007-05-02,0.0001063992,0.0002057572,0.0002828330,0.0003672935,0.0004700631,0.0005970817,0.0007728488,0.0010544163,0.0013707833,0.0015607268,0.0017874895
2007-05-01,0.0001058052,0.0002057572,0.0002827930,0.0003672935,0.0004700059,0.0005970817,0.0007727738,0.0010548848,0.0013374499,0.0015166667,0.0017641497
2007-04-30,0.0001052145,0.0002057572,0.0002888830,0.0003746832,0.0004746542,0.0005970853,0.0007710408,0.0010621116,0.0014138423,0.0016723930,0.0017844759
2007-04-27,0.0001046271,0.0002057572,0.0002888330,0.0003764244,0.0004756979,0.0005970853,0.0007709508,0.0010577907,0.0013805090,0.0015500000,0.0017933333
2007-04-26,0.0001040430,0.0002057572,0.0002888330,0.0003847578,0.0004808760,0.0005970853,0.0007809508,0.0010695116,0.0013796177,0.0016387150,0.0021680333
2007-04-25,0.0000987233,0.0001963329,0.0002875164,0.0003863367,0.0004854473,0.0006061519,0.0007835508,0.0010730083,0.0014833333,0.0015213642,0.0022041398
2007-04-24,0.0001013020,0.0002025922,0.0003022839,0.0003897944,0.0004892837,0.0006104567,0.0007908908,0.0010799685,0.0014004733,0.0014015629,0.0022522225
2007-04-23,0.0001013020,0.0002176429,0.0003024643,0.0003878526,0.0004806818,0.0005922749,0.0007886038,0.0010719516,0.0014138423,0.0014186296,0.0021522225
2007-04-20,0.0001013020,0.0002176429,0.0003024643,0.0003875882,0.0004841327,0.0006013658,0.0007886246,0.0010720116,0.0013507100,0.0014746674,0.0021855558
2007-04-19,0.0001011993,0.0002176429,0.0003024188,0.0003883261,0.0004836484,0.0005991686,0.0007885705,0.0010698651,0.0015500000,0.0014133248,0.0021979109
2007-04-18,0.0001008913,0.0002173329,0.0003105506,0.0003868802,0.0004830642,0.0006001018,0.0008010705,0.0010768516,0.0014384100,0.0013977868,0.0022340492
2007-04-17,0.0001000000,0.0002162857,0.0003115097,0.0003866943,0.0004801347,0.0005932749,0.0007927371,0.0010687018,0.0014129511,0.0013524000,0.0021447943
2007-04-16,0.0001000000,0.0002280623,0.0003204087,0.0003925026,0.0004912805,0.0006120964,0.0008111025,0.0010856633,0.0014138423,0.0014260221,0.0020283950
2007-04-13,0.0001000000,0.0002204250,0.0003154087,0.0003869830,0.0004862197,0.0006082503,0.0008017025,0.0010729593,0.0013278067,0.0014349333,0.0020787833
2007-04-12,0.0001013020,0.0002295159,0.0003254087,0.0003969072,0.0004959925,0.0006172711,0.0008047521,0.0010868482,0.0013781422,0.0014293077,0.0023454500
2007-04-11,0.0001011993,0.0002304614,0.0003266987,0.0003977290,0.0004972523,0.0006192794,0.0008068354,0.0010896037,0.0013583767,0.0014444692,0.0022908500
2007-04-10,0.0001008913,0.0002304614,0.0003267287,0.0004000895,0.0004986750,0.0006193044,0.0008068479,0.0010896926,0.0013781422,0.0014887850,0.0021816500
2007-04-09,0.0001000000,0.0002304614,0.0003267287,0.0003900007,0.0004916970,0.0006178195,0.0008042175,0.0010785815,0.0013611400,0.0014682667,0.0019633000
2007-04-06,0.0001000000,0.0002304614,0.0003267287,0.0003900007,0.0004916372,0.0006178195,0.0008042175,0.0010785815,0.0013611400,0.0014682667,0.0019633000
2007-04-05,0.0001000000,0.0002304614,0.0003267287,0.0003900007,0.0004915773,0.0006178195,0.0008042175,0.0010785815,0.0013611400,0.0014682667,0.0019633000
2007-04-04,0.0001000000,0.0002304614,0.0003265987,0.0003899206,0.0004914028,0.0006176579,0.0008040525,0.0010783370,0.0013611400,0.0014682667,0.0020266333
2007-04-03,0.0001000000,0.0002277341,0.0003265987,0.0004097693,0.0005036873,0.0006176426,0.0008139925,0.0010876804,0.0013944733,0.0014448114,0.0020866000
2007-04-02,0.0001000000,0.0002305075,0.0003241086,0.0004047014,0.0004981192,0.0006117758,0.0007994309,0.0010866100,0.0014184467,0.0014898159,0.0020732000
2007-03-30,0.0001000000,0.0002216575,0.0003241977,0.0004059771,0.0004984427,0.0006107944,0.0008007171,0.0011017889,0.0014184467,0.0015291742,0.0020463957
2007-03-29,0.0001000000,0.0002226975,0.0003254277,0.0004058144,0.0004990633,0.0006127111,0.0008054371,0.0011078667,0.0014184467,0.0016442325,0.0020340406
2007-03-28,0.0001000000,0.0002226975,0.0003239641,0.0004049371,0.0004990128,0.0006140636,0.0008066568,0.0011087908,0.0014474867,0.0017818182,0.0019979167
2007-03-27,0.0001000000,0.0002075875,0.0002994615,0.0003922774,0.0004926052,0.0006178571,0.0007998153,0.0011086627,0.0014141533,0.0015308511,0.0019479167
2007-03-26,0.0001000000,0.0002076048,0.0003002138,0.0003960807,0.0004881459,0.0006010417,0.0007877837,0.0011205363,0.0014158200,0.0015308511,0.0019625167
2007-03-23,0.0001000000,0.0002290100,0.0003240611,0.0004174588,0.0005149375,0.0006347315,0.0008375646,0.0011360967,0.0014824867,0.0016699159,0.0020916500
2007-03-22,0.0001000000,0.0002422671,0.0003239328,0.0004279463,0.0005207382,0.0006333592,0.0008475289,0.0011191281,0.0014824867,0.0015962766,0.0020833333
2007-03-21,0.0001200000,0.0002399706,0.0003663812,0.0004525044,0.0005597879,0.0006923575,0.0008892166,0.0012058660,0.0015864515,0.0018601512,0.0024250000
2007-03-20,0.0001200000,0.0002564794,0.0003849289,0.0004756668,0.0005861906,0.0007224150,0.0009181250,0.0012707449,0.0016158056,0.0018794347,0.0025500000
2007-03-19,0.0001399310,0.0002477837,0.0003640977,0.0004726182,0.0005799303,0.0007118012,0.0009356889,0.0012766468,0.0016511491,0.0020169340,0.0023958333
2007-03-16,0.0001476638,0.0002657003,0.0003680283,0.0004871894,0.0005896629,0.0007140573,0.0009116122,0.0012600195,0.0014838933,0.0013497817,0.0024250167
2007-03-15,0.0002120000,0.0002608397,0.0003509510,0.0004648462,0.0005637725,0.0006842701,0.0009053471,0.0012113767,0.0014350733,0.0016103491,0.0024166667
2007-03-14,0.0001995000,0.0002517197,0.0003422420,0.0004478215,0.0005462437,0.0006669644,0.0008826757,0.0011895081,0.0014000000,0.0017583333,0.0019333333
2007-03-13,0.0001622928,0.0002047734,0.0003128107,0.0003986505,0.0004991440,0.0006257485,0.0008152924,0.0011262500,0.0014833333,0.0016166667,0.0021352471
2007-03-12,0.0001557020,0.0001964574,0.0003051679,0.0003928943,0.0004962956,0.0006278434,0.0008108576,0.0011373612,0.0014666667,0.0016491898,0.0021483180
2007-03-09,0.0001660431,0.0002095054,0.0003056946,0.0003904914,0.0004928315,0.0006230707,0.0008086076,0.0011280187,0.0014000000,0.0016366898,0.0019458500
2007-03-08,0.0001580741,0.0001994504,0.0002956946,0.0003901421,0.0004925511,0.0006230707,0.0008086076,0.0011263311,0.0014500000,0.0016623583,0.0019625167
2007-03-07,0.0001570290,0.0001981317,0.0002956946,0.0004039358,0.0005011143,0.0006230525,0.0008169409,0.0011382309,0.0015166667,0.0017880267,0.0019985854
2007-03-06,0.0001580593,0.0001994317,0.0003070146,0.0004114215,0.0005102507,0.0006343798,0.0008169409,0.0011343700,0.0014333333,0.0017570182,0.0019916833
2007-03-05,0.0001553128,0.0001959663,0.0003068351,0.0004103743,0.0005068359,0.0006276672,0.0008176866,0.0011347556,0.0014500000,0.0017387947,0.0019166833
2007-03-02,0.0001580843,0.0001994634,0.0003005251,0.0003894213,0.0004894090,0.0006168857,0.0007965218,0.0010892255,0.0014500000,0.0016651515,0.0018666667
2007-03-01,0.0001568460,0.0001979009,0.0003004751,0.0003966372,0.0004911335,0.0006100872,0.0008052581,0.0010913085,0.0015000000,0.0017107955,0.0019075667
2007-02-28,0.0001568460,0.0001979009,0.0003004751,0.0003880033,0.0004856916,0.0006100672,0.0007943490,0.0010745074,0.0014000000,0.0016219836,0.0018818182
2007-02-27,0.0001536571,0.0001938773,0.0002999802,0.0003687467,0.0004645307,0.0005873519,0.0007932845,0.0010645387,0.0014000000,0.0015809269,0.0019666667
2007-02-26,0.0001599319,0.0002017946,0.0003028166,0.0003749217,0.0004652722,0.0005796650,0.0007961329,0.0010556424,0.0013274211,0.0014530503,0.0019879786
2007-02-23,0.0001803021,0.0002274966,0.0003042921,0.0003819711,0.0004755942,0.0005946367,0.0007955657,0.0010727799,0.0013056742,0.0014332214,0.0019490096
2007-02-22,0.0001830261,0.0002309337,0.0003069032,0.0003817916,0.0004751787,0.0005940218,0.0007781680,0.0010738099,0.0013398988,0.0014362100,0.0019570556
2007-02-21,0.0001918615,0.0002420818,0.0003182154,0.0003679751,0.0004664566,0.0005940520,0.0007704514,0.0010601457,0.0012940878,0.0014209660,0.0018867273
2007-02-20,0.0001937108,0.0002444152,0.0003211154,0.0003970414,0.0004865213,0.0005990927,0.0007849181,0.0010758564,0.0013274211,0.0014152459,0.0019048984
2007-02-19,0.0001864023,0.0002351936,0.0002982899,0.0003806846,0.0004760595,0.0005983967,0.0007789263,0.0010788970,0.0013274211,0.0014226246,0.0018808984
2007-02-16,0.0001864023,0.0002351936,0.0002982899,0.0003808315,0.0004733579,0.0005915400,0.0007789263,0.0010784476,0.0013398988,0.0014226246,0.0018411979
2007-02-15,0.0001806954,0.0002279929,0.0002871233,0.0003798854,0.0004723736,0.0005906933,0.0007788363,0.0010799664,0.0013398988,0.0014226246,0.0018411979
2007-02-14,0.0001806954,0.0002279929,0.0002871233,0.0003806549,0.0004724556,0.0005898473,0.0007788363,0.0010785236,0.0013398988,0.0014226246,0.0018411979
2007-02-13,0.0001783484,0.0002250316,0.0002859997,0.0003804864,0.0004724333,0.0005990862,0.0007780478,0.0010744836,0.0013398988,0.0014226246,0.0018069733
2007-02-12,0.0001806936,0.0002279907,0.0002832093,0.0003804112,0.0004723000,0.0005905458,0.0007768296,0.0010744344,0.0013143166,0.0013442767,0.0017873914
2007-02-09,0.0001794131,0.0002263750,0.0002884866,0.0003803618,0.0004793674,0.0005987773,0.0007768296,0.0010749300,0.0013143166,0.0013442767,0.0017873914
2007-02-08,0.0001847178,0.0002330682,0.0002984866,0.0003810367,0.0004793674,0.0005926292,0.0007768296,0.0010692392,0.0012800920,0.0013906670,0.0017152631
2007-02-07,0.0001794131,0.0002263750,0.0002884866,0.0003804523,0.0004793103,0.0005925875,0.0007767796,0.0010736579,0.0012800920,0.0013992844,0.0017343348
2007-02-06,0.0001775128,0.0002239773,0.0002884866,0.0003695915,0.0004650246,0.0005743033,0.0007667796,0.0010676346,0.0012685056,0.0014373333,0.0018090721
2007-02-05,0.0001775128,0.0002239773,0.0002884066,0.0003694915,0.0004648531,0.0005804318,0.0007666996,0.0010741111,0.0012685056,0.0014373333,0.0017885373
2007-02-02,0.0001839298,0.0002320739,0.0002858020,0.0003843736,0.0004694302,0.0005943909,0.0007668743,0.0010865000,0.0013919089,0.0016011227,0.0018086193
2007-02-01,0.0001893132,0.0002388665,0.0002957620,0.0003731736,0.0004694302,0.0005911708,0.0007668043,0.0010864375,0.0013585756,0.0015801622,0.0017829508
2007-01-31,0.0001775067,0.0002239695,0.0002717400,0.0003832847,0.0004694302,0.0005893452,0.0007591033,0.0010864375,0.0013919089,0.0015764297,0.0017980439
2007-01-30,0.0001764955,0.0002226937,0.0002694326,0.0003685402,0.0004694302,0.0005852536,0.0007536942,0.0010857143,0.0013585756,0.0015801622,0.0018384351
2007-01-29,0.0001751239,0.0002209631,0.0002694326,0.0003685402,0.0004694302,0.0005863879,0.0007536942,0.0010722222,0.0013585756,0.0015801622,0.0017568203
2007-01-26,0.0001751239,0.0002209631,0.0002693941,0.0003795958,0.0004694302,0.0005863187,0.0007536488,0.0010750000,0.0013919089,0.0015627741,0.0017568203
2007-01-25,0.0001751239,0.0002209631,0.0002693941,0.0003684624,0.0004694302,0.0005851536,0.0007536488,0.0010722222,0.0013585756,0.0015801622,0.0017568203
2007-01-24,0.0001751239,0.0002209631,0.0002693941,0.0003684624,0.0004583191,0.0005851536,0.0007445579,0.0010642857,0.0013252422,0.0015134956,0.0017859910
2007-01-23,0.0001680306,0.0002120131,0.0002626787,0.0003813847,0.0004694302,0.0005804495,0.0007567124,0.0010750000,0.0013919089,0.0016270222,0.0017961701
2007-01-22,0.0001690885,0.0002133479,0.0002626402,0.0003790513,0.0004694302,0.0005858948,0.0007566733,0.0010812500,0.0014000000,0.0016772535,0.0017495000
2007-01-19,0.0001690885,0.0002133479,0.0002626402,0.0003679402,0.0004583191,0.0005858948,0.0007475824,0.0010687500,0.0013333333,0.0015475936,0.0017484848
2007-01-18,0.0001687363,0.0002129035,0.0002621018,0.0003781624,0.0004683191,0.0005834410,0.0007566733,0.0010616500,0.0014458111,0.0018579323,0.0022155351
2007-01-17,0.0001677057,0.0002116031,0.0002697941,0.0003729262,0.0004683191,0.0005870286,0.0007475370,0.0010514727,0.0014458111,0.0018250424,0.0021880528
2007-01-16,0.0001756312,0.0002216031,0.0002697941,0.0003729262,0.0004572080,0.0005870286,0.0007477422,0.0010469273,0.0013791444,0.0015190125,0.0019032043
2007-01-15,0.0001698813,0.0002143483,0.0002684205,0.0003845462,0.0004637500,0.0006111583,0.0007553011,0.0010641000,0.0014000000,0.0017288588,0.0021077961
2007-01-12,0.0001673783,0.0002111901,0.0002711062,0.0003724864,0.0004661278,0.0005963710,0.0007397849,0.0010372587,0.0014124777,0.0015317312,0.0018733234
2007-01-11,0.0001620149,0.0002044227,0.0002707473,0.0003699570,0.0004661278,0.0005939528,0.0007381301,0.0010332421,0.0014124777,0.0015317312,0.0019295167
2007-01-10,0.0001695385,0.0002139157,0.0002766429,0.0003699570,0.0004661278,0.0005833481,0.0007325056,0.0010547623,0.0014458111,0.0015327000,0.0019128500
2007-01-09,0.0001603043,0.0002022644,0.0002682319,0.0003570842,0.0004523778,0.0005802983,0.0007170329,0.0010160883,0.0013791444,0.0015237984,0.0018128500
2007-01-08,0.0001568650,0.0001979248,0.0002682319,0.0003502661,0.0004523778,0.0005703645,0.0007170329,0.0010174289,0.0013449198,0.0014981299,0.0018256500
2007-01-05,0.0001568650,0.0001979248,0.0002682319,0.0003502661,0.0004523778,0.0005703645,0.0007170329,0.0010174289,0.0013449198,0.0014980786,0.0018512500
2007-01-04,0.0001557565,0.0001965262,0.0002664568,0.0003474688,0.0004523778,0.0005648090,0.0007114385,0.0010004418,0.0013449198,0.0014979246,0.0019024667
2007-01-03,0.0001557565,0.0001965262,0.0002664568,0.0003474688,0.0004648778,0.0005648090,0.0007114385,0.0010004418,0.0013782531,0.0015485930,0.0019358000
2007-01-02,0.0001572551,0.0001984171,0.0002682952,0.0003435736,0.0004523778,0.0005586979,0.0007049658,0.0009909539,0.0012914544,0.0014985930,0.0018858000
2007-01-01,0.0001606619,0.0002027157,0.0002682952,0.0003469506,0.0004648778,0.0005666201,0.0007231476,0.0010068668,0.0013581211,0.0015314574,0.0019858000
