Date,CR_CDS_SPREAD.FH49GG.EUR.SNRFOR.6M,CR_CDS_SPREAD.FH49GG.EUR.SNRFOR.1Y,CR_CDS_SPREAD.FH49GG.EUR.SNRFOR.2Y,CR_CDS_SPREAD.FH49GG.EUR.SNRFOR.3Y,CR_CDS_SPREAD.FH49GG.EUR.SNRFOR.4Y,CR_CDS_SPREAD.FH49GG.EUR.SNRFOR.5Y,CR_CDS_SPREAD.FH49GG.EUR.SNRFOR.7Y,CR_CDS_SPREAD.FH49GG.EUR.SNRFOR.10Y,CR_CDS_SPREAD.FH49GG.EUR.SNRFOR.15Y,CR_CDS_SPREAD.FH49GG.EUR.SNRFOR.20Y,CR_CDS_SPREAD.FH49GG.EUR.SNRFOR.30Y
2024-09-25,0.0016357400,0.0019093200,0.0023748200,0.0029378700,0.0037136600,0.0045311600,0.0057507300,0.0068742200,0.0076521500,0.0078368700,0.0076794800
2024-09-24,0.0016312300,0.0019068800,0.0023659300,0.0029482800,0.0037200100,0.0045200700,0.0057506300,0.0068719300,0.0076427100,0.0078259500,0.0076684300
2024-09-23,0.0016420200,0.0019185300,0.0023778300,0.0029450200,0.0036812400,0.0044865300,0.0056898800,0.0068054200,0.0075634000,0.0077295800,0.0075735600
2024-09-20,0.0016125100,0.0018798300,0.0023317900,0.0028991900,0.0035957000,0.0043638700,0.0055374500,0.0066208900,0.0073448900,0.0075086800,0.0073424600
2024-09-19,0.0013672500,0.0016326900,0.0020542100,0.0025515200,0.0032077800,0.0039297700,0.0051337900,0.0062463300,0.0070066300,0.0071858400,0.0070077300
2024-09-18,0.0013864700,0.0016531900,0.0020721500,0.0025529100,0.0032511000,0.0039787700,0.0051705200,0.0062600400,0.0070225800,0.0072009000,0.0070249800
2024-09-17,0.0013853600,0.0016536900,0.0020849800,0.0025690200,0.0032424500,0.0039709700,0.0051707000,0.0062951600,0.0070395400,0.0072178000,0.0070457300
2024-09-16,0.0014011100,0.0016759000,0.0020879600,0.0026078100,0.0032781600,0.0040183700,0.0052275800,0.0063556200,0.0071229200,0.0073031800,0.0071270100
2024-09-13,0.0014095800,0.0016748500,0.0021005700,0.0026194500,0.0032959700,0.0040088200,0.0052043500,0.0063686300,0.0071204200,0.0073001200,0.0071255800
2024-09-12,0.0014360300,0.0017132800,0.0021397100,0.0026568300,0.0033362200,0.0040855700,0.0052930500,0.0064148300,0.0071735900,0.0073500300,0.0071788900
2024-09-11,0.0014565900,0.0017358200,0.0021599400,0.0026898100,0.0033989500,0.0041543000,0.0053520600,0.0064483300,0.0071786200,0.0073536300,0.0071994400
2024-09-10,0.0014536000,0.0017287400,0.0021931700,0.0026999700,0.0033856500,0.0041281800,0.0053288900,0.0064578900,0.0072450800,0.0074193400,0.0072439300
2024-09-09,0.0014532000,0.0017302200,0.0021629600,0.0026948600,0.0033588000,0.0040766900,0.0052982700,0.0064438800,0.0072371200,0.0073988200,0.0072373200
2024-09-06,0.0014581000,0.0017348800,0.0021631100,0.0026954100,0.0033651200,0.0040893600,0.0053096800,0.0064364200,0.0072324800,0.0074077800,0.0072310600
2024-09-05,0.0014363000,0.0017009900,0.0021383100,0.0026582200,0.0033359000,0.0040825100,0.0052906500,0.0064043300,0.0071882800,0.0073490800,0.0071882700
2024-09-04,0.0014703500,0.0017413300,0.0021986400,0.0027072100,0.0033999300,0.0041597700,0.0053537500,0.0064707000,0.0072522300,0.0074334900,0.0072558700
2024-09-03,0.0014310500,0.0017067400,0.0021442400,0.0026479100,0.0033197900,0.0040725700,0.0052796400,0.0063888800,0.0071543100,0.0073194900,0.0071593800
2024-09-02,0.0013867100,0.0016558000,0.0020950100,0.0025676800,0.0032587100,0.0039879800,0.0052018400,0.0063107900,0.0070883800,0.0072664000,0.0070875100
2024-08-30,0.0013848000,0.0016532300,0.0020905800,0.0025772800,0.0032446900,0.0039613700,0.0051762000,0.0062662400,0.0070369000,0.0072002500,0.0070370000
2024-08-29,0.0014111300,0.0016860900,0.0020911600,0.0025900000,0.0032693500,0.0039570000,0.0051689700,0.0062113900,0.0069754800,0.0071535600,0.0069745100
2024-08-28,0.0013803300,0.0016399300,0.0020603900,0.0025720700,0.0032297900,0.0039315700,0.0051451600,0.0062816000,0.0070717400,0.0072541200,0.0070748700
2024-08-27,0.0014022600,0.0016625400,0.0020698800,0.0025774800,0.0032479100,0.0039411800,0.0051511900,0.0062692800,0.0070459300,0.0072247900,0.0070490400
2024-08-26,0.0013723900,0.0016246300,0.0020503700,0.0025161400,0.0032052700,0.0039602100,0.0051445700,0.0062429700,0.0070197900,0.0071859100,0.0070259400
2024-08-23,0.0013799400,0.0016346600,0.0020568700,0.0025554600,0.0032159900,0.0039442600,0.0051329800,0.0062471900,0.0070131300,0.0071955800,0.0070210100
2024-08-22,0.0013985600,0.0016574600,0.0020837100,0.0026113600,0.0032616600,0.0039685000,0.0051693900,0.0063056400,0.0070660700,0.0072521100,0.0070882600
2024-08-21,0.0014035200,0.0016721500,0.0021058300,0.0026420300,0.0032936700,0.0040051200,0.0052270600,0.0063601900,0.0071013700,0.0072891100,0.0071441000
2024-08-20,0.0014096000,0.0016776200,0.0020963500,0.0025941100,0.0032958800,0.0040252500,0.0052279100,0.0063363500,0.0070352300,0.0072227300,0.0070877400
2024-08-19,0.0014093500,0.0016686600,0.0020896700,0.0026045900,0.0032906000,0.0040169800,0.0052301500,0.0063480000,0.0069687100,0.0071663300,0.0070562800
2024-08-16,0.0014513000,0.0017263200,0.0021572300,0.0026704600,0.0033779600,0.0041126400,0.0053360200,0.0064593500,0.0070987800,0.0072988100,0.0071867300
2024-08-15,0.0014940400,0.0017795600,0.0022106500,0.0027641100,0.0034853700,0.0042155700,0.0054325400,0.0065722300,0.0072257200,0.0074269500,0.0073136300
2024-08-14,0.0016005600,0.0018973600,0.0023282900,0.0029109700,0.0036862600,0.0044499600,0.0056966400,0.0068174000,0.0074536600,0.0076531300,0.0075437500
2024-08-13,0.0016204400,0.0019223600,0.0023493500,0.0029678500,0.0037862500,0.0045686000,0.0058166900,0.0069027400,0.0075075300,0.0077072400,0.0076017100
2024-08-12,0.0016034300,0.0019009300,0.0023551300,0.0029642300,0.0037702400,0.0045377700,0.0058268200,0.0069550400,0.0076264700,0.0078279500,0.0077133700
2024-08-09,0.0016320900,0.0019351600,0.0023738800,0.0029639300,0.0037751000,0.0045685700,0.0058361400,0.0069566600,0.0075953500,0.0077965500,0.0076866200
2024-08-08,0.0016639900,0.0019721400,0.0024377600,0.0030194200,0.0037966700,0.0045951800,0.0058590600,0.0069825300,0.0076450200,0.0078467500,0.0077334500
2024-08-07,0.0016381400,0.0019325700,0.0023738200,0.0029546300,0.0037359900,0.0045773200,0.0058196300,0.0069341900,0.0075605900,0.0077602300,0.0076513300
2024-08-06,0.0017229600,0.0020270900,0.0024684000,0.0030891800,0.0039248200,0.0048056800,0.0060607700,0.0071656700,0.0077945800,0.0079953400,0.0078869000
2024-08-05,0.0018132800,0.0021276700,0.0025985600,0.0032146600,0.0040407800,0.0049254100,0.0061675800,0.0072807400,0.0079295000,0.0081321000,0.0080210900
2024-08-02,0.0016747600,0.0019649600,0.0024250300,0.0030012300,0.0037739700,0.0046172000,0.0058556500,0.0069628200,0.0075979900,0.0077979400,0.0076879800
2024-08-01,0.0015443400,0.0018317300,0.0022844600,0.0028269800,0.0035610300,0.0043573100,0.0055817100,0.0066880400,0.0073346000,0.0075338900,0.0074215900
2024-07-31,0.0014792100,0.0017581800,0.0021910600,0.0027304300,0.0034973300,0.0042559400,0.0054881100,0.0065886800,0.0072262900,0.0074259800,0.0073149600
2024-07-30,0.0014552300,0.0017292400,0.0021620200,0.0026996700,0.0034483100,0.0042131400,0.0054463000,0.0065358700,0.0071747000,0.0073723500,0.0072605400
2024-07-29,0.0014708100,0.0017452600,0.0021718200,0.0027102000,0.0034313600,0.0042017400,0.0054393200,0.0065530600,0.0071911800,0.0073906300,0.0072805700
2024-07-26,0.0014716300,0.0017488400,0.0021789700,0.0027075200,0.0034218300,0.0042029000,0.0054256100,0.0065146900,0.0071210100,0.0073192800,0.0072129600
2024-07-25,0.0015266100,0.0018000200,0.0022447900,0.0027814600,0.0035008900,0.0042766000,0.0055115700,0.0066059700,0.0072196300,0.0074182200,0.0073115400
2024-07-24,0.0014980700,0.0017689900,0.0022123500,0.0027338400,0.0034452400,0.0042215200,0.0054401900,0.0065288900,0.0071397100,0.0073375600,0.0072295500
2024-07-23,0.0014567000,0.0017224100,0.0021567900,0.0026570100,0.0033431100,0.0041106600,0.0053127200,0.0063991800,0.0070137000,0.0072100100,0.0071012500
2024-07-22,0.0014371100,0.0017007000,0.0021115600,0.0026294100,0.0033239500,0.0040708300,0.0053214600,0.0064259500,0.0070655200,0.0072624100,0.0071510700
2024-07-19,0.0014418900,0.0017161600,0.0021332700,0.0026439300,0.0033496900,0.0041247200,0.0053596500,0.0064479700,0.0070947600,0.0072739600,0.0071632900
2024-07-18,0.0014168700,0.0016882900,0.0020816600,0.0025883600,0.0033092700,0.0040767700,0.0052975000,0.0063739400,0.0070113100,0.0071924300,0.0070831500
2024-07-17,0.0014358400,0.0017098300,0.0020983900,0.0026019200,0.0033232500,0.0040885000,0.0053316800,0.0064177800,0.0070349100,0.0072342300,0.0071254900
2024-07-16,0.0013973000,0.0016642600,0.0020329500,0.0025510800,0.0032626900,0.0039890200,0.0052542000,0.0063399900,0.0069671500,0.0071661400,0.0070556200
2024-07-15,0.0013627900,0.0016258000,0.0020021400,0.0024961200,0.0032063100,0.0039486700,0.0051863100,0.0062591700,0.0069045900,0.0071025000,0.0069896600
2024-07-12,0.0014119000,0.0016700000,0.0020738500,0.0025744100,0.0032935800,0.0040580000,0.0052650500,0.0063263700,0.0069371500,0.0071332300,0.0070247900
2024-07-11,0.0014271800,0.0016962800,0.0021163700,0.0026257200,0.0033183000,0.0040761000,0.0052902100,0.0063805300,0.0069944900,0.0071922300,0.0070840700
2024-07-10,0.0014520400,0.0017132600,0.0021493200,0.0026542200,0.0033485400,0.0041102300,0.0053331600,0.0064161300,0.0070365900,0.0072348900,0.0071261000
2024-07-09,0.0014418200,0.0016975500,0.0021249500,0.0026380000,0.0033369100,0.0041126700,0.0053312300,0.0064038000,0.0070080200,0.0072044800,0.0070966900
2024-07-08,0.0013496500,0.0016109400,0.0020179000,0.0025155500,0.0031979300,0.0039557900,0.0051797200,0.0062430000,0.0068618100,0.0070591700,0.0069503200
2024-07-05,0.0014033100,0.0016705200,0.0020974000,0.0026061800,0.0032952300,0.0040650800,0.0052943500,0.0063565800,0.0069634400,0.0071611700,0.0070540100
2024-07-04,0.0014112400,0.0016704500,0.0021015500,0.0026106700,0.0033036400,0.0040689200,0.0052991400,0.0063596000,0.0069660100,0.0071626200,0.0070543500
2024-07-03,0.0014045000,0.0016774600,0.0021180800,0.0026366200,0.0033502900,0.0041191100,0.0053414900,0.0064205500,0.0070403300,0.0072383200,0.0071288800
2024-07-02,0.0015300500,0.0018204000,0.0022844600,0.0028227600,0.0035592600,0.0043608900,0.0055912700,0.0066671600,0.0072904700,0.0074879200,0.0073759200
2024-07-01,0.0015475400,0.0018457100,0.0023191600,0.0028595000,0.0036055800,0.0044190600,0.0056489800,0.0067386900,0.0074049800,0.0076028600,0.0074724000
2024-06-28,0.0017483300,0.0020762000,0.0026171300,0.0032243400,0.0040581800,0.0049542500,0.0061938100,0.0072846900,0.0079170400,0.0081158100,0.0080083100
2024-06-27,0.0017461700,0.0020681400,0.0026056500,0.0032021500,0.0040001000,0.0048598100,0.0061368500,0.0072346600,0.0078418000,0.0080411400,0.0079334200
2024-06-26,0.0017685900,0.0020948000,0.0026030600,0.0032025500,0.0040225500,0.0049312200,0.0061837200,0.0072829100,0.0079160200,0.0081163900,0.0079918800
2024-06-25,0.0017251100,0.0020488100,0.0025483700,0.0031450900,0.0039796400,0.0048713200,0.0061325600,0.0072169900,0.0078702300,0.0080692700,0.0079430900
2024-06-24,0.0017483300,0.0020717200,0.0026133300,0.0032000000,0.0039959300,0.0048627600,0.0061049500,0.0072015700,0.0078524300,0.0080518400,0.0079399500
2024-06-21,0.0018131000,0.0021493700,0.0027090800,0.0033129900,0.0041547400,0.0050640500,0.0062957700,0.0073841300,0.0080288600,0.0082272400,0.0081174100
2024-06-20,0.0017870400,0.0021137500,0.0026301900,0.0032309600,0.0040281800,0.0049266400,0.0061681100,0.0073005500,0.0079622500,0.0081616800,0.0080492100
2024-06-19,0.0017355000,0.0020512500,0.0026012000,0.0032015400,0.0040276600,0.0049048400,0.0061509300,0.0072559100,0.0079150100,0.0081096400,0.0080001500
2024-06-18,0.0016267400,0.0019395000,0.0024324800,0.0030382800,0.0038240200,0.0046633500,0.0059442200,0.0070513100,0.0077037500,0.0078838300,0.0077920400
2024-06-17,0.0017724300,0.0021202800,0.0026719500,0.0033130200,0.0041452900,0.0050617600,0.0063235800,0.0074178000,0.0080385200,0.0082229800,0.0081390300
2024-06-14,0.0018352200,0.0021819300,0.0027406200,0.0033819300,0.0041953900,0.0051159600,0.0063593700,0.0074485800,0.0079711900,0.0081696700,0.0080940200
2024-06-13,0.0015255900,0.0018142500,0.0022810100,0.0028647300,0.0036065900,0.0044389900,0.0056607000,0.0067476300,0.0073106500,0.0075080200,0.0074077000
2024-06-12,0.0013755800,0.0016485900,0.0020583200,0.0026121900,0.0033238000,0.0041167300,0.0053535600,0.0064168700,0.0070148700,0.0072150000,0.0071121000
2024-06-11,0.0014406500,0.0017188300,0.0021512600,0.0027276000,0.0034584300,0.0042781400,0.0055132500,0.0065847500,0.0071776700,0.0073757500,0.0072733400
2024-06-10,0.0013284400,0.0015826600,0.0019661300,0.0025040000,0.0032028400,0.0039666300,0.0052215700,0.0062778100,0.0068708500,0.0070688400,0.0069631700
2024-06-07,0.0011351500,0.0013757700,0.0017281600,0.0022815400,0.0030011400,0.0037333100,0.0051059600,0.0061322200,0.0067752300,0.0069770200,0.0068633300
2024-06-06,0.0011238000,0.0013508100,0.0017281700,0.0022565800,0.0030011800,0.0037333400,0.0051060100,0.0061322600,0.0067759300,0.0069777500,0.0068644800
2024-06-05,0.0011471800,0.0013758400,0.0017531200,0.0022815900,0.0030012000,0.0037583700,0.0051060400,0.0061573100,0.0067997700,0.0070019300,0.0068894000
2024-06-04,0.0011489500,0.0013758200,0.0017532100,0.0022816000,0.0030012100,0.0037333800,0.0051060200,0.0061322700,0.0067624300,0.0069642900,0.0068536600
2024-06-03,0.0011769400,0.0014113300,0.0017618100,0.0022796800,0.0029784200,0.0037301500,0.0050493100,0.0060777500,0.0066977500,0.0068986100,0.0067897300
2024-05-31,0.0011896800,0.0014360300,0.0017743900,0.0022933400,0.0029964700,0.0037485000,0.0050704700,0.0061099500,0.0067285000,0.0069295600,0.0068213200
2024-05-30,0.0011791700,0.0014240500,0.0017831700,0.0022786700,0.0029846900,0.0037367900,0.0050655600,0.0060893300,0.0067255900,0.0069263700,0.0068141300
2024-05-29,0.0011854500,0.0014318700,0.0017774200,0.0022966900,0.0029878800,0.0037176000,0.0050334400,0.0061033100,0.0067470400,0.0069477100,0.0068325500
2024-05-28,0.0011705400,0.0014180400,0.0017091000,0.0022508500,0.0029324900,0.0036776600,0.0049279500,0.0060067700,0.0066376600,0.0068363800,0.0067236000
2024-05-27,0.0012273000,0.0014851800,0.0017649700,0.0022760500,0.0029662100,0.0036954600,0.0049160300,0.0059991500,0.0066179200,0.0068163400,0.0067066600
2024-05-24,0.0011957300,0.0014473400,0.0017375000,0.0022634300,0.0029563100,0.0036924700,0.0049627300,0.0060248800,0.0066444200,0.0068439700,0.0067347300
2024-05-23,0.0011862500,0.0014373400,0.0017307300,0.0022756100,0.0029482800,0.0036849000,0.0049540600,0.0060394300,0.0066768900,0.0068765600,0.0067630700
2024-05-22,0.0011449300,0.0013860100,0.0017778700,0.0023014900,0.0029984300,0.0037080100,0.0050114000,0.0060631900,0.0066710200,0.0068706700,0.0067617100
2024-05-21,0.0011571000,0.0014008800,0.0017908100,0.0023192800,0.0030508500,0.0037580400,0.0050681000,0.0061199300,0.0067420000,0.0069429800,0.0068312400
2024-05-20,0.0010666400,0.0013072300,0.0017049600,0.0022649400,0.0029880600,0.0037216400,0.0050631800,0.0061012800,0.0067271000,0.0069282600,0.0068024400
2024-05-17,0.0011998000,0.0014639700,0.0018085400,0.0023373200,0.0030148200,0.0037521400,0.0050357100,0.0060581800,0.0066705400,0.0068704300,0.0067611700
2024-05-16,0.0012056400,0.0014728200,0.0018052100,0.0023333900,0.0030098200,0.0037475500,0.0049921200,0.0060353500,0.0066420700,0.0068435400,0.0067353800
2024-05-15,0.0012090000,0.0014767200,0.0018147100,0.0023457500,0.0030261700,0.0037673400,0.0050120100,0.0060553600,0.0066621700,0.0068782200,0.0067693400
2024-05-14,0.0012120300,0.0014784900,0.0018443000,0.0023877100,0.0030697400,0.0038278900,0.0051074100,0.0061343000,0.0067481200,0.0069479500,0.0068393800
2024-05-13,0.0012301700,0.0015019700,0.0018807000,0.0024021800,0.0030882600,0.0038222000,0.0050574100,0.0061051300,0.0067148900,0.0069132600,0.0068053200
2024-05-10,0.0011630600,0.0014164200,0.0017960800,0.0023518100,0.0030500500,0.0037933100,0.0050996700,0.0061441800,0.0067674200,0.0069673700,0.0068573400
2024-05-09,0.0012310900,0.0015003500,0.0018530700,0.0023911700,0.0030811900,0.0038335100,0.0051024500,0.0061401000,0.0067541800,0.0069524400,0.0068432700
2024-05-08,0.0011823100,0.0014404700,0.0018281100,0.0023630500,0.0030641500,0.0038269200,0.0051358200,0.0061653400,0.0067872500,0.0069869600,0.0068772400
2024-05-07,0.0012483000,0.0015254000,0.0019014900,0.0024290500,0.0031086000,0.0038597500,0.0051035600,0.0061419000,0.0067507900,0.0069505500,0.0068440600
2024-05-06,0.0012924500,0.0015960900,0.0019423100,0.0024803600,0.0031856100,0.0039184200,0.0051697000,0.0062056100,0.0067916000,0.0069913800,0.0068862100
2024-05-03,0.0012502500,0.0015433800,0.0018994900,0.0024438700,0.0031641200,0.0039159100,0.0051879400,0.0062287600,0.0068421000,0.0070424500,0.0069212300
2024-05-02,0.0012837000,0.0015779900,0.0019548000,0.0025226600,0.0032628900,0.0040149700,0.0053144400,0.0063675000,0.0070076100,0.0072100200,0.0070971900
2024-05-01,0.0013116200,0.0016090500,0.0019871200,0.0025329300,0.0032586000,0.0040472100,0.0053297500,0.0063674200,0.0070031100,0.0072044200,0.0070798200
2024-04-30,0.0012920200,0.0015838500,0.0019510100,0.0025035800,0.0032128600,0.0039988400,0.0052707100,0.0062945600,0.0069067300,0.0071061200,0.0069985700
2024-04-29,0.0012996400,0.0015955100,0.0019682900,0.0025194000,0.0032285500,0.0039904000,0.0052416800,0.0062776800,0.0068942600,0.0070931500,0.0069856500
2024-04-26,0.0012990300,0.0016021600,0.0019875400,0.0025433800,0.0032678900,0.0040479400,0.0053282900,0.0063638300,0.0069871500,0.0071866800,0.0070784000
2024-04-25,0.0013551600,0.0016725200,0.0020762800,0.0026092600,0.0033332300,0.0041159400,0.0053793600,0.0064317200,0.0070408200,0.0072407000,0.0071332400
2024-04-24,0.0013203700,0.0016170600,0.0020222000,0.0025645500,0.0032955000,0.0040586500,0.0053365500,0.0063698800,0.0069835900,0.0071823600,0.0070735600
2024-04-23,0.0013322200,0.0016174200,0.0020481300,0.0025679000,0.0032878400,0.0040656900,0.0053443000,0.0063560700,0.0069632800,0.0071614000,0.0070549200
2024-04-22,0.0013717700,0.0016365100,0.0020898300,0.0026122200,0.0033705500,0.0041725400,0.0054625200,0.0064978200,0.0071157900,0.0073167200,0.0072091600
2024-04-19,0.0013950500,0.0016686600,0.0021526300,0.0026909100,0.0034518600,0.0042635200,0.0055812000,0.0066216800,0.0072455900,0.0074482900,0.0073391200
2024-04-18,0.0014045300,0.0016810000,0.0021524700,0.0026996900,0.0034382400,0.0042270700,0.0055381200,0.0065804000,0.0072113400,0.0074131800,0.0072902000
2024-04-17,0.0014393600,0.0016987900,0.0021830300,0.0027251100,0.0034649800,0.0042756700,0.0056130100,0.0066518300,0.0072812600,0.0074847600,0.0073750500
2024-04-16,0.0014844700,0.0017495100,0.0022040300,0.0027558500,0.0035086800,0.0043089400,0.0056205800,0.0066923000,0.0073453200,0.0075486100,0.0074194300
2024-04-15,0.0013823500,0.0016240200,0.0020683700,0.0026037000,0.0033478500,0.0041429100,0.0054397700,0.0064842700,0.0071274700,0.0073301400,0.0072031700
2024-04-12,0.0013895000,0.0016353200,0.0020425300,0.0025648800,0.0032920200,0.0040778800,0.0053247500,0.0063539900,0.0069754900,0.0071754700,0.0070682500
2024-04-11,0.0013177800,0.0015549700,0.0019564000,0.0024634400,0.0031726800,0.0039633200,0.0052353600,0.0062744100,0.0068933500,0.0070929500,0.0069848000
2024-04-10,0.0012631300,0.0015021300,0.0019243600,0.0024164000,0.0031292700,0.0039060700,0.0051996800,0.0062252000,0.0068450200,0.0070452600,0.0069366800
2024-04-09,0.0012950400,0.0015262600,0.0019317400,0.0024340000,0.0031635000,0.0039311700,0.0052039500,0.0062524700,0.0068718200,0.0070717800,0.0069627500
2024-04-08,0.0012223900,0.0014411900,0.0018817300,0.0024123000,0.0031674900,0.0039267200,0.0052698900,0.0063118600,0.0069503200,0.0071513300,0.0070394000
2024-04-05,0.0013081500,0.0015405900,0.0019473500,0.0024655200,0.0032107900,0.0039856600,0.0052986200,0.0063951000,0.0070662500,0.0072674600,0.0071513400
2024-04-04,0.0010425500,0.0012265400,0.0016858400,0.0022776000,0.0031077200,0.0039261600,0.0054223300,0.0066236600,0.0073290700,0.0075401600,0.0074176100
2024-04-03,0.0013081800,0.0015493000,0.0019453600,0.0024433100,0.0032055900,0.0039793400,0.0052879500,0.0063583000,0.0070369400,0.0072388300,0.0071049100
2024-04-02,0.0013215700,0.0015531300,0.0019580400,0.0024617100,0.0032151200,0.0039826100,0.0052879100,0.0063708000,0.0070633100,0.0072648000,0.0071294000
2024-04-01,0.0013196200,0.0015557400,0.0019403100,0.0024622100,0.0032287400,0.0039910000,0.0052931000,0.0063953300,0.0070848300,0.0072884600,0.0071699300
2024-03-29,0.0013369300,0.0015746600,0.0019561800,0.0024660200,0.0032251500,0.0039963300,0.0052959600,0.0063882800,0.0070763200,0.0072796300,0.0071614700
2024-03-28,0.0013190700,0.0015391500,0.0019381400,0.0024437500,0.0032238700,0.0039834000,0.0052920300,0.0064330300,0.0071211100,0.0073260900,0.0072083800
2024-03-27,0.0013107300,0.0015283800,0.0019469600,0.0024488700,0.0032214700,0.0040231600,0.0053795800,0.0064604600,0.0071395100,0.0073450100,0.0072292500
2024-03-26,0.0013099300,0.0015358500,0.0019483800,0.0024531300,0.0032230400,0.0040265000,0.0053831800,0.0064749800,0.0071586100,0.0073648300,0.0072465600
2024-03-25,0.0013654400,0.0015999300,0.0020004300,0.0025165300,0.0032778300,0.0040445600,0.0053570900,0.0064390900,0.0071253500,0.0073284700,0.0071973500
2024-03-22,0.0013834500,0.0016051600,0.0020035900,0.0025472200,0.0033046300,0.0040881000,0.0053969800,0.0064966400,0.0071948200,0.0073966800,0.0072796300
2024-03-21,0.0013282800,0.0015458000,0.0019403600,0.0024506300,0.0032108100,0.0039952800,0.0052956100,0.0063809800,0.0070665200,0.0072512100,0.0071360900
2024-03-20,0.0014212500,0.0016566800,0.0020564800,0.0025816000,0.0033049600,0.0040625200,0.0052863500,0.0063107500,0.0070014400,0.0071858800,0.0070674800
2024-03-19,0.0012726700,0.0015144200,0.0018225800,0.0022930400,0.0030167000,0.0037458200,0.0049869300,0.0060841100,0.0068045300,0.0070013500,0.0068724000
2024-03-18,0.0012597000,0.0015035400,0.0017766500,0.0022541700,0.0029989800,0.0037584000,0.0050507700,0.0061907100,0.0069206200,0.0071213500,0.0069909000
2024-03-15,0.0012839300,0.0015571300,0.0018892300,0.0023704400,0.0030759300,0.0038001600,0.0050312000,0.0061178900,0.0068206300,0.0070182500,0.0068915000
2024-03-14,0.0012830700,0.0015593800,0.0018978800,0.0023775700,0.0030615500,0.0037652700,0.0049970700,0.0060780900,0.0067629600,0.0069595500,0.0068340700
2024-03-13,0.0012497100,0.0015160500,0.0018809800,0.0023692800,0.0030679500,0.0037837700,0.0050495900,0.0061262700,0.0068285300,0.0070269700,0.0068972700
2024-03-12,0.0013269600,0.0016094400,0.0019458700,0.0024412600,0.0031196000,0.0038207300,0.0050458000,0.0061257600,0.0068489600,0.0070454400,0.0068994300
2024-03-11,0.0013201500,0.0016019900,0.0019640900,0.0024485200,0.0031350400,0.0038637600,0.0050855300,0.0061822400,0.0068756800,0.0070730800,0.0069482000
2024-03-08,0.0012780700,0.0015521700,0.0019315800,0.0024201200,0.0031207300,0.0038676800,0.0050849800,0.0061471500,0.0068427900,0.0070397300,0.0069008700
2024-03-07,0.0013296900,0.0016113300,0.0019808200,0.0024661500,0.0031657600,0.0039280200,0.0051087600,0.0062065200,0.0069239000,0.0071214400,0.0069940700
2024-03-06,0.0012913500,0.0015608300,0.0019756200,0.0024602400,0.0031895500,0.0039412800,0.0051301900,0.0062485600,0.0069596600,0.0071578900,0.0070309800
2024-03-05,0.0013591500,0.0016401400,0.0020608800,0.0025640200,0.0032528500,0.0039755300,0.0051157900,0.0062446300,0.0069457600,0.0071422100,0.0070176800
2024-03-04,0.0013544300,0.0016363100,0.0020309100,0.0025235600,0.0032524200,0.0039791600,0.0051637300,0.0063075000,0.0070367200,0.0072337400,0.0071049900
2024-03-01,0.0013297100,0.0016078500,0.0020450000,0.0025645100,0.0032859300,0.0040382300,0.0052709000,0.0063812700,0.0070990600,0.0072983400,0.0071709900
2024-02-29,0.0013200600,0.0015999100,0.0020239600,0.0025478000,0.0032734200,0.0040159300,0.0052557900,0.0063673500,0.0070816100,0.0072809200,0.0071532100
2024-02-28,0.0013843000,0.0016747500,0.0020921900,0.0025833100,0.0032794600,0.0040070700,0.0051242700,0.0062960200,0.0069995600,0.0071952300,0.0070553600
2024-02-27,0.0013765100,0.0016649700,0.0020526900,0.0025374300,0.0032227500,0.0039713200,0.0051143800,0.0062595100,0.0069637700,0.0071599200,0.0070333500
2024-02-26,0.0013916500,0.0016736100,0.0020702100,0.0025610000,0.0032419800,0.0039574400,0.0051328400,0.0062757100,0.0069966000,0.0071950100,0.0070663100
2024-02-23,0.0013767100,0.0016629700,0.0020193800,0.0025292000,0.0032313100,0.0039635500,0.0051501100,0.0063109900,0.0070598600,0.0072596600,0.0071280500
2024-02-22,0.0013934600,0.0016944700,0.0020836700,0.0025996300,0.0032947500,0.0040288400,0.0052121800,0.0063354000,0.0070431600,0.0072431500,0.0071149000
2024-02-21,0.0014439200,0.0017634000,0.0021428700,0.0026597500,0.0033772200,0.0041256600,0.0052415000,0.0063976400,0.0071372800,0.0073332400,0.0071869600
2024-02-20,0.0014449900,0.0017620000,0.0021837800,0.0026926500,0.0034011200,0.0041323400,0.0053398500,0.0065031200,0.0072815700,0.0074810100,0.0073436200
2024-02-19,0.0014629200,0.0017836400,0.0021945800,0.0027087600,0.0034140400,0.0041532800,0.0053258700,0.0064625900,0.0072529700,0.0074501300,0.0073112000
2024-02-16,0.0014715000,0.0017807300,0.0021910800,0.0027033900,0.0034156000,0.0041513400,0.0053237700,0.0064607900,0.0072258800,0.0074201500,0.0072859700
2024-02-15,0.0014874600,0.0017915400,0.0022184200,0.0027382200,0.0034501400,0.0041916600,0.0053911000,0.0065022100,0.0072365700,0.0074165800,0.0072906200
2024-02-14,0.0015502500,0.0018677200,0.0022786500,0.0028125900,0.0035084700,0.0042239100,0.0054149000,0.0065005900,0.0071733900,0.0073684800,0.0072468200
2024-02-13,0.0015298500,0.0018517200,0.0022892900,0.0028068900,0.0035119000,0.0042683500,0.0055370200,0.0066109900,0.0072952700,0.0074943500,0.0073573600
2024-02-12,0.0015227600,0.0018355800,0.0022980800,0.0028223300,0.0035202500,0.0042441800,0.0054627900,0.0065428000,0.0072316500,0.0074287800,0.0072920300
2024-02-09,0.0015593100,0.0018853100,0.0023325400,0.0028823500,0.0035807700,0.0043037100,0.0054746600,0.0065361400,0.0072127200,0.0074084600,0.0072856600
2024-02-08,0.0016251700,0.0019498300,0.0023962000,0.0029504900,0.0036459600,0.0043659500,0.0054721700,0.0065585000,0.0072087100,0.0074033800,0.0072690500
2024-02-07,0.0016068100,0.0019280300,0.0023999800,0.0029190300,0.0036043200,0.0043425400,0.0054754000,0.0065444800,0.0072312900,0.0074256500,0.0072868200
2024-02-06,0.0016053400,0.0019258300,0.0023654600,0.0028983400,0.0035870000,0.0043398200,0.0054808700,0.0065611200,0.0072680600,0.0074644900,0.0073237300
2024-02-05,0.0015961200,0.0019194100,0.0023659800,0.0028892500,0.0035738200,0.0043292300,0.0054691500,0.0065092300,0.0071652500,0.0073600700,0.0072278600
2024-02-02,0.0015927200,0.0019256600,0.0023511100,0.0028794900,0.0035653400,0.0043169200,0.0054767800,0.0065284700,0.0071824000,0.0073781700,0.0072617800
2024-02-01,0.0016079500,0.0019336400,0.0024030000,0.0029302400,0.0036484100,0.0044066500,0.0055863900,0.0066269100,0.0073006700,0.0074978100,0.0073800000
2024-01-31,0.0015652600,0.0018805200,0.0023193100,0.0028589100,0.0035596900,0.0043240100,0.0054974600,0.0065464200,0.0072121000,0.0074098000,0.0072912500
2024-01-30,0.0015039100,0.0018198100,0.0022245600,0.0027585900,0.0034512700,0.0041867000,0.0053898500,0.0064484200,0.0071275000,0.0073268300,0.0071925600
2024-01-29,0.0015852200,0.0019069500,0.0023143700,0.0028385800,0.0035128000,0.0042911100,0.0054040900,0.0064624500,0.0071321700,0.0073275100,0.0072064800
2024-01-26,0.0015489800,0.0018717500,0.0023165800,0.0028586100,0.0035613100,0.0043219300,0.0054940700,0.0065554300,0.0072417200,0.0074379500,0.0072997500
2024-01-25,0.0016207200,0.0019471600,0.0023908100,0.0029315300,0.0036280600,0.0043891300,0.0055070400,0.0065670200,0.0072379200,0.0074329600,0.0072975200
2024-01-24,0.0015879700,0.0019163000,0.0023567800,0.0029052400,0.0035939800,0.0043532200,0.0055322100,0.0065808900,0.0072598500,0.0074562400,0.0073212800
2024-01-23,0.0016319300,0.0019559600,0.0024038000,0.0029345900,0.0036246500,0.0044084900,0.0055850100,0.0066476400,0.0073391700,0.0075366900,0.0074137000
2024-01-22,0.0016376400,0.0019630400,0.0024301600,0.0029641400,0.0036729600,0.0044379700,0.0055986200,0.0066640200,0.0073803700,0.0075849500,0.0074646100
2024-01-19,0.0016698500,0.0020004800,0.0024718000,0.0030040900,0.0037216300,0.0044891600,0.0056289200,0.0067008400,0.0073955000,0.0075996400,0.0074834500
2024-01-18,0.0016769500,0.0020242600,0.0025051000,0.0030493900,0.0037600800,0.0045298000,0.0056741500,0.0067308500,0.0074122800,0.0076159200,0.0075014500
2024-01-17,0.0017619200,0.0021330500,0.0026411900,0.0031904800,0.0039308100,0.0047067400,0.0058832200,0.0069288500,0.0075805200,0.0077855500,0.0076762400
2024-01-16,0.0017068800,0.0020689100,0.0025784100,0.0031399800,0.0038604600,0.0046511200,0.0058082000,0.0068601000,0.0075448800,0.0077490400,0.0076339600
2024-01-15,0.0017138200,0.0020671400,0.0025667600,0.0031142600,0.0038485300,0.0046212200,0.0057911300,0.0068390500,0.0075137100,0.0077180300,0.0076043200
2024-01-12,0.0016876000,0.0020496700,0.0025445600,0.0030772200,0.0037937200,0.0045672600,0.0057220100,0.0067715200,0.0074498800,0.0076545200,0.0075396800
2024-01-11,0.0016864000,0.0020455000,0.0025296000,0.0030579000,0.0037596500,0.0045266600,0.0056504800,0.0067060800,0.0073845600,0.0075873100,0.0074721700
2024-01-10,0.0016909600,0.0020398000,0.0025353600,0.0030881800,0.0038089400,0.0045746600,0.0057326000,0.0067893300,0.0074440900,0.0076514600,0.0075385900
2024-01-09,0.0017681700,0.0021287800,0.0026495200,0.0032032100,0.0039370400,0.0047282300,0.0058957800,0.0069571900,0.0076169300,0.0078381900,0.0077113600
2024-01-08,0.0018401300,0.0022162500,0.0027446100,0.0033196000,0.0040662700,0.0048528000,0.0060090200,0.0070685700,0.0077273200,0.0079318600,0.0078230100
2024-01-05,0.0017995700,0.0021787000,0.0027014100,0.0032633300,0.0040121400,0.0047999500,0.0059725300,0.0070152200,0.0076757000,0.0078791300,0.0077691500
2024-01-04,0.0017771800,0.0021475000,0.0026662200,0.0032259700,0.0039664300,0.0047551400,0.0059247700,0.0069755300,0.0076190600,0.0078225800,0.0077132100
2024-01-03,0.0017793800,0.0021416700,0.0026588000,0.0032195200,0.0039640000,0.0047404400,0.0059030900,0.0069602700,0.0076366100,0.0078400200,0.0077263200
2024-01-02,0.0016795300,0.0020389900,0.0025287200,0.0030651200,0.0038020400,0.0045776900,0.0057338700,0.0067851300,0.0074658300,0.0076719200,0.0075575000
2024-01-01,0.0016446100,0.0019981300,0.0024943400,0.0029842300,0.0036971900,0.0044850800,0.0055868900,0.0066369200,0.0073422300,0.0075452200,0.0074267500
2023-12-29,0.0016585500,0.0020149900,0.0024909700,0.0030021000,0.0037191300,0.0044760900,0.0055660400,0.0066313200,0.0073354200,0.0075376800,0.0074041700
2023-12-28,0.0016622300,0.0020133000,0.0024921400,0.0030028200,0.0037194600,0.0044762300,0.0055602900,0.0066246900,0.0073284500,0.0075305600,0.0074120900
2023-12-27,0.0016234300,0.0019820000,0.0024868900,0.0029819800,0.0037092100,0.0044596100,0.0055891600,0.0066390700,0.0073418400,0.0075447100,0.0074271500
2023-12-26,0.0016550200,0.0020226500,0.0025147100,0.0030284700,0.0037447700,0.0044867700,0.0055466000,0.0066191900,0.0073191700,0.0075210800,0.0074015400
2023-12-25,0.0016539600,0.0020207000,0.0025037700,0.0030156800,0.0037349400,0.0044908500,0.0055441800,0.0066201300,0.0073172000,0.0075190900,0.0074001400
2023-12-22,0.0016956600,0.0020710900,0.0025420800,0.0030527700,0.0037408200,0.0044780800,0.0055729100,0.0066261600,0.0073200700,0.0075223600,0.0074047600
2023-12-21,0.0016888600,0.0020587200,0.0025476500,0.0030591300,0.0037795900,0.0045371900,0.0056021400,0.0066763500,0.0073467100,0.0075499200,0.0074367700
2023-12-20,0.0016682300,0.0020234200,0.0024877000,0.0030511000,0.0037568400,0.0044882600,0.0055289400,0.0065907500,0.0072535400,0.0074548300,0.0073427000
2023-12-19,0.0016815100,0.0020466600,0.0025369500,0.0030564300,0.0037721000,0.0045170200,0.0055950700,0.0066651100,0.0073519100,0.0075551800,0.0074398400
2023-12-18,0.0016789900,0.0020342800,0.0025353700,0.0030428000,0.0037631500,0.0045052800,0.0055976000,0.0066535400,0.0073413500,0.0075439800,0.0074269300
2023-12-15,0.0016399100,0.0019870400,0.0024589200,0.0029900700,0.0037117100,0.0044671100,0.0055853100,0.0066491700,0.0073485700,0.0075534300,0.0074372800
2023-12-14,0.0016312900,0.0019906700,0.0024636400,0.0029887700,0.0037048600,0.0044470000,0.0055876600,0.0066342900,0.0073310800,0.0075351500,0.0074177000
2023-12-13,0.0017566200,0.0021275900,0.0025905200,0.0031658900,0.0038884400,0.0046504900,0.0057705400,0.0068273600,0.0075211400,0.0077254600,0.0076105900
2023-12-12,0.0018188700,0.0021851500,0.0026891400,0.0032357700,0.0039595600,0.0047245200,0.0058664200,0.0068942000,0.0075655800,0.0077699300,0.0076586700
2023-12-11,0.0017630100,0.0021283800,0.0026114000,0.0032158700,0.0039426700,0.0047057800,0.0058055500,0.0068763100,0.0075553300,0.0077585700,0.0076452000
2023-12-08,0.0017984100,0.0021739200,0.0026967400,0.0032842100,0.0039985500,0.0047191900,0.0058755800,0.0069044600,0.0075885600,0.0077922700,0.0076781600
2023-12-07,0.0018305600,0.0022096900,0.0027270500,0.0033169400,0.0040335300,0.0047822900,0.0059847800,0.0070270700,0.0077559400,0.0079623100,0.0078429600
2023-12-06,0.0018209300,0.0021868400,0.0027143700,0.0032861400,0.0040243600,0.0047855600,0.0059797200,0.0070420700,0.0077682100,0.0079745000,0.0078555200
2023-12-05,0.0018561000,0.0022282600,0.0027495200,0.0033439000,0.0040943900,0.0048393900,0.0060533900,0.0071114400,0.0078208300,0.0080292400,0.0079135200
2023-12-04,0.0018018700,0.0021756100,0.0026768700,0.0032692500,0.0040165000,0.0047824600,0.0059502900,0.0070066000,0.0077014500,0.0079095700,0.0077932700
2023-12-01,0.0018148400,0.0021945400,0.0026860200,0.0032715100,0.0040257600,0.0047993200,0.0059662700,0.0070274000,0.0076732100,0.0078958600,0.0077724700
2023-11-30,0.0018609100,0.0022480400,0.0027577900,0.0033628300,0.0041225200,0.0049131300,0.0061081100,0.0071474400,0.0078034300,0.0080134000,0.0079022600
2023-11-29,0.0018680600,0.0022550000,0.0027925200,0.0034004800,0.0041713300,0.0049588500,0.0061253100,0.0071827500,0.0078450900,0.0080709700,0.0079435600
2023-11-28,0.0019595900,0.0023518300,0.0029156400,0.0035180700,0.0043114500,0.0051040500,0.0062779800,0.0073246600,0.0079884200,0.0082116900,0.0080870700
2023-11-27,0.0019267700,0.0023086500,0.0028722100,0.0034825600,0.0042597700,0.0050572800,0.0062025900,0.0072446800,0.0079038300,0.0081083600,0.0080003700
2023-11-24,0.0019236800,0.0023055100,0.0028542800,0.0034739500,0.0042086100,0.0050227000,0.0061970300,0.0072454000,0.0079182900,0.0081231600,0.0080124300
2023-11-23,0.0019283500,0.0023111100,0.0028693200,0.0034781300,0.0042287500,0.0050492700,0.0062377100,0.0072894800,0.0079619900,0.0081682700,0.0080575600
2023-11-22,0.0019344300,0.0023212800,0.0028798300,0.0035085500,0.0042648200,0.0050843100,0.0062382500,0.0073040000,0.0079683700,0.0081745800,0.0080655000
2023-11-21,0.0019729500,0.0023654800,0.0029340400,0.0035703500,0.0043350400,0.0051458400,0.0062913900,0.0073427200,0.0080065000,0.0082156200,0.0081050200
2023-11-20,0.0019579600,0.0023461800,0.0029076200,0.0035399900,0.0043130400,0.0051111900,0.0062842000,0.0073471200,0.0080130300,0.0082365200,0.0081109100
2023-11-17,0.0019811600,0.0023750100,0.0029268300,0.0035777800,0.0043523200,0.0051697600,0.0063490700,0.0074014100,0.0080855200,0.0082941100,0.0081827800
2023-11-16,0.0019987100,0.0023912700,0.0029601600,0.0035987200,0.0043695700,0.0051867000,0.0063740500,0.0074203300,0.0080993000,0.0083067300,0.0081965700
2023-11-15,0.0019458900,0.0023310500,0.0028965300,0.0035421500,0.0042994500,0.0051189700,0.0062753800,0.0073410300,0.0080201200,0.0082250800,0.0081137200
2023-11-14,0.0020168100,0.0024154500,0.0029988800,0.0036476100,0.0044283000,0.0052540300,0.0064172400,0.0074860400,0.0081670000,0.0083729400,0.0082630100
2023-11-13,0.0020960200,0.0025045800,0.0031119700,0.0037798800,0.0045719000,0.0054385000,0.0065899300,0.0076634000,0.0083523000,0.0085592300,0.0084482600
2023-11-10,0.0021132800,0.0025224600,0.0031352100,0.0037904500,0.0045938600,0.0054573900,0.0066012800,0.0076835200,0.0083671100,0.0085733900,0.0084622700
2023-11-09,0.0020939800,0.0025009500,0.0030965600,0.0037502500,0.0045363000,0.0053818000,0.0065631300,0.0076210800,0.0083089900,0.0085161200,0.0084049000
2023-11-08,0.0020634600,0.0024657200,0.0030638900,0.0037232800,0.0045205200,0.0053508000,0.0065053800,0.0075635100,0.0082432500,0.0084491100,0.0083398000
2023-11-07,0.0021337200,0.0025471300,0.0031514000,0.0038217600,0.0046385200,0.0054600700,0.0066679900,0.0077016500,0.0083593200,0.0085661500,0.0084600300
2023-11-06,0.0020972900,0.0025041500,0.0031082500,0.0037668800,0.0045616300,0.0054178200,0.0065625800,0.0076367600,0.0083114200,0.0085165500,0.0084063000
2023-11-03,0.0020616000,0.0024646200,0.0030640100,0.0037343400,0.0045149100,0.0053818300,0.0064822800,0.0075625900,0.0082604600,0.0084637200,0.0083499500
2023-11-02,0.0020794000,0.0025011300,0.0030983900,0.0037670400,0.0045572700,0.0054231500,0.0065530900,0.0076226800,0.0083071500,0.0085079200,0.0083950400
2023-11-01,0.0021430500,0.0025673200,0.0031854200,0.0038787900,0.0047025200,0.0055834500,0.0066961400,0.0077644700,0.0084776900,0.0086609900,0.0085388600
2023-10-31,0.0021595300,0.0025823600,0.0031954500,0.0038731100,0.0046942900,0.0055694000,0.0067165200,0.0077851300,0.0085779800,0.0087693200,0.0085981700
2023-10-30,0.0021336200,0.0025648500,0.0032016100,0.0039064500,0.0047191700,0.0055979400,0.0067281300,0.0078210300,0.0086158900,0.0088067900,0.0086393100
2023-10-27,0.0022134400,0.0026474900,0.0032648200,0.0039532900,0.0047661500,0.0056664400,0.0068331600,0.0079031600,0.0086492600,0.0088411600,0.0086973000
2023-10-26,0.0022248800,0.0026587900,0.0033053300,0.0040104100,0.0048326200,0.0056886500,0.0068618700,0.0079331000,0.0086641900,0.0088564100,0.0086984300
2023-10-25,0.0021933700,0.0026258500,0.0032666400,0.0039791900,0.0048002000,0.0056225700,0.0068265200,0.0079056100,0.0086721000,0.0088622400,0.0087013800
2023-10-24,0.0021566400,0.0025939600,0.0032298400,0.0039425100,0.0047593700,0.0055845600,0.0067915500,0.0078714400,0.0086484200,0.0088226400,0.0086770100
2023-10-23,0.0022163600,0.0026630400,0.0033128300,0.0040164500,0.0048385100,0.0057297900,0.0068843300,0.0079769800,0.0087284300,0.0089230800,0.0087631700
2023-10-20,0.0022361400,0.0026754000,0.0033430400,0.0040373900,0.0048669100,0.0057395300,0.0069002500,0.0079685400,0.0087006400,0.0088944700,0.0087408000
2023-10-19,0.0021783200,0.0026185200,0.0032589000,0.0039417700,0.0047638700,0.0056228600,0.0067847100,0.0078355000,0.0085418200,0.0087352700,0.0085976200
2023-10-18,0.0021513800,0.0025843800,0.0032127400,0.0038925600,0.0047184900,0.0055416800,0.0067600300,0.0077941700,0.0085519900,0.0087466300,0.0085842100
2023-10-17,0.0021308700,0.0025532500,0.0031593900,0.0038398100,0.0046435800,0.0054473800,0.0066817900,0.0077273400,0.0084698100,0.0086636000,0.0085041100
2023-10-16,0.0021206600,0.0025392300,0.0031560100,0.0038331600,0.0046467800,0.0054785300,0.0066435200,0.0077083100,0.0084424500,0.0086323500,0.0084776400
2023-10-13,0.0020791500,0.0025035500,0.0031182900,0.0037637300,0.0045589400,0.0054070900,0.0065569100,0.0076238000,0.0083786600,0.0085507400,0.0084112000
2023-10-12,0.0020427000,0.0024645100,0.0030636300,0.0036908200,0.0044819800,0.0053316700,0.0064715000,0.0075379500,0.0082608600,0.0084522700,0.0083138300
2023-10-11,0.0020957100,0.0025275300,0.0031453400,0.0037866500,0.0045867900,0.0054405200,0.0065840500,0.0076691000,0.0083994000,0.0085922100,0.0084535500
2023-10-10,0.0021253600,0.0025647400,0.0031921700,0.0038458800,0.0046559400,0.0054899700,0.0066662900,0.0077511800,0.0084840100,0.0086783200,0.0085368100
2023-10-09,0.0022359100,0.0026840100,0.0033552100,0.0040449700,0.0048733700,0.0057428200,0.0069135500,0.0080024500,0.0087271400,0.0089219000,0.0087658400
2023-10-06,0.0022337900,0.0026670000,0.0033238100,0.0039949800,0.0048286200,0.0056896700,0.0068657700,0.0079456700,0.0086951600,0.0088904100,0.0087302200
2023-10-05,0.0022285800,0.0026660200,0.0032930300,0.0039610900,0.0047778400,0.0055883900,0.0068214300,0.0078758900,0.0086148400,0.0088100100,0.0086550500
2023-10-04,0.0021573100,0.0025805900,0.0031904800,0.0038639900,0.0046820000,0.0054821700,0.0066928700,0.0077515200,0.0084663300,0.0086616800,0.0085223000
2023-10-03,0.0021101300,0.0025234800,0.0031302100,0.0037925400,0.0046201600,0.0054242600,0.0066044500,0.0076727700,0.0084172000,0.0086120900,0.0084487900
2023-10-02,0.0020069900,0.0024030900,0.0029800800,0.0036244600,0.0044201500,0.0052388000,0.0063970000,0.0074891600,0.0082958400,0.0084900800,0.0083131400
2023-09-29,0.0019469600,0.0023364600,0.0028860300,0.0035168800,0.0043202700,0.0051432500,0.0062783600,0.0073944300,0.0083115800,0.0085062700,0.0083115000
2023-09-28,0.0020521300,0.0024602800,0.0030295100,0.0036841500,0.0044664600,0.0052898500,0.0064704700,0.0075389600,0.0084490200,0.0086449600,0.0084568200
2023-09-27,0.0019861900,0.0023779700,0.0029514200,0.0036249200,0.0043849400,0.0052578100,0.0064130600,0.0074941600,0.0083008500,0.0084992200,0.0083428000
2023-09-26,0.0019895900,0.0023824400,0.0029578600,0.0036281200,0.0043880400,0.0052506600,0.0064066600,0.0074855000,0.0082758800,0.0084917800,0.0083273200
2023-09-25,0.0019884700,0.0023799500,0.0029551300,0.0035898400,0.0043751200,0.0051625700,0.0063556700,0.0074463900,0.0081851900,0.0083930900,0.0082751200
2023-09-22,0.0019948700,0.0023912100,0.0030504000,0.0037233400,0.0043736400,0.0051379300,0.0063494100,0.0077419800,0.0084803300,0.0087007500,0.0085850000
2023-09-21,0.0019591600,0.0023329500,0.0028879400,0.0035369000,0.0043247000,0.0050997800,0.0062732100,0.0073283700,0.0080047000,0.0082138900,0.0081056300
2023-09-20,0.0019073700,0.0022755500,0.0028136600,0.0034474500,0.0042291700,0.0050000900,0.0061749500,0.0071994700,0.0078561300,0.0080631900,0.0079596400
2023-09-19,0.0017083500,0.0020274200,0.0025593100,0.0031438800,0.0039308000,0.0046691700,0.0058491900,0.0069080700,0.0075876800,0.0077891300,0.0077035800
2023-09-18,0.0017302100,0.0020538200,0.0025894900,0.0031789100,0.0039797800,0.0047252400,0.0059003700,0.0069565400,0.0076231800,0.0078254200,0.0077419300
2023-09-15,0.0017005000,0.0020265800,0.0025501400,0.0031355000,0.0039311200,0.0046831100,0.0058447800,0.0069132500,0.0075931000,0.0077947800,0.0077091900
2023-09-14,0.0017232800,0.0020416300,0.0025578200,0.0031819300,0.0039976600,0.0047497200,0.0058999700,0.0069818100,0.0076605600,0.0078643900,0.0077810600
2023-09-13,0.0017798900,0.0021073800,0.0026701800,0.0032712000,0.0040903100,0.0048496900,0.0059762400,0.0070223400,0.0076775900,0.0078815900,0.0078004700
2023-09-12,0.0017558700,0.0020780300,0.0026387300,0.0032262600,0.0040350200,0.0047872100,0.0059377400,0.0069726300,0.0076483900,0.0078504300,0.0077661400
2023-09-11,0.0017579600,0.0020785200,0.0026209600,0.0032154200,0.0040173700,0.0047685700,0.0058969400,0.0069688800,0.0076348000,0.0078373200,0.0077528300
2023-09-08,0.0017794200,0.0020945900,0.0026139900,0.0032122900,0.0040088600,0.0047826100,0.0058403700,0.0069372900,0.0076490500,0.0078500300,0.0077592500
2023-09-07,0.0017926500,0.0021115300,0.0026149600,0.0032500400,0.0040370100,0.0048057400,0.0058791700,0.0069887200,0.0077209800,0.0079234600,0.0078299100
2023-09-06,0.0017832500,0.0021008900,0.0025990200,0.0032280200,0.0040141000,0.0047874300,0.0058607000,0.0069645700,0.0076875500,0.0078904300,0.0077974000
2023-09-05,0.0017517000,0.0020655700,0.0025545900,0.0031843100,0.0039614800,0.0047222900,0.0057881900,0.0068975200,0.0076495800,0.0078515500,0.0077538700
2023-09-04,0.0017120000,0.0020287700,0.0025159800,0.0031382300,0.0039153100,0.0046629300,0.0057373500,0.0068455500,0.0075938900,0.0077948100,0.0076978600
2023-09-01,0.0017426900,0.0020547400,0.0026001700,0.0032062000,0.0039784900,0.0047278100,0.0058184500,0.0069133300,0.0076480500,0.0078499100,0.0077572800
2023-08-31,0.0017631400,0.0020846700,0.0025770800,0.0031873800,0.0039685400,0.0047201900,0.0058280200,0.0069396200,0.0076764700,0.0078797800,0.0078007300
2023-08-30,0.0017678800,0.0020892500,0.0025881800,0.0032016600,0.0039903500,0.0047280900,0.0058480300,0.0069696000,0.0076971200,0.0079012000,0.0078096400
2023-08-29,0.0017964800,0.0020887800,0.0025845600,0.0031999600,0.0039876700,0.0047218700,0.0058522100,0.0069445300,0.0076347500,0.0078379200,0.0077526600
2023-08-28,0.0018545200,0.0021520300,0.0026525400,0.0032679800,0.0040580200,0.0048345100,0.0059830200,0.0070674000,0.0077568800,0.0079611800,0.0078758700
2023-08-25,0.0018596000,0.0021580400,0.0026739100,0.0032794900,0.0040776700,0.0048433100,0.0059670400,0.0070637600,0.0077534200,0.0079574900,0.0078721500
2023-08-24,0.0018630800,0.0021627800,0.0026847600,0.0032925600,0.0040934400,0.0048379500,0.0059631900,0.0070602600,0.0077556300,0.0079591700,0.0078746800
2023-08-23,0.0018788200,0.0021813000,0.0027090600,0.0033213400,0.0041303100,0.0048772700,0.0060051800,0.0071056200,0.0078046800,0.0080082700,0.0079363300
2023-08-22,0.0018775100,0.0021794500,0.0027116000,0.0033374400,0.0041624500,0.0049208900,0.0060304900,0.0071321100,0.0078337000,0.0080372400,0.0079499000
2023-08-21,0.0019212500,0.0022277700,0.0027623600,0.0033825400,0.0042122000,0.0049753700,0.0060795500,0.0071949900,0.0079081000,0.0081112500,0.0080197900
2023-08-18,0.0019540600,0.0022635100,0.0028140900,0.0034402600,0.0042579400,0.0050157500,0.0060904600,0.0072246200,0.0080015700,0.0082051500,0.0081065200
2023-08-17,0.0019277800,0.0022349800,0.0027729800,0.0034040200,0.0042236200,0.0049676600,0.0060319200,0.0071537400,0.0079167700,0.0081206000,0.0080231800
2023-08-16,0.0018730500,0.0021726800,0.0027035800,0.0033347500,0.0041445200,0.0048780300,0.0059210700,0.0070208000,0.0077816300,0.0079846900,0.0078871500
2023-08-15,0.0018556300,0.0021536600,0.0026959300,0.0032907400,0.0041012000,0.0048556400,0.0058805800,0.0069696300,0.0077403300,0.0079424000,0.0078431600
2023-08-14,0.0018656300,0.0021675100,0.0027150600,0.0032842400,0.0040817200,0.0048193700,0.0058747400,0.0069589700,0.0077308700,0.0079326100,0.0078327700
2023-08-11,0.0018515600,0.0021497200,0.0026873000,0.0032612400,0.0040493800,0.0047777300,0.0058427600,0.0069299200,0.0077164500,0.0079176400,0.0078141300
2023-08-10,0.0018476300,0.0021469400,0.0026572000,0.0032241900,0.0040306500,0.0047668100,0.0058034400,0.0068952200,0.0077079400,0.0079089100,0.0078003400
2023-08-09,0.0018377900,0.0021432800,0.0026183500,0.0032216600,0.0040468800,0.0048000800,0.0058294700,0.0069253600,0.0078162300,0.0080192000,0.0079002900
2023-08-08,0.0018956800,0.0022011600,0.0027106300,0.0032614700,0.0041037500,0.0048720600,0.0059092000,0.0069672600,0.0078391000,0.0080434300,0.0079301000
2023-08-07,0.0018252100,0.0021297200,0.0026672300,0.0032112300,0.0040475700,0.0047540800,0.0057676100,0.0068325900,0.0076348300,0.0078362400,0.0077305700
2023-08-04,0.0018316800,0.0021466400,0.0026161400,0.0031950900,0.0040246800,0.0047814400,0.0057906100,0.0068660500,0.0076750500,0.0078780200,0.0077719600
2023-08-03,0.0018654000,0.0021741600,0.0026612900,0.0032563300,0.0040760000,0.0048470100,0.0058500800,0.0069183700,0.0077314000,0.0079335000,0.0078258100
2023-08-02,0.0018586300,0.0021748300,0.0026530100,0.0032441200,0.0040592100,0.0048271000,0.0058312300,0.0068979900,0.0077391700,0.0079414600,0.0078303700
2023-08-01,0.0018510700,0.0021570900,0.0026411000,0.0031643300,0.0039922100,0.0047598600,0.0057760600,0.0068438300,0.0076653500,0.0078667800,0.0077581500
2023-07-31,0.0018040300,0.0021041100,0.0025786600,0.0031640200,0.0039676800,0.0047082400,0.0057221300,0.0067937500,0.0076068500,0.0078083800,0.0077014600
2023-07-28,0.0018203900,0.0021230200,0.0025911000,0.0031650700,0.0039725500,0.0047488400,0.0057747700,0.0068615000,0.0076858000,0.0078873400,0.0077791700
2023-07-27,0.0018372800,0.0021408800,0.0026157800,0.0031916000,0.0039968900,0.0047827600,0.0058190800,0.0069084000,0.0077407300,0.0079428600,0.0078339700
2023-07-26,0.0019030800,0.0022197700,0.0027401600,0.0033263800,0.0041154200,0.0049221400,0.0059763100,0.0070724800,0.0079392300,0.0081430800,0.0080306100
2023-07-25,0.0019195500,0.0022327000,0.0027971700,0.0033768200,0.0041700400,0.0049697000,0.0059868700,0.0070667400,0.0078913300,0.0080947400,0.0079882500
2023-07-24,0.0019302300,0.0022457700,0.0027798900,0.0033557800,0.0041814500,0.0050206300,0.0060519100,0.0071292100,0.0079600900,0.0081654800,0.0080590300
2023-07-21,0.0019439300,0.0022670100,0.0027948000,0.0033415700,0.0041805400,0.0050229600,0.0060475200,0.0071078500,0.0079345400,0.0081407800,0.0080350300
2023-07-20,0.0019719700,0.0022983200,0.0028269000,0.0033341500,0.0041766600,0.0050239300,0.0060407900,0.0071067600,0.0079137700,0.0081183700,0.0080145300
2023-07-19,0.0019595400,0.0022865500,0.0028113400,0.0033110300,0.0041396600,0.0049866900,0.0060015200,0.0070536300,0.0078611500,0.0080643400,0.0079604800
2023-07-18,0.0019904300,0.0023327800,0.0028576900,0.0033440900,0.0041718900,0.0050337600,0.0060479300,0.0071240300,0.0079280800,0.0081318800,0.0080287900
2023-07-17,0.0019812500,0.0023109500,0.0028667900,0.0034291300,0.0042647000,0.0051141500,0.0061191500,0.0071607900,0.0079731700,0.0081778400,0.0080730200
2023-07-14,0.0019745600,0.0023034200,0.0028822200,0.0034497400,0.0042717200,0.0050909600,0.0060613000,0.0070845200,0.0079159200,0.0081195100,0.0080116300
2023-07-13,0.0019826600,0.0023258400,0.0028729600,0.0033974000,0.0042297200,0.0050755800,0.0060313900,0.0070765300,0.0079197200,0.0081230100,0.0080144900
2023-07-12,0.0020152100,0.0023747200,0.0029439200,0.0034643400,0.0043128900,0.0051545700,0.0061203200,0.0071644600,0.0079895800,0.0081936400,0.0080887500
2023-07-11,0.0021250400,0.0025026300,0.0030860600,0.0036043200,0.0044804500,0.0053446500,0.0063204000,0.0073569800,0.0081425500,0.0083466100,0.0082477700
2023-07-10,0.0021520600,0.0025348600,0.0031713000,0.0037359400,0.0046225500,0.0054988200,0.0064762300,0.0074985600,0.0082912900,0.0084953400,0.0083958300
2023-07-07,0.0021975300,0.0025871300,0.0032042200,0.0037572400,0.0046557900,0.0055698100,0.0065561900,0.0075908900,0.0083881300,0.0085925900,0.0084919900
2023-07-06,0.0022043200,0.0025936200,0.0032179100,0.0037907200,0.0046888300,0.0055798100,0.0065567400,0.0075946200,0.0084076900,0.0086131000,0.0085098400
2023-07-05,0.0021569000,0.0025376200,0.0031444900,0.0036986300,0.0045825200,0.0054675600,0.0064289400,0.0074452900,0.0082546200,0.0084594400,0.0083539700
2023-07-04,0.0021321400,0.0024985800,0.0031080300,0.0036515200,0.0045292000,0.0054084400,0.0063749900,0.0074077400,0.0082397600,0.0084443900,0.0083223200
2023-07-03,0.0021152800,0.0024921300,0.0030941500,0.0036581600,0.0045381000,0.0054154000,0.0063943300,0.0074356100,0.0083147600,0.0085204500,0.0084079500
2023-06-30,0.0021598400,0.0025538300,0.0031500400,0.0036956600,0.0045873000,0.0054919600,0.0065046100,0.0075479800,0.0083902000,0.0085957300,0.0084899000
2023-06-29,0.0022909800,0.0027000100,0.0033584900,0.0039478400,0.0048596700,0.0057978300,0.0067947400,0.0078419100,0.0086953900,0.0089014900,0.0087940100
2023-06-28,0.0023395600,0.0027572500,0.0034257400,0.0040381200,0.0049655100,0.0059085800,0.0068906600,0.0079384300,0.0087740400,0.0089796900,0.0088757100
2023-06-27,0.0023297700,0.0027545400,0.0033938500,0.0040757300,0.0050150300,0.0059739300,0.0069499300,0.0079675700,0.0087996200,0.0090038700,0.0089007400
2023-06-26,0.0023577500,0.0027748300,0.0034285300,0.0041062800,0.0050430400,0.0059938600,0.0069950400,0.0079872800,0.0087778500,0.0089726100,0.0088687800
2023-06-23,0.0023801200,0.0028032700,0.0034726700,0.0041305700,0.0050388500,0.0059064400,0.0068712200,0.0078514200,0.0086243100,0.0088162200,0.0087144200
2023-06-22,0.0023585600,0.0027883000,0.0034393200,0.0040987100,0.0049948900,0.0058871600,0.0068585100,0.0078584200,0.0086358400,0.0088296800,0.0087278400
2023-06-21,0.0023129700,0.0027357800,0.0033690800,0.0040304400,0.0049375900,0.0058298000,0.0068751900,0.0078681100,0.0086368900,0.0088313400,0.0087304700
2023-06-20,0.0023196700,0.0027320400,0.0034636700,0.0041539800,0.0050211400,0.0058660200,0.0068453700,0.0078383700,0.0086052700,0.0087978800,0.0086974900
2023-06-19,0.0022653500,0.0026692200,0.0033656700,0.0040828100,0.0049773100,0.0058669300,0.0068528700,0.0078413200,0.0086257400,0.0088157400,0.0087128100
2023-06-16,0.0022973700,0.0027148600,0.0034059200,0.0040927800,0.0049734800,0.0058564600,0.0068308700,0.0078232100,0.0086141800,0.0087899500,0.0086884600
2023-06-15,0.0023425200,0.0027589400,0.0034626900,0.0041489600,0.0050474100,0.0059375300,0.0069166300,0.0078973800,0.0086467800,0.0088389700,0.0087393300
2023-06-14,0.0023191600,0.0027308200,0.0034288000,0.0041062700,0.0049834500,0.0058628000,0.0068402000,0.0078200800,0.0085917100,0.0087841900,0.0086803100
2023-06-13,0.0022671900,0.0026713600,0.0033747200,0.0040418800,0.0048906600,0.0057154700,0.0066878200,0.0076816900,0.0084818600,0.0086745300,0.0085668500
2023-06-12,0.0022651200,0.0026695100,0.0033864400,0.0040522200,0.0048867600,0.0056885100,0.0066641000,0.0076631300,0.0084667100,0.0086599600,0.0085523900
2023-06-09,0.0022198200,0.0026162600,0.0032718700,0.0039575700,0.0048691400,0.0057344200,0.0067261100,0.0077000100,0.0085017900,0.0086953900,0.0085895400
2023-06-08,0.0022002500,0.0026021800,0.0032570900,0.0039515700,0.0048446500,0.0057295700,0.0067163300,0.0076936300,0.0084719900,0.0086654100,0.0085620100
2023-06-07,0.0022529100,0.0026549100,0.0032715800,0.0039446900,0.0048453600,0.0057382200,0.0066960400,0.0076853800,0.0084649200,0.0086582800,0.0085542600
2023-06-06,0.0022606100,0.0026656600,0.0032829400,0.0039510800,0.0048600200,0.0057345300,0.0066984700,0.0077194300,0.0084892200,0.0086874000,0.0085846300
2023-06-05,0.0022836900,0.0026990900,0.0033487000,0.0040484900,0.0049688600,0.0058232600,0.0067957700,0.0077759400,0.0083968200,0.0086234100,0.0085238900
2023-06-02,0.0022853100,0.0026978400,0.0033216700,0.0039909900,0.0049268300,0.0058136600,0.0067621300,0.0077472800,0.0085196500,0.0087120800,0.0086092400
2023-06-01,0.0023083000,0.0027352500,0.0033563000,0.0040417000,0.0049760800,0.0058808600,0.0068431800,0.0078203700,0.0085922700,0.0087847800,0.0086834600
2023-05-31,0.0023657200,0.0027908400,0.0034434400,0.0041446400,0.0050612200,0.0059969600,0.0069675100,0.0079545200,0.0087144300,0.0089068700,0.0088075400
2023-05-30,0.0023075500,0.0027251500,0.0033918800,0.0041025900,0.0050170600,0.0059150800,0.0068890400,0.0078681700,0.0086266600,0.0088185100,0.0087191500
2023-05-29,0.0023850100,0.0028172100,0.0034567300,0.0041513600,0.0051187000,0.0059894200,0.0069460400,0.0079380700,0.0087020100,0.0088941200,0.0087940300
2023-05-26,0.0023503700,0.0027774700,0.0034161000,0.0041100500,0.0050787600,0.0059836300,0.0069419900,0.0079274600,0.0086921900,0.0088840300,0.0087833600
2023-05-25,0.0023789500,0.0028238900,0.0034848200,0.0042062200,0.0051694900,0.0061028100,0.0070660000,0.0080538700,0.0088357000,0.0090279000,0.0089248900
2023-05-24,0.0024239500,0.0028750000,0.0035341300,0.0042595500,0.0052168200,0.0061540700,0.0071192800,0.0081133100,0.0088926300,0.0090846500,0.0089828900
2023-05-23,0.0023303600,0.0027626300,0.0033909000,0.0040801600,0.0050241300,0.0059289400,0.0068820900,0.0078643400,0.0086365400,0.0088282700,0.0087257200
2023-05-22,0.0022994900,0.0027151600,0.0033489500,0.0040441900,0.0049773600,0.0059010500,0.0068448900,0.0078157600,0.0085951300,0.0087873400,0.0086870800
2023-05-19,0.0023239700,0.0027402700,0.0033823200,0.0040844800,0.0050166900,0.0059638700,0.0069074000,0.0078856200,0.0086725400,0.0088691300,0.0087896300
2023-05-18,0.0023866600,0.0027757600,0.0034394400,0.0041634200,0.0051118800,0.0060754000,0.0070247800,0.0080066100,0.0087777500,0.0089963000,0.0089681900
2023-05-17,0.0024502200,0.0028531900,0.0035790800,0.0043379700,0.0053123200,0.0063087800,0.0072694700,0.0082439600,0.0089951900,0.0092159200,0.0092095900
2023-05-16,0.0024251700,0.0028524500,0.0035346000,0.0042601600,0.0052245400,0.0062471300,0.0071685300,0.0081197000,0.0088632600,0.0090805000,0.0091067700
2023-05-15,0.0024780500,0.0029152200,0.0035796000,0.0043044800,0.0052864800,0.0062505900,0.0071867000,0.0081705100,0.0089358800,0.0091520700,0.0091641000
2023-05-12,0.0025163900,0.0029603700,0.0036162800,0.0043314500,0.0053499700,0.0062926100,0.0072359000,0.0082255600,0.0089555000,0.0091548700,0.0091555300
2023-05-11,0.0025524200,0.0030130900,0.0036734800,0.0044028300,0.0054325300,0.0063975600,0.0073535400,0.0083423500,0.0090929000,0.0092935700,0.0092932800
2023-05-10,0.0025956000,0.0030553300,0.0037571800,0.0045229600,0.0055797000,0.0065725700,0.0075085900,0.0084965600,0.0092490400,0.0094499000,0.0094476400
2023-05-09,0.0025815200,0.0030365400,0.0037555500,0.0045357900,0.0055773900,0.0065676000,0.0075077400,0.0084922800,0.0092283000,0.0094276300,0.0094272200
2023-05-08,0.0024362100,0.0028804100,0.0036151700,0.0044203800,0.0054421400,0.0064549600,0.0074089500,0.0083988400,0.0091461200,0.0093461000,0.0093442900
2023-05-05,0.0025071569,0.0029629329,0.0036925322,0.0044905186,0.0055275301,0.0065421758,0.0074833762,0.0084752326,0.0092365034,0.0094369881,0.0094326324
2023-05-04,0.0025801700,0.0030478200,0.0037715500,0.0045617700,0.0056142600,0.0066305700,0.0075585500,0.0085523200,0.0093277800,0.0095287600,0.0095218100
2023-05-03,0.0025360700,0.0029819300,0.0037154600,0.0044854500,0.0055451200,0.0065784800,0.0074757400,0.0084816300,0.0092757100,0.0094776700,0.0094585500
2023-05-02,0.0025336700,0.0029812100,0.0036821700,0.0044640700,0.0054795400,0.0064218200,0.0074091500,0.0084441100,0.0092811500,0.0094849000,0.0094733300
2023-05-01,0.0024403000,0.0028750700,0.0035850500,0.0043752700,0.0053880600,0.0063090900,0.0072925300,0.0083436800,0.0091636100,0.0093682300,0.0093595700
2023-04-28,0.0023936400,0.0028206100,0.0035269700,0.0043014700,0.0052600300,0.0062620700,0.0072016300,0.0082519900,0.0090582900,0.0092611300,0.0092541600
2023-04-27,0.0024774400,0.0029258400,0.0035962100,0.0043555700,0.0053550500,0.0063781500,0.0072542000,0.0082664100,0.0090207300,0.0092205200,0.0092175000
2023-04-26,0.0025301400,0.0029837800,0.0036685800,0.0044364000,0.0054449200,0.0064491600,0.0073602500,0.0083848300,0.0091325800,0.0093353600,0.0093357200
2023-04-25,0.0024249100,0.0028505600,0.0035244700,0.0042650400,0.0052529900,0.0062645200,0.0071476400,0.0081608800,0.0089007900,0.0091018000,0.0091034000
2023-04-24,0.0023703400,0.0027832400,0.0034688100,0.0042067500,0.0051914000,0.0062886400,0.0070973200,0.0080624300,0.0088049800,0.0090050000,0.0090162400
2023-04-21,0.0023890200,0.0028043200,0.0034755200,0.0041981600,0.0051452800,0.0061154500,0.0070451100,0.0080703800,0.0088047000,0.0090076600,0.0090085800
2023-04-20,0.0023930800,0.0028078200,0.0034436500,0.0041423000,0.0050804800,0.0060388200,0.0069427600,0.0079774500,0.0087324600,0.0089348400,0.0089335200
2023-04-19,0.0022999600,0.0027016000,0.0032891900,0.0039299300,0.0048488000,0.0057404100,0.0066616400,0.0076968300,0.0084489700,0.0086528800,0.0086494800
2023-04-18,0.0021620000,0.0025402200,0.0031327400,0.0037685300,0.0046229400,0.0055164600,0.0064959000,0.0075234600,0.0082928100,0.0084969600,0.0084908100
2023-04-17,0.0021507900,0.0025253800,0.0031172500,0.0037628500,0.0046050300,0.0054510900,0.0064417100,0.0074677900,0.0082378300,0.0084407700,0.0084330700
2023-04-14,0.0021443400,0.0025238400,0.0031034200,0.0037401900,0.0045845200,0.0054427800,0.0064247500,0.0074501900,0.0082301400,0.0084338500,0.0084256200
2023-04-13,0.0022814400,0.0026957700,0.0032635800,0.0038837900,0.0047623300,0.0056326900,0.0066118200,0.0076208400,0.0083842200,0.0085876200,0.0085826100
2023-04-12,0.0022215100,0.0026260600,0.0032166500,0.0038664500,0.0047554800,0.0056220300,0.0066085600,0.0076163600,0.0083773700,0.0085811100,0.0085756400
2023-04-11,0.0023001600,0.0027273600,0.0033434800,0.0040191900,0.0049452500,0.0058389300,0.0068267500,0.0078567000,0.0086138700,0.0088175900,0.0088131300
2023-04-10,0.0024860000,0.0029410500,0.0035505900,0.0042459000,0.0052565300,0.0061824400,0.0071937400,0.0082265700,0.0090043800,0.0092114800,0.0092057900
2023-04-07,0.0024761300,0.0029295500,0.0035438900,0.0042337100,0.0052273500,0.0061453100,0.0071436200,0.0081698900,0.0089426200,0.0091485000,0.0091428800
2023-04-06,0.0024408200,0.0028881800,0.0035216400,0.0041974700,0.0051327800,0.0060512200,0.0070446400,0.0080518100,0.0088110700,0.0090135900,0.0090079600
2023-04-05,0.0024220800,0.0028700800,0.0035106200,0.0042048000,0.0051309900,0.0060347200,0.0070368500,0.0080579000,0.0088045300,0.0090072700,0.0090030800
2023-04-04,0.0023653600,0.0028127600,0.0034238200,0.0040883500,0.0050128800,0.0059044400,0.0068872100,0.0079033000,0.0086507200,0.0088524500,0.0088474000
2023-04-03,0.0023027000,0.0027237100,0.0033594300,0.0040219100,0.0049348100,0.0057673800,0.0067865300,0.0078139800,0.0085778400,0.0087828200,0.0087776600
2023-03-31,0.0023100800,0.0027364900,0.0033459100,0.0039931000,0.0049226400,0.0057796400,0.0067945000,0.0078164800,0.0085611100,0.0087641100,0.0087612200
2023-03-30,0.0023915000,0.0028414000,0.0034751500,0.0041516100,0.0051171000,0.0060014500,0.0070069500,0.0080238700,0.0087576600,0.0089587200,0.0089592900
2023-03-29,0.0027143900,0.0032252300,0.0039710100,0.0047794400,0.0058644500,0.0068474400,0.0078541400,0.0088762300,0.0095890600,0.0097947100,0.0098018800
2023-03-28,0.0028367900,0.0033828300,0.0041483400,0.0049866800,0.0060923000,0.0071154200,0.0081218600,0.0091302800,0.0098649400,0.0100692000,0.0100707400
2023-03-27,0.0029121900,0.0034739300,0.0042018000,0.0049773100,0.0061184700,0.0070884900,0.0080900000,0.0091037700,0.0098483200,0.0100455400,0.0100252400
2023-03-24,0.0027674200,0.0033416700,0.0040725000,0.0048547400,0.0059378400,0.0069230700,0.0079414500,0.0089565700,0.0096709600,0.0098236500,0.0097363100
2023-03-23,0.0025340600,0.0030570400,0.0037263900,0.0044562500,0.0054497200,0.0063731100,0.0073840600,0.0083826500,0.0090523400,0.0092146600,0.0091214200
2023-03-22,0.0023015400,0.0027561800,0.0034006700,0.0040954700,0.0050153200,0.0059112400,0.0069279000,0.0079170000,0.0086743700,0.0088372800,0.0087240900
2023-03-21,0.0022302900,0.0027047800,0.0033276400,0.0039837700,0.0049246400,0.0058303000,0.0067391500,0.0077108200,0.0084608700,0.0086580000,0.0085849700
2023-03-20,0.0027205300,0.0033027000,0.0041390800,0.0050252300,0.0061326600,0.0071321000,0.0080110500,0.0089983700,0.0096664500,0.0098929400,0.0098627600
2023-03-17,0.0025666300,0.0030529600,0.0039134300,0.0047661600,0.0058098700,0.0069119100,0.0078102300,0.0088143100,0.0096492800,0.0098403300,0.0097903200
2023-03-16,0.0024137400,0.0028744400,0.0036276300,0.0044119000,0.0053569500,0.0064206200,0.0073176000,0.0083442500,0.0092157400,0.0094087400,0.0093448800
2023-03-15,0.0023333100,0.0027784800,0.0035376700,0.0043266000,0.0052871200,0.0063212400,0.0072063600,0.0082214500,0.0090676200,0.0092590000,0.0092043100
2023-03-14,0.0019566000,0.0023403800,0.0030170300,0.0037288900,0.0045843600,0.0054748100,0.0064383100,0.0074443800,0.0082585400,0.0084476900,0.0083860900
2023-03-13,0.0020655000,0.0024573500,0.0031595400,0.0038998000,0.0047600900,0.0056602400,0.0066244700,0.0076479500,0.0084076700,0.0086076800,0.0085658200
2023-03-10,0.0018477900,0.0021866400,0.0028201800,0.0035062400,0.0042908700,0.0050860500,0.0060931200,0.0071332900,0.0077085200,0.0079637000,0.0079341600
2023-03-09,0.0017263600,0.0020331300,0.0026189600,0.0032462200,0.0039785900,0.0047435200,0.0057316000,0.0067534700,0.0073126500,0.0075836800,0.0075417900
2023-03-08,0.0016921000,0.0019973500,0.0025726300,0.0031914300,0.0039007900,0.0046608400,0.0056602800,0.0066841500,0.0072371700,0.0075034000,0.0074801200
2023-03-07,0.0016806700,0.0019829900,0.0025474700,0.0031641800,0.0038524800,0.0046382000,0.0056320100,0.0066437200,0.0072000500,0.0074612000,0.0074370400
2023-03-06,0.0016328500,0.0019300200,0.0024940100,0.0030906100,0.0037907600,0.0045881900,0.0055397100,0.0065385700,0.0071038700,0.0073500900,0.0073210400
2023-03-03,0.0016743400,0.0019783300,0.0025512100,0.0031545000,0.0038710000,0.0046781800,0.0056363500,0.0066395500,0.0072086800,0.0074717900,0.0074266600
2023-03-02,0.0017236000,0.0020343600,0.0026170900,0.0032565200,0.0039676800,0.0047653900,0.0057475000,0.0067712600,0.0073467000,0.0076089100,0.0075659400
2023-03-01,0.0017036100,0.0020129700,0.0025961200,0.0032259300,0.0039227500,0.0046664900,0.0056889100,0.0067200800,0.0072956200,0.0075457000,0.0075146900
2023-02-28,0.0016866900,0.0019939200,0.0025668400,0.0031925900,0.0039064000,0.0046900100,0.0056812100,0.0067085700,0.0072817100,0.0075467800,0.0074991200
2023-02-27,0.0016905100,0.0020016500,0.0025824300,0.0032098900,0.0039241300,0.0046783000,0.0057005300,0.0067309300,0.0073043800,0.0075664600,0.0075249400
2023-02-24,0.0017243900,0.0020376600,0.0026244900,0.0032591000,0.0039842000,0.0047506400,0.0057653400,0.0067903000,0.0073595300,0.0076093400,0.0075842700
2023-02-23,0.0016715600,0.0019768000,0.0025500000,0.0031706500,0.0038895200,0.0046375600,0.0056523300,0.0066855200,0.0072349500,0.0074986100,0.0074754900
2023-02-22,0.0017304000,0.0020435000,0.0026301300,0.0032667300,0.0039840900,0.0047464600,0.0057644100,0.0068036200,0.0073623200,0.0076227800,0.0076005100
2023-02-21,0.0017485300,0.0020605400,0.0026411300,0.0032940800,0.0040026300,0.0047598800,0.0057859500,0.0068211400,0.0074012600,0.0076480100,0.0076222700
2023-02-20,0.0016808600,0.0019836900,0.0025607100,0.0031834400,0.0038526000,0.0045719900,0.0056013400,0.0066396800,0.0072215200,0.0074718500,0.0074393300
2023-02-17,0.0016425200,0.0019451500,0.0025081700,0.0031175200,0.0037951000,0.0045530000,0.0055618700,0.0065922300,0.0071697300,0.0074201200,0.0073530100
2023-02-16,0.0016157900,0.0019056700,0.0024612500,0.0030624000,0.0037412600,0.0044801100,0.0054871200,0.0065118300,0.0070851200,0.0073464800,0.0073070900
2023-02-15,0.0016497900,0.0019459100,0.0025053000,0.0031153000,0.0037880400,0.0045269600,0.0055401900,0.0065654400,0.0071400900,0.0073868900,0.0073646600
2023-02-14,0.0016222800,0.0019166900,0.0024718500,0.0030834300,0.0037770600,0.0045269100,0.0055215200,0.0065549000,0.0071190700,0.0073686000,0.0073459900
2023-02-13,0.0016552500,0.0019546200,0.0025322600,0.0031490400,0.0038381700,0.0045929200,0.0056013300,0.0066394900,0.0071874300,0.0074537400,0.0074198700
2023-02-10,0.0016957000,0.0020037700,0.0025823500,0.0032070000,0.0038832600,0.0046474800,0.0056471800,0.0066687100,0.0072089400,0.0074702800,0.0074540600
2023-02-09,0.0016395600,0.0019381200,0.0025072700,0.0031159700,0.0037621800,0.0044984200,0.0054991800,0.0065156900,0.0070494800,0.0073052800,0.0072923500
2023-02-08,0.0016442900,0.0019438300,0.0025053600,0.0031042100,0.0037837400,0.0045517100,0.0055269800,0.0065293700,0.0070608500,0.0072993000,0.0072886600
2023-02-07,0.0016727200,0.0019787700,0.0025551000,0.0031645700,0.0038279400,0.0045942900,0.0055742900,0.0065796000,0.0071077400,0.0073463100,0.0073380600
2023-02-06,0.0016827400,0.0020016800,0.0025668100,0.0032132100,0.0038762200,0.0046487000,0.0056482800,0.0066749900,0.0071737200,0.0074091100,0.0074033600
2023-02-03,0.0016617800,0.0019767100,0.0025555000,0.0031979900,0.0038733000,0.0046236000,0.0056172000,0.0066454800,0.0070658800,0.0072724100,0.0072413500
2023-02-02,0.0016732900,0.0020031400,0.0025842100,0.0032313900,0.0038917800,0.0046394900,0.0056057000,0.0066205400,0.0070398800,0.0072464500,0.0072170100
2023-02-01,0.0019008900,0.0022587200,0.0029029000,0.0036095300,0.0043248700,0.0051142200,0.0060975100,0.0071303800,0.0075600800,0.0077707400,0.0077374100
2023-01-31,0.0019733500,0.0023419400,0.0030083900,0.0037351200,0.0044497500,0.0052133900,0.0062316400,0.0072732700,0.0077096000,0.0079214800,0.0078842200
2023-01-30,0.0019961900,0.0023661600,0.0030181100,0.0037496800,0.0044890000,0.0052790600,0.0062984600,0.0073338000,0.0077845400,0.0079959400,0.0079458300
2023-01-27,0.0019573100,0.0023215100,0.0029741900,0.0036659600,0.0043659300,0.0051246000,0.0061358600,0.0071501100,0.0075926900,0.0077998400,0.0077582700
2023-01-26,0.0020090400,0.0023724100,0.0030195900,0.0036974100,0.0043478600,0.0050810000,0.0060515000,0.0070432200,0.0074905400,0.0076919600,0.0076435800
2023-01-25,0.0020557800,0.0024325000,0.0030800600,0.0037588400,0.0044090200,0.0051440900,0.0060893700,0.0070648600,0.0075369700,0.0077313800,0.0076646400
2023-01-24,0.0020743000,0.0024528600,0.0031032000,0.0037877600,0.0044471800,0.0051900500,0.0061368700,0.0071077400,0.0076100900,0.0077968400,0.0077218000
2023-01-23,0.0020459500,0.0024203800,0.0030601000,0.0037385900,0.0044089500,0.0051580700,0.0061129000,0.0071226500,0.0076801100,0.0078523500,0.0077572800
2023-01-20,0.0021002700,0.0024805100,0.0031252000,0.0038109600,0.0044916500,0.0052294700,0.0061785900,0.0072333800,0.0078334200,0.0080135800,0.0078937000
2023-01-19,0.0020729500,0.0024501700,0.0030904600,0.0037725100,0.0044437600,0.0051749500,0.0061105800,0.0073680700,0.0080663300,0.0082453000,0.0081114100
2023-01-18,0.0019824000,0.0023580000,0.0029939300,0.0036588000,0.0043108000,0.0050398300,0.0059625400,0.0068605500,0.0075892700,0.0077497800,0.0076226500
2023-01-17,0.0020473100,0.0024427300,0.0031017100,0.0037857100,0.0044236700,0.0051322000,0.0060276800,0.0069137100,0.0076889600,0.0078278000,0.0077086800
2023-01-16,0.0019021600,0.0022971200,0.0029631700,0.0036641400,0.0043369500,0.0050780900,0.0059700500,0.0068808700,0.0077182600,0.0078475400,0.0077276000
2023-01-13,0.0018712300,0.0022623100,0.0029169900,0.0036421700,0.0043001500,0.0050146500,0.0059110200,0.0068346400,0.0076630900,0.0077818800,0.0076779300
2023-01-12,0.0020135900,0.0024307600,0.0030145400,0.0037126400,0.0043599500,0.0050738100,0.0059576400,0.0071947500,0.0080339400,0.0081697900,0.0080654300
2023-01-11,0.0019530800,0.0023483900,0.0030280400,0.0037260200,0.0043667900,0.0050790600,0.0059630500,0.0068590200,0.0076176600,0.0077728400,0.0076740200
2023-01-10,0.0019889506,0.0023921572,0.0030610550,0.0037539950,0.0044245382,0.0051334735,0.0060090972,0.0069162066,0.0076512908,0.0078066764,0.0077055452
2023-01-09,0.0020254800,0.0024367400,0.0030944300,0.0037821800,0.0044830500,0.0051884700,0.0060555000,0.0069738700,0.0076850700,0.0078406600,0.0077372000
2023-01-06,0.0020600200,0.0024683900,0.0031735800,0.0038947500,0.0046358300,0.0053839400,0.0062480000,0.0071624200,0.0079202400,0.0080799500,0.0079815800
2023-01-05,0.0021795300,0.0026076900,0.0033279100,0.0040257900,0.0047500900,0.0054928800,0.0063487900,0.0072731900,0.0079334200,0.0081137800,0.0080119500
2023-01-04,0.0020950800,0.0025090100,0.0033300600,0.0038888800,0.0046066100,0.0053349400,0.0061931400,0.0071164000,0.0077736500,0.0079409700,0.0078425500
2023-01-03,0.0021420700,0.0025728700,0.0032500900,0.0039576900,0.0046802700,0.0054249300,0.0062841600,0.0072098200,0.0078720400,0.0080414000,0.0079388200
2023-01-02,0.0021614100,0.0025940900,0.0032836500,0.0040251600,0.0047824300,0.0055877000,0.0064567900,0.0073870100,0.0080688600,0.0082459400,0.0081376400
2022-12-30,0.0021632400,0.0025969800,0.0032917100,0.0040535800,0.0048006700,0.0055926500,0.0064627700,0.0073752600,0.0080685000,0.0082356800,0.0081192800
2022-12-29,0.0021820600,0.0026294000,0.0033402600,0.0040834800,0.0048189200,0.0055992500,0.0064577000,0.0073748600,0.0081024600,0.0082471200,0.0081413300
2022-12-28,0.0021503400,0.0025870000,0.0033211800,0.0040582500,0.0047934600,0.0055834100,0.0064448700,0.0073513500,0.0081172600,0.0082494700,0.0081432200
2022-12-27,0.0022507000,0.0027020400,0.0034595100,0.0041751100,0.0048908900,0.0056961400,0.0065400400,0.0074478900,0.0082814500,0.0083959900,0.0082931000
2022-12-26,0.0020930700,0.0025123500,0.0032753200,0.0040655900,0.0048197600,0.0056815700,0.0065775200,0.0074715000,0.0083073800,0.0084224100,0.0083187700
2022-12-23,0.0020900600,0.0025063500,0.0032561300,0.0040247900,0.0047661100,0.0055953600,0.0064767800,0.0073642100,0.0081908100,0.0083039800,0.0081994000
2022-12-22,0.0021586800,0.0025748900,0.0033246900,0.0040642400,0.0048166000,0.0056331100,0.0065073100,0.0073994000,0.0082380200,0.0083537900,0.0082459900
2022-12-21,0.0021824800,0.0025961700,0.0033415200,0.0040932900,0.0048442800,0.0056631300,0.0065288100,0.0074198100,0.0082569000,0.0083795500,0.0082692600
2022-12-20,0.0022037800,0.0026208400,0.0033505100,0.0041098900,0.0048556700,0.0056622700,0.0065223500,0.0074097000,0.0082453600,0.0083864000,0.0082663800
2022-12-19,0.0021510000,0.0025625100,0.0032776400,0.0040433300,0.0047771700,0.0055674500,0.0063630700,0.0071934700,0.0080011100,0.0081497400,0.0080244300
2022-12-16,0.0020927400,0.0024954400,0.0032396300,0.0039712100,0.0047156500,0.0054959600,0.0063388300,0.0072070900,0.0079774500,0.0081460800,0.0080331000
2022-12-15,0.0019468700,0.0023346500,0.0030399100,0.0037445700,0.0044906200,0.0052147300,0.0061078400,0.0070106800,0.0076662600,0.0078676700,0.0077551900
2022-12-14,0.0017924400,0.0021611600,0.0028407200,0.0035750000,0.0043420400,0.0051052900,0.0060176300,0.0069081700,0.0075540500,0.0077583800,0.0076438700
2022-12-13,0.0018807600,0.0022706400,0.0029390800,0.0036262200,0.0043357300,0.0050456100,0.0058964600,0.0067970700,0.0074384300,0.0076422400,0.0075317700
2022-12-12,0.0019957200,0.0024080100,0.0030879000,0.0038060500,0.0045342600,0.0052540000,0.0060794200,0.0069578100,0.0076152000,0.0078271400,0.0077098100
2022-12-09,0.0020362000,0.0024573500,0.0031099200,0.0037971200,0.0045045200,0.0052009200,0.0060367300,0.0069415000,0.0075893300,0.0078086900,0.0076894000
2022-12-08,0.0020507500,0.0024736300,0.0031607900,0.0038573300,0.0045471700,0.0052232600,0.0060027100,0.0068641600,0.0075169100,0.0077538400,0.0076334000
2022-12-07,0.0020136500,0.0024223300,0.0030987200,0.0037672400,0.0044797700,0.0051785900,0.0060209100,0.0069238400,0.0076026500,0.0078503100,0.0077362400
2022-12-06,0.0019703600,0.0023661700,0.0030531500,0.0037563600,0.0044541000,0.0051422700,0.0059226100,0.0067613300,0.0074410900,0.0077060900,0.0076329700
2022-12-05,0.0019412900,0.0023282200,0.0030179200,0.0037278600,0.0044140800,0.0050954000,0.0059441900,0.0068286200,0.0075188900,0.0077872100,0.0077186100
2022-12-02,0.0018817800,0.0022581000,0.0029473200,0.0036567900,0.0043536500,0.0050409500,0.0058502900,0.0067175100,0.0074019100,0.0076652700,0.0076014900
2022-12-01,0.0018301400,0.0022149700,0.0028723800,0.0035606600,0.0042626000,0.0049570300,0.0058075300,0.0067082500,0.0073945000,0.0076589000,0.0075950200
2022-11-30,0.0019685100,0.0023618300,0.0030529100,0.0037721600,0.0044925500,0.0052033800,0.0060229100,0.0068986600,0.0075727800,0.0078348900,0.0077738400
2022-11-29,0.0019311900,0.0023239900,0.0030108900,0.0037302800,0.0044402600,0.0051273300,0.0059330600,0.0067989200,0.0074838400,0.0077275800,0.0076804900
2022-11-28,0.0019598000,0.0023541000,0.0030161100,0.0037207900,0.0044356800,0.0051295100,0.0059811800,0.0068872000,0.0075790000,0.0078285400,0.0077781800
2022-11-25,0.0019292500,0.0023316100,0.0029891900,0.0036675700,0.0043299400,0.0049831900,0.0057674300,0.0066300400,0.0072976700,0.0075567000,0.0074945200
2022-11-24,0.0017955800,0.0021763900,0.0028300700,0.0035332300,0.0042337700,0.0049277300,0.0057482400,0.0066123900,0.0072970400,0.0075404800,0.0074939900
2022-11-23,0.0019140100,0.0022870700,0.0029575700,0.0036659300,0.0043734000,0.0050710000,0.0058885500,0.0067646200,0.0074474400,0.0076922800,0.0076447800
2022-11-22,0.0019678400,0.0023576800,0.0030477700,0.0037593700,0.0044859900,0.0051948700,0.0060063900,0.0068750700,0.0075529600,0.0078012200,0.0077486900
2022-11-21,0.0021490000,0.0025603400,0.0032734600,0.0040264300,0.0047683800,0.0055013200,0.0063227300,0.0071877200,0.0078734100,0.0081411400,0.0080711600
2022-11-18,0.0020610300,0.0024718300,0.0031716500,0.0039044000,0.0046416200,0.0053628600,0.0061899300,0.0070534400,0.0077377100,0.0080044400,0.0079345100
2022-11-17,0.0022738100,0.0026928800,0.0034372700,0.0041988100,0.0049688100,0.0057260300,0.0065651800,0.0074479400,0.0081382400,0.0084074200,0.0083375200
2022-11-16,0.0021707300,0.0025773200,0.0033096700,0.0040496600,0.0048002900,0.0055650600,0.0063760100,0.0072452700,0.0079284800,0.0081939000,0.0081238900
2022-11-15,0.0020649500,0.0024601100,0.0031742200,0.0039020000,0.0046567800,0.0054190500,0.0062397400,0.0071068700,0.0077886700,0.0080513500,0.0079838300
2022-11-14,0.0021705100,0.0025775500,0.0033077400,0.0040883900,0.0048763100,0.0056613500,0.0065142900,0.0073863700,0.0080725400,0.0083307700,0.0082679000
2022-11-11,0.0021991600,0.0026159800,0.0033661900,0.0041359900,0.0049199000,0.0057058400,0.0065191700,0.0073920500,0.0080794200,0.0083189800,0.0082714100
2022-11-10,0.0023239900,0.0027722300,0.0035418900,0.0043360000,0.0051463400,0.0059434800,0.0067741500,0.0076411200,0.0083415100,0.0085807400,0.0085310600
2022-11-09,0.0025917700,0.0030752100,0.0038897700,0.0047597600,0.0056194300,0.0064729100,0.0073182000,0.0081830500,0.0089269400,0.0091738800,0.0091178900
2022-11-08,0.0025265500,0.0030067700,0.0038327900,0.0046655300,0.0055150300,0.0063682900,0.0072313200,0.0081313500,0.0088625700,0.0091271600,0.0090561600
2022-11-07,0.0026990700,0.0032094900,0.0040854300,0.0049532500,0.0058252500,0.0067418600,0.0076014900,0.0084976300,0.0092323900,0.0094959800,0.0094297900
2022-11-04,0.0029807200,0.0035253700,0.0044564100,0.0053636300,0.0062798600,0.0072470500,0.0081209900,0.0090233000,0.0097658300,0.0100264100,0.0099675700
2022-11-03,0.0032477000,0.0038148600,0.0047838300,0.0057219200,0.0066597800,0.0076321800,0.0085085300,0.0094111500,0.0101705100,0.0104160800,0.0103715800
2022-11-02,0.0030613300,0.0036070700,0.0045349800,0.0054379700,0.0063598100,0.0073085100,0.0081875500,0.0090928300,0.0098326400,0.0100763000,0.0100331200
2022-11-01,0.0029095900,0.0034347900,0.0043547100,0.0052487100,0.0061657800,0.0071267900,0.0079699500,0.0088670300,0.0095995900,0.0098401400,0.0097973000
2022-10-31,0.0029779000,0.0035167100,0.0044749200,0.0054095500,0.0063558000,0.0073527700,0.0081500400,0.0090191000,0.0097597500,0.0100000100,0.0099568000
2022-10-28,0.0030676200,0.0036166800,0.0045762400,0.0055141400,0.0064632600,0.0074518600,0.0082682200,0.0091418600,0.0098686000,0.0101113900,0.0100701600
2022-10-27,0.0029854900,0.0035336100,0.0044947900,0.0054349200,0.0063887200,0.0073908200,0.0082004400,0.0090768200,0.0097995900,0.0100461700,0.0100012100
2022-10-26,0.0030633100,0.0036263100,0.0045960100,0.0055627100,0.0065028200,0.0075061300,0.0083364900,0.0092032800,0.0099302600,0.0101942700,0.0101343400
2022-10-25,0.0031355000,0.0037226300,0.0047031200,0.0056961400,0.0066517100,0.0076912600,0.0085258500,0.0093963200,0.0101263700,0.0103893800,0.0103395900
2022-10-24,0.0033748600,0.0040068200,0.0050233500,0.0059936900,0.0070116400,0.0080287400,0.0088907300,0.0097905900,0.0105224800,0.0107809500,0.0107359700
2022-10-21,0.0036250700,0.0042876400,0.0053606000,0.0063202900,0.0073554100,0.0083907400,0.0092536500,0.0101553700,0.0109000500,0.0111463300,0.0111191600
2022-10-20,0.0033981600,0.0040190200,0.0050916000,0.0061439300,0.0072275300,0.0082981100,0.0091040000,0.0099657700,0.0107143400,0.0109571200,0.0109264700
2022-10-19,0.0034860100,0.0041260900,0.0051931800,0.0062481200,0.0073054000,0.0083576500,0.0091851900,0.0100444700,0.0107881400,0.0110345500,0.0110005900
2022-10-18,0.0033614800,0.0039980000,0.0050465300,0.0061072800,0.0071736100,0.0082245200,0.0090339800,0.0098915900,0.0106098900,0.0108660100,0.0108219100
2022-10-17,0.0034631100,0.0041091900,0.0052164000,0.0063136700,0.0074433500,0.0085291400,0.0093392200,0.0101996000,0.0109213400,0.0111674700,0.0111384400
2022-10-14,0.0037516700,0.0044526600,0.0055563800,0.0066529000,0.0077905100,0.0088961000,0.0097023100,0.0105676100,0.0112990800,0.0115647100,0.0115304200
2022-10-13,0.0040529100,0.0047843500,0.0059208800,0.0070530300,0.0082286000,0.0093613800,0.0101422700,0.0110166700,0.0117449800,0.0120080800,0.0119614400
2022-10-12,0.0039375000,0.0046501500,0.0057391700,0.0068256600,0.0079384800,0.0090158400,0.0098581400,0.0107653500,0.0115066300,0.0117698000,0.0117236900
2022-10-11,0.0036362100,0.0042909100,0.0053287100,0.0063851500,0.0074505700,0.0085027500,0.0093267800,0.0101930600,0.0109436200,0.0111920000,0.0111550600
2022-10-10,0.0035491900,0.0041973700,0.0051028600,0.0061322000,0.0071694000,0.0081858200,0.0090341200,0.0099097800,0.0106504700,0.0109103700,0.0108637600
2022-10-07,0.0033868500,0.0040089600,0.0050388400,0.0060452700,0.0070609300,0.0080579000,0.0089377900,0.0098170900,0.0105788300,0.0108236300,0.0107905800
2022-10-06,0.0032804500,0.0038919500,0.0049348300,0.0059292300,0.0069402900,0.0079299600,0.0088003300,0.0096689300,0.0104267300,0.0106696200,0.0106359800
2022-10-05,0.0032245900,0.0038359100,0.0049417100,0.0059532100,0.0069725600,0.0079688800,0.0088247200,0.0096613500,0.0104142400,0.0106547900,0.0106203400
2022-10-04,0.0031274400,0.0037373100,0.0047868700,0.0058187200,0.0068370400,0.0078176400,0.0086666200,0.0095157800,0.0102761100,0.0105169300,0.0104786600
2022-10-03,0.0033436300,0.0039842600,0.0050469200,0.0061156200,0.0071606200,0.0081495500,0.0089665800,0.0098176600,0.0105863800,0.0108221300,0.0107703400
2022-09-30,0.0033093600,0.0039379400,0.0050445800,0.0061016600,0.0071803100,0.0081868500,0.0090468300,0.0099173400,0.0107214500,0.0109595600,0.0109189700
2022-09-29,0.0035121400,0.0041651400,0.0052411700,0.0062935000,0.0073495600,0.0083073000,0.0092148800,0.0101066800,0.0109589500,0.0111871900,0.0111503100
2022-09-28,0.0031802100,0.0037850500,0.0048575100,0.0058536300,0.0068805100,0.0078552800,0.0087185100,0.0095883400,0.0103292900,0.0105927500,0.0105583600
2022-09-27,0.0031084000,0.0036983500,0.0047805600,0.0057848600,0.0068196500,0.0078033600,0.0086572600,0.0095337700,0.0102867000,0.0105370500,0.0105024100
2022-09-26,0.0032416800,0.0038525300,0.0049175600,0.0059210100,0.0069265500,0.0078904800,0.0087742500,0.0096575600,0.0104065500,0.0106699000,0.0106313600
2022-09-23,0.0031646600,0.0037609900,0.0048035400,0.0057752500,0.0067590000,0.0077014800,0.0085897600,0.0094679400,0.0102310100,0.0104793500,0.0104407800
2022-09-22,0.0030737500,0.0036574500,0.0046528500,0.0056158700,0.0065689200,0.0074807000,0.0083504000,0.0092196900,0.0099746200,0.0102256700,0.0101838000
2022-09-21,0.0029954500,0.0035602000,0.0045299300,0.0054673600,0.0063973100,0.0072586600,0.0081421800,0.0090214100,0.0097516700,0.0100130200,0.0099601900
2022-09-20,0.0030272800,0.0036133600,0.0045553700,0.0055047300,0.0064299500,0.0072204700,0.0081006400,0.0089689900,0.0097047900,0.0099535600,0.0099026000
2022-09-19,0.0025742600,0.0030774000,0.0039978200,0.0048898200,0.0057750600,0.0066333300,0.0075533400,0.0084263800,0.0091673000,0.0094318300,0.0093920700
2022-09-16,0.0026253600,0.0031359800,0.0040227000,0.0049402700,0.0058183500,0.0066418000,0.0075805200,0.0085010000,0.0092489700,0.0095152600,0.0094773000
2022-09-15,0.0024830000,0.0029672400,0.0038416000,0.0047334100,0.0055941400,0.0063914100,0.0073409600,0.0082488400,0.0090003100,0.0092605700,0.0092327800
2022-09-14,0.0024683100,0.0029495500,0.0038371300,0.0047411200,0.0056165300,0.0064228800,0.0073500000,0.0082456200,0.0090200000,0.0092670400,0.0092296700
2022-09-13,0.0024421500,0.0029070500,0.0037775400,0.0046635000,0.0055227000,0.0063179900,0.0072431700,0.0081220800,0.0089075600,0.0091551500,0.0091147100
2022-09-12,0.0023675000,0.0028295400,0.0036796900,0.0045386700,0.0053907200,0.0061952200,0.0071013900,0.0079830100,0.0087556000,0.0090151500,0.0089673300
2022-09-09,0.0024270100,0.0029009600,0.0037924600,0.0046169500,0.0054853300,0.0062943300,0.0071965300,0.0080869200,0.0088737800,0.0091217900,0.0090816100
2022-09-08,0.0025759300,0.0030634800,0.0040949500,0.0047802500,0.0056435900,0.0064896700,0.0073491100,0.0082245000,0.0090094700,0.0092735500,0.0092159800
2022-09-07,0.0024752700,0.0029583800,0.0038108000,0.0047002700,0.0055731700,0.0064209000,0.0072868700,0.0081465200,0.0089266600,0.0091883500,0.0091326500
2022-09-06,0.0024654200,0.0029429500,0.0038118100,0.0047162900,0.0055973700,0.0064216000,0.0073383900,0.0082145100,0.0089984100,0.0092597400,0.0092050000
2022-09-05,0.0025374900,0.0030176800,0.0039335700,0.0048509800,0.0057541200,0.0065768200,0.0075040400,0.0083844900,0.0091728100,0.0094309100,0.0093820500
2022-09-02,0.0024924000,0.0029586200,0.0038896200,0.0048059100,0.0057068400,0.0065240100,0.0074442000,0.0083199500,0.0091012400,0.0093417100,0.0093111600
2022-09-01,0.0025957600,0.0030426300,0.0039939200,0.0049085200,0.0058265400,0.0066590600,0.0075574400,0.0084487600,0.0092328800,0.0094759200,0.0094417300
2022-08-31,0.0025588900,0.0030105000,0.0039374000,0.0048323800,0.0057199000,0.0065202700,0.0074409800,0.0083489400,0.0091361800,0.0093846500,0.0093489500
2022-08-30,0.0024588200,0.0028781800,0.0038226800,0.0046969100,0.0055871600,0.0063905500,0.0072866700,0.0081702200,0.0089582700,0.0092209500,0.0091718200
2022-08-29,0.0025111100,0.0029525000,0.0038273100,0.0046340300,0.0054708900,0.0062423900,0.0071460900,0.0080834900,0.0088689700,0.0091275500,0.0090812700
2022-08-26,0.0025977100,0.0030684900,0.0038873200,0.0046987000,0.0055179900,0.0063036100,0.0071624400,0.0081005900,0.0088900200,0.0091333500,0.0091033500
2022-08-25,0.0024169800,0.0028609500,0.0037345000,0.0045717300,0.0054140500,0.0061447600,0.0071075100,0.0080418800,0.0088356200,0.0090817500,0.0090517800
2022-08-24,0.0024640000,0.0028960600,0.0037666300,0.0046249100,0.0054734500,0.0062318600,0.0071642600,0.0080768200,0.0088653600,0.0091154800,0.0090865900
2022-08-23,0.0024998600,0.0029433900,0.0037805900,0.0046164300,0.0054530000,0.0061775400,0.0071238400,0.0080722100,0.0088527800,0.0091167600,0.0090906900
2022-08-22,0.0024158600,0.0028505900,0.0037029000,0.0045354400,0.0053591000,0.0060939300,0.0070320700,0.0079471800,0.0087411000,0.0089931400,0.0089586300
2022-08-19,0.0022899200,0.0027153200,0.0035276800,0.0043294200,0.0051232200,0.0058428300,0.0067629600,0.0076834700,0.0084807500,0.0087499500,0.0086942100
2022-08-18,0.0021419300,0.0025478600,0.0033534900,0.0041599800,0.0049539200,0.0057122400,0.0065830000,0.0074550000,0.0082437200,0.0085092200,0.0084527200
2022-08-17,0.0021473800,0.0025513000,0.0033632000,0.0041906300,0.0049923400,0.0057138700,0.0066340600,0.0075169300,0.0083104300,0.0085780500,0.0085207300
2022-08-16,0.0021788300,0.0025960900,0.0033967600,0.0041745600,0.0049467900,0.0056453200,0.0065661500,0.0074871500,0.0082859800,0.0085546900,0.0084955500
2022-08-15,0.0020953300,0.0024987200,0.0033082600,0.0040991800,0.0048789300,0.0056176800,0.0065043600,0.0073903200,0.0081796000,0.0084449600,0.0083861800
2022-08-12,0.0020244200,0.0024222500,0.0032584000,0.0040567800,0.0048575700,0.0056394500,0.0064559600,0.0073152000,0.0080926300,0.0083530900,0.0082943800
2022-08-11,0.0020891400,0.0024831800,0.0033471800,0.0041549600,0.0049552000,0.0057235200,0.0065887500,0.0074570100,0.0082404400,0.0085012800,0.0084423400
2022-08-10,0.0022139500,0.0026255400,0.0035071300,0.0043391500,0.0051673900,0.0059861800,0.0068061700,0.0076746700,0.0084568100,0.0087146900,0.0086644700
2022-08-09,0.0023014300,0.0027192700,0.0036164900,0.0044463400,0.0052919400,0.0061046300,0.0068964900,0.0077861200,0.0085612600,0.0088042400,0.0087686400
2022-08-08,0.0022114800,0.0026117500,0.0035255800,0.0043667200,0.0052137900,0.0060316800,0.0068522300,0.0077318000,0.0085059800,0.0087516000,0.0087125800
2022-08-05,0.0022308900,0.0026291300,0.0035733900,0.0044275600,0.0052771800,0.0061147100,0.0069373200,0.0078107600,0.0085692200,0.0088312200,0.0087780500
2022-08-04,0.0022776900,0.0026805300,0.0036010200,0.0044636500,0.0053068900,0.0061325200,0.0069621500,0.0078393100,0.0086011200,0.0088620500,0.0088102000
2022-08-03,0.0023253400,0.0027291300,0.0036361700,0.0045005000,0.0053278000,0.0061550500,0.0069932000,0.0078597300,0.0086362500,0.0088934700,0.0088418600
2022-08-02,0.0023947200,0.0028128900,0.0037270300,0.0045860500,0.0054157200,0.0062482200,0.0070573500,0.0079275200,0.0087036300,0.0089500500,0.0089111300
2022-08-01,0.0023448500,0.0027602200,0.0036698900,0.0045138000,0.0053126300,0.0061305600,0.0069696300,0.0078295000,0.0085909300,0.0088516000,0.0087995200
2022-07-29,0.0022749300,0.0026968300,0.0036356400,0.0044945500,0.0053100200,0.0061331200,0.0069598700,0.0078022400,0.0085751200,0.0088290100,0.0087779200
2022-07-28,0.0024275900,0.0028684600,0.0038436600,0.0047405600,0.0056142700,0.0064688600,0.0072784100,0.0081157500,0.0088889300,0.0091296500,0.0090905800
2022-07-27,0.0024879500,0.0029306000,0.0039120700,0.0048172600,0.0056915500,0.0065568600,0.0073716100,0.0082005600,0.0089745900,0.0092267800,0.0091752300
2022-07-26,0.0025414500,0.0029832500,0.0039694800,0.0048798000,0.0057449600,0.0066109400,0.0074362600,0.0082663100,0.0090432700,0.0092800100,0.0092428900
2022-07-25,0.0023802300,0.0028145300,0.0037607300,0.0046490500,0.0055185600,0.0063785100,0.0071823100,0.0080097500,0.0087852700,0.0090217300,0.0089861200
2022-07-22,0.0024064200,0.0028472100,0.0038052300,0.0047009300,0.0055821500,0.0064528400,0.0072479000,0.0080751700,0.0088469900,0.0090829900,0.0090470900
2022-07-21,0.0024773400,0.0029344800,0.0039135700,0.0048269800,0.0057061500,0.0065740200,0.0073981700,0.0082284300,0.0090050300,0.0092439600,0.0092059700
2022-07-20,0.0024400400,0.0028950100,0.0038759500,0.0047971500,0.0056798900,0.0065398000,0.0073693300,0.0082037300,0.0089763900,0.0092185800,0.0091787200
2022-07-19,0.0026171900,0.0030997200,0.0041205100,0.0050511400,0.0059625400,0.0068362800,0.0076552700,0.0085229200,0.0092885900,0.0095422600,0.0094900000
2022-07-18,0.0027097800,0.0032002500,0.0042427400,0.0051952400,0.0061277500,0.0070302900,0.0078386700,0.0087142300,0.0094905900,0.0097334400,0.0096915400
2022-07-15,0.0027542500,0.0032505700,0.0043278800,0.0053045700,0.0062412200,0.0071460400,0.0079500900,0.0088618100,0.0096423200,0.0098982300,0.0098456700
2022-07-14,0.0028340100,0.0033458900,0.0043906500,0.0053757600,0.0063127300,0.0072399100,0.0080598600,0.0089961300,0.0097827300,0.0100243800,0.0099880400
2022-07-13,0.0027208700,0.0032174700,0.0042413100,0.0052125300,0.0061521000,0.0070687000,0.0079027200,0.0088769000,0.0096657700,0.0099096600,0.0098698400
2022-07-12,0.0027012300,0.0031973400,0.0042012700,0.0051721500,0.0061011300,0.0070080100,0.0078447700,0.0088174500,0.0096057600,0.0098546300,0.0098102200
2022-07-11,0.0025932800,0.0030727200,0.0040361200,0.0050341000,0.0059784700,0.0069117300,0.0077543500,0.0087021600,0.0094860300,0.0097490700,0.0096891900
2022-07-08,0.0025650900,0.0030412000,0.0040318300,0.0050000400,0.0059258700,0.0068409700,0.0076722100,0.0086297400,0.0094108700,0.0096723200,0.0096128900
2022-07-07,0.0025442600,0.0030210500,0.0039916000,0.0049913500,0.0059453700,0.0068871400,0.0077205600,0.0086957700,0.0094777400,0.0097346700,0.0096795700
2022-07-06,0.0025938000,0.0030832800,0.0040410000,0.0051216300,0.0061427000,0.0071506100,0.0079888800,0.0090075700,0.0097995300,0.0100455700,0.0100041600
2022-07-05,0.0026610400,0.0031589100,0.0040840300,0.0051323000,0.0061157000,0.0071014400,0.0079387300,0.0089468000,0.0097249900,0.0099853700,0.0099295500
2022-07-04,0.0024189000,0.0028898000,0.0038416900,0.0048803000,0.0058664200,0.0068599900,0.0076914300,0.0085894000,0.0093708400,0.0096115900,0.0095698900
2022-07-01,0.0024082100,0.0028775500,0.0038357900,0.0048620500,0.0058453000,0.0068096300,0.0076481000,0.0085797400,0.0093622100,0.0096048800,0.0095631500
2022-06-30,0.0024829600,0.0029533800,0.0039126700,0.0049276400,0.0058938300,0.0068531800,0.0076840600,0.0086187300,0.0094003200,0.0096495900,0.0096053400
2022-06-29,0.0022944400,0.0027473300,0.0037167800,0.0046979000,0.0056287500,0.0065641600,0.0073865100,0.0083247600,0.0090849400,0.0093474100,0.0092940300
2022-06-28,0.0022451800,0.0027045100,0.0036502600,0.0046195600,0.0055412400,0.0064696900,0.0072925400,0.0082208900,0.0089808600,0.0092393000,0.0092004200
2022-06-27,0.0022256700,0.0026823300,0.0036217400,0.0045905600,0.0055120600,0.0064529200,0.0072712100,0.0081946200,0.0089606100,0.0092076500,0.0091796300
2022-06-24,0.0023232600,0.0028047200,0.0036909600,0.0046871500,0.0056253300,0.0066010200,0.0074212500,0.0083507100,0.0090958300,0.0093492500,0.0093498600
2022-06-23,0.0022841200,0.0027497900,0.0037077600,0.0046835600,0.0056072800,0.0065377200,0.0073606400,0.0082767200,0.0090096500,0.0092593800,0.0092590400
2022-06-22,0.0021843000,0.0026367600,0.0035761500,0.0045272200,0.0054351200,0.0063680000,0.0071871200,0.0080823700,0.0088153800,0.0090697500,0.0090680200
2022-06-21,0.0021098900,0.0025604400,0.0034161800,0.0043650600,0.0052593600,0.0062011700,0.0070133000,0.0078901800,0.0086012900,0.0088702400,0.0088665700
2022-06-20,0.0020959500,0.0025462800,0.0035104100,0.0044850900,0.0054077200,0.0063733900,0.0071942000,0.0080787000,0.0087977300,0.0090691800,0.0090660200
2022-06-17,0.0022248300,0.0026724100,0.0036393600,0.0046101300,0.0055367600,0.0064718200,0.0072960100,0.0082152100,0.0089380800,0.0092106000,0.0092073300
2022-06-16,0.0022690900,0.0027193800,0.0036825400,0.0046362500,0.0055482200,0.0064680200,0.0072979700,0.0082362000,0.0089670200,0.0092417400,0.0092384200
2022-06-15,0.0021596800,0.0025912600,0.0035339500,0.0044772700,0.0053779900,0.0062874700,0.0071072200,0.0080157000,0.0087597900,0.0090340200,0.0090273900
2022-06-14,0.0022970500,0.0027454500,0.0037054000,0.0046523200,0.0055462400,0.0064573700,0.0072904600,0.0082407300,0.0089898500,0.0092691500,0.0092604800
2022-06-13,0.0022045000,0.0026103600,0.0035617900,0.0044180800,0.0052954600,0.0061971600,0.0070203400,0.0079250400,0.0087016800,0.0089811700,0.0089664700
2022-06-10,0.0020337000,0.0023838800,0.0033036600,0.0040597600,0.0048953000,0.0057639300,0.0065824100,0.0074079700,0.0082015300,0.0084784000,0.0084608100
2022-06-09,0.0018400500,0.0021729100,0.0029861700,0.0038637300,0.0046721200,0.0054817200,0.0062976600,0.0071619600,0.0079593800,0.0082390600,0.0082204000
2022-06-08,0.0017483500,0.0020771300,0.0028871200,0.0037322400,0.0045190000,0.0053252300,0.0061388600,0.0069893700,0.0077634200,0.0080408800,0.0080248000
2022-06-07,0.0016730700,0.0019979900,0.0027994100,0.0036235800,0.0044086600,0.0052082800,0.0060172700,0.0068340300,0.0076125700,0.0078914800,0.0078714200
2022-06-06,0.0016271900,0.0019417500,0.0027211200,0.0035350700,0.0043298900,0.0051500200,0.0059628600,0.0068059000,0.0075849200,0.0078630200,0.0078304500
2022-06-03,0.0017138900,0.0020525600,0.0028286000,0.0036552400,0.0044686300,0.0053172400,0.0061540400,0.0070361100,0.0078364000,0.0081165200,0.0080954300
2022-06-02,0.0016860900,0.0020189400,0.0028135800,0.0036381500,0.0044345200,0.0052936300,0.0061200700,0.0069548500,0.0077465100,0.0080230300,0.0079873100
2022-06-01,0.0016929200,0.0020262200,0.0028082600,0.0036322500,0.0044324200,0.0052297200,0.0060750000,0.0069233100,0.0077119500,0.0079853200,0.0079516600
2022-05-31,0.0016414300,0.0019568200,0.0027605500,0.0036050600,0.0044193500,0.0052478000,0.0060787800,0.0069019500,0.0076915300,0.0079527300,0.0079344500
2022-05-30,0.0015860200,0.0018990400,0.0026927000,0.0035266700,0.0043354000,0.0051566800,0.0059824300,0.0068202600,0.0075954600,0.0078790600,0.0078502000
2022-05-27,0.0015913400,0.0019454800,0.0027685100,0.0036144800,0.0044500700,0.0052875500,0.0061063700,0.0069756100,0.0077063100,0.0080096100,0.0079978400
2022-05-26,0.0016958200,0.0020289300,0.0028596500,0.0037293600,0.0045729300,0.0054309500,0.0062502000,0.0070996900,0.0078917900,0.0081652400,0.0081491100
2022-05-25,0.0019056400,0.0022656400,0.0031095700,0.0039818700,0.0048221100,0.0056488100,0.0064753300,0.0073347300,0.0081277700,0.0084027500,0.0083882500
2022-05-24,0.0017956100,0.0021338700,0.0030321400,0.0039358500,0.0048062700,0.0056967600,0.0065197000,0.0073389400,0.0081287700,0.0084032500,0.0083892100
2022-05-23,0.0018311500,0.0021721300,0.0030288200,0.0039169600,0.0047778000,0.0056522400,0.0064688200,0.0073470500,0.0081436900,0.0084203100,0.0084067700
2022-05-20,0.0018770300,0.0022344700,0.0030826400,0.0039745900,0.0048370800,0.0057127800,0.0065353300,0.0074285300,0.0082240700,0.0085010300,0.0084875600
2022-05-19,0.0018410100,0.0021930200,0.0030519600,0.0039525500,0.0048226100,0.0057028200,0.0065236300,0.0074035000,0.0082033400,0.0084804300,0.0084684100
2022-05-18,0.0017198600,0.0020451500,0.0028900900,0.0037729600,0.0046268100,0.0054933000,0.0063105500,0.0071782700,0.0079699300,0.0082414800,0.0082291000
2022-05-17,0.0015950800,0.0018984100,0.0027545000,0.0036219700,0.0044709700,0.0053338000,0.0061417600,0.0069973400,0.0077795200,0.0080449100,0.0080200500
2022-05-16,0.0017548400,0.0020877900,0.0029273700,0.0037874800,0.0046300400,0.0054717500,0.0062976000,0.0071632500,0.0079527700,0.0082064000,0.0081980200
2022-05-13,0.0017502600,0.0020790600,0.0029209800,0.0037820000,0.0046228100,0.0054784700,0.0063033100,0.0071462300,0.0079322400,0.0081986000,0.0081887300
2022-05-12,0.0017974800,0.0021305400,0.0029830800,0.0038703400,0.0047230000,0.0055903900,0.0064164300,0.0072742400,0.0080574700,0.0083094500,0.0083029100
2022-05-11,0.0017453300,0.0020710100,0.0029143100,0.0037952200,0.0046457500,0.0054973400,0.0063319900,0.0071865500,0.0079748500,0.0082298900,0.0082211500
2022-05-10,0.0018006600,0.0021303100,0.0029795300,0.0038738600,0.0047421400,0.0056025500,0.0064338500,0.0073061700,0.0080918000,0.0083575000,0.0083483900
2022-05-09,0.0019259400,0.0022434000,0.0031014900,0.0040334500,0.0049104500,0.0058001200,0.0066358000,0.0075225700,0.0083195900,0.0085743600,0.0085671000
2022-05-06,0.0018484400,0.0021577800,0.0030121400,0.0039121000,0.0047695400,0.0056688100,0.0064999200,0.0073521700,0.0081459800,0.0084030600,0.0083946900
2022-05-05,0.0017386900,0.0020339000,0.0028616700,0.0037618500,0.0046284500,0.0055272100,0.0063534000,0.0072047900,0.0079972900,0.0082660800,0.0082563000
2022-05-04,0.0017304700,0.0020271100,0.0028587300,0.0037528700,0.0046076600,0.0055028200,0.0063309000,0.0071711300,0.0079643400,0.0082166400,0.0082092900
2022-05-03,0.0018060100,0.0021047600,0.0028995700,0.0037545000,0.0046057300,0.0054619300,0.0062989700,0.0072004700,0.0080033700,0.0082587000,0.0082523100
2022-05-02,0.0017633400,0.0020588000,0.0028886200,0.0037973400,0.0045926000,0.0054636700,0.0063026000,0.0071902700,0.0079911700,0.0082471300,0.0082393500
2022-04-29,0.0018016700,0.0021049300,0.0029229200,0.0038049100,0.0046049000,0.0054614200,0.0062882800,0.0071414100,0.0079390100,0.0081958800,0.0081887500
2022-04-28,0.0017506400,0.0020589700,0.0028592700,0.0036916000,0.0044910700,0.0053394900,0.0061655400,0.0069881200,0.0077733900,0.0080330600,0.0080253700
2022-04-27,0.0016848000,0.0019784400,0.0027645100,0.0036302100,0.0044535500,0.0053158000,0.0061428900,0.0069922000,0.0077663600,0.0080443100,0.0080375500
2022-04-26,0.0016422100,0.0019323000,0.0027082700,0.0035627700,0.0043861800,0.0052288400,0.0060544800,0.0069216200,0.0077028800,0.0079823300,0.0079747200
2022-04-25,0.0015740900,0.0018474000,0.0026089400,0.0034385200,0.0042169000,0.0050511200,0.0058742100,0.0066818300,0.0074522700,0.0077276700,0.0077211900
2022-04-22,0.0016051800,0.0018784300,0.0026268100,0.0034091000,0.0041607200,0.0049545600,0.0057773900,0.0066046400,0.0073824500,0.0076572200,0.0076507100
2022-04-21,0.0014936300,0.0017503500,0.0024877300,0.0032830100,0.0040480800,0.0048516600,0.0056703200,0.0064927100,0.0072785400,0.0075368200,0.0075288800
2022-04-20,0.0015378800,0.0018158000,0.0025627900,0.0033847400,0.0041689500,0.0049890100,0.0058122200,0.0066406900,0.0074320300,0.0077098400,0.0076995900
2022-04-19,0.0016167300,0.0019059500,0.0026709000,0.0035063100,0.0043053400,0.0051409900,0.0059652100,0.0067990700,0.0075879700,0.0078645700,0.0078505200
2022-04-18,0.0015811800,0.0018669100,0.0026343600,0.0034759300,0.0042776600,0.0051255100,0.0059625700,0.0068243000,0.0076233900,0.0079037500,0.0078758500
2022-04-15,0.0015796700,0.0018648900,0.0026327300,0.0034745000,0.0042763700,0.0051243600,0.0059615900,0.0068236200,0.0076226800,0.0079032900,0.0078729000
2022-04-14,0.0016567100,0.0019558300,0.0027223100,0.0035198700,0.0042908800,0.0051015100,0.0059231500,0.0067408700,0.0075306400,0.0077906700,0.0077758700
2022-04-13,0.0015520400,0.0018301000,0.0026122900,0.0034549700,0.0042623200,0.0051089600,0.0059209000,0.0067394500,0.0075273800,0.0078041200,0.0077541600
2022-04-12,0.0015813300,0.0018484200,0.0026108200,0.0034379600,0.0042348200,0.0050650000,0.0058419100,0.0066693400,0.0074555200,0.0077320000,0.0077193200
2022-04-11,0.0015996400,0.0018903300,0.0026600700,0.0034689900,0.0042358100,0.0050549000,0.0058554900,0.0066731500,0.0074464200,0.0077231900,0.0077123600
2022-04-08,0.0016061400,0.0019036200,0.0026562900,0.0034904700,0.0042702900,0.0051014900,0.0058673200,0.0066874700,0.0074713600,0.0077490600,0.0077414800
2022-04-07,0.0015284300,0.0018306000,0.0025829500,0.0034007700,0.0041846000,0.0050032700,0.0057778300,0.0065850600,0.0073467300,0.0076178400,0.0076138700
2022-04-06,0.0015701600,0.0018967500,0.0026481500,0.0034753900,0.0042619200,0.0050780900,0.0058655200,0.0066929100,0.0074827200,0.0077400800,0.0077325400
2022-04-05,0.0015662600,0.0018694500,0.0025920300,0.0033948300,0.0041536900,0.0049387400,0.0057363500,0.0065716600,0.0073553200,0.0076237700,0.0076141600
2022-04-04,0.0014085900,0.0017005600,0.0023882700,0.0031214600,0.0038068300,0.0045493000,0.0053684600,0.0061785600,0.0069238900,0.0072173100,0.0072098500
2022-04-01,0.0012347900,0.0015353800,0.0022172900,0.0029776700,0.0036817400,0.0044292900,0.0052122300,0.0060060900,0.0066814400,0.0069996600,0.0069994800
2022-03-31,0.0012624600,0.0015751200,0.0022552600,0.0029824500,0.0036690000,0.0044062100,0.0052207100,0.0060167800,0.0066963100,0.0070180100,0.0070159700
2022-03-30,0.0012071500,0.0015243500,0.0022187500,0.0029854100,0.0037005200,0.0044356100,0.0052187600,0.0059828400,0.0066572300,0.0069793400,0.0069701700
2022-03-29,0.0011640200,0.0014864500,0.0021657300,0.0029220500,0.0036316300,0.0043754600,0.0051514200,0.0059407800,0.0066199600,0.0069529600,0.0069300800
2022-03-28,0.0012868000,0.0016271400,0.0023323600,0.0031109500,0.0038558000,0.0046083300,0.0053986000,0.0061926800,0.0068955000,0.0072102200,0.0072056700
2022-03-25,0.0013647600,0.0017129000,0.0024326800,0.0031979200,0.0039410200,0.0046904600,0.0055019400,0.0063113800,0.0070117200,0.0073246700,0.0073212400
2022-03-24,0.0013567800,0.0017094500,0.0024334900,0.0032193700,0.0039748800,0.0047263200,0.0055219900,0.0063071600,0.0070324000,0.0073327500,0.0073259100
2022-03-23,0.0013763300,0.0017342600,0.0024555800,0.0032230400,0.0039489300,0.0046939400,0.0055120600,0.0063245300,0.0070753000,0.0073505200,0.0073441400
2022-03-22,0.0012990900,0.0016272200,0.0023419700,0.0031197400,0.0038550400,0.0045850500,0.0053948400,0.0061553700,0.0069418900,0.0071928800,0.0071803100
2022-03-21,0.0013503600,0.0016660400,0.0023778700,0.0031408700,0.0038815900,0.0046096800,0.0054221900,0.0062149000,0.0070873000,0.0072838300,0.0072669000
2022-03-18,0.0012507800,0.0015200700,0.0022180300,0.0029449600,0.0036526100,0.0043775300,0.0052300700,0.0060525000,0.0069623700,0.0071578700,0.0071498000
2022-03-17,0.0011904700,0.0014494300,0.0021471100,0.0029036900,0.0036401900,0.0043550000,0.0052187000,0.0060238300,0.0069388500,0.0071354700,0.0071269000
2022-03-16,0.0012150100,0.0014813400,0.0021888100,0.0029651500,0.0037222200,0.0044606600,0.0053250200,0.0061411800,0.0070666400,0.0072638700,0.0072489000
2022-03-15,0.0013621100,0.0016533600,0.0023927300,0.0032150100,0.0040107000,0.0047660800,0.0056248000,0.0064432500,0.0073990100,0.0075989700,0.0075671600
2022-03-14,0.0013111500,0.0015934400,0.0023277400,0.0031488200,0.0039399200,0.0046899800,0.0055601900,0.0063718900,0.0073230900,0.0075215700,0.0074882500
2022-03-11,0.0013824700,0.0016937100,0.0023984500,0.0031563400,0.0038919600,0.0046336200,0.0054815000,0.0063093500,0.0072584900,0.0074551800,0.0074208100
2022-03-10,0.0014035400,0.0017182000,0.0024482100,0.0032653400,0.0040662300,0.0048227700,0.0056961200,0.0065394100,0.0075063500,0.0077063900,0.0076762200
2022-03-09,0.0012800500,0.0015823800,0.0023204200,0.0031522300,0.0039749600,0.0047563800,0.0056402900,0.0064974200,0.0074621100,0.0076606200,0.0076326400
2022-03-08,0.0014302500,0.0017712600,0.0025579100,0.0034668500,0.0043609200,0.0051961900,0.0061029200,0.0070476800,0.0080238500,0.0082238300,0.0082112700
2022-03-07,0.0014627800,0.0018016400,0.0025905300,0.0035418800,0.0044409000,0.0052975200,0.0061971300,0.0072613000,0.0082208800,0.0084217800,0.0084143100
2022-03-04,0.0013611300,0.0016915900,0.0023893600,0.0032409300,0.0040454700,0.0048270300,0.0057127100,0.0067263900,0.0076594500,0.0078609200,0.0078559900
2022-03-03,0.0011278000,0.0014048900,0.0020548900,0.0028909700,0.0036650800,0.0044212000,0.0053177400,0.0063111600,0.0072277200,0.0074262400,0.0074163500
2022-03-02,0.0012053500,0.0015016200,0.0021058100,0.0029084700,0.0036504700,0.0043855800,0.0052771500,0.0062315400,0.0071541500,0.0073496000,0.0073242300
2022-03-01,0.0011836300,0.0014656300,0.0020591500,0.0028632200,0.0035918600,0.0043354200,0.0051985000,0.0061567300,0.0070697700,0.0072637100,0.0072538000
2022-02-28,0.0011353200,0.0014049000,0.0019894700,0.0027737900,0.0034793200,0.0041892600,0.0050645100,0.0059882600,0.0068868300,0.0070782100,0.0070686200
2022-02-25,0.0010573300,0.0013125900,0.0018598900,0.0025935200,0.0032773400,0.0039495100,0.0048393100,0.0057516400,0.0066438700,0.0068342200,0.0068227600
2022-02-24,0.0011782200,0.0014577400,0.0020610500,0.0028571300,0.0035739000,0.0042855500,0.0051848900,0.0061294700,0.0070367900,0.0072291500,0.0072193700
2022-02-23,0.0010890700,0.0013560600,0.0019118300,0.0026452800,0.0033153900,0.0039932000,0.0048800700,0.0058144600,0.0067111800,0.0069024800,0.0068927000
2022-02-22,0.0010879700,0.0013550100,0.0019325100,0.0026726200,0.0033654000,0.0040250300,0.0049394700,0.0058746000,0.0067797500,0.0069720500,0.0069609400
2022-02-21,0.0011333000,0.0014074300,0.0019755200,0.0027233400,0.0034160200,0.0040799500,0.0049892600,0.0059245500,0.0068323900,0.0070258300,0.0070143600
2022-02-18,0.0010475400,0.0013051400,0.0018573500,0.0025880100,0.0032521100,0.0039006400,0.0048026500,0.0057346900,0.0066368100,0.0068306500,0.0068186100
2022-02-17,0.0010492800,0.0013030200,0.0018245200,0.0025212100,0.0031552200,0.0038088200,0.0046884700,0.0056146000,0.0065299200,0.0067229800,0.0067085500
2022-02-16,0.0009746100,0.0012072900,0.0017315800,0.0023990600,0.0030227600,0.0036556600,0.0045425000,0.0054385700,0.0063434900,0.0065368000,0.0065203300
2022-02-15,0.0009638700,0.0012030600,0.0017332300,0.0024182000,0.0030620200,0.0036921400,0.0045976100,0.0054899600,0.0063903900,0.0065841100,0.0065579900
2022-02-14,0.0010375200,0.0012988900,0.0018387000,0.0025498300,0.0031997700,0.0038587100,0.0047548600,0.0056496700,0.0065285200,0.0067202900,0.0067137500
2022-02-11,0.0010031900,0.0012540100,0.0017554500,0.0024432700,0.0030654600,0.0037013100,0.0045922000,0.0054906000,0.0063567800,0.0065347100,0.0065311700
2022-02-10,0.0009722600,0.0012201200,0.0017322400,0.0024077200,0.0030410600,0.0036575500,0.0046161300,0.0054667700,0.0063166000,0.0065102300,0.0065065300
2022-02-09,0.0009071300,0.0011455600,0.0016453900,0.0023224500,0.0029540000,0.0035630400,0.0045088300,0.0053559600,0.0062016600,0.0063940600,0.0063906000
2022-02-08,0.0009698900,0.0012083200,0.0017420200,0.0024339800,0.0030789900,0.0037081900,0.0046557800,0.0054927400,0.0063448300,0.0065351900,0.0065269400
2022-02-07,0.0010454100,0.0012948800,0.0018377000,0.0025513200,0.0032011400,0.0038374000,0.0047758600,0.0056114700,0.0064856200,0.0066759300,0.0066530100
2022-02-04,0.0010346100,0.0012764800,0.0018075500,0.0025084900,0.0031395300,0.0037577400,0.0046962300,0.0055386900,0.0064140600,0.0066072600,0.0066029300
2022-02-03,0.0009334000,0.0011562400,0.0016599400,0.0023168400,0.0029199100,0.0035152100,0.0044538500,0.0052733000,0.0061139600,0.0063057600,0.0063056000
2022-02-02,0.0008401300,0.0010512200,0.0015279200,0.0021543600,0.0027233100,0.0033035400,0.0042094000,0.0050227600,0.0058480900,0.0060387200,0.0060399300
2022-02-01,0.0008379900,0.0010555300,0.0015342300,0.0021807900,0.0027696900,0.0033451300,0.0042710900,0.0050700900,0.0059158700,0.0061012700,0.0060986500
2022-01-31,0.0009203200,0.0011527100,0.0016432500,0.0022932600,0.0028784900,0.0034826900,0.0043696000,0.0052101100,0.0060631100,0.0062252300,0.0062232400
2022-01-28,0.0009227200,0.0011451100,0.0016442300,0.0023063500,0.0029120100,0.0035042100,0.0044468100,0.0052653100,0.0061235700,0.0062386000,0.0062103700
2022-01-27,0.0008675900,0.0010814000,0.0015733400,0.0022166400,0.0028026600,0.0033681800,0.0043261600,0.0051349800,0.0059882300,0.0061048900,0.0060767300
2022-01-26,0.0008648400,0.0010826900,0.0015643400,0.0022014600,0.0027803400,0.0033418200,0.0042958300,0.0051102000,0.0059662300,0.0060810300,0.0060383800
2022-01-25,0.0008977300,0.0011216300,0.0016150000,0.0022653400,0.0028646800,0.0034501100,0.0043955400,0.0052106300,0.0060707900,0.0061856000,0.0061439300
2022-01-24,0.0009247200,0.0011466700,0.0016533300,0.0023129400,0.0029188600,0.0035082800,0.0044642800,0.0052769800,0.0061228800,0.0062380200,0.0062073900
2022-01-21,0.0009135500,0.0011411900,0.0016448600,0.0022656300,0.0028433500,0.0034385600,0.0043311100,0.0051517600,0.0060091700,0.0061262900,0.0060900800
2022-01-20,0.0008809900,0.0011065500,0.0015933400,0.0022071000,0.0027738500,0.0033665100,0.0042509900,0.0050621200,0.0059164000,0.0060421300,0.0059947300
2022-01-19,0.0008508900,0.0010783300,0.0015635200,0.0021913200,0.0027821400,0.0033578600,0.0042850100,0.0050979900,0.0059752200,0.0060881200,0.0060400200
2022-01-18,0.0008982700,0.0011244500,0.0016173300,0.0022517000,0.0028413700,0.0034154600,0.0043619200,0.0051726800,0.0060475700,0.0061617000,0.0061149800
2022-01-17,0.0008741700,0.0011003800,0.0015859100,0.0022091900,0.0027840900,0.0033550100,0.0042904600,0.0050990100,0.0059658800,0.0060811000,0.0060371600
2022-01-14,0.0008501300,0.0010767500,0.0015481300,0.0021580600,0.0027155500,0.0032900500,0.0041736500,0.0049951300,0.0058423500,0.0059604800,0.0059253900
2022-01-13,0.0008171900,0.0010273000,0.0014946700,0.0021031400,0.0026646700,0.0032115500,0.0041446500,0.0049365700,0.0057887800,0.0059193900,0.0058724200
2022-01-12,0.0007922600,0.0010002300,0.0014634400,0.0020669300,0.0026235300,0.0031628200,0.0041109000,0.0048933300,0.0057423800,0.0058646100,0.0058168700
2022-01-11,0.0008009600,0.0010117500,0.0014751500,0.0020803000,0.0026358300,0.0031989500,0.0041067300,0.0049272200,0.0057681100,0.0059034600,0.0058542200
2022-01-10,0.0008508500,0.0010669800,0.0015390300,0.0021516800,0.0027189600,0.0032792000,0.0042074400,0.0050137600,0.0058643700,0.0059995100,0.0059494500
2022-01-07,0.0008428900,0.0010613900,0.0015239200,0.0021153700,0.0026575200,0.0032275800,0.0041086100,0.0049244800,0.0057715500,0.0059051000,0.0058552100
2022-01-06,0.0008253100,0.0010381800,0.0015009400,0.0020916600,0.0026456100,0.0031809500,0.0041042700,0.0048962300,0.0057487800,0.0058819500,0.0058322500
2022-01-05,0.0007951000,0.0010131500,0.0014525200,0.0020269100,0.0025518900,0.0030986900,0.0039864900,0.0047819400,0.0056308700,0.0057605400,0.0057131500
2022-01-04,0.0007196000,0.0009315300,0.0013765200,0.0019516100,0.0024796600,0.0029889600,0.0039262000,0.0046890700,0.0055221600,0.0056370700,0.0056120800
2022-01-03,0.0007282500,0.0009424500,0.0014216400,0.0020303500,0.0025827100,0.0030840700,0.0040926400,0.0048361100,0.0056690400,0.0057860200,0.0057619600
2021-12-31,0.0007547500,0.0009753000,0.0014449400,0.0020340300,0.0025715800,0.0030831600,0.0040544700,0.0048216400,0.0056537700,0.0057700300,0.0057443700
2021-12-30,0.0007745300,0.0009910900,0.0014631400,0.0020405800,0.0025571000,0.0030922400,0.0040027400,0.0047968300,0.0056306500,0.0057465900,0.0057183500
2021-12-29,0.0007566000,0.0009681900,0.0014420400,0.0020331100,0.0025737500,0.0031142600,0.0040367600,0.0048317000,0.0056558000,0.0057714800,0.0057358100
2021-12-28,0.0007724400,0.0009896400,0.0014443500,0.0020384600,0.0025583500,0.0031049900,0.0040159500,0.0048121900,0.0056305700,0.0057458200,0.0057232000
2021-12-27,0.0007776300,0.0009958900,0.0014472500,0.0020401700,0.0025595300,0.0031059200,0.0040165200,0.0048126000,0.0056328000,0.0057477600,0.0057238100
2021-12-24,0.0007008400,0.0008973000,0.0014019900,0.0019813100,0.0025292800,0.0031087100,0.0039873500,0.0047605800,0.0055754000,0.0056880300,0.0056599500
2021-12-23,0.0007526700,0.0009607900,0.0014186900,0.0020138400,0.0025348600,0.0030845300,0.0039917100,0.0047885800,0.0056216300,0.0057340100,0.0056939000
2021-12-22,0.0007830300,0.0010005100,0.0014581500,0.0020527700,0.0025821700,0.0031319200,0.0040258900,0.0048205600,0.0056606300,0.0057747600,0.0057484900
2021-12-21,0.0007789000,0.0009923200,0.0014723200,0.0020884600,0.0026623500,0.0031938900,0.0041678200,0.0049305700,0.0057623600,0.0058782200,0.0058542000
2021-12-20,0.0008044400,0.0010219300,0.0015013600,0.0021257800,0.0027026900,0.0032471200,0.0042313600,0.0049938700,0.0058209700,0.0059383200,0.0059157700
2021-12-17,0.0007925500,0.0010125500,0.0014834500,0.0020786300,0.0026163200,0.0031687800,0.0040880300,0.0048750000,0.0056831600,0.0058020000,0.0057804000
2021-12-16,0.0007692900,0.0009958500,0.0014615900,0.0020686600,0.0026054000,0.0031701900,0.0041191100,0.0048971800,0.0056865000,0.0058080200,0.0057823700
2021-12-15,0.0007978600,0.0010200600,0.0015003900,0.0021154600,0.0026763100,0.0032592900,0.0041886900,0.0049624500,0.0057774500,0.0059056500,0.0058628000
2021-12-14,0.0008028300,0.0010333500,0.0014986000,0.0021250900,0.0026749900,0.0032701800,0.0041579400,0.0049350500,0.0057684500,0.0058791000,0.0058372300
2021-12-13,0.0007895700,0.0010097100,0.0014912400,0.0021060200,0.0026832500,0.0032288700,0.0041675000,0.0049469900,0.0057908600,0.0059035500,0.0058731200
2021-12-10,0.0008436700,0.0010843100,0.0015491100,0.0021465600,0.0026965700,0.0032743600,0.0041737500,0.0049902800,0.0058368800,0.0059493300,0.0059152800
2021-12-09,0.0008214700,0.0010559100,0.0015201000,0.0021380000,0.0026994200,0.0032631100,0.0041940800,0.0049968500,0.0058568900,0.0059709800,0.0059272900
2021-12-08,0.0008498300,0.0010753100,0.0015424500,0.0021621800,0.0027242500,0.0033070400,0.0042099000,0.0050328900,0.0058595100,0.0059718700,0.0059403700
2021-12-07,0.0008602400,0.0010905600,0.0015610600,0.0021919900,0.0027755100,0.0033629700,0.0042489900,0.0050750100,0.0059239000,0.0060378700,0.0059953000
2021-12-06,0.0009364600,0.0011804900,0.0016747800,0.0023234000,0.0029231000,0.0035420100,0.0043962400,0.0052602600,0.0061175800,0.0062305700,0.0061902800
2021-12-03,0.0009049000,0.0011434800,0.0016321400,0.0022826600,0.0028653700,0.0034726500,0.0043520300,0.0052255900,0.0060675800,0.0061800500,0.0061520800
2021-12-02,0.0009167700,0.0011574400,0.0016577100,0.0023174000,0.0029245500,0.0035119000,0.0044621000,0.0052949400,0.0061631000,0.0062776900,0.0062475300
2021-12-01,0.0008782900,0.0011144500,0.0016208700,0.0022725100,0.0028789000,0.0034636300,0.0044317000,0.0052544800,0.0061200400,0.0062353600,0.0062068900
2021-11-30,0.0009181600,0.0011597100,0.0016719900,0.0023461900,0.0029666100,0.0035633600,0.0045288700,0.0053617300,0.0061997200,0.0063141300,0.0062853400
2021-11-29,0.0009019700,0.0011408600,0.0016617900,0.0023258000,0.0029327200,0.0035192600,0.0045264000,0.0053664900,0.0062285300,0.0063404900,0.0062959600
2021-11-26,0.0009643500,0.0012157400,0.0017426100,0.0024278900,0.0030328100,0.0036295500,0.0045927400,0.0054459700,0.0063435200,0.0064568200,0.0064174100
2021-11-25,0.0008814100,0.0011291900,0.0016310100,0.0022576600,0.0028309100,0.0034192900,0.0043180800,0.0051703300,0.0060652100,0.0061808600,0.0061392500
2021-11-24,0.0008449300,0.0010816400,0.0015695700,0.0022010300,0.0027854000,0.0033464700,0.0043026500,0.0051179900,0.0060022800,0.0061209700,0.0060754600
2021-11-23,0.0008257100,0.0010504900,0.0015386100,0.0021574700,0.0027397300,0.0032858000,0.0042392400,0.0050321600,0.0059029800,0.0060279700,0.0059690700
2021-11-22,0.0007893000,0.0010089100,0.0014760500,0.0020816900,0.0026367000,0.0031854100,0.0041272400,0.0049198500,0.0057736500,0.0059142200,0.0058572500
2021-11-19,0.0008034300,0.0010264200,0.0014821200,0.0020780500,0.0026247300,0.0032017100,0.0040670600,0.0048884100,0.0057326900,0.0058791900,0.0058369300
2021-11-18,0.0007973000,0.0010270200,0.0014778300,0.0020779600,0.0026334300,0.0031989700,0.0041024400,0.0049081800,0.0057480700,0.0059122800,0.0058765100
2021-11-17,0.0008340500,0.0010580200,0.0015155800,0.0021136300,0.0026700300,0.0032444500,0.0041110400,0.0049384100,0.0057960900,0.0060087200,0.0060073200
2021-11-16,0.0008533600,0.0010562500,0.0015201200,0.0021194400,0.0026693300,0.0032368500,0.0041320700,0.0049534400,0.0057857800,0.0060042700,0.0060585100
2021-11-15,0.0008425600,0.0010463300,0.0015202600,0.0021224900,0.0026695300,0.0032346800,0.0041483300,0.0049539500,0.0057788900,0.0060125300,0.0060538700
2021-11-12,0.0008101600,0.0010065900,0.0015244200,0.0021157700,0.0026766900,0.0032055700,0.0042079500,0.0049606900,0.0057883800,0.0060235000,0.0060669500
2021-11-11,0.0007974300,0.0009921600,0.0014774300,0.0020737600,0.0026159500,0.0031672400,0.0041312700,0.0048843000,0.0056743700,0.0059060200,0.0059561000
2021-11-10,0.0007930200,0.0009871000,0.0014808700,0.0020661500,0.0026098000,0.0031192400,0.0041221300,0.0048796500,0.0057077300,0.0059253100,0.0059843000
2021-11-09,0.0007865400,0.0009784200,0.0014611200,0.0020364500,0.0025855800,0.0031144600,0.0040767100,0.0048448200,0.0056867700,0.0059034500,0.0059601300
2021-11-08,0.0007844800,0.0009743800,0.0014311400,0.0020145700,0.0025633800,0.0031047100,0.0040562100,0.0048506700,0.0056719700,0.0058881700,0.0059335700
2021-11-05,0.0007982200,0.0009904900,0.0014520700,0.0020334000,0.0025804800,0.0031506000,0.0040518500,0.0048843300,0.0057083900,0.0059244000,0.0059813400
2021-11-04,0.0008152700,0.0010130200,0.0014875200,0.0020862400,0.0026565600,0.0032101300,0.0041635600,0.0049692100,0.0058017000,0.0060195900,0.0060649400
2021-11-03,0.0008343200,0.0010337400,0.0015155300,0.0021184800,0.0026931100,0.0032560400,0.0042047700,0.0050125800,0.0058517400,0.0060706500,0.0061150700
2021-11-02,0.0008581400,0.0010612300,0.0015466300,0.0021676300,0.0027349100,0.0033200000,0.0042466900,0.0050611400,0.0058714500,0.0060890900,0.0061365500
2021-11-01,0.0008648100,0.0010667400,0.0015682400,0.0022074800,0.0028057600,0.0033849000,0.0043378600,0.0051506200,0.0059687200,0.0062000100,0.0062481700
2021-10-29,0.0009178200,0.0011279700,0.0016457200,0.0022680500,0.0028593800,0.0034236400,0.0043862300,0.0051993200,0.0060343600,0.0062545900,0.0063182500
2021-10-28,0.0008635200,0.0010664900,0.0015522200,0.0021748700,0.0027562300,0.0033067400,0.0042585100,0.0050624400,0.0058766500,0.0060961100,0.0061623800
2021-10-27,0.0008234100,0.0010212300,0.0015185300,0.0021402800,0.0027146400,0.0032563500,0.0042262400,0.0050048000,0.0058447500,0.0060649600,0.0061277300
2021-10-26,0.0008349200,0.0010468800,0.0015272900,0.0021368000,0.0027044700,0.0032448700,0.0041978800,0.0049992500,0.0058414600,0.0060602900,0.0061198700
2021-10-25,0.0008487200,0.0010569000,0.0015622500,0.0021853600,0.0027688000,0.0033282200,0.0042796100,0.0050741500,0.0059234500,0.0061437700,0.0062001900
2021-10-22,0.0008847700,0.0010927400,0.0015623100,0.0021730600,0.0027329000,0.0033237800,0.0041893900,0.0050203900,0.0058464200,0.0060776100,0.0061241000
2021-10-21,0.0008547500,0.0010571600,0.0015337700,0.0021423000,0.0027102500,0.0032681800,0.0041996600,0.0050076700,0.0058577700,0.0060749700,0.0061319000
2021-10-20,0.0008585400,0.0010617900,0.0015359500,0.0021223100,0.0026767900,0.0032624900,0.0041433800,0.0049913500,0.0058275300,0.0060446400,0.0061004900
2021-10-19,0.0008719700,0.0010755000,0.0015502400,0.0021402800,0.0027070400,0.0033001500,0.0041710000,0.0050259500,0.0058557000,0.0060865000,0.0061288500
2021-10-18,0.0009079500,0.0011179000,0.0016134200,0.0022243300,0.0028007300,0.0033988300,0.0042832200,0.0051324200,0.0059795900,0.0062107100,0.0062540900
2021-10-15,0.0008776600,0.0010836300,0.0015757400,0.0021886300,0.0027723700,0.0033467100,0.0042806800,0.0050998800,0.0059565300,0.0061737700,0.0062183900
2021-10-14,0.0008639500,0.0010769000,0.0015840700,0.0022064500,0.0027971300,0.0033748100,0.0043471400,0.0051524500,0.0059614000,0.0061814900,0.0062463900
2021-10-13,0.0009290100,0.0011436200,0.0016526800,0.0022839300,0.0028750000,0.0034957100,0.0043635800,0.0052357800,0.0060906700,0.0063076600,0.0063636900
2021-10-12,0.0009289500,0.0011471600,0.0016838100,0.0023392000,0.0029487800,0.0035595700,0.0045186800,0.0053210500,0.0061641900,0.0063816300,0.0064279600
2021-10-11,0.0009664900,0.0011859500,0.0016956500,0.0023277000,0.0029151400,0.0035315100,0.0044033800,0.0052535500,0.0060844000,0.0063004200,0.0063594800
2021-10-08,0.0009322900,0.0011460600,0.0016586200,0.0022742600,0.0028578600,0.0034733000,0.0043570700,0.0051844400,0.0060222700,0.0062393100,0.0062962200
2021-10-07,0.0009223200,0.0011427800,0.0016589600,0.0022817200,0.0028689500,0.0034826800,0.0043945900,0.0052201700,0.0060459300,0.0062792900,0.0063254200
2021-10-06,0.0009446700,0.0011578000,0.0016832500,0.0023232000,0.0029290600,0.0035359000,0.0044531400,0.0052680900,0.0061206100,0.0063588000,0.0064076700
2021-10-05,0.0009042600,0.0011110200,0.0016173100,0.0022340500,0.0028256800,0.0034204000,0.0043238900,0.0051392600,0.0059921000,0.0062141300,0.0062743200
2021-10-04,0.0009035300,0.0011116700,0.0016177500,0.0022388100,0.0028300600,0.0034230800,0.0043257600,0.0051473100,0.0060099200,0.0062355400,0.0062937000
2021-10-01,0.0008573200,0.0010582400,0.0015428500,0.0021644500,0.0027454000,0.0033246800,0.0042694500,0.0050649400,0.0058862200,0.0061287300,0.0061797900
2021-09-30,0.0008483800,0.0010468100,0.0015167800,0.0021309100,0.0027060900,0.0032797900,0.0041885900,0.0049995900,0.0058609400,0.0060998700,0.0061432600
2021-09-29,0.0008378500,0.0010364500,0.0015067300,0.0021131600,0.0026812000,0.0032432100,0.0041566100,0.0049700500,0.0058302200,0.0060691200,0.0061132100
2021-09-28,0.0008815700,0.0010862200,0.0015583100,0.0021725900,0.0027478800,0.0033201200,0.0042513800,0.0050572300,0.0059104600,0.0061525700,0.0061996200
2021-09-27,0.0008290800,0.0010274400,0.0015189400,0.0021025800,0.0026663200,0.0032489300,0.0041385300,0.0049665400,0.0057954000,0.0060351300,0.0060829700
2021-09-24,0.0007954600,0.0009845600,0.0014803300,0.0020794100,0.0026667200,0.0032415000,0.0041798500,0.0049783500,0.0058032800,0.0060290300,0.0060928000
2021-09-23,0.0007954100,0.0009869900,0.0014620800,0.0020506700,0.0026053000,0.0031572300,0.0040860700,0.0048705600,0.0057052000,0.0059292800,0.0059903400
2021-09-22,0.0008064200,0.0009987300,0.0014551700,0.0020392300,0.0026172500,0.0031881900,0.0040909400,0.0049171100,0.0057637200,0.0060039300,0.0060510200
2021-09-21,0.0008171100,0.0010125600,0.0014640400,0.0020604100,0.0026400000,0.0032105400,0.0041046600,0.0049243800,0.0057906300,0.0060184400,0.0060627100
2021-09-20,0.0008413200,0.0010529600,0.0015101800,0.0021105100,0.0026554000,0.0032012100,0.0041147800,0.0049030000,0.0057081300,0.0059502500,0.0059923200
2021-09-17,0.0006915100,0.0009037800,0.0012907800,0.0018369500,0.0023236100,0.0028401900,0.0036673800,0.0044714700,0.0052036100,0.0054581600,0.0054613600
2021-09-16,0.0006634300,0.0008672000,0.0012717500,0.0018411800,0.0023430300,0.0028267800,0.0037760500,0.0045658000,0.0053576600,0.0055960100,0.0056013900
2021-09-15,0.0006419900,0.0008145100,0.0012426700,0.0018031700,0.0023102800,0.0028390900,0.0037140300,0.0045030600,0.0053720500,0.0055887400,0.0056243600
2021-09-14,0.0006489500,0.0008192800,0.0012482700,0.0018134600,0.0023357200,0.0028434700,0.0037705700,0.0045316700,0.0053991400,0.0056312000,0.0056694100
2021-09-13,0.0006730900,0.0008426600,0.0012533000,0.0018052100,0.0023251500,0.0028441300,0.0037220000,0.0044882900,0.0053328300,0.0055525900,0.0056054000
2021-09-10,0.0007289900,0.0009009400,0.0012734700,0.0017870200,0.0022958300,0.0028217200,0.0036420400,0.0044658100,0.0052615800,0.0055098000,0.0055606900
2021-09-09,0.0007181000,0.0008856200,0.0012694100,0.0017962700,0.0023181700,0.0028217800,0.0037033600,0.0044565500,0.0052859100,0.0055249200,0.0055830600
2021-09-08,0.0007346700,0.0009329500,0.0012765500,0.0017933700,0.0023172300,0.0028217500,0.0037271600,0.0045189700,0.0053998700,0.0056216300,0.0056629900
2021-09-07,0.0007282300,0.0008930400,0.0012464200,0.0017855500,0.0022631900,0.0027613200,0.0035865300,0.0043737400,0.0052184100,0.0054538400,0.0055036900
2021-09-06,0.0006566700,0.0008449800,0.0012402100,0.0017403700,0.0022639300,0.0027617900,0.0036579800,0.0043593800,0.0052173900,0.0054323900,0.0054823200
2021-09-03,0.0006755800,0.0008695000,0.0012665800,0.0017878100,0.0022564600,0.0027630300,0.0035926300,0.0043242200,0.0050860800,0.0052971100,0.0053453400
2021-09-02,0.0006530700,0.0008412200,0.0012723700,0.0018181900,0.0023231000,0.0027877300,0.0037531800,0.0044306300,0.0052399300,0.0054557500,0.0055019100
2021-09-01,0.0006529500,0.0008683800,0.0012572500,0.0018317600,0.0023326700,0.0027961800,0.0038188600,0.0045458100,0.0053689100,0.0055621300,0.0055800900
2021-08-31,0.0006725200,0.0008690500,0.0012803000,0.0018290400,0.0023365200,0.0028044700,0.0037656200,0.0045112600,0.0053248900,0.0055433900,0.0055916200
2021-08-30,0.0006522800,0.0008812800,0.0012500600,0.0018235600,0.0022864400,0.0027748500,0.0037392000,0.0044925600,0.0052802100,0.0054704100,0.0054794400
2021-08-27,0.0006439300,0.0008695100,0.0012796600,0.0018276900,0.0023380800,0.0028046300,0.0037649300,0.0045114200,0.0053021000,0.0054928800,0.0055017500
2021-08-26,0.0006480200,0.0008743300,0.0012884900,0.0018401200,0.0023501900,0.0028214100,0.0037824600,0.0045280400,0.0053363300,0.0055278200,0.0055505700
2021-08-25,0.0006722200,0.0008757100,0.0012533400,0.0017976300,0.0023140900,0.0028129900,0.0037259100,0.0044971400,0.0052914000,0.0055095100,0.0055748400
2021-08-24,0.0006703900,0.0008747300,0.0012360900,0.0017838700,0.0022992900,0.0028262800,0.0036690200,0.0044726900,0.0053059400,0.0055406100,0.0055834200
2021-08-23,0.0006717200,0.0009226700,0.0013149200,0.0017914200,0.0023331500,0.0028438100,0.0036252300,0.0044158300,0.0051135600,0.0053742500,0.0053872100
2021-08-20,0.0006611000,0.0008896100,0.0013100200,0.0018705300,0.0023923900,0.0028717700,0.0038342800,0.0045813400,0.0053067900,0.0055781200,0.0055908800
2021-08-19,0.0006787100,0.0009121500,0.0013577500,0.0018736700,0.0024206500,0.0029095700,0.0037677800,0.0044244300,0.0051276200,0.0053905000,0.0054024600
2021-08-18,0.0006628900,0.0009075900,0.0013472200,0.0018123500,0.0023462300,0.0028828000,0.0036101300,0.0043686700,0.0050887100,0.0053238400,0.0053349100
2021-08-17,0.0006296900,0.0008485300,0.0012753800,0.0017712400,0.0023169700,0.0028651700,0.0036303300,0.0043879900,0.0051623800,0.0053675700,0.0053712800
2021-08-16,0.0006612500,0.0008945200,0.0013784300,0.0018314100,0.0023497800,0.0028722500,0.0035819800,0.0042352800,0.0050523700,0.0052270200,0.0052216700
2021-08-13,0.0005348600,0.0007291700,0.0011835200,0.0017257200,0.0022382400,0.0027901700,0.0036318600,0.0043752000,0.0052217600,0.0053867900,0.0053849500
2021-08-12,0.0006763400,0.0009116400,0.0013416700,0.0018016100,0.0023090600,0.0028216800,0.0035475700,0.0042098400,0.0050136600,0.0051747100,0.0051861500
2021-08-11,0.0005550500,0.0007457700,0.0012001700,0.0017423900,0.0022550600,0.0028070100,0.0036487900,0.0043923300,0.0051926500,0.0053773600,0.0053782100
2021-08-10,0.0006837500,0.0009246400,0.0013201800,0.0018629600,0.0024069600,0.0028414000,0.0037232100,0.0044010300,0.0052039900,0.0053896700,0.0053918200
2021-08-09,0.0006185600,0.0008431200,0.0012824100,0.0018058800,0.0023267300,0.0027884000,0.0037392300,0.0044071200,0.0052145400,0.0053982500,0.0053995400
2021-08-06,0.0006415700,0.0008666700,0.0012784300,0.0018060400,0.0023168600,0.0027925500,0.0036807000,0.0043442100,0.0051485900,0.0053132400,0.0053109600
2021-08-05,0.0006890100,0.0009316700,0.0013269700,0.0018030700,0.0023164500,0.0028223100,0.0035550200,0.0042678600,0.0050658600,0.0052266000,0.0052016700
2021-08-04,0.0006490700,0.0008877500,0.0013189400,0.0018042000,0.0023346200,0.0028079100,0.0036620700,0.0043048900,0.0051290200,0.0052810700,0.0052030900
2021-08-03,0.0006755400,0.0009094500,0.0013240500,0.0018289000,0.0023551000,0.0028577300,0.0036953700,0.0044060100,0.0052380200,0.0053963500,0.0053424900
2021-08-02,0.0006230700,0.0008430600,0.0012378800,0.0017536100,0.0022817400,0.0028330000,0.0036339100,0.0044227800,0.0052518100,0.0054362300,0.0054315000
2021-07-30,0.0006436000,0.0008639400,0.0012242100,0.0017380200,0.0022710300,0.0028124500,0.0036539500,0.0044242000,0.0052574400,0.0054396000,0.0054374100
2021-07-29,0.0006528300,0.0008819300,0.0012665000,0.0017881100,0.0023095700,0.0028205900,0.0036750200,0.0044322200,0.0052803100,0.0054490300,0.0054606200
2021-07-28,0.0007172200,0.0009538200,0.0013332200,0.0018744600,0.0024131200,0.0029276000,0.0037868600,0.0044830500,0.0052350200,0.0054207900,0.0054287800
2021-07-27,0.0006617300,0.0008786100,0.0013069800,0.0018621600,0.0024086800,0.0029289200,0.0037730800,0.0044548600,0.0052113500,0.0053959900,0.0054021600
2021-07-26,0.0006533700,0.0008797900,0.0013083900,0.0018220400,0.0023623100,0.0028788300,0.0036607300,0.0043094800,0.0050536900,0.0052339800,0.0052372200
2021-07-23,0.0005974700,0.0008137600,0.0012509500,0.0017722800,0.0023258900,0.0028404700,0.0036767000,0.0043454700,0.0051146400,0.0052970700,0.0052959500
2021-07-22,0.0006623300,0.0008835200,0.0013005000,0.0018476800,0.0023918500,0.0029290800,0.0037460000,0.0044557700,0.0052287100,0.0054136500,0.0054156000
2021-07-21,0.0006497100,0.0008654500,0.0012851200,0.0018304800,0.0023845900,0.0029324500,0.0037769500,0.0045335800,0.0053136900,0.0055026700,0.0055070300
2021-07-20,0.0007345800,0.0009393400,0.0013892300,0.0019030400,0.0024779900,0.0030325000,0.0038457700,0.0045601200,0.0053324900,0.0055418900,0.0055869400
2021-07-19,0.0006908600,0.0009090300,0.0013470000,0.0018760400,0.0024429000,0.0029969100,0.0038094900,0.0045486400,0.0053284400,0.0055101400,0.0055130000
2021-07-16,0.0006796400,0.0009000500,0.0012863000,0.0017708300,0.0022949800,0.0028561200,0.0036347900,0.0043963100,0.0051819800,0.0053461000,0.0053478600
2021-07-15,0.0006871800,0.0009091100,0.0013194600,0.0017852100,0.0023283600,0.0028661900,0.0035924000,0.0043066100,0.0050564100,0.0052207000,0.0052389400
2021-07-14,0.0006894600,0.0009094100,0.0013113500,0.0018127300,0.0023491300,0.0028763000,0.0036517400,0.0043549900,0.0051306500,0.0053167200,0.0053325400
2021-07-13,0.0007082500,0.0009078600,0.0013193800,0.0018459000,0.0023901100,0.0029051100,0.0037302200,0.0044229800,0.0052319700,0.0054439400,0.0054853100
2021-07-12,0.0007073600,0.0009062300,0.0013267100,0.0018548200,0.0024136900,0.0029553500,0.0037588000,0.0044975000,0.0053109300,0.0055256000,0.0055799100
2021-07-09,0.0007282700,0.0009315000,0.0013667900,0.0018949400,0.0024588400,0.0030094100,0.0037815300,0.0045430600,0.0053433100,0.0055554400,0.0055971100
2021-07-08,0.0007282300,0.0009276900,0.0013827500,0.0019173000,0.0024872000,0.0030391100,0.0038400000,0.0045572300,0.0053930600,0.0056022300,0.0056381600
2021-07-07,0.0006377700,0.0008432200,0.0013364300,0.0018319600,0.0023920600,0.0029582000,0.0036864400,0.0043582400,0.0051694200,0.0053511800,0.0053631300
2021-07-06,0.0006799200,0.0008717700,0.0013326700,0.0018387200,0.0024152700,0.0029497100,0.0037747700,0.0044935100,0.0052955200,0.0055008900,0.0055410300
2021-07-05,0.0007132800,0.0009550800,0.0013139800,0.0018383300,0.0023894400,0.0029414200,0.0037272900,0.0046084900,0.0054455200,0.0056161400,0.0056133200
2021-07-02,0.0007190100,0.0009524200,0.0013534400,0.0018503900,0.0023752800,0.0029560500,0.0037384400,0.0046060000,0.0054326500,0.0056198400,0.0056172300
2021-07-01,0.0006926400,0.0009271300,0.0013399100,0.0018527300,0.0023737200,0.0029396200,0.0037427900,0.0045534700,0.0053674700,0.0055506900,0.0055480100
2021-06-30,0.0006717200,0.0008884800,0.0013269800,0.0018556600,0.0024097900,0.0029368300,0.0038305600,0.0045920500,0.0054123500,0.0055796700,0.0055737400
2021-06-29,0.0006896900,0.0009208200,0.0013668300,0.0018153100,0.0023742700,0.0029291200,0.0036573500,0.0044055000,0.0052035100,0.0053635400,0.0053120300
2021-06-28,0.0006976400,0.0009287300,0.0013542300,0.0018946700,0.0024487700,0.0029665900,0.0038543900,0.0045809200,0.0053257300,0.0055550400,0.0055725200
2021-06-25,0.0005908900,0.0007798500,0.0012166200,0.0017511100,0.0023552300,0.0028884900,0.0038258300,0.0046011700,0.0053720900,0.0055887000,0.0056110300
2021-06-24,0.0006713700,0.0008585100,0.0012873700,0.0018448700,0.0024168700,0.0029506200,0.0038635600,0.0046053000,0.0053479600,0.0056150000,0.0056772500
2021-06-23,0.0007123000,0.0009116300,0.0013547500,0.0018900200,0.0024607600,0.0029941300,0.0038231300,0.0045358100,0.0053223800,0.0055424300,0.0056055100
2021-06-22,0.0007346800,0.0009431200,0.0014041300,0.0019256100,0.0025014900,0.0030346900,0.0038522000,0.0045705100,0.0053148200,0.0055616000,0.0056349900
2021-06-21,0.0007540900,0.0009573000,0.0013978300,0.0019712700,0.0025418400,0.0030878200,0.0039437300,0.0046958100,0.0055152300,0.0057330200,0.0057943000
2021-06-18,0.0007472300,0.0009506000,0.0013827400,0.0019417000,0.0024997000,0.0030544300,0.0038900100,0.0046986800,0.0055351300,0.0057555200,0.0058199800
2021-06-17,0.0007527700,0.0009604600,0.0013949600,0.0019101600,0.0024814400,0.0030251400,0.0038566800,0.0046143800,0.0054155100,0.0056363900,0.0057000400
2021-06-16,0.0007575600,0.0009693500,0.0014209100,0.0019159400,0.0024502100,0.0029912900,0.0036943000,0.0043494100,0.0051445800,0.0053656300,0.0054082700
2021-06-15,0.0007493100,0.0009568200,0.0013961500,0.0019275900,0.0024886600,0.0029931200,0.0038451300,0.0045344300,0.0053660100,0.0055807000,0.0056391300
2021-06-14,0.0007405200,0.0009490600,0.0013407700,0.0019035900,0.0024689700,0.0029812500,0.0038424100,0.0045502300,0.0053766300,0.0055922400,0.0056520600
2021-06-11,0.0007165400,0.0009146200,0.0013405200,0.0019149400,0.0024732900,0.0030031300,0.0038779200,0.0046215000,0.0054164400,0.0056367300,0.0056990800
2021-06-10,0.0007737200,0.0009840400,0.0014061700,0.0019236800,0.0024748800,0.0030331500,0.0038142500,0.0045941100,0.0054108800,0.0056294600,0.0056870700
2021-06-09,0.0007603100,0.0009604800,0.0014291200,0.0019725300,0.0025443600,0.0030624000,0.0039094700,0.0045607400,0.0053821300,0.0056106300,0.0056763100
2021-06-08,0.0007206900,0.0009080600,0.0013835900,0.0019393500,0.0025201900,0.0030555700,0.0039054400,0.0045779400,0.0053773700,0.0056019600,0.0056701900
2021-06-07,0.0007870000,0.0009915800,0.0014045000,0.0019597900,0.0024961100,0.0030521700,0.0038810500,0.0046346400,0.0053776500,0.0055829200,0.0056434000
2021-06-04,0.0008043000,0.0010129900,0.0014343600,0.0019654400,0.0025247600,0.0030790700,0.0038632100,0.0045728700,0.0053257700,0.0055202100,0.0055574900
2021-06-03,0.0007999100,0.0010052300,0.0014417500,0.0020105100,0.0025732000,0.0031098800,0.0039718300,0.0046772200,0.0054521000,0.0056492800,0.0056825200
2021-06-02,0.0007272900,0.0009216900,0.0013339500,0.0019083600,0.0024424900,0.0029888900,0.0038187100,0.0045720800,0.0053806300,0.0055790500,0.0055925900
2021-06-01,0.0006855800,0.0009123000,0.0013216500,0.0018467900,0.0024006100,0.0029527200,0.0037606900,0.0044504600,0.0052787500,0.0054746500,0.0054672500
2021-05-31,0.0007170700,0.0009387900,0.0013668600,0.0019167300,0.0024911300,0.0030392200,0.0039260800,0.0045559200,0.0053897800,0.0055878100,0.0055839000
2021-05-28,0.0007294200,0.0009546100,0.0013743600,0.0019146500,0.0024782100,0.0030210400,0.0038604100,0.0045428500,0.0053695400,0.0055669100,0.0055652700
2021-05-27,0.0007123700,0.0009285200,0.0013812900,0.0019456500,0.0025235500,0.0030811300,0.0039193800,0.0045955400,0.0054126200,0.0056100500,0.0056182700
2021-05-26,0.0007706700,0.0009720000,0.0014415100,0.0019943100,0.0025899500,0.0031695900,0.0039896500,0.0046646700,0.0054111600,0.0056075700,0.0056675800
2021-05-25,0.0007893900,0.0009958800,0.0014453300,0.0020043500,0.0025859400,0.0031640200,0.0039507600,0.0046523900,0.0053937100,0.0055893100,0.0056491500
2021-05-24,0.0008073900,0.0010183600,0.0014761400,0.0020422000,0.0026180000,0.0031978600,0.0039834600,0.0046856800,0.0054140700,0.0056103300,0.0056722000
2021-05-21,0.0008055500,0.0010165400,0.0014733600,0.0020431600,0.0026234300,0.0032076400,0.0039991200,0.0047024000,0.0054139900,0.0056092200,0.0056733600
2021-05-20,0.0008185700,0.0010324300,0.0014937100,0.0020921500,0.0026574400,0.0032481800,0.0040797200,0.0048008800,0.0055165800,0.0057148900,0.0057796400
2021-05-19,0.0008140300,0.0010243700,0.0014942700,0.0020859000,0.0026661300,0.0032600600,0.0040774500,0.0047836300,0.0055388800,0.0057352800,0.0057935900
2021-05-18,0.0008038200,0.0010139200,0.0014665500,0.0020365600,0.0026191400,0.0031983800,0.0039822300,0.0047133200,0.0054603700,0.0056532600,0.0057118900
2021-05-17,0.0008034300,0.0010160800,0.0014496200,0.0020352000,0.0026123600,0.0031858900,0.0040150400,0.0047324100,0.0054977900,0.0056783400,0.0057350500
2021-05-14,0.0007890100,0.0010105900,0.0014357400,0.0020172600,0.0026118600,0.0031880200,0.0040129000,0.0047054600,0.0054590200,0.0056548600,0.0056954800
2021-05-13,0.0008230700,0.0010501400,0.0015017900,0.0020869300,0.0026901900,0.0032930300,0.0040963500,0.0048010500,0.0055504200,0.0057475700,0.0058019100
2021-05-12,0.0008421700,0.0010724200,0.0015257900,0.0021290200,0.0027487200,0.0033437400,0.0041677900,0.0048577900,0.0056328000,0.0058330900,0.0058753600
2021-05-11,0.0009023100,0.0011345900,0.0015897600,0.0021974000,0.0028048800,0.0034123400,0.0042088000,0.0049356400,0.0057170600,0.0059256400,0.0059875000
2021-05-10,0.0008560900,0.0010913900,0.0015348700,0.0021237800,0.0027342700,0.0033221800,0.0040988800,0.0047828400,0.0055601800,0.0057640900,0.0058229900
2021-05-07,0.0008272800,0.0010532000,0.0015221300,0.0021321000,0.0027271900,0.0033549900,0.0041844400,0.0049230100,0.0057144900,0.0059236900,0.0059857100
2021-05-06,0.0008455000,0.0010639100,0.0015424800,0.0021409400,0.0027562100,0.0033625500,0.0041904200,0.0048929200,0.0056879100,0.0058946200,0.0059546500
2021-05-05,0.0008368200,0.0010543100,0.0015085000,0.0020948900,0.0027105300,0.0033074100,0.0040920000,0.0047970900,0.0056158600,0.0058200900,0.0058736000
2021-05-04,0.0008510000,0.0010725600,0.0015320500,0.0021074200,0.0027286900,0.0033276500,0.0040850400,0.0047979900,0.0055994100,0.0058025700,0.0058561600
2021-05-03,0.0007868500,0.0010072400,0.0014436200,0.0020559800,0.0026618300,0.0032577300,0.0040769600,0.0048107300,0.0056195800,0.0058244800,0.0058645600
2021-04-30,0.0007734200,0.0009895700,0.0014601800,0.0020393000,0.0026672400,0.0032653200,0.0041061400,0.0047611900,0.0055557400,0.0057591100,0.0058011800
2021-04-29,0.0008065200,0.0010265900,0.0014633400,0.0021076400,0.0027153900,0.0033095000,0.0042045700,0.0049561500,0.0057248900,0.0059351300,0.0059859100
2021-04-28,0.0008218400,0.0010376000,0.0014874200,0.0020810500,0.0027028600,0.0032821100,0.0041003000,0.0048288800,0.0055816700,0.0057852000,0.0058325000
2021-04-27,0.0007924100,0.0010023200,0.0014619200,0.0020962400,0.0027225400,0.0033285200,0.0041939700,0.0049813400,0.0057828800,0.0059919600,0.0060352400
2021-04-26,0.0008065800,0.0010278000,0.0014984600,0.0021183400,0.0027187000,0.0033477500,0.0042036700,0.0049520900,0.0057996100,0.0060080700,0.0060456100
2021-04-23,0.0008389700,0.0010573600,0.0015111000,0.0021320500,0.0027223300,0.0033436300,0.0041391400,0.0049306100,0.0057632300,0.0059696300,0.0060207100
2021-04-22,0.0008503200,0.0010715700,0.0015190300,0.0021286600,0.0027215900,0.0033231000,0.0041711300,0.0049537900,0.0057865500,0.0059951300,0.0060359500
2021-04-21,0.0008809600,0.0011102400,0.0015399800,0.0021464000,0.0027635700,0.0033574000,0.0041468700,0.0048678900,0.0056652100,0.0058707800,0.0059272800
2021-04-20,0.0008385300,0.0010565500,0.0015370700,0.0021407700,0.0027567300,0.0033641200,0.0041881900,0.0049145300,0.0056968100,0.0059039800,0.0059513000
2021-04-19,0.0008237800,0.0010399900,0.0015095300,0.0021028900,0.0027172200,0.0033215000,0.0041463000,0.0048615800,0.0056635100,0.0058694600,0.0059245900
2021-04-16,0.0008195800,0.0010352100,0.0014903800,0.0021072600,0.0027146300,0.0033146900,0.0041936500,0.0049062500,0.0056853900,0.0058935400,0.0059400900
2021-04-15,0.0008519900,0.0010774100,0.0015377500,0.0021546300,0.0027799600,0.0033936600,0.0042344500,0.0049405700,0.0057116600,0.0059191200,0.0059694700
2021-04-14,0.0008909000,0.0011244700,0.0016212800,0.0022418100,0.0028778100,0.0035093500,0.0043295900,0.0050476400,0.0058062000,0.0060123700,0.0060747200
2021-04-13,0.0009460400,0.0012006000,0.0016980100,0.0023285700,0.0029537300,0.0035877000,0.0043870100,0.0051305600,0.0059276500,0.0061344900,0.0061759200
2021-04-12,0.0009515900,0.0011941000,0.0016621700,0.0022802100,0.0029072300,0.0035277800,0.0043330500,0.0050941300,0.0058869400,0.0060955300,0.0061431200
2021-04-09,0.0008833900,0.0011081300,0.0015500500,0.0021446200,0.0027460900,0.0033366700,0.0041736600,0.0049194700,0.0057318900,0.0059415500,0.0059855700
2021-04-08,0.0007882700,0.0009935900,0.0014324700,0.0019881100,0.0025539200,0.0031256100,0.0039669700,0.0047116300,0.0055313200,0.0057388100,0.0057790500
2021-04-07,0.0007989600,0.0010178400,0.0014597300,0.0019808000,0.0025522000,0.0031109900,0.0039031700,0.0046337500,0.0054181100,0.0056230000,0.0056669100
2021-04-06,0.0007513400,0.0009512200,0.0013958800,0.0019283600,0.0024916800,0.0030361600,0.0038524100,0.0045544500,0.0053708100,0.0055755700,0.0056287200
2021-04-05,0.0007571700,0.0009598600,0.0013684900,0.0019111000,0.0024819000,0.0030493900,0.0038669700,0.0045338200,0.0053461200,0.0055503600,0.0056030000
2021-04-02,0.0007443100,0.0009435400,0.0013632400,0.0019163800,0.0024977900,0.0030601300,0.0039160700,0.0045287000,0.0053432000,0.0055472900,0.0055978100
2021-04-01,0.0007642900,0.0009684100,0.0013886400,0.0019103300,0.0024889000,0.0030448000,0.0038286600,0.0045081800,0.0053323200,0.0055355300,0.0055718000
2021-03-31,0.0007838800,0.0009898100,0.0014317400,0.0019705000,0.0025640800,0.0031228600,0.0039526300,0.0045991400,0.0054101400,0.0056143400,0.0056662700
2021-03-30,0.0008276300,0.0010433400,0.0014850400,0.0020140800,0.0025906100,0.0031626100,0.0039194000,0.0046330000,0.0054293400,0.0056332000,0.0056724700
2021-03-29,0.0007968400,0.0010085200,0.0014396700,0.0019807900,0.0025441400,0.0031135000,0.0038984200,0.0045979900,0.0053562200,0.0055596000,0.0056067600
2021-03-26,0.0007836500,0.0009929900,0.0014219300,0.0019475500,0.0025211000,0.0030776900,0.0038580000,0.0045577800,0.0052602200,0.0054633300,0.0055326300
2021-03-25,0.0007898200,0.0010003000,0.0014497200,0.0019952200,0.0025928600,0.0031525600,0.0039938000,0.0046574100,0.0054253700,0.0056322100,0.0056972800
2021-03-24,0.0007743800,0.0009820700,0.0014167100,0.0019667500,0.0025498700,0.0031026600,0.0039462700,0.0046226500,0.0053634500,0.0055696700,0.0056368600
2021-03-23,0.0007741000,0.0009915800,0.0014344000,0.0019955600,0.0025786500,0.0031390700,0.0039818600,0.0046612000,0.0053917200,0.0055985000,0.0056626000
2021-03-22,0.0008369800,0.0010809300,0.0015301600,0.0020498700,0.0026162100,0.0031703500,0.0039931400,0.0046831400,0.0054549300,0.0056582300,0.0056949800
2021-03-19,0.0006806000,0.0009212700,0.0013877100,0.0018055500,0.0023200500,0.0028484500,0.0036897200,0.0043801200,0.0052197000,0.0054106100,0.0054000200
2021-03-18,0.0006146400,0.0008323400,0.0011952700,0.0016434000,0.0021173900,0.0026169300,0.0034445500,0.0041120800,0.0049039700,0.0050772900,0.0050731400
2021-03-17,0.0005697900,0.0007732900,0.0011632200,0.0015986000,0.0020913500,0.0025327900,0.0033327600,0.0039639200,0.0047622300,0.0049537300,0.0049406400
2021-03-16,0.0005333500,0.0007130100,0.0011161100,0.0015237700,0.0019942900,0.0024580700,0.0032121500,0.0039186500,0.0047018200,0.0048949100,0.0048894400
2021-03-15,0.0005381300,0.0007259700,0.0010797200,0.0015313900,0.0019836000,0.0024440800,0.0032552700,0.0039452400,0.0048098900,0.0050030100,0.0049588200
2021-03-12,0.0005381300,0.0007259700,0.0010797200,0.0015313900,0.0019836000,0.0024440800,0.0032552700,0.0039452400,0.0048098900,0.0050030100,0.0049588200
2021-03-11,0.0005500500,0.0007520100,0.0010764200,0.0015050700,0.0019522200,0.0024387600,0.0032297400,0.0038853200,0.0046582300,0.0048513000,0.0048430000
2021-03-10,0.0005699400,0.0007776300,0.0011046000,0.0015600100,0.0020232800,0.0025042700,0.0032989100,0.0039003900,0.0046681000,0.0048581200,0.0048519800
2021-03-09,0.0005530000,0.0007514800,0.0011086900,0.0015672400,0.0020671700,0.0025169200,0.0033271200,0.0038982000,0.0046067400,0.0047919900,0.0047960000
2021-03-08,0.0005789700,0.0007838200,0.0011539900,0.0016081800,0.0020868800,0.0025698400,0.0033794200,0.0039736800,0.0047281500,0.0049004600,0.0048997800
2021-03-05,0.0005613700,0.0007658300,0.0011449500,0.0015558500,0.0020740400,0.0025936800,0.0033611300,0.0040313700,0.0048553300,0.0050469000,0.0050345600
2021-03-04,0.0005343800,0.0007254700,0.0011194000,0.0015869300,0.0020628400,0.0025480700,0.0034169700,0.0040870000,0.0048633700,0.0050558500,0.0050544000
2021-03-03,0.0005641400,0.0007621900,0.0011207400,0.0015589700,0.0020139700,0.0025079300,0.0033083300,0.0039845200,0.0047759200,0.0049433800,0.0049365200
2021-03-02,0.0005793800,0.0007680400,0.0011394300,0.0015844100,0.0020458900,0.0025259500,0.0033217800,0.0039905900,0.0047876400,0.0049602100,0.0049518000
2021-03-01,0.0005795000,0.0007755500,0.0011197700,0.0015782100,0.0020471000,0.0025479400,0.0033412300,0.0039900200,0.0047539300,0.0049460000,0.0049253800
2021-02-26,0.0006369900,0.0008389000,0.0011922700,0.0016764600,0.0021714700,0.0026775400,0.0034680600,0.0041440300,0.0049481900,0.0051397100,0.0051273000
2021-02-25,0.0006106200,0.0008007500,0.0011567200,0.0016227300,0.0021162800,0.0026285700,0.0034200100,0.0040976500,0.0048606900,0.0050541900,0.0050302000
2021-02-24,0.0006072800,0.0008018400,0.0011499400,0.0015990500,0.0021125400,0.0026212400,0.0033735300,0.0039951700,0.0047939700,0.0049815600,0.0049662100
2021-02-23,0.0006383200,0.0008388700,0.0012097700,0.0016775300,0.0021875500,0.0026952800,0.0034804300,0.0041432800,0.0049849300,0.0051722000,0.0051536400
2021-02-22,0.0006431400,0.0008461400,0.0011985300,0.0016493100,0.0021402100,0.0026539000,0.0034460300,0.0041283300,0.0049947900,0.0051656600,0.0051474500
2021-02-19,0.0006197100,0.0008202200,0.0011322200,0.0015809700,0.0020983900,0.0026190700,0.0034080800,0.0040613100,0.0049087000,0.0050824900,0.0050655000
2021-02-18,0.0005896300,0.0007829800,0.0011609200,0.0016029400,0.0021361900,0.0026322300,0.0034147500,0.0040154200,0.0048634400,0.0050556500,0.0050349100
2021-02-17,0.0005943900,0.0007828600,0.0011687300,0.0016061500,0.0021285700,0.0026230800,0.0034113500,0.0040422300,0.0048697200,0.0050626300,0.0050440100
2021-02-16,0.0005769000,0.0007620800,0.0011192700,0.0015450900,0.0020597000,0.0025434500,0.0033144600,0.0039570800,0.0047771900,0.0049661800,0.0049335000
2021-02-15,0.0005813100,0.0007674600,0.0011042400,0.0015267600,0.0020573400,0.0025559700,0.0033194500,0.0039628000,0.0047952400,0.0049800600,0.0049643500
2021-02-12,0.0006420900,0.0008401800,0.0011736600,0.0016155800,0.0020922500,0.0025796500,0.0033427900,0.0040405600,0.0048593500,0.0050316900,0.0050227500
2021-02-11,0.0006396700,0.0008403600,0.0011500700,0.0015947800,0.0020447300,0.0025416000,0.0032956800,0.0039464900,0.0047288800,0.0049195000,0.0049133000
2021-02-10,0.0006264300,0.0008226100,0.0011824000,0.0016395100,0.0021125000,0.0026153900,0.0033925900,0.0040624000,0.0048324000,0.0050264800,0.0050238500
2021-02-09,0.0006286900,0.0008261000,0.0012112900,0.0016819900,0.0021833600,0.0026720800,0.0034212500,0.0040621100,0.0048317300,0.0050225800,0.0050178100
2021-02-08,0.0006325000,0.0008271000,0.0012036300,0.0016788100,0.0021777600,0.0026722800,0.0034725600,0.0041656100,0.0050034700,0.0051976600,0.0051831200
2021-02-05,0.0006356900,0.0008245200,0.0012120300,0.0016857300,0.0022002400,0.0026841100,0.0034892300,0.0041722100,0.0050045300,0.0051978400,0.0051850000
2021-02-04,0.0006524000,0.0008377600,0.0011954100,0.0016563900,0.0021876700,0.0026922900,0.0035188800,0.0042007700,0.0050283500,0.0052222700,0.0052134200
2021-02-03,0.0007039300,0.0009063600,0.0012532300,0.0016611900,0.0021660800,0.0026862600,0.0034895300,0.0042223900,0.0050579600,0.0052558800,0.0052689100
2021-02-02,0.0007384000,0.0009219700,0.0012963700,0.0017665000,0.0022694000,0.0027724400,0.0036224000,0.0043532200,0.0051765900,0.0053953700,0.0054523000
2021-02-01,0.0007115800,0.0008938500,0.0013004400,0.0017814500,0.0023010500,0.0028231100,0.0036162400,0.0043284500,0.0051407200,0.0053564500,0.0054136100
2021-01-29,0.0006958200,0.0008697600,0.0012489200,0.0017390100,0.0022525800,0.0027806700,0.0036157400,0.0043409600,0.0051518000,0.0053670300,0.0054233700
2021-01-28,0.0006914800,0.0008648400,0.0012429200,0.0017154400,0.0022696600,0.0028082400,0.0036170900,0.0043072700,0.0051116000,0.0053254700,0.0053800700
2021-01-27,0.0007070900,0.0008828300,0.0012696900,0.0017318400,0.0022855600,0.0028341300,0.0036191600,0.0043384600,0.0051525600,0.0053647700,0.0054008600
2021-01-26,0.0006432400,0.0008298700,0.0012206200,0.0016784800,0.0022156500,0.0027271000,0.0034859200,0.0041433200,0.0049815500,0.0051782400,0.0051891700
2021-01-25,0.0006801200,0.0008501400,0.0012493400,0.0017391700,0.0022647500,0.0027907000,0.0035772300,0.0042726900,0.0050771400,0.0052957400,0.0053553100
2021-01-22,0.0007739800,0.0009602100,0.0013024100,0.0017406200,0.0022424400,0.0027549100,0.0034901300,0.0041696900,0.0049592500,0.0051712900,0.0052259100
2021-01-21,0.0007183900,0.0009082000,0.0012576600,0.0016799300,0.0022127800,0.0027585700,0.0035355300,0.0042676900,0.0050899700,0.0053061700,0.0053463800
2021-01-20,0.0006980300,0.0008799100,0.0012558000,0.0017167400,0.0022440100,0.0027929700,0.0035874100,0.0043135600,0.0051167200,0.0053340600,0.0053916600
2021-01-19,0.0007307000,0.0009208600,0.0013117800,0.0017829100,0.0023188500,0.0028789600,0.0036738900,0.0043959000,0.0051906000,0.0054050700,0.0054463700
2021-01-18,0.0007445000,0.0009500100,0.0013714000,0.0018595200,0.0024036000,0.0029547600,0.0037462100,0.0044524400,0.0052740900,0.0054743900,0.0054940600
2021-01-15,0.0007374700,0.0009246300,0.0013336700,0.0018144900,0.0023678000,0.0029242000,0.0037127600,0.0044068500,0.0051869000,0.0054024300,0.0054677600
2021-01-14,0.0007312900,0.0009163900,0.0013139000,0.0017988000,0.0023483400,0.0028963800,0.0036841700,0.0043766100,0.0051364000,0.0053500100,0.0054175900
2021-01-13,0.0007307400,0.0009159900,0.0012949500,0.0017617600,0.0022944700,0.0028520300,0.0036492400,0.0043702200,0.0051446200,0.0053585100,0.0054248700
2021-01-12,0.0007613900,0.0009532100,0.0013594800,0.0018460000,0.0023964200,0.0029554500,0.0037649000,0.0044949800,0.0052850000,0.0055016700,0.0055653300
2021-01-11,0.0007486900,0.0009373600,0.0013376300,0.0017982900,0.0023511900,0.0029091200,0.0036844800,0.0044119300,0.0051959500,0.0054112800,0.0054722600
2021-01-08,0.0007343500,0.0009222300,0.0012993900,0.0017413400,0.0022738500,0.0028147800,0.0036080300,0.0043352900,0.0051248200,0.0053452700,0.0053934300
2021-01-07,0.0007055700,0.0008861200,0.0012795100,0.0017624500,0.0023133100,0.0028552100,0.0036056600,0.0042434500,0.0049877200,0.0052121800,0.0052594500
2021-01-06,0.0007102600,0.0008910200,0.0012964600,0.0017465300,0.0022993500,0.0028679700,0.0036393600,0.0043634800,0.0051499200,0.0053665900,0.0054269600
2021-01-05,0.0007532400,0.0009363400,0.0013261800,0.0017887700,0.0023309100,0.0028819700,0.0037000600,0.0044321500,0.0052459100,0.0054790600,0.0055203300
2021-01-04,0.0007062800,0.0008823400,0.0012785300,0.0017443300,0.0022664000,0.0028098600,0.0035906400,0.0043162500,0.0051297000,0.0053435900,0.0053821300
2021-01-01,0.0007093800,0.0009050200,0.0012883900,0.0017423000,0.0022744100,0.0028126900,0.0036474600,0.0043424500,0.0051906300,0.0053905000,0.0053871300
2020-12-31,0.0007105300,0.0008825400,0.0012926600,0.0017658700,0.0022894000,0.0027923900,0.0035762700,0.0042236700,0.0050141900,0.0052252900,0.0052669900
2020-12-30,0.0007194100,0.0008950400,0.0013084700,0.0017680600,0.0022949900,0.0027728300,0.0035324400,0.0041579700,0.0049472700,0.0051529500,0.0051894900
2020-12-29,0.0007250400,0.0009050700,0.0012878600,0.0017343100,0.0022773300,0.0028308100,0.0036634900,0.0044011000,0.0052317100,0.0054445800,0.0054528600
2020-12-28,0.0007159800,0.0009191600,0.0013084000,0.0017264700,0.0022876400,0.0028800200,0.0037939400,0.0045645000,0.0054434200,0.0056417000,0.0056145900
2020-12-25,0.0007330900,0.0009378200,0.0013257800,0.0017649300,0.0023261400,0.0028999800,0.0038279000,0.0045928800,0.0054693000,0.0056730400,0.0056550900
2020-12-24,0.0007389300,0.0009191200,0.0013046100,0.0017432100,0.0023108900,0.0028790400,0.0037868300,0.0045495700,0.0053782000,0.0056006000,0.0056325400
2020-12-23,0.0007437800,0.0009166000,0.0013205400,0.0018000900,0.0023533900,0.0029244800,0.0038143200,0.0045708900,0.0053919100,0.0056274500,0.0056582100
2020-12-22,0.0007702400,0.0009545500,0.0013683300,0.0018816800,0.0024319600,0.0030380500,0.0039174100,0.0046888100,0.0055563800,0.0057819700,0.0058149500
2020-12-21,0.0007637600,0.0009466400,0.0013750400,0.0018430400,0.0024235700,0.0030087500,0.0038380300,0.0045531100,0.0053921100,0.0056073300,0.0056333500
2020-12-18,0.0007015400,0.0008987200,0.0012598000,0.0016515100,0.0021718600,0.0027394300,0.0036389000,0.0044457600,0.0053477000,0.0055495400,0.0055247400
2020-12-17,0.0006696300,0.0008368700,0.0012126800,0.0016263600,0.0021530200,0.0027056200,0.0035593500,0.0043343800,0.0051983700,0.0054055300,0.0054061000
2020-12-16,0.0007295400,0.0008887900,0.0012805600,0.0017144600,0.0022291200,0.0027664500,0.0035775400,0.0043127100,0.0051213700,0.0053562800,0.0053896800
2020-12-15,0.0007132300,0.0008548400,0.0012596400,0.0017108500,0.0022553200,0.0028140200,0.0035953400,0.0042734500,0.0050692000,0.0052843900,0.0053322500
2020-12-14,0.0007688000,0.0009215700,0.0013144300,0.0017710800,0.0022923200,0.0028682400,0.0037129600,0.0044757600,0.0053032000,0.0055441000,0.0055790800
2020-12-11,0.0008210100,0.0009714400,0.0013860600,0.0018473400,0.0023926900,0.0029626600,0.0037764400,0.0045093500,0.0052970500,0.0055192400,0.0055719100
2020-12-10,0.0007753700,0.0009221100,0.0013113200,0.0017806300,0.0022941100,0.0028387100,0.0036516100,0.0043675000,0.0051791100,0.0054174800,0.0054493800
2020-12-09,0.0007287900,0.0008802600,0.0012370600,0.0016771700,0.0022101900,0.0027476900,0.0035771000,0.0043018900,0.0050949000,0.0053299400,0.0053669700
2020-12-08,0.0007765500,0.0009288400,0.0013187600,0.0017792600,0.0022959900,0.0028081000,0.0036412600,0.0043061400,0.0050871900,0.0053025200,0.0053558400
2020-12-07,0.0007642000,0.0009301400,0.0013095600,0.0017606000,0.0022977300,0.0028397000,0.0036786000,0.0044006100,0.0052007400,0.0054126000,0.0054603700
2020-12-04,0.0006950200,0.0008807900,0.0012822800,0.0017479300,0.0022413000,0.0027570600,0.0036631800,0.0044209900,0.0052584400,0.0054607400,0.0054834100
2020-12-03,0.0007357800,0.0009055000,0.0013141000,0.0017455500,0.0022460400,0.0027530400,0.0035980200,0.0043576100,0.0051407600,0.0053585000,0.0054018300
2020-12-02,0.0007239800,0.0008870100,0.0012898400,0.0017392100,0.0022489900,0.0027459500,0.0035976800,0.0042889200,0.0050540800,0.0052704900,0.0053286100
2020-12-01,0.0007325600,0.0008911300,0.0012579200,0.0016772400,0.0021768500,0.0026806900,0.0035565300,0.0042509400,0.0050035200,0.0052193500,0.0052785000
2020-11-30,0.0007327500,0.0008670800,0.0012654300,0.0017420600,0.0022628200,0.0027540300,0.0036197800,0.0042848700,0.0050436600,0.0052552500,0.0053106400
2020-11-27,0.0007196200,0.0008927400,0.0012937000,0.0017255700,0.0022294800,0.0027629000,0.0036272100,0.0043505000,0.0051240600,0.0053396900,0.0053844000
2020-11-26,0.0007093700,0.0008345400,0.0012323400,0.0016814700,0.0021970200,0.0027434900,0.0036248700,0.0043390100,0.0051395100,0.0053589300,0.0054111500
2020-11-25,0.0007524900,0.0008822400,0.0012970200,0.0017790200,0.0022857000,0.0027983400,0.0037194700,0.0044592700,0.0052852400,0.0055265100,0.0055633700
2020-11-24,0.0007476000,0.0008762100,0.0012647600,0.0016991900,0.0022035500,0.0027416800,0.0036269500,0.0043703000,0.0051689500,0.0054054700,0.0054455700
2020-11-23,0.0008254700,0.0009503700,0.0013474800,0.0017647900,0.0023070200,0.0028450400,0.0036699900,0.0043713500,0.0051599500,0.0053724900,0.0054222000
2020-11-20,0.0008541800,0.0009832500,0.0013718100,0.0017730400,0.0022693500,0.0028500100,0.0037382300,0.0045204200,0.0053475100,0.0055714800,0.0056064300
2020-11-19,0.0007749100,0.0008973700,0.0013218800,0.0017933900,0.0023246300,0.0028846900,0.0037663700,0.0045089500,0.0053187600,0.0055556100,0.0055922500
2020-11-18,0.0007487800,0.0008783600,0.0012755800,0.0017301300,0.0022693500,0.0028274800,0.0036734000,0.0043901900,0.0051892400,0.0054035000,0.0054543700
2020-11-17,0.0007447000,0.0008809300,0.0012782800,0.0017272900,0.0022814600,0.0028003000,0.0036168700,0.0043266700,0.0051158600,0.0053288900,0.0053776600
2020-11-16,0.0007328700,0.0008595500,0.0012408000,0.0016648800,0.0021728600,0.0027219500,0.0035792800,0.0043028200,0.0051125600,0.0053335400,0.0053805200
2020-11-13,0.0007532000,0.0008896000,0.0013143000,0.0017907400,0.0023193000,0.0028603500,0.0037055700,0.0043849200,0.0051608900,0.0053945300,0.0054284400
2020-11-12,0.0008187000,0.0009474500,0.0013404500,0.0017675100,0.0022637400,0.0028187400,0.0037025800,0.0044407400,0.0052370900,0.0054612900,0.0055084300
2020-11-11,0.0008044400,0.0009408300,0.0013042800,0.0016519100,0.0020790700,0.0026454600,0.0035380400,0.0043182000,0.0051383000,0.0053822600,0.0054110500
2020-11-10,0.0007068900,0.0008294500,0.0012206500,0.0016358300,0.0021072700,0.0025959500,0.0034523000,0.0041553300,0.0049464500,0.0051800500,0.0052125300
2020-11-09,0.0006930700,0.0008174500,0.0012146500,0.0016344800,0.0021225100,0.0026673800,0.0035385100,0.0042730900,0.0050675800,0.0052891200,0.0053377200
2020-11-06,0.0008167200,0.0009903600,0.0014153900,0.0018810200,0.0024001600,0.0029732200,0.0038298000,0.0045919000,0.0053973200,0.0056203200,0.0056685400
2020-11-05,0.0008152900,0.0009982200,0.0014273100,0.0018826500,0.0023863300,0.0029444900,0.0038446600,0.0046139300,0.0054262400,0.0056689700,0.0057029700
2020-11-04,0.0009459900,0.0011632300,0.0016515000,0.0021627700,0.0027026500,0.0032901400,0.0041918100,0.0049657400,0.0057806000,0.0060204100,0.0060595000
2020-11-03,0.0009954900,0.0012183400,0.0017337400,0.0022629400,0.0028258300,0.0034317000,0.0043291600,0.0051058800,0.0059171400,0.0061380200,0.0061939400
2020-11-02,0.0010851300,0.0013253400,0.0018638900,0.0024364800,0.0030234500,0.0036405900,0.0045302900,0.0052952500,0.0061048900,0.0063243100,0.0063789100
2020-10-30,0.0011378400,0.0013763000,0.0019409800,0.0025199500,0.0030963200,0.0037140300,0.0046265100,0.0054013300,0.0062206000,0.0064437100,0.0064988700
2020-10-29,0.0011215600,0.0013583100,0.0018962800,0.0024497300,0.0030236800,0.0036379500,0.0045319200,0.0053297200,0.0061344300,0.0063600700,0.0064154800
2020-10-28,0.0011129500,0.0013562000,0.0018856300,0.0024265900,0.0030110400,0.0036205800,0.0044790400,0.0052497100,0.0060369600,0.0062578300,0.0063094800
2020-10-27,0.0009862900,0.0012153700,0.0017018100,0.0022003100,0.0027816500,0.0033517300,0.0042003300,0.0049576500,0.0057488400,0.0059835000,0.0060217600
2020-10-26,0.0010081500,0.0012282200,0.0017009700,0.0021884100,0.0027687200,0.0033385900,0.0042246700,0.0050009400,0.0058081500,0.0060324900,0.0060848200
2020-10-23,0.0009530400,0.0011626800,0.0016092300,0.0020812200,0.0026622600,0.0032220600,0.0040747600,0.0048225300,0.0056153200,0.0058525900,0.0058915300
2020-10-22,0.0009768400,0.0011846000,0.0016497500,0.0021358500,0.0027106600,0.0032627500,0.0041402100,0.0048951000,0.0056918300,0.0059149200,0.0059710900
2020-10-21,0.0009274400,0.0011277500,0.0015843400,0.0020751300,0.0026521100,0.0031891400,0.0040574400,0.0047951600,0.0055655000,0.0057925200,0.0058539900
2020-10-20,0.0008940900,0.0010896300,0.0015501600,0.0020413700,0.0026057000,0.0031440500,0.0039857200,0.0046901400,0.0054123100,0.0056558800,0.0057184000
2020-10-19,0.0009117600,0.0011145600,0.0016084200,0.0020828900,0.0026413100,0.0031801500,0.0040584700,0.0048363700,0.0054961600,0.0057859100,0.0058560800
2020-10-16,0.0009445300,0.0011527800,0.0016339300,0.0021333400,0.0026935800,0.0032311800,0.0041228800,0.0048798100,0.0055848500,0.0058464300,0.0059243100
2020-10-15,0.0010343400,0.0012450800,0.0017359000,0.0022299300,0.0027990800,0.0033420600,0.0042364200,0.0050138500,0.0058022200,0.0060267200,0.0060856000
2020-10-14,0.0009368600,0.0011253200,0.0015634900,0.0020352200,0.0025865500,0.0031273400,0.0040054900,0.0047354700,0.0055038400,0.0057549000,0.0058121800
2020-10-13,0.0008647000,0.0010423200,0.0014895200,0.0019796700,0.0025321600,0.0030446300,0.0039116800,0.0046053400,0.0052777500,0.0055613700,0.0056184700
2020-10-12,0.0008473800,0.0010196700,0.0014548900,0.0019257800,0.0024692900,0.0029829600,0.0038734400,0.0046131100,0.0053670700,0.0056143700,0.0056577900
2020-10-09,0.0008481200,0.0010227800,0.0014941800,0.0019741200,0.0024982800,0.0030336400,0.0039098400,0.0046637800,0.0053484500,0.0056331100,0.0056917800
2020-10-08,0.0008761000,0.0010616000,0.0015477100,0.0020230000,0.0025623100,0.0030927200,0.0039881700,0.0047583300,0.0055335700,0.0057761200,0.0058190400
2020-10-07,0.0008651100,0.0010641400,0.0015594000,0.0020635800,0.0026066300,0.0031429400,0.0040177500,0.0047559400,0.0054467900,0.0056969300,0.0057655700
2020-10-06,0.0009023000,0.0011094100,0.0016183900,0.0021269900,0.0026794400,0.0032382700,0.0041003600,0.0048450700,0.0054871900,0.0057928600,0.0058800700
2020-10-05,0.0009500900,0.0011592200,0.0016808400,0.0022160600,0.0027972100,0.0033772700,0.0042425400,0.0049615700,0.0055967900,0.0058995300,0.0059861800
2020-10-02,0.0010008300,0.0012307700,0.0017837000,0.0023395300,0.0029251900,0.0035078900,0.0043975600,0.0051677100,0.0058145400,0.0061228900,0.0062110700
2020-10-01,0.0009910100,0.0012101000,0.0018001700,0.0023977300,0.0029973400,0.0036085400,0.0045492800,0.0053459900,0.0060087700,0.0063250200,0.0064167000
2020-09-30,0.0010454300,0.0012850700,0.0018521500,0.0024321000,0.0030456800,0.0036403200,0.0045277200,0.0052863500,0.0059375500,0.0062481200,0.0063378000
2020-09-29,0.0011921900,0.0014612300,0.0019949600,0.0025337800,0.0031380700,0.0037108700,0.0045603900,0.0052971200,0.0059385700,0.0062459100,0.0063353500
2020-09-28,0.0011025300,0.0013380300,0.0019359900,0.0025348200,0.0031478300,0.0037340600,0.0046359000,0.0054151300,0.0060541100,0.0063669100,0.0064596700
2020-09-25,0.0011750900,0.0014184500,0.0020225400,0.0026319000,0.0032599200,0.0038521200,0.0047692500,0.0055565400,0.0062224200,0.0065402500,0.0066319700
2020-09-24,0.0011076100,0.0013415500,0.0019500700,0.0025606000,0.0031817200,0.0037742900,0.0046642800,0.0054299000,0.0060785500,0.0063880300,0.0064835000
2020-09-23,0.0009287800,0.0011330500,0.0016697900,0.0022113500,0.0027817200,0.0033453200,0.0042181800,0.0049525700,0.0055902900,0.0058943900,0.0059857100
2020-09-22,0.0009566500,0.0011716400,0.0017076000,0.0022537300,0.0028481900,0.0034361000,0.0043547100,0.0051128200,0.0057704700,0.0060842800,0.0061835300
2020-09-21,0.0010440700,0.0012534500,0.0017994900,0.0023081600,0.0029261400,0.0034862400,0.0042638100,0.0050182600,0.0056508800,0.0059595000,0.0060660900
2020-09-18,0.0007520300,0.0009050300,0.0013577600,0.0018210300,0.0023034800,0.0027982500,0.0037099200,0.0045046800,0.0051084200,0.0053917800,0.0055138400
2020-09-17,0.0007152300,0.0008587000,0.0013207100,0.0017829500,0.0023148300,0.0028260400,0.0036591500,0.0043951300,0.0049844900,0.0052467200,0.0053820800
2020-09-16,0.0006948100,0.0008356600,0.0012892700,0.0017523500,0.0022735400,0.0027883700,0.0035249700,0.0042198200,0.0047834700,0.0050475300,0.0051642100
2020-09-15,0.0007445700,0.0009132700,0.0014462500,0.0019289200,0.0024376000,0.0028844900,0.0036591800,0.0043968800,0.0049771200,0.0052324800,0.0053796800
2020-09-14,0.0007575000,0.0009313300,0.0014367800,0.0019228200,0.0024636900,0.0029697200,0.0037685100,0.0044536700,0.0050322500,0.0052875300,0.0054338500
2020-09-11,0.0007585600,0.0009253200,0.0014199900,0.0019144600,0.0024575400,0.0029933700,0.0038070700,0.0045033900,0.0050801300,0.0053389800,0.0054846300
2020-09-10,0.0007938900,0.0009677900,0.0014816400,0.0019427700,0.0024618300,0.0029447400,0.0037371800,0.0044411800,0.0050023600,0.0052772400,0.0054166600
2020-09-09,0.0007167400,0.0008794900,0.0013967000,0.0018925600,0.0024205000,0.0029070700,0.0037170400,0.0044596500,0.0050316100,0.0053086000,0.0054596700
2020-09-08,0.0007477400,0.0008995400,0.0014024300,0.0018975100,0.0024173700,0.0029275400,0.0037460100,0.0044618300,0.0050466900,0.0053222800,0.0054616500
2020-09-07,0.0006483900,0.0007819800,0.0013064300,0.0018102500,0.0023477000,0.0028175300,0.0036077500,0.0043472100,0.0049254200,0.0051992700,0.0053415000
2020-09-04,0.0006779900,0.0008175100,0.0013555500,0.0018626800,0.0023765900,0.0028181600,0.0036547600,0.0044294300,0.0050018100,0.0052807000,0.0054487600
2020-09-03,0.0006413100,0.0007717600,0.0012205400,0.0017261500,0.0022557800,0.0028021400,0.0036517900,0.0043195300,0.0048752000,0.0051449900,0.0053338100
2020-09-02,0.0007057800,0.0008468400,0.0013459600,0.0018300400,0.0023282600,0.0027882500,0.0037043800,0.0044483800,0.0050147600,0.0052865700,0.0055656700
2020-09-01,0.0007766000,0.0009195600,0.0013921900,0.0018724200,0.0023586800,0.0028331300,0.0037321000,0.0044807300,0.0050671200,0.0053229700,0.0055976300
2020-08-31,0.0007662700,0.0009170300,0.0014146500,0.0019051000,0.0024153500,0.0029042800,0.0037668300,0.0044608300,0.0050413100,0.0053141800,0.0055656900
2020-08-28,0.0007536200,0.0009055300,0.0013943900,0.0018847700,0.0024099500,0.0029031200,0.0038018300,0.0045251300,0.0051143800,0.0053914400,0.0056474000
2020-08-27,0.0007833400,0.0009415900,0.0014431900,0.0019372200,0.0024329200,0.0029298900,0.0037830000,0.0044953100,0.0050816000,0.0053574800,0.0056130000
2020-08-26,0.0007826100,0.0009427200,0.0014431900,0.0019369400,0.0024379800,0.0029264000,0.0037735700,0.0044860600,0.0050707100,0.0053456500,0.0056008600
2020-08-25,0.0007735700,0.0009406900,0.0014421000,0.0019282200,0.0024308300,0.0029186700,0.0037740000,0.0044942300,0.0050794000,0.0053544600,0.0056142100
2020-08-24,0.0007295900,0.0008925300,0.0014098300,0.0019143800,0.0024216700,0.0029320400,0.0038004500,0.0045317700,0.0051160300,0.0053900400,0.0056692100
2020-08-21,0.0007614300,0.0009278000,0.0015051900,0.0020193000,0.0025309400,0.0029875700,0.0039337600,0.0046816800,0.0052757600,0.0055507400,0.0058348700
2020-08-20,0.0008615200,0.0010379900,0.0016357400,0.0021394700,0.0026441100,0.0030843800,0.0039962100,0.0047130500,0.0053394200,0.0056107200,0.0059118300
2020-08-19,0.0007916300,0.0009523100,0.0015341700,0.0020339200,0.0025518600,0.0030834300,0.0039482800,0.0046873000,0.0052796000,0.0055343100,0.0058173500
2020-08-18,0.0008024600,0.0009742500,0.0015976900,0.0021156900,0.0026657700,0.0031637100,0.0040737100,0.0048116200,0.0054160300,0.0056767600,0.0059653800
2020-08-17,0.0009083400,0.0011049500,0.0016631500,0.0021690000,0.0026785100,0.0031739700,0.0040160300,0.0047362400,0.0053519700,0.0056093100,0.0058947400
2020-08-14,0.0009183500,0.0011136500,0.0017046300,0.0022123300,0.0027179400,0.0031837000,0.0040625600,0.0047849400,0.0053874200,0.0056676100,0.0059561400
2020-08-13,0.0008702200,0.0010557000,0.0016240600,0.0021130100,0.0026114900,0.0031047100,0.0039572900,0.0046932200,0.0052933500,0.0055564400,0.0058443100
2020-08-12,0.0008309900,0.0010009100,0.0015844700,0.0020726500,0.0025715000,0.0030651900,0.0039064500,0.0046224700,0.0052140100,0.0054932100,0.0057769300
2020-08-11,0.0008018200,0.0009811100,0.0015994900,0.0021161900,0.0026532600,0.0031527100,0.0040347300,0.0047720300,0.0053736500,0.0056574000,0.0059416500
2020-08-10,0.0008950900,0.0010895300,0.0017139600,0.0022414500,0.0027699500,0.0032816900,0.0041410300,0.0048834100,0.0054830400,0.0057655100,0.0060295600
2020-08-07,0.0009156400,0.0011146500,0.0017190500,0.0022420000,0.0027916900,0.0033267900,0.0041878400,0.0049277400,0.0055293800,0.0058119000,0.0060812100
2020-08-06,0.0008785100,0.0010697000,0.0016758200,0.0022157200,0.0027831700,0.0033559300,0.0042508400,0.0050302000,0.0056452200,0.0059292700,0.0062227500
2020-08-05,0.0008648700,0.0010555400,0.0016918700,0.0022229500,0.0027907800,0.0033252600,0.0042742900,0.0050488900,0.0056863900,0.0059574000,0.0062543300
2020-08-04,0.0009265400,0.0011255600,0.0017767700,0.0023173300,0.0028965800,0.0034427200,0.0043819400,0.0051699500,0.0057881900,0.0060786900,0.0063740900
2020-08-03,0.0009758900,0.0011723200,0.0018297100,0.0023685800,0.0029437000,0.0034979500,0.0043978900,0.0051493900,0.0057564900,0.0060406600,0.0063306800
2020-07-31,0.0010130300,0.0012273600,0.0018808500,0.0024446400,0.0030268800,0.0035859000,0.0044839600,0.0052470900,0.0058621400,0.0061502600,0.0064447600
2020-07-30,0.0010452900,0.0012651900,0.0019317400,0.0024999000,0.0030859000,0.0036438800,0.0046092000,0.0053913000,0.0060336300,0.0063266500,0.0066258000
2020-07-29,0.0009654600,0.0011845500,0.0018229400,0.0023648300,0.0029116600,0.0034344200,0.0043917400,0.0051832800,0.0058048000,0.0060981700,0.0063977200
2020-07-28,0.0009504400,0.0011539900,0.0018007400,0.0023377100,0.0028736900,0.0033959800,0.0043445200,0.0051229500,0.0057394100,0.0060301200,0.0063265300
2020-07-27,0.0009195900,0.0011194600,0.0017502100,0.0022858400,0.0028187100,0.0033221200,0.0042994500,0.0050940400,0.0057139600,0.0060056500,0.0063020300
2020-07-24,0.0008829300,0.0010761100,0.0016760300,0.0021968700,0.0027675100,0.0033331500,0.0041848300,0.0049380100,0.0055385800,0.0058210700,0.0061083200
2020-07-23,0.0008155600,0.0010013300,0.0016240000,0.0021411600,0.0027183900,0.0032885000,0.0041485500,0.0048981200,0.0055002800,0.0057826700,0.0060704600
2020-07-22,0.0008344600,0.0010308500,0.0016890600,0.0022419600,0.0028165700,0.0033737900,0.0042466800,0.0050026800,0.0056086100,0.0058881900,0.0061762000
2020-07-21,0.0008390500,0.0010490500,0.0016886000,0.0022227900,0.0027689400,0.0032928100,0.0042316000,0.0049962500,0.0056230800,0.0058888700,0.0061796700
2020-07-20,0.0008694300,0.0011147800,0.0017759500,0.0023352000,0.0028967100,0.0034509000,0.0043829700,0.0051646000,0.0057796900,0.0060689800,0.0063628400
2020-07-17,0.0008435200,0.0010781300,0.0017828600,0.0023696400,0.0029592600,0.0035573500,0.0044765900,0.0052679100,0.0058863400,0.0061770100,0.0064723400
2020-07-16,0.0009222800,0.0011988600,0.0018554500,0.0024218600,0.0030040500,0.0035833300,0.0044617100,0.0052203200,0.0058342100,0.0061222100,0.0064147200
2020-07-15,0.0008382100,0.0010878200,0.0017942900,0.0023840400,0.0029841700,0.0035912200,0.0045096300,0.0053109200,0.0059376900,0.0062304400,0.0065281300
2020-07-14,0.0009955400,0.0012760200,0.0019668200,0.0025601500,0.0031708700,0.0037803600,0.0046735900,0.0054434700,0.0060848600,0.0063747300,0.0066648400
2020-07-13,0.0009235500,0.0011842100,0.0019180400,0.0025300200,0.0031467200,0.0037826900,0.0047192900,0.0055270400,0.0061723700,0.0064661300,0.0067454300
2020-07-10,0.0010729100,0.0013571200,0.0020855700,0.0027010400,0.0033138500,0.0039488800,0.0049000600,0.0057121300,0.0063460200,0.0066436900,0.0069472100
2020-07-09,0.0009503900,0.0011963900,0.0019385900,0.0025474000,0.0031909700,0.0038212700,0.0047421400,0.0055337500,0.0061622400,0.0064574000,0.0067583400
2020-07-08,0.0010381600,0.0013088600,0.0019995300,0.0025964900,0.0031865400,0.0037847400,0.0047277100,0.0055317800,0.0061613500,0.0064554400,0.0067544200
2020-07-07,0.0009579300,0.0012195700,0.0019082000,0.0025015900,0.0031025200,0.0037005100,0.0046067200,0.0053707000,0.0060069200,0.0062946700,0.0065872100
2020-07-06,0.0008797500,0.0011405500,0.0018664400,0.0024720000,0.0030805000,0.0036974700,0.0046569000,0.0054603000,0.0061069800,0.0064014100,0.0067009100
2020-07-03,0.0009763000,0.0012459200,0.0019813900,0.0026105800,0.0032616400,0.0038961400,0.0048160500,0.0056033600,0.0062265300,0.0065192800,0.0068174300
2020-07-02,0.0009431200,0.0012042700,0.0019340100,0.0025721200,0.0031997900,0.0038414200,0.0048156700,0.0056245700,0.0062561000,0.0065525600,0.0068548300
2020-07-01,0.0010024100,0.0012552500,0.0020169200,0.0026518400,0.0033071600,0.0039610800,0.0049397300,0.0057513400,0.0063858900,0.0066840700,0.0069929500
2020-06-30,0.0010987700,0.0013335700,0.0020783200,0.0027415100,0.0034299100,0.0040989500,0.0050521900,0.0058682500,0.0065021800,0.0067995900,0.0071265100
2020-06-29,0.0011645700,0.0014282800,0.0022236800,0.0029100000,0.0036127200,0.0042572900,0.0052374800,0.0060746600,0.0067195700,0.0070203600,0.0073470800
2020-06-26,0.0012441800,0.0015210500,0.0022981000,0.0029730000,0.0036803400,0.0043261800,0.0053203500,0.0061509200,0.0068260400,0.0071321800,0.0074451900
2020-06-25,0.0011494300,0.0014069500,0.0021850700,0.0028702300,0.0035463000,0.0041861600,0.0051469000,0.0059730200,0.0066349400,0.0069348400,0.0072409200
2020-06-24,0.0010679800,0.0012997500,0.0020532500,0.0027065500,0.0033653600,0.0039791200,0.0049382200,0.0057503300,0.0063861500,0.0066779400,0.0069801200
2020-06-23,0.0009511500,0.0011812800,0.0018857400,0.0025086700,0.0031336900,0.0037242900,0.0046651600,0.0054717000,0.0061205700,0.0063897700,0.0066893700
2020-06-22,0.0010544300,0.0012844600,0.0020348000,0.0026951000,0.0033556600,0.0039726400,0.0049218100,0.0057332800,0.0063895500,0.0066619700,0.0069648800
2020-06-19,0.0010673500,0.0013132300,0.0020169000,0.0026471200,0.0032808300,0.0038978200,0.0048203500,0.0056062900,0.0062546100,0.0065249100,0.0068251800
2020-06-18,0.0009810400,0.0012067200,0.0019507200,0.0025898000,0.0032550800,0.0038657900,0.0048195200,0.0056351500,0.0062889000,0.0065641400,0.0068666500
2020-06-17,0.0009681200,0.0011788500,0.0019348700,0.0025544700,0.0032035500,0.0038290800,0.0047341100,0.0055281300,0.0061712100,0.0064583400,0.0067591200
2020-06-16,0.0009249600,0.0011402600,0.0018682300,0.0024973800,0.0031738800,0.0037685900,0.0047409000,0.0055464100,0.0061987500,0.0064745900,0.0067993400
2020-06-15,0.0010962900,0.0013375400,0.0021307500,0.0028090600,0.0035200400,0.0042157700,0.0051407200,0.0059449100,0.0065818600,0.0068746000,0.0071834100
2020-06-12,0.0010161200,0.0012501300,0.0020310200,0.0027310500,0.0034461600,0.0041435500,0.0050607400,0.0058879200,0.0065413700,0.0068148200,0.0071445600
2020-06-11,0.0011630300,0.0014059800,0.0021996300,0.0028991300,0.0036079500,0.0043029000,0.0052197500,0.0060505400,0.0066749300,0.0069444200,0.0072638500
2020-06-10,0.0009451000,0.0011332800,0.0018504200,0.0024825200,0.0031150000,0.0037473400,0.0046448500,0.0054582000,0.0060684700,0.0063343300,0.0066268400
2020-06-09,0.0008634100,0.0010527300,0.0017234900,0.0023371400,0.0029333400,0.0035388200,0.0044253900,0.0052176800,0.0057773100,0.0060294400,0.0062866600
2020-06-08,0.0007677800,0.0009500700,0.0015565900,0.0021470500,0.0027265900,0.0033052400,0.0042103300,0.0050017400,0.0054653600,0.0056742800,0.0058864800
2020-06-05,0.0007187800,0.0009095700,0.0015762200,0.0021486800,0.0027160600,0.0033053000,0.0041899100,0.0049726800,0.0054380700,0.0056468300,0.0058587100
2020-06-04,0.0009237000,0.0011998900,0.0018827800,0.0024663500,0.0030508700,0.0036538100,0.0045033200,0.0052581500,0.0057287000,0.0059398100,0.0061579700
2020-06-03,0.0009627700,0.0012484300,0.0019462100,0.0025560800,0.0031578600,0.0037768200,0.0046417300,0.0054114700,0.0058973000,0.0061116800,0.0063510700
2020-06-02,0.0009519500,0.0012706000,0.0019862900,0.0026050100,0.0032286100,0.0038775100,0.0047543000,0.0055250300,0.0060727300,0.0062897400,0.0065345400
2020-06-01,0.0010800100,0.0014828000,0.0022247900,0.0028574800,0.0035072300,0.0041548500,0.0050929800,0.0058987900,0.0064639700,0.0066871700,0.0069235800
2020-05-29,0.0012455400,0.0016901800,0.0024662900,0.0031116300,0.0037690600,0.0044000500,0.0052914100,0.0060538800,0.0066236200,0.0068476600,0.0070857400
2020-05-28,0.0012018200,0.0015969400,0.0023254700,0.0029786700,0.0036234000,0.0042485400,0.0051654300,0.0059297900,0.0065192600,0.0067431500,0.0069839000
2020-05-27,0.0012167400,0.0016663900,0.0024119000,0.0030684600,0.0037184400,0.0043566700,0.0052437700,0.0060023900,0.0066177200,0.0068420600,0.0071017900
2020-05-26,0.0014309800,0.0019255200,0.0027283100,0.0033937200,0.0040560300,0.0047175400,0.0055818400,0.0063578300,0.0070839800,0.0073412200,0.0076431700
2020-05-25,0.0015945000,0.0021524300,0.0029958000,0.0036472000,0.0042985900,0.0049846100,0.0058052700,0.0065831000,0.0076623300,0.0079713400,0.0083731200
2020-05-22,0.0015742000,0.0021268700,0.0029791400,0.0036532600,0.0043144500,0.0050095300,0.0058450100,0.0066296400,0.0077162700,0.0080274800,0.0084321000
2020-05-21,0.0015885300,0.0021571900,0.0030048900,0.0036694700,0.0043169100,0.0050027500,0.0058436900,0.0066302600,0.0076859100,0.0079926300,0.0083905500
2020-05-20,0.0016389900,0.0022091200,0.0030839400,0.0037848100,0.0044789100,0.0051935300,0.0060817600,0.0068586900,0.0079382500,0.0082481700,0.0086500400
2020-05-19,0.0017403300,0.0023186800,0.0032033500,0.0039145800,0.0046368800,0.0053781100,0.0062439600,0.0070397800,0.0080863000,0.0083915900,0.0087805200
2020-05-18,0.0018784800,0.0024772000,0.0033885300,0.0041119200,0.0048338900,0.0056047400,0.0064684500,0.0072663900,0.0083255200,0.0086350400,0.0090295100
2020-05-15,0.0020570200,0.0027123900,0.0036426900,0.0043653400,0.0050987700,0.0058760400,0.0067338100,0.0075224400,0.0085750800,0.0088866900,0.0092836300
2020-05-14,0.0020135500,0.0026872000,0.0036105000,0.0043194200,0.0050410100,0.0057944200,0.0066178900,0.0073883000,0.0084288700,0.0087358300,0.0091273600
2020-05-13,0.0018176600,0.0024464000,0.0033495100,0.0040205400,0.0047276700,0.0054692600,0.0062872900,0.0070414900,0.0080570700,0.0083567700,0.0087372900
2020-05-12,0.0017341200,0.0023441400,0.0032472900,0.0039221100,0.0046156500,0.0053506200,0.0061918200,0.0069484900,0.0079629700,0.0082629100,0.0086315600
2020-05-11,0.0017750900,0.0023944500,0.0032562400,0.0039467800,0.0046448800,0.0053872600,0.0061893500,0.0069564600,0.0079693800,0.0082685700,0.0086503300
2020-05-08,0.0018716900,0.0025265600,0.0034282500,0.0041295900,0.0048386900,0.0055947300,0.0063697800,0.0071578100,0.0081848500,0.0084873000,0.0088737300
2020-05-07,0.0018549900,0.0025045600,0.0034044300,0.0041078500,0.0048178800,0.0055705400,0.0063629500,0.0071352200,0.0081592500,0.0084607600,0.0088461400
2020-05-06,0.0018627100,0.0025027600,0.0034135000,0.0041186200,0.0048282800,0.0055864600,0.0063802900,0.0071577000,0.0081799200,0.0084815300,0.0088666700
2020-05-05,0.0018768200,0.0025230300,0.0034377900,0.0041384100,0.0048489500,0.0056097700,0.0063954500,0.0071637900,0.0081911700,0.0084929100,0.0088788200
2020-05-04,0.0019093700,0.0025534900,0.0034859200,0.0042000200,0.0049155100,0.0056719800,0.0064651000,0.0072459700,0.0082829300,0.0085874100,0.0089745600
2020-05-01,0.0018015400,0.0024202100,0.0033260600,0.0040186800,0.0047105900,0.0054429300,0.0062297900,0.0070069100,0.0080407700,0.0083425300,0.0087125000
2020-04-30,0.0017124900,0.0023176200,0.0032061300,0.0038757600,0.0045705100,0.0053040100,0.0060792700,0.0068390600,0.0078541400,0.0081562600,0.0085373700
2020-04-29,0.0016568700,0.0022735300,0.0031584500,0.0038409100,0.0045221100,0.0052585300,0.0060176700,0.0067738800,0.0077833900,0.0080949200,0.0084610300
2020-04-28,0.0017536900,0.0023980900,0.0032912300,0.0039955700,0.0047061400,0.0054658900,0.0062490300,0.0070158100,0.0080479400,0.0083526700,0.0087408200
2020-04-27,0.0018303000,0.0024867800,0.0033725100,0.0040908800,0.0048332600,0.0056224900,0.0064102100,0.0071825900,0.0082206900,0.0085393000,0.0089295900
2020-04-24,0.0020749700,0.0027965400,0.0036795700,0.0043941100,0.0051158100,0.0059675300,0.0067684600,0.0075451400,0.0085990900,0.0089088400,0.0093056000
2020-04-23,0.0019692400,0.0026603900,0.0035387800,0.0042366300,0.0049537700,0.0057908000,0.0065897400,0.0073711200,0.0084221500,0.0087321600,0.0091290300
2020-04-22,0.0021920400,0.0028556800,0.0037456700,0.0044569800,0.0051586000,0.0060108200,0.0068013500,0.0075751800,0.0086086400,0.0089278300,0.0093301200
2020-04-21,0.0023422300,0.0030070300,0.0039155800,0.0046491800,0.0053766500,0.0062368700,0.0070511700,0.0078379700,0.0088932900,0.0092166900,0.0096235800
2020-04-20,0.0022173700,0.0028723200,0.0037536200,0.0044668300,0.0051780800,0.0060212000,0.0068214000,0.0076118500,0.0086516600,0.0089731000,0.0093779600
2020-04-17,0.0020479000,0.0026803900,0.0035482200,0.0042235300,0.0049110900,0.0057324700,0.0065086400,0.0072795400,0.0083221000,0.0086398300,0.0090406200
2020-04-16,0.0021044500,0.0027278800,0.0036038900,0.0042966700,0.0049815200,0.0057937800,0.0065821500,0.0073538400,0.0083734200,0.0086901100,0.0090884600
2020-04-15,0.0019804100,0.0025767700,0.0034485300,0.0041298400,0.0048059700,0.0056044900,0.0062944200,0.0070630400,0.0080698500,0.0083955200,0.0087742200
2020-04-14,0.0019491100,0.0025581300,0.0033811500,0.0039820900,0.0045729800,0.0052409400,0.0060449200,0.0067965300,0.0078073500,0.0081203900,0.0085144000
2020-04-13,0.0019244600,0.0024939300,0.0033584300,0.0040114400,0.0046667000,0.0054318400,0.0061100100,0.0069277200,0.0079203600,0.0082313500,0.0086207100
2020-04-10,0.0019720500,0.0025565900,0.0033645100,0.0039944200,0.0046233300,0.0053814300,0.0060372600,0.0068336600,0.0078138400,0.0081209200,0.0085054400
2020-04-09,0.0019195600,0.0024853100,0.0032702200,0.0039218500,0.0045754800,0.0053299800,0.0060209400,0.0067831000,0.0077550400,0.0080592600,0.0084402500
2020-04-08,0.0022898200,0.0029211600,0.0038804600,0.0046122900,0.0053486100,0.0061632600,0.0069256300,0.0077092200,0.0087153000,0.0090321400,0.0094277400
2020-04-07,0.0022741400,0.0029014500,0.0038348800,0.0045800100,0.0053322900,0.0061740900,0.0069079800,0.0076915400,0.0087082400,0.0090234400,0.0094172200
2020-04-06,0.0024762500,0.0031648200,0.0041586200,0.0049415500,0.0057546100,0.0066186400,0.0073841100,0.0081966300,0.0092356700,0.0095590400,0.0099627200
2020-04-03,0.0027401800,0.0034682600,0.0045679700,0.0053992000,0.0062615800,0.0071490800,0.0079907000,0.0088400000,0.0098902600,0.0102232500,0.0106377200
2020-04-02,0.0026454600,0.0033484400,0.0043767800,0.0051815600,0.0060124700,0.0069638900,0.0076117500,0.0084099300,0.0094398000,0.0097607300,0.0101612200
2020-04-01,0.0027169200,0.0034317000,0.0044542400,0.0053000900,0.0061234200,0.0070775700,0.0078028400,0.0086259300,0.0096549800,0.0099807900,0.0103873800
2020-03-31,0.0024952000,0.0031921500,0.0041649300,0.0049745300,0.0057641500,0.0066011700,0.0074029900,0.0082033100,0.0092140100,0.0095383600,0.0099415400
2020-03-30,0.0022572500,0.0029551700,0.0040301400,0.0048973800,0.0057470400,0.0066608500,0.0076101600,0.0085027100,0.0094235100,0.0097667700,0.0101762200
2020-03-27,0.0020716000,0.0027129700,0.0037818800,0.0046784500,0.0055060200,0.0064017800,0.0073459300,0.0082179300,0.0091386700,0.0094648200,0.0098747900
2020-03-26,0.0016835000,0.0022736800,0.0032304500,0.0041168300,0.0049318300,0.0058459600,0.0067608800,0.0076049900,0.0085091100,0.0088281700,0.0092432100
2020-03-25,0.0019711600,0.0026413800,0.0036833800,0.0045298300,0.0053767500,0.0062609700,0.0071780500,0.0080342300,0.0089721900,0.0093014200,0.0097248100
2020-03-24,0.0021343600,0.0028724900,0.0039206700,0.0048073600,0.0057321800,0.0066779100,0.0076815100,0.0086106600,0.0095659700,0.0099146600,0.0103316100
2020-03-23,0.0024924300,0.0033170400,0.0044062000,0.0054520000,0.0065173900,0.0075894200,0.0086649800,0.0096613200,0.0106390400,0.0109843400,0.0114114000
2020-03-20,0.0022685000,0.0031315200,0.0042345800,0.0052064400,0.0062586000,0.0073129200,0.0084773600,0.0095613900,0.0105788200,0.0109320100,0.0113617300
2020-03-19,0.0025350400,0.0032302100,0.0043398700,0.0054861500,0.0066300400,0.0078650500,0.0090628500,0.0101959700,0.0112597400,0.0116312900,0.0120353800
2020-03-18,0.0031078700,0.0038983300,0.0051394400,0.0062633400,0.0073912900,0.0086088300,0.0098336100,0.0110119500,0.0120792000,0.0124549700,0.0128419000
2020-03-17,0.0025308500,0.0032194500,0.0043029000,0.0053968800,0.0064548000,0.0076495100,0.0087592000,0.0098159000,0.0108537200,0.0112218200,0.0115692400
2020-03-16,0.0026363300,0.0033412600,0.0044169400,0.0054489700,0.0065385400,0.0076972700,0.0088742400,0.0100345400,0.0110732400,0.0114425500,0.0116481700
2020-03-13,0.0020966500,0.0026918700,0.0036625700,0.0046855100,0.0057084200,0.0068373800,0.0079312700,0.0089395800,0.0099700500,0.0103329400,0.0105410800
2020-03-12,0.0023524400,0.0030081200,0.0038138800,0.0050304800,0.0062216500,0.0074575500,0.0087381400,0.0100546300,0.0111395700,0.0115401800,0.0117763900
2020-03-11,0.0015457300,0.0020286600,0.0027658500,0.0036616200,0.0046795000,0.0056846100,0.0068248300,0.0079886200,0.0089637900,0.0093323300,0.0095578900
2020-03-10,0.0015723400,0.0020629000,0.0028005100,0.0037624800,0.0048258900,0.0058444400,0.0069745200,0.0081290300,0.0090398600,0.0094098700,0.0096401600
2020-03-09,0.0017977400,0.0022783800,0.0031029100,0.0042207700,0.0052265900,0.0063037300,0.0073648300,0.0083937500,0.0090216300,0.0093507700,0.0095892000
2020-03-06,0.0011827100,0.0015119700,0.0020516200,0.0028377700,0.0035958400,0.0043663300,0.0055689500,0.0067239400,0.0073312800,0.0076537800,0.0078923100
2020-03-05,0.0008697500,0.0011291200,0.0015648800,0.0022216400,0.0028810300,0.0035422200,0.0046743000,0.0057332300,0.0062859300,0.0065842500,0.0068052000
2020-03-04,0.0006915900,0.0009559900,0.0013602100,0.0019588700,0.0025783100,0.0031974800,0.0042951100,0.0053251800,0.0058777200,0.0061671900,0.0063792500
2020-03-03,0.0006676800,0.0009378200,0.0013578000,0.0019781300,0.0026195700,0.0032543200,0.0044132500,0.0054703200,0.0060447700,0.0063407500,0.0065572700
2020-03-02,0.0008111700,0.0011130500,0.0015571300,0.0022295100,0.0029313100,0.0035810300,0.0047450800,0.0058375700,0.0064276900,0.0067333600,0.0069573800
2020-02-28,0.0008336900,0.0011236500,0.0015337600,0.0021807700,0.0028397000,0.0034669900,0.0046242700,0.0056877300,0.0062495800,0.0065488100,0.0067839900
2020-02-27,0.0007218800,0.0009766500,0.0013436600,0.0019062800,0.0024800000,0.0030391200,0.0041349100,0.0051478600,0.0056699600,0.0059556000,0.0061718500
2020-02-26,0.0006593200,0.0008987300,0.0012116700,0.0017239900,0.0022493600,0.0027806100,0.0038226900,0.0048034400,0.0052651800,0.0055244100,0.0057361200
2020-02-25,0.0006135700,0.0008450900,0.0011614000,0.0016643900,0.0021773400,0.0026768400,0.0037194800,0.0046839000,0.0051255100,0.0053925800,0.0056006200
2020-02-24,0.0006005000,0.0008157400,0.0011413000,0.0016294500,0.0021088200,0.0025806500,0.0036397500,0.0046038900,0.0050621800,0.0053184900,0.0055286000
2020-02-21,0.0005630400,0.0007605700,0.0010314700,0.0014333700,0.0018643500,0.0023076700,0.0032660200,0.0042245400,0.0046531700,0.0049121200,0.0051144400
2020-02-20,0.0005256100,0.0007112400,0.0009627400,0.0013737600,0.0017898700,0.0022427600,0.0031703700,0.0040808800,0.0044941800,0.0047318300,0.0049280300
2020-02-19,0.0004924800,0.0006789600,0.0009247700,0.0013315200,0.0017462700,0.0021917300,0.0031099600,0.0040054500,0.0044115600,0.0046605000,0.0048529700
2020-02-18,0.0005158100,0.0007159200,0.0009791700,0.0013705200,0.0017880600,0.0022199100,0.0031555800,0.0040806400,0.0044732100,0.0047245600,0.0049259600
2020-02-17,0.0004810600,0.0006706800,0.0009270100,0.0013625700,0.0017902900,0.0022470200,0.0031451100,0.0039627600,0.0043303700,0.0045708600,0.0047679200
2020-02-14,0.0004843100,0.0006773900,0.0009432800,0.0013373200,0.0017609500,0.0022103100,0.0031438900,0.0040392700,0.0044308800,0.0046635100,0.0048653300
2020-02-13,0.0004950200,0.0006873400,0.0009493100,0.0013451700,0.0017715800,0.0022241600,0.0031532500,0.0040545100,0.0044470200,0.0046801200,0.0048826500
2020-02-12,0.0004660700,0.0006508400,0.0009134400,0.0013092300,0.0017361400,0.0021814900,0.0030894300,0.0039436500,0.0043290100,0.0045578300,0.0047560700
2020-02-11,0.0004670700,0.0006514100,0.0009279400,0.0013447900,0.0017986500,0.0022363400,0.0031364900,0.0039294800,0.0043076400,0.0045327100,0.0047283300
2020-02-10,0.0005201000,0.0007183700,0.0010002600,0.0014197900,0.0018750400,0.0023213400,0.0032910100,0.0041474200,0.0045452700,0.0047820200,0.0049991000
2020-02-07,0.0005578600,0.0007750900,0.0010377400,0.0014648300,0.0019048000,0.0022791300,0.0032666100,0.0040632600,0.0044561900,0.0046895500,0.0048920300
2020-02-06,0.0004415800,0.0006178700,0.0008807600,0.0012842600,0.0017054100,0.0021468400,0.0030136100,0.0037922700,0.0041626400,0.0043820700,0.0045705900
2020-02-05,0.0004419600,0.0006235300,0.0008930700,0.0012841700,0.0017089000,0.0021658700,0.0030827700,0.0039600600,0.0043471300,0.0045767700,0.0047730600
2020-02-04,0.0004819800,0.0006740700,0.0009477100,0.0013569300,0.0017996800,0.0022539500,0.0032070800,0.0040937500,0.0044909800,0.0047289900,0.0049319600
2020-02-03,0.0005000800,0.0006982000,0.0009787400,0.0014110300,0.0018716800,0.0023422500,0.0032992200,0.0042069000,0.0046137600,0.0048679900,0.0050707300
2020-01-31,0.0005164400,0.0007121000,0.0009953300,0.0014465900,0.0019140500,0.0023938400,0.0033646400,0.0042976800,0.0047435300,0.0049919200,0.0052056200
2020-01-30,0.0005337400,0.0007362300,0.0010299500,0.0014625500,0.0019376700,0.0024366000,0.0034023300,0.0043740100,0.0048123000,0.0050761800,0.0052807200
2020-01-29,0.0005264000,0.0007259400,0.0010032700,0.0014242200,0.0018768100,0.0023320500,0.0033038000,0.0042589200,0.0047005700,0.0049467200,0.0051471200
2020-01-28,0.0005434200,0.0007382600,0.0010275500,0.0014656800,0.0019268700,0.0024050700,0.0033851200,0.0043187000,0.0047520100,0.0050161400,0.0052201000
2020-01-27,0.0006006100,0.0007757900,0.0010404200,0.0014912500,0.0019554200,0.0024539000,0.0034381000,0.0043590000,0.0047944500,0.0050568500,0.0052600200
2020-01-24,0.0005416700,0.0007017000,0.0009800300,0.0014239900,0.0018913200,0.0023723900,0.0032918100,0.0041222900,0.0045483500,0.0047856700,0.0049803000
2020-01-23,0.0005768200,0.0007464600,0.0010165900,0.0014409200,0.0019022500,0.0023888500,0.0033587300,0.0042998700,0.0047300000,0.0049887500,0.0051914100
2020-01-22,0.0005881900,0.0007505600,0.0010113200,0.0014479900,0.0019060000,0.0023874700,0.0033683700,0.0043224000,0.0047696000,0.0050156400,0.0052187100
2020-01-21,0.0005824200,0.0007546400,0.0010148200,0.0014315700,0.0018901700,0.0023659400,0.0033261900,0.0042469800,0.0046901900,0.0049338500,0.0051313000
2020-01-20,0.0005603400,0.0007257700,0.0009642700,0.0013667300,0.0018179500,0.0022978800,0.0032737300,0.0042166200,0.0046883300,0.0049474600,0.0051403300
2020-01-17,0.0005569100,0.0007247900,0.0009706600,0.0013678700,0.0018256800,0.0022871400,0.0032403400,0.0042216400,0.0047718300,0.0050379500,0.0052298200
2020-01-16,0.0005669500,0.0007379700,0.0009963000,0.0013938400,0.0018289500,0.0022965600,0.0032634400,0.0042394100,0.0047925200,0.0050604200,0.0052529400
2020-01-15,0.0005596500,0.0007273800,0.0009881100,0.0013942900,0.0018309000,0.0022990600,0.0032540900,0.0041982200,0.0047486500,0.0050151600,0.0052060000
2020-01-14,0.0005221800,0.0006673600,0.0009297500,0.0013595800,0.0018020500,0.0022720700,0.0031793000,0.0039958100,0.0045181900,0.0047703400,0.0049514500
2020-01-13,0.0005547100,0.0007101700,0.0009670400,0.0013722300,0.0017977100,0.0022526800,0.0031946800,0.0041369200,0.0046816300,0.0049447900,0.0051334000
2020-01-10,0.0005345900,0.0006963300,0.0009492200,0.0013482600,0.0017755100,0.0022420500,0.0031730100,0.0040826200,0.0046246900,0.0048833200,0.0050693700
2020-01-09,0.0005489700,0.0007146100,0.0009604400,0.0013876900,0.0018197600,0.0023061500,0.0032329800,0.0041227700,0.0046823500,0.0049292300,0.0051174700
2020-01-08,0.0005889500,0.0007657700,0.0010339200,0.0014613800,0.0019100000,0.0023925600,0.0033234900,0.0042160900,0.0047774400,0.0050308800,0.0052213300
2020-01-07,0.0005925888,0.0007630552,0.0010296010,0.0014580863,0.0019089047,0.0023987869,0.0033386504,0.0042414636,0.0048077787,0.0050695960,0.0052529592
2020-01-06,0.0005962500,0.0007603500,0.0010253000,0.0014548000,0.0019078100,0.0024050300,0.0033538800,0.0042669900,0.0048383100,0.0051086100,0.0052847800
2020-01-03,0.0005895100,0.0007639900,0.0010269700,0.0014368600,0.0018811100,0.0023560800,0.0032775900,0.0041467000,0.0047044700,0.0049679700,0.0051545700
2020-01-02,0.0005372600,0.0006988400,0.0009523100,0.0013706400,0.0018021500,0.0022891200,0.0032294100,0.0041396100,0.0047022300,0.0049530700,0.0051424200
2020-01-01,0.0005400900,0.0006980400,0.0009302500,0.0013580800,0.0018122200,0.0022701800,0.0031302100,0.0038902800,0.0044188500,0.0046547300,0.0048325200
2019-12-31,0.0005788500,0.0007487300,0.0009819200,0.0013979200,0.0018400200,0.0022927600,0.0031742000,0.0040075800,0.0045481200,0.0047916300,0.0049713600
2019-12-30,0.0005709700,0.0007393900,0.0009758100,0.0013883400,0.0018271600,0.0022852500,0.0031662500,0.0039975800,0.0045214600,0.0047772700,0.0049449000
2019-12-27,0.0005412900,0.0007051400,0.0009489000,0.0013471900,0.0017768000,0.0022508800,0.0031308700,0.0039628500,0.0044781100,0.0047257200,0.0048910000
2019-12-26,0.0005116100,0.0006566100,0.0009168900,0.0013329800,0.0017617200,0.0022541000,0.0031293300,0.0038964300,0.0044068500,0.0046393900,0.0048212400
2019-12-25,0.0005119500,0.0006569700,0.0009171400,0.0013332600,0.0017620000,0.0022544100,0.0031296400,0.0039250900,0.0044393300,0.0046734800,0.0048563500
2019-12-24,0.0004736600,0.0006082900,0.0008676500,0.0012843900,0.0017215200,0.0022304200,0.0031110600,0.0038730000,0.0043825300,0.0046139400,0.0047939800
2019-12-23,0.0004765400,0.0006109600,0.0008568200,0.0012791500,0.0017286500,0.0022405500,0.0031147600,0.0038640200,0.0043851600,0.0046174100,0.0047948400
2019-12-20,0.0005542800,0.0007190000,0.0009885400,0.0013953100,0.0018089600,0.0022719600,0.0031532500,0.0039370500,0.0044595300,0.0047067900,0.0048848500
2019-12-19,0.0005874000,0.0007586300,0.0010126500,0.0014080600,0.0018267600,0.0022884600,0.0032439300,0.0042965500,0.0048536600,0.0051217900,0.0053180600
2019-12-18,0.0005978400,0.0007701000,0.0010135200,0.0013943800,0.0018077200,0.0022819500,0.0032141300,0.0041409900,0.0046982300,0.0049476400,0.0051386900
2019-12-17,0.0006158800,0.0008006600,0.0010435000,0.0014534600,0.0018407100,0.0022656200,0.0031648500,0.0039784200,0.0045007100,0.0047520500,0.0049363700
2019-12-16,0.0005416200,0.0007344700,0.0009681300,0.0013401400,0.0017320600,0.0021926700,0.0031183100,0.0040570500,0.0046090400,0.0048534400,0.0050413000
2019-12-13,0.0005338700,0.0007204100,0.0009583400,0.0013461100,0.0017664900,0.0022281800,0.0031112700,0.0039590600,0.0044948500,0.0047352400,0.0049193100
2019-12-12,0.0005795900,0.0007814800,0.0010483000,0.0014423400,0.0018691400,0.0023421100,0.0032446400,0.0041408000,0.0046784100,0.0049373900,0.0051260400
2019-12-11,0.0006205500,0.0008338300,0.0011003400,0.0015131500,0.0019559300,0.0024325200,0.0033875100,0.0043219600,0.0048879800,0.0051423300,0.0053368900
2019-12-10,0.0006237800,0.0008416600,0.0011046200,0.0015036600,0.0019320500,0.0023970200,0.0033470200,0.0043132700,0.0048675200,0.0051374100,0.0053324000
2019-12-09,0.0005785500,0.0007804200,0.0010340200,0.0014609100,0.0019160300,0.0024245900,0.0033821700,0.0042871500,0.0048384100,0.0051063900,0.0053001100
2019-12-06,0.0005742300,0.0007722100,0.0010250200,0.0014505800,0.0019069200,0.0024241800,0.0034019600,0.0043357400,0.0048946200,0.0051634300,0.0053561800
2019-12-05,0.0005619500,0.0007580400,0.0010271900,0.0014454500,0.0018692000,0.0023991600,0.0033280400,0.0041659400,0.0047188300,0.0049664800,0.0051490400
2019-12-04,0.0005895100,0.0007951400,0.0010735600,0.0015337400,0.0019753200,0.0024876400,0.0034316400,0.0042826700,0.0048474800,0.0051149000,0.0052906800
2019-12-03,0.0006504400,0.0008732600,0.0011591600,0.0016203800,0.0020740200,0.0026040800,0.0035628900,0.0044670500,0.0050497100,0.0053246900,0.0055175200
2019-12-02,0.0005775900,0.0007763900,0.0010582200,0.0015054300,0.0019523100,0.0024843200,0.0034269800,0.0042765000,0.0048356000,0.0050981500,0.0052745800
2019-11-29,0.0006625700,0.0008934100,0.0011748400,0.0015599700,0.0020148000,0.0025133200,0.0035413700,0.0045757200,0.0051702700,0.0054372500,0.0056406000
2019-11-28,0.0006088600,0.0008219500,0.0010981300,0.0015548300,0.0020447400,0.0026013200,0.0036344200,0.0045859500,0.0051798200,0.0054589700,0.0056613600
2019-11-27,0.0006094400,0.0008308100,0.0011145800,0.0015744000,0.0020472600,0.0025955300,0.0036420100,0.0045534600,0.0051199400,0.0053730100,0.0055700600
2019-11-26,0.0006083200,0.0008170000,0.0011060000,0.0015803200,0.0020611500,0.0026026100,0.0036308400,0.0044804000,0.0050353800,0.0052952000,0.0054870600
2019-11-25,0.0006667900,0.0008920000,0.0011923900,0.0016636000,0.0021678000,0.0027286300,0.0037845300,0.0047207100,0.0052962200,0.0055650900,0.0057642800
2019-11-22,0.0007357600,0.0009917800,0.0013237000,0.0018003100,0.0023082700,0.0028398900,0.0039112000,0.0048945100,0.0054872300,0.0057622400,0.0059696500
2019-11-21,0.0007013800,0.0009268300,0.0012335400,0.0017288000,0.0022622000,0.0028186700,0.0038654000,0.0047922300,0.0053713400,0.0056266500,0.0058440900
2019-11-20,0.0007662200,0.0009991100,0.0012973900,0.0017880700,0.0023140600,0.0029072200,0.0039623900,0.0050269200,0.0056317300,0.0059001600,0.0061254500
2019-11-19,0.0007303200,0.0009557300,0.0012490800,0.0017335600,0.0022655400,0.0028103700,0.0038451400,0.0048165600,0.0054000000,0.0056731900,0.0058764200
2019-11-18,0.0007107900,0.0009313700,0.0012506700,0.0017363800,0.0022895400,0.0028580800,0.0039204000,0.0048213100,0.0054054800,0.0056788700,0.0058824900
2019-11-15,0.0006886400,0.0009119200,0.0012186300,0.0017268100,0.0022909600,0.0028693700,0.0039397900,0.0048313700,0.0054157000,0.0056893900,0.0058945300
2019-11-14,0.0007282400,0.0009647500,0.0012812100,0.0017913800,0.0023493800,0.0029278200,0.0039906000,0.0049355800,0.0055290200,0.0058068400,0.0060344100
2019-11-13,0.0007412500,0.0009894700,0.0013144000,0.0018218300,0.0023969100,0.0029865500,0.0040437800,0.0050062600,0.0056058100,0.0058842100,0.0061598900
2019-11-12,0.0007120800,0.0009512000,0.0012605200,0.0017458100,0.0022926700,0.0028637300,0.0038974900,0.0048835600,0.0054732400,0.0057350300,0.0060019300
2019-11-11,0.0007413600,0.0009668900,0.0012794600,0.0017713900,0.0023327100,0.0029291500,0.0039823600,0.0049189000,0.0055123400,0.0057877700,0.0059969700
2019-11-08,0.0007292000,0.0009518200,0.0012584900,0.0017698600,0.0023359600,0.0029281300,0.0039761700,0.0048958200,0.0054859700,0.0057456000,0.0059558200
2019-11-07,0.0006760400,0.0008812100,0.0011747600,0.0016778500,0.0022402000,0.0028278800,0.0038603100,0.0047230800,0.0052962300,0.0055487700,0.0057653200
2019-11-06,0.0007543400,0.0009840600,0.0012947000,0.0017846000,0.0023539900,0.0029271200,0.0039552300,0.0048766300,0.0054658000,0.0057271700,0.0059461400
2019-11-05,0.0006940500,0.0009115500,0.0011972000,0.0016773300,0.0022188200,0.0027934000,0.0038196700,0.0047279300,0.0053040500,0.0055734900,0.0057740400
2019-11-04,0.0007045300,0.0009376100,0.0012360700,0.0017359000,0.0022918200,0.0028797300,0.0039317000,0.0048553400,0.0054426600,0.0057172000,0.0059240100
2019-11-01,0.0007048200,0.0009256400,0.0012167000,0.0017208500,0.0022943300,0.0028908600,0.0039492600,0.0049000800,0.0054920400,0.0057638800,0.0059745800
2019-10-31,0.0007347300,0.0009610400,0.0012855100,0.0017991100,0.0023901500,0.0029921500,0.0040749100,0.0050423300,0.0056528100,0.0059215200,0.0061353700
2019-10-30,0.0007459700,0.0009758700,0.0012804700,0.0017929700,0.0023660800,0.0029592000,0.0040194100,0.0049601300,0.0055620900,0.0058280500,0.0060383900
2019-10-29,0.0007134100,0.0009332700,0.0012434800,0.0017378900,0.0022834000,0.0028364600,0.0038638200,0.0047849300,0.0053730500,0.0056332200,0.0058380600
2019-10-28,0.0007177200,0.0009393700,0.0012384500,0.0017064900,0.0022654800,0.0028514300,0.0038794900,0.0046904200,0.0052725800,0.0055344000,0.0057344600
2019-10-25,0.0006408100,0.0008390500,0.0011096100,0.0015899200,0.0021964200,0.0028275500,0.0039291500,0.0046356100,0.0052190900,0.0054954600,0.0056903800
2019-10-24,0.0007047300,0.0009208600,0.0012081100,0.0016941800,0.0022444900,0.0028329800,0.0038779500,0.0048220800,0.0054244400,0.0057086300,0.0059133200
2019-10-23,0.0007265600,0.0009522800,0.0012442400,0.0017239100,0.0022495600,0.0028259600,0.0038474700,0.0047987700,0.0053988500,0.0056698600,0.0058860300
2019-10-22,0.0006882500,0.0009065000,0.0011896800,0.0016571800,0.0021841600,0.0027572100,0.0037778400,0.0047255600,0.0053178100,0.0055985100,0.0057962900
2019-10-21,0.0006696600,0.0008953300,0.0011839100,0.0016690400,0.0022067900,0.0027857200,0.0038192700,0.0047250400,0.0053186100,0.0056000500,0.0057995700
2019-10-18,0.0007116200,0.0009503400,0.0012540200,0.0017707900,0.0023188000,0.0029083600,0.0039415200,0.0048183100,0.0054034000,0.0056804100,0.0058829700
2019-10-17,0.0007178500,0.0009580200,0.0012611800,0.0017796400,0.0023507000,0.0029418400,0.0039867700,0.0049308500,0.0055279500,0.0058103100,0.0060151300
2019-10-16,0.0007009400,0.0009269600,0.0012242300,0.0017267000,0.0022970600,0.0028952600,0.0039400100,0.0048713800,0.0054615000,0.0057413700,0.0059464800
2019-10-15,0.0007097000,0.0009466700,0.0012442200,0.0017562600,0.0023360500,0.0029468500,0.0040141100,0.0049933400,0.0055945000,0.0058791900,0.0060873600
2019-10-14,0.0007604700,0.0010027100,0.0013325100,0.0018447900,0.0024299000,0.0030559400,0.0041161400,0.0051112000,0.0057234100,0.0060133200,0.0062234200
2019-10-11,0.0007122800,0.0009556600,0.0012704000,0.0018044800,0.0024042400,0.0030363000,0.0041121600,0.0050776300,0.0056881000,0.0059761700,0.0061827700
2019-10-10,0.0007892400,0.0010493500,0.0013918900,0.0019538800,0.0025924600,0.0032473300,0.0043519200,0.0053433100,0.0059885400,0.0062895500,0.0065025600
2019-10-09,0.0008178100,0.0010854500,0.0014343700,0.0020114500,0.0026709000,0.0033474000,0.0044712400,0.0054798700,0.0061256300,0.0064480200,0.0066663300
2019-10-08,0.0008755400,0.0011486600,0.0015410200,0.0021231000,0.0027743500,0.0034678400,0.0045641500,0.0055031800,0.0061470500,0.0064661600,0.0066865300
2019-10-07,0.0008299800,0.0010904900,0.0014553900,0.0020284100,0.0027152700,0.0033870800,0.0044846100,0.0054813800,0.0061212500,0.0064242400,0.0066575000
2019-10-04,0.0008245900,0.0010914500,0.0014418000,0.0020266600,0.0026971600,0.0033741400,0.0045102900,0.0055310700,0.0061770200,0.0064833900,0.0067178600
2019-10-03,0.0008539200,0.0011187900,0.0014839900,0.0020599600,0.0027368000,0.0033997700,0.0045321100,0.0055460500,0.0061923200,0.0064985000,0.0067205000
2019-10-02,0.0008190900,0.0010857700,0.0014226000,0.0019875100,0.0026401600,0.0032949100,0.0044059500,0.0054203500,0.0060536400,0.0063533000,0.0065708000
2019-10-01,0.0007823200,0.0010409100,0.0013666500,0.0019126500,0.0025257800,0.0031828300,0.0042864300,0.0053180100,0.0059502900,0.0062499600,0.0064684200
2019-09-30,0.0007972400,0.0010596500,0.0013865500,0.0019460000,0.0025782400,0.0032154400,0.0043019600,0.0052855300,0.0059142400,0.0062114600,0.0064273700
2019-09-27,0.0007935000,0.0010530600,0.0013918800,0.0019549400,0.0026124800,0.0032766500,0.0043815700,0.0053901000,0.0060405000,0.0063420400,0.0065595400
2019-09-26,0.0008760100,0.0011475200,0.0015117300,0.0020774500,0.0027563000,0.0033874400,0.0044378000,0.0054075300,0.0060391600,0.0063392400,0.0065594700
2019-09-25,0.0008201800,0.0010740400,0.0014117100,0.0019627300,0.0025915800,0.0032370500,0.0043275600,0.0053177100,0.0059435300,0.0062406000,0.0064569200
2019-09-24,0.0007816300,0.0010388600,0.0013605000,0.0018822300,0.0024851000,0.0031196800,0.0041775000,0.0051427400,0.0057579100,0.0060501800,0.0062625200
2019-09-23,0.0007812600,0.0010360100,0.0013537900,0.0018859800,0.0024813200,0.0031071900,0.0041605500,0.0051256400,0.0057376100,0.0060280100,0.0062413600
2019-09-20,0.0007512600,0.0010052300,0.0012993600,0.0018217200,0.0023805700,0.0029850900,0.0040277000,0.0049746900,0.0055769500,0.0058625800,0.0060722700
2019-09-19,0.0006148500,0.0008556200,0.0011300500,0.0016107200,0.0021394300,0.0027047700,0.0037081100,0.0046362900,0.0052181300,0.0054914700,0.0056905600
2019-09-18,0.0006464500,0.0009076100,0.0011860900,0.0016984400,0.0021988900,0.0027536300,0.0037824500,0.0047458700,0.0053394400,0.0056185900,0.0058225000
2019-09-17,0.0006372800,0.0008866100,0.0011636400,0.0016538300,0.0021851500,0.0027367600,0.0037532000,0.0046946200,0.0052828700,0.0055595400,0.0057600700
2019-09-16,0.0005999000,0.0008465700,0.0011139200,0.0015886000,0.0020994300,0.0026374400,0.0036220700,0.0045296400,0.0050886300,0.0053586600,0.0055569800
2019-09-13,0.0005591700,0.0008016300,0.0010675500,0.0015205000,0.0020054900,0.0025337000,0.0035125000,0.0044289900,0.0049839500,0.0052507300,0.0054363100
2019-09-12,0.0005195800,0.0007494300,0.0010084700,0.0014472600,0.0019174500,0.0024395500,0.0033937900,0.0042778500,0.0048319600,0.0050917500,0.0052812100
2019-09-11,0.0006055000,0.0008560800,0.0011411300,0.0016056400,0.0021033500,0.0026438400,0.0036100500,0.0045203500,0.0050978300,0.0053684600,0.0055645200
2019-09-10,0.0005774400,0.0008265000,0.0011170000,0.0015780300,0.0020812100,0.0026297200,0.0036215900,0.0045380300,0.0051179800,0.0053875400,0.0055843700
2019-09-09,0.0005858000,0.0008279100,0.0011029500,0.0015692000,0.0020692700,0.0026110800,0.0036297900,0.0045860400,0.0051796400,0.0054435800,0.0056464700
2019-09-06,0.0005648100,0.0008095800,0.0010669200,0.0015075000,0.0019953000,0.0025088700,0.0034775300,0.0044022600,0.0049763000,0.0052446100,0.0054364300
2019-09-05,0.0005534300,0.0007842400,0.0010509000,0.0015130900,0.0019944400,0.0025332400,0.0035348200,0.0044516900,0.0050309300,0.0053021000,0.0054939900
2019-09-04,0.0005874800,0.0008407400,0.0011202700,0.0016089800,0.0021255000,0.0026899000,0.0037185200,0.0046687400,0.0052661800,0.0055462200,0.0057474400
2019-09-03,0.0006117500,0.0008672800,0.0011517200,0.0016614900,0.0021922200,0.0027739400,0.0038493400,0.0048522400,0.0054660600,0.0057519800,0.0059595200
2019-09-02,0.0006529100,0.0009168900,0.0011977000,0.0016742200,0.0022173700,0.0027728100,0.0038136000,0.0047983400,0.0054097200,0.0056845300,0.0058980600
2019-08-30,0.0006217700,0.0008733200,0.0011766800,0.0016913100,0.0022027500,0.0027576300,0.0037615000,0.0046330000,0.0052137000,0.0054939000,0.0057005300
2019-08-29,0.0005876800,0.0008291300,0.0010887100,0.0015708300,0.0020636500,0.0025942500,0.0035452100,0.0043958800,0.0049693200,0.0052401800,0.0054381900
2019-08-28,0.0005866400,0.0008177500,0.0010872600,0.0015657600,0.0020652900,0.0026037800,0.0035989800,0.0045022500,0.0050854600,0.0053577600,0.0055562800
2019-08-27,0.0005517600,0.0007796400,0.0010277300,0.0015123800,0.0020233300,0.0025699700,0.0035403100,0.0043963100,0.0049691900,0.0052248900,0.0054192200
2019-08-26,0.0006091300,0.0008499000,0.0011141400,0.0016128000,0.0021287100,0.0026665600,0.0036572700,0.0045098600,0.0050947100,0.0053687500,0.0055643600
2019-08-23,0.0006041100,0.0008447900,0.0011100700,0.0015774400,0.0020807200,0.0026006500,0.0035985100,0.0045292700,0.0051169400,0.0053924900,0.0055886000
2019-08-22,0.0005995600,0.0008475300,0.0010982900,0.0015777900,0.0021022600,0.0026530700,0.0036661000,0.0046257700,0.0052239700,0.0055042800,0.0057034500
2019-08-21,0.0006034800,0.0008534900,0.0011332700,0.0016295600,0.0021524200,0.0027223200,0.0037396700,0.0046889500,0.0052942900,0.0055783400,0.0057832000
2019-08-20,0.0006484900,0.0009170900,0.0012223100,0.0017398700,0.0022920800,0.0028705800,0.0038925900,0.0048514600,0.0054694000,0.0057572600,0.0059741500
2019-08-19,0.0006178200,0.0008777800,0.0011756500,0.0017035700,0.0022713000,0.0028669100,0.0039246100,0.0048890300,0.0055248000,0.0058164300,0.0060239400
2019-08-16,0.0006622000,0.0009350900,0.0012489900,0.0018055300,0.0024091600,0.0030223700,0.0041016500,0.0050788600,0.0057302500,0.0060303700,0.0062468900
2019-08-15,0.0006667300,0.0009358000,0.0012693200,0.0018598100,0.0024911000,0.0031031800,0.0042087800,0.0051614500,0.0058155700,0.0061167000,0.0063282900
2019-08-14,0.0007380400,0.0010327100,0.0013717400,0.0019531400,0.0025837900,0.0032143500,0.0043234900,0.0053408500,0.0060121100,0.0063205000,0.0065373100
2019-08-13,0.0007038900,0.0009876500,0.0013018600,0.0018604300,0.0024680600,0.0030984700,0.0041881500,0.0051942700,0.0058543800,0.0061590500,0.0063749800
2019-08-12,0.0007440800,0.0010416300,0.0013686000,0.0019520800,0.0025696900,0.0032081500,0.0043208900,0.0053462600,0.0060031700,0.0063118400,0.0065432400
2019-08-09,0.0007083800,0.0009941200,0.0013156500,0.0018813000,0.0024627300,0.0030763900,0.0041539000,0.0051476500,0.0057887700,0.0060891200,0.0063152700
2019-08-08,0.0006525600,0.0009114800,0.0012243300,0.0017561100,0.0023252400,0.0029274300,0.0040071200,0.0049940900,0.0056382500,0.0059358800,0.0061526600
2019-08-07,0.0006810300,0.0009562300,0.0012921600,0.0018329600,0.0024078100,0.0030456300,0.0041350600,0.0051515300,0.0057935100,0.0060973900,0.0063266400
2019-08-06,0.0006928100,0.0009648800,0.0012889900,0.0018391200,0.0024251500,0.0030601200,0.0041543000,0.0051641000,0.0058038400,0.0061192200,0.0063362000
2019-08-05,0.0007318200,0.0010257300,0.0013532400,0.0019234100,0.0025041000,0.0031335000,0.0042449500,0.0052614200,0.0059250300,0.0062306700,0.0064506000
2019-08-02,0.0006687300,0.0009391000,0.0012402600,0.0017827600,0.0023477700,0.0029531500,0.0040401900,0.0050544200,0.0056852500,0.0059821600,0.0061973700
2019-08-01,0.0006299600,0.0009053100,0.0011734000,0.0016721700,0.0022019700,0.0027829300,0.0038233800,0.0048299700,0.0054383200,0.0057241900,0.0059309300
2019-07-31,0.0006393100,0.0009210000,0.0012081500,0.0017124000,0.0022455000,0.0028273000,0.0038931500,0.0048891900,0.0055062000,0.0057964400,0.0060062600
2019-07-30,0.0006520900,0.0009347300,0.0012329400,0.0017493900,0.0022870700,0.0028816700,0.0039473600,0.0049191000,0.0055404500,0.0058329900,0.0060440600
2019-07-29,0.0006290500,0.0008935500,0.0011792000,0.0016730400,0.0021877700,0.0027448700,0.0037754000,0.0047285800,0.0053300300,0.0056130300,0.0058163500
2019-07-26,0.0006014100,0.0008568200,0.0011315400,0.0016103700,0.0020979000,0.0026479400,0.0036621000,0.0046040000,0.0051962500,0.0054745500,0.0056739800
2019-07-25,0.0005689700,0.0008142600,0.0010765500,0.0015403900,0.0020299000,0.0025648400,0.0035837900,0.0045546300,0.0051470100,0.0054245300,0.0056297300
2019-07-24,0.0005390000,0.0007763600,0.0010388900,0.0014923100,0.0019652300,0.0024890800,0.0034870300,0.0044114400,0.0049878400,0.0052451100,0.0054585700
2019-07-23,0.0005564100,0.0008099600,0.0010844500,0.0015507200,0.0020405400,0.0025805900,0.0036025800,0.0045317200,0.0051195200,0.0053962000,0.0055978000
2019-07-22,0.0005957800,0.0008587200,0.0011622400,0.0016380900,0.0021407600,0.0027016700,0.0037299100,0.0046739500,0.0052733000,0.0055555600,0.0057588200
2019-07-19,0.0005691500,0.0008244400,0.0011097300,0.0015834300,0.0020769200,0.0026287900,0.0036448900,0.0045764700,0.0051694800,0.0054484700,0.0056478100
2019-07-18,0.0005965300,0.0008625600,0.0011345300,0.0016166100,0.0020984600,0.0026659300,0.0036658900,0.0045693900,0.0051601200,0.0054383500,0.0056357400
2019-07-17,0.0006046100,0.0008659700,0.0011399400,0.0015996600,0.0020838600,0.0026491100,0.0036395200,0.0046044200,0.0051996300,0.0054800000,0.0056788700
2019-07-16,0.0005636500,0.0008157000,0.0011212600,0.0015793100,0.0020767500,0.0026342800,0.0036654900,0.0046431900,0.0052460200,0.0055304900,0.0057325400
2019-07-15,0.0005606800,0.0008036500,0.0010880900,0.0015505500,0.0020400700,0.0025654700,0.0035339900,0.0044505300,0.0050294700,0.0053018500,0.0054958900
2019-07-12,0.0005726000,0.0008297300,0.0011311200,0.0015957700,0.0020883000,0.0026302400,0.0036038700,0.0045156000,0.0051003500,0.0053750100,0.0055693700
2019-07-11,0.0005759700,0.0008336800,0.0011100600,0.0015804100,0.0020721700,0.0026295300,0.0036558400,0.0046047800,0.0052018800,0.0054807500,0.0056783700
2019-07-10,0.0006046400,0.0008735800,0.0011729700,0.0016577600,0.0021591400,0.0027168500,0.0037300700,0.0046581500,0.0052582800,0.0055385000,0.0057363700
2019-07-09,0.0006578600,0.0009344900,0.0012287400,0.0017144500,0.0022158800,0.0027883700,0.0038032600,0.0047501200,0.0053591400,0.0056442900,0.0058470500
2019-07-08,0.0005936200,0.0008537600,0.0011453000,0.0016245200,0.0021387700,0.0026972100,0.0037193800,0.0046595100,0.0052600800,0.0055410500,0.0057390800
2019-07-05,0.0005728100,0.0008158800,0.0011110200,0.0015761000,0.0020667600,0.0026187000,0.0036127300,0.0045206600,0.0051113600,0.0053880700,0.0055835500
2019-07-04,0.0005965300,0.0008493700,0.0011609100,0.0015928300,0.0020758300,0.0026291300,0.0035622900,0.0044634800,0.0050489900,0.0053235000,0.0055189000
2019-07-03,0.0005631500,0.0007987500,0.0010816100,0.0015226900,0.0019931500,0.0025313900,0.0034975800,0.0043972700,0.0049736900,0.0052433500,0.0054355400
2019-07-02,0.0005769700,0.0008276000,0.0011090800,0.0015543600,0.0020339800,0.0025813200,0.0035824300,0.0045327300,0.0051261900,0.0054038000,0.0055997700
2019-07-01,0.0005578900,0.0007927300,0.0010796300,0.0015488300,0.0020189600,0.0025971100,0.0036115800,0.0045474100,0.0051420800,0.0054072500,0.0056005200
2019-06-28,0.0005970600,0.0008573900,0.0011604500,0.0016410600,0.0021497300,0.0027222200,0.0037338600,0.0046683500,0.0052687500,0.0055503400,0.0057443600
2019-06-27,0.0006227800,0.0008884900,0.0011985400,0.0017008800,0.0022139500,0.0028336100,0.0038879200,0.0048706100,0.0054932100,0.0057842800,0.0059853400
2019-06-26,0.0006492200,0.0009133100,0.0012200800,0.0017235500,0.0022544200,0.0028847900,0.0039710400,0.0050122300,0.0056597300,0.0059569900,0.0061609700
2019-06-25,0.0006768600,0.0009629000,0.0012850700,0.0017892900,0.0023050000,0.0029292500,0.0040294600,0.0050675500,0.0057029700,0.0060011800,0.0062113700
2019-06-24,0.0006489500,0.0009179100,0.0012255400,0.0017177500,0.0022185400,0.0028506600,0.0039430200,0.0049663800,0.0055961200,0.0058917400,0.0060984400
2019-06-21,0.0006444900,0.0009199200,0.0012292900,0.0017364300,0.0022689800,0.0028988100,0.0039487200,0.0049185300,0.0055404600,0.0058326200,0.0060362800
2019-06-20,0.0006400800,0.0009050300,0.0012274800,0.0017439400,0.0022811700,0.0029112900,0.0039625500,0.0049232100,0.0055485300,0.0058419200,0.0060446500
2019-06-19,0.0006525800,0.0009287500,0.0012626900,0.0017792900,0.0023304800,0.0029467300,0.0039928100,0.0049531200,0.0055833000,0.0058780100,0.0060799200
2019-06-18,0.0006736400,0.0009651200,0.0013023700,0.0018450600,0.0024214700,0.0030653800,0.0041237300,0.0050948500,0.0057678100,0.0060746900,0.0062705200
2019-06-17,0.0007717000,0.0010855000,0.0014409100,0.0020043900,0.0026119300,0.0032837000,0.0043731800,0.0053899200,0.0061095200,0.0064321900,0.0066325400
2019-06-14,0.0007387100,0.0010327600,0.0014450300,0.0020442400,0.0026670100,0.0033629600,0.0044546700,0.0054513300,0.0062150900,0.0065633800,0.0067552400
2019-06-13,0.0007323600,0.0010360200,0.0014263000,0.0020323800,0.0026601800,0.0033607900,0.0044627400,0.0054477900,0.0063396000,0.0067458400,0.0069385700
2019-06-12,0.0007766700,0.0010964000,0.0014912600,0.0020905400,0.0027205100,0.0034259400,0.0045452900,0.0055653900,0.0064704900,0.0068827600,0.0070799000
2019-06-11,0.0007245200,0.0010351400,0.0014399900,0.0020459000,0.0026965300,0.0034001200,0.0045284200,0.0055379600,0.0064444700,0.0068568700,0.0070526300
2019-06-10,0.0007622200,0.0010782900,0.0015139200,0.0021380200,0.0028085600,0.0035465800,0.0047138800,0.0057936400,0.0067334000,0.0071602600,0.0073678300
2019-06-07,0.0008017100,0.0011354100,0.0015587200,0.0021916700,0.0028925100,0.0036389900,0.0047958300,0.0058608400,0.0068208900,0.0072498500,0.0074707700
2019-06-06,0.0008371900,0.0011950100,0.0016267500,0.0022938500,0.0030098700,0.0037817700,0.0049693900,0.0060603800,0.0070384200,0.0074791200,0.0077000000
2019-06-05,0.0008070500,0.0011512700,0.0015994700,0.0022748000,0.0030091300,0.0037924900,0.0049958600,0.0061067500,0.0070692000,0.0075248800,0.0077360300
2019-06-04,0.0008646600,0.0012243900,0.0016687800,0.0023605700,0.0031167800,0.0039097700,0.0051292200,0.0062430000,0.0071878200,0.0076210300,0.0078444600
2019-06-03,0.0010050600,0.0013945100,0.0018635800,0.0026004600,0.0034220000,0.0042567800,0.0055092800,0.0066639900,0.0074952000,0.0078828000,0.0081138100
2019-05-31,0.0009772300,0.0013419700,0.0018552700,0.0025998300,0.0034214500,0.0042831500,0.0055668100,0.0067617700,0.0076017000,0.0079932500,0.0082283100
2019-05-30,0.0009595500,0.0013328000,0.0018108700,0.0025298500,0.0033276800,0.0041555800,0.0054312100,0.0065968200,0.0074224500,0.0078074300,0.0080372200
2019-05-29,0.0009982400,0.0013807500,0.0018690100,0.0026025700,0.0034122200,0.0042507700,0.0055049300,0.0066639200,0.0074950900,0.0078826200,0.0081122100
2019-05-28,0.0009629100,0.0013202300,0.0018209400,0.0025492000,0.0033460400,0.0041731200,0.0054231800,0.0065888000,0.0074156100,0.0077870600,0.0080317000
2019-05-27,0.0009347500,0.0012989300,0.0017457700,0.0024708800,0.0032515000,0.0040612800,0.0052883000,0.0064279900,0.0072400400,0.0076187800,0.0078433100
2019-05-24,0.0009501400,0.0013219100,0.0017706500,0.0024682300,0.0032443200,0.0040526700,0.0052885300,0.0064416700,0.0072558700,0.0076357100,0.0078609400
2019-05-23,0.0009761000,0.0013453700,0.0018270800,0.0025508900,0.0033408500,0.0041712400,0.0054233000,0.0065756200,0.0074024300,0.0077883400,0.0080149100
2019-05-22,0.0009211300,0.0012829400,0.0017403500,0.0024349300,0.0031838100,0.0039853000,0.0052218100,0.0063577400,0.0071680200,0.0075461600,0.0077700700
2019-05-21,0.0008530100,0.0011899500,0.0016517400,0.0023257700,0.0030514700,0.0038363500,0.0050360900,0.0061469800,0.0069385700,0.0073067000,0.0075239600
2019-05-20,0.0008820600,0.0012180700,0.0016751500,0.0023436100,0.0030616000,0.0038497100,0.0050355900,0.0061460300,0.0069669800,0.0073426700,0.0075583600
2019-05-17,0.0008852800,0.0012408400,0.0016520200,0.0022819900,0.0029546700,0.0036933400,0.0048455800,0.0059164700,0.0068019400,0.0072097700,0.0074335400
2019-05-16,0.0008491400,0.0011882100,0.0016036400,0.0022515900,0.0029420600,0.0036971800,0.0048675400,0.0059253100,0.0067117700,0.0070609400,0.0072906100
2019-05-15,0.0009152200,0.0012697400,0.0016997800,0.0023780300,0.0031066500,0.0038675900,0.0050640700,0.0061457900,0.0069640300,0.0073452800,0.0075846800
2019-05-14,0.0008253900,0.0011760000,0.0015951600,0.0022577900,0.0029463500,0.0036879200,0.0048483500,0.0058746200,0.0067767900,0.0072192800,0.0075260100
2019-05-13,0.0008961300,0.0012600200,0.0016826400,0.0023301700,0.0030254700,0.0037710600,0.0049332100,0.0060038400,0.0068784900,0.0073020600,0.0076042300
2019-05-10,0.0008670500,0.0012067000,0.0015966500,0.0022054800,0.0028591700,0.0035704800,0.0047019300,0.0057388300,0.0064808800,0.0068222900,0.0070503800
2019-05-09,0.0008932800,0.0012241800,0.0016421300,0.0022757300,0.0029527000,0.0036909800,0.0048309500,0.0058871700,0.0066289100,0.0069885300,0.0072077500
2019-05-08,0.0008018400,0.0011047600,0.0015235000,0.0021366700,0.0027803100,0.0035020000,0.0046404100,0.0056885100,0.0064345100,0.0067761000,0.0069892100
2019-05-07,0.0008236800,0.0011368700,0.0015298200,0.0021316700,0.0027619800,0.0034629300,0.0045774400,0.0055964300,0.0063658700,0.0067258300,0.0069291800
2019-05-06,0.0007179900,0.0010182100,0.0013874600,0.0019891800,0.0026182500,0.0032930800,0.0044067800,0.0054068200,0.0062930500,0.0067076200,0.0069123400
2019-05-03,0.0008078700,0.0011465000,0.0014919700,0.0020326000,0.0026106700,0.0032680300,0.0043394300,0.0053648000,0.0062441500,0.0066559300,0.0068592600
2019-05-02,0.0006589500,0.0009356300,0.0013462400,0.0019548000,0.0025687800,0.0032655000,0.0043738000,0.0053307100,0.0062027200,0.0066120800,0.0068142600
2019-05-01,0.0006687700,0.0009514000,0.0013633800,0.0019636100,0.0025814400,0.0032599400,0.0043573200,0.0053096200,0.0061550000,0.0065656000,0.0067908500
2019-04-30,0.0006736200,0.0009635400,0.0013417700,0.0019310800,0.0025511500,0.0032251400,0.0043367100,0.0053032000,0.0060840200,0.0064936300,0.0067251000
2019-04-29,0.0006885900,0.0009864000,0.0013700400,0.0019744500,0.0026281600,0.0033199300,0.0044849200,0.0055091200,0.0061700800,0.0065925200,0.0068230900
2019-04-26,0.0007072800,0.0010129000,0.0014132100,0.0020362400,0.0027166200,0.0034187600,0.0046069700,0.0056319700,0.0063094700,0.0067545500,0.0069720800
2019-04-25,0.0007198400,0.0010319100,0.0014362600,0.0020660500,0.0027512400,0.0034592800,0.0046491700,0.0056910000,0.0063795000,0.0068173900,0.0070333000
2019-04-24,0.0006307300,0.0009135400,0.0013128700,0.0019540200,0.0026481900,0.0033442700,0.0045598300,0.0055728400,0.0062751500,0.0067297300,0.0069451500
2019-04-23,0.0006730000,0.0009707500,0.0013598600,0.0019656500,0.0026096000,0.0032906600,0.0044752900,0.0055361300,0.0062352600,0.0066706500,0.0068862900
2019-04-22,0.0006649000,0.0009612100,0.0013331200,0.0019331700,0.0025629500,0.0032221700,0.0044132600,0.0055533900,0.0062582700,0.0066977300,0.0069154500
2019-04-19,0.0006498400,0.0009401000,0.0013198500,0.0019287100,0.0025714200,0.0032328900,0.0044210400,0.0055045900,0.0062049100,0.0066431300,0.0068590500
2019-04-18,0.0006073900,0.0008769300,0.0012806000,0.0019141600,0.0025915700,0.0032595100,0.0044448700,0.0054093300,0.0060984300,0.0065341800,0.0067449100
2019-04-17,0.0006367800,0.0009107600,0.0013108400,0.0019089500,0.0025508500,0.0032466800,0.0044426600,0.0055590800,0.0062687900,0.0067319600,0.0069470400
2019-04-16,0.0006265000,0.0008997300,0.0013043700,0.0019226700,0.0025770600,0.0032723900,0.0044819400,0.0055787300,0.0062933700,0.0067537800,0.0069764700
2019-04-15,0.0005247400,0.0007541700,0.0012091400,0.0018761500,0.0025807300,0.0032640700,0.0045120500,0.0054839800,0.0061897000,0.0066267100,0.0068538400
2019-04-12,0.0006953700,0.0010015400,0.0013685100,0.0019215600,0.0024974600,0.0031422400,0.0042499900,0.0053093500,0.0059956000,0.0064195900,0.0066441300
2019-04-11,0.0007151600,0.0009984900,0.0014112200,0.0019902700,0.0025913700,0.0032348600,0.0043696400,0.0054164100,0.0061094400,0.0065339900,0.0067793200
2019-04-10,0.0007757400,0.0010601700,0.0015015000,0.0020709900,0.0026436300,0.0032988900,0.0044148800,0.0054960800,0.0061930200,0.0066189400,0.0068637800
2019-04-09,0.0007903900,0.0010785200,0.0014765700,0.0020558300,0.0026590000,0.0033175200,0.0044459900,0.0054978100,0.0061956700,0.0066201500,0.0068647300
2019-04-08,0.0007549300,0.0010345600,0.0014379200,0.0020284800,0.0026652100,0.0033182900,0.0044728300,0.0055110600,0.0062132000,0.0066351300,0.0068867100
2019-04-05,0.0006962200,0.0009729000,0.0013971500,0.0019962900,0.0026307100,0.0033109900,0.0044388200,0.0054685100,0.0061747500,0.0065836600,0.0068513500
2019-04-04,0.0008248600,0.0011115000,0.0015490100,0.0021603100,0.0028031600,0.0035031400,0.0046192600,0.0056838400,0.0063833700,0.0067763100,0.0070480400
2019-04-03,0.0007546700,0.0010259900,0.0014741900,0.0020907900,0.0027513000,0.0034497200,0.0045907600,0.0056356500,0.0063023300,0.0066906900,0.0069637200
2019-04-02,0.0008620300,0.0011457100,0.0016116800,0.0022357000,0.0028984900,0.0036066500,0.0047628600,0.0058087700,0.0063876200,0.0067394500,0.0069987300
2019-04-01,0.0008068900,0.0010927300,0.0015520600,0.0021933300,0.0028657900,0.0035931700,0.0047516500,0.0057963000,0.0064338000,0.0068193900,0.0070972500
2019-03-29,0.0008715200,0.0011481400,0.0016298600,0.0023120000,0.0030154100,0.0037688900,0.0049673900,0.0060023800,0.0065388200,0.0068776300,0.0071279000
2019-03-28,0.0009222800,0.0012055900,0.0016919600,0.0023891600,0.0031072100,0.0038683400,0.0050836800,0.0061427900,0.0066854800,0.0070268900,0.0072815900
2019-03-27,0.0009903000,0.0012839000,0.0017659800,0.0024312000,0.0031320300,0.0039010500,0.0050615500,0.0061548500,0.0066959800,0.0070305300,0.0072857000
2019-03-26,0.0009857100,0.0012749700,0.0017752800,0.0024567500,0.0031895000,0.0039513900,0.0051663800,0.0062602200,0.0068188700,0.0071460900,0.0074141500
2019-03-25,0.0011237200,0.0014250600,0.0019282500,0.0026366100,0.0033934600,0.0041857300,0.0054117900,0.0065447000,0.0070991500,0.0074413900,0.0077034100
2019-03-22,0.0010758900,0.0013834600,0.0018737300,0.0025724100,0.0033075900,0.0040898600,0.0053003000,0.0063942400,0.0069575400,0.0072826100,0.0075524900
2019-03-21,0.0009600600,0.0012481100,0.0017231700,0.0023968400,0.0030959900,0.0038513600,0.0050397200,0.0061210100,0.0066680700,0.0069868700,0.0072419000
2019-03-20,0.0008787800,0.0011546200,0.0016156800,0.0022592700,0.0029263900,0.0036422200,0.0048044900,0.0058675600,0.0063796700,0.0066637000,0.0069076800
2019-03-19,0.0006560900,0.0008736400,0.0012855700,0.0018735900,0.0024886000,0.0031664800,0.0043605500,0.0054827900,0.0059450500,0.0061940900,0.0063328600
2019-03-18,0.0006527200,0.0008712900,0.0013156200,0.0019241300,0.0025552600,0.0032720400,0.0045723100,0.0058252300,0.0063417100,0.0066313800,0.0068270000
2019-03-15,0.0007052000,0.0009732300,0.0014237900,0.0020294900,0.0026418900,0.0033460000,0.0045740000,0.0057492000,0.0062521900,0.0065724700,0.0068667000
2019-03-14,0.0006599800,0.0009139100,0.0013527500,0.0019872300,0.0026311000,0.0033337600,0.0045854200,0.0057079100,0.0062065000,0.0065209500,0.0068079700
2019-03-13,0.0006858400,0.0009460800,0.0013884900,0.0020159200,0.0026809500,0.0033874200,0.0046238200,0.0057713300,0.0062637100,0.0065639100,0.0068266600
2019-03-12,0.0007672900,0.0010485000,0.0015170200,0.0021692700,0.0028952300,0.0036424400,0.0048807100,0.0060365100,0.0065342700,0.0068383900,0.0070995800
2019-03-11,0.0008715100,0.0011563100,0.0016327800,0.0023126600,0.0030690400,0.0038251300,0.0050897800,0.0062700500,0.0067697800,0.0070754500,0.0073403200
2019-03-08,0.0010023800,0.0013100600,0.0017855600,0.0024874000,0.0032728300,0.0040402500,0.0053166000,0.0065079800,0.0070137700,0.0073236800,0.0075912900
2019-03-07,0.0009604500,0.0012664400,0.0017526200,0.0024450500,0.0031858000,0.0039451700,0.0052125700,0.0064160600,0.0069205000,0.0072293600,0.0074955700
2019-03-06,0.0009181500,0.0012072900,0.0016818700,0.0023872200,0.0031436300,0.0039094100,0.0052104800,0.0064214600,0.0069279100,0.0072369800,0.0075066400
2019-03-05,0.0009190296,0.0012034790,0.0016693937,0.0024034399,0.0031563343,0.0039132931,0.0052084796,0.0063890030,0.0068938613,0.0071972610,0.0074537990
2019-03-04,0.0009199100,0.0011996800,0.0016570100,0.0024197700,0.0031690900,0.0039171800,0.0052064800,0.0063567100,0.0068599800,0.0071577600,0.0074013300
2019-03-01,0.0009086900,0.0011914200,0.0016487500,0.0023877600,0.0031308600,0.0038692700,0.0051526700,0.0063316700,0.0068309200,0.0071005200,0.0073066900
2019-02-28,0.0008240900,0.0010852300,0.0014990500,0.0021609600,0.0028302300,0.0035424400,0.0047760700,0.0059618300,0.0064207000,0.0066300200,0.0067187200
2019-02-27,0.0007951500,0.0010392800,0.0014909300,0.0021969100,0.0029071400,0.0036385200,0.0049078800,0.0060774800,0.0065433200,0.0067580600,0.0068484800
2019-02-26,0.0008726800,0.0011494700,0.0015840500,0.0022610000,0.0029563200,0.0036774300,0.0049310700,0.0061340500,0.0065983300,0.0068130800,0.0069035300
2019-02-25,0.0008891000,0.0011653400,0.0016167100,0.0023037400,0.0030120700,0.0037536500,0.0049902500,0.0061895400,0.0066534400,0.0068703200,0.0069622600
2019-02-22,0.0008996700,0.0011786300,0.0016692600,0.0023748400,0.0031296300,0.0039113800,0.0051662300,0.0063928800,0.0068644500,0.0070924400,0.0071828500
2019-02-21,0.0008581400,0.0011318800,0.0016258000,0.0023563800,0.0031325700,0.0039248700,0.0052129900,0.0064556500,0.0069322000,0.0071846800,0.0072817000
2019-02-20,0.0008292400,0.0011036200,0.0016124700,0.0023586100,0.0031557600,0.0039737500,0.0052729600,0.0065253700,0.0070072100,0.0072684800,0.0073933700
2019-02-19,0.0009083300,0.0012516700,0.0017793300,0.0025304700,0.0033653600,0.0041858200,0.0054854200,0.0067504600,0.0072503400,0.0075361000,0.0076929600
2019-02-18,0.0008775100,0.0012210900,0.0017538300,0.0025364100,0.0033871100,0.0042318300,0.0055398600,0.0068162300,0.0073196600,0.0076154000,0.0077704300
2019-02-15,0.0009679400,0.0013235100,0.0018816000,0.0026937300,0.0035666200,0.0044179800,0.0057412200,0.0070310400,0.0075525600,0.0078823600,0.0080813800
2019-02-14,0.0010461500,0.0014778700,0.0020347500,0.0028759200,0.0036896200,0.0045358300,0.0058396000,0.0071078400,0.0076786500,0.0080576000,0.0083793100
2019-02-13,0.0009309300,0.0013472000,0.0019311200,0.0028025200,0.0036356100,0.0045076100,0.0058779600,0.0071652900,0.0077388100,0.0081065300,0.0084462600
2019-02-12,0.0010169700,0.0014447600,0.0020484700,0.0028720600,0.0037253300,0.0046076900,0.0059580200,0.0072617800,0.0078347700,0.0082063900,0.0085485000
2019-02-11,0.0011107900,0.0015569900,0.0021665400,0.0029855400,0.0038649400,0.0047741700,0.0061262800,0.0074389200,0.0080133400,0.0084006400,0.0087254700
2019-02-08,0.0011382100,0.0015786700,0.0022177500,0.0030702300,0.0039498100,0.0048547500,0.0062148300,0.0075394500,0.0081170600,0.0085074000,0.0088440200
2019-02-07,0.0010905200,0.0015306400,0.0021529900,0.0029986600,0.0038621400,0.0047568200,0.0061039600,0.0074191500,0.0079813700,0.0083649300,0.0087032800
2019-02-06,0.0009657600,0.0013998600,0.0019920800,0.0028212600,0.0036620000,0.0045408300,0.0058625100,0.0071576700,0.0077296500,0.0081147800,0.0084530400
2019-02-05,0.0011362700,0.0015825100,0.0021871300,0.0030512500,0.0039156100,0.0048157800,0.0061585500,0.0074783800,0.0080512300,0.0084358400,0.0087796000
2019-02-04,0.0012448100,0.0017175100,0.0023491500,0.0032555500,0.0041285800,0.0050365800,0.0064111600,0.0077419700,0.0083239500,0.0087136500,0.0091064400
2019-02-01,0.0012132000,0.0016652900,0.0022815800,0.0031484100,0.0040081900,0.0049118300,0.0062479000,0.0075823700,0.0081542600,0.0085379900,0.0088678000
2019-01-31,0.0011602600,0.0016083300,0.0022019900,0.0030520200,0.0039021100,0.0047853500,0.0060896400,0.0074054800,0.0079544200,0.0083272700,0.0086669500
2019-01-30,0.0013312200,0.0018098800,0.0024396500,0.0032962600,0.0041831700,0.0051011500,0.0064376700,0.0077826400,0.0083548400,0.0087254900,0.0090748600
2019-01-29,0.0014114100,0.0018934100,0.0025514200,0.0033868000,0.0042958300,0.0052365200,0.0065962400,0.0079637800,0.0085272300,0.0089118500,0.0092645400
2019-01-28,0.0014486300,0.0019474100,0.0025962300,0.0034438000,0.0043568800,0.0052918900,0.0066370100,0.0079860600,0.0085531000,0.0089259700,0.0092775000
2019-01-25,0.0013882200,0.0018683000,0.0025206400,0.0033370400,0.0042505400,0.0052022800,0.0065438600,0.0079109700,0.0084445600,0.0088158400,0.0091551400
2019-01-24,0.0015070200,0.0019884200,0.0026468900,0.0034619800,0.0044051300,0.0053708600,0.0067138600,0.0080922700,0.0086034400,0.0089468800,0.0092838400
2019-01-23,0.0015260000,0.0019742300,0.0026242200,0.0034220100,0.0043887600,0.0053756600,0.0067114000,0.0081172700,0.0085532300,0.0088534100,0.0091650500
2019-01-22,0.0016289000,0.0020824700,0.0027568700,0.0035610300,0.0045269100,0.0055244900,0.0068706800,0.0082777200,0.0087311100,0.0090357300,0.0093577400
2019-01-21,0.0014994000,0.0019683100,0.0026312300,0.0033857300,0.0043329900,0.0053267100,0.0066640500,0.0080708500,0.0085411800,0.0088735100,0.0091934700
2019-01-18,0.0015040500,0.0020170800,0.0026784700,0.0034419400,0.0043980900,0.0053998700,0.0067605500,0.0081682000,0.0087227800,0.0091109800,0.0094652500
2019-01-17,0.0016822900,0.0022176900,0.0028647200,0.0036419300,0.0046294800,0.0056568200,0.0070266500,0.0084484900,0.0090188300,0.0094052600,0.0098122300
2019-01-16,0.0017904100,0.0023104900,0.0029851400,0.0037830300,0.0047815600,0.0058090600,0.0071850400,0.0086085200,0.0091727100,0.0095444100,0.0098912500
2019-01-15,0.0019879500,0.0024876100,0.0031791900,0.0040107700,0.0050334400,0.0060907500,0.0074625000,0.0089012400,0.0094220300,0.0098017600,0.0101386100
2019-01-14,0.0021068600,0.0026230000,0.0033220500,0.0041634500,0.0052135900,0.0062635600,0.0076540000,0.0091047700,0.0096166800,0.0099793500,0.0103262500
2019-01-11,0.0020466800,0.0025478500,0.0032458800,0.0040956400,0.0051443000,0.0061951700,0.0075964300,0.0090382200,0.0095511700,0.0099287500,0.0102610500
2019-01-10,0.0021903500,0.0027003300,0.0034148200,0.0042811700,0.0053501300,0.0064235400,0.0078405800,0.0093051000,0.0098179400,0.0101951200,0.0105248500
2019-01-09,0.0021047000,0.0026085500,0.0033109900,0.0041673600,0.0052315400,0.0063038200,0.0077123600,0.0091741600,0.0097039400,0.0100689000,0.0104140500
2019-01-08,0.0022269300,0.0027581800,0.0034935800,0.0043795000,0.0054612900,0.0065359500,0.0080000600,0.0094816300,0.0100174900,0.0103860600,0.0107342300
2019-01-07,0.0023430952,0.0028885394,0.0036385953,0.0045543736,0.0056578913,0.0067557685,0.0082476148,0.0097573802,0.0102954730,0.0106652427,0.0110158605
2019-01-04,0.0024653200,0.0030250600,0.0037896300,0.0047362300,0.0058615700,0.0069829800,0.0085028300,0.0100411500,0.0105811700,0.0109519300,0.0113048800
2019-01-03,0.0025706200,0.0031795600,0.0038914100,0.0048054600,0.0059299100,0.0070466200,0.0084897900,0.0099824900,0.0105302700,0.0109202200,0.0112739200
2019-01-02,0.0024936200,0.0030478000,0.0037485400,0.0046483000,0.0057441400,0.0068377800,0.0082739600,0.0097605700,0.0102910400,0.0106724100,0.0110242100
2019-01-01,0.0023655300,0.0029375000,0.0036213100,0.0045231400,0.0056114200,0.0067003100,0.0081552800,0.0096276000,0.0101534300,0.0105341100,0.0109556100
2018-12-31,0.0023780900,0.0030032000,0.0037283000,0.0046063000,0.0056709100,0.0067225900,0.0081399300,0.0096138600,0.0101605700,0.0105506800,0.0109793300
2018-12-28,0.0024609300,0.0030047200,0.0037005000,0.0046042800,0.0056802700,0.0067697700,0.0082202200,0.0097012600,0.0102276500,0.0106142500,0.0109587900
2018-12-27,0.0024998100,0.0030427500,0.0037352700,0.0046087100,0.0056537300,0.0067062600,0.0081622500,0.0096317300,0.0101556300,0.0105429500,0.0108985100
2018-12-26,0.0024891400,0.0030310300,0.0036466300,0.0045325200,0.0055953700,0.0066796700,0.0082581000,0.0096848300,0.0102304100,0.0106229800,0.0109707300
2018-12-25,0.0024881000,0.0030308700,0.0036464800,0.0045324800,0.0055953800,0.0066797000,0.0082581600,0.0097747300,0.0103257700,0.0107218700,0.0110732000
2018-12-24,0.0024598100,0.0029986200,0.0036648100,0.0045816300,0.0056245100,0.0066975700,0.0082388100,0.0097186700,0.0102684900,0.0106614700,0.0110123400
2018-12-21,0.0024232200,0.0029550300,0.0036599600,0.0045105200,0.0055245200,0.0065526300,0.0079863900,0.0094288200,0.0099667400,0.0103376800,0.0106899400
2018-12-20,0.0022794900,0.0027922000,0.0034391600,0.0043023100,0.0053041200,0.0063287400,0.0077754000,0.0091936300,0.0097364500,0.0101221400,0.0104575000
2018-12-19,0.0022491800,0.0027893700,0.0034724900,0.0043096500,0.0052459600,0.0061873800,0.0076083000,0.0090193000,0.0095715500,0.0099620700,0.0103019400
2018-12-18,0.0022692500,0.0027725600,0.0033839300,0.0042469200,0.0052681700,0.0062712600,0.0077305200,0.0091484300,0.0096910000,0.0100723300,0.0104091900
2018-12-17,0.0022416600,0.0027787600,0.0034317600,0.0042865400,0.0052897900,0.0062708100,0.0077391600,0.0091736000,0.0097297900,0.0101079400,0.0104561800
2018-12-14,0.0022347500,0.0027380300,0.0033834300,0.0042156800,0.0051866500,0.0061454000,0.0075732100,0.0090213500,0.0094979300,0.0098368800,0.0101551800
2018-12-13,0.0020482800,0.0025338500,0.0031713700,0.0039831700,0.0049185700,0.0058725500,0.0072870400,0.0087225400,0.0092647900,0.0096559000,0.0099975800
2018-12-12,0.0021106000,0.0026184500,0.0032630200,0.0040862000,0.0050448800,0.0059973800,0.0074286800,0.0088608200,0.0094102200,0.0097950600,0.0101487700
2018-12-11,0.0022369700,0.0028241100,0.0034702500,0.0043093400,0.0052889700,0.0062412600,0.0076821500,0.0091244900,0.0096949700,0.0100882700,0.0104461200
2018-12-10,0.0021773100,0.0028075800,0.0034538100,0.0042855400,0.0052660900,0.0062211000,0.0076662700,0.0091120300,0.0096698500,0.0100660500,0.0105101800
2018-12-07,0.0020983100,0.0027083100,0.0033525900,0.0041745700,0.0051270100,0.0060684800,0.0074975600,0.0089353500,0.0094906600,0.0098848300,0.0103137100
2018-12-06,0.0020849700,0.0026248200,0.0032643400,0.0041561800,0.0052142400,0.0062002800,0.0076526500,0.0090915500,0.0096521700,0.0100501100,0.0104138100
2018-12-05,0.0019031000,0.0023798000,0.0030017600,0.0038472600,0.0048699500,0.0058543000,0.0072564400,0.0086772100,0.0092144400,0.0096017900,0.0099577500
2018-12-04,0.0019201800,0.0024107800,0.0030502000,0.0038829500,0.0048769900,0.0058333000,0.0072160300,0.0086377300,0.0091823400,0.0095568900,0.0099089000
2018-12-03,0.0017849600,0.0022800000,0.0028927700,0.0037342200,0.0047378400,0.0056912900,0.0071093400,0.0085165100,0.0090846100,0.0094760200,0.0098170400
2018-11-30,0.0019840000,0.0024815700,0.0030914400,0.0039223400,0.0048927600,0.0058514800,0.0072929300,0.0087307200,0.0092654300,0.0096610400,0.0100260700
2018-11-29,0.0018920900,0.0023807800,0.0029967800,0.0038503100,0.0048091800,0.0057288500,0.0071457100,0.0085360700,0.0090696900,0.0094557800,0.0098114800
2018-11-28,0.0019135700,0.0024432400,0.0030699100,0.0038887400,0.0048675500,0.0058010900,0.0071780900,0.0085942200,0.0091625200,0.0095371600,0.0098925800
2018-11-27,0.0019793900,0.0024795300,0.0031270800,0.0039541900,0.0049206100,0.0058225900,0.0072114600,0.0086185000,0.0091812000,0.0095747500,0.0099287200
2018-11-26,0.0017214200,0.0021953000,0.0027899400,0.0036419600,0.0046286600,0.0055557300,0.0069988500,0.0083836400,0.0089552500,0.0093581100,0.0097144700
2018-11-23,0.0017621500,0.0022532200,0.0029110500,0.0037265800,0.0047067300,0.0056199000,0.0069782500,0.0084055100,0.0089547500,0.0093471900,0.0097046100
2018-11-22,0.0018400700,0.0023341700,0.0029210900,0.0037270700,0.0046758400,0.0055707400,0.0069646300,0.0083805800,0.0089299000,0.0093167200,0.0096595200
2018-11-21,0.0017619600,0.0022674700,0.0028764300,0.0036926000,0.0046460400,0.0055498200,0.0069472800,0.0083604700,0.0089290400,0.0093052600,0.0096670900
2018-11-20,0.0018537300,0.0023377100,0.0029462200,0.0037660100,0.0047205800,0.0056427900,0.0070305400,0.0084517000,0.0090014400,0.0093910200,0.0097460900
2018-11-19,0.0016776200,0.0021443200,0.0027292600,0.0035879600,0.0045364100,0.0054429200,0.0068955100,0.0082988700,0.0088597600,0.0092567700,0.0096193200
2018-11-16,0.0016178800,0.0020413300,0.0026613000,0.0034406900,0.0043434000,0.0052309900,0.0065756300,0.0080079300,0.0085607700,0.0089462600,0.0092800400
2018-11-15,0.0015620200,0.0019691900,0.0025454900,0.0033193000,0.0041865400,0.0050578100,0.0064047300,0.0078144300,0.0083835800,0.0087672700,0.0090950500
2018-11-14,0.0014790700,0.0018766100,0.0024473100,0.0032182500,0.0040737400,0.0049176600,0.0062837400,0.0076849300,0.0082471100,0.0086289200,0.0089607600
2018-11-13,0.0013991500,0.0017851600,0.0023887400,0.0031644500,0.0040124200,0.0048349000,0.0062727800,0.0076771900,0.0082249700,0.0085910700,0.0089321700
2018-11-12,0.0014131900,0.0017880800,0.0023752500,0.0031412300,0.0039903600,0.0048290700,0.0061891800,0.0075843100,0.0080804700,0.0083971100,0.0087176800
2018-11-09,0.0013986200,0.0017842600,0.0023657600,0.0031251700,0.0039641400,0.0048011800,0.0061616800,0.0075578800,0.0081291700,0.0085128700,0.0088462600
2018-11-08,0.0013578000,0.0017416400,0.0023219300,0.0030574400,0.0038792300,0.0047215100,0.0060463200,0.0074387000,0.0080030500,0.0083703900,0.0087150900
2018-11-07,0.0012838300,0.0016518600,0.0022151700,0.0029646000,0.0037803500,0.0046017600,0.0059443300,0.0073293800,0.0078923100,0.0082595900,0.0086029700
2018-11-06,0.0014058300,0.0017937500,0.0023642900,0.0030928600,0.0039038900,0.0047187100,0.0060281400,0.0074416700,0.0079921200,0.0083755100,0.0087191400
2018-11-05,0.0013248600,0.0016956500,0.0022712600,0.0030239200,0.0038528000,0.0046847900,0.0060398000,0.0074307400,0.0079838500,0.0083688600,0.0087153900
2018-11-02,0.0013106900,0.0016855700,0.0022635300,0.0030207600,0.0038454800,0.0046864700,0.0060473500,0.0074405200,0.0079947700,0.0083787400,0.0087216600
2018-11-01,0.0014337800,0.0018217500,0.0024086000,0.0031773600,0.0040302100,0.0048848500,0.0062580600,0.0076662200,0.0082352600,0.0086192200,0.0089484400
2018-10-31,0.0015378000,0.0019419400,0.0025381100,0.0033082700,0.0041900400,0.0050644100,0.0064338000,0.0078496700,0.0084232600,0.0088083900,0.0091380600
2018-10-30,0.0016674500,0.0020821200,0.0026846200,0.0034593500,0.0043252000,0.0052055000,0.0065798800,0.0080230800,0.0086003800,0.0089895000,0.0093218200
2018-10-29,0.0016010500,0.0020126200,0.0026121600,0.0033750700,0.0042414700,0.0050977700,0.0064831600,0.0079169000,0.0084880200,0.0088737400,0.0092012900
2018-10-26,0.0015481600,0.0019773000,0.0025671400,0.0033058700,0.0041761300,0.0050360100,0.0063871900,0.0078166600,0.0084040500,0.0087950100,0.0091258400
2018-10-25,0.0014535800,0.0018444900,0.0023721100,0.0031034400,0.0039647600,0.0048233500,0.0061920400,0.0075950100,0.0082277000,0.0085726900,0.0088759300
2018-10-24,0.0013990600,0.0017977400,0.0023627900,0.0031330300,0.0039828900,0.0048296100,0.0062098100,0.0076042500,0.0082730800,0.0086187800,0.0089205800
2018-10-23,0.0014240200,0.0018002600,0.0023518000,0.0030792300,0.0039227500,0.0047717200,0.0061350700,0.0075643000,0.0081816400,0.0085319000,0.0088404700
2018-10-22,0.0012464500,0.0016030500,0.0021553400,0.0028771400,0.0037141500,0.0045475700,0.0059158900,0.0073304400,0.0079446600,0.0083047200,0.0086095900
2018-10-19,0.0014287300,0.0018184600,0.0023784200,0.0031100700,0.0039635600,0.0048014600,0.0061752400,0.0075951200,0.0082112100,0.0085618300,0.0088735700
2018-10-18,0.0013906000,0.0017646500,0.0023182800,0.0030775400,0.0039177300,0.0047622100,0.0061293300,0.0075328100,0.0081403700,0.0084991400,0.0088029100
2018-10-17,0.0012597100,0.0016136600,0.0021757300,0.0029239000,0.0037571300,0.0045937000,0.0059621200,0.0073604400,0.0079679900,0.0083155600,0.0086238700
2018-10-16,0.0012707900,0.0016137600,0.0021466200,0.0028983000,0.0037673500,0.0046301500,0.0060061900,0.0074225900,0.0080396400,0.0083994600,0.0087069600
2018-10-15,0.0011880000,0.0014905500,0.0020629000,0.0029283500,0.0038776900,0.0047935400,0.0062954700,0.0077701500,0.0084146000,0.0087674500,0.0090778800
2018-10-12,0.0014677400,0.0018475400,0.0024066000,0.0031581100,0.0040116300,0.0048714400,0.0062511300,0.0076705000,0.0083252200,0.0086700100,0.0089740600
2018-10-11,0.0014023000,0.0017419200,0.0022682900,0.0030134400,0.0038796100,0.0047414300,0.0060928200,0.0075131100,0.0081209100,0.0084689500,0.0087748700
2018-10-10,0.0011767800,0.0014929100,0.0019871900,0.0027487200,0.0036028400,0.0044553100,0.0058448000,0.0072019700,0.0078302600,0.0081946300,0.0084962300
2018-10-09,0.0012645300,0.0015786500,0.0020650900,0.0027741700,0.0036193000,0.0044804500,0.0058025900,0.0071874700,0.0078557600,0.0082306100,0.0085389400
2018-10-08,0.0013078800,0.0016266700,0.0021123000,0.0028200800,0.0037025200,0.0045639300,0.0059139000,0.0073029600,0.0079776800,0.0083571100,0.0086687900
2018-10-05,0.0013113000,0.0016367400,0.0021014700,0.0027592700,0.0035923800,0.0044152800,0.0057653100,0.0071787000,0.0078430500,0.0082221000,0.0085330900
2018-10-04,0.0012778500,0.0016060600,0.0020681900,0.0026948600,0.0034857700,0.0042740400,0.0056075700,0.0070034600,0.0076660300,0.0080438800,0.0083547100
2018-10-03,0.0011288900,0.0014336400,0.0018751300,0.0024830700,0.0033303200,0.0041376000,0.0054348100,0.0068808900,0.0075737700,0.0079647600,0.0082826000
2018-10-02,0.0011732800,0.0014870700,0.0019443200,0.0026068700,0.0034340400,0.0042353600,0.0055781400,0.0070161800,0.0077200700,0.0081182800,0.0084405900
2018-10-01,0.0009898200,0.0012833400,0.0017302200,0.0023490500,0.0031580800,0.0039772900,0.0052656900,0.0067194000,0.0074093700,0.0078005600,0.0081170900
2018-09-28,0.0010249300,0.0013279400,0.0017718500,0.0024044800,0.0032063800,0.0039735200,0.0053000100,0.0067222300,0.0074158200,0.0078104200,0.0081319400
2018-09-27,0.0010482600,0.0013757000,0.0018048700,0.0023989800,0.0031574800,0.0038678400,0.0051863400,0.0065747400,0.0072578300,0.0076474700,0.0079703000
2018-09-26,0.0009354900,0.0012268200,0.0016423700,0.0022544400,0.0030299200,0.0038156000,0.0050865600,0.0064726300,0.0071277500,0.0075060800,0.0078287000
2018-09-25,0.0010006000,0.0013161100,0.0017795100,0.0023652800,0.0031282500,0.0038745600,0.0052062100,0.0066761000,0.0073668200,0.0077569300,0.0080711400
2018-09-24,0.0009393300,0.0012244500,0.0016567500,0.0022884900,0.0031665400,0.0039899100,0.0052945300,0.0068002600,0.0075001300,0.0078954000,0.0082141200
2018-09-21,0.0008790700,0.0011594900,0.0016314700,0.0022306300,0.0030649700,0.0038434200,0.0051326700,0.0066093100,0.0072908600,0.0076768700,0.0079904400
2018-09-20,0.0010164100,0.0013421200,0.0017642200,0.0023783200,0.0031623400,0.0039254500,0.0052299800,0.0066515200,0.0073133300,0.0076949700,0.0080105100
2018-09-19,0.0008256500,0.0011154300,0.0015307700,0.0020378200,0.0027974700,0.0035974600,0.0048419800,0.0063183200,0.0069882800,0.0073313300,0.0076215700
2018-09-18,0.0007396624,0.0009979482,0.0014273462,0.0019910790,0.0027696264,0.0035841152,0.0048956723,0.0064033824,0.0070771203,0.0074222759,0.0077237945
2018-09-17,0.0006626300,0.0008928400,0.0013309100,0.0019454100,0.0027420600,0.0035708200,0.0049499600,0.0064895900,0.0071670900,0.0075143500,0.0078273900
2018-09-14,0.0007516800,0.0010200100,0.0014840600,0.0021030100,0.0028525400,0.0036363900,0.0049556100,0.0063601000,0.0069584100,0.0072926800,0.0076555700
2018-09-13,0.0008550100,0.0011489000,0.0015933500,0.0021962500,0.0029318600,0.0037045600,0.0050069000,0.0064108400,0.0070005700,0.0073309400,0.0076223400
2018-09-12,0.0009324700,0.0012397500,0.0016519300,0.0022526200,0.0030128200,0.0038068000,0.0050994100,0.0064780500,0.0070664200,0.0073965300,0.0076836200
2018-09-11,0.0008712700,0.0011576500,0.0016365000,0.0022672400,0.0030501800,0.0038566300,0.0052167000,0.0066700900,0.0072751500,0.0076142700,0.0079090200
2018-09-10,0.0008911500,0.0011813200,0.0016561300,0.0022921400,0.0030721400,0.0038726400,0.0052005700,0.0066296500,0.0072243200,0.0075584000,0.0078462600
2018-09-07,0.0008337300,0.0010789100,0.0015975800,0.0023095700,0.0031482400,0.0040284400,0.0054158000,0.0068741500,0.0074639800,0.0078151100,0.0081083600
2018-09-06,0.0011555800,0.0014703600,0.0019202300,0.0025590100,0.0033198900,0.0041010400,0.0054320700,0.0068237700,0.0074138800,0.0077438400,0.0080313300
2018-09-05,0.0011206200,0.0014264900,0.0018993200,0.0025500200,0.0033431500,0.0041799800,0.0055170900,0.0069636900,0.0075622200,0.0078952000,0.0081849900
2018-09-04,0.0011971900,0.0015013000,0.0019914000,0.0026496100,0.0034560600,0.0043012500,0.0056537400,0.0071017100,0.0077036600,0.0080380400,0.0083285200
2018-09-03,0.0013203900,0.0016593300,0.0021262200,0.0027725300,0.0035674200,0.0044013700,0.0057569100,0.0072119300,0.0078188300,0.0081558700,0.0084479200
2018-08-31,0.0013191600,0.0016513800,0.0021314900,0.0027856100,0.0035883800,0.0044296500,0.0058093600,0.0072638000,0.0078752200,0.0082151100,0.0085107100
2018-08-30,0.0012100900,0.0015266900,0.0019964900,0.0026602400,0.0034943900,0.0043765600,0.0057090200,0.0071512300,0.0077558400,0.0080925000,0.0083838900
2018-08-29,0.0012963200,0.0016317400,0.0020734300,0.0026863200,0.0034981500,0.0043451800,0.0056411200,0.0070522000,0.0076507900,0.0079865800,0.0082736800
2018-08-28,0.0012186700,0.0015379100,0.0020291000,0.0026623100,0.0034568100,0.0042928300,0.0057020100,0.0072182600,0.0078324400,0.0081924300,0.0084750300
2018-08-27,0.0012524700,0.0015746500,0.0020254600,0.0026907500,0.0034709100,0.0042926900,0.0056731300,0.0070883400,0.0076918900,0.0080456900,0.0083359200
2018-08-24,0.0012386900,0.0015612800,0.0020523200,0.0026855600,0.0034800400,0.0043160600,0.0057051300,0.0072212600,0.0078365900,0.0081955900,0.0084918500
2018-08-23,0.0012131300,0.0015358600,0.0019825600,0.0026086100,0.0034067000,0.0042527700,0.0055648700,0.0069887600,0.0075834600,0.0079200900,0.0082088700
2018-08-22,0.0012852500,0.0016240500,0.0020822800,0.0026611300,0.0034077500,0.0041703500,0.0054535300,0.0068425700,0.0074316100,0.0077754600,0.0080461000
2018-08-21,0.0011951400,0.0015122000,0.0019857900,0.0026225700,0.0034122100,0.0042294600,0.0055694600,0.0069997100,0.0076025000,0.0079516100,0.0082417600
2018-08-20,0.0011790700,0.0014837900,0.0019874300,0.0026596200,0.0034900200,0.0043590900,0.0057112200,0.0071717500,0.0077788800,0.0081163400,0.0084106200
2018-08-17,0.0011349900,0.0014353800,0.0019514400,0.0026593300,0.0035161000,0.0044341400,0.0058375200,0.0073310900,0.0079484100,0.0082918400,0.0085909000
2018-08-16,0.0013403400,0.0016846100,0.0021672300,0.0028234400,0.0036306300,0.0044828300,0.0058346500,0.0072867900,0.0078909400,0.0082302300,0.0085282300
2018-08-15,0.0013945100,0.0017639100,0.0022429700,0.0029232700,0.0037334800,0.0045955200,0.0059759500,0.0074097900,0.0080219600,0.0083637800,0.0086621900
2018-08-14,0.0012492800,0.0015839300,0.0020882700,0.0027714800,0.0036052700,0.0044757900,0.0058286800,0.0072885400,0.0079027600,0.0082445200,0.0085422300
2018-08-13,0.0013867600,0.0017381600,0.0022354100,0.0029313000,0.0037835400,0.0046854300,0.0060348400,0.0075013800,0.0081154800,0.0084622800,0.0087631800
2018-08-10,0.0012827500,0.0016232400,0.0021277600,0.0028132000,0.0036403900,0.0045121300,0.0058657800,0.0073082100,0.0079175800,0.0082749000,0.0085719300
2018-08-09,0.0011321900,0.0014386200,0.0019098700,0.0026046100,0.0034108500,0.0042535600,0.0055564300,0.0069052400,0.0075029200,0.0078408100,0.0081333300
2018-08-08,0.0010289700,0.0012971400,0.0018384100,0.0025180600,0.0033192200,0.0041602000,0.0055079100,0.0069642300,0.0075686200,0.0079252500,0.0082209400
2018-08-07,0.0010784000,0.0013627100,0.0018523500,0.0025265900,0.0033311500,0.0041751400,0.0055322500,0.0069642500,0.0075669200,0.0079209800,0.0082144500
2018-08-06,0.0011558900,0.0014608300,0.0019249500,0.0025778600,0.0033946800,0.0042535000,0.0055965700,0.0070283500,0.0076254400,0.0079785500,0.0082713400
2018-08-03,0.0012262900,0.0015582500,0.0020394200,0.0026894700,0.0034801200,0.0043084600,0.0056774300,0.0071161400,0.0077197800,0.0080784100,0.0083759900
2018-08-02,0.0011365700,0.0014483200,0.0019493000,0.0026036000,0.0034060600,0.0042532900,0.0055885200,0.0070337100,0.0076305800,0.0079867500,0.0082847400
2018-08-01,0.0009615100,0.0012455500,0.0017557700,0.0023867300,0.0031942100,0.0040612200,0.0054045200,0.0068925800,0.0074973000,0.0078392300,0.0081358300
2018-07-31,0.0009788500,0.0012923500,0.0017960500,0.0024559600,0.0032647300,0.0041158400,0.0054518800,0.0069143600,0.0075553200,0.0078931300,0.0081678000
2018-07-30,0.0011531700,0.0014822800,0.0019957200,0.0026821700,0.0035371200,0.0044418700,0.0057782400,0.0072711700,0.0079077500,0.0082614100,0.0085269700
2018-07-27,0.0011945700,0.0015379300,0.0020391700,0.0027443600,0.0035609200,0.0044056800,0.0057458700,0.0071580400,0.0078070000,0.0081428500,0.0084182300
2018-07-26,0.0011282000,0.0014335400,0.0019550500,0.0026517300,0.0034984200,0.0043817000,0.0057596400,0.0072570900,0.0079168400,0.0082565600,0.0085355100
2018-07-25,0.0013802000,0.0017304100,0.0022377700,0.0029350900,0.0038083500,0.0047284200,0.0061128000,0.0076352800,0.0083010500,0.0086455100,0.0089272300
2018-07-24,0.0014294100,0.0017839000,0.0023199700,0.0030455100,0.0039208400,0.0048482900,0.0062280500,0.0077451100,0.0084206500,0.0087774500,0.0090453100
2018-07-23,0.0015377700,0.0019078100,0.0024574000,0.0032094800,0.0041159200,0.0050701800,0.0064916900,0.0080430700,0.0087268900,0.0090704600,0.0093347200
2018-07-20,0.0016425700,0.0020387300,0.0025847500,0.0033337100,0.0042525600,0.0052199200,0.0066545300,0.0082249400,0.0089590800,0.0092787700,0.0094480400
2018-07-19,0.0016241900,0.0020232600,0.0025479200,0.0032953700,0.0041986400,0.0051498400,0.0065788800,0.0081202500,0.0088621600,0.0091818000,0.0093527600
2018-07-18,0.0014791000,0.0018549300,0.0023676500,0.0031465000,0.0040729100,0.0050530800,0.0064906400,0.0080146000,0.0087396500,0.0090701900,0.0092824000
2018-07-17,0.0015275900,0.0018934900,0.0023720300,0.0030925900,0.0040038700,0.0049586300,0.0063563100,0.0078825700,0.0085955200,0.0089043100,0.0090638700
2018-07-16,0.0015789600,0.0019529700,0.0025080300,0.0032583100,0.0041699100,0.0051346800,0.0065279800,0.0080567100,0.0087936500,0.0091070900,0.0092557900
2018-07-13,0.0016070800,0.0019836300,0.0025601500,0.0033360300,0.0042559400,0.0052252300,0.0066194400,0.0081416700,0.0088788300,0.0091914000,0.0093405700
2018-07-12,0.0016628100,0.0020461000,0.0026384000,0.0034031900,0.0043302500,0.0053157200,0.0067244300,0.0082766100,0.0089965600,0.0093058600,0.0094668800
2018-07-11,0.0017828900,0.0021899000,0.0027800100,0.0035585600,0.0044963200,0.0055164600,0.0069501300,0.0085294600,0.0092693300,0.0095874400,0.0097514600
2018-07-10,0.0017349000,0.0021334100,0.0027343700,0.0035044400,0.0044274200,0.0054112500,0.0068867100,0.0084152300,0.0091585300,0.0094729900,0.0096226300
2018-07-09,0.0017524700,0.0021500800,0.0027337200,0.0035214500,0.0044626900,0.0054487200,0.0068596900,0.0083301400,0.0090434500,0.0093492900,0.0095060500
2018-07-06,0.0017074200,0.0020920200,0.0026954000,0.0035142400,0.0044980300,0.0055448100,0.0069963500,0.0085629300,0.0093103000,0.0096254300,0.0097719100
2018-07-05,0.0017665200,0.0021642900,0.0027711500,0.0035498500,0.0045111100,0.0055148000,0.0069204200,0.0084272100,0.0091602700,0.0094688800,0.0096116300
2018-07-04,0.0018279700,0.0022305200,0.0028273700,0.0036036100,0.0045751700,0.0056184200,0.0070452500,0.0086011700,0.0093398000,0.0096504500,0.0097945500
2018-07-03,0.0018844500,0.0023043600,0.0029288900,0.0037197300,0.0046893500,0.0057245000,0.0071569900,0.0087191400,0.0094626000,0.0097762500,0.0099201100
2018-07-02,0.0019688500,0.0023989900,0.0030242800,0.0038158200,0.0047870900,0.0058239100,0.0072664800,0.0088252200,0.0095800900,0.0099100000,0.0100534200
2018-06-29,0.0018337800,0.0022594800,0.0028746700,0.0036543200,0.0046121100,0.0056361300,0.0070730700,0.0086358800,0.0094258200,0.0097404700,0.0098780000
2018-06-28,0.0019663000,0.0024210600,0.0030370400,0.0038290900,0.0047926400,0.0058409100,0.0072785700,0.0088506700,0.0096467100,0.0099809200,0.0101157300
2018-06-27,0.0018612500,0.0023068000,0.0028863900,0.0036433200,0.0045892200,0.0056363700,0.0070887300,0.0086807500,0.0094775700,0.0097946100,0.0099313500
2018-06-26,0.0018858900,0.0023236200,0.0029312300,0.0037197400,0.0046975500,0.0057361400,0.0071705500,0.0087440200,0.0095387200,0.0098545800,0.0099911000
2018-06-25,0.0018253000,0.0022578800,0.0028701200,0.0035552700,0.0045054700,0.0055361000,0.0070329400,0.0086051400,0.0093961700,0.0097102600,0.0098446300
2018-06-22,0.0016900800,0.0020934500,0.0027194100,0.0034056600,0.0042940400,0.0052770000,0.0066369800,0.0082094400,0.0089716800,0.0092814600,0.0094292600
2018-06-21,0.0017450800,0.0020682200,0.0026597400,0.0033191400,0.0042521800,0.0052623800,0.0067852300,0.0083251100,0.0090697200,0.0093866700,0.0095295600
2018-06-20,0.0015804200,0.0018965800,0.0024726100,0.0031293300,0.0040472900,0.0050403100,0.0065853400,0.0081410900,0.0088698100,0.0091995200,0.0093414300
2018-06-19,0.0016880700,0.0020156700,0.0026029900,0.0032663600,0.0041894900,0.0051814000,0.0066742400,0.0082229300,0.0089838800,0.0093088500,0.0094570600
2018-06-18,0.0016007400,0.0019657900,0.0025541800,0.0032431800,0.0040767200,0.0050240900,0.0063708000,0.0078779600,0.0086437600,0.0089522100,0.0090803600
2018-06-15,0.0014314800,0.0017288500,0.0023688700,0.0030468300,0.0039092400,0.0048501300,0.0062817000,0.0078331300,0.0085609700,0.0088683900,0.0090066500
2018-06-14,0.0015477200,0.0018801600,0.0024852700,0.0031149900,0.0040134000,0.0049773900,0.0064733100,0.0079992300,0.0087339300,0.0090440800,0.0091975100
2018-06-13,0.0016383300,0.0020211300,0.0026399600,0.0032920900,0.0042228700,0.0052212300,0.0067426100,0.0082892500,0.0090589800,0.0093712900,0.0095216000
2018-06-12,0.0018002700,0.0021717800,0.0028204400,0.0034918400,0.0044449100,0.0054750300,0.0070471500,0.0086289300,0.0093873100,0.0097049500,0.0098636900
2018-06-11,0.0018995100,0.0023282600,0.0030051300,0.0037042300,0.0046832400,0.0057364600,0.0072798300,0.0088616200,0.0096487200,0.0099679500,0.0101232000
2018-06-08,0.0021905100,0.0026227300,0.0033397900,0.0041053400,0.0050616200,0.0061002500,0.0074824100,0.0090510000,0.0098037800,0.0101196600,0.0102607200
2018-06-07,0.0018587800,0.0022697900,0.0029586100,0.0036800300,0.0045867000,0.0055710100,0.0069475200,0.0084932600,0.0092742000,0.0095838800,0.0097139200
2018-06-06,0.0017076500,0.0021352400,0.0027736900,0.0034259000,0.0043746900,0.0054101100,0.0069463500,0.0085099600,0.0093082200,0.0096421800,0.0097730100
2018-06-05,0.0016590000,0.0020799200,0.0027144800,0.0033558300,0.0042789600,0.0052807200,0.0067937200,0.0083430800,0.0091352800,0.0094506700,0.0095854700
2018-06-04,0.0015529900,0.0019665600,0.0025582100,0.0031890200,0.0040862500,0.0050676600,0.0065371300,0.0080748000,0.0088234800,0.0091328300,0.0092707400
2018-06-01,0.0017976200,0.0022845900,0.0028448100,0.0034542100,0.0042949300,0.0052518800,0.0066259000,0.0081957500,0.0088323600,0.0090866100,0.0092249600
2018-05-31,0.0017034300,0.0021595900,0.0027782200,0.0034021600,0.0043577200,0.0053989700,0.0070251300,0.0085958700,0.0094370700,0.0097632600,0.0098895500
2018-05-30,0.0017350300,0.0021925500,0.0027799800,0.0033791100,0.0042752000,0.0052405800,0.0067388900,0.0082795700,0.0091058200,0.0094270200,0.0095495700
2018-05-29,0.0017380400,0.0021906600,0.0026618800,0.0031571900,0.0039059700,0.0047416000,0.0061423100,0.0076734900,0.0085320600,0.0088384200,0.0089397800
2018-05-28,0.0012304300,0.0015605100,0.0019947700,0.0024590200,0.0030646300,0.0037404200,0.0049773500,0.0064435600,0.0072873900,0.0075663900,0.0076632400
2018-05-25,0.0012275800,0.0015585500,0.0019701000,0.0024001600,0.0030472100,0.0037609200,0.0050534600,0.0065002400,0.0073510600,0.0076327100,0.0077308200
2018-05-24,0.0010426600,0.0013421200,0.0017578200,0.0021875800,0.0028249900,0.0035188100,0.0047905300,0.0061995000,0.0070218100,0.0073167400,0.0074148400
2018-05-23,0.0010320500,0.0013351800,0.0017247100,0.0021215800,0.0027212000,0.0033930400,0.0046491100,0.0060633500,0.0068804800,0.0071735600,0.0072709700
2018-05-22,0.0009759200,0.0012896500,0.0016321900,0.0019547700,0.0025234100,0.0032084600,0.0044916500,0.0058925000,0.0067070600,0.0069978900,0.0070927700
2018-05-21,0.0009719600,0.0012886100,0.0016397500,0.0020111800,0.0025786600,0.0032454800,0.0044926400,0.0058770500,0.0066887600,0.0069786900,0.0070736000
2018-05-18,0.0008879100,0.0011946800,0.0015658000,0.0019598100,0.0025149300,0.0031743000,0.0044009400,0.0057783100,0.0066166900,0.0068940800,0.0069765600
2018-05-17,0.0008649600,0.0011820500,0.0015274500,0.0019245400,0.0024381400,0.0030601900,0.0041819200,0.0055760400,0.0064009800,0.0066741700,0.0067430700
2018-05-16,0.0008081800,0.0011062300,0.0014629900,0.0018401400,0.0023692600,0.0030012500,0.0042251000,0.0055812900,0.0064129800,0.0066890300,0.0067576100
2018-05-15,0.0007893000,0.0011117500,0.0014493600,0.0018035700,0.0022070400,0.0028584400,0.0039923600,0.0053173500,0.0061269900,0.0063945600,0.0064598000
2018-05-14,0.0007438100,0.0010468900,0.0013831600,0.0017321400,0.0022246900,0.0028514600,0.0040695600,0.0053641900,0.0061826600,0.0064537500,0.0065312600
2018-05-11,0.0007067700,0.0009898000,0.0013848200,0.0017986500,0.0023068900,0.0029193700,0.0041090100,0.0055124300,0.0063489700,0.0066091000,0.0066911100
2018-05-10,0.0007555500,0.0010376700,0.0014296800,0.0018581500,0.0023565700,0.0029718100,0.0041462100,0.0055160600,0.0063396500,0.0066121300,0.0066915700
2018-05-09,0.0008248700,0.0011251200,0.0015112600,0.0019192600,0.0024101600,0.0030305400,0.0042030900,0.0055575600,0.0063793000,0.0066515100,0.0067320200
2018-05-08,0.0008611900,0.0011711400,0.0015274200,0.0019034700,0.0024210700,0.0030721800,0.0043187100,0.0056394600,0.0064687500,0.0067430200,0.0068245400
2018-05-07,0.0007860200,0.0010708200,0.0014718600,0.0019054800,0.0024063400,0.0030262500,0.0042223900,0.0055806100,0.0064226800,0.0066958900,0.0067735800
2018-05-04,0.0008333800,0.0011345200,0.0015069100,0.0018856700,0.0024034000,0.0030419100,0.0042870900,0.0055991200,0.0064443400,0.0067186600,0.0067967700
2018-05-03,0.0008145600,0.0011209500,0.0014953400,0.0018794600,0.0024141900,0.0030465400,0.0042780300,0.0056280000,0.0065139500,0.0067924700,0.0068680500
2018-05-02,0.0006144300,0.0009647800,0.0013520000,0.0017656300,0.0022628500,0.0028679200,0.0040441800,0.0054268000,0.0064674500,0.0068169500,0.0068416700
2018-05-01,0.0006607500,0.0010223000,0.0013887100,0.0017663800,0.0023172300,0.0029229100,0.0041355900,0.0054662300,0.0065012200,0.0068515000,0.0068804900
2018-04-30,0.0006509100,0.0010239300,0.0013839400,0.0017799300,0.0022349800,0.0028323300,0.0039750300,0.0053094600,0.0063606600,0.0066876100,0.0067184600
2018-04-27,0.0005776500,0.0009326900,0.0012756200,0.0016421200,0.0021581300,0.0027703400,0.0039744800,0.0053163700,0.0063562500,0.0066868200,0.0067379800
2018-04-26,0.0005162700,0.0008750000,0.0012099800,0.0015970900,0.0020549200,0.0026549900,0.0038054600,0.0051445600,0.0061650700,0.0065087900,0.0065369900
2018-04-25,0.0005189500,0.0008452600,0.0012128300,0.0015840500,0.0020965400,0.0027152100,0.0039312300,0.0052562700,0.0062938300,0.0066446700,0.0066761000
2018-04-24,0.0004544600,0.0007394300,0.0011370000,0.0015506300,0.0019969800,0.0025802500,0.0037634000,0.0051208700,0.0061465100,0.0065249500,0.0065477300
2018-04-23,0.0005228500,0.0008344500,0.0011930100,0.0016005200,0.0020668200,0.0026493500,0.0038176600,0.0051724000,0.0061998500,0.0065796400,0.0066021800
2018-04-20,0.0005734000,0.0008974400,0.0012353200,0.0015854400,0.0020899200,0.0026398500,0.0037892200,0.0050565900,0.0060755000,0.0064534300,0.0064757300
2018-04-19,0.0005762700,0.0009067500,0.0012473000,0.0015973700,0.0021020100,0.0026541700,0.0038032000,0.0050694100,0.0061038500,0.0064793400,0.0064987200
2018-04-18,0.0005230900,0.0008250300,0.0012012000,0.0015879100,0.0020821100,0.0026777200,0.0038718700,0.0052389800,0.0062809300,0.0066669900,0.0066923500
2018-04-17,0.0005329700,0.0008913500,0.0012439200,0.0016033200,0.0021240100,0.0027219400,0.0039270300,0.0052486200,0.0062813300,0.0066319000,0.0066632500
2018-04-16,0.0005761800,0.0009334800,0.0012989100,0.0016764800,0.0022003600,0.0028299000,0.0040698900,0.0054083500,0.0064598500,0.0067995200,0.0068540700
2018-04-13,0.0006763200,0.0010517100,0.0014172500,0.0018009700,0.0023474600,0.0029808000,0.0042171000,0.0055614400,0.0066047600,0.0069419100,0.0070324200
2018-04-12,0.0007786100,0.0011523300,0.0015407900,0.0019566500,0.0025273100,0.0032030200,0.0044500000,0.0058186200,0.0068442300,0.0071874200,0.0074597700
2018-04-11,0.0009316900,0.0012541900,0.0016655600,0.0021229500,0.0026827800,0.0033642700,0.0045460300,0.0059451700,0.0067684800,0.0070491400,0.0072710200
2018-04-10,0.0009831300,0.0012840000,0.0016966100,0.0021498500,0.0027096200,0.0033737500,0.0045548500,0.0059486800,0.0067155100,0.0069907500,0.0071839500
2018-04-09,0.0010023200,0.0013569100,0.0017316700,0.0021627600,0.0027222700,0.0033669400,0.0045445900,0.0059629700,0.0066782900,0.0069029000,0.0070008400
2018-04-06,0.0009729500,0.0013232300,0.0017633700,0.0022186400,0.0028278500,0.0034918400,0.0047165500,0.0061307400,0.0069058700,0.0071353400,0.0072310400
2018-04-05,0.0009333400,0.0013153900,0.0017070000,0.0021334800,0.0027231900,0.0033972000,0.0046433400,0.0060221800,0.0071096800,0.0073333100,0.0073739800
2018-04-04,0.0010036800,0.0013989700,0.0018185800,0.0022770300,0.0028647900,0.0035281300,0.0047026000,0.0061052500,0.0071907900,0.0074298700,0.0074681400
2018-04-03,0.0010041100,0.0013936000,0.0017942500,0.0022085600,0.0028223600,0.0035028500,0.0047801700,0.0061692500,0.0072712800,0.0074999400,0.0075568400
2018-04-02,0.0009231900,0.0012903300,0.0017054100,0.0021543500,0.0027892800,0.0034618200,0.0047691000,0.0061514000,0.0072457100,0.0074744900,0.0075320600
2018-03-30,0.0008925300,0.0012469900,0.0016851500,0.0021237000,0.0027654100,0.0034523400,0.0047609200,0.0061396600,0.0072322200,0.0074607800,0.0075183000
2018-03-29,0.0009378700,0.0013099900,0.0017153300,0.0021348800,0.0027631500,0.0034398000,0.0047111200,0.0060791700,0.0071614900,0.0073878300,0.0074445900
2018-03-28,0.0010211200,0.0014015700,0.0017946400,0.0022057000,0.0028085100,0.0034708900,0.0047337100,0.0060979800,0.0071699500,0.0073950800,0.0074405000
2018-03-27,0.0010158300,0.0013712900,0.0017389700,0.0021240300,0.0027199700,0.0033803700,0.0046776800,0.0060364700,0.0069441800,0.0071113400,0.0071779500
2018-03-26,0.0010930000,0.0014489300,0.0018410700,0.0022784000,0.0028557000,0.0035091700,0.0048041500,0.0062613500,0.0072324300,0.0074026800,0.0074651700
2018-03-23,0.0010505000,0.0013908800,0.0017930200,0.0022374200,0.0028508900,0.0035339700,0.0048211400,0.0062704100,0.0072382600,0.0074249400,0.0074890300
2018-03-22,0.0010023600,0.0013608700,0.0017310600,0.0021439900,0.0027138400,0.0033533900,0.0045641600,0.0059533200,0.0069392700,0.0071207700,0.0071757100
2018-03-21,0.0008741400,0.0011840800,0.0015478100,0.0019520700,0.0024567900,0.0030408400,0.0041948600,0.0055524700,0.0065191500,0.0066836200,0.0067700600
2018-03-20,0.0009021900,0.0011967200,0.0015410400,0.0019378500,0.0024501800,0.0030388400,0.0042118800,0.0055603400,0.0065307200,0.0066956700,0.0068535300
2018-03-19,0.0007860900,0.0010203800,0.0013477000,0.0017190100,0.0022105600,0.0027552200,0.0038925300,0.0052188600,0.0061481100,0.0062591300,0.0063442700
2018-03-16,0.0007690700,0.0010019300,0.0013071100,0.0016659300,0.0021305700,0.0026710300,0.0037568200,0.0050635900,0.0059674100,0.0060753900,0.0061604600
2018-03-15,0.0007449300,0.0009791100,0.0013027700,0.0016640600,0.0021447600,0.0026823300,0.0038100800,0.0051227900,0.0060377800,0.0061466600,0.0062294800
2018-03-14,0.0007639300,0.0009986300,0.0012975300,0.0016441500,0.0021059700,0.0026306600,0.0037098700,0.0049953100,0.0058957600,0.0060024900,0.0060851800
2018-03-13,0.0006763800,0.0008941800,0.0011998900,0.0015351900,0.0019538000,0.0024533300,0.0035565000,0.0048097200,0.0057032800,0.0058114800,0.0058993000
2018-03-12,0.0006214200,0.0008275600,0.0011362200,0.0014864400,0.0019135100,0.0023912800,0.0034835700,0.0047479200,0.0056300600,0.0057512100,0.0058225200
2018-03-09,0.0006063100,0.0008288100,0.0011339800,0.0014752700,0.0019249200,0.0024318400,0.0035345400,0.0048220400,0.0057202600,0.0058292000,0.0059172000
2018-03-08,0.0006283200,0.0008471600,0.0011698300,0.0015201300,0.0019652700,0.0024582900,0.0035390700,0.0047945600,0.0056717600,0.0057769500,0.0058617100
2018-03-07,0.0006660200,0.0008890500,0.0012116000,0.0015525100,0.0020232100,0.0025466700,0.0036697000,0.0049795500,0.0058754900,0.0059822800,0.0060742500
2018-03-06,0.0006329100,0.0008620900,0.0011740600,0.0015332300,0.0020239100,0.0025571800,0.0037076400,0.0050467700,0.0059553700,0.0060635300,0.0061567000
2018-03-05,0.0007139300,0.0009582600,0.0012636000,0.0016013100,0.0020834700,0.0026389300,0.0037962200,0.0051498900,0.0060713000,0.0061801600,0.0062688200
2018-03-02,0.0007557800,0.0010034400,0.0013425400,0.0016860500,0.0021477000,0.0026666600,0.0037582300,0.0050614200,0.0059682800,0.0060752400,0.0061622100
2018-03-01,0.0007037700,0.0009331600,0.0012799700,0.0016575800,0.0021089100,0.0026224700,0.0037066000,0.0049834500,0.0058751600,0.0059805700,0.0060693600
2018-02-28,0.0006771400,0.0009032800,0.0012394700,0.0016139000,0.0020755700,0.0026006300,0.0037031400,0.0049843800,0.0058967900,0.0060034200,0.0060900400
2018-02-27,0.0006722300,0.0008960600,0.0012154200,0.0016065300,0.0020911300,0.0026244000,0.0037642800,0.0051023200,0.0060308000,0.0061391600,0.0062250300
2018-02-26,0.0007568400,0.0010068200,0.0013429400,0.0017363300,0.0022047000,0.0027445100,0.0038825800,0.0052317000,0.0061453300,0.0063142000,0.0064370800
2018-02-23,0.0008709800,0.0011420900,0.0014732700,0.0018794300,0.0023562300,0.0029153300,0.0040381100,0.0054100600,0.0063466100,0.0065056500,0.0066312700
2018-02-22,0.0008737500,0.0011033000,0.0014402000,0.0018090600,0.0022703600,0.0027973200,0.0039094300,0.0052030500,0.0061302600,0.0062441900,0.0063317600
2018-02-21,0.0007996800,0.0010079800,0.0013400700,0.0017047700,0.0021398900,0.0026848200,0.0038101900,0.0051075200,0.0060427600,0.0061555800,0.0062438200
2018-02-20,0.0008072100,0.0010184300,0.0013279800,0.0016939700,0.0021691400,0.0027033800,0.0038133900,0.0051450500,0.0061092500,0.0062230700,0.0063059600
2018-02-19,0.0006873000,0.0008602500,0.0011251000,0.0015101400,0.0019893700,0.0025420900,0.0037244900,0.0050848900,0.0060549200,0.0061697300,0.0062533100
2018-02-16,0.0007338300,0.0009240700,0.0011819300,0.0015333200,0.0019981800,0.0025252400,0.0036712900,0.0049945700,0.0059322500,0.0060624000,0.0061478600
2018-02-15,0.0007417900,0.0009312100,0.0011760200,0.0015481900,0.0020340300,0.0025784200,0.0037391300,0.0050923800,0.0060608000,0.0061947000,0.0062672400
2018-02-14,0.0007897300,0.0009848000,0.0012052600,0.0015781200,0.0020922300,0.0026477300,0.0038337000,0.0051782100,0.0062034900,0.0063232100,0.0064023400
2018-02-13,0.0007930000,0.0009785200,0.0012789600,0.0016429200,0.0021318200,0.0026412900,0.0037293000,0.0049929700,0.0059838900,0.0060991600,0.0061808400
2018-02-12,0.0006944700,0.0008669700,0.0011821000,0.0015335900,0.0020171400,0.0025260700,0.0036241700,0.0049080700,0.0058952000,0.0060125800,0.0060966400
2018-02-09,0.0008113600,0.0010088900,0.0012699200,0.0016400600,0.0021176600,0.0026433200,0.0037741200,0.0050970600,0.0061170600,0.0062363100,0.0063165100
2018-02-08,0.0006617000,0.0008402900,0.0010734200,0.0014181400,0.0018591700,0.0023443700,0.0034171600,0.0046901300,0.0056505600,0.0057661300,0.0058485500
2018-02-07,0.0005978200,0.0007713200,0.0009510100,0.0012767900,0.0016956800,0.0021747200,0.0032512600,0.0044844100,0.0054387600,0.0055545400,0.0056375500
2018-02-06,0.0007123900,0.0008876900,0.0011172400,0.0014483800,0.0019044800,0.0023872800,0.0034606100,0.0047354800,0.0057251600,0.0058432600,0.0059210900
2018-02-05,0.0006309200,0.0007989400,0.0010219300,0.0013415600,0.0017712900,0.0022445900,0.0032907800,0.0045358000,0.0054966000,0.0056117600,0.0056887700
2018-02-02,0.0006286400,0.0007885400,0.0009870600,0.0012886600,0.0017227500,0.0021965600,0.0032616700,0.0044942200,0.0054543000,0.0055729400,0.0056526900
2018-02-01,0.0005080000,0.0006626400,0.0009095400,0.0012179500,0.0015943500,0.0020357800,0.0029694000,0.0042357700,0.0051498400,0.0052624800,0.0053389700
2018-01-31,0.0005376300,0.0007017000,0.0009231600,0.0012278800,0.0016473200,0.0021044300,0.0031443500,0.0043622400,0.0053160600,0.0054470100,0.0055205100
2018-01-30,0.0006148800,0.0007773400,0.0009995000,0.0013048400,0.0017355200,0.0022016200,0.0032712800,0.0045292900,0.0055171000,0.0056357500,0.0057155600
2018-01-29,0.0005781800,0.0007351000,0.0009550300,0.0012570700,0.0016666300,0.0021086700,0.0031287600,0.0043641700,0.0053226800,0.0054414800,0.0055248300
2018-01-26,0.0004613900,0.0006089600,0.0008201200,0.0011552200,0.0015602600,0.0019775000,0.0029794300,0.0042170600,0.0051428400,0.0052731900,0.0053504300
2018-01-25,0.0005250000,0.0006802400,0.0008931800,0.0011965000,0.0015992000,0.0020313100,0.0031368900,0.0043705600,0.0053347400,0.0054512600,0.0055315900
2018-01-24,0.0004933800,0.0006423200,0.0008660500,0.0011756600,0.0015656900,0.0019904000,0.0030277500,0.0042736700,0.0052403200,0.0053553000,0.0054315200
2018-01-23,0.0004885100,0.0006570500,0.0008520200,0.0011496800,0.0015446100,0.0019797900,0.0030827700,0.0043149900,0.0053300200,0.0054473200,0.0055189400
2018-01-22,0.0004538000,0.0006292100,0.0008586200,0.0011603100,0.0015390000,0.0019568000,0.0029923400,0.0042694200,0.0054470400,0.0055892700,0.0056420100
2018-01-19,0.0005424700,0.0007251600,0.0009346000,0.0012101700,0.0015898100,0.0020237100,0.0030324700,0.0042110600,0.0051685300,0.0052823300,0.0053570400
2018-01-18,0.0005498100,0.0007358800,0.0009172600,0.0011944300,0.0015715900,0.0020160700,0.0030461700,0.0042855400,0.0052425600,0.0053752800,0.0054375500
2018-01-17,0.0005214800,0.0006915200,0.0009046700,0.0012077200,0.0015956000,0.0020290300,0.0030332400,0.0042758500,0.0052447800,0.0053619600,0.0054392900
2018-01-16,0.0004891600,0.0006532900,0.0008748600,0.0011360000,0.0015111300,0.0019017600,0.0027931300,0.0038155300,0.0046810400,0.0047857600,0.0048590700
2018-01-15,0.0005260000,0.0006872900,0.0008365500,0.0011400500,0.0015303300,0.0019870800,0.0029087300,0.0041179500,0.0050581400,0.0051706900,0.0052331100
2018-01-12,0.0004764100,0.0006407500,0.0008446700,0.0011199300,0.0014961900,0.0019193900,0.0029815300,0.0042044900,0.0051707600,0.0052865200,0.0053639600
2018-01-11,0.0004894200,0.0006556700,0.0008492000,0.0011311400,0.0015230200,0.0019483000,0.0029311600,0.0040899500,0.0050315100,0.0051444100,0.0052199200
2018-01-10,0.0005254500,0.0006958100,0.0008975000,0.0011678700,0.0015365500,0.0019484500,0.0029490200,0.0041266400,0.0050464200,0.0051574000,0.0052355800
2018-01-09,0.0005341800,0.0007034600,0.0009285400,0.0012140200,0.0015869900,0.0019920400,0.0029878800,0.0041753400,0.0051236100,0.0052372700,0.0053156100
2018-01-08,0.0004943400,0.0006593800,0.0008745800,0.0011629200,0.0015100600,0.0019118800,0.0028876100,0.0040842700,0.0050472900,0.0051784900,0.0052375300
2018-01-05,0.0004523200,0.0006256600,0.0008490500,0.0011237900,0.0014369800,0.0018149300,0.0027065800,0.0038653500,0.0049666900,0.0050995400,0.0051526600
2018-01-04,0.0004183900,0.0005965000,0.0007880800,0.0010620500,0.0014072600,0.0017994500,0.0027347100,0.0039249400,0.0050553200,0.0052077800,0.0052385300
2018-01-03,0.0004531000,0.0006385500,0.0008439600,0.0011295100,0.0014947900,0.0019043200,0.0029310200,0.0041549900,0.0053393600,0.0054976100,0.0055286800
2018-01-02,0.0005079600,0.0007005100,0.0009350000,0.0012155700,0.0015604500,0.0019993200,0.0030386400,0.0043280400,0.0055285900,0.0056721100,0.0057107000
2018-01-01,0.0004515200,0.0006296700,0.0008586400,0.0011544400,0.0015292400,0.0019471300,0.0030528300,0.0043557600,0.0055582700,0.0057244800,0.0057600800
2017-12-29,0.0004096800,0.0005709800,0.0008312600,0.0011418400,0.0015478700,0.0019785700,0.0030641900,0.0042834300,0.0054677800,0.0056313100,0.0056660300
2017-12-28,0.0004396600,0.0006290200,0.0008608000,0.0011661800,0.0015513400,0.0019852600,0.0030138500,0.0042419300,0.0053950300,0.0055570500,0.0055952500
2017-12-27,0.0004365500,0.0006239000,0.0008556700,0.0011611300,0.0015463400,0.0019801800,0.0030079200,0.0042345400,0.0052767100,0.0054170800,0.0054868100
2017-12-26,0.0004672300,0.0006682500,0.0008787500,0.0011734700,0.0015307300,0.0019815600,0.0030716600,0.0043510300,0.0054326100,0.0056040800,0.0056691100
2017-12-25,0.0004559100,0.0006522100,0.0008810300,0.0011824900,0.0015376600,0.0019731400,0.0030096400,0.0042889300,0.0053554300,0.0055243200,0.0055880200
2017-12-22,0.0004723400,0.0006749600,0.0009384300,0.0011999600,0.0015598200,0.0019514400,0.0029121100,0.0040785100,0.0050958600,0.0052568400,0.0053171300
2017-12-21,0.0004929400,0.0006990300,0.0009287100,0.0011971700,0.0015548900,0.0019753600,0.0030225800,0.0042435700,0.0053649600,0.0055236700,0.0055823700
2017-12-20,0.0005056000,0.0006807800,0.0008412700,0.0011508000,0.0015423000,0.0020008300,0.0031467500,0.0044519900,0.0054280700,0.0055657700,0.0056364300
2017-12-19,0.0005092900,0.0006853300,0.0008469600,0.0011583100,0.0015523300,0.0020138100,0.0031348400,0.0044402400,0.0054046100,0.0055267200,0.0056145000
2017-12-18,0.0005243900,0.0007016100,0.0009096200,0.0012049000,0.0015907000,0.0020503700,0.0031541000,0.0044540200,0.0054035100,0.0055429100,0.0056311900
2017-12-15,0.0005655400,0.0007456600,0.0009843200,0.0012593500,0.0016306800,0.0020830100,0.0031918400,0.0044774100,0.0054364500,0.0055769400,0.0056609700
2017-12-14,0.0005294300,0.0007045700,0.0009057500,0.0012086300,0.0015967800,0.0020566000,0.0030372300,0.0042858800,0.0052022500,0.0053349900,0.0054175400
2017-12-13,0.0005289900,0.0007040600,0.0009151800,0.0012228500,0.0016086600,0.0020625400,0.0030501900,0.0042863600,0.0052185400,0.0053355700,0.0054190100
2017-12-12,0.0004775200,0.0006558300,0.0008666500,0.0011630200,0.0015581800,0.0020130700,0.0030659300,0.0043337100,0.0052827400,0.0054022000,0.0054865000
2017-12-11,0.0005595800,0.0007607500,0.0010187600,0.0013065400,0.0016672000,0.0021179000,0.0030463800,0.0042947300,0.0052251500,0.0053416400,0.0054217400
2017-12-08,0.0004955700,0.0006763800,0.0009222900,0.0012696900,0.0016559900,0.0020867000,0.0031533500,0.0044484700,0.0054083300,0.0055285500,0.0056121000
2017-12-07,0.0005618700,0.0007644300,0.0009870300,0.0013099800,0.0017040300,0.0021882000,0.0033005600,0.0045770400,0.0055467700,0.0056634000,0.0057455200
2017-12-06,0.0005508200,0.0007460700,0.0009780300,0.0012824200,0.0017048000,0.0022106700,0.0033489600,0.0046540700,0.0056240200,0.0057425400,0.0058269700
2017-12-05,0.0005026100,0.0006892300,0.0009099600,0.0012154800,0.0016380600,0.0021076800,0.0031561900,0.0044172500,0.0053454700,0.0054591100,0.0055415200
2017-12-04,0.0004982100,0.0006767000,0.0009235400,0.0012400600,0.0016572900,0.0021275400,0.0031797000,0.0043993000,0.0053411000,0.0054543600,0.0055341000
2017-12-01,0.0005669100,0.0007642200,0.0009899000,0.0013128800,0.0017326700,0.0022013000,0.0032050000,0.0044694700,0.0054098100,0.0055211400,0.0055988300
2017-11-30,0.0005592700,0.0007571400,0.0010025800,0.0013346400,0.0017445600,0.0022162600,0.0032755200,0.0045203700,0.0054538700,0.0055675500,0.0056498100
2017-11-29,0.0004822100,0.0006482700,0.0009129800,0.0012438100,0.0016691300,0.0021365300,0.0032551000,0.0045186200,0.0054552700,0.0055697300,0.0056550500
2017-11-28,0.0005782400,0.0007714300,0.0009835200,0.0013072300,0.0017447600,0.0022223700,0.0032910400,0.0045094100,0.0054159400,0.0055276400,0.0056156900
2017-11-27,0.0005480300,0.0007423300,0.0009905700,0.0013229600,0.0017576100,0.0022283500,0.0033453900,0.0046190700,0.0055528300,0.0056681900,0.0057581500
2017-11-24,0.0005414000,0.0007297400,0.0010145900,0.0013586100,0.0017919400,0.0022703800,0.0032959900,0.0044694100,0.0053722300,0.0054837800,0.0055680700
2017-11-23,0.0005625300,0.0007548900,0.0010206400,0.0013650900,0.0018297700,0.0023052700,0.0033267400,0.0045918800,0.0055045700,0.0056326700,0.0057155600
2017-11-22,0.0005249400,0.0007550300,0.0010471500,0.0013923800,0.0018518000,0.0023449200,0.0034228600,0.0046214200,0.0055387800,0.0057033500,0.0058182300
2017-11-21,0.0004872900,0.0007446600,0.0010418200,0.0013860700,0.0018673100,0.0023739800,0.0035013400,0.0047724000,0.0058611200,0.0060592600,0.0061688800
2017-11-20,0.0004923100,0.0007536900,0.0010971800,0.0014682000,0.0019723000,0.0024763900,0.0036165400,0.0048864500,0.0059793000,0.0061804500,0.0063055500
2017-11-17,0.0004827200,0.0007577300,0.0011188900,0.0015088100,0.0020279800,0.0025779900,0.0037258800,0.0050021600,0.0060916900,0.0062931900,0.0064029100
2017-11-16,0.0005509200,0.0008687800,0.0012294000,0.0016301900,0.0021876300,0.0027561400,0.0039421200,0.0052371800,0.0063588100,0.0065673500,0.0066952800
2017-11-15,0.0006296000,0.0009653800,0.0013282900,0.0017306500,0.0023068000,0.0028995800,0.0041032600,0.0054309500,0.0065915600,0.0068055600,0.0069345900
2017-11-14,0.0005845700,0.0009247400,0.0012860100,0.0016976000,0.0022670800,0.0028595400,0.0040149700,0.0053642400,0.0065339900,0.0067464100,0.0068567100
2017-11-13,0.0005455800,0.0008820200,0.0012290800,0.0016385200,0.0021941100,0.0027753700,0.0039707500,0.0053244600,0.0064920300,0.0067036400,0.0068153000
2017-11-10,0.0006172400,0.0009678900,0.0013340100,0.0017431000,0.0023277900,0.0029135100,0.0041190300,0.0055303400,0.0066955500,0.0069268300,0.0070422700
2017-11-09,0.0006134500,0.0009777000,0.0013255900,0.0017317500,0.0023285200,0.0029295800,0.0041970600,0.0056091800,0.0067999800,0.0070150800,0.0071283600
2017-11-08,0.0006654900,0.0010388600,0.0014102500,0.0018419600,0.0024430500,0.0030488600,0.0042774500,0.0057046100,0.0069008900,0.0071190200,0.0072153900
2017-11-07,0.0007232200,0.0010848900,0.0014021700,0.0018052000,0.0024097000,0.0030333500,0.0042746300,0.0056083700,0.0068557200,0.0070307000,0.0070691900
2017-11-06,0.0007162100,0.0010593500,0.0013998500,0.0018142800,0.0024053800,0.0030387400,0.0042694700,0.0055789500,0.0068163400,0.0069897800,0.0070322500
2017-11-03,0.0006467000,0.0009786300,0.0013366100,0.0017501700,0.0023269500,0.0029134000,0.0041225400,0.0055255700,0.0067604600,0.0069335500,0.0069772800
2017-11-02,0.0006896800,0.0010322500,0.0013660000,0.0017588200,0.0023489500,0.0029549500,0.0041866100,0.0055376900,0.0067780700,0.0069525500,0.0069966600
2017-11-01,0.0006012100,0.0009309900,0.0012920600,0.0017136000,0.0022861400,0.0028793300,0.0040743700,0.0054535800,0.0066792700,0.0068517000,0.0068974900
2017-10-31,0.0006806300,0.0010076100,0.0013827400,0.0018030300,0.0023899400,0.0030021800,0.0042160900,0.0056258400,0.0068268700,0.0070015500,0.0070723500
2017-10-30,0.0008291100,0.0011337900,0.0015014000,0.0019270400,0.0025288100,0.0031533000,0.0044215900,0.0058468200,0.0068567100,0.0069867400,0.0070857900
2017-10-27,0.0008233800,0.0011178300,0.0014977800,0.0019359300,0.0025462000,0.0031691700,0.0044397900,0.0058585600,0.0068657200,0.0069947700,0.0070938800
2017-10-26,0.0008823000,0.0011929700,0.0015278900,0.0019866900,0.0026119800,0.0032413000,0.0046026100,0.0060186700,0.0070136700,0.0071610600,0.0072768600
2017-10-25,0.0008914500,0.0012649700,0.0015696800,0.0020535600,0.0027073100,0.0033936100,0.0048006700,0.0061671300,0.0072364200,0.0074478200,0.0075770900
2017-10-24,0.0008014300,0.0011896900,0.0015678800,0.0020295100,0.0026646300,0.0033199600,0.0045453800,0.0060106100,0.0072507500,0.0074764900,0.0075929600
2017-10-23,0.0007636700,0.0011297600,0.0014806500,0.0019645900,0.0025961600,0.0032436400,0.0045450700,0.0059794400,0.0072001300,0.0074427500,0.0075592700
2017-10-20,0.0007591900,0.0011084800,0.0014859900,0.0019934500,0.0026424100,0.0032804500,0.0046263300,0.0060477600,0.0072625500,0.0074900300,0.0076124000
2017-10-19,0.0008595200,0.0011893500,0.0015627900,0.0020766900,0.0027412500,0.0033980100,0.0047629100,0.0061978900,0.0072696200,0.0074663900,0.0076104400
2017-10-18,0.0007668700,0.0011231000,0.0014134500,0.0019480500,0.0025975700,0.0032473500,0.0047373600,0.0060730700,0.0072927700,0.0075385700,0.0076596600
2017-10-17,0.0007643800,0.0011048000,0.0014775500,0.0019670600,0.0025996100,0.0032454100,0.0045312900,0.0059593800,0.0071561300,0.0073968100,0.0075148100
2017-10-16,0.0008439600,0.0012157400,0.0016239400,0.0020799600,0.0026984900,0.0033417000,0.0046533400,0.0060016100,0.0072006600,0.0074250900,0.0075457400
2017-10-13,0.0007548900,0.0010993800,0.0015304700,0.0020063000,0.0026369300,0.0032833600,0.0046345500,0.0060748800,0.0072590700,0.0074870600,0.0076291700
2017-10-12,0.0007875000,0.0011123400,0.0015211800,0.0020078600,0.0026382500,0.0033084000,0.0046098200,0.0059721000,0.0069979200,0.0072029000,0.0073310900
2017-10-11,0.0007872400,0.0011544600,0.0015797900,0.0020755300,0.0027114100,0.0033848300,0.0046837700,0.0060686400,0.0072752600,0.0075181300,0.0076341800
2017-10-10,0.0007964500,0.0011585500,0.0015757200,0.0020977100,0.0027568700,0.0034696700,0.0048438500,0.0062545200,0.0075014400,0.0077516600,0.0078679300
2017-10-09,0.0007920600,0.0011506300,0.0015948800,0.0020903100,0.0027040800,0.0033894100,0.0046488300,0.0060235700,0.0072104500,0.0074517500,0.0075685500
2017-10-06,0.0007966000,0.0011565900,0.0015545200,0.0020156100,0.0026119000,0.0032740000,0.0045937200,0.0059304500,0.0070952300,0.0073191000,0.0074545300
2017-10-05,0.0007964900,0.0011093400,0.0014753800,0.0019629800,0.0025936800,0.0032466400,0.0046291000,0.0060429700,0.0070242500,0.0072329000,0.0073840400
2017-10-04,0.0008072700,0.0011161500,0.0014989100,0.0020145000,0.0026550300,0.0033097300,0.0046535400,0.0060734900,0.0069560400,0.0071868600,0.0073665700
2017-10-03,0.0007284500,0.0010523000,0.0014527600,0.0019559400,0.0025810300,0.0032157900,0.0045375500,0.0059556900,0.0071221700,0.0073478300,0.0074875600
2017-10-02,0.0008267800,0.0011382700,0.0015538900,0.0020245900,0.0026330400,0.0033179800,0.0046833000,0.0060945200,0.0070856900,0.0072761400,0.0074263300
2017-09-29,0.0008013300,0.0011066100,0.0015393400,0.0020258500,0.0026193000,0.0032930600,0.0046243700,0.0059924800,0.0069572700,0.0071442100,0.0072927000
2017-09-28,0.0008174200,0.0011210800,0.0015304000,0.0019986400,0.0026136300,0.0033100700,0.0046736900,0.0060719100,0.0070546100,0.0072281300,0.0073757400
2017-09-27,0.0008508800,0.0011681400,0.0015542900,0.0020493300,0.0026681400,0.0033566700,0.0047615500,0.0061217000,0.0071132700,0.0073030800,0.0074386400
2017-09-26,0.0008933300,0.0012158900,0.0016395400,0.0021367100,0.0027608800,0.0034720900,0.0048556200,0.0062312600,0.0072401600,0.0074315400,0.0075785900
2017-09-25,0.0008699600,0.0012039000,0.0015999300,0.0021099100,0.0027450500,0.0034466500,0.0048764800,0.0062565600,0.0073304200,0.0075251900,0.0076519000
2017-09-22,0.0007499200,0.0011102600,0.0015298100,0.0020449700,0.0026605300,0.0033408400,0.0047286500,0.0061194400,0.0073799100,0.0076040300,0.0077141200
2017-09-21,0.0006601500,0.0010140800,0.0014614500,0.0019569700,0.0025484500,0.0032198900,0.0045703300,0.0060040300,0.0072350700,0.0074782000,0.0075877600
2017-09-20,0.0005768000,0.0009200500,0.0013105900,0.0018010700,0.0023770600,0.0030086600,0.0043950500,0.0057194500,0.0068791100,0.0071000900,0.0072371500
2017-09-19,0.0004595400,0.0007911100,0.0012047700,0.0016742100,0.0021783200,0.0027509400,0.0040844100,0.0053885300,0.0064941400,0.0066982800,0.0068185000
2017-09-18,0.0004100300,0.0007351400,0.0011002800,0.0015765500,0.0021215400,0.0027270000,0.0041715400,0.0054297800,0.0065475800,0.0067393400,0.0068503100
2017-09-15,0.0004509900,0.0007509600,0.0012005000,0.0016679200,0.0021943900,0.0027586600,0.0041963400,0.0053931300,0.0067177000,0.0069452100,0.0070268500
2017-09-14,0.0004955500,0.0008530100,0.0013007800,0.0017360700,0.0022887700,0.0028583400,0.0042651200,0.0055740800,0.0068227100,0.0070741400,0.0071711400
2017-09-13,0.0004808200,0.0008233200,0.0012097400,0.0016726800,0.0022138800,0.0028247600,0.0043137700,0.0055366600,0.0067090700,0.0069494400,0.0070588900
2017-09-12,0.0004110300,0.0007739700,0.0011549200,0.0016258200,0.0021970500,0.0028346100,0.0044256700,0.0056696100,0.0066263700,0.0068034900,0.0069631100
2017-09-11,0.0003849900,0.0007242000,0.0011368700,0.0016367500,0.0022308600,0.0028686000,0.0044495700,0.0057199300,0.0066358000,0.0068304500,0.0069738500
2017-09-08,0.0003880800,0.0007378000,0.0011848400,0.0017063200,0.0022822800,0.0029390200,0.0045050600,0.0057147800,0.0066509900,0.0068372200,0.0069882700
2017-09-07,0.0004159200,0.0007788400,0.0012281300,0.0017022800,0.0022918800,0.0029251600,0.0045170400,0.0058228200,0.0067476300,0.0069451300,0.0071016600
2017-09-06,0.0003721600,0.0006878800,0.0011552400,0.0016974100,0.0023408700,0.0030080000,0.0046239500,0.0058522100,0.0068229500,0.0070204100,0.0071668700
2017-09-05,0.0004239800,0.0007448500,0.0012095400,0.0017414900,0.0023644800,0.0030167400,0.0046219000,0.0059337800,0.0069042200,0.0071049700,0.0072596300
2017-09-04,0.0004983700,0.0008899000,0.0013498000,0.0018460700,0.0024192600,0.0030701300,0.0045281200,0.0058324000,0.0067559600,0.0069422600,0.0070921500
2017-09-01,0.0004508500,0.0008080000,0.0012734900,0.0018086700,0.0024199600,0.0030805500,0.0046801200,0.0059365100,0.0068650500,0.0070567100,0.0072127800
2017-08-31,0.0005332300,0.0009020900,0.0013873700,0.0019544000,0.0025650000,0.0032302900,0.0048002400,0.0060191300,0.0069562600,0.0071480800,0.0072885700
2017-08-30,0.0005787900,0.0009452500,0.0014849600,0.0020441500,0.0026549000,0.0033299100,0.0049613300,0.0061885600,0.0071431400,0.0073381700,0.0074800300
2017-08-29,0.0006125500,0.0009955500,0.0015405700,0.0021208500,0.0027479400,0.0034371900,0.0050218900,0.0062539100,0.0072117200,0.0074075400,0.0075599400
2017-08-28,0.0005436200,0.0009251700,0.0014295600,0.0020098800,0.0026510300,0.0033256000,0.0049372900,0.0061933300,0.0071478900,0.0073437200,0.0074973700
2017-08-25,0.0005435800,0.0009243100,0.0014672500,0.0020230700,0.0026500600,0.0033139300,0.0049011400,0.0061444500,0.0070921600,0.0072865000,0.0074388000
2017-08-24,0.0005532700,0.0009302100,0.0014749200,0.0020558500,0.0026925800,0.0033692600,0.0049784300,0.0061991200,0.0071681800,0.0073634500,0.0075149000
2017-08-23,0.0005770800,0.0009701100,0.0014438500,0.0020521400,0.0026891700,0.0033934300,0.0050734800,0.0063141600,0.0073024000,0.0075016800,0.0076387900
2017-08-22,0.0005600100,0.0009314000,0.0014227500,0.0020110500,0.0026773600,0.0033607600,0.0048645300,0.0061573500,0.0071033600,0.0072970400,0.0074494100
2017-08-21,0.0005136600,0.0008672700,0.0013081800,0.0019239500,0.0025737800,0.0032948100,0.0049593000,0.0062204700,0.0071502300,0.0073631400,0.0075189100
2017-08-18,0.0005415000,0.0009063000,0.0014033300,0.0019812300,0.0026211500,0.0033067500,0.0049328700,0.0061821900,0.0069031800,0.0071414100,0.0073553800
2017-08-17,0.0004780300,0.0008501200,0.0013341900,0.0018984200,0.0025302100,0.0032076500,0.0048261000,0.0060839200,0.0070180300,0.0072104200,0.0073703900
2017-08-16,0.0004872800,0.0008442300,0.0013351700,0.0019068800,0.0025360400,0.0032153000,0.0048312500,0.0060909000,0.0068245500,0.0070607900,0.0072621500
2017-08-15,0.0005461000,0.0009315900,0.0014389200,0.0020274700,0.0026713300,0.0033665900,0.0049942700,0.0062604800,0.0072402100,0.0074365700,0.0075775800
2017-08-14,0.0005347500,0.0009137000,0.0014223100,0.0020142400,0.0026675500,0.0033746600,0.0049979500,0.0062626200,0.0072331000,0.0074264300,0.0075670400
2017-08-11,0.0006962800,0.0010944000,0.0016374600,0.0022712700,0.0029495600,0.0036907000,0.0053651800,0.0066507400,0.0076436800,0.0078464600,0.0079762800
2017-08-10,0.0007539500,0.0011448100,0.0016820200,0.0023102200,0.0029786200,0.0036939800,0.0053710700,0.0066756000,0.0076813000,0.0078840300,0.0080124600
2017-08-09,0.0006858500,0.0010268000,0.0015422500,0.0021380000,0.0027820200,0.0034623000,0.0051045000,0.0063921200,0.0074250700,0.0076241700,0.0077684300
2017-08-08,0.0006193900,0.0009095700,0.0013985500,0.0019654600,0.0025793100,0.0032250400,0.0048336500,0.0061071100,0.0073066400,0.0075579600,0.0076642900
2017-08-07,0.0006077400,0.0009009300,0.0013864100,0.0019444900,0.0025546900,0.0032016800,0.0048114800,0.0060902800,0.0072997400,0.0075332200,0.0076418900
2017-08-04,0.0005684500,0.0008567600,0.0013286300,0.0018812600,0.0024885500,0.0031257900,0.0047247200,0.0060022300,0.0072090700,0.0074619000,0.0075642200
2017-08-03,0.0005669700,0.0008539600,0.0013132700,0.0018622000,0.0024665200,0.0030969800,0.0046974100,0.0059759600,0.0071785500,0.0074115000,0.0075170200
2017-08-02,0.0005769500,0.0008635000,0.0013326600,0.0018818900,0.0024845500,0.0031181400,0.0047160500,0.0059925300,0.0071930300,0.0074261900,0.0075329500
2017-08-01,0.0005827200,0.0008704000,0.0013454000,0.0018993800,0.0025044500,0.0031411600,0.0047418400,0.0060190000,0.0072219200,0.0074746100,0.0075783200
2017-07-31,0.0005836800,0.0008712700,0.0013473100,0.0019019600,0.0025085600,0.0031457800,0.0047456400,0.0060225900,0.0072294300,0.0074828600,0.0075858000
2017-07-28,0.0005860000,0.0008608400,0.0013284800,0.0018698300,0.0024715000,0.0031094600,0.0047064000,0.0059729900,0.0071795400,0.0074127800,0.0075175200
2017-07-27,0.0005560400,0.0008336400,0.0012834000,0.0018268200,0.0024250400,0.0030505300,0.0046428100,0.0059123500,0.0070678700,0.0073004100,0.0074113200
2017-07-26,0.0006156200,0.0008595700,0.0013308900,0.0018801000,0.0024852000,0.0031285500,0.0047289700,0.0059950800,0.0069455300,0.0071384200,0.0072704000
2017-07-25,0.0006417408,0.0008534281,0.0013200257,0.0018749479,0.0024820881,0.0031225492,0.0047256338,0.0059879257,0.0067635869,0.0069422547,0.0071109822
2017-07-24,0.0006689700,0.0008473300,0.0013092500,0.0018698100,0.0024789800,0.0031165600,0.0047223000,0.0059807800,0.0065864100,0.0067514800,0.0069550600
2017-07-21,0.0006108900,0.0007803900,0.0012335800,0.0017937800,0.0024061300,0.0030266200,0.0046397300,0.0058858400,0.0064900200,0.0066795000,0.0068783600
2017-07-20,0.0006124900,0.0007546700,0.0012178500,0.0017565500,0.0023656100,0.0029982400,0.0046267000,0.0058539000,0.0064574200,0.0066469600,0.0068449500
2017-07-19,0.0005926600,0.0007256000,0.0011986500,0.0017820500,0.0023967400,0.0030173200,0.0047007600,0.0058873400,0.0064880300,0.0066776000,0.0068778500
2017-07-18,0.0005919200,0.0007253700,0.0012035900,0.0017917500,0.0024290800,0.0030663600,0.0047671700,0.0059697200,0.0065554000,0.0067214300,0.0069457700
2017-07-17,0.0005742000,0.0007253200,0.0011893200,0.0017774700,0.0024293400,0.0030519700,0.0047743800,0.0059409200,0.0065265700,0.0067174800,0.0069235600
2017-07-14,0.0005690700,0.0007021400,0.0011714400,0.0017798800,0.0024487300,0.0030883900,0.0048032900,0.0059622900,0.0065719100,0.0067618800,0.0069391300
2017-07-13,0.0005668000,0.0007306500,0.0012031500,0.0018132300,0.0024672900,0.0031210400,0.0048103100,0.0059589600,0.0065870600,0.0067756400,0.0069566600
2017-07-12,0.0006968600,0.0008851300,0.0013833600,0.0020178300,0.0027090500,0.0033941300,0.0050547600,0.0061844500,0.0070458500,0.0071934800,0.0073066300
2017-07-11,0.0007212600,0.0009087300,0.0014298800,0.0020695400,0.0027421900,0.0034271300,0.0050801900,0.0062017500,0.0070906700,0.0072138300,0.0073236500
2017-07-10,0.0007394700,0.0009121900,0.0014759500,0.0021058400,0.0027617400,0.0034469900,0.0051250300,0.0062252400,0.0071406000,0.0072648600,0.0073636500
2017-07-07,0.0007716400,0.0009653400,0.0015006100,0.0021905200,0.0028605000,0.0035584900,0.0052494000,0.0063733600,0.0073588600,0.0075074300,0.0075645500
2017-07-06,0.0006593700,0.0009033200,0.0014054100,0.0020955200,0.0027543400,0.0034385300,0.0051333300,0.0062396600,0.0075622000,0.0077609200,0.0077369900
2017-07-05,0.0006202282,0.0008633926,0.0013626753,0.0020498933,0.0027039745,0.0033837283,0.0050933896,0.0062044255,0.0075127131,0.0077120562,0.0076926882
2017-07-04,0.0005834100,0.0008252300,0.0013212400,0.0020052600,0.0026545300,0.0033298000,0.0050537600,0.0061693900,0.0074635500,0.0076635000,0.0076486400
2017-07-03,0.0006092900,0.0008289300,0.0013436200,0.0020502400,0.0026971100,0.0033800200,0.0051278400,0.0062849400,0.0074552800,0.0076596700,0.0077044400
2017-06-30,0.0005550000,0.0008417600,0.0013477600,0.0020572900,0.0027197600,0.0033909900,0.0051433700,0.0062892700,0.0071394000,0.0072668600,0.0073831500
2017-06-29,0.0005322000,0.0008199900,0.0013268800,0.0020339400,0.0026886100,0.0033527400,0.0051070000,0.0062848400,0.0069702200,0.0070718000,0.0072055700
2017-06-28,0.0005194100,0.0008069700,0.0013189500,0.0020412800,0.0026982600,0.0033705700,0.0051311000,0.0063154500,0.0072259800,0.0073537900,0.0074623400
2017-06-27,0.0005446300,0.0008012000,0.0013391100,0.0020685400,0.0027255500,0.0034205400,0.0051875300,0.0063814200,0.0072729200,0.0074251500,0.0075272200
2017-06-26,0.0004722500,0.0007223200,0.0012396500,0.0019609100,0.0026275600,0.0033298600,0.0051025000,0.0062887200,0.0071304700,0.0072568700,0.0074009100
2017-06-23,0.0005440000,0.0007395100,0.0012669400,0.0020129700,0.0026835600,0.0034053300,0.0052117400,0.0063850600,0.0070543600,0.0071561000,0.0073096600
2017-06-22,0.0006185400,0.0007831000,0.0013777300,0.0021626600,0.0028937600,0.0036722200,0.0055705800,0.0067919900,0.0074514000,0.0075549900,0.0077068600
2017-06-21,0.0007705200,0.0009263100,0.0015486800,0.0023608800,0.0031180900,0.0039278800,0.0058300900,0.0070631900,0.0075606600,0.0076646100,0.0078439300
2017-06-20,0.0007671400,0.0008769400,0.0014818400,0.0022669500,0.0030370700,0.0038541300,0.0057340100,0.0069842400,0.0076098600,0.0077395800,0.0079261600
2017-06-19,0.0007855300,0.0009036500,0.0014873900,0.0022742200,0.0030643700,0.0039155000,0.0057998700,0.0070436000,0.0076757900,0.0078078600,0.0079963000
2017-06-16,0.0008464000,0.0009845500,0.0015894400,0.0023804900,0.0031835000,0.0040638000,0.0059617000,0.0072231100,0.0078551700,0.0079874100,0.0081553900
2017-06-15,0.0007961200,0.0009910500,0.0015847500,0.0023857800,0.0032007900,0.0041126500,0.0060126900,0.0072943600,0.0078575600,0.0079628800,0.0081131100
2017-06-14,0.0006804300,0.0009059900,0.0014495700,0.0022049100,0.0030946100,0.0040664000,0.0060009100,0.0072986600,0.0081456900,0.0082324400,0.0083307700
2017-06-13,0.0007159100,0.0009461700,0.0015366100,0.0023484800,0.0032818500,0.0043031800,0.0062482800,0.0075587800,0.0083625800,0.0084822400,0.0085845700
2017-06-12,0.0006938700,0.0008932400,0.0015834700,0.0025180800,0.0035038700,0.0045649900,0.0065135900,0.0078250300,0.0083543000,0.0085815100,0.0088202800
2017-06-09,0.0007040600,0.0009791000,0.0017266600,0.0026665200,0.0036365400,0.0046758900,0.0066178400,0.0079179600,0.0085637300,0.0087505800,0.0089436900
2017-06-08,0.0006861200,0.0009833900,0.0017761100,0.0027378200,0.0037384900,0.0048177300,0.0067668200,0.0080810200,0.0088602900,0.0090487200,0.0092524400
2017-06-07,0.0007280700,0.0010052800,0.0018937900,0.0028524700,0.0038677400,0.0049454100,0.0068991800,0.0082124200,0.0090206700,0.0091095400,0.0092251900
2017-06-06,0.0008339100,0.0010688000,0.0020428700,0.0030182600,0.0040385300,0.0051289800,0.0070811900,0.0084007300,0.0088887700,0.0090166900,0.0091831900
2017-06-05,0.0009242600,0.0011304900,0.0020674500,0.0030118400,0.0040300500,0.0051105200,0.0070486300,0.0083672200,0.0088740500,0.0090019400,0.0091788800
2017-06-02,0.0009893500,0.0011674900,0.0021135000,0.0030686400,0.0040987100,0.0051783300,0.0071255900,0.0084503400,0.0090454900,0.0092350100,0.0094349100
2017-06-01,0.0009961400,0.0011810200,0.0021352700,0.0031015100,0.0041268100,0.0052170700,0.0071723700,0.0084977300,0.0090934500,0.0092671200,0.0094831500
2017-05-31,0.0009823700,0.0011644400,0.0021304100,0.0030885400,0.0041053800,0.0051757500,0.0071375900,0.0084500000,0.0090268500,0.0091995700,0.0094043800
2017-05-30,0.0009952300,0.0012337300,0.0021999600,0.0031680000,0.0041689500,0.0052389100,0.0071929300,0.0085068100,0.0089946700,0.0091032300,0.0092904900
2017-05-29,0.0010091800,0.0012521700,0.0022272800,0.0031985200,0.0041087800,0.0051092800,0.0070315300,0.0083271600,0.0088103100,0.0089174200,0.0091048900
2017-05-26,0.0009341400,0.0011588500,0.0021087100,0.0030610400,0.0040693600,0.0051527000,0.0070943100,0.0084045800,0.0088926500,0.0090012000,0.0091905600
2017-05-25,0.0009745900,0.0011932100,0.0021354900,0.0030855900,0.0040685300,0.0051205100,0.0070527000,0.0083552700,0.0088715700,0.0089914100,0.0091738300
2017-05-24,0.0010329600,0.0012264900,0.0021962000,0.0031462100,0.0041675500,0.0052580300,0.0072038100,0.0085169900,0.0091118300,0.0093016600,0.0095031200
2017-05-23,0.0010407400,0.0012551100,0.0022384500,0.0031812000,0.0042052300,0.0052906200,0.0072187700,0.0085464100,0.0091738200,0.0093541600,0.0095730800
2017-05-22,0.0010630400,0.0012989400,0.0022906300,0.0032347600,0.0042498100,0.0053426000,0.0072593400,0.0085899700,0.0091993100,0.0093963500,0.0096018700
2017-05-19,0.0011528500,0.0014602800,0.0024565400,0.0034066100,0.0044308600,0.0055246600,0.0074606900,0.0087845800,0.0093967000,0.0095954400,0.0098018200
2017-05-18,0.0012050800,0.0015194400,0.0025266900,0.0034886100,0.0045166500,0.0056146500,0.0075532600,0.0088854100,0.0094977400,0.0096967800,0.0099016900
2017-05-17,0.0011537500,0.0014723400,0.0024777200,0.0034349000,0.0044659700,0.0055604000,0.0075123300,0.0088425800,0.0094536600,0.0096504800,0.0098532300
2017-05-16,0.0010810500,0.0013676000,0.0023568300,0.0032865700,0.0043227900,0.0053982800,0.0073246100,0.0086482800,0.0092564600,0.0094548200,0.0096608600
2017-05-15,0.0011344600,0.0014389200,0.0024292200,0.0033810100,0.0044285400,0.0055120800,0.0074408500,0.0087723400,0.0093841400,0.0095831900,0.0098023300
2017-05-12,0.0011429500,0.0014525900,0.0024458800,0.0033849500,0.0044237500,0.0055183500,0.0074611100,0.0087974700,0.0094100100,0.0096093200,0.0098147500
2017-05-11,0.0011099700,0.0013663900,0.0023559500,0.0032956300,0.0043239300,0.0054157600,0.0073416000,0.0086764000,0.0092840400,0.0094802300,0.0096855800
2017-05-10,0.0010870100,0.0013831800,0.0023752000,0.0033277300,0.0043656700,0.0054632400,0.0073895300,0.0087318300,0.0093455700,0.0095440400,0.0097457100
2017-05-09,0.0011000300,0.0013389200,0.0023167300,0.0032749500,0.0042883600,0.0053632300,0.0072918700,0.0086199200,0.0092276000,0.0094241100,0.0096285900
2017-05-08,0.0012103800,0.0014381700,0.0024356800,0.0034336200,0.0044543500,0.0055553600,0.0074931100,0.0088250500,0.0094359500,0.0096350800,0.0098410700
2017-05-05,0.0012004100,0.0014552000,0.0024706600,0.0034788900,0.0045157800,0.0056357900,0.0075941200,0.0089274300,0.0095431800,0.0097440200,0.0099486900
2017-05-04,0.0011845300,0.0014849200,0.0025093400,0.0035214600,0.0045712600,0.0057085300,0.0076537100,0.0089888400,0.0096042100,0.0098050300,0.0100106700
2017-05-03,0.0011881400,0.0014541200,0.0025184300,0.0035714800,0.0046571500,0.0058030900,0.0077616200,0.0090828700,0.0097011300,0.0098872300,0.0101124300
2017-05-02,0.0012470300,0.0015338900,0.0026120400,0.0036654300,0.0047709900,0.0059417100,0.0078971700,0.0091778900,0.0097559700,0.0099475900,0.0101545900
2017-05-01,0.0012819800,0.0016131700,0.0027225600,0.0038071200,0.0049085900,0.0060865900,0.0080153500,0.0092664300,0.0098101400,0.0099617500,0.0101586600
2017-04-28,0.0013168300,0.0016563800,0.0027462900,0.0038184700,0.0049228500,0.0060902200,0.0080406500,0.0092994800,0.0098447800,0.0099968700,0.0101946000
2017-04-27,0.0013099800,0.0016627100,0.0027499200,0.0038312900,0.0049475200,0.0061370000,0.0080824400,0.0093614500,0.0098881700,0.0100564500,0.0102533900
2017-04-26,0.0013451000,0.0017105800,0.0028094600,0.0038958200,0.0050162900,0.0062289100,0.0081820100,0.0094732100,0.0100218000,0.0101751100,0.0103695300
2017-04-25,0.0011403900,0.0015581600,0.0026469000,0.0037323700,0.0048634600,0.0060861700,0.0080524100,0.0093597000,0.0099123100,0.0100601700,0.0102399600
2017-04-24,0.0014032000,0.0018452900,0.0029223100,0.0040033600,0.0051207900,0.0063569900,0.0083255800,0.0096434800,0.0101680300,0.0104239300,0.0106142700
2017-04-21,0.0029247500,0.0033867600,0.0046104500,0.0058576300,0.0070652100,0.0083697500,0.0104732600,0.0118353000,0.0123706900,0.0126482800,0.0126562600
2017-04-20,0.0031244000,0.0035712900,0.0047772400,0.0060721500,0.0073277200,0.0086037100,0.0107147100,0.0120769000,0.0126146600,0.0128934100,0.0129029600
2017-04-19,0.0034664700,0.0039331800,0.0051634100,0.0064805500,0.0077678900,0.0090362100,0.0111642300,0.0125315100,0.0130364700,0.0133150700,0.0133334800
2017-04-18,0.0036161600,0.0040801900,0.0053234900,0.0066675300,0.0079365800,0.0092001400,0.0113775300,0.0127199700,0.0131611400,0.0134093400,0.0134288400
2017-04-17,0.0037332100,0.0042022100,0.0053902400,0.0067420400,0.0079439600,0.0092239600,0.0113843800,0.0127554500,0.0132300900,0.0134450800,0.0134644500
2017-04-14,0.0037068800,0.0041715800,0.0053752200,0.0067339100,0.0079355800,0.0092175100,0.0113792800,0.0127498000,0.0132251600,0.0134405800,0.0134600100
2017-04-13,0.0035961100,0.0040466400,0.0053096400,0.0067098700,0.0079224900,0.0092069800,0.0113710100,0.0127190200,0.0131930000,0.0134078000,0.0134272400
2017-04-12,0.0035377600,0.0040059200,0.0052488800,0.0066489600,0.0078652700,0.0091509400,0.0113172900,0.0126682100,0.0131457200,0.0133621300,0.0133811400
2017-04-11,0.0035158800,0.0039674600,0.0052132500,0.0066083600,0.0078426600,0.0091444100,0.0113446800,0.0126815500,0.0131289100,0.0133805600,0.0133986300
2017-04-10,0.0031897100,0.0036388600,0.0048460900,0.0062196500,0.0074334000,0.0087166600,0.0108983600,0.0122184600,0.0126961000,0.0129129000,0.0129554700
2017-04-07,0.0030212600,0.0034674100,0.0046508600,0.0060066600,0.0072186800,0.0084870200,0.0106610200,0.0119787300,0.0124558300,0.0126724800,0.0126903500
2017-04-06,0.0030447500,0.0034926600,0.0046859600,0.0060414700,0.0072540900,0.0085357500,0.0107126300,0.0120429900,0.0125228900,0.0127407000,0.0127812900
2017-04-05,0.0029705600,0.0034118700,0.0046004100,0.0059429400,0.0071570300,0.0084250100,0.0105958400,0.0119144900,0.0123573200,0.0126067900,0.0126236000
2017-04-04,0.0030735600,0.0035221200,0.0047141700,0.0060710400,0.0073092800,0.0085914900,0.0107649600,0.0121067800,0.0125503300,0.0127667400,0.0128169900
2017-04-03,0.0030264300,0.0034597900,0.0046554700,0.0060346300,0.0072823000,0.0085741400,0.0107585400,0.0121113000,0.0125901500,0.0128075900,0.0128253600
2017-03-31,0.0028508700,0.0032858200,0.0044698400,0.0058281300,0.0070638700,0.0083509900,0.0105637900,0.0118946100,0.0123804200,0.0126008400,0.0126164400
2017-03-30,0.0025493500,0.0029805200,0.0041473900,0.0054664500,0.0066807200,0.0079602900,0.0101267300,0.0114581900,0.0119365100,0.0121540100,0.0121685500
2017-03-29,0.0023145400,0.0027585700,0.0038980800,0.0052005000,0.0064118000,0.0076738300,0.0098271100,0.0111489700,0.0116281300,0.0118463400,0.0118615800
2017-03-28,0.0023066300,0.0027341500,0.0038726800,0.0051711300,0.0063776000,0.0076249100,0.0097418800,0.0110971500,0.0115426000,0.0117606900,0.0117841900
2017-03-27,0.0025230700,0.0028817700,0.0040543400,0.0053624100,0.0065725800,0.0078352200,0.0099373100,0.0113310900,0.0117064200,0.0118897000,0.0119435700
2017-03-24,0.0024873600,0.0028566000,0.0040262700,0.0053313700,0.0065501000,0.0078232200,0.0098908200,0.0113069700,0.0116842400,0.0118685400,0.0119230900
2017-03-23,0.0027375200,0.0031092300,0.0043244400,0.0056398600,0.0068660600,0.0081781300,0.0102608100,0.0116929700,0.0120721500,0.0122572600,0.0123127200
2017-03-22,0.0027748400,0.0031338200,0.0043675800,0.0056900400,0.0069329400,0.0082461400,0.0103730100,0.0117982900,0.0121807900,0.0123676200,0.0124226300
2017-03-21,0.0025773400,0.0029391800,0.0041760000,0.0054774700,0.0067404100,0.0080345300,0.0101653800,0.0115783200,0.0119318800,0.0121166000,0.0121754500
2017-03-20,0.0024680200,0.0028330600,0.0040573000,0.0053544500,0.0065943200,0.0078984400,0.0100632400,0.0114556800,0.0118315500,0.0119653500,0.0120283400
2017-03-17,0.0020822700,0.0024667000,0.0036345200,0.0048635300,0.0060190300,0.0072931400,0.0093709300,0.0107661400,0.0111320400,0.0112829900,0.0113560300
2017-03-16,0.0020692900,0.0024437800,0.0036141300,0.0048615300,0.0060832900,0.0073411500,0.0094224800,0.0108257700,0.0111903700,0.0113406300,0.0114144000
2017-03-15,0.0022766600,0.0026617500,0.0038515700,0.0051230200,0.0063527400,0.0076168900,0.0097124100,0.0111338200,0.0114765500,0.0116531500,0.0117082000
2017-03-14,0.0023361900,0.0027179400,0.0039266900,0.0051895000,0.0064280600,0.0077044900,0.0098205200,0.0112328200,0.0115997500,0.0117511000,0.0118250900
2017-03-13,0.0021970300,0.0025823500,0.0037697400,0.0050291500,0.0062531600,0.0075243700,0.0096226300,0.0110310500,0.0113727700,0.0115488000,0.0116226500
2017-03-10,0.0021220700,0.0025075100,0.0036920200,0.0049373500,0.0061493400,0.0074102300,0.0094706400,0.0108884900,0.0112314100,0.0114079200,0.0114817700
2017-03-09,0.0023260900,0.0027052200,0.0038962500,0.0051584100,0.0063855900,0.0076400700,0.0097295600,0.0111354600,0.0115007100,0.0116511700,0.0117251900
2017-03-08,0.0023403000,0.0027139000,0.0039110100,0.0051680200,0.0064027500,0.0076586700,0.0097475600,0.0111262100,0.0114869400,0.0116350200,0.0117083200
2017-03-07,0.0023196500,0.0027029700,0.0039029000,0.0051626800,0.0063779900,0.0076326500,0.0097096900,0.0110805200,0.0113800300,0.0115115300,0.0115878300
2017-03-06,0.0022580900,0.0026439500,0.0038499700,0.0051244400,0.0063354300,0.0075812300,0.0096567700,0.0110283900,0.0113301700,0.0114877400,0.0115594200
2017-03-03,0.0022307100,0.0026061600,0.0038188500,0.0050964400,0.0062798400,0.0075204800,0.0095375900,0.0109315700,0.0112337700,0.0113916100,0.0114637100
2017-03-02,0.0024683700,0.0028488100,0.0040781200,0.0053722600,0.0065436500,0.0077851100,0.0097811900,0.0111975300,0.0115009900,0.0116593500,0.0117325600
2017-03-01,0.0026356200,0.0030234000,0.0042605000,0.0055616700,0.0067249200,0.0079671400,0.0099598000,0.0113732800,0.0116765700,0.0118349000,0.0119084600
2017-02-28,0.0029760000,0.0033658700,0.0046199400,0.0059525800,0.0070666500,0.0083223000,0.0103083200,0.0117274600,0.0120393500,0.0122019100,0.0122754200
2017-02-27,0.0031403300,0.0035284300,0.0047985100,0.0061447500,0.0072574500,0.0085152700,0.0105076100,0.0119192800,0.0122287300,0.0123649500,0.0124443300
2017-02-24,0.0033054500,0.0037022700,0.0049858500,0.0063304900,0.0074494000,0.0087137400,0.0107283000,0.0121166000,0.0124260500,0.0125622800,0.0126415900
2017-02-23,0.0032687100,0.0036667800,0.0049393900,0.0062835200,0.0073993900,0.0086598800,0.0106452100,0.0120337600,0.0123427400,0.0124787200,0.0125586900
2017-02-22,0.0033841800,0.0038163700,0.0051054200,0.0064702800,0.0075906600,0.0088550100,0.0108521900,0.0122633900,0.0125720300,0.0127078300,0.0127873200
2017-02-21,0.0033093000,0.0037441200,0.0050355600,0.0063947700,0.0075094200,0.0087809400,0.0107688600,0.0122118800,0.0125468800,0.0126831700,0.0127585100
2017-02-20,0.0034033600,0.0038324400,0.0051306300,0.0065027400,0.0076240400,0.0089029000,0.0109395500,0.0123965700,0.0127317400,0.0128682200,0.0129437600
2017-02-17,0.0032207000,0.0036365800,0.0049315300,0.0062784500,0.0074152300,0.0087044900,0.0107736400,0.0122078100,0.0125435800,0.0126801800,0.0127546700
2017-02-16,0.0028741900,0.0032595600,0.0045097300,0.0058174100,0.0069456100,0.0082117700,0.0102575600,0.0116731400,0.0120065300,0.0121420100,0.0122140100
2017-02-15,0.0027185900,0.0030940900,0.0043431900,0.0056406200,0.0067560000,0.0080126600,0.0100260400,0.0114478600,0.0117600000,0.0118977600,0.0119770800
2017-02-14,0.0028468000,0.0032379900,0.0044905000,0.0058047300,0.0069103700,0.0081781800,0.0102005800,0.0116139500,0.0119210600,0.0120562800,0.0121352600
2017-02-13,0.0028487800,0.0032489700,0.0044921700,0.0058070400,0.0069135300,0.0081768600,0.0101865300,0.0115995900,0.0119064800,0.0120416400,0.0121210200
2017-02-10,0.0030124900,0.0034143300,0.0046594300,0.0059686700,0.0070819000,0.0083386300,0.0103448700,0.0117693200,0.0120770800,0.0122377400,0.0123143300
2017-02-09,0.0026829100,0.0030800200,0.0043373000,0.0056662600,0.0067859500,0.0080502500,0.0100564900,0.0115052400,0.0118170600,0.0119798800,0.0120366400
2017-02-08,0.0031912200,0.0036080500,0.0048959900,0.0062392400,0.0073807700,0.0086512200,0.0106667200,0.0121250700,0.0124372000,0.0125999100,0.0126547900
2017-02-07,0.0031685900,0.0035422700,0.0048210200,0.0061684500,0.0073119900,0.0085843800,0.0105932600,0.0120718900,0.0124056800,0.0125417000,0.0126162300
2017-02-06,0.0029992500,0.0033865600,0.0046614000,0.0060062900,0.0071656300,0.0084474100,0.0105213900,0.0119858100,0.0122985600,0.0124618700,0.0125152400
2017-02-03,0.0024247600,0.0028128000,0.0040363200,0.0053116300,0.0064574100,0.0077184600,0.0097435500,0.0111821100,0.0114917300,0.0116535800,0.0117068700
2017-02-02,0.0024868000,0.0028790400,0.0041005000,0.0053405100,0.0065315200,0.0078067400,0.0098484400,0.0112826100,0.0116173600,0.0117544200,0.0118276200
2017-02-01,0.0023284200,0.0027193100,0.0039316100,0.0051642400,0.0063554600,0.0076289100,0.0097099400,0.0111296700,0.0114695300,0.0116087900,0.0116813000
2017-01-31,0.0022230700,0.0026131100,0.0038225100,0.0050521500,0.0062471200,0.0075214600,0.0096718000,0.0110023900,0.0113141300,0.0114771300,0.0115491400
2017-01-30,0.0021003400,0.0024843700,0.0036856000,0.0049302700,0.0061363700,0.0073962200,0.0095435500,0.0108753400,0.0111883600,0.0113270500,0.0114037400
2017-01-27,0.0018810100,0.0022687700,0.0034367500,0.0046197400,0.0058100000,0.0070790600,0.0092002400,0.0105311600,0.0108433300,0.0110067400,0.0110579000
2017-01-26,0.0016879500,0.0020718600,0.0032278900,0.0044022600,0.0055895700,0.0068494700,0.0089422000,0.0102788200,0.0105888800,0.0107262400,0.0108018100
2017-01-25,0.0015972600,0.0019831600,0.0031276200,0.0043074000,0.0054799600,0.0067524000,0.0087878600,0.0101655300,0.0104798400,0.0106193800,0.0106962700
2017-01-24,0.0017822100,0.0021663400,0.0033276600,0.0045181900,0.0057034000,0.0069648500,0.0089604700,0.0103867100,0.0106995000,0.0108382800,0.0109157100
2017-01-23,0.0018379900,0.0022219700,0.0034024800,0.0045921800,0.0057806900,0.0070484800,0.0090557400,0.0104614700,0.0107736500,0.0109374200,0.0109886500
2017-01-20,0.0018296900,0.0022159600,0.0033902300,0.0045858700,0.0057760500,0.0070336600,0.0090195300,0.0104210500,0.0107351900,0.0108745400,0.0109522400
2017-01-19,0.0019720700,0.0023489200,0.0035383300,0.0047437100,0.0059356800,0.0071950400,0.0091941900,0.0105275300,0.0108401900,0.0110039400,0.0110563600
2017-01-18,0.0020405800,0.0024087500,0.0036115000,0.0048145100,0.0060036800,0.0072622800,0.0092503900,0.0105919900,0.0109039100,0.0110423600,0.0111203800
2017-01-17,0.0020913600,0.0024806700,0.0036887600,0.0048896100,0.0060757700,0.0073419100,0.0093411100,0.0106760600,0.0109885900,0.0111523700,0.0112046700
2017-01-16,0.0020061200,0.0023960800,0.0035893200,0.0047899400,0.0059750800,0.0072321500,0.0092462000,0.0105759400,0.0108901600,0.0110297500,0.0111073800
2017-01-13,0.0020555900,0.0024400900,0.0036345500,0.0048455700,0.0060248900,0.0072860200,0.0092546200,0.0106199800,0.0109328600,0.0110969100,0.0111710000
2017-01-12,0.0023599400,0.0027735400,0.0039929400,0.0052171800,0.0064103800,0.0076835600,0.0096872500,0.0110437000,0.0113571300,0.0115213000,0.0115755600
2017-01-11,0.0023336500,0.0027427300,0.0039505700,0.0051624400,0.0063641600,0.0076356100,0.0096534400,0.0110019400,0.0113400700,0.0114793300,0.0115524400
2017-01-10,0.0021848200,0.0025760000,0.0037744200,0.0049788500,0.0061681900,0.0074413300,0.0094621200,0.0107986600,0.0111353300,0.0112738500,0.0113467700
2017-01-09,0.0020497600,0.0024332800,0.0036111100,0.0048104500,0.0060000200,0.0072739300,0.0092715900,0.0106129300,0.0109487100,0.0110868200,0.0111593300
2017-01-06,0.0019173700,0.0023016100,0.0034785200,0.0046732500,0.0058634700,0.0071401700,0.0091361400,0.0104787600,0.0107906700,0.0109295200,0.0110067800
2017-01-05,0.0018752600,0.0022453800,0.0034201300,0.0046233300,0.0058128100,0.0070846400,0.0090711700,0.0104136700,0.0107265000,0.0108658700,0.0109434200
2017-01-04,0.0018353900,0.0022222400,0.0033875800,0.0045973300,0.0057846600,0.0070553000,0.0090468400,0.0103926800,0.0107037700,0.0108423200,0.0109188900
2017-01-03,0.0018528200,0.0022410600,0.0034264700,0.0046381700,0.0058309800,0.0071110000,0.0091086900,0.0104513300,0.0107648700,0.0109295900,0.0109833100
2017-01-02,0.0020961500,0.0024946400,0.0036973200,0.0049045400,0.0060921400,0.0073571800,0.0093681600,0.0107082000,0.0110221100,0.0111869800,0.0112404700
2016-12-30,0.0020811800,0.0024751900,0.0036674400,0.0048895000,0.0060822100,0.0073639600,0.0093548000,0.0106960700,0.0110103200,0.0111754600,0.0112289300
2016-12-29,0.0021623600,0.0025568400,0.0037567100,0.0049832500,0.0061758900,0.0074567500,0.0094495700,0.0107894300,0.0110972700,0.0112343900,0.0113129600
2016-12-28,0.0021061400,0.0024977900,0.0036969300,0.0049235600,0.0061161200,0.0073969300,0.0093898300,0.0107296900,0.0110386600,0.0112011300,0.0112544000
2016-12-27,0.0020981900,0.0024975600,0.0037031300,0.0049341700,0.0061271700,0.0074078600,0.0093988100,0.0107362300,0.0110499200,0.0112149400,0.0112685100
2016-12-26,0.0021108100,0.0025122600,0.0037182100,0.0049386300,0.0061300300,0.0074073600,0.0093973200,0.0107349500,0.0110488300,0.0112139700,0.0112675800
2016-12-23,0.0021108500,0.0025113400,0.0037135200,0.0049529600,0.0061447500,0.0074211400,0.0094180000,0.0107601200,0.0110754900,0.0112414200,0.0112954600
2016-12-22,0.0022241800,0.0026246900,0.0038292500,0.0050545500,0.0062479700,0.0075299600,0.0095196800,0.0108597300,0.0111725400,0.0113370400,0.0113906600
2016-12-21,0.0021947000,0.0025936500,0.0037989700,0.0050157300,0.0062065100,0.0074868500,0.0094784200,0.0108073400,0.0111191100,0.0112832300,0.0113568700
2016-12-20,0.0022315000,0.0026291400,0.0038311500,0.0050587400,0.0062495000,0.0075213100,0.0095107000,0.0108510400,0.0111635800,0.0113279700,0.0113820200
2016-12-19,0.0022609200,0.0026611900,0.0038653500,0.0050905100,0.0062810500,0.0075489400,0.0095612900,0.0108914500,0.0112300700,0.0113700700,0.0114439400
2016-12-16,0.0022462200,0.0026456400,0.0038521300,0.0050790000,0.0062697700,0.0075268400,0.0095299200,0.0108687200,0.0111824900,0.0113475000,0.0114214000
2016-12-15,0.0022719000,0.0026689000,0.0038849500,0.0051163100,0.0063069900,0.0075644700,0.0095841400,0.0109097200,0.0112222800,0.0113864800,0.0114393200
2016-12-14,0.0023008400,0.0026993300,0.0039181700,0.0051472200,0.0063370500,0.0075952500,0.0096199800,0.0109353900,0.0112466900,0.0114104800,0.0114637200
2016-12-13,0.0023179900,0.0027228600,0.0039295900,0.0051488300,0.0063377200,0.0075942700,0.0095786500,0.0109132400,0.0112251900,0.0113891100,0.0114423900
2016-12-12,0.0024041500,0.0028274300,0.0040508400,0.0052835600,0.0064746000,0.0077483900,0.0097289800,0.0110855900,0.0113990900,0.0115634700,0.0116183500
2016-12-09,0.0024778900,0.0029046200,0.0041200500,0.0053684800,0.0065593700,0.0078305300,0.0098399200,0.0111737700,0.0114883000,0.0116532500,0.0117286600
2016-12-08,0.0024146300,0.0027972600,0.0040329000,0.0052605200,0.0064541300,0.0077146800,0.0097084500,0.0110530400,0.0113579000,0.0114938900,0.0115713800
2016-12-07,0.0025840400,0.0029792100,0.0042441000,0.0054907200,0.0066826600,0.0079438800,0.0099554800,0.0112905500,0.0116275400,0.0117667600,0.0118411300
2016-12-06,0.0026787400,0.0030739800,0.0043361600,0.0055903800,0.0067819900,0.0080553600,0.0100497600,0.0113938000,0.0117061600,0.0118704000,0.0119449800
2016-12-05,0.0027395400,0.0031572100,0.0044075100,0.0056704900,0.0068596600,0.0081319800,0.0101304700,0.0114739800,0.0117913400,0.0119333400,0.0120136300
2016-12-02,0.0026710200,0.0030737200,0.0043260400,0.0055917900,0.0067823600,0.0080530100,0.0100599800,0.0114014500,0.0117173300,0.0118831100,0.0119595000
2016-12-01,0.0026681300,0.0030702500,0.0043226700,0.0055888700,0.0067764300,0.0080362000,0.0100566700,0.0113861700,0.0117002800,0.0118654500,0.0119410100
2016-11-30,0.0026555100,0.0030691800,0.0043248200,0.0055862000,0.0067651200,0.0080384500,0.0100528400,0.0113890500,0.0117038500,0.0118696900,0.0119461200
2016-11-29,0.0026669800,0.0030725600,0.0043409500,0.0055961800,0.0067887100,0.0080634900,0.0100531700,0.0114158500,0.0117276300,0.0118921900,0.0119660500
2016-11-28,0.0027444300,0.0031800000,0.0044339500,0.0056893700,0.0068785400,0.0081531500,0.0101808400,0.0115115700,0.0118586400,0.0120025500,0.0120796900
2016-11-25,0.0025277100,0.0029711000,0.0042047400,0.0054496100,0.0066401200,0.0079135700,0.0099270700,0.0112608300,0.0115793800,0.0117473300,0.0118038100
2016-11-24,0.0024647500,0.0028626500,0.0040920300,0.0053231800,0.0065102500,0.0077843200,0.0097671300,0.0111188200,0.0114319200,0.0115970000,0.0116714400
2016-11-23,0.0024695800,0.0029107500,0.0041377700,0.0053769000,0.0065649600,0.0078412100,0.0098743400,0.0112022000,0.0115462600,0.0116891100,0.0117670200
2016-11-22,0.0023247700,0.0027205500,0.0039467200,0.0051761700,0.0063542700,0.0076325500,0.0096107800,0.0109751400,0.0113082400,0.0114460900,0.0115195300
2016-11-21,0.0024359300,0.0028497300,0.0040702200,0.0053138900,0.0065064400,0.0077869300,0.0097798400,0.0111428900,0.0114544600,0.0116189200,0.0116922800
2016-11-18,0.0024089500,0.0028626700,0.0040792400,0.0053155600,0.0065052900,0.0077959900,0.0098102500,0.0111652400,0.0115155800,0.0116613700,0.0117382300
2016-11-17,0.0021597500,0.0026352100,0.0038149800,0.0050239500,0.0062117700,0.0074983700,0.0095578800,0.0108767900,0.0112056100,0.0113794600,0.0114581400
2016-11-16,0.0018605500,0.0022948900,0.0034475400,0.0046285900,0.0058111600,0.0070840800,0.0090899600,0.0104241500,0.0107396600,0.0109069000,0.0109816200
2016-11-15,0.0018345900,0.0022568200,0.0033952600,0.0045646900,0.0057224400,0.0069843600,0.0089630900,0.0103252400,0.0106352000,0.0107988100,0.0108713000
2016-11-14,0.0018984600,0.0023392900,0.0034902000,0.0046562500,0.0058294400,0.0070887700,0.0091095900,0.0104464600,0.0107635500,0.0109316100,0.0110057900
2016-11-11,0.0016628900,0.0021283100,0.0032496000,0.0043965900,0.0055659800,0.0068305600,0.0088700800,0.0101862300,0.0105083300,0.0106530400,0.0107348900
2016-11-10,0.0014957000,0.0018771400,0.0029855500,0.0041087300,0.0052661400,0.0065193700,0.0085261700,0.0098567900,0.0101636900,0.0103262000,0.0103980500
2016-11-09,0.0015604400,0.0019833500,0.0031020800,0.0042394500,0.0053950300,0.0066446700,0.0086563500,0.0099906700,0.0103085100,0.0104770600,0.0105327500
2016-11-08,0.0014779400,0.0018782400,0.0029942100,0.0041164100,0.0052740400,0.0065150600,0.0085000200,0.0098501800,0.0101572600,0.0103201200,0.0103934100
2016-11-07,0.0015760400,0.0019537800,0.0030749400,0.0042019100,0.0053654500,0.0066174000,0.0085902700,0.0099521100,0.0102577000,0.0104200000,0.0104914700
2016-11-04,0.0016730200,0.0020939000,0.0032147200,0.0043410900,0.0055245500,0.0067706700,0.0087865000,0.0101301200,0.0104705700,0.0106377200,0.0106882900
2016-11-03,0.0016749600,0.0020787200,0.0032078400,0.0043449400,0.0055351500,0.0067831900,0.0087825200,0.0101509900,0.0104864600,0.0106758800,0.0107198800
2016-11-02,0.0017317700,0.0021578200,0.0033180100,0.0044977200,0.0057118100,0.0069780800,0.0090040000,0.0103982900,0.0107689800,0.0109387100,0.0109856500
2016-11-01,0.0016789700,0.0021753100,0.0033243300,0.0045166300,0.0057310000,0.0069864400,0.0090126000,0.0104070200,0.0108604700,0.0111165200,0.0111300300
2016-10-31,0.0016329800,0.0021463400,0.0033090400,0.0045014300,0.0057189700,0.0069887100,0.0090178000,0.0104149200,0.0109124600,0.0111402700,0.0111529000
2016-10-28,0.0015257500,0.0020322900,0.0031889700,0.0043656600,0.0055926000,0.0068607000,0.0088857300,0.0102816100,0.0107427500,0.0110015000,0.0110156500
2016-10-27,0.0014958300,0.0019949900,0.0031346800,0.0043177400,0.0055323800,0.0068007400,0.0088170300,0.0102238700,0.0107136800,0.0109378200,0.0109507800
2016-10-26,0.0014890100,0.0019919900,0.0031437300,0.0043248500,0.0055408100,0.0068091200,0.0088510500,0.0102440200,0.0107112800,0.0109746400,0.0109872700
2016-10-25,0.0013643300,0.0019194200,0.0030670800,0.0042328800,0.0054601300,0.0067286300,0.0087790900,0.0101628400,0.0106680700,0.0108658300,0.0109130100
2016-10-24,0.0012848600,0.0017478800,0.0028791700,0.0040400200,0.0052548600,0.0065239700,0.0085419800,0.0099498000,0.0103687300,0.0105907400,0.0106176100
2016-10-21,0.0013409200,0.0018133200,0.0029605100,0.0041270900,0.0053394600,0.0066066800,0.0086504700,0.0100450700,0.0105027100,0.0106947100,0.0107488200
2016-10-20,0.0014387200,0.0018350000,0.0029760700,0.0041571700,0.0053514100,0.0066064600,0.0086625400,0.0100542000,0.0103952900,0.0105382900,0.0106139800
2016-10-19,0.0015381400,0.0019136600,0.0030713300,0.0042341400,0.0053844400,0.0066418700,0.0086957400,0.0101610000,0.0104773200,0.0106452900,0.0107206500
2016-10-18,0.0016185500,0.0020095400,0.0031653200,0.0043409100,0.0055554200,0.0068110800,0.0088392400,0.0102322000,0.0105464400,0.0107132600,0.0107675400
2016-10-17,0.0016963900,0.0020903500,0.0032340600,0.0044229000,0.0056374000,0.0069042700,0.0089412800,0.0103228600,0.0106317600,0.0107959400,0.0108512700
2016-10-14,0.0017609100,0.0021109400,0.0032594100,0.0044543000,0.0056703000,0.0069290800,0.0089441700,0.0103367200,0.0106413900,0.0107785700,0.0108570500
2016-10-13,0.0017772400,0.0021709000,0.0033229100,0.0045325800,0.0057609900,0.0070555800,0.0090927200,0.0104738500,0.0108099400,0.0109498000,0.0110268300
2016-10-12,0.0018004900,0.0021387900,0.0032885400,0.0044843800,0.0057135500,0.0069975900,0.0090231000,0.0104165700,0.0107235000,0.0108618600,0.0109403900
2016-10-11,0.0019126100,0.0022646500,0.0033943900,0.0045799600,0.0058134500,0.0071112100,0.0091379100,0.0105297600,0.0108687100,0.0110104000,0.0110868700
2016-10-10,0.0019416900,0.0022709500,0.0034163400,0.0045952000,0.0058642800,0.0071737400,0.0092150300,0.0105961500,0.0109092300,0.0110504600,0.0111309200
2016-10-07,0.0019971300,0.0023328900,0.0035031400,0.0047291700,0.0059805700,0.0072855700,0.0093494100,0.0107461300,0.0110650400,0.0112342300,0.0113112500
2016-10-06,0.0020961900,0.0024391100,0.0035845400,0.0047792500,0.0060557000,0.0073399700,0.0093426100,0.0106745900,0.0109855700,0.0111504100,0.0112258500
2016-10-05,0.0022048300,0.0025643200,0.0037206700,0.0049271100,0.0061915200,0.0074889100,0.0095048300,0.0108364100,0.0111469300,0.0113118900,0.0113864100
2016-10-04,0.0023206000,0.0026943500,0.0038446700,0.0050700900,0.0063417400,0.0076583800,0.0097072800,0.0110469300,0.0113659600,0.0115353800,0.0116125400
2016-10-03,0.0022801900,0.0026524600,0.0038295500,0.0050647200,0.0063550000,0.0076830100,0.0097718300,0.0112128900,0.0115392500,0.0117124000,0.0117917900
2016-09-30,0.0023421700,0.0027362100,0.0038922700,0.0050987700,0.0063718100,0.0076897700,0.0097157600,0.0110865200,0.0114111500,0.0115584200,0.0116436000
2016-09-29,0.0020914200,0.0024843900,0.0036552200,0.0048826800,0.0061357200,0.0074703500,0.0095488300,0.0109918000,0.0113146600,0.0114865500,0.0115457500
2016-09-28,0.0020762400,0.0024474700,0.0035958400,0.0047817300,0.0060506900,0.0073650100,0.0093739800,0.0107587600,0.0110721300,0.0112389000,0.0113143700
2016-09-27,0.0020758300,0.0025020500,0.0036517900,0.0048518000,0.0061353100,0.0074521900,0.0094757000,0.0108550900,0.0111846900,0.0113601400,0.0114399100
2016-09-26,0.0018170100,0.0022407100,0.0033692000,0.0045482900,0.0058348600,0.0071421300,0.0091594900,0.0105406300,0.0108604300,0.0110309600,0.0111074300
2016-09-23,0.0017069800,0.0021154300,0.0032352400,0.0043846900,0.0056135300,0.0069098700,0.0089352600,0.0102790300,0.0105897600,0.0107305000,0.0108112800
2016-09-22,0.0015701200,0.0019489900,0.0030663700,0.0042352000,0.0055109000,0.0068070300,0.0088135900,0.0102110900,0.0105135400,0.0106506200,0.0107269300
2016-09-21,0.0019148600,0.0023104800,0.0034588900,0.0046575400,0.0059392000,0.0072413600,0.0092635500,0.0106889000,0.0110222000,0.0111620600,0.0112339700
2016-09-20,0.0017413900,0.0024728400,0.0036074000,0.0048869900,0.0061329000,0.0074741600,0.0095699500,0.0110091100,0.0113338600,0.0114728000,0.0115503700
2016-09-19,0.0015306300,0.0019170600,0.0030346100,0.0042664500,0.0054826600,0.0067963000,0.0088708100,0.0102699700,0.0105975300,0.0107315200,0.0107985100
2016-09-16,0.0015902700,0.0020051200,0.0031647200,0.0044258200,0.0056564800,0.0069986500,0.0091320800,0.0106060200,0.0109551100,0.0110985700,0.0111730100
2016-09-15,0.0015765800,0.0019920400,0.0031085800,0.0042754900,0.0055348300,0.0068407800,0.0088636700,0.0102519100,0.0106126300,0.0107753500,0.0108163000
2016-09-14,0.0015638300,0.0019677500,0.0030805400,0.0042436400,0.0054982400,0.0067993600,0.0088154000,0.0101988600,0.0105557200,0.0107167300,0.0107572200
2016-09-13,0.0015255800,0.0019811100,0.0030948500,0.0042969600,0.0055134300,0.0068398400,0.0088754300,0.0102726200,0.0107187100,0.0109021800,0.0109511700
2016-09-12,0.0014952077,0.0019171578,0.0030411593,0.0042527324,0.0054725787,0.0067963517,0.0088626358,0.0102574087,0.0106528426,0.0108156667,0.0108770794
2016-09-09,0.0014654400,0.0018552700,0.0029884000,0.0042089600,0.0054320300,0.0067531400,0.0088498600,0.0102422200,0.0105873800,0.0107298400,0.0108034900
2016-09-08,0.0012045600,0.0015431400,0.0027410700,0.0039787600,0.0052343300,0.0065468900,0.0086698000,0.0100939900,0.0104077100,0.0105727300,0.0106446800
2016-09-07,0.0011702800,0.0014887800,0.0026740600,0.0039440900,0.0051453200,0.0064774000,0.0086168400,0.0100538100,0.0103658700,0.0105298400,0.0105831000
2016-09-06,0.0012370989,0.0015517737,0.0027424557,0.0039990084,0.0052033139,0.0065276984,0.0086632298,0.0100827798,0.0103938610,0.0105573580,0.0106170775
2016-09-05,0.0013077330,0.0016174327,0.0028126008,0.0040546915,0.0052619614,0.0065783874,0.0087098694,0.0101118330,0.0104219276,0.0105849480,0.0106511640
2016-09-02,0.0013824000,0.0016858700,0.0028845400,0.0041111500,0.0053212700,0.0066294700,0.0087567600,0.0101409700,0.0104500700,0.0106126100,0.0106853600
2016-09-01,0.0015093875,0.0018431440,0.0030052445,0.0041924511,0.0054212115,0.0067262634,0.0088245675,0.0101727153,0.0104813083,0.0106313485,0.0107062396
2016-08-31,0.0016480400,0.0020150900,0.0031310000,0.0042753600,0.0055230300,0.0068244700,0.0088929000,0.0102045600,0.0105126400,0.0106501200,0.0107271600
2016-08-30,0.0017507100,0.0021079000,0.0032510800,0.0043668100,0.0055629300,0.0068275200,0.0089222700,0.0101885900,0.0104913100,0.0106260000,0.0107012000
2016-08-29,0.0017722400,0.0021341000,0.0033411400,0.0045078400,0.0056935700,0.0069564000,0.0091358300,0.0104562800,0.0107667300,0.0109050400,0.0109823900
2016-08-26,0.0018884700,0.0022752800,0.0033969100,0.0045029700,0.0057001400,0.0069773500,0.0090082500,0.0103063700,0.0106158500,0.0107536000,0.0108304000
2016-08-25,0.0019000600,0.0022789900,0.0034124800,0.0045471600,0.0057454900,0.0070119200,0.0090791700,0.0103608000,0.0106701300,0.0108079700,0.0108857300
2016-08-24,0.0017844000,0.0021407700,0.0032640400,0.0044246200,0.0056772400,0.0069518300,0.0090096000,0.0103546900,0.0106628500,0.0108003000,0.0108769600
2016-08-23,0.0018732700,0.0022146900,0.0033412200,0.0045066000,0.0057523300,0.0070450600,0.0091114700,0.0104645500,0.0107673500,0.0109266600,0.0109974600
2016-08-22,0.0020195900,0.0024016600,0.0035555000,0.0047227200,0.0059849500,0.0072811500,0.0093513900,0.0106939500,0.0110051900,0.0111689700,0.0112224100
2016-08-19,0.0019424300,0.0023444400,0.0034946500,0.0046591300,0.0059223300,0.0072190100,0.0092770500,0.0106326200,0.0109507900,0.0111183700,0.0111934400
2016-08-18,0.0017990300,0.0021742100,0.0033056800,0.0044679000,0.0057264500,0.0070233800,0.0090909200,0.0104406100,0.0107530500,0.0108924400,0.0109712600
2016-08-17,0.0017588500,0.0021707000,0.0032858700,0.0044274700,0.0056884400,0.0069831900,0.0090388700,0.0103921800,0.0107128400,0.0108560300,0.0109369800
2016-08-16,0.0015672200,0.0019183900,0.0030442600,0.0041835700,0.0054421100,0.0067348100,0.0087880500,0.0101392600,0.0104466600,0.0105836400,0.0106609400
2016-08-15,0.0016350500,0.0019950700,0.0031160000,0.0042659300,0.0055151200,0.0068035700,0.0088599000,0.0102006700,0.0105071700,0.0106687500,0.0107200500
2016-08-12,0.0018473700,0.0022360000,0.0033382500,0.0044413300,0.0056366700,0.0069286800,0.0089379700,0.0101996400,0.0105071400,0.0106443000,0.0107213500
2016-08-11,0.0017282400,0.0020882400,0.0032023300,0.0043505200,0.0056103600,0.0069161300,0.0089789900,0.0102672900,0.0105763000,0.0107392800,0.0108115100
2016-08-10,0.0017267400,0.0020922900,0.0032198700,0.0043907600,0.0056431100,0.0069634700,0.0090332500,0.0103242500,0.0106350300,0.0107988600,0.0108736700
2016-08-09,0.0015717600,0.0018948900,0.0030950400,0.0043345100,0.0055914600,0.0069049800,0.0090383100,0.0103832700,0.0106949500,0.0108341000,0.0109137600
2016-08-08,0.0015726700,0.0018867000,0.0030853100,0.0043260700,0.0055930800,0.0069001700,0.0089969500,0.0103793100,0.0106806000,0.0108147600,0.0108933500
2016-08-05,0.0018548300,0.0021821200,0.0033033300,0.0044725000,0.0057359200,0.0070205000,0.0090232200,0.0103613000,0.0106540200,0.0107833500,0.0108575300
2016-08-04,0.0019945200,0.0023300600,0.0034838900,0.0046477100,0.0059198600,0.0072128100,0.0092462100,0.0105662500,0.0108649000,0.0109972400,0.0110725600
2016-08-03,0.0022025600,0.0025666000,0.0036994700,0.0048755800,0.0061517300,0.0074389400,0.0094887200,0.0107916900,0.0110997400,0.0112614600,0.0113154500
2016-08-02,0.0021801600,0.0025601900,0.0037201800,0.0049174400,0.0061850700,0.0074850900,0.0095151200,0.0108562100,0.0111730600,0.0113395700,0.0113951600
2016-08-01,0.0020238900,0.0023735600,0.0035250700,0.0047139300,0.0059717100,0.0072754400,0.0093000300,0.0106465800,0.0109744400,0.0111337200,0.0112013700
2016-07-29,0.0021415800,0.0024863300,0.0036297800,0.0048233700,0.0060735000,0.0073812000,0.0094221900,0.0107337300,0.0110385700,0.0111987700,0.0112719200
2016-07-28,0.0022395100,0.0026689200,0.0038379900,0.0050065100,0.0062200900,0.0074948200,0.0094996100,0.0107841400,0.0111972800,0.0114146400,0.0114683100
2016-07-27,0.0023194000,0.0026809900,0.0038365300,0.0050058100,0.0062279400,0.0075025000,0.0096250100,0.0108249500,0.0111281000,0.0112624800,0.0113916300
2016-07-26,0.0022663800,0.0026593200,0.0038327100,0.0050202100,0.0063033700,0.0076240500,0.0097242000,0.0110113800,0.0113310600,0.0114989000,0.0116361400
2016-07-25,0.0021538200,0.0025234500,0.0036938100,0.0048438800,0.0060599600,0.0073511300,0.0094608800,0.0106944600,0.0110030300,0.0111400800,0.0112186900
2016-07-22,0.0020896336,0.0024412151,0.0036032909,0.0047448068,0.0059604429,0.0072512464,0.0093608815,0.0105943817,0.0108978624,0.0110325864,0.0111090896
2016-07-21,0.0020273600,0.0023616600,0.0035149900,0.0046477600,0.0058625600,0.0071527200,0.0092619400,0.0104952400,0.0107937000,0.0109261300,0.0110005600
2016-07-20,0.0023088500,0.0026644900,0.0038156600,0.0049475900,0.0061477600,0.0074204000,0.0094990500,0.0107108100,0.0110089000,0.0111409300,0.0112163400
2016-07-19,0.0024496700,0.0028646400,0.0040353500,0.0051850200,0.0063997500,0.0076885700,0.0097923200,0.0110205400,0.0113368700,0.0114773800,0.0115570100
2016-07-18,0.0022905400,0.0026706800,0.0038400700,0.0049887600,0.0062025200,0.0074901300,0.0095916800,0.0108182200,0.0111303300,0.0112692300,0.0113486100
2016-07-15,0.0021428000,0.0025062800,0.0036800900,0.0048324100,0.0060499900,0.0073414700,0.0094502800,0.0106809500,0.0109934100,0.0111328000,0.0112131200
2016-07-14,0.0020520400,0.0023334800,0.0034861700,0.0046709700,0.0059413700,0.0072560600,0.0093445100,0.0106378200,0.0109078000,0.0110374200,0.0111161200
2016-07-13,0.0022053500,0.0025158900,0.0036898100,0.0048957000,0.0061823200,0.0075125900,0.0095987600,0.0109211900,0.0112263800,0.0113867300,0.0114620800
2016-07-12,0.0023835200,0.0025992600,0.0037813400,0.0049907900,0.0062745200,0.0076100300,0.0096929400,0.0110097000,0.0112263800,0.0113295300,0.0114015100
2016-07-11,0.0028876100,0.0031703500,0.0043872000,0.0056363200,0.0069249800,0.0082564900,0.0103430400,0.0116667000,0.0120331800,0.0121971400,0.0122592900
2016-07-08,0.0029125755,0.0031948934,0.0044075992,0.0056471906,0.0069337533,0.0082646980,0.0103347333,0.0116479392,0.0120471238,0.0122239464,0.0122807015
2016-07-07,0.0029377568,0.0032196269,0.0044280932,0.0056580822,0.0069425376,0.0082729142,0.0103264332,0.0116292085,0.0120610837,0.0122508117,0.0123021504
2016-07-06,0.0029631558,0.0032445518,0.0044486825,0.0056689947,0.0069513331,0.0082811385,0.0103181398,0.0116105080,0.0120750599,0.0122777361,0.0123236368
2016-07-05,0.0029887744,0.0032696697,0.0044693676,0.0056799283,0.0069601398,0.0082893711,0.0103098531,0.0115918376,0.0120890522,0.0123047197,0.0123451607
2016-07-04,0.0030146145,0.0032949820,0.0044901488,0.0056908831,0.0069689576,0.0082976118,0.0103015730,0.0115731971,0.0121030607,0.0123317625,0.0123667222
2016-07-01,0.0030406780,0.0033204903,0.0045110267,0.0057018589,0.0069777866,0.0083058607,0.0102932996,0.0115545867,0.0121170855,0.0123588648,0.0123883214
2016-06-30,0.0030669669,0.0033461960,0.0045320016,0.0057128559,0.0069866267,0.0083141178,0.0102850328,0.0115360062,0.0121311265,0.0123860267,0.0124099583
2016-06-29,0.0030934830,0.0033721008,0.0045530741,0.0057238741,0.0069954781,0.0083223831,0.0102767726,0.0115174555,0.0121451838,0.0124132482,0.0124316330
2016-06-28,0.0031202284,0.0033982061,0.0045742445,0.0057349136,0.0070043407,0.0083306566,0.0102685191,0.0114989347,0.0121592574,0.0124405296,0.0124533455
2016-06-27,0.0031472050,0.0034245135,0.0045955134,0.0057459743,0.0070132145,0.0083389384,0.0102602722,0.0114804437,0.0121733473,0.0124678709,0.0124750959
2016-06-24,0.0031744149,0.0034510246,0.0046168812,0.0057570564,0.0070220995,0.0083472284,0.0102520320,0.0114619824,0.0121874535,0.0124952723,0.0124968844
2016-06-23,0.0032018600,0.0034777409,0.0046383483,0.0057681599,0.0070309958,0.0083555266,0.0102437983,0.0114435508,0.0122015760,0.0125227340,0.0125187109
2016-06-22,0.0032295424,0.0035046640,0.0046599153,0.0057792847,0.0070399034,0.0083638331,0.0102355713,0.0114251488,0.0122157150,0.0125502559,0.0125405755
2016-06-21,0.0032574641,0.0035317955,0.0046815825,0.0057904311,0.0070488223,0.0083721478,0.0102273509,0.0114067764,0.0122298703,0.0125778384,0.0125624783
2016-06-20,0.0032856272,0.0035591371,0.0047033505,0.0058015989,0.0070577524,0.0083804708,0.0102191371,0.0113884336,0.0122440420,0.0126054815,0.0125844194
2016-06-17,0.0039885125,0.0041868259,0.0053816781,0.0065204524,0.0077787537,0.0091180314,0.0111209453,0.0123829694,0.0132191268,0.0135715888,0.0135779322
2016-06-16,0.0044463165,0.0046047067,0.0058150490,0.0069390812,0.0082227841,0.0095651921,0.0115533393,0.0128165874,0.0135628175,0.0138686354,0.0138693936
2016-06-15,0.0041076715,0.0042548640,0.0054516005,0.0065661715,0.0078345814,0.0091582022,0.0111464250,0.0124206436,0.0131741590,0.0134842430,0.0134027627
2016-06-14,0.0042087473,0.0044076143,0.0056132839,0.0067345197,0.0080160446,0.0093714978,0.0113691830,0.0126221668,0.0134243180,0.0137726554,0.0137009382
2016-06-13,0.0038928941,0.0041308101,0.0053348768,0.0064705675,0.0077556203,0.0091066291,0.0111396960,0.0124123380,0.0133180302,0.0137443284,0.0137143140
2016-06-10,0.0034316161,0.0037208761,0.0048906093,0.0059882425,0.0072620304,0.0086267677,0.0106052340,0.0118114741,0.0130397108,0.0135970204,0.0134618748
2016-06-09,0.0030976518,0.0033655409,0.0045163056,0.0056631780,0.0069751699,0.0083453950,0.0103077729,0.0115059706,0.0127446039,0.0133194786,0.0131211058
2016-06-08,0.0031464873,0.0033402236,0.0044854758,0.0055598513,0.0068145061,0.0081309634,0.0100742809,0.0112503242,0.0124240075,0.0130110780,0.0126037933
2016-06-07,0.0028273322,0.0030900392,0.0042208950,0.0053556255,0.0066398831,0.0079530267,0.0098334780,0.0109742290,0.0120369484,0.0125975139,0.0123239165
2016-06-06,0.0029593460,0.0033309784,0.0044815097,0.0055852919,0.0068707796,0.0081828943,0.0100419359,0.0111303395,0.0119725772,0.0124094525,0.0124856311
2016-06-03,0.0030374050,0.0033075687,0.0044534296,0.0055544821,0.0068037185,0.0080846356,0.0098734043,0.0109620839,0.0114091423,0.0117498327,0.0120247142
2016-06-02,0.0028341569,0.0031453387,0.0043187725,0.0054231381,0.0066818391,0.0079893480,0.0098616527,0.0109605353,0.0109936401,0.0114178926,0.0124796439
2016-06-01,0.0026042455,0.0029290202,0.0040916617,0.0052315507,0.0065169306,0.0078366988,0.0097221953,0.0108339524,0.0108561044,0.0112823789,0.0123174490
2016-05-31,0.0023998813,0.0026882827,0.0038665803,0.0050315912,0.0063236136,0.0076111234,0.0095287103,0.0107420734,0.0115028071,0.0118808058,0.0121083123
2016-05-30,0.0023831040,0.0027022609,0.0038492271,0.0049924856,0.0062872485,0.0076000699,0.0094494133,0.0105889044,0.0114849031,0.0119902580,0.0119717332
2016-05-27,0.0023933763,0.0027162030,0.0038746939,0.0050043176,0.0062769635,0.0075905867,0.0094519873,0.0105751764,0.0104637250,0.0108940008,0.0119456879
2016-05-26,0.0024238712,0.0027336887,0.0039101162,0.0050074294,0.0062631308,0.0075665901,0.0094222300,0.0105345942,0.0112160730,0.0116857023,0.0119435967
2016-05-25,0.0024230007,0.0027470160,0.0039060454,0.0050359088,0.0063084253,0.0076213535,0.0094808093,0.0106024362,0.0104632179,0.0108940331,0.0119799891
2016-05-24,0.0027196246,0.0030450849,0.0042083428,0.0053237811,0.0065722435,0.0078853876,0.0097364469,0.0108596600,0.0119126390,0.0124173185,0.0123011254
2016-05-23,0.0028892409,0.0032137867,0.0043832879,0.0055217639,0.0067957214,0.0081049903,0.0099694112,0.0111228561,0.0121362669,0.0126403744,0.0125511153
2016-05-20,0.0029586672,0.0032846143,0.0044587578,0.0055519832,0.0067995155,0.0080882990,0.0099201787,0.0110583768,0.0120683525,0.0125730363,0.0125636964
2016-05-19,0.0030568238,0.0034712221,0.0046536463,0.0057548100,0.0070176318,0.0083510606,0.0102531243,0.0113581835,0.0120602972,0.0125376846,0.0128665988
2016-05-18,0.0027535092,0.0031733541,0.0043428218,0.0055050772,0.0068064447,0.0081339044,0.0100388587,0.0111870288,0.0110003116,0.0114279830,0.0125810534
2016-05-17,0.0026578677,0.0030863937,0.0042967056,0.0055035996,0.0068459510,0.0081797553,0.0100770497,0.0112150225,0.0102157963,0.0105295076,0.0121689139
2016-05-16,0.0031280726,0.0034131884,0.0046044039,0.0057103861,0.0069593260,0.0082454969,0.0100900397,0.0112369447,0.0110874829,0.0115131161,0.0127007641
2016-05-13,0.0030187502,0.0031927480,0.0043564969,0.0055306277,0.0068179741,0.0081281400,0.0100508641,0.0112548280,0.0120502191,0.0123686810,0.0126501205
2016-05-12,0.0028040725,0.0031070756,0.0043013037,0.0054064973,0.0066714324,0.0079771532,0.0098238304,0.0109719562,0.0119084359,0.0124135716,0.0123714270
2016-05-11,0.0028050014,0.0031054413,0.0043039198,0.0054202014,0.0066744470,0.0079795521,0.0098528511,0.0109841961,0.0118386559,0.0122755920,0.0122907276
2016-05-10,0.0027042686,0.0029837690,0.0042428658,0.0053788880,0.0066621738,0.0079534398,0.0099351940,0.0110253407,0.0114419742,0.0116946484,0.0118546451
2016-05-09,0.0029477731,0.0032415875,0.0044577372,0.0055586826,0.0068418243,0.0081334792,0.0100514272,0.0111652121,0.0115309989,0.0118951189,0.0124072494
2016-05-06,0.0030918822,0.0033696634,0.0046404824,0.0058408964,0.0071247655,0.0084479649,0.0104415161,0.0115295560,0.0106540191,0.0107647400,0.0121181536
2016-05-05,0.0029504050,0.0033067994,0.0045959329,0.0057957895,0.0070809889,0.0084283213,0.0104335431,0.0115297137,0.0113123964,0.0114946207,0.0122341134
2016-05-04,0.0030372681,0.0033959397,0.0046263225,0.0058317932,0.0071543757,0.0085157634,0.0104821075,0.0115733527,0.0101270467,0.0103926855,0.0124624247
2016-05-03,0.0028774982,0.0032090499,0.0044224298,0.0056035412,0.0069094821,0.0082472492,0.0101879838,0.0112809506,0.0103036595,0.0106170144,0.0122847739
2016-05-02,0.0025129762,0.0028189279,0.0039925217,0.0051466815,0.0064355055,0.0077580829,0.0096626308,0.0107938277,0.0106455357,0.0110765598,0.0122277026
2016-04-29,0.0025127372,0.0028186024,0.0039915925,0.0051450144,0.0064356129,0.0077580985,0.0096615720,0.0107920281,0.0106462951,0.0110774920,0.0122287490
2016-04-28,0.0020358719,0.0023905975,0.0036230236,0.0047542823,0.0060088244,0.0073323775,0.0092377326,0.0102905752,0.0098362480,0.0101798662,0.0114777256
2016-04-27,0.0020110395,0.0023657869,0.0035982111,0.0047294882,0.0059840816,0.0073077610,0.0092135274,0.0102668040,0.0095086634,0.0097881751,0.0112716809
2016-04-26,0.0020432375,0.0023547097,0.0034974259,0.0047149253,0.0060376389,0.0073824629,0.0092930041,0.0103656943,0.0093020140,0.0095242085,0.0112018315
2016-04-25,0.0019904630,0.0023668421,0.0034964627,0.0047018125,0.0060184373,0.0073745966,0.0092786674,0.0103522660,0.0097478809,0.0099666392,0.0111036727
2016-04-22,0.0019016225,0.0022503892,0.0033481835,0.0044235974,0.0057202288,0.0070388932,0.0088630345,0.0099276371,0.0103336416,0.0105533821,0.0104349638
2016-04-21,0.0020893930,0.0023175447,0.0034284096,0.0045375990,0.0058295957,0.0071543749,0.0090323827,0.0101626410,0.0112989222,0.0117266230,0.0114997626
2016-04-20,0.0023603318,0.0025492825,0.0037278718,0.0049141958,0.0061951565,0.0075208674,0.0094607560,0.0105890565,0.0112537899,0.0115006610,0.0113638120
2016-04-19,0.0024534805,0.0026852959,0.0038173994,0.0049359763,0.0062344962,0.0075758586,0.0094685438,0.0106103633,0.0116453524,0.0121229849,0.0118641914
2016-04-18,0.0026007040,0.0027847553,0.0040121161,0.0051576402,0.0064200462,0.0077559101,0.0096916649,0.0108072757,0.0115508022,0.0117970384,0.0116434964
2016-04-15,0.0027532136,0.0030018100,0.0041265411,0.0052608105,0.0065753313,0.0079357251,0.0098185058,0.0109786878,0.0121403554,0.0126925397,0.0123957130
2016-04-14,0.0026134538,0.0028756527,0.0039844466,0.0051375837,0.0064573581,0.0078297360,0.0097214788,0.0108389918,0.0118513620,0.0123257098,0.0122980217
2016-04-13,0.0030989462,0.0033466436,0.0044691013,0.0056212946,0.0069397474,0.0083068976,0.0101995554,0.0113157333,0.0122081887,0.0126309151,0.0126881778
2016-04-12,0.0034334376,0.0036580288,0.0048240116,0.0060681722,0.0073677848,0.0087002425,0.0106702199,0.0117618373,0.0123685272,0.0125990427,0.0127334060
2016-04-11,0.0036356476,0.0038557221,0.0049935869,0.0061601023,0.0074769327,0.0088296607,0.0107506817,0.0118858025,0.0126960848,0.0130334629,0.0130615529
2016-04-08,0.0037004975,0.0039184003,0.0051248398,0.0062717524,0.0075336586,0.0088710841,0.0107935787,0.0118663747,0.0123872690,0.0125389848,0.0123910797
2016-04-07,0.0038643138,0.0040924597,0.0052841949,0.0065190430,0.0078237758,0.0091731367,0.0111358722,0.0122273098,0.0126484618,0.0128013095,0.0128256419
2016-04-06,0.0033398308,0.0035761321,0.0047720636,0.0060520879,0.0074130481,0.0087753981,0.0107690982,0.0119001579,0.0121949930,0.0123143942,0.0124091259
2016-04-05,0.0031864915,0.0033904625,0.0046080659,0.0058366264,0.0071608167,0.0085018357,0.0104169163,0.0115675088,0.0117535062,0.0117504536,0.0118104779
2016-04-04,0.0028252055,0.0029581356,0.0041739409,0.0054548398,0.0068123627,0.0081643563,0.0101803941,0.0113434125,0.0113927173,0.0113907131,0.0113869854
2016-04-01,0.0029064228,0.0030944225,0.0043117142,0.0055618189,0.0068683752,0.0081994411,0.0101955061,0.0113675141,0.0113927343,0.0114402999,0.0114356411
2016-03-31,0.0028732163,0.0030624202,0.0042831215,0.0055272972,0.0068480193,0.0081830934,0.0101645165,0.0113283641,0.0114944955,0.0115918650,0.0115872306
2016-03-30,0.0028437027,0.0030633744,0.0042313489,0.0054778877,0.0067920404,0.0081045007,0.0100860464,0.0111908148,0.0115682385,0.0117554503,0.0117774190
2016-03-29,0.0031727510,0.0034098594,0.0045857570,0.0058726506,0.0072137469,0.0085702507,0.0105743470,0.0116912846,0.0119709158,0.0121393181,0.0121563006
2016-03-28,0.0032872016,0.0035242306,0.0047001582,0.0059761654,0.0073149170,0.0086530540,0.0106571946,0.0118300092,0.0120540566,0.0121724391,0.0121872212
2016-03-25,0.0032871705,0.0035242018,0.0047002509,0.0059762581,0.0073150086,0.0086531126,0.0106571834,0.0118298953,0.0120544684,0.0121730228,0.0121878101
2016-03-24,0.0032869157,0.0035238003,0.0046996120,0.0059755927,0.0073163678,0.0086547029,0.0106587023,0.0118319513,0.0120517013,0.0121693119,0.0121838752
2016-03-23,0.0031583260,0.0033448685,0.0045385397,0.0057638385,0.0070643470,0.0083681501,0.0103560083,0.0115487025,0.0111737307,0.0112295439,0.0116283751
2016-03-22,0.0029430472,0.0032320472,0.0043609419,0.0056349919,0.0069728579,0.0083143760,0.0102814494,0.0114175092,0.0106975018,0.0109085119,0.0121424370
2016-03-21,0.0026088937,0.0029268603,0.0040600894,0.0053083150,0.0066168475,0.0079347801,0.0098941173,0.0110438209,0.0112791589,0.0114307522,0.0117848218
2016-03-18,0.0020791875,0.0023793711,0.0035195879,0.0047854785,0.0061087464,0.0074382140,0.0094286884,0.0105908969,0.0098515486,0.0099585345,0.0111741953
2016-03-17,0.0021104169,0.0024831309,0.0035785000,0.0048331059,0.0061610213,0.0074990876,0.0094473734,0.0105890662,0.0101509434,0.0100247329,0.0100861760
2016-03-16,0.0023086731,0.0026109485,0.0037499277,0.0049799186,0.0062580827,0.0075566310,0.0095194205,0.0106673423,0.0110996271,0.0112791587,0.0112879796
2016-03-15,0.0020506256,0.0023431826,0.0034748433,0.0047261014,0.0060312231,0.0073374175,0.0093056647,0.0104597438,0.0108453233,0.0110595964,0.0110503829
2016-03-14,0.0019067366,0.0022679374,0.0032665416,0.0044863723,0.0057951975,0.0070601875,0.0088458752,0.0099356156,0.0105561564,0.0108232744,0.0108298961
2016-03-11,0.0020522723,0.0024359017,0.0034708503,0.0046246010,0.0058687855,0.0071352643,0.0089377653,0.0100961205,0.0106148131,0.0107948936,0.0109006191
2016-03-10,0.0033684768,0.0036442684,0.0047606869,0.0058793644,0.0071263801,0.0083469523,0.0100242509,0.0110810333,0.0116693203,0.0118776567,0.0118798952
2016-03-09,0.0040884503,0.0043759121,0.0054883381,0.0066428185,0.0078080171,0.0090213310,0.0108649759,0.0120978137,0.0128085433,0.0131378745,0.0131355223
2016-03-08,0.0041890375,0.0044414572,0.0056217664,0.0068121971,0.0080483721,0.0093143181,0.0112497771,0.0124448986,0.0130933180,0.0132366280,0.0126429585
2016-03-07,0.0042224880,0.0044817305,0.0055618780,0.0065925179,0.0078696067,0.0091674378,0.0110177892,0.0122528573,0.0133165317,0.0137927529,0.0135997590
2016-03-04,0.0040894307,0.0043371434,0.0054982270,0.0066374443,0.0079197289,0.0092110458,0.0109782592,0.0121219424,0.0129009771,0.0132696401,0.0132925597
2016-03-03,0.0042649216,0.0045437630,0.0057129401,0.0068909037,0.0081609453,0.0094034216,0.0110899002,0.0121319920,0.0125637419,0.0127361781,0.0128171714
2016-03-02,0.0041704029,0.0044151930,0.0056491258,0.0068521140,0.0081442455,0.0094437804,0.0112494775,0.0123717742,0.0127397410,0.0128987233,0.0129300161
2016-03-01,0.0051271504,0.0053507686,0.0063720963,0.0074367104,0.0086812832,0.0099314535,0.0117033770,0.0129088538,0.0138554182,0.0141574695,0.0141408267
2016-02-29,0.0055793968,0.0058081348,0.0069139062,0.0080271067,0.0092930876,0.0105803747,0.0124624919,0.0136953789,0.0144079543,0.0147035502,0.0146972574
2016-02-26,0.0058524482,0.0061350082,0.0071680615,0.0082239707,0.0094474974,0.0106992065,0.0125031653,0.0137229047,0.0144187185,0.0147191064,0.0147799918
2016-02-25,0.0063565304,0.0066421548,0.0078300964,0.0090295782,0.0102997303,0.0115882056,0.0134827338,0.0146657473,0.0146793807,0.0146982180,0.0147673703
2016-02-24,0.0060903461,0.0063922776,0.0076250114,0.0088660794,0.0101268077,0.0113872263,0.0131972405,0.0143551898,0.0144349032,0.0144958572,0.0145067454
2016-02-23,0.0054330080,0.0057107470,0.0067972048,0.0079176792,0.0091720723,0.0104266764,0.0121295761,0.0132950896,0.0139955453,0.0142634303,0.0141902386
2016-02-22,0.0049337224,0.0051268657,0.0063864294,0.0075977390,0.0088841323,0.0101604531,0.0119989775,0.0132131127,0.0139816576,0.0142486283,0.0141551238
2016-02-19,0.0052388098,0.0054900570,0.0067122935,0.0078971035,0.0091366315,0.0103961410,0.0121367938,0.0133350784,0.0139829807,0.0142301417,0.0141900723
2016-02-18,0.0045982571,0.0048122478,0.0061022727,0.0073049746,0.0085810096,0.0098661160,0.0116805122,0.0129311228,0.0136199968,0.0138609408,0.0138837407
2016-02-17,0.0051945760,0.0054510661,0.0064115147,0.0074337613,0.0086472694,0.0098887860,0.0116190111,0.0128455718,0.0140838422,0.0145981185,0.0143217403
2016-02-16,0.0058091378,0.0060509864,0.0070251078,0.0080750465,0.0092871627,0.0105269569,0.0122688294,0.0134795221,0.0145339690,0.0149455996,0.0147504544
2016-02-15,0.0059113073,0.0061317421,0.0072071887,0.0083736427,0.0096057336,0.0108806959,0.0126791476,0.0139121030,0.0147490053,0.0149970009,0.0148814460
2016-02-12,0.0066741477,0.0068522214,0.0080801891,0.0093326102,0.0105613872,0.0118237735,0.0136409276,0.0148808948,0.0154198714,0.0155857859,0.0155985711
2016-02-11,0.0076979350,0.0079484463,0.0092617065,0.0107022639,0.0118967874,0.0131014935,0.0148221572,0.0159443449,0.0160331430,0.0160014609,0.0161195117
2016-02-10,0.0067947015,0.0070963106,0.0083895554,0.0097700984,0.0109752719,0.0122217864,0.0139609347,0.0151016582,0.0151472091,0.0151675214,0.0152839538
2016-02-09,0.0077829823,0.0082187990,0.0093278489,0.0105326251,0.0116897683,0.0129437858,0.0146660703,0.0157171021,0.0158574342,0.0158999779,0.0161400865
2016-02-08,0.0071331378,0.0073989439,0.0086565059,0.0099993483,0.0111811567,0.0124008890,0.0141801937,0.0153026902,0.0154413048,0.0154146091,0.0155824845
2016-02-05,0.0055943997,0.0059034785,0.0070795622,0.0083482134,0.0095079719,0.0107090828,0.0124275316,0.0135560927,0.0137049405,0.0137133112,0.0138084666
2016-02-04,0.0048805545,0.0051547189,0.0063982110,0.0076787087,0.0088895319,0.0101431675,0.0119641766,0.0130922520,0.0134542430,0.0135116104,0.0134786513
2016-02-03,0.0046521288,0.0048669769,0.0060470172,0.0072750338,0.0085377731,0.0097991397,0.0117289578,0.0129308997,0.0135888636,0.0137926651,0.0137561857
2016-02-02,0.0039580673,0.0043402194,0.0055244882,0.0067184646,0.0079858349,0.0092382367,0.0111601623,0.0123004427,0.0124502822,0.0125810828,0.0125898701
2016-02-01,0.0033951000,0.0037735262,0.0048927326,0.0061446285,0.0073856558,0.0085828263,0.0103006903,0.0113833629,0.0117791568,0.0120158439,0.0120925429
2016-01-29,0.0031582271,0.0035210554,0.0045662325,0.0057605981,0.0069320184,0.0081085542,0.0098082225,0.0108736870,0.0111858044,0.0113963795,0.0113290445
2016-01-28,0.0030768142,0.0034269652,0.0045371374,0.0056873094,0.0069184571,0.0081359195,0.0099574805,0.0111142125,0.0118543206,0.0122763610,0.0121219122
2016-01-27,0.0028810616,0.0032158023,0.0042387399,0.0054071072,0.0066379714,0.0078236810,0.0095405434,0.0106504134,0.0115352773,0.0119004448,0.0118343129
2016-01-26,0.0028512015,0.0031864311,0.0042407101,0.0054022401,0.0066187728,0.0078020459,0.0095846613,0.0106998987,0.0113378677,0.0116520103,0.0117339420
2016-01-25,0.0027564834,0.0030364225,0.0040446301,0.0051740558,0.0063372710,0.0075287954,0.0092741632,0.0104346667,0.0110203499,0.0112950721,0.0114168354
2016-01-22,0.0025550224,0.0028503034,0.0038080411,0.0048891865,0.0060435925,0.0071688264,0.0088001806,0.0099130834,0.0104344484,0.0106651289,0.0108191760
2016-01-21,0.0028151568,0.0031372881,0.0041796782,0.0052853078,0.0064968882,0.0076536621,0.0093813841,0.0105063339,0.0112893852,0.0115992623,0.0117468962
2016-01-20,0.0029514149,0.0032352740,0.0043864642,0.0056085466,0.0068817305,0.0081079685,0.0099143936,0.0110377816,0.0115856484,0.0118316142,0.0117385364
2016-01-19,0.0027975940,0.0031390744,0.0042243537,0.0053818925,0.0065835838,0.0077586429,0.0094136480,0.0104945684,0.0112154890,0.0115278572,0.0114038804
2016-01-18,0.0030100163,0.0033700865,0.0044271311,0.0055764581,0.0067110365,0.0078844182,0.0094750940,0.0105647125,0.0110519130,0.0112263146,0.0112812591
2016-01-15,0.0027686102,0.0031653642,0.0041827111,0.0053023194,0.0064481330,0.0076444391,0.0092392886,0.0103076826,0.0108063921,0.0109789684,0.0110195922
2016-01-14,0.0025307318,0.0028727232,0.0037832275,0.0048110692,0.0058972188,0.0070561317,0.0086538392,0.0097454844,0.0101394249,0.0103046374,0.0104099197
2016-01-13,0.0020707706,0.0024110251,0.0033456313,0.0043631852,0.0054487590,0.0065233702,0.0081351390,0.0091721901,0.0096354231,0.0097932144,0.0099428384
2016-01-12,0.0019940861,0.0022874931,0.0032890339,0.0043624493,0.0054577351,0.0065735675,0.0082786738,0.0093043406,0.0098571167,0.0100149315,0.0101318525
2016-01-11,0.0018899906,0.0022424724,0.0032287362,0.0042494007,0.0053491958,0.0065153330,0.0082501782,0.0093415564,0.0097051387,0.0097551139,0.0097553278
2016-01-08,0.0022792149,0.0026060495,0.0036056589,0.0046389427,0.0057320216,0.0068666141,0.0085998432,0.0097173230,0.0098907990,0.0099906611,0.0100561102
2016-01-07,0.0023975954,0.0027352082,0.0037023312,0.0047278058,0.0057980454,0.0069426544,0.0086288369,0.0097404789,0.0100489579,0.0101855815,0.0102112363
2016-01-06,0.0025221244,0.0028707682,0.0038015954,0.0048183713,0.0058648296,0.0070195368,0.0086579284,0.0097636899,0.0102096459,0.0103843049,0.0103687554
2016-01-05,0.0024872180,0.0028190886,0.0037519465,0.0047871772,0.0058346341,0.0069895223,0.0086278621,0.0097510244,0.0103026355,0.0105007295,0.0104564146
2016-01-04,0.0025873255,0.0028287357,0.0037619901,0.0048228050,0.0059274301,0.0071044572,0.0087849262,0.0099144959,0.0106585189,0.0108936977,0.0108863130
2016-01-01,0.0024666801,0.0026557858,0.0035207971,0.0045422666,0.0056748607,0.0067810368,0.0083703945,0.0095216755,0.0103262661,0.0106689016,0.0109850271
2015-12-31,0.0024666982,0.0026557780,0.0035208707,0.0045424306,0.0056751128,0.0067813567,0.0083706249,0.0095217462,0.0103264371,0.0106691200,0.0109853226
2015-12-30,0.0024167424,0.0026557807,0.0035208856,0.0045424590,0.0056502166,0.0067815014,0.0083873965,0.0095217791,0.0101767376,0.0104191951,0.0107009531
2015-12-29,0.0022370671,0.0026077708,0.0035000524,0.0044864076,0.0055065894,0.0067293935,0.0083956197,0.0095363542,0.0101502680,0.0102923675,0.0100947909
2015-12-28,0.0023627834,0.0026428418,0.0035477428,0.0045732136,0.0056508677,0.0068320592,0.0084578231,0.0095800839,0.0103986290,0.0106938238,0.0105032278
2015-12-25,0.0023627360,0.0026427383,0.0035476913,0.0045731982,0.0056508445,0.0068320265,0.0084578563,0.0095803200,0.0104013844,0.0106971559,0.0105058308
2015-12-24,0.0023627387,0.0026427263,0.0035477064,0.0045732312,0.0056508847,0.0068320790,0.0084578978,0.0095803354,0.0104014979,0.0106973317,0.0105059986
2015-12-23,0.0024530155,0.0026058328,0.0035636262,0.0046262831,0.0057366475,0.0068842239,0.0085983943,0.0097328483,0.0102839931,0.0104808202,0.0106028700
2015-12-22,0.0025476686,0.0027065424,0.0036814697,0.0047359973,0.0057055647,0.0069447147,0.0086909334,0.0098301204,0.0103483257,0.0105464005,0.0104742076
2015-12-21,0.0024801227,0.0028038345,0.0037609702,0.0047976762,0.0057665821,0.0070520281,0.0086240551,0.0096354982,0.0101679734,0.0104664842,0.0106874089
2015-12-18,0.0023531829,0.0027263009,0.0036297340,0.0046290796,0.0057599456,0.0068578812,0.0084463375,0.0095045593,0.0098612085,0.0100558266,0.0101559831
2015-12-17,0.0023072962,0.0026797044,0.0036242822,0.0046361551,0.0057681060,0.0068566256,0.0084116328,0.0094609588,0.0097461767,0.0099064767,0.0100936335
2015-12-16,0.0022790460,0.0027142334,0.0036348475,0.0046289866,0.0057931021,0.0069142891,0.0085050284,0.0095810338,0.0098101362,0.0099100709,0.0100390409
2015-12-15,0.0024550251,0.0028225619,0.0037438421,0.0047961118,0.0059578964,0.0070902654,0.0086453640,0.0097285091,0.0101723118,0.0103720178,0.0104708669
2015-12-14,0.0027458205,0.0031181178,0.0041087044,0.0051687625,0.0063378703,0.0074551122,0.0090213129,0.0100670170,0.0104661205,0.0107019825,0.0107696762
2015-12-11,0.0025345326,0.0029462063,0.0038930075,0.0049609967,0.0061405032,0.0072897265,0.0088105891,0.0098392709,0.0103691680,0.0106017821,0.0106923289
2015-12-10,0.0021475790,0.0026272989,0.0035528619,0.0045779919,0.0057324608,0.0068836382,0.0083682959,0.0093636284,0.0098260746,0.0100338944,0.0101534599
2015-12-09,0.0022659525,0.0025916714,0.0034968337,0.0045432674,0.0056957506,0.0067978933,0.0083000564,0.0093301259,0.0097494089,0.0099431103,0.0100952688
2015-12-08,0.0023004844,0.0025476436,0.0035220148,0.0045556428,0.0056809673,0.0067703092,0.0084251465,0.0094262961,0.0098417531,0.0100304107,0.0101391251
2015-12-07,0.0019146247,0.0022794784,0.0031635441,0.0041556156,0.0052785631,0.0063814179,0.0079254129,0.0089427845,0.0096150280,0.0098501998,0.0100750191
2015-12-04,0.0020935411,0.0023675660,0.0032911470,0.0043223315,0.0054770042,0.0065802516,0.0081501119,0.0091866798,0.0095589380,0.0096862241,0.0098045713
2015-12-03,0.0019730722,0.0022424852,0.0031806641,0.0042369695,0.0054431794,0.0065708084,0.0082273757,0.0092790927,0.0094307164,0.0095304738,0.0096875695
2015-12-02,0.0018809742,0.0022175603,0.0031466089,0.0041807461,0.0053480840,0.0064804103,0.0080338669,0.0090210289,0.0093885747,0.0095330214,0.0096958948
2015-12-01,0.0022551459,0.0026436462,0.0035514154,0.0045880627,0.0057781184,0.0069286649,0.0084187431,0.0094311796,0.0100083399,0.0102539748,0.0104872868
2015-11-30,0.0021599173,0.0026301315,0.0035287833,0.0045548161,0.0057724277,0.0069397198,0.0084506435,0.0094704969,0.0097523481,0.0098338522,0.0099003271
2015-11-27,0.0022231861,0.0027017411,0.0036389096,0.0046427476,0.0058446393,0.0070088562,0.0085185623,0.0095447145,0.0096607838,0.0097114418,0.0098743773
2015-11-26,0.0022479969,0.0027339094,0.0036592670,0.0046449044,0.0058074910,0.0069681654,0.0085447986,0.0095692167,0.0097602659,0.0098603082,0.0099730747
2015-11-25,0.0022853434,0.0027935899,0.0037426344,0.0047345849,0.0059006055,0.0070745736,0.0086348768,0.0096436801,0.0100079377,0.0101568620,0.0102540305
2015-11-24,0.0024908393,0.0028675230,0.0038775631,0.0049354221,0.0060975698,0.0072582337,0.0088296916,0.0098428597,0.0104915424,0.0108013938,0.0109996061
2015-11-23,0.0023057220,0.0028108451,0.0037838570,0.0048049721,0.0059393994,0.0070521109,0.0086040288,0.0095889762,0.0099097338,0.0100587822,0.0101071583
2015-11-20,0.0024491867,0.0028386018,0.0038028577,0.0048662542,0.0059993992,0.0070812885,0.0087146182,0.0096798132,0.0102507417,0.0104984496,0.0106485648
2015-11-19,0.0024611232,0.0028424880,0.0037881023,0.0048342135,0.0060095707,0.0070865852,0.0087724045,0.0097377461,0.0105184264,0.0108261445,0.0109223542
2015-11-18,0.0023468152,0.0028186802,0.0037391686,0.0047653931,0.0059328529,0.0070476410,0.0086867559,0.0097122513,0.0102052340,0.0104029109,0.0102560766
2015-11-17,0.0025687943,0.0029645793,0.0038755818,0.0049193516,0.0061334148,0.0072596833,0.0088858598,0.0099385952,0.0108032212,0.0111331751,0.0110221600
2015-11-16,0.0027235109,0.0031471327,0.0041489516,0.0052638100,0.0064908402,0.0076410855,0.0092576636,0.0102739114,0.0108614715,0.0110804104,0.0112819496
2015-11-13,0.0027665976,0.0031502136,0.0041257686,0.0052385389,0.0064459903,0.0075991523,0.0092382694,0.0102956829,0.0108623149,0.0110813530,0.0112829976
2015-11-12,0.0027510544,0.0030713893,0.0040901672,0.0052114267,0.0064313051,0.0075867196,0.0093455652,0.0103980321,0.0110049440,0.0112514544,0.0113152235
2015-11-11,0.0023559704,0.0028716752,0.0037600800,0.0047861287,0.0060320567,0.0071882568,0.0087598975,0.0097141146,0.0102077678,0.0104192597,0.0104003472
2015-11-10,0.0025541912,0.0030114807,0.0039541032,0.0050081501,0.0062246570,0.0073537956,0.0089387707,0.0099234683,0.0103533744,0.0105505051,0.0104529947
2015-11-09,0.0023633614,0.0027755907,0.0037064141,0.0047259230,0.0059094945,0.0069684062,0.0086148944,0.0096164311,0.0106012003,0.0110078357,0.0108664217
2015-11-06,0.0023231263,0.0026832907,0.0036007286,0.0045850531,0.0057298399,0.0068013910,0.0084009776,0.0094316920,0.0103769936,0.0107316230,0.0108778383
2015-11-05,0.0023594500,0.0027026976,0.0036567364,0.0046418901,0.0057880943,0.0068188794,0.0083684532,0.0093343896,0.0102236987,0.0105723701,0.0107138778
2015-11-04,0.0021610514,0.0025829482,0.0034922715,0.0044576553,0.0056236259,0.0066872909,0.0082819918,0.0092667734,0.0101470447,0.0104479182,0.0103905383
2015-11-03,0.0020007409,0.0025045770,0.0033820152,0.0043423946,0.0055004683,0.0066041927,0.0082297449,0.0092409641,0.0099537249,0.0102275977,0.0102599523
2015-11-02,0.0021266395,0.0026609265,0.0035485369,0.0044903949,0.0056483223,0.0067627454,0.0083615076,0.0093598469,0.0099018540,0.0101373501,0.0102259529
2015-10-30,0.0022121848,0.0027327322,0.0036155564,0.0045850217,0.0057818573,0.0069084799,0.0084876951,0.0094919699,0.0098624214,0.0100603110,0.0102046563
2015-10-29,0.0022825655,0.0027399995,0.0035653462,0.0045593150,0.0057446847,0.0068769377,0.0084630421,0.0095218738,0.0099084401,0.0101184087,0.0102149704
2015-10-28,0.0023791025,0.0028618407,0.0037002458,0.0046819041,0.0058657518,0.0069207546,0.0085009797,0.0095320281,0.0099339930,0.0101556999,0.0102040522
2015-10-27,0.0025867681,0.0030231947,0.0039396760,0.0049230760,0.0061011015,0.0071066536,0.0087154239,0.0097235209,0.0101488715,0.0103868256,0.0103868431
2015-10-26,0.0024242166,0.0028254556,0.0037009432,0.0046885475,0.0058708500,0.0069592347,0.0085181506,0.0095524240,0.0099532172,0.0101882324,0.0102135049
2015-10-23,0.0023899502,0.0027460865,0.0036111991,0.0046128742,0.0057868311,0.0069645160,0.0085028432,0.0095690043,0.0100537505,0.0102890017,0.0103156127
2015-10-22,0.0026737859,0.0030804485,0.0039840837,0.0050260026,0.0062428835,0.0073373997,0.0089410688,0.0099928234,0.0104902588,0.0108020651,0.0111129005
2015-10-21,0.0027663707,0.0032874712,0.0041366747,0.0051468872,0.0063697922,0.0075489376,0.0090927213,0.0101655197,0.0105253422,0.0107647583,0.0110730639
2015-10-20,0.0029970097,0.0035256342,0.0043877178,0.0053929495,0.0066094672,0.0078165090,0.0093563668,0.0104061367,0.0105794339,0.0106988125,0.0109057921
2015-10-19,0.0030173426,0.0035078169,0.0044067534,0.0054220693,0.0066281065,0.0078087995,0.0093523234,0.0104121792,0.0103939542,0.0103934333,0.0104987787
2015-10-16,0.0032686343,0.0036846877,0.0045832418,0.0056244914,0.0067972714,0.0080408789,0.0095510119,0.0106226695,0.0108892971,0.0108894935,0.0106539830
2015-10-15,0.0033159911,0.0036299621,0.0045915378,0.0055720927,0.0067980327,0.0079946965,0.0097173757,0.0109536567,0.0119039623,0.0122904618,0.0124129655
2015-10-14,0.0032221550,0.0036081492,0.0045393268,0.0056147171,0.0068796178,0.0080706771,0.0098034570,0.0108676259,0.0116725006,0.0120087124,0.0117584585
2015-10-13,0.0032162734,0.0036129403,0.0045070310,0.0055534440,0.0067474671,0.0079666257,0.0095095947,0.0105699769,0.0108893015,0.0110119904,0.0109346663
2015-10-12,0.0029756286,0.0033279936,0.0042282306,0.0053202842,0.0065515555,0.0077323623,0.0093748024,0.0104302939,0.0109851213,0.0112565142,0.0111952841
2015-10-09,0.0030132965,0.0034891621,0.0043710060,0.0054136608,0.0066320117,0.0078173607,0.0094314235,0.0104640984,0.0105938872,0.0106427983,0.0107108789
2015-10-08,0.0032593853,0.0036959171,0.0045701636,0.0055264420,0.0067702539,0.0079712239,0.0096242015,0.0107717091,0.0112009809,0.0113721703,0.0113001197
2015-10-07,0.0029243550,0.0033133126,0.0042237560,0.0052779431,0.0065094808,0.0076881215,0.0093277909,0.0103894879,0.0111205187,0.0114351192,0.0112676641
2015-10-06,0.0031699614,0.0035587868,0.0044586441,0.0055063933,0.0067384060,0.0079923734,0.0096519619,0.0107451463,0.0117884713,0.0122242221,0.0120266254
2015-10-05,0.0034572919,0.0038866846,0.0047480589,0.0057757965,0.0070018103,0.0082755977,0.0098638583,0.0109358249,0.0119105610,0.0122966355,0.0121056247
2015-10-02,0.0041290727,0.0045228267,0.0053923097,0.0063842418,0.0075835390,0.0088432619,0.0104034543,0.0115149464,0.0124502509,0.0127974231,0.0126067107
2015-10-01,0.0039348196,0.0044125032,0.0053256130,0.0062479719,0.0075261831,0.0087470476,0.0105402891,0.0117660882,0.0126304995,0.0129268295,0.0127445085
2015-09-30,0.0043507970,0.0046843908,0.0055785632,0.0065412121,0.0077203277,0.0089130987,0.0105289466,0.0117205101,0.0124912869,0.0127293359,0.0125599709
2015-09-29,0.0039774262,0.0042896446,0.0052453830,0.0062655266,0.0074968400,0.0087211912,0.0103843326,0.0116275742,0.0124686914,0.0128216926,0.0130040237
2015-09-28,0.0036685756,0.0040957241,0.0050470889,0.0060652590,0.0072954281,0.0084837804,0.0101516610,0.0112921918,0.0114772667,0.0116233132,0.0115208375
2015-09-25,0.0032890392,0.0036658452,0.0046044264,0.0055971229,0.0068313628,0.0080129552,0.0097649911,0.0109527526,0.0115112401,0.0117962804,0.0117465167
2015-09-24,0.0034462058,0.0038854957,0.0048259819,0.0058468875,0.0070507439,0.0082560456,0.0099029781,0.0110255255,0.0110323390,0.0110805573,0.0111454511
2015-09-23,0.0032169727,0.0036522238,0.0045717015,0.0055848132,0.0067802388,0.0079710384,0.0096003541,0.0107186101,0.0109889608,0.0110857152,0.0110547598
2015-09-22,0.0033464507,0.0036871689,0.0046543052,0.0057070746,0.0068797132,0.0080600670,0.0096737784,0.0108277970,0.0115585927,0.0118456544,0.0116651943
2015-09-21,0.0028868149,0.0032566712,0.0041631088,0.0052153860,0.0064168604,0.0076371772,0.0092810662,0.0103701962,0.0114634020,0.0118416375,0.0114881626
2015-09-18,0.0027226710,0.0030516646,0.0039448045,0.0050061928,0.0062047369,0.0073937908,0.0089991890,0.0100671891,0.0108983998,0.0112127144,0.0109344523
2015-09-17,0.0025819047,0.0030106344,0.0038658806,0.0048521732,0.0060159057,0.0072403168,0.0087967891,0.0098614623,0.0103037937,0.0104511204,0.0102963918
2015-09-16,0.0026497151,0.0029636812,0.0038633164,0.0049235908,0.0060946300,0.0073223034,0.0089097971,0.0100213155,0.0109009068,0.0111656194,0.0111017122
2015-09-15,0.0028982075,0.0033107542,0.0041952337,0.0051325674,0.0063270070,0.0075646432,0.0092311358,0.0104180732,0.0110091180,0.0111532918,0.0110262918
2015-09-14,0.0028497024,0.0031126440,0.0041388776,0.0051786999,0.0064198747,0.0076237648,0.0094196614,0.0106176590,0.0110923457,0.0113111443,0.0115148097
2015-09-11,0.0028259002,0.0032532651,0.0041152970,0.0051467270,0.0063494226,0.0076210066,0.0092047272,0.0102618250,0.0105534876,0.0106305398,0.0106204697
2015-09-10,0.0027882817,0.0032083453,0.0040881352,0.0051376399,0.0063421293,0.0075979982,0.0091846708,0.0102589566,0.0104966171,0.0105555976,0.0105707398
2015-09-09,0.0026210084,0.0029792623,0.0039450269,0.0050305289,0.0062575334,0.0074596523,0.0091163227,0.0101558950,0.0103306296,0.0103638730,0.0103885309
2015-09-08,0.0028607998,0.0031977256,0.0041664028,0.0052929907,0.0065476842,0.0077737208,0.0094860748,0.0105420393,0.0109179571,0.0110182585,0.0109896116
2015-09-07,0.0029647465,0.0032509036,0.0043027241,0.0054789424,0.0067670040,0.0080019891,0.0098118689,0.0109125118,0.0113904835,0.0115446894,0.0117028930
2015-09-04,0.0031291668,0.0034796495,0.0044501065,0.0055727065,0.0068335468,0.0080799751,0.0097982967,0.0108605819,0.0111396067,0.0111348829,0.0110122871
2015-09-03,0.0029342914,0.0032310679,0.0042270444,0.0053439515,0.0066272857,0.0078573568,0.0095881995,0.0106269185,0.0108653291,0.0108656027,0.0107886093
2015-09-02,0.0031043415,0.0033096399,0.0043852663,0.0055256031,0.0067616308,0.0079916670,0.0097550141,0.0108312062,0.0110647107,0.0110656351,0.0109858498
2015-09-01,0.0031970672,0.0035477621,0.0045089216,0.0056020321,0.0068292953,0.0081156836,0.0097727097,0.0108510341,0.0111655741,0.0112179069,0.0111240093
2015-08-31,0.0027809468,0.0031449292,0.0041480166,0.0052407111,0.0064863834,0.0077202013,0.0094617468,0.0105146450,0.0107685519,0.0108692587,0.0107821792
2015-08-28,0.0027816281,0.0031457563,0.0041491094,0.0052423328,0.0064905979,0.0077255942,0.0094683803,0.0105232636,0.0107676360,0.0108678847,0.0107778209
2015-08-27,0.0027863063,0.0031619518,0.0041109064,0.0051696227,0.0063825364,0.0076319820,0.0092893794,0.0103704226,0.0107696415,0.0109193742,0.0108974907
2015-08-26,0.0033649935,0.0037075621,0.0046625904,0.0057228408,0.0068845939,0.0081022630,0.0097334241,0.0108792945,0.0116410665,0.0119807350,0.0120529377
2015-08-25,0.0035084373,0.0039175677,0.0048512742,0.0058625687,0.0070553627,0.0082734268,0.0099628577,0.0111565904,0.0121064475,0.0124482284,0.0122295251
2015-08-24,0.0039106063,0.0042927153,0.0052847740,0.0063378972,0.0074987746,0.0086787806,0.0103042501,0.0114965173,0.0120593441,0.0122199002,0.0122142098
2015-08-21,0.0033932493,0.0037733989,0.0047482981,0.0057767564,0.0069959939,0.0081406159,0.0098363366,0.0110059798,0.0114335299,0.0116626104,0.0116517565
2015-08-20,0.0031586312,0.0035774627,0.0044531481,0.0054699716,0.0066226196,0.0078788998,0.0094098224,0.0105191062,0.0110225488,0.0112726244,0.0113084431
2015-08-19,0.0029430368,0.0033284078,0.0042976696,0.0053584217,0.0065419145,0.0077402432,0.0094672684,0.0105316584,0.0111314445,0.0114135855,0.0114969336
2015-08-18,0.0026412251,0.0031643692,0.0040744432,0.0050398452,0.0061433220,0.0073806868,0.0089074254,0.0100008789,0.0105401220,0.0107823714,0.0108167922
2015-08-17,0.0027076752,0.0032087942,0.0041172326,0.0051271543,0.0062757107,0.0074870763,0.0090546857,0.0101265487,0.0106419602,0.0108614638,0.0108516762
2015-08-14,0.0027757972,0.0032538429,0.0041604714,0.0052159759,0.0064109524,0.0075949993,0.0092043805,0.0102537976,0.0107447824,0.0109411363,0.0108866726
2015-08-13,0.0028609955,0.0032200811,0.0041583305,0.0052356715,0.0064696721,0.0076131705,0.0093330689,0.0104200792,0.0113501385,0.0117252986,0.0115771832
2015-08-12,0.0030824614,0.0033369502,0.0042986282,0.0054066551,0.0066272400,0.0078951153,0.0095527355,0.0106352776,0.0112889336,0.0115146078,0.0117266546
2015-08-11,0.0030172712,0.0033208503,0.0043257885,0.0054310298,0.0066543326,0.0078051530,0.0095825532,0.0106536101,0.0111673434,0.0113901890,0.0113440539
2015-08-10,0.0028197792,0.0030569111,0.0040496397,0.0051530622,0.0063779243,0.0075156999,0.0092842895,0.0103142545,0.0108521142,0.0110705236,0.0110378792
2015-08-07,0.0031028828,0.0032869458,0.0042863773,0.0052953231,0.0064763941,0.0076136026,0.0093002908,0.0104816029,0.0110119096,0.0112267083,0.0111871778
2015-08-06,0.0029280843,0.0031410347,0.0041075928,0.0051180533,0.0062819296,0.0074710345,0.0091169706,0.0102610551,0.0107834260,0.0109955570,0.0109886396
2015-08-05,0.0027604683,0.0030362117,0.0040024662,0.0050706132,0.0062708660,0.0074750500,0.0091652932,0.0102132740,0.0107188301,0.0108977884,0.0108686187
2015-08-04,0.0028265915,0.0031727264,0.0041204182,0.0051921840,0.0063958852,0.0076078949,0.0092625919,0.0103072445,0.0106197749,0.0107202260,0.0107005632
2015-08-03,0.0026394485,0.0029190450,0.0038947555,0.0049800366,0.0061867783,0.0073109124,0.0090397272,0.0100675746,0.0104167065,0.0105913252,0.0107239355
2015-07-31,0.0026597324,0.0030801000,0.0040173723,0.0050201950,0.0061620562,0.0073518628,0.0089146876,0.0099875943,0.0103115736,0.0103563002,0.0100903557
2015-07-30,0.0027690305,0.0030334789,0.0040348043,0.0051039637,0.0062738774,0.0073999445,0.0090988663,0.0101693872,0.0107987357,0.0110425149,0.0109996527
2015-07-29,0.0029294614,0.0032584279,0.0041460103,0.0051019145,0.0062965994,0.0074024261,0.0090613404,0.0102201371,0.0109063746,0.0112218885,0.0111745364
2015-07-28,0.0028450330,0.0031299942,0.0040751195,0.0050685790,0.0062403033,0.0073845163,0.0090924983,0.0102133535,0.0107678286,0.0109789716,0.0111825445
2015-07-27,0.0028995821,0.0032212557,0.0041595268,0.0051220299,0.0062730786,0.0075006055,0.0091241327,0.0102490843,0.0108179994,0.0110614682,0.0112981294
2015-07-24,0.0026924948,0.0030342647,0.0038856926,0.0047966978,0.0059469969,0.0071319211,0.0086700683,0.0098012919,0.0104583245,0.0107682417,0.0110202580
2015-07-23,0.0026157282,0.0030028907,0.0038760476,0.0048224910,0.0059582279,0.0070913996,0.0085914540,0.0097273922,0.0101093289,0.0102813200,0.0104120400
2015-07-22,0.0026507013,0.0031008073,0.0039644091,0.0048679788,0.0060099609,0.0071829147,0.0086692424,0.0097562313,0.0099548993,0.0100544510,0.0100042443
2015-07-21,0.0022653606,0.0025700589,0.0035398526,0.0046036355,0.0057473866,0.0070173623,0.0085669163,0.0096517161,0.0100271296,0.0102256397,0.0101739877
2015-07-20,0.0023133550,0.0025689364,0.0035440440,0.0045796167,0.0056887199,0.0068854647,0.0084141357,0.0095355265,0.0101843565,0.0105416062,0.0104609354
2015-07-17,0.0024050759,0.0026365620,0.0036253939,0.0046992132,0.0058501325,0.0070646477,0.0086008111,0.0096854779,0.0101486635,0.0103608132,0.0103733891
2015-07-16,0.0026790919,0.0030064504,0.0039588708,0.0049842241,0.0061169987,0.0073198237,0.0087891153,0.0098938140,0.0103451979,0.0105570215,0.0105678035
2015-07-15,0.0028882178,0.0032762583,0.0042834902,0.0052883120,0.0064387974,0.0075994861,0.0090957916,0.0102038993,0.0106445517,0.0108203060,0.0107764001
2015-07-14,0.0030231480,0.0034031649,0.0043592833,0.0054034856,0.0065464855,0.0077577611,0.0092332214,0.0103018817,0.0108079640,0.0110317800,0.0111078635
2015-07-13,0.0030522795,0.0034416700,0.0044003971,0.0054403916,0.0065796871,0.0078015819,0.0092882500,0.0103591765,0.0108095059,0.0110335561,0.0111103181
2015-07-10,0.0036515614,0.0039735398,0.0049921912,0.0060893431,0.0072382352,0.0084746784,0.0099596040,0.0110829665,0.0116588609,0.0119008592,0.0118620298
2015-07-09,0.0046847119,0.0050015075,0.0059588432,0.0069313196,0.0080871028,0.0093376163,0.0108900736,0.0120537070,0.0120540412,0.0120571094,0.0121866952
2015-07-08,0.0049773259,0.0053136672,0.0063417309,0.0073783264,0.0085259437,0.0097625289,0.0112004009,0.0123822830,0.0122102084,0.0122063467,0.0123626813
2015-07-07,0.0049105464,0.0052469839,0.0062916739,0.0073615053,0.0084926776,0.0097117388,0.0111679478,0.0123326532,0.0123120495,0.0123095934,0.0124212738
2015-07-06,0.0046608944,0.0049643209,0.0060529015,0.0071838612,0.0083093145,0.0095286103,0.0110629160,0.0121440144,0.0123556803,0.0123877730,0.0124371216
2015-07-03,0.0043525368,0.0046241806,0.0056992122,0.0068182698,0.0080007103,0.0091574334,0.0107068137,0.0119063972,0.0122972333,0.0124245988,0.0124610646
2015-07-02,0.0043503502,0.0045797758,0.0055353326,0.0065890261,0.0077138401,0.0088827000,0.0104974961,0.0115722044,0.0116351656,0.0116372029,0.0117632470
2015-07-01,0.0042683911,0.0045885550,0.0055561321,0.0065250209,0.0076409399,0.0088467066,0.0104337686,0.0115856970,0.0116725242,0.0116749748,0.0117518275
2015-06-30,0.0043011158,0.0046390649,0.0057118074,0.0068398063,0.0079541897,0.0091032145,0.0106999510,0.0117360031,0.0117338991,0.0117330721,0.0118547136
2015-06-29,0.0042917568,0.0046728562,0.0057028243,0.0067781361,0.0079351081,0.0091428599,0.0108220880,0.0119511423,0.0118811279,0.0118779296,0.0119533895
2015-06-26,0.0030831321,0.0034252529,0.0043607336,0.0053916950,0.0065504608,0.0078397725,0.0094759339,0.0105239200,0.0108457672,0.0109452990,0.0110431966
2015-06-25,0.0032957113,0.0036005158,0.0045728217,0.0056520237,0.0068155874,0.0080717320,0.0097167145,0.0108198657,0.0114124565,0.0116384878,0.0118206166
2015-06-24,0.0033300857,0.0036940856,0.0046793034,0.0056674271,0.0068345163,0.0080227319,0.0097290931,0.0108810008,0.0113007302,0.0114568560,0.0116020702
2015-06-23,0.0029458148,0.0031841994,0.0042462346,0.0053189655,0.0064388244,0.0076279657,0.0092350916,0.0102864948,0.0106901456,0.0108530697,0.0109576646
2015-06-22,0.0033657445,0.0035113385,0.0045538363,0.0056487428,0.0068047244,0.0080358412,0.0096471177,0.0107337119,0.0112308923,0.0114659438,0.0114724123
2015-06-19,0.0040909317,0.0043560000,0.0054525992,0.0066062122,0.0077064214,0.0088209228,0.0104090848,0.0114429824,0.0114914899,0.0114910613,0.0115584423
2015-06-18,0.0043894549,0.0046775536,0.0057271859,0.0067905089,0.0079068552,0.0090503992,0.0106351220,0.0117538451,0.0117979115,0.0117971107,0.0118469471
2015-06-17,0.0040663742,0.0043372400,0.0053015217,0.0063389759,0.0074557776,0.0086241772,0.0101766654,0.0113068705,0.0113602029,0.0113606613,0.0114636970
2015-06-16,0.0037759264,0.0040665221,0.0051102265,0.0062187064,0.0073061708,0.0084615634,0.0099706932,0.0110592451,0.0110657712,0.0110656322,0.0111904080
2015-06-15,0.0032945634,0.0036026377,0.0047301664,0.0058589083,0.0069682545,0.0081108245,0.0096994376,0.0107401909,0.0107059184,0.0107048863,0.0108689737
2015-06-12,0.0029321109,0.0031618149,0.0042221625,0.0053106477,0.0064201403,0.0076172964,0.0091832282,0.0102441036,0.0101708234,0.0101706187,0.0103587500
2015-06-11,0.0024624125,0.0028851285,0.0039304475,0.0049804966,0.0060453062,0.0071183062,0.0086554460,0.0096029138,0.0096399932,0.0096403555,0.0096410847
2015-06-10,0.0026535819,0.0030370234,0.0039981334,0.0049690613,0.0060527206,0.0071877542,0.0086726598,0.0096984018,0.0098846885,0.0099571073,0.0100231504
2015-06-09,0.0026608746,0.0029786586,0.0039968817,0.0050943698,0.0062054795,0.0073901043,0.0088873844,0.0099371538,0.0102828606,0.0104336924,0.0105717600
2015-06-08,0.0028508790,0.0031501770,0.0041137784,0.0051600561,0.0062756520,0.0074061305,0.0089113580,0.0099572448,0.0103659505,0.0105198696,0.0106617823
2015-06-05,0.0027228326,0.0029573013,0.0039321479,0.0050137297,0.0061157115,0.0072871713,0.0088048302,0.0098787445,0.0103027745,0.0104894150,0.0105290007
2015-06-04,0.0024595567,0.0026855142,0.0036287753,0.0046812928,0.0058157494,0.0070480434,0.0085225044,0.0096681770,0.0104802069,0.0108546356,0.0107424620
2015-06-03,0.0022751236,0.0025955173,0.0035806932,0.0045989336,0.0056984458,0.0068636377,0.0083625430,0.0094734623,0.0102000883,0.0105201237,0.0104866822
2015-06-02,0.0024696580,0.0027204193,0.0036990893,0.0047442409,0.0058468185,0.0069616962,0.0085012316,0.0095603110,0.0099859845,0.0102011578,0.0102805162
2015-06-01,0.0028649371,0.0030201484,0.0040124210,0.0050551842,0.0061391052,0.0073018022,0.0088547088,0.0099276764,0.0102468148,0.0103978139,0.0105208596
2015-05-29,0.0027931449,0.0030341237,0.0040310207,0.0050102201,0.0060601276,0.0071716544,0.0086244042,0.0096668838,0.0097223176,0.0097554653,0.0098218663
2015-05-28,0.0027543282,0.0029408531,0.0038864996,0.0048810329,0.0059570393,0.0070905987,0.0086114369,0.0096917728,0.0099028930,0.0100491436,0.0101846754
2015-05-27,0.0025919670,0.0028385364,0.0038200600,0.0048298898,0.0059138574,0.0069928523,0.0084950980,0.0095490335,0.0096672483,0.0097755777,0.0099394795
2015-05-26,0.0028261404,0.0031293573,0.0041787432,0.0052429458,0.0063129497,0.0074257428,0.0088644996,0.0098940615,0.0098160794,0.0098161873,0.0098666315
2015-05-25,0.0026426871,0.0029795282,0.0040020449,0.0050421302,0.0060763485,0.0071343370,0.0086477264,0.0096637930,0.0095609702,0.0095611284,0.0097400927
2015-05-22,0.0026426745,0.0029795203,0.0040019733,0.0050418574,0.0060762927,0.0071342921,0.0086477619,0.0096638352,0.0095611477,0.0095614020,0.0097404770
2015-05-21,0.0025820547,0.0027760879,0.0039083083,0.0049814667,0.0060417669,0.0071129968,0.0086028101,0.0096175843,0.0096729463,0.0096725137,0.0098267939
2015-05-20,0.0026840200,0.0028864356,0.0039449482,0.0049642146,0.0060514443,0.0071583228,0.0086427024,0.0096768925,0.0098281133,0.0098777212,0.0100129810
2015-05-19,0.0027185742,0.0028585594,0.0039442202,0.0050072921,0.0060829825,0.0071739084,0.0086432368,0.0097242521,0.0100281062,0.0101269305,0.0102110075
2015-05-18,0.0024526787,0.0027343301,0.0038375732,0.0049989909,0.0061071882,0.0072470561,0.0086819095,0.0097911283,0.0104172333,0.0106694182,0.0108455296
2015-05-15,0.0023908168,0.0026245453,0.0035753278,0.0046357300,0.0057383091,0.0069273282,0.0084518617,0.0095388147,0.0101520798,0.0104331277,0.0105388296
2015-05-14,0.0024102622,0.0026853967,0.0036411484,0.0047061158,0.0058318597,0.0070634662,0.0085383178,0.0097037023,0.0105241044,0.0108777525,0.0108612624
2015-05-13,0.0024779461,0.0027643898,0.0037211477,0.0047773130,0.0059142512,0.0071378531,0.0086085434,0.0097403452,0.0104421457,0.0107825034,0.0108867177
2015-05-12,0.0027357127,0.0028499006,0.0038882343,0.0049382376,0.0060411196,0.0072173756,0.0087022720,0.0098073111,0.0103007189,0.0105319235,0.0105630714
2015-05-11,0.0025505105,0.0027856959,0.0038535343,0.0049184693,0.0059685732,0.0070390171,0.0084385846,0.0095473213,0.0098538098,0.0100010385,0.0101030897
2015-05-08,0.0023452039,0.0025609792,0.0036388976,0.0047290914,0.0058169147,0.0069748243,0.0083956585,0.0095262141,0.0100752858,0.0102980844,0.0103064557
2015-05-07,0.0024146209,0.0027386615,0.0038201678,0.0048871492,0.0059469167,0.0070884938,0.0085385877,0.0095650922,0.0095847492,0.0095846292,0.0095848312
2015-05-06,0.0026958456,0.0027613128,0.0038269350,0.0048912530,0.0059813009,0.0070724017,0.0086180537,0.0096457268,0.0101680932,0.0103938659,0.0104640691
2015-05-05,0.0023355128,0.0026689104,0.0036506668,0.0046663581,0.0057188885,0.0068559708,0.0082975991,0.0093107527,0.0092824608,0.0092818805,0.0092819860
2015-05-04,0.0020902242,0.0023637578,0.0032907059,0.0043622782,0.0054647344,0.0065743112,0.0080830662,0.0091091961,0.0095643191,0.0097730090,0.0099733346
2015-05-01,0.0020902302,0.0023637360,0.0032905914,0.0043621330,0.0054646132,0.0065742719,0.0080831742,0.0091094720,0.0095643740,0.0097732368,0.0099737618
2015-04-30,0.0021002690,0.0023937470,0.0033202581,0.0043915264,0.0054936937,0.0066030770,0.0081117493,0.0091378679,0.0096118144,0.0098204044,0.0099870564
2015-04-29,0.0020729048,0.0024081670,0.0033376193,0.0043909242,0.0055138423,0.0066623935,0.0081381012,0.0092394555,0.0096893598,0.0099075000,0.0100177112
2015-04-28,0.0019650790,0.0023245399,0.0032805088,0.0042587305,0.0053762380,0.0065524957,0.0080954116,0.0091244244,0.0091267922,0.0091278867,0.0092951677
2015-04-27,0.0021072309,0.0024441673,0.0033530173,0.0043653438,0.0054474658,0.0065543379,0.0079856405,0.0091005072,0.0095274441,0.0097398955,0.0098690833
2015-04-24,0.0023287612,0.0026724220,0.0036486156,0.0045988552,0.0056549642,0.0067391101,0.0081890589,0.0091669240,0.0092710023,0.0092713301,0.0092728275
2015-04-23,0.0022094603,0.0025377051,0.0034402378,0.0044276599,0.0055286020,0.0066960127,0.0081604335,0.0092308820,0.0094257852,0.0095338597,0.0096349052
2015-04-22,0.0024215566,0.0027694534,0.0036903094,0.0047074921,0.0058114828,0.0069431321,0.0084145285,0.0094775963,0.0097538928,0.0098650203,0.0099681192
2015-04-21,0.0025818241,0.0029501053,0.0038364475,0.0048403464,0.0059443715,0.0071713596,0.0086570682,0.0096882513,0.0098368843,0.0098929983,0.0099454715
2015-04-20,0.0024326520,0.0029102259,0.0038004101,0.0047840539,0.0058991179,0.0071287066,0.0085265084,0.0096449294,0.0096614790,0.0096619403,0.0096637125
2015-04-17,0.0027960800,0.0030575794,0.0040316379,0.0050295127,0.0060999116,0.0072421561,0.0087169027,0.0098151494,0.0101451874,0.0102974282,0.0103983852
2015-04-16,0.0023877553,0.0027164553,0.0036495463,0.0046644595,0.0057672296,0.0068924710,0.0083761748,0.0094511673,0.0097055007,0.0098157501,0.0099169963
2015-04-15,0.0019344652,0.0022636277,0.0031545955,0.0041259606,0.0052190020,0.0063354961,0.0078083545,0.0088754933,0.0090583092,0.0091631106,0.0093010600
2015-04-14,0.0018866513,0.0022441405,0.0031150714,0.0040813749,0.0051627631,0.0063191413,0.0077778328,0.0088547104,0.0090824229,0.0091862709,0.0092854578
2015-04-13,0.0017180812,0.0020757749,0.0029313384,0.0038813007,0.0049563591,0.0061057022,0.0075575741,0.0086283133,0.0087995234,0.0089000214,0.0089970714
2015-04-10,0.0016884285,0.0020884078,0.0029468501,0.0039039544,0.0049958655,0.0061210044,0.0075623530,0.0087062016,0.0089559388,0.0090930949,0.0091862010
2015-04-09,0.0018365281,0.0021800458,0.0030666845,0.0040381215,0.0051201421,0.0062299535,0.0077173341,0.0088123629,0.0089833150,0.0090869372,0.0091816704
2015-04-08,0.0018692134,0.0022883779,0.0032097323,0.0041616380,0.0051699271,0.0062165582,0.0076870064,0.0088843774,0.0089661547,0.0090160427,0.0091311969
2015-04-07,0.0022311423,0.0023651034,0.0033389454,0.0043125548,0.0053272339,0.0063614837,0.0078605064,0.0089264034,0.0091941834,0.0093328876,0.0094348260
2015-04-06,0.0021590544,0.0024021157,0.0033920202,0.0044072118,0.0054477782,0.0065043514,0.0080545880,0.0091192537,0.0096241868,0.0098393922,0.0098715546
2015-04-03,0.0023362629,0.0024015611,0.0034259796,0.0044505113,0.0054987815,0.0065498688,0.0081130452,0.0091350917,0.0096247841,0.0098402007,0.0098722185
2015-04-02,0.0023370339,0.0024022395,0.0034263458,0.0044509047,0.0055015351,0.0065529637,0.0081156691,0.0091368988,0.0096246177,0.0098402450,0.0098719720
2015-04-01,0.0021893015,0.0023974727,0.0033213971,0.0043000108,0.0053298584,0.0063725215,0.0078639560,0.0090476461,0.0094561091,0.0096667943,0.0097269501
2015-03-31,0.0020703278,0.0024656917,0.0033890271,0.0043426828,0.0053519987,0.0063992432,0.0079289263,0.0091939914,0.0091972911,0.0091980068,0.0093438484
2015-03-30,0.0020504862,0.0022911114,0.0031657926,0.0041416902,0.0051833091,0.0062881177,0.0078328109,0.0090827637,0.0090500825,0.0090507791,0.0090542609
2015-03-27,0.0018261036,0.0022863173,0.0031724825,0.0040914877,0.0051601168,0.0063574883,0.0078326866,0.0089997309,0.0089377336,0.0089401656,0.0091429947
2015-03-26,0.0018533630,0.0023134951,0.0032313686,0.0041821088,0.0052505074,0.0064491808,0.0079219892,0.0090880323,0.0089379476,0.0089402914,0.0091434344
2015-03-25,0.0021010701,0.0023499372,0.0032385627,0.0042341679,0.0053123312,0.0064830586,0.0079766467,0.0091375906,0.0094333311,0.0096421845,0.0097723554
2015-03-24,0.0021283130,0.0023770982,0.0032683169,0.0042672490,0.0053484840,0.0065222795,0.0080198395,0.0091839825,0.0095546632,0.0097660150,0.0098561560
2015-03-23,0.0019221891,0.0023473750,0.0032446496,0.0041826732,0.0052662877,0.0064692610,0.0079552360,0.0090562511,0.0089854889,0.0089881245,0.0089922655
2015-03-20,0.0017633945,0.0022142947,0.0030879015,0.0040420444,0.0051124589,0.0063241630,0.0078071995,0.0089563390,0.0090029514,0.0090521644,0.0091081121
2015-03-19,0.0016177181,0.0020887590,0.0029387258,0.0039061438,0.0049631235,0.0061823195,0.0076619178,0.0088575292,0.0090204478,0.0091166606,0.0092254512
2015-03-18,0.0015931943,0.0019663992,0.0028530496,0.0038405738,0.0049380742,0.0061253939,0.0076260569,0.0087828864,0.0090617877,0.0092058044,0.0093689184
2015-03-17,0.0016150061,0.0019289618,0.0028254927,0.0037681129,0.0048138243,0.0059199034,0.0073972462,0.0085912751,0.0088204374,0.0089235324,0.0090471008
2015-03-16,0.0013432198,0.0015928758,0.0024368146,0.0033378103,0.0043924115,0.0055215063,0.0070003344,0.0081840763,0.0084309566,0.0085317515,0.0086305411
2015-03-13,0.0013017953,0.0015631065,0.0024558655,0.0034223668,0.0045725903,0.0057417550,0.0073499945,0.0085344760,0.0083522660,0.0083563562,0.0085697327
2015-03-12,0.0013303166,0.0017015817,0.0026389935,0.0036003578,0.0046088844,0.0056745074,0.0071796981,0.0084469946,0.0085840405,0.0085831163,0.0086531950
2015-03-11,0.0014368163,0.0017961726,0.0026908409,0.0036637586,0.0046920223,0.0058269635,0.0072939142,0.0084861341,0.0089094573,0.0091145332,0.0092383088
2015-03-10,0.0015249056,0.0018389395,0.0027567238,0.0037390035,0.0047649378,0.0058374621,0.0073632968,0.0085370952,0.0088371283,0.0089405661,0.0090526777
2015-03-09,0.0014518026,0.0017425716,0.0026438689,0.0036486863,0.0046895913,0.0057934267,0.0073292491,0.0085525126,0.0087806176,0.0089164572,0.0090311211
2015-03-06,0.0009014282,0.0013637929,0.0022399221,0.0031571062,0.0042806328,0.0055182868,0.0070057207,0.0081514900,0.0082595212,0.0082998931,0.0083892670
2015-03-05,0.0011806369,0.0015308129,0.0024572196,0.0034163057,0.0044456218,0.0055880578,0.0070880945,0.0083417456,0.0083882305,0.0083877864,0.0085549817
2015-03-04,0.0014207450,0.0017704924,0.0026962261,0.0036549155,0.0046838112,0.0058280181,0.0073242065,0.0085765262,0.0086329355,0.0086325149,0.0087487324
2015-03-03,0.0015554656,0.0017623300,0.0026997243,0.0037205838,0.0047453023,0.0058064915,0.0073468679,0.0085858590,0.0087583498,0.0088919864,0.0090098064
2015-03-02,0.0011686206,0.0015387996,0.0024774786,0.0034822804,0.0045522515,0.0056854651,0.0073427430,0.0084941358,0.0084706736,0.0084706257,0.0084710770
2015-02-27,0.0013676102,0.0016778302,0.0024518760,0.0032980291,0.0043629295,0.0055222161,0.0070316571,0.0082353335,0.0085575343,0.0086873618,0.0088109448
2015-02-26,0.0013244858,0.0015131201,0.0024789822,0.0035109722,0.0045874716,0.0057018522,0.0072809505,0.0085336511,0.0088232500,0.0089597732,0.0089918629
2015-02-25,0.0016516582,0.0019166481,0.0028629362,0.0038860353,0.0049988135,0.0061502925,0.0077659697,0.0090287678,0.0092237954,0.0093311663,0.0093984924
2015-02-24,0.0016589768,0.0019237950,0.0028845399,0.0039219361,0.0050345656,0.0061855019,0.0078288882,0.0091187737,0.0093946933,0.0095022713,0.0095346644
2015-02-23,0.0018114480,0.0020761834,0.0030437388,0.0040883598,0.0052027681,0.0063551391,0.0080002849,0.0092910572,0.0095293192,0.0096383594,0.0096995293
2015-02-20,0.0020364990,0.0023328545,0.0033532968,0.0043272205,0.0053903674,0.0065418506,0.0081327844,0.0092848593,0.0093591692,0.0093595912,0.0094811477
2015-02-19,0.0018803716,0.0022117795,0.0032467351,0.0042791716,0.0053583207,0.0065065823,0.0081425332,0.0093685101,0.0093589686,0.0093594552,0.0094808544
2015-02-18,0.0020162357,0.0022809808,0.0032612658,0.0043195186,0.0054378126,0.0065942571,0.0082445231,0.0095389976,0.0097765312,0.0098888654,0.0099576429
2015-02-17,0.0024942481,0.0027500403,0.0037086677,0.0047417986,0.0058234380,0.0070243061,0.0086066196,0.0099296834,0.0100733490,0.0100738601,0.0100736538
2015-02-16,0.0021423120,0.0025096219,0.0035320736,0.0045520113,0.0056864255,0.0068542356,0.0084775103,0.0097098417,0.0096719317,0.0096720548,0.0097772286
2015-02-13,0.0021112805,0.0023757436,0.0033713053,0.0044467634,0.0055722859,0.0067358966,0.0083957965,0.0096975893,0.0099885365,0.0101051780,0.0101143091
2015-02-12,0.0021191580,0.0024871284,0.0035052788,0.0046007261,0.0056963279,0.0069011701,0.0084494265,0.0097148674,0.0099030241,0.0099034531,0.0099355612
2015-02-11,0.0024203648,0.0026431771,0.0036572392,0.0047992858,0.0058903025,0.0070272444,0.0086895797,0.0100010444,0.0104095954,0.0105686652,0.0105586879
2015-02-10,0.0022796617,0.0024454363,0.0034390360,0.0045859896,0.0057131317,0.0069551303,0.0085935034,0.0098726234,0.0104905937,0.0107287560,0.0106323460
2015-02-09,0.0022489360,0.0025153966,0.0035159245,0.0046043695,0.0057645610,0.0069822485,0.0086558313,0.0098396546,0.0104919255,0.0107307720,0.0106645688
2015-02-06,0.0019464253,0.0022725481,0.0032203867,0.0043199775,0.0054454414,0.0066075497,0.0082390421,0.0095082893,0.0098013123,0.0099530745,0.0100932980
2015-02-05,0.0021749689,0.0025128038,0.0034486829,0.0044387039,0.0055379680,0.0067437199,0.0083045414,0.0094981035,0.0096121714,0.0096125703,0.0096136071
2015-02-04,0.0021896702,0.0024866052,0.0035459077,0.0045230742,0.0056620526,0.0068506847,0.0085327571,0.0095629872,0.0099348503,0.0100429217,0.0099819154
2015-02-03,0.0022503081,0.0025075770,0.0035072794,0.0045818051,0.0056958903,0.0068601608,0.0085240353,0.0096626163,0.0100086235,0.0101907338,0.0102467692
2015-02-02,0.0024422083,0.0027301962,0.0037588994,0.0048620273,0.0059949158,0.0071772618,0.0088553545,0.0100415456,0.0104662691,0.0106556719,0.0106797589
2015-01-30,0.0024640691,0.0027627931,0.0038295378,0.0048849593,0.0060220772,0.0072306738,0.0090339436,0.0102214497,0.0103348664,0.0104045282,0.0104667566
2015-01-29,0.0022851985,0.0025333019,0.0035393856,0.0046786195,0.0057758584,0.0068696886,0.0084873301,0.0098044885,0.0100743509,0.0101913792,0.0102385127
2015-01-28,0.0022517955,0.0024678352,0.0034775044,0.0045918181,0.0056511265,0.0067363067,0.0083767568,0.0095824577,0.0099316162,0.0101101233,0.0102005653
2015-01-27,0.0018344552,0.0021587809,0.0031302416,0.0041835785,0.0052810721,0.0064068945,0.0080371913,0.0092980417,0.0093028383,0.0093030517,0.0093688246
2015-01-26,0.0017399913,0.0020193738,0.0029539890,0.0040530097,0.0051550844,0.0062819502,0.0079182297,0.0092001311,0.0094450290,0.0095559557,0.0096144696
2015-01-23,0.0017475902,0.0020272058,0.0029623157,0.0040616377,0.0051643296,0.0062918390,0.0079278672,0.0092084811,0.0094587531,0.0095685025,0.0096245311
2015-01-22,0.0017375378,0.0020597010,0.0029850515,0.0041328196,0.0052685738,0.0064814445,0.0080904856,0.0093601563,0.0097697447,0.0099208896,0.0099278344
2015-01-21,0.0020011185,0.0023266109,0.0033342521,0.0044744936,0.0055948906,0.0067723893,0.0084140867,0.0096147319,0.0099636863,0.0101201038,0.0101027664
2015-01-20,0.0022109463,0.0025184022,0.0035137780,0.0046615578,0.0058024795,0.0069677031,0.0086583779,0.0099343139,0.0102579531,0.0103763187,0.0103685354
2015-01-19,0.0023786451,0.0027017494,0.0037792496,0.0048665716,0.0059770591,0.0070968935,0.0088020479,0.0099738926,0.0101470090,0.0102100655,0.0102360050
2015-01-16,0.0024332043,0.0026584198,0.0036499478,0.0048372154,0.0059447744,0.0070895627,0.0088082770,0.0101487850,0.0105240088,0.0106845028,0.0108312294
2015-01-15,0.0024910248,0.0026721645,0.0036615411,0.0048456792,0.0059559792,0.0070894753,0.0088199721,0.0101785429,0.0105248493,0.0106854544,0.0108334526
2015-01-14,0.0022829655,0.0026905132,0.0036954691,0.0048631572,0.0060320167,0.0072290513,0.0089006974,0.0101475222,0.0101449747,0.0101449474,0.0101583663
2015-01-13,0.0023709338,0.0027219553,0.0036904914,0.0047799349,0.0059163972,0.0070941903,0.0087888020,0.0099341058,0.0101545758,0.0102816049,0.0102374498
2015-01-12,0.0027665011,0.0031543112,0.0041222343,0.0052294361,0.0063325643,0.0074692727,0.0091962945,0.0105009641,0.0104851893,0.0104844814,0.0105382503
2015-01-09,0.0028311340,0.0032333816,0.0042205138,0.0052754091,0.0064076558,0.0075889625,0.0093016132,0.0104598449,0.0106685500,0.0108139002,0.0108714261
2015-01-08,0.0024223397,0.0028307062,0.0038738272,0.0050155035,0.0061440780,0.0072992995,0.0089705607,0.0102713083,0.0103569412,0.0103576965,0.0103396051
2015-01-07,0.0028448869,0.0032078572,0.0042612677,0.0053207399,0.0064171962,0.0075432550,0.0092533025,0.0104707164,0.0107377414,0.0108268638,0.0108039540
2015-01-06,0.0026688616,0.0030389021,0.0041069794,0.0052473143,0.0064014717,0.0076494838,0.0092575540,0.0104367624,0.0107229767,0.0108131332,0.0108150049
2015-01-05,0.0023278570,0.0027840269,0.0037986999,0.0049954281,0.0061595567,0.0073806127,0.0090386735,0.0102917576,0.0106470673,0.0107800788,0.0107727667
2015-01-02,0.0023711929,0.0025102480,0.0035470070,0.0047389630,0.0058012352,0.0068623252,0.0085520639,0.0099518354,0.0100966346,0.0100966464,0.0100965819
2015-01-01,0.0025802295,0.0027185062,0.0037742880,0.0049904495,0.0060747600,0.0071581118,0.0088775188,0.0103002446,0.0103406509,0.0103408623,0.0103408675
2014-12-31,0.0025803256,0.0027186299,0.0037746048,0.0049909062,0.0060752193,0.0071584701,0.0088776523,0.0103001936,0.0103405954,0.0103407947,0.0103407923
2014-12-30,0.0025804615,0.0027186571,0.0037745937,0.0049908533,0.0060751124,0.0071583423,0.0088776097,0.0102997977,0.0103403197,0.0103403814,0.0103396326
2014-12-29,0.0021638757,0.0024703353,0.0034849949,0.0046676886,0.0058004313,0.0070272531,0.0085157705,0.0098165452,0.0099157775,0.0099554655,0.0100000000
2014-12-26,0.0020558309,0.0023624210,0.0033738040,0.0045516818,0.0056804336,0.0069033832,0.0083868476,0.0096849564,0.0097929157,0.0098211521,0.0098092901
2014-12-25,0.0020558475,0.0023624340,0.0033738231,0.0045519981,0.0056804814,0.0069034076,0.0083868507,0.0096849525,0.0098171074,0.0098486123,0.0098092951
2014-12-24,0.0020559305,0.0023625263,0.0033739194,0.0045521171,0.0056805881,0.0069034783,0.0083868568,0.0096849514,0.0098413496,0.0098761279,0.0098092551
2014-12-23,0.0020310017,0.0023376186,0.0033488778,0.0045271189,0.0056557710,0.0068788715,0.0083625915,0.0096609180,0.0098354503,0.0098676632,0.0097621425
2014-12-22,0.0021361769,0.0024154189,0.0034226880,0.0045012375,0.0056426596,0.0069409380,0.0084353829,0.0095905785,0.0097916581,0.0098306282,0.0097057138
2014-12-19,0.0020952261,0.0025257083,0.0034983326,0.0046367699,0.0057823217,0.0069886217,0.0086485170,0.0098951219,0.0102086550,0.0103347240,0.0103385874
2014-12-18,0.0021936953,0.0026107941,0.0035432138,0.0046697015,0.0057963862,0.0069952220,0.0086507008,0.0098927175,0.0103578255,0.0105457057,0.0104822769
2014-12-17,0.0022619956,0.0026533870,0.0036616311,0.0048499485,0.0060124085,0.0072325912,0.0088900479,0.0101426195,0.0105777290,0.0107079695,0.0106681454
2014-12-16,0.0025039929,0.0029121803,0.0039568251,0.0050792112,0.0062328809,0.0074195052,0.0090391010,0.0103069589,0.0103872634,0.0103873909,0.0103513500
2014-12-15,0.0023489434,0.0025966545,0.0035956788,0.0047494156,0.0059133733,0.0071134549,0.0087885994,0.0100730359,0.0099999998,0.0099999999,0.0101252379
2014-12-12,0.0021855824,0.0025550706,0.0034900699,0.0046039248,0.0057447622,0.0069587120,0.0086565126,0.0099046333,0.0101842708,0.0103104042,0.0103681852
2014-12-11,0.0019008487,0.0022246068,0.0031478525,0.0042298833,0.0053670793,0.0065336188,0.0082034921,0.0094693881,0.0095639318,0.0095638029,0.0096471630
2014-12-10,0.0018573855,0.0021812855,0.0030964249,0.0041696102,0.0053044277,0.0064683193,0.0081346154,0.0093977196,0.0094672335,0.0094677282,0.0095833614
2014-12-09,0.0017644068,0.0021928574,0.0030514722,0.0040851108,0.0051968245,0.0063711893,0.0080439333,0.0092670638,0.0095672057,0.0096850327,0.0097308954
2014-12-08,0.0014811947,0.0020020742,0.0027869100,0.0037871706,0.0049120354,0.0061126196,0.0078063926,0.0089505713,0.0092516634,0.0094186374,0.0094999637
2014-12-05,0.0015189001,0.0018297746,0.0027053886,0.0037302611,0.0048786445,0.0060465018,0.0077141240,0.0089928735,0.0090293657,0.0090290955,0.0091018400
2014-12-04,0.0015708305,0.0018951985,0.0027942624,0.0038506260,0.0049806594,0.0061565064,0.0078164818,0.0090756788,0.0091269325,0.0091273096,0.0091988434
2014-12-03,0.0015877113,0.0019121476,0.0028116062,0.0038680615,0.0049981571,0.0061739684,0.0078497412,0.0091077626,0.0091760231,0.0091758561,0.0092627614
2014-12-02,0.0016517758,0.0019388085,0.0028309705,0.0039120464,0.0050154647,0.0061753741,0.0078485496,0.0091036726,0.0091665460,0.0091916314,0.0092790430
2014-12-01,0.0017245936,0.0020617612,0.0029426181,0.0040404920,0.0051779608,0.0063803931,0.0080831151,0.0092975577,0.0093744950,0.0094443735,0.0095716690
2014-11-28,0.0017929508,0.0022152828,0.0031094628,0.0041165361,0.0052018415,0.0063875659,0.0081452659,0.0093578539,0.0094481149,0.0095633232,0.0097303236
2014-11-27,0.0018272011,0.0022780245,0.0031941427,0.0041762574,0.0052310625,0.0063875697,0.0080889083,0.0093106364,0.0094537833,0.0095705037,0.0097356146
2014-11-26,0.0016542286,0.0020964844,0.0030250564,0.0041192029,0.0052686182,0.0064816947,0.0082200696,0.0094039694,0.0096724051,0.0098478096,0.0100134353
2014-11-25,0.0018897418,0.0021098792,0.0031246518,0.0042031200,0.0053039739,0.0064659477,0.0082493547,0.0095010188,0.0094588462,0.0094591697,0.0095944319
2014-11-24,0.0018478027,0.0022257795,0.0031977641,0.0042881314,0.0054013675,0.0065869795,0.0083295573,0.0095551483,0.0097238561,0.0098400912,0.0099639520
2014-11-21,0.0021786578,0.0024267005,0.0034275904,0.0045405520,0.0056715366,0.0068588736,0.0086143249,0.0098838867,0.0098548795,0.0098548508,0.0099969020
2014-11-20,0.0022961970,0.0026741100,0.0036792696,0.0047991613,0.0059097061,0.0071070550,0.0088455765,0.0101070143,0.0102482637,0.0103750742,0.0105314694
2014-11-19,0.0023699865,0.0026175511,0.0036363504,0.0047699859,0.0059138849,0.0071137252,0.0088867422,0.0101703019,0.0100000014,0.0100000011,0.0101884281
2014-11-18,0.0021064193,0.0024663186,0.0034135302,0.0045043253,0.0056123178,0.0068075578,0.0086042217,0.0098258972,0.0100903048,0.0102730442,0.0103595621
2014-11-17,0.0020960819,0.0024508331,0.0034220886,0.0045120213,0.0055994472,0.0067525088,0.0085460645,0.0098328511,0.0101285568,0.0102528297,0.0103661921
2014-11-14,0.0019738722,0.0024368392,0.0033842105,0.0044712851,0.0055907348,0.0068187199,0.0086194233,0.0097884531,0.0100937360,0.0102776193,0.0103307193
2014-11-13,0.0020350193,0.0022428708,0.0032312488,0.0043122731,0.0054204008,0.0065752030,0.0083757158,0.0096617875,0.0096924031,0.0096921981,0.0097458102
2014-11-12,0.0020288508,0.0022782325,0.0032689670,0.0043184549,0.0054171726,0.0065702452,0.0084068466,0.0096998646,0.0097413517,0.0097416255,0.0097593751
2014-11-11,0.0020488553,0.0022980856,0.0032885319,0.0043376388,0.0054359397,0.0065886290,0.0084249924,0.0097184693,0.0097084390,0.0097082294,0.0097811305
2014-11-10,0.0022803991,0.0024624880,0.0033934851,0.0044652980,0.0055649975,0.0067369814,0.0085358840,0.0097818826,0.0098547983,0.0098547162,0.0099662592
2014-11-07,0.0023294441,0.0026576613,0.0035448962,0.0046023823,0.0056816897,0.0068664089,0.0086528719,0.0098551226,0.0100500366,0.0102338093,0.0103936090
2014-11-06,0.0022287286,0.0025646519,0.0034745707,0.0045228445,0.0055736368,0.0067327486,0.0084753205,0.0096868490,0.0099080422,0.0100908714,0.0102353359
2014-11-05,0.0018646025,0.0022770348,0.0031872187,0.0043162176,0.0054824999,0.0067297443,0.0084517127,0.0096569184,0.0101412941,0.0103281760,0.0104980825
2014-11-04,0.0021513517,0.0025032527,0.0034723329,0.0045595168,0.0056450761,0.0067957265,0.0085860209,0.0098721837,0.0101635264,0.0102905979,0.0104043169
2014-11-03,0.0021549885,0.0024663849,0.0035209253,0.0046685250,0.0057837896,0.0069569943,0.0087673895,0.0100759633,0.0103653016,0.0104924798,0.0105569220
2014-10-31,0.0020703824,0.0024379768,0.0034900890,0.0046410481,0.0057756037,0.0069636654,0.0088506772,0.0100997057,0.0101708354,0.0101710507,0.0102401647
2014-10-30,0.0022500627,0.0026174247,0.0036847554,0.0048514769,0.0059874755,0.0071778305,0.0090692915,0.0103211661,0.0103897704,0.0103899585,0.0104481214
2014-10-29,0.0021216961,0.0024765408,0.0034569154,0.0046102204,0.0057348607,0.0069442401,0.0088496217,0.0101255208,0.0105094212,0.0106737367,0.0107047128
2014-10-28,0.0019255629,0.0022763154,0.0032401101,0.0043729512,0.0054862255,0.0066826545,0.0085702316,0.0098333027,0.0102013020,0.0103596599,0.0103959635
2014-10-27,0.0018896570,0.0022272283,0.0032073402,0.0044017438,0.0055469736,0.0067489636,0.0086002887,0.0099204704,0.0103171866,0.0104776697,0.0106174067
2014-10-24,0.0020179259,0.0022874402,0.0032621311,0.0044057785,0.0055179302,0.0066739745,0.0084439660,0.0097868081,0.0100195475,0.0101372263,0.0102391102
2014-10-23,0.0021306103,0.0024845887,0.0034350972,0.0045568965,0.0056783094,0.0068834875,0.0086937181,0.0099658779,0.0102712462,0.0104336746,0.0104997622
2014-10-22,0.0021723358,0.0025860548,0.0035047662,0.0046170022,0.0057410149,0.0069905153,0.0088694742,0.0100527300,0.0103564868,0.0105207944,0.0105888798
2014-10-21,0.0024418701,0.0027104389,0.0037230470,0.0048348976,0.0059309719,0.0070815962,0.0089138596,0.0102045834,0.0101629527,0.0101631024,0.0102408182
2014-10-20,0.0029892661,0.0031688940,0.0041199453,0.0051672035,0.0062396660,0.0074097584,0.0091923761,0.0104160566,0.0102951543,0.0102951008,0.0104780852
2014-10-17,0.0024392647,0.0026851387,0.0037380719,0.0048646014,0.0059634345,0.0071389221,0.0088881232,0.0101122518,0.0100963382,0.0100964424,0.0101910776
2014-10-16,0.0030220509,0.0032886237,0.0041911523,0.0053093617,0.0064342996,0.0076667623,0.0095231617,0.0107872243,0.0112617228,0.0114366243,0.0114274654
2014-10-15,0.0023452930,0.0026207667,0.0035889751,0.0047638075,0.0058993601,0.0071073378,0.0088544203,0.0101234477,0.0103893826,0.0105115239,0.0106198556
2014-10-14,0.0022837350,0.0025651596,0.0033837969,0.0044393676,0.0055274619,0.0067056246,0.0084418225,0.0096833228,0.0099921138,0.0101496482,0.0102876492
2014-10-13,0.0020016910,0.0022786404,0.0030721011,0.0041633522,0.0052645600,0.0064623162,0.0082050256,0.0093665628,0.0097854287,0.0100125259,0.0102149473
2014-10-10,0.0018306931,0.0021872622,0.0031633516,0.0042971487,0.0054264980,0.0066307988,0.0084334417,0.0096835141,0.0099535060,0.0100700390,0.0101719066
2014-10-09,0.0016847460,0.0019663359,0.0027542802,0.0038784197,0.0050312263,0.0062824646,0.0079856430,0.0091088428,0.0095884367,0.0098116394,0.0100096226
2014-10-08,0.0014839096,0.0019303798,0.0028517620,0.0039394972,0.0050815981,0.0063046298,0.0081423276,0.0093529445,0.0097077626,0.0099320353,0.0099948307
2014-10-07,0.0014409797,0.0018126040,0.0027385452,0.0038013633,0.0049163243,0.0060974392,0.0079356883,0.0091664684,0.0094674535,0.0096132917,0.0096890576
2014-10-06,0.0012610211,0.0015695481,0.0025403564,0.0035945340,0.0047113428,0.0058725900,0.0077676110,0.0090429428,0.0091060569,0.0091050465,0.0091628724
2014-10-03,0.0013809289,0.0017174297,0.0026263001,0.0036628154,0.0047656927,0.0059244387,0.0075671709,0.0087187833,0.0090033725,0.0091426097,0.0092674362
2014-10-02,0.0016810459,0.0019472202,0.0028488680,0.0039685533,0.0050932122,0.0062628635,0.0080422665,0.0092998683,0.0096646113,0.0098156020,0.0099483472
2014-10-01,0.0015964993,0.0018961338,0.0028060040,0.0039507654,0.0051127766,0.0063340680,0.0079868984,0.0091322811,0.0095523988,0.0097788675,0.0099766243
2014-09-30,0.0017652785,0.0020886207,0.0029619563,0.0040727417,0.0052072745,0.0064205149,0.0081387617,0.0093196216,0.0096310702,0.0097815410,0.0099141599
2014-09-29,0.0017985133,0.0021213148,0.0030161068,0.0041967525,0.0053869717,0.0066616840,0.0083886348,0.0095701143,0.0099543067,0.0101116095,0.0102479031
2014-09-26,0.0015598498,0.0019563337,0.0028480208,0.0038781387,0.0049804745,0.0061775657,0.0078564846,0.0088281268,0.0091463880,0.0092913191,0.0094181454
2014-09-25,0.0015991723,0.0018938563,0.0027774754,0.0038244223,0.0049251731,0.0060807959,0.0077185934,0.0087248564,0.0089545731,0.0090955452,0.0092207660
2014-09-24,0.0011979733,0.0015717547,0.0024750021,0.0036831682,0.0048820434,0.0061492480,0.0078857371,0.0090635488,0.0091510582,0.0092223907,0.0092852099
2014-09-23,0.0015795335,0.0019604863,0.0028904973,0.0039534489,0.0050579146,0.0062182863,0.0080846788,0.0091573645,0.0090955711,0.0090947449,0.0090938688
2014-09-22,0.0012709008,0.0015716140,0.0024102750,0.0035135218,0.0046707285,0.0058942333,0.0075811208,0.0086277940,0.0088772041,0.0090197364,0.0091560847
2014-09-19,0.0010426947,0.0012857434,0.0021996476,0.0032361292,0.0043431121,0.0054850877,0.0073540164,0.0084257082,0.0084145612,0.0084229767,0.0082830333
2014-09-18,0.0014565275,0.0016962020,0.0025808406,0.0036066849,0.0046643643,0.0058205771,0.0076043008,0.0086571623,0.0088632973,0.0090251084,0.0088659395
2014-09-17,0.0013962701,0.0016980346,0.0025460514,0.0036305148,0.0047520343,0.0059145167,0.0076582096,0.0086738669,0.0090384481,0.0092475609,0.0091848942
2014-09-16,0.0015304151,0.0017920690,0.0026794212,0.0037712686,0.0048681107,0.0060282443,0.0078141714,0.0088863203,0.0092634299,0.0092226257,0.0093703139
2014-09-15,0.0017199344,0.0018467022,0.0027795976,0.0038406996,0.0048459896,0.0059520075,0.0078108043,0.0089879259,0.0092806054,0.0094025791,0.0092356246
2014-09-12,0.0011753846,0.0016083729,0.0024333239,0.0034691633,0.0045613750,0.0057178223,0.0075776666,0.0085623713,0.0086752573,0.0088286724,0.0088156874
2014-09-11,0.0012984818,0.0015922250,0.0023964889,0.0034473295,0.0045502162,0.0057290534,0.0075863331,0.0086342600,0.0089558478,0.0091038092,0.0092356953
2014-09-10,0.0012460763,0.0015830984,0.0023743706,0.0034253869,0.0045404689,0.0057223470,0.0075603561,0.0085945081,0.0089569175,0.0091327637,0.0090338644
2014-09-09,0.0011501156,0.0015790679,0.0024049284,0.0034293228,0.0045283936,0.0056554007,0.0075034044,0.0085369080,0.0088988467,0.0090765466,0.0089777719
2014-09-08,0.0012676490,0.0016089082,0.0025502967,0.0034902089,0.0045446081,0.0056264462,0.0075664726,0.0087587187,0.0088008278,0.0088089998,0.0088176149
2014-09-05,0.0011892756,0.0015908284,0.0024639850,0.0034453176,0.0044730446,0.0055799319,0.0074757687,0.0085938539,0.0087892845,0.0089011543,0.0087220671
2014-09-04,0.0011976746,0.0014072226,0.0023465129,0.0034316603,0.0044848148,0.0055942697,0.0074551345,0.0086847213,0.0089564139,0.0090639885,0.0089961453
2014-09-03,0.0015179681,0.0017622021,0.0026974966,0.0037374628,0.0048996151,0.0060729309,0.0080289514,0.0093711280,0.0093878675,0.0093789115,0.0091828238
2014-09-02,0.0014962329,0.0017304014,0.0026678728,0.0037081561,0.0048607447,0.0060310837,0.0079808304,0.0093237565,0.0093315968,0.0093371751,0.0091217288
2014-09-01,0.0016016698,0.0017641231,0.0027242301,0.0037909481,0.0049358227,0.0060600962,0.0079679782,0.0093137894,0.0093632257,0.0093528540,0.0091153387
2014-08-29,0.0016201659,0.0017957821,0.0027518633,0.0038025302,0.0049607118,0.0060889829,0.0080028072,0.0093539780,0.0093464070,0.0094042831,0.0091023835
2014-08-28,0.0016741523,0.0019165015,0.0028523893,0.0038727859,0.0050477536,0.0061970957,0.0081558103,0.0095156621,0.0095672993,0.0095691398,0.0093474417
2014-08-27,0.0014192531,0.0016043501,0.0025362090,0.0036165889,0.0047674556,0.0059158503,0.0078324200,0.0091698612,0.0093881595,0.0094748929,0.0093453456
2014-08-26,0.0013329006,0.0015824645,0.0025382802,0.0036946477,0.0048091365,0.0059226328,0.0077938070,0.0090794887,0.0093394408,0.0094531806,0.0092968044
2014-08-25,0.0015911259,0.0017856068,0.0027352439,0.0039452574,0.0051209449,0.0063836664,0.0083555123,0.0096702888,0.0100391666,0.0101771263,0.0100404849
2014-08-22,0.0016162055,0.0017646758,0.0027268162,0.0039376488,0.0051442897,0.0064096058,0.0083640509,0.0097174192,0.0099661854,0.0100773888,0.0098529972
2014-08-21,0.0016282450,0.0018025185,0.0027668847,0.0039200884,0.0051348490,0.0063908537,0.0083293908,0.0097181955,0.0099436241,0.0100399002,0.0098608751
2014-08-20,0.0017145853,0.0018897809,0.0028618543,0.0040246944,0.0052536519,0.0064975435,0.0084456192,0.0098355538,0.0100434774,0.0101482439,0.0099800774
2014-08-19,0.0017175770,0.0018989512,0.0028718239,0.0040398467,0.0052704195,0.0065238140,0.0084740369,0.0098606034,0.0100436754,0.0101848564,0.0099794512
2014-08-18,0.0017379711,0.0019622374,0.0029403631,0.0041431755,0.0054010720,0.0066719838,0.0086692998,0.0100347893,0.0102661733,0.0104055336,0.0101651390
2014-08-15,0.0020173956,0.0021923783,0.0031850727,0.0044037316,0.0056131270,0.0068461470,0.0087926449,0.0101514839,0.0104926136,0.0105889757,0.0104096447
2014-08-14,0.0018213218,0.0020119945,0.0030267458,0.0042504312,0.0054731558,0.0067374423,0.0087452355,0.0101310961,0.0103704747,0.0104701379,0.0102869488
2014-08-13,0.0019313172,0.0021907314,0.0032179359,0.0044483759,0.0056865849,0.0069695299,0.0090331191,0.0104134616,0.0106853166,0.0107678260,0.0105615611
2014-08-12,0.0020745979,0.0023992422,0.0034152348,0.0046473092,0.0059149008,0.0071884860,0.0092749231,0.0106392277,0.0105407458,0.0105918748,0.0102622245
2014-08-11,0.0022083985,0.0025438462,0.0035763068,0.0047946580,0.0060659421,0.0073353593,0.0094145228,0.0107927299,0.0107362725,0.0107385658,0.0105134015
2014-08-08,0.0028248068,0.0030655690,0.0040870854,0.0054036335,0.0067318273,0.0080396713,0.0102499834,0.0117010595,0.0119836306,0.0120117133,0.0123217009
2014-08-07,0.0030833569,0.0033796664,0.0043433207,0.0056088730,0.0068659592,0.0081168705,0.0102737500,0.0116411583,0.0115630917,0.0115648483,0.0113208113
2014-08-06,0.0028943646,0.0031741402,0.0040793759,0.0053315181,0.0065933023,0.0078405775,0.0100429816,0.0114641389,0.0114039962,0.0114754362,0.0113705768
2014-08-05,0.0026951113,0.0029474051,0.0039406704,0.0052411795,0.0064905567,0.0077778504,0.0098757717,0.0112927923,0.0115408053,0.0116522662,0.0114491472
2014-08-04,0.0029335812,0.0031712126,0.0041598271,0.0055021016,0.0067878783,0.0080697020,0.0102302768,0.0116783712,0.0118715657,0.0119851116,0.0120727867
2014-08-01,0.0027041213,0.0030953544,0.0042347971,0.0057390701,0.0070798115,0.0084798540,0.0108552734,0.0122471917,0.0127484514,0.0130051583,0.0132301626
2014-07-31,0.0032768607,0.0035724619,0.0045743158,0.0058779674,0.0071266616,0.0083692965,0.0105248014,0.0118930883,0.0117876348,0.0117906229,0.0115430384
2014-07-30,0.0021019142,0.0023183063,0.0033202739,0.0046505782,0.0058816003,0.0072136597,0.0093644968,0.0107159252,0.0111073774,0.0112966007,0.0114537411
2014-07-29,0.0021798067,0.0023600935,0.0034468188,0.0047691357,0.0060186786,0.0073055176,0.0093800723,0.0108003563,0.0110419256,0.0111790828,0.0112437973
2014-07-28,0.0019722237,0.0022254229,0.0032822546,0.0046523504,0.0058922813,0.0072373908,0.0093632247,0.0107462363,0.0111474770,0.0113309310,0.0114953426
2014-07-25,0.0021617129,0.0024801352,0.0035443554,0.0048374952,0.0061200778,0.0073657383,0.0095359828,0.0109111824,0.0109271548,0.0110122780,0.0104873481
2014-07-24,0.0021617207,0.0024801447,0.0035443505,0.0048374408,0.0061199581,0.0073655831,0.0095358586,0.0109113506,0.0109271554,0.0110122775,0.0104867651
2014-07-23,0.0020683304,0.0024049247,0.0034932198,0.0047304667,0.0059973286,0.0072636624,0.0093375986,0.0107027547,0.0107205960,0.0108351302,0.0104181206
2014-07-22,0.0023069709,0.0026579636,0.0035961588,0.0048863618,0.0061346072,0.0074323935,0.0095941183,0.0109721168,0.0111025396,0.0111818001,0.0112513754
2014-07-21,0.0025577407,0.0027850736,0.0038420128,0.0051375663,0.0064194492,0.0076546781,0.0098246032,0.0112167103,0.0111648941,0.0111671850,0.0111604530
2014-07-18,0.0022127174,0.0025848581,0.0036427222,0.0049473826,0.0061978495,0.0074941604,0.0096512292,0.0109976078,0.0111518680,0.0112314010,0.0113010708
2014-07-17,0.0025722052,0.0028579968,0.0039189972,0.0051828545,0.0064422543,0.0077020679,0.0097702037,0.0111231109,0.0111993631,0.0112140048,0.0109753357
2014-07-16,0.0023500356,0.0027251392,0.0036750789,0.0049554777,0.0062122023,0.0075099648,0.0096484596,0.0109978185,0.0111821114,0.0112624668,0.0110748591
2014-07-15,0.0029780072,0.0032091344,0.0040569222,0.0053108325,0.0065921072,0.0078293046,0.0100218632,0.0114294101,0.0113428607,0.0113370380,0.0113522220
2014-07-14,0.0024536160,0.0027252074,0.0036890510,0.0049721380,0.0062452311,0.0074991695,0.0096095437,0.0110239906,0.0109390412,0.0109581702,0.0109429967
2014-07-11,0.0024259898,0.0026992626,0.0036315169,0.0049497289,0.0062528522,0.0075103817,0.0096802338,0.0111032855,0.0110241470,0.0110271014,0.0110295453
2014-07-10,0.0022396737,0.0025575153,0.0036281301,0.0049761972,0.0063099337,0.0076593872,0.0098674068,0.0112152997,0.0116575169,0.0118490030,0.0116772174
2014-07-09,0.0020971934,0.0023764889,0.0033958162,0.0046661286,0.0059569576,0.0072912309,0.0094485798,0.0107542488,0.0112216405,0.0114057185,0.0112227133
2014-07-08,0.0020069805,0.0022452119,0.0032897363,0.0045108714,0.0057634435,0.0069995287,0.0090504582,0.0104378883,0.0106339307,0.0107368188,0.0105581151
2014-07-07,0.0014047632,0.0017894514,0.0027568825,0.0039014063,0.0051119743,0.0063733672,0.0084088674,0.0096727484,0.0101691572,0.0102884896,0.0101723434
2014-07-04,0.0013984010,0.0017186654,0.0026946906,0.0038711907,0.0050574392,0.0062718964,0.0083545253,0.0096396421,0.0098342775,0.0099406170,0.0097278011
2014-07-03,0.0014969192,0.0017439285,0.0026798435,0.0038732330,0.0050659702,0.0063214403,0.0083738070,0.0096712473,0.0099241323,0.0101224997,0.0101833294
2014-07-02,0.0016535131,0.0019038782,0.0028944421,0.0041259752,0.0053268717,0.0065733876,0.0086495779,0.0099203660,0.0103307647,0.0104999784,0.0103450986
2014-07-01,0.0017918436,0.0020451186,0.0030328898,0.0042846831,0.0055093905,0.0067928399,0.0088918478,0.0102202121,0.0105358941,0.0106807385,0.0108113483
2014-06-30,0.0022459492,0.0025147776,0.0035449665,0.0048787936,0.0061702788,0.0074913704,0.0097157387,0.0110763074,0.0114059770,0.0115626276,0.0117019078
2014-06-27,0.0020790629,0.0023403063,0.0033940181,0.0047197743,0.0059840045,0.0073005971,0.0094557792,0.0108055281,0.0111920242,0.0112855374,0.0114829058
2014-06-26,0.0019169937,0.0021814031,0.0031678001,0.0044544932,0.0057096506,0.0069869207,0.0091618934,0.0104986112,0.0107748583,0.0109226449,0.0110559018
2014-06-25,0.0016759636,0.0019616282,0.0029818855,0.0042252254,0.0054071813,0.0066479660,0.0086742421,0.0099711675,0.0103379918,0.0104793651,0.0103669527
2014-06-24,0.0014071949,0.0016454091,0.0026263458,0.0038417118,0.0050726002,0.0062673377,0.0084368329,0.0098244298,0.0097750684,0.0097581332,0.0097785725
2014-06-23,0.0013523285,0.0016384532,0.0026665720,0.0038502886,0.0050557008,0.0062233005,0.0083408310,0.0097627119,0.0096591806,0.0096841217,0.0094386105
2014-06-20,0.0013450615,0.0016719100,0.0026149748,0.0037646398,0.0049776582,0.0061507806,0.0083135603,0.0096707752,0.0097090266,0.0097766905,0.0096190498
2014-06-19,0.0010476457,0.0013550974,0.0023181003,0.0034614110,0.0046681437,0.0058143388,0.0080292696,0.0093845921,0.0093241920,0.0093257557,0.0090532683
2014-06-18,0.0015141207,0.0016505817,0.0026259324,0.0037840326,0.0049770725,0.0061418822,0.0082811879,0.0096416236,0.0095862600,0.0096393942,0.0095905348
2014-06-17,0.0013198135,0.0015494011,0.0025483725,0.0037115981,0.0049143579,0.0061095018,0.0082414849,0.0096085890,0.0097277361,0.0097919380,0.0096824598
2014-06-16,0.0013556266,0.0016158027,0.0026501229,0.0038086074,0.0050118839,0.0061699272,0.0083460106,0.0096813690,0.0096603398,0.0096228190,0.0094200349
2014-06-13,0.0011498109,0.0014025269,0.0024055393,0.0035412002,0.0047360808,0.0058851622,0.0080760538,0.0094356863,0.0094191663,0.0094682335,0.0091029336
2014-06-12,0.0011167803,0.0013304000,0.0022933500,0.0034298907,0.0046257155,0.0058201666,0.0079681802,0.0093182222,0.0094818627,0.0096099563,0.0093921453
2014-06-11,0.0011552735,0.0013876700,0.0023854223,0.0035406937,0.0047455731,0.0059364602,0.0081113639,0.0093897983,0.0095796260,0.0096458618,0.0094918560
2014-06-10,0.0011618234,0.0013924946,0.0023908856,0.0035306790,0.0047451141,0.0059289337,0.0082152512,0.0093996537,0.0094340325,0.0094333927,0.0094372428
2014-06-09,0.0008025160,0.0010859924,0.0021219684,0.0032917846,0.0045533248,0.0057535250,0.0081716281,0.0093851932,0.0094260048,0.0094273092,0.0091296710
2014-06-06,0.0007169036,0.0011346432,0.0021908764,0.0034327023,0.0048554098,0.0062112708,0.0087394234,0.0101126040,0.0098890731,0.0100596336,0.0095044153
2014-06-05,0.0011870268,0.0015435276,0.0026245044,0.0038546122,0.0052440890,0.0066148770,0.0090792482,0.0103968152,0.0104767445,0.0105681925,0.0103196576
2014-06-04,0.0013357313,0.0015347681,0.0027699432,0.0041589825,0.0055581682,0.0069642797,0.0095484223,0.0108955199,0.0109169746,0.0108990997,0.0109221854
2014-06-03,0.0012772824,0.0015492675,0.0027621301,0.0041313889,0.0055380266,0.0069585761,0.0095100784,0.0108499716,0.0107772845,0.0108358726,0.0107816946
2014-06-02,0.0012216070,0.0015253863,0.0027503339,0.0040808750,0.0055508805,0.0069743055,0.0095525374,0.0110268183,0.0109497818,0.0109625378,0.0109525654
2014-05-30,0.0011144808,0.0013628552,0.0026624913,0.0041024578,0.0055790176,0.0070390067,0.0096058856,0.0111018902,0.0109761641,0.0109857510,0.0109824164
2014-05-29,0.0008654801,0.0012565392,0.0026161685,0.0039876430,0.0055010139,0.0069701431,0.0096288210,0.0110668392,0.0109668339,0.0110054301,0.0105512940
2014-05-28,0.0009070817,0.0013000784,0.0026532733,0.0040385765,0.0055445332,0.0070255236,0.0096750429,0.0111044011,0.0109981694,0.0111202281,0.0105754501
2014-05-27,0.0010553830,0.0014601211,0.0027737566,0.0042252169,0.0057275357,0.0072054436,0.0098539211,0.0112397880,0.0113774901,0.0114904708,0.0110389924
2014-05-26,0.0013686807,0.0017937536,0.0031030722,0.0045542277,0.0061345747,0.0076412018,0.0103373309,0.0117047612,0.0118315087,0.0119838882,0.0115698748
2014-05-23,0.0013680171,0.0017933225,0.0031030878,0.0045546268,0.0061357700,0.0076429535,0.0103393928,0.0117069656,0.0118353521,0.0119867322,0.0115731763
2014-05-22,0.0015065965,0.0019184673,0.0032281026,0.0047053648,0.0063116912,0.0078149547,0.0105563030,0.0119102813,0.0120890581,0.0122387427,0.0117783539
2014-05-21,0.0015620797,0.0019720189,0.0032794618,0.0047584817,0.0063560490,0.0078738546,0.0106234256,0.0119794560,0.0121252243,0.0123267617,0.0118062901
2014-05-20,0.0017455743,0.0021456625,0.0034472385,0.0049430353,0.0065437737,0.0081022750,0.0109040303,0.0122642157,0.0124520637,0.0125769510,0.0126729410
2014-05-19,0.0014338420,0.0019012593,0.0032492088,0.0046979525,0.0062736098,0.0077510098,0.0104449980,0.0118165707,0.0119823281,0.0120385988,0.0117363875
2014-05-16,0.0013466516,0.0018456948,0.0031992675,0.0045981296,0.0061737936,0.0076443505,0.0103264779,0.0116939441,0.0118038019,0.0118932114,0.0115717379
2014-05-15,0.0013595985,0.0018569952,0.0031890791,0.0046136514,0.0061573763,0.0076279013,0.0103414049,0.0117058627,0.0118652431,0.0119847475,0.0115427913
2014-05-14,0.0008418998,0.0012958087,0.0027800197,0.0041729564,0.0056540707,0.0070830960,0.0097109802,0.0110829241,0.0110321793,0.0110168810,0.0106257168
2014-05-13,0.0007334641,0.0011636345,0.0026472308,0.0040816661,0.0055729181,0.0070296126,0.0096782566,0.0110784645,0.0109674184,0.0109681225,0.0105523704
2014-05-12,0.0008347892,0.0012348741,0.0026844406,0.0041517882,0.0056326456,0.0070769711,0.0097029828,0.0111219621,0.0110137606,0.0110183186,0.0106516069
2014-05-09,0.0009501121,0.0013104751,0.0027221734,0.0042231149,0.0056930133,0.0071246486,0.0097277721,0.0111656305,0.0110602986,0.0110687443,0.0107517767
2014-05-08,0.0009286438,0.0012890088,0.0027018835,0.0042038164,0.0056744121,0.0071024905,0.0097218185,0.0111580601,0.0110955771,0.0110917063,0.0107547682
2014-05-07,0.0011167803,0.0014768802,0.0029803904,0.0045232651,0.0060232268,0.0074934162,0.0101107288,0.0116093744,0.0115935850,0.0115879532,0.0112157385
2014-05-06,0.0011428052,0.0015037696,0.0030004923,0.0045401167,0.0060282468,0.0074615782,0.0100794135,0.0115531313,0.0115571079,0.0115531351,0.0112072647
2014-05-05,0.0011425636,0.0014622644,0.0029322888,0.0044744536,0.0059966608,0.0074319127,0.0100273661,0.0114825327,0.0114406300,0.0115231206,0.0109839674
2014-05-02,0.0011425396,0.0014623027,0.0029324495,0.0044748187,0.0059970178,0.0074321076,0.0100272976,0.0114822363,0.0114404574,0.0115228936,0.0109837481
2014-05-01,0.0011965570,0.0014477006,0.0029844227,0.0044952964,0.0059987867,0.0075110793,0.0101824042,0.0116791635,0.0116497014,0.0117632525,0.0116562482
2014-04-30,0.0012526334,0.0016725651,0.0031117486,0.0046337165,0.0061443783,0.0076363764,0.0103192036,0.0117403057,0.0118862360,0.0121003277,0.0116012126
2014-04-29,0.0015035415,0.0019448448,0.0033410528,0.0048717045,0.0064073287,0.0079152252,0.0106042219,0.0120025328,0.0122164685,0.0126007968,0.0118579417
2014-04-28,0.0013663862,0.0018557778,0.0033299568,0.0048896625,0.0064117612,0.0080154674,0.0106459423,0.0122910308,0.0133123797,0.0133965358,0.0131085260
2014-04-25,0.0014904502,0.0019277572,0.0034802794,0.0051029371,0.0065622906,0.0081044449,0.0107422272,0.0121657119,0.0123170922,0.0123956039,0.0121105955
2014-04-24,0.0012751228,0.0016399114,0.0031731392,0.0047233931,0.0061466928,0.0076860673,0.0103398058,0.0117630533,0.0119922661,0.0120908238,0.0121324106
2014-04-23,0.0010705203,0.0013435092,0.0028513355,0.0044193330,0.0059499364,0.0074604814,0.0100293863,0.0116763273,0.0120150120,0.0122060817,0.0118887271
2014-04-22,0.0010179021,0.0012841320,0.0028051495,0.0043797841,0.0059853173,0.0075275517,0.0101284839,0.0118408024,0.0121311340,0.0123532855,0.0119799209
2014-04-21,0.0010475554,0.0013648224,0.0029294343,0.0045246874,0.0061502207,0.0077353133,0.0103832922,0.0121459399,0.0125730201,0.0126641581,0.0123707678
2014-04-18,0.0010475376,0.0013648002,0.0029294179,0.0045248267,0.0061503956,0.0077353175,0.0103832853,0.0121458134,0.0125730959,0.0126642078,0.0123711365
2014-04-17,0.0010475239,0.0013647471,0.0029289777,0.0045239899,0.0061495292,0.0077346982,0.0103833388,0.0121468199,0.0125749369,0.0126660861,0.0123731812
2014-04-16,0.0010234233,0.0013937128,0.0030402397,0.0046388938,0.0062726012,0.0077957639,0.0105566061,0.0121780425,0.0121541518,0.0121942554,0.0116354135
2014-04-15,0.0011588738,0.0015300321,0.0031721720,0.0047908119,0.0064122960,0.0079194183,0.0106569971,0.0122122379,0.0121600361,0.0123121188,0.0116910790
2014-04-14,0.0011067201,0.0014271577,0.0029774897,0.0045702286,0.0062018157,0.0077962738,0.0104474583,0.0122063750,0.0126175289,0.0127699784,0.0124084310
2014-04-11,0.0012798562,0.0016723113,0.0032563433,0.0048497419,0.0064771180,0.0080441819,0.0108358495,0.0123388749,0.0124691938,0.0125464388,0.0122174240
2014-04-10,0.0009997270,0.0013105920,0.0028616739,0.0044576929,0.0061008869,0.0077084052,0.0103345288,0.0122181701,0.0126827813,0.0129361641,0.0124423196
2014-04-09,0.0009312428,0.0012561663,0.0028408103,0.0044533124,0.0061309591,0.0077633329,0.0104367314,0.0123571480,0.0129049663,0.0131178657,0.0126230053
2014-04-08,0.0009758285,0.0013929726,0.0030287990,0.0046038532,0.0063832547,0.0080703719,0.0108856946,0.0126851121,0.0128380196,0.0128612058,0.0121916203
2014-04-07,0.0010917350,0.0014443244,0.0030137213,0.0045591264,0.0063581507,0.0080853694,0.0108714884,0.0127228425,0.0128031177,0.0129177728,0.0123139603
2014-04-04,0.0011408304,0.0014494000,0.0029643517,0.0045272987,0.0063103710,0.0080690014,0.0107870442,0.0127117235,0.0131940078,0.0133685838,0.0129556295
2014-04-03,0.0011929954,0.0015367599,0.0031410267,0.0047774145,0.0065653567,0.0083840565,0.0110883314,0.0131322785,0.0136593356,0.0139140921,0.0133599672
2014-04-02,0.0012240721,0.0014506056,0.0030215312,0.0047563177,0.0065172910,0.0084848120,0.0112436886,0.0134438033,0.0138611338,0.0140449185,0.0141915130
2014-04-01,0.0012920308,0.0015334463,0.0030784864,0.0048251116,0.0066222676,0.0085872098,0.0113504890,0.0135391615,0.0139463006,0.0140667442,0.0142698291
2014-03-31,0.0012165161,0.0015626664,0.0031278223,0.0049579605,0.0068091786,0.0087603833,0.0115914036,0.0137190208,0.0137205416,0.0137691607,0.0131668532
2014-03-28,0.0012732563,0.0016374482,0.0032411743,0.0051237323,0.0070610871,0.0089580454,0.0117697521,0.0138887240,0.0138316690,0.0139715281,0.0133156369
2014-03-27,0.0014380540,0.0018740156,0.0035103031,0.0054287203,0.0073649074,0.0092847870,0.0120658947,0.0141293125,0.0143698129,0.0145313659,0.0140796454
2014-03-26,0.0015139370,0.0020017651,0.0036521061,0.0056032927,0.0074590461,0.0094071353,0.0121432913,0.0141695419,0.0145148660,0.0147249237,0.0141460936
2014-03-25,0.0015035235,0.0020818451,0.0036917061,0.0055669742,0.0075220866,0.0094799174,0.0122391158,0.0142384000,0.0147227755,0.0149485751,0.0145719517
2014-03-24,0.0016477847,0.0020992489,0.0037592008,0.0056512006,0.0076191200,0.0095627033,0.0123619488,0.0143864580,0.0147621833,0.0148739101,0.0150464736
2014-03-21,0.0016510896,0.0020680876,0.0036629611,0.0055606722,0.0075169573,0.0094453816,0.0122307403,0.0142941178,0.0145133754,0.0146873960,0.0142247798
2014-03-20,0.0016727022,0.0020437853,0.0035762543,0.0055536536,0.0075958878,0.0095999206,0.0124046033,0.0144834297,0.0148193459,0.0149490591,0.0144915047
2014-03-19,0.0011281964,0.0014622504,0.0028666701,0.0049275295,0.0069632772,0.0089649537,0.0117944268,0.0138764817,0.0138765750,0.0139070890,0.0129333127
2014-03-18,0.0013197768,0.0017534650,0.0033024022,0.0052666840,0.0071255615,0.0090694788,0.0118541870,0.0139136971,0.0139604687,0.0139653145,0.0134215184
2014-03-17,0.0012965688,0.0016804775,0.0031532679,0.0051760568,0.0071173663,0.0091187729,0.0119108983,0.0139592706,0.0139550058,0.0139608300,0.0134372962
2014-03-14,0.0014534945,0.0020028818,0.0036851187,0.0056224897,0.0076023920,0.0095566945,0.0123285765,0.0143558157,0.0146147634,0.0147228316,0.0142583711
2014-03-13,0.0014997775,0.0020967595,0.0036570448,0.0055837933,0.0074540834,0.0094355269,0.0122186745,0.0142241221,0.0144089769,0.0145469822,0.0140700565
2014-03-12,0.0012898546,0.0018768518,0.0035493420,0.0054667673,0.0072881465,0.0092395774,0.0119489143,0.0138197621,0.0141690776,0.0142994821,0.0144121084
2014-03-11,0.0011030351,0.0017182971,0.0033273948,0.0052707217,0.0071353282,0.0090712186,0.0118012968,0.0137299657,0.0139500159,0.0140476843,0.0136518940
2014-03-10,0.0009528119,0.0014858353,0.0031436003,0.0051093613,0.0070704030,0.0090251298,0.0117901324,0.0137617776,0.0139489787,0.0140564343,0.0136525527
2014-03-07,0.0004691945,0.0013393659,0.0030478511,0.0051735285,0.0070090779,0.0089692095,0.0116178775,0.0135460878,0.0139192120,0.0140854765,0.0134311732
2014-03-06,0.0004808289,0.0010675297,0.0025819890,0.0048060889,0.0067599499,0.0088172100,0.0115542668,0.0136143333,0.0137001444,0.0137055817,0.0127887077
2014-03-05,0.0009867847,0.0013965670,0.0027536841,0.0047788750,0.0067989315,0.0088384750,0.0116989951,0.0137179704,0.0136743825,0.0136787519,0.0130436616
2014-03-04,0.0009048461,0.0015926524,0.0032304754,0.0052345794,0.0071234800,0.0090726672,0.0118047879,0.0137295495,0.0139510534,0.0140534864,0.0136510688
2014-03-03,0.0011676002,0.0018364657,0.0035100271,0.0055500366,0.0074582048,0.0094322594,0.0121855198,0.0141240255,0.0143522067,0.0144579193,0.0140393616
2014-02-28,0.0005509378,0.0010491622,0.0026335488,0.0047765599,0.0068286907,0.0088398025,0.0115951182,0.0135934812,0.0138018617,0.0139277571,0.0134369367
2014-02-27,0.0012423041,0.0016380155,0.0032428563,0.0052627692,0.0071132581,0.0090465499,0.0118296170,0.0137848741,0.0138837076,0.0138879841,0.0138877673
2014-02-26,0.0012299171,0.0016276782,0.0032329195,0.0052527862,0.0071025774,0.0090353315,0.0118173360,0.0137715277,0.0138725903,0.0138771975,0.0138771251
2014-02-25,0.0010457015,0.0012540418,0.0027462948,0.0048114413,0.0068869911,0.0089082976,0.0117538043,0.0137951499,0.0138293284,0.0138334733,0.0138268246
2014-02-24,0.0012077136,0.0017186473,0.0032901788,0.0052104399,0.0071540454,0.0090933557,0.0118905496,0.0138958132,0.0141420576,0.0142611643,0.0138298344
2014-02-21,0.0012488697,0.0018125272,0.0033935026,0.0053199476,0.0072677564,0.0092156342,0.0120182845,0.0140262836,0.0142604942,0.0143800838,0.0139609674
2014-02-20,0.0013119358,0.0018760310,0.0034632312,0.0053961484,0.0073450447,0.0092956225,0.0121042388,0.0141206044,0.0143701929,0.0144942219,0.0140771429
2014-02-19,0.0011142260,0.0016862065,0.0033886552,0.0053498916,0.0073171298,0.0092723889,0.0121426385,0.0140584230,0.0143336934,0.0144809390,0.0139707215
2014-02-18,0.0009476859,0.0016772475,0.0034023437,0.0053882448,0.0073045974,0.0092737550,0.0120792811,0.0139380517,0.0141810046,0.0142909204,0.0138825333
2014-02-17,0.0008978822,0.0016349344,0.0033600045,0.0053419725,0.0072614848,0.0092304695,0.0120361614,0.0138954649,0.0141285080,0.0142334515,0.0138395596
2014-02-14,0.0010315819,0.0017076904,0.0034841625,0.0054367131,0.0074515190,0.0094274263,0.0122674235,0.0141601931,0.0143350658,0.0144463650,0.0140671636
2014-02-13,0.0013322344,0.0021419131,0.0038392075,0.0058610602,0.0077257386,0.0097646346,0.0124796390,0.0143691903,0.0147718681,0.0149878641,0.0146376253
2014-02-12,0.0011366736,0.0018091702,0.0035650049,0.0055474546,0.0075586485,0.0095521893,0.0124312132,0.0143688139,0.0144801281,0.0145874458,0.0141857308
2014-02-11,0.0012055384,0.0019429468,0.0036871304,0.0056541536,0.0076040589,0.0096148655,0.0124386208,0.0142794326,0.0146480823,0.0148280545,0.0145090847
2014-02-10,0.0012985709,0.0019822461,0.0038395925,0.0058354550,0.0078717511,0.0098643037,0.0127116094,0.0146044258,0.0148165462,0.0149260032,0.0145176716
2014-02-07,0.0015762004,0.0023037481,0.0039968014,0.0059624616,0.0078740906,0.0098796253,0.0127938607,0.0145964434,0.0148709933,0.0150112023,0.0144935070
2014-02-06,0.0016444241,0.0022415363,0.0040200499,0.0058932458,0.0080025879,0.0100047771,0.0129462346,0.0147979910,0.0150132390,0.0151298306,0.0147081559
2014-02-05,0.0018905414,0.0025061770,0.0042979270,0.0063106109,0.0082783177,0.0103172762,0.0132072237,0.0151143851,0.0153577966,0.0154764100,0.0150464734
2014-02-04,0.0022381077,0.0029811259,0.0047449781,0.0067768289,0.0087236902,0.0107648617,0.0137204475,0.0155590915,0.0158617562,0.0160062738,0.0154832842
2014-02-03,0.0023913611,0.0029816378,0.0047969096,0.0069820751,0.0089222941,0.0110622891,0.0139306379,0.0159486814,0.0162215294,0.0163775688,0.0158530549
2014-01-31,0.0022722295,0.0029677146,0.0047705142,0.0067001568,0.0088528031,0.0108891305,0.0138745388,0.0157825565,0.0160106368,0.0161490248,0.0156086765
2014-01-30,0.0023787791,0.0030829547,0.0048737817,0.0067740678,0.0089051527,0.0109160337,0.0139229172,0.0157068570,0.0159954543,0.0161413734,0.0156492349
2014-01-29,0.0025957619,0.0030522776,0.0048881299,0.0067858320,0.0089731856,0.0110091122,0.0140191321,0.0157424641,0.0160252684,0.0161450223,0.0162381527
2014-01-28,0.0022989784,0.0030080649,0.0047666667,0.0066711841,0.0088103847,0.0108320276,0.0138636530,0.0156416607,0.0159917001,0.0161455032,0.0155976797
2014-01-27,0.0027845836,0.0033909242,0.0052779394,0.0071246853,0.0094067643,0.0113568533,0.0143195993,0.0161166834,0.0160496382,0.0160532057,0.0154626901
2014-01-24,0.0026761800,0.0032878934,0.0050824822,0.0069884257,0.0091660701,0.0112121878,0.0141793212,0.0159777016,0.0162209094,0.0163457976,0.0159284969
2014-01-23,0.0018310715,0.0025339124,0.0043110323,0.0062623067,0.0083983633,0.0104256484,0.0134774694,0.0151471458,0.0156028066,0.0158103692,0.0154064985
2014-01-22,0.0017868199,0.0022961704,0.0040389146,0.0059588230,0.0080573657,0.0100580854,0.0129558161,0.0147908032,0.0147923566,0.0147997189,0.0143048427
2014-01-21,0.0014982850,0.0021482447,0.0039002906,0.0057647484,0.0080028354,0.0100040727,0.0130242432,0.0146619334,0.0149042473,0.0150163707,0.0145300977
2014-01-20,0.0012619889,0.0018178298,0.0036173453,0.0057372268,0.0079549474,0.0100661209,0.0132017864,0.0147336557,0.0150055321,0.0151602146,0.0152805493
2014-01-17,0.0015310127,0.0021004845,0.0038761636,0.0058592492,0.0079821128,0.0100075439,0.0129331753,0.0146228815,0.0148708537,0.0149624971,0.0145495293
2014-01-16,0.0014986267,0.0020862344,0.0037800819,0.0058352660,0.0078982389,0.0098911086,0.0128038563,0.0145015353,0.0147229658,0.0148124147,0.0144244006
2014-01-15,0.0015485772,0.0021353479,0.0038270210,0.0058719109,0.0079424707,0.0099351144,0.0128491045,0.0145488769,0.0147826008,0.0148730441,0.0144780926
2014-01-14,0.0019000627,0.0024980118,0.0042260371,0.0063133834,0.0083790796,0.0103884552,0.0133550349,0.0150570898,0.0152520752,0.0153450434,0.0149316736
2014-01-13,0.0015351055,0.0020392615,0.0037917663,0.0058943120,0.0079944229,0.0101254477,0.0131094304,0.0147616473,0.0152208239,0.0154267946,0.0155958517
2014-01-10,0.0017829414,0.0021724435,0.0038097765,0.0059303336,0.0078711564,0.0099076149,0.0128769345,0.0145296051,0.0148245666,0.0149679952,0.0150771403
2014-01-09,0.0016240595,0.0019856800,0.0036684660,0.0057556772,0.0076203588,0.0096290649,0.0125568347,0.0142933567,0.0145519672,0.0146733711,0.0147589816
2014-01-08,0.0011285291,0.0017456642,0.0036236541,0.0056284351,0.0077462145,0.0098304537,0.0129032918,0.0145094842,0.0148134911,0.0149313213,0.0142283919
2014-01-07,0.0011710972,0.0018566164,0.0035578882,0.0056484688,0.0077886253,0.0098484157,0.0130865447,0.0145972239,0.0147913563,0.0149013736,0.0143763112
2014-01-06,0.0011660363,0.0017841442,0.0035524397,0.0056749967,0.0078332644,0.0099244218,0.0131518154,0.0146538235,0.0148508842,0.0149348135,0.0143943831
2014-01-03,0.0014104831,0.0018499056,0.0036683535,0.0057564182,0.0080111141,0.0101260090,0.0132817524,0.0150441957,0.0149696547,0.0149329820,0.0144370311
2014-01-02,0.0013610006,0.0019237177,0.0037787597,0.0060618204,0.0082814842,0.0104205609,0.0138771871,0.0155219380,0.0156502174,0.0157375868,0.0158198860
2014-01-01,0.0016371532,0.0021253637,0.0039234315,0.0060351591,0.0083554280,0.0105248673,0.0140718822,0.0159408530,0.0157246608,0.0156861589,0.0150814395
2013-12-31,0.0016372399,0.0021258003,0.0039239932,0.0060359626,0.0083564369,0.0105261356,0.0140738668,0.0159442625,0.0157281908,0.0156906644,0.0150915865
2013-12-30,0.0013964240,0.0020203198,0.0037705076,0.0058854207,0.0082992423,0.0105206547,0.0141330250,0.0160702565,0.0157838021,0.0158159746,0.0149779886
2013-12-27,0.0013282239,0.0018708717,0.0036819827,0.0058941139,0.0082917109,0.0105012868,0.0140617637,0.0159868383,0.0156143061,0.0157076860,0.0148240673
2013-12-26,0.0011643297,0.0017639532,0.0036264606,0.0059662196,0.0083848540,0.0105389107,0.0141313842,0.0160177144,0.0158702300,0.0158229904,0.0146499757
2013-12-25,0.0013286509,0.0018722085,0.0036819989,0.0058984539,0.0083057521,0.0105243720,0.0140688488,0.0159989232,0.0157050622,0.0157665633,0.0148944342
2013-12-24,0.0013288394,0.0018722976,0.0036816928,0.0058982848,0.0083061869,0.0105255386,0.0140705090,0.0160007376,0.0157043272,0.0157655848,0.0148902007
2013-12-23,0.0013618119,0.0018998180,0.0037060390,0.0059152555,0.0083222250,0.0105343209,0.0140971511,0.0160276404,0.0157042773,0.0157652748,0.0149364471
2013-12-20,0.0014140207,0.0019178013,0.0036862926,0.0058239151,0.0081716359,0.0104321446,0.0140472973,0.0159738473,0.0156922135,0.0156489889,0.0156196494
2013-12-19,0.0014479470,0.0018408137,0.0036893921,0.0056844038,0.0080664939,0.0103116695,0.0138759289,0.0158497497,0.0157003105,0.0156583693,0.0148263178
2013-12-18,0.0012917637,0.0018515507,0.0037966990,0.0059881413,0.0083393878,0.0105764912,0.0141173379,0.0160482537,0.0162096542,0.0163241012,0.0156935804
2013-12-17,0.0011844034,0.0016661474,0.0036118072,0.0059478262,0.0084287418,0.0107077276,0.0143124303,0.0163276376,0.0160921541,0.0160745442,0.0149526394
2013-12-16,0.0011253405,0.0017066903,0.0035795172,0.0060172988,0.0084302472,0.0106455478,0.0141185145,0.0161031308,0.0158639627,0.0159401494,0.0151106116
2013-12-13,0.0014022656,0.0019545939,0.0038438459,0.0063306840,0.0085907233,0.0107595319,0.0142638611,0.0159656716,0.0163081224,0.0164233411,0.0165382579
2013-12-12,0.0013563822,0.0019300923,0.0038775425,0.0062362932,0.0086345635,0.0108158804,0.0143478183,0.0163266668,0.0165859372,0.0166644195,0.0159680364
2013-12-11,0.0014080276,0.0019093345,0.0038215716,0.0059729384,0.0084356151,0.0106376632,0.0141821045,0.0161929652,0.0160709769,0.0161175805,0.0152017163
2013-12-10,0.0014582441,0.0019526460,0.0038668070,0.0060192538,0.0084817479,0.0106832215,0.0142260365,0.0162357179,0.0160739206,0.0161426268,0.0152533942
2013-12-09,0.0016352108,0.0021303183,0.0040525486,0.0062416120,0.0087358022,0.0109945700,0.0145258211,0.0166222579,0.0163090480,0.0163696263,0.0154992516
2013-12-06,0.0019275221,0.0024857693,0.0045024585,0.0067729535,0.0091367035,0.0114288963,0.0149582640,0.0169443732,0.0170183118,0.0170954006,0.0165725912
2013-12-05,0.0019068801,0.0025527666,0.0045634888,0.0069353017,0.0092795208,0.0115758562,0.0152139330,0.0172373282,0.0172663477,0.0173508460,0.0167084882
2013-12-04,0.0020500253,0.0024717162,0.0043498408,0.0067585287,0.0091192502,0.0113459640,0.0149335553,0.0170481369,0.0167931867,0.0167692281,0.0167789560
2013-12-03,0.0016469019,0.0022590457,0.0042490465,0.0066066027,0.0090541054,0.0112813207,0.0149423183,0.0169569641,0.0167673553,0.0167556904,0.0159860309
2013-12-02,0.0013085791,0.0018372249,0.0037889040,0.0061358847,0.0085363311,0.0107782089,0.0143644578,0.0164522769,0.0161691588,0.0161331598,0.0155223355
2013-11-29,0.0011922939,0.0018074383,0.0037485480,0.0060775804,0.0084982845,0.0107469998,0.0143724067,0.0165008599,0.0162241340,0.0161661874,0.0154319346
2013-11-28,0.0008161558,0.0013466380,0.0032290513,0.0056763911,0.0081214188,0.0103471398,0.0140863756,0.0162930533,0.0160786220,0.0160443586,0.0148590460
2013-11-27,0.0009059911,0.0013517907,0.0032446753,0.0057298455,0.0081463203,0.0103855314,0.0140303846,0.0161807930,0.0158881859,0.0158294675,0.0150456279
2013-11-26,0.0009832035,0.0016292585,0.0034249047,0.0057943148,0.0082630267,0.0105614194,0.0142430168,0.0163327655,0.0161227726,0.0161314418,0.0160703704
2013-11-25,0.0009486308,0.0015014761,0.0034237353,0.0058504735,0.0082979126,0.0106270520,0.0143470018,0.0164568239,0.0162489417,0.0162374839,0.0158769485
2013-11-22,0.0009152738,0.0013837156,0.0034225663,0.0059071766,0.0083329458,0.0106930926,0.0144517461,0.0165818246,0.0163760981,0.0163442230,0.0156858546
2013-11-21,0.0012307786,0.0017706267,0.0038913859,0.0063333273,0.0088102468,0.0111887101,0.0149117150,0.0170231815,0.0168833685,0.0168524500,0.0161580938
2013-11-20,0.0011750537,0.0017948775,0.0039301262,0.0063176390,0.0087437074,0.0111623949,0.0147514260,0.0167606238,0.0170519657,0.0171667750,0.0172609907
2013-11-19,0.0013036209,0.0016450165,0.0037334668,0.0062113396,0.0086636777,0.0111912460,0.0149962204,0.0170856367,0.0169648881,0.0169417276,0.0169045471
2013-11-18,0.0012851030,0.0018152758,0.0039658461,0.0065124901,0.0089346320,0.0113479682,0.0149748865,0.0171354970,0.0172369660,0.0173398719,0.0168183881
2013-11-15,0.0017664479,0.0020604266,0.0038707795,0.0065664113,0.0091124177,0.0117256258,0.0155663694,0.0176855863,0.0175936661,0.0177691100,0.0175621277
2013-11-14,0.0016801539,0.0022151555,0.0043892002,0.0069606647,0.0093881659,0.0118107450,0.0154512833,0.0176174039,0.0177594904,0.0178680989,0.0173304791
2013-11-13,0.0015426377,0.0020825935,0.0042782704,0.0068870682,0.0093616221,0.0118090180,0.0154495889,0.0176292823,0.0177668234,0.0178754317,0.0173380605
2013-11-12,0.0013643614,0.0018088053,0.0038881731,0.0064901623,0.0090331168,0.0115259826,0.0153263118,0.0174852481,0.0173506124,0.0173171667,0.0164504543
2013-11-11,0.0011446258,0.0015896919,0.0036750850,0.0063329732,0.0088808608,0.0113689009,0.0151752217,0.0173248695,0.0171877329,0.0171634411,0.0162575253
2013-11-08,0.0013382139,0.0017877982,0.0039534882,0.0065851684,0.0090527476,0.0115825112,0.0152251377,0.0173649349,0.0175010973,0.0175985083,0.0176831249
2013-11-07,0.0010522070,0.0016191452,0.0038287318,0.0063328867,0.0089145614,0.0114069915,0.0149824031,0.0170730359,0.0172912344,0.0173912831,0.0174782075
2013-11-06,0.0011028006,0.0016321902,0.0041244136,0.0068414685,0.0095631266,0.0121700256,0.0159511525,0.0180717239,0.0182981633,0.0184542606,0.0177522105
2013-11-05,0.0012758243,0.0017906318,0.0042216581,0.0069335454,0.0097371822,0.0124114271,0.0161633617,0.0183348231,0.0184803500,0.0185719065,0.0179736577
2013-11-04,0.0010658929,0.0015188083,0.0039772390,0.0068758089,0.0097091950,0.0124149845,0.0162686253,0.0183856298,0.0186674799,0.0188409759,0.0180538450
2013-11-01,0.0014054032,0.0017596566,0.0041982512,0.0069704167,0.0098113224,0.0125745372,0.0163855051,0.0185213441,0.0183375808,0.0185180700,0.0174405026
2013-10-31,0.0016049027,0.0021124220,0.0045160739,0.0071308172,0.0100158872,0.0127295823,0.0163664750,0.0185501262,0.0184443310,0.0183945898,0.0177050507
2013-10-30,0.0015571987,0.0021419992,0.0045578317,0.0074786730,0.0104076875,0.0131950467,0.0168872241,0.0189777258,0.0189920903,0.0191479362,0.0182483653
2013-10-29,0.0014339822,0.0019377313,0.0042968410,0.0074421207,0.0104020235,0.0133139318,0.0171026068,0.0192416735,0.0196027957,0.0198332379,0.0189732660
2013-10-28,0.0018644599,0.0023178135,0.0047944871,0.0079459292,0.0109162931,0.0138489422,0.0177004245,0.0197808795,0.0200961542,0.0202507276,0.0194956199
2013-10-25,0.0019780598,0.0025641720,0.0049818701,0.0080044409,0.0110335364,0.0140011168,0.0177182981,0.0198714398,0.0200596238,0.0202329119,0.0196604596
2013-10-24,0.0016957597,0.0020655463,0.0044419746,0.0074977746,0.0105652095,0.0136034074,0.0172893266,0.0194548434,0.0196923199,0.0199226572,0.0198806599
2013-10-23,0.0013633204,0.0018709839,0.0042399793,0.0073454575,0.0104176559,0.0133774568,0.0172101946,0.0193032493,0.0195015887,0.0197691191,0.0190312216
2013-10-22,0.0011482561,0.0015644440,0.0039025550,0.0070365876,0.0101398890,0.0131235068,0.0169096507,0.0190468671,0.0192811839,0.0196633134,0.0187143101
2013-10-21,0.0013508290,0.0017027736,0.0041684367,0.0072875910,0.0102945183,0.0132476190,0.0170301492,0.0191571664,0.0195431187,0.0197013246,0.0197895302
2013-10-18,0.0012213184,0.0018162523,0.0043632991,0.0074059856,0.0103383094,0.0132173876,0.0168821695,0.0189461491,0.0195122521,0.0196491160,0.0197750736
2013-10-17,0.0013426196,0.0016948297,0.0042146750,0.0073369875,0.0103632651,0.0133034688,0.0170813167,0.0192122255,0.0195375497,0.0197060664,0.0197915799
2013-10-16,0.0009898557,0.0014266338,0.0039031192,0.0069856173,0.0101118585,0.0131354849,0.0168227102,0.0189906784,0.0191113690,0.0192581094,0.0192611149
2013-10-15,0.0010070602,0.0014625187,0.0039959619,0.0070971033,0.0102280718,0.0132300648,0.0169426115,0.0191136213,0.0192359446,0.0193817145,0.0193828441
2013-10-14,0.0009215782,0.0015999005,0.0044634416,0.0075642845,0.0107510140,0.0138698801,0.0174966776,0.0196947883,0.0195019415,0.0194300535,0.0187445451
2013-10-11,0.0009955606,0.0016810373,0.0044309223,0.0077049545,0.0108153529,0.0138507620,0.0176393367,0.0197634949,0.0201900082,0.0204079566,0.0194975119
2013-10-10,0.0009147387,0.0016498387,0.0046077530,0.0077770316,0.0109592320,0.0140113288,0.0176576490,0.0198492797,0.0200246554,0.0202059354,0.0201595734
2013-10-09,0.0013373765,0.0021883518,0.0051018180,0.0083017801,0.0114312241,0.0144874592,0.0181052462,0.0202368362,0.0205098746,0.0206848786,0.0200440495
2013-10-08,0.0013523232,0.0022298671,0.0050924518,0.0083037511,0.0114356864,0.0144702380,0.0180373474,0.0201165360,0.0205172603,0.0207741587,0.0208133676
2013-10-07,0.0015839867,0.0024605606,0.0054350690,0.0087571299,0.0118632521,0.0149840149,0.0186130651,0.0206941089,0.0209466446,0.0211701209,0.0211656675
2013-10-04,0.0018936815,0.0025833091,0.0055331026,0.0087532576,0.0118957542,0.0150072350,0.0186079533,0.0207683169,0.0209586863,0.0211173477,0.0211115362
2013-10-03,0.0020728664,0.0029057371,0.0058861648,0.0092140419,0.0123568468,0.0154500260,0.0190783105,0.0211684300,0.0213821351,0.0217168487,0.0216239962
2013-10-02,0.0022997309,0.0029042448,0.0058524163,0.0091638543,0.0123355696,0.0154407028,0.0190621618,0.0212113091,0.0214282018,0.0216718779,0.0209828232
2013-10-01,0.0025247120,0.0031145282,0.0060226121,0.0093963842,0.0125973554,0.0156456182,0.0193748394,0.0214358813,0.0218556857,0.0223186615,0.0215742054
2013-09-30,0.0026584546,0.0033955807,0.0063589436,0.0097862302,0.0130323546,0.0161441942,0.0198064545,0.0218797940,0.0223404086,0.0227888282,0.0227864547
2013-09-27,0.0023613375,0.0031970183,0.0061500935,0.0095092343,0.0126761957,0.0157547465,0.0194131965,0.0214585562,0.0218867820,0.0221901129,0.0222518363
2013-09-26,0.0018567815,0.0027103804,0.0057576369,0.0090719805,0.0123263307,0.0153955367,0.0189317485,0.0210367449,0.0212140485,0.0214381015,0.0214352867
2013-09-25,0.0020549899,0.0028157626,0.0057872749,0.0091052367,0.0121938870,0.0152469334,0.0189670043,0.0210072519,0.0214066886,0.0217238088,0.0217087517
2013-09-24,0.0017419558,0.0024741225,0.0054125568,0.0088413958,0.0119914626,0.0150687070,0.0186750389,0.0207280599,0.0212995885,0.0216397769,0.0217304682
2013-09-23,0.0017793509,0.0023844141,0.0053787472,0.0087088067,0.0119270690,0.0149644047,0.0185202386,0.0205849046,0.0208498656,0.0211540656,0.0210893753
2013-09-20,0.0014661467,0.0021353614,0.0050328040,0.0085193381,0.0116413296,0.0147357580,0.0183633806,0.0204084419,0.0208552465,0.0212376306,0.0206123522
2013-09-19,0.0010234774,0.0016723622,0.0045599317,0.0078212640,0.0108848101,0.0139393514,0.0175614741,0.0196354750,0.0198360752,0.0199586303,0.0199785930
2013-09-18,0.0013703197,0.0021736191,0.0050608025,0.0085288445,0.0115951480,0.0146652404,0.0184267156,0.0204337087,0.0210633087,0.0212079897,0.0215224443
2013-09-17,0.0013328147,0.0020925269,0.0050806463,0.0085835210,0.0117995882,0.0148780606,0.0186212863,0.0207053536,0.0208500688,0.0210263267,0.0204451492
2013-09-16,0.0013243625,0.0020790579,0.0050774085,0.0085752638,0.0117371004,0.0148943111,0.0185688208,0.0206729725,0.0208656448,0.0210194592,0.0204731693
2013-09-13,0.0018449376,0.0025016526,0.0054483524,0.0089053964,0.0121240639,0.0153349650,0.0187710676,0.0208887012,0.0210203689,0.0210057076,0.0210184333
2013-09-12,0.0016348695,0.0023669427,0.0053396943,0.0089539246,0.0121920721,0.0152632206,0.0189731608,0.0209639063,0.0212973503,0.0216540940,0.0210787203
2013-09-11,0.0013549212,0.0020989036,0.0051158643,0.0086437263,0.0118927239,0.0149589994,0.0186337779,0.0206091044,0.0209764062,0.0213254242,0.0213102633
2013-09-10,0.0016922740,0.0024661431,0.0054866430,0.0088893042,0.0121209784,0.0153231283,0.0187057933,0.0209101745,0.0212761111,0.0215464519,0.0215716239
2013-09-09,0.0022647427,0.0029785876,0.0060077229,0.0093339708,0.0126301420,0.0158209253,0.0191521390,0.0214139359,0.0215841482,0.0217696348,0.0217580495
2013-09-06,0.0023575770,0.0031153869,0.0062360223,0.0097213373,0.0130733310,0.0162436063,0.0195727451,0.0217272707,0.0220675583,0.0224468893,0.0223456180
2013-09-05,0.0023542466,0.0033015015,0.0063884927,0.0099042722,0.0130950765,0.0162972716,0.0197325051,0.0219464925,0.0221552056,0.0224359979,0.0216609101
2013-09-04,0.0025527658,0.0033669137,0.0064006901,0.0098737040,0.0131095710,0.0163002822,0.0197098884,0.0218995041,0.0223660233,0.0227083476,0.0227700450
2013-09-03,0.0023782104,0.0030967649,0.0061362289,0.0097691748,0.0130242448,0.0161320521,0.0195751601,0.0217688719,0.0222305117,0.0227334197,0.0220542741
2013-09-02,0.0023807859,0.0033432505,0.0064000370,0.0098296979,0.0131184065,0.0163347113,0.0197109775,0.0219621127,0.0223976798,0.0227390366,0.0227754752
2013-08-30,0.0028267620,0.0036612646,0.0067403778,0.0101086508,0.0133395533,0.0165725325,0.0199048110,0.0221272450,0.0223002918,0.0224603422,0.0224781048
2013-08-29,0.0026129724,0.0035829240,0.0066419146,0.0100601930,0.0133408609,0.0165644605,0.0199322539,0.0221892904,0.0226224417,0.0229764245,0.0230029177
2013-08-28,0.0030954225,0.0040522573,0.0071018276,0.0104660340,0.0136639320,0.0169017103,0.0201985246,0.0224420575,0.0226885138,0.0229045231,0.0229342867
2013-08-27,0.0029995925,0.0036515848,0.0067907093,0.0102444105,0.0135737306,0.0167919764,0.0200747033,0.0221921353,0.0224829257,0.0226589613,0.0226720590
2013-08-26,0.0021802672,0.0028708108,0.0059774074,0.0094076672,0.0126918666,0.0159395132,0.0192251952,0.0213932155,0.0216428831,0.0217701703,0.0218188812
2013-08-23,0.0021800397,0.0029732708,0.0060570114,0.0094341096,0.0126424365,0.0159047928,0.0192463462,0.0214755089,0.0216445070,0.0217730953,0.0218169396
2013-08-22,0.0025586179,0.0033586950,0.0064411738,0.0098125460,0.0130437454,0.0162810330,0.0196159174,0.0218399416,0.0220189453,0.0221809451,0.0221999938
2013-08-21,0.0027087693,0.0035022609,0.0065845224,0.0099523503,0.0132427872,0.0164205625,0.0197581455,0.0219779253,0.0221796151,0.0224023596,0.0223660481
2013-08-20,0.0025476581,0.0031111697,0.0062471883,0.0096102268,0.0129972659,0.0161949796,0.0194446327,0.0215813020,0.0216430640,0.0216983813,0.0216345453
2013-08-19,0.0022600097,0.0029712653,0.0059610592,0.0095017791,0.0127737158,0.0159441925,0.0191293608,0.0212396873,0.0217319430,0.0220908459,0.0220416595
2013-08-16,0.0019976245,0.0027128014,0.0058354137,0.0092734109,0.0126277126,0.0157924702,0.0190646552,0.0211806426,0.0214909308,0.0217225727,0.0216768645
2013-08-15,0.0020020281,0.0028413545,0.0058959556,0.0093997672,0.0126873477,0.0158455764,0.0192813540,0.0214624460,0.0217984853,0.0221123025,0.0216356816
2013-08-14,0.0014997123,0.0022891657,0.0053235625,0.0087352601,0.0120288355,0.0151910358,0.0184787508,0.0206826382,0.0210443358,0.0213369553,0.0213525983
2013-08-13,0.0014912477,0.0022482884,0.0053335640,0.0087176960,0.0119820515,0.0151955378,0.0183061713,0.0205834835,0.0207404936,0.0208836484,0.0208805544
2013-08-12,0.0017484023,0.0025671370,0.0056790180,0.0091611254,0.0124233284,0.0155981944,0.0188124191,0.0209292121,0.0211576400,0.0213221312,0.0208531519
2013-08-09,0.0017990849,0.0025806810,0.0056042830,0.0091359759,0.0124480309,0.0155581817,0.0186743630,0.0206454021,0.0207525270,0.0208422111,0.0204150936
2013-08-08,0.0017564689,0.0025777051,0.0056897706,0.0091718300,0.0124234894,0.0156094130,0.0187899656,0.0209424074,0.0211461499,0.0212897246,0.0208481143
2013-08-07,0.0023027368,0.0030744328,0.0061866337,0.0096258224,0.0128740334,0.0160641171,0.0192207336,0.0214172108,0.0217813222,0.0220134937,0.0220196734
2013-08-06,0.0020995326,0.0028070776,0.0058127365,0.0092867433,0.0125823043,0.0157759238,0.0188027719,0.0210621553,0.0213312512,0.0214969260,0.0215098935
2013-08-05,0.0024267708,0.0033439080,0.0065030257,0.0100501213,0.0133352437,0.0165064487,0.0196503837,0.0217667535,0.0221051623,0.0223015066,0.0216950729
2013-08-02,0.0025154810,0.0034322706,0.0065921187,0.0101392854,0.0134385082,0.0165945306,0.0197377253,0.0218565344,0.0221839916,0.0224186642,0.0217874706
2013-08-01,0.0027184366,0.0034693175,0.0066201495,0.0100965637,0.0133813738,0.0165753916,0.0196685448,0.0218005712,0.0218046526,0.0217615099,0.0212915517
2013-07-31,0.0033253943,0.0040528455,0.0072860404,0.0106909660,0.0139864384,0.0172129092,0.0202061394,0.0224157771,0.0224622212,0.0224011192,0.0224411086
2013-07-30,0.0034575766,0.0043856503,0.0076045890,0.0110776218,0.0142998041,0.0174858062,0.0206748767,0.0227887015,0.0229694139,0.0230742638,0.0226691670
2013-07-29,0.0039989416,0.0049750884,0.0085328137,0.0114926146,0.0149339583,0.0180169107,0.0210546700,0.0233678465,0.0233221101,0.0232899790,0.0232807322
2013-07-26,0.0040459426,0.0049699405,0.0083893726,0.0117108564,0.0150409861,0.0180989823,0.0213677082,0.0234080313,0.0237096854,0.0239216665,0.0233613482
2013-07-25,0.0041672663,0.0050631107,0.0085028851,0.0117190183,0.0151459117,0.0181985833,0.0214144523,0.0234555528,0.0239034134,0.0242111686,0.0242452201
2013-07-24,0.0036633613,0.0047050706,0.0081770638,0.0113476729,0.0148032257,0.0178193321,0.0210390037,0.0230941234,0.0235553449,0.0239478190,0.0239418839
2013-07-23,0.0036649192,0.0046809815,0.0079576906,0.0113248876,0.0147048654,0.0178089652,0.0210246282,0.0230913240,0.0235953214,0.0240229959,0.0239904401
2013-07-22,0.0034827688,0.0043942845,0.0076129254,0.0110747715,0.0143203704,0.0174766945,0.0207850394,0.0227261885,0.0231023136,0.0233167372,0.0229007466
2013-07-19,0.0034673986,0.0047398177,0.0084207671,0.0115186633,0.0149391016,0.0179427196,0.0212492725,0.0231604864,0.0233366544,0.0235101609,0.0228945270
2013-07-18,0.0038565061,0.0048991779,0.0081994392,0.0115617749,0.0148385052,0.0180318918,0.0212036623,0.0232900760,0.0237346366,0.0239869784,0.0240446076
2013-07-17,0.0046825982,0.0055229091,0.0088970022,0.0122400891,0.0155703353,0.0187326984,0.0219368366,0.0239649992,0.0241979866,0.0243887250,0.0243724411
2013-07-16,0.0043196310,0.0052099037,0.0087430890,0.0119587565,0.0154062890,0.0184607904,0.0216343448,0.0237325156,0.0241456485,0.0244804816,0.0244726194
2013-07-15,0.0044081035,0.0051817097,0.0086691968,0.0118704633,0.0152297888,0.0183481203,0.0214622548,0.0236669462,0.0238535399,0.0239812230,0.0240363463
2013-07-12,0.0047481813,0.0054772895,0.0089576131,0.0123050421,0.0157343605,0.0188137715,0.0219585476,0.0240123374,0.0242876899,0.0244681433,0.0244843448
2013-07-11,0.0042978401,0.0051047492,0.0085975190,0.0118048098,0.0151629613,0.0182863396,0.0214390518,0.0235567964,0.0238286590,0.0240162874,0.0241064840
2013-07-10,0.0042189686,0.0050093851,0.0085053478,0.0117129380,0.0151119108,0.0182013899,0.0213193911,0.0235262215,0.0236581867,0.0238178853,0.0238424325
2013-07-09,0.0033359815,0.0041821275,0.0076202933,0.0108561810,0.0142079963,0.0172988842,0.0204083774,0.0225377391,0.0227837198,0.0229181990,0.0229476792
2013-07-08,0.0041772764,0.0051994836,0.0085916982,0.0118697465,0.0152380419,0.0182214056,0.0214235280,0.0234997697,0.0238168452,0.0241054650,0.0233988051
2013-07-05,0.0047366085,0.0053493727,0.0089343724,0.0120775975,0.0155050658,0.0186562950,0.0218181325,0.0239490309,0.0239404835,0.0238940679,0.0239299853
2013-07-04,0.0050711524,0.0058899717,0.0088834547,0.0124143350,0.0156584005,0.0188128087,0.0217743440,0.0238903954,0.0243365370,0.0246078334,0.0246516930
2013-07-03,0.0055541654,0.0064771342,0.0096740103,0.0131531849,0.0164210884,0.0195100522,0.0227076262,0.0247628300,0.0249773704,0.0251593873,0.0246907585
2013-07-02,0.0036889164,0.0046417884,0.0082050051,0.0115182642,0.0149235131,0.0179204004,0.0212340223,0.0232897755,0.0235365354,0.0237273568,0.0231608756
2013-07-01,0.0040759010,0.0049471001,0.0084825623,0.0117049543,0.0150919545,0.0182461431,0.0213858963,0.0235605635,0.0238179391,0.0239738826,0.0240171197
2013-06-28,0.0047562570,0.0057478751,0.0088537771,0.0121804317,0.0154467549,0.0185458144,0.0217250229,0.0236782696,0.0239024430,0.0240021564,0.0235306553
2013-06-27,0.0034415515,0.0042749835,0.0076306398,0.0109009763,0.0143069198,0.0173799211,0.0204753802,0.0225591611,0.0228765057,0.0230850958,0.0230807728
2013-06-26,0.0044693712,0.0051557574,0.0084713372,0.0117969232,0.0151706684,0.0182758873,0.0213229948,0.0233482589,0.0235885213,0.0237005803,0.0238014889
2013-06-25,0.0059077875,0.0067321997,0.0100775217,0.0133711820,0.0167123736,0.0196884466,0.0228736235,0.0248895872,0.0251687217,0.0253964530,0.0248703179
2013-06-24,0.0067448013,0.0077594152,0.0111660978,0.0142171515,0.0176341998,0.0207530367,0.0238626891,0.0260374286,0.0265810146,0.0269774006,0.0270097722
2013-06-21,0.0058537203,0.0069639623,0.0100838924,0.0133345541,0.0165869510,0.0197671450,0.0229402321,0.0249902901,0.0254331401,0.0257091929,0.0257751145
2013-06-20,0.0053773771,0.0058933243,0.0091959489,0.0125172253,0.0159052754,0.0189840801,0.0220585037,0.0241198441,0.0243097588,0.0244571529,0.0244985513
2013-06-19,0.0037610792,0.0042713232,0.0075748476,0.0107871787,0.0140939793,0.0171166543,0.0201324362,0.0221556503,0.0222144857,0.0221185983,0.0221805609
2013-06-18,0.0038797518,0.0044614158,0.0076325981,0.0108011516,0.0141308091,0.0171116211,0.0202868412,0.0222704687,0.0225030145,0.0226031917,0.0226629379
2013-06-17,0.0035269926,0.0042188248,0.0073964334,0.0105162202,0.0138783189,0.0168705916,0.0200122815,0.0220395734,0.0223774357,0.0225187846,0.0225591603
2013-06-14,0.0039543320,0.0044833223,0.0075767643,0.0108488905,0.0142140360,0.0171925146,0.0203000705,0.0222371941,0.0224088758,0.0226150785,0.0225688099
2013-06-13,0.0049304727,0.0058112265,0.0084571820,0.0118376118,0.0149422055,0.0178774588,0.0211080241,0.0229671029,0.0233014506,0.0234925051,0.0228197712
2013-06-12,0.0048918983,0.0058806977,0.0084699115,0.0118527804,0.0149803988,0.0179031337,0.0213103903,0.0231034878,0.0236280377,0.0238914799,0.0233429466
2013-06-11,0.0045156105,0.0049835226,0.0083189884,0.0115389236,0.0148353739,0.0178417438,0.0208284678,0.0227662481,0.0226585931,0.0227169067,0.0226553158
2013-06-10,0.0042757999,0.0051257551,0.0079961861,0.0112568683,0.0144093503,0.0174322906,0.0204724813,0.0223270094,0.0225838735,0.0229380145,0.0228517422
2013-06-07,0.0041062401,0.0046573716,0.0079766734,0.0111659490,0.0143986532,0.0173040198,0.0204052308,0.0223233572,0.0221637322,0.0222011814,0.0217066208
2013-06-06,0.0050828805,0.0059142467,0.0090531130,0.0121418959,0.0154661955,0.0184269699,0.0215900659,0.0234970590,0.0238521619,0.0242400976,0.0241857773
2013-06-05,0.0044527431,0.0053110690,0.0084294146,0.0115055678,0.0148007952,0.0177544944,0.0208982440,0.0227909336,0.0230612992,0.0233953537,0.0233761080
2013-06-04,0.0038164424,0.0043924122,0.0076642534,0.0108789512,0.0141770113,0.0171693462,0.0202828106,0.0221743776,0.0222356923,0.0224008525,0.0223636947
2013-06-03,0.0045079213,0.0049708940,0.0082975898,0.0115175505,0.0148169450,0.0178153702,0.0207842956,0.0226739788,0.0226682712,0.0227405311,0.0226729782
2013-05-31,0.0042264563,0.0046966511,0.0079202248,0.0110944841,0.0144401434,0.0174105114,0.0203744103,0.0222501870,0.0222547089,0.0223613920,0.0222469813
2013-05-30,0.0038126558,0.0040918642,0.0073481457,0.0105687622,0.0138778499,0.0168646840,0.0198663072,0.0216636052,0.0217752002,0.0217605518,0.0217638235
2013-05-29,0.0033141766,0.0038553627,0.0070363428,0.0102129572,0.0135435793,0.0165491881,0.0196314956,0.0215071125,0.0217006577,0.0219060989,0.0218447915
2013-05-28,0.0027625249,0.0033171138,0.0064623638,0.0096081284,0.0129385847,0.0159183552,0.0189899759,0.0208901238,0.0210036787,0.0212058271,0.0211412648
2013-05-27,0.0032452305,0.0037679642,0.0069230887,0.0100792438,0.0134155501,0.0163964950,0.0194643374,0.0213154534,0.0214207196,0.0216577561,0.0215560104
2013-05-24,0.0032452191,0.0037596466,0.0069106146,0.0100509719,0.0133840008,0.0163705734,0.0194482077,0.0213088273,0.0214148464,0.0216556916,0.0215519914
2013-05-23,0.0017819292,0.0022896815,0.0052026924,0.0086569828,0.0119224330,0.0150507506,0.0181394995,0.0199578981,0.0201940794,0.0204428341,0.0203232144
2013-05-22,0.0010372609,0.0016062214,0.0045532157,0.0079917462,0.0112508659,0.0143059809,0.0175409877,0.0193706755,0.0193518374,0.0195647538,0.0190763123
2013-05-21,0.0016798561,0.0023061601,0.0053498176,0.0087496877,0.0119895965,0.0150872824,0.0183120715,0.0201450172,0.0201415063,0.0203570539,0.0198573675
2013-05-20,0.0010886974,0.0016028495,0.0046860910,0.0081456237,0.0114168796,0.0145408928,0.0176333571,0.0194558452,0.0195115840,0.0197220509,0.0196237911
2013-05-17,0.0013280436,0.0021535466,0.0055895856,0.0088211680,0.0121444483,0.0151834410,0.0182633522,0.0201048629,0.0201967422,0.0204073656,0.0203173640
2013-05-16,0.0019863715,0.0027529133,0.0061230502,0.0092871026,0.0126393903,0.0156535335,0.0188338910,0.0205625025,0.0207210952,0.0210747142,0.0209413202
2013-05-15,0.0022321510,0.0031318189,0.0068573221,0.0100231930,0.0133481982,0.0163585255,0.0194485834,0.0212991695,0.0210761523,0.0211611538,0.0205171180
2013-05-14,0.0026278628,0.0035029015,0.0069873397,0.0101661252,0.0135569345,0.0165044498,0.0198009883,0.0214765084,0.0216443754,0.0224183506,0.0209999134
2013-05-13,0.0028716645,0.0035990557,0.0071207683,0.0103473473,0.0137122171,0.0167523268,0.0196918424,0.0215294645,0.0215045990,0.0216288646,0.0214681064
2013-05-10,0.0029235702,0.0033545874,0.0068775093,0.0101286916,0.0134834596,0.0164550094,0.0194998757,0.0210927443,0.0211728755,0.0213278244,0.0211936961
2013-05-09,0.0022517189,0.0030293949,0.0065124189,0.0097554461,0.0131274650,0.0161649343,0.0192682633,0.0211222282,0.0211961460,0.0214561182,0.0213436570
2013-05-08,0.0019303752,0.0026344955,0.0061215640,0.0093727089,0.0126776897,0.0157358282,0.0186715099,0.0203772572,0.0204982559,0.0205846405,0.0204936374
2013-05-07,0.0014648914,0.0021940494,0.0056692568,0.0089178772,0.0122312715,0.0152725569,0.0182047617,0.0199087514,0.0199483974,0.0200379744,0.0199422049
2013-05-06,0.0016241276,0.0024016396,0.0058466539,0.0093207551,0.0126586819,0.0157983385,0.0189773177,0.0206597236,0.0208228208,0.0210388670,0.0205264451
2013-05-03,0.0016329252,0.0024133925,0.0058578207,0.0093317231,0.0126576702,0.0158076866,0.0189857056,0.0206666574,0.0208386435,0.0210385484,0.0205278780
2013-05-02,0.0029161928,0.0035866076,0.0069712163,0.0104218321,0.0137003285,0.0168490798,0.0198065697,0.0214475769,0.0215380174,0.0216255461,0.0210199789
2013-05-01,0.0034465615,0.0042005381,0.0078090387,0.0110573557,0.0144113968,0.0174483684,0.0202413214,0.0219160574,0.0221747829,0.0222758576,0.0221881672
2013-04-30,0.0034967766,0.0042454562,0.0078535644,0.0111047468,0.0144612636,0.0174951837,0.0202673760,0.0219095759,0.0221635379,0.0222544121,0.0221694972
2013-04-29,0.0039160596,0.0046487546,0.0082718460,0.0115248767,0.0148744412,0.0179287297,0.0206503927,0.0222449250,0.0223276209,0.0223245730,0.0223229322
2013-04-26,0.0044158064,0.0052019551,0.0087969695,0.0121199269,0.0155776892,0.0185659161,0.0213361439,0.0227682149,0.0228859151,0.0229704133,0.0230954867
2013-04-25,0.0040120005,0.0049790941,0.0085988656,0.0120708080,0.0153842825,0.0184438990,0.0211057985,0.0225963098,0.0226119724,0.0225596220,0.0221634822
2013-04-24,0.0039546443,0.0048265145,0.0083069819,0.0118218079,0.0151094726,0.0182528868,0.0209644646,0.0224600482,0.0226429610,0.0227006002,0.0227743781
2013-04-23,0.0042606688,0.0052028258,0.0087639861,0.0122857700,0.0155689869,0.0186239992,0.0213583599,0.0227998558,0.0229630359,0.0230379266,0.0227696649
2013-04-22,0.0047708785,0.0058428368,0.0094098006,0.0129358315,0.0162492410,0.0192708758,0.0219894976,0.0234293267,0.0236223742,0.0237686684,0.0233706762
2013-04-19,0.0052451561,0.0064167728,0.0100775199,0.0132896531,0.0166408013,0.0195840473,0.0222319661,0.0236035934,0.0238882821,0.0240155203,0.0236875262
2013-04-18,0.0055460625,0.0066066695,0.0103038585,0.0137187980,0.0170081498,0.0199709161,0.0226946902,0.0240733402,0.0243147434,0.0244566651,0.0240881692
2013-04-17,0.0051076920,0.0061120995,0.0096880954,0.0132328320,0.0166056832,0.0195708789,0.0223018491,0.0236896736,0.0239622586,0.0241528631,0.0237127857
2013-04-16,0.0051031602,0.0060979050,0.0094767893,0.0130203475,0.0162866442,0.0193026221,0.0220709276,0.0234179489,0.0236308599,0.0237907447,0.0234254668
2013-04-15,0.0046341109,0.0056658129,0.0093696989,0.0127655737,0.0160646928,0.0190555632,0.0217850920,0.0231725499,0.0233494827,0.0234486795,0.0231880388
2013-04-12,0.0045378325,0.0053897420,0.0089923794,0.0123664706,0.0156656231,0.0186859820,0.0214951730,0.0228980538,0.0230769705,0.0231685883,0.0229290113
2013-04-11,0.0037793914,0.0046993580,0.0081329699,0.0115507226,0.0147679545,0.0178471505,0.0207213709,0.0220929154,0.0222570757,0.0223336020,0.0220590842
2013-04-10,0.0038106914,0.0046445751,0.0082540326,0.0116325888,0.0149161750,0.0179651210,0.0207779882,0.0221794438,0.0224399957,0.0225318771,0.0222414289
2013-04-09,0.0048297838,0.0056902677,0.0092933053,0.0126622144,0.0159372363,0.0189791232,0.0217886603,0.0231928741,0.0234137151,0.0234762001,0.0232426592
2013-04-08,0.0050068360,0.0061295939,0.0099059791,0.0131014637,0.0164838790,0.0193867907,0.0220784535,0.0234634161,0.0236352029,0.0237361167,0.0234335610
2013-04-05,0.0054858665,0.0065950096,0.0103837491,0.0135798419,0.0169448720,0.0198771044,0.0225765997,0.0239627895,0.0241647256,0.0242314470,0.0239723808
2013-04-04,0.0055383107,0.0068049203,0.0104772638,0.0136655209,0.0169990574,0.0199207471,0.0226421536,0.0239977674,0.0242888153,0.0244151656,0.0240180653
2013-04-03,0.0058705951,0.0069528336,0.0107493168,0.0139439266,0.0172937114,0.0202402755,0.0229398441,0.0243222773,0.0245702303,0.0246229114,0.0243720969
2013-04-02,0.0062486587,0.0074629442,0.0113141558,0.0144844477,0.0179158999,0.0208632646,0.0235443660,0.0249378197,0.0251896943,0.0252848869,0.0249387342
2013-04-01,0.0074386972,0.0083919584,0.0121068526,0.0152859611,0.0186464431,0.0216104186,0.0244425452,0.0258413649,0.0259857164,0.0260523840,0.0258294442
2013-03-29,0.0072925019,0.0085564599,0.0122404508,0.0154432964,0.0187228642,0.0216802827,0.0244990417,0.0259978144,0.0263347596,0.0265201073,0.0262058020
2013-03-28,0.0072920702,0.0085557742,0.0122392350,0.0154417928,0.0187207182,0.0216781939,0.0244971110,0.0259963636,0.0263335394,0.0265193430,0.0262063057
2013-03-27,0.0081848818,0.0090163583,0.0127048930,0.0158657001,0.0192538539,0.0222276217,0.0249891197,0.0264471235,0.0266808148,0.0267890866,0.0268007310
2013-03-26,0.0067012587,0.0079276085,0.0116220667,0.0147808802,0.0182249878,0.0211172252,0.0236690492,0.0251388158,0.0253528812,0.0254861571,0.0251911385
2013-03-25,0.0062440242,0.0071470481,0.0107180854,0.0141792545,0.0174721274,0.0204843660,0.0232010886,0.0246975342,0.0248064422,0.0248865462,0.0245681583
2013-03-22,0.0046086965,0.0053142413,0.0091884497,0.0124747658,0.0158924735,0.0188440172,0.0215645447,0.0229622918,0.0230844178,0.0232220123,0.0229054642
2013-03-21,0.0035046717,0.0044032910,0.0081141847,0.0115022333,0.0147510399,0.0177766285,0.0204760684,0.0218618720,0.0220378693,0.0220613787,0.0218925037
2013-03-20,0.0029252327,0.0036544534,0.0078247864,0.0111017583,0.0143886163,0.0173635827,0.0199090116,0.0214048590,0.0216728846,0.0216929528,0.0218353411
2013-03-19,0.0025837501,0.0034627387,0.0070084500,0.0105524998,0.0137068175,0.0167958438,0.0195044134,0.0208707546,0.0211981544,0.0213839198,0.0214338754
2013-03-18,0.0022785225,0.0029921622,0.0068742042,0.0100765791,0.0134358919,0.0164159843,0.0191135967,0.0204255013,0.0205325046,0.0205554665,0.0203501949
2013-03-15,0.0010288279,0.0018654549,0.0057494096,0.0089278581,0.0122768825,0.0152342357,0.0178729273,0.0191675234,0.0193296927,0.0194188525,0.0191060407
2013-03-14,0.0011887191,0.0020102901,0.0055649066,0.0089189387,0.0121774308,0.0152836973,0.0179475476,0.0192369761,0.0194464867,0.0195112279,0.0192018427
2013-03-13,0.0016055427,0.0022677646,0.0059554795,0.0090976645,0.0124103682,0.0154125499,0.0180587327,0.0193817305,0.0195717804,0.0195909077,0.0196371155
2013-03-12,0.0015761109,0.0019559715,0.0058186577,0.0089345290,0.0122423862,0.0150957036,0.0178131073,0.0191797343,0.0192918392,0.0191949747,0.0192369981
2013-03-11,0.0011882642,0.0018075953,0.0058914764,0.0090761400,0.0124075178,0.0151948488,0.0179107175,0.0192300928,0.0193539450,0.0192048722,0.0189530352
2013-03-08,0.0007952906,0.0016424728,0.0053346284,0.0089296112,0.0121820847,0.0150940852,0.0173759858,0.0188023368,0.0189305657,0.0190345709,0.0190911966
2013-03-07,0.0014957802,0.0021844147,0.0058927587,0.0093299299,0.0126729048,0.0156256995,0.0181813120,0.0194736719,0.0195726718,0.0196312533,0.0194001501
2013-03-06,0.0015341377,0.0023343531,0.0060992078,0.0097041850,0.0129661816,0.0158818507,0.0182576853,0.0196388673,0.0197307281,0.0198108929,0.0195672670
2013-03-05,0.0024490716,0.0031269828,0.0069093661,0.0102817084,0.0136086299,0.0165458502,0.0191892920,0.0204574762,0.0205398663,0.0206371892,0.0203524101
2013-03-04,0.0033592127,0.0042969259,0.0075810876,0.0111389570,0.0144512395,0.0175478802,0.0202112808,0.0214502980,0.0215581641,0.0217004197,0.0213467295
2013-03-01,0.0037677858,0.0043124980,0.0078699866,0.0112310655,0.0146186167,0.0176711943,0.0202218538,0.0215611041,0.0216964853,0.0217794981,0.0218045124
2013-02-28,0.0031034567,0.0038224743,0.0074878011,0.0108482750,0.0142196515,0.0172376108,0.0197083126,0.0210952227,0.0211799039,0.0212719566,0.0209745644
2013-02-27,0.0035820754,0.0045379498,0.0078726317,0.0115461458,0.0147789002,0.0179588686,0.0203694647,0.0217547177,0.0220664126,0.0222772057,0.0223113506
2013-02-26,0.0037074523,0.0048098675,0.0082837515,0.0119694521,0.0151826102,0.0183391062,0.0206918276,0.0221082888,0.0224468944,0.0227200289,0.0223754089
2013-02-25,0.0023881158,0.0031737003,0.0067828080,0.0102117570,0.0135348281,0.0166076253,0.0189457925,0.0203238382,0.0205509323,0.0207577147,0.0208424381
2013-02-22,0.0025902529,0.0032546417,0.0069698380,0.0103115262,0.0137551514,0.0167281230,0.0192039053,0.0206410177,0.0211316855,0.0212859918,0.0207253872
2013-02-21,0.0029635463,0.0034346712,0.0069636212,0.0103171179,0.0136813556,0.0167010822,0.0191669200,0.0205814875,0.0207033762,0.0208045157,0.0208118607
2013-02-20,0.0021129856,0.0027223647,0.0062083131,0.0095626913,0.0129551477,0.0159773428,0.0183975823,0.0198086127,0.0199400016,0.0200395704,0.0200964639
2013-02-19,0.0026303989,0.0029000829,0.0065594926,0.0098000224,0.0131359558,0.0160832347,0.0185175070,0.0199741075,0.0199008644,0.0198393648,0.0198474090
2013-02-18,0.0022757962,0.0027470509,0.0066568866,0.0098154595,0.0131250767,0.0160525918,0.0184680988,0.0199130704,0.0197253754,0.0197128161,0.0194090687
2013-02-15,0.0019554865,0.0024835177,0.0061129086,0.0096295215,0.0129567591,0.0158931760,0.0181682285,0.0197256213,0.0196694604,0.0196004448,0.0192869433
2013-02-14,0.0017850448,0.0023762999,0.0058491334,0.0094794341,0.0127598099,0.0158618889,0.0183406846,0.0198064142,0.0199341327,0.0200762111,0.0197238530
2013-02-13,0.0024249615,0.0028897405,0.0065670994,0.0098628708,0.0131986257,0.0161575520,0.0185487621,0.0200346984,0.0198721358,0.0198226635,0.0195731055
2013-02-12,0.0030811310,0.0035392729,0.0072687487,0.0105592230,0.0139314473,0.0169217440,0.0193370192,0.0208304946,0.0207393525,0.0206864479,0.0203769135
2013-02-11,0.0039148532,0.0043348019,0.0080453644,0.0113047400,0.0147049570,0.0177220794,0.0201587745,0.0216579006,0.0216444144,0.0215878722,0.0212137314
2013-02-08,0.0041503866,0.0043006171,0.0081045938,0.0117370521,0.0151223616,0.0180413928,0.0202948844,0.0219703594,0.0220493012,0.0221669019,0.0212440043
2013-02-07,0.0046465277,0.0048518163,0.0086912461,0.0120191564,0.0154588752,0.0184644577,0.0208046168,0.0223921101,0.0222572928,0.0222443720,0.0217948483
2013-02-06,0.0044776878,0.0051224513,0.0084204615,0.0119904905,0.0152352065,0.0182712613,0.0207631700,0.0222482666,0.0222396173,0.0219390011,0.0217715459
2013-02-05,0.0045355334,0.0048395637,0.0085079781,0.0118567347,0.0152521904,0.0182470242,0.0206929825,0.0221594430,0.0220165418,0.0219347217,0.0217330458
2013-02-04,0.0047684405,0.0053612455,0.0087018868,0.0123889958,0.0155848637,0.0185646065,0.0207726941,0.0223719857,0.0222046071,0.0221738174,0.0219763272
2013-02-01,0.0035882054,0.0040728965,0.0077043521,0.0111573683,0.0145518631,0.0176225942,0.0200891484,0.0215219330,0.0215441197,0.0215959226,0.0214039502
2013-01-31,0.0034177243,0.0037327520,0.0074930382,0.0108335520,0.0141876158,0.0171702631,0.0194387896,0.0210256142,0.0207339737,0.0207229198,0.0203898928
2013-01-30,0.0028902841,0.0033516216,0.0070543777,0.0104813921,0.0138402395,0.0168774182,0.0192355535,0.0207161374,0.0206525765,0.0206938651,0.0204004542
2013-01-29,0.0027390116,0.0033016074,0.0067681116,0.0103723465,0.0136138770,0.0167075902,0.0190350615,0.0205347036,0.0203824202,0.0204200100,0.0201708611
2013-01-28,0.0025753938,0.0029781518,0.0066988016,0.0100298333,0.0133579325,0.0163295418,0.0185838510,0.0201652916,0.0199281685,0.0199180144,0.0195770334
2013-01-25,0.0027196539,0.0031991119,0.0066718835,0.0101954786,0.0134070735,0.0164500312,0.0186695576,0.0202947176,0.0200872353,0.0200773862,0.0197219137
2013-01-24,0.0026791251,0.0034489724,0.0071306776,0.0107466786,0.0137954288,0.0168658283,0.0191875490,0.0208424280,0.0213375548,0.0215407908,0.0210262360
2013-01-23,0.0028452522,0.0033946497,0.0067623933,0.0105589486,0.0137583679,0.0167874294,0.0190064889,0.0205703054,0.0205378576,0.0205330265,0.0203399079
2013-01-22,0.0027772931,0.0033244436,0.0066860384,0.0104783215,0.0136719306,0.0166965737,0.0189118229,0.0204741561,0.0204240965,0.0204387082,0.0202308061
2013-01-21,0.0025419234,0.0031585257,0.0066092563,0.0102726310,0.0131420035,0.0163507151,0.0185979077,0.0203003685,0.0206478115,0.0208044855,0.0204858101
2013-01-18,0.0027432382,0.0033414899,0.0068355002,0.0103356096,0.0134108899,0.0165964566,0.0188223630,0.0204744620,0.0208542031,0.0210046911,0.0207153810
2013-01-17,0.0027279729,0.0032582043,0.0067598894,0.0102714200,0.0133039825,0.0164668104,0.0187227546,0.0203961027,0.0209786481,0.0211980276,0.0206769832
2013-01-16,0.0027911374,0.0033367515,0.0067042087,0.0104977660,0.0136976924,0.0167264001,0.0189289835,0.0204636789,0.0204654007,0.0205113106,0.0202581148
2013-01-15,0.0026665683,0.0031327157,0.0069000365,0.0103906601,0.0137147061,0.0167140202,0.0189536185,0.0204979691,0.0203456625,0.0203925078,0.0201929006
2013-01-14,0.0018167042,0.0024392614,0.0060599333,0.0094826827,0.0127113000,0.0156479632,0.0177818793,0.0192082713,0.0189600851,0.0189672435,0.0188669825
2013-01-11,0.0017482697,0.0022422200,0.0056872276,0.0091127472,0.0124491331,0.0153907490,0.0175076923,0.0189388430,0.0188216499,0.0188342482,0.0188575968
2013-01-10,0.0014687234,0.0021475226,0.0055028452,0.0088394328,0.0121936718,0.0151630120,0.0171481066,0.0185533397,0.0183194775,0.0184081940,0.0183356906
2013-01-09,0.0013134245,0.0020358694,0.0055049485,0.0088366127,0.0120780960,0.0152106894,0.0173812675,0.0189975652,0.0193585467,0.0195522884,0.0196979097
2013-01-08,0.0011718552,0.0017504792,0.0052107259,0.0085660862,0.0119992831,0.0150636456,0.0172151514,0.0189134501,0.0185958582,0.0185959030,0.0183148189
2013-01-07,0.0011180433,0.0017573363,0.0048552981,0.0084015007,0.0117653822,0.0148181587,0.0166186920,0.0180757310,0.0176519563,0.0176908418,0.0176172253
2013-01-04,0.0010872286,0.0016983604,0.0051707090,0.0085567853,0.0118908406,0.0149541166,0.0169689628,0.0183993970,0.0181223720,0.0182914968,0.0182039137
2013-01-03,0.0010050227,0.0015175364,0.0049343734,0.0084989766,0.0118509334,0.0149232613,0.0170159393,0.0184469282,0.0180578281,0.0182843327,0.0179846713
2013-01-02,0.0006870556,0.0015746764,0.0052939630,0.0084855160,0.0116697418,0.0147875087,0.0169619201,0.0185445309,0.0187918512,0.0189868810,0.0191539885
2013-01-01,0.0013364848,0.0020873569,0.0055094415,0.0091772326,0.0125806277,0.0156474889,0.0177813199,0.0192118474,0.0193186290,0.0193659116,0.0193997005
2012-12-31,0.0013365210,0.0020861440,0.0055087528,0.0091747245,0.0125815247,0.0156470187,0.0177813306,0.0192119802,0.0193185878,0.0193658002,0.0193995242
2012-12-28,0.0013428450,0.0020079967,0.0054079204,0.0091668798,0.0125621844,0.0156906856,0.0177694000,0.0193448559,0.0193106921,0.0192993831,0.0190106780
2012-12-27,0.0011046689,0.0017699040,0.0053197501,0.0088939175,0.0122475851,0.0153501393,0.0174158630,0.0188180514,0.0188133280,0.0189710771,0.0188750945
2012-12-26,0.0010281278,0.0017944765,0.0052819250,0.0088727812,0.0121600164,0.0152961175,0.0172950566,0.0186036645,0.0185790080,0.0186401830,0.0185997849
2012-12-25,0.0010284716,0.0017938807,0.0052789114,0.0088731267,0.0121587311,0.0152951567,0.0172944984,0.0186034092,0.0185783437,0.0186393152,0.0185986718
2012-12-24,0.0010284601,0.0017931111,0.0052780114,0.0088707305,0.0121594424,0.0152947285,0.0172949122,0.0186043334,0.0185791415,0.0186411561,0.0185996250
2012-12-21,0.0009713917,0.0017057670,0.0051966868,0.0087837226,0.0120691144,0.0152812803,0.0172861890,0.0185915533,0.0185297942,0.0185804892,0.0185492288
2012-12-20,0.0010603885,0.0017241752,0.0052235502,0.0088525398,0.0121753497,0.0153783704,0.0174569240,0.0187609979,0.0185223336,0.0185843613,0.0184210678
2012-12-19,0.0010160171,0.0017161284,0.0052902148,0.0088665711,0.0122763744,0.0153773412,0.0172796746,0.0186226848,0.0183376321,0.0184510332,0.0183712261
2012-12-18,0.0010309839,0.0018016701,0.0057764223,0.0090921800,0.0125117143,0.0155323928,0.0175055811,0.0188283277,0.0186359566,0.0187548330,0.0186585080
2012-12-17,0.0013141673,0.0021122142,0.0061357576,0.0095669369,0.0130475844,0.0160941937,0.0182911083,0.0199389800,0.0201194330,0.0202761665,0.0200149795
2012-12-14,0.0015580679,0.0022629307,0.0062455317,0.0096292007,0.0130776207,0.0160513363,0.0179838017,0.0195967704,0.0193079202,0.0194871424,0.0193084259
2012-12-13,0.0015082080,0.0021812306,0.0059208421,0.0095650630,0.0128924481,0.0159943138,0.0178444992,0.0193816030,0.0192296789,0.0194020414,0.0192386583
2012-12-12,0.0016317945,0.0024345655,0.0065838936,0.0099619088,0.0133858654,0.0164090351,0.0184462845,0.0200457741,0.0197425034,0.0197370462,0.0197439343
2012-12-11,0.0018922968,0.0026576590,0.0066561325,0.0102715966,0.0136154364,0.0168056319,0.0188877213,0.0204014827,0.0205087619,0.0206308715,0.0204713145
2012-12-10,0.0020592419,0.0029086027,0.0066434410,0.0104110002,0.0137574211,0.0168752173,0.0186899347,0.0201597469,0.0199645322,0.0200096259,0.0199307806
2012-12-07,0.0012388611,0.0020564886,0.0058454814,0.0095923761,0.0129635135,0.0160359549,0.0177674921,0.0191280312,0.0189193641,0.0190351382,0.0188969537
2012-12-06,0.0010550900,0.0019286270,0.0056250519,0.0093625428,0.0127307280,0.0158302421,0.0176243433,0.0190940225,0.0187657440,0.0188415498,0.0187340281
2012-12-05,0.0010718270,0.0018781916,0.0054889998,0.0093453322,0.0126867987,0.0158161407,0.0176012896,0.0190782273,0.0187800974,0.0187660845,0.0187478801
2012-12-04,0.0009871420,0.0021320972,0.0061692959,0.0096641821,0.0129125042,0.0162487686,0.0184550683,0.0201731393,0.0211089657,0.0215027869,0.0210750356
2012-12-03,0.0012818411,0.0022964215,0.0063768451,0.0098746968,0.0133155610,0.0164548131,0.0184685188,0.0200487946,0.0200116569,0.0205208969,0.0199694161
2012-11-30,0.0017089522,0.0028231784,0.0067759341,0.0102939105,0.0135816118,0.0168117643,0.0187488237,0.0202705525,0.0204310238,0.0208690734,0.0205448113
2012-11-29,0.0017394022,0.0031064241,0.0069117186,0.0104810231,0.0137234030,0.0168823980,0.0188000964,0.0203233650,0.0207464565,0.0209533734,0.0208242257
2012-11-28,0.0024202471,0.0036546157,0.0074744949,0.0110182202,0.0142996800,0.0174855333,0.0194215548,0.0210385972,0.0213870470,0.0215948217,0.0217575260
2012-11-27,0.0022987108,0.0035397456,0.0073675337,0.0107066220,0.0139708789,0.0172005310,0.0192876344,0.0208642538,0.0213561395,0.0216263428,0.0213934281
2012-11-26,0.0021146974,0.0033479465,0.0072839043,0.0109530842,0.0142530085,0.0174754840,0.0193763859,0.0209078534,0.0204887458,0.0204790412,0.0203552399
2012-11-23,0.0025187403,0.0039615415,0.0077754134,0.0112389721,0.0145666899,0.0176398125,0.0196378877,0.0212541652,0.0218751022,0.0221494481,0.0219605345
2012-11-22,0.0022491966,0.0036401096,0.0074778284,0.0111755863,0.0144587533,0.0174586245,0.0192268092,0.0207496278,0.0209198566,0.0210339205,0.0211229512
2012-11-21,0.0029314717,0.0043228376,0.0082788350,0.0117405663,0.0150708670,0.0182464709,0.0203965368,0.0220828740,0.0228634117,0.0232437835,0.0228572677
2012-11-20,0.0033281210,0.0046799550,0.0085622908,0.0120150280,0.0153460135,0.0185393068,0.0206091587,0.0222722617,0.0228246517,0.0231067768,0.0228383887
2012-11-19,0.0040643804,0.0052202595,0.0092317485,0.0126779309,0.0160862461,0.0190575092,0.0209960735,0.0225209165,0.0226525313,0.0231409945,0.0227089879
2012-11-16,0.0046247188,0.0058933209,0.0099795274,0.0136420369,0.0170432963,0.0200127918,0.0220091603,0.0236735005,0.0246292234,0.0249776620,0.0243009341
2012-11-15,0.0052842554,0.0063189160,0.0104077409,0.0140848371,0.0174845976,0.0204884742,0.0224225472,0.0240651231,0.0243810864,0.0245985144,0.0243599120
2012-11-14,0.0048847592,0.0057127353,0.0098621980,0.0136599224,0.0170320288,0.0200256175,0.0219714203,0.0235426278,0.0239038373,0.0241238284,0.0239263195
2012-11-13,0.0050515635,0.0061785307,0.0101579009,0.0137840054,0.0171637203,0.0203273887,0.0223670733,0.0240220403,0.0247853075,0.0250782923,0.0248095153
2012-11-12,0.0053493159,0.0064177075,0.0105794401,0.0141688245,0.0174750325,0.0204726525,0.0222684122,0.0238024225,0.0241200174,0.0242810532,0.0241278473
2012-11-09,0.0051816873,0.0062015440,0.0104117657,0.0139388154,0.0172839047,0.0202042276,0.0219834615,0.0234079364,0.0235969774,0.0239938261,0.0236294380
2012-11-08,0.0036027797,0.0048663505,0.0089933451,0.0124954191,0.0157686118,0.0191285609,0.0208683497,0.0222944700,0.0224477265,0.0225765225,0.0224295065
2012-11-07,0.0035216566,0.0046146373,0.0086656651,0.0121932740,0.0155685437,0.0186746825,0.0205064777,0.0219050402,0.0220572464,0.0224307205,0.0220581982
2012-11-06,0.0033907744,0.0046026007,0.0084986693,0.0119421288,0.0152869961,0.0183346969,0.0203992540,0.0220360965,0.0229185071,0.0233026147,0.0236257051
2012-11-05,0.0030126074,0.0042600967,0.0082865479,0.0117919539,0.0151025121,0.0181283331,0.0199351014,0.0214168819,0.0216060197,0.0219230082,0.0216423419
2012-11-02,0.0025321111,0.0037579051,0.0078444867,0.0114996019,0.0146196441,0.0175545369,0.0192853207,0.0205377738,0.0206580888,0.0206578952,0.0205179657
2012-11-01,0.0027704400,0.0040437862,0.0080923294,0.0117424670,0.0149162974,0.0179313794,0.0194591438,0.0205833939,0.0208919226,0.0208951413,0.0208927906
2012-10-31,0.0028606177,0.0040839714,0.0082094229,0.0117334730,0.0149011520,0.0179895973,0.0195215845,0.0206250243,0.0207823684,0.0208665620,0.0206234984
2012-10-30,0.0028945640,0.0043696796,0.0085895995,0.0123565206,0.0155093605,0.0184867846,0.0198457177,0.0208480100,0.0209740007,0.0207121020,0.0207970401
2012-10-29,0.0039461033,0.0051866614,0.0092644077,0.0129316578,0.0161826676,0.0192023704,0.0207501340,0.0218829543,0.0219992634,0.0220781807,0.0218424692
2012-10-26,0.0030341145,0.0041525159,0.0082098224,0.0118323861,0.0150014577,0.0180432270,0.0196616092,0.0208447124,0.0208969362,0.0208983113,0.0207527801
2012-10-25,0.0016593293,0.0030709113,0.0071756082,0.0107256041,0.0139809352,0.0169592775,0.0183876999,0.0194607813,0.0195086610,0.0195494376,0.0193622176
2012-10-24,0.0017437549,0.0030592055,0.0071707158,0.0107187359,0.0139052954,0.0169015470,0.0183966238,0.0195444637,0.0195435311,0.0195169267,0.0193767629
2012-10-23,0.0023760922,0.0034616360,0.0074953774,0.0110833370,0.0143115167,0.0172941941,0.0189258274,0.0201156228,0.0200425268,0.0201969852,0.0199093947
2012-10-22,0.0014797394,0.0027038251,0.0067618877,0.0102551856,0.0135715550,0.0165588128,0.0179215179,0.0189917060,0.0191127898,0.0192634405,0.0191096280
2012-10-19,0.0015061137,0.0026661979,0.0066730490,0.0102469061,0.0134405352,0.0163338183,0.0180083764,0.0191166005,0.0190159284,0.0192014242,0.0189026461
2012-10-18,0.0014709742,0.0027038828,0.0067216009,0.0104271543,0.0134010065,0.0163052657,0.0177513908,0.0187632752,0.0189761052,0.0190022140,0.0189677715
2012-10-17,0.0012184698,0.0028291699,0.0068424142,0.0104791215,0.0135056042,0.0164940936,0.0178281378,0.0187864912,0.0189157672,0.0187959426,0.0188170561
2012-10-16,0.0020501777,0.0039439172,0.0081461354,0.0117683812,0.0147996175,0.0178664190,0.0193223139,0.0202922818,0.0203855836,0.0204677118,0.0203009189
2012-10-15,0.0028396243,0.0047380001,0.0089483134,0.0125615583,0.0155030825,0.0185628777,0.0199561725,0.0209229621,0.0206422284,0.0206763835,0.0204559060
2012-10-12,0.0027211007,0.0049506682,0.0092111950,0.0125600257,0.0155518585,0.0186937690,0.0202082338,0.0212155481,0.0215027296,0.0215694870,0.0214249020
2012-10-11,0.0036342158,0.0062065504,0.0103507070,0.0140916820,0.0167175019,0.0195368221,0.0208706483,0.0218050211,0.0221479116,0.0222310784,0.0220916704
2012-10-10,0.0047416807,0.0072592277,0.0114103514,0.0150092113,0.0175137738,0.0202421170,0.0216879242,0.0227224570,0.0231356698,0.0232839802,0.0232065374
2012-10-09,0.0049449450,0.0071963160,0.0112329653,0.0147138915,0.0172193923,0.0198704862,0.0212432901,0.0222722823,0.0229202733,0.0228595195,0.0229047900
2012-10-08,0.0044081223,0.0069348404,0.0110872726,0.0146152437,0.0171648646,0.0196798482,0.0209696326,0.0218295063,0.0219802319,0.0221370589,0.0219779784
2012-10-05,0.0047077630,0.0074198444,0.0113512581,0.0148343354,0.0173966182,0.0197805109,0.0210641358,0.0219123581,0.0220715852,0.0222477846,0.0220827819
2012-10-04,0.0059286582,0.0091959951,0.0127435383,0.0161638298,0.0187581198,0.0208717792,0.0220363085,0.0227698138,0.0226763200,0.0228379510,0.0226009198
2012-10-03,0.0065410240,0.0095981794,0.0131957751,0.0165000422,0.0190901082,0.0212543363,0.0224603716,0.0232500830,0.0234247646,0.0236530152,0.0234088979
2012-10-02,0.0073507768,0.0104835363,0.0140132384,0.0174546678,0.0199274270,0.0221644450,0.0234011772,0.0242786093,0.0246213123,0.0247426445,0.0247253608
2012-10-01,0.0080820182,0.0112601108,0.0149387781,0.0182558932,0.0207854233,0.0229372778,0.0242098600,0.0250231004,0.0252753865,0.0256481882,0.0252671150
2012-09-28,0.0082512999,0.0114346716,0.0151841182,0.0187548824,0.0212910745,0.0235078512,0.0247639050,0.0255777388,0.0258505986,0.0259376026,0.0258219062
2012-09-27,0.0089674284,0.0120549769,0.0154365446,0.0187408265,0.0212332492,0.0234388588,0.0247443078,0.0256795283,0.0263154296,0.0265137082,0.0263547707
2012-09-26,0.0089620701,0.0122789685,0.0157079120,0.0190603068,0.0215544958,0.0237594424,0.0249989307,0.0258538783,0.0260677084,0.0264614579,0.0260889343
2012-09-25,0.0077735676,0.0108544734,0.0143095660,0.0180061615,0.0203089558,0.0224467797,0.0235756130,0.0243676482,0.0242803566,0.0242255388,0.0242540868
2012-09-24,0.0083168036,0.0109985717,0.0143261102,0.0178731843,0.0201911562,0.0221953552,0.0232171889,0.0239617944,0.0239405057,0.0239891461,0.0239109736
2012-09-21,0.0070625822,0.0100961970,0.0137799635,0.0171698583,0.0195645515,0.0216641421,0.0228831239,0.0236685788,0.0239122751,0.0241722877,0.0238836998
2012-09-20,0.0071152579,0.0101546659,0.0138675074,0.0172851494,0.0196987058,0.0217825934,0.0229455173,0.0237183260,0.0238800554,0.0241122306,0.0238994777
2012-09-19,0.0056887467,0.0087580495,0.0124678356,0.0158520310,0.0181530887,0.0204983671,0.0218105366,0.0227153793,0.0229601556,0.0232279329,0.0230335670
2012-09-18,0.0067461898,0.0095926035,0.0131970653,0.0164833268,0.0187230631,0.0206882001,0.0216655370,0.0224388712,0.0226720384,0.0226840136,0.0226435928
2012-09-17,0.0067893454,0.0098638155,0.0133129826,0.0164797286,0.0188182761,0.0205703676,0.0215572052,0.0223390032,0.0227243461,0.0233153995,0.0229015453
2012-09-14,0.0069207559,0.0099018877,0.0132651630,0.0164065104,0.0185300949,0.0204151361,0.0214583110,0.0223189996,0.0225704330,0.0228380750,0.0227428877
2012-09-13,0.0081865155,0.0113353390,0.0148595344,0.0179796018,0.0202295147,0.0221771097,0.0231886529,0.0240177899,0.0243789277,0.0246461272,0.0244283562
2012-09-12,0.0077018511,0.0106629022,0.0141815644,0.0174751606,0.0197475264,0.0215922403,0.0225990095,0.0234163818,0.0237115329,0.0239528016,0.0237384985
2012-09-11,0.0078136102,0.0112054156,0.0150137183,0.0183743063,0.0206453319,0.0226038045,0.0236834909,0.0245130694,0.0248298722,0.0249291739,0.0248043322
2012-09-10,0.0073367755,0.0108931146,0.0146862601,0.0180602384,0.0204377144,0.0224264204,0.0235062578,0.0243151359,0.0244952002,0.0246719833,0.0244967845
2012-09-07,0.0081271605,0.0107600906,0.0143550570,0.0174614359,0.0196376108,0.0216330302,0.0226875634,0.0235487381,0.0239346602,0.0241681470,0.0241590555
2012-09-06,0.0089377707,0.0121700485,0.0157266250,0.0188309102,0.0210507350,0.0230774655,0.0240858950,0.0249140357,0.0252176240,0.0255375308,0.0253041796
2012-09-05,0.0104544625,0.0138824537,0.0175354581,0.0205919546,0.0226046151,0.0246794719,0.0257645752,0.0266390838,0.0269100845,0.0272186015,0.0269743711
2012-09-04,0.0117697433,0.0147845244,0.0179997095,0.0211396249,0.0230650583,0.0250432487,0.0260807084,0.0269419014,0.0272627213,0.0274471804,0.0274651986
2012-09-03,0.0113904100,0.0149684799,0.0184392114,0.0216338251,0.0237578933,0.0257242809,0.0267270424,0.0275248771,0.0279142684,0.0280802439,0.0277540796
2012-08-31,0.0116078105,0.0151414034,0.0188503590,0.0220339187,0.0241776836,0.0263289880,0.0272428432,0.0279924970,0.0280542734,0.0282069424,0.0279991436
2012-08-30,0.0126384131,0.0159714184,0.0197739930,0.0228977325,0.0250233418,0.0268062570,0.0277334674,0.0284954958,0.0283239980,0.0283266323,0.0281619120
2012-08-29,0.0121682804,0.0158596061,0.0193861225,0.0224680777,0.0245132769,0.0266443407,0.0276944566,0.0285215552,0.0287759570,0.0290526274,0.0289745655
2012-08-28,0.0135354395,0.0164969657,0.0197618768,0.0227401921,0.0248221850,0.0267337495,0.0275735842,0.0282419934,0.0287702482,0.0292495952,0.0289412358
2012-08-27,0.0127607541,0.0162576888,0.0199683830,0.0230002756,0.0251861397,0.0270203071,0.0280431167,0.0288442993,0.0292388492,0.0298624318,0.0291758917
2012-08-24,0.0120805034,0.0158469147,0.0196951450,0.0229012382,0.0250700913,0.0269913452,0.0279427339,0.0287353052,0.0287672986,0.0287668646,0.0285501239
2012-08-23,0.0117702876,0.0150718343,0.0187738903,0.0221544440,0.0242557585,0.0261688465,0.0270789005,0.0278820341,0.0279255810,0.0279934930,0.0277240769
2012-08-22,0.0106166535,0.0144032030,0.0181532178,0.0212303270,0.0232384669,0.0252349468,0.0262041928,0.0269807796,0.0269600109,0.0270997158,0.0269113259
2012-08-21,0.0100094666,0.0136338543,0.0173873136,0.0205263840,0.0225673164,0.0245406081,0.0255524752,0.0263800873,0.0266531897,0.0269038749,0.0266657586
2012-08-20,0.0113584506,0.0149467244,0.0182802842,0.0217045260,0.0238665562,0.0258716365,0.0267897436,0.0275655317,0.0278724813,0.0279557113,0.0280703503
2012-08-17,0.0125449016,0.0157764347,0.0193416269,0.0223478316,0.0242723543,0.0261997896,0.0271887515,0.0280064163,0.0282708931,0.0285016691,0.0284093954
2012-08-16,0.0127754273,0.0158573184,0.0193479309,0.0224281065,0.0244967462,0.0265332416,0.0274571434,0.0282394755,0.0284362276,0.0287008096,0.0286083770
2012-08-15,0.0121375577,0.0154777948,0.0189587318,0.0222191554,0.0244358459,0.0265751084,0.0276184008,0.0284413513,0.0287779307,0.0288908729,0.0289967509
2012-08-14,0.0115127433,0.0149733268,0.0185806159,0.0219844179,0.0242388050,0.0264637187,0.0273937497,0.0282026512,0.0284918859,0.0285998990,0.0286628034
2012-08-13,0.0131028714,0.0159745967,0.0195102668,0.0226679710,0.0247331577,0.0266162832,0.0275340703,0.0283116691,0.0284740554,0.0286995354,0.0285340238
2012-08-10,0.0131884050,0.0163084398,0.0197785076,0.0228760573,0.0248952815,0.0268067842,0.0276164310,0.0283606415,0.0284999585,0.0286361639,0.0285249188
2012-08-09,0.0135844336,0.0160479297,0.0194262201,0.0226623014,0.0247017610,0.0264086517,0.0273446702,0.0281470822,0.0282567350,0.0284723090,0.0282458157
2012-08-08,0.0137681104,0.0168045883,0.0204851711,0.0234346139,0.0253658948,0.0270660658,0.0280754294,0.0289108864,0.0291844912,0.0294417791,0.0292947849
2012-08-07,0.0135822613,0.0162084977,0.0195786229,0.0228074590,0.0248952544,0.0267079656,0.0277192703,0.0285713787,0.0288394307,0.0289894850,0.0289421084
2012-08-06,0.0130292690,0.0163322439,0.0198353972,0.0228729184,0.0250773605,0.0268953308,0.0279793642,0.0288319397,0.0291012323,0.0293928009,0.0292574409
2012-08-03,0.0137494591,0.0169853133,0.0204744480,0.0236458045,0.0257536993,0.0275548561,0.0285438877,0.0292983657,0.0293158457,0.0294343362,0.0293223835
2012-08-02,0.0159865380,0.0186784077,0.0226409726,0.0256894024,0.0276140397,0.0293456858,0.0303527948,0.0311457135,0.0310059407,0.0310890822,0.0308579408
2012-08-01,0.0141192102,0.0174339289,0.0208067560,0.0238811015,0.0259158397,0.0275551850,0.0285123564,0.0292185558,0.0293368393,0.0294676726,0.0293626466
2012-07-31,0.0144243608,0.0180755501,0.0211625290,0.0241642623,0.0261947147,0.0278142988,0.0287524342,0.0295426274,0.0296943022,0.0298450415,0.0296690883
2012-07-30,0.0147181585,0.0179177193,0.0215699572,0.0244490285,0.0265483844,0.0282303389,0.0292456748,0.0300404252,0.0300927592,0.0302293463,0.0300173285
2012-07-27,0.0157960042,0.0195654050,0.0228550696,0.0258376872,0.0279396289,0.0295785125,0.0304931430,0.0312034405,0.0315121206,0.0316121094,0.0313505033
2012-07-26,0.0171587945,0.0209827370,0.0243211898,0.0271171009,0.0292204680,0.0308181787,0.0316547646,0.0323181010,0.0324382228,0.0325518694,0.0324556187
2012-07-25,0.0193087209,0.0225648110,0.0258271702,0.0286635113,0.0307785635,0.0323392829,0.0331130789,0.0338093905,0.0337841597,0.0339621202,0.0337630468
2012-07-24,0.0188201562,0.0228692717,0.0263664988,0.0292422245,0.0314487425,0.0330861657,0.0339173194,0.0345509448,0.0345688257,0.0346399699,0.0345433190
2012-07-23,0.0192379924,0.0226431122,0.0259670574,0.0288252083,0.0309724087,0.0325473010,0.0334249255,0.0341344928,0.0341197489,0.0343043113,0.0341712837
2012-07-20,0.0178480313,0.0200751088,0.0233678889,0.0263249770,0.0284482065,0.0300584408,0.0309920402,0.0317275306,0.0315853162,0.0319101872,0.0315915834
2012-07-19,0.0162866401,0.0189708303,0.0222323102,0.0248921019,0.0270065578,0.0286410383,0.0294489275,0.0300215443,0.0300292622,0.0300616917,0.0300442212
2012-07-18,0.0154635566,0.0182563035,0.0216198745,0.0246382461,0.0266691204,0.0282102314,0.0291456450,0.0298912714,0.0299840104,0.0300690421,0.0298233817
2012-07-17,0.0168627309,0.0192704282,0.0225607441,0.0256125709,0.0277256554,0.0293222109,0.0302068148,0.0309067374,0.0309729251,0.0310287120,0.0309519533
2012-07-16,0.0173570227,0.0202730605,0.0235952872,0.0263108304,0.0283509457,0.0298382938,0.0307803688,0.0313171760,0.0312323035,0.0311257951,0.0309387797
2012-07-13,0.0167992771,0.0196580643,0.0230859864,0.0258039961,0.0278316341,0.0293123799,0.0302774647,0.0308071779,0.0306610438,0.0305818891,0.0303893011
2012-07-12,0.0177101337,0.0204226039,0.0238103950,0.0264775680,0.0285126725,0.0299740610,0.0308158894,0.0313575925,0.0312261448,0.0312113802,0.0310989696
2012-07-11,0.0165701036,0.0194959000,0.0229083678,0.0260869624,0.0282556740,0.0298691492,0.0306710825,0.0311704125,0.0307298297,0.0308822962,0.0304076899
2012-07-10,0.0173191114,0.0198359344,0.0229885323,0.0259735237,0.0281073049,0.0296776667,0.0305336316,0.0312572959,0.0314186812,0.0317093996,0.0312113479
2012-07-09,0.0175196985,0.0207136238,0.0238360448,0.0267833673,0.0289998008,0.0306291018,0.0313782666,0.0317454257,0.0313085658,0.0314974898,0.0310434459
2012-07-06,0.0176677628,0.0200724723,0.0235734111,0.0265125600,0.0286736695,0.0302420682,0.0311758267,0.0317848481,0.0316567930,0.0315740951,0.0314577615
2012-07-05,0.0159813452,0.0188050378,0.0220958721,0.0251665365,0.0272977388,0.0288678004,0.0296756033,0.0304073064,0.0305376957,0.0305132072,0.0302718922
2012-07-04,0.0144800355,0.0172165439,0.0208063599,0.0238082634,0.0259667886,0.0276044917,0.0283870722,0.0290774162,0.0292460736,0.0293011041,0.0289551667
2012-07-03,0.0137425601,0.0163184931,0.0197816298,0.0229391513,0.0250862592,0.0267762509,0.0276817264,0.0282830814,0.0281459358,0.0282338778,0.0278791807
2012-07-02,0.0159875717,0.0186807573,0.0218364744,0.0246459310,0.0267293927,0.0283316960,0.0292021107,0.0297272937,0.0295891040,0.0297424201,0.0294832941
2012-06-29,0.0181004222,0.0208483469,0.0240478135,0.0268857069,0.0290012907,0.0306152016,0.0314970460,0.0320349755,0.0320162599,0.0320407362,0.0319036860
2012-06-28,0.0210597884,0.0241623364,0.0275264784,0.0301923077,0.0322989849,0.0338602127,0.0346415900,0.0353159571,0.0354943440,0.0357530468,0.0352884788
2012-06-27,0.0206090566,0.0234939992,0.0268938800,0.0298303237,0.0319121999,0.0335002526,0.0343405060,0.0348575366,0.0345964876,0.0346127988,0.0344118977
2012-06-26,0.0204877690,0.0240663255,0.0271282978,0.0298961307,0.0318643118,0.0333711349,0.0342676234,0.0348073387,0.0347897243,0.0348936905,0.0345414582
2012-06-25,0.0208712605,0.0239780008,0.0273104120,0.0298400267,0.0318002492,0.0333444092,0.0342531752,0.0348003899,0.0347855693,0.0348034662,0.0345247998
2012-06-22,0.0187700921,0.0214086502,0.0250361183,0.0279395799,0.0299556391,0.0316433758,0.0324658027,0.0329771488,0.0326671073,0.0324466185,0.0323322056
2012-06-21,0.0192071126,0.0221547324,0.0252878140,0.0282454680,0.0301574095,0.0317664810,0.0326888626,0.0334900588,0.0334969900,0.0334719368,0.0333659294
2012-06-20,0.0202240948,0.0229440786,0.0261649494,0.0289912757,0.0310214675,0.0327922701,0.0337166907,0.0343066668,0.0341970130,0.0342839306,0.0341292149
2012-06-19,0.0210371725,0.0240958957,0.0273304656,0.0298099507,0.0318364156,0.0336345418,0.0344388388,0.0349437861,0.0349358096,0.0349870812,0.0348673979
2012-06-18,0.0206749003,0.0241124138,0.0275261013,0.0302027792,0.0322239198,0.0340559175,0.0347385811,0.0351563377,0.0347764899,0.0345871776,0.0344799346
2012-06-15,0.0208155100,0.0239482499,0.0270460118,0.0297138447,0.0316921844,0.0335283800,0.0343330935,0.0348551373,0.0346623768,0.0348373409,0.0345524958
2012-06-14,0.0215656214,0.0245090288,0.0277603266,0.0304905026,0.0326413744,0.0344685590,0.0353503462,0.0360776311,0.0362110238,0.0365001610,0.0362992174
2012-06-13,0.0219529067,0.0245966674,0.0279493441,0.0310500695,0.0331898632,0.0348002972,0.0356783537,0.0364414494,0.0364493653,0.0366975580,0.0363384884
2012-06-12,0.0230703095,0.0257774709,0.0291225087,0.0319453258,0.0339976483,0.0356549900,0.0366745513,0.0374612512,0.0377300892,0.0380758263,0.0377898291
2012-06-11,0.0209992540,0.0248755810,0.0278529721,0.0307786453,0.0325957140,0.0342618122,0.0351950781,0.0359274073,0.0361837113,0.0364673439,0.0359311554
2012-06-08,0.0202787795,0.0244957970,0.0277815525,0.0302627988,0.0322078359,0.0340025276,0.0345962388,0.0351421930,0.0352621578,0.0349681704,0.0347371433
2012-06-07,0.0217232932,0.0248429738,0.0279650818,0.0306926262,0.0326997556,0.0345390613,0.0354078167,0.0361347476,0.0363897618,0.0367612474,0.0366187892
2012-06-06,0.0237084741,0.0268483024,0.0302828644,0.0329817445,0.0349761694,0.0368567400,0.0376770902,0.0383923782,0.0386053813,0.0387931007,0.0386911945
2012-06-05,0.0258928383,0.0288859820,0.0319633934,0.0348801461,0.0369068915,0.0386278459,0.0395723823,0.0403458932,0.0404595417,0.0407117757,0.0403983642
2012-06-04,0.0258927668,0.0288856884,0.0319627712,0.0348791568,0.0368785111,0.0386271349,0.0395731622,0.0403488639,0.0404677782,0.0407212584,0.0404085590
2012-06-01,0.0258926106,0.0288855534,0.0319622754,0.0348780298,0.0368490165,0.0386241948,0.0395674106,0.0403371147,0.0404241596,0.0406656177,0.0403222522
2012-05-31,0.0252930905,0.0285980282,0.0318007967,0.0343844804,0.0363940314,0.0382741285,0.0391914180,0.0398980458,0.0400777139,0.0403349165,0.0400776746
2012-05-30,0.0255766367,0.0287555464,0.0318594869,0.0346519195,0.0365282592,0.0383165117,0.0392885014,0.0400182207,0.0401231217,0.0405137985,0.0401124606
2012-05-29,0.0250417718,0.0279231277,0.0310238448,0.0336772107,0.0354670222,0.0372234408,0.0382854214,0.0391024207,0.0392697452,0.0395805936,0.0392247692
2012-05-28,0.0249855640,0.0282657163,0.0314625755,0.0339965657,0.0359512966,0.0379441747,0.0389815038,0.0397549854,0.0400149013,0.0404682974,0.0400632628
2012-05-25,0.0256408470,0.0281047100,0.0315083409,0.0343481363,0.0362427952,0.0381561418,0.0392878696,0.0401401400,0.0402296751,0.0405635586,0.0401593857
2012-05-24,0.0256328742,0.0283747085,0.0315911128,0.0343965624,0.0362686812,0.0381457334,0.0392532706,0.0400547095,0.0402423151,0.0406141317,0.0401916451
2012-05-23,0.0249653523,0.0282716186,0.0315840291,0.0345011699,0.0363378688,0.0381641669,0.0391866190,0.0399875131,0.0400126533,0.0401718412,0.0397429463
2012-05-22,0.0246201084,0.0279606983,0.0310930637,0.0340776362,0.0359375301,0.0377807796,0.0387607591,0.0395471029,0.0397779116,0.0400514522,0.0397322465
2012-05-21,0.0263015186,0.0292043983,0.0328135330,0.0357151282,0.0376205325,0.0394925167,0.0404565771,0.0412978252,0.0415828623,0.0423232873,0.0416766294
2012-05-18,0.0269732111,0.0305993743,0.0338168367,0.0365940777,0.0383982386,0.0401422921,0.0412367561,0.0420962822,0.0423876642,0.0426987624,0.0422367112
2012-05-17,0.0274898895,0.0295029438,0.0329260892,0.0360995385,0.0380636518,0.0399744817,0.0410871800,0.0419612069,0.0424906940,0.0424182606,0.0425797284
2012-05-16,0.0254728410,0.0281775677,0.0315409373,0.0343427387,0.0362837595,0.0381703762,0.0392879360,0.0401639866,0.0403446485,0.0406995413,0.0403049695
2012-05-15,0.0247994926,0.0279907224,0.0309821030,0.0339117689,0.0357930209,0.0376059265,0.0387671134,0.0396739886,0.0397861738,0.0399855533,0.0396614304
2012-05-14,0.0235926181,0.0261517752,0.0293752521,0.0323375754,0.0342600217,0.0361202762,0.0372405634,0.0381687560,0.0381838806,0.0383210204,0.0381784540
2012-05-11,0.0212748707,0.0236979119,0.0267237880,0.0293879650,0.0312628479,0.0330859822,0.0342583857,0.0351182192,0.0352461998,0.0356802325,0.0352612653
2012-05-10,0.0204860832,0.0231944031,0.0262675555,0.0290018428,0.0309933280,0.0329412839,0.0339727188,0.0347826468,0.0353003226,0.0351880579,0.0352725380
2012-05-09,0.0208481486,0.0233387459,0.0265446350,0.0292240741,0.0312747148,0.0332773602,0.0343504815,0.0352116518,0.0354284140,0.0357499959,0.0354344587
2012-05-08,0.0187618174,0.0218879887,0.0247136248,0.0272952449,0.0291778813,0.0310024949,0.0321414569,0.0329797311,0.0331639145,0.0334915059,0.0332047181
2012-05-07,0.0178442207,0.0207630711,0.0235675479,0.0260535204,0.0279314240,0.0297556263,0.0307960189,0.0315972099,0.0317600023,0.0319708667,0.0319110382
2012-05-04,0.0178443567,0.0207568428,0.0235647081,0.0260489965,0.0279296024,0.0297482268,0.0307871887,0.0315850054,0.0317503219,0.0319583125,0.0318947075
2012-05-03,0.0176632541,0.0203290565,0.0233401363,0.0257796872,0.0277306290,0.0296235835,0.0305936670,0.0313479683,0.0320438038,0.0319594918,0.0318026664
2012-05-02,0.0168847167,0.0198879186,0.0227472233,0.0252244398,0.0270449647,0.0287885854,0.0297509017,0.0305027125,0.0310713223,0.0308647332,0.0308464165
2012-05-01,0.0158776959,0.0187073393,0.0217546100,0.0242742562,0.0260683626,0.0277858581,0.0288342639,0.0296037048,0.0300734093,0.0304544600,0.0302521615
2012-04-30,0.0181472365,0.0206297869,0.0234312647,0.0257878893,0.0276244107,0.0293620049,0.0304513713,0.0312671609,0.0316168589,0.0317480286,0.0316240402
2012-04-27,0.0178899164,0.0209106297,0.0238196232,0.0262440237,0.0280921898,0.0298283649,0.0307998583,0.0315591746,0.0320925549,0.0319938790,0.0319360686
2012-04-26,0.0197814455,0.0219097869,0.0247420820,0.0270018350,0.0289273239,0.0307315975,0.0319433929,0.0328384680,0.0332038425,0.0332414061,0.0332054435
2012-04-25,0.0187035605,0.0214885814,0.0242967031,0.0265678450,0.0284190795,0.0301369159,0.0312045180,0.0319874459,0.0323386942,0.0324511826,0.0323216796
2012-04-24,0.0205071443,0.0235235652,0.0260678815,0.0282326857,0.0300784056,0.0317589234,0.0327531058,0.0334771672,0.0339729668,0.0346731250,0.0338276835
2012-04-23,0.0213036292,0.0240861892,0.0267154712,0.0288893148,0.0306802879,0.0322822044,0.0333154479,0.0340413367,0.0344373308,0.0346668316,0.0342762726
2012-04-20,0.0208265905,0.0232881805,0.0259194137,0.0278478702,0.0297235452,0.0314241841,0.0324689346,0.0332061720,0.0337132887,0.0339634820,0.0335017905
2012-04-19,0.0209225493,0.0233199211,0.0261169518,0.0283035956,0.0301710174,0.0318468369,0.0329257421,0.0336842444,0.0339575377,0.0340886760,0.0339160415
2012-04-18,0.0205892985,0.0232779036,0.0258409507,0.0280224590,0.0298908143,0.0315624330,0.0325522426,0.0332616376,0.0336334140,0.0338646846,0.0332778460
2012-04-17,0.0184128053,0.0208734111,0.0234944727,0.0255269716,0.0273995200,0.0291045615,0.0300997944,0.0308042076,0.0310151286,0.0315793361,0.0309218778
2012-04-16,0.0184197737,0.0210917681,0.0236920036,0.0258627134,0.0277264677,0.0294078089,0.0305032989,0.0312643797,0.0316577807,0.0317638458,0.0317067538
2012-04-13,0.0178315971,0.0203018897,0.0228402299,0.0248847242,0.0267404555,0.0284201035,0.0295228516,0.0303020133,0.0305947242,0.0307792756,0.0307380801
2012-04-12,0.0164425105,0.0185710329,0.0212914534,0.0234988240,0.0253714349,0.0270855738,0.0283254041,0.0292164412,0.0294763276,0.0295927164,0.0295896099
2012-04-11,0.0175704550,0.0201534103,0.0226417732,0.0248990298,0.0267477569,0.0284027008,0.0294905138,0.0303154125,0.0306994187,0.0308606539,0.0308937341
2012-04-10,0.0186351272,0.0212692372,0.0237596773,0.0259163917,0.0278001117,0.0294685724,0.0304534983,0.0312087347,0.0318745384,0.0317531616,0.0315272639
2012-04-09,0.0171153963,0.0193304619,0.0219466767,0.0239643623,0.0258091829,0.0274597390,0.0284301196,0.0291714707,0.0295163349,0.0296266057,0.0292481471
2012-04-06,0.0171153751,0.0193303781,0.0219465010,0.0239640845,0.0258125472,0.0274591998,0.0284294473,0.0291707257,0.0295162545,0.0296265252,0.0292466484
2012-04-05,0.0171154647,0.0193303648,0.0219467205,0.0239643100,0.0258164060,0.0274591347,0.0284290340,0.0291697285,0.0295161898,0.0296265253,0.0292476299
2012-04-04,0.0151581240,0.0175886294,0.0200828184,0.0222247075,0.0240814346,0.0257550317,0.0268316465,0.0276259883,0.0279906165,0.0281385073,0.0279709022
2012-04-03,0.0140831420,0.0162396480,0.0189712619,0.0211757122,0.0230325137,0.0247201614,0.0259305682,0.0267986395,0.0269523008,0.0269999813,0.0269719000
2012-04-02,0.0145692347,0.0168163551,0.0197076653,0.0219770520,0.0238130533,0.0254530954,0.0266698001,0.0275340133,0.0277770326,0.0279075236,0.0278229315
2012-03-30,0.0155912260,0.0177303299,0.0205658940,0.0228098622,0.0246652920,0.0263028589,0.0274661046,0.0283224952,0.0286448668,0.0286963046,0.0286673087
2012-03-29,0.0150842244,0.0173982800,0.0199203924,0.0220083299,0.0237320371,0.0255831846,0.0266998082,0.0275141581,0.0279724279,0.0279377674,0.0280849942
2012-03-28,0.0135989566,0.0160613204,0.0185619333,0.0206295469,0.0223092822,0.0240519655,0.0250655556,0.0258224960,0.0262536763,0.0263892933,0.0263962725
2012-03-27,0.0129519365,0.0154472352,0.0179546146,0.0200357250,0.0217085412,0.0234301877,0.0243986570,0.0251399305,0.0254772700,0.0255497413,0.0255190087
2012-03-26,0.0138095050,0.0157296793,0.0182158355,0.0202709648,0.0220346751,0.0238190632,0.0246809723,0.0254435105,0.0254984306,0.0255840858,0.0256062571
2012-03-23,0.0148964135,0.0168995905,0.0191836483,0.0211242332,0.0227438232,0.0244114779,0.0252083749,0.0258029765,0.0260614053,0.0260763194,0.0258132450
2012-03-22,0.0135785403,0.0156824331,0.0179610129,0.0200831404,0.0217577552,0.0234339795,0.0241729597,0.0248732695,0.0246527209,0.0245294456,0.0246209279
2012-03-21,0.0123405116,0.0141617494,0.0166539258,0.0187714382,0.0205155533,0.0220783733,0.0229032018,0.0235655328,0.0235755652,0.0235542233,0.0235516759
2012-03-20,0.0118736476,0.0141520219,0.0165032593,0.0185960719,0.0203091956,0.0219306571,0.0227011208,0.0233996273,0.0231527793,0.0230274528,0.0231034785
2012-03-19,0.0127656533,0.0144930701,0.0167362888,0.0187658351,0.0202994637,0.0217640927,0.0225521456,0.0231832729,0.0233158281,0.0233894174,0.0233231260
2012-03-16,0.0130722771,0.0150574070,0.0174050565,0.0193446662,0.0209242417,0.0224123769,0.0231918809,0.0237506568,0.0240027024,0.0240104341,0.0238249695
2012-03-15,0.0145104348,0.0161310599,0.0185791311,0.0207098188,0.0222139405,0.0236754479,0.0244712682,0.0251320145,0.0252582597,0.0252097161,0.0250804061
2012-03-14,0.0148516965,0.0166566124,0.0187873304,0.0205948668,0.0219798861,0.0234164990,0.0240976911,0.0247086364,0.0250724733,0.0250631830,0.0248269274
2012-03-13,0.0153038976,0.0169092644,0.0192046606,0.0210413340,0.0224489599,0.0239040050,0.0246752974,0.0252687900,0.0257024265,0.0256457840,0.0254306389
2012-03-12,0.0152285188,0.0170575823,0.0195322637,0.0215301884,0.0230742243,0.0246004490,0.0255455898,0.0262858979,0.0261467674,0.0262305286,0.0261252902
2012-03-09,0.0144082209,0.0164658134,0.0189824743,0.0209869603,0.0225949468,0.0240746768,0.0249329343,0.0255497426,0.0257038288,0.0257729306,0.0257852026
2012-03-08,0.0147427025,0.0171071259,0.0193171774,0.0213281062,0.0228661786,0.0243449166,0.0250927104,0.0257214387,0.0261960621,0.0263923843,0.0263863029
2012-03-07,0.0164884718,0.0187808956,0.0210140675,0.0230277117,0.0245301871,0.0261046371,0.0269386315,0.0277077287,0.0276305646,0.0275232153,0.0275843088
2012-03-06,0.0171463373,0.0195176571,0.0218471531,0.0236150730,0.0251521337,0.0267087976,0.0275012319,0.0281655830,0.0283218031,0.0283305346,0.0281109033
2012-03-05,0.0154557953,0.0175505168,0.0198552853,0.0219242523,0.0234539919,0.0248949349,0.0256148305,0.0262286287,0.0264100657,0.0264110469,0.0264080117
2012-03-02,0.0139860723,0.0162630035,0.0186283299,0.0206295479,0.0222284895,0.0236313542,0.0243798938,0.0249481055,0.0249414477,0.0249233241,0.0249095906
2012-03-01,0.0137709606,0.0157839858,0.0183593398,0.0203576702,0.0219093558,0.0233580608,0.0242556655,0.0248386737,0.0249367074,0.0249584495,0.0249555100
2012-02-29,0.0146956492,0.0161324525,0.0186566609,0.0208723530,0.0223956767,0.0237287058,0.0246847249,0.0254071606,0.0258303785,0.0258622193,0.0260073834
2012-02-28,0.0147789767,0.0169746007,0.0193538409,0.0211787628,0.0226700977,0.0242297450,0.0249409079,0.0254287389,0.0257400256,0.0258270819,0.0255605781
2012-02-27,0.0153717590,0.0176956970,0.0200665045,0.0219465608,0.0234115385,0.0250023773,0.0257270263,0.0262776115,0.0261528025,0.0260820536,0.0260888907
2012-02-24,0.0151601593,0.0172294140,0.0197626555,0.0218104544,0.0233380065,0.0247022443,0.0254380783,0.0259567653,0.0260389850,0.0259947321,0.0260011145
2012-02-23,0.0157844279,0.0177711359,0.0204163716,0.0225502621,0.0239996289,0.0255357162,0.0262105379,0.0266293049,0.0268410619,0.0268435841,0.0268527544
2012-02-22,0.0152521684,0.0174056617,0.0197166772,0.0217744852,0.0232934232,0.0247989920,0.0255457319,0.0262578676,0.0261229367,0.0262406910,0.0261806956
2012-02-21,0.0142886384,0.0162888244,0.0187994991,0.0208755538,0.0223127081,0.0237767392,0.0244760498,0.0249562255,0.0252061885,0.0252825237,0.0252427952
2012-02-20,0.0139143658,0.0155589908,0.0179791218,0.0200157188,0.0216010621,0.0230269675,0.0238124800,0.0244204528,0.0245575227,0.0246887915,0.0246764924
2012-02-17,0.0148915740,0.0165874980,0.0191223677,0.0210578392,0.0225562190,0.0240230787,0.0247738043,0.0253944240,0.0255080825,0.0256551913,0.0254007226
2012-02-16,0.0154133773,0.0174108556,0.0198897998,0.0218355869,0.0231411678,0.0247375457,0.0254087459,0.0258537470,0.0268295176,0.0274289915,0.0264871072
2012-02-15,0.0177061005,0.0191956502,0.0217998711,0.0239607250,0.0254711619,0.0269295219,0.0276890619,0.0283079687,0.0281208266,0.0281716962,0.0280886722
2012-02-14,0.0165357805,0.0179642484,0.0203799002,0.0225161062,0.0240034364,0.0254908078,0.0262463363,0.0268590299,0.0270245219,0.0271020827,0.0271248206
2012-02-13,0.0157445637,0.0172193364,0.0198449527,0.0219367385,0.0233992349,0.0247870970,0.0255098661,0.0260856204,0.0259038802,0.0260023078,0.0258933399
2012-02-10,0.0159614229,0.0177601349,0.0203821581,0.0224138484,0.0238384669,0.0252172923,0.0258591634,0.0263203745,0.0261441188,0.0262175018,0.0261033883
2012-02-09,0.0147402201,0.0167096713,0.0193063225,0.0210901867,0.0224902094,0.0238389000,0.0244532205,0.0248270203,0.0249804474,0.0249317544,0.0247682915
2012-02-08,0.0144588456,0.0161104097,0.0186004317,0.0204409604,0.0217890934,0.0231456699,0.0237632754,0.0241906537,0.0243592031,0.0242928935,0.0241987080
2012-02-07,0.0133933212,0.0150056979,0.0171783550,0.0192255916,0.0206695014,0.0220991314,0.0227518038,0.0232966865,0.0236354431,0.0237052849,0.0236501986
2012-02-06,0.0128375445,0.0144732483,0.0167577234,0.0185674542,0.0199406608,0.0212351237,0.0218787775,0.0223992596,0.0223578245,0.0224320433,0.0223381781
2012-02-03,0.0124715057,0.0143326018,0.0166479001,0.0183678214,0.0197343476,0.0210492956,0.0216945206,0.0221573132,0.0222697575,0.0222604414,0.0222678493
2012-02-02,0.0133837231,0.0152350700,0.0178430229,0.0196406480,0.0209199124,0.0219419574,0.0224285692,0.0228946852,0.0229188330,0.0228691281,0.0229501992
2012-02-01,0.0139107597,0.0154852027,0.0180296362,0.0197787469,0.0210309581,0.0219631439,0.0224419363,0.0228890029,0.0228806182,0.0229774849,0.0229074261
2012-01-31,0.0142777603,0.0158857886,0.0185499267,0.0205146729,0.0218043539,0.0228584284,0.0233540051,0.0238575160,0.0237514973,0.0238397700,0.0236665443
2012-01-30,0.0155823670,0.0172402195,0.0198242413,0.0216311724,0.0228630598,0.0239027530,0.0244096134,0.0249075835,0.0250406511,0.0250318581,0.0248304179
2012-01-27,0.0126405490,0.0141325115,0.0165781709,0.0184702863,0.0197681189,0.0209087525,0.0214724610,0.0220720135,0.0221427542,0.0221976051,0.0221498606
2012-01-26,0.0131777304,0.0147042669,0.0171388765,0.0188154643,0.0200940453,0.0210181712,0.0215303093,0.0219834708,0.0220639173,0.0220891060,0.0219654111
2012-01-25,0.0152576741,0.0170322693,0.0196754726,0.0213498929,0.0226670197,0.0235114684,0.0239713159,0.0243732080,0.0245391572,0.0245658729,0.0245290249
2012-01-24,0.0161331354,0.0179056654,0.0204230366,0.0222411086,0.0234994755,0.0245395627,0.0249960120,0.0255191816,0.0255723370,0.0255794631,0.0255529726
2012-01-23,0.0140172582,0.0159038168,0.0183715452,0.0199886867,0.0211702795,0.0220144736,0.0224306644,0.0227512284,0.0228448753,0.0228146816,0.0225295730
2012-01-20,0.0153342550,0.0169125582,0.0189013847,0.0204901201,0.0216038940,0.0224594391,0.0229636071,0.0234213453,0.0238864620,0.0238201002,0.0237787732
2012-01-19,0.0158434929,0.0176497103,0.0200445257,0.0216423355,0.0229239115,0.0237285056,0.0242418315,0.0246841764,0.0247351896,0.0248115441,0.0247555883
2012-01-18,0.0186716223,0.0201998974,0.0224595104,0.0241409261,0.0254431780,0.0263921279,0.0269310679,0.0274359767,0.0275379205,0.0276591869,0.0275577573
2012-01-17,0.0192709653,0.0210253296,0.0232475052,0.0249402498,0.0262817297,0.0270625861,0.0275987108,0.0281583951,0.0282649048,0.0283766779,0.0283236984
2012-01-16,0.0207937027,0.0225532452,0.0253249572,0.0268213434,0.0280471329,0.0289598984,0.0295185595,0.0301233473,0.0300403889,0.0300385051,0.0299777332
2012-01-13,0.0196672552,0.0226973681,0.0255000225,0.0267383188,0.0279945971,0.0288364451,0.0292756487,0.0297164746,0.0299957111,0.0297155485,0.0293653607
2012-01-12,0.0207830991,0.0228834838,0.0251901422,0.0263900604,0.0276810067,0.0283238404,0.0287579339,0.0291780128,0.0295340272,0.0296872015,0.0292549917
2012-01-11,0.0201890474,0.0228624140,0.0252660418,0.0265100901,0.0278251850,0.0284910649,0.0289173174,0.0293154386,0.0291660007,0.0292057751,0.0289646448
2012-01-10,0.0214119224,0.0233481944,0.0257571686,0.0268872350,0.0279215896,0.0287511366,0.0292305978,0.0297147286,0.0296746456,0.0297761887,0.0296612557
2012-01-09,0.0224370293,0.0245199937,0.0264802975,0.0276742022,0.0288660169,0.0298118841,0.0302385862,0.0305777906,0.0307067569,0.0307168836,0.0306715630
2012-01-06,0.0231114895,0.0257149954,0.0273294008,0.0283991778,0.0294410210,0.0303593154,0.0307935936,0.0312987999,0.0315805737,0.0314012258,0.0316067624
2012-01-05,0.0211961645,0.0235761843,0.0258441749,0.0268755255,0.0278031485,0.0288381667,0.0293033171,0.0298342202,0.0296999497,0.0296931621,0.0296160305
2012-01-04,0.0176686788,0.0207898111,0.0228613970,0.0241096604,0.0251570463,0.0259308131,0.0263378762,0.0267868834,0.0268127928,0.0268361980,0.0266704323
2012-01-03,0.0180463928,0.0204580905,0.0222485451,0.0233028346,0.0244627828,0.0251848279,0.0255882717,0.0260374596,0.0262412083,0.0261813611,0.0261740897
2012-01-02,0.0184676484,0.0209574468,0.0229414928,0.0243218282,0.0253863732,0.0261994059,0.0266708666,0.0271876550,0.0272679967,0.0276172713,0.0273612455
2011-12-30,0.0184676834,0.0209500792,0.0229388987,0.0243191993,0.0254164429,0.0261988233,0.0266717867,0.0271887088,0.0272690880,0.0276188552,0.0273624656
2011-12-29,0.0186416541,0.0210850098,0.0229691713,0.0241027333,0.0254133824,0.0263618171,0.0268365561,0.0272376897,0.0274310509,0.0276889292,0.0276156202
2011-12-28,0.0176194555,0.0200960251,0.0225015566,0.0238039675,0.0250235667,0.0258155241,0.0262795191,0.0267193793,0.0267893453,0.0270415609,0.0267700548
2011-12-27,0.0166710127,0.0194847134,0.0222042369,0.0236098630,0.0249478474,0.0258059435,0.0262851291,0.0267040976,0.0267802068,0.0271213750,0.0267760783
2011-12-26,0.0189383907,0.0212259141,0.0230790977,0.0241966973,0.0254329292,0.0261035095,0.0265310763,0.0269893891,0.0271000308,0.0271633629,0.0271084552
2011-12-23,0.0189382330,0.0212215383,0.0230775477,0.0241949036,0.0254195533,0.0261027578,0.0265317208,0.0269911030,0.0271066541,0.0271753851,0.0271238463
2011-12-22,0.0189072484,0.0213526949,0.0232766401,0.0244026094,0.0256654329,0.0264087361,0.0268374811,0.0273319313,0.0273900105,0.0274377326,0.0274205349
2011-12-21,0.0201709590,0.0225492053,0.0242552014,0.0254234320,0.0266674841,0.0273923218,0.0278326819,0.0282828230,0.0284926539,0.0286369208,0.0286243435
2011-12-20,0.0210124107,0.0235135874,0.0252481593,0.0264377177,0.0276981283,0.0284438285,0.0288900892,0.0293445761,0.0295738139,0.0297416474,0.0297085041
2011-12-19,0.0212067831,0.0240421998,0.0261774331,0.0272999511,0.0287189565,0.0296414092,0.0300570030,0.0304602928,0.0305610772,0.0305318584,0.0305583798
2011-12-16,0.0227344141,0.0251993688,0.0267996681,0.0278552692,0.0290817578,0.0298173872,0.0302383695,0.0307072547,0.0308148123,0.0311218444,0.0308888972
2011-12-15,0.0233158415,0.0258233927,0.0273638975,0.0293786990,0.0305060722,0.0311377984,0.0315950259,0.0321227629,0.0319653846,0.0323144071,0.0320378082
2011-12-14,0.0245157498,0.0272406894,0.0289024761,0.0299909893,0.0312830535,0.0321061028,0.0325310378,0.0329485698,0.0332524501,0.0337813117,0.0334402902
2011-12-13,0.0234785806,0.0263320422,0.0279960279,0.0290028364,0.0302744736,0.0311232594,0.0315580842,0.0319714537,0.0325065111,0.0325293890,0.0326275957
2011-12-12,0.0241319600,0.0266557369,0.0285220241,0.0296912713,0.0309048332,0.0317109019,0.0321340652,0.0325960812,0.0327477649,0.0327136836,0.0327097764
2011-12-09,0.0226459169,0.0247574851,0.0266104588,0.0277417821,0.0288779237,0.0296615873,0.0300795348,0.0305767478,0.0305964072,0.0305178259,0.0304875234
2011-12-08,0.0206879400,0.0224166535,0.0241310927,0.0259783101,0.0269651334,0.0276441538,0.0280901264,0.0286724764,0.0284573469,0.0285605478,0.0283444108
2011-12-07,0.0187003793,0.0203181286,0.0220548609,0.0231857479,0.0242492065,0.0250723614,0.0254891281,0.0259636035,0.0261095159,0.0261436461,0.0261397609
2011-12-06,0.0172220602,0.0194453057,0.0208365797,0.0226143239,0.0236821993,0.0245410972,0.0249999756,0.0254591037,0.0256018805,0.0257482719,0.0257732728
2011-12-05,0.0165813993,0.0186113779,0.0200052491,0.0216616694,0.0226796854,0.0235194890,0.0239668785,0.0244278698,0.0245756145,0.0248920542,0.0247619252
2011-12-02,0.0201370178,0.0211492237,0.0224187186,0.0241637888,0.0250955082,0.0258395502,0.0262873457,0.0268465808,0.0267823439,0.0268672857,0.0269274091
2011-12-01,0.0204833469,0.0222326761,0.0236614285,0.0253537789,0.0263910070,0.0272608536,0.0277351811,0.0282762246,0.0284589819,0.0286504464,0.0285866562
2011-11-30,0.0219448342,0.0244418875,0.0264351457,0.0277690664,0.0287581779,0.0295831159,0.0299913510,0.0304304640,0.0304748907,0.0303621821,0.0304087489
2011-11-29,0.0250260108,0.0278389442,0.0299857548,0.0313743871,0.0323544454,0.0331731999,0.0335438333,0.0339760930,0.0336929671,0.0337521287,0.0335920097
2011-11-28,0.0263189047,0.0286610421,0.0304248992,0.0322432289,0.0332138821,0.0340492605,0.0345058146,0.0350253759,0.0345565540,0.0346561744,0.0343146916
2011-11-25,0.0275871838,0.0308101775,0.0329059255,0.0341916482,0.0351792236,0.0360555091,0.0364480378,0.0369353924,0.0369826085,0.0367402415,0.0367196634
2011-11-24,0.0268130475,0.0302431073,0.0322731099,0.0336378552,0.0346586756,0.0356063152,0.0360492599,0.0365879061,0.0367669135,0.0364931231,0.0364211098
2011-11-23,0.0275066899,0.0297872664,0.0318787919,0.0331301625,0.0342395152,0.0352749682,0.0357418789,0.0362282099,0.0362513916,0.0361136556,0.0360991151
2011-11-22,0.0258726920,0.0281334384,0.0301057604,0.0320736595,0.0330584760,0.0339590634,0.0344712777,0.0349810096,0.0353791252,0.0350456336,0.0350553812
2011-11-21,0.0254356896,0.0276388138,0.0295573926,0.0314691905,0.0324401087,0.0333212412,0.0338021381,0.0343611957,0.0342650545,0.0341026250,0.0340174858
2011-11-18,0.0229241628,0.0254252190,0.0276591987,0.0288550277,0.0300125406,0.0310978059,0.0316209335,0.0320674665,0.0318396327,0.0316932066,0.0316935880
2011-11-17,0.0249119685,0.0270186786,0.0288333385,0.0300274692,0.0310843040,0.0320488807,0.0325649807,0.0331126614,0.0331236224,0.0332885385,0.0331739162
2011-11-16,0.0225128373,0.0255038501,0.0274715512,0.0287757585,0.0297877524,0.0307044676,0.0311552437,0.0317115698,0.0323059384,0.0321774007,0.0319208454
2011-11-15,0.0240136294,0.0259482942,0.0274920693,0.0292732322,0.0303249498,0.0312741824,0.0318335045,0.0323910529,0.0330146228,0.0327673178,0.0327110320
2011-11-14,0.0218917427,0.0234626191,0.0250520979,0.0262242889,0.0272694900,0.0282234663,0.0287218602,0.0292705662,0.0293377678,0.0293657451,0.0293765364
2011-11-11,0.0188116198,0.0219869194,0.0239773638,0.0253539231,0.0264658115,0.0274908952,0.0279830129,0.0285622293,0.0292529245,0.0292475147,0.0290379654
2011-11-10,0.0210699921,0.0235556277,0.0251981856,0.0262031083,0.0273661376,0.0284438545,0.0289462233,0.0294901297,0.0298363732,0.0300028761,0.0299164582
2011-11-09,0.0200872764,0.0223558351,0.0240504354,0.0251694491,0.0262470613,0.0272428498,0.0277265673,0.0282583895,0.0283455660,0.0284148551,0.0283611429
2011-11-08,0.0181787168,0.0205332893,0.0223510859,0.0234168903,0.0244790862,0.0254727998,0.0259579841,0.0264247422,0.0268857058,0.0268905415,0.0269507569
2011-11-07,0.0179008610,0.0204909267,0.0223247981,0.0235731486,0.0245794888,0.0255149209,0.0259783402,0.0265283052,0.0269677129,0.0267924399,0.0267252223
2011-11-04,0.0176718666,0.0198659778,0.0217119060,0.0229552015,0.0239883078,0.0249594421,0.0254661963,0.0258971962,0.0260839601,0.0266677028,0.0262289827
2011-11-03,0.0172416114,0.0191883202,0.0210228605,0.0221861332,0.0232747697,0.0243140078,0.0247958923,0.0252097994,0.0253355836,0.0256561815,0.0254635763
2011-11-02,0.0182412156,0.0204131662,0.0221150779,0.0231342327,0.0240899758,0.0249824852,0.0254508693,0.0260165725,0.0263188128,0.0265776665,0.0263736666
2011-11-01,0.0190419489,0.0211722686,0.0229509362,0.0240683032,0.0250389237,0.0259450480,0.0264418788,0.0269571000,0.0269608613,0.0271904591,0.0269883439
2011-10-31,0.0144860276,0.0163799261,0.0182213909,0.0194984477,0.0203255164,0.0211058283,0.0215306279,0.0221027313,0.0226619940,0.0227913650,0.0226831229
2011-10-28,0.0147584118,0.0155222868,0.0167299106,0.0177401462,0.0183596258,0.0189295524,0.0193292174,0.0198402428,0.0199908454,0.0200101772,0.0201502846
2011-10-27,0.0137577360,0.0156885119,0.0172386672,0.0183509246,0.0192625120,0.0201459806,0.0206026822,0.0210837287,0.0212272982,0.0212510211,0.0213067310
2011-10-26,0.0174358926,0.0194886655,0.0211171750,0.0221403513,0.0228451769,0.0234896036,0.0239661211,0.0244351199,0.0245111801,0.0243420296,0.0245004871
2011-10-25,0.0175117254,0.0193299640,0.0214686518,0.0228208522,0.0233792754,0.0238699774,0.0243573037,0.0248026317,0.0250743567,0.0249975754,0.0250772353
2011-10-24,0.0180978373,0.0194088180,0.0205675804,0.0215247904,0.0224011408,0.0232366620,0.0237105882,0.0242898201,0.0245325183,0.0245742825,0.0246159536
2011-10-21,0.0164287170,0.0186757404,0.0205005268,0.0216642285,0.0222497152,0.0227786882,0.0232344584,0.0236720964,0.0238848354,0.0240333704,0.0240435709
2011-10-20,0.0172382493,0.0197193421,0.0211692670,0.0220314073,0.0228585044,0.0236443315,0.0241117670,0.0246766969,0.0248102864,0.0250132103,0.0248648150
2011-10-19,0.0181592048,0.0193008402,0.0203986615,0.0210961175,0.0218736758,0.0226133699,0.0230721792,0.0235299709,0.0239998521,0.0240323450,0.0239705917
2011-10-18,0.0159406936,0.0181710011,0.0197923869,0.0208114822,0.0218208625,0.0228147504,0.0233227351,0.0237884171,0.0239275271,0.0243469817,0.0240651023
2011-10-17,0.0171100480,0.0185594282,0.0198964372,0.0212870036,0.0218374080,0.0223415438,0.0227843668,0.0232444463,0.0238031982,0.0238945823,0.0239595943
2011-10-14,0.0166569974,0.0191860117,0.0204270974,0.0215345283,0.0220862841,0.0225936349,0.0230587722,0.0235052241,0.0239986518,0.0239849532,0.0237222161
2011-10-13,0.0168873973,0.0186902616,0.0200141981,0.0212432178,0.0219078809,0.0224389341,0.0229258942,0.0233577532,0.0241029525,0.0242325437,0.0241340054
2011-10-12,0.0170189811,0.0187954371,0.0198256815,0.0208317957,0.0213630397,0.0216654037,0.0220789398,0.0224964694,0.0228828857,0.0228628174,0.0222691703
2011-10-11,0.0158700662,0.0185563984,0.0201004357,0.0215227061,0.0220781856,0.0223019531,0.0226950907,0.0230473226,0.0235243385,0.0237776998,0.0234733218
2011-10-10,0.0178144338,0.0204004684,0.0214564042,0.0222132322,0.0228532022,0.0230537191,0.0234565129,0.0239829063,0.0242657092,0.0247434787,0.0246183910
2011-10-07,0.0175186980,0.0199923799,0.0215070346,0.0226907570,0.0234221844,0.0237498162,0.0241721637,0.0245861832,0.0250236065,0.0253341433,0.0254811799
2011-10-06,0.0195118699,0.0209959003,0.0220749205,0.0229025421,0.0236067194,0.0239462687,0.0244076636,0.0249177314,0.0254523837,0.0255250675,0.0258334102
2011-10-05,0.0210861683,0.0231052486,0.0242759682,0.0252279172,0.0259518019,0.0263208384,0.0267956262,0.0273001126,0.0275338967,0.0281986974,0.0275978282
2011-10-04,0.0221617030,0.0249853789,0.0263152162,0.0274109470,0.0280931830,0.0284393559,0.0289219512,0.0293731323,0.0299014158,0.0301029504,0.0297921003
2011-10-03,0.0196149637,0.0221260623,0.0236372032,0.0248426641,0.0255706401,0.0260449033,0.0264950849,0.0268742586,0.0272299758,0.0273503918,0.0275452856
2011-09-30,0.0200110962,0.0217449347,0.0230622144,0.0242727771,0.0248676529,0.0252571103,0.0257203617,0.0261464309,0.0268932718,0.0268746496,0.0268204187
2011-09-29,0.0178316830,0.0213721461,0.0224954477,0.0231827054,0.0237701523,0.0242063420,0.0246329604,0.0250511751,0.0252594867,0.0252505798,0.0249431324
2011-09-28,0.0178309120,0.0205379130,0.0217210205,0.0225050705,0.0232450118,0.0238893501,0.0242210312,0.0245389104,0.0247485703,0.0248495675,0.0244964877
2011-09-27,0.0183079343,0.0211545299,0.0224227258,0.0235379671,0.0238304792,0.0240501388,0.0244677871,0.0249263632,0.0251783349,0.0255881028,0.0255605012
2011-09-26,0.0232480275,0.0247351790,0.0258817256,0.0270541680,0.0271438981,0.0271973793,0.0275418543,0.0278727968,0.0278863804,0.0283803041,0.0280631445
2011-09-23,0.0244533474,0.0262224227,0.0269804176,0.0282745955,0.0286512996,0.0290472402,0.0293063598,0.0296022270,0.0293345541,0.0298963526,0.0292634485
2011-09-22,0.0249004956,0.0283800340,0.0294489719,0.0304536813,0.0305882067,0.0307947495,0.0312054940,0.0316673745,0.0320655285,0.0322710539,0.0316505262
2011-09-21,0.0225761212,0.0247992615,0.0258952313,0.0270189215,0.0271150869,0.0273248792,0.0277413947,0.0281897875,0.0288323492,0.0290672011,0.0293938385
2011-09-20,0.0253907033,0.0271813134,0.0281368865,0.0291769854,0.0291884217,0.0293752034,0.0296689358,0.0300440487,0.0298996749,0.0296589484,0.0295991358
2011-09-19,0.0218033165,0.0250876447,0.0261639806,0.0271523456,0.0272236205,0.0275093484,0.0279379855,0.0284409715,0.0285403621,0.0285518237,0.0283295256
2011-09-16,0.0191574802,0.0222838212,0.0233268840,0.0242760688,0.0243344757,0.0246295990,0.0250410744,0.0255202632,0.0258619889,0.0260268445,0.0255452051
2011-09-15,0.0202435441,0.0234894420,0.0246898899,0.0259628971,0.0258827824,0.0261009492,0.0264563004,0.0268551195,0.0271769178,0.0278147253,0.0275997144
2011-09-14,0.0245092704,0.0281191135,0.0291821560,0.0303265823,0.0301456511,0.0303675123,0.0307530480,0.0312109411,0.0310233009,0.0311446640,0.0307504806
2011-09-13,0.0275373554,0.0297495772,0.0305999526,0.0316125640,0.0314157934,0.0316968064,0.0320948169,0.0325802582,0.0323324103,0.0321028859,0.0320648592
2011-09-12,0.0285745187,0.0305395871,0.0314876312,0.0324524901,0.0322296806,0.0325565936,0.0328841607,0.0332599925,0.0334912866,0.0332660954,0.0333543811
2011-09-09,0.0236863025,0.0268944009,0.0278068999,0.0287719696,0.0286429988,0.0290561572,0.0295056355,0.0299684773,0.0297130371,0.0294707904,0.0295718056
2011-09-08,0.0196209781,0.0214985746,0.0228484067,0.0245597205,0.0248337482,0.0256346707,0.0260345809,0.0263119896,0.0264885912,0.0265449105,0.0265545695
2011-09-07,0.0210951453,0.0235331843,0.0243661197,0.0252850290,0.0252363662,0.0257604011,0.0261752681,0.0266270349,0.0268015910,0.0268806537,0.0267496018
2011-09-06,0.0200747192,0.0234521928,0.0245737887,0.0254137045,0.0254803856,0.0261759390,0.0265573310,0.0269230773,0.0272192106,0.0274748771,0.0276092214
2011-09-05,0.0210836105,0.0242255107,0.0251419923,0.0260953614,0.0259002221,0.0263874686,0.0268238491,0.0273246029,0.0276604997,0.0277519236,0.0276914947
2011-09-02,0.0177643818,0.0204159853,0.0217890686,0.0229064554,0.0229898932,0.0236446118,0.0239970220,0.0243248372,0.0246601232,0.0247891139,0.0249556525
2011-09-01,0.0146403311,0.0175929926,0.0193333997,0.0203314265,0.0205769082,0.0213044663,0.0216632022,0.0220114710,0.0226860985,0.0226745811,0.0229278286
2011-08-31,0.0167056204,0.0184339100,0.0196790028,0.0206360101,0.0206600019,0.0211239609,0.0214418736,0.0217270593,0.0221059420,0.0219827886,0.0223554473
2011-08-30,0.0182324553,0.0206467889,0.0219306184,0.0229822076,0.0230395111,0.0235481745,0.0238772782,0.0242208837,0.0243233209,0.0245246363,0.0246374469
2011-08-29,0.0173774842,0.0209351455,0.0225037864,0.0236875234,0.0238098009,0.0243588312,0.0247943382,0.0252735361,0.0260092294,0.0264411789,0.0265526986
2011-08-26,0.0173773883,0.0209347485,0.0225027201,0.0236861446,0.0238284748,0.0243570555,0.0247925899,0.0252727004,0.0260377783,0.0266232158,0.0265939204
2011-08-25,0.0170614736,0.0197885470,0.0211470218,0.0225564149,0.0228413101,0.0234617671,0.0239011638,0.0245364886,0.0250361972,0.0257811039,0.0256840767
2011-08-24,0.0189722060,0.0217067469,0.0229952840,0.0240646647,0.0243253633,0.0248994485,0.0253134811,0.0259839324,0.0264525661,0.0270937157,0.0271091089
2011-08-23,0.0190962711,0.0219449951,0.0233356520,0.0247679379,0.0250903729,0.0256943335,0.0261466700,0.0267943201,0.0273827430,0.0281273945,0.0281023182
2011-08-22,0.0186687879,0.0208942847,0.0221749103,0.0234211661,0.0240645617,0.0249529832,0.0254484343,0.0260487592,0.0263661184,0.0270467211,0.0264191053
2011-08-19,0.0155893928,0.0178083886,0.0194600526,0.0212476190,0.0220134520,0.0229775228,0.0234976511,0.0241679768,0.0247436074,0.0257715366,0.0254402069
2011-08-18,0.0155668633,0.0182243169,0.0195619230,0.0209348512,0.0215653402,0.0223430278,0.0228879996,0.0234966612,0.0236145853,0.0242639146,0.0235499205
2011-08-17,0.0128872086,0.0147190633,0.0162653879,0.0178647827,0.0189113613,0.0201006093,0.0206246117,0.0214266819,0.0216597700,0.0223841734,0.0222036689
2011-08-16,0.0147938024,0.0181305681,0.0191806286,0.0199154340,0.0208207237,0.0218185229,0.0224572868,0.0232033217,0.0235929120,0.0241948137,0.0238400177
2011-08-15,0.0137084342,0.0158657880,0.0174399161,0.0191508808,0.0200146609,0.0209311600,0.0216167060,0.0223374043,0.0230671829,0.0237020990,0.0236519912
2011-08-12,0.0147916564,0.0168883598,0.0184838951,0.0202108544,0.0211070828,0.0220201074,0.0227080259,0.0234286032,0.0242332113,0.0249137194,0.0248419859
2011-08-11,0.0191220616,0.0206384999,0.0220005203,0.0233449691,0.0244103501,0.0254555187,0.0260632453,0.0267674542,0.0267720046,0.0275047861,0.0273978906
2011-08-10,0.0208254992,0.0220145845,0.0235367970,0.0252832082,0.0265364196,0.0277305998,0.0285946941,0.0293738913,0.0300782902,0.0300198311,0.0282315084
2011-08-09,0.0170408122,0.0184092218,0.0199363283,0.0215964485,0.0228418975,0.0240142138,0.0248495690,0.0255997941,0.0263564421,0.0267330844,0.0259747173
2011-08-08,0.0163118053,0.0179656504,0.0198848181,0.0217168473,0.0227425446,0.0236345449,0.0245633806,0.0253554702,0.0259535641,0.0264534826,0.0259652966
2011-08-05,0.0153337766,0.0162032349,0.0179849709,0.0197894814,0.0207808914,0.0216191891,0.0225397257,0.0232910106,0.0238563413,0.0243997726,0.0241240347
2011-08-04,0.0136675335,0.0146569384,0.0167424164,0.0187827457,0.0200945630,0.0212629287,0.0222476893,0.0230545262,0.0236298996,0.0242515727,0.0241522616
2011-08-03,0.0127433089,0.0132582401,0.0153149131,0.0174076586,0.0187205389,0.0198792921,0.0208977714,0.0217477377,0.0218659316,0.0222767047,0.0218845543
2011-08-02,0.0097224644,0.0109384561,0.0132011262,0.0154645753,0.0172021065,0.0188629412,0.0200283171,0.0210638083,0.0214775515,0.0219856416,0.0218286927
2011-08-01,0.0090527061,0.0101769367,0.0123724834,0.0146521315,0.0164498934,0.0181756131,0.0193408790,0.0203947733,0.0210651178,0.0216397742,0.0216605372
2011-07-29,0.0085135807,0.0096582703,0.0118289946,0.0140776706,0.0158569876,0.0175490590,0.0186999512,0.0197386199,0.0204109902,0.0209635358,0.0209972918
2011-07-28,0.0085323103,0.0093997087,0.0113458511,0.0133697870,0.0151479691,0.0168347687,0.0179004300,0.0189099669,0.0194511200,0.0199670974,0.0199991905
2011-07-27,0.0085528592,0.0095313502,0.0112970162,0.0133177549,0.0151100336,0.0167881261,0.0178021379,0.0187745990,0.0194374740,0.0198686459,0.0197533606
2011-07-26,0.0067343519,0.0084236807,0.0103696585,0.0129270382,0.0146221620,0.0161698535,0.0171233108,0.0179902080,0.0180308073,0.0183022556,0.0179621507
2011-07-25,0.0082850773,0.0094201200,0.0112746689,0.0133326285,0.0149348553,0.0163285550,0.0173984174,0.0183765114,0.0187593509,0.0191964153,0.0191671980
2011-07-22,0.0066475227,0.0079380904,0.0101036214,0.0123120548,0.0141008315,0.0157362033,0.0168723601,0.0178754883,0.0181765965,0.0187052562,0.0189101498
2011-07-21,0.0083976814,0.0096057988,0.0115992082,0.0136071205,0.0151144822,0.0163320585,0.0174127734,0.0184163899,0.0183186357,0.0186177435,0.0183788903
2011-07-20,0.0086273283,0.0095097734,0.0114851518,0.0134482676,0.0152879096,0.0168783519,0.0179220454,0.0189064302,0.0194839855,0.0198733233,0.0197822460
2011-07-19,0.0098442774,0.0111792466,0.0131447994,0.0150871642,0.0167835406,0.0181025301,0.0191155158,0.0201063326,0.0205298118,0.0208153224,0.0204971970
2011-07-18,0.0105326806,0.0112940540,0.0133134122,0.0153846218,0.0172644455,0.0187533012,0.0198037191,0.0207933432,0.0211292899,0.0213901179,0.0210222892
2011-07-15,0.0088397336,0.0099288882,0.0121739411,0.0146062620,0.0165226753,0.0180617776,0.0191903084,0.0201363747,0.0205592218,0.0209807680,0.0209776275
2011-07-14,0.0068350581,0.0075209000,0.0100070101,0.0124774028,0.0143611014,0.0159466588,0.0171040336,0.0180666833,0.0185192493,0.0187983492,0.0191196043
2011-07-13,0.0072483991,0.0077402456,0.0103589869,0.0130048275,0.0149420569,0.0165353784,0.0178459383,0.0188800026,0.0190929980,0.0190379251,0.0188677952
2011-07-12,0.0072662210,0.0079957898,0.0106634419,0.0133585431,0.0153448734,0.0169490376,0.0182689112,0.0193054199,0.0195688440,0.0194736122,0.0194117111
2011-07-11,0.0065647733,0.0080083115,0.0106204979,0.0133893177,0.0154573099,0.0171303587,0.0183720588,0.0193126948,0.0196219714,0.0194876667,0.0195385760
2011-07-08,0.0052995507,0.0065781998,0.0089924950,0.0115972388,0.0134665473,0.0149863045,0.0162103323,0.0172533882,0.0172940630,0.0174440873,0.0173388186
2011-07-07,0.0045651761,0.0057314799,0.0080235949,0.0104985455,0.0123503156,0.0139009080,0.0150977710,0.0161348135,0.0165370576,0.0170173810,0.0169200123
2011-07-06,0.0051117949,0.0063641557,0.0087420144,0.0113109097,0.0131719801,0.0146521160,0.0158596792,0.0168900968,0.0170930720,0.0174792715,0.0171144165
2011-07-05,0.0043914251,0.0053919539,0.0077879287,0.0101783867,0.0120098047,0.0135135127,0.0147193535,0.0157171408,0.0159388752,0.0163239193,0.0159876156
2011-07-04,0.0044335984,0.0051040793,0.0076409222,0.0098386384,0.0116619216,0.0131601276,0.0144134605,0.0154216035,0.0156714723,0.0160745985,0.0157477997
2011-07-01,0.0037809133,0.0049167686,0.0072806762,0.0096406986,0.0114564204,0.0129502839,0.0141529875,0.0151177624,0.0154182076,0.0158634541,0.0155932964
2011-06-30,0.0038315576,0.0049522750,0.0073149058,0.0096734001,0.0114934690,0.0129792043,0.0141801534,0.0151435857,0.0155003392,0.0159970021,0.0157775369
2011-06-29,0.0048625190,0.0059342748,0.0083438171,0.0106810410,0.0125597725,0.0140252294,0.0152418973,0.0163007394,0.0167450287,0.0173347199,0.0171544919
2011-06-28,0.0053517536,0.0065007722,0.0090502069,0.0115437729,0.0135008926,0.0149820846,0.0161211760,0.0170402487,0.0174317150,0.0179548001,0.0178791763
2011-06-27,0.0063827457,0.0073781080,0.0100061666,0.0124068236,0.0144361082,0.0159246449,0.0171677845,0.0182872337,0.0185923447,0.0191990254,0.0190497993
2011-06-24,0.0057348813,0.0069791969,0.0096604153,0.0121385643,0.0141559684,0.0156378486,0.0167852119,0.0177689234,0.0179964358,0.0183305227,0.0183036325
2011-06-23,0.0058283793,0.0071340838,0.0097841079,0.0124582960,0.0144176176,0.0157916882,0.0168900695,0.0178858760,0.0178123681,0.0176908562,0.0177587851
2011-06-22,0.0048319685,0.0061159356,0.0085513219,0.0110523053,0.0130699826,0.0146161300,0.0157903277,0.0168292843,0.0172469256,0.0177965239,0.0176668363
2011-06-21,0.0047429532,0.0057052275,0.0083336202,0.0108662150,0.0128952618,0.0144594685,0.0157211143,0.0167974834,0.0170424837,0.0174349728,0.0169732065
2011-06-20,0.0048942991,0.0060550189,0.0087404000,0.0114024604,0.0135804429,0.0152698455,0.0166348139,0.0177067958,0.0181353504,0.0186532567,0.0183133240
2011-06-17,0.0050291979,0.0063991839,0.0088426022,0.0113882468,0.0135083664,0.0151143398,0.0163110450,0.0173794988,0.0179688600,0.0185818765,0.0183980576
2011-06-16,0.0066595362,0.0075823516,0.0101236431,0.0125696212,0.0147214565,0.0162500542,0.0174955244,0.0185675937,0.0193389458,0.0197263808,0.0199912605
2011-06-15,0.0060119119,0.0070969603,0.0098429456,0.0124703336,0.0146431723,0.0161920844,0.0173943128,0.0184430969,0.0188593246,0.0187789103,0.0190783865
2011-06-14,0.0047336152,0.0058538709,0.0083943732,0.0108672077,0.0130697059,0.0147896944,0.0161048730,0.0172003769,0.0175583753,0.0180201076,0.0179682227
2011-06-13,0.0058879497,0.0068445974,0.0093710428,0.0117379435,0.0138718128,0.0154118584,0.0166630767,0.0177447706,0.0187901965,0.0194107991,0.0194048403
2011-06-10,0.0053438100,0.0064006154,0.0089692187,0.0114087778,0.0135530590,0.0151234602,0.0163649465,0.0174833145,0.0180638640,0.0186782454,0.0185127196
2011-06-09,0.0050322059,0.0057814446,0.0083943782,0.0108395106,0.0129433620,0.0145055834,0.0157349779,0.0167759432,0.0174804188,0.0177498348,0.0180441568
2011-06-08,0.0047324466,0.0055720884,0.0081391065,0.0104874845,0.0126274127,0.0142574924,0.0155537928,0.0166747944,0.0170936830,0.0175231108,0.0174759569
2011-06-07,0.0038761435,0.0050309688,0.0074209976,0.0098478243,0.0118960213,0.0134643053,0.0146178132,0.0156222726,0.0163407784,0.0166070040,0.0165742567
2011-06-06,0.0047500562,0.0052537018,0.0077376766,0.0102764659,0.0124125406,0.0140356784,0.0152266308,0.0161323924,0.0169137252,0.0173112494,0.0175627573
2011-06-03,0.0049991742,0.0057861036,0.0083054318,0.0105463777,0.0127233018,0.0143577773,0.0156443245,0.0168024950,0.0174721288,0.0178207156,0.0179949279
2011-06-02,0.0050373790,0.0059266275,0.0084580528,0.0108319289,0.0129769879,0.0145300772,0.0157761265,0.0168690757,0.0178884761,0.0182374301,0.0184412730
2011-06-01,0.0043074074,0.0054903973,0.0078776453,0.0103571170,0.0125405945,0.0141794158,0.0153720941,0.0164481655,0.0176178245,0.0179484449,0.0181636412
2011-05-31,0.0059059340,0.0062056223,0.0087482421,0.0109139429,0.0131065753,0.0146856372,0.0159116685,0.0170372305,0.0181275865,0.0184588374,0.0187042541
2011-05-30,0.0047504746,0.0056676009,0.0082993386,0.0108122993,0.0130369830,0.0146543716,0.0159454726,0.0169535492,0.0179187532,0.0182373597,0.0185036742
2011-05-27,0.0047505060,0.0056676903,0.0082993497,0.0108122933,0.0130408868,0.0146541454,0.0159451824,0.0169534314,0.0179215132,0.0182261395,0.0185055803
2011-05-26,0.0051630277,0.0058434848,0.0084448814,0.0107762673,0.0129581526,0.0145082451,0.0157990204,0.0168373268,0.0178717393,0.0181500490,0.0184182385
2011-05-25,0.0063783799,0.0064240397,0.0089059734,0.0109203573,0.0130848837,0.0145892492,0.0159140390,0.0169621973,0.0175450873,0.0178202707,0.0181284419
2011-05-24,0.0057689018,0.0061292092,0.0086850490,0.0109420918,0.0131397942,0.0146737064,0.0159728333,0.0169768712,0.0174725857,0.0179410840,0.0178717033
2011-05-23,0.0051997489,0.0056928343,0.0084036787,0.0107007464,0.0129192212,0.0144962160,0.0157526295,0.0167782174,0.0174149535,0.0178750103,0.0179798942
2011-05-20,0.0044066294,0.0049723699,0.0077688173,0.0100072381,0.0121283105,0.0136526021,0.0148490355,0.0159330296,0.0165822791,0.0169662534,0.0171364506
2011-05-19,0.0039457458,0.0047138719,0.0073106454,0.0094548868,0.0115113873,0.0130095133,0.0141099295,0.0151129013,0.0157711391,0.0160850544,0.0163136656
2011-05-18,0.0046269416,0.0052415214,0.0075376656,0.0096282887,0.0117292187,0.0132551338,0.0144697480,0.0154220939,0.0161371901,0.0164060917,0.0167081455
2011-05-17,0.0045074025,0.0049494208,0.0073539552,0.0094894011,0.0115717712,0.0130824451,0.0142938918,0.0152624792,0.0160838866,0.0163410711,0.0166128868
2011-05-16,0.0041448067,0.0047715842,0.0071510477,0.0093009900,0.0114164231,0.0129835060,0.0141865764,0.0152195851,0.0156483116,0.0161316513,0.0160117090
2011-05-13,0.0035761458,0.0043688828,0.0069163763,0.0091959784,0.0113023450,0.0128627319,0.0140356629,0.0150244560,0.0155907332,0.0161124584,0.0161154856
2011-05-12,0.0041539396,0.0049244365,0.0072534716,0.0093706397,0.0114555352,0.0130319572,0.0143508809,0.0153451798,0.0156756604,0.0160036709,0.0156622106
2011-05-11,0.0040488120,0.0046576318,0.0069791450,0.0091077026,0.0111550742,0.0127772759,0.0140649434,0.0150088537,0.0155511865,0.0159900056,0.0159154740
2011-05-10,0.0037522140,0.0045392561,0.0071386484,0.0093395037,0.0113648252,0.0129974445,0.0142122151,0.0152093785,0.0157963940,0.0163430907,0.0163213710
2011-05-09,0.0040050163,0.0046528972,0.0074036672,0.0097196736,0.0117800451,0.0134850496,0.0147662069,0.0157897178,0.0160407617,0.0167059332,0.0167533405
2011-05-06,0.0047911614,0.0049139332,0.0072289288,0.0092422691,0.0111818912,0.0128415164,0.0139370797,0.0148429258,0.0152697041,0.0156269243,0.0156152745
2011-05-05,0.0047065740,0.0050644719,0.0075268233,0.0095665897,0.0114478774,0.0130680640,0.0142815207,0.0152453551,0.0160492894,0.0163095698,0.0165827826
2011-05-04,0.0042384489,0.0047563908,0.0070531541,0.0090374128,0.0108616007,0.0126870574,0.0137744768,0.0147347897,0.0158850304,0.0161891392,0.0163955942
2011-05-03,0.0040404723,0.0047259973,0.0074127909,0.0096305256,0.0116502717,0.0132001768,0.0143770589,0.0153525718,0.0159210149,0.0162987876,0.0164947936
2011-05-02,0.0037831983,0.0044679961,0.0073077013,0.0096462994,0.0118192696,0.0131651819,0.0144263210,0.0154428545,0.0154050350,0.0158414921,0.0160204921
2011-04-29,0.0038634696,0.0046818521,0.0072288875,0.0093353715,0.0115122015,0.0129719442,0.0141209565,0.0151414281,0.0158604915,0.0163200990,0.0163658492
2011-04-28,0.0041303847,0.0047937314,0.0072055386,0.0092115427,0.0113391975,0.0128193428,0.0139500922,0.0148871722,0.0154824734,0.0160730005,0.0162481584
2011-04-27,0.0041105730,0.0048720955,0.0075859551,0.0097713666,0.0118151106,0.0131876482,0.0143620399,0.0153148222,0.0157073192,0.0163415333,0.0164308003
2011-04-26,0.0046858722,0.0053355036,0.0078788524,0.0098311827,0.0118504558,0.0132533299,0.0142865789,0.0152475280,0.0154223845,0.0160796422,0.0160805545
2011-04-25,0.0038635844,0.0045471515,0.0073428059,0.0096640489,0.0116939596,0.0131958784,0.0144178779,0.0154271623,0.0153886354,0.0160790018,0.0159934608
2011-04-22,0.0038636506,0.0045472477,0.0073428425,0.0096640617,0.0116641535,0.0131957655,0.0144177064,0.0154269444,0.0151650368,0.0159719954,0.0159862464
2011-04-21,0.0038636868,0.0045470027,0.0073425805,0.0096640134,0.0116376868,0.0131967831,0.0144196935,0.0154301005,0.0153948765,0.0161922204,0.0160071201
2011-04-20,0.0035500114,0.0041735024,0.0069714514,0.0093054588,0.0112232651,0.0128055244,0.0140785969,0.0150908929,0.0148093066,0.0156991816,0.0156134358
2011-04-19,0.0050477501,0.0052809258,0.0076823258,0.0096928813,0.0115312615,0.0130377277,0.0141977261,0.0151196190,0.0149214994,0.0159116308,0.0158579313
2011-04-18,0.0047961394,0.0054782233,0.0079826707,0.0100696801,0.0120172261,0.0136929930,0.0148375812,0.0157863639,0.0156677112,0.0168061304,0.0167845591
2011-04-15,0.0047749911,0.0052102173,0.0077078351,0.0097419765,0.0115026653,0.0130274654,0.0141058914,0.0150135643,0.0149850807,0.0161689269,0.0161820589
2011-04-14,0.0033287346,0.0043183859,0.0066548442,0.0086040331,0.0103414896,0.0119263862,0.0130082144,0.0139160592,0.0139682942,0.0151609154,0.0152050683
2011-04-13,0.0047615906,0.0048404389,0.0066787386,0.0082863112,0.0100151765,0.0116181084,0.0126319564,0.0135724733,0.0134035773,0.0143167851,0.0137716002
2011-04-12,0.0041706367,0.0044307470,0.0064114610,0.0081448448,0.0098120350,0.0113487886,0.0123628031,0.0132454369,0.0131413610,0.0141054052,0.0135692496
2011-04-11,0.0030433560,0.0035883927,0.0057951580,0.0076822878,0.0093204089,0.0108599595,0.0119203650,0.0128237806,0.0128875986,0.0140154549,0.0137071735
2011-04-08,0.0036208887,0.0040602862,0.0059727349,0.0076224721,0.0092722140,0.0108356408,0.0118145832,0.0127369512,0.0126668711,0.0136671798,0.0131780165
2011-04-07,0.0029941187,0.0034342584,0.0058756528,0.0079318915,0.0096185587,0.0112088610,0.0122236098,0.0131274645,0.0130666584,0.0141475204,0.0137576942
2011-04-06,0.0031941952,0.0037446645,0.0059644777,0.0078622500,0.0095102959,0.0110584477,0.0121241155,0.0130315987,0.0129825858,0.0141053291,0.0138338395
2011-04-05,0.0039216415,0.0044521371,0.0062891941,0.0080972753,0.0100039972,0.0118849091,0.0127133149,0.0136342465,0.0135755739,0.0143899742,0.0138384581
2011-04-04,0.0046302970,0.0048601345,0.0069231137,0.0086834918,0.0104050597,0.0119927038,0.0129356053,0.0138128065,0.0139668291,0.0146758988,0.0142873321
2011-04-01,0.0045435643,0.0048074023,0.0069590167,0.0088591587,0.0106758316,0.0123784995,0.0133418285,0.0142111299,0.0145926220,0.0152000598,0.0149799537
2011-03-31,0.0059226073,0.0061127741,0.0081018953,0.0098157198,0.0115768805,0.0131417351,0.0140976804,0.0150261566,0.0154939392,0.0158197371,0.0154320613
2011-03-30,0.0055952807,0.0059294252,0.0079881209,0.0098989363,0.0117072296,0.0133304926,0.0142929964,0.0152262848,0.0159938979,0.0162388176,0.0161366367
2011-03-29,0.0056435849,0.0058090400,0.0078075113,0.0097222867,0.0115845245,0.0132938006,0.0142755880,0.0152212569,0.0160930200,0.0163657625,0.0166807802
2011-03-28,0.0057322961,0.0061069906,0.0084790728,0.0103329860,0.0119708229,0.0133603560,0.0142213536,0.0150665244,0.0158240847,0.0163572211,0.0167419453
2011-03-25,0.0042932719,0.0047024210,0.0072973774,0.0096351543,0.0115445835,0.0133299471,0.0142476445,0.0151246510,0.0157800862,0.0165803053,0.0170413973
2011-03-24,0.0043964281,0.0047625065,0.0074582862,0.0098005450,0.0116131601,0.0132652629,0.0141130363,0.0149460747,0.0156303787,0.0160850345,0.0161721710
2011-03-23,0.0058357496,0.0059356108,0.0081941006,0.0101939063,0.0119924743,0.0136043224,0.0144653666,0.0152863197,0.0161393542,0.0163843986,0.0163476569
2011-03-22,0.0059310266,0.0058274037,0.0080926573,0.0099326734,0.0116854857,0.0132605655,0.0139374527,0.0147189553,0.0153543306,0.0156804005,0.0154834084
2011-03-21,0.0056977963,0.0056581620,0.0078288383,0.0096490645,0.0113589911,0.0129021973,0.0137087366,0.0145194147,0.0149648958,0.0153738227,0.0150236582
2011-03-18,0.0040351951,0.0045285933,0.0071846001,0.0095161286,0.0114599002,0.0133200371,0.0142004562,0.0150641764,0.0155594555,0.0163094083,0.0162264643
2011-03-17,0.0060583276,0.0061115506,0.0085498973,0.0105714488,0.0123350869,0.0138959641,0.0146591580,0.0155027208,0.0161511184,0.0167808873,0.0167839874
2011-03-16,0.0064337412,0.0064810073,0.0089570191,0.0109639811,0.0127292797,0.0142729207,0.0150070227,0.0158054531,0.0166087390,0.0171043609,0.0171973023
2011-03-15,0.0062301648,0.0068737294,0.0091753161,0.0113167278,0.0130414573,0.0145190951,0.0154314753,0.0162098004,0.0170595857,0.0172910998,0.0172306429
2011-03-14,0.0064852055,0.0065783239,0.0091682204,0.0114141028,0.0132120266,0.0147788272,0.0156664487,0.0164841955,0.0175423244,0.0177933220,0.0176889697
2011-03-11,0.0075842021,0.0073948584,0.0099463723,0.0120123245,0.0138391882,0.0154124524,0.0161687415,0.0169837489,0.0179987189,0.0182839937,0.0182757378
2011-03-10,0.0062628482,0.0065798807,0.0090888025,0.0111899801,0.0130453826,0.0147060692,0.0154876459,0.0163176455,0.0172635202,0.0176073329,0.0177830458
2011-03-09,0.0058590298,0.0059846814,0.0085481282,0.0108474572,0.0126306167,0.0142255197,0.0151709088,0.0160318466,0.0166746118,0.0169031632,0.0169050261
2011-03-08,0.0069478569,0.0065674364,0.0090216479,0.0108155966,0.0125128599,0.0140069752,0.0147000553,0.0154937132,0.0160077341,0.0162286206,0.0161706068
2011-03-07,0.0068145843,0.0064939833,0.0089466123,0.0107382217,0.0124311372,0.0139285444,0.0146213307,0.0154154679,0.0158209742,0.0160407423,0.0159245078
2011-03-04,0.0058155505,0.0057982760,0.0083035013,0.0103175104,0.0119825681,0.0134733620,0.0141374989,0.0148143386,0.0151029206,0.0153141069,0.0151471204
2011-03-03,0.0050487855,0.0054411778,0.0077968129,0.0096962636,0.0112953909,0.0127624830,0.0133205662,0.0139190845,0.0140958578,0.0142942620,0.0140863018
2011-03-02,0.0055162216,0.0060772136,0.0083990536,0.0102381890,0.0117999885,0.0132148752,0.0137775706,0.0143795146,0.0144979800,0.0147366064,0.0145341662
2011-03-01,0.0051495625,0.0057521022,0.0080364462,0.0098474329,0.0113698603,0.0127789818,0.0133333793,0.0139274813,0.0139803578,0.0142438712,0.0140597650
2011-02-28,0.0065315746,0.0066527824,0.0086229297,0.0101541631,0.0116439697,0.0130212596,0.0135507684,0.0141094239,0.0141203491,0.0144405244,0.0143056108
2011-02-25,0.0055160890,0.0063152110,0.0085640964,0.0104098007,0.0118878433,0.0132630899,0.0137883192,0.0143918302,0.0143331023,0.0146859851,0.0145477252
2011-02-24,0.0067359762,0.0069593801,0.0091003972,0.0107238565,0.0122406227,0.0136748633,0.0142150154,0.0148121722,0.0147128139,0.0151373124,0.0150604841
2011-02-23,0.0070314937,0.0072125207,0.0091306942,0.0106536045,0.0121096611,0.0134964749,0.0139824611,0.0145523589,0.0144166118,0.0148938296,0.0148831443
2011-02-22,0.0055852222,0.0061310162,0.0085710836,0.0104965998,0.0119341698,0.0133282985,0.0138938992,0.0144954727,0.0143223739,0.0148575886,0.0149119623
2011-02-21,0.0063480951,0.0067550525,0.0088679180,0.0104957214,0.0118545747,0.0131760298,0.0137252519,0.0143003469,0.0141447415,0.0147292177,0.0147531619
2011-02-18,0.0060363247,0.0062920906,0.0083571196,0.0099914935,0.0113994074,0.0128038364,0.0133163442,0.0138879938,0.0137516174,0.0143744021,0.0143685908
2011-02-17,0.0047462318,0.0056622316,0.0080101918,0.0097890274,0.0111059531,0.0124096394,0.0129412272,0.0134904400,0.0133723027,0.0140311593,0.0139970625
2011-02-16,0.0051106738,0.0056508990,0.0079992430,0.0098645896,0.0112313100,0.0125994013,0.0131250474,0.0136976301,0.0135922496,0.0143162752,0.0142525426
2011-02-15,0.0057516234,0.0065711977,0.0088671529,0.0109060240,0.0123868776,0.0138677628,0.0144184836,0.0150443785,0.0149291734,0.0154291466,0.0148688817
2011-02-14,0.0060919416,0.0069043190,0.0092054569,0.0112288145,0.0126345292,0.0140189164,0.0145621370,0.0151664728,0.0151181196,0.0156672199,0.0152631291
2011-02-11,0.0063996429,0.0070877374,0.0092121950,0.0110696185,0.0124412804,0.0137945899,0.0142712881,0.0148566545,0.0147718486,0.0152810370,0.0149139025
2011-02-10,0.0059098675,0.0068609069,0.0091281195,0.0111314007,0.0125207307,0.0139036426,0.0144470332,0.0150517306,0.0149279750,0.0154149703,0.0150718999
2011-02-09,0.0050326192,0.0056207177,0.0081656433,0.0103101292,0.0117382987,0.0132030131,0.0138107834,0.0144186874,0.0146057254,0.0151498933,0.0150266916
2011-02-08,0.0053814008,0.0071126249,0.0094491984,0.0115670713,0.0129695404,0.0143767390,0.0149681502,0.0155975150,0.0161157087,0.0165035487,0.0164988236
2011-02-07,0.0061861951,0.0067590877,0.0091237320,0.0112095925,0.0126612799,0.0141484152,0.0146911453,0.0153151519,0.0156360657,0.0158143281,0.0159461526
2011-02-04,0.0061108403,0.0071638532,0.0093781454,0.0113332182,0.0126945997,0.0140778052,0.0146223412,0.0152278532,0.0152699651,0.0154189907,0.0154507433
2011-02-03,0.0066353619,0.0071031331,0.0096394340,0.0116360077,0.0130169569,0.0144268958,0.0150031820,0.0156335713,0.0155751030,0.0157361833,0.0157395737
2011-02-02,0.0065961660,0.0076872802,0.0096913103,0.0113446388,0.0126830868,0.0140580472,0.0146333882,0.0152406953,0.0151761639,0.0153117163,0.0152908537
2011-02-01,0.0067162207,0.0075123842,0.0096863228,0.0115465760,0.0128852937,0.0142662207,0.0147870929,0.0153851633,0.0153124201,0.0154276256,0.0153822990
2011-01-31,0.0077364087,0.0081982928,0.0104247884,0.0123030254,0.0136221573,0.0149748044,0.0155334395,0.0161187016,0.0160345316,0.0161326206,0.0160598461
2011-01-28,0.0077525836,0.0086744390,0.0109901221,0.0129826797,0.0143357666,0.0157277493,0.0162795599,0.0168838819,0.0169826592,0.0169527693,0.0171391571
2011-01-27,0.0089666615,0.0095512702,0.0118782390,0.0138445893,0.0152535604,0.0167093374,0.0172975540,0.0178897258,0.0179173880,0.0175286210,0.0175595130
2011-01-26,0.0075360855,0.0083101937,0.0107395145,0.0127628115,0.0140404020,0.0153680003,0.0159339733,0.0164884856,0.0166605431,0.0167577673,0.0168952828
2011-01-25,0.0078116957,0.0082293964,0.0104893108,0.0123311189,0.0136081532,0.0149523103,0.0154802231,0.0160125502,0.0158837687,0.0160594323,0.0159585178
2011-01-24,0.0072816534,0.0078560258,0.0099550075,0.0115237486,0.0127914946,0.0141471513,0.0146960271,0.0152042799,0.0152171406,0.0153296942,0.0152659424
2011-01-21,0.0080313722,0.0087157205,0.0107560034,0.0124439598,0.0137533566,0.0151560760,0.0156921934,0.0162565444,0.0164160845,0.0164775950,0.0164441607
2011-01-20,0.0066614217,0.0082071616,0.0107120126,0.0129251951,0.0142518138,0.0156797423,0.0162695038,0.0167472744,0.0171013007,0.0171816368,0.0173414281
2011-01-19,0.0071280057,0.0085156922,0.0109836662,0.0130833135,0.0143758721,0.0157722692,0.0163512645,0.0168590996,0.0172234158,0.0172447923,0.0174487784
2011-01-18,0.0076411739,0.0092547587,0.0118021283,0.0140088761,0.0153006162,0.0166980536,0.0172962993,0.0178193649,0.0186855040,0.0186675997,0.0189830352
2011-01-17,0.0086172763,0.0099903786,0.0122879457,0.0143284218,0.0156846416,0.0171676134,0.0177316459,0.0183289613,0.0183825949,0.0182209676,0.0184115636
2011-01-14,0.0080619930,0.0099607336,0.0122841910,0.0143595401,0.0157195325,0.0171480906,0.0176893221,0.0183455971,0.0185766697,0.0183701914,0.0186498555
2011-01-13,0.0072854450,0.0094911622,0.0122692906,0.0143366179,0.0156814767,0.0170342188,0.0175814192,0.0181731504,0.0184801031,0.0181343725,0.0182999167
2011-01-12,0.0092345218,0.0104201624,0.0128799392,0.0149346078,0.0164205675,0.0178688039,0.0182960839,0.0188540406,0.0188000384,0.0185282205,0.0185862515
2011-01-11,0.0093822378,0.0113272420,0.0140270671,0.0161439106,0.0176208205,0.0191515361,0.0197267688,0.0205051991,0.0205077480,0.0194576433,0.0196934498
2011-01-10,0.0110700024,0.0128026312,0.0156279322,0.0177838404,0.0192745075,0.0207940050,0.0213681930,0.0221263549,0.0220496066,0.0206094313,0.0208697089
2011-01-07,0.0100567091,0.0116550223,0.0144650997,0.0166041650,0.0181665210,0.0196591904,0.0202089371,0.0209109404,0.0208692532,0.0202895565,0.0203162840
2011-01-06,0.0094250541,0.0109119239,0.0136319985,0.0156826407,0.0173201794,0.0186282179,0.0191640383,0.0198445368,0.0200463364,0.0195813455,0.0196348470
2011-01-05,0.0088431223,0.0100269532,0.0122692044,0.0142892425,0.0158186066,0.0170713910,0.0175945408,0.0181661881,0.0182785839,0.0183742158,0.0184348931
2011-01-04,0.0069883971,0.0089607775,0.0113624454,0.0132260980,0.0146501662,0.0159152791,0.0163510525,0.0168786069,0.0170790929,0.0171243217,0.0172251097
2011-01-03,0.0089445656,0.0100396904,0.0121658362,0.0136425701,0.0150830699,0.0165655732,0.0170179794,0.0175824726,0.0177808056,0.0175190409,0.0172675962
2010-12-31,0.0089445258,0.0100396518,0.0121654414,0.0136417489,0.0150909622,0.0165629521,0.0170139575,0.0175762426,0.0177671547,0.0174999991,0.0172470647
2010-12-30,0.0089445007,0.0100396495,0.0121658383,0.0136425609,0.0151018783,0.0165649728,0.0170167243,0.0175799482,0.0177834563,0.0175056432,0.0172751718
2010-12-29,0.0089444593,0.0098527007,0.0119822824,0.0135597465,0.0150363417,0.0165009239,0.0169520189,0.0175431588,0.0177673291,0.0174961560,0.0172504730
2010-12-28,0.0080568696,0.0094183744,0.0117396261,0.0135753929,0.0149883268,0.0163561138,0.0168010389,0.0173612276,0.0176710534,0.0175825214,0.0174854681
2010-12-27,0.0080570287,0.0094183289,0.0117385012,0.0135722192,0.0149919038,0.0163470613,0.0167867968,0.0173397596,0.0176552090,0.0175631759,0.0174608646
2010-12-24,0.0080567829,0.0094183589,0.0117394974,0.0135744935,0.0150049534,0.0163520955,0.0167942983,0.0173510252,0.0176496835,0.0175605182,0.0174541237
2010-12-23,0.0080553099,0.0094279980,0.0117539758,0.0135923357,0.0150346566,0.0163746281,0.0168170667,0.0173711697,0.0176590478,0.0175626379,0.0174528903
2010-12-22,0.0080523817,0.0094089657,0.0117350127,0.0135730587,0.0150259961,0.0163582970,0.0168036731,0.0173616721,0.0176519519,0.0175474201,0.0174382700
2010-12-21,0.0063422498,0.0088049319,0.0114532556,0.0136206428,0.0151724069,0.0165993618,0.0170940839,0.0177177617,0.0179318840,0.0178047533,0.0176155685
2010-12-20,0.0087968242,0.0094286587,0.0115205202,0.0134206624,0.0148370609,0.0160898724,0.0165723054,0.0171942924,0.0172583496,0.0173499645,0.0175601996
2010-12-17,0.0077536319,0.0088635382,0.0109145477,0.0128023143,0.0142552763,0.0155504999,0.0160583994,0.0167334048,0.0168008129,0.0171262906,0.0169154531
2010-12-16,0.0082994108,0.0085898058,0.0104380599,0.0119905338,0.0134649405,0.0147945813,0.0152895997,0.0159080278,0.0160614053,0.0161321405,0.0163683068
2010-12-15,0.0081744469,0.0084584886,0.0102982659,0.0118439027,0.0133203906,0.0146393628,0.0151344975,0.0157528121,0.0159258575,0.0160013447,0.0161919174
2010-12-14,0.0067210227,0.0080291464,0.0102161869,0.0122986037,0.0137724226,0.0150521563,0.0155693033,0.0162463331,0.0168994007,0.0171431271,0.0171287058
2010-12-13,0.0081406867,0.0089488261,0.0110446261,0.0130009685,0.0145032740,0.0157703381,0.0162945236,0.0169602671,0.0171176923,0.0175209751,0.0172640996
2010-12-10,0.0074964779,0.0086878183,0.0109204540,0.0130471807,0.0145821881,0.0158658772,0.0163956257,0.0170894058,0.0174853860,0.0178118823,0.0177283299
2010-12-09,0.0061864314,0.0080779959,0.0103224972,0.0125325636,0.0141126440,0.0154512276,0.0160155877,0.0167583856,0.0169217451,0.0170411636,0.0169054031
2010-12-08,0.0083029075,0.0086610666,0.0106392528,0.0125125185,0.0140238218,0.0152624737,0.0157409792,0.0164258004,0.0165394011,0.0166382994,0.0167971120
2010-12-07,0.0081034231,0.0085032548,0.0104719120,0.0123359149,0.0138462530,0.0150723447,0.0155487252,0.0162301583,0.0163680006,0.0164579123,0.0166774002
2010-12-06,0.0086021764,0.0088599326,0.0108433587,0.0127206952,0.0142569020,0.0154766836,0.0159560883,0.0166409407,0.0168757164,0.0169731526,0.0171591152
2010-12-03,0.0064301670,0.0077783607,0.0098524659,0.0117578415,0.0132726294,0.0144935748,0.0149332670,0.0156077359,0.0158134015,0.0159132372,0.0159677402
2010-12-02,0.0073005127,0.0084426087,0.0106407552,0.0122393593,0.0138821412,0.0152122752,0.0156337616,0.0162321220,0.0164309143,0.0165435195,0.0164765159
2010-12-01,0.0084623660,0.0095410748,0.0117980159,0.0135449378,0.0153153723,0.0167097060,0.0171850597,0.0178501543,0.0179615768,0.0178535592,0.0178093815
2010-11-30,0.0098433249,0.0112537034,0.0136011872,0.0151332097,0.0169213312,0.0182338959,0.0186617242,0.0192442127,0.0196306660,0.0192197233,0.0191706911
2010-11-29,0.0090409527,0.0095623122,0.0118652560,0.0144980222,0.0163031183,0.0176451288,0.0182265190,0.0189707111,0.0188521335,0.0187666298,0.0189369180
2010-11-26,0.0103319015,0.0104511943,0.0124846306,0.0143360014,0.0160113294,0.0171897573,0.0176927142,0.0183718548,0.0186825200,0.0187937595,0.0189516288
2010-11-25,0.0096999749,0.0103393311,0.0122349468,0.0139814859,0.0155573456,0.0166192503,0.0170953155,0.0177171562,0.0180159060,0.0181140157,0.0183571363
2010-11-24,0.0077982679,0.0085973035,0.0107285632,0.0135589497,0.0153402125,0.0166410689,0.0172599682,0.0179944855,0.0180406324,0.0179686065,0.0179114381
2010-11-23,0.0075975656,0.0086632499,0.0112627053,0.0131759281,0.0150683580,0.0165023550,0.0169767465,0.0176168327,0.0180663937,0.0180757097,0.0182243378
2010-11-22,0.0074897440,0.0080199803,0.0103701754,0.0124938278,0.0142387885,0.0155201748,0.0160426910,0.0167193988,0.0170271584,0.0170183426,0.0170769835
2010-11-19,0.0062574380,0.0072041955,0.0094908891,0.0119345497,0.0136269370,0.0148623426,0.0154158707,0.0160858056,0.0162683015,0.0162430844,0.0162218318
2010-11-18,0.0070278049,0.0073880321,0.0093535866,0.0112518045,0.0128649948,0.0140563464,0.0145989424,0.0152040354,0.0152698983,0.0152304815,0.0151384888
2010-11-17,0.0070281530,0.0073502305,0.0093389430,0.0112490477,0.0128791888,0.0140966283,0.0146418384,0.0152608026,0.0153685372,0.0153286344,0.0152331258
2010-11-16,0.0075023801,0.0078041986,0.0098014124,0.0116800520,0.0133131610,0.0145127650,0.0150316270,0.0156585029,0.0157074634,0.0156619996,0.0155578293
2010-11-15,0.0069391238,0.0074906700,0.0093513233,0.0111546432,0.0127279338,0.0138954078,0.0144424410,0.0150491701,0.0150803840,0.0150427758,0.0149534933
2010-11-12,0.0072040926,0.0077467153,0.0097345559,0.0116661539,0.0132240690,0.0143480295,0.0149234558,0.0155110456,0.0155519296,0.0154945488,0.0153657093
2010-11-11,0.0079694991,0.0084636662,0.0104823005,0.0124418878,0.0140380994,0.0151669651,0.0157495023,0.0163429871,0.0163828457,0.0163130555,0.0163828601
2010-11-10,0.0074703863,0.0077322315,0.0097418400,0.0116536607,0.0132943937,0.0145285285,0.0150777120,0.0157151306,0.0154809495,0.0154297355,0.0156897805
2010-11-09,0.0071525561,0.0073541959,0.0093225389,0.0112125941,0.0127854419,0.0139717532,0.0145211447,0.0151419305,0.0152189697,0.0151744059,0.0150710805
2010-11-08,0.0072019430,0.0073954829,0.0093684511,0.0112628673,0.0128378257,0.0140293673,0.0145806421,0.0152035124,0.0152611438,0.0152159081,0.0151108264
2010-11-05,0.0062053849,0.0070376139,0.0089902146,0.0109079120,0.0123849180,0.0134873720,0.0140699708,0.0146302646,0.0147816877,0.0147347714,0.0146258015
2010-11-04,0.0055685030,0.0064615642,0.0084917118,0.0104153987,0.0119617515,0.0131818065,0.0137261685,0.0143275432,0.0143932376,0.0143511019,0.0142527605
2010-11-03,0.0068032400,0.0070294310,0.0089850129,0.0108626772,0.0124146503,0.0136198391,0.0141664290,0.0147819244,0.0147649734,0.0147253895,0.0146324821
2010-11-02,0.0064036217,0.0066698938,0.0085613557,0.0103919456,0.0119042764,0.0130956663,0.0136392782,0.0142522895,0.0142080317,0.0141727358,0.0140906151
2010-11-01,0.0060040748,0.0064920862,0.0082996206,0.0100787684,0.0115527285,0.0127220975,0.0132784832,0.0138803187,0.0139150082,0.0138869308,0.0138176515
2010-10-29,0.0051284851,0.0055836198,0.0077654612,0.0094590971,0.0109138510,0.0121026924,0.0125811059,0.0132155558,0.0133429543,0.0142201465,0.0140927581
2010-10-28,0.0053544059,0.0058927009,0.0076754717,0.0094487705,0.0108835960,0.0120537934,0.0126178827,0.0132113220,0.0133248878,0.0133013076,0.0132437300
2010-10-27,0.0049019626,0.0052605699,0.0074447973,0.0091577276,0.0105873077,0.0117737866,0.0122479521,0.0128630360,0.0129669048,0.0136346135,0.0134709325
2010-10-26,0.0047025280,0.0050282515,0.0072044853,0.0089440258,0.0103617436,0.0115516506,0.0120478184,0.0126458713,0.0127058768,0.0134439286,0.0132782662
2010-10-25,0.0044200464,0.0052418735,0.0070180557,0.0088053633,0.0102089058,0.0113946530,0.0118762207,0.0124164659,0.0125030066,0.0124399607,0.0124503099
2010-10-22,0.0042267668,0.0056743249,0.0074994412,0.0093532090,0.0107564704,0.0119137234,0.0123668684,0.0128479116,0.0129856626,0.0129338025,0.0129229256
2010-10-21,0.0041042685,0.0050012332,0.0072785288,0.0091921637,0.0106343962,0.0118537317,0.0122978441,0.0128743439,0.0130681366,0.0133077904,0.0138471143
2010-10-20,0.0067124436,0.0072056617,0.0085296862,0.0098605278,0.0111312887,0.0121120176,0.0124428805,0.0128228215,0.0126964709,0.0126797874,0.0126414524
2010-10-19,0.0046272473,0.0053617595,0.0071546785,0.0090300979,0.0104613090,0.0116864860,0.0121555110,0.0127457176,0.0128697917,0.0132552280,0.0128329675
2010-10-18,0.0044767397,0.0051886583,0.0073437479,0.0091786104,0.0106128380,0.0118377475,0.0122869889,0.0128831792,0.0129286171,0.0139230626,0.0134551992
2010-10-15,0.0038736214,0.0050207366,0.0071237055,0.0089394967,0.0103380271,0.0115378208,0.0119798975,0.0125314268,0.0125259514,0.0132277297,0.0134493120
2010-10-14,0.0047885321,0.0054800915,0.0070590811,0.0087049113,0.0100997872,0.0113135841,0.0117947254,0.0123900528,0.0124659173,0.0124592006,0.0124154730
2010-10-13,0.0041373078,0.0047496680,0.0066796512,0.0081408830,0.0094977710,0.0107026315,0.0111450095,0.0117152292,0.0118333940,0.0131858380,0.0125580087
2010-10-12,0.0055653682,0.0063571817,0.0075283016,0.0087461833,0.0100667868,0.0111959372,0.0116602452,0.0121337092,0.0120406932,0.0120243645,0.0119847704
2010-10-11,0.0049303291,0.0056036620,0.0071668708,0.0085710336,0.0099395617,0.0111423590,0.0115816535,0.0121079759,0.0120712242,0.0119228222,0.0120354638
2010-10-08,0.0066572599,0.0069266084,0.0082285009,0.0093978689,0.0107025903,0.0117869892,0.0121953936,0.0126704584,0.0126568243,0.0125960287,0.0126058854
2010-10-07,0.0074550939,0.0078866252,0.0088899391,0.0099742481,0.0110917244,0.0119330382,0.0122687179,0.0127396761,0.0127897488,0.0130778682,0.0129822433
2010-10-06,0.0068973651,0.0074188102,0.0085783127,0.0097802477,0.0110219389,0.0120220295,0.0123494434,0.0127295705,0.0128436537,0.0134936542,0.0132866484
2010-10-05,0.0075654331,0.0079683232,0.0091237155,0.0102868891,0.0114848321,0.0124152503,0.0127602479,0.0132436604,0.0134043375,0.0133870819,0.0133442706
2010-10-04,0.0064668561,0.0076222150,0.0089558100,0.0102435930,0.0114488165,0.0123947478,0.0127968815,0.0132200898,0.0132781455,0.0132575451,0.0132084904
2010-10-01,0.0077145865,0.0081760399,0.0093810223,0.0105741273,0.0117728024,0.0127017216,0.0130968078,0.0134740537,0.0134297211,0.0134053392,0.0133490091
2010-09-30,0.0074147503,0.0086189904,0.0098894093,0.0111721276,0.0123653491,0.0132679210,0.0136482376,0.0140447202,0.0140163858,0.0140259914,0.0139387496
2010-09-29,0.0081616217,0.0088643822,0.0101837592,0.0115090314,0.0127743480,0.0137512854,0.0141830624,0.0146276968,0.0146168278,0.0146634907,0.0145427534
2010-09-28,0.0081124749,0.0090563648,0.0104295233,0.0117478008,0.0129847800,0.0139250190,0.0143376847,0.0147697018,0.0147717475,0.0148681739,0.0147399337
2010-09-27,0.0077139084,0.0086763474,0.0100982187,0.0114456430,0.0126551245,0.0135817088,0.0139971855,0.0144915444,0.0145063378,0.0146495762,0.0145174917
2010-09-24,0.0075645075,0.0087927022,0.0100648834,0.0113705598,0.0125703578,0.0134944064,0.0138810378,0.0142650577,0.0142922175,0.0144813285,0.0143450994
2010-09-23,0.0082379054,0.0089256768,0.0102247307,0.0115634172,0.0128136752,0.0137936807,0.0142155696,0.0146692670,0.0147101622,0.0149543578,0.0148078346
2010-09-22,0.0088208819,0.0090051632,0.0101963795,0.0114298822,0.0126369997,0.0135782477,0.0139934285,0.0143620475,0.0144147919,0.0147028050,0.0145530028
2010-09-21,0.0083332877,0.0088122029,0.0099856813,0.0111718633,0.0123229790,0.0132154490,0.0135375374,0.0139496276,0.0140274596,0.0146573571,0.0142962063
2010-09-20,0.0081996068,0.0085664317,0.0097331855,0.0107809358,0.0119308849,0.0128423221,0.0131567927,0.0135175037,0.0133919459,0.0133704750,0.0133228198
2010-09-17,0.0073124631,0.0082874219,0.0093226701,0.0104682932,0.0115555309,0.0124118702,0.0127382100,0.0130881999,0.0130411290,0.0133177539,0.0132154416
2010-09-16,0.0076556051,0.0080729989,0.0091686944,0.0103367698,0.0114464894,0.0123387641,0.0126811592,0.0130477952,0.0130755656,0.0136580572,0.0134971164
2010-09-15,0.0082993933,0.0084123323,0.0093936509,0.0104628600,0.0115176131,0.0123471020,0.0126267492,0.0129350842,0.0129696744,0.0136113454,0.0134408140
2010-09-14,0.0081244230,0.0082592627,0.0093897889,0.0104002925,0.0115171755,0.0124255460,0.0127184947,0.0130618217,0.0131326798,0.0135518067,0.0134316285
2010-09-13,0.0072752637,0.0079149792,0.0089959996,0.0100560397,0.0111272262,0.0120003663,0.0123048460,0.0126335765,0.0125908817,0.0125718114,0.0125316754
2010-09-10,0.0086841742,0.0087104910,0.0097794320,0.0107880545,0.0119071134,0.0128143354,0.0130822177,0.0134524018,0.0134307031,0.0139139674,0.0137686346
2010-09-09,0.0083493398,0.0087761699,0.0098468909,0.0108608320,0.0119606579,0.0128484836,0.0131256588,0.0134302567,0.0134102938,0.0133826575,0.0133221689
2010-09-08,0.0092927523,0.0094682854,0.0104284123,0.0112523332,0.0124350633,0.0134102488,0.0137352135,0.0141033190,0.0141947855,0.0141402151,0.0141195999
2010-09-07,0.0089919825,0.0092626595,0.0102594336,0.0112749712,0.0124109576,0.0133369692,0.0136142980,0.0139703975,0.0139498385,0.0138681813,0.0138841644
2010-09-06,0.0080994223,0.0083615679,0.0094559094,0.0104167623,0.0115033695,0.0124067486,0.0126858656,0.0130182410,0.0129989001,0.0129802857,0.0129382227
2010-09-03,0.0080731051,0.0084946442,0.0094767870,0.0102244450,0.0113703064,0.0123544604,0.0126487557,0.0130353951,0.0129250130,0.0130175860,0.0128659803
2010-09-02,0.0089165483,0.0089222828,0.0100915738,0.0111116826,0.0121973574,0.0130872815,0.0133855305,0.0137242352,0.0136451320,0.0139570930,0.0138682393
2010-09-01,0.0097995445,0.0097471865,0.0109178524,0.0119356795,0.0130344017,0.0139191085,0.0142192498,0.0145512942,0.0145774918,0.0145020746,0.0144823514
2010-08-31,0.0102782092,0.0103524477,0.0116250130,0.0126639819,0.0137681856,0.0146432707,0.0149108337,0.0152269184,0.0152112705,0.0152480347,0.0152112300
2010-08-30,0.0100116022,0.0102113082,0.0113482085,0.0124684425,0.0136340106,0.0145904466,0.0148676236,0.0152366835,0.0151780577,0.0153308291,0.0152776872
2010-08-27,0.0100115966,0.0102113028,0.0113483020,0.0124690927,0.0136333026,0.0145941706,0.0148749928,0.0152509945,0.0152124183,0.0153670086,0.0153530735
2010-08-26,0.0099126924,0.0102169913,0.0112010183,0.0120434797,0.0132199566,0.0142134265,0.0145147707,0.0149031187,0.0148091108,0.0147302116,0.0147135194
2010-08-25,0.0098328683,0.0096441151,0.0108336190,0.0119363116,0.0130713744,0.0140262529,0.0143378713,0.0146356514,0.0145577797,0.0147577101,0.0147336608
2010-08-24,0.0089550942,0.0091549606,0.0102856399,0.0114290663,0.0125549495,0.0135197008,0.0138026980,0.0141841655,0.0141391775,0.0144689721,0.0144331469
2010-08-23,0.0088662641,0.0089762401,0.0101075859,0.0110861549,0.0121747940,0.0131119953,0.0134128061,0.0136913824,0.0136789684,0.0136567568,0.0136061147
2010-08-20,0.0088197123,0.0090385786,0.0100937801,0.0110146646,0.0121745022,0.0132018932,0.0135243303,0.0138806022,0.0138368670,0.0137008544,0.0137849631
2010-08-19,0.0085377818,0.0086412609,0.0097508599,0.0105683801,0.0116433171,0.0125900858,0.0129192426,0.0133831465,0.0134632049,0.0145895599,0.0141561001
2010-08-18,0.0080816667,0.0086496403,0.0094925265,0.0103742752,0.0114613543,0.0124330122,0.0127648548,0.0131742202,0.0133276946,0.0144768547,0.0140745847
2010-08-17,0.0082346767,0.0086565779,0.0097833319,0.0107642732,0.0117889949,0.0126826406,0.0129786251,0.0135144225,0.0134686497,0.0144863949,0.0137488222
2010-08-16,0.0084947782,0.0094369786,0.0104299649,0.0114559957,0.0124690184,0.0133367839,0.0136275834,0.0139605615,0.0140066296,0.0149365103,0.0141241800
2010-08-13,0.0083275045,0.0091428321,0.0101979885,0.0112576009,0.0123010435,0.0132140539,0.0134814654,0.0137760092,0.0137340100,0.0146604750,0.0138714862
2010-08-12,0.0084695680,0.0092385524,0.0102281380,0.0111870921,0.0123108094,0.0133239380,0.0135739433,0.0138668379,0.0139628499,0.0149099799,0.0140516839
2010-08-11,0.0085921084,0.0088865771,0.0099221455,0.0108099360,0.0119331465,0.0129611045,0.0131824175,0.0135514125,0.0133456652,0.0144805200,0.0140987201
2010-08-10,0.0078812111,0.0080912660,0.0091918830,0.0101838387,0.0112164994,0.0121600943,0.0125160400,0.0128102879,0.0127538104,0.0139755703,0.0134150397
2010-08-09,0.0058307700,0.0075702312,0.0085733160,0.0095346794,0.0105876439,0.0115772370,0.0119064964,0.0122042300,0.0121896400,0.0137768397,0.0131481803
2010-08-06,0.0074750836,0.0076841037,0.0086016555,0.0095694120,0.0106233762,0.0116179855,0.0119461053,0.0122998356,0.0116874649,0.0132816950,0.0126499851
2010-08-05,0.0056686450,0.0073211251,0.0084366063,0.0093164452,0.0103752029,0.0113870836,0.0116885060,0.0118712026,0.0117699200,0.0133925101,0.0127007152
2010-08-04,0.0053436800,0.0070100351,0.0082225278,0.0090350309,0.0100640163,0.0110525161,0.0112700713,0.0115686850,0.0112175199,0.0130265050,0.0122662801
2010-08-03,0.0052939500,0.0068490415,0.0079899294,0.0087618112,0.0098356195,0.0108902104,0.0111560891,0.0113427826,0.0112851399,0.0130945599,0.0123321301
2010-08-02,0.0057435950,0.0073581033,0.0084658137,0.0094200922,0.0104229105,0.0113796308,0.0116911589,0.0118865596,0.0120709401,0.0134990849,0.0127750852
2010-07-30,0.0087767244,0.0077401216,0.0089491989,0.0099444594,0.0109479298,0.0118978019,0.0121731049,0.0124499057,0.0124939651,0.0138223299,0.0131714898
2010-07-29,0.0067768039,0.0077188002,0.0089440266,0.0098263167,0.0108443695,0.0118189894,0.0120946787,0.0123289638,0.0121519551,0.0135690052,0.0128793651
2010-07-28,0.0069006001,0.0079217669,0.0090367723,0.0099429936,0.0109726479,0.0119631844,0.0122264594,0.0124283164,0.0120705999,0.0135076000,0.0128398500
2010-07-27,0.0068639539,0.0072422047,0.0082346973,0.0090858290,0.0100957993,0.0110875739,0.0113947022,0.0116865355,0.0119452948,0.0134809598,0.0125401001
2010-07-26,0.0074733385,0.0080243833,0.0091066831,0.0099597143,0.0109548671,0.0119142196,0.0120963729,0.0124399290,0.0127151297,0.0139312852,0.0131190502
2010-07-23,0.0086389249,0.0090736312,0.0101107976,0.0110470623,0.0119776574,0.0128461743,0.0131911464,0.0133481795,0.0134349598,0.0144549554,0.0137623246
2010-07-22,0.0088935817,0.0093584346,0.0103464297,0.0112134413,0.0121968540,0.0131284110,0.0135523946,0.0137556344,0.0140466798,0.0149130297,0.0142509329
2010-07-21,0.0091996365,0.0097153263,0.0106120745,0.0113867169,0.0124323120,0.0134381441,0.0136921938,0.0139963262,0.0139094199,0.0146550197,0.0141919700
2010-07-20,0.0107042672,0.0102892790,0.0110552127,0.0118630925,0.0128154650,0.0137114514,0.0141007599,0.0142701444,0.0145129951,0.0157853099,0.0146562248
2010-07-19,0.0094542108,0.0100935439,0.0108336370,0.0116259560,0.0126126418,0.0135573449,0.0140098751,0.0142232113,0.0146156799,0.0159154399,0.0149940000
2010-07-16,0.0091495776,0.0101822329,0.0109603823,0.0115942033,0.0125550717,0.0134761944,0.0138101704,0.0141182777,0.0140439397,0.0155773597,0.0170095051
2010-07-15,0.0087919962,0.0096704053,0.0102806126,0.0112429215,0.0122060605,0.0131407524,0.0133750680,0.0136902105,0.0138472103,0.0154775497,0.0169512653
2010-07-14,0.0085919785,0.0095558399,0.0103105016,0.0111287053,0.0120884344,0.0130263408,0.0132752934,0.0134735768,0.0137573752,0.0154064153,0.0168359203
2010-07-13,0.0063737150,0.0097405101,0.0103719018,0.0112916309,0.0121973907,0.0130762360,0.0133970910,0.0136002592,0.0134135797,0.0152896247,0.0167734600
2010-07-12,0.0065693551,0.0098236640,0.0105525553,0.0114159326,0.0122739985,0.0131022197,0.0132714428,0.0136115078,0.0138641053,0.0156261550,0.0169883152
2010-07-09,0.0066298200,0.0097740000,0.0098449900,0.0107215928,0.0116253914,0.0125204111,0.0127827278,0.0129302113,0.0140659097,0.0155238052,0.0165808902
2010-07-08,0.0074290000,0.0101329097,0.0108971913,0.0115723056,0.0124758204,0.0133647133,0.0134645313,0.0137346044,0.0144224097,0.0156717552,0.0158802484
2010-07-07,0.0089941151,0.0109215991,0.0117313755,0.0125239509,0.0134695927,0.0144008285,0.0146255033,0.0148216567,0.0149316597,0.0158916052,0.0162080251
2010-07-06,0.0103499833,0.0108621149,0.0116768456,0.0124664322,0.0133818063,0.0142851825,0.0145532013,0.0149258120,0.0147788597,0.0158239552,0.0161973284
2010-07-05,0.0088655400,0.0113320432,0.0121991893,0.0130121087,0.0138942634,0.0147604792,0.0150461329,0.0151714411,0.0155073250,0.0162358103,0.0165957800
2010-07-02,0.0084289852,0.0123950378,0.0130639520,0.0137100881,0.0146906276,0.0156673710,0.0158391105,0.0160019691,0.0158836548,0.0162997502,0.0166317980
2010-07-01,0.0088193751,0.0120359289,0.0131055569,0.0138763848,0.0148501975,0.0158242228,0.0159295780,0.0161102835,0.0167146948,0.0170265100,0.0171444082
2010-06-30,0.0088331052,0.0121775286,0.0131051013,0.0141394002,0.0150916958,0.0160456735,0.0163166940,0.0165825745,0.0169450013,0.0171710779,0.0173648750
2010-06-29,0.0091041800,0.0130435511,0.0138790594,0.0144975378,0.0155279155,0.0165738540,0.0170325011,0.0173553393,0.0173382347,0.0173491152,0.0173621758
2010-06-28,0.0086135946,0.0123289570,0.0131638417,0.0141009269,0.0150204107,0.0159509289,0.0161492846,0.0162931942,0.0162829253,0.0165557099,0.0167770514
2010-06-25,0.0087868950,0.0130039742,0.0139749548,0.0149823761,0.0158362419,0.0166944522,0.0168724144,0.0171031373,0.0163310997,0.0166149999,0.0167123778
2010-06-24,0.0094039469,0.0125853959,0.0134794829,0.0143528756,0.0153535600,0.0163872646,0.0166610220,0.0169949820,0.0161996703,0.0169052447,0.0170195800
2010-06-23,0.0089789607,0.0121257833,0.0129713173,0.0137448848,0.0146375259,0.0155596578,0.0157207378,0.0159467228,0.0156801302,0.0166273449,0.0166673871
2010-06-22,0.0085426440,0.0111139647,0.0119480775,0.0127672250,0.0136470969,0.0145669429,0.0148176380,0.0152706425,0.0146921899,0.0159225953,0.0162402925
2010-06-21,0.0081049353,0.0106007642,0.0110784436,0.0117456635,0.0125761043,0.0134517156,0.0137461333,0.0139711692,0.0143479699,0.0154446849,0.0158611559
2010-06-18,0.0086127499,0.0109772793,0.0116561135,0.0125151135,0.0133295404,0.0141885207,0.0143227678,0.0147121717,0.0150663598,0.0157917601,0.0166780349
2010-06-17,0.0091366485,0.0122655492,0.0131774273,0.0139847553,0.0146499711,0.0153440078,0.0155286011,0.0158178344,0.0160882449,0.0164016550,0.0173882698
2010-06-16,0.0098859758,0.0128777693,0.0139689522,0.0147798093,0.0155789300,0.0164249917,0.0165287553,0.0167657613,0.0173907802,0.0172540497,0.0186142851
2010-06-15,0.0099025601,0.0134735441,0.0143227079,0.0152263066,0.0160620615,0.0169545130,0.0173676473,0.0177949633,0.0179761198,0.0176526898,0.0185985050
2010-06-14,0.0102510150,0.0130420183,0.0139920015,0.0148120706,0.0157481421,0.0167609561,0.0169907033,0.0173231807,0.0181505003,0.0178779900,0.0183903948
2010-06-11,0.0112510000,0.0136227089,0.0144535617,0.0153400792,0.0161149007,0.0169536092,0.0171445122,0.0174674067,0.0181505003,0.0178779900,0.0179777172
2010-06-10,0.0145524048,0.0150960972,0.0160594781,0.0170073646,0.0178782694,0.0188289899,0.0189952373,0.0193207633,0.0195735952,0.0192514560,0.0189081400
2010-06-09,0.0164633432,0.0165756032,0.0174356320,0.0183123366,0.0191806991,0.0201361660,0.0203409776,0.0205289965,0.0206203136,0.0206591747,0.0206248706
2010-06-08,0.0179939693,0.0180186255,0.0189636398,0.0200310500,0.0210311131,0.0221231537,0.0224062316,0.0228890553,0.0228677750,0.0215729758,0.0230236100
2010-06-07,0.0116255041,0.0157355056,0.0170843794,0.0181025428,0.0190133546,0.0200004010,0.0203714911,0.0208570528,0.0203368971,0.0194141703,0.0213190800
2010-06-04,0.0111180814,0.0161740567,0.0170213013,0.0179490413,0.0186763812,0.0194553722,0.0200748017,0.0204740142,0.0196152302,0.0185032651,0.0210729246
2010-06-03,0.0105786912,0.0139097164,0.0149722240,0.0159574571,0.0168981915,0.0179079827,0.0181051242,0.0188894161,0.0184196550,0.0176723951,0.0197961002
2010-06-02,0.0105786862,0.0146405188,0.0156868017,0.0166306569,0.0175540560,0.0185357433,0.0187998417,0.0194389195,0.0192137702,0.0184838401,0.0201357099
2010-06-01,0.0101661708,0.0139202784,0.0152003042,0.0161604417,0.0171272768,0.0181519133,0.0184093992,0.0189886993,0.0189993103,0.0186341947,0.0195998353
2010-05-31,0.0098193629,0.0130485063,0.0138491101,0.0148218087,0.0156712416,0.0165630063,0.0177824867,0.0183881300,0.0184625766,0.0183691446,0.0189975221
2010-05-28,0.0098194079,0.0130485063,0.0138492430,0.0148223050,0.0156752050,0.0165645188,0.0177859567,0.0183925767,0.0185314520,0.0187038021,0.0190197218
2010-05-27,0.0100812379,0.0134959753,0.0144714020,0.0155385040,0.0166097524,0.0177345340,0.0179795683,0.0184586533,0.0186628951,0.0191083546,0.0191057367
2010-05-26,0.0105668399,0.0143712404,0.0154300273,0.0163469038,0.0171394646,0.0179430479,0.0183721783,0.0188457417,0.0189883498,0.0192941151,0.0193463966
2010-05-25,0.0111523800,0.0153848425,0.0164438580,0.0171349250,0.0181887099,0.0192705167,0.0196243667,0.0200532217,0.0207278302,0.0207465449,0.0202019563
2010-05-24,0.0102230660,0.0138275735,0.0150047700,0.0158961795,0.0168782153,0.0178799629,0.0182897981,0.0187491716,0.0183756950,0.0189919747,0.0187111046
2010-05-21,0.0103534358,0.0140341952,0.0153292307,0.0163477066,0.0172651554,0.0181854910,0.0185198387,0.0189839140,0.0188284148,0.0196087603,0.0189725378
2010-05-20,0.0101842508,0.0134933610,0.0146966333,0.0158253644,0.0168759071,0.0179413852,0.0183524204,0.0188032490,0.0194976046,0.0203584647,0.0195511584
2010-05-19,0.0094526148,0.0128828212,0.0141875248,0.0149796008,0.0160026117,0.0170369357,0.0174020733,0.0178667234,0.0181516401,0.0195976552,0.0184582307
2010-05-18,0.0089809032,0.0121032006,0.0132287863,0.0142900840,0.0152080984,0.0161235100,0.0164119620,0.0167208475,0.0170840252,0.0188483347,0.0175659627
2010-05-17,0.0091228013,0.0120767094,0.0135990650,0.0144412443,0.0154066557,0.0163678350,0.0167854750,0.0172618763,0.0174702453,0.0194304601,0.0173438080
2010-05-14,0.0089073837,0.0122351927,0.0129090690,0.0138496022,0.0149356560,0.0160333753,0.0164717174,0.0169816848,0.0169581252,0.0191514798,0.0169217804
2010-05-13,0.0082095561,0.0106205322,0.0116429999,0.0125531933,0.0135326157,0.0145163519,0.0148987265,0.0153895996,0.0155402700,0.0179016250,0.0157335368
2010-05-12,0.0084023151,0.0093583744,0.0112898850,0.0121407175,0.0130463202,0.0139448700,0.0142898700,0.0147786950,0.0147841747,0.0171308651,0.0156266800
2010-05-11,0.0093023024,0.0111874073,0.0122994889,0.0132721670,0.0142790997,0.0152748561,0.0157851365,0.0161890078,0.0163953402,0.0179630747,0.0168124999
2010-05-10,0.0101195251,0.0111562521,0.0123006593,0.0129758186,0.0141045992,0.0152383731,0.0156423498,0.0161364338,0.0166621447,0.0177236203,0.0175673229
2010-05-07,0.0141228297,0.0188147967,0.0196083550,0.0203050020,0.0213877736,0.0223828067,0.0229359600,0.0234946375,0.0231255000,0.0236089667,0.0233641133
2010-05-06,0.0122963100,0.0177126165,0.0175851269,0.0185830076,0.0197379347,0.0208213260,0.0213063588,0.0222063540,0.0223760333,0.0209597698,0.0223160062
2010-05-05,0.0098073196,0.0113853861,0.0137337495,0.0153122533,0.0164793362,0.0176074252,0.0181121610,0.0184924983,0.0184423648,0.0175764274,0.0187873415
2010-05-04,0.0082633288,0.0108640677,0.0120140340,0.0129377650,0.0139769630,0.0149849900,0.0155219567,0.0161031520,0.0153971552,0.0149068797,0.0159466547
2010-05-03,0.0073198204,0.0090607449,0.0100871242,0.0110222337,0.0120702987,0.0131126678,0.0135068771,0.0140828022,0.0138961198,0.0139287398,0.0145476363
2010-04-30,0.0073198204,0.0090607449,0.0100871242,0.0110222337,0.0120725981,0.0131126678,0.0135068771,0.0140828022,0.0138961198,0.0139287398,0.0145513363
2010-04-29,0.0072678702,0.0094152223,0.0104117933,0.0114617333,0.0125488174,0.0136191200,0.0142001375,0.0145750533,0.0142784797,0.0140929811,0.0148164345
2010-04-28,0.0084571914,0.0107619008,0.0117455072,0.0125992754,0.0136731616,0.0147034965,0.0152492260,0.0157985157,0.0159079451,0.0154164252,0.0162168479
2010-04-27,0.0075371851,0.0091255441,0.0101823967,0.0112435227,0.0123192921,0.0133700171,0.0138380104,0.0143982289,0.0137338749,0.0139483549,0.0142069700
2010-04-26,0.0072334148,0.0079020257,0.0087777306,0.0097507014,0.0108501600,0.0119545667,0.0125174953,0.0130939150,0.0132692952,0.0136263253,0.0136302346
2010-04-23,0.0063105508,0.0075704818,0.0082222724,0.0091136842,0.0102976841,0.0115164100,0.0119204360,0.0125047700,0.0126013400,0.0132097699,0.0128950930
2010-04-22,0.0053433250,0.0064950727,0.0076179296,0.0085150404,0.0097765167,0.0111057552,0.0116309800,0.0123102125,0.0129820697,0.0132799099,0.0135146801
2010-04-21,0.0040822500,0.0057542562,0.0065759969,0.0073983227,0.0085717050,0.0098220521,0.0103129948,0.0108686684,0.0114584949,0.0122798351,0.0115275831
2010-04-20,0.0050723371,0.0053254200,0.0062882915,0.0071086515,0.0082519051,0.0094701497,0.0100230274,0.0105467604,0.0108327699,0.0117684701,0.0110077331
2010-04-19,0.0035503949,0.0053467920,0.0063683044,0.0072780051,0.0083889056,0.0095558304,0.0099707789,0.0106432708,0.0106681552,0.0124895500,0.0109227084
2010-04-16,0.0033907351,0.0047366165,0.0057208874,0.0067135194,0.0078095375,0.0089743935,0.0095062163,0.0100866624,0.0100358400,0.0120148099,0.0103975465
2010-04-15,0.0032329800,0.0046408192,0.0056313854,0.0066479680,0.0077105995,0.0088313411,0.0093473770,0.0099653133,0.0099075151,0.0118038800,0.0104879300
2010-04-14,0.0047611689,0.0047007331,0.0056312667,0.0065712765,0.0076179798,0.0087177364,0.0091700814,0.0098376885,0.0097995151,0.0115591350,0.0102775470
2010-04-13,0.0045154776,0.0044257093,0.0054321160,0.0064064727,0.0074853824,0.0086301310,0.0090979249,0.0095876597,0.0097463501,0.0110484899,0.0104821100
2010-04-12,0.0044747046,0.0047857968,0.0056496535,0.0066267092,0.0077096242,0.0088473143,0.0093513919,0.0099908312,0.0101011751,0.0112788550,0.0104310477
2010-04-09,0.0047410397,0.0048155139,0.0059542553,0.0069084995,0.0079880394,0.0091069756,0.0095583439,0.0102181220,0.0102121252,0.0112641450,0.0105307217
2010-04-08,0.0049536843,0.0051653814,0.0061445532,0.0070422001,0.0081836144,0.0093733323,0.0097834556,0.0104327978,0.0103431752,0.0113098450,0.0106341384
2010-04-07,0.0048260975,0.0050453447,0.0058222458,0.0066665966,0.0077463834,0.0088683006,0.0093607058,0.0101236168,0.0100293502,0.0111751950,0.0103651050
2010-04-06,0.0048260975,0.0048083736,0.0055823503,0.0064919217,0.0075155482,0.0085689817,0.0090985339,0.0098503965,0.0098466252,0.0111102450,0.0101617150
2010-04-05,0.0048417075,0.0045631302,0.0054908418,0.0063970783,0.0074562064,0.0085559825,0.0090429723,0.0096069577,0.0098832901,0.0111488952,0.0101870942
2010-04-02,0.0048417075,0.0045631302,0.0054909363,0.0063971525,0.0074576891,0.0085560265,0.0090430065,0.0096069723,0.0098832901,0.0111488952,0.0101870708
2010-04-01,0.0048417075,0.0045633158,0.0054911658,0.0063973178,0.0074592272,0.0085560747,0.0090430033,0.0096069209,0.0098832901,0.0111488952,0.0101870775
2010-03-31,0.0049664622,0.0045658451,0.0055143658,0.0064326338,0.0074714728,0.0085338104,0.0089599992,0.0096335668,0.0100534149,0.0113413749,0.0103236507
2010-03-30,0.0049749772,0.0045399693,0.0054629271,0.0063567426,0.0073858456,0.0084356734,0.0088894294,0.0094372170,0.0099214450,0.0112641349,0.0102156386
2010-03-29,0.0044327474,0.0046024841,0.0054978316,0.0063095957,0.0073562241,0.0084274630,0.0088971744,0.0094873985,0.0099164251,0.0112088249,0.0102402821
2010-03-26,0.0048398973,0.0041489440,0.0053766505,0.0062596885,0.0073733707,0.0085310494,0.0089720667,0.0095497134,0.0101963600,0.0113325699,0.0104285000
2010-03-25,0.0052020559,0.0047609678,0.0057432265,0.0066527162,0.0077068789,0.0087662866,0.0092906308,0.0098408872,0.0102915798,0.0114254849,0.0104862661
2010-03-24,0.0048046867,0.0046946597,0.0056485511,0.0064845124,0.0075586337,0.0086477161,0.0091565563,0.0096627378,0.0100982802,0.0113325551,0.0103495774
2010-03-23,0.0046415952,0.0048420036,0.0058095128,0.0066321798,0.0077433038,0.0088699875,0.0092641147,0.0098889299,0.0101127303,0.0114341902,0.0105240686
2010-03-22,0.0042578267,0.0047420337,0.0059616256,0.0067717109,0.0078748687,0.0089815128,0.0095180069,0.0100786787,0.0101390311,0.0114726500,0.0106131515
2010-03-19,0.0040599723,0.0048274582,0.0055301840,0.0064943726,0.0075617966,0.0086319437,0.0091079819,0.0098007022,0.0100165550,0.0112913649,0.0103013001
2010-03-18,0.0056524723,0.0046054210,0.0054039982,0.0063118577,0.0073636932,0.0084190781,0.0088915794,0.0094868254,0.0097916207,0.0112338151,0.0101781124
2010-03-17,0.0031836451,0.0044525495,0.0051213048,0.0060924384,0.0071568722,0.0082360751,0.0086515229,0.0093282113,0.0100158600,0.0110792999,0.0100267257
2010-03-16,0.0040667290,0.0046865153,0.0054747952,0.0063872383,0.0074554879,0.0085219406,0.0090078840,0.0097084134,0.0097084360,0.0109202151,0.0100242102
2010-03-15,0.0051340162,0.0048750909,0.0056889127,0.0065310725,0.0075615130,0.0085697259,0.0090135564,0.0096322265,0.0098215610,0.0110323149,0.0101579809
2010-03-12,0.0056959723,0.0044567065,0.0054204543,0.0063620697,0.0073860796,0.0083906987,0.0088390010,0.0092966268,0.0097512772,0.0110276400,0.0100162291
2010-03-11,0.0056959723,0.0044635216,0.0054654932,0.0063199711,0.0073659083,0.0083973193,0.0087670396,0.0093390654,0.0095764353,0.0108976599,0.0102699148
2010-03-10,0.0056089723,0.0045200085,0.0054167567,0.0064153472,0.0073986922,0.0083430999,0.0087849446,0.0093411543,0.0096216706,0.0109261901,0.0102071399
2010-03-09,0.0044938922,0.0047463493,0.0057144295,0.0066666096,0.0076635484,0.0086104733,0.0090649062,0.0096084085,0.0098508745,0.0110712299,0.0101815969
2010-03-08,0.0033731300,0.0049505184,0.0059064822,0.0067605196,0.0077838930,0.0087562960,0.0091139326,0.0095679288,0.0096841569,0.0108592302,0.0099925644
2010-03-05,0.0039815100,0.0050723519,0.0061161401,0.0070606753,0.0081226122,0.0091261280,0.0094786298,0.0098445681,0.0102101877,0.0114215500,0.0108920599
2010-03-04,0.0045300880,0.0054958649,0.0063832850,0.0074021576,0.0083535904,0.0092037315,0.0096062028,0.0099161172,0.0102130836,0.0112978449,0.0104091710
2010-03-03,0.0048748830,0.0056233312,0.0065566279,0.0074098922,0.0084269213,0.0093526880,0.0097093349,0.0104608541,0.0099361749,0.0112568701,0.0110723951
2010-03-02,0.0044084551,0.0058161079,0.0065888404,0.0076083675,0.0086450335,0.0095826781,0.0098427310,0.0103398758,0.0106458635,0.0116891648,0.0109267728
2010-03-01,0.0050852615,0.0063956310,0.0070373887,0.0081942250,0.0091791373,0.0100271016,0.0104092158,0.0108087309,0.0111432590,0.0120657850,0.0120004299
2010-02-26,0.0052306700,0.0064160216,0.0074360063,0.0082646539,0.0093412948,0.0102920908,0.0105441219,0.0110867802,0.0113592615,0.0121411451,0.0115875355
2010-02-25,0.0056695535,0.0068765779,0.0078280032,0.0087610064,0.0097839494,0.0106468976,0.0110114196,0.0114483794,0.0115574018,0.0123587498,0.0117788500
2010-02-24,0.0056270246,0.0068031619,0.0077859169,0.0086822879,0.0097789595,0.0107283848,0.0110402549,0.0116437776,0.0118059811,0.0125654650,0.0123791249
2010-02-23,0.0055270246,0.0068956503,0.0074651800,0.0084852637,0.0095789959,0.0105291283,0.0108901480,0.0113917652,0.0115176856,0.0123722200,0.0121909049
2010-02-22,0.0052561431,0.0065066536,0.0071860114,0.0082637178,0.0093089540,0.0102065420,0.0105808201,0.0110795668,0.0110826172,0.0118165750,0.0112353874
2010-02-19,0.0055053772,0.0069866258,0.0072644272,0.0085183341,0.0096220007,0.0105745767,0.0107652550,0.0113708167,0.0113394699,0.0121010101,0.0114782699
2010-02-18,0.0081489400,0.0070918501,0.0080700911,0.0090971458,0.0101341728,0.0109797615,0.0112824001,0.0117610024,0.0118641351,0.0124559452,0.0124039319
2010-02-17,0.0059311518,0.0071891551,0.0080315876,0.0090739731,0.0101179244,0.0109683519,0.0113070172,0.0118670217,0.0120198159,0.0126438151,0.0118840724
2010-02-16,0.0083307500,0.0074591827,0.0085285060,0.0095761691,0.0105409674,0.0112761201,0.0116116117,0.0121410630,0.0117575364,0.0129036799,0.0119165370
2010-02-15,0.0062168251,0.0072545104,0.0075289737,0.0087072559,0.0099129032,0.0109634068,0.0113537731,0.0119256083,0.0116912179,0.0118811799,0.0118763816
2010-02-12,0.0063693298,0.0068751393,0.0080370050,0.0090690626,0.0101104576,0.0109455827,0.0112690846,0.0118649374,0.0122875366,0.0123666348,0.0122188047
2010-02-11,0.0037966368,0.0056572189,0.0067462102,0.0079166203,0.0089895685,0.0099090516,0.0103726484,0.0109727262,0.0110388333,0.0114234401,0.0112478369
2010-02-10,0.0050714649,0.0062062540,0.0067942968,0.0079317106,0.0090296864,0.0099748702,0.0105203562,0.0109931934,0.0110592706,0.0113660300,0.0112833642
2010-02-09,0.0040560772,0.0064937540,0.0074705434,0.0084272380,0.0095599656,0.0105193940,0.0109102720,0.0115189920,0.0121979968,0.0123522501,0.0120518736
2010-02-08,0.0057056499,0.0061934271,0.0069028940,0.0080878994,0.0095128503,0.0108488440,0.0112236440,0.0118674180,0.0120520701,0.0120402799,0.0119738136
2010-02-05,0.0057495399,0.0056680529,0.0066260477,0.0076676453,0.0089386351,0.0100998013,0.0106021418,0.0114040625,0.0113951554,0.0121501999,0.0123818599
2010-02-04,0.0055055050,0.0064315030,0.0071878096,0.0081510693,0.0092928186,0.0102647250,0.0107805170,0.0114935399,0.0112291952,0.0119487051,0.0121281102
2010-02-03,0.0044993099,0.0049681010,0.0059636935,0.0069353204,0.0081314082,0.0092335040,0.0098149740,0.0103291280,0.0102445325,0.0110992202,0.0105163916
2010-02-02,0.0042201750,0.0049648862,0.0058765876,0.0068286187,0.0079655565,0.0089957106,0.0095605197,0.0101859170,0.0104680240,0.0114879049,0.0104569100
2010-02-01,0.0047527950,0.0052105895,0.0062241708,0.0071671795,0.0083833148,0.0094897312,0.0099644698,0.0105876426,0.0108725100,0.0118792251,0.0111939981
2010-01-29,0.0042744600,0.0050396172,0.0060205726,0.0069896069,0.0081834903,0.0092689299,0.0098217880,0.0104222785,0.0108186897,0.0112252751,0.0105804200
2010-01-28,0.0032452518,0.0045655015,0.0055257426,0.0065195833,0.0076782555,0.0087447024,0.0094434078,0.0105194173,0.0104965725,0.0110034452,0.0105157600
2010-01-27,0.0026146978,0.0042888253,0.0048426752,0.0056880602,0.0068008115,0.0078601638,0.0084416442,0.0092417789,0.0093279000,0.0103649799,0.0094984950
2010-01-26,0.0023743583,0.0040132500,0.0047326140,0.0053286840,0.0063746320,0.0073688402,0.0079037121,0.0086941943,0.0089318400,0.0101023749,0.0093487300
2010-01-25,0.0023158055,0.0030400337,0.0045119998,0.0054299677,0.0064630945,0.0074306565,0.0079790582,0.0087321069,0.0091240300,0.0102675001,0.0094761750
2010-01-22,0.0025158055,0.0034730977,0.0047368764,0.0056692226,0.0067727689,0.0078124451,0.0082741000,0.0091351447,0.0097701613,0.0106074101,0.0096587500
2010-01-21,0.0024658055,0.0030076526,0.0042909324,0.0053687478,0.0064294066,0.0074315825,0.0080160340,0.0088325396,0.0089352950,0.0102296400,0.0091012550
2010-01-20,0.0026504355,0.0027986242,0.0043213759,0.0052082215,0.0062728431,0.0072893112,0.0078806861,0.0087215598,0.0088357300,0.0100422048,0.0092272850
2010-01-19,0.0023019212,0.0026733333,0.0037542646,0.0048259019,0.0058331397,0.0067999843,0.0073866115,0.0082179837,0.0088714351,0.0099423749,0.0089478850
2010-01-18,0.0024072425,0.0025432516,0.0038065830,0.0047618971,0.0058953446,0.0070364658,0.0076179987,0.0085233176,0.0092431003,0.0102734682,0.0090075700
2010-01-15,0.0023888750,0.0029110795,0.0044272953,0.0052949771,0.0063536577,0.0073474100,0.0078618652,0.0086427763,0.0093262319,0.0104068977,0.0091095550
2010-01-14,0.0016511925,0.0026140363,0.0039765099,0.0048929496,0.0059308751,0.0069255157,0.0074577260,0.0083364830,0.0090039612,0.0100615250,0.0087483050
2010-01-13,0.0017023850,0.0025466667,0.0036875850,0.0047793200,0.0057686414,0.0067050317,0.0072189167,0.0079295633,0.0086587318,0.0097404701,0.0088043200
2010-01-12,0.0036193355,0.0019764791,0.0033509026,0.0044918742,0.0054876093,0.0064534685,0.0069889884,0.0077874938,0.0079109333,0.0097630051,0.0087053100
2010-01-11,0.0036648005,0.0019609433,0.0031847975,0.0039388280,0.0050458493,0.0062200017,0.0067371867,0.0075065171,0.0079887281,0.0089976899,0.0076270250
2010-01-08,0.0015729650,0.0023899083,0.0034456730,0.0044771429,0.0055568072,0.0066339658,0.0071567105,0.0078145243,0.0081856382,0.0083439548,0.0081857606
2010-01-07,0.0018690802,0.0022826639,0.0034991430,0.0046890614,0.0057440500,0.0067656350,0.0072221521,0.0077915114,0.0090402500,0.0097643249,0.0096186001
2010-01-06,0.0024939533,0.0024482411,0.0034273291,0.0045367837,0.0057134987,0.0069159018,0.0073363415,0.0079210430,0.0079998750,0.0090184868,0.0092713452
2010-01-05,0.0036882629,0.0029103121,0.0043087398,0.0052560499,0.0063090871,0.0072761349,0.0076887905,0.0082979034,0.0083269900,0.0088046333,0.0097651798
2010-01-04,0.0039071832,0.0030469038,0.0044934789,0.0054928768,0.0065866193,0.0075855485,0.0079918017,0.0086006842,0.0086995765,0.0090492265,0.0097065252
2010-01-01,0.0034077300,0.0030592967,0.0041884730,0.0056536409,0.0067722331,0.0077881060,0.0080307290,0.0088427067,0.0089052747,0.0091842446,0.0096297548
2009-12-31,0.0034077300,0.0030795311,0.0044047500,0.0053700000,0.0065891834,0.0077592500,0.0082052500,0.0088292500,0.0089052747,0.0090643167,0.0096297548
2009-12-30,0.0034077300,0.0030795311,0.0044055000,0.0053700000,0.0065907571,0.0077600000,0.0082060000,0.0088300000,0.0089050314,0.0090809833,0.0096297548
2009-12-29,0.0034142600,0.0030802950,0.0044802500,0.0055325000,0.0067231579,0.0078347500,0.0083743333,0.0089730000,0.0089142644,0.0091976500,0.0096530951
2009-12-28,0.0034079700,0.0036534133,0.0045297500,0.0056723333,0.0068302552,0.0078840000,0.0083302500,0.0089542500,0.0090724606,0.0095543499,0.0098970901
2009-12-25,0.0034079700,0.0036490800,0.0046594275,0.0056589575,0.0068068882,0.0078456667,0.0084137500,0.0089393333,0.0090725273,0.0094201693,0.0098970901
2009-12-24,0.0034079700,0.0036534133,0.0046610942,0.0056593575,0.0068084255,0.0078456667,0.0084135000,0.0089390000,0.0090725273,0.0094201693,0.0098970901
2009-12-23,0.0037315100,0.0036212400,0.0046642825,0.0056417875,0.0068192250,0.0078920800,0.0083370800,0.0089099325,0.0090722840,0.0094201693,0.0098970901
2009-12-22,0.0040100911,0.0037848917,0.0048347291,0.0057935640,0.0069489078,0.0079839314,0.0083879489,0.0089581150,0.0090167200,0.0092997500,0.0102440700
2009-12-21,0.0040650341,0.0038098984,0.0048510496,0.0058096190,0.0069639925,0.0079999964,0.0084038414,0.0089740222,0.0090166450,0.0092997500,0.0103045349
2009-12-18,0.0040306801,0.0038718105,0.0048336931,0.0057931709,0.0069455117,0.0079837029,0.0083878455,0.0089582492,0.0089674150,0.0093015000,0.0103252550
2009-12-17,0.0039907125,0.0037636352,0.0048369930,0.0057969856,0.0069462093,0.0079835688,0.0083845665,0.0089556509,0.0089669900,0.0100091450,0.0103500249
2009-12-16,0.0044387779,0.0036767102,0.0048588979,0.0058221002,0.0069524174,0.0079668548,0.0083653060,0.0089405334,0.0089672600,0.0100225701,0.0103642599
2009-12-15,0.0044716334,0.0045116461,0.0050252769,0.0058398403,0.0069778512,0.0080043983,0.0084169667,0.0090520000,0.0089652300,0.0100297249,0.0103703499
2009-12-14,0.0043107224,0.0034040875,0.0048022907,0.0057529517,0.0069256934,0.0080078033,0.0084295367,0.0090100200,0.0089654400,0.0099314300,0.0102433449
2009-12-11,0.0046161768,0.0040789025,0.0050154560,0.0057933333,0.0069885950,0.0081006560,0.0085077080,0.0090988600,0.0090636750,0.0092670500,0.0103513599
2009-12-10,0.0044935557,0.0046430000,0.0050684756,0.0060076657,0.0071822571,0.0082542275,0.0087020113,0.0092718575,0.0091681800,0.0096243698,0.0104225750
2009-12-09,0.0044935004,0.0045823333,0.0051567365,0.0060091563,0.0071477301,0.0081766318,0.0086056909,0.0091934829,0.0090627500,0.0092668000,0.0103717500
2009-12-08,0.0044168486,0.0045651461,0.0051582256,0.0059651545,0.0071107838,0.0081556063,0.0085653788,0.0091699217,0.0091702500,0.0095460434,0.0103842251
2009-12-07,0.0045256229,0.0045401461,0.0050633132,0.0059221574,0.0070672267,0.0081180638,0.0085278463,0.0090732975,0.0090643500,0.0092600167,0.0103215600
2009-12-04,0.0043923407,0.0041298440,0.0049973705,0.0059660098,0.0070740142,0.0080774371,0.0085014857,0.0090514757,0.0088527450,0.0092070667,0.0105414551
2009-12-03,0.0045813772,0.0045246667,0.0049881715,0.0058480000,0.0070407281,0.0081666667,0.0085900000,0.0091790000,0.0091849790,0.0092070667,0.0104039501
2009-12-02,0.0043358786,0.0043827080,0.0052649253,0.0061052638,0.0072454662,0.0082877500,0.0087407414,0.0093047871,0.0091625550,0.0096581376,0.0103161200
2009-12-01,0.0047706040,0.0043535275,0.0053327380,0.0061046333,0.0072943642,0.0084045614,0.0088284600,0.0093680900,0.0093198200,0.0099600334,0.0104651301
2009-11-30,0.0048736330,0.0050530000,0.0056176132,0.0065383225,0.0076663002,0.0086715433,0.0090832283,0.0097888000,0.0095426550,0.0104479801,0.0106749600
2009-11-27,0.0049825159,0.0051872500,0.0056668400,0.0065830586,0.0077766101,0.0088661563,0.0092889175,0.0098975714,0.0095689050,0.0104321452,0.0106234598
2009-11-26,0.0048589105,0.0047075178,0.0053512012,0.0062616383,0.0074588349,0.0085788250,0.0090257288,0.0095692713,0.0093946050,0.0103181749,0.0103896149
2009-11-25,0.0047764640,0.0044703056,0.0052320258,0.0061776049,0.0073113090,0.0083586338,0.0087914063,0.0093528171,0.0094894508,0.0100947751,0.0101333649
2009-11-24,0.0048161449,0.0046730000,0.0053602643,0.0063266667,0.0074749965,0.0085350000,0.0089766667,0.0095351667,0.0096393941,0.0119189751,0.0128915936
2009-11-23,0.0047762800,0.0047322500,0.0051982395,0.0060818571,0.0072728611,0.0084085714,0.0088610000,0.0094228571,0.0097112574,0.0098917751,0.0115279634
2009-11-20,0.0048308665,0.0046944213,0.0053493539,0.0064020000,0.0075373074,0.0085833333,0.0089850000,0.0095630000,0.0097771608,0.0098917751,0.0124211913
2009-11-19,0.0047807355,0.0046900296,0.0053788689,0.0061940110,0.0074063312,0.0085696844,0.0090107956,0.0095797750,0.0097233324,0.0098579102,0.0133378101
2009-11-18,0.0046591668,0.0046353333,0.0051013935,0.0060220000,0.0071986930,0.0083308333,0.0087020000,0.0093076667,0.0095914469,0.0097026766,0.0126092984
2009-11-17,0.0046423132,0.0044944734,0.0049871007,0.0058362308,0.0070376335,0.0082192857,0.0085957143,0.0091801667,0.0094722808,0.0096194918,0.0120074610
2009-11-16,0.0046195976,0.0044839734,0.0049943179,0.0058910256,0.0070699576,0.0082214286,0.0085971429,0.0091806667,0.0095527010,0.0096953517,0.0116241796
2009-11-13,0.0047098044,0.0046693333,0.0051415468,0.0059626923,0.0071408596,0.0082900000,0.0086671429,0.0092646667,0.0096076665,0.0098030750,0.0112891375
2009-11-12,0.0046823099,0.0044745787,0.0051474549,0.0059668590,0.0071417807,0.0082900000,0.0086941667,0.0092152000,0.0095340450,0.0097025349,0.0107320661
2009-11-11,0.0047476220,0.0044271004,0.0051082284,0.0061094372,0.0072525092,0.0083532217,0.0087240233,0.0093286260,0.0093105774,0.0113615549,0.0120707871
2009-11-10,0.0048296800,0.0047815000,0.0052741497,0.0061570000,0.0073146261,0.0084350000,0.0088425000,0.0094116667,0.0094795572,0.0114213850,0.0116551074
2009-11-09,0.0048547519,0.0048015000,0.0052919687,0.0062870549,0.0073995412,0.0084571429,0.0089093333,0.0094688333,0.0098124145,0.0119529299,0.0117157898
2009-11-06,0.0053788975,0.0047750071,0.0053007643,0.0064082000,0.0075833032,0.0087183333,0.0090222041,0.0097130000,0.0099288458,0.0120665102,0.0118315699
2009-11-05,0.0053859109,0.0049816429,0.0053862500,0.0064522000,0.0076163378,0.0087383333,0.0092078000,0.0097580000,0.0099571051,0.0101015301,0.0118629252
2009-11-04,0.0055925795,0.0049780000,0.0055612000,0.0067720000,0.0078507730,0.0088500000,0.0092816000,0.0098410000,0.0099839516,0.0121533751,0.0092994050
2009-11-03,0.0054163208,0.0036850000,0.0059158638,0.0069587143,0.0080697867,0.0091037817,0.0095350950,0.0100769400,0.0102761622,0.0124598701,0.0095038050
2009-11-02,0.0055851246,0.0049483210,0.0055639477,0.0066887500,0.0078304449,0.0089216667,0.0093962500,0.0099440000,0.0100211195,0.0124052201,0.0093471550
2009-10-30,0.0055134751,0.0046931953,0.0056846328,0.0067184615,0.0078336198,0.0088933333,0.0092480000,0.0097750000,0.0099678346,0.0122835151,0.0093474050
2009-10-29,0.0055419700,0.0054540925,0.0057584480,0.0067752100,0.0078549452,0.0088708317,0.0092982200,0.0098494683,0.0104152702,0.0123708551,0.0107279200
2009-10-28,0.0053810559,0.0048303121,0.0050754201,0.0064307582,0.0076541188,0.0088781063,0.0092038371,0.0097532800,0.0098512048,0.0121026399,0.0102751498
2009-10-27,0.0052816868,0.0044482000,0.0050793333,0.0061270000,0.0072961549,0.0084707856,0.0088850300,0.0095104286,0.0095316767,0.0119047601,0.0089682750
2009-10-26,0.0053568365,0.0050447850,0.0053324800,0.0062940171,0.0073438426,0.0083578317,0.0088093650,0.0093478643,0.0094762103,0.0118805101,0.0089173250
2009-10-23,0.0051337818,0.0053601833,0.0058531903,0.0064530800,0.0074675906,0.0084325733,0.0088587300,0.0093864900,0.0094408770,0.0118404299,0.0089167750
2009-10-22,0.0051525785,0.0053206218,0.0055747050,0.0064833160,0.0075137370,0.0085010450,0.0088992117,0.0094320350,0.0094870814,0.0119099252,0.0089168250
2009-10-21,0.0052820256,0.0051956800,0.0057855725,0.0067637000,0.0076299759,0.0084064157,0.0087871257,0.0092426700,0.0093760500,0.0118726249,0.0087137750
2009-10-20,0.0052985924,0.0052660700,0.0058407468,0.0067639540,0.0076253005,0.0083995013,0.0087566163,0.0092294333,0.0093472931,0.0116150949,0.0091207921
2009-10-19,0.0053753961,0.0053235525,0.0057936233,0.0066269233,0.0075623916,0.0084360267,0.0088192617,0.0093119100,0.0094006531,0.0127618000,0.0091857921
2009-10-16,0.0052499951,0.0053537500,0.0059015360,0.0067177143,0.0076770249,0.0085800000,0.0089387143,0.0093900000,0.0091684957,0.0127615000,0.0095677000
2009-10-15,0.0052211531,0.0051207500,0.0057523678,0.0066882500,0.0075656859,0.0083733333,0.0086786000,0.0091398333,0.0094799173,0.0119312601,0.0088124250
2009-10-14,0.0053398771,0.0052205525,0.0057101685,0.0065127433,0.0074489820,0.0083394133,0.0086897967,0.0091011360,0.0092847616,0.0116432802,0.0091701479
2009-10-13,0.0045385050,0.0047197500,0.0055548183,0.0065025000,0.0075278713,0.0085341638,0.0088422988,0.0092545913,0.0096086449,0.0097362552,0.0094997930
2009-10-12,0.0044730151,0.0044122500,0.0056049150,0.0067390286,0.0076673022,0.0085462614,0.0088591071,0.0092241138,0.0095969359,0.0095538551,0.0094711768
2009-10-09,0.0045866299,0.0046993334,0.0062172796,0.0072094586,0.0079088096,0.0085035300,0.0088359900,0.0092974334,0.0096938662,0.0097019199,0.0091527000
2009-10-08,0.0048896400,0.0043122500,0.0053200000,0.0067384757,0.0076482671,0.0085120750,0.0088483300,0.0093613140,0.0096028329,0.0096093749,0.0094433459
2009-10-07,0.0050495600,0.0049877500,0.0055421667,0.0066296667,0.0075943972,0.0085340913,0.0088675638,0.0093051338,0.0096703473,0.0097933601,0.0091561350
2009-10-06,0.0050196801,0.0045372500,0.0052333333,0.0069718650,0.0076980854,0.0083420000,0.0086616000,0.0091579367,0.0094052354,0.0096799602,0.0088985350
2009-10-05,0.0052127051,0.0051102500,0.0056119000,0.0067326000,0.0076928319,0.0086304757,0.0089368657,0.0093204567,0.0096445874,0.0119552549,0.0091216850
2009-10-02,0.0060282250,0.0053995000,0.0070074512,0.0074012500,0.0082348480,0.0090000000,0.0092795000,0.0097850000,0.0100856891,0.0098232001,0.0105501851
2009-10-01,0.0045427286,0.0051206667,0.0058726667,0.0069754120,0.0077009089,0.0083549117,0.0086733883,0.0090616633,0.0091113082,0.0092576701,0.0096140550
2009-09-30,0.0043353179,0.0047186000,0.0054310000,0.0065667020,0.0072464848,0.0078618829,0.0081729300,0.0085843971,0.0088472859,0.0089848151,0.0092409952
2009-09-29,0.0046124899,0.0043072500,0.0053166667,0.0066448067,0.0072541233,0.0077892917,0.0080596780,0.0084639933,0.0088774537,0.0091094650,0.0095047301
2009-09-28,0.0046324450,0.0050000000,0.0057050000,0.0068180000,0.0074579206,0.0080275000,0.0083820000,0.0087060000,0.0090379006,0.0090911349,0.0096922450
2009-09-25,0.0044605471,0.0056600000,0.0065466667,0.0067960000,0.0075146154,0.0081800000,0.0084600000,0.0086800000,0.0090468243,0.0117813048,0.0097101699
2009-09-24,0.0041290972,0.0041423571,0.0065111675,0.0069608580,0.0074419432,0.0078360000,0.0080961160,0.0084518460,0.0087457988,0.0114784500,0.0092990451
2009-09-23,0.0043709807,0.0042137857,0.0066323333,0.0070362500,0.0074932046,0.0078626650,0.0081914550,0.0085874033,0.0086698913,0.0113866898,0.0086417294
2009-09-22,0.0046262049,0.0045496667,0.0068960000,0.0072537500,0.0077608097,0.0081850000,0.0084988333,0.0088633333,0.0091723349,0.0120944220,0.0093791151
2009-09-21,0.0046816349,0.0045847100,0.0064230000,0.0070430000,0.0076303590,0.0081525000,0.0084056000,0.0087700000,0.0087977769,0.0116641299,0.0092706099
2009-09-18,0.0041359499,0.0058919675,0.0062014080,0.0067392383,0.0072861134,0.0077719667,0.0080859229,0.0085250386,0.0086230370,0.0084736000,0.0085878650
2009-09-17,0.0044575906,0.0039610000,0.0062541778,0.0066670000,0.0071468216,0.0075620000,0.0078400000,0.0082020000,0.0084563201,0.0083029322,0.0083648902
2009-09-16,0.0046813699,0.0057560450,0.0064144950,0.0067316133,0.0072238736,0.0076551500,0.0079557633,0.0083472367,0.0086701902,0.0085131058,0.0085400851
2009-09-15,0.0048073835,0.0058733925,0.0063550229,0.0069195029,0.0073867507,0.0077903314,0.0080562367,0.0084112257,0.0086792675,0.0085457180,0.0085834451
2009-09-14,0.0048969550,0.0061033975,0.0069070250,0.0071065083,0.0075964447,0.0080256420,0.0083082550,0.0085974917,0.0088349548,0.0087120114,0.0087388750
2009-09-11,0.0048987279,0.0059593350,0.0067905975,0.0073192100,0.0077166029,0.0080444200,0.0083499573,0.0087064080,0.0087879501,0.0086775959,0.0086907801
2009-09-10,0.0055963571,0.0060938280,0.0068282283,0.0073748550,0.0077590615,0.0080753786,0.0084079413,0.0087262513,0.0088118471,0.0086891741,0.0086410001
2009-09-09,0.0057210000,0.0050100000,0.0069462980,0.0074775560,0.0079126094,0.0082864617,0.0085822700,0.0089088067,0.0089457339,0.0088202021,0.0087315801
2009-09-08,0.0057910000,0.0064660633,0.0068378933,0.0075881113,0.0080382169,0.0084307544,0.0087281928,0.0091338620,0.0091704213,0.0090979978,0.0090797700
2009-09-07,0.0059124286,0.0067325800,0.0073212475,0.0077607775,0.0081667752,0.0085127133,0.0088859267,0.0091959817,0.0094472676,0.0095689921,0.0099112601
2009-09-04,0.0061238571,0.0069783333,0.0074750000,0.0080062000,0.0083858694,0.0087042857,0.0089318333,0.0093232857,0.0097664751,0.0097981278,0.0099134102
2009-09-03,0.0058910000,0.0068330825,0.0074134840,0.0076268057,0.0081220461,0.0085751743,0.0088851043,0.0092590167,0.0095293731,0.0097444016,0.0101984249
2009-09-02,0.0059610000,0.0065172900,0.0072412900,0.0077243133,0.0081957522,0.0086250940,0.0090648050,0.0093386540,0.0096984181,0.0099344289,0.0103884302
2009-09-01,0.0059260000,0.0064894600,0.0067963083,0.0074712283,0.0080177400,0.0085378667,0.0089134483,0.0092795433,0.0094141836,0.0094889919,0.0095663149
2009-08-31,0.0058910000,0.0068273333,0.0072190367,0.0076591117,0.0080864197,0.0084754533,0.0088018867,0.0091063000,0.0093358245,0.0094444411,0.0095499251
2009-08-28,0.0058910000,0.0068273333,0.0073229100,0.0076591483,0.0080846419,0.0084754200,0.0088018117,0.0091062033,0.0093355512,0.0094578451,0.0095499251
2009-08-27,0.0060085000,0.0067683000,0.0073796220,0.0077414350,0.0081640269,0.0085545833,0.0088153960,0.0091728917,0.0093360257,0.0094587798,0.0095106749
2009-08-26,0.0058410000,0.0066500300,0.0070863360,0.0076261500,0.0080363699,0.0084181629,0.0087606743,0.0090954714,0.0092841736,0.0094781510,0.0096347666
2009-08-25,0.0058160000,0.0066313350,0.0071529161,0.0075921210,0.0080143936,0.0084134167,0.0087330681,0.0090740500,0.0092892675,0.0095558459,0.0098203749
2009-08-24,0.0057060000,0.0066290950,0.0070899160,0.0076439420,0.0080168552,0.0083651980,0.0087579983,0.0091196217,0.0092894000,0.0095696858,0.0098203749
2009-08-21,0.0061985000,0.0067621675,0.0073794680,0.0079159900,0.0083190812,0.0087020660,0.0090020120,0.0093578100,0.0097186814,0.0096966613,0.0092937100
2009-08-20,0.0063485000,0.0072341000,0.0077467825,0.0083131020,0.0086764879,0.0090176433,0.0093582117,0.0096729017,0.0100764290,0.0104369509,0.0107342452
2009-08-19,0.0066177857,0.0071573075,0.0079480040,0.0084149250,0.0088588261,0.0092909833,0.0096502133,0.0099640683,0.0102877665,0.0106946336,0.0110317951
2009-08-18,0.0063235000,0.0074709350,0.0077845216,0.0082039413,0.0086139326,0.0090142857,0.0093093925,0.0096387400,0.0098935304,0.0102948308,0.0105943051
2009-08-17,0.0063235000,0.0074010100,0.0077961653,0.0081459814,0.0085842793,0.0090200000,0.0092257614,0.0095169971,0.0098830767,0.0103035915,0.0105980449
2009-08-14,0.0059888571,0.0070590220,0.0073950180,0.0078150980,0.0081598941,0.0084990080,0.0085879600,0.0088691950,0.0093442926,0.0095535999,0.0094097752
2009-08-13,0.0059435000,0.0067606667,0.0073764450,0.0076976840,0.0080695684,0.0084423920,0.0087695900,0.0090480980,0.0087972925,0.0093039051,0.0093631149
2009-08-12,0.0056935000,0.0068654373,0.0070674933,0.0077774820,0.0081539298,0.0085351517,0.0087814060,0.0091566150,0.0090031675,0.0094297649,0.0087669850
2009-08-11,0.0054885000,0.0065915000,0.0070922946,0.0073894700,0.0077805635,0.0081830740,0.0085089940,0.0087867040,0.0087978153,0.0090685150,0.0084256150
2009-08-10,0.0054385000,0.0066284440,0.0066210683,0.0071934380,0.0075583414,0.0079362533,0.0082636267,0.0085348717,0.0086281997,0.0089924984,0.0082788250
2009-08-07,0.0055885000,0.0061350000,0.0067314840,0.0072355360,0.0076579883,0.0081030600,0.0084673125,0.0087405300,0.0087361326,0.0091533500,0.0083348250
2009-08-06,0.0054385000,0.0066521933,0.0067295455,0.0073403317,0.0076499028,0.0079740300,0.0082790600,0.0085538386,0.0086963337,0.0089866100,0.0094261648
2009-08-05,0.0054360000,0.0066326380,0.0067029657,0.0073835420,0.0076707730,0.0079741900,0.0082792843,0.0085541657,0.0086538369,0.0089504799,0.0093603598
2009-08-04,0.0052002857,0.0064696550,0.0064586683,0.0067452886,0.0072199563,0.0077362950,0.0079715529,0.0082365714,0.0084109377,0.0086959017,0.0086177200
2009-08-03,0.0049310000,0.0058420000,0.0066318944,0.0069110780,0.0071687291,0.0074472222,0.0077444967,0.0079936567,0.0084306334,0.0084814800,0.0085155751
2009-07-31,0.0052263571,0.0065742457,0.0068586764,0.0071915371,0.0073979255,0.0076250957,0.0079971900,0.0081870129,0.0083915085,0.0083903872,0.0083816651
2009-07-30,0.0052530714,0.0065009640,0.0068200640,0.0071358700,0.0074153853,0.0077242971,0.0078832733,0.0080710160,0.0083480248,0.0083262489,0.0083366200
2009-07-29,0.0057155000,0.0073438800,0.0074705819,0.0077291117,0.0079853569,0.0082734929,0.0083999480,0.0085498275,0.0090062935,0.0089542831,0.0089733476
2009-07-28,0.0055630000,0.0070799050,0.0073339733,0.0076160229,0.0078725708,0.0081644338,0.0084277929,0.0086847857,0.0088307251,0.0087368833,0.0087332524
2009-07-27,0.0059580000,0.0073955283,0.0072948040,0.0075769640,0.0078691317,0.0082029660,0.0084292340,0.0085354625,0.0088190516,0.0091851551,0.0088049874
2009-07-24,0.0065255000,0.0072920420,0.0075703467,0.0081717400,0.0084549744,0.0087844367,0.0088812775,0.0092351750,0.0094267050,0.0095577702,0.0094114674
2009-07-23,0.0069830000,0.0086150133,0.0085894445,0.0088685000,0.0091287955,0.0094400000,0.0094620000,0.0097166667,0.0098595882,0.0098936100,0.0098249801
2009-07-22,0.0071880000,0.0085963540,0.0087761834,0.0090057560,0.0092159092,0.0094785686,0.0097014250,0.0097215600,0.0102034183,0.0100876148,0.0101529501
2009-07-21,0.0072772000,0.0086015000,0.0085767650,0.0087758333,0.0090508401,0.0093857143,0.0096200000,0.0097720000,0.0101020315,0.0101931985,0.0100011549
2009-07-20,0.0074051667,0.0093198420,0.0092790667,0.0094197113,0.0096352920,0.0099142857,0.0101086667,0.0103373333,0.0105755632,0.0104142200,0.0104829774
2009-07-17,0.0083085000,0.0097842400,0.0099363080,0.0102547275,0.0104338657,0.0106838300,0.0108640300,0.0110444960,0.0111596784,0.0109477402,0.0110497127
2009-07-16,0.0087660000,0.0101988675,0.0102988000,0.0106165275,0.0107442096,0.0109475871,0.0111231540,0.0113695260,0.0114145550,0.0112060452,0.0112956525
2009-07-15,0.0088060000,0.0101413775,0.0103560900,0.0106203475,0.0107518129,0.0109639733,0.0112053800,0.0114548240,0.0114504117,0.0112392750,0.0113266923
2009-07-14,0.0093460000,0.0104908240,0.0107113120,0.0109405240,0.0111130460,0.0113752971,0.0114819983,0.0116981217,0.0118854200,0.0118065984,0.0117357602
2009-07-13,0.0095247500,0.0104448086,0.0107209750,0.0109003043,0.0111251202,0.0114471350,0.0116290380,0.0118120233,0.0120123801,0.0117604450,0.0141874851
2009-07-10,0.0093710000,0.0102739500,0.0104975940,0.0106901425,0.0109063955,0.0112226738,0.0114499820,0.0116705120,0.0116698284,0.0116271117,0.0115429176
2009-07-09,0.0091185000,0.0102331820,0.0104476200,0.0107299700,0.0108908233,0.0111540250,0.0113085483,0.0115484600,0.0116157115,0.0115056351,0.0114880875
2009-07-08,0.0091896117,0.0102151940,0.0104296480,0.0105444586,0.0108178715,0.0112036467,0.0114043250,0.0115991857,0.0115563532,0.0114476700,0.0114313126
2009-07-07,0.0089701611,0.0098871840,0.0100947080,0.0103011250,0.0105831232,0.0109808117,0.0110691000,0.0112083260,0.0112032834,0.0110951166,0.0110017651
2009-07-06,0.0090993611,0.0099795880,0.0101655840,0.0103902700,0.0106002387,0.0109266543,0.0109272580,0.0111491900,0.0111060234,0.0110951166,0.0109087676
2009-07-03,0.0089636278,0.0099756360,0.0101436020,0.0103522540,0.0104887582,0.0107420538,0.0108272480,0.0109556800,0.0111060451,0.0109574500,0.0109087676
2009-07-02,0.0093748351,0.0098694480,0.0100907600,0.0103225800,0.0105015748,0.0108040367,0.0108219880,0.0110833950,0.0111059417,0.0107574500,0.0109087676
2009-07-01,0.0088327857,0.0098197360,0.0099877360,0.0102478300,0.0103575947,0.0105911400,0.0106675880,0.0108241860,0.0111883585,0.0111218285,0.0112888527
2009-06-30,0.0088458214,0.0096670775,0.0099640200,0.0101455633,0.0103165967,0.0106180529,0.0107116350,0.0108748650,0.0112370802,0.0114635511,0.0116466236
2009-06-29,0.0094582378,0.0105065375,0.0106702100,0.0108598775,0.0109623465,0.0112052517,0.0113765673,0.0116089373,0.0114769902,0.0120157138,0.0122190573
2009-06-26,0.0095518378,0.0105723200,0.0106646460,0.0108902640,0.0110478853,0.0113540486,0.0114553267,0.0117145000,0.0115719435,0.0124332236,0.0126554947
2009-06-25,0.0095518378,0.0105449000,0.0106846660,0.0109102880,0.0110556129,0.0113540714,0.0114864920,0.0116863780,0.0115724335,0.0127602155,0.0130005177
2009-06-24,0.0096117983,0.0105699217,0.0108587000,0.0110703560,0.0111582468,0.0114036500,0.0115066320,0.0117064740,0.0116900532,0.0132283500,0.0134901125
2009-06-23,0.0096618998,0.0108013333,0.0110153333,0.0111311667,0.0113065696,0.0116500000,0.0116764000,0.0118620000,0.0112765267,0.0129513726,0.0134901125
2009-06-22,0.0096292332,0.0103839250,0.0106899980,0.0109364880,0.0110721743,0.0113758586,0.0115218560,0.0116846040,0.0111792517,0.0128833868,0.0133958700
2009-06-19,0.0095652032,0.0102916060,0.0104909520,0.0106875460,0.0107942292,0.0110686043,0.0113020025,0.0114627880,0.0114736365,0.0132445245,0.0136993689
2009-06-18,0.0097594518,0.0103329200,0.0105682900,0.0108485600,0.0110241999,0.0113789187,0.0114027050,0.0114917767,0.0115930049,0.0134044585,0.0137923026
2009-06-17,0.0096247680,0.0102986000,0.0105152000,0.0106593333,0.0108389919,0.0112000000,0.0112584286,0.0113938333,0.0113111915,0.0131002500,0.0134088150
2009-06-16,0.0093058060,0.0098066000,0.0101166667,0.0102370571,0.0103904193,0.0107214286,0.0108714000,0.0110950000,0.0124277133,0.0127405500,0.0130805569
2009-06-15,0.0092380726,0.0097216000,0.0099172000,0.0100435000,0.0102103176,0.0105571429,0.0106840000,0.0108688333,0.0122813317,0.0127434873,0.0131236182
2009-06-12,0.0088283745,0.0093810000,0.0095840000,0.0097845000,0.0099097612,0.0102125000,0.0103073333,0.0105360000,0.0115159483,0.0120945139,0.0124934090
2009-06-11,0.0088275000,0.0091807500,0.0093865000,0.0094332000,0.0096194723,0.0099857143,0.0100765000,0.0102488333,0.0113859483,0.0121033000,0.0125407520
2009-06-10,0.0080687500,0.0085810000,0.0087415000,0.0088216000,0.0089960119,0.0093428571,0.0094244000,0.0095736000,0.0109144383,0.0115392933,0.0119929559
2009-06-09,0.0085750000,0.0089858000,0.0091700000,0.0091932000,0.0093938494,0.0097800000,0.0099354000,0.0101170000,0.0114673767,0.0120582735,0.0125706981
2009-06-08,0.0084225000,0.0086666667,0.0088500000,0.0092010000,0.0092880959,0.0095571429,0.0096420000,0.0099210000,0.0111108733,0.0116201700,0.0121510550
2009-06-05,0.0083200000,0.0087287500,0.0088900000,0.0090010000,0.0091363939,0.0094571429,0.0096050000,0.0097560000,0.0111108733,0.0115572821,0.0121222842
2009-06-04,0.0083700000,0.0088845000,0.0089912000,0.0091542000,0.0092508419,0.0095375000,0.0096135000,0.0098746000,0.0109808733,0.0113602432,0.0119520835
2009-06-03,0.0083200000,0.0087970000,0.0090900382,0.0092425000,0.0092715280,0.0094928571,0.0095291667,0.0096300000,0.0109808733,0.0112987620,0.0119237838
2009-06-02,0.0084750000,0.0086853817,0.0092175573,0.0092190000,0.0092681369,0.0095142857,0.0095850000,0.0097530000,0.0111108733,0.0113706531,0.0120363797
2009-06-01,0.0091800000,0.0097016000,0.0099072000,0.0101785000,0.0101917013,0.0104250000,0.0104764467,0.0105958414,0.0120225417,0.0122370500,0.0129931499
2009-05-29,0.0095567143,0.0100405000,0.0103126667,0.0102828000,0.0103838079,0.0107166667,0.0107465000,0.0110096000,0.0121692400,0.0122300669,0.0130254816
2009-05-28,0.0095067143,0.0102210000,0.0103953500,0.0104046667,0.0103760566,0.0105800000,0.0103188933,0.0101192967,0.0124292400,0.0123337427,0.0131761061
2009-05-27,0.0094210000,0.0097400000,0.0099766667,0.0100850000,0.0102629232,0.0106833333,0.0106825000,0.0106687500,0.0129601592,0.0126983000,0.0136070826
2009-05-26,0.0094210000,0.0108391333,0.0106412067,0.0105600000,0.0104296723,0.0105416667,0.0103809200,0.0103932225,0.0126477803,0.0123936500,0.0133212785
2009-05-25,0.0091399286,0.0094793333,0.0097476667,0.0098680000,0.0098990212,0.0101666667,0.0101166000,0.0100850000,0.0123071283,0.0120737106,0.0130171132
2009-05-22,0.0091399286,0.0094793333,0.0097476667,0.0098680000,0.0098968407,0.0101666667,0.0101166000,0.0100850000,0.0123416568,0.0121215070,0.0131086443
2009-05-21,0.0091924286,0.0095793333,0.0098476667,0.0099735000,0.0101091697,0.0105000000,0.0103600000,0.0107383333,0.0131780509,0.0129578649,0.0140560034
2009-05-20,0.0089302857,0.0092460000,0.0096926275,0.0095808000,0.0096133776,0.0098888889,0.0098885489,0.0098862781,0.0121664496,0.0119769227,0.0130316946
2009-05-19,0.0094080000,0.0097336667,0.0101392925,0.0101997500,0.0101191437,0.0102964286,0.0102385360,0.0101207780,0.0124899780,0.0123095500,0.0134346101
2009-05-18,0.0105343233,0.0115286667,0.0112370800,0.0111410000,0.0109121274,0.0109666667,0.0107975100,0.0105972800,0.0136573750,0.0140331500,0.0153626203
2009-05-15,0.0102310000,0.0107260000,0.0109377500,0.0109135000,0.0107648906,0.0109000000,0.0109615000,0.0108910000,0.0132790224,0.0128873000,0.0141513969
2009-05-14,0.0106504267,0.0114150000,0.0111000000,0.0110933333,0.0109704586,0.0111416667,0.0111926667,0.0111150000,0.0134856656,0.0130021500,0.0143212124
2009-05-13,0.0104907633,0.0107546667,0.0108247333,0.0108413333,0.0107613463,0.0109750000,0.0110490000,0.0110035000,0.0133977947,0.0129419000,0.0142984808
2009-05-12,0.0092714733,0.0100573333,0.0097942987,0.0096680000,0.0094775771,0.0095500000,0.0094246667,0.0092613333,0.0113269776,0.0109723385,0.0121595721
2009-05-11,0.0091667540,0.0096470000,0.0095910000,0.0095237500,0.0094536451,0.0096500000,0.0097142500,0.0096587500,0.0118658678,0.0115267027,0.0128130179
2009-05-08,0.0090142265,0.0097133333,0.0093488470,0.0092125000,0.0090208390,0.0090875000,0.0090762316,0.0090672106,0.0111889759,0.0108997455,0.0121531803
2009-05-07,0.0099074200,0.0107903333,0.0100628000,0.0099310000,0.0095741139,0.0095000000,0.0097583509,0.0093100000,0.0115399617,0.0112732938,0.0126081581
2009-05-06,0.0105248500,0.0111586667,0.0107371640,0.0106470000,0.0104113716,0.0104833333,0.0103061360,0.0102204725,0.0127251736,0.0124661000,0.0139848776
2009-05-05,0.0109387594,0.0115870000,0.0112738325,0.0110887500,0.0108119781,0.0108600000,0.0107251767,0.0105806133,0.0130115305,0.0125690500,0.0141435281
2009-05-04,0.0110094632,0.0116513333,0.0114735350,0.0112752500,0.0109401940,0.0109400000,0.0107848433,0.0106449467,0.0131348909,0.0127100822,0.0143460026
2009-05-01,0.0110194419,0.0116513333,0.0114735350,0.0112752500,0.0109377842,0.0109400000,0.0107848433,0.0106446133,0.0131788741,0.0127746208,0.0144629807
2009-04-30,0.0111867269,0.0118175000,0.0115830700,0.0113290000,0.0109664174,0.0109500000,0.0107585043,0.0106118343,0.0131826984,0.0128003500,0.0145364673
2009-04-29,0.0112939831,0.0119200000,0.0116913450,0.0114462500,0.0111456878,0.0112000000,0.0110143720,0.0107660340,0.0133237115,0.0128671020,0.0146569975
2009-04-28,0.0119260940,0.0125757500,0.0121051360,0.0118270000,0.0114652683,0.0114750000,0.0112486080,0.0110919475,0.0136751750,0.0131348892,0.0150078308
2009-04-27,0.0115963779,0.0122170000,0.0118967720,0.0116560000,0.0113298816,0.0113750000,0.0111714740,0.0109211580,0.0134137249,0.0128138876,0.0146858694
2009-04-24,0.0118903233,0.0125153333,0.0121470000,0.0117780000,0.0113174831,0.0112375000,0.0111513329,0.0110324000,0.0134991468,0.0128255450,0.0147442208
2009-04-23,0.0117310438,0.0123365000,0.0120352500,0.0117335000,0.0113749571,0.0114000000,0.0112637143,0.0111224286,0.0135578729,0.0128114730,0.0147731227
2009-04-22,0.0119539242,0.0125595000,0.0122325475,0.0119806667,0.0115318587,0.0114800000,0.0113400617,0.0111037983,0.0134840115,0.0126725676,0.0146576753
2009-04-21,0.0121626711,0.0127672500,0.0123676475,0.0119662500,0.0115538812,0.0115428571,0.0114531467,0.0113009017,0.0136715030,0.0127790850,0.0148261189
2009-04-20,0.0114999611,0.0120606667,0.0115875000,0.0112012500,0.0108665555,0.0109125000,0.0108103329,0.0106707614,0.0128603915,0.0119557186,0.0139133159
2009-04-17,0.0110767805,0.0116063333,0.0110897500,0.0107440000,0.0103789221,0.0103833333,0.0103018333,0.0102404000,0.0122950788,0.0113681764,0.0132700638
2009-04-16,0.0105394683,0.0110333333,0.0107000000,0.0104500000,0.0101014111,0.0101166667,0.0098853340,0.0095883340,0.0114686729,0.0105465557,0.0123486674
2009-04-15,0.0110673890,0.0115755000,0.0112409220,0.0109734000,0.0105599782,0.0105333333,0.0104285883,0.0102596400,0.0122252500,0.0111813239,0.0131319710
2009-04-14,0.0111280440,0.0116284000,0.0112547560,0.0109294000,0.0105412266,0.0105428571,0.0103973614,0.0102404057,0.0121562159,0.0110578802,0.0130267419
2009-04-13,0.0114546000,0.0119588000,0.0115049750,0.0112342500,0.0108856800,0.0109428571,0.0106488400,0.0104742100,0.0123867717,0.0112064899,0.0132422193
2009-04-10,0.0114649821,0.0119588000,0.0115049750,0.0112342500,0.0108832821,0.0109428571,0.0106488400,0.0104742100,0.0123399599,0.0111035849,0.0131607800
2009-04-09,0.0115387056,0.0120248000,0.0116483800,0.0113638000,0.0109386793,0.0109333333,0.0106488400,0.0104742100,0.0122933251,0.0110016247,0.0130798415
2009-04-08,0.0117997122,0.0122856667,0.0117212475,0.0114467500,0.0110444995,0.0110700000,0.0107087060,0.0103753680,0.0121312964,0.0107977351,0.0128767293
2009-04-07,0.0114679223,0.0119294000,0.0115346080,0.0111980000,0.0108538042,0.0109333333,0.0107104767,0.0104850283,0.0122131848,0.0108116600,0.0129327987
2009-04-06,0.0113915753,0.0118392500,0.0114832600,0.0112900000,0.0108364161,0.0108142857,0.0105539060,0.0104754600,0.0121559257,0.0107026047,0.0128415328
2009-04-03,0.0116852805,0.0121335000,0.0118275000,0.0113897500,0.0109831347,0.0110166667,0.0107042500,0.0105520000,0.0121984692,0.0106818082,0.0128558086
2009-04-02,0.0122981687,0.0127583333,0.0127575000,0.0119766667,0.0116452951,0.0117833333,0.0116174740,0.0114801580,0.0132212961,0.0115146693,0.0139005932
2009-04-01,0.0130489999,0.0135250000,0.0129657180,0.0126214000,0.0122508676,0.0123800000,0.0121871500,0.0120431133,0.0138172162,0.0119683971,0.0144925595
2009-03-31,0.0124268580,0.0128685000,0.0125693333,0.0120692500,0.0117098350,0.0118333333,0.0115252600,0.0113284920,0.0129482030,0.0111548293,0.0135487514
2009-03-30,0.0122199697,0.0126428000,0.0121914760,0.0118534000,0.0114809481,0.0115875000,0.0113368740,0.0113136843,0.0128824085,0.0110379518,0.0134478260
2009-03-27,0.0122089881,0.0126200000,0.0117053725,0.0113867500,0.0110440256,0.0111666667,0.0108035500,0.0105283775,0.0119429077,0.0101774622,0.0124374207
2009-03-26,0.0116290630,0.0120096667,0.0118275000,0.0113758000,0.0109950253,0.0110833333,0.0107481720,0.0105800283,0.0119561422,0.0101334771,0.0124215720
2009-03-25,0.0117772277,0.0121516667,0.0115822867,0.0113031667,0.0109161827,0.0110000000,0.0107075825,0.0105786660,0.0119094242,0.0100391323,0.0123435900
2009-03-24,0.0118117496,0.0121762500,0.0116171440,0.0113464000,0.0109445662,0.0110200000,0.0108275492,0.0106773680,0.0119751148,0.0100397545,0.0123821382
2009-03-23,0.0112153728,0.0115510000,0.0110363225,0.0106992500,0.0103859070,0.0105285714,0.0102917800,0.0102296986,0.0114296762,0.0095304922,0.0117900358
2009-03-20,0.0120056697,0.0123537500,0.0119834740,0.0116616000,0.0113172987,0.0114750000,0.0110722233,0.0108854175,0.0121163496,0.0100482677,0.0124686155
2009-03-19,0.0120165513,0.0123537500,0.0119819700,0.0116616000,0.0110853377,0.0110142857,0.0108837416,0.0108991862,0.0120858275,0.0099685913,0.0124076081
2009-03-18,0.0133786996,0.0137416667,0.0130434500,0.0127875000,0.0123635686,0.0125000000,0.0124300000,0.0123851360,0.0136816575,0.0112236498,0.0140125000
2009-03-17,0.0133908256,0.0137416667,0.0130434150,0.0127875000,0.0123608452,0.0125000000,0.0123170167,0.0123851360,0.0136816575,0.0111716423,0.0140125000
2009-03-16,0.0130087579,0.0133375000,0.0136334660,0.0131330000,0.0125239592,0.0125000000,0.0124203050,0.0125098767,0.0134514575,0.0109947922,0.0140125000
2009-03-13,0.0157735344,0.0161575000,0.0146333333,0.0143133333,0.0140665848,0.0144750000,0.0143602500,0.0144442000,0.0145451075,0.0115292663,0.0140125000
2009-03-12,0.0144613894,0.0148000000,0.0142410150,0.0138473333,0.0134291664,0.0136428571,0.0135125343,0.0136379300,0.0145451075,0.0114758427,0.0140125000
2009-03-11,0.0131033536,0.0133980224,0.0134053500,0.0131200000,0.0127694862,0.0130250000,0.0126761400,0.0125588600,0.0138687575,0.0110657601,0.0140125000
2009-03-10,0.0132457491,0.0135313557,0.0135677400,0.0133504000,0.0128659181,0.0130000000,0.0128289120,0.0126292600,0.0143712575,0.0112789579,0.0140125000
2009-03-09,0.0143211209,0.0146166667,0.0136726750,0.0133900000,0.0129826183,0.0132035714,0.0130145933,0.0130944075,0.0143712575,0.0112266942,0.0140125000
2009-03-06,0.0147467990,0.0150375000,0.0133520000,0.0128540000,0.0125824450,0.0129250000,0.0128320550,0.0131768333,0.0144312575,0.0112057539,0.0140125000
2009-03-05,0.0129565539,0.0132000000,0.0125973333,0.0122133333,0.0118152434,0.0120000000,0.0119145525,0.0116649133,0.0132225266,0.0102325274,0.0128875936
2009-03-04,0.0113349796,0.0115375000,0.0113991867,0.0111640000,0.0108047884,0.0109833333,0.0108806433,0.0108676950,0.0127500000,0.0098335473,0.0124742230
2009-03-03,0.0127833840,0.0130000000,0.0125379800,0.0121840000,0.0118154912,0.0120400000,0.0119269233,0.0117632675,0.0133200000,0.0102384877,0.0130813775
2009-03-02,0.0118595545,0.0120495947,0.0118629350,0.0118966667,0.0114203926,0.0115250000,0.0114647900,0.0116021975,0.0129450000,0.0099166550,0.0127613683
2009-02-27,0.0119692150,0.0121500000,0.0117250075,0.0114675000,0.0109801451,0.0110571429,0.0111250000,0.0113363333,0.0127164353,0.0097086780,0.0125836465
2009-02-26,0.0115862521,0.0118625000,0.0114180060,0.0112520000,0.0108459544,0.0110000000,0.0112000000,0.0105684200,0.0119188354,0.0090690144,0.0118391597
2009-02-25,0.0116832168,0.0120647500,0.0117312575,0.0114167500,0.0111863396,0.0115375000,0.0115796504,0.0117862500,0.0133638128,0.0101341707,0.0133248821
2009-02-24,0.0119512559,0.0124477850,0.0122977875,0.0120442500,0.0117846190,0.0121428571,0.0120313333,0.0119189475,0.0135870014,0.0102686420,0.0135988614
2009-02-23,0.0118914844,0.0124921516,0.0123480000,0.0116300000,0.0113077496,0.0115833333,0.0119806667,0.0123136140,0.0141124439,0.0106297533,0.0141783956
2009-02-20,0.0113981732,0.0120770000,0.0115345000,0.0109996667,0.0106605000,0.0108900000,0.0111380000,0.0112440000,0.0129559274,0.0097257035,0.0130658992
2009-02-19,0.0098420759,0.0105180000,0.0100642500,0.0094982000,0.0092365429,0.0094571429,0.0098184700,0.0098745000,0.0114391502,0.0085581095,0.0115800515
2009-02-18,0.0098155936,0.0105800000,0.0100300000,0.0096025000,0.0093213401,0.0095166667,0.0098176025,0.0100862500,0.0117473350,0.0087590094,0.0119371876
2009-02-17,0.0097609449,0.0106116667,0.0101533333,0.0096633333,0.0093783821,0.0095625000,0.0097111025,0.0098550000,0.0115397721,0.0085752035,0.0117707960
2009-02-16,0.0091859250,0.0100725000,0.0096150000,0.0090666667,0.0087686451,0.0089000000,0.0089240000,0.0091117500,0.0107268789,0.0079442361,0.0109831752
2009-02-13,0.0087432819,0.0096696667,0.0093012500,0.0088092000,0.0086235976,0.0088500000,0.0089060000,0.0091697500,0.0108532562,0.0080106984,0.0111547676
2009-02-12,0.0085449433,0.0095316667,0.0089734000,0.0086241667,0.0084089232,0.0085861111,0.0087614000,0.0089313333,0.0106279581,0.0078179290,0.0109646870
2009-02-11,0.0082900982,0.0093270000,0.0088492500,0.0083515000,0.0081734965,0.0083678571,0.0085056360,0.0087060000,0.0104155733,0.0076358366,0.0107863751
2009-02-10,0.0068847627,0.0078125700,0.0084002500,0.0084326667,0.0082420777,0.0084178571,0.0085892240,0.0088182500,0.0106066417,0.0077496646,0.0110259540
2009-02-09,0.0080618170,0.0092270000,0.0087326667,0.0084344000,0.0082403841,0.0084035714,0.0086056240,0.0088100000,0.0106537470,0.0077578066,0.0111169740
2009-02-06,0.0080350226,0.0092755000,0.0091040000,0.0085668000,0.0083761307,0.0085392857,0.0086836240,0.0088808000,0.0107971600,0.0078356977,0.0113094031
2009-02-05,0.0075549846,0.0087964300,0.0086833333,0.0088700000,0.0085080411,0.0085000000,0.0087176000,0.0089702500,0.0109646046,0.0079303557,0.0115284004
2009-02-04,0.0075330793,0.0088464300,0.0092300000,0.0090750000,0.0086303288,0.0085392857,0.0086926000,0.0089022000,0.0109399856,0.0078858408,0.0115461917
2009-02-03,0.0074687839,0.0088464300,0.0087166667,0.0086666667,0.0084360687,0.0085343750,0.0086926000,0.0089022000,0.0109988614,0.0079015182,0.0116524079
2009-02-02,0.0081181359,0.0096983333,0.0092422500,0.0087887500,0.0085819570,0.0087000000,0.0089715000,0.0091692500,0.0113897758,0.0081547294,0.0121123680
2009-01-30,0.0078332060,0.0094385000,0.0089720000,0.0085743333,0.0084042672,0.0085428571,0.0087775000,0.0089520000,0.0111797583,0.0079773446,0.0119341703
2009-01-29,0.0075160009,0.0091342500,0.0085541667,0.0083093333,0.0082027943,0.0083886364,0.0086751867,0.0088202000,0.0110744394,0.0078755202,0.0118666328
2009-01-28,0.0073525259,0.0090125000,0.0083312500,0.0080700000,0.0078656137,0.0079333333,0.0080922500,0.0083637500,0.0105578464,0.0074828045,0.0113560429
2009-01-27,0.0068439598,0.0084613333,0.0083086000,0.0077445000,0.0076878970,0.0078888889,0.0080672500,0.0083380000,0.0105819856,0.0074745971,0.0114252256
2009-01-26,0.0072667147,0.0090613333,0.0087746000,0.0082175000,0.0081285334,0.0083025000,0.0084695483,0.0086684000,0.0110605111,0.0077862327,0.0119872276
2009-01-23,0.0069145571,0.0086964300,0.0087100000,0.0084475000,0.0083495968,0.0085125000,0.0087062500,0.0088887500,0.0114027058,0.0080000310,0.0124050184
2009-01-22,0.0073431700,0.0093150000,0.0087325000,0.0079260000,0.0079663943,0.0082500000,0.0084206240,0.0086804000,0.0111953570,0.0078280439,0.0122256898
2009-01-21,0.0072857061,0.0093216667,0.0089200000,0.0082440000,0.0082269732,0.0084500000,0.0085644700,0.0088506667,0.0114763866,0.0079974593,0.0125801706
2009-01-20,0.0070246267,0.0090650000,0.0089200000,0.0080000000,0.0080846705,0.0084000000,0.0085732500,0.0088507500,0.0115382578,0.0080134341,0.0126960181
2009-01-19,0.0052473476,0.0068297850,0.0074124000,0.0073112000,0.0072308016,0.0073444444,0.0075349033,0.0077547500,0.0101638663,0.0070350783,0.0112261844
2009-01-16,0.0057590533,0.0075603333,0.0074950000,0.0069307500,0.0069216854,0.0070916667,0.0073334800,0.0075016667,0.0098850730,0.0068190117,0.0109597096
2009-01-15,0.0056679469,0.0075047850,0.0078754598,0.0078610000,0.0077845762,0.0079000000,0.0081438225,0.0082947500,0.0109889551,0.0075549138,0.0122298603
2009-01-14,0.0053738599,0.0071766450,0.0076806667,0.0074990000,0.0074597434,0.0075964286,0.0077863975,0.0079250000,0.0105556103,0.0072324930,0.0117921876
2009-01-13,0.0052245837,0.0070373550,0.0079973333,0.0073022500,0.0073142534,0.0074916667,0.0076974400,0.0079332500,0.0106234651,0.0072544156,0.0119130554
2009-01-12,0.0048687404,0.0066145000,0.0071167500,0.0068217500,0.0068005677,0.0069250000,0.0070025543,0.0072666667,0.0097832076,0.0066580809,0.0110124557
2009-01-09,0.0047436246,0.0065000000,0.0067581475,0.0068383333,0.0066360200,0.0065708333,0.0066382500,0.0068610000,0.0092867644,0.0062988866,0.0104933285
2009-01-08,0.0045687615,0.0063142850,0.0066142115,0.0067103333,0.0065988886,0.0066142857,0.0066694240,0.0067770000,0.0092224322,0.0062341378,0.0104602062
2009-01-07,0.0042505000,0.0059250000,0.0064256667,0.0063143333,0.0061217718,0.0060428571,0.0061087500,0.0063016000,0.0086216383,0.0058083434,0.0098159086
2009-01-06,0.0058202492,0.0081830000,0.0069608000,0.0069012500,0.0065931506,0.0064062500,0.0065208657,0.0066191429,0.0091048270,0.0061131597,0.0104053895
2009-01-05,0.0064966840,0.0092126667,0.0082776000,0.0082450000,0.0078778790,0.0076472222,0.0077959317,0.0078550000,0.0108629333,0.0072689673,0.0124617688
2009-01-02,0.0067796334,0.0096966667,0.0079513333,0.0075946667,0.0077376179,0.0080004000,0.0081128100,0.0082877500,0.0115230791,0.0076846786,0.0132692707
2009-01-01,0.0066362737,0.0095733333,0.0080713333,0.0078146667,0.0077932545,0.0078788571,0.0081128100,0.0082877500,0.0115850929,0.0076999561,0.0133913378
2008-12-31,0.0065796326,0.0095733333,0.0080713333,0.0078146667,0.0077974717,0.0078788571,0.0081128100,0.0082877500,0.0116474404,0.0077152640,0.0135145279
2008-12-30,0.0065008973,0.0095402000,0.0082396008,0.0080082500,0.0079093932,0.0079021429,0.0080624000,0.0081716667,0.0115461043,0.0076223227,0.0134478171
2008-12-29,0.0066015666,0.0097713333,0.0083921008,0.0082050000,0.0080922514,0.0080646667,0.0081410300,0.0081716667,0.0116082420,0.0076374762,0.0135715267
2008-12-26,0.0065452218,0.0097713333,0.0085910000,0.0083245000,0.0081597349,0.0080732857,0.0080927500,0.0081246667,0.0116035891,0.0076086449,0.0136175986
2008-12-25,0.0065548846,0.0098700000,0.0084840000,0.0083837500,0.0081978782,0.0080826000,0.0082545150,0.0086485000,0.0124181974,0.0081153096,0.0146289339
2008-12-24,0.0064989383,0.0098700000,0.0084840000,0.0083837500,0.0082023144,0.0080826000,0.0082545150,0.0086485000,0.0124850284,0.0081314432,0.0147635089
2008-12-23,0.0064614223,0.0098975000,0.0082692000,0.0083472500,0.0081739873,0.0080532500,0.0082545150,0.0086485000,0.0125522192,0.0081476089,0.0148993219
2008-12-22,0.0063200260,0.0097642500,0.0084351667,0.0083632000,0.0082037185,0.0080877143,0.0080958940,0.0080925000,0.0118084640,0.0076389670,0.0140697161
2008-12-19,0.0062741059,0.0097767500,0.0084013333,0.0083806000,0.0083182112,0.0082888000,0.0083334300,0.0082810000,0.0121485505,0.0078324431,0.0145298899
2008-12-18,0.0062717750,0.0098572500,0.0087880000,0.0080481667,0.0080313856,0.0080375000,0.0081402650,0.0082844000,0.0122189452,0.0078512365,0.0146695743
2008-12-17,0.0067254845,0.0106613333,0.0095800000,0.0087210000,0.0087185452,0.0087315000,0.0091446067,0.0090610000,0.0134363023,0.0086043025,0.0161923355
2008-12-16,0.0067356095,0.0106140000,0.0093600833,0.0081880000,0.0083407299,0.0085021250,0.0086290000,0.0088036667,0.0131249665,0.0083765594,0.0158771982
2008-12-15,0.0067479845,0.0105423333,0.0093203333,0.0082042500,0.0083714321,0.0085386250,0.0086670100,0.0088856667,0.0133185090,0.0084713893,0.0161725018
2008-12-12,0.0067806515,0.0103300000,0.0094375000,0.0068350000,0.0076053448,0.0084500000,0.0086388433,0.0087986000,0.0132589809,0.0084050584,0.0161613515
2008-12-11,0.0068174860,0.0098350000,0.0089000000,0.0065600000,0.0072875145,0.0080750000,0.0082482580,0.0084153333,0.0127496679,0.0080549161,0.0155995596
2008-12-10,0.0068174860,0.0044000000,0.0081063333,0.0071558000,0.0075799315,0.0080000000,0.0080474000,0.0082420000,0.0125542605,0.0079046901,0.0154187987
2008-12-09,0.0075094860,0.0093400000,0.0083487500,0.0074200000,0.0074364785,0.0074178571,0.0075259180,0.0077152500,0.0118151573,0.0074142083,0.0145661522
2008-12-08,0.0076278580,0.0072841425,0.0083314000,0.0081406000,0.0082500224,0.0083125000,0.0082978225,0.0085975000,0.0132370944,0.0082784590,0.0163811331
2008-12-05,0.0067115670,0.0096250000,0.0089750000,0.0081078571,0.0084505342,0.0087472222,0.0089460000,0.0094887500,0.0146879256,0.0091548000,0.0182455799
2008-12-04,0.0067115670,0.0054490000,0.0089533333,0.0066743333,0.0074565442,0.0082642857,0.0083344286,0.0082575000,0.0128508253,0.0079827215,0.0160241190
2008-12-03,0.0067115670,0.0064500000,0.0067012210,0.0065410000,0.0072628436,0.0079916667,0.0080742544,0.0082522800,0.0129118173,0.0079935352,0.0161613058
2008-12-02,0.0061425570,0.0058922667,0.0062840180,0.0066436667,0.0070650996,0.0074375000,0.0075722200,0.0077887729,0.0122521818,0.0075595599,0.0153938923
2008-12-01,0.0040209634,0.0038500000,0.0047250000,0.0060330000,0.0065550640,0.0070428571,0.0070405800,0.0072005300,0.0113878001,0.0070025220,0.0143621938
2008-11-28,0.0058333340,0.0055750000,0.0057210000,0.0056160000,0.0060454201,0.0064281250,0.0064890580,0.0066200343,0.0105260781,0.0064507884,0.0133258055
2008-11-27,0.0057467867,0.0054821450,0.0056270000,0.0057641333,0.0061145250,0.0064000000,0.0064428820,0.0066322186,0.0106022041,0.0064755092,0.0134731447
2008-11-26,0.0058778512,0.0055968213,0.0061465333,0.0059036000,0.0061428430,0.0063000000,0.0064243225,0.0066590480,0.0107023821,0.0065146304,0.0136520918
2008-11-25,0.0056993712,0.0054168550,0.0063650000,0.0058657500,0.0062892387,0.0066392857,0.0067308829,0.0068898233,0.0111328760,0.0067538010,0.0142551586
2008-11-24,0.0063837899,0.0060561450,0.0064120000,0.0065727500,0.0068737517,0.0070700000,0.0071579000,0.0074113750,0.0120400711,0.0072794992,0.0154753211
2008-11-21,0.0073682211,0.0069771450,0.0069742667,0.0071210000,0.0073607423,0.0074750000,0.0076569180,0.0079058940,0.0129125563,0.0077806564,0.0166597615
2008-11-20,0.0073473859,0.0069445700,0.0072967357,0.0076823333,0.0079766812,0.0081281250,0.0081061929,0.0084584850,0.0138894421,0.0083410433,0.0179881827
2008-11-19,0.0068894315,0.0064997000,0.0073840000,0.0077107500,0.0079942075,0.0081250000,0.0082320322,0.0083792067,0.0138333097,0.0082792926,0.0179835125
2008-11-18,0.0072491369,0.0068264300,0.0070660000,0.0075365000,0.0077549654,0.0078142857,0.0078732350,0.0079347060,0.0131699769,0.0078556787,0.0171861806
2008-11-17,0.0062069968,0.0058342667,0.0066980727,0.0067686000,0.0073077404,0.0077178571,0.0077671988,0.0079340783,0.0132398065,0.0078706735,0.0173429083
2008-11-14,0.0066296136,0.0062200000,0.0066000000,0.0066750667,0.0070532344,0.0072825000,0.0073501467,0.0073991420,0.0124135927,0.0073546043,0.0163223888
2008-11-13,0.0062634214,0.0058655833,0.0065000000,0.0067311429,0.0072244456,0.0075685000,0.0076097511,0.0077814622,0.0131252723,0.0077500000,0.0173236932
2008-11-12,0.0062383663,0.0058313333,0.0065000000,0.0067257143,0.0072232383,0.0075638889,0.0076718433,0.0078429338,0.0133198911,0.0078500000,0.0176735100
2008-11-11,0.0063311590,0.0059071450,0.0060058667,0.0065760000,0.0069195869,0.0070916667,0.0071700000,0.0072695000,0.0122492000,0.0071000000,0.0161000000
2008-11-10,0.0055072771,0.0051289533,0.0055590000,0.0055040000,0.0062515242,0.0069083333,0.0070378333,0.0071921667,0.0122492000,0.0075167673,0.0161000000
2008-11-07,0.0059342135,0.0055163575,0.0060730000,0.0064680000,0.0069496487,0.0072571429,0.0074150000,0.0074916667,0.0124976000,0.0080652245,0.0161000000
2008-11-06,0.0056842135,0.0046970000,0.0051847500,0.0057400000,0.0062939502,0.0067000000,0.0068684000,0.0075465000,0.0126927500,0.0086273077,0.0161000000
2008-11-05,0.0056842135,0.0047877850,0.0052347500,0.0053800000,0.0061329707,0.0067800000,0.0069096000,0.0070746000,0.0119653000,0.0087813230,0.0161000000
2008-11-04,0.0054342115,0.0042632500,0.0049042000,0.0052915714,0.0057759960,0.0061075833,0.0061957143,0.0062290000,0.0092568592,0.0078347670,0.0161000000
2008-11-03,0.0046642115,0.0046980000,0.0053740882,0.0056567500,0.0060338840,0.0062281250,0.0063416000,0.0063980000,0.0080387000,0.0075500000,0.0161000000
2008-10-31,0.0051941383,0.0046500000,0.0053518000,0.0060402371,0.0063093681,0.0063705693,0.0064903870,0.0060852900,0.0065738200,0.0078000000,0.0161000000
2008-10-30,0.0055206416,0.0048338000,0.0054288000,0.0059395000,0.0063436915,0.0065422151,0.0065966210,0.0067471317,0.0086330500,0.0080750000,0.0161000000
2008-10-29,0.0057155917,0.0055922500,0.0065241241,0.0069014344,0.0072780795,0.0074031224,0.0076321441,0.0075014002,0.0079706983,0.0083250000,0.0161000000
2008-10-28,0.0055083195,0.0057833333,0.0066200000,0.0071833333,0.0076013102,0.0077500000,0.0078518750,0.0077607143,0.0083850400,0.0092250000,0.0161000000
2008-10-27,0.0055333195,0.0062740000,0.0068766667,0.0074500000,0.0078604504,0.0079821429,0.0080221690,0.0083100000,0.0084275600,0.0092750000,0.0161000000
2008-10-24,0.0054583195,0.0063938000,0.0069395213,0.0071691111,0.0078053085,0.0081700714,0.0083486428,0.0083468000,0.0083573400,0.0090750000,0.0161000000
2008-10-23,0.0057431450,0.0062318194,0.0064664000,0.0066965000,0.0073023448,0.0076474724,0.0077577361,0.0080752423,0.0082573400,0.0077250000,0.0161000000
2008-10-22,0.0054200000,0.0048750000,0.0055430000,0.0059250000,0.0065706788,0.0069904211,0.0068995528,0.0071921781,0.0074915500,0.0070750000,0.0161000000
2008-10-21,0.0053385915,0.0046833333,0.0052900000,0.0056705000,0.0061209551,0.0063316712,0.0063574426,0.0063623812,0.0071220000,0.0069000000,0.0161000000
2008-10-20,0.0048794969,0.0041750000,0.0049760000,0.0059342500,0.0065484649,0.0069174271,0.0068271814,0.0071183509,0.0075665500,0.0071000000,0.0161000000
2008-10-17,0.0063255855,0.0052788000,0.0057282164,0.0060415000,0.0066503376,0.0070000983,0.0068211429,0.0071241429,0.0076361500,0.0073500000,0.0161000000
2008-10-16,0.0061710400,0.0050228000,0.0054140000,0.0054698750,0.0060418833,0.0063746875,0.0062551211,0.0062280846,0.0070295333,0.0073000000,0.0122216490
2008-10-15,0.0061710400,0.0049628000,0.0053768000,0.0055227143,0.0060104325,0.0062413797,0.0061281533,0.0059372168,0.0056679575,0.0059929905,0.0076686505
2008-10-14,0.0060241055,0.0041980000,0.0046235000,0.0047081667,0.0051662030,0.0054030993,0.0056418571,0.0058788000,0.0077250000,0.0089973562,0.0103842357
2008-10-13,0.0063961126,0.0048500000,0.0053750000,0.0053050000,0.0060896819,0.0066555778,0.0065040000,0.0065500000,0.0071319000,0.0091500000,0.0095250000
2008-10-10,0.0069041055,0.0061250000,0.0065168632,0.0062333333,0.0075006026,0.0085838872,0.0085899178,0.0090019433,0.0092364550,0.0104000000,0.0107750000
2008-10-09,0.0037147892,0.0038778067,0.0048750000,0.0062729152,0.0070464854,0.0075200000,0.0074488122,0.0073743871,0.0088114191,0.0078556417,0.0078135966
2008-10-08,0.0033413966,0.0041042454,0.0052827493,0.0067160907,0.0074631621,0.0078704843,0.0079733504,0.0077135066,0.0094000000,0.0087852325,0.0092606115
2008-10-07,0.0037616467,0.0045155856,0.0059580544,0.0076219062,0.0084830948,0.0089505021,0.0091415220,0.0091023067,0.0090489670,0.0088657200,0.0099041567
2008-10-06,0.0040008067,0.0047533150,0.0066750000,0.0082016639,0.0092745724,0.0099379578,0.0098533737,0.0097470404,0.0100632406,0.0107889851,0.0107859483
2008-10-03,0.0039106550,0.0047711058,0.0065387011,0.0077430594,0.0087854127,0.0094413049,0.0094669537,0.0093128479,0.0100113178,0.0125000000,0.0130000000
2008-10-02,0.0043398317,0.0051325683,0.0067255746,0.0085421089,0.0096073881,0.0102299809,0.0101236497,0.0100340416,0.0110140528,0.0119158250,0.0119761233
2008-10-01,0.0048653817,0.0060907025,0.0086533689,0.0098649347,0.0111157755,0.0118528705,0.0129340458,0.0122148195,0.0130762199,0.0125250000,0.0161000000
2008-09-30,0.0062525000,0.0063150000,0.0086666667,0.0111500000,0.0121862197,0.0125982530,0.0127622755,0.0129104114,0.0132602071,0.0133250000,0.0161000000
2008-09-29,0.0056498800,0.0064018367,0.0093566667,0.0112335443,0.0127824624,0.0137520803,0.0139007689,0.0138955863,0.0141597732,0.0145333333,0.0161000000
2008-09-26,0.0043550000,0.0063370000,0.0086006667,0.0107061078,0.0120154825,0.0127442987,0.0127639468,0.0127853153,0.0132195562,0.0122687318,0.0125644483
2008-09-25,0.0035650000,0.0058873662,0.0077155454,0.0095220219,0.0107892122,0.0115484682,0.0117229894,0.0118796878,0.0116084834,0.0118791545,0.0121644483
2008-09-24,0.0035400000,0.0056441667,0.0076366667,0.0091100692,0.0103943453,0.0111983918,0.0112307107,0.0112787756,0.0120836671,0.0114198933,0.0115862801
2008-09-23,0.0033900000,0.0055254300,0.0073932619,0.0091430182,0.0103228143,0.0110001516,0.0111199292,0.0112076804,0.0113715362,0.0112132622,0.0114362801
2008-09-22,0.0045230461,0.0052302244,0.0065583836,0.0080951073,0.0092712791,0.0100174617,0.0104267486,0.0104332010,0.0100529850,0.0099420532,0.0105605250
2008-09-19,0.0041250000,0.0054908927,0.0073735847,0.0091910242,0.0103742844,0.0110423713,0.0111373536,0.0111632581,0.0111658453,0.0112228814,0.0115581266
2008-09-18,0.0047050000,0.0069450610,0.0091916838,0.0121789357,0.0134106644,0.0139190686,0.0137247485,0.0140699734,0.0146663344,0.0149818715,0.0149596970
2008-09-17,0.0052175000,0.0076090013,0.0101357622,0.0124588060,0.0141580581,0.0151585914,0.0153082815,0.0154374989,0.0155259042,0.0167336512,0.0173806252
2008-09-16,0.0064571979,0.0067687340,0.0098969405,0.0122793011,0.0139561520,0.0149380734,0.0147422642,0.0152402351,0.0159794596,0.0148908401,0.0154217733
2008-09-15,0.0049394691,0.0061483074,0.0083209230,0.0103175979,0.0118177205,0.0127419135,0.0129649778,0.0130724545,0.0127555272,0.0125547400,0.0132008266
2008-09-12,0.0033425000,0.0048645622,0.0065525582,0.0080114637,0.0092157903,0.0099748893,0.0100644319,0.0102795328,0.0102267460,0.0098000000,0.0117500000
2008-09-11,0.0032925000,0.0049855090,0.0066444937,0.0081506498,0.0093427985,0.0100722267,0.0102911862,0.0103972990,0.0104105275,0.0101083333,0.0145500000
2008-09-10,0.0031650000,0.0046530691,0.0063011334,0.0076297040,0.0087813968,0.0095015015,0.0096608436,0.0097863758,0.0096726417,0.0099500000,0.0114500000
2008-09-09,0.0030125000,0.0046133741,0.0061919904,0.0075631032,0.0087013546,0.0094070921,0.0095881334,0.0097250206,0.0096726417,0.0096000000,0.0112000000
2008-09-08,0.0034910536,0.0044263813,0.0059391642,0.0073051972,0.0083818301,0.0090330917,0.0092064696,0.0093566082,0.0090836333,0.0091833251,0.0099316916
2008-09-05,0.0038937862,0.0049796517,0.0067863041,0.0083082710,0.0095023558,0.0102035559,0.0104027848,0.0105931005,0.0108816177,0.0105666667,0.0120250000
2008-09-04,0.0036450282,0.0047333528,0.0063832680,0.0077940040,0.0089469311,0.0096382049,0.0097957096,0.0100266679,0.0100245766,0.0097000000,0.0114250000
2008-09-03,0.0035064964,0.0045113076,0.0061591825,0.0074324350,0.0085806771,0.0092924357,0.0094468225,0.0096609318,0.0096251266,0.0093666667,0.0110750000
2008-09-02,0.0034148633,0.0042500700,0.0058387087,0.0071564635,0.0082691588,0.0089588184,0.0090548542,0.0092796025,0.0091462084,0.0092472750,0.0096431976
2008-09-01,0.0035301294,0.0042501778,0.0060700000,0.0076146853,0.0087451668,0.0094128195,0.0095476472,0.0097385505,0.0095652833,0.0094666667,0.0113750000
2008-08-29,0.0035313736,0.0042576354,0.0061073021,0.0075570260,0.0086742953,0.0093274288,0.0093912904,0.0096625166,0.0095652833,0.0094666667,0.0113750000
2008-08-28,0.0036268312,0.0043665950,0.0062500849,0.0077050235,0.0089019947,0.0096306173,0.0097533960,0.0099488997,0.0100240144,0.0095333333,0.0116750000
2008-08-27,0.0035396140,0.0046939671,0.0062841604,0.0076203736,0.0088290273,0.0095744061,0.0096748200,0.0099043148,0.0099615416,0.0096000000,0.0113000000
2008-08-26,0.0034456481,0.0046139036,0.0061907471,0.0075055415,0.0086876402,0.0094079064,0.0095453041,0.0097522917,0.0096048516,0.0094666667,0.0112500000
2008-08-25,0.0032632464,0.0044415283,0.0058728595,0.0071479303,0.0083131319,0.0090412684,0.0090948211,0.0092601233,0.0092225444,0.0092000000,0.0110000000
2008-08-22,0.0032632464,0.0044415283,0.0058728595,0.0071479303,0.0083149605,0.0090412684,0.0091316971,0.0093235894,0.0092225444,0.0092000000,0.0110000000
2008-08-21,0.0032557597,0.0044890128,0.0060586738,0.0072649182,0.0084130317,0.0091027493,0.0092596398,0.0094444959,0.0094168477,0.0093666667,0.0108500000
2008-08-20,0.0031079627,0.0042036162,0.0058609151,0.0070881183,0.0081096460,0.0086652294,0.0088074998,0.0090228967,0.0088342500,0.0090000000,0.0105500000
2008-08-19,0.0031281368,0.0041931901,0.0058478868,0.0071074745,0.0081197736,0.0086594184,0.0087691665,0.0089823664,0.0090764060,0.0088750000,0.0102750000
2008-08-18,0.0028749341,0.0040840086,0.0053237445,0.0067029315,0.0075590748,0.0079542213,0.0080932536,0.0082671990,0.0082371595,0.0081250000,0.0098500000
2008-08-15,0.0028904599,0.0040840086,0.0053070778,0.0067029315,0.0075553735,0.0079429389,0.0080807167,0.0082672565,0.0085032295,0.0081500000,0.0099000000
2008-08-14,0.0029366941,0.0040466496,0.0053779580,0.0067448767,0.0076649193,0.0081205278,0.0082228857,0.0084270270,0.0083218100,0.0082000000,0.0098500000
2008-08-13,0.0028510603,0.0036420104,0.0051752500,0.0065786237,0.0074699408,0.0079040802,0.0081099950,0.0082805250,0.0084284508,0.0080500000,0.0080120257
2008-08-12,0.0027878901,0.0036754508,0.0050984940,0.0061290000,0.0071044641,0.0076706835,0.0078374850,0.0080280361,0.0079249826,0.0078500000,0.0079620257
2008-08-11,0.0028020572,0.0037889804,0.0051679710,0.0061653143,0.0071542748,0.0077294041,0.0079014426,0.0080578660,0.0083209268,0.0079250000,0.0080370257
2008-08-08,0.0028043524,0.0038350679,0.0053316856,0.0065202663,0.0074677089,0.0079595476,0.0081386825,0.0083791109,0.0082706105,0.0080666667,0.0080026822
2008-08-07,0.0027807908,0.0034645222,0.0054247863,0.0064457177,0.0073926154,0.0078870188,0.0080677313,0.0082273045,0.0081372613,0.0078666667,0.0078776822
2008-08-06,0.0027493580,0.0036965226,0.0052598495,0.0064550792,0.0073270026,0.0077330000,0.0079085411,0.0080913367,0.0079095822,0.0078333333,0.0079026822
2008-08-05,0.0028429064,0.0037166508,0.0051108000,0.0064100954,0.0073246841,0.0077789175,0.0079624849,0.0080708317,0.0079656183,0.0077666667,0.0082026822
2008-08-04,0.0029548809,0.0041342349,0.0057162120,0.0068512258,0.0078322920,0.0083181029,0.0084982196,0.0087427622,0.0089871535,0.0086500000,0.0083480005
2008-08-01,0.0028473868,0.0039385238,0.0056993034,0.0067848636,0.0077331276,0.0081845165,0.0083382306,0.0085375782,0.0082253428,0.0084250000,0.0080979076
2008-07-31,0.0026991460,0.0038414891,0.0053833333,0.0066161111,0.0074843899,0.0078585565,0.0079959711,0.0081815460,0.0081707259,0.0080000000,0.0077126018
2008-07-30,0.0026325440,0.0036398037,0.0052714811,0.0063186477,0.0071825196,0.0075748011,0.0077022329,0.0079041837,0.0079208500,0.0077333333,0.0077876018
2008-07-29,0.0026825440,0.0036387642,0.0055269177,0.0061772718,0.0072220744,0.0078302911,0.0079761137,0.0081887173,0.0079041184,0.0079000000,0.0078878901
2008-07-28,0.0026926910,0.0035921594,0.0053668759,0.0064245292,0.0073320806,0.0077566254,0.0078736844,0.0080290933,0.0081086500,0.0079000000,0.0077701664
2008-07-25,0.0026756809,0.0035415084,0.0054131956,0.0063149789,0.0073811404,0.0079936229,0.0080143033,0.0081235378,0.0081587000,0.0080333333,0.0078631796
2008-07-24,0.0027006810,0.0038937218,0.0054783293,0.0062343525,0.0072788870,0.0078707515,0.0078771050,0.0079918800,0.0075747269,0.0082083333,0.0079631796
2008-07-23,0.0027736495,0.0040231148,0.0054395600,0.0066785583,0.0076111370,0.0080297667,0.0081725184,0.0083524016,0.0080226650,0.0078695433,0.0078274293
2008-07-22,0.0029589798,0.0043075646,0.0057200000,0.0073766352,0.0084069210,0.0088656619,0.0090286705,0.0091392763,0.0090247018,0.0090636800,0.0091452648
2008-07-21,0.0031351287,0.0043725614,0.0056816448,0.0067718842,0.0079480208,0.0086280562,0.0086346953,0.0087694285,0.0086141736,0.0090000000,0.0083789809
2008-07-18,0.0029391746,0.0039273235,0.0059133333,0.0074142222,0.0083831598,0.0087632127,0.0088862769,0.0090347500,0.0090696191,0.0090250000,0.0091603685
2008-07-17,0.0030188157,0.0043787645,0.0062560475,0.0078261337,0.0088117712,0.0091685698,0.0093088496,0.0094350897,0.0093806014,0.0093666667,0.0096603685
2008-07-16,0.0032869632,0.0051573861,0.0068157848,0.0084714353,0.0096307519,0.0101133444,0.0102443442,0.0104183833,0.0106180317,0.0101523126,0.0106457934
2008-07-15,0.0032369632,0.0046459127,0.0069778454,0.0084420125,0.0096031568,0.0100860803,0.0102396441,0.0104809818,0.0106140517,0.0103271158,0.0106465183
2008-07-14,0.0032771164,0.0048740087,0.0065042263,0.0080271437,0.0090543540,0.0094254748,0.0093278564,0.0096846649,0.0091329272,0.0098064767,0.0090001169
2008-07-11,0.0035532937,0.0051961306,0.0071583426,0.0086602950,0.0099382837,0.0105207912,0.0107281651,0.0109131347,0.0110554100,0.0109366350,0.0109816601
2008-07-10,0.0033232125,0.0047781700,0.0069333906,0.0085172256,0.0097497006,0.0102908602,0.0105248557,0.0106694111,0.0105605711,0.0101532244,0.0107197117
2008-07-09,0.0035044545,0.0049542558,0.0070077564,0.0087904629,0.0099213752,0.0103206781,0.0104577544,0.0106870611,0.0108612088,0.0105931025,0.0113315183
2008-07-08,0.0037299595,0.0051846165,0.0078048852,0.0098026706,0.0110464999,0.0114680659,0.0116068401,0.0118986374,0.0122918000,0.0106875000,0.0110576277
2008-07-07,0.0036696956,0.0051902077,0.0072134539,0.0089764873,0.0103758110,0.0110441386,0.0112046028,0.0113496195,0.0115680751,0.0110428560,0.0114292884
2008-07-04,0.0035232504,0.0047537500,0.0072160738,0.0092288516,0.0102605965,0.0105002755,0.0106094000,0.0107978000,0.0106156790,0.0102312500,0.0105080134
2008-07-03,0.0035339822,0.0044912121,0.0071015884,0.0090548648,0.0101701246,0.0105095152,0.0106334000,0.0108934545,0.0106906790,0.0101000000,0.0105830134
2008-07-02,0.0034191624,0.0045380203,0.0072416667,0.0093314286,0.0103161118,0.0104882979,0.0106288889,0.0108188889,0.0114159667,0.0107000000,0.0105039545
2008-07-01,0.0033924996,0.0048333758,0.0072793588,0.0089451520,0.0102089802,0.0107104331,0.0108493750,0.0110388889,0.0113914333,0.0105333333,0.0103039545
2008-06-30,0.0033897067,0.0048271979,0.0070117037,0.0085658568,0.0097624313,0.0102231370,0.0103882222,0.0106322500,0.0099860540,0.0105250000,0.0102507005
2008-06-27,0.0034504527,0.0050122628,0.0072412992,0.0087440681,0.0099049527,0.0103047926,0.0106656424,0.0106597036,0.0107485023,0.0113333333,0.0105578796
2008-06-26,0.0033346962,0.0050015405,0.0068367057,0.0084585961,0.0095566961,0.0099122945,0.0102869870,0.0104328849,0.0103525654,0.0113000000,0.0101261621
2008-06-25,0.0031546150,0.0042699518,0.0071960000,0.0081467247,0.0091483887,0.0094269691,0.0095443029,0.0097340914,0.0101519659,0.0098250000,0.0095295638
2008-06-24,0.0030700551,0.0045824312,0.0064095523,0.0077767305,0.0088323035,0.0092008041,0.0096574033,0.0099734492,0.0099830923,0.0098500000,0.0093045638
2008-06-23,0.0028480893,0.0042795567,0.0055609301,0.0071508069,0.0080818925,0.0083744237,0.0086417887,0.0086484795,0.0090482750,0.0091750000,0.0088089330
2008-06-20,0.0026669614,0.0042209426,0.0061254344,0.0068128453,0.0078787296,0.0083498115,0.0085286320,0.0087289679,0.0092022307,0.0095333333,0.0084339086
2008-06-19,0.0024942886,0.0036500914,0.0049446367,0.0061272773,0.0070181721,0.0073634657,0.0075653023,0.0077665376,0.0077485724,0.0079152017,0.0079909124
2008-06-18,0.0024121789,0.0034054024,0.0048038836,0.0058137643,0.0067059763,0.0070823494,0.0073609652,0.0075714964,0.0076419433,0.0076300634,0.0071012986
2008-06-17,0.0023538579,0.0033911001,0.0046800266,0.0055748764,0.0064566076,0.0068437361,0.0070212584,0.0071413567,0.0074145303,0.0072250000,0.0069012986
2008-06-16,0.0023848540,0.0035452353,0.0048576791,0.0058257947,0.0067080978,0.0070659778,0.0072143441,0.0074579802,0.0075979281,0.0075572689,0.0079306900
2008-06-13,0.0025407623,0.0033583574,0.0051534106,0.0062292800,0.0070807877,0.0073597477,0.0076390564,0.0078396223,0.0078809382,0.0077250000,0.0073831121
2008-06-12,0.0025424986,0.0038229190,0.0053443896,0.0062961378,0.0072131341,0.0075530159,0.0079378817,0.0081474171,0.0079938874,0.0080376633,0.0082542349
2008-06-11,0.0025208320,0.0038300619,0.0052600146,0.0062519946,0.0071946706,0.0075641270,0.0077732282,0.0080250183,0.0080701099,0.0079376633,0.0083292349
2008-06-10,0.0026126576,0.0039007234,0.0051769744,0.0065299500,0.0074759463,0.0078160446,0.0080691374,0.0081309010,0.0080760900,0.0079147625,0.0088750000
2008-06-09,0.0025918560,0.0038025441,0.0051742932,0.0062221161,0.0072360307,0.0076813260,0.0079126272,0.0080613156,0.0078288140,0.0083333333,0.0073981861
2008-06-06,0.0022627462,0.0030278655,0.0051968768,0.0056355105,0.0065423089,0.0069296501,0.0070788840,0.0073625051,0.0071839310,0.0069750000,0.0066802237
2008-06-05,0.0022156021,0.0028633616,0.0045883333,0.0054079057,0.0063211078,0.0067382750,0.0069463533,0.0071863288,0.0068296667,0.0069250000,0.0067301187
2008-06-04,0.0022898959,0.0032477718,0.0046972389,0.0055488420,0.0064095947,0.0067493071,0.0069710958,0.0071690156,0.0069881566,0.0074000000,0.0066799166
2008-06-03,0.0021232043,0.0031729876,0.0043290645,0.0051897912,0.0060500582,0.0064265604,0.0066681459,0.0068626462,0.0065693000,0.0065250000,0.0063407128
2008-06-02,0.0020048133,0.0025268139,0.0043234382,0.0051101888,0.0059332371,0.0062742931,0.0064164071,0.0066889913,0.0063962667,0.0064500000,0.0061731784
2008-05-30,0.0019965705,0.0032545763,0.0042635732,0.0048209689,0.0056421489,0.0060114890,0.0061409744,0.0063169556,0.0058035708,0.0058831584,0.0056782558
2008-05-29,0.0023640671,0.0033247059,0.0045170445,0.0052567343,0.0060714873,0.0063813187,0.0065088248,0.0066787991,0.0064367133,0.0062288417,0.0061070462
2008-05-28,0.0024466099,0.0029234152,0.0045513787,0.0052943288,0.0061122418,0.0064185272,0.0065774052,0.0067018743,0.0065970301,0.0064742916,0.0061578655
2008-05-27,0.0025755507,0.0036312956,0.0049061583,0.0058099627,0.0067428457,0.0071148756,0.0072584031,0.0074379954,0.0072989266,0.0072750000,0.0073250365
2008-05-26,0.0023850000,0.0036090795,0.0047178403,0.0054741819,0.0063771067,0.0067513609,0.0069145600,0.0071875000,0.0072634500,0.0078750000,0.0073021554
2008-05-23,0.0023850000,0.0034937992,0.0047112803,0.0054702729,0.0063778483,0.0067547849,0.0069145600,0.0071875000,0.0072634500,0.0078750000,0.0073021554
2008-05-22,0.0022475983,0.0026731618,0.0044756731,0.0051880536,0.0060761445,0.0064614925,0.0065522946,0.0067666125,0.0066260667,0.0067000000,0.0068066817
2008-05-21,0.0020778809,0.0025939858,0.0040887700,0.0047550000,0.0055912466,0.0059670112,0.0060618180,0.0062785450,0.0063249750,0.0067750000,0.0065468511
2008-05-20,0.0021197943,0.0027724661,0.0040460564,0.0046686794,0.0053945311,0.0056547367,0.0058443943,0.0060890094,0.0064433250,0.0063402568,0.0064952766
2008-05-19,0.0019125719,0.0026790471,0.0040403827,0.0045496013,0.0052543380,0.0055026346,0.0056862591,0.0059915413,0.0061332533,0.0063766133,0.0063925200
2008-05-16,0.0020032779,0.0026420101,0.0041354524,0.0046140154,0.0053267363,0.0055739148,0.0057080426,0.0059245559,0.0065555417,0.0064933823,0.0063000000
2008-05-15,0.0024329514,0.0028685666,0.0042668942,0.0048449141,0.0056281728,0.0059234497,0.0060398311,0.0062397240,0.0066725616,0.0067873217,0.0069472216
2008-05-14,0.0024329514,0.0030958343,0.0043349763,0.0050124296,0.0059310397,0.0063554790,0.0062611367,0.0065849497,0.0064200234,0.0068139083,0.0068309300
2008-05-13,0.0024328653,0.0032580872,0.0043471180,0.0048704788,0.0057548812,0.0061552394,0.0063187077,0.0066115817,0.0064700234,0.0065889083,0.0067963950
2008-05-12,0.0022826506,0.0032736530,0.0042825025,0.0049051381,0.0058256697,0.0062602737,0.0064361363,0.0067322730,0.0062154577,0.0062635967,0.0060825568
2008-05-09,0.0020926506,0.0032911530,0.0041485564,0.0049117657,0.0058168984,0.0062302737,0.0065046360,0.0067340910,0.0062154577,0.0069635967,0.0060825568
2008-05-08,0.0020391974,0.0030625714,0.0041667415,0.0046823333,0.0056196145,0.0060970744,0.0062439775,0.0065702022,0.0060749667,0.0068500000,0.0058368654
2008-05-07,0.0019512263,0.0029303524,0.0039656969,0.0045420896,0.0054054218,0.0058127712,0.0059540910,0.0062095856,0.0055452157,0.0058000000,0.0067500000
2008-05-06,0.0037445500,0.0030334934,0.0040852547,0.0046209723,0.0055197119,0.0059550877,0.0061492214,0.0063120450,0.0062313567,0.0063240725,0.0055976904
2008-05-05,0.0038345500,0.0025764438,0.0038866498,0.0044018479,0.0051360276,0.0054102502,0.0054852487,0.0058587112,0.0053910229,0.0067981450,0.0053670546
2008-05-02,0.0038345500,0.0025764438,0.0038729848,0.0044518479,0.0051672908,0.0054124281,0.0054502763,0.0058445823,0.0053910229,0.0067981450,0.0053670546
2008-05-01,0.0048750000,0.0024897344,0.0042093709,0.0051249949,0.0059613505,0.0062547721,0.0062525963,0.0063960443,0.0061167444,0.0078000000,0.0077750000
2008-04-30,0.0048750000,0.0030474427,0.0044002062,0.0053210922,0.0062293253,0.0065751523,0.0067266667,0.0069288889,0.0072009500,0.0078250000,0.0065586596
2008-04-29,0.0046200000,0.0029958305,0.0042095714,0.0049997401,0.0059065036,0.0062885000,0.0063573679,0.0065313792,0.0071047333,0.0076500000,0.0061804154
2008-04-28,0.0042085851,0.0029658509,0.0039069861,0.0046194205,0.0055286130,0.0059605647,0.0061654425,0.0062358556,0.0058245916,0.0073250000,0.0070000000
2008-04-25,0.0024453412,0.0030189809,0.0045330305,0.0051037000,0.0060161735,0.0063856785,0.0066125475,0.0068457688,0.0075125000,0.0078250000,0.0065628324
2008-04-24,0.0024475220,0.0032920376,0.0046969151,0.0053687973,0.0062445501,0.0065371094,0.0067146060,0.0071306208,0.0073468667,0.0074750000,0.0063628324
2008-04-23,0.0024422822,0.0031948780,0.0043445793,0.0052967496,0.0061934299,0.0065151202,0.0067375589,0.0068538852,0.0072369966,0.0077500000,0.0071230784
2008-04-22,0.0024667116,0.0033585000,0.0043155372,0.0053033636,0.0062145710,0.0065486125,0.0066838877,0.0068861514,0.0074954700,0.0079750000,0.0083426050
2008-04-21,0.0028259869,0.0044793520,0.0048170635,0.0058935327,0.0067655031,0.0069809069,0.0070290000,0.0074579654,0.0083163651,0.0083166667,0.0088720601
2008-04-18,0.0042912783,0.0043173024,0.0048195848,0.0055346732,0.0064147327,0.0066797693,0.0075206438,0.0080841117,0.0077996722,0.0091500000,0.0073839397
2008-04-17,0.0031328396,0.0043803654,0.0051415985,0.0065320548,0.0075635403,0.0078651266,0.0079015011,0.0082844405,0.0083905925,0.0091500000,0.0098136700
2008-04-16,0.0033206179,0.0047354855,0.0061737786,0.0072076049,0.0082611315,0.0084996756,0.0088122495,0.0090799500,0.0095103133,0.0104500000,0.0087703398
2008-04-15,0.0035553333,0.0052350406,0.0067066072,0.0080773557,0.0092486504,0.0095019062,0.0098063000,0.0103661333,0.0093079744,0.0115750000,0.0114760967
2008-04-14,0.0038790000,0.0055149229,0.0073231660,0.0087033107,0.0098334504,0.0099645929,0.0102527975,0.0103983700,0.0105925900,0.0117500000,0.0103022299
2008-04-11,0.0036352500,0.0052487083,0.0069487978,0.0082314085,0.0092830964,0.0093853986,0.0095670016,0.0098912672,0.0101178818,0.0113250000,0.0117649832
2008-04-10,0.0037753333,0.0054960974,0.0073598197,0.0086386273,0.0096360758,0.0096317631,0.0098813541,0.0103529133,0.0105118400,0.0113000000,0.0110412417
2008-04-09,0.0040948867,0.0045714440,0.0061904651,0.0074104328,0.0086284530,0.0089987334,0.0091850000,0.0089026346,0.0098483000,0.0104000000,0.0109250000
2008-04-08,0.0036773609,0.0039497948,0.0056148926,0.0064937862,0.0075604045,0.0078806154,0.0075395500,0.0077112500,0.0073734067,0.0090250000,0.0095000000
2008-04-07,0.0036463022,0.0037912092,0.0054342013,0.0060298333,0.0070602471,0.0073979521,0.0071082000,0.0072450000,0.0080555000,0.0095250000,0.0093000000
2008-04-04,0.0035866964,0.0047056747,0.0064408630,0.0073176471,0.0081049983,0.0080300894,0.0086667129,0.0090009667,0.0101875000,0.0108500000,0.0114250000
2008-04-03,0.0035166667,0.0049406642,0.0062570262,0.0078181002,0.0088342896,0.0089255911,0.0091980748,0.0095057977,0.0099570000,0.0108500000,0.0114250000
2008-04-02,0.0036338870,0.0049998352,0.0064699206,0.0080617970,0.0093113203,0.0096115758,0.0095662500,0.0100882400,0.0097022142,0.0116250000,0.0123250000
2008-04-01,0.0037796667,0.0051424248,0.0068850787,0.0085255308,0.0097401411,0.0099408143,0.0101780571,0.0103662429,0.0098400142,0.0120250000,0.0127500000
2008-03-31,0.0039800000,0.0053514848,0.0076083504,0.0087589170,0.0100546583,0.0103063782,0.0105463584,0.0108137147,0.0105194435,0.0120250000,0.0113209216
2008-03-28,0.0037517500,0.0049304773,0.0069940829,0.0078301350,0.0091978294,0.0096434464,0.0098197000,0.0102042800,0.0103238667,0.0113250000,0.0120250000
2008-03-27,0.0036326667,0.0051162000,0.0071406779,0.0078690409,0.0091928839,0.0095812359,0.0098388097,0.0102113875,0.0103238667,0.0114500000,0.0121500000
2008-03-26,0.0038657500,0.0051334281,0.0071630623,0.0085472308,0.0098066220,0.0100337250,0.0098931008,0.0102910714,0.0101824000,0.0112333333,0.0119333333
2008-03-25,0.0035626667,0.0046589824,0.0067971983,0.0078367727,0.0091390608,0.0095000000,0.0093660000,0.0095625000,0.0098849000,0.0135500000,0.0143250000
2008-03-24,0.0058138970,0.0066873251,0.0092185436,0.0110928257,0.0124858703,0.0125216667,0.0129810700,0.0128299474,0.0147250000,0.0155500000,0.0164000000
2008-03-21,0.0058138970,0.0069209876,0.0092185436,0.0110928257,0.0124562055,0.0124567571,0.0129810700,0.0128299474,0.0147250000,0.0155500000,0.0167250000
2008-03-20,0.0058138970,0.0069209876,0.0092185436,0.0110928257,0.0124589454,0.0124567571,0.0129810700,0.0128299474,0.0147250000,0.0155500000,0.0167250000
2008-03-19,0.0044721490,0.0067160099,0.0089021533,0.0105726090,0.0120731034,0.0122673077,0.0124012200,0.0125200000,0.0133759333,0.0150500000,0.0152500000
2008-03-18,0.0056058641,0.0072965685,0.0099152442,0.0117498752,0.0133737308,0.0135386219,0.0138322058,0.0137962156,0.0137386926,0.0162799405,0.0172000000
2008-03-17,0.0144150000,0.0090634628,0.0116853515,0.0143788877,0.0162157292,0.0162577035,0.0164067375,0.0162777934,0.0163881049,0.0181175560,0.0156622619
2008-03-14,0.0063480000,0.0082378754,0.0117684555,0.0138537455,0.0157329407,0.0158771701,0.0161979020,0.0161805868,0.0161751549,0.0183337706,0.0156611584
2008-03-13,0.0060115000,0.0082094436,0.0114832743,0.0136444088,0.0154115582,0.0154620772,0.0152575064,0.0154666550,0.0159206276,0.0185186299,0.0156611584
2008-03-12,0.0054600000,0.0076820273,0.0101817250,0.0117554698,0.0135257551,0.0138172455,0.0141236241,0.0142958174,0.0135985232,0.0155504390,0.0119485292
2008-03-11,0.0053690000,0.0071017639,0.0103747686,0.0123648278,0.0139487976,0.0139647403,0.0142418700,0.0142260217,0.0145744821,0.0166249169,0.0119485292
2008-03-10,0.0116150000,0.0067616151,0.0116912716,0.0123280424,0.0137018213,0.0135088642,0.0133358429,0.0137875000,0.0129632970,0.0154896613,0.0114833706
2008-03-07,0.0049745000,0.0063742754,0.0087197236,0.0112413807,0.0127245509,0.0127711674,0.0126659374,0.0126928905,0.0129485073,0.0156935198,0.0112524869
2008-03-06,0.0099025000,0.0064988072,0.0084244139,0.0104405437,0.0118046452,0.0118292458,0.0120579563,0.0121675000,0.0123756000,0.0161911750,0.0127169132
2008-03-05,0.0097150000,0.0061246030,0.0080100363,0.0098212691,0.0110695241,0.0110528315,0.0110247571,0.0112459250,0.0116469935,0.0146661750,0.0161500000
2008-03-04,0.0076716688,0.0063291167,0.0086805865,0.0097213472,0.0110025165,0.0110268083,0.0111432625,0.0114173714,0.0131190845,0.0151102950,0.0166583350
2008-03-03,0.0044470000,0.0063786738,0.0085706804,0.0097576843,0.0111323793,0.0112416594,0.0113661067,0.0116716250,0.0124871500,0.0110401500,0.0172333350
2008-02-29,0.0048346611,0.0062199283,0.0078882073,0.0094913222,0.0108542488,0.0109820391,0.0109495411,0.0111729681,0.0114608973,0.0110186500,0.0165666650
2008-02-28,0.0045497700,0.0061405390,0.0075888145,0.0094124467,0.0105523356,0.0104619775,0.0107016733,0.0106338922,0.0103690690,0.0129705900,0.0193276712
2008-02-27,0.0041515000,0.0059257143,0.0078667126,0.0090167291,0.0101479084,0.0100956002,0.0102073340,0.0104720675,0.0109608000,0.0101455500,0.0149833350
2008-02-26,0.0078511805,0.0056509691,0.0071592542,0.0086394697,0.0097557849,0.0097336204,0.0097929662,0.0099931584,0.0092455132,0.0091356767,0.0146166650
2008-02-25,0.0067410000,0.0063159000,0.0080732159,0.0093478509,0.0105216273,0.0104592388,0.0105913275,0.0106697284,0.0101684184,0.0102749900,0.0144992088
2008-02-22,0.0070298700,0.0064511307,0.0084479743,0.0099160511,0.0112078857,0.0111831364,0.0113032515,0.0114400794,0.0109871500,0.0108267000,0.0134745516
2008-02-21,0.0056965801,0.0066925829,0.0086412261,0.0096713487,0.0108972493,0.0108345455,0.0111233899,0.0112759508,0.0104219134,0.0107500000,0.0118000000
2008-02-20,0.0055569578,0.0067861691,0.0087603558,0.0099120979,0.0113813402,0.0115264125,0.0117902205,0.0116946430,0.0111427650,0.0111401978,0.0110000000
2008-02-19,0.0048497100,0.0054642389,0.0076571517,0.0086266041,0.0098209100,0.0098570167,0.0100037533,0.0100215300,0.0101087500,0.0104100000,0.0107500000
2008-02-18,0.0045131367,0.0049599388,0.0071451516,0.0081003663,0.0091919740,0.0091918681,0.0093851213,0.0095375102,0.0099414500,0.0093214000,0.0125000000
2008-02-15,0.0055243833,0.0050918783,0.0068538547,0.0078000285,0.0090313195,0.0092109845,0.0093828790,0.0093726444,0.0094761247,0.0092394000,0.0090131754
2008-02-14,0.0042778450,0.0047030117,0.0067756444,0.0076214016,0.0086586696,0.0086611644,0.0088998195,0.0089791208,0.0090989000,0.0095500000,0.0098500000
2008-02-13,0.0042778450,0.0046686155,0.0063884904,0.0075521555,0.0086376638,0.0086943963,0.0089022094,0.0090658385,0.0091878500,0.0097250000,0.0102000000
2008-02-12,0.0052846850,0.0070421491,0.0075125109,0.0081268333,0.0092045514,0.0091708720,0.0092833730,0.0095296744,0.0092929061,0.0094735500,0.0094810075
2008-02-11,0.0047123833,0.0048318878,0.0068189646,0.0074592792,0.0084779551,0.0084726850,0.0086664662,0.0090374140,0.0089339133,0.0095600000,0.0098500000
2008-02-08,0.0050737400,0.0052043678,0.0064882543,0.0073276930,0.0083504306,0.0083636364,0.0086154063,0.0086310585,0.0090114000,0.0082526985,0.0086622898
2008-02-07,0.0059971384,0.0055956263,0.0062960626,0.0067748638,0.0077222103,0.0077327916,0.0079431329,0.0081938057,0.0078746915,0.0081655500,0.0087313333
2008-02-06,0.0048341350,0.0041028748,0.0059909211,0.0068136710,0.0077655442,0.0077718647,0.0078963177,0.0080694849,0.0082803667,0.0079810333,0.0086115000
2008-02-05,0.0048000000,0.0042522333,0.0059505072,0.0065059417,0.0074468128,0.0074817341,0.0075674175,0.0077454175,0.0078560733,0.0078326250,0.0107711650
2008-02-04,0.0035970000,0.0040608667,0.0054187055,0.0059813933,0.0069017004,0.0069869940,0.0071284172,0.0073189270,0.0073267878,0.0073460000,0.0097605000
2008-02-01,0.0035970000,0.0039653100,0.0054036313,0.0059478417,0.0068706710,0.0069603071,0.0070969281,0.0072170968,0.0073075908,0.0072934500,0.0095938350
2008-01-31,0.0035150000,0.0039006000,0.0054214945,0.0057431436,0.0067207994,0.0068943076,0.0071849340,0.0071975014,0.0072706211,0.0071871000,0.0095051650
2008-01-30,0.0022088867,0.0034615914,0.0050453057,0.0054123798,0.0063276261,0.0064818770,0.0065565230,0.0067649191,0.0067743500,0.0071011000,0.0071783728
2008-01-29,0.0022068283,0.0034095109,0.0049027554,0.0053296726,0.0062365571,0.0063915425,0.0065099209,0.0066245004,0.0067100667,0.0069914000,0.0069393728
2008-01-28,0.0028013283,0.0034702400,0.0052121663,0.0057904528,0.0065690039,0.0065239689,0.0067113027,0.0068919705,0.0070804000,0.0069299667,0.0093346650
2008-01-25,0.0022432983,0.0032799516,0.0051165204,0.0057086843,0.0065171425,0.0065104760,0.0066386463,0.0068497146,0.0072672700,0.0074925000,0.0080180000
2008-01-24,0.0022432983,0.0029956667,0.0053395721,0.0058654483,0.0066613838,0.0066171502,0.0066683467,0.0067843799,0.0073662667,0.0072966667,0.0079580000
2008-01-23,0.0024480850,0.0030869667,0.0041304383,0.0061877991,0.0072517295,0.0074301786,0.0074839537,0.0076250344,0.0078490000,0.0077238333,0.0077573621
2008-01-22,0.0056275000,0.0055034571,0.0061450880,0.0066851900,0.0076214506,0.0075931636,0.0074696529,0.0078108133,0.0080610038,0.0078755000,0.0082800429
2008-01-21,0.0061027353,0.0054031820,0.0057992427,0.0065688838,0.0073197726,0.0071248183,0.0071480484,0.0075186041,0.0058607850,0.0079232500,0.0096026188
2008-01-18,0.0036666667,0.0029390128,0.0042560949,0.0046061128,0.0054735554,0.0056791540,0.0057666732,0.0059331511,0.0063429949,0.0057030000,0.0087111956
2008-01-17,0.0034990000,0.0037095959,0.0042390054,0.0044773961,0.0051759188,0.0052220079,0.0054452589,0.0056119289,0.0055750000,0.0058300000,0.0063580000
2008-01-16,0.0034200000,0.0025071097,0.0034371489,0.0040375309,0.0047303763,0.0048347344,0.0049726603,0.0052010659,0.0054168568,0.0050933500,0.0071370636
2008-01-15,0.0033966667,0.0024786121,0.0034062415,0.0040960764,0.0047701620,0.0048440015,0.0049850259,0.0051610000,0.0053235568,0.0050471000,0.0070537286
2008-01-14,0.0034433333,0.0024959617,0.0037334925,0.0043635657,0.0050720155,0.0051384800,0.0052923504,0.0054377514,0.0056680725,0.0053433000,0.0062227890
2008-01-11,0.0027865380,0.0028577702,0.0035993840,0.0041771267,0.0048995580,0.0050067992,0.0052057420,0.0054001627,0.0056512333,0.0054346500,0.0059790000
2008-01-10,0.0033550000,0.0027510923,0.0035859917,0.0041124054,0.0048432674,0.0049672262,0.0051839349,0.0053922633,0.0057543500,0.0053564750,0.0061495000
2008-01-09,0.0028250000,0.0030400040,0.0035401510,0.0040010519,0.0047818432,0.0049746027,0.0050665001,0.0052472157,0.0055666667,0.0055122500,0.0060632500
2008-01-08,0.0023892217,0.0028374250,0.0031275404,0.0037914232,0.0044456720,0.0045354821,0.0046835703,0.0049157231,0.0047837100,0.0049988333,0.0058000000
2008-01-07,0.0020508133,0.0023544211,0.0034641827,0.0038567981,0.0046222011,0.0048175990,0.0048655265,0.0050608847,0.0047957156,0.0050509550,0.0054483333
2008-01-04,0.0019818267,0.0023952792,0.0032122345,0.0035310936,0.0042320733,0.0044092627,0.0046327270,0.0047754218,0.0046500000,0.0049288667,0.0049500000
2008-01-03,0.0016130000,0.0024263292,0.0030470187,0.0034349293,0.0040963090,0.0042446844,0.0044370731,0.0045660978,0.0043733900,0.0046555667,0.0045346299
2008-01-02,0.0028500000,0.0025186024,0.0028511969,0.0032702402,0.0039729660,0.0041921500,0.0043991657,0.0045344774,0.0039018462,0.0048606000,0.0045916667
2008-01-01,0.0029100000,0.0025436353,0.0028777679,0.0032496333,0.0039328961,0.0041322474,0.0043443589,0.0044899689,0.0039018462,0.0048141333,0.0052478994
2007-12-31,0.0029100000,0.0025436353,0.0028777679,0.0032496333,0.0039337612,0.0041322474,0.0043443589,0.0044899689,0.0039018462,0.0048141333,0.0052478994
2007-12-28,0.0029100000,0.0025436353,0.0028777679,0.0032496333,0.0039346264,0.0041322474,0.0043443589,0.0044899689,0.0039018462,0.0048141333,0.0052478994
2007-12-27,0.0027025000,0.0025123624,0.0028714118,0.0031074395,0.0038246188,0.0040812789,0.0040808382,0.0044422215,0.0045619000,0.0050100000,0.0052478994
2007-12-26,0.0027024949,0.0025123530,0.0028714118,0.0031074444,0.0038254619,0.0040812763,0.0040990950,0.0044438492,0.0045619000,0.0050100000,0.0052478994
2007-12-25,0.0027025000,0.0025123530,0.0028714118,0.0031149951,0.0037583333,0.0039280210,0.0040631560,0.0044113993,0.0045619000,0.0050100000,0.0052478994
2007-12-24,0.0027025000,0.0025123530,0.0028714118,0.0031149951,0.0037583333,0.0039280210,0.0040631560,0.0044113993,0.0045619000,0.0050100000,0.0052478994
2007-12-21,0.0024518503,0.0022540335,0.0028187021,0.0032315214,0.0038370051,0.0040148254,0.0040882302,0.0044128105,0.0045619000,0.0050100000,0.0052478994
2007-12-20,0.0023653147,0.0021503385,0.0028428182,0.0031754211,0.0036516459,0.0037645519,0.0039387635,0.0041517715,0.0040608137,0.0043985555,0.0048237574
2007-12-19,0.0023892093,0.0021479470,0.0028427961,0.0031650384,0.0036434873,0.0038250861,0.0039643201,0.0042178083,0.0042668133,0.0045313770,0.0046989496
2007-12-18,0.0024085147,0.0021412637,0.0028427961,0.0031023817,0.0035539167,0.0037770551,0.0039582321,0.0041887546,0.0044708565,0.0045313770,0.0047346145
2007-12-17,0.0023900000,0.0021012137,0.0017393601,0.0030271049,0.0034219187,0.0036508529,0.0038329664,0.0041108886,0.0043565565,0.0043924103,0.0046242485
2007-12-14,0.0023375000,0.0019834117,0.0024666563,0.0029581560,0.0033148000,0.0035663537,0.0037537151,0.0039895524,0.0042708565,0.0042859262,0.0049722485
2007-12-13,0.0023025000,0.0019869832,0.0025661042,0.0029351405,0.0032665078,0.0035507301,0.0037479783,0.0040093419,0.0042118000,0.0043290262,0.0051859087
2007-12-12,0.0022200000,0.0019849000,0.0025232353,0.0027152423,0.0030406624,0.0033834157,0.0035509829,0.0037616365,0.0039900091,0.0040780103,0.0050443996
2007-12-11,0.0022338733,0.0019295340,0.0023962117,0.0028415851,0.0031573733,0.0035462317,0.0036239063,0.0038918889,0.0036464533,0.0041169077,0.0052584629
2007-12-10,0.0014039935,0.0018416225,0.0025418300,0.0029783058,0.0033637933,0.0037515945,0.0038897340,0.0040808595,0.0043503833,0.0043075770,0.0053924315
2007-12-07,0.0012535467,0.0015341200,0.0030476407,0.0033044540,0.0037968840,0.0041458716,0.0043836009,0.0045253395,0.0044641834,0.0045070077,0.0055297284
2007-12-06,0.0012535467,0.0015142700,0.0030873542,0.0033525718,0.0039367212,0.0042275276,0.0044503527,0.0045736815,0.0046544167,0.0046528436,0.0055949713
2007-12-05,0.0015560278,0.0014746338,0.0019902112,0.0032558706,0.0039705588,0.0042615312,0.0045005975,0.0046322049,0.0047850280,0.0049000000,0.0057748326
2007-12-04,0.0029025000,0.0021579585,0.0029942322,0.0026823966,0.0036621359,0.0042345749,0.0043874704,0.0046508111,0.0048021873,0.0047000000,0.0056245140
2007-12-03,0.0026975000,0.0022865043,0.0028966260,0.0025027053,0.0034921325,0.0039716403,0.0041648127,0.0044038869,0.0046427882,0.0046601159,0.0056627539
2007-11-30,0.0025425000,0.0024733857,0.0028623354,0.0025314295,0.0033085013,0.0039006954,0.0040841405,0.0043899403,0.0045910740,0.0045916826,0.0056656097
2007-11-29,0.0027950000,0.0022737469,0.0027102037,0.0026157178,0.0033967738,0.0039807949,0.0041945970,0.0044636421,0.0045551225,0.0047606932,0.0056664213
2007-11-28,0.0013141333,0.0023241626,0.0019973639,0.0034191556,0.0040359445,0.0043011156,0.0044952630,0.0047690624,0.0048039701,0.0049163159,0.0060502860
2007-11-27,0.0017001952,0.0015854618,0.0022018127,0.0033107270,0.0041449833,0.0046872054,0.0049535526,0.0050923441,0.0053069054,0.0054154826,0.0061061461
2007-11-26,0.0015513783,0.0027827000,0.0034042500,0.0034902133,0.0043581476,0.0049172904,0.0051854283,0.0051441662,0.0052089089,0.0055916667,0.0064050000
2007-11-23,0.0019707920,0.0027581308,0.0038748842,0.0041097094,0.0048750846,0.0052276843,0.0054181679,0.0057314259,0.0055585000,0.0058654826,0.0065960304
2007-11-22,0.0017236767,0.0028472735,0.0039523298,0.0037616667,0.0048001587,0.0055394829,0.0057025751,0.0060462418,0.0062333333,0.0062654826,0.0069172658
2007-11-21,0.0016586767,0.0028151638,0.0039604768,0.0037800000,0.0047849040,0.0054799320,0.0057094520,0.0060207125,0.0062377000,0.0063154826,0.0068452218
2007-11-20,0.0022840840,0.0027562450,0.0037018148,0.0040804529,0.0048754043,0.0052724879,0.0055614304,0.0058374306,0.0057833333,0.0061288159,0.0065216667
2007-11-19,0.0015376217,0.0025006750,0.0036483037,0.0041667294,0.0047802094,0.0049657336,0.0052600720,0.0056826445,0.0058328895,0.0059795182,0.0067092856
2007-11-16,0.0015172583,0.0025027000,0.0035920037,0.0040483859,0.0047109508,0.0049659495,0.0050822875,0.0056776543,0.0053860000,0.0053904826,0.0058902028
2007-11-15,0.0020000000,0.0024825000,0.0033411273,0.0036299456,0.0043040616,0.0046249399,0.0049902909,0.0054749370,0.0060813026,0.0060033333,0.0063883333
2007-11-14,0.0008170000,0.0019595318,0.0028085357,0.0034947202,0.0042059853,0.0045893853,0.0049190534,0.0053777009,0.0056923967,0.0053177259,0.0057700763
2007-11-13,0.0020983165,0.0016524841,0.0026475387,0.0037008787,0.0044687340,0.0048941555,0.0052063574,0.0056389398,0.0063833333,0.0053734826,0.0062585527
2007-11-12,0.0017130081,0.0016547678,0.0025099473,0.0032609310,0.0041312746,0.0047492201,0.0051482268,0.0055538075,0.0062833333,0.0056257532,0.0070333333
2007-11-09,0.0014040000,0.0016636276,0.0023039546,0.0030622099,0.0039692844,0.0046705437,0.0049380609,0.0054865119,0.0057175083,0.0056033470,0.0067342635
2007-11-08,0.0014389895,0.0016634305,0.0022986366,0.0030154120,0.0038412251,0.0044437848,0.0047298123,0.0052760929,0.0053910067,0.0051976658,0.0060050000
2007-11-07,0.0014184428,0.0016644846,0.0022814782,0.0029743196,0.0037712812,0.0043444273,0.0047733096,0.0052420700,0.0056918333,0.0051107100,0.0061383333
2007-11-06,0.0013838645,0.0016011381,0.0019439411,0.0029966503,0.0037250379,0.0042087181,0.0046967173,0.0051706748,0.0062150000,0.0050141623,0.0069291667
2007-11-05,0.0014810020,0.0017149575,0.0023483638,0.0032623810,0.0039909325,0.0044393643,0.0048253479,0.0052698367,0.0051975633,0.0047820000,0.0061682829
2007-11-02,0.0013097633,0.0014424387,0.0019460200,0.0025463130,0.0034145464,0.0041652697,0.0047543227,0.0051163619,0.0050019150,0.0055232517,0.0066500000
2007-11-01,0.0013538097,0.0014419021,0.0018276572,0.0023137619,0.0030730274,0.0037143709,0.0038396649,0.0045064334,0.0052933333,0.0045500000,0.0059166667
2007-10-31,0.0012525000,0.0010565325,0.0015997680,0.0018910442,0.0024278219,0.0028378222,0.0032421168,0.0037327348,0.0037701383,0.0040607600,0.0045383333
2007-10-30,0.0010850000,0.0010707023,0.0014550937,0.0018375494,0.0023425101,0.0027199401,0.0030779544,0.0035287792,0.0038946108,0.0042763333,0.0044791667
2007-10-29,0.0006995564,0.0010248823,0.0012518211,0.0016786976,0.0021696384,0.0025551703,0.0029855990,0.0033996074,0.0036808710,0.0041366667,0.0041916667
2007-10-26,0.0002993940,0.0006511884,0.0012509680,0.0016498373,0.0021403163,0.0025311308,0.0028993330,0.0033913312,0.0035608333,0.0039378333,0.0039207790
2007-10-25,0.0002970022,0.0006761206,0.0012170592,0.0016233762,0.0020616196,0.0023877005,0.0027734469,0.0032324011,0.0035186667,0.0038448333,0.0037615893
2007-10-24,0.0002936689,0.0006732100,0.0011438233,0.0017002467,0.0021015404,0.0023698873,0.0027696054,0.0032723670,0.0032960000,0.0039101466,0.0042601023
2007-10-23,0.0002056667,0.0006651786,0.0011353024,0.0016935723,0.0020519957,0.0022693185,0.0026659316,0.0031993599,0.0031350000,0.0039361450,0.0040334903
2007-10-22,0.0004307579,0.0007114269,0.0014602900,0.0015786714,0.0021205243,0.0026008977,0.0029757273,0.0034480688,0.0036728333,0.0045992412,0.0039708333
2007-10-19,0.0008000000,0.0006746985,0.0011064801,0.0014427308,0.0018347592,0.0021314911,0.0025576472,0.0030141727,0.0031837881,0.0040000000,0.0038375000
2007-10-18,0.0005396267,0.0006083212,0.0011690000,0.0016826886,0.0019319516,0.0020271300,0.0025331098,0.0030286788,0.0030258333,0.0043036318,0.0045973476
2007-10-17,0.0003990085,0.0006012310,0.0011565015,0.0015029259,0.0018228359,0.0020213086,0.0024416775,0.0029515535,0.0030020000,0.0038214032,0.0040074763
2007-10-16,0.0003151517,0.0006347438,0.0009839545,0.0013428252,0.0016769249,0.0019154242,0.0022627988,0.0026421033,0.0029120867,0.0030779178,0.0034050000
2007-10-15,0.0003331039,0.0006100000,0.0009167733,0.0012956477,0.0016134997,0.0018386128,0.0021693741,0.0025332678,0.0032861433,0.0041424400,0.0036729250
2007-10-12,0.0003331039,0.0005490288,0.0009130590,0.0012917350,0.0016060435,0.0018279436,0.0021681962,0.0025224625,0.0032994271,0.0042499400,0.0045080860
2007-10-11,0.0002931039,0.0005541538,0.0009509161,0.0012790564,0.0015807864,0.0017892067,0.0021826479,0.0026237417,0.0027872682,0.0029548333,0.0037496950
2007-10-10,0.0002957759,0.0005561722,0.0009139425,0.0012579035,0.0015799002,0.0018180171,0.0021591762,0.0025018649,0.0027340843,0.0030215000,0.0036037381
2007-10-09,0.0002957759,0.0006081238,0.0009223543,0.0012696544,0.0015983450,0.0018442665,0.0022304776,0.0026203574,0.0027444457,0.0032819742,0.0036896425
2007-10-08,0.0003387500,0.0006199250,0.0010648889,0.0015499488,0.0019414639,0.0022299320,0.0026104857,0.0031411267,0.0032068612,0.0036957283,0.0048453219
2007-10-05,0.0003437500,0.0006473875,0.0011027500,0.0015515386,0.0019582247,0.0022672267,0.0026412659,0.0031481343,0.0032958625,0.0038507810,0.0048453219
2007-10-04,0.0003437500,0.0007390889,0.0011387143,0.0016278394,0.0020408454,0.0023481365,0.0027745799,0.0032648523,0.0033756301,0.0038507810,0.0048453219
2007-10-03,0.0004296667,0.0006887764,0.0011146841,0.0015840919,0.0020510588,0.0024382191,0.0027766568,0.0033307781,0.0034357296,0.0038657489,0.0051792049
2007-10-02,0.0004314547,0.0006833983,0.0011101653,0.0015634480,0.0020458184,0.0024588373,0.0028019682,0.0033300564,0.0034357296,0.0038656233,0.0051792049
2007-10-01,0.0004681820,0.0007012175,0.0011461907,0.0015758333,0.0020268874,0.0023955772,0.0027548446,0.0032796638,0.0034537149,0.0039425663,0.0046834599
2007-09-28,0.0004370298,0.0007396810,0.0011845558,0.0016508542,0.0020661542,0.0023771697,0.0027355310,0.0031850398,0.0034083816,0.0042771421,0.0042185000
2007-09-27,0.0003355753,0.0006418283,0.0012835389,0.0016929727,0.0020557621,0.0022957329,0.0026799837,0.0031225375,0.0036415530,0.0043624421,0.0049210150
2007-09-26,0.0003194692,0.0006852117,0.0012085389,0.0016788756,0.0020461779,0.0022944367,0.0026292659,0.0031402900,0.0040146110,0.0046182047,0.0049210150
2007-09-25,0.0003244692,0.0007454876,0.0013022467,0.0017199829,0.0020880103,0.0023330879,0.0028804256,0.0030663286,0.0043290283,0.0048173711,0.0049210150
2007-09-24,0.0003185088,0.0006213042,0.0010583506,0.0014699380,0.0018085218,0.0020488994,0.0023753793,0.0028116933,0.0030128825,0.0036976798,0.0047066500
2007-09-21,0.0003422106,0.0005973667,0.0011092706,0.0015125800,0.0018267421,0.0020323122,0.0024084883,0.0028037389,0.0029852669,0.0034534157,0.0042606875
2007-09-20,0.0004067556,0.0006840275,0.0014312425,0.0019302119,0.0023870439,0.0027205225,0.0031148302,0.0035933473,0.0038683752,0.0042920556,0.0053143400
2007-09-19,0.0004427000,0.0007950157,0.0015251878,0.0021515641,0.0026621337,0.0030368554,0.0034175580,0.0039278759,0.0040935800,0.0042500400,0.0050300479
2007-09-18,0.0004189073,0.0008083217,0.0016590247,0.0022602986,0.0027779441,0.0031490682,0.0035641688,0.0040433808,0.0043327250,0.0046764266,0.0052903978
2007-09-17,0.0005778828,0.0008900396,0.0015826496,0.0024233494,0.0029848688,0.0033924817,0.0037788422,0.0043536256,0.0045030000,0.0085698900,0.0092671150
2007-09-14,0.0005778828,0.0009068597,0.0015849997,0.0023765190,0.0029670550,0.0034195986,0.0037277134,0.0043565739,0.0047475500,0.0085698900,0.0092671150
2007-09-13,0.0006584167,0.0009209027,0.0016924700,0.0024142152,0.0029913615,0.0034230183,0.0038521330,0.0043549890,0.0047467833,0.0049317633,0.0055113330
2007-09-12,0.0003700000,0.0009066283,0.0018060362,0.0024518190,0.0030367967,0.0034751426,0.0040174088,0.0043873814,0.0047466833,0.0049481200,0.0055112830
2007-09-11,0.0003650000,0.0009285676,0.0017147496,0.0024742449,0.0030773672,0.0035377548,0.0039215083,0.0043814419,0.0057647000,0.0051589000,0.0057630875
2007-09-10,0.0006109787,0.0009021555,0.0016848063,0.0026292808,0.0031846738,0.0035668670,0.0039459344,0.0044373124,0.0052209664,0.0052341000,0.0058140455
2007-09-07,0.0005947805,0.0008455293,0.0018032007,0.0024085604,0.0029333706,0.0033048556,0.0036372663,0.0041838967,0.0044249500,0.0049950000,0.0059068410
2007-09-06,0.0005287497,0.0007794155,0.0014722105,0.0022383932,0.0027225523,0.0030646043,0.0033763148,0.0039324817,0.0040574000,0.0047968451,0.0064597205
2007-09-05,0.0004066625,0.0008060658,0.0014393343,0.0019972090,0.0025764288,0.0030771826,0.0034742337,0.0039492483,0.0041654500,0.0047968451,0.0055447835
2007-09-04,0.0003983721,0.0007939893,0.0014314359,0.0020056676,0.0025812442,0.0030769604,0.0035081193,0.0039998483,0.0042320500,0.0047968451,0.0054658080
2007-09-03,0.0003969361,0.0007868063,0.0014274043,0.0019789200,0.0025543588,0.0030552054,0.0035937384,0.0039998483,0.0042318500,0.0047968451,0.0054656220
2007-08-31,0.0003969361,0.0007863563,0.0014274043,0.0019754450,0.0025516529,0.0030553804,0.0035853384,0.0040034317,0.0042323500,0.0047885117,0.0054656220
2007-08-30,0.0004022061,0.0007845955,0.0014036605,0.0019475529,0.0025297149,0.0030473554,0.0034913533,0.0040248640,0.0042314000,0.0047885117,0.0055301675
2007-08-29,0.0003869515,0.0007113887,0.0013719554,0.0019191152,0.0025086966,0.0030426125,0.0034107505,0.0039271981,0.0041673567,0.0047816767,0.0054803440
2007-08-28,0.0003928895,0.0007152103,0.0013483048,0.0019833781,0.0025402880,0.0030199100,0.0034348067,0.0039935858,0.0043002567,0.0047816767,0.0054665460
2007-08-27,0.0003565167,0.0007134089,0.0013047503,0.0019496078,0.0025176977,0.0030190875,0.0034402598,0.0038617493,0.0041410150,0.0042846233,0.0053809770
2007-08-24,0.0003565167,0.0007128889,0.0013047503,0.0019321337,0.0025073626,0.0030227000,0.0032822952,0.0037898043,0.0040650150,0.0042846233,0.0053809770
2007-08-23,0.0003610700,0.0007103296,0.0014492021,0.0019426863,0.0025574680,0.0031289448,0.0031459025,0.0035320860,0.0040636611,0.0041812117,0.0053809770
2007-08-22,0.0004572460,0.0010050000,0.0015721397,0.0022473500,0.0028399034,0.0033365586,0.0036504678,0.0043978459,0.0041660250,0.0059156246,0.0059727625
2007-08-21,0.0004731738,0.0009199940,0.0016627628,0.0022540814,0.0029003251,0.0034711091,0.0037916201,0.0042955325,0.0043945667,0.0060649000,0.0066635115
2007-08-20,0.0005214391,0.0008845259,0.0016661451,0.0023637597,0.0030152326,0.0035790273,0.0039549183,0.0044045300,0.0047447500,0.0056543321,0.0068924230
2007-08-17,0.0006086978,0.0009008477,0.0016003315,0.0025289000,0.0031930052,0.0037529818,0.0039918268,0.0045440348,0.0049236000,0.0047773034,0.0057441785
2007-08-16,0.0006303603,0.0009178891,0.0019968125,0.0025916675,0.0032057804,0.0036930000,0.0040016279,0.0044450263,0.0044849733,0.0047766700,0.0061821240
2007-08-15,0.0004075000,0.0008286022,0.0017267893,0.0022929870,0.0030302907,0.0037311286,0.0038430800,0.0041248878,0.0046351167,0.0055732723,0.0074313955
2007-08-14,0.0003150000,0.0007945723,0.0013390607,0.0018913714,0.0024313826,0.0029133000,0.0031426200,0.0038567513,0.0043011667,0.0054371100,0.0064769710
2007-08-13,0.0004749917,0.0007650022,0.0013383607,0.0018244252,0.0023049452,0.0027153933,0.0031468900,0.0037407592,0.0039834176,0.0063584144,0.0064620963
2007-08-10,0.0004749917,0.0007228159,0.0011977011,0.0017771953,0.0022578837,0.0026760100,0.0031436313,0.0037666442,0.0038485120,0.0063584144,0.0064909445
2007-08-09,0.0005028593,0.0006825637,0.0012306426,0.0014390180,0.0020348003,0.0026852167,0.0030612579,0.0036745476,0.0038811667,0.0059174100,0.0062782670
2007-08-08,0.0005430900,0.0006575419,0.0012491252,0.0018366314,0.0023547242,0.0028186571,0.0029657843,0.0036442250,0.0039811333,0.0042837466,0.0057965615
2007-08-07,0.0005701759,0.0007666498,0.0014529020,0.0021094155,0.0026296443,0.0030619507,0.0034785733,0.0041419911,0.0042664834,0.0043851466,0.0061124430
2007-08-06,0.0005551040,0.0008288941,0.0012466667,0.0025622801,0.0029989091,0.0032798085,0.0037202649,0.0043305636,0.0041534667,0.0061385602,0.0067468345
2007-08-03,0.0005518631,0.0007604495,0.0011675283,0.0016828645,0.0021718215,0.0026201720,0.0029912453,0.0033749520,0.0038920501,0.0059235669,0.0061882485
2007-08-02,0.0005750598,0.0007312507,0.0015118428,0.0016260373,0.0021715846,0.0027122883,0.0030496717,0.0034512229,0.0039010925,0.0054699200,0.0060738835
2007-08-01,0.0012020000,0.0008676726,0.0015394714,0.0020581249,0.0025469595,0.0029489500,0.0032469700,0.0038933833,0.0047287000,0.0052699500,0.0062915650
2007-07-31,0.0012020000,0.0007800762,0.0016624666,0.0021753468,0.0025223346,0.0027375000,0.0031991429,0.0038407500,0.0049348000,0.0054714767,0.0059003933
2007-07-30,0.0004461564,0.0007791428,0.0015828604,0.0019896944,0.0025500448,0.0030603329,0.0034359406,0.0039912869,0.0043763700,0.0044607550,0.0050662000
2007-07-27,0.0003944590,0.0008197361,0.0013013218,0.0019457080,0.0025387155,0.0031030730,0.0034579733,0.0040137300,0.0037365158,0.0053318500,0.0048162000
2007-07-26,0.0003066148,0.0005136786,0.0008656048,0.0012969124,0.0016586021,0.0019879139,0.0022881977,0.0028080409,0.0033493880,0.0040679950,0.0043205625
2007-07-25,0.0003590244,0.0004848959,0.0007718162,0.0010391287,0.0013005009,0.0015260121,0.0018806815,0.0023756962,0.0026893567,0.0027494900,0.0032699567
2007-07-24,0.0002725558,0.0004124850,0.0006833689,0.0009435458,0.0012019470,0.0014361368,0.0019271500,0.0023194757,0.0026180000,0.0026440650,0.0031453890
2007-07-23,0.0002530168,0.0003921708,0.0006849393,0.0009302798,0.0011319528,0.0012924487,0.0015968628,0.0019609780,0.0026106841,0.0021391100,0.0034191735
2007-07-20,0.0002044632,0.0003808389,0.0006277083,0.0008238608,0.0010777079,0.0013234295,0.0016242694,0.0019203036,0.0020568634,0.0032404930,0.0029807440
2007-07-19,0.0001905094,0.0003137622,0.0005311465,0.0007104676,0.0009057591,0.0010844658,0.0013614068,0.0017769921,0.0022517667,0.0023649433,0.0025489065
2007-07-18,0.0001580000,0.0003249667,0.0004862667,0.0006795111,0.0009007311,0.0011217875,0.0012313556,0.0016561340,0.0016950432,0.0022187150,0.0023157275
2007-07-17,0.0002063487,0.0003114853,0.0004628463,0.0006160970,0.0007624386,0.0008868695,0.0011225396,0.0015394239,0.0017198889,0.0018633100,0.0020528805
2007-07-16,0.0002027065,0.0002955095,0.0004520761,0.0006149658,0.0007535067,0.0008681694,0.0010885772,0.0014927930,0.0017198889,0.0019806350,0.0018610190
2007-07-13,0.0001925595,0.0003280681,0.0004675422,0.0006308436,0.0007674159,0.0008782200,0.0010948595,0.0014916557,0.0019065000,0.0019074520,0.0019003020
2007-07-12,0.0001952318,0.0003254092,0.0004680590,0.0006310064,0.0007692608,0.0008825900,0.0011005377,0.0014977763,0.0019065000,0.0019074520,0.0019793585
2007-07-11,0.0001846510,0.0003080321,0.0004609771,0.0006142880,0.0007567374,0.0008777000,0.0010956903,0.0014706463,0.0018521500,0.0017988911,0.0019984235
2007-07-10,0.0001573288,0.0002814891,0.0004095462,0.0005603832,0.0007081357,0.0008428647,0.0010729412,0.0014029329,0.0017445500,0.0017988591,0.0017149150
2007-07-09,0.0001530530,0.0002937003,0.0004148400,0.0005421076,0.0006852784,0.0008162829,0.0010464072,0.0013726268,0.0017449500,0.0017359410,0.0016577350
2007-07-06,0.0001453595,0.0002991679,0.0004230551,0.0005528097,0.0006951008,0.0008239374,0.0010536838,0.0013805409,0.0017449500,0.0017359410,0.0016577350
2007-07-05,0.0001369831,0.0003023761,0.0004340198,0.0005543321,0.0006997590,0.0008330738,0.0010587801,0.0013926883,0.0017961000,0.0017359410,0.0016291400
2007-07-04,0.0001274446,0.0003017249,0.0004327905,0.0005534544,0.0006992794,0.0008336011,0.0010597973,0.0013940177,0.0017960000,0.0017359410,0.0016291400
2007-07-03,0.0001191305,0.0003024974,0.0004327423,0.0005549143,0.0007024968,0.0008394283,0.0010701381,0.0014064268,0.0017959000,0.0017359410,0.0016863250
2007-07-02,0.0001100000,0.0002995715,0.0004150259,0.0005408985,0.0006784166,0.0008034895,0.0010084056,0.0013590014,0.0013809867,0.0017617900,0.0019919385
2007-06-29,0.0000966667,0.0002727908,0.0003865393,0.0004976950,0.0006294179,0.0007519694,0.0009641236,0.0013022700,0.0013809867,0.0017080400,0.0018383971
2007-06-28,0.0001356667,0.0002394099,0.0003696004,0.0004659337,0.0005947935,0.0007175889,0.0009218190,0.0013190076,0.0014539317,0.0016271577,0.0016672105
2007-06-27,0.0001356667,0.0002328886,0.0003640448,0.0004603559,0.0005875183,0.0007089222,0.0009131090,0.0012977891,0.0014540317,0.0016271577,0.0015871206
2007-06-26,0.0001210036,0.0002170579,0.0003496242,0.0004575062,0.0005740554,0.0006813063,0.0009010107,0.0012874794,0.0014074567,0.0015621866,0.0014505500
2007-06-25,0.0001165510,0.0002184721,0.0003340992,0.0004545329,0.0005672636,0.0006699130,0.0008974133,0.0012602889,0.0014018211,0.0015621866,0.0013505500
2007-06-22,0.0001108631,0.0002171546,0.0003359674,0.0004435612,0.0005460163,0.0006362880,0.0008415037,0.0012153072,0.0014885878,0.0015050602,0.0012933700
2007-06-21,0.0000959241,0.0001963415,0.0003204698,0.0004266708,0.0005303263,0.0006242690,0.0008276149,0.0011685922,0.0014582244,0.0015243984,0.0012361850
2007-06-20,0.0000919558,0.0001966826,0.0003204698,0.0004234653,0.0005282069,0.0006242390,0.0008276149,0.0011714201,0.0014581578,0.0015243984,0.0012861850
2007-06-19,0.0000840422,0.0001878394,0.0003068836,0.0004069304,0.0005178449,0.0006246288,0.0008232327,0.0011991213,0.0014918967,0.0016253324,0.0012861850
2007-06-18,0.0000807156,0.0001885164,0.0003068086,0.0004084924,0.0005206017,0.0006291469,0.0008291236,0.0012027784,0.0014918967,0.0015044857,0.0013433700
2007-06-15,0.0000766748,0.0001871313,0.0003068336,0.0004069924,0.0005195473,0.0006291742,0.0008291509,0.0012028484,0.0014921300,0.0015044857,0.0013433700
2007-06-14,0.0000655258,0.0001671124,0.0002888111,0.0003937748,0.0005079970,0.0006219616,0.0008219560,0.0012077372,0.0015416633,0.0015044857,0.0013433700
2007-06-13,0.0000617996,0.0001646966,0.0002856861,0.0003907047,0.0005048767,0.0006194316,0.0008194560,0.0012040316,0.0015582300,0.0015044857,0.0013433700
2007-06-12,0.0000605553,0.0001686372,0.0002856861,0.0003924207,0.0005057489,0.0006191153,0.0008251997,0.0011868946,0.0015581967,0.0016253324,0.0016311155
2007-06-11,0.0000578316,0.0001682941,0.0002856111,0.0003924838,0.0005056753,0.0006190953,0.0008251697,0.0011876731,0.0015581967,0.0016253324,0.0016391005
2007-06-08,0.0000548051,0.0001666583,0.0002861778,0.0003989204,0.0005172202,0.0006375037,0.0008390988,0.0012105052,0.0015585300,0.0016673550,0.0021555460
2007-06-07,0.0000520016,0.0001652437,0.0002826981,0.0003958906,0.0005150958,0.0006373837,0.0008434001,0.0012044138,0.0015128450,0.0016673550,0.0021575325
2007-06-06,0.0000500000,0.0001660277,0.0002750690,0.0003993500,0.0005173668,0.0006377137,0.0008485797,0.0012013879,0.0015128450,0.0016673550,0.0021357725
2007-06-05,0.0000500000,0.0001663236,0.0002737813,0.0003971537,0.0005148219,0.0006352137,0.0008458543,0.0011983242,0.0015528967,0.0016673550,0.0012861850
2007-06-04,0.0000500000,0.0001679136,0.0002737813,0.0003971537,0.0005147139,0.0006352137,0.0008458543,0.0011983242,0.0015528967,0.0016673550,0.0016188215
2007-06-01,0.0000578045,0.0001837818,0.0002871563,0.0004065337,0.0005277706,0.0006527137,0.0008633543,0.0012148046,0.0015528967,0.0016673550,0.0016188215
2007-05-31,0.0000610439,0.0001837419,0.0002870868,0.0004062083,0.0005274487,0.0006527137,0.0008631934,0.0012143580,0.0015528967,0.0016673550,0.0016148005
2007-05-30,0.0000635803,0.0001811813,0.0002884068,0.0004079967,0.0005295088,0.0006552137,0.0008663272,0.0012141166,0.0015528967,0.0016673550,0.0021419605
2007-05-29,0.0000803202,0.0002166907,0.0003016914,0.0004215947,0.0005410146,0.0006622137,0.0008656071,0.0012251055,0.0015528967,0.0016343430,0.0016737335
2007-05-28,0.0000848399,0.0002166907,0.0003016914,0.0004215947,0.0005409011,0.0006622137,0.0008701961,0.0012300886,0.0015528967,0.0014016817,0.0016737335
2007-05-25,0.0000896214,0.0002167089,0.0003016914,0.0004215947,0.0005412621,0.0006633761,0.0008701961,0.0012300886,0.0015528967,0.0014016817,0.0016737335
2007-05-24,0.0000947334,0.0002168668,0.0003013860,0.0004211324,0.0005403777,0.0006622137,0.0008701155,0.0012298869,0.0015528967,0.0014016817,0.0016717170
2007-05-23,0.0001009514,0.0002187900,0.0003033606,0.0004220863,0.0005408759,0.0006622137,0.0008694819,0.0012258031,0.0015528967,0.0014016817,0.0016433785
2007-05-22,0.0001062245,0.0002179538,0.0003075740,0.0004298971,0.0005508697,0.0006747137,0.0008833000,0.0012260582,0.0015528967,0.0014016817,0.0016638300
2007-05-21,0.0001112281,0.0002160624,0.0003078250,0.0004301775,0.0005509337,0.0006747137,0.0008831452,0.0012256511,0.0015528967,0.0014016817,0.0021951845
2007-05-18,0.0001053958,0.0001938263,0.0003041826,0.0004262753,0.0005480127,0.0006739719,0.0008873090,0.0012188520,0.0015528967,0.0014016817,0.0021437875
2007-05-17,0.0001250117,0.0002176533,0.0003095230,0.0004326133,0.0005529246,0.0006763397,0.0008852737,0.0012270125,0.0015818389,0.0014477600,0.0021478405
2007-05-16,0.0001331776,0.0002195182,0.0003171284,0.0004583058,0.0005718471,0.0006831555,0.0008888909,0.0012343140,0.0015814489,0.0018094467,0.0017125390
2007-05-15,0.0001389005,0.0002167545,0.0003108584,0.0004479238,0.0005644258,0.0006812506,0.0008846390,0.0012282031,0.0015814489,0.0015594467,0.0014933700
2007-05-14,0.0001600000,0.0002363792,0.0003458956,0.0004675954,0.0005858801,0.0007034395,0.0008994694,0.0012555432,0.0015971733,0.0017344467,0.0014933700
2007-05-11,0.0001600000,0.0002234701,0.0003284575,0.0004748454,0.0005901491,0.0007031255,0.0009022794,0.0012447321,0.0015971733,0.0017344467,0.0014933700
2007-05-10,0.0001600000,0.0002234283,0.0003286539,0.0004741154,0.0005890431,0.0007018655,0.0009022794,0.0012436766,0.0015971733,0.0017344467,0.0014933700
2007-05-09,0.0001426053,0.0002248147,0.0003290078,0.0004743965,0.0005923972,0.0007097583,0.0009022794,0.0012436766,0.0015971733,0.0017344467,0.0014933700
2007-05-08,0.0001415007,0.0002372497,0.0003467401,0.0004683164,0.0005846093,0.0007004871,0.0008964955,0.0012579141,0.0014665000,0.0017717410,0.0014933700
2007-05-07,0.0001426053,0.0002240688,0.0003457562,0.0004749065,0.0005895202,0.0007027155,0.0008989904,0.0012599589,0.0015971733,0.0017445685,0.0017040020
2007-05-04,0.0001426053,0.0002240052,0.0003290078,0.0004749065,0.0005893965,0.0007027155,0.0009022794,0.0012443988,0.0015971733,0.0017445685,0.0014933700
2007-05-03,0.0001600000,0.0002232630,0.0003276773,0.0004736042,0.0005874167,0.0007002155,0.0009002298,0.0012428721,0.0015971733,0.0017445685,0.0015219600
2007-05-02,0.0001600000,0.0002233529,0.0003280619,0.0004741107,0.0005876075,0.0007002155,0.0009001493,0.0012426487,0.0015971733,0.0017445685,0.0015219600
2007-05-01,0.0001600000,0.0002232512,0.0003279459,0.0004738069,0.0005874565,0.0007005983,0.0009005845,0.0012432308,0.0015971733,0.0017445685,0.0015219600
2007-04-30,0.0001266667,0.0002231675,0.0003466580,0.0004798764,0.0005909217,0.0007002155,0.0008971894,0.0012604712,0.0016130000,0.0017717410,0.0014219600
2007-04-27,0.0001400000,0.0002208728,0.0003413358,0.0004676902,0.0005831680,0.0007000232,0.0008986015,0.0012598885,0.0016123500,0.0017717410,0.0014219600
2007-04-26,0.0001033333,0.0002351761,0.0003434358,0.0004854364,0.0005940053,0.0007000255,0.0008989814,0.0013018540,0.0015856167,0.0017717410,0.0014219600
2007-04-25,0.0001250000,0.0002303800,0.0003430937,0.0004748918,0.0005873826,0.0006999955,0.0008991208,0.0012709525,0.0013458000,0.0017717410,0.0014219600
2007-04-24,0.0001278156,0.0002306801,0.0003433060,0.0004708629,0.0005789184,0.0006860728,0.0008940046,0.0013014173,0.0015855167,0.0017717410,0.0011841125
2007-04-23,0.0001278156,0.0002307562,0.0003430442,0.0004705626,0.0005785984,0.0006860395,0.0008939824,0.0013013951,0.0015855167,0.0017717410,0.0011850400
2007-04-20,0.0001278156,0.0002347371,0.0003551126,0.0004739995,0.0005822446,0.0006899655,0.0009194681,0.0013143256,0.0015857500,0.0018091576,0.0012198548
2007-04-19,0.0001278156,0.0002347371,0.0003549570,0.0004738905,0.0005797402,0.0006844872,0.0009153881,0.0013241556,0.0015852167,0.0018091576,0.0012297223
2007-04-18,0.0001278156,0.0002347371,0.0003549659,0.0004739050,0.0005796275,0.0006844872,0.0009153881,0.0013241556,0.0015852167,0.0018091576,0.0012396697
2007-04-17,0.0001278156,0.0002350562,0.0003549666,0.0004735869,0.0005792987,0.0006844572,0.0009153881,0.0013241356,0.0015852167,0.0017798819,0.0012294750
2007-04-16,0.0001278156,0.0002403690,0.0003767132,0.0004700677,0.0005826924,0.0006979774,0.0009314240,0.0013283036,0.0015848833,0.0017874167,0.0012266810
2007-04-13,0.0001384822,0.0002477065,0.0003884114,0.0004856043,0.0006010287,0.0007191394,0.0009241036,0.0013433036,0.0016261625,0.0018015399,0.0017255500
2007-04-12,0.0001396074,0.0002469452,0.0003884167,0.0004856101,0.0006009110,0.0007191508,0.0009248519,0.0013433036,0.0015761625,0.0018015399,0.0017255500
2007-04-11,0.0001363453,0.0002384961,0.0003600937,0.0004972644,0.0006133123,0.0007318897,0.0009330407,0.0013368595,0.0016633125,0.0018731643,0.0014524915
2007-04-10,0.0001380852,0.0002388567,0.0003601202,0.0004984540,0.0006148399,0.0007340925,0.0009367976,0.0013422484,0.0016636625,0.0018731643,0.0014799360
2007-04-09,0.0001384822,0.0002368826,0.0003560505,0.0004938554,0.0006081963,0.0007253067,0.0009466640,0.0013379578,0.0016636625,0.0018731643,0.0015791400
2007-04-06,0.0001384822,0.0002368826,0.0003560505,0.0004938554,0.0006080688,0.0007253067,0.0009466640,0.0013379578,0.0016636625,0.0018731643,0.0015791400
2007-04-05,0.0001384822,0.0002368826,0.0003560505,0.0004938554,0.0006079412,0.0007253067,0.0009466640,0.0013379578,0.0016636625,0.0018731643,0.0015791400
2007-04-04,0.0001384822,0.0002367595,0.0003558972,0.0004941239,0.0006078646,0.0007250340,0.0009461740,0.0013372669,0.0016630125,0.0018731643,0.0015791400
2007-04-03,0.0001384822,0.0002370023,0.0003559422,0.0004932414,0.0006062304,0.0007227340,0.0009434340,0.0013323033,0.0016629625,0.0018731643,0.0015505500
2007-04-02,0.0001851489,0.0002488125,0.0003564913,0.0004952199,0.0006106088,0.0007305885,0.0009491950,0.0013253636,0.0016631625,0.0018731643,0.0015505500
2007-03-30,0.0001851489,0.0002499454,0.0003552132,0.0004936831,0.0006119737,0.0007364518,0.0009475309,0.0013231595,0.0016631625,0.0018731643,0.0015505500
2007-03-29,0.0001851489,0.0002500181,0.0003550257,0.0004935103,0.0006117287,0.0007364287,0.0009474764,0.0013279929,0.0016627375,0.0018731643,0.0015505500
2007-03-28,0.0001851489,0.0002507762,0.0003556177,0.0004943405,0.0006126962,0.0007378287,0.0009480400,0.0013281262,0.0016626875,0.0018731643,0.0015505500
2007-03-27,0.0001851489,0.0002590434,0.0003582825,0.0004976992,0.0006171211,0.0007437849,0.0009542534,0.0013294818,0.0016626625,0.0018731643,0.0015505500
2007-03-26,0.0001910000,0.0002609852,0.0003551253,0.0004965514,0.0006174939,0.0007467183,0.0009525728,0.0013168814,0.0017427500,0.0018857476,0.0015505500
2007-03-23,0.0001910000,0.0002491864,0.0003385321,0.0004849464,0.0006079567,0.0007414631,0.0009485000,0.0013428814,0.0017431000,0.0018857476,0.0015505500
2007-03-22,0.0001910000,0.0002517996,0.0003412478,0.0004872601,0.0006116319,0.0007472047,0.0009548200,0.0013561036,0.0017435000,0.0018857476,0.0015505500
2007-03-21,0.0002035000,0.0002561730,0.0003463939,0.0005049186,0.0006318109,0.0007697597,0.0009691000,0.0014031505,0.0017567500,0.0018857476,0.0016077350
2007-03-20,0.0002160000,0.0002604338,0.0003490250,0.0005071913,0.0006341071,0.0007722143,0.0009741600,0.0014061004,0.0017691500,0.0018857476,0.0016077350
2007-03-19,0.0001623950,0.0002764322,0.0003999456,0.0005004383,0.0006307069,0.0007745889,0.0009806176,0.0014410843,0.0013000000,0.0018857557,0.0016077350
2007-03-16,0.0001590557,0.0002794140,0.0003967331,0.0004831752,0.0006190691,0.0007732544,0.0009795528,0.0014197259,0.0013000000,0.0018857557,0.0016077350
2007-03-15,0.0001506766,0.0002731666,0.0003931967,0.0004769210,0.0006101309,0.0007612557,0.0009638558,0.0013963666,0.0013000000,0.0018217275,0.0015505500
2007-03-14,0.0001316394,0.0002462921,0.0003531254,0.0004673291,0.0006023815,0.0007575891,0.0009608802,0.0013588406,0.0012500000,0.0018217275,0.0015005500
2007-03-13,0.0001288215,0.0002487344,0.0003544729,0.0004553757,0.0005708701,0.0006985542,0.0008866761,0.0012597205,0.0013806283,0.0017046747,0.0014433700
2007-03-12,0.0001293896,0.0002465701,0.0003527614,0.0004549117,0.0005700347,0.0006975142,0.0008888761,0.0012596905,0.0013306283,0.0017046747,0.0013933700
2007-03-09,0.0001309347,0.0002462576,0.0003326961,0.0004541789,0.0005653139,0.0006874042,0.0008899085,0.0012396005,0.0013306283,0.0017046747,0.0013933700
2007-03-08,0.0001240672,0.0002302955,0.0003317205,0.0004381706,0.0005552019,0.0006875442,0.0008944623,0.0012521005,0.0013306283,0.0017046747,0.0013933700
2007-03-07,0.0001260865,0.0002309887,0.0003332277,0.0004434951,0.0005589814,0.0006888583,0.0008939085,0.0012506728,0.0013306283,0.0017046747,0.0013433700
2007-03-06,0.0001266344,0.0002304520,0.0003337169,0.0004444382,0.0005603912,0.0006911583,0.0008963385,0.0012581128,0.0013306283,0.0017046747,0.0013433700
2007-03-05,0.0001266241,0.0002289030,0.0003316754,0.0004451760,0.0005610922,0.0006920304,0.0008989627,0.0012619425,0.0013306283,0.0015050281,0.0018005500
2007-03-02,0.0001258310,0.0002259588,0.0003236018,0.0004316413,0.0005468388,0.0006782135,0.0008585611,0.0012235615,0.0015806283,0.0014691947,0.0015933700
2007-03-01,0.0001257154,0.0002242523,0.0003229462,0.0004278654,0.0005419951,0.0006724135,0.0008507224,0.0012163715,0.0014779136,0.0015807997,0.0012361850
2007-02-28,0.0001256831,0.0002227059,0.0003196485,0.0004242658,0.0005369627,0.0006658635,0.0008419114,0.0012063715,0.0013306283,0.0015807997,0.0013361850
2007-02-27,0.0001264920,0.0002226508,0.0003196458,0.0004229475,0.0005297244,0.0006503252,0.0008301059,0.0012139829,0.0013806283,0.0015816444,0.0013861850
2007-02-26,0.0001261870,0.0002128999,0.0003184277,0.0004204107,0.0005275356,0.0006491263,0.0008205072,0.0012091402,0.0013806283,0.0013921870,0.0013861850
2007-02-23,0.0001197191,0.0002014910,0.0003034491,0.0004159970,0.0005297664,0.0006618510,0.0008398391,0.0012404189,0.0016541783,0.0015048808,0.0015005500
2007-02-22,0.0001205872,0.0002024535,0.0003033158,0.0004165515,0.0005305125,0.0006631110,0.0008386169,0.0012402389,0.0016533283,0.0015048808,0.0015005500
2007-02-21,0.0001255201,0.0002102175,0.0003147356,0.0004236987,0.0005406944,0.0006774740,0.0008302960,0.0012310915,0.0016532783,0.0014487300,0.0013433700
2007-02-20,0.0001238471,0.0002069060,0.0003163477,0.0004239178,0.0005379080,0.0006704440,0.0008323554,0.0012283915,0.0016534783,0.0014487300,0.0013433700
2007-02-19,0.0001029112,0.0001715068,0.0002956609,0.0004049776,0.0005107634,0.0006330222,0.0008036110,0.0012283915,0.0016534783,0.0014487300,0.0013433700
2007-02-16,0.0001032549,0.0001716568,0.0002956377,0.0004041417,0.0005101290,0.0006330222,0.0008035144,0.0012283915,0.0016534783,0.0014487300,0.0012933700
2007-02-15,0.0001042545,0.0001728926,0.0003105847,0.0003969272,0.0005018478,0.0006240333,0.0007766307,0.0012182890,0.0016523783,0.0014324072,0.0012933700
2007-02-14,0.0001125917,0.0001862601,0.0003031056,0.0003747263,0.0004787500,0.0006018111,0.0007914375,0.0012285029,0.0016523783,0.0013956991,0.0012361850
2007-02-13,0.0001133404,0.0001870379,0.0003031056,0.0003750819,0.0004787000,0.0006017778,0.0007913375,0.0012325462,0.0016522783,0.0013805305,0.0012361850
2007-02-12,0.0001178516,0.0001940046,0.0002914167,0.0003783103,0.0004709000,0.0005911833,0.0007737154,0.0012081429,0.0016708000,0.0014949800,0.0015861850
2007-02-09,0.0001185918,0.0001947434,0.0002914499,0.0003784509,0.0004709000,0.0005936833,0.0007779450,0.0012155714,0.0016708000,0.0015218550,0.0016147750
2007-02-08,0.0001191145,0.0001951212,0.0002914346,0.0003792716,0.0004709000,0.0005936833,0.0007778634,0.0012175714,0.0016708000,0.0015218550,0.0016147750
2007-02-07,0.0001215022,0.0001985434,0.0002931607,0.0003868567,0.0004904250,0.0006034433,0.0007903241,0.0012315667,0.0017206000,0.0015218550,0.0012635080
2007-02-06,0.0001253815,0.0002043791,0.0003002590,0.0003935504,0.0004904250,0.0006076758,0.0007913631,0.0012393857,0.0017206000,0.0015218550,0.0012626950
2007-02-05,0.0001299324,0.0002112769,0.0003057959,0.0003974693,0.0005088864,0.0006157367,0.0008086567,0.0012256771,0.0011590000,0.0014826097,0.0014147750
2007-02-02,0.0001309610,0.0002124261,0.0003074421,0.0003996383,0.0005040079,0.0006181542,0.0008114806,0.0012264057,0.0011256667,0.0015521362,0.0011693105
2007-02-01,0.0001322695,0.0002140215,0.0003087623,0.0004026996,0.0005040079,0.0006207645,0.0008135761,0.0012315485,0.0011256667,0.0017778097,0.0011939400
2007-01-31,0.0001391741,0.0002246404,0.0003161813,0.0004173307,0.0005040079,0.0006476200,0.0008217503,0.0012674705,0.0011424233,0.0017778097,0.0011880615
2007-01-30,0.0001395674,0.0002247217,0.0003164646,0.0004175894,0.0005040079,0.0006481996,0.0008225004,0.0012657372,0.0011424233,0.0017778097,0.0011933475
2007-01-29,0.0001394661,0.0002240068,0.0003158934,0.0004165863,0.0005040079,0.0006470312,0.0008209883,0.0012553038,0.0011424233,0.0017778097,0.0011826915
2007-01-26,0.0001372170,0.0002198528,0.0003139944,0.0004137719,0.0005040079,0.0006388455,0.0008138102,0.0011926900,0.0011424233,0.0017775597,0.0011472605
2007-01-25,0.0001179560,0.0001885279,0.0003029968,0.0004102420,0.0005040079,0.0006377000,0.0008153446,0.0011190628,0.0011424233,0.0017775597,0.0011480665
2007-01-24,0.0001116758,0.0001780517,0.0002960958,0.0004017513,0.0004773333,0.0006339259,0.0008103200,0.0011216000,0.0011424233,0.0011949800,0.0011488265
2007-01-23,0.0001119212,0.0001780046,0.0002962791,0.0004020392,0.0004773333,0.0006338593,0.0008102075,0.0011210667,0.0011424233,0.0011949800,0.0011471100
2007-01-22,0.0001121969,0.0001780046,0.0002962714,0.0004016384,0.0004773333,0.0006337148,0.0008101200,0.0011182667,0.0011424233,0.0011949800,0.0011463105
2007-01-19,0.0001124733,0.0001780046,0.0002962687,0.0003991674,0.0004773333,0.0006337148,0.0008101200,0.0011023500,0.0011424233,0.0011949800,0.0011462110
2007-01-18,0.0001127573,0.0001780157,0.0002873256,0.0003769726,0.0004773333,0.0006114926,0.0008089956,0.0010068550,0.0011424233,0.0012449800,0.0011981513
2007-01-17,0.0001127573,0.0001781490,0.0002873151,0.0003771251,0.0004773333,0.0006114148,0.0007978764,0.0010058383,0.0011424233,0.0012449800,0.0012021455
2007-01-16,0.0001136503,0.0001792800,0.0002894524,0.0003788440,0.0004773333,0.0006114148,0.0008006822,0.0009997383,0.0011424233,0.0012449800,0.0012061530
2007-01-15,0.0001136503,0.0001792800,0.0002894491,0.0003788394,0.0004773333,0.0006113815,0.0008006581,0.0009930717,0.0011424233,0.0012449800,0.0012101739
2007-01-12,0.0001204755,0.0001793133,0.0002894383,0.0003788028,0.0004773333,0.0006114481,0.0008025338,0.0009930717,0.0011424233,0.0011949800,0.0011654440
2007-01-11,0.0001204755,0.0001796244,0.0002894273,0.0003786660,0.0004773333,0.0006112037,0.0008023796,0.0009930883,0.0011424233,0.0011949800,0.0011645895
2007-01-10,0.0000963140,0.0001824149,0.0002970357,0.0003787917,0.0004773333,0.0006112037,0.0008023198,0.0009931550,0.0011424233,0.0011949800,0.0011630960
2007-01-09,0.0001204710,0.0001790132,0.0002891964,0.0003787694,0.0004773333,0.0006109481,0.0008021398,0.0009936050,0.0011424233,0.0011949800,0.0011630960
2007-01-08,0.0001224240,0.0001808473,0.0002897893,0.0003798813,0.0004980000,0.0006109481,0.0008020710,0.0009963383,0.0010757567,0.0011449800,0.0011113760
2007-01-05,0.0001203475,0.0001905538,0.0002943849,0.0003895248,0.0005160190,0.0006174873,0.0008047783,0.0010127208,0.0010757567,0.0011449800,0.0011113760
2007-01-04,0.0001203475,0.0001905538,0.0002943849,0.0003895248,0.0005160190,0.0006174873,0.0008047783,0.0010127351,0.0010757567,0.0011449800,0.0011113760
2007-01-03,0.0000962317,0.0001905538,0.0002943849,0.0003895248,0.0005050237,0.0006174873,0.0008157654,0.0010127780,0.0011136350,0.0011852957,0.0011505085
2007-01-02,0.0001203475,0.0001906038,0.0002943849,0.0003895248,0.0005160190,0.0006170273,0.0007943874,0.0010130923,0.0011828900,0.0012590072,0.0012220566
2007-01-01,0.0001227855,0.0001911399,0.0002961493,0.0003921190,0.0005160190,0.0006170273,0.0007973017,0.0010153351,0.0011828900,0.0012590072,0.0012220566
