date,DEU,AUT,BEL,PRT,ITA,LUX,FRA,NLD,FIN
1959-01-01,2.22038984966855,1.04351404787635,-3.6868559629654096,12.9460345733141,4.09026800974084,-2.999715492956,-0.519210789806757,1.35135135135169,0.320000000001031
1959-02-01,2.06823303136052,-0.17036995940708,-8.6836863588659,12.0336301883284,9.79121672419576,-5.48937697174976,0.730688938817003,0.0,1.75438596491178
1959-03-01,1.50534045391391,-2.21739496248308,3.17081752748898,7.372623499859791,10.3821197081469,0.935647753845359,0.414507769906391,1.33333333333321,2.97805642633284
1959-04-01,4.55210171047808,6.632712084482,5.4805390249425905,7.59908621737004,10.9261939276604,0.586290759656882,2.68317853525111,0.0,-0.913242009131687
1959-05-01,7.55587824728488,0.874427336823147,4.0889243154548,3.52008027158328,10.8303249380603,5.521026713138809,-0.703517591328873,2.63157894736861,5.22273425499058
1959-06-01,5.71454653266561,-1.22080818682844,6.30729278227018,16.9638662138752,7.54052148052333,5.14294182428938,1.01214575790771,-1.28205128205114,-2.62773722627671
1959-07-01,6.00549328170716,0.364709485230996,3.88131281159432,15.4078963577251,7.332402261798099,7.38580526391877,-0.100200421125352,3.8961038961034897,1.34932533733134
1959-08-01,8.15164492906424,1.1605183903193,5.3610033192728705,10.6940403672155,11.4765570239495,6.40229526209783,0.0,0.0,1.62721893491151
1959-09-01,9.74711464062235,-0.567069049722169,7.901761333598061,9.662293174423619,12.0440468191003,6.59149287833136,1.90571714899948,1.25000000000031,0.873362445414849
1959-10-01,13.9168361444748,1.90318347235838,8.19459719484397,12.1254010140318,13.4154688653931,7.943605006930009,1.57480316916243,1.23456790123444,1.44300144300122
1959-11-01,10.2507669735386,0.211627837579953,10.9123673331766,7.75011113043196,15.4421768695984,11.9343628087594,0.678294576898075,0.0,0.853485064011394
1959-12-01,10.2600179760878,2.03887584587674,11.3838973053474,12.9056600015835,16.8707482875015,14.6346003616548,0.769971122127044,0.0,1.41043723554348
1960-01-01,13.0629809061905,0.504369922612868,10.0429088888856,-1.44031569951747,15.9891598743074,15.1441237944971,0.57306588641457,1.21951219512182,0.556328233656966
1960-02-01,12.1028923661664,0.541629874985361,10.8370026130053,7.990087599957139,15.3442622773434,14.8657363415723,0.759734089316511,0.0,0.41493775933612
1960-03-01,12.4963380098324,1.74762037790526,8.39794913936436,10.0963890121627,16.655780507226,12.5704592925124,0.0,1.20481927710874,2.0661157024793706
1960-04-01,15.3001898421479,0.796878646168664,6.3561826435625,12.2630922445004,16.6992824434879,11.3117291635939,1.13100850315622,2.38095238095215,1.48448043184972
1960-05-01,9.345494199468348,0.765345240020388,7.79766726386144,8.27276580075655,18.1107491475861,6.67755786467892,-0.279589939795999,0.0,0.265957446808729
1960-06-01,10.4809942651981,0.55360636399544,5.632834697349409,6.2792178730114,21.4941022149469,9.36874371254515,1.4953270952472,1.16279069767429,2.25464190981326
1960-07-01,16.2226920367457,0.44918115432806,9.442879453090098,5.37093877487453,20.2992842956464,9.388295341470101,0.828729296791653,-1.1494252873562,0.518806744488098
1960-08-01,7.61836898670263,1.69445317627861,10.1118332922812,7.04099419397859,16.5725047044776,9.24487269728003,0.0,1.16279069767429,-4.25806451612906
1960-09-01,11.0250348482726,-1.14627354408596,7.38146310476113,6.702080994476529,15.5405405510918,9.73160042891774,2.46575341834432,1.1494252873566,4.17789757412446
1960-10-01,9.28967703626991,0.98803363185791,8.92387103644348,2.7862838177338,12.1303560562555,7.87805479612775,-0.713012474106256,1.13636363636354,0.776196636480608
1960-11-01,9.4923811559247,2.66750849890289,6.1315943376264,-0.34619207438199,9.84089567515836,2.89662210483388,1.0771992763706,0.0,1.1553273427465
1960-12-01,10.570873343277,0.448112195151995,-7.1957572878621505,6.1412915673092305,8.731082642777581,-0.584771735625889,-0.0888099401092801,2.24719101123612,1.77664974619374
1961-01-01,10.2491711629992,-3.73266867812254,-16.6901977190532,14.6988604836359,10.8644859834766,1.42827401578645,0.444444436009328,-2.19780219780235,0.997506234414169
1961-02-01,11.5492603611115,2.6653693700596106,7.84687919775284,6.56115691339494,10.3467879482763,3.0647373524127106,0.796460166849666,0.0,1.35802469135704
1961-03-01,11.0433266931349,1.05939028755466,9.189607342165468,16.5500701948067,8.566629346206781,3.9234949338846,0.877963133393145,0.0,1.70523751522556
1961-04-01,8.56246023460017,-0.993896710676156,8.66893475171433,10.6780241127195,9.446618201222739,4.75219287383735,-0.696257611831053,2.24719101123612,-1.55688622754416
1961-05-01,7.6068454398287,-0.675257553987274,8.04066789804054,15.6786760313223,9.21125208076981,6.57710803794707,0.26292726154229,-3.2967032967033494,1.82481751824819
1961-06-01,7.053657981031369,0.410907476446631,9.089500755932711,8.16324519570011,8.41423950610276,3.55801334281818,0.611888114833059,1.13636363636354,1.1947431302274
1961-07-01,5.17627704448791,1.58881618637656,7.92971776419988,5.53065747584893,10.4921579279172,3.8301660127103294,1.12945263806445,1.12359550561825,2.47933884297464
1961-08-01,6.42900464984046,-2.16359824064853,6.84079465795229,0.99712630642288,10.2315562765923,4.9568160264684495,0.0,1.111111111111,-1.26728110599098
1961-09-01,5.49495077431774,2.57043237756125,6.1581693042600705,4.9472615491629,9.88835725761119,1.62105343335277,0.343642609964845,0.0,-1.16686114352317
1961-10-01,2.48787246727513,-0.479790731655394,4.18422179776461,5.2922730778447695,13.2400430813187,1.86354687757402,-0.342465751717402,0.0,0.7083825265632
1961-11-01,3.59610027752204,-0.551531436805219,3.47436569328812,9.230081020435028,14.4313304885493,0.744434213640743,0.515463926858462,1.09890109890136,2.46189917936754
1961-12-01,4.44493001310811,2.35199099341672,21.0147883207462,0.698807630511644,15.0963597483063,-1.32182551845763,2.90598290302531,2.17391304347765,-0.114416475972356
1962-01-01,7.556170056308019,-1.55568803297024,36.7877628250396,7.21764631506863,15.0158061011433,-4.4913574262296,-0.830564791360133,-1.06382978723394,1.94730813287534
1962-02-01,6.719368216769969,2.09346400195827,2.46685075745465,4.9589705088810305,12.7769191063288,-2.80811242901502,0.837520945453329,1.07526881720419,-0.33707865168594
1962-03-01,5.70575019877513,-0.857280105538072,1.22259619243721,-6.3251767101264,11.9649303935408,-6.00635631893194,0.747508296102817,-1.06382978723394,-1.12739571589664
1962-04-01,4.12353363064533,1.75878018590807,1.54742531963545,-6.49430626553538,11.6956077651788,-5.58310463645091,-0.412201146398761,0.0,4.44697833523435
1962-05-01,9.68030073492343,-4.46020405001504,4.511041316515009,-2.46146799863293,11.919191937349,-10.1527427635355,0.745033103081583,1.07526881720419,-1.63755458515285
1962-06-01,9.67435600355844,3.28038547865046,4.61171445606396,4.46634021025538,7.164179092293209,-5.49147663210534,-0.657354146290423,1.06382978723429,-0.665926748058265
1962-07-01,7.868521382385009,0.0870297154517807,2.5511926721478706,1.81770446152865,9.30004895024224,-7.68284107319263,1.5715467307313,1.05263157894726,-1.00558659217823
1962-08-01,13.3892532490137,0.427646719303265,5.05199221407462,7.759121049057231,9.28187591846998,-8.47445683492121,0.0,0.0,1.01580135440127
1962-09-01,9.82667818404088,1.55490747227844,5.610963761672689,-0.352941407987917,6.43444605562715,-1.11771385371768,0.732899036096213,0.0,2.56983240223485
1962-10-01,8.84165700807389,-1.31992512679761,4.17469673872244,-1.09888576047167,5.988593138795831,-3.34278462315127,0.323362973290187,0.0,-1.63398692810407
1962-11-01,10.7653002894042,-0.124069991164566,4.11509665244552,4.12896006506642,6.79793718032564,2.23058851101476,0.483481050028445,1.04166666666692,1.32890365448453
1962-12-01,5.55641283141497,-0.593865677019978,4.61745675493304,-0.755731100256696,8.23255815232169,-0.51638562869929,-0.882117082189371,-3.09278350515503,1.53005464480893
1963-01-01,1.52671755725213,0.718268364539232,1.98539872461161,-2.79287134238643,6.550618417801511,-0.408863731578657,0.246087930603123,0.0,-0.96878363832027
1963-02-01,0.573613766730419,-0.686433050368784,2.7040536850953,-0.705309012633226,3.74600273880716,-4.0762612395965,-1.48588409435602,0.0,-0.543478260870256
1963-03-01,3.05927342256196,2.37257361028118,7.84237708700337,2.5990076238904294,7.5541225182001295,-1.85689447116124,-10.1055806908352,3.19148936170255,-4.699453551912449
1963-04-01,5.63106796116497,0.341280947398981,10.1419419447612,7.91783734315035,9.465020597766442,-0.610918151669793,13.9261744856629,2.06185567010289,6.19266055045933
1963-05-01,3.20150659133702,1.00514261953881,8.430563116642631,5.40556876564868,7.897111897591169,4.58358529128096,4.12371133494636,0.0,1.29589632829323
1963-06-01,2.25988700564974,2.69847662171208,7.5464879657457296,-4.26644946490302,12.9526462558799,2.90190128708925,0.0,2.02020202020217,4.26439232409368
1963-07-01,3.75939849624052,-3.13461765677551,6.51370633307218,2.05780750277522,8.01612179535527,5.13675169687922,2.68741161403165,0.99009900990088,-4.601226993865071
1963-08-01,3.06306306306328,3.22351536990049,8.62134240134356,0.477710057535319,9.432275363913782,4.64663329151291,0.0,0.0,2.14362272240158
1963-09-01,2.58302583025822,0.0478730272239103,8.91158294972945,6.43374394171852,13.4545454342991,0.437172361420024,-1.10192838202796,0.0,0.944386149002652
1963-10-01,6.00375234521568,0.152918466465679,9.714059859279711,9.09012443047075,12.0179372198469,-0.543699162238565,0.557103057346997,0.0,2.1829521829527
1963-11-01,4.595588235294249,3.23584284278424,11.3840100779861,4.69977706014324,9.08691834363944,-2.51467674272708,0.0,1.96078431372562,-1.52594099694813
1963-12-01,4.15094339622655,-4.324415516566,10.1288568560034,14.5171099124832,5.973356253262049,6.456582584602129,1.38504156592427,-0.961538461538691,1.34297520661091
1964-01-01,8.64661654135321,4.71984852139096,13.3837056357489,10.6080197993287,8.856405854465631,5.82716579085645,2.04918030813614,3.883495145631,-2.08928613533521
1964-02-01,12.54752851711,1.58501342665474,11.9344541008402,7.00392906351244,7.9260237786091805,9.229166643644861,-0.535475227873261,0.93457943925257,0.261437908495665
1964-03-01,7.977736549165271,-1.27101447886036,10.1992425534361,3.75646444568012,7.23768734997468,13.8724471136702,0.134589495334447,1.85185185185199,2.67275097783648
1964-04-01,7.16911764705916,-0.900350502541492,5.54333826033182,6.887767518841369,3.25814535971889,11.5975284347793,0.940860229121054,-1.81818181818196,-1.28571428571496
1964-05-01,6.20437956204394,6.11864683192442,3.39663267021653,4.3628960133228,2.21664575702669,10.8752691108209,-0.266311591363422,2.77777777777783,1.73661360347366
1964-06-01,9.023941068139822,-4.716855801807551,5.74100608210384,17.3708846140109,-1.31524867247769,9.022703623618101,-0.934579433050742,-2.70270270270275,-0.0474158368898192
1964-07-01,9.420289855072621,2.36732836146152,9.01011765998254,14.1002909128539,1.45107794102313,7.26373954214523,-1.75202155740596,0.925925925925819,2.29285262492094
1964-08-01,4.72027972027946,-0.12520511300087,2.48591086457095,7.513114583931889,-6.1683006574996,10.8356115884112,0.0,0.0,0.355541814809079
1964-09-01,7.9136690647481505,-0.87425081112914,2.97615052028637,7.538543839576819,-2.88461538016376,7.71250088030992,2.05761314891406,0.917431192660789,0.184842883549186
1964-10-01,7.610619469026701,1.9724151990842,5.469652255433809,8.99721516470975,-3.24259406156568,13.4402027453165,0.134408615728221,1.81818181818163,1.32226322263258
1964-11-01,6.678383128295209,-0.353680222323594,1.98209988396449,10.1828249614283,-2.01207242422211,7.977769309030621,-0.134228201460718,0.892857142857051,-0.121396054628209
1964-12-01,11.231884057971,-0.22077879007566,2.4759439337711706,5.06046144485612,-0.973236015889012,6.04200052322748,-1.88172041775428,0.0,0.0911577028255284
1965-01-01,8.65051903114185,5.2063806458463295,2.95799435288273,3.94527885363658,-3.7124802536656705,9.301535503900688,0.136986294558317,1.76991150442489,1.2295081967215
1965-02-01,5.23648648648662,-3.42742835935015,2.62044955356135,10.229640567037,0.571195434139304,9.307559420145248,0.957592353523551,-0.86956521739151,0.914679862048295
1965-03-01,6.87285223367682,-1.27120951473363,-0.215414780644674,10.8504016751169,-2.91533544748276,-3.2529787521629694,0.0,-0.877192982456054,-1.26300148588404
1965-04-01,7.204116638078671,1.04487160871798,3.08270139606874,8.17380031898447,-0.242718448133583,1.18434971880423,0.542005413472402,0.0,2.24228743416124
1965-05-01,7.388316151202609,0.844449815266479,4.559707751041,7.201022775985471,4.37806873225488,-0.410925958395525,0.5390835514407,2.65486725663719,0.353252870179044
1965-06-01,4.72972972972985,0.933117729453281,1.70058051190838,-1.34676299814267,7.2886297479929105,-0.291354834005997,1.20643431700338,-0.862068965517149,3.24141977119392
1965-07-01,3.14569536423825,0.526605958638071,-0.481141339511737,3.5801302820724,6.04822232869713,-0.701281763858042,-0.13245032454654,0.869565217391211,-0.909220059667404
1965-08-01,5.00834724540904,0.533480928172514,2.38052243479241,5.25586519452887,11.5367871247413,-3.7950973966716703,0.0,-1.72413793103461,-0.143369175627106
1965-09-01,5.66666666666678,1.23166770954428,1.62489636831766,4.22930667694141,7.05445545519108,-0.417779591629086,1.06100794473734,3.50877192982451,0.358937544867088
1965-10-01,3.78289473684206,-0.277814491175743,1.20724791176234,0.731267686973225,7.81961107789932,-2.1272763279275506,1.96850393817494,0.847457627118842,-2.60371959942782
1965-11-01,3.29489291598015,0.412467188727939,3.82015003547174,1.33500605758896,9.774127300336673,2.51166931999336,0.0,0.0,0.925381903642664
1965-12-01,4.56026058631909,-4.622354153329409,5.47066390007156,8.93270801197916,9.04995904862196,-1.68828500263716,0.386100386324828,0.0,0.130985300538411
1966-01-01,1.43312101910831,5.770019955147631,0.4796339057483,7.994095194698031,11.7461147408973,-3.62762420209778,-1.53846153935264,0.0,-1.0901162790694
1966-02-01,2.40770465489542,0.164309104551963,2.15084878698326,4.1979558458538495,10.0852744649478,-6.30487450332303,2.34375000137885,0.0,1.92505510653922
1966-03-01,4.66237942122207,0.517869146808114,3.6916171526188495,12.5448779573941,14.5779690566828,-2.11385710127124,0.508905865484666,2.52100840336138,0.980392156862786
1966-04-01,2.4,0.261818141331105,2.45347244624237,11.0070114609839,10.4773024000463,-5.80858956214119,-0.886075962471311,0.819672131147464,0.656767561393479
1966-05-01,1.92000000000001,-0.326471535943607,1.11101321592002,9.863573653787848,10.8766552727046,-3.75471962966724,1.53256705069291,-0.813008130081216,0.964539007092236
1966-06-01,4.03225806451624,0.289575289575339,3.05624044086967,6.88191984347797,10.2186233710696,-3.21181506329938,1.38364780584359,0.0,1.01152008991314
1966-07-01,2.40770465489542,0.941297149490627,2.94928877093124,2.27687167871493,10.3798721610886,-3.09145914280784,0.620347401079102,-0.819672131147453,-1.40472878998641
1966-08-01,0.158982511923766,-3.35147628988958,3.59823918381219,7.671653504477379,14.7437750247746,-2.53264286165805,0.0,2.47933884297524,0.507829030892615
1966-09-01,0.0,2.9186187749435506,4.283851306159071,0.787755189202133,13.5612469255534,-3.12301822634707,0.246609112263307,0.0,2.65263157894748
1966-10-01,-0.792393026941296,2.38607241827473,0.969066276423214,1.54502421544067,11.842270610706,-2.47945793398749,-1.23001229463142,0.80645161290287,2.03718895269325
1966-11-01,-1.43540669856433,-1.66101737372104,0.685384690443058,1.60988493809731,9.57602896997027,-5.6822737776383,1.12079701176853,0.800000000000201,-0.147393809459828
1966-12-01,-3.58255451713364,3.13725871731048,-1.98376254161073,-5.71822720941489,12.2789112159176,-2.44076619481173,0.0,-0.793650793650991,-0.550187869028307
1967-01-01,-4.55259026687593,-4.01672630774885,1.82619014327727,-2.63375623129981,10.1449275282405,0.0110502031414716,-0.492610831499052,-0.799999999999645,0.161921468088155
1967-02-01,-5.79937304075223,0.0373980254220641,2.24525688256798,-6.2090915286528094,12.3015872832525,-0.551812362268933,-0.618811887670878,0.80645161290287,0.148188064124843
1967-03-01,-8.29493087557632,0.308426395939643,1.7017833351517,-7.861182402215981,7.860824745769661,2.41143139535522,0.62266501279038,0.0,0.0538068334680286
1967-04-01,-6.09375000000004,2.07529143455809,-0.84671215164589,-9.832014161060261,12.3847167282959,2.30244434535229,-1.11386138662305,1.60000000000011,-0.981446625437121
1967-05-01,-7.064364207221409,-1.13370911073964,2.36558119350636,-6.96830812023634,9.01015229984368,0.6693948704384,0.500625776164343,-3.14960629921255,-0.80108621860161
1967-06-01,-6.20155038759701,-0.662686852766381,0.328736557732179,4.12186768846736,8.091024001370089,-1.81126573551692,2.61519302746023,4.065040650406649,-1.60142348754435
1967-07-01,-2.6645768025077694,0.175409665324655,1.1613005084135,0.627821683670238,7.268170429250031,0.977496303168901,-0.849514557428188,0.781249999999911,2.43427458617378
1967-08-01,-3.4920634920636,-2.98571572711426,0.759395441248301,-2.63990227885835,4.8840048903884,-2.57239239535879,0.0,0.0,2.2134709397061
1967-09-01,-1.57728706624615,3.48111019622157,0.343541227423216,2.46096653481476,4.14129109591468,-0.937964649520973,1.83598531290725,2.32558139534889,-1.08941145210545
1967-10-01,0.798722044728373,0.361536423195474,3.38418158962379,6.80636993079293,6.5270935931782,-0.736112744007766,-1.32211539120807,-0.757575757575946,2.79382135661466
1967-11-01,3.07443365695776,-0.162361477870354,1.91235262666543,5.14319490931576,6.61764706941184,3.546487901677,1.21802679107019,1.52671755725202,-0.679472102442757
1967-12-01,8.88529886914364,4.58201476793234,4.92441750570412,-1.75177268613358,4.32172868535228,-0.670464253343162,1.56438025955037,1.50375939849634,-0.289435600579324
1968-01-01,2.13815789473668,-2.34796378396364,3.7522661737843506,2.17862844943797,4.78468900129578,-2.78277628802639,-0.118483406444214,0.0,0.0131943528169476
1968-02-01,5.6572379367722,-0.454325168423886,1.78159934077542,9.30412621301728,3.29799765255006,-1.90363000798471,0.593119816475007,0.740740740740664,0.55408970976234
1968-03-01,7.705192629815901,2.99377655438304,2.83311393054846,4.15282809737552,4.778972527295471,3.23916364149583,1.88679244780336,1.47058823529396,0.446077145106893
1968-04-01,7.32113144758759,0.0993448525686391,6.79888852170762,4.3864099791066,4.57209846935236,3.33877083586571,-0.23148148741311,0.724637681159601,2.52089864158818
1968-05-01,11.8243243243245,0.181999105162367,3.06259982154065,7.1208515157045,5.23864958502338,5.1087798979311,-31.554524351205895,0.719424460431584,-1.22308574340696
1968-06-01,11.2396694214876,5.532454194220169,7.06404008699204,-2.93318495932022,5.497076022422889,8.20456353480057,25.7627118583492,2.85714285714282,-0.27086289178434
1968-07-01,6.9243156199682,-2.63069224145498,2.35368698461598,0.927231379302751,6.1915887823888305,5.68924093828256,21.1590296528514,-0.694444444444609,-0.77599586135505
1968-08-01,16.6118421052632,1.36574920353127,7.08067837943884,7.72139993276444,5.4714784617151,10.0720551652383,0.0,0.699300699300864,1.00364963503645
1968-09-01,11.8589743589741,1.77693846881577,9.99692930681557,15.2807801212744,9.122807024347821,11.2851134225866,-2.89210234280558,2.08333333333337,2.7100271002712
1968-10-01,10.9350237717909,-0.890186389141168,5.604153261068911,5.79600246483427,8.6705202188438,9.980181684728501,4.46735395420221,0.680272108843694,1.04284457846469
1968-11-01,13.657770800628,2.35072099806954,8.7144048159256,5.456667704134129,4.137931028357911,8.03992457279794,2.08333332886044,1.35135135135145,2.12633673215639
1968-12-01,6.82492581602361,-7.251790298796591,8.052003082892,13.5782445362565,8.86075950633229,13.4593864179328,-0.10741138027196,1.33333333333321,1.87507609886759
1969-01-01,17.2302737520132,8.33309550728374,10.48672729231,12.3646006340986,10.1598173427883,19.838176367841,-0.645161290636076,-0.657894736842268,0.669296043981826
1969-02-01,15.275590551181,1.04391173195222,8.597156269035501,11.7682221007552,6.727480042261449,17.1483120790498,-1.08225107734695,0.0,1.18722545411407
1969-03-01,15.0855365474338,0.965163737102004,9.778747319769527,8.13443095233184,10.0342075237722,12.5988301915818,0.0,1.98675496688745,1.72474480816605
1969-04-01,15.5038759689922,-0.244204235051904,10.231576693461,10.2386253583401,8.74439462478185,12.4988250594248,3.28227569612329,1.2987012987014,0.530565167243346
1969-05-01,13.8972809667674,2.42424403366146,12.8294676067856,3.3544500638149,5.42035398677196,9.00232040981333,2.3305084865764294,1.28205128205114,1.80128499311591
1969-06-01,13.2243684992571,2.12789017341022,10.0073361958402,13.5575910042698,8.53658537847628,12.7097782717887,-1.24223602542584,1.26582278481022,-0.349374506931122
1969-07-01,14.4578313253008,-0.148498910337513,16.6828637139362,0.118265282913432,8.14081407577794,13.6773165782029,0.419287206676078,1.25000000000011,2.44288622483626
1969-08-01,10.1551480959096,2.15261899708958,10.1699718887363,14.4636624103841,6.843267104363489,11.7161645068612,0.0,1.23456790123444,0.916317067785433
1969-09-01,10.8882521489973,-0.402025785005777,6.04126958419324,2.23963382714418,-1.92926044749794,10.86055359202,-1.25260960399664,-0.60975609756112,-0.371950552456157
1969-10-01,12.0000000000001,0.631598168489655,9.80628968737869,2.42107120839214,-7.12765955940244,11.6840879818596,3.38266385488244,1.22699386503076,0.955309102887747
1969-11-01,9.94475138121531,2.31642637215688,8.26489312745249,6.646357208482169,-5.7395143524725905,12.1629622293291,-2.35173824752881,2.4242424242424,2.3167283010659494
1969-12-01,9.722222222222369,-8.439785101567502,5.47174016073244,12.332987271777,-5.813953491142031,9.78657169375654,0.2094240891368,-1.18343195266261,1.39257999362203
1970-01-01,8.791208791208671,5.71195995095086,1.2101596074088,5.79357524069115,3.52331606839897,5.02011379692588,2.8213166157520506,1.85224887444078,2.36946949045902
1970-02-01,9.699453551912768,4.05402586255645,6.11751278431709,2.93547588371763,8.01282051899395,6.7240619037362,1.11788616917103,1.03092783505176,-0.358459647685194
1970-03-01,8.91891891891898,-0.0357290991399917,7.06481177444964,8.35805608798659,4.352331600167551,7.898469180534409,-0.201005015145939,2.04081632653064,-0.46253469010179
1970-04-01,9.261744966443008,0.712236274752298,1.74300167131693,11.5859878157748,2.88659792846124,4.96172034958178,1.40986907411496,-1.00000000000021,3.43866171003731
1970-05-01,8.75331564986743,3.41665485981137,3.27366937991047,11.7831751008144,3.1479538255796,6.51126323153728,-1.1916583919146,0.0,1.12808226015748
1970-06-01,6.5616797900262,-2.74159012302528,1.75624251986735,9.41988216751588,0.510725218137287,1.68090207733049,0.201005030282753,0.0,-1.36229022704804
1970-07-01,8.15789473684212,1.6093454872097,2.7506381575291,16.6846746823234,2.8484232013330306,2.64289235368103,-0.501504518828699,3.03030303030325,4.11329063250574
1970-08-01,3.58514724711918,1.38930099518708,2.3497374317458,-4.302645853412191,1.7561983502167,0.580938833055034,0.0,-1.96078431372549,-1.06699990387401
1970-09-01,4.00516795865642,-0.521825367128914,2.6156549755348,3.7274282663279505,10.9289617449808,-4.96304158135314,1.10887097342021,0.0,-1.80722891566285
1970-10-01,3.44387755102022,0.891391832842636,2.30310829642002,7.997064207805329,13.6311569161652,-9.825017462012461,0.897308076221814,2.0,-2.14723926380326
1970-11-01,1.00502512562828,0.901675586283202,1.01302435086992,3.33979178129074,17.6814988360143,-8.711965496365929,-0.592885375788244,0.0,1.99211244817448
1970-12-01,3.54430379746844,-5.328325409532311,4.9963515673498495,0.829590991632512,13.1313131304008,-5.4949304219656,0.994035780793867,0.980392156862564,1.03113226254226
1971-01-01,5.17676767676765,9.342776789405248,6.73730010258204,-0.59126768179415,2.69019018494614,-9.156136500498988,-0.295275590711619,2.91262135922352,2.94406280667312
1971-02-01,2.61519302615174,-1.69036223417127,4.36216363363946,-0.530934538310857,-4.546983187472129,-6.09559405759703,1.67818361890157,-0.943396226415294,-19.4470924690178
1971-03-01,1.73697270471478,-1.43130020885573,-0.0692615233315985,-1.01400242170099,-4.1678252162857,-7.659940231470819,0.679611645942391,-0.95238095238076,-7.26627218934965
1971-04-01,1.47420147420128,1.16544923870312,3.8526973990272495,8.78943613209073,-4.4378757450005,-2.2608589553174494,-0.289296046441379,0.0,33.0142930066365
1971-05-01,-0.731707317073182,1.58948711199369,-6.58468305972169,8.44164914140313,0.906917604225854,-0.674987242923419,-1.74081238004011,0.961538461538258,1.11292334260764
1971-06-01,1.3546798029558,-1.76350702287351,2.2217147839645106,2.21496300132535,1.66717481119711,-0.940427564442869,1.96850394301924,0.9523809523811488,2.00208748458088
1971-07-01,1.70316301703175,0.795554703966328,1.06367623515964,11.6358820417659,-1.88773491773087,-2.71364013886004,0.579150579431276,0.0,0.418604651163101
1971-08-01,-0.98887515451167,0.374858040662285,1.39664247107443,13.2368291072198,2.13857867526761,1.30852532366181,0.0,0.943396226414928,-1.56553960166739
1971-09-01,1.8633540372671,0.19042116458845,3.31181692059765,2.3380097310268706,-0.601477837236131,5.77843761051664,2.87907869620485,0.0,0.639939770374576
1971-10-01,1.35635018495679,1.23653378686905,2.89504803971299,13.8658913742145,3.7001008071275905,9.165144997164388,-0.186567168949792,0.934579439252503,-0.533009164017351
1971-11-01,0.746268656716431,-1.40007440614104,3.92991051687988,28.3253250054237,1.37313432637884,3.61713789028706,1.12149532768171,-0.925925925926097,-1.65460186142707
1971-12-01,-2.68948655256751,2.39543643676627,-1.70770837437025,8.17172670519526,2.05406745230845,-0.501807531719789,-0.0924214371817444,-1.8691588785047,-0.544880986521512
1972-01-01,-0.720288115246093,2.04418447555916,2.87775870066782,14.1076866139516,0.0,4.39566313581898,0.925069375988907,1.90476190476192,5.64206074586699
1972-02-01,1.09223300970875,-3.15394810664222,1.21330545404914,17.6138900494287,1.906158354812,-1.74612648904402,-1.00824931766952,0.0,-0.800655081429846
1972-03-01,2.68292682926816,2.59745153441457,5.14585571086452,21.2011006412372,1.02639295515126,2.92238169174912,1.75925926953802,1.86915887850467,2.10033935614022
1972-04-01,1.9370460048427,1.74584320811826,5.8336229986294,6.6068542177971,10.2373887171742,2.68182411442723,0.636942670881946,2.75229357798168,-0.0269493352499039
1972-05-01,2.82555282555259,-1.24883882390644,15.6413027846631,9.177830839155929,4.2796005726737105,0.842071695528701,0.994575050243873,-1.78571428571411,2.46203612184412
1972-06-01,2.30862697448349,1.13209052682399,7.3275141812756,11.2421036568034,4.80905232736437,2.22768444241781,-0.805729633307517,0.909090909090748,-0.0876962202933651
1972-07-01,1.19617224880393,1.1963486665467,4.02884721639896,12.3440492488829,4.13694721430096,3.07178069064549,1.35379061433183,-0.900900900900736,-0.131659791099537
1972-08-01,5.1186017478152,0.408962407378888,6.63238700341005,21.635182852953,4.0787623028975,5.6937550453314305,0.0,1.81818181818163,-2.1532782562843
1972-09-01,2.80487804878022,1.10937412192684,6.85486626577927,28.0265116315341,0.841514730177417,3.412746962367,1.69189670153944,0.0,2.77553220156306
1972-10-01,3.89294403892959,2.84552670082014,8.67679017858476,7.8802168729988,4.9518569521447295,7.53688632847265,0.875656738584207,0.0,3.0938647089674
1972-11-01,7.2839506172841295,-0.388597473526797,7.5553088009844895,-1.36537632014594,1.80555555272488,6.22931314891109,0.520833333605752,0.89285714285734,-0.525601898949279
1972-12-01,10.5527638190958,11.7028688524589,15.4308559529363,12.61046923905,14.4429160934705,13.9034509108886,1.98618307963483,3.53982300884941,3.02539628430216
1973-01-01,7.37605804111237,-12.5653154792228,7.500955675205369,16.6701225807998,-2.2068965507285494,10.238789469566,-0.677392045211367,0.0,-2.95309785755625
1973-02-01,7.563025210084099,1.57638245273206,9.847921031195941,15.0066121080789,3.45323740858818,19.0701752459552,1.02301790333879,0.854700854700874,2.59972724173201
1973-03-01,7.12589073634209,0.45879375058322,7.8230308460955005,8.34133066812031,7.982583461470339,19.2492123372208,0.590717295641663,-2.5423728813558,-0.332308714796237
1973-04-01,6.53206650831364,1.40338270155009,6.318530458292449,8.296676670738862,6.19111709420614,9.753128091381742,-2.09731543317822,3.47826086956524,-1.55038759689914
1973-05-01,7.885304659498259,0.0497321337642243,5.7341777143171,12.7803173955955,10.5335157248063,12.1012409419104,5.65552699520762,-1.68067226890772,-0.863601727203356
1973-06-01,6.53206650831364,1.45985662418442,4.5941886335725,13.8401537213049,13.2253711257846,8.71480934399904,-1.86536902363694,0.854700854700874,2.14365018361946
1973-07-01,2.24586288416084,-0.656157471916519,7.07895600989976,8.4312552068168,14.1095890447889,12.7423082322175,1.48760330658748,0.847457627118797,4.289297658862551
1973-08-01,8.43230403800474,1.07057947351794,9.02102269764673,6.34303294745471,12.2972973098654,10.5479252234324,0.0,0.0,-2.16467569951085
1973-09-01,7.829181494661991,1.36243985726683,6.19799155361309,6.58275612401249,20.3059805319446,9.53944338480699,-1.54723126709233,2.52100840336118,1.75366713103333
1973-10-01,5.73770491803269,-0.664695521455594,5.052303044326,14.8960964838712,10.615989515717,9.33046906347952,1.57154672946762,0.0,0.539582829991181
1973-11-01,4.4879171461448495,-1.26857359672912,5.72941335203101,14.6922390963957,15.5525238791886,16.2680087376779,0.488599348793928,0.0,0.496635693687897
1973-12-01,2.15909090909061,5.54216388453539,1.98982866854276,17.4654418123679,4.92788461849056,6.49825977692153,-2.67423014728148,0.819672131147708,2.4709070620119
1974-01-01,1.5765765765767,-1.48753135447801,7.213046246186019,13.6989559191186,22.143864601849895,13.7579396269533,4.3297252271485,0.813008130081139,-1.35345364032363
1974-02-01,0.334821428571241,1.4236927827898,6.60082798254829,8.54600094837425,15.2990264231927,9.90161521383515,0.399042302714214,1.61290322580645,-0.268096514745209
1974-03-01,-0.886917960088807,0.872536704620663,5.31823631318125,15.5518703502226,17.2043010673773,2.66741592460442,-2.06677264809851,-0.793650793650946,0.221378874130385
1974-04-01,-0.111482720178424,-1.0143009049283,5.7438606821954306,13.3991037072755,11.1533586916705,6.58676023267655,1.62337661595413,-0.799999999999856,-0.331334805932582
1974-05-01,0.332225913621453,-0.880157662036607,4.48046533320099,3.40567831587619,7.3019801966956095,3.86791863689384,1.35782748075615,0.80645161290307,-0.237454487889843
1974-06-01,-0.222965440356693,3.68732636918536,9.08669292612365,1.94888387859604,6.55542311445854,7.03575051584127,-1.73364855089483,1.60000000000016,2.90384005077731
1974-07-01,3.35260115606912,-1.90060516848777,4.8171705594221,3.54242167490122,1.32052821238304,6.14400623644655,2.80673617240847,0.0,3.83191981495756
1974-08-01,-4.49069003285868,-0.738094885502905,2.7720232445217,-1.75074261588746,1.56438026225392,5.421337657232231,0.0,0.78740157480317,-3.45288482958321
1974-09-01,-3.85038503850382,-0.0945313750003618,4.181702093838769,-8.57178030281068,-1.2716763016575,4.86726355493898,-4.680187209871,-0.781250000000011,-3.28411013690203
1974-10-01,-3.54374307862676,-2.17373906861014,1.18401506747794,-1.62866188038131,-4.38388625217135,2.74349665636398,0.163666125308914,-1.57480314960645,1.23260437375738
1974-11-01,-4.73568281938317,-0.191235057345285,1.24004013027432,-7.531268370035329,-4.60448642882069,-9.59699705051711,-3.9215686293811696,0.0,-0.29850746268657
1974-12-01,-8.5650723025584,-2.38725209885056,-4.18352146354335,-4.0760668264063,-11.4547537242726,-9.61568629018336,-1.70068027724932,-4.79999999999974,-0.433343838638223
1975-01-01,-8.31485587583153,-0.567519730358057,-7.18502012181559,-8.08960370220775,-11.4318706788926,-19.042223860871,-1.12456747034038,-0.140056022409041,0.56331766443094
1975-02-01,-8.453837597330141,1.88062459419114,-9.221723085823221,-3.59272407093345,-7.478890229671901,-16.1287621883243,-0.349956251260164,0.0,0.244798041615879
1975-03-01,-6.93512304250559,-2.45748726411691,-6.84435042650001,-10.7161260677862,-12.0412844038493,-15.1947628675663,-1.49253731856434,0.999999999999979,-1.22100122100132
1975-04-01,-8.37053571428578,-1.19063895725112,-15.4483521922125,-11.4022917500194,-14.3671607843631,-24.8713209768962,0.267379679287894,-1.98019801980209,0.37082818294174
1975-05-01,-9.713024282560648,-1.3472724210746,-10.8371699803731,-3.5011883908545,-12.1107266435533,-24.1569180138288,-2.84444443704226,1.01010101010115,-5.04926108374367
1975-06-01,-8.82681564245821,-0.233318962237483,-14.1361556335718,-1.76213753819606,-13.9821029009046,-21.784281122584,2.4702653259287306,0.0,-1.42671854734083
1975-07-01,-10.9619686800895,-0.187156640130171,-10.6216640956756,-1.18370171054476,-10.071090054436,-26.5976765365976,-1.16071429519974,-1.99999999999995,8.68421052631534
1975-08-01,-5.160550458715631,1.43074939452545,-12.8496907874761,-12.3568435947388,-9.47867299478891,-41.906492023399906,0.0,0.0,-6.05326876513324
1975-09-01,-5.49199084668196,-1.38384406716201,-11.1346180038471,1.71496987932649,-11.8266978854867,-22.8730971202132,0.722673898334159,1.02040816326512,-3.8659793814428896
1975-10-01,-3.3295063145809,-0.509881489104402,-9.6269122878338,-2.05870961642929,-4.83271376098748,-24.3928456873289,3.04932735126777,1.01010101010115,1.34048257372639
1975-11-01,-1.27167630057817,3.37269014670156,-7.013508092193071,0.715174272624708,-2.22772276781664,-15.0746810851661,-1.74064403046806,4.00000000000005,3.30687830687808
1975-12-01,3.771289537713,2.6179779463344,-2.58983002484592,-6.69260100488578,1.94049159957976,-11.1307554690794,5.13728963468443,-2.88461538461546,-2.56081946222789
1976-01-01,4.47400241837976,-1.41179180101325,0.0113839842480479,-3.59007205697338,6.12777054143407,-4.381647897184689,0.252737995062779,4.95049504950484,2.75952693823927
1976-02-01,7.0473876063182495,0.74286915691355,4.0141018634332895,-2.69537631411384,5.34550195915211,-8.537288238841649,0.168067218531109,0.0,-0.639386189258373
1976-03-01,5.76923076923099,-0.165782044042551,1.54279719152437,2.04763190480495,4.82398958085168,-8.62236083644076,1.0906040358664,-0.943396226414928,0.386100386100474
1976-04-01,7.79537149817309,-1.09126295753608,15.0563628509506,4.96139763654155,9.853528635937849,6.498413760489101,1.24481327857879,0.952380952380794,-0.256410256410478
1976-05-01,8.80195599021989,4.236430040720649,8.24575254281141,4.776052593576431,15.6167979031817,15.6382543464888,0.0,0.943396226415216,2.9562982005142
1976-06-01,10.2941176470589,-0.379762208755652,11.0499928907752,1.34343198107141,13.9141742471781,4.94489942320124,0.245901639455526,1.86915887850463,-1.24843945068651
1976-07-01,8.919597989949951,0.342578851807374,9.295624383264741,-0.738082924316497,16.9960474297637,4.20244972170902,1.47179066700842,-0.917431192660523,-2.90771175726934
1976-08-01,8.222490931076338,0.440528634360948,10.1309532106735,1.64437711558891,11.1256544591487,25.5242076543711,0.0,0.0,3.25520833333337
1976-09-01,9.443099273607821,2.34764190458641,10.2812090808662,7.0661050961067,16.9986719700846,10.9387046198846,3.54552780621484,3.70370370370376,2.0176544766709
1976-10-01,7.363420427553421,0.554405688668269,11.3551862503694,3.17443478254669,17.8385416642942,13.9824262207564,-3.1906614724058,-3.57142857142863,0.123609394313817
1976-11-01,5.97189695550355,-1.125684625955,7.677629818841551,9.43879071075484,14.6835443041256,4.0992020166402705,2.57234725995148,0.0,-2.4691358024691
1976-12-01,6.21336459554529,1.21495235274518,4.71945328004733,12.9340514490745,15.4822334911064,-8.63586276455602,-0.313479620050272,0.925925925925908,3.7974683544304706
1977-01-01,5.43981481481479,-0.681888974441636,5.255637698142009,13.6412359343489,14.8648648633542,2.72200774220381,1.02201257515349,0.0,0.0
1977-02-01,3.06469920544838,0.0338006138945524,2.62541563966816,11.2868779953725,12.1287128767235,-0.825987572519282,-1.08949416788455,-0.917431192660523,1.34146341463413
1977-03-01,4.3181818181816,1.71562122781583,3.94779765848734,10.1107529524141,7.960199001033021,2.76266090526776,0.629425653393367,-0.925925925925897,-12.0336943441635
1977-04-01,2.59887005649713,0.148573164075017,-0.695568156346271,12.6702089493044,10.4242424228387,1.43817633196135,-2.58014073626578,1.86915887850463,1.64158686730516
1977-05-01,1.12359550561805,-0.618861070276744,1.20218194343136,9.74619989674568,-0.681044270808617,-2.60260586338138,-0.882825032532386,-1.83486238532106,5.65275908479128
1977-06-01,1.77777777777768,-0.805221671448331,-1.61861257196051,14.3433682615204,-4.79452054251958,0.856016077911814,3.7246963538758,1.86915887850463,3.82165605095524
1977-07-01,1.15340253748548,1.90153579844263,0.41969395508652,13.5542716745248,-2.70270270166397,3.20903935140198,-2.81030445097045,0.0,-6.50306748466272
1977-08-01,2.23463687150833,-1.55319259910376,2.20459682289196,24.4149191408914,0.706713783949042,-1.06086961326229,0.0,-1.83486238532106,5.24934383202122
1977-09-01,1.43805309734519,-0.997587373306341,-3.46228894308167,17.4391527884956,-3.17820658849909,-7.15072489560514,0.562248992223457,0.934579439252303,3.24189526184553
1977-10-01,0.995575221238942,4.48667862527383,-3.24107764749079,14.074424492639,-4.530386743123151,-5.17527184293332,-1.19808306771708,-0.925925925925897,-0.483091787439804
1977-11-01,0.994475138121564,-2.45490138386134,-1.36704997136547,9.88429177133703,-7.83664459576908,1.29899052341418,1.77849635904628,-0.93457943925247,-0.970873786407667
1977-12-01,2.86975717439288,-2.74842215026664,0.583827108927171,10.0342939951944,-5.60439560368132,12.8272840571676,-2.70055599434301,2.83018867924536,-2.20588235294117
1978-01-01,2.63446761800203,3.7052720174921103,-1.90567814483885,11.2439731382509,-8.98395722137242,4.59382988144519,2.36734694413523,0.0,2.25563909774436
1978-02-01,0.0,-0.715452769168345,-1.61513848782662,8.49567807637714,-5.960264900994819,4.47320547878887,-0.239234449875647,0.0,2.20588235294117
1978-03-01,-3.15904139433547,-0.840499403528983,0.442186459721317,9.42090016827864,-3.34101382171388,0.817835099029507,1.51878496874052,-0.917431192660523,-0.959232613909
1978-04-01,-0.110132158590381,4.26152239958528,0.377139815871352,8.25047511205992,-2.85400658175553,2.38195317587822,3.3858267694404094,-0.925925925925897,0.0
1978-05-01,0.666666666666682,-2.98988579508287,2.78576871554295,8.03936035011827,-1.48571428348565,-3.05812267572773,-1.75171362619204,-0.93457943925247,0.484261501210836
1978-06-01,-1.63755458515285,-0.169043619673448,-0.11493381947606,6.52579927788113,4.67625898529886,-1.07723718829579,-1.86046511714792,1.8867924528303,-1.4457831325302
1978-07-01,5.47320410490331,1.86606847792326,1.79034469148021,7.63939181556195,3.58796296977466,6.20652411261706,-0.0789889495171003,1.85185185185179,-6.7237163814182
1978-08-01,2.07650273224032,-0.244016308076767,0.741932997096439,5.811005306510929,4.44444444562697,13.8788720173775,0.0,-1.81818181818177,10.0917431192661
1978-09-01,3.48964013086148,2.16320975720623,5.99146272836009,0.970232383195579,6.0961313056203,5.4965756488381,1.73913044368643,0.0,2.0238095238096494
1978-10-01,2.19058050383347,-0.505594596844094,7.3310556265320495,2.17860240056942,6.01851852272444,2.49026096995471,1.47630147309163,0.925925925925908,0.816802800466787
1978-11-01,2.84463894967173,-0.0096029192872881,4.349189155867791,6.34340462711478,9.580838319274338,2.26836604715233,0.612557431409133,1.8348623853212,0.57870370370352
1978-12-01,4.07725321888408,2.1756592927042,10.1400510581329,7.94758640809996,13.1548311985908,3.65695752403554,0.228310502387852,3.60360360360352,1.61104718066749
1979-01-01,0.962566844919976,-0.053286870449698,0.139228476952713,1.39295157642247,6.81551117051584,-4.17687274747203,-1.06302202404024,-3.15217391304351,1.81200453001136
1979-02-01,3.63436123348018,-0.236181132760838,4.933223956161431,0.0830751900110727,9.97652581526507,6.85147481577306,0.230237912624864,-1.01010101010094,1.44605116796457
1979-03-01,6.29921259842516,1.19778920754088,2.34951068202962,11.4071698105722,10.607866507618,8.136356238196461,1.37825421202116,1.02040816326523,1.42543859649118
1979-04-01,6.61521499448736,0.33308767256981,7.80255415964328,7.85552211074998,5.31073445581136,4.71751326975332,-1.7371601254942,3.03030303030314,0.432432432432162
1979-05-01,6.51214128035298,0.0215819172768139,4.05991885663732,7.66859717317852,5.56844547324979,3.52436533952702,2.92083013610571,-0.980392156862819,-0.753498385360418
1979-06-01,9.21198668146504,2.91350754508672,11.5197668523988,6.00634575302044,3.6655211896823103,7.29819513916372,0.746825986158961,-0.990099009901091,0.108459869848265
1979-07-01,6.9189189189188305,0.993280083452963,5.95283540462102,0.63238273772892,0.335195532160637,-2.66771051226061,2.22386953414611,2.00000000000018,2.05850487540595
1979-08-01,4.38972162740898,0.1687580352705,6.35768871160065,14.6324398980692,8.84658453732865,0.167761745722994,0.0,-0.980392156862819,-1.16772823779192
1979-09-01,2.95047418335095,0.96846717011605,6.10891974722076,10.2423725547251,9.392265200384431,5.10820081803274,-1.45032632780263,1.98019801980198,-0.537056928033985
1979-10-01,3.53697749196145,-1.86970271979794,1.68294801688906,12.6743712913302,7.20524018085476,-1.27523311512756,-0.883002196912008,-0.9708737864077,0.97192224621987
1979-11-01,5.42553191489366,-0.462626328756033,2.83780949998962,8.702889998911889,7.97814207806524,3.54644432557714,0.445434287458624,1.96078431372553,2.45989304812841
1979-12-01,3.7113402061856,8.19589707626154,2.50065708204918,6.48534853474712,4.732510289053151,7.53706719647975,-0.147819652675674,-4.80769230769243,-0.730688935281665
1980-01-01,5.9322033898304705,-5.21390644457714,12.3668975841208,14.1043457254177,10.9378437788787,8.54403601648464,-0.591981252401963,4.0404040404040895,2.83911671924271
1980-02-01,6.1636556854409505,-0.556717116555028,4.835221354513551,15.4471332422398,9.37353255967643,-2.34892445859841,-0.297914600666227,-3.88349514563111,-0.920245398773001
1980-03-01,4.76190476190479,3.86371765140272,6.56967309451093,4.57305275242401,13.1379310353959,-0.246057558092827,0.697211154571864,5.0505050505051905,2.16718266253877
1980-04-01,1.34436401240943,-3.21279739722743,-0.736419373734065,5.22311732877578,10.7886266158943,2.92258550508626,0.0,-3.84615384615404,0.505050505050564
1980-05-01,1.45077720207267,-0.260872109276933,0.548908171336726,4.35590484251982,10.8159340691575,2.31164170427482,-2.47279920267162,1.00000000000009,-2.51256281407038
1980-06-01,-1.42276422764221,1.20380192362661,-4.230422763417289,7.51158621556505,10.4685082940076,-2.24765169763396,0.507099392502997,-0.990099009901091,5.463917525773311
1980-07-01,-1.41557128412548,-3.18139343968243,-3.30255072109129,12.4967677109339,8.105790640208129,2.37719486827646,0.908173559321557,-0.999999999999934,7.6246334310851696
1980-08-01,0.205128205128302,2.77749435121093,-2.42651838867728,-4.14006267981656,3.6481481552850896,-9.7585522478794,0.0,-1.01010101010094,-8.71934604904642
1980-09-01,-3.48004094165821,-3.0645361156892,-6.87188677803255,-1.44933054282169,-4.3772727273255,-11.6034221226758,-1.89999999934494,-3.0612244897959,-0.298507462686626
1980-10-01,-1.86335403726711,1.74572659647543,-5.52748810256739,3.31453289439072,-2.61558045803595,-8.05558200569663,-0.40774719295934,4.21052631578938,0.399201596806331
1980-11-01,-2.72452068617559,0.994185478665366,-5.147443041008049,0.76908973151073,1.57894737066331,-7.96984698552212,-0.614124877901923,3.03030303030314,0.397614314115469
1980-12-01,-5.56660039761446,1.74756499822917,-11.2858715509312,2.28318599240416,-2.83644401033654,-14.3317897365261,1.64778578424214,-1.96078431372566,1.58415841584141
1981-01-01,-5.39999999999988,-4.49609760473669,-9.748309063812448,-2.90048947834767,-2.6709082775424706,-14.381748707732,-0.405268486642008,-0.999999999999934,-2.33918128654965
1981-02-01,-3.50350350350348,2.24502380393761,-5.6182850956905295,4.23148696433573,-3.75184046022572,-9.980101454086329,0.91556459544575,3.03030303030314,1.89620758483042
1981-03-01,-3.03030303030306,0.097465971168198,-6.72542818225988,0.297877250077772,-6.16830488619603,-11.3755515401856,-1.91532258005995,-3.92156862745102,-0.979431929480989
1981-04-01,-2.95918367346919,-0.593680784373474,-4.7663505822839,3.7294161976937104,-4.3530779638748305,-17.864170013796,-0.10277491616707,1.02040816326523,1.28585558852636
1981-05-01,-2.24719101123585,-0.393171413914128,-4.56532528244875,4.45530280346189,-0.974012531447266,-7.1090057681550896,1.23456790137806,-1.01010101010094,2.73437499999989
1981-06-01,-2.47422680412358,-1.24807766913042,-1.71180881847599,-1.48938143032197,-0.23600796067218,-5.89842250011833,0.50813008231545,-1.02040816326525,-6.08365019011398
1981-07-01,-2.1538461538461706,0.140590025132514,-3.6322186813897295,0.633475866210809,1.10228712849729,-8.363070535783539,-1.21334681509154,2.06185567010297,6.781376518218569
1981-08-01,-2.25179119754356,0.315318948020304,-4.03224703329225,0.226796914593441,-3.54826468244244,3.59850934810095,0.0,-3.03030303030299,-0.284360189573518
1981-09-01,1.59066808059385,0.293458110242861,0.466711053132807,11.5291565393941,4.06614096320208,2.6327738391809894,1.33060388285566,-2.08333333333336,-0.85551330798479
1981-10-01,1.58227848101269,0.597405842638477,1.27941211488238,4.041949576232049,3.01602855185801,6.99279676818698,-0.707070706241097,5.3191489361702,1.05465004793861
1981-11-01,-0.933609958506232,-0.279289172499819,1.56507542917952,4.984258876900929,-1.10687387318572,3.77631324522014,0.0,-2.0202020202019,-2.9411764705882
1981-12-01,-0.315789473684036,0.29117276430175,5.33535691263702,-2.85550529134849,-3.24324105475736,-2.46407553102936,1.93285859549155,3.09278350515445,1.36852394916898
1982-01-01,0.528541226215617,3.34470861064515,5.05082846459619,10.456091598922,1.99252801992524,4.545557539331391,-1.69660678765329,-1.99999999999987,1.63934426229519
1982-02-01,-2.07468879668045,-2.07362955339768,0.244572784576658,2.05609734354564,-1.11524163568767,12.9531376736921,-0.812182733620637,-3.0612244897959,-0.853889943073993
1982-03-01,-0.729166666666559,-1.39625350287458,-2.9173082617249,11.9148690849138,-2.72952853598014,5.457446384773769,1.33060388285566,1.05263157894731,0.0
1982-04-01,0.0,-0.486626083748487,2.71494418569069,6.04963897426476,0.371287128712883,6.95553578017816,-0.101010094373155,1.04166666666674,-1.43540669856455
1982-05-01,-0.626959247648895,1.46594939462372,2.35581176009561,-0.368082967965699,-4.65116279069773,1.18328179668727,-0.303336706627544,-2.06185567010312,0.0
1982-06-01,-1.90274841437649,-1.42124351923943,-1.88655999433524,12.7851786527827,-7.475490196078489,2.143398436196,0.202839754710316,-1.05263157894745,1.94174757281553
1982-07-01,-5.9748427672954705,0.557538095999544,2.20935288485586,11.4554996395978,-2.49066002490658,1.26110564050512,-2.93522267346455,0.0,-2.85714285714294
1982-08-01,-4.08376963350787,-2.0027870018978,-1.55365591070205,11.3365201353157,-3.39622641509435,1.65943331872904,0.0,-3.19148936170208,1.8627450980393
1982-09-01,-4.8016701461377,-0.0663643725641649,-0.201165105223622,2.5583194534303506,-4.34243176178666,1.38588775510984,0.729927006439723,2.19780219780206,0.19249278152067
1982-10-01,-6.33437175493244,0.0302187556606937,0.366725079923924,5.57788179853689,-5.33498759305209,-1.43750748956479,0.724637680312146,-1.07526881720409,-1.53698366954853
1982-11-01,-6.70157068062821,-0.60289305306247,-1.9397281852618,5.86846303806954,-7.635467980295631,-5.615519608557711,-0.616649531822799,-1.08695652173921,0.78048780487816
1982-12-01,-5.4910242872227295,-2.11028525641396,-4.26094685278707,15.7335746414054,-3.19284802043424,-2.2965134102102094,0.413650461516313,3.29670329670326,1.16166505324287
1983-01-01,-4.41640378548916,1.286632395579,-2.04972870905992,3.13083030206742,-7.20390720390724,-2.64180619999936,0.205973221576317,-1.06382978723413,-1.05263157894735
1983-02-01,-4.55508474576279,1.50693983524952,0.678515309492345,8.91694555739417,-5.1378446115288,-6.01395554534195,-0.411099687881744,2.15053763440878,1.54738878143135
1983-03-01,-3.77754459601262,-1.2003848282099,3.78409276554568,1.98207625582942,-3.9540816326530894,-3.37103733400357,1.03199174615876,1.05263157894731,-0.0952380952381926
1983-04-01,-2.62881177707684,3.8141237220983504,-0.782156815330326,4.15563189144277,-7.6448828606658,7.413140947314,-0.612870281636069,0.0,1.81124880838903
1983-05-01,-3.25972660357525,-0.404876073775551,-1.41292126370314,9.965787573980101,-5.26315789473681,4.29649505543204,0.822199387370515,3.12499999999996,1.21722846441963
1983-06-01,2.4784482758622106,0.0,2.28947971266855,3.40923692429382,-1.85430463576154,0.717478190504917,0.0,-4.04040404040396,1.38760407030523
1983-07-01,1.22630992196204,4.51391732036308,1.58825930351372,0.214463720816505,-2.8097062579821106,6.776667578648031,-1.52905199086559,1.05263157894731,-4.470802919708009
1983-08-01,0.109170305676898,-4.203051478536169,6.245899802309671,2.9091708025994,0.651041666666585,5.04063014640419,0.0,-1.04166666666662,4.393505253104
1983-09-01,3.17982456140347,0.867048304525886,0.119764271801781,4.50451744611522,-1.81582360570683,6.62964833047615,1.03519668950054,0.0,0.0914913083257973
1983-10-01,3.9911308203991505,1.53637590437596,1.75922974200071,2.31654086046318,-0.26212319790303,9.770503616155061,-0.9221311447905172,0.0,-0.9140767824498132
1983-11-01,6.62177328843976,-1.00081024730611,6.1876613611457,0.932759422382223,3.3333333333334494,16.7114848047488,2.48190279245475,2.10526315789477,1.66051660516588
1983-12-01,8.268156424580809,-3.11739809047085,4.68568514144589,0.267615487543815,2.6385224274406,23.5767438739662,0.504540868822145,2.06185567010297,-3.6297640653355505
1984-01-01,5.2805280528055,5.19916839916874,3.46875071260733,1.60357243323661,2.89473684210537,15.9322121080431,0.401606421968781,2.02020202020206,3.67231638418084
1984-02-01,7.21420643729189,-0.797931250018757,2.7910067495031,1.79213059246768,-0.528401585204774,11.7444788201933,-0.300000002868539,-0.990099009901091,-1.18074477747514
1984-03-01,3.7077426390404304,0.0542625674845754,2.85064640342079,-2.74780656827506,1.85922974767594,15.6093487826477,-0.200601803564215,2.00000000000018,0.919117647058898
1984-04-01,1.94384449244063,0.458742137325197,2.18943486427232,-1.29133202232433,1.2016021361815,10.2076678123089,-1.60804019748026,-0.980392156862819,0.72859744990903
1984-05-01,3.36956521739138,0.839734019824512,4.85934599459887,2.78577188897087,7.04607046070462,10.3083030877267,2.65577119350631,0.0,0.723327305605537
1984-06-01,-9.46372239747639,0.0031409214958033,3.00531248041618,-0.48542485420805,7.15249662618074,17.4428140068244,-2.38805970182795,1.98019801980198,0.359066427289023
1984-07-01,6.49779735682816,0.156831925149792,1.46757288359949,7.62490726078284,1.05124835742447,10.3090038275011,1.73292558734526,-2.91262135922341,1.07334525939182
1984-08-01,4.36205016357698,1.0309088923167,0.659580630668422,7.293713302446551,5.562742561449,14.2427452948114,0.0,3.00000000000011,-0.973451327433605
1984-09-01,3.8257173219979,4.94485138581671,5.33919148748434,4.4979918120468,5.680317040951111,14.323762927482,-0.200400799743661,-0.9708737864077,0.268096514745375
1984-10-01,3.7313432835820706,-3.2048526292105106,1.78635290550953,2.04667493892394,4.59921156373186,3.5596614712172,0.401606421968781,-2.94117647058834,1.69340463458101
1984-11-01,3.26315789473692,-3.22122637762815,-2.8834838876334894,7.86337858266923,0.387096774193441,8.5182885925285,-1.50000000304916,2.02020202020206,1.40227870289222
1984-12-01,1.85758513931908,7.06512366864724,6.08205711251943,1.40865271753443,2.31362467866321,11.1415929844409,0.0,-1.980198019802,2.42005185825453
1985-01-01,3.13479623824453,-0.958586159160235,-0.434891654202807,2.55970076885106,-1.79028132992323,14.9679959879998,0.780101526580501,15.1818181818182,-3.03316470399229
1985-02-01,2.27743271221539,-1.39800986887926,1.75270377912942,-2.5885693367134106,6.64010624169988,1.44969766226692,1.70648464163818,-5.55555555555545,0.810536980749732
1985-03-01,4.83701366982097,1.13223418573354,2.59801624458533,6.31281477863108,3.25945241199479,13.8698893117194,0.447427293064928,-0.980392156862875,3.3165829145728
1985-04-01,4.44915254237273,-1.64159809256903,3.6308688593906098,4.30343875032537,3.43007915567284,9.56033351571348,-1.11358574610234,-2.97029702970283,-1.65369649805461
1985-05-01,4.94216614090426,0.0244833351993989,1.85321486575434,1.6559099443626,0.632911392405089,6.45632549964714,1.01351351351338,1.0204081632653,1.87932739861532
1985-06-01,17.3054587688732,4.90427085337308,2.3778197587909906,2.23470455111159,1.007556675063,1.05629965696201,-1.44927536231877,1.01010101010088,-1.26213592232999
1985-07-01,5.480868665977231,-2.7009952134908,1.4653846896211,-4.657480339164049,2.73081924577372,12.7629293754482,0.226244343891313,-2.99999999999986,-3.83480825958714
1985-08-01,3.8662486938348306,1.74749221946036,1.71647943872482,-0.916172645025481,-0.245098039215796,4.84881414291494,0.0,1.03092783505154,2.24948875255642
1985-09-01,2.96827021494368,0.838472206125118,3.01021313226626,-4.50317103644446,-0.875000000000026,-2.0767780045120694,0.225733634311664,-2.04081632653063,0.0
1985-10-01,4.624871531346391,-3.5053925990945,3.20052321390183,4.6350784681793,-1.00502512562807,15.9790665973557,1.01351351351338,2.08333333333335,-0.500000000000056
1985-11-01,5.70846075433231,3.2672604595096506,8.55958302901312,-3.10196130437657,3.59897172236507,4.46384871910375,1.11482720178373,9.18367346938775,0.703517587939717
1985-12-01,1.11448834853085,-2.14473562622672,0.100540276259697,2.17562425927069,0.251256281407053,0.132569742710054,-0.992282249173093,-10.2803738317757,0.798403193612596
1986-01-01,3.14083080040517,0.326066745118769,4.3241599549158,0.836477278297609,5.85937499999989,2.85415850850137,0.445434298441016,1.04166666666667,1.28712871287149
1986-02-01,3.44129554655861,1.59272794122705,2.96612671650993,5.70733552512483,1.74346201743467,12.495726142894,-0.99778270509977,9.278350515463911,-0.879765395894394
1986-03-01,2.70812437311954,0.969189605703069,3.7063141313648,3.39870621041354,4.16666666666672,-2.01915820418297,-0.335946248600261,-10.377358490566,-3.35305719921112
1986-04-01,4.36105476673436,-1.55658822138878,-0.204256067661812,8.11437887254836,5.73979591836733,3.56805659570878,2.58426966292142,11.5789473684211,3.46938775510213
1986-05-01,2.10420841683367,0.386797601965183,-0.963495077447951,4.21792163099792,1.6352201257861,1.56581856485094,-3.06681270536694,-10.377358490566,-2.56410256410263
1986-06-01,1.3861386138615,0.759458487875331,0.709698916249191,5.933051935724889,2.7431421446384,4.93996133288495,0.790960451977374,4.210526315789489,2.12550607287434
1986-07-01,1.86274509803928,-2.75528399309206,5.10300362301921,9.53623808559603,5.69620253164556,0.833269765060396,0.112107623318392,1.01010101010088,3.0723488602576694
1986-08-01,2.7162977867203306,2.57714723698002,2.79410629311276,9.999096344763608,2.82555282555292,-3.14225672937332,0.0,0.0,-1.44230769230752
1986-09-01,0.894632206759427,-1.38261139876527,-1.3133639865616,14.0200294676392,4.53972257250952,7.5739063999116,0.895856662933925,3.0,0.48780487804867
1986-10-01,0.0,-0.28950014372715,-0.761226625154221,5.92850907956017,5.07614213197956,-1.31109215904333,0.887902330743606,-3.88349514563094,1.35922330097107
1986-11-01,-0.771456123432945,-1.20428604705322,-3.54406281020844,10.9175843083738,2.4813895781637494,-1.82389040114643,-1.43014301430135,0.0,0.287356321839005
1986-12-01,1.80360721442872,1.92226391615824,-0.0727183896660266,9.86666759364316,6.390977443608951,-3.22256404896328,0.669642857142794,2.02020202020188,-0.764087870105212
1987-01-01,-1.76817288801574,-2.60712478299572,-1.28303479414718,6.040485404641769,-0.246002460024508,-4.66421164458752,-2.66075388026614,4.95049504950509,-1.05871029836373
1987-02-01,-0.195694716242611,2.36118008584698,1.35431186373052,8.429053992489191,2.32558139534882,-5.25064828828836,2.39179954441917,-4.71698113207559,1.45914396887175
1987-03-01,-0.976562500000056,0.994928840432618,-2.01680184831976,3.32479352349675,2.66666666666717,1.89163573825022,1.11234705228032,2.9702970297031106,3.9309683604984897
1987-04-01,-0.0971817298346833,-0.286090468578548,3.87616871737952,3.7518802368003294,4.10132689987912,-4.80525736511795,-0.99009900990098,-4.80769230769231,-2.6752767527675494
1987-05-01,2.35525024533842,2.66241945978782,5.08821861373401,7.707325197089809,7.301980198019351,1.64813719327672,0.888888888888983,3.0303030303030294,2.36966824644544
1987-06-01,0.0,-2.41760885253798,3.34839119452541,6.10639689966306,3.64077669902956,0.232849692537895,0.550660792951496,-1.96078431372562,-1.8518518518519
1987-07-01,-2.59865255052952,-0.263501172967529,-0.448506466122789,7.63233321952375,1.43712574850345,-0.707014294282193,-1.20481927710847,0.0,1.98113207547175
1987-08-01,1.27326150832523,1.59744729479734,0.67754241490432,-0.552248506114728,0.95579450418164,-4.1920084848484,0.0,0.0,0.370027752081481
1987-09-01,0.591133004926125,-1.97550980736864,3.11775911322489,1.53336924318237,2.65379975874578,-0.923506287127684,1.44124168514406,-1.99999999999986,-1.19815668202754
1987-10-01,1.8664047151276,2.15207940884499,4.90300551859022,1.58150331962961,5.43478260869554,1.99654944655725,0.655737704918113,3.06122448979578,-0.652985074627022
1987-11-01,1.36054421768703,0.774037161283281,3.66774013692497,1.49625884463964,5.2058111380145,-2.99427750344198,0.0,1.98019801980198,-0.657276995305178
1987-12-01,2.75590551181109,-0.44494861662161,3.11228045383662,5.06909507727258,0.824499411071788,10.6779569975592,1.41150922909874,-2.9126213592233,2.07939508506616
1988-01-01,3.9000000000000097,1.46783455899586,8.03411108677217,8.993168586123929,10.7274969173863,6.45894996269809,-0.107066381156218,-2.99999999999986,1.8518518518519
1988-02-01,2.64705882352945,-1.59620082417473,3.27537974665091,4.29381170929024,5.98086124401904,8.78727304960243,1.50053590568056,1.03092783505154,-0.0909090909090637
1988-03-01,2.76134122287961,-0.446493924754443,4.8180042447636895,2.21998368497258,6.02125147579682,3.55149157360093,0.105596620908144,1.0204081632653,-2.09281164695176
1988-04-01,2.04280155642025,3.00438191494685,5.17592710635928,3.08990997594281,3.36037079953693,7.2203740809360095,-1.4767932489452,-2.02020202020201,3.15985130111516
1988-05-01,0.575263662512149,0.727632052791605,4.4436617603637,5.07861253367712,3.3448673587086,8.35518234463686,1.28479657387583,3.09278350515449,-1.08108108108099
1988-06-01,4.29687499999996,-1.47432903686181,4.06306149849884,2.09617384653025,5.97189695550242,8.855525404838689,0.634249471458848,2.00000000000014,1.45719489981784
1988-07-01,3.0632411067194494,4.10176195613081,7.34253358502857,0.975493388806181,6.61157024793328,1.27462379011296,-0.735294117647145,1.96078431372551,-1.61579892280066
1988-08-01,5.0290135396517694,-2.57662720088712,7.50860948076992,6.1898731072397295,5.44378698224792,27.5576258493247,0.0,-1.92307692307693,-0.091240875912546
1988-09-01,5.09304603330061,1.44624479354132,6.85771306224225,1.49500032925745,7.520564042303209,3.23346376607623,2.01058201058202,2.9411764705881094,2.6484018264842
1988-10-01,3.8572806171649696,1.29846997261103,4.60252383554858,5.9198945516737,4.23825887743419,4.54854994856022,-2.28215767634858,0.0,0.800711743772209
1988-11-01,3.7392138063279106,0.182985042961947,7.59927027134679,4.6694850244376305,6.55926352128897,19.4384304930405,2.6539278131634494,-0.952380952380827,0.61782877316845
1988-12-01,5.93869731800765,-4.30998244355958,5.7283157960252895,1.82576344312571,10.3971962616829,11.7032506443584,1.24095139607034,-2.88461538461552,-0.70175438596477
1989-01-01,4.90856592877771,4.92258879664831,4.47752963499386,2.06937486527423,3.7861915367473102,12.0356333221849,-0.510725229826303,1.58415841584161,-0.530035335689227
1989-02-01,3.72492836676219,-0.980780915473389,5.796131177979951,1.04014659821747,5.41760722347708,9.36401032173644,-0.205338809034927,-0.584795321637321,-0.621669626998222
1989-03-01,4.990403071017351,-0.17286165193553,4.18835382849359,10.6648925850982,2.56124721603579,11.0393272270746,0.102880658436222,-0.294117647058889,0.536193029490795
1989-04-01,7.43565300285973,5.52362885612818,3.37396360838533,5.70914237671636,4.035874439461249,15.8974100516158,1.84994861253853,8.35791543756146,-3.20000000000018
1989-05-01,2.28789323164904,-3.32645437177274,2.94995315288653,4.74375841141215,2.67857142857135,9.60881422482047,-1.10998990918255,-3.7205081669690494,1.92837465564741
1989-06-01,4.49438202247194,-0.540837698950525,2.5866665583735,8.54264425080777,4.198895027625049,5.53367083952125,1.32653061224484,-0.7540056550425,1.35135135135152
1989-07-01,7.574304889741219,3.41888622206354,5.63098257029959,4.82812646708279,3.2115171650050094,9.897443592313808,-1.10775427995974,0.75973409306751,16.4444444444443
1989-08-01,3.03867403314904,-1.84584456526709,3.09951653555871,8.15346746538996,4.15263748597088,5.71870609448659,0.0,0.5655042412817,-10.9160305343511
1989-09-01,4.84622553588063,1.30968453988263,1.55463309784099,11.5162542839818,3.8251366120215105,10.07218992906,-0.101832993890039,0.843486410496697,-3.17052270779777
1989-10-01,4.73537604456828,0.0234286171118647,1.86010670615981,8.23869288711376,4.83516483516484,5.0145029188301,0.9174311926605672,0.464684014869876,-0.619469026548691
1989-11-01,4.71349353049912,1.80351665570504,2.28316597261129,8.43151855505413,3.13174946004267,2.20657399201341,1.11111111111113,0.83256244218326,0.089047195013503
1989-12-01,4.15913200723337,2.35659970317759,4.036078111982969,7.66913772968425,1.79894179894176,-1.22785464742554,0.299700299700212,3.02752293577964,-0.889679715302583
1990-01-01,5.50458715596318,-1.12240318141784,4.09509601360052,8.76166563648111,0.161979633148412,-3.47569272672426,-1.0558905090986,-3.49879786286724,4.77816239388276
1990-02-01,5.43278084714547,2.79567015725586,3.10936302209701,8.88363795780089,0.491678785357363,3.50680377186634,1.64741121095422,-4.728370221327889,-0.113636363636349
1990-03-01,5.667276051188289,0.398760932065612,7.515879965232751,7.20240917250947,2.27803470555066,-3.6596603002245,-0.505156809092766,2.32312565997881,-0.58508044856167
1990-04-01,0.798580301685892,-0.981316118579822,0.813101088825752,10.9486605570984,2.32808665405029,-3.01424070871283,0.497144066003807,2.99277605779158,-0.964525094000312
1990-05-01,8.57409133271203,-1.06899902818259,3.62929573631952,8.347750567843649,2.02089998426576,-2.20568332419853,0.294705820439889,-1.20240480961924,1.12248266754702
1990-06-01,4.390681003584151,3.8197414112106,5.14280705610652,7.602245866537751,-1.45555403474589,8.6073319662826,-1.46919928638891,1.62271805273826,-1.84459680052235
1990-07-01,4.81283422459882,-2.49375291288212,-4.001695992137569,12.4241593820563,-0.0198025440439564,4.44689673311092,0.0426030461178506,0.199600798403288,-1.54664892732409
1990-08-01,5.71939231456666,-0.0587121626651865,2.72483206447296,12.0535885647259,1.50654090928133,-3.24358741125922,-0.521665069732802,0.99601593625489,1.92567567567559
1990-09-01,6.13333333333352,2.59107825623082,2.82950511620212,7.628631992464019,-1.11164370516206,0.0232651469694423,0.759845890410915,1.57790927021701,-0.977792509114994
1990-10-01,6.02836879432607,-1.46345148027323,5.93863452648837,7.63873938952544,-2.05904034311789,-0.810277275520288,-0.382368560807178,-2.62135922330093,0.0167364016735672
1990-11-01,5.560458958517089,-1.23646889674843,2.70843033340549,8.24624860840584,-3.58082973872476,-3.15409282952038,-1.13018445463277,0.997008973080682,-0.368139223560793
1990-12-01,4.25347222222214,5.59383619883924,0.9490067742838,9.56831052766323,-2.69740488377431,-3.11274732655918,1.20780761350163,2.66535044422516,-2.06583809203903
1991-01-01,7.634302271876489,-2.73658276463395,-1.16121385664885,4.28564866049639,0.816696914701054,-0.0972631827254822,1.37453383058068,-1.92307692307702,0.308694906534046
1991-02-01,6.830840837189631,0.0876715001812967,-1.95887475453946,7.59004078077672,-1.62454873646132,-3.05463418683763,-0.399411393735538,2.3333333333334494,-3.18003077449129
1991-03-01,5.11352754295082,-0.433897233941805,-4.65994968314661,3.77110431420582,-2.51798561151124,3.48472785767673,-1.24525116082741,-6.1697643226673105,-0.229560303725984
1991-04-01,6.10840487406155,1.27260703581955,2.12159073533804,-3.04835605648414,-4.19268510258738,-1.10239314614134,-0.0534302201324222,2.20543189707987,0.0353982300885125
1991-05-01,1.7982559068666,-0.88403644751871,-0.896085050371864,-0.499539946054217,-1.89530685920545,-2.97024412319579,0.138992836522989,3.15684315684321,-0.831564048124589
1991-06-01,6.24845288640168,0.978190295154469,-2.53376077721577,2.33393017162804,-0.546946216954458,-0.954640387996153,0.384368994234419,-0.455161727677766,-8.97413024085636
1991-07-01,2.22373976986525,-1.41807652130281,0.922355562282728,-1.90051301171479,-0.818181818181418,-2.44478122641362,-1.68049351201869,-1.30362875766115,9.19247353978829
1991-08-01,-0.0245662181512118,1.63849287854803,-4.63228601121625,-2.71407708386222,-1.34892086331079,-1.67234016101498,1.11423626135878,0.167570231641068,-1.84886016873098
1991-09-01,-1.21699481042332,-1.4352454323835,-1.17791237800867,-0.766945664734509,0.0,3.0396569903161,0.331657216219039,-2.54871088368422,-0.146305779078171
1991-10-01,0.107920583614551,-0.786886976076784,-3.4867042599882,-1.64686548841793,-0.0906618313688545,0.117284989215327,-0.447856685860482,3.22124608704437,-0.787545787545929
1991-11-01,1.19163284974302,0.455961100170366,-3.51266657804491,-2.23932847204605,1.93192272309073,4.94490311190721,1.59597257926305,1.55546859714342,-0.793797304781241
1991-12-01,0.9052521832461972,0.881278820652143,-1.66300810204553,-4.86992219530412,-1.0859728506788,5.69924162404896,-0.885608856088571,-1.52201136692037,1.60029772981034
1992-01-01,-0.916230366492077,-0.710832282977658,-0.0420827925245892,1.15228777941108,-0.810081008101315,1.12426931448026,0.255291990213791,1.86833610486152,-0.421245421245553
1992-02-01,1.98675496688736,-0.195712991941466,1.80346229218113,-0.1227633866696,1.10091743119183,3.28917720004622,-0.806366047745344,-1.96850393700783,2.94279933787014
1992-03-01,-0.266666666666704,-0.229193525282789,1.59398031804057,-2.5701686959774,1.47601476014707,2.1295726532722,0.973366135415632,-1.3419531785678,-0.714668572449551
1992-04-01,0.403225806451601,1.29194393317269,-1.22599028452766,2.48871569049385,2.70018621973871,-1.5990385733809,-0.688559322033977,2.47220015885614,-0.251934497030748
1992-05-01,1.36612021857914,2.6652195630321,-1.13397587051645,2.20879343398515,1.19595216191344,3.56440785123699,0.0106666666667365,-1.90872977424669,-0.036081544290123
1992-06-01,-4.4502617801046895,-1.58694461263412,1.3685607164615,-2.12558945440685,0.641613198899971,-7.24910968204192,-1.18387372013651,0.256815487949313,0.30680382602426
1992-07-01,-3.36927223719664,-3.95040711674162,1.92006327177641,-1.85438927290086,-0.641613198899982,-1.35148974795799,-0.388559093362184,1.77339901477849,-1.47535084562785
1992-08-01,-1.5068493150685,0.511403240733643,1.18922842669629,-11.7377729084466,-2.91704649042742,-3.75402045905562,0.32506230360827,-3.833494675702,2.26442658875092
1992-09-01,-2.06043956043951,-0.0531538807362675,-1.18771448071527,-5.33125321245066,-4.68890892696096,-0.681830241009196,-1.41483961550923,0.372458224280336,-0.714285714285756
1992-10-01,-3.6535859269282,1.44809910294781,-2.4888682360401,-3.66835384248824,-3.448275862068,4.407766971128369,1.00788781770371,6.04753785979342,0.30575539568336
1992-11-01,-6.15796519410973,-2.4546164852005,-2.39696829469339,-3.53194913461446,-3.3393501805055,-1.70449787332176,-1.29067245119306,-4.60563646680542,0.7172314864623
1992-12-01,-7.88770053475936,-3.5733687351287906,-4.20530373358017,-5.70371461771814,-3.659652333028,-7.822905659578489,-1.31853642456872,-4.18360265688503,-0.267046466085152
1993-01-01,-10.0396301188904,4.0840922089530896,-7.44737833223872,-5.68062129802832,-2.81306715063525,-8.47476921304143,-0.122480792784796,4.41800310398337,0.249910746162207
1993-02-01,-12.8571428571428,0.0694512710789352,-6.48217744978216,-8.92750061916817,-3.0852994555350106,-5.85226270767626,0.167224080267547,-0.0594530321045728,0.498575498575438
1993-03-01,-10.1604278074866,0.134563372834795,-5.657474641433311,-3.05817971200198,-3.36363636363644,-5.19484574882653,-0.434056761268742,-0.931984929605378,0.779588944011422
1993-04-01,-10.7095046854082,-0.325700767668513,-4.8244799284571105,-5.52966897631356,-3.8077969174971105,-2.19334197992938,-0.70422535211272,-1.09087269815862,0.738396624472482
1993-05-01,-10.1078167115902,0.109233721739077,-6.44163520203617,-8.764546560847421,-4.090909090909809,-0.966831355694131,-0.135089496791607,0.688050187190226,-1.16928446771367
1993-06-01,-9.315068493150648,-2.8553509406330706,-6.36906437542191,-7.43205228576096,-4.28051001821536,-0.234999509751765,-0.800360725960947,-0.974776404381561,2.94896697863321
1993-07-01,-9.762900976290101,2.0849145785095,-8.36048505009975,-5.05554975198474,-3.59778597786046,-1.66054891685937,1.37499999999993,1.61355794601175,1.26929674099474
1993-08-01,-6.11961057023649,0.998830979001308,-4.910705671420071,1.59035909531116,-1.78403755868635,-9.61195660341106,-0.68377984530883,-0.888844502147201,-0.69444444444442
1993-09-01,-5.750350631136111,0.335799744541321,-3.68595262524782,-2.03711429910985,-0.473036896878154,-4.92858990075696,0.643340857787855,3.85933091495374,2.080845983285
1993-10-01,-5.61797752809,0.881921485876846,-3.26349426370603,-7.09822657328788,-1.22180451127906,-6.49038120348128,0.471010429516605,-0.106723585912549,0.985797827903068
1993-11-01,-4.99286733238239,-0.194439316276995,-2.73680483757213,-4.10253521196092,-1.12044817927087,-8.52767768655642,-0.692041522491316,0.427350427350515,1.05890138980818
1993-12-01,-2.17706821480402,-1.40621540108338,-0.522641590823192,1.60289726813507,0.474833808166375,1.61297853705726,-0.910419242441285,-6.02514506769836,0.425671250818516
1994-01-01,-1.46842878120416,0.907508240835853,4.60631134998504,-2.93886767562797,-0.93370681605921,11.4187209886942,1.81488203266789,5.15591231861694,0.815128790348996
1994-02-01,1.49031296572286,2.16014409236907,2.86847379442059,-0.362949857859041,0.93632958801535,2.70232861750264,-0.300802139037393,2.16284987277355,0.501293661060687
1994-03-01,0.89285714285714,-1.8867675752783,2.7537171019868,-3.16013661259877,2.82220131702746,4.576372167696951,0.0223488657950854,0.201168694319409,0.88495575221248
1994-04-01,2.84857571214381,-1.00744636976514,0.497576606287775,-1.74244348058546,4.71253534401508,6.40535262497042,2.71478047145566,-0.152963671128148,1.83413078149919
1994-05-01,2.39880059970004,6.00791923896811,2.53379971089018,0.979601207780023,5.68720379147056,4.16711284780131,-0.0870132695236392,-0.68939103791652,1.00234925606886
1994-06-01,3.9274924471298704,-2.59995171699102,1.56462540142814,0.098552967354526,7.13606089438632,1.97861372913639,0.51164816024396,0.279598920169688,0.759807722127492
1994-07-01,5.87326120556406,0.496775196624499,-4.89382059594978,-0.736009655429692,7.94258373205716,1.14357391201065,0.974764431928854,1.07681953658294,0.984918436441928
1994-08-01,1.48148148148155,-0.0353621728017783,4.95656345764648,1.90750207390695,8.22179732313697,20.6801811445742,0.547034216453968,0.608770094169175,0.0
1994-09-01,3.42261904761918,-0.15883634925935,2.34347537100772,1.95889261201225,8.174904942966979,2.20238807933162,-0.341369746106246,0.652358891935356,2.37732398658943
1994-10-01,5.35714285714288,3.77573581025588,2.39165449089418,2.22830324641574,7.9923882017132195,4.214968686968129,0.952686790837132,4.13300770242344,0.431676094075639
1994-11-01,6.906906906907009,-0.160483407180079,6.27641077494354,0.859902068515206,8.97072710103755,10.4227002640335,0.837663026190216,-6.22406639004148,0.503927671557713
1994-12-01,5.63798219584577,0.664136622391021,-4.119011011077591,-0.372304437726823,11.7202268431004,6.45853370364067,-0.0946372239747473,3.50134667179693,0.796342722312349
1995-01-01,4.02384500745161,2.88157077151057,2.41069263688505,1.79631838937391,11.0273327049955,1.13470954038382,0.778865382591243,2.4801510735968,4.906620662552631
1995-02-01,3.964757709251,-0.258390534746933,5.07595779126717,3.11206607923065,8.6270871985149,3.39297747809286,-0.678851174934691,-3.7652270210410497,-1.49625935162095
1995-03-01,3.24483775811211,-5.84056680549542,5.34202394289118,-2.23633118819863,7.41079597438248,0.2198206028313,0.820189274447869,1.26582278481018,-0.253164556962027
1995-04-01,2.6239067055394494,6.12495219990246,5.34496406014833,6.97079465308055,5.76057605760552,0.197891004205486,-0.0312891113892322,-1.47727272727275,-0.380710659898476
1995-05-01,3.6603221083455506,0.0073083712950117,10.1109355842602,2.7827241811019894,6.0089686098648,-1.98413667453434,-0.417318727177807,1.73010380622833,-1.52866242038217
1995-06-01,1.74418604651159,1.26629899567594,8.41901082440168,0.510208621194197,4.79573712255716,2.29501868445194,0.670508119434277,-1.02040816326529,-0.776196636481241
1995-07-01,1.89781021897815,-2.0768726682544,14.79235780289,6.64656123462017,4.52127659574546,-1.44633711412381,0.447497138099617,0.687285223367673,1.69491525423728
1995-08-01,0.729927007299302,-0.706718723393818,3.93570737375504,6.79122822974405,6.00706713780836,0.573710689166562,-0.631993369249906,1.47895335608648,0.641025641025639
1995-09-01,1.29496402877696,-0.768558179411827,3.6897625662492706,1.36312402816452,4.74516695957761,6.297722685750551,0.145970180377453,0.112107623318414,-2.80254777070064
1995-10-01,-3.10734463276838,-1.69325643522344,6.1672895400265,11.7168410240153,5.72687224669566,5.1246281763583905,-1.92608016657985,0.0,-0.917431192660556
1995-11-01,-3.08988764044946,3.08276307892734,2.28801644803904,5.98766150407826,3.9861351819763,0.975974148053727,-0.0106157112527261,0.223964165733426,0.132275132275139
1995-12-01,-3.08988764044946,-0.396332785938647,12.1643107744841,11.5992811384997,3.21489001692128,-0.388302049257594,2.12336766111056,2.68156424581012,1.0568031704095
1996-01-01,-0.716332378223516,-0.836300303418802,1.85574965578879,7.05852329097088,2.03735144312323,0.789144582345358,-0.914856014138654,-1.19695321001093,0.392156862745097
1996-02-01,-2.96610169491518,0.689655172413639,-1.43561852217657,5.817995660710929,1.53714773697791,-1.67882109922943,0.304270275941665,0.330396475771044,1.5625
1996-03-01,-1.71428571428567,0.228310502283202,-1.96487617251532,12.3028889977063,0.255536626916109,6.56870737027677,0.711297071129668,1.31723380900106,-1.53846153846154
1996-04-01,-2.27272727272732,-0.911161731207233,2.27666851447723,2.90619728025263,-0.936170212765297,-1.19325089232074,-1.00747818861651,-2.1668472372698,-1.43229166666666
1996-05-01,-1.9774011299435,0.919540229884985,-1.90707553292775,7.698657365808329,-1.6074450084602,-0.782127786912756,1.93054244045743,0.221483942414125,3.17040951122853
1996-06-01,-0.285714285714189,0.683371298405522,-2.88487166692493,14.1945146305985,-1.27118644067764,-0.069385194504179,-0.730828615542933,-0.773480662983328,0.896286811779778
1996-07-01,-1.14613180515761,0.678733031674073,2.50923457426395,4.33863112010924,-1.27226463104292,4.85012914067944,-1.81459975114059,1.67037861915362,-3.68020304568528
1996-08-01,1.30434782608693,-0.449438202247177,-1.20754996777017,5.20725257176402,-2.50000000000017,-6.851470492768071,2.14383778646099,-0.328587075575015,4.216073781291191
1996-09-01,0.142045454545414,2.03160270880376,3.52321088743053,7.290392021246061,-3.18791946308801,-1.46772779427642,0.196443341604691,0.549450549450503,2.40202275600505
1996-10-01,1.31195335276979,-1.99115044247803,2.19708831445027,-0.765597871809687,-3.41666666666703,-1.7943344432617,-1.03188525435978,-0.765027322404399,0.123456790123466
1996-11-01,2.17391304347823,1.58013544018059,2.85339469520602,4.54723388052807,-3.8333333333338704,1.25742793510248,1.25117297466384,-1.21145374449332,-0.1233045622688
1996-12-01,2.17391304347823,1.55555555555553,3.55942806745004,-6.02136250207398,-5.6557377049188,0.161241662754419,0.133868808567561,1.67224080267554,-3.33333333333333
1997-01-01,0.432900432900429,1.53172866520788,1.74540085478161,1.04046661385926,-3.4941763727124,-2.79125008979806,-0.853558206499339,0.0,2.9374201787995
1997-02-01,2.76564774381358,-0.431034482758608,5.50467004971458,3.7406873460521104,-0.756938603870105,9.68978678191212,0.829789440929307,-2.85087719298246,-0.372208436724564
1997-03-01,3.77906976744182,-0.432900432900396,5.420469947375951,2.86054566716605,0.764655904843292,-3.8661126434640702,0.380619277852112,-2.14446952595937,0.747198007471983
1997-04-01,3.34302325581393,3.04347826086955,3.56156889507699,3.35201445389699,3.69415807560058,5.3172568201039105,3.53556056568964,5.76701268742799,3.09023485784918
1997-05-01,1.1527377521614,-4.21940928270034,3.51117035855346,0.183988096628496,3.52536543422222,4.95641978397592,-1.83113926556463,-2.61723009814618,-2.15827338129496
1997-06-01,4.58452722063032,2.86343612334792,6.0704940577990705,0.660457358891819,4.20600858369113,2.76450929141503,0.725952813067177,0.783874580067212,4.5343137254902
1997-07-01,6.95652173913042,0.642398286937973,7.24664387999989,1.61460882301352,4.98281786941468,9.23414484093472,0.210210210210193,0.555555555555509,-0.468933177022279
1997-08-01,2.14592274678107,3.4042553191489,8.043316855536009,0.19453005303316,5.042735042735511,8.05726205749835,3.80581360503418,0.994475138121631,-1.17785630153121
1997-09-01,2.12765957446803,-1.64609053497951,4.80121945202718,0.262145441783668,6.412478336222031,8.03541981693696,-2.3287143956887,0.547045951859904,-0.119189511323003
1997-10-01,5.035971223021511,0.209205020920589,3.99591036033478,4.96250635799524,7.24762726488404,8.82740286549561,2.44334975369487,-0.544069640913991,1.67064439140812
1997-11-01,4.11347517730505,1.25260960334022,1.37766843454186,4.03564374311398,7.105719237435809,10.4120722461485,-2.23119830736711,1.42231947483591,2.3474178403756
1997-12-01,5.10638297872343,3.50515463917529,5.78232775371825,7.781991821203741,8.166811468288419,10.3901849461529,1.93783198898292,-3.55987055016185,1.26146788990826
1998-01-01,7.61494252873565,-0.398406374501958,6.70834897782435,4.5116690719412,6.551724137931809,12.4315396332422,0.0,3.02013422818785,-1.92525481313703
1998-02-01,5.807365439093551,0.200000000000067,5.60160463524308,6.66879798499167,4.6610169491536,6.25287231956526,0.685129788671079,-1.41150922909882,1.73210161662818
1998-03-01,6.02240896358552,1.39720558882235,4.8674858247042705,6.21219764712657,3.62563237774038,9.185778689445769,-1.15008625646912,0.440528634361259,1.36208853575484
1998-04-01,5.4852320675105695,0.0,4.44294917739838,6.687154565387,2.65120132560057,4.26309389385258,1.29920496412603,1.09649122807018,0.895856662933925
1998-05-01,7.40740740740748,0.196850393700698,4.55540936927139,9.107722832996261,2.74086378737599,6.60149237593475,1.25382848392117,0.976138828633499,-0.554938956714757
1998-06-01,2.46575342465747,0.785854616895976,5.88286143853054,2.96891045413392,1.72981878089016,10.4507971809412,-0.633330182437675,-1.61117078410319,-1.33928571428572
1998-07-01,3.5230352303522694,0.779727095516525,1.83162990741601,6.65146928978104,0.900163666121312,-12.9481957126412,0.580289193303085,1.5283842794759,1.01809954751131
1998-08-01,4.621848739495831,-1.74081237911022,1.39405672076705,4.96593848281373,-1.05777054515859,-1.89777679113228,-2.55367445379714,-1.18279569892467,-0.559910414333709
1998-09-01,3.05555555555557,4.13385826771653,1.19951991524989,7.61397786281692,0.488599348534224,-5.969461235667991,1.87324080364968,0.544069640914113,-0.563063063063063
1998-10-01,2.32876712328767,-0.945179584121003,1.91156450276897,4.7774990162804,-1.36765888978221,-6.29954085941912,-0.0095274390246369,1.29870129870115,0.792751981879958
1998-11-01,0.408719346049047,-0.763358778626066,3.94961630946062,2.56350590906234,-1.13268608414302,-10.3449837987855,0.619342544068857,0.747863247863267,-0.56179775280899
1998-12-01,-0.134952766531671,-2.30769230769218,-1.6555802292244,4.97506346266212,-4.1767068273089905,-10.7406438639295,-0.710227272727193,-5.1961823966065,-0.338983050847463
1999-01-01,0.400534045393841,1.57480314960621,-0.551719907353332,5.42425066289798,-1.61812297734613,-2.02376443129706,0.276585598473722,4.13870246085017,1.58730158730158
1999-02-01,-1.2048192771084,0.193798449612448,-2.67854971660423,3.05917296609484,-2.0242914979757094,-3.05381178942454,-0.323378352672654,0.644468313641111,0.558035714285721
1999-03-01,-1.84940554821665,1.35396518375241,-0.309265862995067,1.28946641029388,-1.22050447518356,1.80864291961809,-0.104961832061001,1.06723585912489,0.887902330743628
1999-04-01,-0.266666666666704,0.954198473282464,-0.394178884261454,2.52430067373306,-2.74414850686001,5.94278997194344,0.84057694144557,-1.79514255543826,0.880088008800883
1999-05-01,-0.132625994695046,1.32325141776939,-0.344491503002853,-0.0308004810807616,-3.31447049312965,6.71485193125239,0.369423131571822,-0.107526881720466,-0.109051254089421
1999-06-01,0.668449197860976,1.30597014925371,-1.98554556581817,5.899977460390191,-1.61943319838042,2.04553633075177,1.35900339750874,3.22927879440262,0.545851528384289
1999-07-01,-0.654450261780126,-1.65745856353589,-0.0641832414336241,1.81129289479336,-0.729927007298914,23.470313772474,0.242085661079994,-0.208550573514033,-0.542888165038002
1999-08-01,2.5435073627845,1.68539325842694,2.1917286968565106,5.10138030304015,1.31578947368376,20.562974243741895,-1.89485417053705,-0.417972831765967,-1.20087336244542
1999-09-01,2.83018867924536,1.65745856353587,2.28220708842912,0.839395685900635,0.243111831443676,23.125202881533,2.75516000757461,-0.524658971668368,2.5414364640884
1999-10-01,3.21285140562255,1.63043478260869,2.62158375784607,2.2740055485559494,1.87601957585588,21.5675470249618,1.27153782364291,0.632911392405044,-1.07758620689655
1999-11-01,4.477611940298409,6.23885918003564,5.9202020838269505,5.263051611431591,2.86415711947743,21.962361702457095,0.0545901191889797,1.88679245283025,-0.108932461873634
1999-12-01,4.18918918918918,-5.53691275167787,4.61890431870353,4.04856625088723,4.19111483654653,26.703000207574295,-0.872965354187971,-0.308641975308732,7.851690294438369
2000-01-01,1.72872340425525,-1.24333925399643,-6.208880741156791,-9.52589494748517,2.4093311168492,7.80706501749489,0.761398036877403,0.854498465158082,-2.83114256825077
2000-02-01,6.23306233062326,1.97841726618715,-1.01111395646336,-11.9760951289554,3.5240710213801494,5.136078968212289,0.264020393299069,1.54867256637172,0.208116545265358
2000-03-01,5.65275908479139,1.41093474426799,-1.23488459478331,-13.8385694596926,4.04714927381817,4.9170164212142895,0.662852991919016,0.217864923747291,-0.830737279335414
2000-04-01,6.28342245989308,0.695652173912986,2.7578633201769094,-14.9706137727948,5.60783499809596,7.8338048726740706,0.586325094714302,0.869565217391344,1.57068062827226
2000-05-01,8.10092961487388,3.10880829015554,3.5385727799472506,-8.959337863660782,7.01657229973875,6.88969902272407,1.2196215586038,0.323275862068861,4.43298969072163
2000-06-01,5.71049136786184,-1.0050251256282,2.2237162862086306,-13.9980619012961,5.1703685711745,5.85680974765086,-1.30238327279085,-0.214822771213652,-4.24481737413622
2000-07-01,6.58761528326748,0.676818950930591,-0.719490301477488,-12.6228833493467,3.71136208165228,7.28953234081358,1.18491921005299,3.12163616792249,3.50515463917527
2000-08-01,6.65796344647518,0.840336134453801,2.5437952908899306,-10.4084806157943,3.88946466760332,2.13664222799068,-0.904897090134016,-5.01043841336121,0.398406374501992
2000-09-01,7.2083879423328305,1.1666666666668,4.643672682871381,-6.56101504978588,3.38472849008191,-2.07039161890094,0.250671441360262,-1.75824175824172,1.78571428571428
2000-10-01,5.7068741893643695,-0.494233937397071,4.1621575947427,-10.614613350692,2.8114217642154,-6.69667424200586,1.17878192534386,0.447427293064884,0.974658869395717
2000-11-01,6.75324675324682,3.64238410596018,2.28675129681888,-11.3785458430812,3.4924797419065,2.47622533135026,-0.176522506619869,1.55902004454336,-0.386100386100385
2000-12-01,7.26329442282752,3.8338658146965106,4.06812004559163,-9.65598438414004,5.92414880080021,9.695606640148608,0.839964633068302,-2.41228070175434,-0.48449612403102
2001-01-01,7.84313725490204,-4.92307692307689,18.7234042553192,0.743801652892784,2.94860994102717,7.880133185349551,-0.39456378781233,2.92134831460671,0.681596884128544
2001-02-01,6.37755102040818,0.647249190938481,12.8309572301426,0.0829875518669532,1.75879396984886,10.3752759381898,0.642605633803162,-1.20087336244545,-1.6441005802708
2001-03-01,4.45859872611458,-0.803858520900336,8.43373493975905,9.635416666666009,1.07973421926946,11.5342763873776,0.428583923729575,1.32596685082877,0.983284169124876
2001-04-01,1.38364779874216,-1.13452188006483,2.69749518304427,5.077452667814191,-0.989282769991884,1.86721991701244,-1.63734541020724,6.97928026172301,-4.28432327166504
2001-05-01,0.122850122850071,0.32786885245899,5.16252390057361,2.54098360655788,-1.47540983606537,3.38809034907599,0.761466265273447,-2.14067278287458,0.712105798575791
2001-06-01,2.88944723618101,-0.816993464052174,8.31721470019335,3.9529015979812705,-1.06732348111613,6.282722513089009,0.0527240773282811,-5.8333333333334,-0.101010101010102
2001-07-01,-1.85414091470947,1.15321252059295,2.55402750491163,2.03389830508536,-2.39669421487652,5.035971223021569,-1.37888635165968,2.32300884955758,-2.12335692618807
2001-08-01,-0.122399020807795,0.488599348534247,3.96975425330814,-0.325998370008795,-1.55737704918033,1.41557128412528,2.4579214533799294,1.40540540540535,4.13223140495869
2001-09-01,-1.58924205378966,-0.81037277147491,0.555555555555487,-2.55183413078172,-2.78917145200982,3.7617554858933904,-1.44285093437644,0.106609808102354,-0.595238095238093
2001-10-01,-2.94478527607355,1.47058823529411,-1.66358595194075,0.410846343467952,-3.92156862745069,9.856035437430847,-0.643795749184572,-6.49627263045792,-0.998003992015972
2001-11-01,-4.98783454987839,-2.25442834138474,-2.56410256410252,1.06209150326801,-6.53225806451636,3.2854209445585294,-1.14503816793918,5.69476082004563,0.0
2001-12-01,-4.95767835550187,1.4827018121911,-4.03669724770638,-1.76423416198904,-6.29482071713129,-2.44131455399038,0.592619197270849,-0.323275862068984,-3.9314516129032304
2002-01-01,-4.2424242424243,-0.81168831168833,-3.94265232974904,0.656275635767489,-4.50081833060518,5.4526748971194,0.0,-1.18918918918922,3.25288562434418
2002-02-01,-5.0359712230215905,0.490998363338679,-3.42960288808666,0.165837479270659,-2.88065843621417,3.40000000000005,0.374899580469679,-1.20350109409194,-1.01626016260162
2002-03-01,-3.17073170731704,-1.9543973941367,1.66666666666673,-0.870942201108194,-2.38290879211225,-1.3658536585366,0.453534904401542,1.218161683278,5.3388090349076
2002-04-01,-1.36476426799009,3.98671096345504,2.62664165103199,4.176904176903751,-4.07993338884254,6.720977596741711,0.619688385269668,3.06345733041575,-2.24171539961014
2002-05-01,-3.4355828220858906,0.0,0.0,-1.11910471622682,-0.748752079867188,3.27706057596815,-0.879816998064897,2.44161358811037,0.299102691924236
2002-06-01,-1.22100122100127,0.479233226837095,-3.0357142857143,1.05177993527512,-1.9087136929461,4.82758620689705,-0.115391443280188,-2.27979274611396,2.38568588469186
2002-07-01,0.0,-0.794912559618455,2.49042145593859,3.98671096345466,-0.508044030482313,1.95694716242665,-1.03083622145279,3.39342523860022,-1.45631067961166
2002-08-01,-0.367647058823528,-3.36538461538461,-0.909090909090959,0.408830744072364,-3.41382181515386,2.79162512462614,1.804794828051,-5.3333333333333,-0.295566502463041
2002-09-01,-0.372670807453401,3.81426202321722,0.736648250460514,0.409165302782721,0.0,6.14300100704959,-1.19950608572953,5.3087757313109,-0.296442687747045
2002-10-01,0.632111251580181,-1.11821086261982,4.5112781954886705,1.47299509001597,-0.595238095238781,12.0967741935483,-0.821281913944338,-0.925925925925863,1.68483647175421
2002-11-01,3.7131882202305695,0.161550888529938,5.26315789473675,-2.82942603071978,2.76100086281312,8.250497017892151,0.972097209721601,-7.58047767393564,1.16959064327486
2002-12-01,1.2722646310432,0.483870967741962,1.91204588910132,-2.8571428571431694,0.255102040816158,3.46487006737244,-2.35336067035136,4.04494382022473,-3.66088631984586
2003-01-01,1.51898734177225,2.56821829855536,3.1716417910447894,1.22249388753011,2.05655526992314,6.34146341463397,2.09056052583516,3.13174946004318,-0.2
2003-02-01,1.26262626262632,-1.56494522691709,3.3644859813085,4.38741721854294,-1.01694915254169,7.7369439071562,0.885272288295003,2.40837696335074,2.60521042084167
2003-03-01,0.755667506297208,0.158982511923744,-1.0928961748635,-5.67092651757144,-1.5993265993266,9.198813056380168,-0.762276192164368,-6.33946830265848,-3.22265625
2003-04-01,0.377358490566038,0.0,2.74223034734908,-2.67295597484251,2.86458333333306,8.77862595419807,0.0089317613426676,-0.436681222707436,3.83451059535822
2003-05-01,0.508259212198303,-1.74603174603184,-2.36363636363639,-0.565885206144623,-4.023470243084369,4.03846153846186,-2.33991247655588,-2.08333333333328,-3.49854227405247
2003-06-01,-2.71940667490732,1.29240710823917,1.28913443830576,-5.1240992794232,-1.86125211505905,0.469924812029676,-0.274348422496529,-2.35162374020164,1.00704934541791
2003-07-01,1.51133501259442,0.159489633173893,4.85981308411223,-2.39616613418522,0.170212765957056,4.222648752398791,1.79734066941777,2.75229357798172,1.39581256231307
2003-08-01,-3.32103321033215,0.318471337579607,0.183486238532171,-4.315960912052031,-1.2068965517247,9.11736178467524,-0.441401675524755,1.00446428571421,-0.393313667649953
2003-09-01,-2.24438902743149,0.158730158730092,0.914076782449658,-2.6894865525672,-2.61603375527438,7.21062618595771,-0.361925443358313,1.87845303867409,0.296150049358346
2003-10-01,1.50753768844232,0.475435816164849,0.0,-0.645161290322238,-0.0855431993150413,2.42805755395654,2.41554667635275,6.399132321041191,-0.0984251968504046
2003-11-01,0.740740740740709,-0.315457413249187,-1.60714285714276,2.07986688851949,-0.671704450042065,2.57116620752986,-1.94183365845025,-6.52395514780835,1.37931034482759
2003-12-01,3.0150753768845,0.316455696202511,7.3170731707318,2.43697478991616,0.339270568278227,2.97674418604681,0.614883805045729,2.39912758996723,-1.65208940719144
2004-01-01,1.3715710723192,2.52365930599368,1.08499095840866,-4.99194847020948,-0.5877413937874,3.11926605504582,0.611126089691783,-0.425985090521841,0.494071146245045
2004-02-01,1.87032418952613,-1.23076923076928,2.16998191681732,-8.56463124504378,0.9417808219177148,2.15439856373498,1.03617686467155,2.78074866310167,1.76991150442478
2004-03-01,1.49999999999995,2.18068535825544,4.97237569060787,2.20152413209067,-0.940975192472115,8.24275362318772,-0.318274246308503,0.10405827263269,0.0
2004-04-01,3.2581453634086,0.762195121951237,4.448398576512449,-3.15024232633294,-0.421940928270292,2.19298245614037,0.017738359201358,-1.03950103950108,0.966183574879231
2004-05-01,5.30973451327434,0.756429652042367,6.145251396648169,-3.65853658536532,2.79475982532702,3.04990757855785,-0.558659217876856,1.36554621848735,2.48803827751196
2004-06-01,5.08259212198232,0.600600600600676,7.09090909090906,-0.337552742615843,0.862068965516927,14.6866230121604,0.98983413590108,0.103626943005186,1.2138188608777
2004-07-01,3.84615384615385,0.447761194029761,6.23885918003562,-3.60065466448417,-0.339847068819066,7.642725598527409,0.397350993377454,-1.75983436852997,-2.95202952029521
2004-08-01,5.47073791348598,1.3372956909361,6.59340659340664,-3.91489361702129,-0.0872600349034136,2.75555555555553,-3.55321020228614,5.268703898840929,2.85171102661597
2004-09-01,5.48469387755111,0.293255131964898,8.33333333333335,-6.11390284757188,0.779896013865122,3.36283185840731,3.5017326281233,0.600600600600609,-0.369685767097971
2004-10-01,3.58910891089106,0.438596491227994,10.2517985611511,-7.22402597402596,0.599315068493023,0.877963125548953,0.766519823788636,-4.27860696517415,0.371057513914663
2004-11-01,0.857843137254832,-0.145560407569079,10.3448275862068,-5.297473512632631,-2.2823330515639,3.76007162041232,-1.66127480982816,-0.831600831600865,-1.57116451016637
2004-12-01,-0.121951219512151,-1.60349854227402,6.993006993006889,-5.7424118129612305,-3.1276415891806306,5.962059620595461,0.222281497287824,2.62054507337526,4.7887323943662095
2005-01-01,3.8130381303813,0.444444444444358,10.9123434704829,14.661016949153,-3.1249999999998,4.62633451957271,1.58800567778619,-3.77936670071504,-5.197132616487449
2005-02-01,1.71358629130967,0.147492625368795,6.90265486725659,19.514310494362295,-2.2052586938081906,-0.702987697715818,-1.10034058160903,3.39702760084926,-0.945179584120981
2005-03-01,3.6945812807882303,-0.147275405007419,6.14035087719296,11.433305716653,-0.604490500863419,-3.17991631799097,-2.18984547461358,1.02669404517457,0.763358778625944
2005-04-01,2.91262135922323,2.21238938053103,3.9182282793867,13.2610508757296,0.0,-1.8025751072959,2.60900965965585,-1.21951219512197,1.79924242424241
2005-05-01,0.480192076830677,-0.14430014430018,2.80701754385961,9.957805907173151,-2.29396771452856,4.66367713004461,-1.08217490761982,0.411522633744843,-6.6046511627907
2005-06-01,3.38573155985478,1.01156069364161,2.71646859083201,13.8865368331915,-1.70940170940194,-2.44698205546464,-0.106733078360044,2.35655737704925,-2.78884462151394
2005-07-01,3.7037037037037,0.858369098712508,-0.671140939597292,13.4125636672326,-0.59676044330762,9.66638152266837,-0.293829578844063,-2.70270270270278,8.196721311475422
2005-08-01,1.6887816646562,-1.27659574468094,1.54639175257736,5.2258635961028,1.22270742358053,5.62283737024216,-0.589390962671466,-0.411522633744876,0.662878787878785
2005-09-01,4.8367593712212305,1.58045977011503,1.83946488294318,16.6815343443357,0.0,4.62328767123323,2.54222062522382,-3.30578512396694,0.658513640639713
2005-10-01,5.61529271206693,1.13154172560106,-1.95758564437192,14.2607174103242,-0.851063829787735,6.35335073977417,-2.92597459483115,0.854700854700896,3.55140186915888
2005-11-01,6.19684082624543,2.09790209790215,5.098684210526311,16.3511187607567,1.81660899653939,4.40034512510823,4.01588304304688,4.55508474576274,-2.43682310469315
2005-12-01,6.471306471306489,-0.684931506849329,7.84313725490196,12.8807658833769,1.13438045375254,3.41005967604513,-1.19729307652233,-0.810536980749754,2.6827012025902
2006-01-01,3.90995260663498,-0.137931034482697,1.29032258064525,-7.02143385070225,1.39494333042738,3.14625850340218,-0.641025641026005,0.204290091930548,7.837837837837821
2006-02-01,6.13718411552346,1.38121546961318,6.12582781456952,-9.6516690856311,2.94882914137029,5.92920353982356,-0.680512593902305,2.75229357798175,-2.00501253132832
2006-03-01,3.8004750593823697,0.54495912806547,4.958677685950329,-3.4200743494424106,3.6490008688097695,3.6300777873806895,1.8063712404351,2.4801587301588106,-1.70502983802217
2006-04-01,5.424528301886871,-0.67750677506776,5.08196721311474,-8.10014727540473,0.169491525424159,5.8566433566429295,-0.489467703872837,-1.9361084220717,1.47441457068516
2006-05-01,8.363201911589009,1.36425648021832,10.4095563139932,0.0,5.30434782608702,5.91259640102848,1.58981115502863,-2.36920039486679,-2.22222222222223
2006-06-01,5.49707602339184,1.21130551816957,7.93388429752064,-2.453531598513,5.478260869565729,0.919732441471166,-0.190212692374059,1.31445904954504,5.06993006993008
2006-07-01,5.76036866359448,1.59574468085106,7.263513513513459,1.64670658682582,2.4871355060039506,-3.7441497659902,-1.29937629937618,-3.39321357285439,-0.748752079866877
2006-08-01,9.608540925266928,-0.654450261780115,7.10659898477146,7.828282828282609,4.659188955996729,-0.163800163799865,-0.684570826750663,0.619834710743827,-2.84995808885163
2006-09-01,6.45905420991928,0.0,6.89655172413783,0.611620795107481,4.04127257093752,1.30932896890272,1.53764581124092,-2.97741273100615,0.172562553925792
2006-10-01,4.18552036199094,1.4492753623188,10.8153078202994,-0.459418070444251,4.034334763948809,0.736497545008086,-0.83550913838164,0.952380952380971,-0.775193798449625
2006-11-01,7.20823798627008,0.649350649350655,3.4428794992176,-0.961538461537759,2.9736618521667,4.0495867768592895,-0.614358434263285,4.6121593291405,0.954861111111116
2006-12-01,8.48623853211004,2.06451612903225,4.696969696969689,7.941403238241859,6.38481449525492,3.46248969497072,1.69551395266689,1.30260521042089,-2.14961306964747
2007-01-01,8.43785632839234,-1.01137800252848,8.91719745222927,5.88235294117607,4.90111779879621,4.286892003297369,-1.06807919416523,-1.0880316518299,5.27240773286468
2007-02-01,8.27664399092969,1.53256704980844,6.55226209048365,3.6144578313255695,3.53833192923338,4.5948203842938,0.895286579478705,0.800000000000023,1.08514190317197
2007-03-01,9.83981693363849,0.628930817610085,7.40157480314967,0.615858352579357,3.77200335289176,3.66972477064236,0.774249673771776,-1.28968253968259,0.99091659785302
2007-04-01,6.37583892617446,-0.874999999999992,6.24024960998444,1.12179487179467,2.7072758037228306,0.825763831544379,-1.64882596685146,-0.904522613065339,-2.61651676206051
2007-05-01,6.7254685777288,0.252206809583844,7.1097372488407,-1.07444359171203,2.31213872832399,-0.566343042071404,2.4049855174237,1.41987829614609,-0.167926112510497
2007-06-01,7.206208425720621,0.0,7.35068912710557,-1.60060975609727,1.56636438582027,4.8053024026518,-0.402845632982352,3.10000000000008,4.28931875525651
2007-07-01,6.10021786492376,0.377358490566082,8.503937007874018,-8.615611192930409,2.34309623430911,-2.75526742301453,0.111876075731909,-0.969932104752691,-1.04838709677418
2007-08-01,5.735930735930751,1.0025062656642,10.2685624012638,-7.65027322404391,4.86397361912576,-3.28137817883584,0.618928909137018,1.3712047012733,-1.79299103504482
2007-09-01,6.9339111592633,-1.36476426799015,7.9877112135177795,-5.24316109422494,2.31404958677637,-7.1890145395797,-2.30670653566829,1.35265700483096,1.16182572614107
2007-10-01,7.2747014115092306,1.1320754716982,9.909909909909649,0.307692307692142,1.15511551155092,-1.62469536961857,2.26497595102737,1.04861773117257,-1.06644790812143
2007-11-01,5.22945570971181,-1.86567164179109,7.4130105900150705,-4.63032113517562,-0.165016501649795,-3.41540905480527,-1.74448435094851,3.20754716981142,6.38474295190712
2007-12-01,5.285412262156489,2.28136882129275,5.20984081042024,-10.7857142857144,-1.21654501216618,-2.2310756972111694,0.174064403828811,-1.09689213893971,-5.14419329696024
2008-01-01,6.30914826498439,2.10656753407685,9.064327485379689,-2.5525525525523,2.04918032786854,-4.03162055336002,0.920938314509256,-4.52865064695021,5.42317173377156
2008-02-01,5.549738219895,0.970873786407811,7.906295754026351,0.387596899224385,0.569568755085315,-0.878594249200904,0.860881542700231,1.45208131655374,-2.49415432579891
2008-03-01,4.27083333333285,0.120192307692246,7.624633431085459,-6.65646518745264,0.323101777059809,-1.20675784392585,-1.10105838170047,1.14503816793896,-1.27897681854515
2008-04-01,5.4679284963195,0.36014405762308,9.251101321585821,0.554675118858849,3.45963756177847,-0.327600327600575,2.09717787175243,5.283018867924661,3.23886639676112
2008-05-01,1.54958677685946,-1.07655502392343,4.1847041847042705,-6.67183863460039,-2.34059725585121,-4.231082180634471,-4.64919695688938,-8.33333333333355,-0.627450980392152
2008-06-01,2.79214064115827,-0.120918984280582,3.9942938659061102,-6.738962044926089,-0.730519480519765,-7.035573122530169,-0.336879432624182,1.36852394916915,-2.68350434096289
2008-07-01,0.308008213552369,-2.78450363196123,8.70827285921645,-2.98146655922623,-3.18887980376145,1.16666666666623,0.756093221847176,0.0964320154291265,2.59529602595294
2008-08-01,2.04708290685771,3.11332503113322,4.29799426934132,-2.36686390532501,-8.96226415094342,2.45971162001728,-1.29778405579593,-1.44508670520236,-3.55731225296442
2008-09-01,-1.31712259371838,-0.483091787439593,4.40967283072586,-7.538091419406929,-7.18901453957954,3.2201914708441106,-0.456171735242017,2.83479960899324,2.62295081967214
2008-10-01,-3.54251012145754,-4.00485436893204,-1.77595628415272,-14.263803680982,-8.238172920064951,-9.909165978529831,-1.84203432473667,0.190114068441072,-1.03833865814695
2008-11-01,-7.6064908722109905,-4.67762326169404,-4.0845070422535,-10.9631949882541,-10.247933884298,-18.174342105263495,-4.98901501281562,-5.12333965844416,-3.55125100887813
2008-12-01,-11.9477911646587,0.397877984084927,-6.602475928473649,-14.0112089671737,-14.6962233169123,-24.9388753056235,-1.37778205992867,-3.9000000000000306,-12.8870292887029
2009-01-01,-20.1780415430268,-2.37780713342148,-14.3431635388737,-21.879815100154,-19.5983935742966,-22.2405271828664,-3.6733098866747698,2.70551508844949,-4.13064361191162
2009-02-01,-22.4206349206347,-2.70635994587275,-13.5685210312076,-22.084942084942,-22.0873786407765,-24.4157937147464,-1.38945233265719,-3.8500506585613,4.408817635270551
2009-03-01,-21.5784215784212,1.94714881780249,-15.3950953678478,-16.0655737704915,-25.4428341384862,-32.5732899022803,-1.8204257945079,-2.0021074815595,-1.9193857965451
2009-04-01,-24.0279162512462,-3.8199181446111696,-16.3978494623655,-18.7549251379037,-25.875796178343695,-25.554642563681,-0.0209511837419241,-3.65591397849463,-3.03326810176126
2009-05-01,-18.9216683621566,-1.98581560283687,-4.70914127423825,-15.4613466334163,-21.818181818182,-21.6652506372132,1.19446772841576,5.35714285714282,-1.81634712411706
2009-06-01,-19.215291750503,1.44717800289427,-13.3058984910838,-16.4451827242528,-23.221586263286895,-17.0918367346935,1.3046179333196,1.05932203389834,2.672147995889
2009-07-01,-18.6284544524054,1.14122681883029,-16.154873164219,-13.1229235880398,-18.8344594594593,-20.4283360790772,-0.367947669664825,2.09643605870018,1.2012012012012
2009-08-01,-19.2577733199598,-0.846262341325765,-9.478021978022259,-12.0346320346323,-18.8255613126078,-17.3841059602648,1.6208453016004,-0.924024640657117,0.593471810089019
2009-09-01,-13.6550308008213,1.56472261735416,-11.7166212534064,-7.545533391153139,-15.7528285465627,-8.26306913996589,0.524934383202114,-0.51813471502582,-1.86823992133726
2009-10-01,-13.6411332633788,1.40056022408968,-9.17941585535463,-4.74060822898025,-12.3555555555552,-5.49954170485812,-0.642699337216412,1.97916666666662,1.40280561122244
2009-11-01,-8.56201975850706,0.138121546961267,-2.2026431718062,-6.68425681618288,-9.116022099447568,2.2110552763819906,0.960177885587266,-0.408580183861096,-0.197628458498023
2009-12-01,-5.017103762827751,-0.137931034482697,-3.24005891016195,-0.837988826815894,-6.44850818094377,12.8121606948969,-0.310341375513001,1.12820512820517,1.98019801980198
2010-01-01,4.21313506815364,-2.34806629834255,6.1032863849766095,4.43786982248566,0.299700299700101,10.1694915254237,1.0544286001205,4.3610547667344095,-0.485436893203894
2010-02-01,6.52173913043474,4.38472418670439,8.63422291993725,2.08126858275552,3.53063343717541,8.95522388059695,-0.645930636987047,-1.26336248785234,-0.48780487804877
2010-03-01,9.68152866242036,0.0,10.9500805152979,2.83203125000029,8.09935205183629,27.4154589371975,1.97039407881578,1.57480314960636,1.07843137254902
2010-04-01,15.0918635170604,-0.13550135501359,9.80707395498384,1.35790494665349,8.48549946294286,17.1081677704188,-0.402157920549273,-0.0968992248062128,-0.872938894277386
2010-05-01,13.4253450439147,3.25644504748985,1.01744186046515,3.63815142576203,7.18816067653256,16.8112798264639,0.768170179239935,4.84966052376348,3.62035225048922
2010-06-01,12.2042341220423,1.44546649145858,12.3417721518987,4.97017892644178,10.5431309904155,11.7948717948716,-0.371383893667121,-6.01295097132302,8.02644003777149
2010-07-01,12.5786163522013,-0.777202072538818,13.2165605095541,0.47801147227482,7.90842872008326,4.0372670807453,0.725917206199478,-1.47637795275595,-9.353146853146848
2010-08-01,13.0434782608695,2.4804177545692,6.06980273141127,2.55905511810983,14.3617021276595,4.60921843687376,-1.18815738215797,2.4975024975026,3.37512054001929
2010-09-01,9.869203329369741,-0.254777070063783,9.56790123456788,-2.53283302063868,6.30165289256206,-3.95220588235278,1.36014192785341,-1.26705653021447,1.02611940298507
2010-10-01,14.7023086269745,-0.510855683269451,11.3323124042884,-2.44131455399073,4.66531440162181,3.49175557711008,-0.213924542979249,2.66535044422516,0.55401662049861
2010-11-01,12.7250900360144,1.92554557124522,10.8108108108107,-0.471253534401006,5.26849037487402,5.60471976401145,1.31553303449607,1.05769230769235,0.0
2010-12-01,14.5258103241296,-0.251889168765718,9.284627092846188,0.563380281690296,7.716049382715821,3.27237728585212,1.3080696354719,0.380589914367269,1.1937557392103
2011-01-01,13.1985731272294,1.51515151515151,7.817109144542591,-0.661000944287904,2.09163346613501,5.480769230769369,1.1677584733691,-1.51658767772515,1.45190562613431
2011-02-01,15.6062424969988,0.995024875621842,7.947976878613191,4.46601941747575,5.616850551654711,10.3718199608612,0.347222222222054,0.962463907603484,-2.32558139534884
2011-03-01,12.5435540069686,-0.123152709359653,11.1756168359938,-0.28490028490038,5.49450549450496,5.30805687203795,-1.25315627045693,-0.57197330791231,-0.824175824175832
2011-04-01,11.1744583808438,0.246609124537711,8.93118594436302,1.62679425837304,5.544554455445311,3.29877474081082,-1.69523629131598,-3.25982742090135,0.923361034164349
2011-05-01,9.181415929203581,0.123001230012232,6.47482014388432,-1.61290322580631,3.15581854043432,1.76415970287847,3.26589595375728,1.28840436075328,0.823421774931399
2011-06-01,7.769145394006659,-0.368550368550391,2.6760563380283906,-3.9772727272730495,0.0,-2.56880733944956,-2.69614702864052,-0.684931506849329,-2.81306715063522
2011-07-01,11.8435754189939,-0.2466091245376,3.23488045007074,-1.99809705042779,-0.28929604628718,5.47263681592061,1.07382550335544,2.56157635467986,-2.42763772175537
2011-08-01,9.12087912087918,0.37082818294194,9.15593705293272,-0.38387715930881,-4.65116279069782,5.55555555555522,-0.844242079301494,0.288184438040351,2.48803827751196
2011-09-01,5.84415584415583,0.246305418719195,4.5070422535213694,-2.11742059672716,-0.583090379008366,-1.62679425837358,-0.69836410599865,-2.01149425287361,0.0
2011-10-01,4.766949152542369,-0.24570024570022,-0.825309491059634,-1.44369586140476,-2.22868217054268,-4.68603561387102,0.211946050097178,-1.85728250244384,-0.186741363211951
2011-11-01,4.57933972310964,0.246305418719195,-1.76151761517598,-3.78787878787912,-2.11742059672834,-0.186219739292015,2.01884253028244,0.298804780876494,2.52572497661367
2011-12-01,1.46750524109016,-0.491400491400462,0.696378830083599,-8.029878618113809,-1.910219675262,-5.871388630009671,-1.96004523181329,-0.198609731876875,1.64233576642336
2012-01-01,2.20588235294121,-0.1234567901235,0.0,-6.55893536121642,-3.8048780487798,-5.74293527803106,-0.567089580930102,0.398009950248768,-4.39856373429086
2012-02-01,0.934579439252325,0.37082818294194,-0.401606425703349,-7.9925650557623396,-6.07787274453928,-10.8156028368795,0.985983566940662,3.86521308225978,-0.0938967136150159
2012-03-01,1.54798761609913,0.862068965517238,-2.34986945169643,-4.09523809523832,-5.87121212121239,-7.020702070206671,-0.698765195750373,-2.95801526717565,0.5639097744361
2012-04-01,-0.923076923076904,0.366300366300409,-3.6290322580644094,-10.0753295668546,-8.16135084427763,-6.75182481751808,0.173510699826296,3.0481809242872,0.747663551401878
2012-05-01,-0.202634245187472,0.729927007299236,-1.89189189189177,-6.171648987464,-4.87571701720878,-7.3905109489048995,-1.43379522709736,-1.2404580152672,-0.742115027829315
2012-06-01,0.205973223480971,0.0,-0.274348422496262,-4.5364891518738,-6.165703275529711,-0.659133709981408,-0.829835009274815,-0.096618357487932,1.21495327102803
2012-07-01,-1.69830169830119,-0.483091787439593,-0.953678474114383,-4.174757281553631,-4.73887814313336,-1.13207547169798,0.590667454223315,-3.4816247582206,-0.831024930747915
2012-08-01,-0.906344410876114,1.6990291262136,-3.53866317169059,-2.40847784200378,-4.58536585365795,-7.259528130671289,2.01605010765338,1.6032064128257,-1.95530726256985
2012-09-01,-0.715746421267849,-2.14797136038184,-1.21293800539146,-3.44149459193714,-4.594330400782351,1.65369649805485,-2.05295471987744,-0.887573964497079,0.189933523266861
2012-10-01,-3.13447927199191,1.46341463414636,-2.77392510402225,-6.64062500000006,-5.153617443012609,0.589970501474868,-1.40058765915768,-0.0995024875621753,-0.947867298578198
2012-11-01,-3.15682281059062,-1.6826923076924,-3.31034482758626,-5.21653543307088,-7.27630285152381,-12.2201492537314,0.14900168868579,1.2948207171315,-0.765550239234447
2012-12-01,-0.929752066115686,0.488997555012305,-1.9363762102351,-3.6548223350253695,-7.30282375852063,-0.792079207920771,0.525689347351688,-1.08161258603739,0.675024108003863
2013-01-01,-2.67214799588907,-0.85158150851582,-4.240766073871289,-0.712105798575757,-3.5496957403653,-5.99613152804648,-0.246669955599355,1.6898608349901,0.0
2013-02-01,-1.74897119341563,-0.736196319018467,-5.91397849462356,-1.21212121212126,-4.347826086956711,-3.18091451292246,1.5430267062317,0.977517106549408,-0.670498084291193
2013-03-01,-1.62601626016263,1.35970333745372,-4.01069518716609,0.695134061569092,-5.533199195170649,-8.90609874152954,0.224040522111935,1.83930300096808,1.73577627772421
2013-04-01,0.517598343685322,1.82926829268286,0.278940027894015,2.82722513088995,-4.69867211440208,-5.185909980430489,1.28292351054531,0.095057034220547,-3.98104265402844
2013-05-01,-2.03045685279187,-1.19760479041908,0.0,1.84994861253858,-4.422110552763409,-3.54679802955664,-0.326264274062016,-0.18993352326685,1.18460019743336
2013-06-01,0.924974306269255,-0.727272727272787,0.550206327372149,2.78925619834711,-2.46406570841919,-9.85781990521291,-1.45374025223848,-3.7107516650809904,0.975609756097562
2013-07-01,-1.93089430894311,0.854700854700852,2.47592847317668,-3.14083080040537,-3.65482233502554,-5.4389312977102495,-0.635013677217933,-2.37154150197635,-0.676328502415446
2013-08-01,0.304878048780477,0.0,-1.49456521739143,-2.9615004935834106,-4.70347648261787,-0.489236790606573,-0.786549995084118,2.42914979757092,1.55642023346303
2013-09-01,1.13285272914523,1.08958837772395,-2.45566166439247,2.34215885947049,-2.6639344262293494,-3.34928229665107,0.94143296006346,1.67984189723327,-2.68199233716475
2013-10-01,1.77453027139873,-1.31736526946105,3.9942938659061102,5.857740585774169,-0.417972831765978,0.195503421309917,-0.392695857058745,-2.52672497570464,0.787401574803148
2013-11-01,4.83701366982119,0.72815533980588,7.417974322396151,5.81516095534786,0.742311770943838,5.738575982996809,1.47841513897129,2.69192422731812,1.171875
2013-12-01,4.066736183524511,-0.120481927710892,4.51339915373801,8.113804004215,-1.26050420168023,4.690618762474649,-0.95182595182618,-1.26213592233012,-4.72972972972974
2014-01-01,4.85744456177408,0.361881785283513,4.14285714285734,5.0204918032787,0.525762355414661,4.21810699588476,-1.41204157677972,-2.65486725663724,2.3302938196555294
2014-02-01,4.08376963350787,-0.480769230769296,8.71428571428605,5.21472392637996,0.317124735729379,6.67351129363452,1.85995623632342,-0.909090909090948,0.693069306930694
2014-03-01,3.09917355371903,-1.93236714975844,1.67130919220062,-1.47928994082844,-0.212992545260937,8.50159404888411,-0.634703642222123,-1.32517838939862,-0.589970501474923
2014-04-01,2.36869207003088,1.47783251231528,4.867872044506631,3.7678207739308305,1.50053590568058,5.26315789473686,-0.0196540880502472,5.371900826446449,1.48367952522257
2014-05-01,2.2797927461140106,-1.45631067961165,0.550964187328207,1.31180625630671,-1.78759200841248,3.77936670071504,-1.56280715549443,-0.392156862745108,-0.682261208577006
2014-06-01,0.610997963340099,3.8177339901474,2.32558139534926,1.30653266331653,0.315789473684003,8.62250262881177,1.45781328007988,-1.57480314960633,-2.06084396467123
2014-07-01,4.55958549222781,-2.49110320284658,-0.939597315436169,5.857740585774169,-1.05374077976821,5.44904137235156,0.826690286388843,0.600000000000001,1.60320641282565
2014-08-01,-2.02634245187445,-0.85158150851582,-1.65517241379308,1.01729399796548,-0.751072961373422,1.27826941986233,-1.63006344558287,0.397614314115313,0.690335305719914
2014-09-01,0.91649694501017,1.10429447852758,4.19580419580392,-1.09452736318403,-1.8947368421052,3.0693069306930494,1.20063504663619,-1.68316831683173,-2.1547502448579694
2014-10-01,1.8461538461539,-1.45631067961165,-1.09739368998646,0.296442687747023,-2.30849947534083,1.65853658536583,-1.53936660456908,-1.10775427995975,1.40140140140139
2014-11-01,-0.300902708124362,1.84729064039413,-4.249667994687489,0.0981354268891232,-2.0,5.52763819095476,-1.40410276837278,0.509164969450104,-0.789733464955578
2014-12-01,1.30260521042098,1.45102781136639,-2.29419703103942,-2.24171539961016,0.106382978723474,0.571973307912255,3.45419654580361,0.101317122593736,-2.08955223880596
2015-01-01,-0.805639476334352,-0.119189511323037,1.50891632373047,-3.12195121951218,-1.98744769874438,3.45508390918103,-0.273357414820019,2.02429149797578,-1.21951219512195
2015-02-01,-0.100603621730344,0.119331742243478,-6.96452036793723,-1.16618075801704,-0.421496311907321,0.481231953801742,0.959373470386415,0.595238095238115,1.54320987654322
2015-03-01,-0.601202404809698,0.357568533968644,-0.410958904109127,1.00100100100096,1.17395944503733,3.03623898139047,-0.174536992145635,-2.85996055226833,2.02634245187436
2015-04-01,0.704225352112209,-0.237529691211269,-2.2546419098147,1.07948969578044,0.316789862724387,3.33333333333357,-0.981058766391385,-2.23350253807104,-0.397219463753729
2015-05-01,1.82370820668707,-0.238095238095026,0.547945205479849,3.58565737051821,2.67665952890832,4.23228346456674,0.686678438296728,-0.726895119418502,-0.797607178464599
2015-06-01,1.41700404858269,0.596658711216791,-4.41176470588263,2.77777777777828,0.104931794333951,0.677637947725018,0.233826968044015,2.92887029288702,1.90954773869347
2015-07-01,0.693756194251893,0.0,-2.16802168021658,4.84189723320141,2.66240681576113,-1.81818181818223,-0.845645412130747,-0.10162601626017,-1.9723865877712
2015-08-01,2.48190279214069,-0.237247924080553,0.561009817671798,1.10775427995966,1.62162162162156,3.49514563106805,0.852857562984122,-3.56052899287894,0.603621730382287
2015-09-01,0.100908173562031,-0.475624256836771,-1.34228187919411,4.02414486921534,2.03862660944227,-0.768491834774221,0.96228615863172,1.58227848101271,1.6
2015-10-01,1.00704934541775,1.19474313022732,2.08044382801678,5.418719211822751,2.2556390977438694,-0.0959692898272801,0.0962741888896224,2.38836967808929,-1.67322834645669
2015-11-01,-0.402414486921487,-0.708382526564988,2.35783633841868,1.17647058823493,3.00751879699286,0.285714285714267,-2.20255843031648,0.304259634888449,-1.20120120120121
2015-12-01,-1.38476755687459,-2.14030915576672,0.414364640884424,2.29312063808575,0.0,-2.18009478672949,0.314712824547603,-2.73003033367035,3.6474164133738496
2016-01-01,2.84263959390814,4.37424058323179,3.51351351351357,4.93454179254744,3.52187833511235,0.572519083969381,1.56862745098059,2.49480249480247,-1.95503421309873
2016-02-01,1.91339375629438,-1.16414435389932,4.8022598870058895,3.9331366764995503,1.16402116402077,1.91570881226097,-0.154440154440383,0.709939148073047,2.09371884346961
2016-03-01,1.00806451612878,-0.117785630153056,3.30123796423594,3.07234886025798,0.949367088607467,0.570342205323127,-0.754060324825723,0.906344410876159,-2.24609375000001
2016-04-01,0.89910089910139,0.707547169810963,3.25644504749016,3.5922330097085,2.526315789474,-1.42314990512356,1.42217027079659,-0.199600798403188,5.1948051948052
2016-05-01,-1.39303482587084,-0.351288056205912,-0.136239782017211,-0.19230769230808,-0.20855057351461,-1.69971671388092,-1.72877449097177,-1.80000000000006,-1.23456790123456
2016-06-01,0.998003992016594,-0.587544065804646,5.5944055944058,0.96525096525093,-0.838574423480098,0.096153846153868,-0.586395621579594,1.62932790224035,1.25
2016-07-01,-1.87007874015751,-0.23640661938622,9.27977839335181,-2.07351555136696,0.311203319502851,2.04678362573107,-0.0491545418796924,-1.60320641282569,1.329534662868
2016-08-01,2.21997981836481,2.01421800947872,8.22873082287312,2.68924302788847,3.51063829787241,-4.78424015009392,1.77043375627011,-1.01832993890023,-2.8116213683224
2016-09-01,1.81451612903232,-0.580720092914933,2.0408163265303294,1.45067698259134,2.10304942166066,-0.484027105517926,-0.889146612544145,-0.205761316872444,1.73577627772421
2016-10-01,1.59521435692984,1.6355140186918,1.35869565217341,-2.71028037383196,2.52100840336167,-1.72910662824206,-0.399804973184215,1.2371134020619,0.9478672985782088
2016-11-01,2.52525252525233,0.459770114942293,2.84552845528439,1.45348837209349,2.71115745568282,-3.03893637226971,2.11474446837663,2.6476578411406,-0.751173708920183
2016-12-01,-0.50150451354064,0.114416475972501,10.3163686382389,2.729044834308,6.48246546227382,3.29457364341099,-0.66155321188911,0.892857142857162,-1.32450331125828
2017-01-01,-0.394866732477461,-0.799999999999623,-1.56657963446398,-4.222648752398911,0.206185567009842,-3.7001897533209105,0.0482578901653596,-2.75319567354974,3.06807286673059
2017-02-01,0.790513833991424,1.49769585253481,4.7169811320751505,-1.32450331125803,2.61506276150685,-0.469924812030686,-0.848929191587278,2.83114256825083,-1.30232558139535
2017-03-01,1.39720558882266,0.908059023836105,1.86418109187738,4.42307692307693,3.44827586206866,1.89035916824241,1.86806771745476,-1.17994100294989,-0.848256361922706
2017-04-01,2.27722772277208,0.449943757030158,2.10249671484846,-2.24929709465765,1.23203285420961,4.61982675649648,-0.983763132760618,-1.49253731343286,0.760456273764265
2017-05-01,4.33905146316849,-0.111982082866702,5.18417462482974,4.1425818882465695,3.8662486938346703,3.07396733909744,2.27645413330733,0.101010101010091,1.22641509433961
2017-06-01,2.17391304347787,0.896860986547621,4.63576158940366,3.15487571701718,6.44820295983082,5.18731988472672,-1.06573611242103,1.21089808274475,0.372786579683138
2017-07-01,4.513540621865911,1.8888888888889,3.67553865652686,5.7747834456215905,4.963805584280889,2.5787965616042694,-0.057197330790848,-0.797607178464632,1.29990714948933
2017-08-01,5.034550839092191,0.763358778625589,4.252577319587609,7.66246362754608,6.16649537512828,8.47290640394127,0.343380389164016,-0.100502512562828,-1.55820348304307
2017-09-01,4.45544554455486,-0.216450216450115,4.53333333333317,3.5271687321266,3.19258496395487,6.51750972762695,1.16920152091322,0.804828973843086,-0.46554934823092
2017-10-01,1.86457311089219,-0.433839479392406,3.61930294906156,3.26609029779028,3.17622950819689,3.6168132942328706,0.469792351779796,1.59680638722561,1.40318054256316
2017-11-01,6.10837438423664,2.17864923747262,4.611330698287871,3.05635148042052,3.9593908629443906,9.696376101860489,0.317965023847422,0.392927308447955,1.38376383763836
2017-12-01,7.76209677419331,0.213219616204596,-2.6184538653364906,1.04364326375679,5.38922155688641,5.72232645403339,1.11867250862299,0.195694716242656,1.18289353958145
2018-01-01,5.55004955401408,-1.17021276595779,5.172413793103489,8.416833667334169,4.3209876543210495,6.99507389162517,-3.6323407393746496,-0.683593750000022,0.0899280575539452
2018-02-01,2.25490196078508,0.968783638321224,-0.643500643500861,2.10930009587662,2.8542303771655506,0.283286118980142,1.47326126470864,-0.393313667649964,0.0
2018-03-01,4.23228346456699,-0.959488272921549,3.6601307189549694,3.22283609576368,3.43434343434434,-2.04081632653069,0.839068539643284,0.592300098716692,1.79694519317162
2018-04-01,2.22652468538216,1.50699677072139,1.80180180180167,3.9309683604981105,2.33265720081042,-2.85188592456299,-1.10321615557157,-0.686947988223763,-4.76610767872904
2018-05-01,3.6750483558996705,2.43902439024362,3.6316472114135103,-0.740055504162396,2.41448692152948,-0.465983224604505,-1.03989411987164,-0.197628458498023,3.7071362372567105
2018-06-01,3.28820116054118,-1.86335403726705,-1.13924050632879,0.278035217793393,1.48957298907642,-3.28767123287727,1.86282002292684,0.891089108910914,-0.446827524575499
2018-07-01,0.479846449136101,-0.527426160337297,-2.07823960880144,-1.54686078253033,-0.394088669950798,-0.186219739292015,-0.515802307042679,-1.47203140333663,-1.34649910233394
2018-08-01,-0.469924812029909,0.212089077412414,1.9777503090231,-3.78378378378401,-1.25847047434603,-2.99727520436024,0.395927601810087,1.195219123506,0.181983621474058
2018-09-01,-0.379146919431883,0.63492063492121,-1.4030612244901,0.184162062614535,1.89620758483036,-3.28767123287727,-1.15492957746542,-1.08267716535436,2.72479564032697
2018-10-01,1.15606936416182,2.20820189274431,-0.646830530400333,-0.372093023255626,1.19165839126132,2.26415094339594,1.44390614610088,-0.0995024875621753,-1.7683465959328
2018-11-01,-4.36397400185676,0.102880658436155,2.89672544080559,-3.52177942539431,-2.34375000000028,-4.5535714285709,-1.14242906639238,0.199203187250996,0.0
2018-12-01,-2.71281571562186,1.23329907502596,-1.28040973111438,-3.00469483568007,-4.73484848484862,-3.10559006211113,1.00407312683544,-1.29224652087478,1.53015301530153
2019-01-01,-2.62910798122029,0.0,3.27868852459019,-3.23475046210663,-0.493096646943092,-2.11786372007311,0.600206320922836,2.01409869083591,0.443262411347534
2019-02-01,-0.958772770853911,-0.203045685279946,5.181347150259,-1.31455399061009,0.594648166502032,-1.12994350282473,0.0466113545262825,-2.1717670286279,-1.76522506619594
2019-03-01,-1.32200188857441,-0.915564598168439,0.756620428750754,-8.29616413916127,-1.66015625000042,1.2310606060608,-0.251584047707964,0.807265388496492,0.0898472596585931
2019-04-01,-2.36742424242341,-2.46406570841855,7.079646017699591,-1.66051660516561,-1.58572844400323,0.284090909090851,0.196170014012709,-0.700700700700718,3.05206463195689
2019-05-01,-3.3582089552238,0.210526315789372,3.25406758448066,0.0931966449204902,-0.392927308447999,-1.40449438202231,1.81801230654466,1.41129032258069,-2.61324041811845
2019-06-01,-4.11985018726521,-0.315126050420911,10.8834827144687,-2.68022181145952,-1.07632093933454,-2.45514636449466,-3.13158135701845,-1.78926441351894,2.23613595706618
2019-07-01,-2.578796561605,-0.526870389883838,0.749063670412053,-1.75600739371462,0.197823936695918,-4.19776119402994,0.850742036109176,0.202429149797578,0.787401574803148
2019-08-01,-3.30500472143507,-1.05932203389779,4.36363636363684,-3.6516853932586097,-1.56862745098059,-0.561797752808935,-1.31221295341661,0.707070707070723,-1.12847222222221
2019-09-01,-3.52045670789733,1.92719486081367,8.279430789133539,-6.06617647058794,-2.05680705190947,-2.07743153918778,1.11121663975695,-0.300902708124395,0.175592625109755
2019-10-01,-4.0952380952381695,-1.89075630252099,5.59895833333282,-3.17460317460286,-2.45338567222819,-6.45756457564569,0.0375727972947937,1.00603621730386,-1.05170902716915
2019-11-01,-2.03883495145674,-0.428265524625948,3.05997552019601,0.28818443804044,-0.400000000000034,-6.08044901777374,-0.788732394366498,-1.59362549800802,-0.265721877767944
2019-12-01,-5.3846153846153,0.860215053763924,11.8028534370949,1.83930300096729,-3.57852882703728,-13.1868131868136,-2.11054325194042,-1.92307692307697,-0.888099467140302
2020-01-01,-2.02507232401199,3.7313432835820706,0.732600732599931,2.67430754536722,-0.792864222001144,-5.2681091251177,1.9240065744947,3.19917440660484,-1.34408602150539
2020-02-01,-0.871248789931733,-2.46659815005192,1.84729064039473,0.85632730732661,-3.1527093596063,-3.14285714285706,1.56516789983008,0.600000000000001,-0.181653042688468
2020-03-01,-12.4401913875596,-7.586933614330791,-3.6295369211511,-7.39299610894936,-29.7914597815293,-21.9831618334893,-18.7260670589338,-3.8767395626243695,3.45768880800728
2020-04-01,-30.8438409311351,-16.3055872291902,-20.6611570247935,-32.176360225141,-44.00805639476351,-32.0113314447592,-22.0753849689726,-5.27404343329883,-3.6059806508355297
2020-05-01,-22.9729729729732,8.174386920981,-6.42424242424239,-27.8398510242085,-20.5128205128204,-21.082621082621,21.2063117534286,1.63755458515278,-2.91970802919709
2020-06-01,-12.8906250000003,7.304785894206621,-11.6628175519636,-15.4795821462491,-13.7487636003957,-12.97192642788,13.2132862878696,-0.966702470461789,0.751879699248126
2020-07-01,-10.2941176470585,6.22065727699528,-0.867410161090387,-8.84289746001905,-7.798617966435981,-7.2054527750730495,4.54594304137568,3.36225596529285,1.77238805970148
2020-08-01,-11.2304687500003,0.0,-6.50406504065082,1.36054421768783,-0.597609561753543,-9.69868173257991,0.986842105263053,1.57397691500518,1.1915673693859
2020-09-01,-7.790927021695969,3.09392265193407,-4.062126642771671,1.85909980430521,-4.49999999999984,-5.8823529411765,1.54723127035838,-0.413223140495766,-2.35507246376812
2020-10-01,-3.47567030784466,1.71489817791985,5.05548705302166,1.92864030858237,-1.81086519114665,-2.66272189349112,2.1251002405773,2.28215767634852,2.22634508348794
2020-11-01,-2.27948463825558,-0.421496311907055,0.831353919239852,-4.59770114942532,-4.01606425702861,-2.29083665338646,-1.59010600706707,-1.62271805273839,0.725952813067154
2020-12-01,0.203252032520251,-0.846560846560451,-3.82830626450116,-4.2775665399236305,-1.23711340206202,-3.16455696202527,-0.588469978057027,-0.927835051546322,-2.34234234234234
2021-01-01,-3.14960629921256,1.1739594450368,7.878787878788019,-5.860465116278689,-1.79820179820248,0.496524329692072,3.10023076151287,3.12174817898021,1.4760147601476
2021-02-01,-5.66406250000031,0.421940928270725,6.4087061668681296,-4.05660377358504,-0.508646998982043,-2.75319567354967,-4.1650447644997,-2.21997981836535,2.63636363636364
2021-03-01,7.65027322404372,2.73109243697434,19.0909090909088,6.40756302521006,38.8967468175394,19.1846522781774,1.57392363931761,2.0639834881321506,-1.41718334809566
2021-04-01,37.8681626928471,1.63599182004097,42.708333333333506,41.77040110650071,79.31654676259049,37.9166666666668,0.0299910026991812,0.404448938321544,0.0
2021-05-01,21.6791979949875,-1.00603621730334,26.5544041450786,28.0,21.8362282878417,18.7725631768953,-0.0099940035978129,0.302114803625386,1.97663971248878
2021-06-01,7.6233183856502,0.304878048780344,52.5490196078432,11.4606741573034,14.5642201834862,12.6807563959955,-0.529735132433862,0.50200803212852,-1.49779735682819
2021-07-01,6.55737704918029,2.43161094224891,32.6249999999993,2.37358101135194,8.0299785867233,3.8824763903462896,0.753617363344072,0.0999000999001076,1.87835420393558
2021-08-01,2.4202420242024294,0.0,32.2981366459633,-9.012464046021421,-0.200400801602751,4.483837330552711,-0.269272962999878,-1.09780439121759,0.702370500438976
2021-09-01,-0.962566844919754,-0.890207715133096,29.5143212951432,-5.283381364073,5.02617801047083,2.66393442622959,-1.42999999999999,0.50454086781031,0.087183958151682
2021-10-01,-1.23456790123453,1.7964071856287,23.7089201877927,-5.67644276253555,2.66393442622936,0.202634245187494,2.7493152074667706,0.50200803212852,1.21951219512195
2021-11-01,-2.02839756592291,1.07843137254848,14.8409893992932,2.00803212851408,6.90376569037696,4.0774719673802,-2.04383886255923,1.49850149850155,1.20481927710843
2021-12-01,-1.01419878296141,0.193986420950454,22.4366706875752,0.198609731876842,5.0104384133608,9.912854030501059,0.564459227900382,0.49212598425199,2.2108843537415
2022-01-01,-0.711382113821191,3.1945788964183,14.4943820224723,-3.35968379446647,-2.64496439470994,5.63241106719383,2.10484113460958,0.391772771792365,-1.99667221297837
2022-02-01,0.931677018633525,-1.6885553470919,13.0681818181814,-2.45821042281219,3.27198364008123,1.11223458038416,-1.2663198193776,-2.04878048780494,1.78268251273346
2022-03-01,-4.8730964467005,0.381679389312795,8.396946564885742,-0.691016781836107,3.36048879837036,-2.3138832997988894,-0.487174388546452,0.996015936255001,-3.75312760633862
2022-04-01,-3.5605289928789,0.380228136882743,-1.04275286757075,-0.585365853658515,3.91173520561614,-0.201409869083635,-0.819262663602749,4.43786982248533,4.8526863084922
2022-05-01,-1.23583934088565,1.70454545454541,0.818833162742938,3.52822580645158,3.25865580448008,-2.83687943262413,1.30955978644107,-1.79414542020778,-1.57024793388429
2022-06-01,0.520833333333348,-0.465549348231464,-17.4807197943445,3.32661290322578,-0.900900900901258,-9.08193484698916,0.74574922939239,0.673076923076943,2.43492863140218
2022-07-01,-1.5384615384615,-1.96445275958824,-7.16305372290256,1.71370967741928,-1.1892963330022,-4.949494949494929,-1.53967627319378,-1.14613180515764,-3.11475409836066
2022-08-01,3.11493018259932,1.90839694656477,-11.8309859154928,5.37407797681773,2.91164658634502,-5.98802395209582,2.68644747393785,-0.193236714975842,-0.592216582064287
2022-09-01,5.183585313174929,-0.468164794007264,0.38461538461565,1.82555780933067,-0.598205383848061,-2.59481037924159,-0.546661460367526,2.32333010648602,2.04255319148936
2022-10-01,0.729166666666603,0.752587017873574,-2.56166982922195,-0.200601805416234,-1.69660678642666,-3.03336703741158,-2.13977228111495,-1.98675496688747,-2.75229357798167
2022-11-01,1.03519668737064,1.8674136321202,7.17948717948744,-0.787401574803215,-3.8160469667321295,-6.56219392752201,1.27382146439312,-0.289575289575295,-0.686106346483706
2022-12-01,-2.25409836065575,-1.46654445462884,-2.95566502463014,1.09018830525278,-0.994035785287917,-11.6947472745292,0.822026344458804,1.161665053243,4.4905008635578705
2023-01-01,-0.716479017400162,1.58139534883723,-8.734052993130849,3.37423312883434,2.82131661442018,-13.1898971000936,-1.53241650294701,-1.43540669856463,-1.15702479338843
2023-02-01,1.5384615384616,0.274725274725141,-2.81407035175861,0.302419354838701,-1.6831683168312,-1.19999999999996,1.45650438946527,-0.194174757281551,-2.67558528428093
2023-03-01,3.3084311632871,-1.18721461187233,-0.402414486921809,-1.19284294234588,-2.75862068965552,-3.50154479917606,-1.14060963618478,1.94552529182883,2.66323024054984
2023-04-01,2.32067510548524,-0.646950092421139,-7.16543730242337,-5.8881256133464,-6.563706563706489,-7.870837537840579,0.149194350507242,-1.52671755725194,-2.25941422594144
2023-05-01,1.56412930135554,0.837209302325159,-5.07614213197998,-5.45277507302824,-3.15581854043339,-4.79666319082379,2.0260204588341306,-0.678294573643434,1.71232876712328
2023-06-01,-0.207253886010395,-2.02952029520274,-4.984423676012249,-4.87804878048782,-0.707070707070545,-0.217155266015134,-1.16811058113508,2.63414634146348,-2.94612794612794
2023-07-01,-0.93749999999998,-1.60075329566857,-6.29441624365523,-3.0723488602576694,-2.1063189568711,-2.44420828905419,-0.167438195607228,-1.90114068441068,0.0867302688638327
2023-08-01,-0.312499999999993,1.53110047846896,-6.1767838125667,-4.20000000000005,-3.9999999999998304,-0.955414012738842,-0.0690607734807225,-1.06589147286825,1.81975736568458
2023-09-01,-3.388090349076,-0.659754948161795,-16.1877394636017,-6.17529880478085,-1.80541624874693,-8.401639344262302,0.0197452858130553,-1.17531831537713,-1.02127659574468
2023-10-01,-3.10237849017574,-0.948766603415896,-9.25024342745832,-3.8190954773868895,-0.710659898476995,-4.4838373305527,0.0592241634586932,-1.09018830525276,0.515907136715388
2023-11-01,-4.508196721311511,0.383141762451933,-14.9282296650719,-1.78571428571422,-2.54323499491313,-4.71698113207546,0.295945546019505,0.100200400801609,-0.342172797262619
2023-12-01,-3.7735849056604,1.04961832061097,-1.21827411167525,-4.80392156862748,-1.60642570281144,2.8058361391694,0.363922494344471,3.3033033033034,-2.74678111587983
