date,country_code,country,series_id,frequency,source,value
1955-01-01,AUT,Austria,AUT.Q.PRVM.IX.BTE.Y._Z._Z.N,Q,OECD,10.46516
1955-04-01,AUT,Austria,AUT.Q.PRVM.IX.BTE.Y._Z._Z.N,Q,OECD,10.70172
1955-07-01,AUT,Austria,AUT.Q.PRVM.IX.BTE.Y._Z._Z.N,Q,OECD,11.00472
1955-10-01,AUT,Austria,AUT.Q.PRVM.IX.BTE.Y._Z._Z.N,Q,OECD,11.31857
1956-01-01,AUT,Austria,AUT.Q.PRVM.IX.BTE.Y._Z._Z.N,Q,OECD,11.21611
1956-04-01,AUT,Austria,AUT.Q.PRVM.IX.BTE.Y._Z._Z.N,Q,OECD,11.28345
1956-07-01,AUT,Austria,AUT.Q.PRVM.IX.BTE.Y._Z._Z.N,Q,OECD,11.59858
1956-10-01,AUT,Austria,AUT.Q.PRVM.IX.BTE.Y._Z._Z.N,Q,OECD,11.63392
1957-01-01,AUT,Austria,AUT.Q.PRVM.IX.BTE.Y._Z._Z.N,Q,OECD,11.80163
1957-04-01,AUT,Austria,AUT.Q.PRVM.IX.BTE.Y._Z._Z.N,Q,OECD,12.03774
1957-07-01,AUT,Austria,AUT.Q.PRVM.IX.BTE.Y._Z._Z.N,Q,OECD,12.23919
1957-10-01,AUT,Austria,AUT.Q.PRVM.IX.BTE.Y._Z._Z.N,Q,OECD,12.24249
1958-01-01,AUT,Austria,AUT.Q.PRVM.IX.BTE.Y._Z._Z.N,Q,OECD,12.42665
1958-04-01,AUT,Austria,AUT.Q.PRVM.IX.BTE.Y._Z._Z.N,Q,OECD,12.32805
1958-07-01,AUT,Austria,AUT.Q.PRVM.IX.BTE.Y._Z._Z.N,Q,OECD,12.34933
1958-10-01,AUT,Austria,AUT.Q.PRVM.IX.BTE.Y._Z._Z.N,Q,OECD,12.45631
1959-01-01,AUT,Austria,AUT.Q.PRVM.IX.BTE.Y._Z._Z.N,Q,OECD,12.49344
1959-04-01,AUT,Austria,AUT.Q.PRVM.IX.BTE.Y._Z._Z.N,Q,OECD,13.1388
1959-07-01,AUT,Austria,AUT.Q.PRVM.IX.BTE.Y._Z._Z.N,Q,OECD,13.19341
1959-10-01,AUT,Austria,AUT.Q.PRVM.IX.BTE.Y._Z._Z.N,Q,OECD,13.55564
1960-01-01,AUT,Austria,AUT.Q.PRVM.IX.BTE.Y._Z._Z.N,Q,OECD,13.94842
1960-04-01,AUT,Austria,AUT.Q.PRVM.IX.BTE.Y._Z._Z.N,Q,OECD,14.34706
1960-07-01,AUT,Austria,AUT.Q.PRVM.IX.BTE.Y._Z._Z.N,Q,OECD,14.60871
1960-10-01,AUT,Austria,AUT.Q.PRVM.IX.BTE.Y._Z._Z.N,Q,OECD,15.00634
1961-01-01,AUT,Austria,AUT.Q.PRVM.IX.BTE.Y._Z._Z.N,Q,OECD,14.92838
1961-04-01,AUT,Austria,AUT.Q.PRVM.IX.BTE.Y._Z._Z.N,Q,OECD,14.96633
1961-07-01,AUT,Austria,AUT.Q.PRVM.IX.BTE.Y._Z._Z.N,Q,OECD,15.11939
1961-10-01,AUT,Austria,AUT.Q.PRVM.IX.BTE.Y._Z._Z.N,Q,OECD,15.25406
1962-01-01,AUT,Austria,AUT.Q.PRVM.IX.BTE.Y._Z._Z.N,Q,OECD,15.3905
1962-04-01,AUT,Austria,AUT.Q.PRVM.IX.BTE.Y._Z._Z.N,Q,OECD,15.37649
1962-07-01,AUT,Austria,AUT.Q.PRVM.IX.BTE.Y._Z._Z.N,Q,OECD,15.60919
1962-10-01,AUT,Austria,AUT.Q.PRVM.IX.BTE.Y._Z._Z.N,Q,OECD,15.54031
1963-01-01,AUT,Austria,AUT.Q.PRVM.IX.BTE.Y._Z._Z.N,Q,OECD,15.63446
1963-04-01,AUT,Austria,AUT.Q.PRVM.IX.BTE.Y._Z._Z.N,Q,OECD,16.14863
1963-07-01,AUT,Austria,AUT.Q.PRVM.IX.BTE.Y._Z._Z.N,Q,OECD,16.31976
1963-10-01,AUT,Austria,AUT.Q.PRVM.IX.BTE.Y._Z._Z.N,Q,OECD,16.63243
1964-01-01,AUT,Austria,AUT.Q.PRVM.IX.BTE.Y._Z._Z.N,Q,OECD,17.19617
1964-04-01,AUT,Austria,AUT.Q.PRVM.IX.BTE.Y._Z._Z.N,Q,OECD,17.39449
1964-07-01,AUT,Austria,AUT.Q.PRVM.IX.BTE.Y._Z._Z.N,Q,OECD,17.51484
1964-10-01,AUT,Austria,AUT.Q.PRVM.IX.BTE.Y._Z._Z.N,Q,OECD,17.69361
1965-01-01,AUT,Austria,AUT.Q.PRVM.IX.BTE.Y._Z._Z.N,Q,OECD,18.06522
1965-04-01,AUT,Austria,AUT.Q.PRVM.IX.BTE.Y._Z._Z.N,Q,OECD,18.04292
1965-07-01,AUT,Austria,AUT.Q.PRVM.IX.BTE.Y._Z._Z.N,Q,OECD,18.44197
1965-10-01,AUT,Austria,AUT.Q.PRVM.IX.BTE.Y._Z._Z.N,Q,OECD,18.33756
1966-01-01,AUT,Austria,AUT.Q.PRVM.IX.BTE.Y._Z._Z.N,Q,OECD,18.8679
1966-04-01,AUT,Austria,AUT.Q.PRVM.IX.BTE.Y._Z._Z.N,Q,OECD,18.9698
1966-07-01,AUT,Austria,AUT.Q.PRVM.IX.BTE.Y._Z._Z.N,Q,OECD,18.91639
1966-10-01,AUT,Austria,AUT.Q.PRVM.IX.BTE.Y._Z._Z.N,Q,OECD,19.50213
1967-01-01,AUT,Austria,AUT.Q.PRVM.IX.BTE.Y._Z._Z.N,Q,OECD,19.02464
1967-04-01,AUT,Austria,AUT.Q.PRVM.IX.BTE.Y._Z._Z.N,Q,OECD,19.27217
1967-07-01,AUT,Austria,AUT.Q.PRVM.IX.BTE.Y._Z._Z.N,Q,OECD,18.98158
1967-10-01,AUT,Austria,AUT.Q.PRVM.IX.BTE.Y._Z._Z.N,Q,OECD,19.56489
1968-01-01,AUT,Austria,AUT.Q.PRVM.IX.BTE.Y._Z._Z.N,Q,OECD,19.80566
1968-04-01,AUT,Austria,AUT.Q.PRVM.IX.BTE.Y._Z._Z.N,Q,OECD,20.58415
1968-07-01,AUT,Austria,AUT.Q.PRVM.IX.BTE.Y._Z._Z.N,Q,OECD,21.09483
1968-10-01,AUT,Austria,AUT.Q.PRVM.IX.BTE.Y._Z._Z.N,Q,OECD,21.05541
1969-01-01,AUT,Austria,AUT.Q.PRVM.IX.BTE.Y._Z._Z.N,Q,OECD,22.07445
1969-04-01,AUT,Austria,AUT.Q.PRVM.IX.BTE.Y._Z._Z.N,Q,OECD,22.75908
1969-07-01,AUT,Austria,AUT.Q.PRVM.IX.BTE.Y._Z._Z.N,Q,OECD,23.52888
1969-10-01,AUT,Austria,AUT.Q.PRVM.IX.BTE.Y._Z._Z.N,Q,OECD,23.46394
1970-01-01,AUT,Austria,AUT.Q.PRVM.IX.BTE.Y._Z._Z.N,Q,OECD,24.18465
1970-04-01,AUT,Austria,AUT.Q.PRVM.IX.BTE.Y._Z._Z.N,Q,OECD,25.00033
1970-07-01,AUT,Austria,AUT.Q.PRVM.IX.BTE.Y._Z._Z.N,Q,OECD,25.40341
1970-10-01,AUT,Austria,AUT.Q.PRVM.IX.BTE.Y._Z._Z.N,Q,OECD,25.35234
1971-01-01,AUT,Austria,AUT.Q.PRVM.IX.BTE.Y._Z._Z.N,Q,OECD,26.37201
1971-04-01,AUT,Austria,AUT.Q.PRVM.IX.BTE.Y._Z._Z.N,Q,OECD,26.39377
1971-07-01,AUT,Austria,AUT.Q.PRVM.IX.BTE.Y._Z._Z.N,Q,OECD,26.51065
1971-10-01,AUT,Austria,AUT.Q.PRVM.IX.BTE.Y._Z._Z.N,Q,OECD,26.86668
1972-01-01,AUT,Austria,AUT.Q.PRVM.IX.BTE.Y._Z._Z.N,Q,OECD,27.36966
1972-04-01,AUT,Austria,AUT.Q.PRVM.IX.BTE.Y._Z._Z.N,Q,OECD,27.89508
1972-07-01,AUT,Austria,AUT.Q.PRVM.IX.BTE.Y._Z._Z.N,Q,OECD,28.50449
1972-10-01,AUT,Austria,AUT.Q.PRVM.IX.BTE.Y._Z._Z.N,Q,OECD,30.64409
1973-01-01,AUT,Austria,AUT.Q.PRVM.IX.BTE.Y._Z._Z.N,Q,OECD,29.11652
1973-04-01,AUT,Austria,AUT.Q.PRVM.IX.BTE.Y._Z._Z.N,Q,OECD,29.92387
1973-07-01,AUT,Austria,AUT.Q.PRVM.IX.BTE.Y._Z._Z.N,Q,OECD,30.37244
1973-10-01,AUT,Austria,AUT.Q.PRVM.IX.BTE.Y._Z._Z.N,Q,OECD,30.8496
1974-01-01,AUT,Austria,AUT.Q.PRVM.IX.BTE.Y._Z._Z.N,Q,OECD,31.75149
1974-04-01,AUT,Austria,AUT.Q.PRVM.IX.BTE.Y._Z._Z.N,Q,OECD,31.96047
1974-07-01,AUT,Austria,AUT.Q.PRVM.IX.BTE.Y._Z._Z.N,Q,OECD,31.85319
1974-10-01,AUT,Austria,AUT.Q.PRVM.IX.BTE.Y._Z._Z.N,Q,OECD,30.7778
1975-01-01,AUT,Austria,AUT.Q.PRVM.IX.BTE.Y._Z._Z.N,Q,OECD,30.21894
1975-04-01,AUT,Austria,AUT.Q.PRVM.IX.BTE.Y._Z._Z.N,Q,OECD,29.26115
1975-07-01,AUT,Austria,AUT.Q.PRVM.IX.BTE.Y._Z._Z.N,Q,OECD,29.16974
1975-10-01,AUT,Austria,AUT.Q.PRVM.IX.BTE.Y._Z._Z.N,Q,OECD,29.79864
1976-01-01,AUT,Austria,AUT.Q.PRVM.IX.BTE.Y._Z._Z.N,Q,OECD,30.34478
1976-04-01,AUT,Austria,AUT.Q.PRVM.IX.BTE.Y._Z._Z.N,Q,OECD,30.86353
1976-07-01,AUT,Austria,AUT.Q.PRVM.IX.BTE.Y._Z._Z.N,Q,OECD,31.65365
1976-10-01,AUT,Austria,AUT.Q.PRVM.IX.BTE.Y._Z._Z.N,Q,OECD,32.25708
1977-01-01,AUT,Austria,AUT.Q.PRVM.IX.BTE.Y._Z._Z.N,Q,OECD,32.36526
1977-04-01,AUT,Austria,AUT.Q.PRVM.IX.BTE.Y._Z._Z.N,Q,OECD,32.56292
1977-07-01,AUT,Austria,AUT.Q.PRVM.IX.BTE.Y._Z._Z.N,Q,OECD,32.48611
1977-10-01,AUT,Austria,AUT.Q.PRVM.IX.BTE.Y._Z._Z.N,Q,OECD,32.69154
1978-01-01,AUT,Austria,AUT.Q.PRVM.IX.BTE.Y._Z._Z.N,Q,OECD,32.74738
1978-04-01,AUT,Austria,AUT.Q.PRVM.IX.BTE.Y._Z._Z.N,Q,OECD,33.17586
1978-07-01,AUT,Austria,AUT.Q.PRVM.IX.BTE.Y._Z._Z.N,Q,OECD,33.59936
1978-10-01,AUT,Austria,AUT.Q.PRVM.IX.BTE.Y._Z._Z.N,Q,OECD,34.12422
1979-01-01,AUT,Austria,AUT.Q.PRVM.IX.BTE.Y._Z._Z.N,Q,OECD,34.67939
1979-04-01,AUT,Austria,AUT.Q.PRVM.IX.BTE.Y._Z._Z.N,Q,OECD,35.38956
1979-07-01,AUT,Austria,AUT.Q.PRVM.IX.BTE.Y._Z._Z.N,Q,OECD,36.59
1979-10-01,AUT,Austria,AUT.Q.PRVM.IX.BTE.Y._Z._Z.N,Q,OECD,37.02891
1980-01-01,AUT,Austria,AUT.Q.PRVM.IX.BTE.Y._Z._Z.N,Q,OECD,37.24506
1980-04-01,AUT,Austria,AUT.Q.PRVM.IX.BTE.Y._Z._Z.N,Q,OECD,36.98071
1980-07-01,AUT,Austria,AUT.Q.PRVM.IX.BTE.Y._Z._Z.N,Q,OECD,36.34821
1980-10-01,AUT,Austria,AUT.Q.PRVM.IX.BTE.Y._Z._Z.N,Q,OECD,37.00935
1981-01-01,AUT,Austria,AUT.Q.PRVM.IX.BTE.Y._Z._Z.N,Q,OECD,36.4206
1981-04-01,AUT,Austria,AUT.Q.PRVM.IX.BTE.Y._Z._Z.N,Q,OECD,36.24803
1981-07-01,AUT,Austria,AUT.Q.PRVM.IX.BTE.Y._Z._Z.N,Q,OECD,36.05905
1981-10-01,AUT,Austria,AUT.Q.PRVM.IX.BTE.Y._Z._Z.N,Q,OECD,36.35092
1982-01-01,AUT,Austria,AUT.Q.PRVM.IX.BTE.Y._Z._Z.N,Q,OECD,36.91329
1982-04-01,AUT,Austria,AUT.Q.PRVM.IX.BTE.Y._Z._Z.N,Q,OECD,36.31334
1982-07-01,AUT,Austria,AUT.Q.PRVM.IX.BTE.Y._Z._Z.N,Q,OECD,35.85088
1982-10-01,AUT,Austria,AUT.Q.PRVM.IX.BTE.Y._Z._Z.N,Q,OECD,35.21122
1983-01-01,AUT,Austria,AUT.Q.PRVM.IX.BTE.Y._Z._Z.N,Q,OECD,35.2975
1983-04-01,AUT,Austria,AUT.Q.PRVM.IX.BTE.Y._Z._Z.N,Q,OECD,36.43227
1983-07-01,AUT,Austria,AUT.Q.PRVM.IX.BTE.Y._Z._Z.N,Q,OECD,37.06506
1983-10-01,AUT,Austria,AUT.Q.PRVM.IX.BTE.Y._Z._Z.N,Q,OECD,36.67468
1984-01-01,AUT,Austria,AUT.Q.PRVM.IX.BTE.Y._Z._Z.N,Q,OECD,37.44954
1984-04-01,AUT,Austria,AUT.Q.PRVM.IX.BTE.Y._Z._Z.N,Q,OECD,37.74485
1984-07-01,AUT,Austria,AUT.Q.PRVM.IX.BTE.Y._Z._Z.N,Q,OECD,38.80192
1984-10-01,AUT,Austria,AUT.Q.PRVM.IX.BTE.Y._Z._Z.N,Q,OECD,38.95786
1985-01-01,AUT,Austria,AUT.Q.PRVM.IX.BTE.Y._Z._Z.N,Q,OECD,39.70363
1985-04-01,AUT,Austria,AUT.Q.PRVM.IX.BTE.Y._Z._Z.N,Q,OECD,39.80787
1985-07-01,AUT,Austria,AUT.Q.PRVM.IX.BTE.Y._Z._Z.N,Q,OECD,40.56136
1985-10-01,AUT,Austria,AUT.Q.PRVM.IX.BTE.Y._Z._Z.N,Q,OECD,40.15365
1986-01-01,AUT,Austria,AUT.Q.PRVM.IX.BTE.Y._Z._Z.N,Q,OECD,40.68853
1986-04-01,AUT,Austria,AUT.Q.PRVM.IX.BTE.Y._Z._Z.N,Q,OECD,40.73173
1986-07-01,AUT,Austria,AUT.Q.PRVM.IX.BTE.Y._Z._Z.N,Q,OECD,40.35696
1986-10-01,AUT,Austria,AUT.Q.PRVM.IX.BTE.Y._Z._Z.N,Q,OECD,40.1375
1987-01-01,AUT,Austria,AUT.Q.PRVM.IX.BTE.Y._Z._Z.N,Q,OECD,40.18416
1987-04-01,AUT,Austria,AUT.Q.PRVM.IX.BTE.Y._Z._Z.N,Q,OECD,41.03075
1987-07-01,AUT,Austria,AUT.Q.PRVM.IX.BTE.Y._Z._Z.N,Q,OECD,40.77243
1987-10-01,AUT,Austria,AUT.Q.PRVM.IX.BTE.Y._Z._Z.N,Q,OECD,41.46714
1988-01-01,AUT,Austria,AUT.Q.PRVM.IX.BTE.Y._Z._Z.N,Q,OECD,41.5495
1988-04-01,AUT,Austria,AUT.Q.PRVM.IX.BTE.Y._Z._Z.N,Q,OECD,42.43619
1988-07-01,AUT,Austria,AUT.Q.PRVM.IX.BTE.Y._Z._Z.N,Q,OECD,43.29932
1988-10-01,AUT,Austria,AUT.Q.PRVM.IX.BTE.Y._Z._Z.N,Q,OECD,43.31902
1989-01-01,AUT,Austria,AUT.Q.PRVM.IX.BTE.Y._Z._Z.N,Q,OECD,43.83982
1989-04-01,AUT,Austria,AUT.Q.PRVM.IX.BTE.Y._Z._Z.N,Q,OECD,44.95426
1989-07-01,AUT,Austria,AUT.Q.PRVM.IX.BTE.Y._Z._Z.N,Q,OECD,45.42972
1989-10-01,AUT,Austria,AUT.Q.PRVM.IX.BTE.Y._Z._Z.N,Q,OECD,46.46304
1990-01-01,AUT,Austria,AUT.Q.PRVM.IX.BTE.Y._Z._Z.N,Q,OECD,47.87152
1990-04-01,AUT,Austria,AUT.Q.PRVM.IX.BTE.Y._Z._Z.N,Q,OECD,48.22415
1990-07-01,AUT,Austria,AUT.Q.PRVM.IX.BTE.Y._Z._Z.N,Q,OECD,48.42889
1990-10-01,AUT,Austria,AUT.Q.PRVM.IX.BTE.Y._Z._Z.N,Q,OECD,49.02164
1991-01-01,AUT,Austria,AUT.Q.PRVM.IX.BTE.Y._Z._Z.N,Q,OECD,49.18152
1991-04-01,AUT,Austria,AUT.Q.PRVM.IX.BTE.Y._Z._Z.N,Q,OECD,49.54542
1991-07-01,AUT,Austria,AUT.Q.PRVM.IX.BTE.Y._Z._Z.N,Q,OECD,49.31213
1991-10-01,AUT,Austria,AUT.Q.PRVM.IX.BTE.Y._Z._Z.N,Q,OECD,49.00862
1992-01-01,AUT,Austria,AUT.Q.PRVM.IX.BTE.Y._Z._Z.N,Q,OECD,48.91792
1992-04-01,AUT,Austria,AUT.Q.PRVM.IX.BTE.Y._Z._Z.N,Q,OECD,50.05178
1992-07-01,AUT,Austria,AUT.Q.PRVM.IX.BTE.Y._Z._Z.N,Q,OECD,48.13565
1992-10-01,AUT,Austria,AUT.Q.PRVM.IX.BTE.Y._Z._Z.N,Q,OECD,47.53003
1993-01-01,AUT,Austria,AUT.Q.PRVM.IX.BTE.Y._Z._Z.N,Q,OECD,47.91573
1993-04-01,AUT,Austria,AUT.Q.PRVM.IX.BTE.Y._Z._Z.N,Q,OECD,47.39279
1993-07-01,AUT,Austria,AUT.Q.PRVM.IX.BTE.Y._Z._Z.N,Q,OECD,47.83826
1993-10-01,AUT,Austria,AUT.Q.PRVM.IX.BTE.Y._Z._Z.N,Q,OECD,48.23793
1994-01-01,AUT,Austria,AUT.Q.PRVM.IX.BTE.Y._Z._Z.N,Q,OECD,48.57011
1994-04-01,AUT,Austria,AUT.Q.PRVM.IX.BTE.Y._Z._Z.N,Q,OECD,49.28702
1994-07-01,AUT,Austria,AUT.Q.PRVM.IX.BTE.Y._Z._Z.N,Q,OECD,49.57329
1994-10-01,AUT,Austria,AUT.Q.PRVM.IX.BTE.Y._Z._Z.N,Q,OECD,51.44308
1995-01-01,AUT,Austria,AUT.Q.PRVM.IX.BTE.Y._Z._Z.N,Q,OECD,52.00763
1995-04-01,AUT,Austria,AUT.Q.PRVM.IX.BTE.Y._Z._Z.N,Q,OECD,53.18082
1995-07-01,AUT,Austria,AUT.Q.PRVM.IX.BTE.Y._Z._Z.N,Q,OECD,52.13437
1995-10-01,AUT,Austria,AUT.Q.PRVM.IX.BTE.Y._Z._Z.N,Q,OECD,51.84347
1996-01-01,AUT,Austria,AUT.Q.PRVM.IX.BTE.Y._Z._Z.N,Q,OECD,52.06866
1996-04-01,AUT,Austria,AUT.Q.PRVM.IX.BTE.Y._Z._Z.N,Q,OECD,52.2274
1996-07-01,AUT,Austria,AUT.Q.PRVM.IX.BTE.Y._Z._Z.N,Q,OECD,53.17988
1996-10-01,AUT,Austria,AUT.Q.PRVM.IX.BTE.Y._Z._Z.N,Q,OECD,53.57674
1997-01-01,AUT,Austria,AUT.Q.PRVM.IX.BTE.Y._Z._Z.N,Q,OECD,55.00546
1997-04-01,AUT,Austria,AUT.Q.PRVM.IX.BTE.Y._Z._Z.N,Q,OECD,55.36264
1997-07-01,AUT,Austria,AUT.Q.PRVM.IX.BTE.Y._Z._Z.N,Q,OECD,56.91041
1997-10-01,AUT,Austria,AUT.Q.PRVM.IX.BTE.Y._Z._Z.N,Q,OECD,58.18037
1998-01-01,AUT,Austria,AUT.Q.PRVM.IX.BTE.Y._Z._Z.N,Q,OECD,59.88689
1998-04-01,AUT,Austria,AUT.Q.PRVM.IX.BTE.Y._Z._Z.N,Q,OECD,60.72031
1998-07-01,AUT,Austria,AUT.Q.PRVM.IX.BTE.Y._Z._Z.N,Q,OECD,61.67279
1998-10-01,AUT,Austria,AUT.Q.PRVM.IX.BTE.Y._Z._Z.N,Q,OECD,61.59341
1999-01-01,AUT,Austria,AUT.Q.PRVM.IX.BTE.Y._Z._Z.N,Q,OECD,61.79184
1999-04-01,AUT,Austria,AUT.Q.PRVM.IX.BTE.Y._Z._Z.N,Q,OECD,63.81585
1999-07-01,AUT,Austria,AUT.Q.PRVM.IX.BTE.Y._Z._Z.N,Q,OECD,64.64927
1999-10-01,AUT,Austria,AUT.Q.PRVM.IX.BTE.Y._Z._Z.N,Q,OECD,68.26074
2000-01-01,AUT,Austria,AUT.Q.PRVM.IX.BTE.Y._Z._Z.N,Q,OECD,67.38763
2000-04-01,AUT,Austria,AUT.Q.PRVM.IX.BTE.Y._Z._Z.N,Q,OECD,70.12601
2000-07-01,AUT,Austria,AUT.Q.PRVM.IX.BTE.Y._Z._Z.N,Q,OECD,71.51503
2000-10-01,AUT,Austria,AUT.Q.PRVM.IX.BTE.Y._Z._Z.N,Q,OECD,74.61057
2001-01-01,AUT,Austria,AUT.Q.PRVM.IX.BTE.Y._Z._Z.N,Q,OECD,73.69778
2001-04-01,AUT,Austria,AUT.Q.PRVM.IX.BTE.Y._Z._Z.N,Q,OECD,72.58656
2001-07-01,AUT,Austria,AUT.Q.PRVM.IX.BTE.Y._Z._Z.N,Q,OECD,73.14217
2001-10-01,AUT,Austria,AUT.Q.PRVM.IX.BTE.Y._Z._Z.N,Q,OECD,73.18186
2002-01-01,AUT,Austria,AUT.Q.PRVM.IX.BTE.Y._Z._Z.N,Q,OECD,72.50719
2002-04-01,AUT,Austria,AUT.Q.PRVM.IX.BTE.Y._Z._Z.N,Q,OECD,74.65026
2002-07-01,AUT,Austria,AUT.Q.PRVM.IX.BTE.Y._Z._Z.N,Q,OECD,73.53904
2002-10-01,AUT,Austria,AUT.Q.PRVM.IX.BTE.Y._Z._Z.N,Q,OECD,73.89622
2003-01-01,AUT,Austria,AUT.Q.PRVM.IX.BTE.Y._Z._Z.N,Q,OECD,75.32494
2003-04-01,AUT,Austria,AUT.Q.PRVM.IX.BTE.Y._Z._Z.N,Q,OECD,74.45183
2003-07-01,AUT,Austria,AUT.Q.PRVM.IX.BTE.Y._Z._Z.N,Q,OECD,74.96776
2003-10-01,AUT,Austria,AUT.Q.PRVM.IX.BTE.Y._Z._Z.N,Q,OECD,75.4043
2004-01-01,AUT,Austria,AUT.Q.PRVM.IX.BTE.Y._Z._Z.N,Q,OECD,77.30926
2004-04-01,AUT,Austria,AUT.Q.PRVM.IX.BTE.Y._Z._Z.N,Q,OECD,79.25389
2004-07-01,AUT,Austria,AUT.Q.PRVM.IX.BTE.Y._Z._Z.N,Q,OECD,80.92072
2004-10-01,AUT,Austria,AUT.Q.PRVM.IX.BTE.Y._Z._Z.N,Q,OECD,81.27791
2005-01-01,AUT,Austria,AUT.Q.PRVM.IX.BTE.Y._Z._Z.N,Q,OECD,80.76198
2005-04-01,AUT,Austria,AUT.Q.PRVM.IX.BTE.Y._Z._Z.N,Q,OECD,82.70662
2005-07-01,AUT,Austria,AUT.Q.PRVM.IX.BTE.Y._Z._Z.N,Q,OECD,83.6591
2005-10-01,AUT,Austria,AUT.Q.PRVM.IX.BTE.Y._Z._Z.N,Q,OECD,86.11965
2006-01-01,AUT,Austria,AUT.Q.PRVM.IX.BTE.Y._Z._Z.N,Q,OECD,87.1515
2006-04-01,AUT,Austria,AUT.Q.PRVM.IX.BTE.Y._Z._Z.N,Q,OECD,88.42147
2006-07-01,AUT,Austria,AUT.Q.PRVM.IX.BTE.Y._Z._Z.N,Q,OECD,90.56454
2006-10-01,AUT,Austria,AUT.Q.PRVM.IX.BTE.Y._Z._Z.N,Q,OECD,92.70761
2007-01-01,AUT,Austria,AUT.Q.PRVM.IX.BTE.Y._Z._Z.N,Q,OECD,94.37444
2007-04-01,AUT,Austria,AUT.Q.PRVM.IX.BTE.Y._Z._Z.N,Q,OECD,94.57288
2007-07-01,AUT,Austria,AUT.Q.PRVM.IX.BTE.Y._Z._Z.N,Q,OECD,95.20786
2007-10-01,AUT,Austria,AUT.Q.PRVM.IX.BTE.Y._Z._Z.N,Q,OECD,95.24754
2008-01-01,AUT,Austria,AUT.Q.PRVM.IX.BTE.Y._Z._Z.N,Q,OECD,98.77964
2008-04-01,AUT,Austria,AUT.Q.PRVM.IX.BTE.Y._Z._Z.N,Q,OECD,98.77964
2008-07-01,AUT,Austria,AUT.Q.PRVM.IX.BTE.Y._Z._Z.N,Q,OECD,97.4303
2008-10-01,AUT,Austria,AUT.Q.PRVM.IX.BTE.Y._Z._Z.N,Q,OECD,91.35827
2009-01-01,AUT,Austria,AUT.Q.PRVM.IX.BTE.Y._Z._Z.N,Q,OECD,86.95307
2009-04-01,AUT,Austria,AUT.Q.PRVM.IX.BTE.Y._Z._Z.N,Q,OECD,83.22254
2009-07-01,AUT,Austria,AUT.Q.PRVM.IX.BTE.Y._Z._Z.N,Q,OECD,84.37345
2009-10-01,AUT,Austria,AUT.Q.PRVM.IX.BTE.Y._Z._Z.N,Q,OECD,86.23872
2010-01-01,AUT,Austria,AUT.Q.PRVM.IX.BTE.Y._Z._Z.N,Q,OECD,86.63558
2010-04-01,AUT,Austria,AUT.Q.PRVM.IX.BTE.Y._Z._Z.N,Q,OECD,90.0883
2010-07-01,AUT,Austria,AUT.Q.PRVM.IX.BTE.Y._Z._Z.N,Q,OECD,92.62823
2010-10-01,AUT,Austria,AUT.Q.PRVM.IX.BTE.Y._Z._Z.N,Q,OECD,93.85852
2011-01-01,AUT,Austria,AUT.Q.PRVM.IX.BTE.Y._Z._Z.N,Q,OECD,96.31908
2011-04-01,AUT,Austria,AUT.Q.PRVM.IX.BTE.Y._Z._Z.N,Q,OECD,96.75563
2011-07-01,AUT,Austria,AUT.Q.PRVM.IX.BTE.Y._Z._Z.N,Q,OECD,96.63657
2011-10-01,AUT,Austria,AUT.Q.PRVM.IX.BTE.Y._Z._Z.N,Q,OECD,96.67625
2012-01-01,AUT,Austria,AUT.Q.PRVM.IX.BTE.Y._Z._Z.N,Q,OECD,96.83501
2012-04-01,AUT,Austria,AUT.Q.PRVM.IX.BTE.Y._Z._Z.N,Q,OECD,98.34309
2012-07-01,AUT,Austria,AUT.Q.PRVM.IX.BTE.Y._Z._Z.N,Q,OECD,98.50184
2012-10-01,AUT,Austria,AUT.Q.PRVM.IX.BTE.Y._Z._Z.N,Q,OECD,98.10497
2013-01-01,AUT,Austria,AUT.Q.PRVM.IX.BTE.Y._Z._Z.N,Q,OECD,96.99375
2013-04-01,AUT,Austria,AUT.Q.PRVM.IX.BTE.Y._Z._Z.N,Q,OECD,98.38277
2013-07-01,AUT,Austria,AUT.Q.PRVM.IX.BTE.Y._Z._Z.N,Q,OECD,98.70027
2013-10-01,AUT,Austria,AUT.Q.PRVM.IX.BTE.Y._Z._Z.N,Q,OECD,98.54152
2014-01-01,AUT,Austria,AUT.Q.PRVM.IX.BTE.Y._Z._Z.N,Q,OECD,98.10497
2014-04-01,AUT,Austria,AUT.Q.PRVM.IX.BTE.Y._Z._Z.N,Q,OECD,98.38277
2014-07-01,AUT,Austria,AUT.Q.PRVM.IX.BTE.Y._Z._Z.N,Q,OECD,97.66842
2014-10-01,AUT,Austria,AUT.Q.PRVM.IX.BTE.Y._Z._Z.N,Q,OECD,98.34309
2015-01-01,AUT,Austria,AUT.Q.PRVM.IX.BTE.Y._Z._Z.N,Q,OECD,99.97024
2015-04-01,AUT,Austria,AUT.Q.PRVM.IX.BTE.Y._Z._Z.N,Q,OECD,100.0496
2015-07-01,AUT,Austria,AUT.Q.PRVM.IX.BTE.Y._Z._Z.N,Q,OECD,100.0496
2015-10-01,AUT,Austria,AUT.Q.PRVM.IX.BTE.Y._Z._Z.N,Q,OECD,99.65274
2016-01-01,AUT,Austria,AUT.Q.PRVM.IX.BTE.Y._Z._Z.N,Q,OECD,101.4386
2016-04-01,AUT,Austria,AUT.Q.PRVM.IX.BTE.Y._Z._Z.N,Q,OECD,101.2402
2016-07-01,AUT,Austria,AUT.Q.PRVM.IX.BTE.Y._Z._Z.N,Q,OECD,101.6371
2016-10-01,AUT,Austria,AUT.Q.PRVM.IX.BTE.Y._Z._Z.N,Q,OECD,103.9389
2017-01-01,AUT,Austria,AUT.Q.PRVM.IX.BTE.Y._Z._Z.N,Q,OECD,104.6929
2017-04-01,AUT,Austria,AUT.Q.PRVM.IX.BTE.Y._Z._Z.N,Q,OECD,106.5582
2017-07-01,AUT,Austria,AUT.Q.PRVM.IX.BTE.Y._Z._Z.N,Q,OECD,109.6537
2017-10-01,AUT,Austria,AUT.Q.PRVM.IX.BTE.Y._Z._Z.N,Q,OECD,110.9634
2018-01-01,AUT,Austria,AUT.Q.PRVM.IX.BTE.Y._Z._Z.N,Q,OECD,110.9634
2018-04-01,AUT,Austria,AUT.Q.PRVM.IX.BTE.Y._Z._Z.N,Q,OECD,113.3843
2018-07-01,AUT,Austria,AUT.Q.PRVM.IX.BTE.Y._Z._Z.N,Q,OECD,112.6699
2018-10-01,AUT,Austria,AUT.Q.PRVM.IX.BTE.Y._Z._Z.N,Q,OECD,116.2814
2019-01-01,AUT,Austria,AUT.Q.PRVM.IX.BTE.Y._Z._Z.N,Q,OECD,116.7576
2019-04-01,AUT,Austria,AUT.Q.PRVM.IX.BTE.Y._Z._Z.N,Q,OECD,113.1461
2019-07-01,AUT,Austria,AUT.Q.PRVM.IX.BTE.Y._Z._Z.N,Q,OECD,112.3127
2019-10-01,AUT,Austria,AUT.Q.PRVM.IX.BTE.Y._Z._Z.N,Q,OECD,111.2015
2020-01-01,AUT,Austria,AUT.Q.PRVM.IX.BTE.Y._Z._Z.N,Q,OECD,111.0825
2020-04-01,AUT,Austria,AUT.Q.PRVM.IX.BTE.Y._Z._Z.N,Q,OECD,94.45381
2020-07-01,AUT,Austria,AUT.Q.PRVM.IX.BTE.Y._Z._Z.N,Q,OECD,108.86
2020-10-01,AUT,Austria,AUT.Q.PRVM.IX.BTE.Y._Z._Z.N,Q,OECD,112.3524
2021-01-01,AUT,Austria,AUT.Q.PRVM.IX.BTE.Y._Z._Z.N,Q,OECD,114.1383
2021-04-01,AUT,Austria,AUT.Q.PRVM.IX.BTE.Y._Z._Z.N,Q,OECD,117.6307
2021-07-01,AUT,Austria,AUT.Q.PRVM.IX.BTE.Y._Z._Z.N,Q,OECD,120.0913
2021-10-01,AUT,Austria,AUT.Q.PRVM.IX.BTE.Y._Z._Z.N,Q,OECD,122.4725
2022-01-01,AUT,Austria,AUT.Q.PRVM.IX.BTE.Y._Z._Z.N,Q,OECD,125.5283
2022-04-01,AUT,Austria,AUT.Q.PRVM.IX.BTE.Y._Z._Z.N,Q,OECD,126.957
2022-07-01,AUT,Austria,AUT.Q.PRVM.IX.BTE.Y._Z._Z.N,Q,OECD,126.3221
2022-10-01,AUT,Austria,AUT.Q.PRVM.IX.BTE.Y._Z._Z.N,Q,OECD,128.5445
2023-01-01,AUT,Austria,AUT.Q.PRVM.IX.BTE.Y._Z._Z.N,Q,OECD,129.4573
2023-04-01,AUT,Austria,AUT.Q.PRVM.IX.BTE.Y._Z._Z.N,Q,OECD,127.8301
2023-07-01,AUT,Austria,AUT.Q.PRVM.IX.BTE.Y._Z._Z.N,Q,OECD,125.568
2023-10-01,AUT,Austria,AUT.Q.PRVM.IX.BTE.Y._Z._Z.N,Q,OECD,125.1712
2024-01-01,AUT,Austria,AUT.Q.PRVM.IX.BTE.Y._Z._Z.N,Q,OECD,121.2025
2024-04-01,AUT,Austria,AUT.Q.PRVM.IX.BTE.Y._Z._Z.N,Q,OECD,120.6469
2024-07-01,AUT,Austria,AUT.Q.PRVM.IX.BTE.Y._Z._Z.N,Q,OECD,121.6787
2024-10-01,AUT,Austria,AUT.Q.PRVM.IX.BTE.Y._Z._Z.N,Q,OECD,119.496
2025-01-01,AUT,Austria,AUT.Q.PRVM.IX.BTE.Y._Z._Z.N,Q,OECD,122.79
2025-04-01,AUT,Austria,AUT.Q.PRVM.IX.BTE.Y._Z._Z.N,Q,OECD,122.8296
2025-07-01,AUT,Austria,AUT.Q.PRVM.IX.BTE.Y._Z._Z.N,Q,OECD,123.3059
2025-10-01,AUT,Austria,AUT.Q.PRVM.IX.BTE.Y._Z._Z.N,Q,OECD,123.1868
1955-01-01,BEL,Belgium,BEL.Q.PRVM.IX.BTE.Y._Z._Z.N,Q,OECD,22.26798
1955-04-01,BEL,Belgium,BEL.Q.PRVM.IX.BTE.Y._Z._Z.N,Q,OECD,22.64985
1955-07-01,BEL,Belgium,BEL.Q.PRVM.IX.BTE.Y._Z._Z.N,Q,OECD,22.6819
1955-10-01,BEL,Belgium,BEL.Q.PRVM.IX.BTE.Y._Z._Z.N,Q,OECD,23.89786
1956-01-01,BEL,Belgium,BEL.Q.PRVM.IX.BTE.Y._Z._Z.N,Q,OECD,24.51834
1956-04-01,BEL,Belgium,BEL.Q.PRVM.IX.BTE.Y._Z._Z.N,Q,OECD,24.20179
1956-07-01,BEL,Belgium,BEL.Q.PRVM.IX.BTE.Y._Z._Z.N,Q,OECD,23.60008
1956-10-01,BEL,Belgium,BEL.Q.PRVM.IX.BTE.Y._Z._Z.N,Q,OECD,25.33073
1957-01-01,BEL,Belgium,BEL.Q.PRVM.IX.BTE.Y._Z._Z.N,Q,OECD,25.10879
1957-04-01,BEL,Belgium,BEL.Q.PRVM.IX.BTE.Y._Z._Z.N,Q,OECD,24.52589
1957-07-01,BEL,Belgium,BEL.Q.PRVM.IX.BTE.Y._Z._Z.N,Q,OECD,23.22944
1957-10-01,BEL,Belgium,BEL.Q.PRVM.IX.BTE.Y._Z._Z.N,Q,OECD,24.42415
1958-01-01,BEL,Belgium,BEL.Q.PRVM.IX.BTE.Y._Z._Z.N,Q,OECD,24.16551
1958-04-01,BEL,Belgium,BEL.Q.PRVM.IX.BTE.Y._Z._Z.N,Q,OECD,22.9825
1958-07-01,BEL,Belgium,BEL.Q.PRVM.IX.BTE.Y._Z._Z.N,Q,OECD,23.00658
1958-10-01,BEL,Belgium,BEL.Q.PRVM.IX.BTE.Y._Z._Z.N,Q,OECD,23.00078
1959-01-01,BEL,Belgium,BEL.Q.PRVM.IX.BTE.Y._Z._Z.N,Q,OECD,23.36782
1959-04-01,BEL,Belgium,BEL.Q.PRVM.IX.BTE.Y._Z._Z.N,Q,OECD,24.19829
1959-07-01,BEL,Belgium,BEL.Q.PRVM.IX.BTE.Y._Z._Z.N,Q,OECD,24.31856
1959-10-01,BEL,Belgium,BEL.Q.PRVM.IX.BTE.Y._Z._Z.N,Q,OECD,25.33772
1960-01-01,BEL,Belgium,BEL.Q.PRVM.IX.BTE.Y._Z._Z.N,Q,OECD,25.64753
1960-04-01,BEL,Belgium,BEL.Q.PRVM.IX.BTE.Y._Z._Z.N,Q,OECD,25.79292
1960-07-01,BEL,Belgium,BEL.Q.PRVM.IX.BTE.Y._Z._Z.N,Q,OECD,26.49903
1960-10-01,BEL,Belgium,BEL.Q.PRVM.IX.BTE.Y._Z._Z.N,Q,OECD,26.00046
1961-01-01,BEL,Belgium,BEL.Q.PRVM.IX.BTE.Y._Z._Z.N,Q,OECD,25.71327
1961-04-01,BEL,Belgium,BEL.Q.PRVM.IX.BTE.Y._Z._Z.N,Q,OECD,28.0108
1961-07-01,BEL,Belgium,BEL.Q.PRVM.IX.BTE.Y._Z._Z.N,Q,OECD,28.34776
1961-10-01,BEL,Belgium,BEL.Q.PRVM.IX.BTE.Y._Z._Z.N,Q,OECD,28.33945
1962-01-01,BEL,Belgium,BEL.Q.PRVM.IX.BTE.Y._Z._Z.N,Q,OECD,28.63373
1962-04-01,BEL,Belgium,BEL.Q.PRVM.IX.BTE.Y._Z._Z.N,Q,OECD,29.00675
1962-07-01,BEL,Belgium,BEL.Q.PRVM.IX.BTE.Y._Z._Z.N,Q,OECD,29.59369
1962-10-01,BEL,Belgium,BEL.Q.PRVM.IX.BTE.Y._Z._Z.N,Q,OECD,29.5588
1963-01-01,BEL,Belgium,BEL.Q.PRVM.IX.BTE.Y._Z._Z.N,Q,OECD,29.8239
1963-04-01,BEL,Belgium,BEL.Q.PRVM.IX.BTE.Y._Z._Z.N,Q,OECD,31.52815
1963-07-01,BEL,Belgium,BEL.Q.PRVM.IX.BTE.Y._Z._Z.N,Q,OECD,31.96758
1963-10-01,BEL,Belgium,BEL.Q.PRVM.IX.BTE.Y._Z._Z.N,Q,OECD,32.63554
1964-01-01,BEL,Belgium,BEL.Q.PRVM.IX.BTE.Y._Z._Z.N,Q,OECD,33.3482
1964-04-01,BEL,Belgium,BEL.Q.PRVM.IX.BTE.Y._Z._Z.N,Q,OECD,33.07015
1964-07-01,BEL,Belgium,BEL.Q.PRVM.IX.BTE.Y._Z._Z.N,Q,OECD,33.49506
1964-10-01,BEL,Belgium,BEL.Q.PRVM.IX.BTE.Y._Z._Z.N,Q,OECD,33.71199
1965-01-01,BEL,Belgium,BEL.Q.PRVM.IX.BTE.Y._Z._Z.N,Q,OECD,33.94154
1965-04-01,BEL,Belgium,BEL.Q.PRVM.IX.BTE.Y._Z._Z.N,Q,OECD,34.09698
1965-07-01,BEL,Belgium,BEL.Q.PRVM.IX.BTE.Y._Z._Z.N,Q,OECD,33.8834
1965-10-01,BEL,Belgium,BEL.Q.PRVM.IX.BTE.Y._Z._Z.N,Q,OECD,34.88731
1966-01-01,BEL,Belgium,BEL.Q.PRVM.IX.BTE.Y._Z._Z.N,Q,OECD,34.65343
1966-04-01,BEL,Belgium,BEL.Q.PRVM.IX.BTE.Y._Z._Z.N,Q,OECD,34.8486
1966-07-01,BEL,Belgium,BEL.Q.PRVM.IX.BTE.Y._Z._Z.N,Q,OECD,35.10661
1966-10-01,BEL,Belgium,BEL.Q.PRVM.IX.BTE.Y._Z._Z.N,Q,OECD,34.84456
1967-01-01,BEL,Belgium,BEL.Q.PRVM.IX.BTE.Y._Z._Z.N,Q,OECD,35.32046
1967-04-01,BEL,Belgium,BEL.Q.PRVM.IX.BTE.Y._Z._Z.N,Q,OECD,35.0611
1967-07-01,BEL,Belgium,BEL.Q.PRVM.IX.BTE.Y._Z._Z.N,Q,OECD,35.37105
1967-10-01,BEL,Belgium,BEL.Q.PRVM.IX.BTE.Y._Z._Z.N,Q,OECD,36.02967
1968-01-01,BEL,Belgium,BEL.Q.PRVM.IX.BTE.Y._Z._Z.N,Q,OECD,36.30359
1968-04-01,BEL,Belgium,BEL.Q.PRVM.IX.BTE.Y._Z._Z.N,Q,OECD,37.03474
1968-07-01,BEL,Belgium,BEL.Q.PRVM.IX.BTE.Y._Z._Z.N,Q,OECD,37.66335
1968-10-01,BEL,Belgium,BEL.Q.PRVM.IX.BTE.Y._Z._Z.N,Q,OECD,38.7158
1969-01-01,BEL,Belgium,BEL.Q.PRVM.IX.BTE.Y._Z._Z.N,Q,OECD,39.79663
1969-04-01,BEL,Belgium,BEL.Q.PRVM.IX.BTE.Y._Z._Z.N,Q,OECD,41.11202
1969-07-01,BEL,Belgium,BEL.Q.PRVM.IX.BTE.Y._Z._Z.N,Q,OECD,41.74233
1969-10-01,BEL,Belgium,BEL.Q.PRVM.IX.BTE.Y._Z._Z.N,Q,OECD,41.74532
1970-01-01,BEL,Belgium,BEL.Q.PRVM.IX.BTE.Y._Z._Z.N,Q,OECD,41.70131
1970-04-01,BEL,Belgium,BEL.Q.PRVM.IX.BTE.Y._Z._Z.N,Q,OECD,42.04058
1970-07-01,BEL,Belgium,BEL.Q.PRVM.IX.BTE.Y._Z._Z.N,Q,OECD,42.81617
1970-10-01,BEL,Belgium,BEL.Q.PRVM.IX.BTE.Y._Z._Z.N,Q,OECD,42.89787
1971-01-01,BEL,Belgium,BEL.Q.PRVM.IX.BTE.Y._Z._Z.N,Q,OECD,43.20993
1971-04-01,BEL,Belgium,BEL.Q.PRVM.IX.BTE.Y._Z._Z.N,Q,OECD,41.95169
1971-07-01,BEL,Belgium,BEL.Q.PRVM.IX.BTE.Y._Z._Z.N,Q,OECD,43.63674
1971-10-01,BEL,Belgium,BEL.Q.PRVM.IX.BTE.Y._Z._Z.N,Q,OECD,43.61893
1972-01-01,BEL,Belgium,BEL.Q.PRVM.IX.BTE.Y._Z._Z.N,Q,OECD,44.53487
1972-04-01,BEL,Belgium,BEL.Q.PRVM.IX.BTE.Y._Z._Z.N,Q,OECD,45.91216
1972-07-01,BEL,Belgium,BEL.Q.PRVM.IX.BTE.Y._Z._Z.N,Q,OECD,46.1832
1972-10-01,BEL,Belgium,BEL.Q.PRVM.IX.BTE.Y._Z._Z.N,Q,OECD,48.2012
1973-01-01,BEL,Belgium,BEL.Q.PRVM.IX.BTE.Y._Z._Z.N,Q,OECD,48.26859
1973-04-01,BEL,Belgium,BEL.Q.PRVM.IX.BTE.Y._Z._Z.N,Q,OECD,48.45839
1973-07-01,BEL,Belgium,BEL.Q.PRVM.IX.BTE.Y._Z._Z.N,Q,OECD,49.61389
1973-10-01,BEL,Belgium,BEL.Q.PRVM.IX.BTE.Y._Z._Z.N,Q,OECD,50.23983
1974-01-01,BEL,Belgium,BEL.Q.PRVM.IX.BTE.Y._Z._Z.N,Q,OECD,51.34532
1974-04-01,BEL,Belgium,BEL.Q.PRVM.IX.BTE.Y._Z._Z.N,Q,OECD,51.57497
1974-07-01,BEL,Belgium,BEL.Q.PRVM.IX.BTE.Y._Z._Z.N,Q,OECD,51.55546
1974-10-01,BEL,Belgium,BEL.Q.PRVM.IX.BTE.Y._Z._Z.N,Q,OECD,49.94349
1975-01-01,BEL,Belgium,BEL.Q.PRVM.IX.BTE.Y._Z._Z.N,Q,OECD,47.3636
1975-04-01,BEL,Belgium,BEL.Q.PRVM.IX.BTE.Y._Z._Z.N,Q,OECD,44.61805
1975-07-01,BEL,Belgium,BEL.Q.PRVM.IX.BTE.Y._Z._Z.N,Q,OECD,45.60669
1975-10-01,BEL,Belgium,BEL.Q.PRVM.IX.BTE.Y._Z._Z.N,Q,OECD,46.70946
1976-01-01,BEL,Belgium,BEL.Q.PRVM.IX.BTE.Y._Z._Z.N,Q,OECD,48.23701
1976-04-01,BEL,Belgium,BEL.Q.PRVM.IX.BTE.Y._Z._Z.N,Q,OECD,49.70463
1976-07-01,BEL,Belgium,BEL.Q.PRVM.IX.BTE.Y._Z._Z.N,Q,OECD,50.12284
1976-10-01,BEL,Belgium,BEL.Q.PRVM.IX.BTE.Y._Z._Z.N,Q,OECD,50.39499
1977-01-01,BEL,Belgium,BEL.Q.PRVM.IX.BTE.Y._Z._Z.N,Q,OECD,50.13431
1977-04-01,BEL,Belgium,BEL.Q.PRVM.IX.BTE.Y._Z._Z.N,Q,OECD,49.51436
1977-07-01,BEL,Belgium,BEL.Q.PRVM.IX.BTE.Y._Z._Z.N,Q,OECD,49.97183
1977-10-01,BEL,Belgium,BEL.Q.PRVM.IX.BTE.Y._Z._Z.N,Q,OECD,49.70675
1978-01-01,BEL,Belgium,BEL.Q.PRVM.IX.BTE.Y._Z._Z.N,Q,OECD,49.6201
1978-04-01,BEL,Belgium,BEL.Q.PRVM.IX.BTE.Y._Z._Z.N,Q,OECD,50.01818
1978-07-01,BEL,Belgium,BEL.Q.PRVM.IX.BTE.Y._Z._Z.N,Q,OECD,51.37531
1978-10-01,BEL,Belgium,BEL.Q.PRVM.IX.BTE.Y._Z._Z.N,Q,OECD,53.31527
1979-01-01,BEL,Belgium,BEL.Q.PRVM.IX.BTE.Y._Z._Z.N,Q,OECD,50.84709
1979-04-01,BEL,Belgium,BEL.Q.PRVM.IX.BTE.Y._Z._Z.N,Q,OECD,53.89635
1979-07-01,BEL,Belgium,BEL.Q.PRVM.IX.BTE.Y._Z._Z.N,Q,OECD,54.52961
1979-10-01,BEL,Belgium,BEL.Q.PRVM.IX.BTE.Y._Z._Z.N,Q,OECD,54.56269
1980-01-01,BEL,Belgium,BEL.Q.PRVM.IX.BTE.Y._Z._Z.N,Q,OECD,54.84172
1980-04-01,BEL,Belgium,BEL.Q.PRVM.IX.BTE.Y._Z._Z.N,Q,OECD,53.0859
1980-07-01,BEL,Belgium,BEL.Q.PRVM.IX.BTE.Y._Z._Z.N,Q,OECD,52.23186
1980-10-01,BEL,Belgium,BEL.Q.PRVM.IX.BTE.Y._Z._Z.N,Q,OECD,50.54268
1981-01-01,BEL,Belgium,BEL.Q.PRVM.IX.BTE.Y._Z._Z.N,Q,OECD,50.79497
1981-04-01,BEL,Belgium,BEL.Q.PRVM.IX.BTE.Y._Z._Z.N,Q,OECD,51.12785
1981-07-01,BEL,Belgium,BEL.Q.PRVM.IX.BTE.Y._Z._Z.N,Q,OECD,50.96513
1981-10-01,BEL,Belgium,BEL.Q.PRVM.IX.BTE.Y._Z._Z.N,Q,OECD,51.908
1982-01-01,BEL,Belgium,BEL.Q.PRVM.IX.BTE.Y._Z._Z.N,Q,OECD,51.17977
1982-04-01,BEL,Belgium,BEL.Q.PRVM.IX.BTE.Y._Z._Z.N,Q,OECD,51.66068
1982-07-01,BEL,Belgium,BEL.Q.PRVM.IX.BTE.Y._Z._Z.N,Q,OECD,51.03827
1982-10-01,BEL,Belgium,BEL.Q.PRVM.IX.BTE.Y._Z._Z.N,Q,OECD,50.8942
1983-01-01,BEL,Belgium,BEL.Q.PRVM.IX.BTE.Y._Z._Z.N,Q,OECD,51.56472
1983-04-01,BEL,Belgium,BEL.Q.PRVM.IX.BTE.Y._Z._Z.N,Q,OECD,51.66733
1983-07-01,BEL,Belgium,BEL.Q.PRVM.IX.BTE.Y._Z._Z.N,Q,OECD,52.37514
1983-10-01,BEL,Belgium,BEL.Q.PRVM.IX.BTE.Y._Z._Z.N,Q,OECD,53.02811
1984-01-01,BEL,Belgium,BEL.Q.PRVM.IX.BTE.Y._Z._Z.N,Q,OECD,53.1304
1984-04-01,BEL,Belgium,BEL.Q.PRVM.IX.BTE.Y._Z._Z.N,Q,OECD,53.39693
1984-07-01,BEL,Belgium,BEL.Q.PRVM.IX.BTE.Y._Z._Z.N,Q,OECD,53.6652
1984-10-01,BEL,Belgium,BEL.Q.PRVM.IX.BTE.Y._Z._Z.N,Q,OECD,53.8836
1985-01-01,BEL,Belgium,BEL.Q.PRVM.IX.BTE.Y._Z._Z.N,Q,OECD,53.82317
1985-04-01,BEL,Belgium,BEL.Q.PRVM.IX.BTE.Y._Z._Z.N,Q,OECD,54.79301
1985-07-01,BEL,Belgium,BEL.Q.PRVM.IX.BTE.Y._Z._Z.N,Q,OECD,54.77591
1985-10-01,BEL,Belgium,BEL.Q.PRVM.IX.BTE.Y._Z._Z.N,Q,OECD,55.97188
1986-01-01,BEL,Belgium,BEL.Q.PRVM.IX.BTE.Y._Z._Z.N,Q,OECD,55.79409
1986-04-01,BEL,Belgium,BEL.Q.PRVM.IX.BTE.Y._Z._Z.N,Q,OECD,54.70927
1986-07-01,BEL,Belgium,BEL.Q.PRVM.IX.BTE.Y._Z._Z.N,Q,OECD,55.95593
1986-10-01,BEL,Belgium,BEL.Q.PRVM.IX.BTE.Y._Z._Z.N,Q,OECD,55.14496
1987-01-01,BEL,Belgium,BEL.Q.PRVM.IX.BTE.Y._Z._Z.N,Q,OECD,55.42825
1987-04-01,BEL,Belgium,BEL.Q.PRVM.IX.BTE.Y._Z._Z.N,Q,OECD,56.95224
1987-07-01,BEL,Belgium,BEL.Q.PRVM.IX.BTE.Y._Z._Z.N,Q,OECD,56.57112
1987-10-01,BEL,Belgium,BEL.Q.PRVM.IX.BTE.Y._Z._Z.N,Q,OECD,57.29111
1988-01-01,BEL,Belgium,BEL.Q.PRVM.IX.BTE.Y._Z._Z.N,Q,OECD,58.39446
1988-04-01,BEL,Belgium,BEL.Q.PRVM.IX.BTE.Y._Z._Z.N,Q,OECD,59.5491
1988-07-01,BEL,Belgium,BEL.Q.PRVM.IX.BTE.Y._Z._Z.N,Q,OECD,60.66417
1988-10-01,BEL,Belgium,BEL.Q.PRVM.IX.BTE.Y._Z._Z.N,Q,OECD,60.7117
1989-01-01,BEL,Belgium,BEL.Q.PRVM.IX.BTE.Y._Z._Z.N,Q,OECD,61.20866
1989-04-01,BEL,Belgium,BEL.Q.PRVM.IX.BTE.Y._Z._Z.N,Q,OECD,61.3182
1989-07-01,BEL,Belgium,BEL.Q.PRVM.IX.BTE.Y._Z._Z.N,Q,OECD,62.74233
1989-10-01,BEL,Belgium,BEL.Q.PRVM.IX.BTE.Y._Z._Z.N,Q,OECD,62.36644
1990-01-01,BEL,Belgium,BEL.Q.PRVM.IX.BTE.Y._Z._Z.N,Q,OECD,64.203
1990-04-01,BEL,Belgium,BEL.Q.PRVM.IX.BTE.Y._Z._Z.N,Q,OECD,63.27188
1990-07-01,BEL,Belgium,BEL.Q.PRVM.IX.BTE.Y._Z._Z.N,Q,OECD,63.03952
1990-10-01,BEL,Belgium,BEL.Q.PRVM.IX.BTE.Y._Z._Z.N,Q,OECD,64.34793
1991-01-01,BEL,Belgium,BEL.Q.PRVM.IX.BTE.Y._Z._Z.N,Q,OECD,62.53018
1991-04-01,BEL,Belgium,BEL.Q.PRVM.IX.BTE.Y._Z._Z.N,Q,OECD,62.98082
1991-07-01,BEL,Belgium,BEL.Q.PRVM.IX.BTE.Y._Z._Z.N,Q,OECD,61.98705
1991-10-01,BEL,Belgium,BEL.Q.PRVM.IX.BTE.Y._Z._Z.N,Q,OECD,62.48515
1992-01-01,BEL,Belgium,BEL.Q.PRVM.IX.BTE.Y._Z._Z.N,Q,OECD,63.22462
1992-04-01,BEL,Belgium,BEL.Q.PRVM.IX.BTE.Y._Z._Z.N,Q,OECD,62.76777
1992-07-01,BEL,Belgium,BEL.Q.PRVM.IX.BTE.Y._Z._Z.N,Q,OECD,62.37813
1992-10-01,BEL,Belgium,BEL.Q.PRVM.IX.BTE.Y._Z._Z.N,Q,OECD,60.59137
1993-01-01,BEL,Belgium,BEL.Q.PRVM.IX.BTE.Y._Z._Z.N,Q,OECD,59.09565
1993-04-01,BEL,Belgium,BEL.Q.PRVM.IX.BTE.Y._Z._Z.N,Q,OECD,59.07788
1993-07-01,BEL,Belgium,BEL.Q.PRVM.IX.BTE.Y._Z._Z.N,Q,OECD,58.84179
1993-10-01,BEL,Belgium,BEL.Q.PRVM.IX.BTE.Y._Z._Z.N,Q,OECD,59.26749
1994-01-01,BEL,Belgium,BEL.Q.PRVM.IX.BTE.Y._Z._Z.N,Q,OECD,61.10776
1994-04-01,BEL,Belgium,BEL.Q.PRVM.IX.BTE.Y._Z._Z.N,Q,OECD,59.97828
1994-07-01,BEL,Belgium,BEL.Q.PRVM.IX.BTE.Y._Z._Z.N,Q,OECD,59.33812
1994-10-01,BEL,Belgium,BEL.Q.PRVM.IX.BTE.Y._Z._Z.N,Q,OECD,60.15583
1995-01-01,BEL,Belgium,BEL.Q.PRVM.IX.BTE.Y._Z._Z.N,Q,OECD,63.71873
1995-04-01,BEL,Belgium,BEL.Q.PRVM.IX.BTE.Y._Z._Z.N,Q,OECD,64.75031
1995-07-01,BEL,Belgium,BEL.Q.PRVM.IX.BTE.Y._Z._Z.N,Q,OECD,63.61521
1995-10-01,BEL,Belgium,BEL.Q.PRVM.IX.BTE.Y._Z._Z.N,Q,OECD,64.19713
1996-01-01,BEL,Belgium,BEL.Q.PRVM.IX.BTE.Y._Z._Z.N,Q,OECD,63.37971
1996-04-01,BEL,Belgium,BEL.Q.PRVM.IX.BTE.Y._Z._Z.N,Q,OECD,64.1842
1996-07-01,BEL,Belgium,BEL.Q.PRVM.IX.BTE.Y._Z._Z.N,Q,OECD,64.62885
1996-10-01,BEL,Belgium,BEL.Q.PRVM.IX.BTE.Y._Z._Z.N,Q,OECD,66.03876
1997-01-01,BEL,Belgium,BEL.Q.PRVM.IX.BTE.Y._Z._Z.N,Q,OECD,66.04901
1997-04-01,BEL,Belgium,BEL.Q.PRVM.IX.BTE.Y._Z._Z.N,Q,OECD,66.98908
1997-07-01,BEL,Belgium,BEL.Q.PRVM.IX.BTE.Y._Z._Z.N,Q,OECD,68.94636
1997-10-01,BEL,Belgium,BEL.Q.PRVM.IX.BTE.Y._Z._Z.N,Q,OECD,68.49721
1998-01-01,BEL,Belgium,BEL.Q.PRVM.IX.BTE.Y._Z._Z.N,Q,OECD,69.82627
1998-04-01,BEL,Belgium,BEL.Q.PRVM.IX.BTE.Y._Z._Z.N,Q,OECD,70.31292
1998-07-01,BEL,Belgium,BEL.Q.PRVM.IX.BTE.Y._Z._Z.N,Q,OECD,69.96425
1998-10-01,BEL,Belgium,BEL.Q.PRVM.IX.BTE.Y._Z._Z.N,Q,OECD,69.42622
1999-01-01,BEL,Belgium,BEL.Q.PRVM.IX.BTE.Y._Z._Z.N,Q,OECD,68.99921
1999-04-01,BEL,Belgium,BEL.Q.PRVM.IX.BTE.Y._Z._Z.N,Q,OECD,69.66995
1999-07-01,BEL,Belgium,BEL.Q.PRVM.IX.BTE.Y._Z._Z.N,Q,OECD,70.98678
1999-10-01,BEL,Belgium,BEL.Q.PRVM.IX.BTE.Y._Z._Z.N,Q,OECD,72.46977
2000-01-01,BEL,Belgium,BEL.Q.PRVM.IX.BTE.Y._Z._Z.N,Q,OECD,67.10239
2000-04-01,BEL,Belgium,BEL.Q.PRVM.IX.BTE.Y._Z._Z.N,Q,OECD,71.70177
2000-07-01,BEL,Belgium,BEL.Q.PRVM.IX.BTE.Y._Z._Z.N,Q,OECD,72.47639
2000-10-01,BEL,Belgium,BEL.Q.PRVM.IX.BTE.Y._Z._Z.N,Q,OECD,74.94553
2001-01-01,BEL,Belgium,BEL.Q.PRVM.IX.BTE.Y._Z._Z.N,Q,OECD,75.91383
2001-04-01,BEL,Belgium,BEL.Q.PRVM.IX.BTE.Y._Z._Z.N,Q,OECD,75.4781
2001-07-01,BEL,Belgium,BEL.Q.PRVM.IX.BTE.Y._Z._Z.N,Q,OECD,74.21931
2001-10-01,BEL,Belgium,BEL.Q.PRVM.IX.BTE.Y._Z._Z.N,Q,OECD,72.96054
2002-01-01,BEL,Belgium,BEL.Q.PRVM.IX.BTE.Y._Z._Z.N,Q,OECD,74.46139
2002-04-01,BEL,Belgium,BEL.Q.PRVM.IX.BTE.Y._Z._Z.N,Q,OECD,75.28443
2002-07-01,BEL,Belgium,BEL.Q.PRVM.IX.BTE.Y._Z._Z.N,Q,OECD,74.75188
2002-10-01,BEL,Belgium,BEL.Q.PRVM.IX.BTE.Y._Z._Z.N,Q,OECD,75.76858
2003-01-01,BEL,Belgium,BEL.Q.PRVM.IX.BTE.Y._Z._Z.N,Q,OECD,75.76858
2003-04-01,BEL,Belgium,BEL.Q.PRVM.IX.BTE.Y._Z._Z.N,Q,OECD,75.76858
2003-07-01,BEL,Belgium,BEL.Q.PRVM.IX.BTE.Y._Z._Z.N,Q,OECD,76.25272
2003-10-01,BEL,Belgium,BEL.Q.PRVM.IX.BTE.Y._Z._Z.N,Q,OECD,77.12418
2004-01-01,BEL,Belgium,BEL.Q.PRVM.IX.BTE.Y._Z._Z.N,Q,OECD,77.89881
2004-04-01,BEL,Belgium,BEL.Q.PRVM.IX.BTE.Y._Z._Z.N,Q,OECD,80.27112
2004-07-01,BEL,Belgium,BEL.Q.PRVM.IX.BTE.Y._Z._Z.N,Q,OECD,81.57831
2004-10-01,BEL,Belgium,BEL.Q.PRVM.IX.BTE.Y._Z._Z.N,Q,OECD,84.2411
2005-01-01,BEL,Belgium,BEL.Q.PRVM.IX.BTE.Y._Z._Z.N,Q,OECD,84.14427
2005-04-01,BEL,Belgium,BEL.Q.PRVM.IX.BTE.Y._Z._Z.N,Q,OECD,82.78867
2005-07-01,BEL,Belgium,BEL.Q.PRVM.IX.BTE.Y._Z._Z.N,Q,OECD,82.35294
2005-10-01,BEL,Belgium,BEL.Q.PRVM.IX.BTE.Y._Z._Z.N,Q,OECD,87.29121
2006-01-01,BEL,Belgium,BEL.Q.PRVM.IX.BTE.Y._Z._Z.N,Q,OECD,87.5817
2006-04-01,BEL,Belgium,BEL.Q.PRVM.IX.BTE.Y._Z._Z.N,Q,OECD,89.17937
2006-07-01,BEL,Belgium,BEL.Q.PRVM.IX.BTE.Y._Z._Z.N,Q,OECD,88.16267
2006-10-01,BEL,Belgium,BEL.Q.PRVM.IX.BTE.Y._Z._Z.N,Q,OECD,92.76205
2007-01-01,BEL,Belgium,BEL.Q.PRVM.IX.BTE.Y._Z._Z.N,Q,OECD,94.21448
2007-04-01,BEL,Belgium,BEL.Q.PRVM.IX.BTE.Y._Z._Z.N,Q,OECD,95.32801
2007-07-01,BEL,Belgium,BEL.Q.PRVM.IX.BTE.Y._Z._Z.N,Q,OECD,96.05422
2007-10-01,BEL,Belgium,BEL.Q.PRVM.IX.BTE.Y._Z._Z.N,Q,OECD,99.6853
2008-01-01,BEL,Belgium,BEL.Q.PRVM.IX.BTE.Y._Z._Z.N,Q,OECD,102.0092
2008-04-01,BEL,Belgium,BEL.Q.PRVM.IX.BTE.Y._Z._Z.N,Q,OECD,100.7988
2008-07-01,BEL,Belgium,BEL.Q.PRVM.IX.BTE.Y._Z._Z.N,Q,OECD,101.5251
2008-10-01,BEL,Belgium,BEL.Q.PRVM.IX.BTE.Y._Z._Z.N,Q,OECD,95.57008
2009-01-01,BEL,Belgium,BEL.Q.PRVM.IX.BTE.Y._Z._Z.N,Q,OECD,87.2428
2009-04-01,BEL,Belgium,BEL.Q.PRVM.IX.BTE.Y._Z._Z.N,Q,OECD,89.22779
2009-07-01,BEL,Belgium,BEL.Q.PRVM.IX.BTE.Y._Z._Z.N,Q,OECD,88.88889
2009-10-01,BEL,Belgium,BEL.Q.PRVM.IX.BTE.Y._Z._Z.N,Q,OECD,90.72864
2010-01-01,BEL,Belgium,BEL.Q.PRVM.IX.BTE.Y._Z._Z.N,Q,OECD,94.74703
2010-04-01,BEL,Belgium,BEL.Q.PRVM.IX.BTE.Y._Z._Z.N,Q,OECD,95.9574
2010-07-01,BEL,Belgium,BEL.Q.PRVM.IX.BTE.Y._Z._Z.N,Q,OECD,97.36141
2010-10-01,BEL,Belgium,BEL.Q.PRVM.IX.BTE.Y._Z._Z.N,Q,OECD,100.3147
2011-01-01,BEL,Belgium,BEL.Q.PRVM.IX.BTE.Y._Z._Z.N,Q,OECD,103.2196
2011-04-01,BEL,Belgium,BEL.Q.PRVM.IX.BTE.Y._Z._Z.N,Q,OECD,101.6703
2011-07-01,BEL,Belgium,BEL.Q.PRVM.IX.BTE.Y._Z._Z.N,Q,OECD,102.8322
2011-10-01,BEL,Belgium,BEL.Q.PRVM.IX.BTE.Y._Z._Z.N,Q,OECD,99.6853
2012-01-01,BEL,Belgium,BEL.Q.PRVM.IX.BTE.Y._Z._Z.N,Q,OECD,102.2997
2012-04-01,BEL,Belgium,BEL.Q.PRVM.IX.BTE.Y._Z._Z.N,Q,OECD,99.6853
2012-07-01,BEL,Belgium,BEL.Q.PRVM.IX.BTE.Y._Z._Z.N,Q,OECD,100.8473
2012-10-01,BEL,Belgium,BEL.Q.PRVM.IX.BTE.Y._Z._Z.N,Q,OECD,97.07093
2013-01-01,BEL,Belgium,BEL.Q.PRVM.IX.BTE.Y._Z._Z.N,Q,OECD,97.55507
2013-04-01,BEL,Belgium,BEL.Q.PRVM.IX.BTE.Y._Z._Z.N,Q,OECD,99.92738
2013-07-01,BEL,Belgium,BEL.Q.PRVM.IX.BTE.Y._Z._Z.N,Q,OECD,100.2663
2013-10-01,BEL,Belgium,BEL.Q.PRVM.IX.BTE.Y._Z._Z.N,Q,OECD,102.2029
2014-01-01,BEL,Belgium,BEL.Q.PRVM.IX.BTE.Y._Z._Z.N,Q,OECD,102.1544
2014-04-01,BEL,Belgium,BEL.Q.PRVM.IX.BTE.Y._Z._Z.N,Q,OECD,102.5418
2014-07-01,BEL,Belgium,BEL.Q.PRVM.IX.BTE.Y._Z._Z.N,Q,OECD,100.7988
2014-10-01,BEL,Belgium,BEL.Q.PRVM.IX.BTE.Y._Z._Z.N,Q,OECD,99.54006
2015-01-01,BEL,Belgium,BEL.Q.PRVM.IX.BTE.Y._Z._Z.N,Q,OECD,100.0726
2015-04-01,BEL,Belgium,BEL.Q.PRVM.IX.BTE.Y._Z._Z.N,Q,OECD,100.3147
2015-07-01,BEL,Belgium,BEL.Q.PRVM.IX.BTE.Y._Z._Z.N,Q,OECD,99.78214
2015-10-01,BEL,Belgium,BEL.Q.PRVM.IX.BTE.Y._Z._Z.N,Q,OECD,101.1377
2016-01-01,BEL,Belgium,BEL.Q.PRVM.IX.BTE.Y._Z._Z.N,Q,OECD,104.0426
2016-04-01,BEL,Belgium,BEL.Q.PRVM.IX.BTE.Y._Z._Z.N,Q,OECD,103.3164
2016-07-01,BEL,Belgium,BEL.Q.PRVM.IX.BTE.Y._Z._Z.N,Q,OECD,106.1728
2016-10-01,BEL,Belgium,BEL.Q.PRVM.IX.BTE.Y._Z._Z.N,Q,OECD,106.0276
2017-01-01,BEL,Belgium,BEL.Q.PRVM.IX.BTE.Y._Z._Z.N,Q,OECD,105.8824
2017-04-01,BEL,Belgium,BEL.Q.PRVM.IX.BTE.Y._Z._Z.N,Q,OECD,107.1411
2017-07-01,BEL,Belgium,BEL.Q.PRVM.IX.BTE.Y._Z._Z.N,Q,OECD,111.2079
2017-10-01,BEL,Belgium,BEL.Q.PRVM.IX.BTE.Y._Z._Z.N,Q,OECD,107.8189
2018-01-01,BEL,Belgium,BEL.Q.PRVM.IX.BTE.Y._Z._Z.N,Q,OECD,108.9325
2018-04-01,BEL,Belgium,BEL.Q.PRVM.IX.BTE.Y._Z._Z.N,Q,OECD,109.2229
2018-07-01,BEL,Belgium,BEL.Q.PRVM.IX.BTE.Y._Z._Z.N,Q,OECD,110.7238
2018-10-01,BEL,Belgium,BEL.Q.PRVM.IX.BTE.Y._Z._Z.N,Q,OECD,109.5134
2019-01-01,BEL,Belgium,BEL.Q.PRVM.IX.BTE.Y._Z._Z.N,Q,OECD,112.854
2019-04-01,BEL,Belgium,BEL.Q.PRVM.IX.BTE.Y._Z._Z.N,Q,OECD,119.1479
2019-07-01,BEL,Belgium,BEL.Q.PRVM.IX.BTE.Y._Z._Z.N,Q,OECD,118.5669
2019-10-01,BEL,Belgium,BEL.Q.PRVM.IX.BTE.Y._Z._Z.N,Q,OECD,117.5018
2020-01-01,BEL,Belgium,BEL.Q.PRVM.IX.BTE.Y._Z._Z.N,Q,OECD,113.5802
2020-04-01,BEL,Belgium,BEL.Q.PRVM.IX.BTE.Y._Z._Z.N,Q,OECD,106.5117
2020-07-01,BEL,Belgium,BEL.Q.PRVM.IX.BTE.Y._Z._Z.N,Q,OECD,114.839
2020-10-01,BEL,Belgium,BEL.Q.PRVM.IX.BTE.Y._Z._Z.N,Q,OECD,120.7456
2021-01-01,BEL,Belgium,BEL.Q.PRVM.IX.BTE.Y._Z._Z.N,Q,OECD,128.9276
2021-04-01,BEL,Belgium,BEL.Q.PRVM.IX.BTE.Y._Z._Z.N,Q,OECD,150.2784
2021-07-01,BEL,Belgium,BEL.Q.PRVM.IX.BTE.Y._Z._Z.N,Q,OECD,153.8126
2021-10-01,BEL,Belgium,BEL.Q.PRVM.IX.BTE.Y._Z._Z.N,Q,OECD,148.0029
2022-01-01,BEL,Belgium,BEL.Q.PRVM.IX.BTE.Y._Z._Z.N,Q,OECD,146.26
2022-04-01,BEL,Belgium,BEL.Q.PRVM.IX.BTE.Y._Z._Z.N,Q,OECD,140.305
2022-07-01,BEL,Belgium,BEL.Q.PRVM.IX.BTE.Y._Z._Z.N,Q,OECD,143.5004
2022-10-01,BEL,Belgium,BEL.Q.PRVM.IX.BTE.Y._Z._Z.N,Q,OECD,147.9545
2023-01-01,BEL,Belgium,BEL.Q.PRVM.IX.BTE.Y._Z._Z.N,Q,OECD,140.7407
2023-04-01,BEL,Belgium,BEL.Q.PRVM.IX.BTE.Y._Z._Z.N,Q,OECD,132.8008
2023-07-01,BEL,Belgium,BEL.Q.PRVM.IX.BTE.Y._Z._Z.N,Q,OECD,130.4285
2023-10-01,BEL,Belgium,BEL.Q.PRVM.IX.BTE.Y._Z._Z.N,Q,OECD,134.35
2024-01-01,BEL,Belgium,BEL.Q.PRVM.IX.BTE.Y._Z._Z.N,Q,OECD,132.3166
2024-04-01,BEL,Belgium,BEL.Q.PRVM.IX.BTE.Y._Z._Z.N,Q,OECD,133.0428
2024-07-01,BEL,Belgium,BEL.Q.PRVM.IX.BTE.Y._Z._Z.N,Q,OECD,132.5587
2024-10-01,BEL,Belgium,BEL.Q.PRVM.IX.BTE.Y._Z._Z.N,Q,OECD,125.4902
2025-01-01,BEL,Belgium,BEL.Q.PRVM.IX.BTE.Y._Z._Z.N,Q,OECD,127.3299
2025-04-01,BEL,Belgium,BEL.Q.PRVM.IX.BTE.Y._Z._Z.N,Q,OECD,127.572
2025-07-01,BEL,Belgium,BEL.Q.PRVM.IX.BTE.Y._Z._Z.N,Q,OECD,134.4953
2025-10-01,BEL,Belgium,BEL.Q.PRVM.IX.BTE.Y._Z._Z.N,Q,OECD,131.6872
1958-01-01,DEU,Germany,DEU.Q.PRVM.IX.BTE.Y._Z._Z.N,Q,OECD,24.00423
1958-04-01,DEU,Germany,DEU.Q.PRVM.IX.BTE.Y._Z._Z.N,Q,OECD,23.82173
1958-07-01,DEU,Germany,DEU.Q.PRVM.IX.BTE.Y._Z._Z.N,Q,OECD,24.06981
1958-10-01,DEU,Germany,DEU.Q.PRVM.IX.BTE.Y._Z._Z.N,Q,OECD,24.3015
1959-01-01,DEU,Germany,DEU.Q.PRVM.IX.BTE.Y._Z._Z.N,Q,OECD,24.46719
1959-04-01,DEU,Germany,DEU.Q.PRVM.IX.BTE.Y._Z._Z.N,Q,OECD,25.23805
1959-07-01,DEU,Germany,DEU.Q.PRVM.IX.BTE.Y._Z._Z.N,Q,OECD,25.98948
1959-10-01,DEU,Germany,DEU.Q.PRVM.IX.BTE.Y._Z._Z.N,Q,OECD,27.08538
1960-01-01,DEU,Germany,DEU.Q.PRVM.IX.BTE.Y._Z._Z.N,Q,OECD,27.53865
1960-04-01,DEU,Germany,DEU.Q.PRVM.IX.BTE.Y._Z._Z.N,Q,OECD,28.18152
1960-07-01,DEU,Germany,DEU.Q.PRVM.IX.BTE.Y._Z._Z.N,Q,OECD,28.98794
1960-10-01,DEU,Germany,DEU.Q.PRVM.IX.BTE.Y._Z._Z.N,Q,OECD,29.73536
1961-01-01,DEU,Germany,DEU.Q.PRVM.IX.BTE.Y._Z._Z.N,Q,OECD,30.55313
1961-04-01,DEU,Germany,DEU.Q.PRVM.IX.BTE.Y._Z._Z.N,Q,OECD,30.36368
1961-07-01,DEU,Germany,DEU.Q.PRVM.IX.BTE.Y._Z._Z.N,Q,OECD,30.63895
1961-10-01,DEU,Germany,DEU.Q.PRVM.IX.BTE.Y._Z._Z.N,Q,OECD,30.77946
1962-01-01,DEU,Germany,DEU.Q.PRVM.IX.BTE.Y._Z._Z.N,Q,OECD,32.58663
1962-04-01,DEU,Germany,DEU.Q.PRVM.IX.BTE.Y._Z._Z.N,Q,OECD,32.73192
1962-07-01,DEU,Germany,DEU.Q.PRVM.IX.BTE.Y._Z._Z.N,Q,OECD,33.81123
1962-10-01,DEU,Germany,DEU.Q.PRVM.IX.BTE.Y._Z._Z.N,Q,OECD,33.3546
1963-01-01,DEU,Germany,DEU.Q.PRVM.IX.BTE.Y._Z._Z.N,Q,OECD,33.14704
1963-04-01,DEU,Germany,DEU.Q.PRVM.IX.BTE.Y._Z._Z.N,Q,OECD,33.93576
1963-07-01,DEU,Germany,DEU.Q.PRVM.IX.BTE.Y._Z._Z.N,Q,OECD,34.86977
1963-10-01,DEU,Germany,DEU.Q.PRVM.IX.BTE.Y._Z._Z.N,Q,OECD,34.99431
1964-01-01,DEU,Germany,DEU.Q.PRVM.IX.BTE.Y._Z._Z.N,Q,OECD,36.36419
1964-04-01,DEU,Germany,DEU.Q.PRVM.IX.BTE.Y._Z._Z.N,Q,OECD,36.46797
1964-07-01,DEU,Germany,DEU.Q.PRVM.IX.BTE.Y._Z._Z.N,Q,OECD,37.42274
1964-10-01,DEU,Germany,DEU.Q.PRVM.IX.BTE.Y._Z._Z.N,Q,OECD,37.96239
1965-01-01,DEU,Germany,DEU.Q.PRVM.IX.BTE.Y._Z._Z.N,Q,OECD,38.87564
1965-04-01,DEU,Germany,DEU.Q.PRVM.IX.BTE.Y._Z._Z.N,Q,OECD,38.81338
1965-07-01,DEU,Germany,DEU.Q.PRVM.IX.BTE.Y._Z._Z.N,Q,OECD,39.14547
1965-10-01,DEU,Germany,DEU.Q.PRVM.IX.BTE.Y._Z._Z.N,Q,OECD,39.43605
1966-01-01,DEU,Germany,DEU.Q.PRVM.IX.BTE.Y._Z._Z.N,Q,OECD,39.9757
1966-04-01,DEU,Germany,DEU.Q.PRVM.IX.BTE.Y._Z._Z.N,Q,OECD,39.89268
1966-07-01,DEU,Germany,DEU.Q.PRVM.IX.BTE.Y._Z._Z.N,Q,OECD,39.47756
1966-10-01,DEU,Germany,DEU.Q.PRVM.IX.BTE.Y._Z._Z.N,Q,OECD,38.66809
1967-01-01,DEU,Germany,DEU.Q.PRVM.IX.BTE.Y._Z._Z.N,Q,OECD,37.485
1967-04-01,DEU,Germany,DEU.Q.PRVM.IX.BTE.Y._Z._Z.N,Q,OECD,37.31896
1967-07-01,DEU,Germany,DEU.Q.PRVM.IX.BTE.Y._Z._Z.N,Q,OECD,38.46053
1967-10-01,DEU,Germany,DEU.Q.PRVM.IX.BTE.Y._Z._Z.N,Q,OECD,40.3078
1968-01-01,DEU,Germany,DEU.Q.PRVM.IX.BTE.Y._Z._Z.N,Q,OECD,39.41529
1968-04-01,DEU,Germany,DEU.Q.PRVM.IX.BTE.Y._Z._Z.N,Q,OECD,41.09652
1968-07-01,DEU,Germany,DEU.Q.PRVM.IX.BTE.Y._Z._Z.N,Q,OECD,42.98529
1968-10-01,DEU,Germany,DEU.Q.PRVM.IX.BTE.Y._Z._Z.N,Q,OECD,44.50047
1969-01-01,DEU,Germany,DEU.Q.PRVM.IX.BTE.Y._Z._Z.N,Q,OECD,45.6628
1969-04-01,DEU,Germany,DEU.Q.PRVM.IX.BTE.Y._Z._Z.N,Q,OECD,46.9289
1969-07-01,DEU,Germany,DEU.Q.PRVM.IX.BTE.Y._Z._Z.N,Q,OECD,48.04972
1969-10-01,DEU,Germany,DEU.Q.PRVM.IX.BTE.Y._Z._Z.N,Q,OECD,49.19128
1970-01-01,DEU,Germany,DEU.Q.PRVM.IX.BTE.Y._Z._Z.N,Q,OECD,49.83472
1970-04-01,DEU,Germany,DEU.Q.PRVM.IX.BTE.Y._Z._Z.N,Q,OECD,50.76873
1970-07-01,DEU,Germany,DEU.Q.PRVM.IX.BTE.Y._Z._Z.N,Q,OECD,50.56117
1970-10-01,DEU,Germany,DEU.Q.PRVM.IX.BTE.Y._Z._Z.N,Q,OECD,50.4989
1971-01-01,DEU,Germany,DEU.Q.PRVM.IX.BTE.Y._Z._Z.N,Q,OECD,51.41216
1971-04-01,DEU,Germany,DEU.Q.PRVM.IX.BTE.Y._Z._Z.N,Q,OECD,51.12158
1971-07-01,DEU,Germany,DEU.Q.PRVM.IX.BTE.Y._Z._Z.N,Q,OECD,50.99704
1971-10-01,DEU,Germany,DEU.Q.PRVM.IX.BTE.Y._Z._Z.N,Q,OECD,50.39512
1972-01-01,DEU,Germany,DEU.Q.PRVM.IX.BTE.Y._Z._Z.N,Q,OECD,51.93105
1972-04-01,DEU,Germany,DEU.Q.PRVM.IX.BTE.Y._Z._Z.N,Q,OECD,52.32541
1972-07-01,DEU,Germany,DEU.Q.PRVM.IX.BTE.Y._Z._Z.N,Q,OECD,52.53297
1972-10-01,DEU,Germany,DEU.Q.PRVM.IX.BTE.Y._Z._Z.N,Q,OECD,54.02739
1973-01-01,DEU,Germany,DEU.Q.PRVM.IX.BTE.Y._Z._Z.N,Q,OECD,55.75012
1973-04-01,DEU,Germany,DEU.Q.PRVM.IX.BTE.Y._Z._Z.N,Q,OECD,55.97844
1973-07-01,DEU,Germany,DEU.Q.PRVM.IX.BTE.Y._Z._Z.N,Q,OECD,55.77088
1973-10-01,DEU,Germany,DEU.Q.PRVM.IX.BTE.Y._Z._Z.N,Q,OECD,56.24826
1974-01-01,DEU,Germany,DEU.Q.PRVM.IX.BTE.Y._Z._Z.N,Q,OECD,55.93692
1974-04-01,DEU,Germany,DEU.Q.PRVM.IX.BTE.Y._Z._Z.N,Q,OECD,55.97844
1974-07-01,DEU,Germany,DEU.Q.PRVM.IX.BTE.Y._Z._Z.N,Q,OECD,54.79536
1974-10-01,DEU,Germany,DEU.Q.PRVM.IX.BTE.Y._Z._Z.N,Q,OECD,53.09338
1975-01-01,DEU,Germany,DEU.Q.PRVM.IX.BTE.Y._Z._Z.N,Q,OECD,51.51594
1975-04-01,DEU,Germany,DEU.Q.PRVM.IX.BTE.Y._Z._Z.N,Q,OECD,50.95553
1975-07-01,DEU,Germany,DEU.Q.PRVM.IX.BTE.Y._Z._Z.N,Q,OECD,50.83099
1975-10-01,DEU,Germany,DEU.Q.PRVM.IX.BTE.Y._Z._Z.N,Q,OECD,52.90658
1976-01-01,DEU,Germany,DEU.Q.PRVM.IX.BTE.Y._Z._Z.N,Q,OECD,54.48402
1976-04-01,DEU,Germany,DEU.Q.PRVM.IX.BTE.Y._Z._Z.N,Q,OECD,55.52181
1976-07-01,DEU,Germany,DEU.Q.PRVM.IX.BTE.Y._Z._Z.N,Q,OECD,55.33501
1976-10-01,DEU,Germany,DEU.Q.PRVM.IX.BTE.Y._Z._Z.N,Q,OECD,56.35204
1977-01-01,DEU,Germany,DEU.Q.PRVM.IX.BTE.Y._Z._Z.N,Q,OECD,56.80867
1977-04-01,DEU,Germany,DEU.Q.PRVM.IX.BTE.Y._Z._Z.N,Q,OECD,56.53885
1977-07-01,DEU,Germany,DEU.Q.PRVM.IX.BTE.Y._Z._Z.N,Q,OECD,56.22751
1977-10-01,DEU,Germany,DEU.Q.PRVM.IX.BTE.Y._Z._Z.N,Q,OECD,57.2653
1978-01-01,DEU,Germany,DEU.Q.PRVM.IX.BTE.Y._Z._Z.N,Q,OECD,56.70489
1978-04-01,DEU,Germany,DEU.Q.PRVM.IX.BTE.Y._Z._Z.N,Q,OECD,56.33129
1978-07-01,DEU,Germany,DEU.Q.PRVM.IX.BTE.Y._Z._Z.N,Q,OECD,58.28233
1978-10-01,DEU,Germany,DEU.Q.PRVM.IX.BTE.Y._Z._Z.N,Q,OECD,59.00879
1979-01-01,DEU,Germany,DEU.Q.PRVM.IX.BTE.Y._Z._Z.N,Q,OECD,58.73896
1979-04-01,DEU,Germany,DEU.Q.PRVM.IX.BTE.Y._Z._Z.N,Q,OECD,60.52396
1979-07-01,DEU,Germany,DEU.Q.PRVM.IX.BTE.Y._Z._Z.N,Q,OECD,61.04286
1979-10-01,DEU,Germany,DEU.Q.PRVM.IX.BTE.Y._Z._Z.N,Q,OECD,61.49949
1980-01-01,DEU,Germany,DEU.Q.PRVM.IX.BTE.Y._Z._Z.N,Q,OECD,62.03913
1980-04-01,DEU,Germany,DEU.Q.PRVM.IX.BTE.Y._Z._Z.N,Q,OECD,60.79379
1980-07-01,DEU,Germany,DEU.Q.PRVM.IX.BTE.Y._Z._Z.N,Q,OECD,60.08809
1980-10-01,DEU,Germany,DEU.Q.PRVM.IX.BTE.Y._Z._Z.N,Q,OECD,59.40315
1981-01-01,DEU,Germany,DEU.Q.PRVM.IX.BTE.Y._Z._Z.N,Q,OECD,59.56919
1981-04-01,DEU,Germany,DEU.Q.PRVM.IX.BTE.Y._Z._Z.N,Q,OECD,59.2371
1981-07-01,DEU,Germany,DEU.Q.PRVM.IX.BTE.Y._Z._Z.N,Q,OECD,59.50693
1981-10-01,DEU,Germany,DEU.Q.PRVM.IX.BTE.Y._Z._Z.N,Q,OECD,59.46542
1982-01-01,DEU,Germany,DEU.Q.PRVM.IX.BTE.Y._Z._Z.N,Q,OECD,59.11256
1982-04-01,DEU,Germany,DEU.Q.PRVM.IX.BTE.Y._Z._Z.N,Q,OECD,58.73896
1982-07-01,DEU,Germany,DEU.Q.PRVM.IX.BTE.Y._Z._Z.N,Q,OECD,56.5596
1982-10-01,DEU,Germany,DEU.Q.PRVM.IX.BTE.Y._Z._Z.N,Q,OECD,55.79163
1983-01-01,DEU,Germany,DEU.Q.PRVM.IX.BTE.Y._Z._Z.N,Q,OECD,56.60111
1983-04-01,DEU,Germany,DEU.Q.PRVM.IX.BTE.Y._Z._Z.N,Q,OECD,58.05402
1983-07-01,DEU,Germany,DEU.Q.PRVM.IX.BTE.Y._Z._Z.N,Q,OECD,57.41059
1983-10-01,DEU,Germany,DEU.Q.PRVM.IX.BTE.Y._Z._Z.N,Q,OECD,59.29937
1984-01-01,DEU,Germany,DEU.Q.PRVM.IX.BTE.Y._Z._Z.N,Q,OECD,59.65222
1984-04-01,DEU,Germany,DEU.Q.PRVM.IX.BTE.Y._Z._Z.N,Q,OECD,57.20303
1984-07-01,DEU,Germany,DEU.Q.PRVM.IX.BTE.Y._Z._Z.N,Q,OECD,60.21262
1984-10-01,DEU,Germany,DEU.Q.PRVM.IX.BTE.Y._Z._Z.N,Q,OECD,61.04286
1985-01-01,DEU,Germany,DEU.Q.PRVM.IX.BTE.Y._Z._Z.N,Q,OECD,61.68629
1985-04-01,DEU,Germany,DEU.Q.PRVM.IX.BTE.Y._Z._Z.N,Q,OECD,62.14291
1985-07-01,DEU,Germany,DEU.Q.PRVM.IX.BTE.Y._Z._Z.N,Q,OECD,62.68257
1985-10-01,DEU,Germany,DEU.Q.PRVM.IX.BTE.Y._Z._Z.N,Q,OECD,63.36751
1986-01-01,DEU,Germany,DEU.Q.PRVM.IX.BTE.Y._Z._Z.N,Q,OECD,63.59582
1986-04-01,DEU,Germany,DEU.Q.PRVM.IX.BTE.Y._Z._Z.N,Q,OECD,63.76187
1986-07-01,DEU,Germany,DEU.Q.PRVM.IX.BTE.Y._Z._Z.N,Q,OECD,63.82413
1986-10-01,DEU,Germany,DEU.Q.PRVM.IX.BTE.Y._Z._Z.N,Q,OECD,63.57507
1987-01-01,DEU,Germany,DEU.Q.PRVM.IX.BTE.Y._Z._Z.N,Q,OECD,62.97315
1987-04-01,DEU,Germany,DEU.Q.PRVM.IX.BTE.Y._Z._Z.N,Q,OECD,64.23925
1987-07-01,DEU,Germany,DEU.Q.PRVM.IX.BTE.Y._Z._Z.N,Q,OECD,63.65809
1987-10-01,DEU,Germany,DEU.Q.PRVM.IX.BTE.Y._Z._Z.N,Q,OECD,64.84117
1988-01-01,DEU,Germany,DEU.Q.PRVM.IX.BTE.Y._Z._Z.N,Q,OECD,64.92419
1988-04-01,DEU,Germany,DEU.Q.PRVM.IX.BTE.Y._Z._Z.N,Q,OECD,65.71291
1988-07-01,DEU,Germany,DEU.Q.PRVM.IX.BTE.Y._Z._Z.N,Q,OECD,66.46012
1988-10-01,DEU,Germany,DEU.Q.PRVM.IX.BTE.Y._Z._Z.N,Q,OECD,67.76774
1989-01-01,DEU,Germany,DEU.Q.PRVM.IX.BTE.Y._Z._Z.N,Q,OECD,67.87152
1989-04-01,DEU,Germany,DEU.Q.PRVM.IX.BTE.Y._Z._Z.N,Q,OECD,68.82629
1989-07-01,DEU,Germany,DEU.Q.PRVM.IX.BTE.Y._Z._Z.N,Q,OECD,69.86408
1989-10-01,DEU,Germany,DEU.Q.PRVM.IX.BTE.Y._Z._Z.N,Q,OECD,70.8396
1990-01-01,DEU,Germany,DEU.Q.PRVM.IX.BTE.Y._Z._Z.N,Q,OECD,71.62833
1990-04-01,DEU,Germany,DEU.Q.PRVM.IX.BTE.Y._Z._Z.N,Q,OECD,71.93966
1990-07-01,DEU,Germany,DEU.Q.PRVM.IX.BTE.Y._Z._Z.N,Q,OECD,73.74541
1990-10-01,DEU,Germany,DEU.Q.PRVM.IX.BTE.Y._Z._Z.N,Q,OECD,74.57565
1991-01-01,DEU,Germany,DEU.Q.PRVM.IX.BTE.Y._Z._Z.N,Q,OECD,76.30087
1991-04-01,DEU,Germany,DEU.Q.PRVM.IX.BTE.Y._Z._Z.N,Q,OECD,75.32568
1991-07-01,DEU,Germany,DEU.Q.PRVM.IX.BTE.Y._Z._Z.N,Q,OECD,73.98058
1991-10-01,DEU,Germany,DEU.Q.PRVM.IX.BTE.Y._Z._Z.N,Q,OECD,75.12391
1992-01-01,DEU,Germany,DEU.Q.PRVM.IX.BTE.Y._Z._Z.N,Q,OECD,76.50264
1992-04-01,DEU,Germany,DEU.Q.PRVM.IX.BTE.Y._Z._Z.N,Q,OECD,74.6195
1992-07-01,DEU,Germany,DEU.Q.PRVM.IX.BTE.Y._Z._Z.N,Q,OECD,72.26557
1992-10-01,DEU,Germany,DEU.Q.PRVM.IX.BTE.Y._Z._Z.N,Q,OECD,70.68507
1993-01-01,DEU,Germany,DEU.Q.PRVM.IX.BTE.Y._Z._Z.N,Q,OECD,68.06213
1993-04-01,DEU,Germany,DEU.Q.PRVM.IX.BTE.Y._Z._Z.N,Q,OECD,67.12055
1993-07-01,DEU,Germany,DEU.Q.PRVM.IX.BTE.Y._Z._Z.N,Q,OECD,67.0533
1993-10-01,DEU,Germany,DEU.Q.PRVM.IX.BTE.Y._Z._Z.N,Q,OECD,67.6586
1994-01-01,DEU,Germany,DEU.Q.PRVM.IX.BTE.Y._Z._Z.N,Q,OECD,68.26389
1994-04-01,DEU,Germany,DEU.Q.PRVM.IX.BTE.Y._Z._Z.N,Q,OECD,69.17184
1994-07-01,DEU,Germany,DEU.Q.PRVM.IX.BTE.Y._Z._Z.N,Q,OECD,69.44086
1994-10-01,DEU,Germany,DEU.Q.PRVM.IX.BTE.Y._Z._Z.N,Q,OECD,71.6939
1995-01-01,DEU,Germany,DEU.Q.PRVM.IX.BTE.Y._Z._Z.N,Q,OECD,70.81959
1995-04-01,DEU,Germany,DEU.Q.PRVM.IX.BTE.Y._Z._Z.N,Q,OECD,71.02135
1995-07-01,DEU,Germany,DEU.Q.PRVM.IX.BTE.Y._Z._Z.N,Q,OECD,70.3488
1995-10-01,DEU,Germany,DEU.Q.PRVM.IX.BTE.Y._Z._Z.N,Q,OECD,69.47448
1996-01-01,DEU,Germany,DEU.Q.PRVM.IX.BTE.Y._Z._Z.N,Q,OECD,69.54174
1996-04-01,DEU,Germany,DEU.Q.PRVM.IX.BTE.Y._Z._Z.N,Q,OECD,69.94527
1996-07-01,DEU,Germany,DEU.Q.PRVM.IX.BTE.Y._Z._Z.N,Q,OECD,70.41605
1996-10-01,DEU,Germany,DEU.Q.PRVM.IX.BTE.Y._Z._Z.N,Q,OECD,70.78596
1997-01-01,DEU,Germany,DEU.Q.PRVM.IX.BTE.Y._Z._Z.N,Q,OECD,71.15586
1997-04-01,DEU,Germany,DEU.Q.PRVM.IX.BTE.Y._Z._Z.N,Q,OECD,72.0638
1997-07-01,DEU,Germany,DEU.Q.PRVM.IX.BTE.Y._Z._Z.N,Q,OECD,73.039
1997-10-01,DEU,Germany,DEU.Q.PRVM.IX.BTE.Y._Z._Z.N,Q,OECD,74.14871
1998-01-01,DEU,Germany,DEU.Q.PRVM.IX.BTE.Y._Z._Z.N,Q,OECD,75.76283
1998-04-01,DEU,Germany,DEU.Q.PRVM.IX.BTE.Y._Z._Z.N,Q,OECD,75.7292
1998-07-01,DEU,Germany,DEU.Q.PRVM.IX.BTE.Y._Z._Z.N,Q,OECD,75.76283
1998-10-01,DEU,Germany,DEU.Q.PRVM.IX.BTE.Y._Z._Z.N,Q,OECD,74.78764
1999-01-01,DEU,Germany,DEU.Q.PRVM.IX.BTE.Y._Z._Z.N,Q,OECD,75.09028
1999-04-01,DEU,Germany,DEU.Q.PRVM.IX.BTE.Y._Z._Z.N,Q,OECD,75.79646
1999-07-01,DEU,Germany,DEU.Q.PRVM.IX.BTE.Y._Z._Z.N,Q,OECD,76.9398
1999-10-01,DEU,Germany,DEU.Q.PRVM.IX.BTE.Y._Z._Z.N,Q,OECD,77.74686
2000-01-01,DEU,Germany,DEU.Q.PRVM.IX.BTE.Y._Z._Z.N,Q,OECD,80.28351
2000-04-01,DEU,Germany,DEU.Q.PRVM.IX.BTE.Y._Z._Z.N,Q,OECD,82.44201
2000-07-01,DEU,Germany,DEU.Q.PRVM.IX.BTE.Y._Z._Z.N,Q,OECD,83.85954
2000-10-01,DEU,Germany,DEU.Q.PRVM.IX.BTE.Y._Z._Z.N,Q,OECD,84.1817
2001-01-01,DEU,Germany,DEU.Q.PRVM.IX.BTE.Y._Z._Z.N,Q,OECD,84.5683
2001-04-01,DEU,Germany,DEU.Q.PRVM.IX.BTE.Y._Z._Z.N,Q,OECD,83.60181
2001-07-01,DEU,Germany,DEU.Q.PRVM.IX.BTE.Y._Z._Z.N,Q,OECD,82.76418
2001-10-01,DEU,Germany,DEU.Q.PRVM.IX.BTE.Y._Z._Z.N,Q,OECD,80.96005
2002-01-01,DEU,Germany,DEU.Q.PRVM.IX.BTE.Y._Z._Z.N,Q,OECD,81.37887
2002-04-01,DEU,Germany,DEU.Q.PRVM.IX.BTE.Y._Z._Z.N,Q,OECD,82.05541
2002-07-01,DEU,Germany,DEU.Q.PRVM.IX.BTE.Y._Z._Z.N,Q,OECD,82.57088
2002-10-01,DEU,Germany,DEU.Q.PRVM.IX.BTE.Y._Z._Z.N,Q,OECD,82.21649
2003-01-01,DEU,Germany,DEU.Q.PRVM.IX.BTE.Y._Z._Z.N,Q,OECD,82.63531
2003-04-01,DEU,Germany,DEU.Q.PRVM.IX.BTE.Y._Z._Z.N,Q,OECD,81.95876
2003-07-01,DEU,Germany,DEU.Q.PRVM.IX.BTE.Y._Z._Z.N,Q,OECD,81.76546
2003-10-01,DEU,Germany,DEU.Q.PRVM.IX.BTE.Y._Z._Z.N,Q,OECD,83.63402
2004-01-01,DEU,Germany,DEU.Q.PRVM.IX.BTE.Y._Z._Z.N,Q,OECD,84.08505
2004-04-01,DEU,Germany,DEU.Q.PRVM.IX.BTE.Y._Z._Z.N,Q,OECD,85.18041
2004-07-01,DEU,Germany,DEU.Q.PRVM.IX.BTE.Y._Z._Z.N,Q,OECD,85.47036
2004-10-01,DEU,Germany,DEU.Q.PRVM.IX.BTE.Y._Z._Z.N,Q,OECD,85.18041
2005-01-01,DEU,Germany,DEU.Q.PRVM.IX.BTE.Y._Z._Z.N,Q,OECD,86.27577
2005-04-01,DEU,Germany,DEU.Q.PRVM.IX.BTE.Y._Z._Z.N,Q,OECD,87.1134
2005-07-01,DEU,Germany,DEU.Q.PRVM.IX.BTE.Y._Z._Z.N,Q,OECD,88.24098
2005-10-01,DEU,Germany,DEU.Q.PRVM.IX.BTE.Y._Z._Z.N,Q,OECD,89.88402
2006-01-01,DEU,Germany,DEU.Q.PRVM.IX.BTE.Y._Z._Z.N,Q,OECD,90.39948
2006-04-01,DEU,Germany,DEU.Q.PRVM.IX.BTE.Y._Z._Z.N,Q,OECD,92.20361
2006-07-01,DEU,Germany,DEU.Q.PRVM.IX.BTE.Y._Z._Z.N,Q,OECD,94.07217
2006-10-01,DEU,Germany,DEU.Q.PRVM.IX.BTE.Y._Z._Z.N,Q,OECD,95.03866
2007-01-01,DEU,Germany,DEU.Q.PRVM.IX.BTE.Y._Z._Z.N,Q,OECD,96.61727
2007-04-01,DEU,Germany,DEU.Q.PRVM.IX.BTE.Y._Z._Z.N,Q,OECD,97.68041
2007-07-01,DEU,Germany,DEU.Q.PRVM.IX.BTE.Y._Z._Z.N,Q,OECD,99.48454
2007-10-01,DEU,Germany,DEU.Q.PRVM.IX.BTE.Y._Z._Z.N,Q,OECD,100.4188
2008-01-01,DEU,Germany,DEU.Q.PRVM.IX.BTE.Y._Z._Z.N,Q,OECD,101.482
2008-04-01,DEU,Germany,DEU.Q.PRVM.IX.BTE.Y._Z._Z.N,Q,OECD,100.6765
2008-07-01,DEU,Germany,DEU.Q.PRVM.IX.BTE.Y._Z._Z.N,Q,OECD,99.45232
2008-10-01,DEU,Germany,DEU.Q.PRVM.IX.BTE.Y._Z._Z.N,Q,OECD,92.68686
2009-01-01,DEU,Germany,DEU.Q.PRVM.IX.BTE.Y._Z._Z.N,Q,OECD,81.0567
2009-04-01,DEU,Germany,DEU.Q.PRVM.IX.BTE.Y._Z._Z.N,Q,OECD,80.50902
2009-07-01,DEU,Germany,DEU.Q.PRVM.IX.BTE.Y._Z._Z.N,Q,OECD,83.44072
2009-10-01,DEU,Germany,DEU.Q.PRVM.IX.BTE.Y._Z._Z.N,Q,OECD,84.82603
2010-01-01,DEU,Germany,DEU.Q.PRVM.IX.BTE.Y._Z._Z.N,Q,OECD,86.50129
2010-04-01,DEU,Germany,DEU.Q.PRVM.IX.BTE.Y._Z._Z.N,Q,OECD,90.91495
2010-07-01,DEU,Germany,DEU.Q.PRVM.IX.BTE.Y._Z._Z.N,Q,OECD,92.3969
2010-10-01,DEU,Germany,DEU.Q.PRVM.IX.BTE.Y._Z._Z.N,Q,OECD,95.81186
2011-01-01,DEU,Germany,DEU.Q.PRVM.IX.BTE.Y._Z._Z.N,Q,OECD,96.93943
2011-04-01,DEU,Germany,DEU.Q.PRVM.IX.BTE.Y._Z._Z.N,Q,OECD,97.84149
2011-07-01,DEU,Germany,DEU.Q.PRVM.IX.BTE.Y._Z._Z.N,Q,OECD,99.19459
2011-10-01,DEU,Germany,DEU.Q.PRVM.IX.BTE.Y._Z._Z.N,Q,OECD,98.26031
2012-01-01,DEU,Germany,DEU.Q.PRVM.IX.BTE.Y._Z._Z.N,Q,OECD,98.2281
2012-04-01,DEU,Germany,DEU.Q.PRVM.IX.BTE.Y._Z._Z.N,Q,OECD,98.16366
2012-07-01,DEU,Germany,DEU.Q.PRVM.IX.BTE.Y._Z._Z.N,Q,OECD,98.48582
2012-10-01,DEU,Germany,DEU.Q.PRVM.IX.BTE.Y._Z._Z.N,Q,OECD,96.06959
2013-01-01,DEU,Germany,DEU.Q.PRVM.IX.BTE.Y._Z._Z.N,Q,OECD,96.32732
2013-04-01,DEU,Germany,DEU.Q.PRVM.IX.BTE.Y._Z._Z.N,Q,OECD,97.68041
2013-07-01,DEU,Germany,DEU.Q.PRVM.IX.BTE.Y._Z._Z.N,Q,OECD,98.2281
2013-10-01,DEU,Germany,DEU.Q.PRVM.IX.BTE.Y._Z._Z.N,Q,OECD,99.16237
2014-01-01,DEU,Germany,DEU.Q.PRVM.IX.BTE.Y._Z._Z.N,Q,OECD,99.25902
2014-04-01,DEU,Germany,DEU.Q.PRVM.IX.BTE.Y._Z._Z.N,Q,OECD,98.77577
2014-07-01,DEU,Germany,DEU.Q.PRVM.IX.BTE.Y._Z._Z.N,Q,OECD,98.74355
2014-10-01,DEU,Germany,DEU.Q.PRVM.IX.BTE.Y._Z._Z.N,Q,OECD,99.93557
2015-01-01,DEU,Germany,DEU.Q.PRVM.IX.BTE.Y._Z._Z.N,Q,OECD,99.29124
2015-04-01,DEU,Germany,DEU.Q.PRVM.IX.BTE.Y._Z._Z.N,Q,OECD,100.5155
2015-07-01,DEU,Germany,DEU.Q.PRVM.IX.BTE.Y._Z._Z.N,Q,OECD,100.3544
2015-10-01,DEU,Germany,DEU.Q.PRVM.IX.BTE.Y._Z._Z.N,Q,OECD,99.83892
2016-01-01,DEU,Germany,DEU.Q.PRVM.IX.BTE.Y._Z._Z.N,Q,OECD,100.9021
2016-04-01,DEU,Germany,DEU.Q.PRVM.IX.BTE.Y._Z._Z.N,Q,OECD,100.5155
2016-07-01,DEU,Germany,DEU.Q.PRVM.IX.BTE.Y._Z._Z.N,Q,OECD,100.8698
2016-10-01,DEU,Germany,DEU.Q.PRVM.IX.BTE.Y._Z._Z.N,Q,OECD,100.9665
2017-01-01,DEU,Germany,DEU.Q.PRVM.IX.BTE.Y._Z._Z.N,Q,OECD,101.4497
2017-04-01,DEU,Germany,DEU.Q.PRVM.IX.BTE.Y._Z._Z.N,Q,OECD,103.4472
2017-07-01,DEU,Germany,DEU.Q.PRVM.IX.BTE.Y._Z._Z.N,Q,OECD,105.1546
2017-10-01,DEU,Germany,DEU.Q.PRVM.IX.BTE.Y._Z._Z.N,Q,OECD,105.8956
2018-01-01,DEU,Germany,DEU.Q.PRVM.IX.BTE.Y._Z._Z.N,Q,OECD,105.3157
2018-04-01,DEU,Germany,DEU.Q.PRVM.IX.BTE.Y._Z._Z.N,Q,OECD,106.0889
2018-07-01,DEU,Germany,DEU.Q.PRVM.IX.BTE.Y._Z._Z.N,Q,OECD,105.1224
2018-10-01,DEU,Germany,DEU.Q.PRVM.IX.BTE.Y._Z._Z.N,Q,OECD,103.576
2019-01-01,DEU,Germany,DEU.Q.PRVM.IX.BTE.Y._Z._Z.N,Q,OECD,103.3827
2019-04-01,DEU,Germany,DEU.Q.PRVM.IX.BTE.Y._Z._Z.N,Q,OECD,102.2874
2019-07-01,DEU,Germany,DEU.Q.PRVM.IX.BTE.Y._Z._Z.N,Q,OECD,101.1276
2019-10-01,DEU,Germany,DEU.Q.PRVM.IX.BTE.Y._Z._Z.N,Q,OECD,99.45232
2020-01-01,DEU,Germany,DEU.Q.PRVM.IX.BTE.Y._Z._Z.N,Q,OECD,97.93814
2020-04-01,DEU,Germany,DEU.Q.PRVM.IX.BTE.Y._Z._Z.N,Q,OECD,80.15464
2020-07-01,DEU,Germany,DEU.Q.PRVM.IX.BTE.Y._Z._Z.N,Q,OECD,91.65593
2020-10-01,DEU,Germany,DEU.Q.PRVM.IX.BTE.Y._Z._Z.N,Q,OECD,97.48711
2021-01-01,DEU,Germany,DEU.Q.PRVM.IX.BTE.Y._Z._Z.N,Q,OECD,97.29382
2021-04-01,DEU,Germany,DEU.Q.PRVM.IX.BTE.Y._Z._Z.N,Q,OECD,96.52062
2021-07-01,DEU,Germany,DEU.Q.PRVM.IX.BTE.Y._Z._Z.N,Q,OECD,93.81443
2021-10-01,DEU,Germany,DEU.Q.PRVM.IX.BTE.Y._Z._Z.N,Q,OECD,96.61727
2022-01-01,DEU,Germany,DEU.Q.PRVM.IX.BTE.Y._Z._Z.N,Q,OECD,95.84407
2022-04-01,DEU,Germany,DEU.Q.PRVM.IX.BTE.Y._Z._Z.N,Q,OECD,95.42525
2022-07-01,DEU,Germany,DEU.Q.PRVM.IX.BTE.Y._Z._Z.N,Q,OECD,96.19846
2022-10-01,DEU,Germany,DEU.Q.PRVM.IX.BTE.Y._Z._Z.N,Q,OECD,95.71521
2023-01-01,DEU,Germany,DEU.Q.PRVM.IX.BTE.Y._Z._Z.N,Q,OECD,96.45618
2023-04-01,DEU,Germany,DEU.Q.PRVM.IX.BTE.Y._Z._Z.N,Q,OECD,95.03866
2023-07-01,DEU,Germany,DEU.Q.PRVM.IX.BTE.Y._Z._Z.N,Q,OECD,92.84794
2023-10-01,DEU,Germany,DEU.Q.PRVM.IX.BTE.Y._Z._Z.N,Q,OECD,91.43041
2024-01-01,DEU,Germany,DEU.Q.PRVM.IX.BTE.Y._Z._Z.N,Q,OECD,91.10825
2024-04-01,DEU,Germany,DEU.Q.PRVM.IX.BTE.Y._Z._Z.N,Q,OECD,90.0451
2024-07-01,DEU,Germany,DEU.Q.PRVM.IX.BTE.Y._Z._Z.N,Q,OECD,89.01418
2024-10-01,DEU,Germany,DEU.Q.PRVM.IX.BTE.Y._Z._Z.N,Q,OECD,88.40206
2025-01-01,DEU,Germany,DEU.Q.PRVM.IX.BTE.Y._Z._Z.N,Q,OECD,89.07861
2025-04-01,DEU,Germany,DEU.Q.PRVM.IX.BTE.Y._Z._Z.N,Q,OECD,88.75645
2025-07-01,DEU,Germany,DEU.Q.PRVM.IX.BTE.Y._Z._Z.N,Q,OECD,88.20876
2025-10-01,DEU,Germany,DEU.Q.PRVM.IX.BTE.Y._Z._Z.N,Q,OECD,89.23969
1965-01-01,ESP,Spain,ESP.Q.PRVM.IX.BTE.Y._Z._Z.N,Q,OECD,30.62819
1965-04-01,ESP,Spain,ESP.Q.PRVM.IX.BTE.Y._Z._Z.N,Q,OECD,31.387
1965-07-01,ESP,Spain,ESP.Q.PRVM.IX.BTE.Y._Z._Z.N,Q,OECD,33.28231
1965-10-01,ESP,Spain,ESP.Q.PRVM.IX.BTE.Y._Z._Z.N,Q,OECD,33.9118
1966-01-01,ESP,Spain,ESP.Q.PRVM.IX.BTE.Y._Z._Z.N,Q,OECD,35.55162
1966-04-01,ESP,Spain,ESP.Q.PRVM.IX.BTE.Y._Z._Z.N,Q,OECD,36.25196
1966-07-01,ESP,Spain,ESP.Q.PRVM.IX.BTE.Y._Z._Z.N,Q,OECD,37.46545
1966-10-01,ESP,Spain,ESP.Q.PRVM.IX.BTE.Y._Z._Z.N,Q,OECD,38.77195
1967-01-01,ESP,Spain,ESP.Q.PRVM.IX.BTE.Y._Z._Z.N,Q,OECD,37.02875
1967-04-01,ESP,Spain,ESP.Q.PRVM.IX.BTE.Y._Z._Z.N,Q,OECD,38.50972
1967-07-01,ESP,Spain,ESP.Q.PRVM.IX.BTE.Y._Z._Z.N,Q,OECD,38.51887
1967-10-01,ESP,Spain,ESP.Q.PRVM.IX.BTE.Y._Z._Z.N,Q,OECD,38.52928
1968-01-01,ESP,Spain,ESP.Q.PRVM.IX.BTE.Y._Z._Z.N,Q,OECD,39.47746
1968-04-01,ESP,Spain,ESP.Q.PRVM.IX.BTE.Y._Z._Z.N,Q,OECD,40.16171
1968-07-01,ESP,Spain,ESP.Q.PRVM.IX.BTE.Y._Z._Z.N,Q,OECD,41.3884
1968-10-01,ESP,Spain,ESP.Q.PRVM.IX.BTE.Y._Z._Z.N,Q,OECD,43.98418
1969-01-01,ESP,Spain,ESP.Q.PRVM.IX.BTE.Y._Z._Z.N,Q,OECD,45.67511
1969-04-01,ESP,Spain,ESP.Q.PRVM.IX.BTE.Y._Z._Z.N,Q,OECD,47.45433
1969-07-01,ESP,Spain,ESP.Q.PRVM.IX.BTE.Y._Z._Z.N,Q,OECD,48.5431
1969-10-01,ESP,Spain,ESP.Q.PRVM.IX.BTE.Y._Z._Z.N,Q,OECD,49.45999
1970-01-01,ESP,Spain,ESP.Q.PRVM.IX.BTE.Y._Z._Z.N,Q,OECD,49.38971
1970-04-01,ESP,Spain,ESP.Q.PRVM.IX.BTE.Y._Z._Z.N,Q,OECD,51.38007
1970-07-01,ESP,Spain,ESP.Q.PRVM.IX.BTE.Y._Z._Z.N,Q,OECD,51.74878
1970-10-01,ESP,Spain,ESP.Q.PRVM.IX.BTE.Y._Z._Z.N,Q,OECD,52.44897
1971-01-01,ESP,Spain,ESP.Q.PRVM.IX.BTE.Y._Z._Z.N,Q,OECD,52.14874
1971-04-01,ESP,Spain,ESP.Q.PRVM.IX.BTE.Y._Z._Z.N,Q,OECD,53.74486
1971-07-01,ESP,Spain,ESP.Q.PRVM.IX.BTE.Y._Z._Z.N,Q,OECD,56.09174
1971-10-01,ESP,Spain,ESP.Q.PRVM.IX.BTE.Y._Z._Z.N,Q,OECD,56.54729
1972-01-01,ESP,Spain,ESP.Q.PRVM.IX.BTE.Y._Z._Z.N,Q,OECD,60.17901
1972-04-01,ESP,Spain,ESP.Q.PRVM.IX.BTE.Y._Z._Z.N,Q,OECD,62.60767
1972-07-01,ESP,Spain,ESP.Q.PRVM.IX.BTE.Y._Z._Z.N,Q,OECD,64.47354
1972-10-01,ESP,Spain,ESP.Q.PRVM.IX.BTE.Y._Z._Z.N,Q,OECD,66.5594
1973-01-01,ESP,Spain,ESP.Q.PRVM.IX.BTE.Y._Z._Z.N,Q,OECD,68.39754
1973-04-01,ESP,Spain,ESP.Q.PRVM.IX.BTE.Y._Z._Z.N,Q,OECD,69.71426
1973-07-01,ESP,Spain,ESP.Q.PRVM.IX.BTE.Y._Z._Z.N,Q,OECD,70.97173
1973-10-01,ESP,Spain,ESP.Q.PRVM.IX.BTE.Y._Z._Z.N,Q,OECD,72.46691
1974-01-01,ESP,Spain,ESP.Q.PRVM.IX.BTE.Y._Z._Z.N,Q,OECD,76.79736
1974-04-01,ESP,Spain,ESP.Q.PRVM.IX.BTE.Y._Z._Z.N,Q,OECD,75.2374
1974-07-01,ESP,Spain,ESP.Q.PRVM.IX.BTE.Y._Z._Z.N,Q,OECD,78.11009
1974-10-01,ESP,Spain,ESP.Q.PRVM.IX.BTE.Y._Z._Z.N,Q,OECD,72.85104
1975-01-01,ESP,Spain,ESP.Q.PRVM.IX.BTE.Y._Z._Z.N,Q,OECD,73.89904
1975-04-01,ESP,Spain,ESP.Q.PRVM.IX.BTE.Y._Z._Z.N,Q,OECD,71.25472
1975-07-01,ESP,Spain,ESP.Q.PRVM.IX.BTE.Y._Z._Z.N,Q,OECD,73.98817
1975-10-01,ESP,Spain,ESP.Q.PRVM.IX.BTE.Y._Z._Z.N,Q,OECD,73.01249
1976-01-01,ESP,Spain,ESP.Q.PRVM.IX.BTE.Y._Z._Z.N,Q,OECD,72.46684
1976-04-01,ESP,Spain,ESP.Q.PRVM.IX.BTE.Y._Z._Z.N,Q,OECD,76.48745
1976-07-01,ESP,Spain,ESP.Q.PRVM.IX.BTE.Y._Z._Z.N,Q,OECD,77.88835
1976-10-01,ESP,Spain,ESP.Q.PRVM.IX.BTE.Y._Z._Z.N,Q,OECD,77.73283
1977-01-01,ESP,Spain,ESP.Q.PRVM.IX.BTE.Y._Z._Z.N,Q,OECD,80.51852
1977-04-01,ESP,Spain,ESP.Q.PRVM.IX.BTE.Y._Z._Z.N,Q,OECD,80.02908
1977-07-01,ESP,Spain,ESP.Q.PRVM.IX.BTE.Y._Z._Z.N,Q,OECD,80.40716
1977-10-01,ESP,Spain,ESP.Q.PRVM.IX.BTE.Y._Z._Z.N,Q,OECD,80.23452
1978-01-01,ESP,Spain,ESP.Q.PRVM.IX.BTE.Y._Z._Z.N,Q,OECD,82.20808
1978-04-01,ESP,Spain,ESP.Q.PRVM.IX.BTE.Y._Z._Z.N,Q,OECD,80.95229
1978-07-01,ESP,Spain,ESP.Q.PRVM.IX.BTE.Y._Z._Z.N,Q,OECD,82.50462
1978-10-01,ESP,Spain,ESP.Q.PRVM.IX.BTE.Y._Z._Z.N,Q,OECD,83.91461
1979-01-01,ESP,Spain,ESP.Q.PRVM.IX.BTE.Y._Z._Z.N,Q,OECD,81.59753
1979-04-01,ESP,Spain,ESP.Q.PRVM.IX.BTE.Y._Z._Z.N,Q,OECD,83.34278
1979-07-01,ESP,Spain,ESP.Q.PRVM.IX.BTE.Y._Z._Z.N,Q,OECD,84.30016
1979-10-01,ESP,Spain,ESP.Q.PRVM.IX.BTE.Y._Z._Z.N,Q,OECD,82.22202
1980-01-01,ESP,Spain,ESP.Q.PRVM.IX.BTE.Y._Z._Z.N,Q,OECD,84.4167
1980-04-01,ESP,Spain,ESP.Q.PRVM.IX.BTE.Y._Z._Z.N,Q,OECD,83.09731
1980-07-01,ESP,Spain,ESP.Q.PRVM.IX.BTE.Y._Z._Z.N,Q,OECD,82.54918
1980-10-01,ESP,Spain,ESP.Q.PRVM.IX.BTE.Y._Z._Z.N,Q,OECD,83.00133
1981-01-01,ESP,Spain,ESP.Q.PRVM.IX.BTE.Y._Z._Z.N,Q,OECD,82.57065
1981-04-01,ESP,Spain,ESP.Q.PRVM.IX.BTE.Y._Z._Z.N,Q,OECD,83.45453
1981-07-01,ESP,Spain,ESP.Q.PRVM.IX.BTE.Y._Z._Z.N,Q,OECD,81.7233
1981-10-01,ESP,Spain,ESP.Q.PRVM.IX.BTE.Y._Z._Z.N,Q,OECD,82.53491
1982-01-01,ESP,Spain,ESP.Q.PRVM.IX.BTE.Y._Z._Z.N,Q,OECD,82.22673
1982-04-01,ESP,Spain,ESP.Q.PRVM.IX.BTE.Y._Z._Z.N,Q,OECD,81.36642
1982-07-01,ESP,Spain,ESP.Q.PRVM.IX.BTE.Y._Z._Z.N,Q,OECD,81.15145
1982-10-01,ESP,Spain,ESP.Q.PRVM.IX.BTE.Y._Z._Z.N,Q,OECD,81.45345
1983-01-01,ESP,Spain,ESP.Q.PRVM.IX.BTE.Y._Z._Z.N,Q,OECD,84.28935
1983-04-01,ESP,Spain,ESP.Q.PRVM.IX.BTE.Y._Z._Z.N,Q,OECD,83.58192
1983-07-01,ESP,Spain,ESP.Q.PRVM.IX.BTE.Y._Z._Z.N,Q,OECD,83.10765
1983-10-01,ESP,Spain,ESP.Q.PRVM.IX.BTE.Y._Z._Z.N,Q,OECD,84.08154
1984-01-01,ESP,Spain,ESP.Q.PRVM.IX.BTE.Y._Z._Z.N,Q,OECD,84.42785
1984-04-01,ESP,Spain,ESP.Q.PRVM.IX.BTE.Y._Z._Z.N,Q,OECD,83.90745
1984-07-01,ESP,Spain,ESP.Q.PRVM.IX.BTE.Y._Z._Z.N,Q,OECD,85.71317
1984-10-01,ESP,Spain,ESP.Q.PRVM.IX.BTE.Y._Z._Z.N,Q,OECD,84.51149
1985-01-01,ESP,Spain,ESP.Q.PRVM.IX.BTE.Y._Z._Z.N,Q,OECD,84.8201
1985-04-01,ESP,Spain,ESP.Q.PRVM.IX.BTE.Y._Z._Z.N,Q,OECD,84.68562
1985-07-01,ESP,Spain,ESP.Q.PRVM.IX.BTE.Y._Z._Z.N,Q,OECD,86.9971
1985-10-01,ESP,Spain,ESP.Q.PRVM.IX.BTE.Y._Z._Z.N,Q,OECD,87.8215
1986-01-01,ESP,Spain,ESP.Q.PRVM.IX.BTE.Y._Z._Z.N,Q,OECD,88.39849
1986-04-01,ESP,Spain,ESP.Q.PRVM.IX.BTE.Y._Z._Z.N,Q,OECD,89.00371
1986-07-01,ESP,Spain,ESP.Q.PRVM.IX.BTE.Y._Z._Z.N,Q,OECD,87.98569
1986-10-01,ESP,Spain,ESP.Q.PRVM.IX.BTE.Y._Z._Z.N,Q,OECD,89.89433
1987-01-01,ESP,Spain,ESP.Q.PRVM.IX.BTE.Y._Z._Z.N,Q,OECD,90.35217
1987-04-01,ESP,Spain,ESP.Q.PRVM.IX.BTE.Y._Z._Z.N,Q,OECD,92.94257
1987-07-01,ESP,Spain,ESP.Q.PRVM.IX.BTE.Y._Z._Z.N,Q,OECD,94.06949
1987-10-01,ESP,Spain,ESP.Q.PRVM.IX.BTE.Y._Z._Z.N,Q,OECD,94.05508
1988-01-01,ESP,Spain,ESP.Q.PRVM.IX.BTE.Y._Z._Z.N,Q,OECD,94.89196
1988-04-01,ESP,Spain,ESP.Q.PRVM.IX.BTE.Y._Z._Z.N,Q,OECD,94.92244
1988-07-01,ESP,Spain,ESP.Q.PRVM.IX.BTE.Y._Z._Z.N,Q,OECD,96.08372
1988-10-01,ESP,Spain,ESP.Q.PRVM.IX.BTE.Y._Z._Z.N,Q,OECD,97.50023
1989-01-01,ESP,Spain,ESP.Q.PRVM.IX.BTE.Y._Z._Z.N,Q,OECD,100.3405
1989-04-01,ESP,Spain,ESP.Q.PRVM.IX.BTE.Y._Z._Z.N,Q,OECD,100.331
1989-07-01,ESP,Spain,ESP.Q.PRVM.IX.BTE.Y._Z._Z.N,Q,OECD,101.2809
1989-10-01,ESP,Spain,ESP.Q.PRVM.IX.BTE.Y._Z._Z.N,Q,OECD,100.932
1990-01-01,ESP,Spain,ESP.Q.PRVM.IX.BTE.Y._Z._Z.N,Q,OECD,100.1056
1990-04-01,ESP,Spain,ESP.Q.PRVM.IX.BTE.Y._Z._Z.N,Q,OECD,101.4669
1990-07-01,ESP,Spain,ESP.Q.PRVM.IX.BTE.Y._Z._Z.N,Q,OECD,100.0675
1990-10-01,ESP,Spain,ESP.Q.PRVM.IX.BTE.Y._Z._Z.N,Q,OECD,99.79193
1991-01-01,ESP,Spain,ESP.Q.PRVM.IX.BTE.Y._Z._Z.N,Q,OECD,98.40945
1991-04-01,ESP,Spain,ESP.Q.PRVM.IX.BTE.Y._Z._Z.N,Q,OECD,100.3582
1991-07-01,ESP,Spain,ESP.Q.PRVM.IX.BTE.Y._Z._Z.N,Q,OECD,98.91324
1991-10-01,ESP,Spain,ESP.Q.PRVM.IX.BTE.Y._Z._Z.N,Q,OECD,101.2154
1992-01-01,ESP,Spain,ESP.Q.PRVM.IX.BTE.Y._Z._Z.N,Q,OECD,100.103
1992-04-01,ESP,Spain,ESP.Q.PRVM.IX.BTE.Y._Z._Z.N,Q,OECD,97.90665
1992-07-01,ESP,Spain,ESP.Q.PRVM.IX.BTE.Y._Z._Z.N,Q,OECD,95.60741
1992-10-01,ESP,Spain,ESP.Q.PRVM.IX.BTE.Y._Z._Z.N,Q,OECD,92.89636
1993-01-01,ESP,Spain,ESP.Q.PRVM.IX.BTE.Y._Z._Z.N,Q,OECD,90.83733
1993-04-01,ESP,Spain,ESP.Q.PRVM.IX.BTE.Y._Z._Z.N,Q,OECD,91.79822
1993-07-01,ESP,Spain,ESP.Q.PRVM.IX.BTE.Y._Z._Z.N,Q,OECD,92.03844
1993-10-01,ESP,Spain,ESP.Q.PRVM.IX.BTE.Y._Z._Z.N,Q,OECD,94.23473
1994-01-01,ESP,Spain,ESP.Q.PRVM.IX.BTE.Y._Z._Z.N,Q,OECD,96.39671
1994-04-01,ESP,Spain,ESP.Q.PRVM.IX.BTE.Y._Z._Z.N,Q,OECD,97.83802
1994-07-01,ESP,Spain,ESP.Q.PRVM.IX.BTE.Y._Z._Z.N,Q,OECD,99.96568
1994-10-01,ESP,Spain,ESP.Q.PRVM.IX.BTE.Y._Z._Z.N,Q,OECD,102.917
1995-01-01,ESP,Spain,ESP.Q.PRVM.IX.BTE.Y._Z._Z.N,Q,OECD,104.2553
1995-04-01,ESP,Spain,ESP.Q.PRVM.IX.BTE.Y._Z._Z.N,Q,OECD,104.8044
1995-07-01,ESP,Spain,ESP.Q.PRVM.IX.BTE.Y._Z._Z.N,Q,OECD,103.3631
1995-10-01,ESP,Spain,ESP.Q.PRVM.IX.BTE.Y._Z._Z.N,Q,OECD,103.1572
1996-01-01,ESP,Spain,ESP.Q.PRVM.IX.BTE.Y._Z._Z.N,Q,OECD,102.4022
1996-04-01,ESP,Spain,ESP.Q.PRVM.IX.BTE.Y._Z._Z.N,Q,OECD,102.162
1996-07-01,ESP,Spain,ESP.Q.PRVM.IX.BTE.Y._Z._Z.N,Q,OECD,102.6767
1996-10-01,ESP,Spain,ESP.Q.PRVM.IX.BTE.Y._Z._Z.N,Q,OECD,104.4955
1997-01-01,ESP,Spain,ESP.Q.PRVM.IX.BTE.Y._Z._Z.N,Q,OECD,106.3487
1997-04-01,ESP,Spain,ESP.Q.PRVM.IX.BTE.Y._Z._Z.N,Q,OECD,108.9224
1997-07-01,ESP,Spain,ESP.Q.PRVM.IX.BTE.Y._Z._Z.N,Q,OECD,111.3246
1997-10-01,ESP,Spain,ESP.Q.PRVM.IX.BTE.Y._Z._Z.N,Q,OECD,113.3837
1998-01-01,ESP,Spain,ESP.Q.PRVM.IX.BTE.Y._Z._Z.N,Q,OECD,114.4475
1998-04-01,ESP,Spain,ESP.Q.PRVM.IX.BTE.Y._Z._Z.N,Q,OECD,115.9574
1998-07-01,ESP,Spain,ESP.Q.PRVM.IX.BTE.Y._Z._Z.N,Q,OECD,116.5065
1998-10-01,ESP,Spain,ESP.Q.PRVM.IX.BTE.Y._Z._Z.N,Q,OECD,117.3301
1999-01-01,ESP,Spain,ESP.Q.PRVM.IX.BTE.Y._Z._Z.N,Q,OECD,116.9526
1999-04-01,ESP,Spain,ESP.Q.PRVM.IX.BTE.Y._Z._Z.N,Q,OECD,117.7419
1999-07-01,ESP,Spain,ESP.Q.PRVM.IX.BTE.Y._Z._Z.N,Q,OECD,120.6932
1999-10-01,ESP,Spain,ESP.Q.PRVM.IX.BTE.Y._Z._Z.N,Q,OECD,121.86
2000-01-01,ESP,Spain,ESP.Q.PRVM.IX.BTE.Y._Z._Z.N,Q,OECD,125.0172
2000-04-01,ESP,Spain,ESP.Q.PRVM.IX.BTE.Y._Z._Z.N,Q,OECD,124.7083
2000-07-01,ESP,Spain,ESP.Q.PRVM.IX.BTE.Y._Z._Z.N,Q,OECD,123.9876
2000-10-01,ESP,Spain,ESP.Q.PRVM.IX.BTE.Y._Z._Z.N,Q,OECD,124.022
2001-01-01,ESP,Spain,ESP.Q.PRVM.IX.BTE.Y._Z._Z.N,Q,OECD,123.3699
2001-04-01,ESP,Spain,ESP.Q.PRVM.IX.BTE.Y._Z._Z.N,Q,OECD,123.1297
2001-07-01,ESP,Spain,ESP.Q.PRVM.IX.BTE.Y._Z._Z.N,Q,OECD,123.6445
2001-10-01,ESP,Spain,ESP.Q.PRVM.IX.BTE.Y._Z._Z.N,Q,OECD,120.4187
2002-01-01,ESP,Spain,ESP.Q.PRVM.IX.BTE.Y._Z._Z.N,Q,OECD,121.5168
2002-04-01,ESP,Spain,ESP.Q.PRVM.IX.BTE.Y._Z._Z.N,Q,OECD,121.6541
2002-07-01,ESP,Spain,ESP.Q.PRVM.IX.BTE.Y._Z._Z.N,Q,OECD,122.7522
2002-10-01,ESP,Spain,ESP.Q.PRVM.IX.BTE.Y._Z._Z.N,Q,OECD,123.9876
2003-01-01,ESP,Spain,ESP.Q.PRVM.IX.BTE.Y._Z._Z.N,Q,OECD,123.267
2003-04-01,ESP,Spain,ESP.Q.PRVM.IX.BTE.Y._Z._Z.N,Q,OECD,123.6445
2003-07-01,ESP,Spain,ESP.Q.PRVM.IX.BTE.Y._Z._Z.N,Q,OECD,123.8161
2003-10-01,ESP,Spain,ESP.Q.PRVM.IX.BTE.Y._Z._Z.N,Q,OECD,126.1496
2004-01-01,ESP,Spain,ESP.Q.PRVM.IX.BTE.Y._Z._Z.N,Q,OECD,125.5319
2004-04-01,ESP,Spain,ESP.Q.PRVM.IX.BTE.Y._Z._Z.N,Q,OECD,127.488
2004-07-01,ESP,Spain,ESP.Q.PRVM.IX.BTE.Y._Z._Z.N,Q,OECD,127.6253
2004-10-01,ESP,Spain,ESP.Q.PRVM.IX.BTE.Y._Z._Z.N,Q,OECD,126.2183
2005-01-01,ESP,Spain,ESP.Q.PRVM.IX.BTE.Y._Z._Z.N,Q,OECD,125.978
2005-04-01,ESP,Spain,ESP.Q.PRVM.IX.BTE.Y._Z._Z.N,Q,OECD,127.4194
2005-07-01,ESP,Spain,ESP.Q.PRVM.IX.BTE.Y._Z._Z.N,Q,OECD,127.8655
2005-10-01,ESP,Spain,ESP.Q.PRVM.IX.BTE.Y._Z._Z.N,Q,OECD,128.3802
2006-01-01,ESP,Spain,ESP.Q.PRVM.IX.BTE.Y._Z._Z.N,Q,OECD,131.1256
2006-04-01,ESP,Spain,ESP.Q.PRVM.IX.BTE.Y._Z._Z.N,Q,OECD,131.6404
2006-07-01,ESP,Spain,ESP.Q.PRVM.IX.BTE.Y._Z._Z.N,Q,OECD,131.8119
2006-10-01,ESP,Spain,ESP.Q.PRVM.IX.BTE.Y._Z._Z.N,Q,OECD,133.4935
2007-01-01,ESP,Spain,ESP.Q.PRVM.IX.BTE.Y._Z._Z.N,Q,OECD,135.278
2007-04-01,ESP,Spain,ESP.Q.PRVM.IX.BTE.Y._Z._Z.N,Q,OECD,135.6898
2007-07-01,ESP,Spain,ESP.Q.PRVM.IX.BTE.Y._Z._Z.N,Q,OECD,134.1112
2007-10-01,ESP,Spain,ESP.Q.PRVM.IX.BTE.Y._Z._Z.N,Q,OECD,134.1455
2008-01-01,ESP,Spain,ESP.Q.PRVM.IX.BTE.Y._Z._Z.N,Q,OECD,133.8023
2008-04-01,ESP,Spain,ESP.Q.PRVM.IX.BTE.Y._Z._Z.N,Q,OECD,128.792
2008-07-01,ESP,Spain,ESP.Q.PRVM.IX.BTE.Y._Z._Z.N,Q,OECD,124.1249
2008-10-01,ESP,Spain,ESP.Q.PRVM.IX.BTE.Y._Z._Z.N,Q,OECD,113.2464
2009-01-01,ESP,Spain,ESP.Q.PRVM.IX.BTE.Y._Z._Z.N,Q,OECD,103.9121
2009-04-01,ESP,Spain,ESP.Q.PRVM.IX.BTE.Y._Z._Z.N,Q,OECD,103.5347
2009-07-01,ESP,Spain,ESP.Q.PRVM.IX.BTE.Y._Z._Z.N,Q,OECD,106.4173
2009-10-01,ESP,Spain,ESP.Q.PRVM.IX.BTE.Y._Z._Z.N,Q,OECD,106.3143
2010-01-01,ESP,Spain,ESP.Q.PRVM.IX.BTE.Y._Z._Z.N,Q,OECD,104.8387
2010-04-01,ESP,Spain,ESP.Q.PRVM.IX.BTE.Y._Z._Z.N,Q,OECD,106.5889
2010-07-01,ESP,Spain,ESP.Q.PRVM.IX.BTE.Y._Z._Z.N,Q,OECD,106.1428
2010-10-01,ESP,Spain,ESP.Q.PRVM.IX.BTE.Y._Z._Z.N,Q,OECD,106.7262
2011-01-01,ESP,Spain,ESP.Q.PRVM.IX.BTE.Y._Z._Z.N,Q,OECD,106.4173
2011-04-01,ESP,Spain,ESP.Q.PRVM.IX.BTE.Y._Z._Z.N,Q,OECD,104.7701
2011-07-01,ESP,Spain,ESP.Q.PRVM.IX.BTE.Y._Z._Z.N,Q,OECD,103.8435
2011-10-01,ESP,Spain,ESP.Q.PRVM.IX.BTE.Y._Z._Z.N,Q,OECD,101.3384
2012-01-01,ESP,Spain,ESP.Q.PRVM.IX.BTE.Y._Z._Z.N,Q,OECD,100.103
2012-04-01,ESP,Spain,ESP.Q.PRVM.IX.BTE.Y._Z._Z.N,Q,OECD,97.52917
2012-07-01,ESP,Spain,ESP.Q.PRVM.IX.BTE.Y._Z._Z.N,Q,OECD,96.94578
2012-10-01,ESP,Spain,ESP.Q.PRVM.IX.BTE.Y._Z._Z.N,Q,OECD,94.33768
2013-01-01,ESP,Spain,ESP.Q.PRVM.IX.BTE.Y._Z._Z.N,Q,OECD,94.74949
2013-04-01,ESP,Spain,ESP.Q.PRVM.IX.BTE.Y._Z._Z.N,Q,OECD,94.61221
2013-07-01,ESP,Spain,ESP.Q.PRVM.IX.BTE.Y._Z._Z.N,Q,OECD,95.5731
2013-10-01,ESP,Spain,ESP.Q.PRVM.IX.BTE.Y._Z._Z.N,Q,OECD,96.01922
2014-01-01,ESP,Spain,ESP.Q.PRVM.IX.BTE.Y._Z._Z.N,Q,OECD,95.779
2014-04-01,ESP,Spain,ESP.Q.PRVM.IX.BTE.Y._Z._Z.N,Q,OECD,96.87714
2014-07-01,ESP,Spain,ESP.Q.PRVM.IX.BTE.Y._Z._Z.N,Q,OECD,96.49966
2014-10-01,ESP,Spain,ESP.Q.PRVM.IX.BTE.Y._Z._Z.N,Q,OECD,97.186
2015-01-01,ESP,Spain,ESP.Q.PRVM.IX.BTE.Y._Z._Z.N,Q,OECD,97.94097
2015-04-01,ESP,Spain,ESP.Q.PRVM.IX.BTE.Y._Z._Z.N,Q,OECD,99.38229
2015-07-01,ESP,Spain,ESP.Q.PRVM.IX.BTE.Y._Z._Z.N,Q,OECD,101.1325
2015-10-01,ESP,Spain,ESP.Q.PRVM.IX.BTE.Y._Z._Z.N,Q,OECD,100.9266
2016-01-01,ESP,Spain,ESP.Q.PRVM.IX.BTE.Y._Z._Z.N,Q,OECD,101.7502
2016-04-01,ESP,Spain,ESP.Q.PRVM.IX.BTE.Y._Z._Z.N,Q,OECD,101.5443
2016-07-01,ESP,Spain,ESP.Q.PRVM.IX.BTE.Y._Z._Z.N,Q,OECD,101.2697
2016-10-01,ESP,Spain,ESP.Q.PRVM.IX.BTE.Y._Z._Z.N,Q,OECD,101.6472
2017-01-01,ESP,Spain,ESP.Q.PRVM.IX.BTE.Y._Z._Z.N,Q,OECD,103.4317
2017-04-01,ESP,Spain,ESP.Q.PRVM.IX.BTE.Y._Z._Z.N,Q,OECD,103.7406
2017-07-01,ESP,Spain,ESP.Q.PRVM.IX.BTE.Y._Z._Z.N,Q,OECD,104.1524
2017-10-01,ESP,Spain,ESP.Q.PRVM.IX.BTE.Y._Z._Z.N,Q,OECD,106.9321
2018-01-01,ESP,Spain,ESP.Q.PRVM.IX.BTE.Y._Z._Z.N,Q,OECD,106.2457
2018-04-01,ESP,Spain,ESP.Q.PRVM.IX.BTE.Y._Z._Z.N,Q,OECD,105.2848
2018-07-01,ESP,Spain,ESP.Q.PRVM.IX.BTE.Y._Z._Z.N,Q,OECD,104.873
2018-10-01,ESP,Spain,ESP.Q.PRVM.IX.BTE.Y._Z._Z.N,Q,OECD,104.6328
2019-01-01,ESP,Spain,ESP.Q.PRVM.IX.BTE.Y._Z._Z.N,Q,OECD,106.0741
2019-04-01,ESP,Spain,ESP.Q.PRVM.IX.BTE.Y._Z._Z.N,Q,OECD,105.9369
2019-07-01,ESP,Spain,ESP.Q.PRVM.IX.BTE.Y._Z._Z.N,Q,OECD,104.976
2019-10-01,ESP,Spain,ESP.Q.PRVM.IX.BTE.Y._Z._Z.N,Q,OECD,105.6966
2020-01-01,ESP,Spain,ESP.Q.PRVM.IX.BTE.Y._Z._Z.N,Q,OECD,100.3775
2020-04-01,ESP,Spain,ESP.Q.PRVM.IX.BTE.Y._Z._Z.N,Q,OECD,79.78723
2020-07-01,ESP,Spain,ESP.Q.PRVM.IX.BTE.Y._Z._Z.N,Q,OECD,99.86273
2020-10-01,ESP,Spain,ESP.Q.PRVM.IX.BTE.Y._Z._Z.N,Q,OECD,103.0885
2021-01-01,ESP,Spain,ESP.Q.PRVM.IX.BTE.Y._Z._Z.N,Q,OECD,103.0199
2021-04-01,ESP,Spain,ESP.Q.PRVM.IX.BTE.Y._Z._Z.N,Q,OECD,101.6129
2021-07-01,ESP,Spain,ESP.Q.PRVM.IX.BTE.Y._Z._Z.N,Q,OECD,102.4365
2021-10-01,ESP,Spain,ESP.Q.PRVM.IX.BTE.Y._Z._Z.N,Q,OECD,104.7701
2022-01-01,ESP,Spain,ESP.Q.PRVM.IX.BTE.Y._Z._Z.N,Q,OECD,104.221
2022-04-01,ESP,Spain,ESP.Q.PRVM.IX.BTE.Y._Z._Z.N,Q,OECD,106.9664
2022-07-01,ESP,Spain,ESP.Q.PRVM.IX.BTE.Y._Z._Z.N,Q,OECD,106.3487
2022-10-01,ESP,Spain,ESP.Q.PRVM.IX.BTE.Y._Z._Z.N,Q,OECD,104.4612
2023-01-01,ESP,Spain,ESP.Q.PRVM.IX.BTE.Y._Z._Z.N,Q,OECD,104.5642
2023-04-01,ESP,Spain,ESP.Q.PRVM.IX.BTE.Y._Z._Z.N,Q,OECD,103.7749
2023-07-01,ESP,Spain,ESP.Q.PRVM.IX.BTE.Y._Z._Z.N,Q,OECD,103.3631
2023-10-01,ESP,Spain,ESP.Q.PRVM.IX.BTE.Y._Z._Z.N,Q,OECD,103.1229
2024-01-01,ESP,Spain,ESP.Q.PRVM.IX.BTE.Y._Z._Z.N,Q,OECD,105.4564
2024-04-01,ESP,Spain,ESP.Q.PRVM.IX.BTE.Y._Z._Z.N,Q,OECD,103.8435
2024-07-01,ESP,Spain,ESP.Q.PRVM.IX.BTE.Y._Z._Z.N,Q,OECD,103.0199
2024-10-01,ESP,Spain,ESP.Q.PRVM.IX.BTE.Y._Z._Z.N,Q,OECD,104.4269
2025-01-01,ESP,Spain,ESP.Q.PRVM.IX.BTE.Y._Z._Z.N,Q,OECD,104.7358
2025-04-01,ESP,Spain,ESP.Q.PRVM.IX.BTE.Y._Z._Z.N,Q,OECD,105.3191
2025-07-01,ESP,Spain,ESP.Q.PRVM.IX.BTE.Y._Z._Z.N,Q,OECD,105.4564
2025-10-01,ESP,Spain,ESP.Q.PRVM.IX.BTE.Y._Z._Z.N,Q,OECD,106.1771
1998-01-01,EST,Estonia,EST.Q.PRVM.IX.BTE.Y._Z._Z.N,Q,OECD,43.98434
1998-04-01,EST,Estonia,EST.Q.PRVM.IX.BTE.Y._Z._Z.N,Q,OECD,42.14436
1998-07-01,EST,Estonia,EST.Q.PRVM.IX.BTE.Y._Z._Z.N,Q,OECD,39.8766
1998-10-01,EST,Estonia,EST.Q.PRVM.IX.BTE.Y._Z._Z.N,Q,OECD,39.40506
1999-01-01,EST,Estonia,EST.Q.PRVM.IX.BTE.Y._Z._Z.N,Q,OECD,38.21893
1999-04-01,EST,Estonia,EST.Q.PRVM.IX.BTE.Y._Z._Z.N,Q,OECD,39.03804
1999-07-01,EST,Estonia,EST.Q.PRVM.IX.BTE.Y._Z._Z.N,Q,OECD,40.10265
1999-10-01,EST,Estonia,EST.Q.PRVM.IX.BTE.Y._Z._Z.N,Q,OECD,41.50511
2000-01-01,EST,Estonia,EST.Q.PRVM.IX.BTE.Y._Z._Z.N,Q,OECD,44.80247
2000-04-01,EST,Estonia,EST.Q.PRVM.IX.BTE.Y._Z._Z.N,Q,OECD,45.28802
2000-07-01,EST,Estonia,EST.Q.PRVM.IX.BTE.Y._Z._Z.N,Q,OECD,44.97903
2000-10-01,EST,Estonia,EST.Q.PRVM.IX.BTE.Y._Z._Z.N,Q,OECD,46.78879
2001-01-01,EST,Estonia,EST.Q.PRVM.IX.BTE.Y._Z._Z.N,Q,OECD,49.03995
2001-04-01,EST,Estonia,EST.Q.PRVM.IX.BTE.Y._Z._Z.N,Q,OECD,47.75988
2001-07-01,EST,Estonia,EST.Q.PRVM.IX.BTE.Y._Z._Z.N,Q,OECD,49.03995
2001-10-01,EST,Estonia,EST.Q.PRVM.IX.BTE.Y._Z._Z.N,Q,OECD,51.82079
2002-01-01,EST,Estonia,EST.Q.PRVM.IX.BTE.Y._Z._Z.N,Q,OECD,50.4083
2002-04-01,EST,Estonia,EST.Q.PRVM.IX.BTE.Y._Z._Z.N,Q,OECD,53.32156
2002-07-01,EST,Estonia,EST.Q.PRVM.IX.BTE.Y._Z._Z.N,Q,OECD,54.42507
2002-10-01,EST,Estonia,EST.Q.PRVM.IX.BTE.Y._Z._Z.N,Q,OECD,56.45553
2003-01-01,EST,Estonia,EST.Q.PRVM.IX.BTE.Y._Z._Z.N,Q,OECD,57.77974
2003-04-01,EST,Estonia,EST.Q.PRVM.IX.BTE.Y._Z._Z.N,Q,OECD,58.66255
2003-07-01,EST,Estonia,EST.Q.PRVM.IX.BTE.Y._Z._Z.N,Q,OECD,60.38402
2003-10-01,EST,Estonia,EST.Q.PRVM.IX.BTE.Y._Z._Z.N,Q,OECD,62.50276
2004-01-01,EST,Estonia,EST.Q.PRVM.IX.BTE.Y._Z._Z.N,Q,OECD,63.03244
2004-04-01,EST,Estonia,EST.Q.PRVM.IX.BTE.Y._Z._Z.N,Q,OECD,64.35665
2004-07-01,EST,Estonia,EST.Q.PRVM.IX.BTE.Y._Z._Z.N,Q,OECD,67.1375
2004-10-01,EST,Estonia,EST.Q.PRVM.IX.BTE.Y._Z._Z.N,Q,OECD,67.79961
2005-01-01,EST,Estonia,EST.Q.PRVM.IX.BTE.Y._Z._Z.N,Q,OECD,68.99139
2005-04-01,EST,Estonia,EST.Q.PRVM.IX.BTE.Y._Z._Z.N,Q,OECD,71.46326
2005-07-01,EST,Estonia,EST.Q.PRVM.IX.BTE.Y._Z._Z.N,Q,OECD,73.97926
2005-10-01,EST,Estonia,EST.Q.PRVM.IX.BTE.Y._Z._Z.N,Q,OECD,76.23042
2006-01-01,EST,Estonia,EST.Q.PRVM.IX.BTE.Y._Z._Z.N,Q,OECD,76.62768
2006-04-01,EST,Estonia,EST.Q.PRVM.IX.BTE.Y._Z._Z.N,Q,OECD,79.62922
2006-07-01,EST,Estonia,EST.Q.PRVM.IX.BTE.Y._Z._Z.N,Q,OECD,80.90929
2006-10-01,EST,Estonia,EST.Q.PRVM.IX.BTE.Y._Z._Z.N,Q,OECD,82.98389
2007-01-01,EST,Estonia,EST.Q.PRVM.IX.BTE.Y._Z._Z.N,Q,OECD,81.52726
2007-04-01,EST,Estonia,EST.Q.PRVM.IX.BTE.Y._Z._Z.N,Q,OECD,86.55926
2007-07-01,EST,Estonia,EST.Q.PRVM.IX.BTE.Y._Z._Z.N,Q,OECD,87.00066
2007-10-01,EST,Estonia,EST.Q.PRVM.IX.BTE.Y._Z._Z.N,Q,OECD,85.67645
2008-01-01,EST,Estonia,EST.Q.PRVM.IX.BTE.Y._Z._Z.N,Q,OECD,83.82256
2008-04-01,EST,Estonia,EST.Q.PRVM.IX.BTE.Y._Z._Z.N,Q,OECD,85.23505
2008-07-01,EST,Estonia,EST.Q.PRVM.IX.BTE.Y._Z._Z.N,Q,OECD,84.26396
2008-10-01,EST,Estonia,EST.Q.PRVM.IX.BTE.Y._Z._Z.N,Q,OECD,71.68395
2009-01-01,EST,Estonia,EST.Q.PRVM.IX.BTE.Y._Z._Z.N,Q,OECD,64.04767
2009-04-01,EST,Estonia,EST.Q.PRVM.IX.BTE.Y._Z._Z.N,Q,OECD,59.23637
2009-07-01,EST,Estonia,EST.Q.PRVM.IX.BTE.Y._Z._Z.N,Q,OECD,61.57581
2009-10-01,EST,Estonia,EST.Q.PRVM.IX.BTE.Y._Z._Z.N,Q,OECD,62.41448
2010-01-01,EST,Estonia,EST.Q.PRVM.IX.BTE.Y._Z._Z.N,Q,OECD,68.19687
2010-04-01,EST,Estonia,EST.Q.PRVM.IX.BTE.Y._Z._Z.N,Q,OECD,72.3902
2010-07-01,EST,Estonia,EST.Q.PRVM.IX.BTE.Y._Z._Z.N,Q,OECD,78.70227
2010-10-01,EST,Estonia,EST.Q.PRVM.IX.BTE.Y._Z._Z.N,Q,OECD,83.99911
2011-01-01,EST,Estonia,EST.Q.PRVM.IX.BTE.Y._Z._Z.N,Q,OECD,88.98698
2011-04-01,EST,Estonia,EST.Q.PRVM.IX.BTE.Y._Z._Z.N,Q,OECD,90.75259
2011-07-01,EST,Estonia,EST.Q.PRVM.IX.BTE.Y._Z._Z.N,Q,OECD,93.35687
2011-10-01,EST,Estonia,EST.Q.PRVM.IX.BTE.Y._Z._Z.N,Q,OECD,90.17877
2012-01-01,EST,Estonia,EST.Q.PRVM.IX.BTE.Y._Z._Z.N,Q,OECD,90.88502
2012-04-01,EST,Estonia,EST.Q.PRVM.IX.BTE.Y._Z._Z.N,Q,OECD,91.10571
2012-07-01,EST,Estonia,EST.Q.PRVM.IX.BTE.Y._Z._Z.N,Q,OECD,93.66586
2012-10-01,EST,Estonia,EST.Q.PRVM.IX.BTE.Y._Z._Z.N,Q,OECD,93.04789
2013-01-01,EST,Estonia,EST.Q.PRVM.IX.BTE.Y._Z._Z.N,Q,OECD,95.43147
2013-04-01,EST,Estonia,EST.Q.PRVM.IX.BTE.Y._Z._Z.N,Q,OECD,96.00529
2013-07-01,EST,Estonia,EST.Q.PRVM.IX.BTE.Y._Z._Z.N,Q,OECD,97.85919
2013-10-01,EST,Estonia,EST.Q.PRVM.IX.BTE.Y._Z._Z.N,Q,OECD,94.72523
2014-01-01,EST,Estonia,EST.Q.PRVM.IX.BTE.Y._Z._Z.N,Q,OECD,96.84396
2014-04-01,EST,Estonia,EST.Q.PRVM.IX.BTE.Y._Z._Z.N,Q,OECD,100.1104
2014-07-01,EST,Estonia,EST.Q.PRVM.IX.BTE.Y._Z._Z.N,Q,OECD,102.4498
2014-10-01,EST,Estonia,EST.Q.PRVM.IX.BTE.Y._Z._Z.N,Q,OECD,101.3463
2015-01-01,EST,Estonia,EST.Q.PRVM.IX.BTE.Y._Z._Z.N,Q,OECD,100.1104
2015-04-01,EST,Estonia,EST.Q.PRVM.IX.BTE.Y._Z._Z.N,Q,OECD,101.3904
2015-07-01,EST,Estonia,EST.Q.PRVM.IX.BTE.Y._Z._Z.N,Q,OECD,101.258
2015-10-01,EST,Estonia,EST.Q.PRVM.IX.BTE.Y._Z._Z.N,Q,OECD,98.3006
2016-01-01,EST,Estonia,EST.Q.PRVM.IX.BTE.Y._Z._Z.N,Q,OECD,99.44824
2016-04-01,EST,Estonia,EST.Q.PRVM.IX.BTE.Y._Z._Z.N,Q,OECD,100.5518
2016-07-01,EST,Estonia,EST.Q.PRVM.IX.BTE.Y._Z._Z.N,Q,OECD,105.2748
2016-10-01,EST,Estonia,EST.Q.PRVM.IX.BTE.Y._Z._Z.N,Q,OECD,107.2169
2017-01-01,EST,Estonia,EST.Q.PRVM.IX.BTE.Y._Z._Z.N,Q,OECD,105.3189
2017-04-01,EST,Estonia,EST.Q.PRVM.IX.BTE.Y._Z._Z.N,Q,OECD,108.497
2017-07-01,EST,Estonia,EST.Q.PRVM.IX.BTE.Y._Z._Z.N,Q,OECD,106.3783
2017-10-01,EST,Estonia,EST.Q.PRVM.IX.BTE.Y._Z._Z.N,Q,OECD,108.8943
2018-01-01,EST,Estonia,EST.Q.PRVM.IX.BTE.Y._Z._Z.N,Q,OECD,109.7329
2018-04-01,EST,Estonia,EST.Q.PRVM.IX.BTE.Y._Z._Z.N,Q,OECD,112.4697
2018-07-01,EST,Estonia,EST.Q.PRVM.IX.BTE.Y._Z._Z.N,Q,OECD,112.2048
2018-10-01,EST,Estonia,EST.Q.PRVM.IX.BTE.Y._Z._Z.N,Q,OECD,115.6036
2019-01-01,EST,Estonia,EST.Q.PRVM.IX.BTE.Y._Z._Z.N,Q,OECD,124.9172
2019-04-01,EST,Estonia,EST.Q.PRVM.IX.BTE.Y._Z._Z.N,Q,OECD,122.4012
2019-07-01,EST,Estonia,EST.Q.PRVM.IX.BTE.Y._Z._Z.N,Q,OECD,117.281
2019-10-01,EST,Estonia,EST.Q.PRVM.IX.BTE.Y._Z._Z.N,Q,OECD,117.4134
2020-01-01,EST,Estonia,EST.Q.PRVM.IX.BTE.Y._Z._Z.N,Q,OECD,120.4149
2020-04-01,EST,Estonia,EST.Q.PRVM.IX.BTE.Y._Z._Z.N,Q,OECD,109.1591
2020-07-01,EST,Estonia,EST.Q.PRVM.IX.BTE.Y._Z._Z.N,Q,OECD,117.8548
2020-10-01,EST,Estonia,EST.Q.PRVM.IX.BTE.Y._Z._Z.N,Q,OECD,121.2977
2021-01-01,EST,Estonia,EST.Q.PRVM.IX.BTE.Y._Z._Z.N,Q,OECD,127.2567
2021-04-01,EST,Estonia,EST.Q.PRVM.IX.BTE.Y._Z._Z.N,Q,OECD,132.7301
2021-07-01,EST,Estonia,EST.Q.PRVM.IX.BTE.Y._Z._Z.N,Q,OECD,132.6859
2021-10-01,EST,Estonia,EST.Q.PRVM.IX.BTE.Y._Z._Z.N,Q,OECD,135.7758
2022-01-01,EST,Estonia,EST.Q.PRVM.IX.BTE.Y._Z._Z.N,Q,OECD,137.8062
2022-04-01,EST,Estonia,EST.Q.PRVM.IX.BTE.Y._Z._Z.N,Q,OECD,141.0285
2022-07-01,EST,Estonia,EST.Q.PRVM.IX.BTE.Y._Z._Z.N,Q,OECD,131.2293
2022-10-01,EST,Estonia,EST.Q.PRVM.IX.BTE.Y._Z._Z.N,Q,OECD,126.5063
2023-01-01,EST,Estonia,EST.Q.PRVM.IX.BTE.Y._Z._Z.N,Q,OECD,125.4911
2023-04-01,EST,Estonia,EST.Q.PRVM.IX.BTE.Y._Z._Z.N,Q,OECD,120.768
2023-07-01,EST,Estonia,EST.Q.PRVM.IX.BTE.Y._Z._Z.N,Q,OECD,118.7817
2023-10-01,EST,Estonia,EST.Q.PRVM.IX.BTE.Y._Z._Z.N,Q,OECD,120.7239
2024-01-01,EST,Estonia,EST.Q.PRVM.IX.BTE.Y._Z._Z.N,Q,OECD,118.0313
2024-04-01,EST,Estonia,EST.Q.PRVM.IX.BTE.Y._Z._Z.N,Q,OECD,118.5169
2024-07-01,EST,Estonia,EST.Q.PRVM.IX.BTE.Y._Z._Z.N,Q,OECD,116.3981
2024-10-01,EST,Estonia,EST.Q.PRVM.IX.BTE.Y._Z._Z.N,Q,OECD,121.2977
2025-01-01,EST,Estonia,EST.Q.PRVM.IX.BTE.Y._Z._Z.N,Q,OECD,120.1059
2025-04-01,EST,Estonia,EST.Q.PRVM.IX.BTE.Y._Z._Z.N,Q,OECD,123.5489
2025-07-01,EST,Estonia,EST.Q.PRVM.IX.BTE.Y._Z._Z.N,Q,OECD,117.1044
2025-10-01,EST,Estonia,EST.Q.PRVM.IX.BTE.Y._Z._Z.N,Q,OECD,122.8868
1958-01-01,FIN,Finland,FIN.Q.PRVM.IX.BTE.Y._Z._Z.N,Q,OECD,12.80191
1958-04-01,FIN,Finland,FIN.Q.PRVM.IX.BTE.Y._Z._Z.N,Q,OECD,12.71195
1958-07-01,FIN,Finland,FIN.Q.PRVM.IX.BTE.Y._Z._Z.N,Q,OECD,12.76731
1958-10-01,FIN,Finland,FIN.Q.PRVM.IX.BTE.Y._Z._Z.N,Q,OECD,13.14098
1959-01-01,FIN,Finland,FIN.Q.PRVM.IX.BTE.Y._Z._Z.N,Q,OECD,13.30014
1959-04-01,FIN,Finland,FIN.Q.PRVM.IX.BTE.Y._Z._Z.N,Q,OECD,13.86066
1959-07-01,FIN,Finland,FIN.Q.PRVM.IX.BTE.Y._Z._Z.N,Q,OECD,14.22742
1959-10-01,FIN,Finland,FIN.Q.PRVM.IX.BTE.Y._Z._Z.N,Q,OECD,14.74641
1960-01-01,FIN,Finland,FIN.Q.PRVM.IX.BTE.Y._Z._Z.N,Q,OECD,15.15469
1960-04-01,FIN,Finland,FIN.Q.PRVM.IX.BTE.Y._Z._Z.N,Q,OECD,15.75672
1960-07-01,FIN,Finland,FIN.Q.PRVM.IX.BTE.Y._Z._Z.N,Q,OECD,15.84668
1960-10-01,FIN,Finland,FIN.Q.PRVM.IX.BTE.Y._Z._Z.N,Q,OECD,16.39336
1961-01-01,FIN,Finland,FIN.Q.PRVM.IX.BTE.Y._Z._Z.N,Q,OECD,17.06459
1961-04-01,FIN,Finland,FIN.Q.PRVM.IX.BTE.Y._Z._Z.N,Q,OECD,17.34139
1961-07-01,FIN,Finland,FIN.Q.PRVM.IX.BTE.Y._Z._Z.N,Q,OECD,17.79811
1961-10-01,FIN,Finland,FIN.Q.PRVM.IX.BTE.Y._Z._Z.N,Q,OECD,17.99187
1962-01-01,FIN,Finland,FIN.Q.PRVM.IX.BTE.Y._Z._Z.N,Q,OECD,18.36555
1962-04-01,FIN,Finland,FIN.Q.PRVM.IX.BTE.Y._Z._Z.N,Q,OECD,18.7669
1962-07-01,FIN,Finland,FIN.Q.PRVM.IX.BTE.Y._Z._Z.N,Q,OECD,18.67694
1962-10-01,FIN,Finland,FIN.Q.PRVM.IX.BTE.Y._Z._Z.N,Q,OECD,19.0091
1963-01-01,FIN,Finland,FIN.Q.PRVM.IX.BTE.Y._Z._Z.N,Q,OECD,18.7323
1963-04-01,FIN,Finland,FIN.Q.PRVM.IX.BTE.Y._Z._Z.N,Q,OECD,19.6665
1963-07-01,FIN,Finland,FIN.Q.PRVM.IX.BTE.Y._Z._Z.N,Q,OECD,19.70802
1963-10-01,FIN,Finland,FIN.Q.PRVM.IX.BTE.Y._Z._Z.N,Q,OECD,20.28929
1964-01-01,FIN,Finland,FIN.Q.PRVM.IX.BTE.Y._Z._Z.N,Q,OECD,20.15278
1964-04-01,FIN,Finland,FIN.Q.PRVM.IX.BTE.Y._Z._Z.N,Q,OECD,20.4938
1964-07-01,FIN,Finland,FIN.Q.PRVM.IX.BTE.Y._Z._Z.N,Q,OECD,21.14001
1964-10-01,FIN,Finland,FIN.Q.PRVM.IX.BTE.Y._Z._Z.N,Q,OECD,21.46039
1965-01-01,FIN,Finland,FIN.Q.PRVM.IX.BTE.Y._Z._Z.N,Q,OECD,21.76883
1965-04-01,FIN,Finland,FIN.Q.PRVM.IX.BTE.Y._Z._Z.N,Q,OECD,22.42806
1965-07-01,FIN,Finland,FIN.Q.PRVM.IX.BTE.Y._Z._Z.N,Q,OECD,22.73107
1965-10-01,FIN,Finland,FIN.Q.PRVM.IX.BTE.Y._Z._Z.N,Q,OECD,22.32815
1966-01-01,FIN,Finland,FIN.Q.PRVM.IX.BTE.Y._Z._Z.N,Q,OECD,22.53015
1966-04-01,FIN,Finland,FIN.Q.PRVM.IX.BTE.Y._Z._Z.N,Q,OECD,23.1959
1966-07-01,FIN,Finland,FIN.Q.PRVM.IX.BTE.Y._Z._Z.N,Q,OECD,23.38053
1966-10-01,FIN,Finland,FIN.Q.PRVM.IX.BTE.Y._Z._Z.N,Q,OECD,24.2472
1967-01-01,FIN,Finland,FIN.Q.PRVM.IX.BTE.Y._Z._Z.N,Q,OECD,24.21353
1967-04-01,FIN,Finland,FIN.Q.PRVM.IX.BTE.Y._Z._Z.N,Q,OECD,23.7411
1967-07-01,FIN,Finland,FIN.Q.PRVM.IX.BTE.Y._Z._Z.N,Q,OECD,24.25806
1967-10-01,FIN,Finland,FIN.Q.PRVM.IX.BTE.Y._Z._Z.N,Q,OECD,24.79783
1968-01-01,FIN,Finland,FIN.Q.PRVM.IX.BTE.Y._Z._Z.N,Q,OECD,24.82498
1968-04-01,FIN,Finland,FIN.Q.PRVM.IX.BTE.Y._Z._Z.N,Q,OECD,25.34194
1968-07-01,FIN,Finland,FIN.Q.PRVM.IX.BTE.Y._Z._Z.N,Q,OECD,25.3919
1968-10-01,FIN,Finland,FIN.Q.PRVM.IX.BTE.Y._Z._Z.N,Q,OECD,26.74078
1969-01-01,FIN,Finland,FIN.Q.PRVM.IX.BTE.Y._Z._Z.N,Q,OECD,27.82031
1969-04-01,FIN,Finland,FIN.Q.PRVM.IX.BTE.Y._Z._Z.N,Q,OECD,28.70545
1969-07-01,FIN,Finland,FIN.Q.PRVM.IX.BTE.Y._Z._Z.N,Q,OECD,29.65574
1969-10-01,FIN,Finland,FIN.Q.PRVM.IX.BTE.Y._Z._Z.N,Q,OECD,30.56042
1970-01-01,FIN,Finland,FIN.Q.PRVM.IX.BTE.Y._Z._Z.N,Q,OECD,31.68775
1970-04-01,FIN,Finland,FIN.Q.PRVM.IX.BTE.Y._Z._Z.N,Q,OECD,32.73253
1970-07-01,FIN,Finland,FIN.Q.PRVM.IX.BTE.Y._Z._Z.N,Q,OECD,33.45149
1970-10-01,FIN,Finland,FIN.Q.PRVM.IX.BTE.Y._Z._Z.N,Q,OECD,32.76077
1971-01-01,FIN,Finland,FIN.Q.PRVM.IX.BTE.Y._Z._Z.N,Q,OECD,29.08013
1971-04-01,FIN,Finland,FIN.Q.PRVM.IX.BTE.Y._Z._Z.N,Q,OECD,34.44089
1971-07-01,FIN,Finland,FIN.Q.PRVM.IX.BTE.Y._Z._Z.N,Q,OECD,34.87857
1971-10-01,FIN,Finland,FIN.Q.PRVM.IX.BTE.Y._Z._Z.N,Q,OECD,34.21282
1972-01-01,FIN,Finland,FIN.Q.PRVM.IX.BTE.Y._Z._Z.N,Q,OECD,35.86796
1972-04-01,FIN,Finland,FIN.Q.PRVM.IX.BTE.Y._Z._Z.N,Q,OECD,36.84432
1972-07-01,FIN,Finland,FIN.Q.PRVM.IX.BTE.Y._Z._Z.N,Q,OECD,36.87473
1972-10-01,FIN,Finland,FIN.Q.PRVM.IX.BTE.Y._Z._Z.N,Q,OECD,38.68409
1973-01-01,FIN,Finland,FIN.Q.PRVM.IX.BTE.Y._Z._Z.N,Q,OECD,38.84374
1973-04-01,FIN,Finland,FIN.Q.PRVM.IX.BTE.Y._Z._Z.N,Q,OECD,38.53313
1973-07-01,FIN,Finland,FIN.Q.PRVM.IX.BTE.Y._Z._Z.N,Q,OECD,40.28493
1973-10-01,FIN,Finland,FIN.Q.PRVM.IX.BTE.Y._Z._Z.N,Q,OECD,41.14618
1974-01-01,FIN,Finland,FIN.Q.PRVM.IX.BTE.Y._Z._Z.N,Q,OECD,41.2765
1974-04-01,FIN,Finland,FIN.Q.PRVM.IX.BTE.Y._Z._Z.N,Q,OECD,41.49588
1974-07-01,FIN,Finland,FIN.Q.PRVM.IX.BTE.Y._Z._Z.N,Q,OECD,42.40382
1974-10-01,FIN,Finland,FIN.Q.PRVM.IX.BTE.Y._Z._Z.N,Q,OECD,41.33406
1975-01-01,FIN,Finland,FIN.Q.PRVM.IX.BTE.Y._Z._Z.N,Q,OECD,41.3039
1975-04-01,FIN,Finland,FIN.Q.PRVM.IX.BTE.Y._Z._Z.N,Q,OECD,39.5808
1975-07-01,FIN,Finland,FIN.Q.PRVM.IX.BTE.Y._Z._Z.N,Q,OECD,39.66526
1975-10-01,FIN,Finland,FIN.Q.PRVM.IX.BTE.Y._Z._Z.N,Q,OECD,38.8206
1976-01-01,FIN,Finland,FIN.Q.PRVM.IX.BTE.Y._Z._Z.N,Q,OECD,39.51322
1976-04-01,FIN,Finland,FIN.Q.PRVM.IX.BTE.Y._Z._Z.N,Q,OECD,40.03691
1976-07-01,FIN,Finland,FIN.Q.PRVM.IX.BTE.Y._Z._Z.N,Q,OECD,40.03691
1976-10-01,FIN,Finland,FIN.Q.PRVM.IX.BTE.Y._Z._Z.N,Q,OECD,40.88157
1977-01-01,FIN,Finland,FIN.Q.PRVM.IX.BTE.Y._Z._Z.N,Q,OECD,40.23963
1977-04-01,FIN,Finland,FIN.Q.PRVM.IX.BTE.Y._Z._Z.N,Q,OECD,39.5808
1977-07-01,FIN,Finland,FIN.Q.PRVM.IX.BTE.Y._Z._Z.N,Q,OECD,40.40856
1977-10-01,FIN,Finland,FIN.Q.PRVM.IX.BTE.Y._Z._Z.N,Q,OECD,41.18565
1978-01-01,FIN,Finland,FIN.Q.PRVM.IX.BTE.Y._Z._Z.N,Q,OECD,41.82759
1978-04-01,FIN,Finland,FIN.Q.PRVM.IX.BTE.Y._Z._Z.N,Q,OECD,41.7938
1978-07-01,FIN,Finland,FIN.Q.PRVM.IX.BTE.Y._Z._Z.N,Q,OECD,41.5573
1978-10-01,FIN,Finland,FIN.Q.PRVM.IX.BTE.Y._Z._Z.N,Q,OECD,44.19264
1979-01-01,FIN,Finland,FIN.Q.PRVM.IX.BTE.Y._Z._Z.N,Q,OECD,46.21983
1979-04-01,FIN,Finland,FIN.Q.PRVM.IX.BTE.Y._Z._Z.N,Q,OECD,46.86177
1979-07-01,FIN,Finland,FIN.Q.PRVM.IX.BTE.Y._Z._Z.N,Q,OECD,47.2841
1979-10-01,FIN,Finland,FIN.Q.PRVM.IX.BTE.Y._Z._Z.N,Q,OECD,48.04429
1980-01-01,FIN,Finland,FIN.Q.PRVM.IX.BTE.Y._Z._Z.N,Q,OECD,49.61536
1980-04-01,FIN,Finland,FIN.Q.PRVM.IX.BTE.Y._Z._Z.N,Q,OECD,50.47692
1980-07-01,FIN,Finland,FIN.Q.PRVM.IX.BTE.Y._Z._Z.N,Q,OECD,52.5041
1980-10-01,FIN,Finland,FIN.Q.PRVM.IX.BTE.Y._Z._Z.N,Q,OECD,51.38915
1981-01-01,FIN,Finland,FIN.Q.PRVM.IX.BTE.Y._Z._Z.N,Q,OECD,51.25401
1981-04-01,FIN,Finland,FIN.Q.PRVM.IX.BTE.Y._Z._Z.N,Q,OECD,51.7608
1981-07-01,FIN,Finland,FIN.Q.PRVM.IX.BTE.Y._Z._Z.N,Q,OECD,53.21362
1981-10-01,FIN,Finland,FIN.Q.PRVM.IX.BTE.Y._Z._Z.N,Q,OECD,52.60546
1982-01-01,FIN,Finland,FIN.Q.PRVM.IX.BTE.Y._Z._Z.N,Q,OECD,53.11226
1982-04-01,FIN,Finland,FIN.Q.PRVM.IX.BTE.Y._Z._Z.N,Q,OECD,52.53789
1982-07-01,FIN,Finland,FIN.Q.PRVM.IX.BTE.Y._Z._Z.N,Q,OECD,52.36896
1982-10-01,FIN,Finland,FIN.Q.PRVM.IX.BTE.Y._Z._Z.N,Q,OECD,52.41964
1983-01-01,FIN,Finland,FIN.Q.PRVM.IX.BTE.Y._Z._Z.N,Q,OECD,52.92643
1983-04-01,FIN,Finland,FIN.Q.PRVM.IX.BTE.Y._Z._Z.N,Q,OECD,54.81847
1983-07-01,FIN,Finland,FIN.Q.PRVM.IX.BTE.Y._Z._Z.N,Q,OECD,54.63264
1983-10-01,FIN,Finland,FIN.Q.PRVM.IX.BTE.Y._Z._Z.N,Q,OECD,54.86915
1984-01-01,FIN,Finland,FIN.Q.PRVM.IX.BTE.Y._Z._Z.N,Q,OECD,55.52799
1984-04-01,FIN,Finland,FIN.Q.PRVM.IX.BTE.Y._Z._Z.N,Q,OECD,56.38954
1984-07-01,FIN,Finland,FIN.Q.PRVM.IX.BTE.Y._Z._Z.N,Q,OECD,56.94702
1984-10-01,FIN,Finland,FIN.Q.PRVM.IX.BTE.Y._Z._Z.N,Q,OECD,58.83906
1985-01-01,FIN,Finland,FIN.Q.PRVM.IX.BTE.Y._Z._Z.N,Q,OECD,59.19747
1985-04-01,FIN,Finland,FIN.Q.PRVM.IX.BTE.Y._Z._Z.N,Q,OECD,60.14148
1985-07-01,FIN,Finland,FIN.Q.PRVM.IX.BTE.Y._Z._Z.N,Q,OECD,58.56813
1985-10-01,FIN,Finland,FIN.Q.PRVM.IX.BTE.Y._Z._Z.N,Q,OECD,59.13847
1986-01-01,FIN,Finland,FIN.Q.PRVM.IX.BTE.Y._Z._Z.N,Q,OECD,59.33514
1986-04-01,FIN,Finland,FIN.Q.PRVM.IX.BTE.Y._Z._Z.N,Q,OECD,59.21714
1986-07-01,FIN,Finland,FIN.Q.PRVM.IX.BTE.Y._Z._Z.N,Q,OECD,60.86916
1986-10-01,FIN,Finland,FIN.Q.PRVM.IX.BTE.Y._Z._Z.N,Q,OECD,61.5575
1987-01-01,FIN,Finland,FIN.Q.PRVM.IX.BTE.Y._Z._Z.N,Q,OECD,62.04918
1987-04-01,FIN,Finland,FIN.Q.PRVM.IX.BTE.Y._Z._Z.N,Q,OECD,62.83585
1987-07-01,FIN,Finland,FIN.Q.PRVM.IX.BTE.Y._Z._Z.N,Q,OECD,63.68153
1987-10-01,FIN,Finland,FIN.Q.PRVM.IX.BTE.Y._Z._Z.N,Q,OECD,62.99319
1988-01-01,FIN,Finland,FIN.Q.PRVM.IX.BTE.Y._Z._Z.N,Q,OECD,64.4092
1988-04-01,FIN,Finland,FIN.Q.PRVM.IX.BTE.Y._Z._Z.N,Q,OECD,65.33355
1988-07-01,FIN,Finland,FIN.Q.PRVM.IX.BTE.Y._Z._Z.N,Q,OECD,65.19588
1988-10-01,FIN,Finland,FIN.Q.PRVM.IX.BTE.Y._Z._Z.N,Q,OECD,66.9659
1989-01-01,FIN,Finland,FIN.Q.PRVM.IX.BTE.Y._Z._Z.N,Q,OECD,66.27757
1989-04-01,FIN,Finland,FIN.Q.PRVM.IX.BTE.Y._Z._Z.N,Q,OECD,65.37289
1989-07-01,FIN,Finland,FIN.Q.PRVM.IX.BTE.Y._Z._Z.N,Q,OECD,70.93863
1989-10-01,FIN,Finland,FIN.Q.PRVM.IX.BTE.Y._Z._Z.N,Q,OECD,66.10056
1990-01-01,FIN,Finland,FIN.Q.PRVM.IX.BTE.Y._Z._Z.N,Q,OECD,68.6811
1990-04-01,FIN,Finland,FIN.Q.PRVM.IX.BTE.Y._Z._Z.N,Q,OECD,67.81281
1990-07-01,FIN,Finland,FIN.Q.PRVM.IX.BTE.Y._Z._Z.N,Q,OECD,66.81408
1990-10-01,FIN,Finland,FIN.Q.PRVM.IX.BTE.Y._Z._Z.N,Q,OECD,66.18801
1991-01-01,FIN,Finland,FIN.Q.PRVM.IX.BTE.Y._Z._Z.N,Q,OECD,63.95578
1991-04-01,FIN,Finland,FIN.Q.PRVM.IX.BTE.Y._Z._Z.N,Q,OECD,60.96333
1991-07-01,FIN,Finland,FIN.Q.PRVM.IX.BTE.Y._Z._Z.N,Q,OECD,61.48505
1991-10-01,FIN,Finland,FIN.Q.PRVM.IX.BTE.Y._Z._Z.N,Q,OECD,60.56085
1992-01-01,FIN,Finland,FIN.Q.PRVM.IX.BTE.Y._Z._Z.N,Q,OECD,61.8279
1992-04-01,FIN,Finland,FIN.Q.PRVM.IX.BTE.Y._Z._Z.N,Q,OECD,62.01795
1992-07-01,FIN,Finland,FIN.Q.PRVM.IX.BTE.Y._Z._Z.N,Q,OECD,61.99559
1992-10-01,FIN,Finland,FIN.Q.PRVM.IX.BTE.Y._Z._Z.N,Q,OECD,62.59185
1993-01-01,FIN,Finland,FIN.Q.PRVM.IX.BTE.Y._Z._Z.N,Q,OECD,63.15829
1993-04-01,FIN,Finland,FIN.Q.PRVM.IX.BTE.Y._Z._Z.N,Q,OECD,64.18311
1993-07-01,FIN,Finland,FIN.Q.PRVM.IX.BTE.Y._Z._Z.N,Q,OECD,66.15447
1993-10-01,FIN,Finland,FIN.Q.PRVM.IX.BTE.Y._Z._Z.N,Q,OECD,68.14447
1994-01-01,FIN,Finland,FIN.Q.PRVM.IX.BTE.Y._Z._Z.N,Q,OECD,69.57175
1994-04-01,FIN,Finland,FIN.Q.PRVM.IX.BTE.Y._Z._Z.N,Q,OECD,72.04249
1994-07-01,FIN,Finland,FIN.Q.PRVM.IX.BTE.Y._Z._Z.N,Q,OECD,73.94305
1994-10-01,FIN,Finland,FIN.Q.PRVM.IX.BTE.Y._Z._Z.N,Q,OECD,75.88461
1995-01-01,FIN,Finland,FIN.Q.PRVM.IX.BTE.Y._Z._Z.N,Q,OECD,79.29684
1995-04-01,FIN,Finland,FIN.Q.PRVM.IX.BTE.Y._Z._Z.N,Q,OECD,77.46436
1995-07-01,FIN,Finland,FIN.Q.PRVM.IX.BTE.Y._Z._Z.N,Q,OECD,77.56431
1995-10-01,FIN,Finland,FIN.Q.PRVM.IX.BTE.Y._Z._Z.N,Q,OECD,75.89841
1996-01-01,FIN,Finland,FIN.Q.PRVM.IX.BTE.Y._Z._Z.N,Q,OECD,77.16449
1996-04-01,FIN,Finland,FIN.Q.PRVM.IX.BTE.Y._Z._Z.N,Q,OECD,77.49767
1996-07-01,FIN,Finland,FIN.Q.PRVM.IX.BTE.Y._Z._Z.N,Q,OECD,78.63049
1996-10-01,FIN,Finland,FIN.Q.PRVM.IX.BTE.Y._Z._Z.N,Q,OECD,80.09647
1997-01-01,FIN,Finland,FIN.Q.PRVM.IX.BTE.Y._Z._Z.N,Q,OECD,80.56293
1997-04-01,FIN,Finland,FIN.Q.PRVM.IX.BTE.Y._Z._Z.N,Q,OECD,83.39496
1997-07-01,FIN,Finland,FIN.Q.PRVM.IX.BTE.Y._Z._Z.N,Q,OECD,84.16127
1997-10-01,FIN,Finland,FIN.Q.PRVM.IX.BTE.Y._Z._Z.N,Q,OECD,86.86003
1998-01-01,FIN,Finland,FIN.Q.PRVM.IX.BTE.Y._Z._Z.N,Q,OECD,87.95953
1998-04-01,FIN,Finland,FIN.Q.PRVM.IX.BTE.Y._Z._Z.N,Q,OECD,89.32556
1998-07-01,FIN,Finland,FIN.Q.PRVM.IX.BTE.Y._Z._Z.N,Q,OECD,88.75916
1998-10-01,FIN,Finland,FIN.Q.PRVM.IX.BTE.Y._Z._Z.N,Q,OECD,88.52593
1999-01-01,FIN,Finland,FIN.Q.PRVM.IX.BTE.Y._Z._Z.N,Q,OECD,90.15852
1999-04-01,FIN,Finland,FIN.Q.PRVM.IX.BTE.Y._Z._Z.N,Q,OECD,91.75777
1999-07-01,FIN,Finland,FIN.Q.PRVM.IX.BTE.Y._Z._Z.N,Q,OECD,91.59119
1999-10-01,FIN,Finland,FIN.Q.PRVM.IX.BTE.Y._Z._Z.N,Q,OECD,94.09003
2000-01-01,FIN,Finland,FIN.Q.PRVM.IX.BTE.Y._Z._Z.N,Q,OECD,95.82501
2000-04-01,FIN,Finland,FIN.Q.PRVM.IX.BTE.Y._Z._Z.N,Q,OECD,98.41179
2000-07-01,FIN,Finland,FIN.Q.PRVM.IX.BTE.Y._Z._Z.N,Q,OECD,101.2649
2000-10-01,FIN,Finland,FIN.Q.PRVM.IX.BTE.Y._Z._Z.N,Q,OECD,103.2049
2001-01-01,FIN,Finland,FIN.Q.PRVM.IX.BTE.Y._Z._Z.N,Q,OECD,102.6724
2001-04-01,FIN,Finland,FIN.Q.PRVM.IX.BTE.Y._Z._Z.N,Q,OECD,98.67808
2001-07-01,FIN,Finland,FIN.Q.PRVM.IX.BTE.Y._Z._Z.N,Q,OECD,99.28674
2001-10-01,FIN,Finland,FIN.Q.PRVM.IX.BTE.Y._Z._Z.N,Q,OECD,97.9553
2002-01-01,FIN,Finland,FIN.Q.PRVM.IX.BTE.Y._Z._Z.N,Q,OECD,99.51498
2002-04-01,FIN,Finland,FIN.Q.PRVM.IX.BTE.Y._Z._Z.N,Q,OECD,101.3409
2002-07-01,FIN,Finland,FIN.Q.PRVM.IX.BTE.Y._Z._Z.N,Q,OECD,101.2649
2002-10-01,FIN,Finland,FIN.Q.PRVM.IX.BTE.Y._Z._Z.N,Q,OECD,102.1398
2003-01-01,FIN,Finland,FIN.Q.PRVM.IX.BTE.Y._Z._Z.N,Q,OECD,100.3519
2003-04-01,FIN,Finland,FIN.Q.PRVM.IX.BTE.Y._Z._Z.N,Q,OECD,100.8845
2003-07-01,FIN,Finland,FIN.Q.PRVM.IX.BTE.Y._Z._Z.N,Q,OECD,101.5692
2003-10-01,FIN,Finland,FIN.Q.PRVM.IX.BTE.Y._Z._Z.N,Q,OECD,101.9116
2004-01-01,FIN,Finland,FIN.Q.PRVM.IX.BTE.Y._Z._Z.N,Q,OECD,102.5963
2004-04-01,FIN,Finland,FIN.Q.PRVM.IX.BTE.Y._Z._Z.N,Q,OECD,106.6667
2004-07-01,FIN,Finland,FIN.Q.PRVM.IX.BTE.Y._Z._Z.N,Q,OECD,107.1992
2004-10-01,FIN,Finland,FIN.Q.PRVM.IX.BTE.Y._Z._Z.N,Q,OECD,108.797
2005-01-01,FIN,Finland,FIN.Q.PRVM.IX.BTE.Y._Z._Z.N,Q,OECD,105.2972
2005-04-01,FIN,Finland,FIN.Q.PRVM.IX.BTE.Y._Z._Z.N,Q,OECD,101.7974
2005-07-01,FIN,Finland,FIN.Q.PRVM.IX.BTE.Y._Z._Z.N,Q,OECD,106.4384
2005-10-01,FIN,Finland,FIN.Q.PRVM.IX.BTE.Y._Z._Z.N,Q,OECD,110.0143
2006-01-01,FIN,Finland,FIN.Q.PRVM.IX.BTE.Y._Z._Z.N,Q,OECD,117.4322
2006-04-01,FIN,Finland,FIN.Q.PRVM.IX.BTE.Y._Z._Z.N,Q,OECD,117.166
2006-07-01,FIN,Finland,FIN.Q.PRVM.IX.BTE.Y._Z._Z.N,Q,OECD,117.166
2006-10-01,FIN,Finland,FIN.Q.PRVM.IX.BTE.Y._Z._Z.N,Q,OECD,114.9976
2007-01-01,FIN,Finland,FIN.Q.PRVM.IX.BTE.Y._Z._Z.N,Q,OECD,121.2363
2007-04-01,FIN,Finland,FIN.Q.PRVM.IX.BTE.Y._Z._Z.N,Q,OECD,120.6277
2007-07-01,FIN,Finland,FIN.Q.PRVM.IX.BTE.Y._Z._Z.N,Q,OECD,121.6928
2007-10-01,FIN,Finland,FIN.Q.PRVM.IX.BTE.Y._Z._Z.N,Q,OECD,123.4807
2008-01-01,FIN,Finland,FIN.Q.PRVM.IX.BTE.Y._Z._Z.N,Q,OECD,125.6491
2008-04-01,FIN,Finland,FIN.Q.PRVM.IX.BTE.Y._Z._Z.N,Q,OECD,125.7252
2008-07-01,FIN,Finland,FIN.Q.PRVM.IX.BTE.Y._Z._Z.N,Q,OECD,124.5839
2008-10-01,FIN,Finland,FIN.Q.PRVM.IX.BTE.Y._Z._Z.N,Q,OECD,115.7584
2009-01-01,FIN,Finland,FIN.Q.PRVM.IX.BTE.Y._Z._Z.N,Q,OECD,102.2539
2009-04-01,FIN,Finland,FIN.Q.PRVM.IX.BTE.Y._Z._Z.N,Q,OECD,98.67808
2009-07-01,FIN,Finland,FIN.Q.PRVM.IX.BTE.Y._Z._Z.N,Q,OECD,100.8845
2009-10-01,FIN,Finland,FIN.Q.PRVM.IX.BTE.Y._Z._Z.N,Q,OECD,101.7594
2010-01-01,FIN,Finland,FIN.Q.PRVM.IX.BTE.Y._Z._Z.N,Q,OECD,102.6724
2010-04-01,FIN,Finland,FIN.Q.PRVM.IX.BTE.Y._Z._Z.N,Q,OECD,107.3894
2010-07-01,FIN,Finland,FIN.Q.PRVM.IX.BTE.Y._Z._Z.N,Q,OECD,106.3243
2010-10-01,FIN,Finland,FIN.Q.PRVM.IX.BTE.Y._Z._Z.N,Q,OECD,109.4436
2011-01-01,FIN,Finland,FIN.Q.PRVM.IX.BTE.Y._Z._Z.N,Q,OECD,109.9001
2011-04-01,FIN,Finland,FIN.Q.PRVM.IX.BTE.Y._Z._Z.N,Q,OECD,108.835
2011-07-01,FIN,Finland,FIN.Q.PRVM.IX.BTE.Y._Z._Z.N,Q,OECD,106.1341
2011-10-01,FIN,Finland,FIN.Q.PRVM.IX.BTE.Y._Z._Z.N,Q,OECD,109.3676
2012-01-01,FIN,Finland,FIN.Q.PRVM.IX.BTE.Y._Z._Z.N,Q,OECD,106.4765
2012-04-01,FIN,Finland,FIN.Q.PRVM.IX.BTE.Y._Z._Z.N,Q,OECD,107.7699
2012-07-01,FIN,Finland,FIN.Q.PRVM.IX.BTE.Y._Z._Z.N,Q,OECD,106.02
2012-10-01,FIN,Finland,FIN.Q.PRVM.IX.BTE.Y._Z._Z.N,Q,OECD,104.194
2013-01-01,FIN,Finland,FIN.Q.PRVM.IX.BTE.Y._Z._Z.N,Q,OECD,104.6125
2013-04-01,FIN,Finland,FIN.Q.PRVM.IX.BTE.Y._Z._Z.N,Q,OECD,102.4822
2013-07-01,FIN,Finland,FIN.Q.PRVM.IX.BTE.Y._Z._Z.N,Q,OECD,102.9767
2013-10-01,FIN,Finland,FIN.Q.PRVM.IX.BTE.Y._Z._Z.N,Q,OECD,101.5311
2014-01-01,FIN,Finland,FIN.Q.PRVM.IX.BTE.Y._Z._Z.N,Q,OECD,101.2649
2014-04-01,FIN,Finland,FIN.Q.PRVM.IX.BTE.Y._Z._Z.N,Q,OECD,101.5692
2014-07-01,FIN,Finland,FIN.Q.PRVM.IX.BTE.Y._Z._Z.N,Q,OECD,101.1888
2014-10-01,FIN,Finland,FIN.Q.PRVM.IX.BTE.Y._Z._Z.N,Q,OECD,100.0476
2015-01-01,FIN,Finland,FIN.Q.PRVM.IX.BTE.Y._Z._Z.N,Q,OECD,98.83025
2015-04-01,FIN,Finland,FIN.Q.PRVM.IX.BTE.Y._Z._Z.N,Q,OECD,100.5421
2015-07-01,FIN,Finland,FIN.Q.PRVM.IX.BTE.Y._Z._Z.N,Q,OECD,100.3899
2015-10-01,FIN,Finland,FIN.Q.PRVM.IX.BTE.Y._Z._Z.N,Q,OECD,100.2378
2016-01-01,FIN,Finland,FIN.Q.PRVM.IX.BTE.Y._Z._Z.N,Q,OECD,100.7323
2016-04-01,FIN,Finland,FIN.Q.PRVM.IX.BTE.Y._Z._Z.N,Q,OECD,104.9548
2016-07-01,FIN,Finland,FIN.Q.PRVM.IX.BTE.Y._Z._Z.N,Q,OECD,105.3733
2016-10-01,FIN,Finland,FIN.Q.PRVM.IX.BTE.Y._Z._Z.N,Q,OECD,105.4494
2017-01-01,FIN,Finland,FIN.Q.PRVM.IX.BTE.Y._Z._Z.N,Q,OECD,106.2863
2017-04-01,FIN,Finland,FIN.Q.PRVM.IX.BTE.Y._Z._Z.N,Q,OECD,107.0471
2017-07-01,FIN,Finland,FIN.Q.PRVM.IX.BTE.Y._Z._Z.N,Q,OECD,107.7699
2017-10-01,FIN,Finland,FIN.Q.PRVM.IX.BTE.Y._Z._Z.N,Q,OECD,109.8621
2018-01-01,FIN,Finland,FIN.Q.PRVM.IX.BTE.Y._Z._Z.N,Q,OECD,112.0304
2018-04-01,FIN,Finland,FIN.Q.PRVM.IX.BTE.Y._Z._Z.N,Q,OECD,110.3947
2018-07-01,FIN,Finland,FIN.Q.PRVM.IX.BTE.Y._Z._Z.N,Q,OECD,111.0414
2018-10-01,FIN,Finland,FIN.Q.PRVM.IX.BTE.Y._Z._Z.N,Q,OECD,111.65
2019-01-01,FIN,Finland,FIN.Q.PRVM.IX.BTE.Y._Z._Z.N,Q,OECD,112.1065
2019-04-01,FIN,Finland,FIN.Q.PRVM.IX.BTE.Y._Z._Z.N,Q,OECD,113.5901
2019-07-01,FIN,Finland,FIN.Q.PRVM.IX.BTE.Y._Z._Z.N,Q,OECD,114.389
2019-10-01,FIN,Finland,FIN.Q.PRVM.IX.BTE.Y._Z._Z.N,Q,OECD,112.4108
2020-01-01,FIN,Finland,FIN.Q.PRVM.IX.BTE.Y._Z._Z.N,Q,OECD,111.0794
2020-04-01,FIN,Finland,FIN.Q.PRVM.IX.BTE.Y._Z._Z.N,Q,OECD,107.6938
2020-07-01,FIN,Finland,FIN.Q.PRVM.IX.BTE.Y._Z._Z.N,Q,OECD,109.0252
2020-10-01,FIN,Finland,FIN.Q.PRVM.IX.BTE.Y._Z._Z.N,Q,OECD,109.9382
2021-01-01,FIN,Finland,FIN.Q.PRVM.IX.BTE.Y._Z._Z.N,Q,OECD,111.612
2021-04-01,FIN,Finland,FIN.Q.PRVM.IX.BTE.Y._Z._Z.N,Q,OECD,112.3728
2021-07-01,FIN,Finland,FIN.Q.PRVM.IX.BTE.Y._Z._Z.N,Q,OECD,114.2748
2021-10-01,FIN,Finland,FIN.Q.PRVM.IX.BTE.Y._Z._Z.N,Q,OECD,117.7746
2022-01-01,FIN,Finland,FIN.Q.PRVM.IX.BTE.Y._Z._Z.N,Q,OECD,117.8126
2022-04-01,FIN,Finland,FIN.Q.PRVM.IX.BTE.Y._Z._Z.N,Q,OECD,120.8179
2022-07-01,FIN,Finland,FIN.Q.PRVM.IX.BTE.Y._Z._Z.N,Q,OECD,117.9648
2022-10-01,FIN,Finland,FIN.Q.PRVM.IX.BTE.Y._Z._Z.N,Q,OECD,117.0899
2023-01-01,FIN,Finland,FIN.Q.PRVM.IX.BTE.Y._Z._Z.N,Q,OECD,118.0789
2023-04-01,FIN,Finland,FIN.Q.PRVM.IX.BTE.Y._Z._Z.N,Q,OECD,116.5573
2023-07-01,FIN,Finland,FIN.Q.PRVM.IX.BTE.Y._Z._Z.N,Q,OECD,114.7313
2023-10-01,FIN,Finland,FIN.Q.PRVM.IX.BTE.Y._Z._Z.N,Q,OECD,113.9705
2024-01-01,FIN,Finland,FIN.Q.PRVM.IX.BTE.Y._Z._Z.N,Q,OECD,114.1607
2024-04-01,FIN,Finland,FIN.Q.PRVM.IX.BTE.Y._Z._Z.N,Q,OECD,112.4108
2024-07-01,FIN,Finland,FIN.Q.PRVM.IX.BTE.Y._Z._Z.N,Q,OECD,117.3181
2024-10-01,FIN,Finland,FIN.Q.PRVM.IX.BTE.Y._Z._Z.N,Q,OECD,115.2259
2025-01-01,FIN,Finland,FIN.Q.PRVM.IX.BTE.Y._Z._Z.N,Q,OECD,115.6443
2025-04-01,FIN,Finland,FIN.Q.PRVM.IX.BTE.Y._Z._Z.N,Q,OECD,117.2801
2025-07-01,FIN,Finland,FIN.Q.PRVM.IX.BTE.Y._Z._Z.N,Q,OECD,115.0357
2025-10-01,FIN,Finland,FIN.Q.PRVM.IX.BTE.Y._Z._Z.N,Q,OECD,117.5083
1956-01-01,FRA,France,FRA.Q.PRVM.IX.BTE.Y._Z._Z.N,Q,OECD,27.49617
1956-04-01,FRA,France,FRA.Q.PRVM.IX.BTE.Y._Z._Z.N,Q,OECD,28.72388
1956-07-01,FRA,France,FRA.Q.PRVM.IX.BTE.Y._Z._Z.N,Q,OECD,29.47598
1956-10-01,FRA,France,FRA.Q.PRVM.IX.BTE.Y._Z._Z.N,Q,OECD,30.06219
1957-01-01,FRA,France,FRA.Q.PRVM.IX.BTE.Y._Z._Z.N,Q,OECD,30.72581
1957-04-01,FRA,France,FRA.Q.PRVM.IX.BTE.Y._Z._Z.N,Q,OECD,31.02444
1957-07-01,FRA,France,FRA.Q.PRVM.IX.BTE.Y._Z._Z.N,Q,OECD,32.06412
1957-10-01,FRA,France,FRA.Q.PRVM.IX.BTE.Y._Z._Z.N,Q,OECD,32.49548
1958-01-01,FRA,France,FRA.Q.PRVM.IX.BTE.Y._Z._Z.N,Q,OECD,33.36925
1958-04-01,FRA,France,FRA.Q.PRVM.IX.BTE.Y._Z._Z.N,Q,OECD,32.97107
1958-07-01,FRA,France,FRA.Q.PRVM.IX.BTE.Y._Z._Z.N,Q,OECD,32.71668
1958-10-01,FRA,France,FRA.Q.PRVM.IX.BTE.Y._Z._Z.N,Q,OECD,32.27427
1959-01-01,FRA,France,FRA.Q.PRVM.IX.BTE.Y._Z._Z.N,Q,OECD,31.9867
1959-04-01,FRA,France,FRA.Q.PRVM.IX.BTE.Y._Z._Z.N,Q,OECD,32.97107
1959-07-01,FRA,France,FRA.Q.PRVM.IX.BTE.Y._Z._Z.N,Q,OECD,33.29182
1959-10-01,FRA,France,FRA.Q.PRVM.IX.BTE.Y._Z._Z.N,Q,OECD,34.48635
1960-01-01,FRA,France,FRA.Q.PRVM.IX.BTE.Y._Z._Z.N,Q,OECD,35.11679
1960-04-01,FRA,France,FRA.Q.PRVM.IX.BTE.Y._Z._Z.N,Q,OECD,35.71405
1960-07-01,FRA,France,FRA.Q.PRVM.IX.BTE.Y._Z._Z.N,Q,OECD,36.63207
1960-10-01,FRA,France,FRA.Q.PRVM.IX.BTE.Y._Z._Z.N,Q,OECD,37.21827
1961-01-01,FRA,France,FRA.Q.PRVM.IX.BTE.Y._Z._Z.N,Q,OECD,37.80447
1961-04-01,FRA,France,FRA.Q.PRVM.IX.BTE.Y._Z._Z.N,Q,OECD,38.00356
1961-07-01,FRA,France,FRA.Q.PRVM.IX.BTE.Y._Z._Z.N,Q,OECD,38.66718
1961-10-01,FRA,France,FRA.Q.PRVM.IX.BTE.Y._Z._Z.N,Q,OECD,39.13172
1962-01-01,FRA,France,FRA.Q.PRVM.IX.BTE.Y._Z._Z.N,Q,OECD,39.93913
1962-04-01,FRA,France,FRA.Q.PRVM.IX.BTE.Y._Z._Z.N,Q,OECD,40.19352
1962-07-01,FRA,France,FRA.Q.PRVM.IX.BTE.Y._Z._Z.N,Q,OECD,40.84608
1962-10-01,FRA,France,FRA.Q.PRVM.IX.BTE.Y._Z._Z.N,Q,OECD,41.18895
1963-01-01,FRA,France,FRA.Q.PRVM.IX.BTE.Y._Z._Z.N,Q,OECD,39.34133
1963-04-01,FRA,France,FRA.Q.PRVM.IX.BTE.Y._Z._Z.N,Q,OECD,42.61978
1963-07-01,FRA,France,FRA.Q.PRVM.IX.BTE.Y._Z._Z.N,Q,OECD,44.18773
1963-10-01,FRA,France,FRA.Q.PRVM.IX.BTE.Y._Z._Z.N,Q,OECD,44.30991
1964-01-01,FRA,France,FRA.Q.PRVM.IX.BTE.Y._Z._Z.N,Q,OECD,45.49096
1964-04-01,FRA,France,FRA.Q.PRVM.IX.BTE.Y._Z._Z.N,Q,OECD,45.65387
1964-07-01,FRA,France,FRA.Q.PRVM.IX.BTE.Y._Z._Z.N,Q,OECD,44.83934
1964-10-01,FRA,France,FRA.Q.PRVM.IX.BTE.Y._Z._Z.N,Q,OECD,45.18552
1965-01-01,FRA,France,FRA.Q.PRVM.IX.BTE.Y._Z._Z.N,Q,OECD,44.94116
1965-04-01,FRA,France,FRA.Q.PRVM.IX.BTE.Y._Z._Z.N,Q,OECD,45.67423
1965-07-01,FRA,France,FRA.Q.PRVM.IX.BTE.Y._Z._Z.N,Q,OECD,46.22403
1965-10-01,FRA,France,FRA.Q.PRVM.IX.BTE.Y._Z._Z.N,Q,OECD,47.52726
1966-01-01,FRA,France,FRA.Q.PRVM.IX.BTE.Y._Z._Z.N,Q,OECD,47.73089
1966-04-01,FRA,France,FRA.Q.PRVM.IX.BTE.Y._Z._Z.N,Q,OECD,48.54541
1966-07-01,FRA,France,FRA.Q.PRVM.IX.BTE.Y._Z._Z.N,Q,OECD,49.58392
1966-10-01,FRA,France,FRA.Q.PRVM.IX.BTE.Y._Z._Z.N,Q,OECD,49.42102
1967-01-01,FRA,France,FRA.Q.PRVM.IX.BTE.Y._Z._Z.N,Q,OECD,49.25812
1967-04-01,FRA,France,FRA.Q.PRVM.IX.BTE.Y._Z._Z.N,Q,OECD,49.40066
1967-07-01,FRA,France,FRA.Q.PRVM.IX.BTE.Y._Z._Z.N,Q,OECD,50.21518
1967-10-01,FRA,France,FRA.Q.PRVM.IX.BTE.Y._Z._Z.N,Q,OECD,50.82607
1968-01-01,FRA,France,FRA.Q.PRVM.IX.BTE.Y._Z._Z.N,Q,OECD,52.02748
1968-04-01,FRA,France,FRA.Q.PRVM.IX.BTE.Y._Z._Z.N,Q,OECD,44.67644
1968-07-01,FRA,France,FRA.Q.PRVM.IX.BTE.Y._Z._Z.N,Q,OECD,54.3896
1968-10-01,FRA,France,FRA.Q.PRVM.IX.BTE.Y._Z._Z.N,Q,OECD,56.46662
1969-01-01,FRA,France,FRA.Q.PRVM.IX.BTE.Y._Z._Z.N,Q,OECD,56.039
1969-04-01,FRA,France,FRA.Q.PRVM.IX.BTE.Y._Z._Z.N,Q,OECD,58.31966
1969-07-01,FRA,France,FRA.Q.PRVM.IX.BTE.Y._Z._Z.N,Q,OECD,58.27893
1969-10-01,FRA,France,FRA.Q.PRVM.IX.BTE.Y._Z._Z.N,Q,OECD,58.84909
1970-01-01,FRA,France,FRA.Q.PRVM.IX.BTE.Y._Z._Z.N,Q,OECD,60.51886
1970-04-01,FRA,France,FRA.Q.PRVM.IX.BTE.Y._Z._Z.N,Q,OECD,61.06866
1970-07-01,FRA,France,FRA.Q.PRVM.IX.BTE.Y._Z._Z.N,Q,OECD,60.82431
1970-10-01,FRA,France,FRA.Q.PRVM.IX.BTE.Y._Z._Z.N,Q,OECD,61.78137
1971-01-01,FRA,France,FRA.Q.PRVM.IX.BTE.Y._Z._Z.N,Q,OECD,62.71807
1971-04-01,FRA,France,FRA.Q.PRVM.IX.BTE.Y._Z._Z.N,Q,OECD,62.84024
1971-07-01,FRA,France,FRA.Q.PRVM.IX.BTE.Y._Z._Z.N,Q,OECD,64.26566
1971-10-01,FRA,France,FRA.Q.PRVM.IX.BTE.Y._Z._Z.N,Q,OECD,65.8336
1972-01-01,FRA,France,FRA.Q.PRVM.IX.BTE.Y._Z._Z.N,Q,OECD,66.58704
1972-04-01,FRA,France,FRA.Q.PRVM.IX.BTE.Y._Z._Z.N,Q,OECD,67.82918
1972-07-01,FRA,France,FRA.Q.PRVM.IX.BTE.Y._Z._Z.N,Q,OECD,68.98988
1972-10-01,FRA,France,FRA.Q.PRVM.IX.BTE.Y._Z._Z.N,Q,OECD,71.08727
1973-01-01,FRA,France,FRA.Q.PRVM.IX.BTE.Y._Z._Z.N,Q,OECD,72.28868
1973-04-01,FRA,France,FRA.Q.PRVM.IX.BTE.Y._Z._Z.N,Q,OECD,73.51046
1973-07-01,FRA,France,FRA.Q.PRVM.IX.BTE.Y._Z._Z.N,Q,OECD,74.63042
1973-10-01,FRA,France,FRA.Q.PRVM.IX.BTE.Y._Z._Z.N,Q,OECD,74.5897
1974-01-01,FRA,France,FRA.Q.PRVM.IX.BTE.Y._Z._Z.N,Q,OECD,76.21874
1974-04-01,FRA,France,FRA.Q.PRVM.IX.BTE.Y._Z._Z.N,Q,OECD,76.72781
1974-07-01,FRA,France,FRA.Q.PRVM.IX.BTE.Y._Z._Z.N,Q,OECD,77.09435
1974-10-01,FRA,France,FRA.Q.PRVM.IX.BTE.Y._Z._Z.N,Q,OECD,72.41086
1975-01-01,FRA,France,FRA.Q.PRVM.IX.BTE.Y._Z._Z.N,Q,OECD,69.31568
1975-04-01,FRA,France,FRA.Q.PRVM.IX.BTE.Y._Z._Z.N,Q,OECD,67.97172
1975-07-01,FRA,France,FRA.Q.PRVM.IX.BTE.Y._Z._Z.N,Q,OECD,67.78845
1975-10-01,FRA,France,FRA.Q.PRVM.IX.BTE.Y._Z._Z.N,Q,OECD,70.55782
1976-01-01,FRA,France,FRA.Q.PRVM.IX.BTE.Y._Z._Z.N,Q,OECD,73.04211
1976-04-01,FRA,France,FRA.Q.PRVM.IX.BTE.Y._Z._Z.N,Q,OECD,74.5897
1976-07-01,FRA,France,FRA.Q.PRVM.IX.BTE.Y._Z._Z.N,Q,OECD,76.70745
1976-10-01,FRA,France,FRA.Q.PRVM.IX.BTE.Y._Z._Z.N,Q,OECD,77.21653
1977-01-01,FRA,France,FRA.Q.PRVM.IX.BTE.Y._Z._Z.N,Q,OECD,78.09214
1977-04-01,FRA,France,FRA.Q.PRVM.IX.BTE.Y._Z._Z.N,Q,OECD,76.60564
1977-07-01,FRA,France,FRA.Q.PRVM.IX.BTE.Y._Z._Z.N,Q,OECD,76.19838
1977-10-01,FRA,France,FRA.Q.PRVM.IX.BTE.Y._Z._Z.N,Q,OECD,75.77075
1978-01-01,FRA,France,FRA.Q.PRVM.IX.BTE.Y._Z._Z.N,Q,OECD,76.87035
1978-04-01,FRA,France,FRA.Q.PRVM.IX.BTE.Y._Z._Z.N,Q,OECD,78.78448
1978-07-01,FRA,France,FRA.Q.PRVM.IX.BTE.Y._Z._Z.N,Q,OECD,77.7256
1978-10-01,FRA,France,FRA.Q.PRVM.IX.BTE.Y._Z._Z.N,Q,OECD,80.16917
1979-01-01,FRA,France,FRA.Q.PRVM.IX.BTE.Y._Z._Z.N,Q,OECD,80.08772
1979-04-01,FRA,France,FRA.Q.PRVM.IX.BTE.Y._Z._Z.N,Q,OECD,81.22804
1979-07-01,FRA,France,FRA.Q.PRVM.IX.BTE.Y._Z._Z.N,Q,OECD,83.8345
1979-10-01,FRA,France,FRA.Q.PRVM.IX.BTE.Y._Z._Z.N,Q,OECD,82.49055
1980-01-01,FRA,France,FRA.Q.PRVM.IX.BTE.Y._Z._Z.N,Q,OECD,82.06986
1980-04-01,FRA,France,FRA.Q.PRVM.IX.BTE.Y._Z._Z.N,Q,OECD,81.14651
1980-07-01,FRA,France,FRA.Q.PRVM.IX.BTE.Y._Z._Z.N,Q,OECD,80.95641
1980-10-01,FRA,France,FRA.Q.PRVM.IX.BTE.Y._Z._Z.N,Q,OECD,79.70716
1981-01-01,FRA,France,FRA.Q.PRVM.IX.BTE.Y._Z._Z.N,Q,OECD,80.06021
1981-04-01,FRA,France,FRA.Q.PRVM.IX.BTE.Y._Z._Z.N,Q,OECD,79.97874
1981-07-01,FRA,France,FRA.Q.PRVM.IX.BTE.Y._Z._Z.N,Q,OECD,79.95158
1981-10-01,FRA,France,FRA.Q.PRVM.IX.BTE.Y._Z._Z.N,Q,OECD,80.60336
1982-01-01,FRA,France,FRA.Q.PRVM.IX.BTE.Y._Z._Z.N,Q,OECD,80.16884
1982-04-01,FRA,France,FRA.Q.PRVM.IX.BTE.Y._Z._Z.N,Q,OECD,80.46757
1982-07-01,FRA,France,FRA.Q.PRVM.IX.BTE.Y._Z._Z.N,Q,OECD,78.32213
1982-10-01,FRA,France,FRA.Q.PRVM.IX.BTE.Y._Z._Z.N,Q,OECD,79.05538
1983-01-01,FRA,France,FRA.Q.PRVM.IX.BTE.Y._Z._Z.N,Q,OECD,79.32696
1983-04-01,FRA,France,FRA.Q.PRVM.IX.BTE.Y._Z._Z.N,Q,OECD,79.70716
1983-07-01,FRA,France,FRA.Q.PRVM.IX.BTE.Y._Z._Z.N,Q,OECD,78.97391
1983-10-01,FRA,France,FRA.Q.PRVM.IX.BTE.Y._Z._Z.N,Q,OECD,80.22315
1984-01-01,FRA,France,FRA.Q.PRVM.IX.BTE.Y._Z._Z.N,Q,OECD,81.25513
1984-04-01,FRA,France,FRA.Q.PRVM.IX.BTE.Y._Z._Z.N,Q,OECD,80.52188
1984-07-01,FRA,France,FRA.Q.PRVM.IX.BTE.Y._Z._Z.N,Q,OECD,81.25513
1984-10-01,FRA,France,FRA.Q.PRVM.IX.BTE.Y._Z._Z.N,Q,OECD,80.65767
1985-01-01,FRA,France,FRA.Q.PRVM.IX.BTE.Y._Z._Z.N,Q,OECD,81.91912
1985-04-01,FRA,France,FRA.Q.PRVM.IX.BTE.Y._Z._Z.N,Q,OECD,81.85778
1985-07-01,FRA,France,FRA.Q.PRVM.IX.BTE.Y._Z._Z.N,Q,OECD,81.58175
1985-10-01,FRA,France,FRA.Q.PRVM.IX.BTE.Y._Z._Z.N,Q,OECD,82.86988
1986-01-01,FRA,France,FRA.Q.PRVM.IX.BTE.Y._Z._Z.N,Q,OECD,82.3485
1986-04-01,FRA,France,FRA.Q.PRVM.IX.BTE.Y._Z._Z.N,Q,OECD,82.50185
1986-07-01,FRA,France,FRA.Q.PRVM.IX.BTE.Y._Z._Z.N,Q,OECD,82.40984
1986-10-01,FRA,France,FRA.Q.PRVM.IX.BTE.Y._Z._Z.N,Q,OECD,83.02323
1987-01-01,FRA,France,FRA.Q.PRVM.IX.BTE.Y._Z._Z.N,Q,OECD,82.37917
1987-04-01,FRA,France,FRA.Q.PRVM.IX.BTE.Y._Z._Z.N,Q,OECD,83.45261
1987-07-01,FRA,France,FRA.Q.PRVM.IX.BTE.Y._Z._Z.N,Q,OECD,83.39127
1987-10-01,FRA,France,FRA.Q.PRVM.IX.BTE.Y._Z._Z.N,Q,OECD,85.13945
1988-01-01,FRA,France,FRA.Q.PRVM.IX.BTE.Y._Z._Z.N,Q,OECD,86.73428
1988-04-01,FRA,France,FRA.Q.PRVM.IX.BTE.Y._Z._Z.N,Q,OECD,86.85696
1988-07-01,FRA,France,FRA.Q.PRVM.IX.BTE.Y._Z._Z.N,Q,OECD,87.5317
1988-10-01,FRA,France,FRA.Q.PRVM.IX.BTE.Y._Z._Z.N,Q,OECD,88.57447
1989-01-01,FRA,France,FRA.Q.PRVM.IX.BTE.Y._Z._Z.N,Q,OECD,89.52524
1989-04-01,FRA,France,FRA.Q.PRVM.IX.BTE.Y._Z._Z.N,Q,OECD,90.90538
1989-07-01,FRA,France,FRA.Q.PRVM.IX.BTE.Y._Z._Z.N,Q,OECD,90.32265
1989-10-01,FRA,France,FRA.Q.PRVM.IX.BTE.Y._Z._Z.N,Q,OECD,91.85614
1990-01-01,FRA,France,FRA.Q.PRVM.IX.BTE.Y._Z._Z.N,Q,OECD,92.24953
1990-04-01,FRA,France,FRA.Q.PRVM.IX.BTE.Y._Z._Z.N,Q,OECD,92.62434
1990-07-01,FRA,France,FRA.Q.PRVM.IX.BTE.Y._Z._Z.N,Q,OECD,91.75412
1990-10-01,FRA,France,FRA.Q.PRVM.IX.BTE.Y._Z._Z.N,Q,OECD,91.37931
1991-01-01,FRA,France,FRA.Q.PRVM.IX.BTE.Y._Z._Z.N,Q,OECD,92.39294
1991-04-01,FRA,France,FRA.Q.PRVM.IX.BTE.Y._Z._Z.N,Q,OECD,91.65308
1991-07-01,FRA,France,FRA.Q.PRVM.IX.BTE.Y._Z._Z.N,Q,OECD,91.15768
1991-10-01,FRA,France,FRA.Q.PRVM.IX.BTE.Y._Z._Z.N,Q,OECD,91.98227
1992-01-01,FRA,France,FRA.Q.PRVM.IX.BTE.Y._Z._Z.N,Q,OECD,91.95619
1992-04-01,FRA,France,FRA.Q.PRVM.IX.BTE.Y._Z._Z.N,Q,OECD,91.31087
1992-07-01,FRA,France,FRA.Q.PRVM.IX.BTE.Y._Z._Z.N,Q,OECD,90.00717
1992-10-01,FRA,France,FRA.Q.PRVM.IX.BTE.Y._Z._Z.N,Q,OECD,88.98377
1993-01-01,FRA,France,FRA.Q.PRVM.IX.BTE.Y._Z._Z.N,Q,OECD,87.67681
1993-04-01,FRA,France,FRA.Q.PRVM.IX.BTE.Y._Z._Z.N,Q,OECD,86.54586
1993-07-01,FRA,France,FRA.Q.PRVM.IX.BTE.Y._Z._Z.N,Q,OECD,87.01519
1993-10-01,FRA,France,FRA.Q.PRVM.IX.BTE.Y._Z._Z.N,Q,OECD,86.93045
1994-01-01,FRA,France,FRA.Q.PRVM.IX.BTE.Y._Z._Z.N,Q,OECD,87.59533
1994-04-01,FRA,France,FRA.Q.PRVM.IX.BTE.Y._Z._Z.N,Q,OECD,89.99739
1994-07-01,FRA,France,FRA.Q.PRVM.IX.BTE.Y._Z._Z.N,Q,OECD,91.38583
1994-10-01,FRA,France,FRA.Q.PRVM.IX.BTE.Y._Z._Z.N,Q,OECD,92.6993
1995-01-01,FRA,France,FRA.Q.PRVM.IX.BTE.Y._Z._Z.N,Q,OECD,93.45219
1995-04-01,FRA,France,FRA.Q.PRVM.IX.BTE.Y._Z._Z.N,Q,OECD,93.6673
1995-07-01,FRA,France,FRA.Q.PRVM.IX.BTE.Y._Z._Z.N,Q,OECD,94.02255
1995-10-01,FRA,France,FRA.Q.PRVM.IX.BTE.Y._Z._Z.N,Q,OECD,92.75145
1996-01-01,FRA,France,FRA.Q.PRVM.IX.BTE.Y._Z._Z.N,Q,OECD,93.60211
1996-04-01,FRA,France,FRA.Q.PRVM.IX.BTE.Y._Z._Z.N,Q,OECD,94.15944
1996-07-01,FRA,France,FRA.Q.PRVM.IX.BTE.Y._Z._Z.N,Q,OECD,93.97041
1996-10-01,FRA,France,FRA.Q.PRVM.IX.BTE.Y._Z._Z.N,Q,OECD,94.6027
1997-01-01,FRA,France,FRA.Q.PRVM.IX.BTE.Y._Z._Z.N,Q,OECD,94.90907
1997-04-01,FRA,France,FRA.Q.PRVM.IX.BTE.Y._Z._Z.N,Q,OECD,97.81305
1997-07-01,FRA,France,FRA.Q.PRVM.IX.BTE.Y._Z._Z.N,Q,OECD,99.57956
1997-10-01,FRA,France,FRA.Q.PRVM.IX.BTE.Y._Z._Z.N,Q,OECD,100.7985
1998-01-01,FRA,France,FRA.Q.PRVM.IX.BTE.Y._Z._Z.N,Q,OECD,101.3982
1998-04-01,FRA,France,FRA.Q.PRVM.IX.BTE.Y._Z._Z.N,Q,OECD,102.7932
1998-07-01,FRA,France,FRA.Q.PRVM.IX.BTE.Y._Z._Z.N,Q,OECD,102.2489
1998-10-01,FRA,France,FRA.Q.PRVM.IX.BTE.Y._Z._Z.N,Q,OECD,102.7964
1999-01-01,FRA,France,FRA.Q.PRVM.IX.BTE.Y._Z._Z.N,Q,OECD,102.5455
1999-04-01,FRA,France,FRA.Q.PRVM.IX.BTE.Y._Z._Z.N,Q,OECD,103.9469
1999-07-01,FRA,France,FRA.Q.PRVM.IX.BTE.Y._Z._Z.N,Q,OECD,104.8856
1999-10-01,FRA,France,FRA.Q.PRVM.IX.BTE.Y._Z._Z.N,Q,OECD,107.1931
2000-01-01,FRA,France,FRA.Q.PRVM.IX.BTE.Y._Z._Z.N,Q,OECD,107.8254
2000-04-01,FRA,France,FRA.Q.PRVM.IX.BTE.Y._Z._Z.N,Q,OECD,109.4388
2000-07-01,FRA,France,FRA.Q.PRVM.IX.BTE.Y._Z._Z.N,Q,OECD,109.6408
2000-10-01,FRA,France,FRA.Q.PRVM.IX.BTE.Y._Z._Z.N,Q,OECD,110.9608
2001-01-01,FRA,France,FRA.Q.PRVM.IX.BTE.Y._Z._Z.N,Q,OECD,111.7104
2001-04-01,FRA,France,FRA.Q.PRVM.IX.BTE.Y._Z._Z.N,Q,OECD,111.0097
2001-07-01,FRA,France,FRA.Q.PRVM.IX.BTE.Y._Z._Z.N,Q,OECD,111.0521
2001-10-01,FRA,France,FRA.Q.PRVM.IX.BTE.Y._Z._Z.N,Q,OECD,109.53
2002-01-01,FRA,France,FRA.Q.PRVM.IX.BTE.Y._Z._Z.N,Q,OECD,109.9798
2002-04-01,FRA,France,FRA.Q.PRVM.IX.BTE.Y._Z._Z.N,Q,OECD,110.4393
2002-07-01,FRA,France,FRA.Q.PRVM.IX.BTE.Y._Z._Z.N,Q,OECD,109.7614
2002-10-01,FRA,France,FRA.Q.PRVM.IX.BTE.Y._Z._Z.N,Q,OECD,108.474
2003-01-01,FRA,France,FRA.Q.PRVM.IX.BTE.Y._Z._Z.N,Q,OECD,109.7093
2003-04-01,FRA,France,FRA.Q.PRVM.IX.BTE.Y._Z._Z.N,Q,OECD,107.6755
2003-07-01,FRA,France,FRA.Q.PRVM.IX.BTE.Y._Z._Z.N,Q,OECD,108.0927
2003-10-01,FRA,France,FRA.Q.PRVM.IX.BTE.Y._Z._Z.N,Q,OECD,109.0672
2004-01-01,FRA,France,FRA.Q.PRVM.IX.BTE.Y._Z._Z.N,Q,OECD,110.1004
2004-04-01,FRA,France,FRA.Q.PRVM.IX.BTE.Y._Z._Z.N,Q,OECD,110.2145
2004-07-01,FRA,France,FRA.Q.PRVM.IX.BTE.Y._Z._Z.N,Q,OECD,109.7908
2004-10-01,FRA,France,FRA.Q.PRVM.IX.BTE.Y._Z._Z.N,Q,OECD,110.6708
2005-01-01,FRA,France,FRA.Q.PRVM.IX.BTE.Y._Z._Z.N,Q,OECD,110.3351
2005-04-01,FRA,France,FRA.Q.PRVM.IX.BTE.Y._Z._Z.N,Q,OECD,110.2927
2005-07-01,FRA,France,FRA.Q.PRVM.IX.BTE.Y._Z._Z.N,Q,OECD,109.9831
2005-10-01,FRA,France,FRA.Q.PRVM.IX.BTE.Y._Z._Z.N,Q,OECD,110.7979
2006-01-01,FRA,France,FRA.Q.PRVM.IX.BTE.Y._Z._Z.N,Q,OECD,110.7946
2006-04-01,FRA,France,FRA.Q.PRVM.IX.BTE.Y._Z._Z.N,Q,OECD,112.4275
2006-07-01,FRA,France,FRA.Q.PRVM.IX.BTE.Y._Z._Z.N,Q,OECD,111.466
2006-10-01,FRA,France,FRA.Q.PRVM.IX.BTE.Y._Z._Z.N,Q,OECD,111.5768
2007-01-01,FRA,France,FRA.Q.PRVM.IX.BTE.Y._Z._Z.N,Q,OECD,112.3525
2007-04-01,FRA,France,FRA.Q.PRVM.IX.BTE.Y._Z._Z.N,Q,OECD,113.0304
2007-07-01,FRA,France,FRA.Q.PRVM.IX.BTE.Y._Z._Z.N,Q,OECD,113.3335
2007-10-01,FRA,France,FRA.Q.PRVM.IX.BTE.Y._Z._Z.N,Q,OECD,113.0761
2008-01-01,FRA,France,FRA.Q.PRVM.IX.BTE.Y._Z._Z.N,Q,OECD,113.8094
2008-04-01,FRA,France,FRA.Q.PRVM.IX.BTE.Y._Z._Z.N,Q,OECD,111.9614
2008-07-01,FRA,France,FRA.Q.PRVM.IX.BTE.Y._Z._Z.N,Q,OECD,109.6278
2008-10-01,FRA,France,FRA.Q.PRVM.IX.BTE.Y._Z._Z.N,Q,OECD,102.7932
2009-01-01,FRA,France,FRA.Q.PRVM.IX.BTE.Y._Z._Z.N,Q,OECD,94.9384
2009-04-01,FRA,France,FRA.Q.PRVM.IX.BTE.Y._Z._Z.N,Q,OECD,94.47233
2009-07-01,FRA,France,FRA.Q.PRVM.IX.BTE.Y._Z._Z.N,Q,OECD,96.51261
2009-10-01,FRA,France,FRA.Q.PRVM.IX.BTE.Y._Z._Z.N,Q,OECD,97.25898
2010-01-01,FRA,France,FRA.Q.PRVM.IX.BTE.Y._Z._Z.N,Q,OECD,98.61156
2010-04-01,FRA,France,FRA.Q.PRVM.IX.BTE.Y._Z._Z.N,Q,OECD,99.66756
2010-07-01,FRA,France,FRA.Q.PRVM.IX.BTE.Y._Z._Z.N,Q,OECD,100.0521
2010-10-01,FRA,France,FRA.Q.PRVM.IX.BTE.Y._Z._Z.N,Q,OECD,101.6622
2011-01-01,FRA,France,FRA.Q.PRVM.IX.BTE.Y._Z._Z.N,Q,OECD,103.9958
2011-04-01,FRA,France,FRA.Q.PRVM.IX.BTE.Y._Z._Z.N,Q,OECD,102.7606
2011-07-01,FRA,France,FRA.Q.PRVM.IX.BTE.Y._Z._Z.N,Q,OECD,102.2587
2011-10-01,FRA,France,FRA.Q.PRVM.IX.BTE.Y._Z._Z.N,Q,OECD,102.3988
2012-01-01,FRA,France,FRA.Q.PRVM.IX.BTE.Y._Z._Z.N,Q,OECD,101.5775
2012-04-01,FRA,France,FRA.Q.PRVM.IX.BTE.Y._Z._Z.N,Q,OECD,100.3618
2012-07-01,FRA,France,FRA.Q.PRVM.IX.BTE.Y._Z._Z.N,Q,OECD,100.5541
2012-10-01,FRA,France,FRA.Q.PRVM.IX.BTE.Y._Z._Z.N,Q,OECD,98.70282
2013-01-01,FRA,France,FRA.Q.PRVM.IX.BTE.Y._Z._Z.N,Q,OECD,99.9446
2013-04-01,FRA,France,FRA.Q.PRVM.IX.BTE.Y._Z._Z.N,Q,OECD,101.1798
2013-07-01,FRA,France,FRA.Q.PRVM.IX.BTE.Y._Z._Z.N,Q,OECD,99.23734
2013-10-01,FRA,France,FRA.Q.PRVM.IX.BTE.Y._Z._Z.N,Q,OECD,99.86311
2014-01-01,FRA,France,FRA.Q.PRVM.IX.BTE.Y._Z._Z.N,Q,OECD,99.3123
2014-04-01,FRA,France,FRA.Q.PRVM.IX.BTE.Y._Z._Z.N,Q,OECD,98.91793
2014-07-01,FRA,France,FRA.Q.PRVM.IX.BTE.Y._Z._Z.N,Q,OECD,99.47852
2014-10-01,FRA,France,FRA.Q.PRVM.IX.BTE.Y._Z._Z.N,Q,OECD,98.38342
2015-01-01,FRA,France,FRA.Q.PRVM.IX.BTE.Y._Z._Z.N,Q,OECD,100.4596
2015-04-01,FRA,France,FRA.Q.PRVM.IX.BTE.Y._Z._Z.N,Q,OECD,100.2086
2015-07-01,FRA,France,FRA.Q.PRVM.IX.BTE.Y._Z._Z.N,Q,OECD,100.6323
2015-10-01,FRA,France,FRA.Q.PRVM.IX.BTE.Y._Z._Z.N,Q,OECD,100.2705
2016-01-01,FRA,France,FRA.Q.PRVM.IX.BTE.Y._Z._Z.N,Q,OECD,100.9387
2016-04-01,FRA,France,FRA.Q.PRVM.IX.BTE.Y._Z._Z.N,Q,OECD,100.4367
2016-07-01,FRA,France,FRA.Q.PRVM.IX.BTE.Y._Z._Z.N,Q,OECD,100.2836
2016-10-01,FRA,France,FRA.Q.PRVM.IX.BTE.Y._Z._Z.N,Q,OECD,101.0527
2017-01-01,FRA,France,FRA.Q.PRVM.IX.BTE.Y._Z._Z.N,Q,OECD,101.408
2017-04-01,FRA,France,FRA.Q.PRVM.IX.BTE.Y._Z._Z.N,Q,OECD,102.5357
2017-07-01,FRA,France,FRA.Q.PRVM.IX.BTE.Y._Z._Z.N,Q,OECD,103.1452
2017-10-01,FRA,France,FRA.Q.PRVM.IX.BTE.Y._Z._Z.N,Q,OECD,105.1659
2018-01-01,FRA,France,FRA.Q.PRVM.IX.BTE.Y._Z._Z.N,Q,OECD,103.5004
2018-04-01,FRA,France,FRA.Q.PRVM.IX.BTE.Y._Z._Z.N,Q,OECD,103.3472
2018-07-01,FRA,France,FRA.Q.PRVM.IX.BTE.Y._Z._Z.N,Q,OECD,103.5949
2018-10-01,FRA,France,FRA.Q.PRVM.IX.BTE.Y._Z._Z.N,Q,OECD,103.9665
2019-01-01,FRA,France,FRA.Q.PRVM.IX.BTE.Y._Z._Z.N,Q,OECD,104.8302
2019-04-01,FRA,France,FRA.Q.PRVM.IX.BTE.Y._Z._Z.N,Q,OECD,105.0323
2019-07-01,FRA,France,FRA.Q.PRVM.IX.BTE.Y._Z._Z.N,Q,OECD,103.7872
2019-10-01,FRA,France,FRA.Q.PRVM.IX.BTE.Y._Z._Z.N,Q,OECD,102.8584
2020-01-01,FRA,France,FRA.Q.PRVM.IX.BTE.Y._Z._Z.N,Q,OECD,97.61749
2020-04-01,FRA,France,FRA.Q.PRVM.IX.BTE.Y._Z._Z.N,Q,OECD,79.21583
2020-07-01,FRA,France,FRA.Q.PRVM.IX.BTE.Y._Z._Z.N,Q,OECD,96.23884
2020-10-01,FRA,France,FRA.Q.PRVM.IX.BTE.Y._Z._Z.N,Q,OECD,98.36712
2021-01-01,FRA,France,FRA.Q.PRVM.IX.BTE.Y._Z._Z.N,Q,OECD,98.19112
2021-04-01,FRA,France,FRA.Q.PRVM.IX.BTE.Y._Z._Z.N,Q,OECD,97.65661
2021-07-01,FRA,France,FRA.Q.PRVM.IX.BTE.Y._Z._Z.N,Q,OECD,97.39912
2021-10-01,FRA,France,FRA.Q.PRVM.IX.BTE.Y._Z._Z.N,Q,OECD,97.86194
2022-01-01,FRA,France,FRA.Q.PRVM.IX.BTE.Y._Z._Z.N,Q,OECD,98.60504
2022-04-01,FRA,France,FRA.Q.PRVM.IX.BTE.Y._Z._Z.N,Q,OECD,98.15527
2022-07-01,FRA,France,FRA.Q.PRVM.IX.BTE.Y._Z._Z.N,Q,OECD,99.10697
2022-10-01,FRA,France,FRA.Q.PRVM.IX.BTE.Y._Z._Z.N,Q,OECD,98.58223
2023-01-01,FRA,France,FRA.Q.PRVM.IX.BTE.Y._Z._Z.N,Q,OECD,98.58549
2023-04-01,FRA,France,FRA.Q.PRVM.IX.BTE.Y._Z._Z.N,Q,OECD,99.39053
2023-07-01,FRA,France,FRA.Q.PRVM.IX.BTE.Y._Z._Z.N,Q,OECD,99.06786
2023-10-01,FRA,France,FRA.Q.PRVM.IX.BTE.Y._Z._Z.N,Q,OECD,99.43289
2024-01-01,FRA,France,FRA.Q.PRVM.IX.BTE.Y._Z._Z.N,Q,OECD,99.52415
2024-04-01,FRA,France,FRA.Q.PRVM.IX.BTE.Y._Z._Z.N,Q,OECD,99.56326
2024-07-01,FRA,France,FRA.Q.PRVM.IX.BTE.Y._Z._Z.N,Q,OECD,99.57956
2024-10-01,FRA,France,FRA.Q.PRVM.IX.BTE.Y._Z._Z.N,Q,OECD,98.99941
2025-01-01,FRA,France,FRA.Q.PRVM.IX.BTE.Y._Z._Z.N,Q,OECD,99.38074
2025-04-01,FRA,France,FRA.Q.PRVM.IX.BTE.Y._Z._Z.N,Q,OECD,99.33511
2025-07-01,FRA,France,FRA.Q.PRVM.IX.BTE.Y._Z._Z.N,Q,OECD,100.6975
2025-10-01,FRA,France,FRA.Q.PRVM.IX.BTE.Y._Z._Z.N,Q,OECD,100.7398
1962-01-01,GRC,Greece,GRC.Q.PRVM.IX.BTE.Y._Z._Z.N,Q,OECD,27.39264
1962-04-01,GRC,Greece,GRC.Q.PRVM.IX.BTE.Y._Z._Z.N,Q,OECD,27.84166
1962-07-01,GRC,Greece,GRC.Q.PRVM.IX.BTE.Y._Z._Z.N,Q,OECD,27.69822
1962-10-01,GRC,Greece,GRC.Q.PRVM.IX.BTE.Y._Z._Z.N,Q,OECD,28.27483
1963-01-01,GRC,Greece,GRC.Q.PRVM.IX.BTE.Y._Z._Z.N,Q,OECD,29.24416
1963-04-01,GRC,Greece,GRC.Q.PRVM.IX.BTE.Y._Z._Z.N,Q,OECD,29.47453
1963-07-01,GRC,Greece,GRC.Q.PRVM.IX.BTE.Y._Z._Z.N,Q,OECD,31.47081
1963-10-01,GRC,Greece,GRC.Q.PRVM.IX.BTE.Y._Z._Z.N,Q,OECD,32.24923
1964-01-01,GRC,Greece,GRC.Q.PRVM.IX.BTE.Y._Z._Z.N,Q,OECD,32.20452
1964-04-01,GRC,Greece,GRC.Q.PRVM.IX.BTE.Y._Z._Z.N,Q,OECD,32.80439
1964-07-01,GRC,Greece,GRC.Q.PRVM.IX.BTE.Y._Z._Z.N,Q,OECD,34.9416
1964-10-01,GRC,Greece,GRC.Q.PRVM.IX.BTE.Y._Z._Z.N,Q,OECD,35.3828
1965-01-01,GRC,Greece,GRC.Q.PRVM.IX.BTE.Y._Z._Z.N,Q,OECD,36.14793
1965-04-01,GRC,Greece,GRC.Q.PRVM.IX.BTE.Y._Z._Z.N,Q,OECD,36.61853
1965-07-01,GRC,Greece,GRC.Q.PRVM.IX.BTE.Y._Z._Z.N,Q,OECD,37.16808
1965-10-01,GRC,Greece,GRC.Q.PRVM.IX.BTE.Y._Z._Z.N,Q,OECD,37.89661
1966-01-01,GRC,Greece,GRC.Q.PRVM.IX.BTE.Y._Z._Z.N,Q,OECD,40.18692
1966-04-01,GRC,Greece,GRC.Q.PRVM.IX.BTE.Y._Z._Z.N,Q,OECD,43.56848
1966-07-01,GRC,Greece,GRC.Q.PRVM.IX.BTE.Y._Z._Z.N,Q,OECD,43.27692
1966-10-01,GRC,Greece,GRC.Q.PRVM.IX.BTE.Y._Z._Z.N,Q,OECD,43.86963
1967-01-01,GRC,Greece,GRC.Q.PRVM.IX.BTE.Y._Z._Z.N,Q,OECD,44.69661
1967-04-01,GRC,Greece,GRC.Q.PRVM.IX.BTE.Y._Z._Z.N,Q,OECD,44.65643
1967-07-01,GRC,Greece,GRC.Q.PRVM.IX.BTE.Y._Z._Z.N,Q,OECD,44.14785
1967-10-01,GRC,Greece,GRC.Q.PRVM.IX.BTE.Y._Z._Z.N,Q,OECD,45.52927
1968-01-01,GRC,Greece,GRC.Q.PRVM.IX.BTE.Y._Z._Z.N,Q,OECD,45.36669
1968-04-01,GRC,Greece,GRC.Q.PRVM.IX.BTE.Y._Z._Z.N,Q,OECD,47.51831
1968-07-01,GRC,Greece,GRC.Q.PRVM.IX.BTE.Y._Z._Z.N,Q,OECD,49.16101
1968-10-01,GRC,Greece,GRC.Q.PRVM.IX.BTE.Y._Z._Z.N,Q,OECD,50.12444
1969-01-01,GRC,Greece,GRC.Q.PRVM.IX.BTE.Y._Z._Z.N,Q,OECD,51.03897
1969-04-01,GRC,Greece,GRC.Q.PRVM.IX.BTE.Y._Z._Z.N,Q,OECD,53.3234
1969-07-01,GRC,Greece,GRC.Q.PRVM.IX.BTE.Y._Z._Z.N,Q,OECD,55.26918
1969-10-01,GRC,Greece,GRC.Q.PRVM.IX.BTE.Y._Z._Z.N,Q,OECD,55.64814
1970-01-01,GRC,Greece,GRC.Q.PRVM.IX.BTE.Y._Z._Z.N,Q,OECD,57.44837
1970-04-01,GRC,Greece,GRC.Q.PRVM.IX.BTE.Y._Z._Z.N,Q,OECD,58.23734
1970-07-01,GRC,Greece,GRC.Q.PRVM.IX.BTE.Y._Z._Z.N,Q,OECD,60.01099
1970-10-01,GRC,Greece,GRC.Q.PRVM.IX.BTE.Y._Z._Z.N,Q,OECD,62.15535
1971-01-01,GRC,Greece,GRC.Q.PRVM.IX.BTE.Y._Z._Z.N,Q,OECD,63.38285
1971-04-01,GRC,Greece,GRC.Q.PRVM.IX.BTE.Y._Z._Z.N,Q,OECD,63.90458
1971-07-01,GRC,Greece,GRC.Q.PRVM.IX.BTE.Y._Z._Z.N,Q,OECD,68.46523
1971-10-01,GRC,Greece,GRC.Q.PRVM.IX.BTE.Y._Z._Z.N,Q,OECD,68.90257
1972-01-01,GRC,Greece,GRC.Q.PRVM.IX.BTE.Y._Z._Z.N,Q,OECD,70.56509
1972-04-01,GRC,Greece,GRC.Q.PRVM.IX.BTE.Y._Z._Z.N,Q,OECD,73.36375
1972-07-01,GRC,Greece,GRC.Q.PRVM.IX.BTE.Y._Z._Z.N,Q,OECD,74.60947
1972-10-01,GRC,Greece,GRC.Q.PRVM.IX.BTE.Y._Z._Z.N,Q,OECD,80.1689
1973-01-01,GRC,Greece,GRC.Q.PRVM.IX.BTE.Y._Z._Z.N,Q,OECD,82.37528
1973-04-01,GRC,Greece,GRC.Q.PRVM.IX.BTE.Y._Z._Z.N,Q,OECD,85.69687
1973-07-01,GRC,Greece,GRC.Q.PRVM.IX.BTE.Y._Z._Z.N,Q,OECD,88.40647
1973-10-01,GRC,Greece,GRC.Q.PRVM.IX.BTE.Y._Z._Z.N,Q,OECD,88.88486
1974-01-01,GRC,Greece,GRC.Q.PRVM.IX.BTE.Y._Z._Z.N,Q,OECD,88.53152
1974-04-01,GRC,Greece,GRC.Q.PRVM.IX.BTE.Y._Z._Z.N,Q,OECD,85.05149
1974-07-01,GRC,Greece,GRC.Q.PRVM.IX.BTE.Y._Z._Z.N,Q,OECD,82.06261
1974-10-01,GRC,Greece,GRC.Q.PRVM.IX.BTE.Y._Z._Z.N,Q,OECD,84.80807
1975-01-01,GRC,Greece,GRC.Q.PRVM.IX.BTE.Y._Z._Z.N,Q,OECD,86.75523
1975-04-01,GRC,Greece,GRC.Q.PRVM.IX.BTE.Y._Z._Z.N,Q,OECD,87.91553
1975-07-01,GRC,Greece,GRC.Q.PRVM.IX.BTE.Y._Z._Z.N,Q,OECD,89.40474
1975-10-01,GRC,Greece,GRC.Q.PRVM.IX.BTE.Y._Z._Z.N,Q,OECD,90.52781
1976-01-01,GRC,Greece,GRC.Q.PRVM.IX.BTE.Y._Z._Z.N,Q,OECD,93.08091
1976-04-01,GRC,Greece,GRC.Q.PRVM.IX.BTE.Y._Z._Z.N,Q,OECD,97.46511
1976-07-01,GRC,Greece,GRC.Q.PRVM.IX.BTE.Y._Z._Z.N,Q,OECD,98.62585
1976-10-01,GRC,Greece,GRC.Q.PRVM.IX.BTE.Y._Z._Z.N,Q,OECD,101.5753
1977-01-01,GRC,Greece,GRC.Q.PRVM.IX.BTE.Y._Z._Z.N,Q,OECD,98.19766
1977-04-01,GRC,Greece,GRC.Q.PRVM.IX.BTE.Y._Z._Z.N,Q,OECD,97.64807
1977-07-01,GRC,Greece,GRC.Q.PRVM.IX.BTE.Y._Z._Z.N,Q,OECD,101.7682
1977-10-01,GRC,Greece,GRC.Q.PRVM.IX.BTE.Y._Z._Z.N,Q,OECD,102.7707
1978-01-01,GRC,Greece,GRC.Q.PRVM.IX.BTE.Y._Z._Z.N,Q,OECD,104.6309
1978-04-01,GRC,Greece,GRC.Q.PRVM.IX.BTE.Y._Z._Z.N,Q,OECD,106.5439
1978-07-01,GRC,Greece,GRC.Q.PRVM.IX.BTE.Y._Z._Z.N,Q,OECD,107.6852
1978-10-01,GRC,Greece,GRC.Q.PRVM.IX.BTE.Y._Z._Z.N,Q,OECD,111.2396
1979-01-01,GRC,Greece,GRC.Q.PRVM.IX.BTE.Y._Z._Z.N,Q,OECD,113.6816
1979-04-01,GRC,Greece,GRC.Q.PRVM.IX.BTE.Y._Z._Z.N,Q,OECD,115.988
1979-07-01,GRC,Greece,GRC.Q.PRVM.IX.BTE.Y._Z._Z.N,Q,OECD,113.9704
1979-10-01,GRC,Greece,GRC.Q.PRVM.IX.BTE.Y._Z._Z.N,Q,OECD,113.3612
1980-01-01,GRC,Greece,GRC.Q.PRVM.IX.BTE.Y._Z._Z.N,Q,OECD,114.8359
1980-04-01,GRC,Greece,GRC.Q.PRVM.IX.BTE.Y._Z._Z.N,Q,OECD,117.0638
1980-07-01,GRC,Greece,GRC.Q.PRVM.IX.BTE.Y._Z._Z.N,Q,OECD,114.6046
1980-10-01,GRC,Greece,GRC.Q.PRVM.IX.BTE.Y._Z._Z.N,Q,OECD,113.1154
1981-01-01,GRC,Greece,GRC.Q.PRVM.IX.BTE.Y._Z._Z.N,Q,OECD,113.1049
1981-04-01,GRC,Greece,GRC.Q.PRVM.IX.BTE.Y._Z._Z.N,Q,OECD,113.6728
1981-07-01,GRC,Greece,GRC.Q.PRVM.IX.BTE.Y._Z._Z.N,Q,OECD,119.0801
1981-10-01,GRC,Greece,GRC.Q.PRVM.IX.BTE.Y._Z._Z.N,Q,OECD,118.4654
1982-01-01,GRC,Greece,GRC.Q.PRVM.IX.BTE.Y._Z._Z.N,Q,OECD,118.6847
1982-04-01,GRC,Greece,GRC.Q.PRVM.IX.BTE.Y._Z._Z.N,Q,OECD,117.2528
1982-07-01,GRC,Greece,GRC.Q.PRVM.IX.BTE.Y._Z._Z.N,Q,OECD,116.9076
1982-10-01,GRC,Greece,GRC.Q.PRVM.IX.BTE.Y._Z._Z.N,Q,OECD,115.6704
1983-01-01,GRC,Greece,GRC.Q.PRVM.IX.BTE.Y._Z._Z.N,Q,OECD,115.9169
1983-04-01,GRC,Greece,GRC.Q.PRVM.IX.BTE.Y._Z._Z.N,Q,OECD,115.5187
1983-07-01,GRC,Greece,GRC.Q.PRVM.IX.BTE.Y._Z._Z.N,Q,OECD,118.3469
1983-10-01,GRC,Greece,GRC.Q.PRVM.IX.BTE.Y._Z._Z.N,Q,OECD,117.6693
1984-01-01,GRC,Greece,GRC.Q.PRVM.IX.BTE.Y._Z._Z.N,Q,OECD,117.9266
1984-04-01,GRC,Greece,GRC.Q.PRVM.IX.BTE.Y._Z._Z.N,Q,OECD,118.5002
1984-07-01,GRC,Greece,GRC.Q.PRVM.IX.BTE.Y._Z._Z.N,Q,OECD,121.5301
1984-10-01,GRC,Greece,GRC.Q.PRVM.IX.BTE.Y._Z._Z.N,Q,OECD,118.449
1985-01-01,GRC,Greece,GRC.Q.PRVM.IX.BTE.Y._Z._Z.N,Q,OECD,120.0553
1985-04-01,GRC,Greece,GRC.Q.PRVM.IX.BTE.Y._Z._Z.N,Q,OECD,121.443
1985-07-01,GRC,Greece,GRC.Q.PRVM.IX.BTE.Y._Z._Z.N,Q,OECD,125.4115
1985-10-01,GRC,Greece,GRC.Q.PRVM.IX.BTE.Y._Z._Z.N,Q,OECD,126.5201
1986-01-01,GRC,Greece,GRC.Q.PRVM.IX.BTE.Y._Z._Z.N,Q,OECD,121.6542
1986-04-01,GRC,Greece,GRC.Q.PRVM.IX.BTE.Y._Z._Z.N,Q,OECD,125.3384
1986-07-01,GRC,Greece,GRC.Q.PRVM.IX.BTE.Y._Z._Z.N,Q,OECD,123.3739
1986-10-01,GRC,Greece,GRC.Q.PRVM.IX.BTE.Y._Z._Z.N,Q,OECD,122.3208
1987-01-01,GRC,Greece,GRC.Q.PRVM.IX.BTE.Y._Z._Z.N,Q,OECD,122.3977
1987-04-01,GRC,Greece,GRC.Q.PRVM.IX.BTE.Y._Z._Z.N,Q,OECD,120.112
1987-07-01,GRC,Greece,GRC.Q.PRVM.IX.BTE.Y._Z._Z.N,Q,OECD,120.7061
1987-10-01,GRC,Greece,GRC.Q.PRVM.IX.BTE.Y._Z._Z.N,Q,OECD,123.5395
1988-01-01,GRC,Greece,GRC.Q.PRVM.IX.BTE.Y._Z._Z.N,Q,OECD,128.0412
1988-04-01,GRC,Greece,GRC.Q.PRVM.IX.BTE.Y._Z._Z.N,Q,OECD,126.9276
1988-07-01,GRC,Greece,GRC.Q.PRVM.IX.BTE.Y._Z._Z.N,Q,OECD,128.5638
1988-10-01,GRC,Greece,GRC.Q.PRVM.IX.BTE.Y._Z._Z.N,Q,OECD,126.9834
1989-01-01,GRC,Greece,GRC.Q.PRVM.IX.BTE.Y._Z._Z.N,Q,OECD,129.3478
1989-04-01,GRC,Greece,GRC.Q.PRVM.IX.BTE.Y._Z._Z.N,Q,OECD,130.4596
1989-07-01,GRC,Greece,GRC.Q.PRVM.IX.BTE.Y._Z._Z.N,Q,OECD,129.8263
1989-10-01,GRC,Greece,GRC.Q.PRVM.IX.BTE.Y._Z._Z.N,Q,OECD,130.4885
1990-01-01,GRC,Greece,GRC.Q.PRVM.IX.BTE.Y._Z._Z.N,Q,OECD,130.2418
1990-04-01,GRC,Greece,GRC.Q.PRVM.IX.BTE.Y._Z._Z.N,Q,OECD,128.5005
1990-07-01,GRC,Greece,GRC.Q.PRVM.IX.BTE.Y._Z._Z.N,Q,OECD,120.4481
1990-10-01,GRC,Greece,GRC.Q.PRVM.IX.BTE.Y._Z._Z.N,Q,OECD,129.072
1991-01-01,GRC,Greece,GRC.Q.PRVM.IX.BTE.Y._Z._Z.N,Q,OECD,125.7033
1991-04-01,GRC,Greece,GRC.Q.PRVM.IX.BTE.Y._Z._Z.N,Q,OECD,125.2211
1991-07-01,GRC,Greece,GRC.Q.PRVM.IX.BTE.Y._Z._Z.N,Q,OECD,127.2352
1991-10-01,GRC,Greece,GRC.Q.PRVM.IX.BTE.Y._Z._Z.N,Q,OECD,123.9277
1992-01-01,GRC,Greece,GRC.Q.PRVM.IX.BTE.Y._Z._Z.N,Q,OECD,124.6346
1992-04-01,GRC,Greece,GRC.Q.PRVM.IX.BTE.Y._Z._Z.N,Q,OECD,122.7831
1992-07-01,GRC,Greece,GRC.Q.PRVM.IX.BTE.Y._Z._Z.N,Q,OECD,124.7923
1992-10-01,GRC,Greece,GRC.Q.PRVM.IX.BTE.Y._Z._Z.N,Q,OECD,123.4142
1993-01-01,GRC,Greece,GRC.Q.PRVM.IX.BTE.Y._Z._Z.N,Q,OECD,119.2046
1993-04-01,GRC,Greece,GRC.Q.PRVM.IX.BTE.Y._Z._Z.N,Q,OECD,121.4447
1993-07-01,GRC,Greece,GRC.Q.PRVM.IX.BTE.Y._Z._Z.N,Q,OECD,121.0818
1993-10-01,GRC,Greece,GRC.Q.PRVM.IX.BTE.Y._Z._Z.N,Q,OECD,121.2299
1994-01-01,GRC,Greece,GRC.Q.PRVM.IX.BTE.Y._Z._Z.N,Q,OECD,119.9912
1994-04-01,GRC,Greece,GRC.Q.PRVM.IX.BTE.Y._Z._Z.N,Q,OECD,121.0871
1994-07-01,GRC,Greece,GRC.Q.PRVM.IX.BTE.Y._Z._Z.N,Q,OECD,124.9091
1994-10-01,GRC,Greece,GRC.Q.PRVM.IX.BTE.Y._Z._Z.N,Q,OECD,123.8895
1995-01-01,GRC,Greece,GRC.Q.PRVM.IX.BTE.Y._Z._Z.N,Q,OECD,125.7773
1995-04-01,GRC,Greece,GRC.Q.PRVM.IX.BTE.Y._Z._Z.N,Q,OECD,123.6749
1995-07-01,GRC,Greece,GRC.Q.PRVM.IX.BTE.Y._Z._Z.N,Q,OECD,123.799
1995-10-01,GRC,Greece,GRC.Q.PRVM.IX.BTE.Y._Z._Z.N,Q,OECD,125.6767
1996-01-01,GRC,Greece,GRC.Q.PRVM.IX.BTE.Y._Z._Z.N,Q,OECD,124.8395
1996-04-01,GRC,Greece,GRC.Q.PRVM.IX.BTE.Y._Z._Z.N,Q,OECD,125.7135
1996-07-01,GRC,Greece,GRC.Q.PRVM.IX.BTE.Y._Z._Z.N,Q,OECD,125.5844
1996-10-01,GRC,Greece,GRC.Q.PRVM.IX.BTE.Y._Z._Z.N,Q,OECD,125.8075
1997-01-01,GRC,Greece,GRC.Q.PRVM.IX.BTE.Y._Z._Z.N,Q,OECD,128.5297
1997-04-01,GRC,Greece,GRC.Q.PRVM.IX.BTE.Y._Z._Z.N,Q,OECD,128.429
1997-07-01,GRC,Greece,GRC.Q.PRVM.IX.BTE.Y._Z._Z.N,Q,OECD,125.5852
1997-10-01,GRC,Greece,GRC.Q.PRVM.IX.BTE.Y._Z._Z.N,Q,OECD,129.8266
1998-01-01,GRC,Greece,GRC.Q.PRVM.IX.BTE.Y._Z._Z.N,Q,OECD,138.6513
1998-04-01,GRC,Greece,GRC.Q.PRVM.IX.BTE.Y._Z._Z.N,Q,OECD,138.2666
1998-07-01,GRC,Greece,GRC.Q.PRVM.IX.BTE.Y._Z._Z.N,Q,OECD,139.4339
1998-10-01,GRC,Greece,GRC.Q.PRVM.IX.BTE.Y._Z._Z.N,Q,OECD,141.8218
1999-01-01,GRC,Greece,GRC.Q.PRVM.IX.BTE.Y._Z._Z.N,Q,OECD,139.5021
1999-04-01,GRC,Greece,GRC.Q.PRVM.IX.BTE.Y._Z._Z.N,Q,OECD,139.968
1999-07-01,GRC,Greece,GRC.Q.PRVM.IX.BTE.Y._Z._Z.N,Q,OECD,143.6082
1999-10-01,GRC,Greece,GRC.Q.PRVM.IX.BTE.Y._Z._Z.N,Q,OECD,145.8801
2000-01-01,GRC,Greece,GRC.Q.PRVM.IX.BTE.Y._Z._Z.N,Q,OECD,152.1456
2000-04-01,GRC,Greece,GRC.Q.PRVM.IX.BTE.Y._Z._Z.N,Q,OECD,152.3402
2000-07-01,GRC,Greece,GRC.Q.PRVM.IX.BTE.Y._Z._Z.N,Q,OECD,151.6785
2000-10-01,GRC,Greece,GRC.Q.PRVM.IX.BTE.Y._Z._Z.N,Q,OECD,152.1066
2001-01-01,GRC,Greece,GRC.Q.PRVM.IX.BTE.Y._Z._Z.N,Q,OECD,151.1336
2001-04-01,GRC,Greece,GRC.Q.PRVM.IX.BTE.Y._Z._Z.N,Q,OECD,144.0887
2001-07-01,GRC,Greece,GRC.Q.PRVM.IX.BTE.Y._Z._Z.N,Q,OECD,143.9331
2001-10-01,GRC,Greece,GRC.Q.PRVM.IX.BTE.Y._Z._Z.N,Q,OECD,141.7924
2002-01-01,GRC,Greece,GRC.Q.PRVM.IX.BTE.Y._Z._Z.N,Q,OECD,145.0229
2002-04-01,GRC,Greece,GRC.Q.PRVM.IX.BTE.Y._Z._Z.N,Q,OECD,143.8941
2002-07-01,GRC,Greece,GRC.Q.PRVM.IX.BTE.Y._Z._Z.N,Q,OECD,142.2594
2002-10-01,GRC,Greece,GRC.Q.PRVM.IX.BTE.Y._Z._Z.N,Q,OECD,145.0229
2003-01-01,GRC,Greece,GRC.Q.PRVM.IX.BTE.Y._Z._Z.N,Q,OECD,142.3762
2003-04-01,GRC,Greece,GRC.Q.PRVM.IX.BTE.Y._Z._Z.N,Q,OECD,144.5558
2003-07-01,GRC,Greece,GRC.Q.PRVM.IX.BTE.Y._Z._Z.N,Q,OECD,143.8552
2003-10-01,GRC,Greece,GRC.Q.PRVM.IX.BTE.Y._Z._Z.N,Q,OECD,146.463
2004-01-01,GRC,Greece,GRC.Q.PRVM.IX.BTE.Y._Z._Z.N,Q,OECD,145.2564
2004-04-01,GRC,Greece,GRC.Q.PRVM.IX.BTE.Y._Z._Z.N,Q,OECD,148.1366
2004-07-01,GRC,Greece,GRC.Q.PRVM.IX.BTE.Y._Z._Z.N,Q,OECD,143.8941
2004-10-01,GRC,Greece,GRC.Q.PRVM.IX.BTE.Y._Z._Z.N,Q,OECD,143.1935
2005-01-01,GRC,Greece,GRC.Q.PRVM.IX.BTE.Y._Z._Z.N,Q,OECD,143.0768
2005-04-01,GRC,Greece,GRC.Q.PRVM.IX.BTE.Y._Z._Z.N,Q,OECD,141.0918
2005-07-01,GRC,Greece,GRC.Q.PRVM.IX.BTE.Y._Z._Z.N,Q,OECD,142.3762
2005-10-01,GRC,Greece,GRC.Q.PRVM.IX.BTE.Y._Z._Z.N,Q,OECD,142.5319
2006-01-01,GRC,Greece,GRC.Q.PRVM.IX.BTE.Y._Z._Z.N,Q,OECD,143.3103
2006-04-01,GRC,Greece,GRC.Q.PRVM.IX.BTE.Y._Z._Z.N,Q,OECD,145.2564
2006-07-01,GRC,Greece,GRC.Q.PRVM.IX.BTE.Y._Z._Z.N,Q,OECD,142.2594
2006-10-01,GRC,Greece,GRC.Q.PRVM.IX.BTE.Y._Z._Z.N,Q,OECD,142.7265
2007-01-01,GRC,Greece,GRC.Q.PRVM.IX.BTE.Y._Z._Z.N,Q,OECD,149.0707
2007-04-01,GRC,Greece,GRC.Q.PRVM.IX.BTE.Y._Z._Z.N,Q,OECD,146.4241
2007-07-01,GRC,Greece,GRC.Q.PRVM.IX.BTE.Y._Z._Z.N,Q,OECD,145.5289
2007-10-01,GRC,Greece,GRC.Q.PRVM.IX.BTE.Y._Z._Z.N,Q,OECD,144.8672
2008-01-01,GRC,Greece,GRC.Q.PRVM.IX.BTE.Y._Z._Z.N,Q,OECD,143.2714
2008-04-01,GRC,Greece,GRC.Q.PRVM.IX.BTE.Y._Z._Z.N,Q,OECD,143.2325
2008-07-01,GRC,Greece,GRC.Q.PRVM.IX.BTE.Y._Z._Z.N,Q,OECD,138.99
2008-10-01,GRC,Greece,GRC.Q.PRVM.IX.BTE.Y._Z._Z.N,Q,OECD,132.8014
2009-01-01,GRC,Greece,GRC.Q.PRVM.IX.BTE.Y._Z._Z.N,Q,OECD,126.3404
2009-04-01,GRC,Greece,GRC.Q.PRVM.IX.BTE.Y._Z._Z.N,Q,OECD,124.044
2009-07-01,GRC,Greece,GRC.Q.PRVM.IX.BTE.Y._Z._Z.N,Q,OECD,122.8763
2009-10-01,GRC,Greece,GRC.Q.PRVM.IX.BTE.Y._Z._Z.N,Q,OECD,122.0979
2010-01-01,GRC,Greece,GRC.Q.PRVM.IX.BTE.Y._Z._Z.N,Q,OECD,117.5051
2010-04-01,GRC,Greece,GRC.Q.PRVM.IX.BTE.Y._Z._Z.N,Q,OECD,116.4153
2010-07-01,GRC,Greece,GRC.Q.PRVM.IX.BTE.Y._Z._Z.N,Q,OECD,111.8614
2010-10-01,GRC,Greece,GRC.Q.PRVM.IX.BTE.Y._Z._Z.N,Q,OECD,115.559
2011-01-01,GRC,Greece,GRC.Q.PRVM.IX.BTE.Y._Z._Z.N,Q,OECD,111.9393
2011-04-01,GRC,Greece,GRC.Q.PRVM.IX.BTE.Y._Z._Z.N,Q,OECD,106.9184
2011-07-01,GRC,Greece,GRC.Q.PRVM.IX.BTE.Y._Z._Z.N,Q,OECD,109.3704
2011-10-01,GRC,Greece,GRC.Q.PRVM.IX.BTE.Y._Z._Z.N,Q,OECD,102.5591
2012-01-01,GRC,Greece,GRC.Q.PRVM.IX.BTE.Y._Z._Z.N,Q,OECD,102.092
2012-04-01,GRC,Greece,GRC.Q.PRVM.IX.BTE.Y._Z._Z.N,Q,OECD,103.5322
2012-07-01,GRC,Greece,GRC.Q.PRVM.IX.BTE.Y._Z._Z.N,Q,OECD,105.089
2012-10-01,GRC,Greece,GRC.Q.PRVM.IX.BTE.Y._Z._Z.N,Q,OECD,101.9364
2013-01-01,GRC,Greece,GRC.Q.PRVM.IX.BTE.Y._Z._Z.N,Q,OECD,99.75674
2013-04-01,GRC,Greece,GRC.Q.PRVM.IX.BTE.Y._Z._Z.N,Q,OECD,102.8705
2013-07-01,GRC,Greece,GRC.Q.PRVM.IX.BTE.Y._Z._Z.N,Q,OECD,99.48428
2013-10-01,GRC,Greece,GRC.Q.PRVM.IX.BTE.Y._Z._Z.N,Q,OECD,98.16094
2014-01-01,GRC,Greece,GRC.Q.PRVM.IX.BTE.Y._Z._Z.N,Q,OECD,98.19987
2014-04-01,GRC,Greece,GRC.Q.PRVM.IX.BTE.Y._Z._Z.N,Q,OECD,100.9244
2014-07-01,GRC,Greece,GRC.Q.PRVM.IX.BTE.Y._Z._Z.N,Q,OECD,96.99329
2014-10-01,GRC,Greece,GRC.Q.PRVM.IX.BTE.Y._Z._Z.N,Q,OECD,98.4334
2015-01-01,GRC,Greece,GRC.Q.PRVM.IX.BTE.Y._Z._Z.N,Q,OECD,100.2627
2015-04-01,GRC,Greece,GRC.Q.PRVM.IX.BTE.Y._Z._Z.N,Q,OECD,97.92741
2015-07-01,GRC,Greece,GRC.Q.PRVM.IX.BTE.Y._Z._Z.N,Q,OECD,99.17291
2015-10-01,GRC,Greece,GRC.Q.PRVM.IX.BTE.Y._Z._Z.N,Q,OECD,102.637
2016-01-01,GRC,Greece,GRC.Q.PRVM.IX.BTE.Y._Z._Z.N,Q,OECD,100.3016
2016-04-01,GRC,Greece,GRC.Q.PRVM.IX.BTE.Y._Z._Z.N,Q,OECD,102.2088
2016-07-01,GRC,Greece,GRC.Q.PRVM.IX.BTE.Y._Z._Z.N,Q,OECD,102.637
2016-10-01,GRC,Greece,GRC.Q.PRVM.IX.BTE.Y._Z._Z.N,Q,OECD,105.2836
2017-01-01,GRC,Greece,GRC.Q.PRVM.IX.BTE.Y._Z._Z.N,Q,OECD,107.4243
2017-04-01,GRC,Greece,GRC.Q.PRVM.IX.BTE.Y._Z._Z.N,Q,OECD,105.9453
2017-07-01,GRC,Greece,GRC.Q.PRVM.IX.BTE.Y._Z._Z.N,Q,OECD,106.2956
2017-10-01,GRC,Greece,GRC.Q.PRVM.IX.BTE.Y._Z._Z.N,Q,OECD,107.2297
2018-01-01,GRC,Greece,GRC.Q.PRVM.IX.BTE.Y._Z._Z.N,Q,OECD,108.0082
2018-04-01,GRC,Greece,GRC.Q.PRVM.IX.BTE.Y._Z._Z.N,Q,OECD,108.1249
2018-07-01,GRC,Greece,GRC.Q.PRVM.IX.BTE.Y._Z._Z.N,Q,OECD,108.7866
2018-10-01,GRC,Greece,GRC.Q.PRVM.IX.BTE.Y._Z._Z.N,Q,OECD,109.9932
2019-01-01,GRC,Greece,GRC.Q.PRVM.IX.BTE.Y._Z._Z.N,Q,OECD,109.565
2019-04-01,GRC,Greece,GRC.Q.PRVM.IX.BTE.Y._Z._Z.N,Q,OECD,109.2148
2019-07-01,GRC,Greece,GRC.Q.PRVM.IX.BTE.Y._Z._Z.N,Q,OECD,108.3585
2019-10-01,GRC,Greece,GRC.Q.PRVM.IX.BTE.Y._Z._Z.N,Q,OECD,105.3615
2020-01-01,GRC,Greece,GRC.Q.PRVM.IX.BTE.Y._Z._Z.N,Q,OECD,109.2537
2020-04-01,GRC,Greece,GRC.Q.PRVM.IX.BTE.Y._Z._Z.N,Q,OECD,100.4184
2020-07-01,GRC,Greece,GRC.Q.PRVM.IX.BTE.Y._Z._Z.N,Q,OECD,106.6848
2020-10-01,GRC,Greece,GRC.Q.PRVM.IX.BTE.Y._Z._Z.N,Q,OECD,108.6309
2021-01-01,GRC,Greece,GRC.Q.PRVM.IX.BTE.Y._Z._Z.N,Q,OECD,113.2626
2021-04-01,GRC,Greece,GRC.Q.PRVM.IX.BTE.Y._Z._Z.N,Q,OECD,115.4423
2021-07-01,GRC,Greece,GRC.Q.PRVM.IX.BTE.Y._Z._Z.N,Q,OECD,117.4273
2021-10-01,GRC,Greece,GRC.Q.PRVM.IX.BTE.Y._Z._Z.N,Q,OECD,121.047
2022-01-01,GRC,Greece,GRC.Q.PRVM.IX.BTE.Y._Z._Z.N,Q,OECD,119.4512
2022-04-01,GRC,Greece,GRC.Q.PRVM.IX.BTE.Y._Z._Z.N,Q,OECD,118.7117
2022-07-01,GRC,Greece,GRC.Q.PRVM.IX.BTE.Y._Z._Z.N,Q,OECD,122.1368
2022-10-01,GRC,Greece,GRC.Q.PRVM.IX.BTE.Y._Z._Z.N,Q,OECD,118.7506
2023-01-01,GRC,Greece,GRC.Q.PRVM.IX.BTE.Y._Z._Z.N,Q,OECD,120.9692
2023-04-01,GRC,Greece,GRC.Q.PRVM.IX.BTE.Y._Z._Z.N,Q,OECD,120.1129
2023-07-01,GRC,Greece,GRC.Q.PRVM.IX.BTE.Y._Z._Z.N,Q,OECD,121.7865
2023-10-01,GRC,Greece,GRC.Q.PRVM.IX.BTE.Y._Z._Z.N,Q,OECD,125.2116
2024-01-01,GRC,Greece,GRC.Q.PRVM.IX.BTE.Y._Z._Z.N,Q,OECD,125.4452
2024-04-01,GRC,Greece,GRC.Q.PRVM.IX.BTE.Y._Z._Z.N,Q,OECD,130.6607
2024-07-01,GRC,Greece,GRC.Q.PRVM.IX.BTE.Y._Z._Z.N,Q,OECD,128.6368
2024-10-01,GRC,Greece,GRC.Q.PRVM.IX.BTE.Y._Z._Z.N,Q,OECD,128.8314
2025-01-01,GRC,Greece,GRC.Q.PRVM.IX.BTE.Y._Z._Z.N,Q,OECD,130.505
2025-04-01,GRC,Greece,GRC.Q.PRVM.IX.BTE.Y._Z._Z.N,Q,OECD,130.1936
2025-07-01,GRC,Greece,GRC.Q.PRVM.IX.BTE.Y._Z._Z.N,Q,OECD,131.2834
2025-10-01,GRC,Greece,GRC.Q.PRVM.IX.BTE.Y._Z._Z.N,Q,OECD,133.0739
1975-07-01,IRL,Ireland,IRL.Q.PRVM.IX.BTE.Y._Z._Z.N,Q,OECD,5.464276
1975-10-01,IRL,Ireland,IRL.Q.PRVM.IX.BTE.Y._Z._Z.N,Q,OECD,5.607812
1976-01-01,IRL,Ireland,IRL.Q.PRVM.IX.BTE.Y._Z._Z.N,Q,OECD,5.751348
1976-04-01,IRL,Ireland,IRL.Q.PRVM.IX.BTE.Y._Z._Z.N,Q,OECD,5.850338
1976-07-01,IRL,Ireland,IRL.Q.PRVM.IX.BTE.Y._Z._Z.N,Q,OECD,6.206704
1976-10-01,IRL,Ireland,IRL.Q.PRVM.IX.BTE.Y._Z._Z.N,Q,OECD,6.144835
1977-01-01,IRL,Ireland,IRL.Q.PRVM.IX.BTE.Y._Z._Z.N,Q,OECD,6.211654
1977-04-01,IRL,Ireland,IRL.Q.PRVM.IX.BTE.Y._Z._Z.N,Q,OECD,6.384888
1977-07-01,IRL,Ireland,IRL.Q.PRVM.IX.BTE.Y._Z._Z.N,Q,OECD,6.496252
1977-10-01,IRL,Ireland,IRL.Q.PRVM.IX.BTE.Y._Z._Z.N,Q,OECD,6.785799
1978-01-01,IRL,Ireland,IRL.Q.PRVM.IX.BTE.Y._Z._Z.N,Q,OECD,6.82787
1978-04-01,IRL,Ireland,IRL.Q.PRVM.IX.BTE.Y._Z._Z.N,Q,OECD,6.916962
1978-07-01,IRL,Ireland,IRL.Q.PRVM.IX.BTE.Y._Z._Z.N,Q,OECD,6.976356
1978-10-01,IRL,Ireland,IRL.Q.PRVM.IX.BTE.Y._Z._Z.N,Q,OECD,7.251055
1979-01-01,IRL,Ireland,IRL.Q.PRVM.IX.BTE.Y._Z._Z.N,Q,OECD,7.350045
1979-04-01,IRL,Ireland,IRL.Q.PRVM.IX.BTE.Y._Z._Z.N,Q,OECD,7.453985
1979-07-01,IRL,Ireland,IRL.Q.PRVM.IX.BTE.Y._Z._Z.N,Q,OECD,7.624743
1979-10-01,IRL,Ireland,IRL.Q.PRVM.IX.BTE.Y._Z._Z.N,Q,OECD,7.65444
1980-01-01,IRL,Ireland,IRL.Q.PRVM.IX.BTE.Y._Z._Z.N,Q,OECD,7.654037
1980-04-01,IRL,Ireland,IRL.Q.PRVM.IX.BTE.Y._Z._Z.N,Q,OECD,7.705064
1980-07-01,IRL,Ireland,IRL.Q.PRVM.IX.BTE.Y._Z._Z.N,Q,OECD,7.551984
1980-10-01,IRL,Ireland,IRL.Q.PRVM.IX.BTE.Y._Z._Z.N,Q,OECD,7.398903
1981-01-01,IRL,Ireland,IRL.Q.PRVM.IX.BTE.Y._Z._Z.N,Q,OECD,7.756091
1981-04-01,IRL,Ireland,IRL.Q.PRVM.IX.BTE.Y._Z._Z.N,Q,OECD,7.960199
1981-07-01,IRL,Ireland,IRL.Q.PRVM.IX.BTE.Y._Z._Z.N,Q,OECD,8.26636
1981-10-01,IRL,Ireland,IRL.Q.PRVM.IX.BTE.Y._Z._Z.N,Q,OECD,8.011226
1982-01-01,IRL,Ireland,IRL.Q.PRVM.IX.BTE.Y._Z._Z.N,Q,OECD,7.807118
1982-04-01,IRL,Ireland,IRL.Q.PRVM.IX.BTE.Y._Z._Z.N,Q,OECD,7.909172
1982-07-01,IRL,Ireland,IRL.Q.PRVM.IX.BTE.Y._Z._Z.N,Q,OECD,8.011226
1982-10-01,IRL,Ireland,IRL.Q.PRVM.IX.BTE.Y._Z._Z.N,Q,OECD,8.011226
1983-01-01,IRL,Ireland,IRL.Q.PRVM.IX.BTE.Y._Z._Z.N,Q,OECD,8.470469
1983-04-01,IRL,Ireland,IRL.Q.PRVM.IX.BTE.Y._Z._Z.N,Q,OECD,8.317388
1983-07-01,IRL,Ireland,IRL.Q.PRVM.IX.BTE.Y._Z._Z.N,Q,OECD,8.674576
1983-10-01,IRL,Ireland,IRL.Q.PRVM.IX.BTE.Y._Z._Z.N,Q,OECD,8.827657
1984-01-01,IRL,Ireland,IRL.Q.PRVM.IX.BTE.Y._Z._Z.N,Q,OECD,8.980738
1984-04-01,IRL,Ireland,IRL.Q.PRVM.IX.BTE.Y._Z._Z.N,Q,OECD,9.491007
1984-07-01,IRL,Ireland,IRL.Q.PRVM.IX.BTE.Y._Z._Z.N,Q,OECD,9.337926
1984-10-01,IRL,Ireland,IRL.Q.PRVM.IX.BTE.Y._Z._Z.N,Q,OECD,9.746141
1985-01-01,IRL,Ireland,IRL.Q.PRVM.IX.BTE.Y._Z._Z.N,Q,OECD,9.797168
1985-04-01,IRL,Ireland,IRL.Q.PRVM.IX.BTE.Y._Z._Z.N,Q,OECD,9.59306
1985-07-01,IRL,Ireland,IRL.Q.PRVM.IX.BTE.Y._Z._Z.N,Q,OECD,9.388952
1985-10-01,IRL,Ireland,IRL.Q.PRVM.IX.BTE.Y._Z._Z.N,Q,OECD,9.644087
1986-01-01,IRL,Ireland,IRL.Q.PRVM.IX.BTE.Y._Z._Z.N,Q,OECD,9.746141
1986-04-01,IRL,Ireland,IRL.Q.PRVM.IX.BTE.Y._Z._Z.N,Q,OECD,9.797168
1986-07-01,IRL,Ireland,IRL.Q.PRVM.IX.BTE.Y._Z._Z.N,Q,OECD,9.797168
1986-10-01,IRL,Ireland,IRL.Q.PRVM.IX.BTE.Y._Z._Z.N,Q,OECD,10.00128
1987-01-01,IRL,Ireland,IRL.Q.PRVM.IX.BTE.Y._Z._Z.N,Q,OECD,10.00128
1987-04-01,IRL,Ireland,IRL.Q.PRVM.IX.BTE.Y._Z._Z.N,Q,OECD,10.76668
1987-07-01,IRL,Ireland,IRL.Q.PRVM.IX.BTE.Y._Z._Z.N,Q,OECD,11.17489
1987-10-01,IRL,Ireland,IRL.Q.PRVM.IX.BTE.Y._Z._Z.N,Q,OECD,10.97079
1988-01-01,IRL,Ireland,IRL.Q.PRVM.IX.BTE.Y._Z._Z.N,Q,OECD,11.43003
1988-04-01,IRL,Ireland,IRL.Q.PRVM.IX.BTE.Y._Z._Z.N,Q,OECD,11.73619
1988-07-01,IRL,Ireland,IRL.Q.PRVM.IX.BTE.Y._Z._Z.N,Q,OECD,11.88927
1988-10-01,IRL,Ireland,IRL.Q.PRVM.IX.BTE.Y._Z._Z.N,Q,OECD,12.45057
1989-01-01,IRL,Ireland,IRL.Q.PRVM.IX.BTE.Y._Z._Z.N,Q,OECD,12.7057
1989-04-01,IRL,Ireland,IRL.Q.PRVM.IX.BTE.Y._Z._Z.N,Q,OECD,13.16494
1989-07-01,IRL,Ireland,IRL.Q.PRVM.IX.BTE.Y._Z._Z.N,Q,OECD,13.42008
1989-10-01,IRL,Ireland,IRL.Q.PRVM.IX.BTE.Y._Z._Z.N,Q,OECD,13.62419
1990-01-01,IRL,Ireland,IRL.Q.PRVM.IX.BTE.Y._Z._Z.N,Q,OECD,13.42008
1990-04-01,IRL,Ireland,IRL.Q.PRVM.IX.BTE.Y._Z._Z.N,Q,OECD,13.47111
1990-07-01,IRL,Ireland,IRL.Q.PRVM.IX.BTE.Y._Z._Z.N,Q,OECD,13.98137
1990-10-01,IRL,Ireland,IRL.Q.PRVM.IX.BTE.Y._Z._Z.N,Q,OECD,13.93035
1991-01-01,IRL,Ireland,IRL.Q.PRVM.IX.BTE.Y._Z._Z.N,Q,OECD,13.93035
1991-04-01,IRL,Ireland,IRL.Q.PRVM.IX.BTE.Y._Z._Z.N,Q,OECD,13.93035
1991-07-01,IRL,Ireland,IRL.Q.PRVM.IX.BTE.Y._Z._Z.N,Q,OECD,14.13446
1991-10-01,IRL,Ireland,IRL.Q.PRVM.IX.BTE.Y._Z._Z.N,Q,OECD,14.5937
1992-01-01,IRL,Ireland,IRL.Q.PRVM.IX.BTE.Y._Z._Z.N,Q,OECD,15.20602
1992-04-01,IRL,Ireland,IRL.Q.PRVM.IX.BTE.Y._Z._Z.N,Q,OECD,15.15499
1992-07-01,IRL,Ireland,IRL.Q.PRVM.IX.BTE.Y._Z._Z.N,Q,OECD,15.71629
1992-10-01,IRL,Ireland,IRL.Q.PRVM.IX.BTE.Y._Z._Z.N,Q,OECD,15.71629
1993-01-01,IRL,Ireland,IRL.Q.PRVM.IX.BTE.Y._Z._Z.N,Q,OECD,16.27759
1993-04-01,IRL,Ireland,IRL.Q.PRVM.IX.BTE.Y._Z._Z.N,Q,OECD,16.12451
1993-07-01,IRL,Ireland,IRL.Q.PRVM.IX.BTE.Y._Z._Z.N,Q,OECD,16.22656
1993-10-01,IRL,Ireland,IRL.Q.PRVM.IX.BTE.Y._Z._Z.N,Q,OECD,16.53272
1994-01-01,IRL,Ireland,IRL.Q.PRVM.IX.BTE.Y._Z._Z.N,Q,OECD,17.45121
1994-04-01,IRL,Ireland,IRL.Q.PRVM.IX.BTE.Y._Z._Z.N,Q,OECD,18.16558
1994-07-01,IRL,Ireland,IRL.Q.PRVM.IX.BTE.Y._Z._Z.N,Q,OECD,18.26764
1994-10-01,IRL,Ireland,IRL.Q.PRVM.IX.BTE.Y._Z._Z.N,Q,OECD,19.23715
1995-01-01,IRL,Ireland,IRL.Q.PRVM.IX.BTE.Y._Z._Z.N,Q,OECD,20.15563
1995-04-01,IRL,Ireland,IRL.Q.PRVM.IX.BTE.Y._Z._Z.N,Q,OECD,21.27822
1995-07-01,IRL,Ireland,IRL.Q.PRVM.IX.BTE.Y._Z._Z.N,Q,OECD,22.45184
1995-10-01,IRL,Ireland,IRL.Q.PRVM.IX.BTE.Y._Z._Z.N,Q,OECD,23.37033
1996-01-01,IRL,Ireland,IRL.Q.PRVM.IX.BTE.Y._Z._Z.N,Q,OECD,22.80903
1996-04-01,IRL,Ireland,IRL.Q.PRVM.IX.BTE.Y._Z._Z.N,Q,OECD,23.62546
1996-07-01,IRL,Ireland,IRL.Q.PRVM.IX.BTE.Y._Z._Z.N,Q,OECD,23.11519
1996-10-01,IRL,Ireland,IRL.Q.PRVM.IX.BTE.Y._Z._Z.N,Q,OECD,24.54395
1997-01-01,IRL,Ireland,IRL.Q.PRVM.IX.BTE.Y._Z._Z.N,Q,OECD,26.17681
1997-04-01,IRL,Ireland,IRL.Q.PRVM.IX.BTE.Y._Z._Z.N,Q,OECD,26.99324
1997-07-01,IRL,Ireland,IRL.Q.PRVM.IX.BTE.Y._Z._Z.N,Q,OECD,28.42199
1997-10-01,IRL,Ireland,IRL.Q.PRVM.IX.BTE.Y._Z._Z.N,Q,OECD,29.13637
1998-01-01,IRL,Ireland,IRL.Q.PRVM.IX.BTE.Y._Z._Z.N,Q,OECD,31.94285
1998-04-01,IRL,Ireland,IRL.Q.PRVM.IX.BTE.Y._Z._Z.N,Q,OECD,31.94285
1998-07-01,IRL,Ireland,IRL.Q.PRVM.IX.BTE.Y._Z._Z.N,Q,OECD,34.18803
1998-10-01,IRL,Ireland,IRL.Q.PRVM.IX.BTE.Y._Z._Z.N,Q,OECD,34.49419
1999-01-01,IRL,Ireland,IRL.Q.PRVM.IX.BTE.Y._Z._Z.N,Q,OECD,36.38219
1999-04-01,IRL,Ireland,IRL.Q.PRVM.IX.BTE.Y._Z._Z.N,Q,OECD,36.07603
1999-07-01,IRL,Ireland,IRL.Q.PRVM.IX.BTE.Y._Z._Z.N,Q,OECD,38.98457
1999-10-01,IRL,Ireland,IRL.Q.PRVM.IX.BTE.Y._Z._Z.N,Q,OECD,40.71948
2000-01-01,IRL,Ireland,IRL.Q.PRVM.IX.BTE.Y._Z._Z.N,Q,OECD,38.32121
2000-04-01,IRL,Ireland,IRL.Q.PRVM.IX.BTE.Y._Z._Z.N,Q,OECD,42.55645
2000-07-01,IRL,Ireland,IRL.Q.PRVM.IX.BTE.Y._Z._Z.N,Q,OECD,44.44444
2000-10-01,IRL,Ireland,IRL.Q.PRVM.IX.BTE.Y._Z._Z.N,Q,OECD,48.47557
2001-01-01,IRL,Ireland,IRL.Q.PRVM.IX.BTE.Y._Z._Z.N,Q,OECD,50.36357
2001-04-01,IRL,Ireland,IRL.Q.PRVM.IX.BTE.Y._Z._Z.N,Q,OECD,47.40401
2001-07-01,IRL,Ireland,IRL.Q.PRVM.IX.BTE.Y._Z._Z.N,Q,OECD,47.40401
2001-10-01,IRL,Ireland,IRL.Q.PRVM.IX.BTE.Y._Z._Z.N,Q,OECD,47.9653
2002-01-01,IRL,Ireland,IRL.Q.PRVM.IX.BTE.Y._Z._Z.N,Q,OECD,52.04745
2002-04-01,IRL,Ireland,IRL.Q.PRVM.IX.BTE.Y._Z._Z.N,Q,OECD,53.57826
2002-07-01,IRL,Ireland,IRL.Q.PRVM.IX.BTE.Y._Z._Z.N,Q,OECD,52.5067
2002-10-01,IRL,Ireland,IRL.Q.PRVM.IX.BTE.Y._Z._Z.N,Q,OECD,50.66973
2003-01-01,IRL,Ireland,IRL.Q.PRVM.IX.BTE.Y._Z._Z.N,Q,OECD,53.11902
2003-04-01,IRL,Ireland,IRL.Q.PRVM.IX.BTE.Y._Z._Z.N,Q,OECD,53.57826
2003-07-01,IRL,Ireland,IRL.Q.PRVM.IX.BTE.Y._Z._Z.N,Q,OECD,55.26215
2003-10-01,IRL,Ireland,IRL.Q.PRVM.IX.BTE.Y._Z._Z.N,Q,OECD,58.98711
2004-01-01,IRL,Ireland,IRL.Q.PRVM.IX.BTE.Y._Z._Z.N,Q,OECD,55.41523
2004-04-01,IRL,Ireland,IRL.Q.PRVM.IX.BTE.Y._Z._Z.N,Q,OECD,55.9255
2004-07-01,IRL,Ireland,IRL.Q.PRVM.IX.BTE.Y._Z._Z.N,Q,OECD,55.97653
2004-10-01,IRL,Ireland,IRL.Q.PRVM.IX.BTE.Y._Z._Z.N,Q,OECD,56.53782
2005-01-01,IRL,Ireland,IRL.Q.PRVM.IX.BTE.Y._Z._Z.N,Q,OECD,56.63988
2005-04-01,IRL,Ireland,IRL.Q.PRVM.IX.BTE.Y._Z._Z.N,Q,OECD,58.27274
2005-07-01,IRL,Ireland,IRL.Q.PRVM.IX.BTE.Y._Z._Z.N,Q,OECD,57.55836
2005-10-01,IRL,Ireland,IRL.Q.PRVM.IX.BTE.Y._Z._Z.N,Q,OECD,60.10971
2006-01-01,IRL,Ireland,IRL.Q.PRVM.IX.BTE.Y._Z._Z.N,Q,OECD,57.60939
2006-04-01,IRL,Ireland,IRL.Q.PRVM.IX.BTE.Y._Z._Z.N,Q,OECD,62.09976
2006-07-01,IRL,Ireland,IRL.Q.PRVM.IX.BTE.Y._Z._Z.N,Q,OECD,60.4669
2006-10-01,IRL,Ireland,IRL.Q.PRVM.IX.BTE.Y._Z._Z.N,Q,OECD,59.80355
2007-01-01,IRL,Ireland,IRL.Q.PRVM.IX.BTE.Y._Z._Z.N,Q,OECD,62.91619
2007-04-01,IRL,Ireland,IRL.Q.PRVM.IX.BTE.Y._Z._Z.N,Q,OECD,60.61998
2007-07-01,IRL,Ireland,IRL.Q.PRVM.IX.BTE.Y._Z._Z.N,Q,OECD,63.01824
2007-10-01,IRL,Ireland,IRL.Q.PRVM.IX.BTE.Y._Z._Z.N,Q,OECD,66.07986
2008-01-01,IRL,Ireland,IRL.Q.PRVM.IX.BTE.Y._Z._Z.N,Q,OECD,61.9977
2008-04-01,IRL,Ireland,IRL.Q.PRVM.IX.BTE.Y._Z._Z.N,Q,OECD,61.13025
2008-07-01,IRL,Ireland,IRL.Q.PRVM.IX.BTE.Y._Z._Z.N,Q,OECD,62.04873
2008-10-01,IRL,Ireland,IRL.Q.PRVM.IX.BTE.Y._Z._Z.N,Q,OECD,61.64051
2009-01-01,IRL,Ireland,IRL.Q.PRVM.IX.BTE.Y._Z._Z.N,Q,OECD,61.38538
2009-04-01,IRL,Ireland,IRL.Q.PRVM.IX.BTE.Y._Z._Z.N,Q,OECD,60.31382
2009-07-01,IRL,Ireland,IRL.Q.PRVM.IX.BTE.Y._Z._Z.N,Q,OECD,56.94604
2009-10-01,IRL,Ireland,IRL.Q.PRVM.IX.BTE.Y._Z._Z.N,Q,OECD,56.84399
2010-01-01,IRL,Ireland,IRL.Q.PRVM.IX.BTE.Y._Z._Z.N,Q,OECD,64.70213
2010-04-01,IRL,Ireland,IRL.Q.PRVM.IX.BTE.Y._Z._Z.N,Q,OECD,63.42646
2010-07-01,IRL,Ireland,IRL.Q.PRVM.IX.BTE.Y._Z._Z.N,Q,OECD,62.91619
2010-10-01,IRL,Ireland,IRL.Q.PRVM.IX.BTE.Y._Z._Z.N,Q,OECD,63.93673
2011-01-01,IRL,Ireland,IRL.Q.PRVM.IX.BTE.Y._Z._Z.N,Q,OECD,63.1203
2011-04-01,IRL,Ireland,IRL.Q.PRVM.IX.BTE.Y._Z._Z.N,Q,OECD,64.29391
2011-07-01,IRL,Ireland,IRL.Q.PRVM.IX.BTE.Y._Z._Z.N,Q,OECD,63.27338
2011-10-01,IRL,Ireland,IRL.Q.PRVM.IX.BTE.Y._Z._Z.N,Q,OECD,62.86516
2012-01-01,IRL,Ireland,IRL.Q.PRVM.IX.BTE.Y._Z._Z.N,Q,OECD,64.6511
2012-04-01,IRL,Ireland,IRL.Q.PRVM.IX.BTE.Y._Z._Z.N,Q,OECD,64.14083
2012-07-01,IRL,Ireland,IRL.Q.PRVM.IX.BTE.Y._Z._Z.N,Q,OECD,61.28333
2012-10-01,IRL,Ireland,IRL.Q.PRVM.IX.BTE.Y._Z._Z.N,Q,OECD,61.07922
2013-01-01,IRL,Ireland,IRL.Q.PRVM.IX.BTE.Y._Z._Z.N,Q,OECD,59.70149
2013-04-01,IRL,Ireland,IRL.Q.PRVM.IX.BTE.Y._Z._Z.N,Q,OECD,64.29391
2013-07-01,IRL,Ireland,IRL.Q.PRVM.IX.BTE.Y._Z._Z.N,Q,OECD,61.13025
2013-10-01,IRL,Ireland,IRL.Q.PRVM.IX.BTE.Y._Z._Z.N,Q,OECD,59.08917
2014-01-01,IRL,Ireland,IRL.Q.PRVM.IX.BTE.Y._Z._Z.N,Q,OECD,67.96785
2014-04-01,IRL,Ireland,IRL.Q.PRVM.IX.BTE.Y._Z._Z.N,Q,OECD,79.90815
2014-07-01,IRL,Ireland,IRL.Q.PRVM.IX.BTE.Y._Z._Z.N,Q,OECD,74.80546
2014-10-01,IRL,Ireland,IRL.Q.PRVM.IX.BTE.Y._Z._Z.N,Q,OECD,72.71336
2015-01-01,IRL,Ireland,IRL.Q.PRVM.IX.BTE.Y._Z._Z.N,Q,OECD,96.95114
2015-04-01,IRL,Ireland,IRL.Q.PRVM.IX.BTE.Y._Z._Z.N,Q,OECD,99.3494
2015-07-01,IRL,Ireland,IRL.Q.PRVM.IX.BTE.Y._Z._Z.N,Q,OECD,103.1254
2015-10-01,IRL,Ireland,IRL.Q.PRVM.IX.BTE.Y._Z._Z.N,Q,OECD,100.5741
2016-01-01,IRL,Ireland,IRL.Q.PRVM.IX.BTE.Y._Z._Z.N,Q,OECD,93.68542
2016-04-01,IRL,Ireland,IRL.Q.PRVM.IX.BTE.Y._Z._Z.N,Q,OECD,95.06315
2016-07-01,IRL,Ireland,IRL.Q.PRVM.IX.BTE.Y._Z._Z.N,Q,OECD,90.981
2016-10-01,IRL,Ireland,IRL.Q.PRVM.IX.BTE.Y._Z._Z.N,Q,OECD,96.4919
2017-01-01,IRL,Ireland,IRL.Q.PRVM.IX.BTE.Y._Z._Z.N,Q,OECD,94.3998
2017-04-01,IRL,Ireland,IRL.Q.PRVM.IX.BTE.Y._Z._Z.N,Q,OECD,93.0731
2017-07-01,IRL,Ireland,IRL.Q.PRVM.IX.BTE.Y._Z._Z.N,Q,OECD,96.79806
2017-10-01,IRL,Ireland,IRL.Q.PRVM.IX.BTE.Y._Z._Z.N,Q,OECD,110.4733
2018-01-01,IRL,Ireland,IRL.Q.PRVM.IX.BTE.Y._Z._Z.N,Q,OECD,93.32823
2018-04-01,IRL,Ireland,IRL.Q.PRVM.IX.BTE.Y._Z._Z.N,Q,OECD,97.97168
2018-07-01,IRL,Ireland,IRL.Q.PRVM.IX.BTE.Y._Z._Z.N,Q,OECD,95.62444
2018-10-01,IRL,Ireland,IRL.Q.PRVM.IX.BTE.Y._Z._Z.N,Q,OECD,95.57342
2019-01-01,IRL,Ireland,IRL.Q.PRVM.IX.BTE.Y._Z._Z.N,Q,OECD,95.62444
2019-04-01,IRL,Ireland,IRL.Q.PRVM.IX.BTE.Y._Z._Z.N,Q,OECD,98.3799
2019-07-01,IRL,Ireland,IRL.Q.PRVM.IX.BTE.Y._Z._Z.N,Q,OECD,102.6151
2019-10-01,IRL,Ireland,IRL.Q.PRVM.IX.BTE.Y._Z._Z.N,Q,OECD,108.9935
2020-01-01,IRL,Ireland,IRL.Q.PRVM.IX.BTE.Y._Z._Z.N,Q,OECD,106.5952
2020-04-01,IRL,Ireland,IRL.Q.PRVM.IX.BTE.Y._Z._Z.N,Q,OECD,109.963
2020-07-01,IRL,Ireland,IRL.Q.PRVM.IX.BTE.Y._Z._Z.N,Q,OECD,110.6774
2020-10-01,IRL,Ireland,IRL.Q.PRVM.IX.BTE.Y._Z._Z.N,Q,OECD,141.4466
2021-01-01,IRL,Ireland,IRL.Q.PRVM.IX.BTE.Y._Z._Z.N,Q,OECD,155.5811
2021-04-01,IRL,Ireland,IRL.Q.PRVM.IX.BTE.Y._Z._Z.N,Q,OECD,155.0198
2021-07-01,IRL,Ireland,IRL.Q.PRVM.IX.BTE.Y._Z._Z.N,Q,OECD,160.9899
2021-10-01,IRL,Ireland,IRL.Q.PRVM.IX.BTE.Y._Z._Z.N,Q,OECD,142.8243
2022-01-01,IRL,Ireland,IRL.Q.PRVM.IX.BTE.Y._Z._Z.N,Q,OECD,161.2451
2022-04-01,IRL,Ireland,IRL.Q.PRVM.IX.BTE.Y._Z._Z.N,Q,OECD,165.7354
2022-07-01,IRL,Ireland,IRL.Q.PRVM.IX.BTE.Y._Z._Z.N,Q,OECD,172.573
2022-10-01,IRL,Ireland,IRL.Q.PRVM.IX.BTE.Y._Z._Z.N,Q,OECD,183.4928
2023-01-01,IRL,Ireland,IRL.Q.PRVM.IX.BTE.Y._Z._Z.N,Q,OECD,176.6552
2023-04-01,IRL,Ireland,IRL.Q.PRVM.IX.BTE.Y._Z._Z.N,Q,OECD,180.074
2023-07-01,IRL,Ireland,IRL.Q.PRVM.IX.BTE.Y._Z._Z.N,Q,OECD,154.4585
2023-10-01,IRL,Ireland,IRL.Q.PRVM.IX.BTE.Y._Z._Z.N,Q,OECD,159.8673
2024-01-01,IRL,Ireland,IRL.Q.PRVM.IX.BTE.Y._Z._Z.N,Q,OECD,145.0695
2024-04-01,IRL,Ireland,IRL.Q.PRVM.IX.BTE.Y._Z._Z.N,Q,OECD,155.6321
2024-07-01,IRL,Ireland,IRL.Q.PRVM.IX.BTE.Y._Z._Z.N,Q,OECD,163.5413
2024-10-01,IRL,Ireland,IRL.Q.PRVM.IX.BTE.Y._Z._Z.N,Q,OECD,169.7666
2025-01-01,IRL,Ireland,IRL.Q.PRVM.IX.BTE.Y._Z._Z.N,Q,OECD,192.5246
2025-04-01,IRL,Ireland,IRL.Q.PRVM.IX.BTE.Y._Z._Z.N,Q,OECD,187.626
2025-07-01,IRL,Ireland,IRL.Q.PRVM.IX.BTE.Y._Z._Z.N,Q,OECD,185.9421
2025-10-01,IRL,Ireland,IRL.Q.PRVM.IX.BTE.Y._Z._Z.N,Q,OECD,183.2887
1955-01-01,ITA,Italy,ITA.Q.PRVM.IX.BTE.Y._Z._Z.N,Q,OECD,22.07482
1955-04-01,ITA,Italy,ITA.Q.PRVM.IX.BTE.Y._Z._Z.N,Q,OECD,22.55181
1955-07-01,ITA,Italy,ITA.Q.PRVM.IX.BTE.Y._Z._Z.N,Q,OECD,22.97155
1955-10-01,ITA,Italy,ITA.Q.PRVM.IX.BTE.Y._Z._Z.N,Q,OECD,23.14963
1956-01-01,ITA,Italy,ITA.Q.PRVM.IX.BTE.Y._Z._Z.N,Q,OECD,23.19414
1956-04-01,ITA,Italy,ITA.Q.PRVM.IX.BTE.Y._Z._Z.N,Q,OECD,24.48518
1956-07-01,ITA,Italy,ITA.Q.PRVM.IX.BTE.Y._Z._Z.N,Q,OECD,24.94308
1956-10-01,ITA,Italy,ITA.Q.PRVM.IX.BTE.Y._Z._Z.N,Q,OECD,25.22292
1957-01-01,ITA,Italy,ITA.Q.PRVM.IX.BTE.Y._Z._Z.N,Q,OECD,25.87161
1957-04-01,ITA,Italy,ITA.Q.PRVM.IX.BTE.Y._Z._Z.N,Q,OECD,26.33588
1957-07-01,ITA,Italy,ITA.Q.PRVM.IX.BTE.Y._Z._Z.N,Q,OECD,26.84466
1957-10-01,ITA,Italy,ITA.Q.PRVM.IX.BTE.Y._Z._Z.N,Q,OECD,26.35496
1958-01-01,ITA,Italy,ITA.Q.PRVM.IX.BTE.Y._Z._Z.N,Q,OECD,26.67295
1958-04-01,ITA,Italy,ITA.Q.PRVM.IX.BTE.Y._Z._Z.N,Q,OECD,26.62207
1958-07-01,ITA,Italy,ITA.Q.PRVM.IX.BTE.Y._Z._Z.N,Q,OECD,27.43612
1958-10-01,ITA,Italy,ITA.Q.PRVM.IX.BTE.Y._Z._Z.N,Q,OECD,27.98942
1959-01-01,ITA,Italy,ITA.Q.PRVM.IX.BTE.Y._Z._Z.N,Q,OECD,28.82256
1959-04-01,ITA,Italy,ITA.Q.PRVM.IX.BTE.Y._Z._Z.N,Q,OECD,29.21686
1959-07-01,ITA,Italy,ITA.Q.PRVM.IX.BTE.Y._Z._Z.N,Q,OECD,30.25987
1959-10-01,ITA,Italy,ITA.Q.PRVM.IX.BTE.Y._Z._Z.N,Q,OECD,32.25684
1960-01-01,ITA,Italy,ITA.Q.PRVM.IX.BTE.Y._Z._Z.N,Q,OECD,33.4334
1960-04-01,ITA,Italy,ITA.Q.PRVM.IX.BTE.Y._Z._Z.N,Q,OECD,34.699
1960-07-01,ITA,Italy,ITA.Q.PRVM.IX.BTE.Y._Z._Z.N,Q,OECD,35.53213
1960-10-01,ITA,Italy,ITA.Q.PRVM.IX.BTE.Y._Z._Z.N,Q,OECD,35.55121
1961-01-01,ITA,Italy,ITA.Q.PRVM.IX.BTE.Y._Z._Z.N,Q,OECD,36.74685
1961-04-01,ITA,Italy,ITA.Q.PRVM.IX.BTE.Y._Z._Z.N,Q,OECD,37.82801
1961-07-01,ITA,Italy,ITA.Q.PRVM.IX.BTE.Y._Z._Z.N,Q,OECD,39.15721
1961-10-01,ITA,Italy,ITA.Q.PRVM.IX.BTE.Y._Z._Z.N,Q,OECD,40.61996
1962-01-01,ITA,Italy,ITA.Q.PRVM.IX.BTE.Y._Z._Z.N,Q,OECD,41.61209
1962-04-01,ITA,Italy,ITA.Q.PRVM.IX.BTE.Y._Z._Z.N,Q,OECD,41.70113
1962-07-01,ITA,Italy,ITA.Q.PRVM.IX.BTE.Y._Z._Z.N,Q,OECD,42.41978
1962-10-01,ITA,Italy,ITA.Q.PRVM.IX.BTE.Y._Z._Z.N,Q,OECD,43.46915
1963-01-01,ITA,Italy,ITA.Q.PRVM.IX.BTE.Y._Z._Z.N,Q,OECD,44.08604
1963-04-01,ITA,Italy,ITA.Q.PRVM.IX.BTE.Y._Z._Z.N,Q,OECD,45.90495
1963-07-01,ITA,Italy,ITA.Q.PRVM.IX.BTE.Y._Z._Z.N,Q,OECD,46.7826
1963-10-01,ITA,Italy,ITA.Q.PRVM.IX.BTE.Y._Z._Z.N,Q,OECD,47.37405
1964-01-01,ITA,Italy,ITA.Q.PRVM.IX.BTE.Y._Z._Z.N,Q,OECD,47.61573
1964-04-01,ITA,Italy,ITA.Q.PRVM.IX.BTE.Y._Z._Z.N,Q,OECD,46.53456
1964-07-01,ITA,Italy,ITA.Q.PRVM.IX.BTE.Y._Z._Z.N,Q,OECD,45.58696
1964-10-01,ITA,Italy,ITA.Q.PRVM.IX.BTE.Y._Z._Z.N,Q,OECD,46.38829
1965-01-01,ITA,Italy,ITA.Q.PRVM.IX.BTE.Y._Z._Z.N,Q,OECD,46.64268
1965-04-01,ITA,Italy,ITA.Q.PRVM.IX.BTE.Y._Z._Z.N,Q,OECD,48.28986
1965-07-01,ITA,Italy,ITA.Q.PRVM.IX.BTE.Y._Z._Z.N,Q,OECD,49.30107
1965-10-01,ITA,Italy,ITA.Q.PRVM.IX.BTE.Y._Z._Z.N,Q,OECD,50.50943
1966-01-01,ITA,Italy,ITA.Q.PRVM.IX.BTE.Y._Z._Z.N,Q,OECD,52.29884
1966-04-01,ITA,Italy,ITA.Q.PRVM.IX.BTE.Y._Z._Z.N,Q,OECD,53.37175
1966-07-01,ITA,Italy,ITA.Q.PRVM.IX.BTE.Y._Z._Z.N,Q,OECD,55.65454
1966-10-01,ITA,Italy,ITA.Q.PRVM.IX.BTE.Y._Z._Z.N,Q,OECD,56.17959
1967-01-01,ITA,Italy,ITA.Q.PRVM.IX.BTE.Y._Z._Z.N,Q,OECD,57.57209
1967-04-01,ITA,Italy,ITA.Q.PRVM.IX.BTE.Y._Z._Z.N,Q,OECD,58.59935
1967-07-01,ITA,Italy,ITA.Q.PRVM.IX.BTE.Y._Z._Z.N,Q,OECD,58.66784
1967-10-01,ITA,Italy,ITA.Q.PRVM.IX.BTE.Y._Z._Z.N,Q,OECD,59.44398
1968-01-01,ITA,Italy,ITA.Q.PRVM.IX.BTE.Y._Z._Z.N,Q,OECD,60.03751
1968-04-01,ITA,Italy,ITA.Q.PRVM.IX.BTE.Y._Z._Z.N,Q,OECD,61.58981
1968-07-01,ITA,Italy,ITA.Q.PRVM.IX.BTE.Y._Z._Z.N,Q,OECD,62.73121
1968-10-01,ITA,Italy,ITA.Q.PRVM.IX.BTE.Y._Z._Z.N,Q,OECD,63.73564
1969-01-01,ITA,Italy,ITA.Q.PRVM.IX.BTE.Y._Z._Z.N,Q,OECD,65.42491
1969-04-01,ITA,Italy,ITA.Q.PRVM.IX.BTE.Y._Z._Z.N,Q,OECD,66.24671
1969-07-01,ITA,Italy,ITA.Q.PRVM.IX.BTE.Y._Z._Z.N,Q,OECD,65.42491
1969-10-01,ITA,Italy,ITA.Q.PRVM.IX.BTE.Y._Z._Z.N,Q,OECD,59.76358
1970-01-01,ITA,Italy,ITA.Q.PRVM.IX.BTE.Y._Z._Z.N,Q,OECD,68.87193
1970-04-01,ITA,Italy,ITA.Q.PRVM.IX.BTE.Y._Z._Z.N,Q,OECD,67.68488
1970-07-01,ITA,Italy,ITA.Q.PRVM.IX.BTE.Y._Z._Z.N,Q,OECD,68.73496
1970-10-01,ITA,Italy,ITA.Q.PRVM.IX.BTE.Y._Z._Z.N,Q,OECD,68.59799
1971-01-01,ITA,Italy,ITA.Q.PRVM.IX.BTE.Y._Z._Z.N,Q,OECD,67.47794
1971-04-01,ITA,Italy,ITA.Q.PRVM.IX.BTE.Y._Z._Z.N,Q,OECD,67.25183
1971-07-01,ITA,Italy,ITA.Q.PRVM.IX.BTE.Y._Z._Z.N,Q,OECD,68.6408
1971-10-01,ITA,Italy,ITA.Q.PRVM.IX.BTE.Y._Z._Z.N,Q,OECD,70.22357
1972-01-01,ITA,Italy,ITA.Q.PRVM.IX.BTE.Y._Z._Z.N,Q,OECD,68.12397
1972-04-01,ITA,Italy,ITA.Q.PRVM.IX.BTE.Y._Z._Z.N,Q,OECD,71.54794
1972-07-01,ITA,Italy,ITA.Q.PRVM.IX.BTE.Y._Z._Z.N,Q,OECD,70.7081
1972-10-01,ITA,Italy,ITA.Q.PRVM.IX.BTE.Y._Z._Z.N,Q,OECD,75.19801
1973-01-01,ITA,Italy,ITA.Q.PRVM.IX.BTE.Y._Z._Z.N,Q,OECD,70.15897
1973-04-01,ITA,Italy,ITA.Q.PRVM.IX.BTE.Y._Z._Z.N,Q,OECD,78.68658
1973-07-01,ITA,Italy,ITA.Q.PRVM.IX.BTE.Y._Z._Z.N,Q,OECD,81.69062
1973-10-01,ITA,Italy,ITA.Q.PRVM.IX.BTE.Y._Z._Z.N,Q,OECD,82.82117
1974-01-01,ITA,Italy,ITA.Q.PRVM.IX.BTE.Y._Z._Z.N,Q,OECD,82.91808
1974-04-01,ITA,Italy,ITA.Q.PRVM.IX.BTE.Y._Z._Z.N,Q,OECD,85.21149
1974-07-01,ITA,Italy,ITA.Q.PRVM.IX.BTE.Y._Z._Z.N,Q,OECD,82.11054
1974-10-01,ITA,Italy,ITA.Q.PRVM.IX.BTE.Y._Z._Z.N,Q,OECD,77.13611
1975-01-01,ITA,Italy,ITA.Q.PRVM.IX.BTE.Y._Z._Z.N,Q,OECD,74.32587
1975-04-01,ITA,Italy,ITA.Q.PRVM.IX.BTE.Y._Z._Z.N,Q,OECD,73.71214
1975-07-01,ITA,Italy,ITA.Q.PRVM.IX.BTE.Y._Z._Z.N,Q,OECD,73.51833
1975-10-01,ITA,Italy,ITA.Q.PRVM.IX.BTE.Y._Z._Z.N,Q,OECD,75.77944
1976-01-01,ITA,Italy,ITA.Q.PRVM.IX.BTE.Y._Z._Z.N,Q,OECD,78.36356
1976-04-01,ITA,Italy,ITA.Q.PRVM.IX.BTE.Y._Z._Z.N,Q,OECD,83.4026
1976-07-01,ITA,Italy,ITA.Q.PRVM.IX.BTE.Y._Z._Z.N,Q,OECD,84.56546
1976-10-01,ITA,Italy,ITA.Q.PRVM.IX.BTE.Y._Z._Z.N,Q,OECD,87.89252
1977-01-01,ITA,Italy,ITA.Q.PRVM.IX.BTE.Y._Z._Z.N,Q,OECD,87.50491
1977-04-01,ITA,Italy,ITA.Q.PRVM.IX.BTE.Y._Z._Z.N,Q,OECD,84.63007
1977-07-01,ITA,Italy,ITA.Q.PRVM.IX.BTE.Y._Z._Z.N,Q,OECD,83.07959
1977-10-01,ITA,Italy,ITA.Q.PRVM.IX.BTE.Y._Z._Z.N,Q,OECD,82.62737
1978-01-01,ITA,Italy,ITA.Q.PRVM.IX.BTE.Y._Z._Z.N,Q,OECD,82.11054
1978-04-01,ITA,Italy,ITA.Q.PRVM.IX.BTE.Y._Z._Z.N,Q,OECD,84.63007
1978-07-01,ITA,Italy,ITA.Q.PRVM.IX.BTE.Y._Z._Z.N,Q,OECD,86.98808
1978-10-01,ITA,Italy,ITA.Q.PRVM.IX.BTE.Y._Z._Z.N,Q,OECD,90.54125
1979-01-01,ITA,Italy,ITA.Q.PRVM.IX.BTE.Y._Z._Z.N,Q,OECD,89.60451
1979-04-01,ITA,Italy,ITA.Q.PRVM.IX.BTE.Y._Z._Z.N,Q,OECD,88.73236
1979-07-01,ITA,Italy,ITA.Q.PRVM.IX.BTE.Y._Z._Z.N,Q,OECD,92.38244
1979-10-01,ITA,Italy,ITA.Q.PRVM.IX.BTE.Y._Z._Z.N,Q,OECD,96.51704
1980-01-01,ITA,Italy,ITA.Q.PRVM.IX.BTE.Y._Z._Z.N,Q,OECD,99.59134
1980-04-01,ITA,Italy,ITA.Q.PRVM.IX.BTE.Y._Z._Z.N,Q,OECD,98.21981
1980-07-01,ITA,Italy,ITA.Q.PRVM.IX.BTE.Y._Z._Z.N,Q,OECD,94.47929
1980-10-01,ITA,Italy,ITA.Q.PRVM.IX.BTE.Y._Z._Z.N,Q,OECD,95.25857
1981-01-01,ITA,Italy,ITA.Q.PRVM.IX.BTE.Y._Z._Z.N,Q,OECD,95.38741
1981-04-01,ITA,Italy,ITA.Q.PRVM.IX.BTE.Y._Z._Z.N,Q,OECD,96.37444
1981-07-01,ITA,Italy,ITA.Q.PRVM.IX.BTE.Y._Z._Z.N,Q,OECD,94.91363
1981-10-01,ITA,Italy,ITA.Q.PRVM.IX.BTE.Y._Z._Z.N,Q,OECD,94.79518
1982-01-01,ITA,Italy,ITA.Q.PRVM.IX.BTE.Y._Z._Z.N,Q,OECD,94.79518
1982-04-01,ITA,Italy,ITA.Q.PRVM.IX.BTE.Y._Z._Z.N,Q,OECD,92.58422
1982-07-01,ITA,Italy,ITA.Q.PRVM.IX.BTE.Y._Z._Z.N,Q,OECD,91.67614
1982-10-01,ITA,Italy,ITA.Q.PRVM.IX.BTE.Y._Z._Z.N,Q,OECD,89.66258
1983-01-01,ITA,Italy,ITA.Q.PRVM.IX.BTE.Y._Z._Z.N,Q,OECD,89.6231
1983-04-01,ITA,Italy,ITA.Q.PRVM.IX.BTE.Y._Z._Z.N,Q,OECD,87.96487
1983-07-01,ITA,Italy,ITA.Q.PRVM.IX.BTE.Y._Z._Z.N,Q,OECD,90.45222
1983-10-01,ITA,Italy,ITA.Q.PRVM.IX.BTE.Y._Z._Z.N,Q,OECD,91.36029
1984-01-01,ITA,Italy,ITA.Q.PRVM.IX.BTE.Y._Z._Z.N,Q,OECD,90.88651
1984-04-01,ITA,Italy,ITA.Q.PRVM.IX.BTE.Y._Z._Z.N,Q,OECD,92.46577
1984-07-01,ITA,Italy,ITA.Q.PRVM.IX.BTE.Y._Z._Z.N,Q,OECD,94.16348
1984-10-01,ITA,Italy,ITA.Q.PRVM.IX.BTE.Y._Z._Z.N,Q,OECD,93.57126
1985-01-01,ITA,Italy,ITA.Q.PRVM.IX.BTE.Y._Z._Z.N,Q,OECD,93.29488
1985-04-01,ITA,Italy,ITA.Q.PRVM.IX.BTE.Y._Z._Z.N,Q,OECD,94.00555
1985-07-01,ITA,Italy,ITA.Q.PRVM.IX.BTE.Y._Z._Z.N,Q,OECD,94.63726
1985-10-01,ITA,Italy,ITA.Q.PRVM.IX.BTE.Y._Z._Z.N,Q,OECD,94.43985
1986-01-01,ITA,Italy,ITA.Q.PRVM.IX.BTE.Y._Z._Z.N,Q,OECD,96.92719
1986-04-01,ITA,Italy,ITA.Q.PRVM.IX.BTE.Y._Z._Z.N,Q,OECD,97.16408
1986-07-01,ITA,Italy,ITA.Q.PRVM.IX.BTE.Y._Z._Z.N,Q,OECD,98.74334
1986-10-01,ITA,Italy,ITA.Q.PRVM.IX.BTE.Y._Z._Z.N,Q,OECD,98.8223
1987-01-01,ITA,Italy,ITA.Q.PRVM.IX.BTE.Y._Z._Z.N,Q,OECD,98.46696
1987-04-01,ITA,Italy,ITA.Q.PRVM.IX.BTE.Y._Z._Z.N,Q,OECD,102.0203
1987-07-01,ITA,Italy,ITA.Q.PRVM.IX.BTE.Y._Z._Z.N,Q,OECD,100.4016
1987-10-01,ITA,Italy,ITA.Q.PRVM.IX.BTE.Y._Z._Z.N,Q,OECD,102.573
1988-01-01,ITA,Italy,ITA.Q.PRVM.IX.BTE.Y._Z._Z.N,Q,OECD,105.8895
1988-04-01,ITA,Italy,ITA.Q.PRVM.IX.BTE.Y._Z._Z.N,Q,OECD,106.3238
1988-07-01,ITA,Italy,ITA.Q.PRVM.IX.BTE.Y._Z._Z.N,Q,OECD,106.9555
1988-10-01,ITA,Italy,ITA.Q.PRVM.IX.BTE.Y._Z._Z.N,Q,OECD,109.7982
1989-01-01,ITA,Italy,ITA.Q.PRVM.IX.BTE.Y._Z._Z.N,Q,OECD,110.0351
1989-04-01,ITA,Italy,ITA.Q.PRVM.IX.BTE.Y._Z._Z.N,Q,OECD,110.193
1989-07-01,ITA,Italy,ITA.Q.PRVM.IX.BTE.Y._Z._Z.N,Q,OECD,110.9431
1989-10-01,ITA,Italy,ITA.Q.PRVM.IX.BTE.Y._Z._Z.N,Q,OECD,113.3515
1990-01-01,ITA,Italy,ITA.Q.PRVM.IX.BTE.Y._Z._Z.N,Q,OECD,111.1043
1990-04-01,ITA,Italy,ITA.Q.PRVM.IX.BTE.Y._Z._Z.N,Q,OECD,111.2381
1990-07-01,ITA,Italy,ITA.Q.PRVM.IX.BTE.Y._Z._Z.N,Q,OECD,111.0709
1990-10-01,ITA,Italy,ITA.Q.PRVM.IX.BTE.Y._Z._Z.N,Q,OECD,110.2013
1991-01-01,ITA,Italy,ITA.Q.PRVM.IX.BTE.Y._Z._Z.N,Q,OECD,109.8669
1991-04-01,ITA,Italy,ITA.Q.PRVM.IX.BTE.Y._Z._Z.N,Q,OECD,108.7632
1991-07-01,ITA,Italy,ITA.Q.PRVM.IX.BTE.Y._Z._Z.N,Q,OECD,110.2682
1991-10-01,ITA,Italy,ITA.Q.PRVM.IX.BTE.Y._Z._Z.N,Q,OECD,110.4689
1992-01-01,ITA,Italy,ITA.Q.PRVM.IX.BTE.Y._Z._Z.N,Q,OECD,110.5023
1992-04-01,ITA,Italy,ITA.Q.PRVM.IX.BTE.Y._Z._Z.N,Q,OECD,110.402
1992-07-01,ITA,Italy,ITA.Q.PRVM.IX.BTE.Y._Z._Z.N,Q,OECD,107.2247
1992-10-01,ITA,Italy,ITA.Q.PRVM.IX.BTE.Y._Z._Z.N,Q,OECD,106.6227
1993-01-01,ITA,Italy,ITA.Q.PRVM.IX.BTE.Y._Z._Z.N,Q,OECD,107.0909
1993-04-01,ITA,Italy,ITA.Q.PRVM.IX.BTE.Y._Z._Z.N,Q,OECD,105.9203
1993-07-01,ITA,Italy,ITA.Q.PRVM.IX.BTE.Y._Z._Z.N,Q,OECD,105.1177
1993-10-01,ITA,Italy,ITA.Q.PRVM.IX.BTE.Y._Z._Z.N,Q,OECD,105.9538
1994-01-01,ITA,Italy,ITA.Q.PRVM.IX.BTE.Y._Z._Z.N,Q,OECD,108.0943
1994-04-01,ITA,Italy,ITA.Q.PRVM.IX.BTE.Y._Z._Z.N,Q,OECD,112.1077
1994-07-01,ITA,Italy,ITA.Q.PRVM.IX.BTE.Y._Z._Z.N,Q,OECD,113.6461
1994-10-01,ITA,Italy,ITA.Q.PRVM.IX.BTE.Y._Z._Z.N,Q,OECD,116.0876
1995-01-01,ITA,Italy,ITA.Q.PRVM.IX.BTE.Y._Z._Z.N,Q,OECD,117.8268
1995-04-01,ITA,Italy,ITA.Q.PRVM.IX.BTE.Y._Z._Z.N,Q,OECD,118.295
1995-07-01,ITA,Italy,ITA.Q.PRVM.IX.BTE.Y._Z._Z.N,Q,OECD,119.4321
1995-10-01,ITA,Italy,ITA.Q.PRVM.IX.BTE.Y._Z._Z.N,Q,OECD,121.0709
1996-01-01,ITA,Italy,ITA.Q.PRVM.IX.BTE.Y._Z._Z.N,Q,OECD,119.3318
1996-04-01,ITA,Italy,ITA.Q.PRVM.IX.BTE.Y._Z._Z.N,Q,OECD,116.79
1996-07-01,ITA,Italy,ITA.Q.PRVM.IX.BTE.Y._Z._Z.N,Q,OECD,116.6562
1996-10-01,ITA,Italy,ITA.Q.PRVM.IX.BTE.Y._Z._Z.N,Q,OECD,115.8535
1997-01-01,ITA,Italy,ITA.Q.PRVM.IX.BTE.Y._Z._Z.N,Q,OECD,117.9271
1997-04-01,ITA,Italy,ITA.Q.PRVM.IX.BTE.Y._Z._Z.N,Q,OECD,121.2382
1997-07-01,ITA,Italy,ITA.Q.PRVM.IX.BTE.Y._Z._Z.N,Q,OECD,123.0442
1997-10-01,ITA,Italy,ITA.Q.PRVM.IX.BTE.Y._Z._Z.N,Q,OECD,124.5492
1998-01-01,ITA,Italy,ITA.Q.PRVM.IX.BTE.Y._Z._Z.N,Q,OECD,123.7465
1998-04-01,ITA,Italy,ITA.Q.PRVM.IX.BTE.Y._Z._Z.N,Q,OECD,124.1144
1998-07-01,ITA,Italy,ITA.Q.PRVM.IX.BTE.Y._Z._Z.N,Q,OECD,123.178
1998-10-01,ITA,Italy,ITA.Q.PRVM.IX.BTE.Y._Z._Z.N,Q,OECD,121.7733
1999-01-01,ITA,Italy,ITA.Q.PRVM.IX.BTE.Y._Z._Z.N,Q,OECD,121.7398
1999-04-01,ITA,Italy,ITA.Q.PRVM.IX.BTE.Y._Z._Z.N,Q,OECD,120.9372
1999-07-01,ITA,Italy,ITA.Q.PRVM.IX.BTE.Y._Z._Z.N,Q,OECD,123.5124
1999-10-01,ITA,Italy,ITA.Q.PRVM.IX.BTE.Y._Z._Z.N,Q,OECD,125.3853
2000-01-01,ITA,Italy,ITA.Q.PRVM.IX.BTE.Y._Z._Z.N,Q,OECD,125.7895
2000-04-01,ITA,Italy,ITA.Q.PRVM.IX.BTE.Y._Z._Z.N,Q,OECD,128.1053
2000-07-01,ITA,Italy,ITA.Q.PRVM.IX.BTE.Y._Z._Z.N,Q,OECD,128.0351
2000-10-01,ITA,Italy,ITA.Q.PRVM.IX.BTE.Y._Z._Z.N,Q,OECD,130.4912
2001-01-01,ITA,Italy,ITA.Q.PRVM.IX.BTE.Y._Z._Z.N,Q,OECD,128.1754
2001-04-01,ITA,Italy,ITA.Q.PRVM.IX.BTE.Y._Z._Z.N,Q,OECD,126.5965
2001-07-01,ITA,Italy,ITA.Q.PRVM.IX.BTE.Y._Z._Z.N,Q,OECD,125.1579
2001-10-01,ITA,Italy,ITA.Q.PRVM.IX.BTE.Y._Z._Z.N,Q,OECD,123.193
2002-01-01,ITA,Italy,ITA.Q.PRVM.IX.BTE.Y._Z._Z.N,Q,OECD,124.0351
2002-04-01,ITA,Italy,ITA.Q.PRVM.IX.BTE.Y._Z._Z.N,Q,OECD,123.7544
2002-07-01,ITA,Italy,ITA.Q.PRVM.IX.BTE.Y._Z._Z.N,Q,OECD,123.5088
2002-10-01,ITA,Italy,ITA.Q.PRVM.IX.BTE.Y._Z._Z.N,Q,OECD,124.1754
2003-01-01,ITA,Italy,ITA.Q.PRVM.IX.BTE.Y._Z._Z.N,Q,OECD,123.7895
2003-04-01,ITA,Italy,ITA.Q.PRVM.IX.BTE.Y._Z._Z.N,Q,OECD,122.4561
2003-07-01,ITA,Italy,ITA.Q.PRVM.IX.BTE.Y._Z._Z.N,Q,OECD,122.0
2003-10-01,ITA,Italy,ITA.Q.PRVM.IX.BTE.Y._Z._Z.N,Q,OECD,124.0
2004-01-01,ITA,Italy,ITA.Q.PRVM.IX.BTE.Y._Z._Z.N,Q,OECD,123.5439
2004-04-01,ITA,Italy,ITA.Q.PRVM.IX.BTE.Y._Z._Z.N,Q,OECD,123.7544
2004-07-01,ITA,Italy,ITA.Q.PRVM.IX.BTE.Y._Z._Z.N,Q,OECD,122.1754
2004-10-01,ITA,Italy,ITA.Q.PRVM.IX.BTE.Y._Z._Z.N,Q,OECD,122.0
2005-01-01,ITA,Italy,ITA.Q.PRVM.IX.BTE.Y._Z._Z.N,Q,OECD,121.0877
2005-04-01,ITA,Italy,ITA.Q.PRVM.IX.BTE.Y._Z._Z.N,Q,OECD,122.1053
2005-07-01,ITA,Italy,ITA.Q.PRVM.IX.BTE.Y._Z._Z.N,Q,OECD,122.386
2005-10-01,ITA,Italy,ITA.Q.PRVM.IX.BTE.Y._Z._Z.N,Q,OECD,122.8421
2006-01-01,ITA,Italy,ITA.Q.PRVM.IX.BTE.Y._Z._Z.N,Q,OECD,124.3158
2006-04-01,ITA,Italy,ITA.Q.PRVM.IX.BTE.Y._Z._Z.N,Q,OECD,126.5263
2006-07-01,ITA,Italy,ITA.Q.PRVM.IX.BTE.Y._Z._Z.N,Q,OECD,126.9474
2006-10-01,ITA,Italy,ITA.Q.PRVM.IX.BTE.Y._Z._Z.N,Q,OECD,128.3158
2007-01-01,ITA,Italy,ITA.Q.PRVM.IX.BTE.Y._Z._Z.N,Q,OECD,129.3684
2007-04-01,ITA,Italy,ITA.Q.PRVM.IX.BTE.Y._Z._Z.N,Q,OECD,129.2982
2007-07-01,ITA,Italy,ITA.Q.PRVM.IX.BTE.Y._Z._Z.N,Q,OECD,130.9825
2007-10-01,ITA,Italy,ITA.Q.PRVM.IX.BTE.Y._Z._Z.N,Q,OECD,128.2105
2008-01-01,ITA,Italy,ITA.Q.PRVM.IX.BTE.Y._Z._Z.N,Q,OECD,130.6316
2008-04-01,ITA,Italy,ITA.Q.PRVM.IX.BTE.Y._Z._Z.N,Q,OECD,129.4386
2008-07-01,ITA,Italy,ITA.Q.PRVM.IX.BTE.Y._Z._Z.N,Q,OECD,122.4912
2008-10-01,ITA,Italy,ITA.Q.PRVM.IX.BTE.Y._Z._Z.N,Q,OECD,114.0
2009-01-01,ITA,Italy,ITA.Q.PRVM.IX.BTE.Y._Z._Z.N,Q,OECD,101.4035
2009-04-01,ITA,Italy,ITA.Q.PRVM.IX.BTE.Y._Z._Z.N,Q,OECD,98.80701
2009-07-01,ITA,Italy,ITA.Q.PRVM.IX.BTE.Y._Z._Z.N,Q,OECD,100.6667
2009-10-01,ITA,Italy,ITA.Q.PRVM.IX.BTE.Y._Z._Z.N,Q,OECD,103.3333
2010-01-01,ITA,Italy,ITA.Q.PRVM.IX.BTE.Y._Z._Z.N,Q,OECD,105.3333
2010-04-01,ITA,Italy,ITA.Q.PRVM.IX.BTE.Y._Z._Z.N,Q,OECD,107.4386
2010-07-01,ITA,Italy,ITA.Q.PRVM.IX.BTE.Y._Z._Z.N,Q,OECD,110.2105
2010-10-01,ITA,Italy,ITA.Q.PRVM.IX.BTE.Y._Z._Z.N,Q,OECD,109.4035
2011-01-01,ITA,Italy,ITA.Q.PRVM.IX.BTE.Y._Z._Z.N,Q,OECD,109.9649
2011-04-01,ITA,Italy,ITA.Q.PRVM.IX.BTE.Y._Z._Z.N,Q,OECD,110.5263
2011-07-01,ITA,Italy,ITA.Q.PRVM.IX.BTE.Y._Z._Z.N,Q,OECD,108.1404
2011-10-01,ITA,Italy,ITA.Q.PRVM.IX.BTE.Y._Z._Z.N,Q,OECD,107.1228
2012-01-01,ITA,Italy,ITA.Q.PRVM.IX.BTE.Y._Z._Z.N,Q,OECD,104.1754
2012-04-01,ITA,Italy,ITA.Q.PRVM.IX.BTE.Y._Z._Z.N,Q,OECD,103.4386
2012-07-01,ITA,Italy,ITA.Q.PRVM.IX.BTE.Y._Z._Z.N,Q,OECD,103.1228
2012-10-01,ITA,Italy,ITA.Q.PRVM.IX.BTE.Y._Z._Z.N,Q,OECD,100.0702
2013-01-01,ITA,Italy,ITA.Q.PRVM.IX.BTE.Y._Z._Z.N,Q,OECD,99.50877
2013-04-01,ITA,Italy,ITA.Q.PRVM.IX.BTE.Y._Z._Z.N,Q,OECD,99.4386
2013-07-01,ITA,Italy,ITA.Q.PRVM.IX.BTE.Y._Z._Z.N,Q,OECD,99.33334
2013-10-01,ITA,Italy,ITA.Q.PRVM.IX.BTE.Y._Z._Z.N,Q,OECD,99.75439
2014-01-01,ITA,Italy,ITA.Q.PRVM.IX.BTE.Y._Z._Z.N,Q,OECD,99.7193
2014-04-01,ITA,Italy,ITA.Q.PRVM.IX.BTE.Y._Z._Z.N,Q,OECD,99.4386
2014-07-01,ITA,Italy,ITA.Q.PRVM.IX.BTE.Y._Z._Z.N,Q,OECD,98.10526
2014-10-01,ITA,Italy,ITA.Q.PRVM.IX.BTE.Y._Z._Z.N,Q,OECD,98.31579
2015-01-01,ITA,Italy,ITA.Q.PRVM.IX.BTE.Y._Z._Z.N,Q,OECD,99.29825
2015-04-01,ITA,Italy,ITA.Q.PRVM.IX.BTE.Y._Z._Z.N,Q,OECD,100.4561
2015-07-01,ITA,Italy,ITA.Q.PRVM.IX.BTE.Y._Z._Z.N,Q,OECD,100.1754
2015-10-01,ITA,Italy,ITA.Q.PRVM.IX.BTE.Y._Z._Z.N,Q,OECD,100.0702
2016-01-01,ITA,Italy,ITA.Q.PRVM.IX.BTE.Y._Z._Z.N,Q,OECD,101.1579
2016-04-01,ITA,Italy,ITA.Q.PRVM.IX.BTE.Y._Z._Z.N,Q,OECD,100.9474
2016-07-01,ITA,Italy,ITA.Q.PRVM.IX.BTE.Y._Z._Z.N,Q,OECD,102.1404
2016-10-01,ITA,Italy,ITA.Q.PRVM.IX.BTE.Y._Z._Z.N,Q,OECD,103.9649
2017-01-01,ITA,Italy,ITA.Q.PRVM.IX.BTE.Y._Z._Z.N,Q,OECD,103.2632
2017-04-01,ITA,Italy,ITA.Q.PRVM.IX.BTE.Y._Z._Z.N,Q,OECD,104.807
2017-07-01,ITA,Italy,ITA.Q.PRVM.IX.BTE.Y._Z._Z.N,Q,OECD,107.0175
2017-10-01,ITA,Italy,ITA.Q.PRVM.IX.BTE.Y._Z._Z.N,Q,OECD,108.3158
2018-01-01,ITA,Italy,ITA.Q.PRVM.IX.BTE.Y._Z._Z.N,Q,OECD,106.9123
2018-04-01,ITA,Italy,ITA.Q.PRVM.IX.BTE.Y._Z._Z.N,Q,OECD,106.9825
2018-07-01,ITA,Italy,ITA.Q.PRVM.IX.BTE.Y._Z._Z.N,Q,OECD,107.0877
2018-10-01,ITA,Italy,ITA.Q.PRVM.IX.BTE.Y._Z._Z.N,Q,OECD,106.1404
2019-01-01,ITA,Italy,ITA.Q.PRVM.IX.BTE.Y._Z._Z.N,Q,OECD,106.4211
2019-04-01,ITA,Italy,ITA.Q.PRVM.IX.BTE.Y._Z._Z.N,Q,OECD,105.8947
2019-07-01,ITA,Italy,ITA.Q.PRVM.IX.BTE.Y._Z._Z.N,Q,OECD,105.8596
2019-10-01,ITA,Italy,ITA.Q.PRVM.IX.BTE.Y._Z._Z.N,Q,OECD,103.8596
2020-01-01,ITA,Italy,ITA.Q.PRVM.IX.BTE.Y._Z._Z.N,Q,OECD,94.42105
2020-04-01,ITA,Italy,ITA.Q.PRVM.IX.BTE.Y._Z._Z.N,Q,OECD,78.38596
2020-07-01,ITA,Italy,ITA.Q.PRVM.IX.BTE.Y._Z._Z.N,Q,OECD,101.2281
2020-10-01,ITA,Italy,ITA.Q.PRVM.IX.BTE.Y._Z._Z.N,Q,OECD,101.4035
2021-01-01,ITA,Italy,ITA.Q.PRVM.IX.BTE.Y._Z._Z.N,Q,OECD,103.2632
2021-04-01,ITA,Italy,ITA.Q.PRVM.IX.BTE.Y._Z._Z.N,Q,OECD,104.5263
2021-07-01,ITA,Italy,ITA.Q.PRVM.IX.BTE.Y._Z._Z.N,Q,OECD,105.5088
2021-10-01,ITA,Italy,ITA.Q.PRVM.IX.BTE.Y._Z._Z.N,Q,OECD,106.3158
2022-01-01,ITA,Italy,ITA.Q.PRVM.IX.BTE.Y._Z._Z.N,Q,OECD,104.7018
2022-04-01,ITA,Italy,ITA.Q.PRVM.IX.BTE.Y._Z._Z.N,Q,OECD,106.6667
2022-07-01,ITA,Italy,ITA.Q.PRVM.IX.BTE.Y._Z._Z.N,Q,OECD,105.8947
2022-10-01,ITA,Italy,ITA.Q.PRVM.IX.BTE.Y._Z._Z.N,Q,OECD,104.0
2023-01-01,ITA,Italy,ITA.Q.PRVM.IX.BTE.Y._Z._Z.N,Q,OECD,104.1053
2023-04-01,ITA,Italy,ITA.Q.PRVM.IX.BTE.Y._Z._Z.N,Q,OECD,102.9123
2023-07-01,ITA,Italy,ITA.Q.PRVM.IX.BTE.Y._Z._Z.N,Q,OECD,102.9825
2023-10-01,ITA,Italy,ITA.Q.PRVM.IX.BTE.Y._Z._Z.N,Q,OECD,102.3509
2024-01-01,ITA,Italy,ITA.Q.PRVM.IX.BTE.Y._Z._Z.N,Q,OECD,100.4561
2024-04-01,ITA,Italy,ITA.Q.PRVM.IX.BTE.Y._Z._Z.N,Q,OECD,99.36842
2024-07-01,ITA,Italy,ITA.Q.PRVM.IX.BTE.Y._Z._Z.N,Q,OECD,98.35088
2024-10-01,ITA,Italy,ITA.Q.PRVM.IX.BTE.Y._Z._Z.N,Q,OECD,97.85965
2025-01-01,ITA,Italy,ITA.Q.PRVM.IX.BTE.Y._Z._Z.N,Q,OECD,98.38596
2025-04-01,ITA,Italy,ITA.Q.PRVM.IX.BTE.Y._Z._Z.N,Q,OECD,98.77193
2025-07-01,ITA,Italy,ITA.Q.PRVM.IX.BTE.Y._Z._Z.N,Q,OECD,98.63158
2025-10-01,ITA,Italy,ITA.Q.PRVM.IX.BTE.Y._Z._Z.N,Q,OECD,99.01755
1998-01-01,LTU,Lithuania,LTU.Q.PRVM.IX.BTE.Y._Z._Z.N,Q,OECD,58.16619
1998-04-01,LTU,Lithuania,LTU.Q.PRVM.IX.BTE.Y._Z._Z.N,Q,OECD,59.21681
1998-07-01,LTU,Lithuania,LTU.Q.PRVM.IX.BTE.Y._Z._Z.N,Q,OECD,58.35721
1998-10-01,LTU,Lithuania,LTU.Q.PRVM.IX.BTE.Y._Z._Z.N,Q,OECD,59.21681
1999-01-01,LTU,Lithuania,LTU.Q.PRVM.IX.BTE.Y._Z._Z.N,Q,OECD,51.24164
1999-04-01,LTU,Lithuania,LTU.Q.PRVM.IX.BTE.Y._Z._Z.N,Q,OECD,55.6829
1999-07-01,LTU,Lithuania,LTU.Q.PRVM.IX.BTE.Y._Z._Z.N,Q,OECD,51.52818
1999-10-01,LTU,Lithuania,LTU.Q.PRVM.IX.BTE.Y._Z._Z.N,Q,OECD,46.70487
2000-01-01,LTU,Lithuania,LTU.Q.PRVM.IX.BTE.Y._Z._Z.N,Q,OECD,51.24164
2000-04-01,LTU,Lithuania,LTU.Q.PRVM.IX.BTE.Y._Z._Z.N,Q,OECD,48.56734
2000-07-01,LTU,Lithuania,LTU.Q.PRVM.IX.BTE.Y._Z._Z.N,Q,OECD,53.19962
2000-10-01,LTU,Lithuania,LTU.Q.PRVM.IX.BTE.Y._Z._Z.N,Q,OECD,50.14326
2001-01-01,LTU,Lithuania,LTU.Q.PRVM.IX.BTE.Y._Z._Z.N,Q,OECD,56.20821
2001-04-01,LTU,Lithuania,LTU.Q.PRVM.IX.BTE.Y._Z._Z.N,Q,OECD,56.49475
2001-07-01,LTU,Lithuania,LTU.Q.PRVM.IX.BTE.Y._Z._Z.N,Q,OECD,55.77842
2001-10-01,LTU,Lithuania,LTU.Q.PRVM.IX.BTE.Y._Z._Z.N,Q,OECD,61.36581
2002-01-01,LTU,Lithuania,LTU.Q.PRVM.IX.BTE.Y._Z._Z.N,Q,OECD,56.78128
2002-04-01,LTU,Lithuania,LTU.Q.PRVM.IX.BTE.Y._Z._Z.N,Q,OECD,61.65234
2002-07-01,LTU,Lithuania,LTU.Q.PRVM.IX.BTE.Y._Z._Z.N,Q,OECD,59.02579
2002-10-01,LTU,Lithuania,LTU.Q.PRVM.IX.BTE.Y._Z._Z.N,Q,OECD,64.18338
2003-01-01,LTU,Lithuania,LTU.Q.PRVM.IX.BTE.Y._Z._Z.N,Q,OECD,69.34097
2003-04-01,LTU,Lithuania,LTU.Q.PRVM.IX.BTE.Y._Z._Z.N,Q,OECD,62.36867
2003-07-01,LTU,Lithuania,LTU.Q.PRVM.IX.BTE.Y._Z._Z.N,Q,OECD,71.25119
2003-10-01,LTU,Lithuania,LTU.Q.PRVM.IX.BTE.Y._Z._Z.N,Q,OECD,75.78796
2004-01-01,LTU,Lithuania,LTU.Q.PRVM.IX.BTE.Y._Z._Z.N,Q,OECD,76.45654
2004-04-01,LTU,Lithuania,LTU.Q.PRVM.IX.BTE.Y._Z._Z.N,Q,OECD,74.7851
2004-07-01,LTU,Lithuania,LTU.Q.PRVM.IX.BTE.Y._Z._Z.N,Q,OECD,77.26839
2004-10-01,LTU,Lithuania,LTU.Q.PRVM.IX.BTE.Y._Z._Z.N,Q,OECD,81.61414
2005-01-01,LTU,Lithuania,LTU.Q.PRVM.IX.BTE.Y._Z._Z.N,Q,OECD,82.47373
2005-04-01,LTU,Lithuania,LTU.Q.PRVM.IX.BTE.Y._Z._Z.N,Q,OECD,81.7574
2005-07-01,LTU,Lithuania,LTU.Q.PRVM.IX.BTE.Y._Z._Z.N,Q,OECD,81.94843
2005-10-01,LTU,Lithuania,LTU.Q.PRVM.IX.BTE.Y._Z._Z.N,Q,OECD,86.53295
2006-01-01,LTU,Lithuania,LTU.Q.PRVM.IX.BTE.Y._Z._Z.N,Q,OECD,90.78319
2006-04-01,LTU,Lithuania,LTU.Q.PRVM.IX.BTE.Y._Z._Z.N,Q,OECD,91.11748
2006-07-01,LTU,Lithuania,LTU.Q.PRVM.IX.BTE.Y._Z._Z.N,Q,OECD,85.6256
2006-10-01,LTU,Lithuania,LTU.Q.PRVM.IX.BTE.Y._Z._Z.N,Q,OECD,83.61987
2007-01-01,LTU,Lithuania,LTU.Q.PRVM.IX.BTE.Y._Z._Z.N,Q,OECD,87.24928
2007-04-01,LTU,Lithuania,LTU.Q.PRVM.IX.BTE.Y._Z._Z.N,Q,OECD,92.02483
2007-07-01,LTU,Lithuania,LTU.Q.PRVM.IX.BTE.Y._Z._Z.N,Q,OECD,93.07545
2007-10-01,LTU,Lithuania,LTU.Q.PRVM.IX.BTE.Y._Z._Z.N,Q,OECD,86.38969
2008-01-01,LTU,Lithuania,LTU.Q.PRVM.IX.BTE.Y._Z._Z.N,Q,OECD,95.08118
2008-04-01,LTU,Lithuania,LTU.Q.PRVM.IX.BTE.Y._Z._Z.N,Q,OECD,100.2865
2008-07-01,LTU,Lithuania,LTU.Q.PRVM.IX.BTE.Y._Z._Z.N,Q,OECD,94.55588
2008-10-01,LTU,Lithuania,LTU.Q.PRVM.IX.BTE.Y._Z._Z.N,Q,OECD,84.62273
2009-01-01,LTU,Lithuania,LTU.Q.PRVM.IX.BTE.Y._Z._Z.N,Q,OECD,82.23495
2009-04-01,LTU,Lithuania,LTU.Q.PRVM.IX.BTE.Y._Z._Z.N,Q,OECD,80.18147
2009-07-01,LTU,Lithuania,LTU.Q.PRVM.IX.BTE.Y._Z._Z.N,Q,OECD,80.27699
2009-10-01,LTU,Lithuania,LTU.Q.PRVM.IX.BTE.Y._Z._Z.N,Q,OECD,79.1786
2010-01-01,LTU,Lithuania,LTU.Q.PRVM.IX.BTE.Y._Z._Z.N,Q,OECD,80.42025
2010-04-01,LTU,Lithuania,LTU.Q.PRVM.IX.BTE.Y._Z._Z.N,Q,OECD,83.23782
2010-07-01,LTU,Lithuania,LTU.Q.PRVM.IX.BTE.Y._Z._Z.N,Q,OECD,86.0554
2010-10-01,LTU,Lithuania,LTU.Q.PRVM.IX.BTE.Y._Z._Z.N,Q,OECD,91.16524
2011-01-01,LTU,Lithuania,LTU.Q.PRVM.IX.BTE.Y._Z._Z.N,Q,OECD,91.26074
2011-04-01,LTU,Lithuania,LTU.Q.PRVM.IX.BTE.Y._Z._Z.N,Q,OECD,89.82808
2011-07-01,LTU,Lithuania,LTU.Q.PRVM.IX.BTE.Y._Z._Z.N,Q,OECD,90.35339
2011-10-01,LTU,Lithuania,LTU.Q.PRVM.IX.BTE.Y._Z._Z.N,Q,OECD,90.11462
2012-01-01,LTU,Lithuania,LTU.Q.PRVM.IX.BTE.Y._Z._Z.N,Q,OECD,92.21586
2012-04-01,LTU,Lithuania,LTU.Q.PRVM.IX.BTE.Y._Z._Z.N,Q,OECD,87.10602
2012-07-01,LTU,Lithuania,LTU.Q.PRVM.IX.BTE.Y._Z._Z.N,Q,OECD,96.9914
2012-10-01,LTU,Lithuania,LTU.Q.PRVM.IX.BTE.Y._Z._Z.N,Q,OECD,97.56447
2013-01-01,LTU,Lithuania,LTU.Q.PRVM.IX.BTE.Y._Z._Z.N,Q,OECD,100.0
2013-04-01,LTU,Lithuania,LTU.Q.PRVM.IX.BTE.Y._Z._Z.N,Q,OECD,94.03056
2013-07-01,LTU,Lithuania,LTU.Q.PRVM.IX.BTE.Y._Z._Z.N,Q,OECD,96.46609
2013-10-01,LTU,Lithuania,LTU.Q.PRVM.IX.BTE.Y._Z._Z.N,Q,OECD,95.08118
2014-01-01,LTU,Lithuania,LTU.Q.PRVM.IX.BTE.Y._Z._Z.N,Q,OECD,93.12321
2014-04-01,LTU,Lithuania,LTU.Q.PRVM.IX.BTE.Y._Z._Z.N,Q,OECD,97.18243
2014-07-01,LTU,Lithuania,LTU.Q.PRVM.IX.BTE.Y._Z._Z.N,Q,OECD,96.17956
2014-10-01,LTU,Lithuania,LTU.Q.PRVM.IX.BTE.Y._Z._Z.N,Q,OECD,97.89876
2015-01-01,LTU,Lithuania,LTU.Q.PRVM.IX.BTE.Y._Z._Z.N,Q,OECD,97.61223
2015-04-01,LTU,Lithuania,LTU.Q.PRVM.IX.BTE.Y._Z._Z.N,Q,OECD,101.5282
2015-07-01,LTU,Lithuania,LTU.Q.PRVM.IX.BTE.Y._Z._Z.N,Q,OECD,98.66285
2015-10-01,LTU,Lithuania,LTU.Q.PRVM.IX.BTE.Y._Z._Z.N,Q,OECD,102.5788
2016-01-01,LTU,Lithuania,LTU.Q.PRVM.IX.BTE.Y._Z._Z.N,Q,OECD,101.4804
2016-04-01,LTU,Lithuania,LTU.Q.PRVM.IX.BTE.Y._Z._Z.N,Q,OECD,100.8118
2016-07-01,LTU,Lithuania,LTU.Q.PRVM.IX.BTE.Y._Z._Z.N,Q,OECD,102.1968
2016-10-01,LTU,Lithuania,LTU.Q.PRVM.IX.BTE.Y._Z._Z.N,Q,OECD,104.7756
2017-01-01,LTU,Lithuania,LTU.Q.PRVM.IX.BTE.Y._Z._Z.N,Q,OECD,106.9245
2017-04-01,LTU,Lithuania,LTU.Q.PRVM.IX.BTE.Y._Z._Z.N,Q,OECD,106.7813
2017-07-01,LTU,Lithuania,LTU.Q.PRVM.IX.BTE.Y._Z._Z.N,Q,OECD,110.5062
2017-10-01,LTU,Lithuania,LTU.Q.PRVM.IX.BTE.Y._Z._Z.N,Q,OECD,112.4164
2018-01-01,LTU,Lithuania,LTU.Q.PRVM.IX.BTE.Y._Z._Z.N,Q,OECD,114.3744
2018-04-01,LTU,Lithuania,LTU.Q.PRVM.IX.BTE.Y._Z._Z.N,Q,OECD,112.5597
2018-07-01,LTU,Lithuania,LTU.Q.PRVM.IX.BTE.Y._Z._Z.N,Q,OECD,114.1834
2018-10-01,LTU,Lithuania,LTU.Q.PRVM.IX.BTE.Y._Z._Z.N,Q,OECD,119.1022
2019-01-01,LTU,Lithuania,LTU.Q.PRVM.IX.BTE.Y._Z._Z.N,Q,OECD,119.4842
2019-04-01,LTU,Lithuania,LTU.Q.PRVM.IX.BTE.Y._Z._Z.N,Q,OECD,119.7708
2019-07-01,LTU,Lithuania,LTU.Q.PRVM.IX.BTE.Y._Z._Z.N,Q,OECD,118.3381
2019-10-01,LTU,Lithuania,LTU.Q.PRVM.IX.BTE.Y._Z._Z.N,Q,OECD,118.7679
2020-01-01,LTU,Lithuania,LTU.Q.PRVM.IX.BTE.Y._Z._Z.N,Q,OECD,116.9054
2020-04-01,LTU,Lithuania,LTU.Q.PRVM.IX.BTE.Y._Z._Z.N,Q,OECD,110.7927
2020-07-01,LTU,Lithuania,LTU.Q.PRVM.IX.BTE.Y._Z._Z.N,Q,OECD,121.2034
2020-10-01,LTU,Lithuania,LTU.Q.PRVM.IX.BTE.Y._Z._Z.N,Q,OECD,125.1671
2021-01-01,LTU,Lithuania,LTU.Q.PRVM.IX.BTE.Y._Z._Z.N,Q,OECD,134.957
2021-04-01,LTU,Lithuania,LTU.Q.PRVM.IX.BTE.Y._Z._Z.N,Q,OECD,139.3028
2021-07-01,LTU,Lithuania,LTU.Q.PRVM.IX.BTE.Y._Z._Z.N,Q,OECD,142.7412
2021-10-01,LTU,Lithuania,LTU.Q.PRVM.IX.BTE.Y._Z._Z.N,Q,OECD,156.1127
2022-01-01,LTU,Lithuania,LTU.Q.PRVM.IX.BTE.Y._Z._Z.N,Q,OECD,161.6046
2022-04-01,LTU,Lithuania,LTU.Q.PRVM.IX.BTE.Y._Z._Z.N,Q,OECD,145.702
2022-07-01,LTU,Lithuania,LTU.Q.PRVM.IX.BTE.Y._Z._Z.N,Q,OECD,151.2416
2022-10-01,LTU,Lithuania,LTU.Q.PRVM.IX.BTE.Y._Z._Z.N,Q,OECD,145.9885
2023-01-01,LTU,Lithuania,LTU.Q.PRVM.IX.BTE.Y._Z._Z.N,Q,OECD,141.3563
2023-04-01,LTU,Lithuania,LTU.Q.PRVM.IX.BTE.Y._Z._Z.N,Q,OECD,144.6991
2023-07-01,LTU,Lithuania,LTU.Q.PRVM.IX.BTE.Y._Z._Z.N,Q,OECD,142.6934
2023-10-01,LTU,Lithuania,LTU.Q.PRVM.IX.BTE.Y._Z._Z.N,Q,OECD,144.0306
2024-01-01,LTU,Lithuania,LTU.Q.PRVM.IX.BTE.Y._Z._Z.N,Q,OECD,145.7498
2024-04-01,LTU,Lithuania,LTU.Q.PRVM.IX.BTE.Y._Z._Z.N,Q,OECD,150.0478
2024-07-01,LTU,Lithuania,LTU.Q.PRVM.IX.BTE.Y._Z._Z.N,Q,OECD,151.1939
2024-10-01,LTU,Lithuania,LTU.Q.PRVM.IX.BTE.Y._Z._Z.N,Q,OECD,149.5224
2025-01-01,LTU,Lithuania,LTU.Q.PRVM.IX.BTE.Y._Z._Z.N,Q,OECD,156.9245
2025-04-01,LTU,Lithuania,LTU.Q.PRVM.IX.BTE.Y._Z._Z.N,Q,OECD,153.5817
2025-07-01,LTU,Lithuania,LTU.Q.PRVM.IX.BTE.Y._Z._Z.N,Q,OECD,151.3372
2025-10-01,LTU,Lithuania,LTU.Q.PRVM.IX.BTE.Y._Z._Z.N,Q,OECD,151.7192
1955-01-01,LUX,Luxembourg,LUX.Q.PRVM.IX.BTE.Y._Z._Z.N,Q,OECD,32.93612
1955-04-01,LUX,Luxembourg,LUX.Q.PRVM.IX.BTE.Y._Z._Z.N,Q,OECD,32.12842
1955-07-01,LUX,Luxembourg,LUX.Q.PRVM.IX.BTE.Y._Z._Z.N,Q,OECD,34.37383
1955-10-01,LUX,Luxembourg,LUX.Q.PRVM.IX.BTE.Y._Z._Z.N,Q,OECD,34.86093
1956-01-01,LUX,Luxembourg,LUX.Q.PRVM.IX.BTE.Y._Z._Z.N,Q,OECD,34.67122
1956-04-01,LUX,Luxembourg,LUX.Q.PRVM.IX.BTE.Y._Z._Z.N,Q,OECD,35.91645
1956-07-01,LUX,Luxembourg,LUX.Q.PRVM.IX.BTE.Y._Z._Z.N,Q,OECD,35.96799
1956-10-01,LUX,Luxembourg,LUX.Q.PRVM.IX.BTE.Y._Z._Z.N,Q,OECD,36.94094
1957-01-01,LUX,Luxembourg,LUX.Q.PRVM.IX.BTE.Y._Z._Z.N,Q,OECD,37.24804
1957-04-01,LUX,Luxembourg,LUX.Q.PRVM.IX.BTE.Y._Z._Z.N,Q,OECD,36.83311
1957-07-01,LUX,Luxembourg,LUX.Q.PRVM.IX.BTE.Y._Z._Z.N,Q,OECD,36.14515
1957-10-01,LUX,Luxembourg,LUX.Q.PRVM.IX.BTE.Y._Z._Z.N,Q,OECD,35.67513
1958-01-01,LUX,Luxembourg,LUX.Q.PRVM.IX.BTE.Y._Z._Z.N,Q,OECD,35.9133
1958-04-01,LUX,Luxembourg,LUX.Q.PRVM.IX.BTE.Y._Z._Z.N,Q,OECD,34.92976
1958-07-01,LUX,Luxembourg,LUX.Q.PRVM.IX.BTE.Y._Z._Z.N,Q,OECD,34.34776
1958-10-01,LUX,Luxembourg,LUX.Q.PRVM.IX.BTE.Y._Z._Z.N,Q,OECD,34.68763
1959-01-01,LUX,Luxembourg,LUX.Q.PRVM.IX.BTE.Y._Z._Z.N,Q,OECD,34.99258
1959-04-01,LUX,Luxembourg,LUX.Q.PRVM.IX.BTE.Y._Z._Z.N,Q,OECD,36.23356
1959-07-01,LUX,Luxembourg,LUX.Q.PRVM.IX.BTE.Y._Z._Z.N,Q,OECD,36.68063
1959-10-01,LUX,Luxembourg,LUX.Q.PRVM.IX.BTE.Y._Z._Z.N,Q,OECD,38.68547
1960-01-01,LUX,Luxembourg,LUX.Q.PRVM.IX.BTE.Y._Z._Z.N,Q,OECD,39.95554
1960-04-01,LUX,Luxembourg,LUX.Q.PRVM.IX.BTE.Y._Z._Z.N,Q,OECD,39.52769
1960-07-01,LUX,Luxembourg,LUX.Q.PRVM.IX.BTE.Y._Z._Z.N,Q,OECD,40.14858
1960-10-01,LUX,Luxembourg,LUX.Q.PRVM.IX.BTE.Y._Z._Z.N,Q,OECD,39.95615
1961-01-01,LUX,Luxembourg,LUX.Q.PRVM.IX.BTE.Y._Z._Z.N,Q,OECD,41.07535
1961-04-01,LUX,Luxembourg,LUX.Q.PRVM.IX.BTE.Y._Z._Z.N,Q,OECD,41.48729
1961-07-01,LUX,Luxembourg,LUX.Q.PRVM.IX.BTE.Y._Z._Z.N,Q,OECD,41.54168
1961-10-01,LUX,Luxembourg,LUX.Q.PRVM.IX.BTE.Y._Z._Z.N,Q,OECD,40.12828
1962-01-01,LUX,Luxembourg,LUX.Q.PRVM.IX.BTE.Y._Z._Z.N,Q,OECD,39.25119
1962-04-01,LUX,Luxembourg,LUX.Q.PRVM.IX.BTE.Y._Z._Z.N,Q,OECD,38.5452
1962-07-01,LUX,Luxembourg,LUX.Q.PRVM.IX.BTE.Y._Z._Z.N,Q,OECD,39.13099
1962-10-01,LUX,Luxembourg,LUX.Q.PRVM.IX.BTE.Y._Z._Z.N,Q,OECD,39.90701
1963-01-01,LUX,Luxembourg,LUX.Q.PRVM.IX.BTE.Y._Z._Z.N,Q,OECD,38.41508
1963-04-01,LUX,Luxembourg,LUX.Q.PRVM.IX.BTE.Y._Z._Z.N,Q,OECD,39.41669
1963-07-01,LUX,Luxembourg,LUX.Q.PRVM.IX.BTE.Y._Z._Z.N,Q,OECD,40.44665
1963-10-01,LUX,Luxembourg,LUX.Q.PRVM.IX.BTE.Y._Z._Z.N,Q,OECD,40.33167
1964-01-01,LUX,Luxembourg,LUX.Q.PRVM.IX.BTE.Y._Z._Z.N,Q,OECD,42.11358
1964-04-01,LUX,Luxembourg,LUX.Q.PRVM.IX.BTE.Y._Z._Z.N,Q,OECD,43.55007
1964-07-01,LUX,Luxembourg,LUX.Q.PRVM.IX.BTE.Y._Z._Z.N,Q,OECD,43.92547
1964-10-01,LUX,Luxembourg,LUX.Q.PRVM.IX.BTE.Y._Z._Z.N,Q,OECD,43.99318
1965-01-01,LUX,Luxembourg,LUX.Q.PRVM.IX.BTE.Y._Z._Z.N,Q,OECD,44.20797
1965-04-01,LUX,Luxembourg,LUX.Q.PRVM.IX.BTE.Y._Z._Z.N,Q,OECD,43.61925
1965-07-01,LUX,Luxembourg,LUX.Q.PRVM.IX.BTE.Y._Z._Z.N,Q,OECD,43.19752
1965-10-01,LUX,Luxembourg,LUX.Q.PRVM.IX.BTE.Y._Z._Z.N,Q,OECD,43.79346
1966-01-01,LUX,Luxembourg,LUX.Q.PRVM.IX.BTE.Y._Z._Z.N,Q,OECD,42.40949
1966-04-01,LUX,Luxembourg,LUX.Q.PRVM.IX.BTE.Y._Z._Z.N,Q,OECD,41.75951
1966-07-01,LUX,Luxembourg,LUX.Q.PRVM.IX.BTE.Y._Z._Z.N,Q,OECD,41.93764
1966-10-01,LUX,Luxembourg,LUX.Q.PRVM.IX.BTE.Y._Z._Z.N,Q,OECD,42.23794
1967-01-01,LUX,Luxembourg,LUX.Q.PRVM.IX.BTE.Y._Z._Z.N,Q,OECD,42.66411
1967-04-01,LUX,Luxembourg,LUX.Q.PRVM.IX.BTE.Y._Z._Z.N,Q,OECD,41.91633
1967-07-01,LUX,Luxembourg,LUX.Q.PRVM.IX.BTE.Y._Z._Z.N,Q,OECD,41.58287
1967-10-01,LUX,Luxembourg,LUX.Q.PRVM.IX.BTE.Y._Z._Z.N,Q,OECD,42.53569
1968-01-01,LUX,Luxembourg,LUX.Q.PRVM.IX.BTE.Y._Z._Z.N,Q,OECD,42.44992
1968-04-01,LUX,Luxembourg,LUX.Q.PRVM.IX.BTE.Y._Z._Z.N,Q,OECD,44.23435
1968-07-01,LUX,Luxembourg,LUX.Q.PRVM.IX.BTE.Y._Z._Z.N,Q,OECD,45.3227
1968-10-01,LUX,Luxembourg,LUX.Q.PRVM.IX.BTE.Y._Z._Z.N,Q,OECD,46.98748
1969-01-01,LUX,Luxembourg,LUX.Q.PRVM.IX.BTE.Y._Z._Z.N,Q,OECD,49.44406
1969-04-01,LUX,Luxembourg,LUX.Q.PRVM.IX.BTE.Y._Z._Z.N,Q,OECD,49.27843
1969-07-01,LUX,Luxembourg,LUX.Q.PRVM.IX.BTE.Y._Z._Z.N,Q,OECD,50.79227
1969-10-01,LUX,Luxembourg,LUX.Q.PRVM.IX.BTE.Y._Z._Z.N,Q,OECD,52.25064
1970-01-01,LUX,Luxembourg,LUX.Q.PRVM.IX.BTE.Y._Z._Z.N,Q,OECD,52.67531
1970-04-01,LUX,Luxembourg,LUX.Q.PRVM.IX.BTE.Y._Z._Z.N,Q,OECD,51.42189
1970-07-01,LUX,Luxembourg,LUX.Q.PRVM.IX.BTE.Y._Z._Z.N,Q,OECD,50.48597
1970-10-01,LUX,Luxembourg,LUX.Q.PRVM.IX.BTE.Y._Z._Z.N,Q,OECD,48.06878
1971-01-01,LUX,Luxembourg,LUX.Q.PRVM.IX.BTE.Y._Z._Z.N,Q,OECD,48.64905
1971-04-01,LUX,Luxembourg,LUX.Q.PRVM.IX.BTE.Y._Z._Z.N,Q,OECD,50.75655
1971-07-01,LUX,Luxembourg,LUX.Q.PRVM.IX.BTE.Y._Z._Z.N,Q,OECD,51.17641
1971-10-01,LUX,Luxembourg,LUX.Q.PRVM.IX.BTE.Y._Z._Z.N,Q,OECD,49.98924
1972-01-01,LUX,Luxembourg,LUX.Q.PRVM.IX.BTE.Y._Z._Z.N,Q,OECD,49.54387
1972-04-01,LUX,Luxembourg,LUX.Q.PRVM.IX.BTE.Y._Z._Z.N,Q,OECD,51.72778
1972-07-01,LUX,Luxembourg,LUX.Q.PRVM.IX.BTE.Y._Z._Z.N,Q,OECD,53.25452
1972-10-01,LUX,Luxembourg,LUX.Q.PRVM.IX.BTE.Y._Z._Z.N,Q,OECD,54.58526
1973-01-01,LUX,Luxembourg,LUX.Q.PRVM.IX.BTE.Y._Z._Z.N,Q,OECD,57.54712
1973-04-01,LUX,Luxembourg,LUX.Q.PRVM.IX.BTE.Y._Z._Z.N,Q,OECD,56.99639
1973-07-01,LUX,Luxembourg,LUX.Q.PRVM.IX.BTE.Y._Z._Z.N,Q,OECD,59.07405
1973-10-01,LUX,Luxembourg,LUX.Q.PRVM.IX.BTE.Y._Z._Z.N,Q,OECD,60.37276
1974-01-01,LUX,Luxembourg,LUX.Q.PRVM.IX.BTE.Y._Z._Z.N,Q,OECD,62.50646
1974-04-01,LUX,Luxembourg,LUX.Q.PRVM.IX.BTE.Y._Z._Z.N,Q,OECD,60.31183
1974-07-01,LUX,Luxembourg,LUX.Q.PRVM.IX.BTE.Y._Z._Z.N,Q,OECD,62.31034
1974-10-01,LUX,Luxembourg,LUX.Q.PRVM.IX.BTE.Y._Z._Z.N,Q,OECD,57.03487
1975-01-01,LUX,Luxembourg,LUX.Q.PRVM.IX.BTE.Y._Z._Z.N,Q,OECD,52.00678
1975-04-01,LUX,Luxembourg,LUX.Q.PRVM.IX.BTE.Y._Z._Z.N,Q,OECD,46.07537
1975-07-01,LUX,Luxembourg,LUX.Q.PRVM.IX.BTE.Y._Z._Z.N,Q,OECD,43.28225
1975-10-01,LUX,Luxembourg,LUX.Q.PRVM.IX.BTE.Y._Z._Z.N,Q,OECD,47.23889
1976-01-01,LUX,Luxembourg,LUX.Q.PRVM.IX.BTE.Y._Z._Z.N,Q,OECD,48.2566
1976-04-01,LUX,Luxembourg,LUX.Q.PRVM.IX.BTE.Y._Z._Z.N,Q,OECD,50.21054
1976-07-01,LUX,Luxembourg,LUX.Q.PRVM.IX.BTE.Y._Z._Z.N,Q,OECD,48.76753
1976-10-01,LUX,Luxembourg,LUX.Q.PRVM.IX.BTE.Y._Z._Z.N,Q,OECD,48.66771
1977-01-01,LUX,Luxembourg,LUX.Q.PRVM.IX.BTE.Y._Z._Z.N,Q,OECD,49.005
1977-04-01,LUX,Luxembourg,LUX.Q.PRVM.IX.BTE.Y._Z._Z.N,Q,OECD,50.1282
1977-07-01,LUX,Luxembourg,LUX.Q.PRVM.IX.BTE.Y._Z._Z.N,Q,OECD,47.86407
1977-10-01,LUX,Luxembourg,LUX.Q.PRVM.IX.BTE.Y._Z._Z.N,Q,OECD,49.84274
1978-01-01,LUX,Luxembourg,LUX.Q.PRVM.IX.BTE.Y._Z._Z.N,Q,OECD,50.61869
1978-04-01,LUX,Luxembourg,LUX.Q.PRVM.IX.BTE.Y._Z._Z.N,Q,OECD,49.81727
1978-07-01,LUX,Luxembourg,LUX.Q.PRVM.IX.BTE.Y._Z._Z.N,Q,OECD,51.88264
1978-10-01,LUX,Luxembourg,LUX.Q.PRVM.IX.BTE.Y._Z._Z.N,Q,OECD,51.23956
1979-01-01,LUX,Luxembourg,LUX.Q.PRVM.IX.BTE.Y._Z._Z.N,Q,OECD,52.37787
1979-04-01,LUX,Luxembourg,LUX.Q.PRVM.IX.BTE.Y._Z._Z.N,Q,OECD,52.39515
1979-07-01,LUX,Luxembourg,LUX.Q.PRVM.IX.BTE.Y._Z._Z.N,Q,OECD,52.3219
1979-10-01,LUX,Luxembourg,LUX.Q.PRVM.IX.BTE.Y._Z._Z.N,Q,OECD,52.91207
1980-01-01,LUX,Luxembourg,LUX.Q.PRVM.IX.BTE.Y._Z._Z.N,Q,OECD,53.34113
1980-04-01,LUX,Luxembourg,LUX.Q.PRVM.IX.BTE.Y._Z._Z.N,Q,OECD,52.90769
1980-07-01,LUX,Luxembourg,LUX.Q.PRVM.IX.BTE.Y._Z._Z.N,Q,OECD,48.94626
1980-10-01,LUX,Luxembourg,LUX.Q.PRVM.IX.BTE.Y._Z._Z.N,Q,OECD,47.51071
1981-01-01,LUX,Luxembourg,LUX.Q.PRVM.IX.BTE.Y._Z._Z.N,Q,OECD,46.97167
1981-04-01,LUX,Luxembourg,LUX.Q.PRVM.IX.BTE.Y._Z._Z.N,Q,OECD,47.40951
1981-07-01,LUX,Luxembourg,LUX.Q.PRVM.IX.BTE.Y._Z._Z.N,Q,OECD,48.47214
1981-10-01,LUX,Luxembourg,LUX.Q.PRVM.IX.BTE.Y._Z._Z.N,Q,OECD,48.82263
1982-01-01,LUX,Luxembourg,LUX.Q.PRVM.IX.BTE.Y._Z._Z.N,Q,OECD,50.56893
1982-04-01,LUX,Luxembourg,LUX.Q.PRVM.IX.BTE.Y._Z._Z.N,Q,OECD,48.98455
1982-07-01,LUX,Luxembourg,LUX.Q.PRVM.IX.BTE.Y._Z._Z.N,Q,OECD,49.16824
1982-10-01,LUX,Luxembourg,LUX.Q.PRVM.IX.BTE.Y._Z._Z.N,Q,OECD,47.28692
1983-01-01,LUX,Luxembourg,LUX.Q.PRVM.IX.BTE.Y._Z._Z.N,Q,OECD,48.51443
1983-04-01,LUX,Luxembourg,LUX.Q.PRVM.IX.BTE.Y._Z._Z.N,Q,OECD,50.99009
1983-07-01,LUX,Luxembourg,LUX.Q.PRVM.IX.BTE.Y._Z._Z.N,Q,OECD,52.19046
1983-10-01,LUX,Luxembourg,LUX.Q.PRVM.IX.BTE.Y._Z._Z.N,Q,OECD,55.08022
1984-01-01,LUX,Luxembourg,LUX.Q.PRVM.IX.BTE.Y._Z._Z.N,Q,OECD,55.49489
1984-04-01,LUX,Luxembourg,LUX.Q.PRVM.IX.BTE.Y._Z._Z.N,Q,OECD,57.42276
1984-07-01,LUX,Luxembourg,LUX.Q.PRVM.IX.BTE.Y._Z._Z.N,Q,OECD,58.95988
1984-10-01,LUX,Luxembourg,LUX.Q.PRVM.IX.BTE.Y._Z._Z.N,Q,OECD,59.36506
1985-01-01,LUX,Luxembourg,LUX.Q.PRVM.IX.BTE.Y._Z._Z.N,Q,OECD,61.08284
1985-04-01,LUX,Luxembourg,LUX.Q.PRVM.IX.BTE.Y._Z._Z.N,Q,OECD,60.65323
1985-07-01,LUX,Luxembourg,LUX.Q.PRVM.IX.BTE.Y._Z._Z.N,Q,OECD,61.92397
1985-10-01,LUX,Luxembourg,LUX.Q.PRVM.IX.BTE.Y._Z._Z.N,Q,OECD,63.27129
1986-01-01,LUX,Luxembourg,LUX.Q.PRVM.IX.BTE.Y._Z._Z.N,Q,OECD,63.6139
1986-04-01,LUX,Luxembourg,LUX.Q.PRVM.IX.BTE.Y._Z._Z.N,Q,OECD,62.68573
1986-07-01,LUX,Luxembourg,LUX.Q.PRVM.IX.BTE.Y._Z._Z.N,Q,OECD,62.95206
1986-10-01,LUX,Luxembourg,LUX.Q.PRVM.IX.BTE.Y._Z._Z.N,Q,OECD,61.93954
1987-01-01,LUX,Luxembourg,LUX.Q.PRVM.IX.BTE.Y._Z._Z.N,Q,OECD,61.88214
1987-04-01,LUX,Luxembourg,LUX.Q.PRVM.IX.BTE.Y._Z._Z.N,Q,OECD,62.04601
1987-07-01,LUX,Luxembourg,LUX.Q.PRVM.IX.BTE.Y._Z._Z.N,Q,OECD,61.76276
1987-10-01,LUX,Luxembourg,LUX.Q.PRVM.IX.BTE.Y._Z._Z.N,Q,OECD,63.88279
1988-01-01,LUX,Luxembourg,LUX.Q.PRVM.IX.BTE.Y._Z._Z.N,Q,OECD,65.73289
1988-04-01,LUX,Luxembourg,LUX.Q.PRVM.IX.BTE.Y._Z._Z.N,Q,OECD,67.1039
1988-07-01,LUX,Luxembourg,LUX.Q.PRVM.IX.BTE.Y._Z._Z.N,Q,OECD,68.00759
1988-10-01,LUX,Luxembourg,LUX.Q.PRVM.IX.BTE.Y._Z._Z.N,Q,OECD,71.34563
1989-01-01,LUX,Luxembourg,LUX.Q.PRVM.IX.BTE.Y._Z._Z.N,Q,OECD,72.84167
1989-04-01,LUX,Luxembourg,LUX.Q.PRVM.IX.BTE.Y._Z._Z.N,Q,OECD,73.99584
1989-07-01,LUX,Luxembourg,LUX.Q.PRVM.IX.BTE.Y._Z._Z.N,Q,OECD,73.75365
1989-10-01,LUX,Luxembourg,LUX.Q.PRVM.IX.BTE.Y._Z._Z.N,Q,OECD,72.71125
1990-01-01,LUX,Luxembourg,LUX.Q.PRVM.IX.BTE.Y._Z._Z.N,Q,OECD,71.93605
1990-04-01,LUX,Luxembourg,LUX.Q.PRVM.IX.BTE.Y._Z._Z.N,Q,OECD,74.7539
1990-07-01,LUX,Luxembourg,LUX.Q.PRVM.IX.BTE.Y._Z._Z.N,Q,OECD,73.98251
1990-10-01,LUX,Luxembourg,LUX.Q.PRVM.IX.BTE.Y._Z._Z.N,Q,OECD,70.98867
1991-01-01,LUX,Luxembourg,LUX.Q.PRVM.IX.BTE.Y._Z._Z.N,Q,OECD,71.97219
1991-04-01,LUX,Luxembourg,LUX.Q.PRVM.IX.BTE.Y._Z._Z.N,Q,OECD,73.51633
1991-07-01,LUX,Luxembourg,LUX.Q.PRVM.IX.BTE.Y._Z._Z.N,Q,OECD,73.68235
1991-10-01,LUX,Luxembourg,LUX.Q.PRVM.IX.BTE.Y._Z._Z.N,Q,OECD,73.53174
1992-01-01,LUX,Luxembourg,LUX.Q.PRVM.IX.BTE.Y._Z._Z.N,Q,OECD,73.54474
1992-04-01,LUX,Luxembourg,LUX.Q.PRVM.IX.BTE.Y._Z._Z.N,Q,OECD,72.09484
1992-07-01,LUX,Luxembourg,LUX.Q.PRVM.IX.BTE.Y._Z._Z.N,Q,OECD,72.26042
1992-10-01,LUX,Luxembourg,LUX.Q.PRVM.IX.BTE.Y._Z._Z.N,Q,OECD,72.20177
1993-01-01,LUX,Luxembourg,LUX.Q.PRVM.IX.BTE.Y._Z._Z.N,Q,OECD,68.77397
1993-04-01,LUX,Luxembourg,LUX.Q.PRVM.IX.BTE.Y._Z._Z.N,Q,OECD,71.2806
1993-07-01,LUX,Luxembourg,LUX.Q.PRVM.IX.BTE.Y._Z._Z.N,Q,OECD,68.37416
1993-10-01,LUX,Luxembourg,LUX.Q.PRVM.IX.BTE.Y._Z._Z.N,Q,OECD,68.88548
1994-01-01,LUX,Luxembourg,LUX.Q.PRVM.IX.BTE.Y._Z._Z.N,Q,OECD,72.98674
1994-04-01,LUX,Luxembourg,LUX.Q.PRVM.IX.BTE.Y._Z._Z.N,Q,OECD,74.25017
1994-07-01,LUX,Luxembourg,LUX.Q.PRVM.IX.BTE.Y._Z._Z.N,Q,OECD,73.58799
1994-10-01,LUX,Luxembourg,LUX.Q.PRVM.IX.BTE.Y._Z._Z.N,Q,OECD,73.69764
1995-01-01,LUX,Luxembourg,LUX.Q.PRVM.IX.BTE.Y._Z._Z.N,Q,OECD,74.13204
1995-04-01,LUX,Luxembourg,LUX.Q.PRVM.IX.BTE.Y._Z._Z.N,Q,OECD,74.36051
1995-07-01,LUX,Luxembourg,LUX.Q.PRVM.IX.BTE.Y._Z._Z.N,Q,OECD,74.89234
1995-10-01,LUX,Luxembourg,LUX.Q.PRVM.IX.BTE.Y._Z._Z.N,Q,OECD,75.07983
1996-01-01,LUX,Luxembourg,LUX.Q.PRVM.IX.BTE.Y._Z._Z.N,Q,OECD,75.52606
1996-04-01,LUX,Luxembourg,LUX.Q.PRVM.IX.BTE.Y._Z._Z.N,Q,OECD,73.85429
1996-07-01,LUX,Luxembourg,LUX.Q.PRVM.IX.BTE.Y._Z._Z.N,Q,OECD,73.88113
1996-10-01,LUX,Luxembourg,LUX.Q.PRVM.IX.BTE.Y._Z._Z.N,Q,OECD,74.97639
1997-01-01,LUX,Luxembourg,LUX.Q.PRVM.IX.BTE.Y._Z._Z.N,Q,OECD,76.17898
1997-04-01,LUX,Luxembourg,LUX.Q.PRVM.IX.BTE.Y._Z._Z.N,Q,OECD,77.05773
1997-07-01,LUX,Luxembourg,LUX.Q.PRVM.IX.BTE.Y._Z._Z.N,Q,OECD,80.11904
1997-10-01,LUX,Luxembourg,LUX.Q.PRVM.IX.BTE.Y._Z._Z.N,Q,OECD,82.38209
1998-01-01,LUX,Luxembourg,LUX.Q.PRVM.IX.BTE.Y._Z._Z.N,Q,OECD,83.17947
1998-04-01,LUX,Luxembourg,LUX.Q.PRVM.IX.BTE.Y._Z._Z.N,Q,OECD,82.52461
1998-07-01,LUX,Luxembourg,LUX.Q.PRVM.IX.BTE.Y._Z._Z.N,Q,OECD,74.51972
1998-10-01,LUX,Luxembourg,LUX.Q.PRVM.IX.BTE.Y._Z._Z.N,Q,OECD,74.84975
1999-01-01,LUX,Luxembourg,LUX.Q.PRVM.IX.BTE.Y._Z._Z.N,Q,OECD,82.25741
1999-04-01,LUX,Luxembourg,LUX.Q.PRVM.IX.BTE.Y._Z._Z.N,Q,OECD,86.53828
1999-07-01,LUX,Luxembourg,LUX.Q.PRVM.IX.BTE.Y._Z._Z.N,Q,OECD,91.1758
1999-10-01,LUX,Luxembourg,LUX.Q.PRVM.IX.BTE.Y._Z._Z.N,Q,OECD,92.34917
2000-01-01,LUX,Luxembourg,LUX.Q.PRVM.IX.BTE.Y._Z._Z.N,Q,OECD,87.13441
2000-04-01,LUX,Luxembourg,LUX.Q.PRVM.IX.BTE.Y._Z._Z.N,Q,OECD,92.34457
2000-07-01,LUX,Luxembourg,LUX.Q.PRVM.IX.BTE.Y._Z._Z.N,Q,OECD,93.33546
2000-10-01,LUX,Luxembourg,LUX.Q.PRVM.IX.BTE.Y._Z._Z.N,Q,OECD,94.29439
2001-01-01,LUX,Luxembourg,LUX.Q.PRVM.IX.BTE.Y._Z._Z.N,Q,OECD,95.82867
2001-04-01,LUX,Luxembourg,LUX.Q.PRVM.IX.BTE.Y._Z._Z.N,Q,OECD,95.76474
2001-07-01,LUX,Luxembourg,LUX.Q.PRVM.IX.BTE.Y._Z._Z.N,Q,OECD,96.65974
2001-10-01,LUX,Luxembourg,LUX.Q.PRVM.IX.BTE.Y._Z._Z.N,Q,OECD,97.17117
2002-01-01,LUX,Luxembourg,LUX.Q.PRVM.IX.BTE.Y._Z._Z.N,Q,OECD,98.09813
2002-04-01,LUX,Luxembourg,LUX.Q.PRVM.IX.BTE.Y._Z._Z.N,Q,OECD,100.6553
2002-07-01,LUX,Luxembourg,LUX.Q.PRVM.IX.BTE.Y._Z._Z.N,Q,OECD,99.92009
2002-10-01,LUX,Luxembourg,LUX.Q.PRVM.IX.BTE.Y._Z._Z.N,Q,OECD,105.0024
2003-01-01,LUX,Luxembourg,LUX.Q.PRVM.IX.BTE.Y._Z._Z.N,Q,OECD,105.8015
2003-04-01,LUX,Luxembourg,LUX.Q.PRVM.IX.BTE.Y._Z._Z.N,Q,OECD,105.0663
2003-07-01,LUX,Luxembourg,LUX.Q.PRVM.IX.BTE.Y._Z._Z.N,Q,OECD,106.9842
2003-10-01,LUX,Luxembourg,LUX.Q.PRVM.IX.BTE.Y._Z._Z.N,Q,OECD,107.4317
2004-01-01,LUX,Luxembourg,LUX.Q.PRVM.IX.BTE.Y._Z._Z.N,Q,OECD,110.4044
2004-04-01,LUX,Luxembourg,LUX.Q.PRVM.IX.BTE.Y._Z._Z.N,Q,OECD,112.0026
2004-07-01,LUX,Luxembourg,LUX.Q.PRVM.IX.BTE.Y._Z._Z.N,Q,OECD,111.8747
2004-10-01,LUX,Luxembourg,LUX.Q.PRVM.IX.BTE.Y._Z._Z.N,Q,OECD,111.2035
2005-01-01,LUX,Luxembourg,LUX.Q.PRVM.IX.BTE.Y._Z._Z.N,Q,OECD,110.5961
2005-04-01,LUX,Luxembourg,LUX.Q.PRVM.IX.BTE.Y._Z._Z.N,Q,OECD,111.9386
2005-07-01,LUX,Luxembourg,LUX.Q.PRVM.IX.BTE.Y._Z._Z.N,Q,OECD,119.4502
2005-10-01,LUX,Luxembourg,LUX.Q.PRVM.IX.BTE.Y._Z._Z.N,Q,OECD,116.2538
2006-01-01,LUX,Luxembourg,LUX.Q.PRVM.IX.BTE.Y._Z._Z.N,Q,OECD,115.0711
2006-04-01,LUX,Luxembourg,LUX.Q.PRVM.IX.BTE.Y._Z._Z.N,Q,OECD,116.989
2006-07-01,LUX,Luxembourg,LUX.Q.PRVM.IX.BTE.Y._Z._Z.N,Q,OECD,118.5552
2006-10-01,LUX,Luxembourg,LUX.Q.PRVM.IX.BTE.Y._Z._Z.N,Q,OECD,119.2584
2007-01-01,LUX,Luxembourg,LUX.Q.PRVM.IX.BTE.Y._Z._Z.N,Q,OECD,119.9297
2007-04-01,LUX,Luxembourg,LUX.Q.PRVM.IX.BTE.Y._Z._Z.N,Q,OECD,118.8749
2007-07-01,LUX,Luxembourg,LUX.Q.PRVM.IX.BTE.Y._Z._Z.N,Q,OECD,113.6647
2007-10-01,LUX,Luxembourg,LUX.Q.PRVM.IX.BTE.Y._Z._Z.N,Q,OECD,115.9661
2008-01-01,LUX,Luxembourg,LUX.Q.PRVM.IX.BTE.Y._Z._Z.N,Q,OECD,117.4365
2008-04-01,LUX,Luxembourg,LUX.Q.PRVM.IX.BTE.Y._Z._Z.N,Q,OECD,114.3679
2008-07-01,LUX,Luxembourg,LUX.Q.PRVM.IX.BTE.Y._Z._Z.N,Q,OECD,116.2538
2008-10-01,LUX,Luxembourg,LUX.Q.PRVM.IX.BTE.Y._Z._Z.N,Q,OECD,95.0935
2009-01-01,LUX,Luxembourg,LUX.Q.PRVM.IX.BTE.Y._Z._Z.N,Q,OECD,86.39923
2009-04-01,LUX,Luxembourg,LUX.Q.PRVM.IX.BTE.Y._Z._Z.N,Q,OECD,89.97923
2009-07-01,LUX,Luxembourg,LUX.Q.PRVM.IX.BTE.Y._Z._Z.N,Q,OECD,98.16206
2009-10-01,LUX,Luxembourg,LUX.Q.PRVM.IX.BTE.Y._Z._Z.N,Q,OECD,97.93831
2010-01-01,LUX,Luxembourg,LUX.Q.PRVM.IX.BTE.Y._Z._Z.N,Q,OECD,99.34473
2010-04-01,LUX,Luxembourg,LUX.Q.PRVM.IX.BTE.Y._Z._Z.N,Q,OECD,103.6599
2010-07-01,LUX,Luxembourg,LUX.Q.PRVM.IX.BTE.Y._Z._Z.N,Q,OECD,99.44063
2010-10-01,LUX,Luxembourg,LUX.Q.PRVM.IX.BTE.Y._Z._Z.N,Q,OECD,102.0617
2011-01-01,LUX,Luxembourg,LUX.Q.PRVM.IX.BTE.Y._Z._Z.N,Q,OECD,106.4408
2011-04-01,LUX,Luxembourg,LUX.Q.PRVM.IX.BTE.Y._Z._Z.N,Q,OECD,104.2033
2011-07-01,LUX,Luxembourg,LUX.Q.PRVM.IX.BTE.Y._Z._Z.N,Q,OECD,102.1895
2011-10-01,LUX,Luxembourg,LUX.Q.PRVM.IX.BTE.Y._Z._Z.N,Q,OECD,98.73741
2012-01-01,LUX,Luxembourg,LUX.Q.PRVM.IX.BTE.Y._Z._Z.N,Q,OECD,98.09813
2012-04-01,LUX,Luxembourg,LUX.Q.PRVM.IX.BTE.Y._Z._Z.N,Q,OECD,98.9292
2012-07-01,LUX,Luxembourg,LUX.Q.PRVM.IX.BTE.Y._Z._Z.N,Q,OECD,99.79224
2012-10-01,LUX,Luxembourg,LUX.Q.PRVM.IX.BTE.Y._Z._Z.N,Q,OECD,94.70992
2013-01-01,LUX,Luxembourg,LUX.Q.PRVM.IX.BTE.Y._Z._Z.N,Q,OECD,92.12083
2013-04-01,LUX,Luxembourg,LUX.Q.PRVM.IX.BTE.Y._Z._Z.N,Q,OECD,92.856
2013-07-01,LUX,Luxembourg,LUX.Q.PRVM.IX.BTE.Y._Z._Z.N,Q,OECD,96.37206
2013-10-01,LUX,Luxembourg,LUX.Q.PRVM.IX.BTE.Y._Z._Z.N,Q,OECD,98.25795
2014-01-01,LUX,Luxembourg,LUX.Q.PRVM.IX.BTE.Y._Z._Z.N,Q,OECD,98.25795
2014-04-01,LUX,Luxembourg,LUX.Q.PRVM.IX.BTE.Y._Z._Z.N,Q,OECD,98.1301
2014-07-01,LUX,Luxembourg,LUX.Q.PRVM.IX.BTE.Y._Z._Z.N,Q,OECD,99.63241
2014-10-01,LUX,Luxembourg,LUX.Q.PRVM.IX.BTE.Y._Z._Z.N,Q,OECD,100.4954
2015-01-01,LUX,Luxembourg,LUX.Q.PRVM.IX.BTE.Y._Z._Z.N,Q,OECD,100.5274
2015-04-01,LUX,Luxembourg,LUX.Q.PRVM.IX.BTE.Y._Z._Z.N,Q,OECD,100.8151
2015-07-01,LUX,Luxembourg,LUX.Q.PRVM.IX.BTE.Y._Z._Z.N,Q,OECD,99.76027
2015-10-01,LUX,Luxembourg,LUX.Q.PRVM.IX.BTE.Y._Z._Z.N,Q,OECD,99.95206
2016-01-01,LUX,Luxembourg,LUX.Q.PRVM.IX.BTE.Y._Z._Z.N,Q,OECD,101.7101
2016-04-01,LUX,Luxembourg,LUX.Q.PRVM.IX.BTE.Y._Z._Z.N,Q,OECD,99.66438
2016-07-01,LUX,Luxembourg,LUX.Q.PRVM.IX.BTE.Y._Z._Z.N,Q,OECD,98.70545
2016-10-01,LUX,Luxembourg,LUX.Q.PRVM.IX.BTE.Y._Z._Z.N,Q,OECD,99.3767
2017-01-01,LUX,Luxembourg,LUX.Q.PRVM.IX.BTE.Y._Z._Z.N,Q,OECD,100.7831
2017-04-01,LUX,Luxembourg,LUX.Q.PRVM.IX.BTE.Y._Z._Z.N,Q,OECD,104.0754
2017-07-01,LUX,Luxembourg,LUX.Q.PRVM.IX.BTE.Y._Z._Z.N,Q,OECD,104.459
2017-10-01,LUX,Luxembourg,LUX.Q.PRVM.IX.BTE.Y._Z._Z.N,Q,OECD,105.7376
2018-01-01,LUX,Luxembourg,LUX.Q.PRVM.IX.BTE.Y._Z._Z.N,Q,OECD,102.4772
2018-04-01,LUX,Luxembourg,LUX.Q.PRVM.IX.BTE.Y._Z._Z.N,Q,OECD,101.6462
2018-07-01,LUX,Luxembourg,LUX.Q.PRVM.IX.BTE.Y._Z._Z.N,Q,OECD,102.3494
2018-10-01,LUX,Luxembourg,LUX.Q.PRVM.IX.BTE.Y._Z._Z.N,Q,OECD,103.6599
2019-01-01,LUX,Luxembourg,LUX.Q.PRVM.IX.BTE.Y._Z._Z.N,Q,OECD,101.806
2019-04-01,LUX,Luxembourg,LUX.Q.PRVM.IX.BTE.Y._Z._Z.N,Q,OECD,100.5274
2019-07-01,LUX,Luxembourg,LUX.Q.PRVM.IX.BTE.Y._Z._Z.N,Q,OECD,99.85616
2019-10-01,LUX,Luxembourg,LUX.Q.PRVM.IX.BTE.Y._Z._Z.N,Q,OECD,94.93368
2020-01-01,LUX,Luxembourg,LUX.Q.PRVM.IX.BTE.Y._Z._Z.N,Q,OECD,91.57743
2020-04-01,LUX,Luxembourg,LUX.Q.PRVM.IX.BTE.Y._Z._Z.N,Q,OECD,78.18443
2020-07-01,LUX,Luxembourg,LUX.Q.PRVM.IX.BTE.Y._Z._Z.N,Q,OECD,92.18475
2020-10-01,LUX,Luxembourg,LUX.Q.PRVM.IX.BTE.Y._Z._Z.N,Q,OECD,92.31261
2021-01-01,LUX,Luxembourg,LUX.Q.PRVM.IX.BTE.Y._Z._Z.N,Q,OECD,95.79671
2021-04-01,LUX,Luxembourg,LUX.Q.PRVM.IX.BTE.Y._Z._Z.N,Q,OECD,95.63689
2021-07-01,LUX,Luxembourg,LUX.Q.PRVM.IX.BTE.Y._Z._Z.N,Q,OECD,95.76474
2021-10-01,LUX,Luxembourg,LUX.Q.PRVM.IX.BTE.Y._Z._Z.N,Q,OECD,96.40403
2022-01-01,LUX,Luxembourg,LUX.Q.PRVM.IX.BTE.Y._Z._Z.N,Q,OECD,97.39492
2022-04-01,LUX,Luxembourg,LUX.Q.PRVM.IX.BTE.Y._Z._Z.N,Q,OECD,91.54547
2022-07-01,LUX,Luxembourg,LUX.Q.PRVM.IX.BTE.Y._Z._Z.N,Q,OECD,91.25779
2022-10-01,LUX,Luxembourg,LUX.Q.PRVM.IX.BTE.Y._Z._Z.N,Q,OECD,89.59565
2023-01-01,LUX,Luxembourg,LUX.Q.PRVM.IX.BTE.Y._Z._Z.N,Q,OECD,91.44958
2023-04-01,LUX,Luxembourg,LUX.Q.PRVM.IX.BTE.Y._Z._Z.N,Q,OECD,87.6778
2023-07-01,LUX,Luxembourg,LUX.Q.PRVM.IX.BTE.Y._Z._Z.N,Q,OECD,87.48602
2023-10-01,LUX,Luxembourg,LUX.Q.PRVM.IX.BTE.Y._Z._Z.N,Q,OECD,87.70976
2024-01-01,LUX,Luxembourg,LUX.Q.PRVM.IX.BTE.Y._Z._Z.N,Q,OECD,87.90155
2024-04-01,LUX,Luxembourg,LUX.Q.PRVM.IX.BTE.Y._Z._Z.N,Q,OECD,88.31709
2024-07-01,LUX,Luxembourg,LUX.Q.PRVM.IX.BTE.Y._Z._Z.N,Q,OECD,84.83298
2024-10-01,LUX,Luxembourg,LUX.Q.PRVM.IX.BTE.Y._Z._Z.N,Q,OECD,87.51798
2025-01-01,LUX,Luxembourg,LUX.Q.PRVM.IX.BTE.Y._Z._Z.N,Q,OECD,88.09334
2025-04-01,LUX,Luxembourg,LUX.Q.PRVM.IX.BTE.Y._Z._Z.N,Q,OECD,86.91066
2025-07-01,LUX,Luxembourg,LUX.Q.PRVM.IX.BTE.Y._Z._Z.N,Q,OECD,85.69602
2025-10-01,LUX,Luxembourg,LUX.Q.PRVM.IX.BTE.Y._Z._Z.N,Q,OECD,82.88317
2000-01-01,LVA,Latvia,LVA.Q.PRVM.IX.BTE.Y._Z._Z.N,Q,OECD,57.44724
2000-04-01,LVA,Latvia,LVA.Q.PRVM.IX.BTE.Y._Z._Z.N,Q,OECD,58.26675
2000-07-01,LVA,Latvia,LVA.Q.PRVM.IX.BTE.Y._Z._Z.N,Q,OECD,59.6599
2000-10-01,LVA,Latvia,LVA.Q.PRVM.IX.BTE.Y._Z._Z.N,Q,OECD,61.95452
2001-01-01,LVA,Latvia,LVA.Q.PRVM.IX.BTE.Y._Z._Z.N,Q,OECD,64.49498
2001-04-01,LVA,Latvia,LVA.Q.PRVM.IX.BTE.Y._Z._Z.N,Q,OECD,65.35546
2001-07-01,LVA,Latvia,LVA.Q.PRVM.IX.BTE.Y._Z._Z.N,Q,OECD,66.25691
2001-10-01,LVA,Latvia,LVA.Q.PRVM.IX.BTE.Y._Z._Z.N,Q,OECD,66.21594
2002-01-01,LVA,Latvia,LVA.Q.PRVM.IX.BTE.Y._Z._Z.N,Q,OECD,67.32227
2002-04-01,LVA,Latvia,LVA.Q.PRVM.IX.BTE.Y._Z._Z.N,Q,OECD,69.33006
2002-07-01,LVA,Latvia,LVA.Q.PRVM.IX.BTE.Y._Z._Z.N,Q,OECD,71.21491
2002-10-01,LVA,Latvia,LVA.Q.PRVM.IX.BTE.Y._Z._Z.N,Q,OECD,73.2227
2003-01-01,LVA,Latvia,LVA.Q.PRVM.IX.BTE.Y._Z._Z.N,Q,OECD,73.01782
2003-04-01,LVA,Latvia,LVA.Q.PRVM.IX.BTE.Y._Z._Z.N,Q,OECD,74.77975
2003-07-01,LVA,Latvia,LVA.Q.PRVM.IX.BTE.Y._Z._Z.N,Q,OECD,77.3612
2003-10-01,LVA,Latvia,LVA.Q.PRVM.IX.BTE.Y._Z._Z.N,Q,OECD,79.00021
2004-01-01,LVA,Latvia,LVA.Q.PRVM.IX.BTE.Y._Z._Z.N,Q,OECD,80.59824
2004-04-01,LVA,Latvia,LVA.Q.PRVM.IX.BTE.Y._Z._Z.N,Q,OECD,81.17189
2004-07-01,LVA,Latvia,LVA.Q.PRVM.IX.BTE.Y._Z._Z.N,Q,OECD,80.76214
2004-10-01,LVA,Latvia,LVA.Q.PRVM.IX.BTE.Y._Z._Z.N,Q,OECD,81.37677
2005-01-01,LVA,Latvia,LVA.Q.PRVM.IX.BTE.Y._Z._Z.N,Q,OECD,82.76993
2005-04-01,LVA,Latvia,LVA.Q.PRVM.IX.BTE.Y._Z._Z.N,Q,OECD,86.58062
2005-07-01,LVA,Latvia,LVA.Q.PRVM.IX.BTE.Y._Z._Z.N,Q,OECD,88.0967
2005-10-01,LVA,Latvia,LVA.Q.PRVM.IX.BTE.Y._Z._Z.N,Q,OECD,90.22741
2006-01-01,LVA,Latvia,LVA.Q.PRVM.IX.BTE.Y._Z._Z.N,Q,OECD,91.12887
2006-04-01,LVA,Latvia,LVA.Q.PRVM.IX.BTE.Y._Z._Z.N,Q,OECD,91.90739
2006-07-01,LVA,Latvia,LVA.Q.PRVM.IX.BTE.Y._Z._Z.N,Q,OECD,93.5464
2006-10-01,LVA,Latvia,LVA.Q.PRVM.IX.BTE.Y._Z._Z.N,Q,OECD,94.12006
2007-01-01,LVA,Latvia,LVA.Q.PRVM.IX.BTE.Y._Z._Z.N,Q,OECD,94.77566
2007-04-01,LVA,Latvia,LVA.Q.PRVM.IX.BTE.Y._Z._Z.N,Q,OECD,93.09568
2007-07-01,LVA,Latvia,LVA.Q.PRVM.IX.BTE.Y._Z._Z.N,Q,OECD,93.5464
2007-10-01,LVA,Latvia,LVA.Q.PRVM.IX.BTE.Y._Z._Z.N,Q,OECD,94.44786
2008-01-01,LVA,Latvia,LVA.Q.PRVM.IX.BTE.Y._Z._Z.N,Q,OECD,96.33272
2008-04-01,LVA,Latvia,LVA.Q.PRVM.IX.BTE.Y._Z._Z.N,Q,OECD,92.93178
2008-07-01,LVA,Latvia,LVA.Q.PRVM.IX.BTE.Y._Z._Z.N,Q,OECD,88.99815
2008-10-01,LVA,Latvia,LVA.Q.PRVM.IX.BTE.Y._Z._Z.N,Q,OECD,84.73673
2009-01-01,LVA,Latvia,LVA.Q.PRVM.IX.BTE.Y._Z._Z.N,Q,OECD,74.24708
2009-04-01,LVA,Latvia,LVA.Q.PRVM.IX.BTE.Y._Z._Z.N,Q,OECD,73.79636
2009-07-01,LVA,Latvia,LVA.Q.PRVM.IX.BTE.Y._Z._Z.N,Q,OECD,72.8949
2009-10-01,LVA,Latvia,LVA.Q.PRVM.IX.BTE.Y._Z._Z.N,Q,OECD,76.29584
2010-01-01,LVA,Latvia,LVA.Q.PRVM.IX.BTE.Y._Z._Z.N,Q,OECD,79.65581
2010-04-01,LVA,Latvia,LVA.Q.PRVM.IX.BTE.Y._Z._Z.N,Q,OECD,82.52407
2010-07-01,LVA,Latvia,LVA.Q.PRVM.IX.BTE.Y._Z._Z.N,Q,OECD,87.35915
2010-10-01,LVA,Latvia,LVA.Q.PRVM.IX.BTE.Y._Z._Z.N,Q,OECD,89.48986
2011-01-01,LVA,Latvia,LVA.Q.PRVM.IX.BTE.Y._Z._Z.N,Q,OECD,89.03913
2011-04-01,LVA,Latvia,LVA.Q.PRVM.IX.BTE.Y._Z._Z.N,Q,OECD,92.60397
2011-07-01,LVA,Latvia,LVA.Q.PRVM.IX.BTE.Y._Z._Z.N,Q,OECD,93.75128
2011-10-01,LVA,Latvia,LVA.Q.PRVM.IX.BTE.Y._Z._Z.N,Q,OECD,94.16103
2012-01-01,LVA,Latvia,LVA.Q.PRVM.IX.BTE.Y._Z._Z.N,Q,OECD,97.6849
2012-04-01,LVA,Latvia,LVA.Q.PRVM.IX.BTE.Y._Z._Z.N,Q,OECD,97.39807
2012-07-01,LVA,Latvia,LVA.Q.PRVM.IX.BTE.Y._Z._Z.N,Q,OECD,98.5044
2012-10-01,LVA,Latvia,LVA.Q.PRVM.IX.BTE.Y._Z._Z.N,Q,OECD,99.03708
2013-01-01,LVA,Latvia,LVA.Q.PRVM.IX.BTE.Y._Z._Z.N,Q,OECD,97.64393
2013-04-01,LVA,Latvia,LVA.Q.PRVM.IX.BTE.Y._Z._Z.N,Q,OECD,97.23418
2013-07-01,LVA,Latvia,LVA.Q.PRVM.IX.BTE.Y._Z._Z.N,Q,OECD,98.29953
2013-10-01,LVA,Latvia,LVA.Q.PRVM.IX.BTE.Y._Z._Z.N,Q,OECD,98.05368
2014-01-01,LVA,Latvia,LVA.Q.PRVM.IX.BTE.Y._Z._Z.N,Q,OECD,96.61954
2014-04-01,LVA,Latvia,LVA.Q.PRVM.IX.BTE.Y._Z._Z.N,Q,OECD,96.41467
2014-07-01,LVA,Latvia,LVA.Q.PRVM.IX.BTE.Y._Z._Z.N,Q,OECD,97.43905
2014-10-01,LVA,Latvia,LVA.Q.PRVM.IX.BTE.Y._Z._Z.N,Q,OECD,97.48003
2015-01-01,LVA,Latvia,LVA.Q.PRVM.IX.BTE.Y._Z._Z.N,Q,OECD,98.46343
2015-04-01,LVA,Latvia,LVA.Q.PRVM.IX.BTE.Y._Z._Z.N,Q,OECD,100.3893
2015-07-01,LVA,Latvia,LVA.Q.PRVM.IX.BTE.Y._Z._Z.N,Q,OECD,101.4136
2015-10-01,LVA,Latvia,LVA.Q.PRVM.IX.BTE.Y._Z._Z.N,Q,OECD,100.3073
2016-01-01,LVA,Latvia,LVA.Q.PRVM.IX.BTE.Y._Z._Z.N,Q,OECD,101.5366
2016-04-01,LVA,Latvia,LVA.Q.PRVM.IX.BTE.Y._Z._Z.N,Q,OECD,104.4868
2016-07-01,LVA,Latvia,LVA.Q.PRVM.IX.BTE.Y._Z._Z.N,Q,OECD,103.4214
2016-10-01,LVA,Latvia,LVA.Q.PRVM.IX.BTE.Y._Z._Z.N,Q,OECD,109.8545
2017-01-01,LVA,Latvia,LVA.Q.PRVM.IX.BTE.Y._Z._Z.N,Q,OECD,111.4116
2017-04-01,LVA,Latvia,LVA.Q.PRVM.IX.BTE.Y._Z._Z.N,Q,OECD,114.2799
2017-07-01,LVA,Latvia,LVA.Q.PRVM.IX.BTE.Y._Z._Z.N,Q,OECD,114.5667
2017-10-01,LVA,Latvia,LVA.Q.PRVM.IX.BTE.Y._Z._Z.N,Q,OECD,115.3862
2018-01-01,LVA,Latvia,LVA.Q.PRVM.IX.BTE.Y._Z._Z.N,Q,OECD,116.7794
2018-04-01,LVA,Latvia,LVA.Q.PRVM.IX.BTE.Y._Z._Z.N,Q,OECD,115.755
2018-07-01,LVA,Latvia,LVA.Q.PRVM.IX.BTE.Y._Z._Z.N,Q,OECD,116.4925
2018-10-01,LVA,Latvia,LVA.Q.PRVM.IX.BTE.Y._Z._Z.N,Q,OECD,116.8613
2019-01-01,LVA,Latvia,LVA.Q.PRVM.IX.BTE.Y._Z._Z.N,Q,OECD,117.2301
2019-04-01,LVA,Latvia,LVA.Q.PRVM.IX.BTE.Y._Z._Z.N,Q,OECD,116.7384
2019-07-01,LVA,Latvia,LVA.Q.PRVM.IX.BTE.Y._Z._Z.N,Q,OECD,117.7218
2019-10-01,LVA,Latvia,LVA.Q.PRVM.IX.BTE.Y._Z._Z.N,Q,OECD,116.9433
2020-01-01,LVA,Latvia,LVA.Q.PRVM.IX.BTE.Y._Z._Z.N,Q,OECD,116.8613
2020-04-01,LVA,Latvia,LVA.Q.PRVM.IX.BTE.Y._Z._Z.N,Q,OECD,109.4038
2020-07-01,LVA,Latvia,LVA.Q.PRVM.IX.BTE.Y._Z._Z.N,Q,OECD,115.714
2020-10-01,LVA,Latvia,LVA.Q.PRVM.IX.BTE.Y._Z._Z.N,Q,OECD,119.5247
2021-01-01,LVA,Latvia,LVA.Q.PRVM.IX.BTE.Y._Z._Z.N,Q,OECD,120.9998
2021-04-01,LVA,Latvia,LVA.Q.PRVM.IX.BTE.Y._Z._Z.N,Q,OECD,122.229
2021-07-01,LVA,Latvia,LVA.Q.PRVM.IX.BTE.Y._Z._Z.N,Q,OECD,124.4007
2021-10-01,LVA,Latvia,LVA.Q.PRVM.IX.BTE.Y._Z._Z.N,Q,OECD,124.032
2022-01-01,LVA,Latvia,LVA.Q.PRVM.IX.BTE.Y._Z._Z.N,Q,OECD,125.3841
2022-04-01,LVA,Latvia,LVA.Q.PRVM.IX.BTE.Y._Z._Z.N,Q,OECD,125.3841
2022-07-01,LVA,Latvia,LVA.Q.PRVM.IX.BTE.Y._Z._Z.N,Q,OECD,122.7208
2022-10-01,LVA,Latvia,LVA.Q.PRVM.IX.BTE.Y._Z._Z.N,Q,OECD,120.9178
2023-01-01,LVA,Latvia,LVA.Q.PRVM.IX.BTE.Y._Z._Z.N,Q,OECD,118.0086
2023-04-01,LVA,Latvia,LVA.Q.PRVM.IX.BTE.Y._Z._Z.N,Q,OECD,117.1891
2023-07-01,LVA,Latvia,LVA.Q.PRVM.IX.BTE.Y._Z._Z.N,Q,OECD,114.8945
2023-10-01,LVA,Latvia,LVA.Q.PRVM.IX.BTE.Y._Z._Z.N,Q,OECD,116.1237
2024-01-01,LVA,Latvia,LVA.Q.PRVM.IX.BTE.Y._Z._Z.N,Q,OECD,115.1403
2024-04-01,LVA,Latvia,LVA.Q.PRVM.IX.BTE.Y._Z._Z.N,Q,OECD,112.8867
2024-07-01,LVA,Latvia,LVA.Q.PRVM.IX.BTE.Y._Z._Z.N,Q,OECD,114.116
2024-10-01,LVA,Latvia,LVA.Q.PRVM.IX.BTE.Y._Z._Z.N,Q,OECD,113.6243
2025-01-01,LVA,Latvia,LVA.Q.PRVM.IX.BTE.Y._Z._Z.N,Q,OECD,114.5257
2025-04-01,LVA,Latvia,LVA.Q.PRVM.IX.BTE.Y._Z._Z.N,Q,OECD,117.4759
2025-07-01,LVA,Latvia,LVA.Q.PRVM.IX.BTE.Y._Z._Z.N,Q,OECD,119.5247
2025-10-01,LVA,Latvia,LVA.Q.PRVM.IX.BTE.Y._Z._Z.N,Q,OECD,121.4505
1956-01-01,NLD,Netherlands,NLD.Q.PRVM.IX.BTE.Y._Z._Z.N,Q,OECD,18.70274
1956-04-01,NLD,Netherlands,NLD.Q.PRVM.IX.BTE.Y._Z._Z.N,Q,OECD,19.66679
1956-07-01,NLD,Netherlands,NLD.Q.PRVM.IX.BTE.Y._Z._Z.N,Q,OECD,20.05242
1956-10-01,NLD,Netherlands,NLD.Q.PRVM.IX.BTE.Y._Z._Z.N,Q,OECD,20.53445
1957-01-01,NLD,Netherlands,NLD.Q.PRVM.IX.BTE.Y._Z._Z.N,Q,OECD,20.72726
1957-04-01,NLD,Netherlands,NLD.Q.PRVM.IX.BTE.Y._Z._Z.N,Q,OECD,20.63085
1957-07-01,NLD,Netherlands,NLD.Q.PRVM.IX.BTE.Y._Z._Z.N,Q,OECD,20.72726
1957-10-01,NLD,Netherlands,NLD.Q.PRVM.IX.BTE.Y._Z._Z.N,Q,OECD,20.14882
1958-01-01,NLD,Netherlands,NLD.Q.PRVM.IX.BTE.Y._Z._Z.N,Q,OECD,20.34163
1958-04-01,NLD,Netherlands,NLD.Q.PRVM.IX.BTE.Y._Z._Z.N,Q,OECD,20.43804
1958-07-01,NLD,Netherlands,NLD.Q.PRVM.IX.BTE.Y._Z._Z.N,Q,OECD,20.82366
1958-10-01,NLD,Netherlands,NLD.Q.PRVM.IX.BTE.Y._Z._Z.N,Q,OECD,21.30569
1959-01-01,NLD,Netherlands,NLD.Q.PRVM.IX.BTE.Y._Z._Z.N,Q,OECD,21.78772
1959-04-01,NLD,Netherlands,NLD.Q.PRVM.IX.BTE.Y._Z._Z.N,Q,OECD,22.26975
1959-07-01,NLD,Netherlands,NLD.Q.PRVM.IX.BTE.Y._Z._Z.N,Q,OECD,23.23381
1959-10-01,NLD,Netherlands,NLD.Q.PRVM.IX.BTE.Y._Z._Z.N,Q,OECD,23.71584
1960-01-01,NLD,Netherlands,NLD.Q.PRVM.IX.BTE.Y._Z._Z.N,Q,OECD,24.10146
1960-04-01,NLD,Netherlands,NLD.Q.PRVM.IX.BTE.Y._Z._Z.N,Q,OECD,24.96912
1960-07-01,NLD,Netherlands,NLD.Q.PRVM.IX.BTE.Y._Z._Z.N,Q,OECD,25.16193
1960-10-01,NLD,Netherlands,NLD.Q.PRVM.IX.BTE.Y._Z._Z.N,Q,OECD,25.93317
1961-01-01,NLD,Netherlands,NLD.Q.PRVM.IX.BTE.Y._Z._Z.N,Q,OECD,25.74036
1961-04-01,NLD,Netherlands,NLD.Q.PRVM.IX.BTE.Y._Z._Z.N,Q,OECD,25.83677
1961-07-01,NLD,Netherlands,NLD.Q.PRVM.IX.BTE.Y._Z._Z.N,Q,OECD,26.22239
1961-10-01,NLD,Netherlands,NLD.Q.PRVM.IX.BTE.Y._Z._Z.N,Q,OECD,26.70442
1962-01-01,NLD,Netherlands,NLD.Q.PRVM.IX.BTE.Y._Z._Z.N,Q,OECD,26.99364
1962-04-01,NLD,Netherlands,NLD.Q.PRVM.IX.BTE.Y._Z._Z.N,Q,OECD,27.18645
1962-07-01,NLD,Netherlands,NLD.Q.PRVM.IX.BTE.Y._Z._Z.N,Q,OECD,27.76488
1962-10-01,NLD,Netherlands,NLD.Q.PRVM.IX.BTE.Y._Z._Z.N,Q,OECD,27.66848
1963-01-01,NLD,Netherlands,NLD.Q.PRVM.IX.BTE.Y._Z._Z.N,Q,OECD,27.47567
1963-04-01,NLD,Netherlands,NLD.Q.PRVM.IX.BTE.Y._Z._Z.N,Q,OECD,28.82535
1963-07-01,NLD,Netherlands,NLD.Q.PRVM.IX.BTE.Y._Z._Z.N,Q,OECD,29.50019
1963-10-01,NLD,Netherlands,NLD.Q.PRVM.IX.BTE.Y._Z._Z.N,Q,OECD,29.78941
1964-01-01,NLD,Netherlands,NLD.Q.PRVM.IX.BTE.Y._Z._Z.N,Q,OECD,31.3319
1964-04-01,NLD,Netherlands,NLD.Q.PRVM.IX.BTE.Y._Z._Z.N,Q,OECD,31.52471
1964-07-01,NLD,Netherlands,NLD.Q.PRVM.IX.BTE.Y._Z._Z.N,Q,OECD,31.62112
1964-10-01,NLD,Netherlands,NLD.Q.PRVM.IX.BTE.Y._Z._Z.N,Q,OECD,32.58518
1965-01-01,NLD,Netherlands,NLD.Q.PRVM.IX.BTE.Y._Z._Z.N,Q,OECD,32.9708
1965-04-01,NLD,Netherlands,NLD.Q.PRVM.IX.BTE.Y._Z._Z.N,Q,OECD,33.16361
1965-07-01,NLD,Netherlands,NLD.Q.PRVM.IX.BTE.Y._Z._Z.N,Q,OECD,33.54924
1965-10-01,NLD,Netherlands,NLD.Q.PRVM.IX.BTE.Y._Z._Z.N,Q,OECD,34.41689
1966-01-01,NLD,Netherlands,NLD.Q.PRVM.IX.BTE.Y._Z._Z.N,Q,OECD,34.70611
1966-04-01,NLD,Netherlands,NLD.Q.PRVM.IX.BTE.Y._Z._Z.N,Q,OECD,35.38095
1966-07-01,NLD,Netherlands,NLD.Q.PRVM.IX.BTE.Y._Z._Z.N,Q,OECD,35.57376
1966-10-01,NLD,Netherlands,NLD.Q.PRVM.IX.BTE.Y._Z._Z.N,Q,OECD,36.2486
1967-01-01,NLD,Netherlands,NLD.Q.PRVM.IX.BTE.Y._Z._Z.N,Q,OECD,36.05579
1967-04-01,NLD,Netherlands,NLD.Q.PRVM.IX.BTE.Y._Z._Z.N,Q,OECD,36.44141
1967-07-01,NLD,Netherlands,NLD.Q.PRVM.IX.BTE.Y._Z._Z.N,Q,OECD,37.59828
1967-10-01,NLD,Netherlands,NLD.Q.PRVM.IX.BTE.Y._Z._Z.N,Q,OECD,38.46593
1968-01-01,NLD,Netherlands,NLD.Q.PRVM.IX.BTE.Y._Z._Z.N,Q,OECD,39.42999
1968-04-01,NLD,Netherlands,NLD.Q.PRVM.IX.BTE.Y._Z._Z.N,Q,OECD,40.77967
1968-07-01,NLD,Netherlands,NLD.Q.PRVM.IX.BTE.Y._Z._Z.N,Q,OECD,41.84014
1968-10-01,NLD,Netherlands,NLD.Q.PRVM.IX.BTE.Y._Z._Z.N,Q,OECD,43.38263
1969-01-01,NLD,Netherlands,NLD.Q.PRVM.IX.BTE.Y._Z._Z.N,Q,OECD,43.96107
1969-04-01,NLD,Netherlands,NLD.Q.PRVM.IX.BTE.Y._Z._Z.N,Q,OECD,45.69637
1969-07-01,NLD,Netherlands,NLD.Q.PRVM.IX.BTE.Y._Z._Z.N,Q,OECD,47.14246
1969-10-01,NLD,Netherlands,NLD.Q.PRVM.IX.BTE.Y._Z._Z.N,Q,OECD,48.29933
1970-01-01,NLD,Netherlands,NLD.Q.PRVM.IX.BTE.Y._Z._Z.N,Q,OECD,49.87016
1970-04-01,NLD,Netherlands,NLD.Q.PRVM.IX.BTE.Y._Z._Z.N,Q,OECD,50.20826
1970-07-01,NLD,Netherlands,NLD.Q.PRVM.IX.BTE.Y._Z._Z.N,Q,OECD,51.05352
1970-10-01,NLD,Netherlands,NLD.Q.PRVM.IX.BTE.Y._Z._Z.N,Q,OECD,51.89878
1971-01-01,NLD,Netherlands,NLD.Q.PRVM.IX.BTE.Y._Z._Z.N,Q,OECD,53.25119
1971-04-01,NLD,Netherlands,NLD.Q.PRVM.IX.BTE.Y._Z._Z.N,Q,OECD,53.25119
1971-07-01,NLD,Netherlands,NLD.Q.PRVM.IX.BTE.Y._Z._Z.N,Q,OECD,54.09645
1971-10-01,NLD,Netherlands,NLD.Q.PRVM.IX.BTE.Y._Z._Z.N,Q,OECD,54.09645
1972-01-01,NLD,Netherlands,NLD.Q.PRVM.IX.BTE.Y._Z._Z.N,Q,OECD,54.6036
1972-04-01,NLD,Netherlands,NLD.Q.PRVM.IX.BTE.Y._Z._Z.N,Q,OECD,56.29411
1972-07-01,NLD,Netherlands,NLD.Q.PRVM.IX.BTE.Y._Z._Z.N,Q,OECD,56.46317
1972-10-01,NLD,Netherlands,NLD.Q.PRVM.IX.BTE.Y._Z._Z.N,Q,OECD,57.81557
1973-01-01,NLD,Netherlands,NLD.Q.PRVM.IX.BTE.Y._Z._Z.N,Q,OECD,59.16799
1973-04-01,NLD,Netherlands,NLD.Q.PRVM.IX.BTE.Y._Z._Z.N,Q,OECD,59.84419
1973-07-01,NLD,Netherlands,NLD.Q.PRVM.IX.BTE.Y._Z._Z.N,Q,OECD,60.8585
1973-10-01,NLD,Netherlands,NLD.Q.PRVM.IX.BTE.Y._Z._Z.N,Q,OECD,62.04186
1974-01-01,NLD,Netherlands,NLD.Q.PRVM.IX.BTE.Y._Z._Z.N,Q,OECD,63.39427
1974-04-01,NLD,Netherlands,NLD.Q.PRVM.IX.BTE.Y._Z._Z.N,Q,OECD,63.56332
1974-07-01,NLD,Netherlands,NLD.Q.PRVM.IX.BTE.Y._Z._Z.N,Q,OECD,64.57763
1974-10-01,NLD,Netherlands,NLD.Q.PRVM.IX.BTE.Y._Z._Z.N,Q,OECD,62.37996
1975-01-01,NLD,Netherlands,NLD.Q.PRVM.IX.BTE.Y._Z._Z.N,Q,OECD,60.46771
1975-04-01,NLD,Netherlands,NLD.Q.PRVM.IX.BTE.Y._Z._Z.N,Q,OECD,60.06593
1975-07-01,NLD,Netherlands,NLD.Q.PRVM.IX.BTE.Y._Z._Z.N,Q,OECD,59.26237
1975-10-01,NLD,Netherlands,NLD.Q.PRVM.IX.BTE.Y._Z._Z.N,Q,OECD,61.27127
1976-01-01,NLD,Netherlands,NLD.Q.PRVM.IX.BTE.Y._Z._Z.N,Q,OECD,63.68194
1976-04-01,NLD,Netherlands,NLD.Q.PRVM.IX.BTE.Y._Z._Z.N,Q,OECD,64.68639
1976-07-01,NLD,Netherlands,NLD.Q.PRVM.IX.BTE.Y._Z._Z.N,Q,OECD,65.89172
1976-10-01,NLD,Netherlands,NLD.Q.PRVM.IX.BTE.Y._Z._Z.N,Q,OECD,65.28905
1977-01-01,NLD,Netherlands,NLD.Q.PRVM.IX.BTE.Y._Z._Z.N,Q,OECD,65.08817
1977-04-01,NLD,Netherlands,NLD.Q.PRVM.IX.BTE.Y._Z._Z.N,Q,OECD,65.28905
1977-07-01,NLD,Netherlands,NLD.Q.PRVM.IX.BTE.Y._Z._Z.N,Q,OECD,65.08817
1977-10-01,NLD,Netherlands,NLD.Q.PRVM.IX.BTE.Y._Z._Z.N,Q,OECD,64.68639
1978-01-01,NLD,Netherlands,NLD.Q.PRVM.IX.BTE.Y._Z._Z.N,Q,OECD,65.48994
1978-04-01,NLD,Netherlands,NLD.Q.PRVM.IX.BTE.Y._Z._Z.N,Q,OECD,64.4855
1978-07-01,NLD,Netherlands,NLD.Q.PRVM.IX.BTE.Y._Z._Z.N,Q,OECD,65.48994
1978-10-01,NLD,Netherlands,NLD.Q.PRVM.IX.BTE.Y._Z._Z.N,Q,OECD,67.29795
1979-01-01,NLD,Netherlands,NLD.Q.PRVM.IX.BTE.Y._Z._Z.N,Q,OECD,66.89617
1979-04-01,NLD,Netherlands,NLD.Q.PRVM.IX.BTE.Y._Z._Z.N,Q,OECD,68.47817
1979-07-01,NLD,Netherlands,NLD.Q.PRVM.IX.BTE.Y._Z._Z.N,Q,OECD,69.15617
1979-10-01,NLD,Netherlands,NLD.Q.PRVM.IX.BTE.Y._Z._Z.N,Q,OECD,68.93018
1980-01-01,NLD,Netherlands,NLD.Q.PRVM.IX.BTE.Y._Z._Z.N,Q,OECD,69.15617
1980-04-01,NLD,Netherlands,NLD.Q.PRVM.IX.BTE.Y._Z._Z.N,Q,OECD,68.02618
1980-07-01,NLD,Netherlands,NLD.Q.PRVM.IX.BTE.Y._Z._Z.N,Q,OECD,65.99217
1980-10-01,NLD,Netherlands,NLD.Q.PRVM.IX.BTE.Y._Z._Z.N,Q,OECD,68.02618
1981-01-01,NLD,Netherlands,NLD.Q.PRVM.IX.BTE.Y._Z._Z.N,Q,OECD,67.57417
1981-04-01,NLD,Netherlands,NLD.Q.PRVM.IX.BTE.Y._Z._Z.N,Q,OECD,66.44417
1981-07-01,NLD,Netherlands,NLD.Q.PRVM.IX.BTE.Y._Z._Z.N,Q,OECD,65.31417
1981-10-01,NLD,Netherlands,NLD.Q.PRVM.IX.BTE.Y._Z._Z.N,Q,OECD,66.89617
1982-01-01,NLD,Netherlands,NLD.Q.PRVM.IX.BTE.Y._Z._Z.N,Q,OECD,65.31417
1982-04-01,NLD,Netherlands,NLD.Q.PRVM.IX.BTE.Y._Z._Z.N,Q,OECD,64.63617
1982-07-01,NLD,Netherlands,NLD.Q.PRVM.IX.BTE.Y._Z._Z.N,Q,OECD,62.82816
1982-10-01,NLD,Netherlands,NLD.Q.PRVM.IX.BTE.Y._Z._Z.N,Q,OECD,62.60216
1983-01-01,NLD,Netherlands,NLD.Q.PRVM.IX.BTE.Y._Z._Z.N,Q,OECD,64.18417
1983-04-01,NLD,Netherlands,NLD.Q.PRVM.IX.BTE.Y._Z._Z.N,Q,OECD,65.54017
1983-07-01,NLD,Netherlands,NLD.Q.PRVM.IX.BTE.Y._Z._Z.N,Q,OECD,64.63617
1983-10-01,NLD,Netherlands,NLD.Q.PRVM.IX.BTE.Y._Z._Z.N,Q,OECD,65.76617
1984-01-01,NLD,Netherlands,NLD.Q.PRVM.IX.BTE.Y._Z._Z.N,Q,OECD,68.47817
1984-04-01,NLD,Netherlands,NLD.Q.PRVM.IX.BTE.Y._Z._Z.N,Q,OECD,68.93018
1984-07-01,NLD,Netherlands,NLD.Q.PRVM.IX.BTE.Y._Z._Z.N,Q,OECD,68.93018
1984-10-01,NLD,Netherlands,NLD.Q.PRVM.IX.BTE.Y._Z._Z.N,Q,OECD,67.57417
1985-01-01,NLD,Netherlands,NLD.Q.PRVM.IX.BTE.Y._Z._Z.N,Q,OECD,74.21049
1985-04-01,NLD,Netherlands,NLD.Q.PRVM.IX.BTE.Y._Z._Z.N,Q,OECD,70.86983
1985-07-01,NLD,Netherlands,NLD.Q.PRVM.IX.BTE.Y._Z._Z.N,Q,OECD,69.43811
1985-10-01,NLD,Netherlands,NLD.Q.PRVM.IX.BTE.Y._Z._Z.N,Q,OECD,71.8243
1986-01-01,NLD,Netherlands,NLD.Q.PRVM.IX.BTE.Y._Z._Z.N,Q,OECD,71.10844
1986-04-01,NLD,Netherlands,NLD.Q.PRVM.IX.BTE.Y._Z._Z.N,Q,OECD,71.58569
1986-07-01,NLD,Netherlands,NLD.Q.PRVM.IX.BTE.Y._Z._Z.N,Q,OECD,72.30154
1986-10-01,NLD,Netherlands,NLD.Q.PRVM.IX.BTE.Y._Z._Z.N,Q,OECD,71.34706
1987-01-01,NLD,Netherlands,NLD.Q.PRVM.IX.BTE.Y._Z._Z.N,Q,OECD,74.21049
1987-04-01,NLD,Netherlands,NLD.Q.PRVM.IX.BTE.Y._Z._Z.N,Q,OECD,71.8243
1987-07-01,NLD,Netherlands,NLD.Q.PRVM.IX.BTE.Y._Z._Z.N,Q,OECD,71.10844
1987-10-01,NLD,Netherlands,NLD.Q.PRVM.IX.BTE.Y._Z._Z.N,Q,OECD,72.54016
1988-01-01,NLD,Netherlands,NLD.Q.PRVM.IX.BTE.Y._Z._Z.N,Q,OECD,70.15397
1988-04-01,NLD,Netherlands,NLD.Q.PRVM.IX.BTE.Y._Z._Z.N,Q,OECD,71.34706
1988-07-01,NLD,Netherlands,NLD.Q.PRVM.IX.BTE.Y._Z._Z.N,Q,OECD,74.21049
1988-10-01,NLD,Netherlands,NLD.Q.PRVM.IX.BTE.Y._Z._Z.N,Q,OECD,73.97187
1989-01-01,NLD,Netherlands,NLD.Q.PRVM.IX.BTE.Y._Z._Z.N,Q,OECD,73.08898
1989-04-01,NLD,Netherlands,NLD.Q.PRVM.IX.BTE.Y._Z._Z.N,Q,OECD,76.73985
1989-07-01,NLD,Netherlands,NLD.Q.PRVM.IX.BTE.Y._Z._Z.N,Q,OECD,76.45351
1989-10-01,NLD,Netherlands,NLD.Q.PRVM.IX.BTE.Y._Z._Z.N,Q,OECD,78.60108
1990-01-01,NLD,Netherlands,NLD.Q.PRVM.IX.BTE.Y._Z._Z.N,Q,OECD,75.7049
1990-04-01,NLD,Netherlands,NLD.Q.PRVM.IX.BTE.Y._Z._Z.N,Q,OECD,77.68208
1990-07-01,NLD,Netherlands,NLD.Q.PRVM.IX.BTE.Y._Z._Z.N,Q,OECD,79.29503
1990-10-01,NLD,Netherlands,NLD.Q.PRVM.IX.BTE.Y._Z._Z.N,Q,OECD,79.50316
1991-01-01,NLD,Netherlands,NLD.Q.PRVM.IX.BTE.Y._Z._Z.N,Q,OECD,79.17016
1991-04-01,NLD,Netherlands,NLD.Q.PRVM.IX.BTE.Y._Z._Z.N,Q,OECD,79.64624
1991-07-01,NLD,Netherlands,NLD.Q.PRVM.IX.BTE.Y._Z._Z.N,Q,OECD,78.59261
1991-10-01,NLD,Netherlands,NLD.Q.PRVM.IX.BTE.Y._Z._Z.N,Q,OECD,80.19517
1992-01-01,NLD,Netherlands,NLD.Q.PRVM.IX.BTE.Y._Z._Z.N,Q,OECD,79.85436
1992-04-01,NLD,Netherlands,NLD.Q.PRVM.IX.BTE.Y._Z._Z.N,Q,OECD,79.59421
1992-07-01,NLD,Netherlands,NLD.Q.PRVM.IX.BTE.Y._Z._Z.N,Q,OECD,78.65765
1992-10-01,NLD,Netherlands,NLD.Q.PRVM.IX.BTE.Y._Z._Z.N,Q,OECD,78.89439
1993-01-01,NLD,Netherlands,NLD.Q.PRVM.IX.BTE.Y._Z._Z.N,Q,OECD,78.48856
1993-04-01,NLD,Netherlands,NLD.Q.PRVM.IX.BTE.Y._Z._Z.N,Q,OECD,77.23461
1993-07-01,NLD,Netherlands,NLD.Q.PRVM.IX.BTE.Y._Z._Z.N,Q,OECD,78.68107
1993-10-01,NLD,Netherlands,NLD.Q.PRVM.IX.BTE.Y._Z._Z.N,Q,OECD,78.96464
1994-01-01,NLD,Netherlands,NLD.Q.PRVM.IX.BTE.Y._Z._Z.N,Q,OECD,80.95222
1994-04-01,NLD,Netherlands,NLD.Q.PRVM.IX.BTE.Y._Z._Z.N,Q,OECD,81.21237
1994-07-01,NLD,Netherlands,NLD.Q.PRVM.IX.BTE.Y._Z._Z.N,Q,OECD,82.56257
1994-10-01,NLD,Netherlands,NLD.Q.PRVM.IX.BTE.Y._Z._Z.N,Q,OECD,83.87895
1995-01-01,NLD,Netherlands,NLD.Q.PRVM.IX.BTE.Y._Z._Z.N,Q,OECD,84.24979
1995-04-01,NLD,Netherlands,NLD.Q.PRVM.IX.BTE.Y._Z._Z.N,Q,OECD,83.29674
1995-07-01,NLD,Netherlands,NLD.Q.PRVM.IX.BTE.Y._Z._Z.N,Q,OECD,84.63101
1995-10-01,NLD,Netherlands,NLD.Q.PRVM.IX.BTE.Y._Z._Z.N,Q,OECD,85.99705
1996-01-01,NLD,Netherlands,NLD.Q.PRVM.IX.BTE.Y._Z._Z.N,Q,OECD,87.10894
1996-04-01,NLD,Netherlands,NLD.Q.PRVM.IX.BTE.Y._Z._Z.N,Q,OECD,85.96528
1996-07-01,NLD,Netherlands,NLD.Q.PRVM.IX.BTE.Y._Z._Z.N,Q,OECD,86.98187
1996-10-01,NLD,Netherlands,NLD.Q.PRVM.IX.BTE.Y._Z._Z.N,Q,OECD,86.31474
1997-01-01,NLD,Netherlands,NLD.Q.PRVM.IX.BTE.Y._Z._Z.N,Q,OECD,84.66277
1997-04-01,NLD,Netherlands,NLD.Q.PRVM.IX.BTE.Y._Z._Z.N,Q,OECD,86.09235
1997-07-01,NLD,Netherlands,NLD.Q.PRVM.IX.BTE.Y._Z._Z.N,Q,OECD,86.98187
1997-10-01,NLD,Netherlands,NLD.Q.PRVM.IX.BTE.Y._Z._Z.N,Q,OECD,86.88657
1998-01-01,NLD,Netherlands,NLD.Q.PRVM.IX.BTE.Y._Z._Z.N,Q,OECD,87.07717
1998-04-01,NLD,Netherlands,NLD.Q.PRVM.IX.BTE.Y._Z._Z.N,Q,OECD,87.96669
1998-07-01,NLD,Netherlands,NLD.Q.PRVM.IX.BTE.Y._Z._Z.N,Q,OECD,88.09377
1998-10-01,NLD,Netherlands,NLD.Q.PRVM.IX.BTE.Y._Z._Z.N,Q,OECD,88.09377
1999-01-01,NLD,Netherlands,NLD.Q.PRVM.IX.BTE.Y._Z._Z.N,Q,OECD,89.42804
1999-04-01,NLD,Netherlands,NLD.Q.PRVM.IX.BTE.Y._Z._Z.N,Q,OECD,89.52334
1999-07-01,NLD,Netherlands,NLD.Q.PRVM.IX.BTE.Y._Z._Z.N,Q,OECD,90.79408
1999-10-01,NLD,Netherlands,NLD.Q.PRVM.IX.BTE.Y._Z._Z.N,Q,OECD,91.96951
2000-01-01,NLD,Netherlands,NLD.Q.PRVM.IX.BTE.Y._Z._Z.N,Q,OECD,94.17017
2000-04-01,NLD,Netherlands,NLD.Q.PRVM.IX.BTE.Y._Z._Z.N,Q,OECD,95.74998
2000-07-01,NLD,Netherlands,NLD.Q.PRVM.IX.BTE.Y._Z._Z.N,Q,OECD,94.85705
2000-10-01,NLD,Netherlands,NLD.Q.PRVM.IX.BTE.Y._Z._Z.N,Q,OECD,92.72774
2001-01-01,NLD,Netherlands,NLD.Q.PRVM.IX.BTE.Y._Z._Z.N,Q,OECD,94.0328
2001-04-01,NLD,Netherlands,NLD.Q.PRVM.IX.BTE.Y._Z._Z.N,Q,OECD,97.70757
2001-07-01,NLD,Netherlands,NLD.Q.PRVM.IX.BTE.Y._Z._Z.N,Q,OECD,96.23079
2001-10-01,NLD,Netherlands,NLD.Q.PRVM.IX.BTE.Y._Z._Z.N,Q,OECD,93.7924
2002-01-01,NLD,Netherlands,NLD.Q.PRVM.IX.BTE.Y._Z._Z.N,Q,OECD,93.7924
2002-04-01,NLD,Netherlands,NLD.Q.PRVM.IX.BTE.Y._Z._Z.N,Q,OECD,97.87928
2002-07-01,NLD,Netherlands,NLD.Q.PRVM.IX.BTE.Y._Z._Z.N,Q,OECD,98.56615
2002-10-01,NLD,Netherlands,NLD.Q.PRVM.IX.BTE.Y._Z._Z.N,Q,OECD,95.44089
2003-01-01,NLD,Netherlands,NLD.Q.PRVM.IX.BTE.Y._Z._Z.N,Q,OECD,97.84494
2003-04-01,NLD,Netherlands,NLD.Q.PRVM.IX.BTE.Y._Z._Z.N,Q,OECD,91.93784
2003-07-01,NLD,Netherlands,NLD.Q.PRVM.IX.BTE.Y._Z._Z.N,Q,OECD,93.51765
2003-10-01,NLD,Netherlands,NLD.Q.PRVM.IX.BTE.Y._Z._Z.N,Q,OECD,97.43282
2004-01-01,NLD,Netherlands,NLD.Q.PRVM.IX.BTE.Y._Z._Z.N,Q,OECD,98.15403
2004-04-01,NLD,Netherlands,NLD.Q.PRVM.IX.BTE.Y._Z._Z.N,Q,OECD,99.01262
2004-07-01,NLD,Netherlands,NLD.Q.PRVM.IX.BTE.Y._Z._Z.N,Q,OECD,101.4167
2004-10-01,NLD,Netherlands,NLD.Q.PRVM.IX.BTE.Y._Z._Z.N,Q,OECD,99.42474
2005-01-01,NLD,Netherlands,NLD.Q.PRVM.IX.BTE.Y._Z._Z.N,Q,OECD,99.59647
2005-04-01,NLD,Netherlands,NLD.Q.PRVM.IX.BTE.Y._Z._Z.N,Q,OECD,101.2106
2005-07-01,NLD,Netherlands,NLD.Q.PRVM.IX.BTE.Y._Z._Z.N,Q,OECD,98.77222
2005-10-01,NLD,Netherlands,NLD.Q.PRVM.IX.BTE.Y._Z._Z.N,Q,OECD,99.9399
2006-01-01,NLD,Netherlands,NLD.Q.PRVM.IX.BTE.Y._Z._Z.N,Q,OECD,103.7864
2006-04-01,NLD,Netherlands,NLD.Q.PRVM.IX.BTE.Y._Z._Z.N,Q,OECD,103.1682
2006-07-01,NLD,Netherlands,NLD.Q.PRVM.IX.BTE.Y._Z._Z.N,Q,OECD,99.14999
2006-10-01,NLD,Netherlands,NLD.Q.PRVM.IX.BTE.Y._Z._Z.N,Q,OECD,101.7601
2007-01-01,NLD,Netherlands,NLD.Q.PRVM.IX.BTE.Y._Z._Z.N,Q,OECD,103.1339
2007-04-01,NLD,Netherlands,NLD.Q.PRVM.IX.BTE.Y._Z._Z.N,Q,OECD,103.6147
2007-07-01,NLD,Netherlands,NLD.Q.PRVM.IX.BTE.Y._Z._Z.N,Q,OECD,106.6369
2007-10-01,NLD,Netherlands,NLD.Q.PRVM.IX.BTE.Y._Z._Z.N,Q,OECD,111.1359
2008-01-01,NLD,Netherlands,NLD.Q.PRVM.IX.BTE.Y._Z._Z.N,Q,OECD,107.8733
2008-04-01,NLD,Netherlands,NLD.Q.PRVM.IX.BTE.Y._Z._Z.N,Q,OECD,109.0753
2008-07-01,NLD,Netherlands,NLD.Q.PRVM.IX.BTE.Y._Z._Z.N,Q,OECD,106.9117
2008-10-01,NLD,Netherlands,NLD.Q.PRVM.IX.BTE.Y._Z._Z.N,Q,OECD,103.546
2009-01-01,NLD,Netherlands,NLD.Q.PRVM.IX.BTE.Y._Z._Z.N,Q,OECD,98.42878
2009-04-01,NLD,Netherlands,NLD.Q.PRVM.IX.BTE.Y._Z._Z.N,Q,OECD,95.95604
2009-07-01,NLD,Netherlands,NLD.Q.PRVM.IX.BTE.Y._Z._Z.N,Q,OECD,99.56212
2009-10-01,NLD,Netherlands,NLD.Q.PRVM.IX.BTE.Y._Z._Z.N,Q,OECD,100.9702
2010-01-01,NLD,Netherlands,NLD.Q.PRVM.IX.BTE.Y._Z._Z.N,Q,OECD,105.6753
2010-04-01,NLD,Netherlands,NLD.Q.PRVM.IX.BTE.Y._Z._Z.N,Q,OECD,107.4268
2010-07-01,NLD,Netherlands,NLD.Q.PRVM.IX.BTE.Y._Z._Z.N,Q,OECD,104.4046
2010-10-01,NLD,Netherlands,NLD.Q.PRVM.IX.BTE.Y._Z._Z.N,Q,OECD,108.045
2011-01-01,NLD,Netherlands,NLD.Q.PRVM.IX.BTE.Y._Z._Z.N,Q,OECD,107.5298
2011-04-01,NLD,Netherlands,NLD.Q.PRVM.IX.BTE.Y._Z._Z.N,Q,OECD,104.6106
2011-07-01,NLD,Netherlands,NLD.Q.PRVM.IX.BTE.Y._Z._Z.N,Q,OECD,106.7399
2011-10-01,NLD,Netherlands,NLD.Q.PRVM.IX.BTE.Y._Z._Z.N,Q,OECD,103.5803
2012-01-01,NLD,Netherlands,NLD.Q.PRVM.IX.BTE.Y._Z._Z.N,Q,OECD,105.5723
2012-04-01,NLD,Netherlands,NLD.Q.PRVM.IX.BTE.Y._Z._Z.N,Q,OECD,107.049
2012-07-01,NLD,Netherlands,NLD.Q.PRVM.IX.BTE.Y._Z._Z.N,Q,OECD,103.6147
2012-10-01,NLD,Netherlands,NLD.Q.PRVM.IX.BTE.Y._Z._Z.N,Q,OECD,103.9581
2013-01-01,NLD,Netherlands,NLD.Q.PRVM.IX.BTE.Y._Z._Z.N,Q,OECD,106.7399
2013-04-01,NLD,Netherlands,NLD.Q.PRVM.IX.BTE.Y._Z._Z.N,Q,OECD,107.0147
2013-07-01,NLD,Netherlands,NLD.Q.PRVM.IX.BTE.Y._Z._Z.N,Q,OECD,104.0268
2013-10-01,NLD,Netherlands,NLD.Q.PRVM.IX.BTE.Y._Z._Z.N,Q,OECD,104.748
2014-01-01,NLD,Netherlands,NLD.Q.PRVM.IX.BTE.Y._Z._Z.N,Q,OECD,100.9359
2014-04-01,NLD,Netherlands,NLD.Q.PRVM.IX.BTE.Y._Z._Z.N,Q,OECD,104.2672
2014-07-01,NLD,Netherlands,NLD.Q.PRVM.IX.BTE.Y._Z._Z.N,Q,OECD,103.3399
2014-10-01,NLD,Netherlands,NLD.Q.PRVM.IX.BTE.Y._Z._Z.N,Q,OECD,101.554
2015-01-01,NLD,Netherlands,NLD.Q.PRVM.IX.BTE.Y._Z._Z.N,Q,OECD,103.2712
2015-04-01,NLD,Netherlands,NLD.Q.PRVM.IX.BTE.Y._Z._Z.N,Q,OECD,99.69949
2015-07-01,NLD,Netherlands,NLD.Q.PRVM.IX.BTE.Y._Z._Z.N,Q,OECD,99.3904
2015-10-01,NLD,Netherlands,NLD.Q.PRVM.IX.BTE.Y._Z._Z.N,Q,OECD,100.8672
2016-01-01,NLD,Netherlands,NLD.Q.PRVM.IX.BTE.Y._Z._Z.N,Q,OECD,102.3783
2016-04-01,NLD,Netherlands,NLD.Q.PRVM.IX.BTE.Y._Z._Z.N,Q,OECD,102.3439
2016-07-01,NLD,Netherlands,NLD.Q.PRVM.IX.BTE.Y._Z._Z.N,Q,OECD,100.4207
2016-10-01,NLD,Netherlands,NLD.Q.PRVM.IX.BTE.Y._Z._Z.N,Q,OECD,103.2712
2017-01-01,NLD,Netherlands,NLD.Q.PRVM.IX.BTE.Y._Z._Z.N,Q,OECD,103.4086
2017-04-01,NLD,Netherlands,NLD.Q.PRVM.IX.BTE.Y._Z._Z.N,Q,OECD,102.4813
2017-07-01,NLD,Netherlands,NLD.Q.PRVM.IX.BTE.Y._Z._Z.N,Q,OECD,102.7217
2017-10-01,NLD,Netherlands,NLD.Q.PRVM.IX.BTE.Y._Z._Z.N,Q,OECD,105.2288
2018-01-01,NLD,Netherlands,NLD.Q.PRVM.IX.BTE.Y._Z._Z.N,Q,OECD,104.7137
2018-04-01,NLD,Netherlands,NLD.Q.PRVM.IX.BTE.Y._Z._Z.N,Q,OECD,104.4389
2018-07-01,NLD,Netherlands,NLD.Q.PRVM.IX.BTE.Y._Z._Z.N,Q,OECD,103.8894
2018-10-01,NLD,Netherlands,NLD.Q.PRVM.IX.BTE.Y._Z._Z.N,Q,OECD,103.1339
2019-01-01,NLD,Netherlands,NLD.Q.PRVM.IX.BTE.Y._Z._Z.N,Q,OECD,103.1339
2019-04-01,NLD,Netherlands,NLD.Q.PRVM.IX.BTE.Y._Z._Z.N,Q,OECD,102.55
2019-07-01,NLD,Netherlands,NLD.Q.PRVM.IX.BTE.Y._Z._Z.N,Q,OECD,102.3783
2019-10-01,NLD,Netherlands,NLD.Q.PRVM.IX.BTE.Y._Z._Z.N,Q,OECD,101.6914
2020-01-01,NLD,Netherlands,NLD.Q.PRVM.IX.BTE.Y._Z._Z.N,Q,OECD,102.1035
2020-04-01,NLD,Netherlands,NLD.Q.PRVM.IX.BTE.Y._Z._Z.N,Q,OECD,95.09745
2020-07-01,NLD,Netherlands,NLD.Q.PRVM.IX.BTE.Y._Z._Z.N,Q,OECD,99.08131
2020-10-01,NLD,Netherlands,NLD.Q.PRVM.IX.BTE.Y._Z._Z.N,Q,OECD,100.1803
2021-01-01,NLD,Netherlands,NLD.Q.PRVM.IX.BTE.Y._Z._Z.N,Q,OECD,101.2793
2021-04-01,NLD,Netherlands,NLD.Q.PRVM.IX.BTE.Y._Z._Z.N,Q,OECD,102.6874
2021-07-01,NLD,Netherlands,NLD.Q.PRVM.IX.BTE.Y._Z._Z.N,Q,OECD,102.653
2021-10-01,NLD,Netherlands,NLD.Q.PRVM.IX.BTE.Y._Z._Z.N,Q,OECD,104.3359
2022-01-01,NLD,Netherlands,NLD.Q.PRVM.IX.BTE.Y._Z._Z.N,Q,OECD,104.5076
2022-04-01,NLD,Netherlands,NLD.Q.PRVM.IX.BTE.Y._Z._Z.N,Q,OECD,108.045
2022-07-01,NLD,Netherlands,NLD.Q.PRVM.IX.BTE.Y._Z._Z.N,Q,OECD,107.3238
2022-10-01,NLD,Netherlands,NLD.Q.PRVM.IX.BTE.Y._Z._Z.N,Q,OECD,106.946
2023-01-01,NLD,Netherlands,NLD.Q.PRVM.IX.BTE.Y._Z._Z.N,Q,OECD,106.6712
2023-04-01,NLD,Netherlands,NLD.Q.PRVM.IX.BTE.Y._Z._Z.N,Q,OECD,106.7743
2023-07-01,NLD,Netherlands,NLD.Q.PRVM.IX.BTE.Y._Z._Z.N,Q,OECD,105.1601
2023-10-01,NLD,Netherlands,NLD.Q.PRVM.IX.BTE.Y._Z._Z.N,Q,OECD,104.0268
2024-01-01,NLD,Netherlands,NLD.Q.PRVM.IX.BTE.Y._Z._Z.N,Q,OECD,102.8934
2024-04-01,NLD,Netherlands,NLD.Q.PRVM.IX.BTE.Y._Z._Z.N,Q,OECD,103.4086
2024-07-01,NLD,Netherlands,NLD.Q.PRVM.IX.BTE.Y._Z._Z.N,Q,OECD,103.4086
2024-10-01,NLD,Netherlands,NLD.Q.PRVM.IX.BTE.Y._Z._Z.N,Q,OECD,103.2025
2025-01-01,NLD,Netherlands,NLD.Q.PRVM.IX.BTE.Y._Z._Z.N,Q,OECD,104.1298
2025-04-01,NLD,Netherlands,NLD.Q.PRVM.IX.BTE.Y._Z._Z.N,Q,OECD,104.4046
2025-07-01,NLD,Netherlands,NLD.Q.PRVM.IX.BTE.Y._Z._Z.N,Q,OECD,105.3662
2025-10-01,NLD,Netherlands,NLD.Q.PRVM.IX.BTE.Y._Z._Z.N,Q,OECD,106.1217
1955-01-01,PRT,Portugal,PRT.Q.PRVM.IX.BTE.Y._Z._Z.N,Q,OECD,15.67781
1955-04-01,PRT,Portugal,PRT.Q.PRVM.IX.BTE.Y._Z._Z.N,Q,OECD,16.34634
1955-07-01,PRT,Portugal,PRT.Q.PRVM.IX.BTE.Y._Z._Z.N,Q,OECD,16.91114
1955-10-01,PRT,Portugal,PRT.Q.PRVM.IX.BTE.Y._Z._Z.N,Q,OECD,16.8025
1956-01-01,PRT,Portugal,PRT.Q.PRVM.IX.BTE.Y._Z._Z.N,Q,OECD,17.3447
1956-04-01,PRT,Portugal,PRT.Q.PRVM.IX.BTE.Y._Z._Z.N,Q,OECD,17.49519
1956-07-01,PRT,Portugal,PRT.Q.PRVM.IX.BTE.Y._Z._Z.N,Q,OECD,18.03619
1956-10-01,PRT,Portugal,PRT.Q.PRVM.IX.BTE.Y._Z._Z.N,Q,OECD,18.52049
1957-01-01,PRT,Portugal,PRT.Q.PRVM.IX.BTE.Y._Z._Z.N,Q,OECD,18.48842
1957-04-01,PRT,Portugal,PRT.Q.PRVM.IX.BTE.Y._Z._Z.N,Q,OECD,19.24064
1957-07-01,PRT,Portugal,PRT.Q.PRVM.IX.BTE.Y._Z._Z.N,Q,OECD,18.89978
1957-10-01,PRT,Portugal,PRT.Q.PRVM.IX.BTE.Y._Z._Z.N,Q,OECD,18.9271
1958-01-01,PRT,Portugal,PRT.Q.PRVM.IX.BTE.Y._Z._Z.N,Q,OECD,19.64673
1958-04-01,PRT,Portugal,PRT.Q.PRVM.IX.BTE.Y._Z._Z.N,Q,OECD,19.81948
1958-07-01,PRT,Portugal,PRT.Q.PRVM.IX.BTE.Y._Z._Z.N,Q,OECD,20.66828
1958-10-01,PRT,Portugal,PRT.Q.PRVM.IX.BTE.Y._Z._Z.N,Q,OECD,21.40448
1959-01-01,PRT,Portugal,PRT.Q.PRVM.IX.BTE.Y._Z._Z.N,Q,OECD,21.76162
1959-04-01,PRT,Portugal,PRT.Q.PRVM.IX.BTE.Y._Z._Z.N,Q,OECD,21.64848
1959-07-01,PRT,Portugal,PRT.Q.PRVM.IX.BTE.Y._Z._Z.N,Q,OECD,23.11908
1959-10-01,PRT,Portugal,PRT.Q.PRVM.IX.BTE.Y._Z._Z.N,Q,OECD,23.7377
1960-01-01,PRT,Portugal,PRT.Q.PRVM.IX.BTE.Y._Z._Z.N,Q,OECD,22.95625
1960-04-01,PRT,Portugal,PRT.Q.PRVM.IX.BTE.Y._Z._Z.N,Q,OECD,23.57163
1960-07-01,PRT,Portugal,PRT.Q.PRVM.IX.BTE.Y._Z._Z.N,Q,OECD,24.59253
1960-10-01,PRT,Portugal,PRT.Q.PRVM.IX.BTE.Y._Z._Z.N,Q,OECD,24.42131
1961-01-01,PRT,Portugal,PRT.Q.PRVM.IX.BTE.Y._Z._Z.N,Q,OECD,25.83492
1961-04-01,PRT,Portugal,PRT.Q.PRVM.IX.BTE.Y._Z._Z.N,Q,OECD,26.27061
1961-07-01,PRT,Portugal,PRT.Q.PRVM.IX.BTE.Y._Z._Z.N,Q,OECD,25.53056
1961-10-01,PRT,Portugal,PRT.Q.PRVM.IX.BTE.Y._Z._Z.N,Q,OECD,25.63243
1962-01-01,PRT,Portugal,PRT.Q.PRVM.IX.BTE.Y._Z._Z.N,Q,OECD,26.27402
1962-04-01,PRT,Portugal,PRT.Q.PRVM.IX.BTE.Y._Z._Z.N,Q,OECD,25.86813
1962-07-01,PRT,Portugal,PRT.Q.PRVM.IX.BTE.Y._Z._Z.N,Q,OECD,26.30135
1962-10-01,PRT,Portugal,PRT.Q.PRVM.IX.BTE.Y._Z._Z.N,Q,OECD,25.82437
1963-01-01,PRT,Portugal,PRT.Q.PRVM.IX.BTE.Y._Z._Z.N,Q,OECD,26.18503
1963-04-01,PRT,Portugal,PRT.Q.PRVM.IX.BTE.Y._Z._Z.N,Q,OECD,26.60017
1963-07-01,PRT,Portugal,PRT.Q.PRVM.IX.BTE.Y._Z._Z.N,Q,OECD,27.07878
1963-10-01,PRT,Portugal,PRT.Q.PRVM.IX.BTE.Y._Z._Z.N,Q,OECD,28.24106
1964-01-01,PRT,Portugal,PRT.Q.PRVM.IX.BTE.Y._Z._Z.N,Q,OECD,28.04662
1964-04-01,PRT,Portugal,PRT.Q.PRVM.IX.BTE.Y._Z._Z.N,Q,OECD,29.10784
1964-07-01,PRT,Portugal,PRT.Q.PRVM.IX.BTE.Y._Z._Z.N,Q,OECD,29.69955
1964-10-01,PRT,Portugal,PRT.Q.PRVM.IX.BTE.Y._Z._Z.N,Q,OECD,30.5115
1965-01-01,PRT,Portugal,PRT.Q.PRVM.IX.BTE.Y._Z._Z.N,Q,OECD,30.36951
1965-04-01,PRT,Portugal,PRT.Q.PRVM.IX.BTE.Y._Z._Z.N,Q,OECD,30.42957
1965-07-01,PRT,Portugal,PRT.Q.PRVM.IX.BTE.Y._Z._Z.N,Q,OECD,30.98951
1965-10-01,PRT,Portugal,PRT.Q.PRVM.IX.BTE.Y._Z._Z.N,Q,OECD,31.62877
1966-01-01,PRT,Portugal,PRT.Q.PRVM.IX.BTE.Y._Z._Z.N,Q,OECD,32.86497
1966-04-01,PRT,Portugal,PRT.Q.PRVM.IX.BTE.Y._Z._Z.N,Q,OECD,33.24998
1966-07-01,PRT,Portugal,PRT.Q.PRVM.IX.BTE.Y._Z._Z.N,Q,OECD,32.09224
1966-10-01,PRT,Portugal,PRT.Q.PRVM.IX.BTE.Y._Z._Z.N,Q,OECD,31.32103
1967-01-01,PRT,Portugal,PRT.Q.PRVM.IX.BTE.Y._Z._Z.N,Q,OECD,31.02166
1967-04-01,PRT,Portugal,PRT.Q.PRVM.IX.BTE.Y._Z._Z.N,Q,OECD,31.79271
1967-07-01,PRT,Portugal,PRT.Q.PRVM.IX.BTE.Y._Z._Z.N,Q,OECD,32.12503
1967-10-01,PRT,Portugal,PRT.Q.PRVM.IX.BTE.Y._Z._Z.N,Q,OECD,32.38578
1968-01-01,PRT,Portugal,PRT.Q.PRVM.IX.BTE.Y._Z._Z.N,Q,OECD,32.62213
1968-04-01,PRT,Portugal,PRT.Q.PRVM.IX.BTE.Y._Z._Z.N,Q,OECD,32.65733
1968-07-01,PRT,Portugal,PRT.Q.PRVM.IX.BTE.Y._Z._Z.N,Q,OECD,34.67743
1968-10-01,PRT,Portugal,PRT.Q.PRVM.IX.BTE.Y._Z._Z.N,Q,OECD,35.02244
1969-01-01,PRT,Portugal,PRT.Q.PRVM.IX.BTE.Y._Z._Z.N,Q,OECD,36.12907
1969-04-01,PRT,Portugal,PRT.Q.PRVM.IX.BTE.Y._Z._Z.N,Q,OECD,35.59186
1969-07-01,PRT,Portugal,PRT.Q.PRVM.IX.BTE.Y._Z._Z.N,Q,OECD,36.63205
1969-10-01,PRT,Portugal,PRT.Q.PRVM.IX.BTE.Y._Z._Z.N,Q,OECD,37.51606
1970-01-01,PRT,Portugal,PRT.Q.PRVM.IX.BTE.Y._Z._Z.N,Q,OECD,38.17254
1970-04-01,PRT,Portugal,PRT.Q.PRVM.IX.BTE.Y._Z._Z.N,Q,OECD,39.47254
1970-07-01,PRT,Portugal,PRT.Q.PRVM.IX.BTE.Y._Z._Z.N,Q,OECD,38.34997
1970-10-01,PRT,Portugal,PRT.Q.PRVM.IX.BTE.Y._Z._Z.N,Q,OECD,39.00052
1971-01-01,PRT,Portugal,PRT.Q.PRVM.IX.BTE.Y._Z._Z.N,Q,OECD,37.90051
1971-04-01,PRT,Portugal,PRT.Q.PRVM.IX.BTE.Y._Z._Z.N,Q,OECD,42.01469
1971-07-01,PRT,Portugal,PRT.Q.PRVM.IX.BTE.Y._Z._Z.N,Q,OECD,41.80466
1971-10-01,PRT,Portugal,PRT.Q.PRVM.IX.BTE.Y._Z._Z.N,Q,OECD,45.51592
1972-01-01,PRT,Portugal,PRT.Q.PRVM.IX.BTE.Y._Z._Z.N,Q,OECD,44.58589
1972-04-01,PRT,Portugal,PRT.Q.PRVM.IX.BTE.Y._Z._Z.N,Q,OECD,45.78567
1972-07-01,PRT,Portugal,PRT.Q.PRVM.IX.BTE.Y._Z._Z.N,Q,OECD,50.38149
1972-10-01,PRT,Portugal,PRT.Q.PRVM.IX.BTE.Y._Z._Z.N,Q,OECD,48.2524
1973-01-01,PRT,Portugal,PRT.Q.PRVM.IX.BTE.Y._Z._Z.N,Q,OECD,50.49596
1973-04-01,PRT,Portugal,PRT.Q.PRVM.IX.BTE.Y._Z._Z.N,Q,OECD,51.11429
1973-07-01,PRT,Portugal,PRT.Q.PRVM.IX.BTE.Y._Z._Z.N,Q,OECD,53.95105
1973-10-01,PRT,Portugal,PRT.Q.PRVM.IX.BTE.Y._Z._Z.N,Q,OECD,55.81936
1974-01-01,PRT,Portugal,PRT.Q.PRVM.IX.BTE.Y._Z._Z.N,Q,OECD,56.84227
1974-04-01,PRT,Portugal,PRT.Q.PRVM.IX.BTE.Y._Z._Z.N,Q,OECD,54.25465
1974-07-01,PRT,Portugal,PRT.Q.PRVM.IX.BTE.Y._Z._Z.N,Q,OECD,52.68232
1974-10-01,PRT,Portugal,PRT.Q.PRVM.IX.BTE.Y._Z._Z.N,Q,OECD,53.34781
1975-01-01,PRT,Portugal,PRT.Q.PRVM.IX.BTE.Y._Z._Z.N,Q,OECD,52.57255
1975-04-01,PRT,Portugal,PRT.Q.PRVM.IX.BTE.Y._Z._Z.N,Q,OECD,51.18139
1975-07-01,PRT,Portugal,PRT.Q.PRVM.IX.BTE.Y._Z._Z.N,Q,OECD,50.51034
1975-10-01,PRT,Portugal,PRT.Q.PRVM.IX.BTE.Y._Z._Z.N,Q,OECD,51.88993
1976-01-01,PRT,Portugal,PRT.Q.PRVM.IX.BTE.Y._Z._Z.N,Q,OECD,51.81008
1976-04-01,PRT,Portugal,PRT.Q.PRVM.IX.BTE.Y._Z._Z.N,Q,OECD,53.05933
1976-07-01,PRT,Portugal,PRT.Q.PRVM.IX.BTE.Y._Z._Z.N,Q,OECD,51.83556
1976-10-01,PRT,Portugal,PRT.Q.PRVM.IX.BTE.Y._Z._Z.N,Q,OECD,56.27228
1977-01-01,PRT,Portugal,PRT.Q.PRVM.IX.BTE.Y._Z._Z.N,Q,OECD,57.85198
1977-04-01,PRT,Portugal,PRT.Q.PRVM.IX.BTE.Y._Z._Z.N,Q,OECD,59.55123
1977-07-01,PRT,Portugal,PRT.Q.PRVM.IX.BTE.Y._Z._Z.N,Q,OECD,61.32207
1977-10-01,PRT,Portugal,PRT.Q.PRVM.IX.BTE.Y._Z._Z.N,Q,OECD,62.62574
1978-01-01,PRT,Portugal,PRT.Q.PRVM.IX.BTE.Y._Z._Z.N,Q,OECD,63.47509
1978-04-01,PRT,Portugal,PRT.Q.PRVM.IX.BTE.Y._Z._Z.N,Q,OECD,64.07506
1978-07-01,PRT,Portugal,PRT.Q.PRVM.IX.BTE.Y._Z._Z.N,Q,OECD,64.22161
1978-10-01,PRT,Portugal,PRT.Q.PRVM.IX.BTE.Y._Z._Z.N,Q,OECD,66.06989
1979-01-01,PRT,Portugal,PRT.Q.PRVM.IX.BTE.Y._Z._Z.N,Q,OECD,66.19283
1979-04-01,PRT,Portugal,PRT.Q.PRVM.IX.BTE.Y._Z._Z.N,Q,OECD,68.67142
1979-07-01,PRT,Portugal,PRT.Q.PRVM.IX.BTE.Y._Z._Z.N,Q,OECD,69.67217
1979-10-01,PRT,Portugal,PRT.Q.PRVM.IX.BTE.Y._Z._Z.N,Q,OECD,72.16058
1980-01-01,PRT,Portugal,PRT.Q.PRVM.IX.BTE.Y._Z._Z.N,Q,OECD,73.57524
1980-04-01,PRT,Portugal,PRT.Q.PRVM.IX.BTE.Y._Z._Z.N,Q,OECD,72.58018
1980-07-01,PRT,Portugal,PRT.Q.PRVM.IX.BTE.Y._Z._Z.N,Q,OECD,71.01743
1980-10-01,PRT,Portugal,PRT.Q.PRVM.IX.BTE.Y._Z._Z.N,Q,OECD,73.68906
1981-01-01,PRT,Portugal,PRT.Q.PRVM.IX.BTE.Y._Z._Z.N,Q,OECD,73.95309
1981-04-01,PRT,Portugal,PRT.Q.PRVM.IX.BTE.Y._Z._Z.N,Q,OECD,74.18333
1981-07-01,PRT,Portugal,PRT.Q.PRVM.IX.BTE.Y._Z._Z.N,Q,OECD,73.9115
1981-10-01,PRT,Portugal,PRT.Q.PRVM.IX.BTE.Y._Z._Z.N,Q,OECD,75.1963
1982-01-01,PRT,Portugal,PRT.Q.PRVM.IX.BTE.Y._Z._Z.N,Q,OECD,79.92383
1982-04-01,PRT,Portugal,PRT.Q.PRVM.IX.BTE.Y._Z._Z.N,Q,OECD,78.6893
1982-07-01,PRT,Portugal,PRT.Q.PRVM.IX.BTE.Y._Z._Z.N,Q,OECD,80.03781
1982-10-01,PRT,Portugal,PRT.Q.PRVM.IX.BTE.Y._Z._Z.N,Q,OECD,81.89725
1983-01-01,PRT,Portugal,PRT.Q.PRVM.IX.BTE.Y._Z._Z.N,Q,OECD,83.60069
1983-04-01,PRT,Portugal,PRT.Q.PRVM.IX.BTE.Y._Z._Z.N,Q,OECD,83.20512
1983-07-01,PRT,Portugal,PRT.Q.PRVM.IX.BTE.Y._Z._Z.N,Q,OECD,82.05715
1983-10-01,PRT,Portugal,PRT.Q.PRVM.IX.BTE.Y._Z._Z.N,Q,OECD,82.85223
1984-01-01,PRT,Portugal,PRT.Q.PRVM.IX.BTE.Y._Z._Z.N,Q,OECD,83.77254
1984-04-01,PRT,Portugal,PRT.Q.PRVM.IX.BTE.Y._Z._Z.N,Q,OECD,83.4753
1984-07-01,PRT,Portugal,PRT.Q.PRVM.IX.BTE.Y._Z._Z.N,Q,OECD,87.35374
1984-10-01,PRT,Portugal,PRT.Q.PRVM.IX.BTE.Y._Z._Z.N,Q,OECD,85.95853
1985-01-01,PRT,Portugal,PRT.Q.PRVM.IX.BTE.Y._Z._Z.N,Q,OECD,85.47095
1985-04-01,PRT,Portugal,PRT.Q.PRVM.IX.BTE.Y._Z._Z.N,Q,OECD,85.74237
1985-07-01,PRT,Portugal,PRT.Q.PRVM.IX.BTE.Y._Z._Z.N,Q,OECD,84.40945
1985-10-01,PRT,Portugal,PRT.Q.PRVM.IX.BTE.Y._Z._Z.N,Q,OECD,86.97134
1986-01-01,PRT,Portugal,PRT.Q.PRVM.IX.BTE.Y._Z._Z.N,Q,OECD,88.28503
1986-04-01,PRT,Portugal,PRT.Q.PRVM.IX.BTE.Y._Z._Z.N,Q,OECD,90.95926
1986-07-01,PRT,Portugal,PRT.Q.PRVM.IX.BTE.Y._Z._Z.N,Q,OECD,93.83779
1986-10-01,PRT,Portugal,PRT.Q.PRVM.IX.BTE.Y._Z._Z.N,Q,OECD,94.68506
1987-01-01,PRT,Portugal,PRT.Q.PRVM.IX.BTE.Y._Z._Z.N,Q,OECD,93.50539
1987-04-01,PRT,Portugal,PRT.Q.PRVM.IX.BTE.Y._Z._Z.N,Q,OECD,96.26675
1987-07-01,PRT,Portugal,PRT.Q.PRVM.IX.BTE.Y._Z._Z.N,Q,OECD,96.49317
1987-10-01,PRT,Portugal,PRT.Q.PRVM.IX.BTE.Y._Z._Z.N,Q,OECD,97.25898
1988-01-01,PRT,Portugal,PRT.Q.PRVM.IX.BTE.Y._Z._Z.N,Q,OECD,98.31519
1988-04-01,PRT,Portugal,PRT.Q.PRVM.IX.BTE.Y._Z._Z.N,Q,OECD,99.56126
1988-07-01,PRT,Portugal,PRT.Q.PRVM.IX.BTE.Y._Z._Z.N,Q,OECD,99.23206
1988-10-01,PRT,Portugal,PRT.Q.PRVM.IX.BTE.Y._Z._Z.N,Q,OECD,101.254
1989-01-01,PRT,Portugal,PRT.Q.PRVM.IX.BTE.Y._Z._Z.N,Q,OECD,102.7321
1989-04-01,PRT,Portugal,PRT.Q.PRVM.IX.BTE.Y._Z._Z.N,Q,OECD,105.8496
1989-07-01,PRT,Portugal,PRT.Q.PRVM.IX.BTE.Y._Z._Z.N,Q,OECD,107.312
1989-10-01,PRT,Portugal,PRT.Q.PRVM.IX.BTE.Y._Z._Z.N,Q,OECD,109.468
1990-01-01,PRT,Portugal,PRT.Q.PRVM.IX.BTE.Y._Z._Z.N,Q,OECD,111.2272
1990-04-01,PRT,Portugal,PRT.Q.PRVM.IX.BTE.Y._Z._Z.N,Q,OECD,115.3253
1990-07-01,PRT,Portugal,PRT.Q.PRVM.IX.BTE.Y._Z._Z.N,Q,OECD,118.7646
1990-10-01,PRT,Portugal,PRT.Q.PRVM.IX.BTE.Y._Z._Z.N,Q,OECD,118.7547
1991-01-01,PRT,Portugal,PRT.Q.PRVM.IX.BTE.Y._Z._Z.N,Q,OECD,117.0097
1991-04-01,PRT,Portugal,PRT.Q.PRVM.IX.BTE.Y._Z._Z.N,Q,OECD,114.8516
1991-07-01,PRT,Portugal,PRT.Q.PRVM.IX.BTE.Y._Z._Z.N,Q,OECD,116.6245
1991-10-01,PRT,Portugal,PRT.Q.PRVM.IX.BTE.Y._Z._Z.N,Q,OECD,115.2781
1992-01-01,PRT,Portugal,PRT.Q.PRVM.IX.BTE.Y._Z._Z.N,Q,OECD,116.4033
1992-04-01,PRT,Portugal,PRT.Q.PRVM.IX.BTE.Y._Z._Z.N,Q,OECD,115.792
1992-07-01,PRT,Portugal,PRT.Q.PRVM.IX.BTE.Y._Z._Z.N,Q,OECD,109.2402
1992-10-01,PRT,Portugal,PRT.Q.PRVM.IX.BTE.Y._Z._Z.N,Q,OECD,110.3287
1993-01-01,PRT,Portugal,PRT.Q.PRVM.IX.BTE.Y._Z._Z.N,Q,OECD,109.5111
1993-04-01,PRT,Portugal,PRT.Q.PRVM.IX.BTE.Y._Z._Z.N,Q,OECD,107.3966
1993-07-01,PRT,Portugal,PRT.Q.PRVM.IX.BTE.Y._Z._Z.N,Q,OECD,107.1255
1993-10-01,PRT,Portugal,PRT.Q.PRVM.IX.BTE.Y._Z._Z.N,Q,OECD,106.7291
1994-01-01,PRT,Portugal,PRT.Q.PRVM.IX.BTE.Y._Z._Z.N,Q,OECD,107.1337
1994-04-01,PRT,Portugal,PRT.Q.PRVM.IX.BTE.Y._Z._Z.N,Q,OECD,107.1486
1994-07-01,PRT,Portugal,PRT.Q.PRVM.IX.BTE.Y._Z._Z.N,Q,OECD,108.2373
1994-10-01,PRT,Portugal,PRT.Q.PRVM.IX.BTE.Y._Z._Z.N,Q,OECD,107.6724
1995-01-01,PRT,Portugal,PRT.Q.PRVM.IX.BTE.Y._Z._Z.N,Q,OECD,108.0882
1995-04-01,PRT,Portugal,PRT.Q.PRVM.IX.BTE.Y._Z._Z.N,Q,OECD,110.8131
1995-07-01,PRT,Portugal,PRT.Q.PRVM.IX.BTE.Y._Z._Z.N,Q,OECD,113.5394
1995-10-01,PRT,Portugal,PRT.Q.PRVM.IX.BTE.Y._Z._Z.N,Q,OECD,118.1834
1996-01-01,PRT,Portugal,PRT.Q.PRVM.IX.BTE.Y._Z._Z.N,Q,OECD,117.0914
1996-04-01,PRT,Portugal,PRT.Q.PRVM.IX.BTE.Y._Z._Z.N,Q,OECD,119.8421
1996-07-01,PRT,Portugal,PRT.Q.PRVM.IX.BTE.Y._Z._Z.N,Q,OECD,119.898
1996-10-01,PRT,Portugal,PRT.Q.PRVM.IX.BTE.Y._Z._Z.N,Q,OECD,117.1786
1997-01-01,PRT,Portugal,PRT.Q.PRVM.IX.BTE.Y._Z._Z.N,Q,OECD,120.0743
1997-04-01,PRT,Portugal,PRT.Q.PRVM.IX.BTE.Y._Z._Z.N,Q,OECD,121.4995
1997-07-01,PRT,Portugal,PRT.Q.PRVM.IX.BTE.Y._Z._Z.N,Q,OECD,120.722
1997-10-01,PRT,Portugal,PRT.Q.PRVM.IX.BTE.Y._Z._Z.N,Q,OECD,123.6962
1998-01-01,PRT,Portugal,PRT.Q.PRVM.IX.BTE.Y._Z._Z.N,Q,OECD,127.0484
1998-04-01,PRT,Portugal,PRT.Q.PRVM.IX.BTE.Y._Z._Z.N,Q,OECD,129.0598
1998-07-01,PRT,Portugal,PRT.Q.PRVM.IX.BTE.Y._Z._Z.N,Q,OECD,128.4592
1998-10-01,PRT,Portugal,PRT.Q.PRVM.IX.BTE.Y._Z._Z.N,Q,OECD,128.7681
1999-01-01,PRT,Portugal,PRT.Q.PRVM.IX.BTE.Y._Z._Z.N,Q,OECD,131.1505
1999-04-01,PRT,Portugal,PRT.Q.PRVM.IX.BTE.Y._Z._Z.N,Q,OECD,132.6362
1999-07-01,PRT,Portugal,PRT.Q.PRVM.IX.BTE.Y._Z._Z.N,Q,OECD,131.757
1999-10-01,PRT,Portugal,PRT.Q.PRVM.IX.BTE.Y._Z._Z.N,Q,OECD,133.7319
2000-01-01,PRT,Portugal,PRT.Q.PRVM.IX.BTE.Y._Z._Z.N,Q,OECD,115.699
2000-04-01,PRT,Portugal,PRT.Q.PRVM.IX.BTE.Y._Z._Z.N,Q,OECD,115.8287
2000-07-01,PRT,Portugal,PRT.Q.PRVM.IX.BTE.Y._Z._Z.N,Q,OECD,118.748
2000-10-01,PRT,Portugal,PRT.Q.PRVM.IX.BTE.Y._Z._Z.N,Q,OECD,119.6237
2001-01-01,PRT,Portugal,PRT.Q.PRVM.IX.BTE.Y._Z._Z.N,Q,OECD,119.6237
2001-04-01,PRT,Portugal,PRT.Q.PRVM.IX.BTE.Y._Z._Z.N,Q,OECD,120.2725
2001-07-01,PRT,Portugal,PRT.Q.PRVM.IX.BTE.Y._Z._Z.N,Q,OECD,118.3587
2001-10-01,PRT,Portugal,PRT.Q.PRVM.IX.BTE.Y._Z._Z.N,Q,OECD,119.494
2002-01-01,PRT,Portugal,PRT.Q.PRVM.IX.BTE.Y._Z._Z.N,Q,OECD,119.5913
2002-04-01,PRT,Portugal,PRT.Q.PRVM.IX.BTE.Y._Z._Z.N,Q,OECD,121.8943
2002-07-01,PRT,Portugal,PRT.Q.PRVM.IX.BTE.Y._Z._Z.N,Q,OECD,120.24
2002-10-01,PRT,Portugal,PRT.Q.PRVM.IX.BTE.Y._Z._Z.N,Q,OECD,117.8073
2003-01-01,PRT,Portugal,PRT.Q.PRVM.IX.BTE.Y._Z._Z.N,Q,OECD,119.494
2003-04-01,PRT,Portugal,PRT.Q.PRVM.IX.BTE.Y._Z._Z.N,Q,OECD,118.4885
2003-07-01,PRT,Portugal,PRT.Q.PRVM.IX.BTE.Y._Z._Z.N,Q,OECD,116.4775
2003-10-01,PRT,Portugal,PRT.Q.PRVM.IX.BTE.Y._Z._Z.N,Q,OECD,119.2994
2004-01-01,PRT,Portugal,PRT.Q.PRVM.IX.BTE.Y._Z._Z.N,Q,OECD,114.8232
2004-04-01,PRT,Portugal,PRT.Q.PRVM.IX.BTE.Y._Z._Z.N,Q,OECD,115.6341
2004-07-01,PRT,Portugal,PRT.Q.PRVM.IX.BTE.Y._Z._Z.N,Q,OECD,111.1904
2004-10-01,PRT,Portugal,PRT.Q.PRVM.IX.BTE.Y._Z._Z.N,Q,OECD,112.0337
2005-01-01,PRT,Portugal,PRT.Q.PRVM.IX.BTE.Y._Z._Z.N,Q,OECD,132.2089
2005-04-01,PRT,Portugal,PRT.Q.PRVM.IX.BTE.Y._Z._Z.N,Q,OECD,129.9384
2005-07-01,PRT,Portugal,PRT.Q.PRVM.IX.BTE.Y._Z._Z.N,Q,OECD,124.2945
2005-10-01,PRT,Portugal,PRT.Q.PRVM.IX.BTE.Y._Z._Z.N,Q,OECD,128.2841
2006-01-01,PRT,Portugal,PRT.Q.PRVM.IX.BTE.Y._Z._Z.N,Q,OECD,123.3214
2006-04-01,PRT,Portugal,PRT.Q.PRVM.IX.BTE.Y._Z._Z.N,Q,OECD,125.3
2006-07-01,PRT,Portugal,PRT.Q.PRVM.IX.BTE.Y._Z._Z.N,Q,OECD,128.2841
2006-10-01,PRT,Portugal,PRT.Q.PRVM.IX.BTE.Y._Z._Z.N,Q,OECD,131.0088
2007-01-01,PRT,Portugal,PRT.Q.PRVM.IX.BTE.Y._Z._Z.N,Q,OECD,127.4408
2007-04-01,PRT,Portugal,PRT.Q.PRVM.IX.BTE.Y._Z._Z.N,Q,OECD,124.6189
2007-07-01,PRT,Portugal,PRT.Q.PRVM.IX.BTE.Y._Z._Z.N,Q,OECD,119.0723
2007-10-01,PRT,Portugal,PRT.Q.PRVM.IX.BTE.Y._Z._Z.N,Q,OECD,124.2296
2008-01-01,PRT,Portugal,PRT.Q.PRVM.IX.BTE.Y._Z._Z.N,Q,OECD,123.6782
2008-04-01,PRT,Portugal,PRT.Q.PRVM.IX.BTE.Y._Z._Z.N,Q,OECD,119.2345
2008-07-01,PRT,Portugal,PRT.Q.PRVM.IX.BTE.Y._Z._Z.N,Q,OECD,113.915
2008-10-01,PRT,Portugal,PRT.Q.PRVM.IX.BTE.Y._Z._Z.N,Q,OECD,107.9792
2009-01-01,PRT,Portugal,PRT.Q.PRVM.IX.BTE.Y._Z._Z.N,Q,OECD,98.83231
2009-04-01,PRT,Portugal,PRT.Q.PRVM.IX.BTE.Y._Z._Z.N,Q,OECD,99.05936
2009-07-01,PRT,Portugal,PRT.Q.PRVM.IX.BTE.Y._Z._Z.N,Q,OECD,101.4596
2009-10-01,PRT,Portugal,PRT.Q.PRVM.IX.BTE.Y._Z._Z.N,Q,OECD,103.5031
2010-01-01,PRT,Portugal,PRT.Q.PRVM.IX.BTE.Y._Z._Z.N,Q,OECD,101.9137
2010-04-01,PRT,Portugal,PRT.Q.PRVM.IX.BTE.Y._Z._Z.N,Q,OECD,102.3354
2010-07-01,PRT,Portugal,PRT.Q.PRVM.IX.BTE.Y._Z._Z.N,Q,OECD,101.5894
2010-10-01,PRT,Portugal,PRT.Q.PRVM.IX.BTE.Y._Z._Z.N,Q,OECD,102.6922
2011-01-01,PRT,Portugal,PRT.Q.PRVM.IX.BTE.Y._Z._Z.N,Q,OECD,103.0814
2011-04-01,PRT,Portugal,PRT.Q.PRVM.IX.BTE.Y._Z._Z.N,Q,OECD,100.9731
2011-07-01,PRT,Portugal,PRT.Q.PRVM.IX.BTE.Y._Z._Z.N,Q,OECD,100.0649
2011-10-01,PRT,Portugal,PRT.Q.PRVM.IX.BTE.Y._Z._Z.N,Q,OECD,98.11871
2012-01-01,PRT,Portugal,PRT.Q.PRVM.IX.BTE.Y._Z._Z.N,Q,OECD,96.6591
2012-04-01,PRT,Portugal,PRT.Q.PRVM.IX.BTE.Y._Z._Z.N,Q,OECD,93.93448
2012-07-01,PRT,Portugal,PRT.Q.PRVM.IX.BTE.Y._Z._Z.N,Q,OECD,96.72397
2012-10-01,PRT,Portugal,PRT.Q.PRVM.IX.BTE.Y._Z._Z.N,Q,OECD,93.02628
2013-01-01,PRT,Portugal,PRT.Q.PRVM.IX.BTE.Y._Z._Z.N,Q,OECD,96.26987
2013-04-01,PRT,Portugal,PRT.Q.PRVM.IX.BTE.Y._Z._Z.N,Q,OECD,96.26987
2013-07-01,PRT,Portugal,PRT.Q.PRVM.IX.BTE.Y._Z._Z.N,Q,OECD,95.4914
2013-10-01,PRT,Portugal,PRT.Q.PRVM.IX.BTE.Y._Z._Z.N,Q,OECD,99.15666
2014-01-01,PRT,Portugal,PRT.Q.PRVM.IX.BTE.Y._Z._Z.N,Q,OECD,99.02692
2014-04-01,PRT,Portugal,PRT.Q.PRVM.IX.BTE.Y._Z._Z.N,Q,OECD,98.31333
2014-07-01,PRT,Portugal,PRT.Q.PRVM.IX.BTE.Y._Z._Z.N,Q,OECD,97.27538
2014-10-01,PRT,Portugal,PRT.Q.PRVM.IX.BTE.Y._Z._Z.N,Q,OECD,98.54038
2015-01-01,PRT,Portugal,PRT.Q.PRVM.IX.BTE.Y._Z._Z.N,Q,OECD,97.9241
2015-04-01,PRT,Portugal,PRT.Q.PRVM.IX.BTE.Y._Z._Z.N,Q,OECD,100.746
2015-07-01,PRT,Portugal,PRT.Q.PRVM.IX.BTE.Y._Z._Z.N,Q,OECD,100.519
2015-10-01,PRT,Portugal,PRT.Q.PRVM.IX.BTE.Y._Z._Z.N,Q,OECD,101.4596
2016-01-01,PRT,Portugal,PRT.Q.PRVM.IX.BTE.Y._Z._Z.N,Q,OECD,101.8164
2016-04-01,PRT,Portugal,PRT.Q.PRVM.IX.BTE.Y._Z._Z.N,Q,OECD,102.2056
2016-07-01,PRT,Portugal,PRT.Q.PRVM.IX.BTE.Y._Z._Z.N,Q,OECD,101.1677
2016-10-01,PRT,Portugal,PRT.Q.PRVM.IX.BTE.Y._Z._Z.N,Q,OECD,101.9137
2017-01-01,PRT,Portugal,PRT.Q.PRVM.IX.BTE.Y._Z._Z.N,Q,OECD,101.4272
2017-04-01,PRT,Portugal,PRT.Q.PRVM.IX.BTE.Y._Z._Z.N,Q,OECD,103.8923
2017-07-01,PRT,Portugal,PRT.Q.PRVM.IX.BTE.Y._Z._Z.N,Q,OECD,106.8764
2017-10-01,PRT,Portugal,PRT.Q.PRVM.IX.BTE.Y._Z._Z.N,Q,OECD,104.4113
2018-01-01,PRT,Portugal,PRT.Q.PRVM.IX.BTE.Y._Z._Z.N,Q,OECD,106.0006
2018-04-01,PRT,Portugal,PRT.Q.PRVM.IX.BTE.Y._Z._Z.N,Q,OECD,105.06
2018-07-01,PRT,Portugal,PRT.Q.PRVM.IX.BTE.Y._Z._Z.N,Q,OECD,105.0276
2018-10-01,PRT,Portugal,PRT.Q.PRVM.IX.BTE.Y._Z._Z.N,Q,OECD,102.011
2019-01-01,PRT,Portugal,PRT.Q.PRVM.IX.BTE.Y._Z._Z.N,Q,OECD,101.3947
2019-04-01,PRT,Portugal,PRT.Q.PRVM.IX.BTE.Y._Z._Z.N,Q,OECD,103.568
2019-07-01,PRT,Portugal,PRT.Q.PRVM.IX.BTE.Y._Z._Z.N,Q,OECD,101.0055
2019-10-01,PRT,Portugal,PRT.Q.PRVM.IX.BTE.Y._Z._Z.N,Q,OECD,101.6218
2020-01-01,PRT,Portugal,PRT.Q.PRVM.IX.BTE.Y._Z._Z.N,Q,OECD,100.1297
2020-04-01,PRT,Portugal,PRT.Q.PRVM.IX.BTE.Y._Z._Z.N,Q,OECD,77.45702
2020-07-01,PRT,Portugal,PRT.Q.PRVM.IX.BTE.Y._Z._Z.N,Q,OECD,99.02692
2020-10-01,PRT,Portugal,PRT.Q.PRVM.IX.BTE.Y._Z._Z.N,Q,OECD,99.25397
2021-01-01,PRT,Portugal,PRT.Q.PRVM.IX.BTE.Y._Z._Z.N,Q,OECD,98.67013
2021-04-01,PRT,Portugal,PRT.Q.PRVM.IX.BTE.Y._Z._Z.N,Q,OECD,97.59974
2021-07-01,PRT,Portugal,PRT.Q.PRVM.IX.BTE.Y._Z._Z.N,Q,OECD,94.93999
2021-10-01,PRT,Portugal,PRT.Q.PRVM.IX.BTE.Y._Z._Z.N,Q,OECD,98.02141
2022-01-01,PRT,Portugal,PRT.Q.PRVM.IX.BTE.Y._Z._Z.N,Q,OECD,96.52936
2022-04-01,PRT,Portugal,PRT.Q.PRVM.IX.BTE.Y._Z._Z.N,Q,OECD,99.61077
2022-07-01,PRT,Portugal,PRT.Q.PRVM.IX.BTE.Y._Z._Z.N,Q,OECD,97.72948
2022-10-01,PRT,Portugal,PRT.Q.PRVM.IX.BTE.Y._Z._Z.N,Q,OECD,98.05384
2023-01-01,PRT,Portugal,PRT.Q.PRVM.IX.BTE.Y._Z._Z.N,Q,OECD,97.30782
2023-04-01,PRT,Portugal,PRT.Q.PRVM.IX.BTE.Y._Z._Z.N,Q,OECD,94.2264
2023-07-01,PRT,Portugal,PRT.Q.PRVM.IX.BTE.Y._Z._Z.N,Q,OECD,93.35063
2023-10-01,PRT,Portugal,PRT.Q.PRVM.IX.BTE.Y._Z._Z.N,Q,OECD,94.64807
2024-01-01,PRT,Portugal,PRT.Q.PRVM.IX.BTE.Y._Z._Z.N,Q,OECD,99.02692
2024-04-01,PRT,Portugal,PRT.Q.PRVM.IX.BTE.Y._Z._Z.N,Q,OECD,95.94551
2024-07-01,PRT,Portugal,PRT.Q.PRVM.IX.BTE.Y._Z._Z.N,Q,OECD,93.05871
2024-10-01,PRT,Portugal,PRT.Q.PRVM.IX.BTE.Y._Z._Z.N,Q,OECD,94.2264
2025-01-01,PRT,Portugal,PRT.Q.PRVM.IX.BTE.Y._Z._Z.N,Q,OECD,96.69154
2025-04-01,PRT,Portugal,PRT.Q.PRVM.IX.BTE.Y._Z._Z.N,Q,OECD,96.98346
2025-07-01,PRT,Portugal,PRT.Q.PRVM.IX.BTE.Y._Z._Z.N,Q,OECD,95.62115
2025-10-01,PRT,Portugal,PRT.Q.PRVM.IX.BTE.Y._Z._Z.N,Q,OECD,94.64807
1989-01-01,SVK,Slovakia,SVK.Q.PRVM.IX.BTE.Y._Z._Z.N,Q,OECD,39.45848
1989-04-01,SVK,Slovakia,SVK.Q.PRVM.IX.BTE.Y._Z._Z.N,Q,OECD,41.19171
1989-07-01,SVK,Slovakia,SVK.Q.PRVM.IX.BTE.Y._Z._Z.N,Q,OECD,33.82097
1989-10-01,SVK,Slovakia,SVK.Q.PRVM.IX.BTE.Y._Z._Z.N,Q,OECD,46.29958
1990-01-01,SVK,Slovakia,SVK.Q.PRVM.IX.BTE.Y._Z._Z.N,Q,OECD,37.54546
1990-04-01,SVK,Slovakia,SVK.Q.PRVM.IX.BTE.Y._Z._Z.N,Q,OECD,40.00687
1990-07-01,SVK,Slovakia,SVK.Q.PRVM.IX.BTE.Y._Z._Z.N,Q,OECD,40.37283
1990-10-01,SVK,Slovakia,SVK.Q.PRVM.IX.BTE.Y._Z._Z.N,Q,OECD,36.31522
1991-01-01,SVK,Slovakia,SVK.Q.PRVM.IX.BTE.Y._Z._Z.N,Q,OECD,37.50107
1991-04-01,SVK,Slovakia,SVK.Q.PRVM.IX.BTE.Y._Z._Z.N,Q,OECD,30.26245
1991-07-01,SVK,Slovakia,SVK.Q.PRVM.IX.BTE.Y._Z._Z.N,Q,OECD,28.45798
1991-10-01,SVK,Slovakia,SVK.Q.PRVM.IX.BTE.Y._Z._Z.N,Q,OECD,28.22483
1992-01-01,SVK,Slovakia,SVK.Q.PRVM.IX.BTE.Y._Z._Z.N,Q,OECD,28.45066
1992-04-01,SVK,Slovakia,SVK.Q.PRVM.IX.BTE.Y._Z._Z.N,Q,OECD,27.44435
1992-07-01,SVK,Slovakia,SVK.Q.PRVM.IX.BTE.Y._Z._Z.N,Q,OECD,28.22449
1992-10-01,SVK,Slovakia,SVK.Q.PRVM.IX.BTE.Y._Z._Z.N,Q,OECD,27.85921
1993-01-01,SVK,Slovakia,SVK.Q.PRVM.IX.BTE.Y._Z._Z.N,Q,OECD,27.87784
1993-04-01,SVK,Slovakia,SVK.Q.PRVM.IX.BTE.Y._Z._Z.N,Q,OECD,26.70642
1993-07-01,SVK,Slovakia,SVK.Q.PRVM.IX.BTE.Y._Z._Z.N,Q,OECD,26.57364
1993-10-01,SVK,Slovakia,SVK.Q.PRVM.IX.BTE.Y._Z._Z.N,Q,OECD,27.01419
1994-01-01,SVK,Slovakia,SVK.Q.PRVM.IX.BTE.Y._Z._Z.N,Q,OECD,27.57677
1994-04-01,SVK,Slovakia,SVK.Q.PRVM.IX.BTE.Y._Z._Z.N,Q,OECD,28.28708
1994-07-01,SVK,Slovakia,SVK.Q.PRVM.IX.BTE.Y._Z._Z.N,Q,OECD,28.69308
1994-10-01,SVK,Slovakia,SVK.Q.PRVM.IX.BTE.Y._Z._Z.N,Q,OECD,29.04183
1995-01-01,SVK,Slovakia,SVK.Q.PRVM.IX.BTE.Y._Z._Z.N,Q,OECD,29.03823
1995-04-01,SVK,Slovakia,SVK.Q.PRVM.IX.BTE.Y._Z._Z.N,Q,OECD,30.98568
1995-07-01,SVK,Slovakia,SVK.Q.PRVM.IX.BTE.Y._Z._Z.N,Q,OECD,31.41159
1995-10-01,SVK,Slovakia,SVK.Q.PRVM.IX.BTE.Y._Z._Z.N,Q,OECD,31.5326
1996-01-01,SVK,Slovakia,SVK.Q.PRVM.IX.BTE.Y._Z._Z.N,Q,OECD,30.83162
1996-04-01,SVK,Slovakia,SVK.Q.PRVM.IX.BTE.Y._Z._Z.N,Q,OECD,30.93062
1996-07-01,SVK,Slovakia,SVK.Q.PRVM.IX.BTE.Y._Z._Z.N,Q,OECD,31.88609
1996-10-01,SVK,Slovakia,SVK.Q.PRVM.IX.BTE.Y._Z._Z.N,Q,OECD,31.95967
1997-01-01,SVK,Slovakia,SVK.Q.PRVM.IX.BTE.Y._Z._Z.N,Q,OECD,31.37478
1997-04-01,SVK,Slovakia,SVK.Q.PRVM.IX.BTE.Y._Z._Z.N,Q,OECD,31.82396
1997-07-01,SVK,Slovakia,SVK.Q.PRVM.IX.BTE.Y._Z._Z.N,Q,OECD,31.52356
1997-10-01,SVK,Slovakia,SVK.Q.PRVM.IX.BTE.Y._Z._Z.N,Q,OECD,32.87879
1998-01-01,SVK,Slovakia,SVK.Q.PRVM.IX.BTE.Y._Z._Z.N,Q,OECD,34.55606
1998-04-01,SVK,Slovakia,SVK.Q.PRVM.IX.BTE.Y._Z._Z.N,Q,OECD,34.03487
1998-07-01,SVK,Slovakia,SVK.Q.PRVM.IX.BTE.Y._Z._Z.N,Q,OECD,33.47982
1998-10-01,SVK,Slovakia,SVK.Q.PRVM.IX.BTE.Y._Z._Z.N,Q,OECD,32.48413
1999-01-01,SVK,Slovakia,SVK.Q.PRVM.IX.BTE.Y._Z._Z.N,Q,OECD,32.45731
1999-04-01,SVK,Slovakia,SVK.Q.PRVM.IX.BTE.Y._Z._Z.N,Q,OECD,32.99975
1999-07-01,SVK,Slovakia,SVK.Q.PRVM.IX.BTE.Y._Z._Z.N,Q,OECD,32.91461
1999-10-01,SVK,Slovakia,SVK.Q.PRVM.IX.BTE.Y._Z._Z.N,Q,OECD,33.24382
2000-01-01,SVK,Slovakia,SVK.Q.PRVM.IX.BTE.Y._Z._Z.N,Q,OECD,34.18776
2000-04-01,SVK,Slovakia,SVK.Q.PRVM.IX.BTE.Y._Z._Z.N,Q,OECD,33.50204
2000-07-01,SVK,Slovakia,SVK.Q.PRVM.IX.BTE.Y._Z._Z.N,Q,OECD,34.18776
2000-10-01,SVK,Slovakia,SVK.Q.PRVM.IX.BTE.Y._Z._Z.N,Q,OECD,35.23265
2001-01-01,SVK,Slovakia,SVK.Q.PRVM.IX.BTE.Y._Z._Z.N,Q,OECD,35.33061
2001-04-01,SVK,Slovakia,SVK.Q.PRVM.IX.BTE.Y._Z._Z.N,Q,OECD,35.62449
2001-07-01,SVK,Slovakia,SVK.Q.PRVM.IX.BTE.Y._Z._Z.N,Q,OECD,35.6898
2001-10-01,SVK,Slovakia,SVK.Q.PRVM.IX.BTE.Y._Z._Z.N,Q,OECD,35.10204
2002-01-01,SVK,Slovakia,SVK.Q.PRVM.IX.BTE.Y._Z._Z.N,Q,OECD,35.6898
2002-04-01,SVK,Slovakia,SVK.Q.PRVM.IX.BTE.Y._Z._Z.N,Q,OECD,37.55102
2002-07-01,SVK,Slovakia,SVK.Q.PRVM.IX.BTE.Y._Z._Z.N,Q,OECD,38.62857
2002-10-01,SVK,Slovakia,SVK.Q.PRVM.IX.BTE.Y._Z._Z.N,Q,OECD,39.77143
2003-01-01,SVK,Slovakia,SVK.Q.PRVM.IX.BTE.Y._Z._Z.N,Q,OECD,42.02449
2003-04-01,SVK,Slovakia,SVK.Q.PRVM.IX.BTE.Y._Z._Z.N,Q,OECD,43.10204
2003-07-01,SVK,Slovakia,SVK.Q.PRVM.IX.BTE.Y._Z._Z.N,Q,OECD,44.2449
2003-10-01,SVK,Slovakia,SVK.Q.PRVM.IX.BTE.Y._Z._Z.N,Q,OECD,45.8449
2004-01-01,SVK,Slovakia,SVK.Q.PRVM.IX.BTE.Y._Z._Z.N,Q,OECD,44.83265
2004-04-01,SVK,Slovakia,SVK.Q.PRVM.IX.BTE.Y._Z._Z.N,Q,OECD,45.06123
2004-07-01,SVK,Slovakia,SVK.Q.PRVM.IX.BTE.Y._Z._Z.N,Q,OECD,44.96326
2004-10-01,SVK,Slovakia,SVK.Q.PRVM.IX.BTE.Y._Z._Z.N,Q,OECD,46.75918
2005-01-01,SVK,Slovakia,SVK.Q.PRVM.IX.BTE.Y._Z._Z.N,Q,OECD,43.7551
2005-04-01,SVK,Slovakia,SVK.Q.PRVM.IX.BTE.Y._Z._Z.N,Q,OECD,44.63673
2005-07-01,SVK,Slovakia,SVK.Q.PRVM.IX.BTE.Y._Z._Z.N,Q,OECD,44.99592
2005-10-01,SVK,Slovakia,SVK.Q.PRVM.IX.BTE.Y._Z._Z.N,Q,OECD,47.05306
2006-01-01,SVK,Slovakia,SVK.Q.PRVM.IX.BTE.Y._Z._Z.N,Q,OECD,48.81633
2006-04-01,SVK,Slovakia,SVK.Q.PRVM.IX.BTE.Y._Z._Z.N,Q,OECD,50.90612
2006-07-01,SVK,Slovakia,SVK.Q.PRVM.IX.BTE.Y._Z._Z.N,Q,OECD,53.97551
2006-10-01,SVK,Slovakia,SVK.Q.PRVM.IX.BTE.Y._Z._Z.N,Q,OECD,54.8898
2007-01-01,SVK,Slovakia,SVK.Q.PRVM.IX.BTE.Y._Z._Z.N,Q,OECD,58.28571
2007-04-01,SVK,Slovakia,SVK.Q.PRVM.IX.BTE.Y._Z._Z.N,Q,OECD,59.91837
2007-07-01,SVK,Slovakia,SVK.Q.PRVM.IX.BTE.Y._Z._Z.N,Q,OECD,60.99592
2007-10-01,SVK,Slovakia,SVK.Q.PRVM.IX.BTE.Y._Z._Z.N,Q,OECD,64.0
2008-01-01,SVK,Slovakia,SVK.Q.PRVM.IX.BTE.Y._Z._Z.N,Q,OECD,91.7551
2008-04-01,SVK,Slovakia,SVK.Q.PRVM.IX.BTE.Y._Z._Z.N,Q,OECD,88.88163
2008-07-01,SVK,Slovakia,SVK.Q.PRVM.IX.BTE.Y._Z._Z.N,Q,OECD,87.47755
2008-10-01,SVK,Slovakia,SVK.Q.PRVM.IX.BTE.Y._Z._Z.N,Q,OECD,79.70612
2009-01-01,SVK,Slovakia,SVK.Q.PRVM.IX.BTE.Y._Z._Z.N,Q,OECD,68.8
2009-04-01,SVK,Slovakia,SVK.Q.PRVM.IX.BTE.Y._Z._Z.N,Q,OECD,71.15102
2009-07-01,SVK,Slovakia,SVK.Q.PRVM.IX.BTE.Y._Z._Z.N,Q,OECD,77.94286
2009-10-01,SVK,Slovakia,SVK.Q.PRVM.IX.BTE.Y._Z._Z.N,Q,OECD,80.39184
2010-01-01,SVK,Slovakia,SVK.Q.PRVM.IX.BTE.Y._Z._Z.N,Q,OECD,83.23265
2010-04-01,SVK,Slovakia,SVK.Q.PRVM.IX.BTE.Y._Z._Z.N,Q,OECD,87.21632
2010-07-01,SVK,Slovakia,SVK.Q.PRVM.IX.BTE.Y._Z._Z.N,Q,OECD,87.67347
2010-10-01,SVK,Slovakia,SVK.Q.PRVM.IX.BTE.Y._Z._Z.N,Q,OECD,88.91428
2011-01-01,SVK,Slovakia,SVK.Q.PRVM.IX.BTE.Y._Z._Z.N,Q,OECD,90.35102
2011-04-01,SVK,Slovakia,SVK.Q.PRVM.IX.BTE.Y._Z._Z.N,Q,OECD,89.37143
2011-07-01,SVK,Slovakia,SVK.Q.PRVM.IX.BTE.Y._Z._Z.N,Q,OECD,92.14694
2011-10-01,SVK,Slovakia,SVK.Q.PRVM.IX.BTE.Y._Z._Z.N,Q,OECD,93.32245
2012-01-01,SVK,Slovakia,SVK.Q.PRVM.IX.BTE.Y._Z._Z.N,Q,OECD,95.08572
2012-04-01,SVK,Slovakia,SVK.Q.PRVM.IX.BTE.Y._Z._Z.N,Q,OECD,101.5184
2012-07-01,SVK,Slovakia,SVK.Q.PRVM.IX.BTE.Y._Z._Z.N,Q,OECD,101.9429
2012-10-01,SVK,Slovakia,SVK.Q.PRVM.IX.BTE.Y._Z._Z.N,Q,OECD,103.4449
2013-01-01,SVK,Slovakia,SVK.Q.PRVM.IX.BTE.Y._Z._Z.N,Q,OECD,95.77143
2013-04-01,SVK,Slovakia,SVK.Q.PRVM.IX.BTE.Y._Z._Z.N,Q,OECD,96.06531
2013-07-01,SVK,Slovakia,SVK.Q.PRVM.IX.BTE.Y._Z._Z.N,Q,OECD,96.29388
2013-10-01,SVK,Slovakia,SVK.Q.PRVM.IX.BTE.Y._Z._Z.N,Q,OECD,98.12245
2014-01-01,SVK,Slovakia,SVK.Q.PRVM.IX.BTE.Y._Z._Z.N,Q,OECD,98.48164
2014-04-01,SVK,Slovakia,SVK.Q.PRVM.IX.BTE.Y._Z._Z.N,Q,OECD,100.5714
2014-07-01,SVK,Slovakia,SVK.Q.PRVM.IX.BTE.Y._Z._Z.N,Q,OECD,97.99184
2014-10-01,SVK,Slovakia,SVK.Q.PRVM.IX.BTE.Y._Z._Z.N,Q,OECD,101.9102
2015-01-01,SVK,Slovakia,SVK.Q.PRVM.IX.BTE.Y._Z._Z.N,Q,OECD,103.902
2015-04-01,SVK,Slovakia,SVK.Q.PRVM.IX.BTE.Y._Z._Z.N,Q,OECD,105.4367
2015-07-01,SVK,Slovakia,SVK.Q.PRVM.IX.BTE.Y._Z._Z.N,Q,OECD,103.9673
2015-10-01,SVK,Slovakia,SVK.Q.PRVM.IX.BTE.Y._Z._Z.N,Q,OECD,105.0449
2016-01-01,SVK,Slovakia,SVK.Q.PRVM.IX.BTE.Y._Z._Z.N,Q,OECD,105.7306
2016-04-01,SVK,Slovakia,SVK.Q.PRVM.IX.BTE.Y._Z._Z.N,Q,OECD,104.8163
2016-07-01,SVK,Slovakia,SVK.Q.PRVM.IX.BTE.Y._Z._Z.N,Q,OECD,103.7714
2016-10-01,SVK,Slovakia,SVK.Q.PRVM.IX.BTE.Y._Z._Z.N,Q,OECD,105.4694
2017-01-01,SVK,Slovakia,SVK.Q.PRVM.IX.BTE.Y._Z._Z.N,Q,OECD,106.9714
2017-04-01,SVK,Slovakia,SVK.Q.PRVM.IX.BTE.Y._Z._Z.N,Q,OECD,106.0245
2017-07-01,SVK,Slovakia,SVK.Q.PRVM.IX.BTE.Y._Z._Z.N,Q,OECD,106.4163
2017-10-01,SVK,Slovakia,SVK.Q.PRVM.IX.BTE.Y._Z._Z.N,Q,OECD,108.5388
2018-01-01,SVK,Slovakia,SVK.Q.PRVM.IX.BTE.Y._Z._Z.N,Q,OECD,102.1388
2018-04-01,SVK,Slovakia,SVK.Q.PRVM.IX.BTE.Y._Z._Z.N,Q,OECD,103.3469
2018-07-01,SVK,Slovakia,SVK.Q.PRVM.IX.BTE.Y._Z._Z.N,Q,OECD,103.7714
2018-10-01,SVK,Slovakia,SVK.Q.PRVM.IX.BTE.Y._Z._Z.N,Q,OECD,103.4776
2019-01-01,SVK,Slovakia,SVK.Q.PRVM.IX.BTE.Y._Z._Z.N,Q,OECD,101.1265
2019-04-01,SVK,Slovakia,SVK.Q.PRVM.IX.BTE.Y._Z._Z.N,Q,OECD,99.52653
2019-07-01,SVK,Slovakia,SVK.Q.PRVM.IX.BTE.Y._Z._Z.N,Q,OECD,94.62857
2019-10-01,SVK,Slovakia,SVK.Q.PRVM.IX.BTE.Y._Z._Z.N,Q,OECD,92.47347
2020-01-01,SVK,Slovakia,SVK.Q.PRVM.IX.BTE.Y._Z._Z.N,Q,OECD,91.52653
2020-04-01,SVK,Slovakia,SVK.Q.PRVM.IX.BTE.Y._Z._Z.N,Q,OECD,71.4449
2020-07-01,SVK,Slovakia,SVK.Q.PRVM.IX.BTE.Y._Z._Z.N,Q,OECD,92.8
2020-10-01,SVK,Slovakia,SVK.Q.PRVM.IX.BTE.Y._Z._Z.N,Q,OECD,95.90204
2021-01-01,SVK,Slovakia,SVK.Q.PRVM.IX.BTE.Y._Z._Z.N,Q,OECD,98.77551
2021-04-01,SVK,Slovakia,SVK.Q.PRVM.IX.BTE.Y._Z._Z.N,Q,OECD,97.01225
2021-07-01,SVK,Slovakia,SVK.Q.PRVM.IX.BTE.Y._Z._Z.N,Q,OECD,96.42449
2021-10-01,SVK,Slovakia,SVK.Q.PRVM.IX.BTE.Y._Z._Z.N,Q,OECD,99.00408
2022-01-01,SVK,Slovakia,SVK.Q.PRVM.IX.BTE.Y._Z._Z.N,Q,OECD,97.20816
2022-04-01,SVK,Slovakia,SVK.Q.PRVM.IX.BTE.Y._Z._Z.N,Q,OECD,94.17142
2022-07-01,SVK,Slovakia,SVK.Q.PRVM.IX.BTE.Y._Z._Z.N,Q,OECD,92.93061
2022-10-01,SVK,Slovakia,SVK.Q.PRVM.IX.BTE.Y._Z._Z.N,Q,OECD,90.05714
2023-01-01,SVK,Slovakia,SVK.Q.PRVM.IX.BTE.Y._Z._Z.N,Q,OECD,99.2
2023-04-01,SVK,Slovakia,SVK.Q.PRVM.IX.BTE.Y._Z._Z.N,Q,OECD,98.54694
2023-07-01,SVK,Slovakia,SVK.Q.PRVM.IX.BTE.Y._Z._Z.N,Q,OECD,95.05306
2023-10-01,SVK,Slovakia,SVK.Q.PRVM.IX.BTE.Y._Z._Z.N,Q,OECD,98.44898
2024-01-01,SVK,Slovakia,SVK.Q.PRVM.IX.BTE.Y._Z._Z.N,Q,OECD,94.82449
2024-04-01,SVK,Slovakia,SVK.Q.PRVM.IX.BTE.Y._Z._Z.N,Q,OECD,97.76327
2024-07-01,SVK,Slovakia,SVK.Q.PRVM.IX.BTE.Y._Z._Z.N,Q,OECD,97.50204
2024-10-01,SVK,Slovakia,SVK.Q.PRVM.IX.BTE.Y._Z._Z.N,Q,OECD,99.1347
2025-01-01,SVK,Slovakia,SVK.Q.PRVM.IX.BTE.Y._Z._Z.N,Q,OECD,94.66122
2025-04-01,SVK,Slovakia,SVK.Q.PRVM.IX.BTE.Y._Z._Z.N,Q,OECD,95.54285
2025-07-01,SVK,Slovakia,SVK.Q.PRVM.IX.BTE.Y._Z._Z.N,Q,OECD,94.69388
2025-10-01,SVK,Slovakia,SVK.Q.PRVM.IX.BTE.Y._Z._Z.N,Q,OECD,93.81225
1992-01-01,SVN,Slovenia,SVN.Q.PRVM.IX.BTE.Y._Z._Z.N,Q,OECD,68.64509
1992-04-01,SVN,Slovenia,SVN.Q.PRVM.IX.BTE.Y._Z._Z.N,Q,OECD,66.88966
1992-07-01,SVN,Slovenia,SVN.Q.PRVM.IX.BTE.Y._Z._Z.N,Q,OECD,65.34383
1992-10-01,SVN,Slovenia,SVN.Q.PRVM.IX.BTE.Y._Z._Z.N,Q,OECD,65.10803
1993-01-01,SVN,Slovenia,SVN.Q.PRVM.IX.BTE.Y._Z._Z.N,Q,OECD,64.53162
1993-04-01,SVN,Slovenia,SVN.Q.PRVM.IX.BTE.Y._Z._Z.N,Q,OECD,63.1168
1993-07-01,SVN,Slovenia,SVN.Q.PRVM.IX.BTE.Y._Z._Z.N,Q,OECD,64.79362
1993-10-01,SVN,Slovenia,SVN.Q.PRVM.IX.BTE.Y._Z._Z.N,Q,OECD,66.99446
1994-01-01,SVN,Slovenia,SVN.Q.PRVM.IX.BTE.Y._Z._Z.N,Q,OECD,67.15166
1994-04-01,SVN,Slovenia,SVN.Q.PRVM.IX.BTE.Y._Z._Z.N,Q,OECD,69.92891
1994-07-01,SVN,Slovenia,SVN.Q.PRVM.IX.BTE.Y._Z._Z.N,Q,OECD,69.8765
1994-10-01,SVN,Slovenia,SVN.Q.PRVM.IX.BTE.Y._Z._Z.N,Q,OECD,69.5359
1995-01-01,SVN,Slovenia,SVN.Q.PRVM.IX.BTE.Y._Z._Z.N,Q,OECD,72.75855
1995-04-01,SVN,Slovenia,SVN.Q.PRVM.IX.BTE.Y._Z._Z.N,Q,OECD,71.73673
1995-07-01,SVN,Slovenia,SVN.Q.PRVM.IX.BTE.Y._Z._Z.N,Q,OECD,69.32629
1995-10-01,SVN,Slovenia,SVN.Q.PRVM.IX.BTE.Y._Z._Z.N,Q,OECD,67.99007
1996-01-01,SVN,Slovenia,SVN.Q.PRVM.IX.BTE.Y._Z._Z.N,Q,OECD,68.67129
1996-04-01,SVN,Slovenia,SVN.Q.PRVM.IX.BTE.Y._Z._Z.N,Q,OECD,71.44853
1996-07-01,SVN,Slovenia,SVN.Q.PRVM.IX.BTE.Y._Z._Z.N,Q,OECD,70.87212
1996-10-01,SVN,Slovenia,SVN.Q.PRVM.IX.BTE.Y._Z._Z.N,Q,OECD,72.47034
1997-01-01,SVN,Slovenia,SVN.Q.PRVM.IX.BTE.Y._Z._Z.N,Q,OECD,69.06429
1997-04-01,SVN,Slovenia,SVN.Q.PRVM.IX.BTE.Y._Z._Z.N,Q,OECD,73.17776
1997-07-01,SVN,Slovenia,SVN.Q.PRVM.IX.BTE.Y._Z._Z.N,Q,OECD,71.57953
1997-10-01,SVN,Slovenia,SVN.Q.PRVM.IX.BTE.Y._Z._Z.N,Q,OECD,73.20396
1998-01-01,SVN,Slovenia,SVN.Q.PRVM.IX.BTE.Y._Z._Z.N,Q,OECD,74.55058
1998-04-01,SVN,Slovenia,SVN.Q.PRVM.IX.BTE.Y._Z._Z.N,Q,OECD,74.07407
1998-07-01,SVN,Slovenia,SVN.Q.PRVM.IX.BTE.Y._Z._Z.N,Q,OECD,73.85748
1998-10-01,SVN,Slovenia,SVN.Q.PRVM.IX.BTE.Y._Z._Z.N,Q,OECD,73.29435
1999-01-01,SVN,Slovenia,SVN.Q.PRVM.IX.BTE.Y._Z._Z.N,Q,OECD,72.73121
1999-04-01,SVN,Slovenia,SVN.Q.PRVM.IX.BTE.Y._Z._Z.N,Q,OECD,72.34135
1999-07-01,SVN,Slovenia,SVN.Q.PRVM.IX.BTE.Y._Z._Z.N,Q,OECD,73.59757
1999-10-01,SVN,Slovenia,SVN.Q.PRVM.IX.BTE.Y._Z._Z.N,Q,OECD,75.72016
2000-01-01,SVN,Slovenia,SVN.Q.PRVM.IX.BTE.Y._Z._Z.N,Q,OECD,75.37362
2000-04-01,SVN,Slovenia,SVN.Q.PRVM.IX.BTE.Y._Z._Z.N,Q,OECD,78.96902
2000-07-01,SVN,Slovenia,SVN.Q.PRVM.IX.BTE.Y._Z._Z.N,Q,OECD,78.96902
2000-10-01,SVN,Slovenia,SVN.Q.PRVM.IX.BTE.Y._Z._Z.N,Q,OECD,80.26857
2001-01-01,SVN,Slovenia,SVN.Q.PRVM.IX.BTE.Y._Z._Z.N,Q,OECD,80.83171
2001-04-01,SVN,Slovenia,SVN.Q.PRVM.IX.BTE.Y._Z._Z.N,Q,OECD,81.22157
2001-07-01,SVN,Slovenia,SVN.Q.PRVM.IX.BTE.Y._Z._Z.N,Q,OECD,81.35152
2001-10-01,SVN,Slovenia,SVN.Q.PRVM.IX.BTE.Y._Z._Z.N,Q,OECD,81.22157
2002-01-01,SVN,Slovenia,SVN.Q.PRVM.IX.BTE.Y._Z._Z.N,Q,OECD,83.04094
2002-04-01,SVN,Slovenia,SVN.Q.PRVM.IX.BTE.Y._Z._Z.N,Q,OECD,82.78103
2002-07-01,SVN,Slovenia,SVN.Q.PRVM.IX.BTE.Y._Z._Z.N,Q,OECD,83.60407
2002-10-01,SVN,Slovenia,SVN.Q.PRVM.IX.BTE.Y._Z._Z.N,Q,OECD,82.26121
2003-01-01,SVN,Slovenia,SVN.Q.PRVM.IX.BTE.Y._Z._Z.N,Q,OECD,83.17089
2003-04-01,SVN,Slovenia,SVN.Q.PRVM.IX.BTE.Y._Z._Z.N,Q,OECD,82.08794
2003-07-01,SVN,Slovenia,SVN.Q.PRVM.IX.BTE.Y._Z._Z.N,Q,OECD,83.38748
2003-10-01,SVN,Slovenia,SVN.Q.PRVM.IX.BTE.Y._Z._Z.N,Q,OECD,85.72666
2004-01-01,SVN,Slovenia,SVN.Q.PRVM.IX.BTE.Y._Z._Z.N,Q,OECD,86.02989
2004-04-01,SVN,Slovenia,SVN.Q.PRVM.IX.BTE.Y._Z._Z.N,Q,OECD,86.33311
2004-07-01,SVN,Slovenia,SVN.Q.PRVM.IX.BTE.Y._Z._Z.N,Q,OECD,87.45939
2004-10-01,SVN,Slovenia,SVN.Q.PRVM.IX.BTE.Y._Z._Z.N,Q,OECD,86.93957
2005-01-01,SVN,Slovenia,SVN.Q.PRVM.IX.BTE.Y._Z._Z.N,Q,OECD,87.45939
2005-04-01,SVN,Slovenia,SVN.Q.PRVM.IX.BTE.Y._Z._Z.N,Q,OECD,90.18843
2005-07-01,SVN,Slovenia,SVN.Q.PRVM.IX.BTE.Y._Z._Z.N,Q,OECD,91.22807
2005-10-01,SVN,Slovenia,SVN.Q.PRVM.IX.BTE.Y._Z._Z.N,Q,OECD,94.00043
2006-01-01,SVN,Slovenia,SVN.Q.PRVM.IX.BTE.Y._Z._Z.N,Q,OECD,92.74421
2006-04-01,SVN,Slovenia,SVN.Q.PRVM.IX.BTE.Y._Z._Z.N,Q,OECD,94.78016
2006-07-01,SVN,Slovenia,SVN.Q.PRVM.IX.BTE.Y._Z._Z.N,Q,OECD,97.59584
2006-10-01,SVN,Slovenia,SVN.Q.PRVM.IX.BTE.Y._Z._Z.N,Q,OECD,101.1046
2007-01-01,SVN,Slovenia,SVN.Q.PRVM.IX.BTE.Y._Z._Z.N,Q,OECD,101.4512
2007-04-01,SVN,Slovenia,SVN.Q.PRVM.IX.BTE.Y._Z._Z.N,Q,OECD,102.8807
2007-07-01,SVN,Slovenia,SVN.Q.PRVM.IX.BTE.Y._Z._Z.N,Q,OECD,105.2198
2007-10-01,SVN,Slovenia,SVN.Q.PRVM.IX.BTE.Y._Z._Z.N,Q,OECD,104.9599
2008-01-01,SVN,Slovenia,SVN.Q.PRVM.IX.BTE.Y._Z._Z.N,Q,OECD,108.2521
2008-04-01,SVN,Slovenia,SVN.Q.PRVM.IX.BTE.Y._Z._Z.N,Q,OECD,109.2051
2008-07-01,SVN,Slovenia,SVN.Q.PRVM.IX.BTE.Y._Z._Z.N,Q,OECD,107.0392
2008-10-01,SVN,Slovenia,SVN.Q.PRVM.IX.BTE.Y._Z._Z.N,Q,OECD,95.68984
2009-01-01,SVN,Slovenia,SVN.Q.PRVM.IX.BTE.Y._Z._Z.N,Q,OECD,88.06584
2009-04-01,SVN,Slovenia,SVN.Q.PRVM.IX.BTE.Y._Z._Z.N,Q,OECD,83.47412
2009-07-01,SVN,Slovenia,SVN.Q.PRVM.IX.BTE.Y._Z._Z.N,Q,OECD,86.98289
2009-10-01,SVN,Slovenia,SVN.Q.PRVM.IX.BTE.Y._Z._Z.N,Q,OECD,88.15248
2010-01-01,SVN,Slovenia,SVN.Q.PRVM.IX.BTE.Y._Z._Z.N,Q,OECD,88.54234
2010-04-01,SVN,Slovenia,SVN.Q.PRVM.IX.BTE.Y._Z._Z.N,Q,OECD,92.05112
2010-07-01,SVN,Slovenia,SVN.Q.PRVM.IX.BTE.Y._Z._Z.N,Q,OECD,93.78384
2010-10-01,SVN,Slovenia,SVN.Q.PRVM.IX.BTE.Y._Z._Z.N,Q,OECD,95.64652
2011-01-01,SVN,Slovenia,SVN.Q.PRVM.IX.BTE.Y._Z._Z.N,Q,OECD,94.17371
2011-04-01,SVN,Slovenia,SVN.Q.PRVM.IX.BTE.Y._Z._Z.N,Q,OECD,94.21703
2011-07-01,SVN,Slovenia,SVN.Q.PRVM.IX.BTE.Y._Z._Z.N,Q,OECD,93.95712
2011-10-01,SVN,Slovenia,SVN.Q.PRVM.IX.BTE.Y._Z._Z.N,Q,OECD,94.95343
2012-01-01,SVN,Slovenia,SVN.Q.PRVM.IX.BTE.Y._Z._Z.N,Q,OECD,94.60689
2012-04-01,SVN,Slovenia,SVN.Q.PRVM.IX.BTE.Y._Z._Z.N,Q,OECD,94.8668
2012-07-01,SVN,Slovenia,SVN.Q.PRVM.IX.BTE.Y._Z._Z.N,Q,OECD,94.82348
2012-10-01,SVN,Slovenia,SVN.Q.PRVM.IX.BTE.Y._Z._Z.N,Q,OECD,92.57093
2013-01-01,SVN,Slovenia,SVN.Q.PRVM.IX.BTE.Y._Z._Z.N,Q,OECD,93.26402
2013-04-01,SVN,Slovenia,SVN.Q.PRVM.IX.BTE.Y._Z._Z.N,Q,OECD,92.39766
2013-07-01,SVN,Slovenia,SVN.Q.PRVM.IX.BTE.Y._Z._Z.N,Q,OECD,92.57093
2013-10-01,SVN,Slovenia,SVN.Q.PRVM.IX.BTE.Y._Z._Z.N,Q,OECD,94.34698
2014-01-01,SVN,Slovenia,SVN.Q.PRVM.IX.BTE.Y._Z._Z.N,Q,OECD,92.74421
2014-04-01,SVN,Slovenia,SVN.Q.PRVM.IX.BTE.Y._Z._Z.N,Q,OECD,94.21703
2014-07-01,SVN,Slovenia,SVN.Q.PRVM.IX.BTE.Y._Z._Z.N,Q,OECD,95.25666
2014-10-01,SVN,Slovenia,SVN.Q.PRVM.IX.BTE.Y._Z._Z.N,Q,OECD,96.16634
2015-01-01,SVN,Slovenia,SVN.Q.PRVM.IX.BTE.Y._Z._Z.N,Q,OECD,98.28893
2015-04-01,SVN,Slovenia,SVN.Q.PRVM.IX.BTE.Y._Z._Z.N,Q,OECD,99.37189
2015-07-01,SVN,Slovenia,SVN.Q.PRVM.IX.BTE.Y._Z._Z.N,Q,OECD,99.84839
2015-10-01,SVN,Slovenia,SVN.Q.PRVM.IX.BTE.Y._Z._Z.N,Q,OECD,99.1553
2016-01-01,SVN,Slovenia,SVN.Q.PRVM.IX.BTE.Y._Z._Z.N,Q,OECD,105.8263
2016-04-01,SVN,Slovenia,SVN.Q.PRVM.IX.BTE.Y._Z._Z.N,Q,OECD,105.1332
2016-07-01,SVN,Slovenia,SVN.Q.PRVM.IX.BTE.Y._Z._Z.N,Q,OECD,107.5157
2016-10-01,SVN,Slovenia,SVN.Q.PRVM.IX.BTE.Y._Z._Z.N,Q,OECD,108.9885
2017-01-01,SVN,Slovenia,SVN.Q.PRVM.IX.BTE.Y._Z._Z.N,Q,OECD,110.8079
2017-04-01,SVN,Slovenia,SVN.Q.PRVM.IX.BTE.Y._Z._Z.N,Q,OECD,113.6669
2017-07-01,SVN,Slovenia,SVN.Q.PRVM.IX.BTE.Y._Z._Z.N,Q,OECD,117.1757
2017-10-01,SVN,Slovenia,SVN.Q.PRVM.IX.BTE.Y._Z._Z.N,Q,OECD,120.4678
2018-01-01,SVN,Slovenia,SVN.Q.PRVM.IX.BTE.Y._Z._Z.N,Q,OECD,121.3342
2018-04-01,SVN,Slovenia,SVN.Q.PRVM.IX.BTE.Y._Z._Z.N,Q,OECD,121.4208
2018-07-01,SVN,Slovenia,SVN.Q.PRVM.IX.BTE.Y._Z._Z.N,Q,OECD,121.6807
2018-10-01,SVN,Slovenia,SVN.Q.PRVM.IX.BTE.Y._Z._Z.N,Q,OECD,122.3305
2019-01-01,SVN,Slovenia,SVN.Q.PRVM.IX.BTE.Y._Z._Z.N,Q,OECD,125.5361
2019-04-01,SVN,Slovenia,SVN.Q.PRVM.IX.BTE.Y._Z._Z.N,Q,OECD,125.2328
2019-07-01,SVN,Slovenia,SVN.Q.PRVM.IX.BTE.Y._Z._Z.N,Q,OECD,124.8863
2019-10-01,SVN,Slovenia,SVN.Q.PRVM.IX.BTE.Y._Z._Z.N,Q,OECD,124.4964
2020-01-01,SVN,Slovenia,SVN.Q.PRVM.IX.BTE.Y._Z._Z.N,Q,OECD,121.8973
2020-04-01,SVN,Slovenia,SVN.Q.PRVM.IX.BTE.Y._Z._Z.N,Q,OECD,103.1406
2020-07-01,SVN,Slovenia,SVN.Q.PRVM.IX.BTE.Y._Z._Z.N,Q,OECD,120.4245
2020-10-01,SVN,Slovenia,SVN.Q.PRVM.IX.BTE.Y._Z._Z.N,Q,OECD,122.937
2021-01-01,SVN,Slovenia,SVN.Q.PRVM.IX.BTE.Y._Z._Z.N,Q,OECD,125.5794
2021-04-01,SVN,Slovenia,SVN.Q.PRVM.IX.BTE.Y._Z._Z.N,Q,OECD,128.1785
2021-07-01,SVN,Slovenia,SVN.Q.PRVM.IX.BTE.Y._Z._Z.N,Q,OECD,128.0485
2021-10-01,SVN,Slovenia,SVN.Q.PRVM.IX.BTE.Y._Z._Z.N,Q,OECD,132.7269
2022-01-01,SVN,Slovenia,SVN.Q.PRVM.IX.BTE.Y._Z._Z.N,Q,OECD,132.2071
2022-04-01,SVN,Slovenia,SVN.Q.PRVM.IX.BTE.Y._Z._Z.N,Q,OECD,131.514
2022-07-01,SVN,Slovenia,SVN.Q.PRVM.IX.BTE.Y._Z._Z.N,Q,OECD,132.2071
2022-10-01,SVN,Slovenia,SVN.Q.PRVM.IX.BTE.Y._Z._Z.N,Q,OECD,128.9582
2023-01-01,SVN,Slovenia,SVN.Q.PRVM.IX.BTE.Y._Z._Z.N,Q,OECD,127.4421
2023-04-01,SVN,Slovenia,SVN.Q.PRVM.IX.BTE.Y._Z._Z.N,Q,OECD,127.2255
2023-07-01,SVN,Slovenia,SVN.Q.PRVM.IX.BTE.Y._Z._Z.N,Q,OECD,120.2512
2023-10-01,SVN,Slovenia,SVN.Q.PRVM.IX.BTE.Y._Z._Z.N,Q,OECD,123.4568
2024-01-01,SVN,Slovenia,SVN.Q.PRVM.IX.BTE.Y._Z._Z.N,Q,OECD,123.5434
2024-04-01,SVN,Slovenia,SVN.Q.PRVM.IX.BTE.Y._Z._Z.N,Q,OECD,123.3268
2024-07-01,SVN,Slovenia,SVN.Q.PRVM.IX.BTE.Y._Z._Z.N,Q,OECD,121.8107
2024-10-01,SVN,Slovenia,SVN.Q.PRVM.IX.BTE.Y._Z._Z.N,Q,OECD,124.2365
2025-01-01,SVN,Slovenia,SVN.Q.PRVM.IX.BTE.Y._Z._Z.N,Q,OECD,122.8503
2025-04-01,SVN,Slovenia,SVN.Q.PRVM.IX.BTE.Y._Z._Z.N,Q,OECD,119.7314
2025-07-01,SVN,Slovenia,SVN.Q.PRVM.IX.BTE.Y._Z._Z.N,Q,OECD,120.6844
2025-10-01,SVN,Slovenia,SVN.Q.PRVM.IX.BTE.Y._Z._Z.N,Q,OECD,120.4678
